HSN_Code,HSN_Chapter,Chapter_Name,Commodity,Import_FY24_25_USDmillions,Import_FY25_26_USDmillions,YoY_Growth_Percent,Base_Score,Chapter_Priority,Tier,Substitution_Potential,FY30_Savings_USDmillions,Confidence_Level,Quick_Win,Priority_Chemical
28011000,28,Inorganic Chemicals,CHLORINE,0.02,0.02,18.5,4.5,High,Tier 3 (Specialty),15-30%,0.0,0.5,No,No
28012000,28,Inorganic Chemicals,IODINE,317.64,335.58,5.7,3.96,High,Tier 2.5 (Quick-win),60-75%,201.3,0.8,Yes,No
28013010,28,Inorganic Chemicals,FLUORINE,0.1,0.15,47.4,5.4,High,Tier 3 (Specialty),15-30%,0.0,0.5,No,No
28013020,28,Inorganic Chemicals,BROMINE,25.69,29.94,16.6,4.5,High,Tier 3 (Specialty),15-30%,4.5,0.5,No,No
28020010,28,Inorganic Chemicals,SUBLIMED SULPHUR,0.6,0.63,4.5,3.3,High,Tier 3 (Specialty),15-30%,0.1,0.5,No,No
28020020,28,Inorganic Chemicals,PRECIPITATED SULPHUR,0.07,2.25,3152.8,5.4,High,Tier 3 (Specialty),15-30%,0.3,0.5,No,No
28020030,28,Inorganic Chemicals,COLLOIDAL SULPHUR,0.11,0.07,-39.0,3.0,High,Tier 3 (Specialty),15-30%,0.0,0.5,No,No
28030010,28,Inorganic Chemicals,CARBON BLACKS,196.8,164.85,-16.2,3.6,High,Tier 2.5 (Quick-win),60-75%,98.9,0.8,Yes,No
28030020,28,Inorganic Chemicals,ACETYLENE BLACK CARBON,5.02,3.79,-24.4,3.0,High,Tier 3 (Specialty),15-30%,0.6,0.5,No,No
28030090,28,Inorganic Chemicals,OTHER CARBON,6.5,6.26,-3.7,3.0,High,Tier 3 (Specialty),15-30%,0.9,0.5,No,No
28041000,28,Inorganic Chemicals,HYDROGEN,0.53,0.1,-81.8,3.0,High,Tier 3 (Specialty),15-30%,0.0,0.5,No,No
28042100,28,Inorganic Chemicals,ARGON  (RARE GASES),6.31,1.02,-83.9,3.0,High,Tier 3 (Specialty),15-30%,0.2,0.5,No,No
28042910,28,Inorganic Chemicals,HELLIUM,52.99,42.82,-19.2,3.0,High,Tier 3 (Specialty),15-30%,6.4,0.5,No,No
28042990,28,Inorganic Chemicals,OTHR RARE GASES OTHER THAN ARGON AND HELLIUM,1.8,1.99,10.8,4.5,High,Tier 3 (Specialty),15-30%,0.3,0.5,No,No
28043000,28,Inorganic Chemicals,NITROGEN,0.84,1.19,42.5,5.4,High,Tier 3 (Specialty),15-30%,0.2,0.5,No,No
28044010,28,Inorganic Chemicals,"OXYGEN,MEDICINAL GRAPE",0.57,0.24,-57.7,3.0,High,Tier 3 (Specialty),15-30%,0.0,0.5,No,No
28044090,28,Inorganic Chemicals,OTHER OXYGEN,0.33,0.42,25.8,5.4,High,Tier 3 (Specialty),15-30%,0.1,0.5,No,No
28045010,28,Inorganic Chemicals,BORON,0.04,0.17,337.6,5.4,High,Tier 3 (Specialty),15-30%,0.0,0.5,No,No
28045020,28,Inorganic Chemicals,TELLURIUM,0.54,0.52,-2.6,3.0,High,Tier 3 (Specialty),15-30%,0.1,0.5,No,No
28046100,28,Inorganic Chemicals,SILICON CONTNG MORE THAN99.99% BY WT OF   SILICON,0.03,0.04,74.2,5.4,High,Tier 3 (Specialty),15-30%,0.0,0.5,No,No
28046900,28,Inorganic Chemicals,OTHER SILICON,178.01,202.65,13.8,5.4,High,Tier 2.5 (Quick-win),60-75%,121.6,0.8,Yes,No
28047010,28,Inorganic Chemicals,PHOSPHORUS BLACK,0.0,0.0,105.3,5.4,High,Tier 3 (Specialty),15-30%,0.0,0.5,No,No
28047020,28,Inorganic Chemicals,PHOSPHORUS RED,0.0,0.0,289.1,5.4,High,Tier 3 (Specialty),15-30%,0.0,0.5,No,No
28047030,28,Inorganic Chemicals,PHOSPHORUS WHITE OR YELLOW,173.53,206.75,19.1,5.4,High,Tier 2.5 (Quick-win),60-75%,124.0,0.8,Yes,No
28048000,28,Inorganic Chemicals,ARSENIC,0.82,0.81,-1.3,3.0,High,Tier 3 (Specialty),15-30%,0.1,0.5,No,No
28049000,28,Inorganic Chemicals,SELENIUM,12.85,15.15,17.9,4.5,High,Tier 3 (Specialty),15-30%,2.3,0.5,No,No
28051100,28,Inorganic Chemicals,SODIUM,15.4,15.43,0.2,3.3,High,Tier 3 (Specialty),15-30%,2.3,0.5,No,No
28051200,28,Inorganic Chemicals,CALCIUM,30.01,24.15,-19.5,3.0,High,Tier 3 (Specialty),15-30%,3.6,0.5,No,No
28051900,28,Inorganic Chemicals,OTHER ALKALI/ALKALINE -EARTH METALS,19.1,20.24,5.9,3.3,High,Tier 3 (Specialty),15-30%,3.0,0.5,No,No
28053000,28,Inorganic Chemicals,RARE-EARTH METALS SCANDIUM AND YTTRIUM      W/N INTERMIXED/INTERALL...,4.89,3.44,-29.7,3.0,High,Tier 3 (Specialty),15-30%,0.5,0.5,No,No
28054000,28,Inorganic Chemicals,MERCURY,4.24,3.87,-8.7,3.0,High,Tier 3 (Specialty),15-30%,0.6,0.5,No,No
28061000,28,Inorganic Chemicals,HYDROGEN CHLORIDE(HYDROCHLORIC ACID),1.45,9.86,582.1,5.4,High,Tier 3 (Specialty),15-30%,1.5,0.5,No,No
28062000,28,Inorganic Chemicals,CHLORO-SULPHURIC ACID,0.11,0.07,-36.4,3.0,High,Tier 3 (Specialty),15-30%,0.0,0.5,No,No
28070010,28,Inorganic Chemicals,SULPHURIC ACID,170.37,249.81,46.6,6.48,High,Tier 2 (Dependent),30-50%,74.9,0.7,No,No
28070020,28,Inorganic Chemicals,OLEUM,0.01,0.01,104.1,5.4,High,Tier 3 (Specialty),15-30%,0.0,0.5,No,No
28080010,28,Inorganic Chemicals,NITRIC ACID,33.79,41.36,22.4,5.4,High,Tier 3 (Specialty),15-30%,6.2,0.5,No,No
28080020,28,Inorganic Chemicals,SULPHONITRIC ACID,0.02,0.21,825.0,5.4,High,Tier 3 (Specialty),15-30%,0.0,0.5,No,No
28091000,28,Inorganic Chemicals,DIPHOSPHORUS PENIAOXIDE,7.53,6.69,-11.2,3.0,High,Tier 3 (Specialty),15-30%,1.0,0.5,No,No
28092010,28,Inorganic Chemicals,PH0SPH0RIC ACID,2116.99,2674.23,26.3,10.8,High,Tier 2 (Dependent),30-50%,802.3,0.7,No,No
28092020,28,Inorganic Chemicals,P0LYPH0SPH0RIC ACID,0.46,0.16,-65.4,3.0,High,Tier 3 (Specialty),15-30%,0.0,0.5,No,No
28100010,28,Inorganic Chemicals,OXIDES OF BORON,9.52,11.17,17.2,4.5,High,Tier 3 (Specialty),15-30%,1.7,0.5,No,No
28100020,28,Inorganic Chemicals,BORIC ACID,3.32,2.12,-36.2,3.0,High,Tier 3 (Specialty),15-30%,0.3,0.5,No,No
28111100,28,Inorganic Chemicals,HYDROGEN FLUORIDE(HYDROFLUORIC ACID),13.34,18.06,35.4,5.4,High,Tier 3 (Specialty),15-30%,2.7,0.5,No,No
28111200,28,Inorganic Chemicals,HYDROGEN CYANIDE (HYDROCYANIC ACID ),0.0,0.0,-99.4,3.0,High,Tier 3 (Specialty),15-30%,0.0,0.5,No,No
28111920,28,Inorganic Chemicals,HYPOPHPSPHOROUS ACID (PHOSPHINIC ACID),2.13,1.68,-20.9,3.0,High,Tier 3 (Specialty),15-30%,0.3,0.5,No,No
28111930,28,Inorganic Chemicals,ACIDS OF ARSENIC,0.34,0.0,,3.0,High,Tier 3 (Specialty),15-30%,0.0,0.5,No,No
28111990,28,Inorganic Chemicals,OTHER INORGANIC ACIDS,29.95,36.51,21.9,5.4,High,Tier 3 (Specialty),15-30%,5.5,0.5,No,No
28112110,28,Inorganic Chemicals,DRY ICE,0.02,0.01,-32.3,3.0,High,Tier 3 (Specialty),15-30%,0.0,0.5,No,No
28112190,28,Inorganic Chemicals,CARBON DIOXIDE IN OTHER FORM,0.59,0.25,-58.3,3.0,High,Tier 3 (Specialty),15-30%,0.0,0.5,No,No
28112200,28,Inorganic Chemicals,SILICON DIOXIDE,109.15,105.76,-3.1,3.6,High,Tier 2.5 (Quick-win),60-75%,63.5,0.8,Yes,No
28112910,28,Inorganic Chemicals,ARSENIC PENTOXIDE,0.0,0.0,,3.0,High,Tier 3 (Specialty),15-30%,0.0,0.5,No,No
28112920,28,Inorganic Chemicals,ARSENIC TRIOXIDE,1.96,1.03,-47.4,3.0,High,Tier 3 (Specialty),15-30%,0.2,0.5,No,No
28112930,28,Inorganic Chemicals,NITROUS OXIDE,2.46,2.2,-10.8,3.0,High,Tier 3 (Specialty),15-30%,0.3,0.5,No,No
28112940,28,Inorganic Chemicals,CARBON MONOXIDE,0.3,0.3,1.3,3.3,High,Tier 3 (Specialty),15-30%,0.0,0.5,No,No
28112990,28,Inorganic Chemicals,"OTHER INORGNC OXGN COMPNDS OF NON-MTLS,   NES",14.02,13.14,-6.3,3.0,High,Tier 3 (Specialty),15-30%,2.0,0.5,No,No
28121100,28,Inorganic Chemicals,CARBONYL DICHLORIDE (PHOSGENE),0.0,0.01,,3.0,High,Tier 3 (Specialty),15-30%,0.0,0.5,No,No
28121200,28,Inorganic Chemicals,PHOSPHOROUS OXYCHLORIDE,0.49,1.24,149.9,5.4,High,Tier 3 (Specialty),15-30%,0.2,0.5,No,No
28121400,28,Inorganic Chemicals,PHOSPHOROUS PENTACHLORIDE,0.0,0.0,49.5,5.4,High,Tier 3 (Specialty),15-30%,0.0,0.5,No,No
28121500,28,Inorganic Chemicals,SULPHUR MONOCHLORIDE,0.0,0.0,,3.0,High,Tier 3 (Specialty),15-30%,0.0,0.5,No,No
28121700,28,Inorganic Chemicals,THIONYL CHLORIDE,0.03,0.04,29.4,5.4,High,Tier 3 (Specialty),15-30%,0.0,0.5,No,No
28121920,28,Inorganic Chemicals,SILICON TETRACHLORIDE,0.11,0.99,836.5,5.4,High,Tier 3 (Specialty),15-30%,0.1,0.5,No,No
28121990,28,Inorganic Chemicals,OTHERS-OF-OTHERS-OF-HALIDES AND HALIDE OXIDES OF NON-METALS,2.8,4.75,70.0,5.4,High,Tier 3 (Specialty),15-30%,0.7,0.5,No,No
28129000,28,Inorganic Chemicals,OTHERS-OF-OTHERS-OF-HALIDES AND HALIDE OXIDES OF NON-METALS,3.17,7.48,135.6,5.4,High,Tier 3 (Specialty),15-30%,1.1,0.5,No,No
28131000,28,Inorganic Chemicals,CARBON DISULPHIDE,13.48,15.64,16.0,4.5,High,Tier 3 (Specialty),15-30%,2.3,0.5,No,No
28139010,28,Inorganic Chemicals,ARSENIC DISULPHIDE (ARTIFICIAL),0.0,0.0,-63.3,3.0,High,Tier 3 (Specialty),15-30%,0.0,0.5,No,No
28139090,28,Inorganic Chemicals,OTER SULPHIDES OF NON-METALS NES,0.0,0.01,517.4,5.4,High,Tier 3 (Specialty),15-30%,0.0,0.5,No,No
28141000,28,Inorganic Chemicals,ANHYDROUS AMMONIA,1034.81,1079.22,4.3,6.6,High,Tier 2 (Dependent),30-50%,323.8,0.7,No,No
28142000,28,Inorganic Chemicals,AMMONIA IN AQUEOUS SOLUTION,0.48,0.66,36.7,5.4,High,Tier 3 (Specialty),15-30%,0.1,0.5,No,No
28151110,28,Inorganic Chemicals,"FLAKES OF SODIUM HYDROXIDE(NAOH),SOLID",5.37,3.31,-38.3,3.0,High,Tier 3 (Specialty),15-30%,0.5,0.5,No,No
28151190,28,Inorganic Chemicals,"NAOH, SOLID, OTHER THAN FLAKES",2.39,2.05,-14.0,3.0,High,Tier 3 (Specialty),15-30%,0.3,0.5,No,No
28151200,28,Inorganic Chemicals,NAOH IN AQS SOLN (SODA LYE OR LQD SODA),67.07,28.76,-57.1,3.0,High,Tier 3 (Specialty),15-30%,4.3,0.5,No,No
28152000,28,Inorganic Chemicals,POTASSIUM HYPROXIDE (CAUSTIC POTASH),22.32,22.99,3.0,3.3,High,Tier 3 (Specialty),15-30%,3.4,0.5,No,No
28153000,28,Inorganic Chemicals,PEROXIDES OF SODIUM OR POTASSIUM,0.18,0.26,38.0,5.4,High,Tier 3 (Specialty),15-30%,0.0,0.5,No,No
28161010,28,Inorganic Chemicals,MAGNESIUM HYDROXIDE,7.3,10.58,45.0,5.4,High,Tier 3 (Specialty),15-30%,1.6,0.5,No,No
28161020,28,Inorganic Chemicals,PEROXIDE OF MAGNESIUM,0.02,0.0,-99.4,3.0,High,Tier 3 (Specialty),15-30%,0.0,0.5,No,No
28164000,28,Inorganic Chemicals,"OXIDES,HYDROXIDES AND PEROXIDE OF STRONTIUM OR BARIUM",1.63,1.99,22.2,5.4,High,Tier 3 (Specialty),15-30%,0.3,0.5,No,No
28170010,28,Inorganic Chemicals,ZINC OXIDE,20.7,18.18,-12.2,3.0,High,Tier 3 (Specialty),15-30%,2.7,0.5,No,No
28170020,28,Inorganic Chemicals,ZINC PEROXIDE,0.01,0.11,1196.4,5.4,High,Tier 3 (Specialty),15-30%,0.0,0.5,No,No
28181000,28,Inorganic Chemicals,ARTIFICIAL CORUNDUM W/N CHEMICALLY DEFINED,22.64,32.78,44.8,5.4,High,Tier 3 (Specialty),15-30%,4.9,0.5,No,No
28182011,28,Inorganic Chemicals,"ALUMINA CALCINED, Metallurgical grade, conforming to IS 17441",1030.57,923.03,-10.4,4.5,High,Tier 2.5 (Quick-win),60-75%,553.8,0.8,Yes,No
28182019,28,Inorganic Chemicals,"ALUMINA CALCINED, Non-Metallurgical grade, conforming to IS 17441",20.09,16.59,-17.4,3.0,High,Tier 3 (Specialty),15-30%,2.5,0.5,No,No
28182090,28,Inorganic Chemicals,OTHER ALUMINIUM OXIDE,144.89,161.54,11.5,5.4,High,Tier 2.5 (Quick-win),60-75%,96.9,0.8,Yes,No
28183000,28,Inorganic Chemicals,ALUMINIUM HYDROXIDE,53.79,56.94,5.8,3.3,High,Tier 2.5 (Quick-win),60-75%,34.2,0.8,Yes,No
28191000,28,Inorganic Chemicals,CHROMIUM TRIOXIDE,8.27,8.33,0.7,3.3,High,Tier 3 (Specialty),15-30%,1.2,0.5,No,No
28199000,28,Inorganic Chemicals,OTHER CHROMIUM OXIDES AND HYDROXIDES,4.37,6.07,39.0,5.4,High,Tier 3 (Specialty),15-30%,0.9,0.5,No,No
28201000,28,Inorganic Chemicals,MANGANESE DIOXIDE,16.01,16.69,4.3,3.3,High,Tier 3 (Specialty),15-30%,2.5,0.5,No,No
28209000,28,Inorganic Chemicals,OTHER MANGANESE OXIDES,7.25,8.68,19.6,4.5,High,Tier 3 (Specialty),15-30%,1.3,0.5,No,No
28211010,28,Inorganic Chemicals,IRON OXIDES,32.18,34.18,6.2,3.3,High,Tier 3 (Specialty),15-30%,5.1,0.5,No,No
28211020,28,Inorganic Chemicals,IRON HYDROXIDES,0.92,1.28,39.6,5.4,High,Tier 3 (Specialty),15-30%,0.2,0.5,No,No
28212000,28,Inorganic Chemicals,EARTH COLOURS,0.12,0.05,-59.8,3.0,High,Tier 3 (Specialty),15-30%,0.0,0.5,No,No
28220010,28,Inorganic Chemicals,COBALT OXIDE,5.11,4.5,-11.9,3.0,High,Tier 3 (Specialty),15-30%,0.7,0.5,No,No
28220020,28,Inorganic Chemicals,COBALT HYDROXIDE,4.03,7.58,87.9,5.4,High,Tier 3 (Specialty),15-30%,1.1,0.5,No,No
28220030,28,Inorganic Chemicals,COMMERCIAL COBALT OXIDE,0.41,0.0,-99.6,3.0,High,Tier 3 (Specialty),15-30%,0.0,0.5,No,No
28230010,28,Inorganic Chemicals,TITANIUM DIOXIDE,58.27,59.73,2.5,3.3,High,Tier 2.5 (Quick-win),60-75%,35.8,0.8,Yes,No
28230090,28,Inorganic Chemicals,OTHER TITANIUM OXIDES,1.85,4.22,127.9,5.4,High,Tier 3 (Specialty),15-30%,0.6,0.5,No,No
28241010,28,Inorganic Chemicals,LITHARGE,0.13,0.04,-70.1,3.0,High,Tier 3 (Specialty),15-30%,0.0,0.5,No,No
28249000,28,Inorganic Chemicals,OTHER LEAD OXIDES,4.14,2.04,-50.8,3.0,High,Tier 3 (Specialty),15-30%,0.3,0.5,No,No
28251010,28,Inorganic Chemicals,HYDRAZINE ANHYDROUS,0.0,0.12,20053.7,5.4,High,Tier 3 (Specialty),15-30%,0.0,0.5,No,No
28251020,28,Inorganic Chemicals,HYDRAZINE HYDRATE,41.31,44.25,7.1,3.3,High,Tier 3 (Specialty),15-30%,6.6,0.5,No,No
28251030,28,Inorganic Chemicals,HYDRAZINE SULPHATE,0.01,0.12,1200.7,5.4,High,Tier 3 (Specialty),15-30%,0.0,0.5,No,No
28251040,28,Inorganic Chemicals,HYDROXYLAMINE SULPHATE,13.56,10.25,-24.4,3.0,High,Tier 3 (Specialty),15-30%,1.5,0.5,No,No
28251090,28,Inorganic Chemicals,OTHER HYDRAZINE AND HYDROXYLAMINE AND THEIR INORGNC SLTS,5.19,4.72,-9.1,3.0,High,Tier 3 (Specialty),15-30%,0.7,0.5,No,No
28252000,28,Inorganic Chemicals,LITHIUM OXIDE AND HYDROXIDE,23.29,25.49,9.5,3.3,High,Tier 3 (Specialty),15-30%,3.8,0.5,No,No
28253010,28,Inorganic Chemicals,VANADIUM PENIOXIDE FLAKES,24.29,32.17,32.5,5.4,High,Tier 3 (Specialty),15-30%,4.8,0.5,No,No
28253090,28,Inorganic Chemicals,OTHER OXIDES AND HYDROXIDES OF VANADIUM,3.19,6.25,95.9,5.4,High,Tier 3 (Specialty),15-30%,0.9,0.5,No,No
28254000,28,Inorganic Chemicals,NICKEL OXIDES AND HYDROXIDES,18.44,10.5,-43.1,3.0,High,Tier 3 (Specialty),15-30%,1.6,0.5,No,No
28255000,28,Inorganic Chemicals,COPPER OXIDES AND HYDROXIDES,4.03,5.34,32.6,5.4,High,Tier 3 (Specialty),15-30%,0.8,0.5,No,No
28256010,28,Inorganic Chemicals,GERMANIUM OXIDES,0.01,0.1,575.1,5.4,High,Tier 3 (Specialty),15-30%,0.0,0.5,No,No
28256020,28,Inorganic Chemicals,ZIRCONIUM DIOXIDES,41.31,42.2,2.2,3.3,High,Tier 3 (Specialty),15-30%,6.3,0.5,No,No
28257010,28,Inorganic Chemicals,MOLYBDENUM TRIOXIDE,3.43,9.17,167.1,5.4,High,Tier 3 (Specialty),15-30%,1.4,0.5,No,No
28257020,28,Inorganic Chemicals,MOLYBDIC ACID,0.0,0.0,-23.7,3.0,High,Tier 3 (Specialty),15-30%,0.0,0.5,No,No
28257090,28,Inorganic Chemicals,OTHER MOLYBDENUM OXIDES AND HYDROXIDES,26.75,36.64,37.0,5.4,High,Tier 3 (Specialty),15-30%,5.5,0.5,No,No
28258000,28,Inorganic Chemicals,ANTIMONY OXIDES,76.36,68.1,-10.8,3.0,High,Tier 2.5 (Quick-win),60-75%,40.9,0.8,Yes,No
28259010,28,Inorganic Chemicals,TIN OXIDE,4.2,5.22,24.2,5.4,High,Tier 3 (Specialty),15-30%,0.8,0.5,No,No
28259020,28,Inorganic Chemicals,CADMIUM OXIDE,9.71,10.38,7.0,3.3,High,Tier 3 (Specialty),15-30%,1.6,0.5,No,No
28259040,28,Inorganic Chemicals,CALCIUM HYDROXIDE,7.43,7.12,-4.2,3.0,High,Tier 3 (Specialty),15-30%,1.1,0.5,No,No
28259050,28,Inorganic Chemicals,AMM0NIUM HYDR0XIDE,0.0,0.0,,3.0,High,Tier 3 (Specialty),15-30%,0.0,0.5,No,No
28259090,28,Inorganic Chemicals,OTHER INORGANIC BASES METAL OXIDES        HYDROXIDES AND PEROXIDES,19.14,33.53,75.1,5.4,High,Tier 3 (Specialty),15-30%,5.0,0.5,No,No
28261200,28,Inorganic Chemicals,FLUORIDES OF ALUMINIUM,82.97,77.05,-7.1,3.0,High,Tier 2.5 (Quick-win),60-75%,46.2,0.8,Yes,No
28261910,28,Inorganic Chemicals,MAGNESIUM FLUORIDES,0.17,0.18,8.1,3.3,High,Tier 3 (Specialty),15-30%,0.0,0.5,No,No
28261990,28,Inorganic Chemicals,"OTHER FLUORIDES, NES",10.24,5.96,-41.7,3.0,High,Tier 3 (Specialty),15-30%,0.9,0.5,No,No
28263000,28,Inorganic Chemicals,SODIUM HEXAFLUOROALUMINATE,2.03,5.65,178.5,5.4,High,Tier 3 (Specialty),15-30%,0.8,0.5,No,No
28269000,28,Inorganic Chemicals,"OTHER FLUOROSILICATES, FLUROALUMINATES AND  OTHER COMPLX FLUORINE S...",7.11,7.65,7.7,3.3,High,Tier 3 (Specialty),15-30%,1.1,0.5,No,No
28271000,28,Inorganic Chemicals,AMMONIUM CHLORIDE,4.99,2.96,-40.6,3.0,High,Tier 3 (Specialty),15-30%,0.4,0.5,No,No
28272000,28,Inorganic Chemicals,CALCIUM CHLORIDE,1.97,2.83,44.0,5.4,High,Tier 3 (Specialty),15-30%,0.4,0.5,No,No
28273100,28,Inorganic Chemicals,CHLORIDES OF MAGNESIUM,3.32,3.28,-1.2,3.0,High,Tier 3 (Specialty),15-30%,0.5,0.5,No,No
28273200,28,Inorganic Chemicals,CHLORIDES OF ALUMINIUM,0.34,0.58,72.2,5.4,High,Tier 3 (Specialty),15-30%,0.1,0.5,No,No
28273500,28,Inorganic Chemicals,CHLORIDE OF NICKEL,0.8,1.07,33.9,5.4,High,Tier 3 (Specialty),15-30%,0.2,0.5,No,No
28273920,28,Inorganic Chemicals,MERCUROUS CHLORIDE,0.01,0.1,788.9,5.4,High,Tier 3 (Specialty),15-30%,0.0,0.5,No,No
28273930,28,Inorganic Chemicals,STRONTIUM CHLORIDE,0.15,0.13,-15.8,3.0,High,Tier 3 (Specialty),15-30%,0.0,0.5,No,No
28273940,28,Inorganic Chemicals,CUPROUS CHLORIDE,0.0,0.0,,3.0,High,Tier 3 (Specialty),15-30%,0.0,0.5,No,No
28273990,28,Inorganic Chemicals,"OTHER CHLORIDES, NES",44.22,48.19,9.0,3.3,High,Tier 3 (Specialty),15-30%,7.2,0.5,No,No
28274110,28,Inorganic Chemicals,COPPER OXYCHLORIDE,1.15,1.52,31.9,5.4,High,Tier 3 (Specialty),15-30%,0.2,0.5,No,No
28274190,28,Inorganic Chemicals,OTHER COPPER CHLORIDE OXIDES NES,0.02,0.11,571.8,5.4,High,Tier 3 (Specialty),15-30%,0.0,0.5,No,No
28274900,28,Inorganic Chemicals,OTHER CHLORIDE OXIDES AND CHLORID HYDROXIDES,10.42,8.19,-21.5,3.0,High,Tier 3 (Specialty),15-30%,1.2,0.5,No,No
28275110,28,Inorganic Chemicals,SODIUM BROMIDE,3.62,2.44,-32.5,3.0,High,Tier 3 (Specialty),15-30%,0.4,0.5,No,No
28275120,28,Inorganic Chemicals,POTASSIUM BROMIDE,0.03,0.33,1172.8,5.4,High,Tier 3 (Specialty),15-30%,0.0,0.5,No,No
28275910,28,Inorganic Chemicals,MAGNESIUM BROMIDE,0.0,0.0,,3.0,High,Tier 3 (Specialty),15-30%,0.0,0.5,No,No
28275990,28,Inorganic Chemicals,BROMIDES AND OXYBROMIDES N E S,4.21,0.35,-91.7,3.0,High,Tier 3 (Specialty),15-30%,0.1,0.5,No,No
28276010,28,Inorganic Chemicals,POTASSIUM IODIDE,2.12,1.6,-24.5,3.0,High,Tier 3 (Specialty),15-30%,0.2,0.5,No,No
28276020,28,Inorganic Chemicals,SODIUM IODIDE,10.27,1.07,-89.6,3.0,High,Tier 3 (Specialty),15-30%,0.2,0.5,No,No
28276090,28,Inorganic Chemicals,OTHER IDODIES AND OXYIODIDES,4.35,0.47,-89.1,3.0,High,Tier 3 (Specialty),15-30%,0.1,0.5,No,No
28281010,28,Inorganic Chemicals,COMMERCIAL CALCIUM HYPOCHLORIDE (         BLEACHINGPASTE OR POWDER),0.09,0.04,-49.0,3.0,High,Tier 3 (Specialty),15-30%,0.0,0.5,No,No
28281090,28,Inorganic Chemicals,OTHER COMMERCIAL CALCIUM HYPOCHLORIDES,0.05,0.01,-81.1,3.0,High,Tier 3 (Specialty),15-30%,0.0,0.5,No,No
28289011,28,Inorganic Chemicals,BLEACHING PASTE OR POWDER OF SODIUM       HYPOCHLORITES,0.0,0.0,,3.0,High,Tier 3 (Specialty),15-30%,0.0,0.5,No,No
28289019,28,Inorganic Chemicals,OTHER SODIUM HYPOCHLORITES,0.02,0.04,114.4,5.4,High,Tier 3 (Specialty),15-30%,0.0,0.5,No,No
28289020,28,Inorganic Chemicals,POTTASIUM HYPOCHLORITES,0.0,0.0,,3.0,High,Tier 3 (Specialty),15-30%,0.0,0.5,No,No
28289030,28,Inorganic Chemicals,SODIUM CHLORITE,18.21,23.08,26.8,5.4,High,Tier 3 (Specialty),15-30%,3.5,0.5,No,No
28289090,28,Inorganic Chemicals,OTHER SODIUM HYPOCHLORITES,0.3,0.59,95.5,5.4,High,Tier 3 (Specialty),15-30%,0.1,0.5,No,No
28291100,28,Inorganic Chemicals,SODIUM CHLORATE,18.18,15.21,-16.3,3.0,High,Tier 3 (Specialty),15-30%,2.3,0.5,No,No
28291910,28,Inorganic Chemicals,BARIUM CHLORATE,0.0,0.0,,3.0,High,Tier 3 (Specialty),15-30%,0.0,0.5,No,No
28291920,28,Inorganic Chemicals,POTASSIUM CHLORATE,0.11,0.15,37.4,5.4,High,Tier 3 (Specialty),15-30%,0.0,0.5,No,No
28291930,28,Inorganic Chemicals,MAGNESIUM CHLORATE,0.0,0.0,,3.0,High,Tier 3 (Specialty),15-30%,0.0,0.5,No,No
28291990,28,Inorganic Chemicals,OTHER CHLORATES,0.07,0.05,-26.2,3.0,High,Tier 3 (Specialty),15-30%,0.0,0.5,No,No
28299010,28,Inorganic Chemicals,PERCHLORATES,0.41,0.76,83.0,5.4,High,Tier 3 (Specialty),15-30%,0.1,0.5,No,No
28299020,28,Inorganic Chemicals,BROMATES AND PERBROMATES,0.02,0.03,16.9,4.5,High,Tier 3 (Specialty),15-30%,0.0,0.5,No,No
28299030,28,Inorganic Chemicals,IODATES AND PERIODATES,0.41,0.33,-19.9,3.0,High,Tier 3 (Specialty),15-30%,0.0,0.5,No,No
28301000,28,Inorganic Chemicals,SODIUM SULPHIDE,0.17,0.05,-68.5,3.0,High,Tier 3 (Specialty),15-30%,0.0,0.5,No,No
28309010,28,Inorganic Chemicals,OTHER SULPHIDES,7.27,12.19,67.5,5.4,High,Tier 3 (Specialty),15-30%,1.8,0.5,No,No
28309020,28,Inorganic Chemicals,OTHER POLYSULPHIDES,1.24,1.7,37.5,5.4,High,Tier 3 (Specialty),15-30%,0.3,0.5,No,No
28311010,28,Inorganic Chemicals,SODIUM DITHIONITES (SODIUM HYDROSULPHITE),0.38,0.21,-44.9,3.0,High,Tier 3 (Specialty),15-30%,0.0,0.5,No,No
28311020,28,Inorganic Chemicals,SODIUM SULPHOXYLATE (INCL SODIUM FORMAL-  DEHDE SULPHOXYLATE),0.06,0.0,-98.9,3.0,High,Tier 3 (Specialty),15-30%,0.0,0.5,No,No
28319010,28,Inorganic Chemicals,OTHER DITHIONITES (OF POTASSIUM ETC),0.0,0.0,,3.0,High,Tier 3 (Specialty),15-30%,0.0,0.5,No,No
28319020,28,Inorganic Chemicals,OTHER SULPHOXYLATES,0.05,0.01,-85.7,3.0,High,Tier 3 (Specialty),15-30%,0.0,0.5,No,No
28321010,28,Inorganic Chemicals,SODIUM BI-SULPHITE,0.37,0.91,145.9,5.4,High,Tier 3 (Specialty),15-30%,0.1,0.5,No,No
28321020,28,Inorganic Chemicals,SODIUM HYDROSULPHITES,0.04,0.07,85.7,5.4,High,Tier 3 (Specialty),15-30%,0.0,0.5,No,No
28321090,28,Inorganic Chemicals,OTHER SODIUM SULPHITE,7.98,10.79,35.3,5.4,High,Tier 3 (Specialty),15-30%,1.6,0.5,No,No
28322010,28,Inorganic Chemicals,POTASSIUM METABISULPHITE,0.27,0.28,6.2,3.3,High,Tier 3 (Specialty),15-30%,0.0,0.5,No,No
28322090,28,Inorganic Chemicals,OTHER SULPHITE,0.33,0.29,-11.7,3.0,High,Tier 3 (Specialty),15-30%,0.0,0.5,No,No
28323010,28,Inorganic Chemicals,SODIUM THIOSULPHATE (HYPO),0.15,0.05,-68.8,3.0,High,Tier 3 (Specialty),15-30%,0.0,0.5,No,No
28323020,28,Inorganic Chemicals,MAGNESIUM THIOSULPHATE,0.0,0.0,,3.0,High,Tier 3 (Specialty),15-30%,0.0,0.5,No,No
28323090,28,Inorganic Chemicals,OTHER THIOSULPHATE,0.6,0.75,23.8,5.4,High,Tier 3 (Specialty),15-30%,0.1,0.5,No,No
28331100,28,Inorganic Chemicals,DISODIUM SULPHATE,2.47,2.25,-8.9,3.0,High,Tier 3 (Specialty),15-30%,0.3,0.5,No,No
28331910,28,Inorganic Chemicals,SODIUM HYDROGEN SULPHATE(ACID SULPHATE),0.14,0.09,-33.6,3.0,High,Tier 3 (Specialty),15-30%,0.0,0.5,No,No
28331920,28,Inorganic Chemicals,SODIUM PYROSULPHATE,0.0,0.01,59.4,5.4,High,Tier 3 (Specialty),15-30%,0.0,0.5,No,No
28331990,28,Inorganic Chemicals,OTHER SODIUM SULPHATES,0.18,0.11,-39.3,3.0,High,Tier 3 (Specialty),15-30%,0.0,0.5,No,No
28332100,28,Inorganic Chemicals,MAGNESIUM SULPHATE,4.08,3.52,-13.6,3.0,High,Tier 3 (Specialty),15-30%,0.5,0.5,No,No
28332210,28,Inorganic Chemicals,ALUMINIUM SULPHATE (IRON FREE),0.03,0.04,42.3,5.4,High,Tier 3 (Specialty),15-30%,0.0,0.5,No,No
28332290,28,Inorganic Chemicals,OTHER ALUMINIUM SULPHATE,0.07,0.07,-0.1,3.0,High,Tier 3 (Specialty),15-30%,0.0,0.5,No,No
28332400,28,Inorganic Chemicals,NICKEL SULPHATE,8.05,15.96,98.2,5.4,High,Tier 3 (Specialty),15-30%,2.4,0.5,No,No
28332500,28,Inorganic Chemicals,COPPER SULPHATE,0.4,0.35,-13.9,3.0,High,Tier 3 (Specialty),15-30%,0.1,0.5,No,No
28332700,28,Inorganic Chemicals,BARIUM SULPHATE,18.45,23.53,27.6,5.4,High,Tier 3 (Specialty),15-30%,3.5,0.5,No,No
28332910,28,Inorganic Chemicals,FERROUS SULPHATE,0.02,0.01,-36.4,3.0,High,Tier 3 (Specialty),15-30%,0.0,0.5,No,No
28332930,28,Inorganic Chemicals,QUINIDINE SULPHATE,0.0,0.0,727.6,5.4,High,Tier 3 (Specialty),15-30%,0.0,0.5,No,No
28332940,28,Inorganic Chemicals,MANGANESE SULPHATE,0.08,0.08,-4.7,3.0,High,Tier 3 (Specialty),15-30%,0.0,0.5,No,No
28332990,28,Inorganic Chemicals,"OTHER SULPHATES, NES",8.75,9.89,13.0,4.5,High,Tier 3 (Specialty),15-30%,1.5,0.5,No,No
28333010,28,Inorganic Chemicals,AMMONIUM ALUM,0.0,0.01,,3.0,High,Tier 3 (Specialty),15-30%,0.0,0.5,No,No
28333090,28,Inorganic Chemicals,OTHER ALUMS,1.84,1.65,-10.4,3.0,High,Tier 3 (Specialty),15-30%,0.2,0.5,No,No
28334000,28,Inorganic Chemicals,PEROXOSULPHATES (PERSULPHATES),3.99,4.1,2.9,3.3,High,Tier 3 (Specialty),15-30%,0.6,0.5,No,No
28341010,28,Inorganic Chemicals,SODIUM NITRITE,6.64,7.62,14.8,4.5,High,Tier 3 (Specialty),15-30%,1.1,0.5,No,No
28341090,28,Inorganic Chemicals,OTHER NITRITES,0.11,0.1,-13.1,3.0,High,Tier 3 (Specialty),15-30%,0.0,0.5,No,No
28342100,28,Inorganic Chemicals,POTASSIUM NITRATE,2.17,4.69,115.8,5.4,High,Tier 3 (Specialty),15-30%,0.7,0.5,No,No
28342910,28,Inorganic Chemicals,STRONTIUM NITRATE,1.93,2.11,9.3,3.3,High,Tier 3 (Specialty),15-30%,0.3,0.5,No,No
28342920,28,Inorganic Chemicals,MAGNESIUM NITRATE,0.52,0.51,-1.8,3.0,High,Tier 3 (Specialty),15-30%,0.1,0.5,No,No
28342930,28,Inorganic Chemicals,BARIUM NITRATE,0.06,0.02,-73.6,3.0,High,Tier 3 (Specialty),15-30%,0.0,0.5,No,No
28342990,28,Inorganic Chemicals,OTHER NITRATES NES,3.99,2.96,-26.0,3.0,High,Tier 3 (Specialty),15-30%,0.4,0.5,No,No
28351010,28,Inorganic Chemicals,CALCIUM HYPOPHOSPHITE,0.1,0.06,-42.5,3.0,High,Tier 3 (Specialty),15-30%,0.0,0.5,No,No
28351020,28,Inorganic Chemicals,MAGNESIUM HYPOPHOSPHITE,0.07,0.02,-63.3,3.0,High,Tier 3 (Specialty),15-30%,0.0,0.5,No,No
28351090,28,Inorganic Chemicals,OTHER HYPOPHOSPHITES NES,10.78,12.87,19.4,4.5,High,Tier 3 (Specialty),15-30%,1.9,0.5,No,No
28352200,28,Inorganic Chemicals,MONO OR DISODIUM PHOSPHATE,3.97,4.52,13.8,4.5,High,Tier 3 (Specialty),15-30%,0.7,0.5,No,No
28352400,28,Inorganic Chemicals,POTASSIUM PHOSPHATE,6.61,5.01,-24.2,3.0,High,Tier 3 (Specialty),15-30%,0.8,0.5,No,No
28352500,28,Inorganic Chemicals,CALCIUM HYDROGENORTHO                     PHOSPHATE (DICALCIUM PHOS...,17.43,12.91,-25.9,3.0,High,Tier 3 (Specialty),15-30%,1.9,0.5,No,No
28352610,28,Inorganic Chemicals,CALCIUM MONOBASIC PHOSPHATE,38.68,54.59,41.1,5.4,High,Tier 2.5 (Quick-win),60-75%,32.8,0.8,Yes,No
28352620,28,Inorganic Chemicals,CALCIUM TRIBASIC PHOSPHATE,0.8,0.78,-1.7,3.0,High,Tier 3 (Specialty),15-30%,0.1,0.5,No,No
28352690,28,Inorganic Chemicals,OTHER CALCIUM PHOSPHATE,6.94,8.95,29.0,5.4,High,Tier 3 (Specialty),15-30%,1.3,0.5,No,No
28352910,28,Inorganic Chemicals,MAGNESIUM PHOSPHATE MONOBASIC,0.01,0.04,554.6,5.4,High,Tier 3 (Specialty),15-30%,0.0,0.5,No,No
28352920,28,Inorganic Chemicals,MAGNESIUM PHOSPHATE DIBASIC,0.0,0.0,,3.0,High,Tier 3 (Specialty),15-30%,0.0,0.5,No,No
28352930,28,Inorganic Chemicals,MAGNESIUM PHOSPHATE TRIBASIC,0.17,0.07,-61.6,3.0,High,Tier 3 (Specialty),15-30%,0.0,0.5,No,No
28352940,28,Inorganic Chemicals,SODIUM HEXA META PHOSPHATE,3.51,3.8,8.2,3.3,High,Tier 3 (Specialty),15-30%,0.6,0.5,No,No
28352990,28,Inorganic Chemicals,"OTHER PHOSPHATES, NES",9.35,10.99,17.6,4.5,High,Tier 3 (Specialty),15-30%,1.6,0.5,No,No
28353100,28,Inorganic Chemicals,SODIUM TRIPHOSPHATE( SODIUM TRIPLYPHOSPHAE,39.46,42.74,8.3,3.3,High,Tier 3 (Specialty),15-30%,6.4,0.5,No,No
28353900,28,Inorganic Chemicals,OTHER POLYPHOSPHATES,26.05,25.19,-3.3,3.0,High,Tier 3 (Specialty),15-30%,3.8,0.5,No,No
28362010,28,Inorganic Chemicals,DISODIUM CARBONATE DENSE,183.24,166.85,-8.9,3.6,High,Tier 2.5 (Quick-win),60-75%,100.1,0.8,Yes,No
28362020,28,Inorganic Chemicals,DISODIUM CARBONATE LIGHT,34.3,32.6,-5.0,3.0,High,Tier 3 (Specialty),15-30%,4.9,0.5,No,No
28362090,28,Inorganic Chemicals,OTHER DISODIUM CARBONATE,16.26,10.69,-34.3,3.0,High,Tier 3 (Specialty),15-30%,1.6,0.5,No,No
28363000,28,Inorganic Chemicals,SODIUM HYDROGEN CARBONATE (SODIUM         BICARBONATE),14.34,13.94,-2.8,3.0,High,Tier 3 (Specialty),15-30%,2.1,0.5,No,No
28364000,28,Inorganic Chemicals,POTASSIUM CARBONATES,28.84,26.64,-7.6,3.0,High,Tier 3 (Specialty),15-30%,4.0,0.5,No,No
28365000,28,Inorganic Chemicals,CALCIUM CARBONATE,67.03,50.83,-24.2,3.0,High,Tier 2.5 (Quick-win),60-75%,30.5,0.8,Yes,No
28366000,28,Inorganic Chemicals,BARIUM CARBONATE,0.11,0.03,-76.1,3.0,High,Tier 3 (Specialty),15-30%,0.0,0.5,No,No
28369100,28,Inorganic Chemicals,LITHIUM CARBONATES,12.28,12.64,2.9,3.3,High,Tier 3 (Specialty),15-30%,1.9,0.5,No,No
28369200,28,Inorganic Chemicals,STRONTIUM CARBONATE,4.46,5.61,25.7,5.4,High,Tier 3 (Specialty),15-30%,0.8,0.5,No,No
28369910,28,Inorganic Chemicals,PERCARBONATES,10.43,9.56,-8.3,3.0,High,Tier 3 (Specialty),15-30%,1.4,0.5,No,No
28369920,28,Inorganic Chemicals,MAGNESIUM CARBONATE (EXCL NATURAL),0.37,0.45,20.5,5.4,High,Tier 3 (Specialty),15-30%,0.1,0.5,No,No
28369930,28,Inorganic Chemicals,ALUMINIUM BICARBONATE,0.04,0.03,-10.3,3.0,High,Tier 3 (Specialty),15-30%,0.0,0.5,No,No
28369990,28,Inorganic Chemicals,"OTHER CARBONATES, NES",34.59,40.15,16.1,4.5,High,Tier 3 (Specialty),15-30%,6.0,0.5,No,No
28371100,28,Inorganic Chemicals,CYANIDESANDCYANIDE OXIDE OF SODIUM,6.46,6.78,4.9,3.3,High,Tier 3 (Specialty),15-30%,1.0,0.5,No,No
28371910,28,Inorganic Chemicals,POTASSIUM CYANIDE,7.18,5.5,-23.3,3.0,High,Tier 3 (Specialty),15-30%,0.8,0.5,No,No
28371990,28,Inorganic Chemicals,OTHER CYANIDES AND CYANIDE OXIDES NES,2.47,3.94,59.3,5.4,High,Tier 3 (Specialty),15-30%,0.6,0.5,No,No
28372010,28,Inorganic Chemicals,AMMONIUM SULPHOCYANIDE,0.09,0.13,48.0,5.4,High,Tier 3 (Specialty),15-30%,0.0,0.5,No,No
28372020,28,Inorganic Chemicals,POTASSIUM FERRICYANIDE,0.01,0.02,215.1,5.4,High,Tier 3 (Specialty),15-30%,0.0,0.5,No,No
28372030,28,Inorganic Chemicals,POTASSIUM FERROCYANIDE,0.85,0.75,-11.9,3.0,High,Tier 3 (Specialty),15-30%,0.1,0.5,No,No
28372040,28,Inorganic Chemicals,SODIUM FERROCYANIDE,0.99,0.98,-0.4,3.0,High,Tier 3 (Specialty),15-30%,0.1,0.5,No,No
28372050,28,Inorganic Chemicals,SODIUM NITROPRUSIDE(SOD NITROFERRICYANIDE),0.02,0.0,,3.0,High,Tier 3 (Specialty),15-30%,0.0,0.5,No,No
28372090,28,Inorganic Chemicals,OTHER COMPLEX CYANIDES,1.53,1.48,-3.5,3.0,High,Tier 3 (Specialty),15-30%,0.2,0.5,No,No
28391100,28,Inorganic Chemicals,SODIUM METASILICATES,0.36,0.41,14.0,4.5,High,Tier 3 (Specialty),15-30%,0.1,0.5,No,No
28391900,28,Inorganic Chemicals,OTHER SODIUM SILICATES,0.75,1.03,37.4,5.4,High,Tier 3 (Specialty),15-30%,0.2,0.5,No,No
28399010,28,Inorganic Chemicals,MAGNESIUM TRISILICATE,0.15,0.13,-12.8,3.0,High,Tier 3 (Specialty),15-30%,0.0,0.5,No,No
28399090,28,Inorganic Chemicals,"OTHER SILICATES AND COMMRCL METAL SILICATES, NES",5.64,6.22,10.3,4.5,High,Tier 3 (Specialty),15-30%,0.9,0.5,No,No
28401100,28,Inorganic Chemicals,"DISIDIUM TETRABORATES (RFND BORAX),       ANHYDROUS",4.23,5.74,35.8,5.4,High,Tier 3 (Specialty),15-30%,0.9,0.5,No,No
28401900,28,Inorganic Chemicals,OTHER DISODIUM TETRABORATES,88.21,96.23,9.1,3.3,High,Tier 2.5 (Quick-win),60-75%,57.7,0.8,Yes,No
28402010,28,Inorganic Chemicals,MAGNESIUM BORATES,0.03,0.75,2258.5,5.4,High,Tier 3 (Specialty),15-30%,0.1,0.5,No,No
28402090,28,Inorganic Chemicals,OTHER BORATES,15.76,16.74,6.2,3.3,High,Tier 3 (Specialty),15-30%,2.5,0.5,No,No
28403000,28,Inorganic Chemicals,PEROXOBORATES (PERBORATES),1.43,1.5,4.7,3.3,High,Tier 3 (Specialty),15-30%,0.2,0.5,No,No
28413000,28,Inorganic Chemicals,SODIUM DICHROMATE,15.06,17.24,14.5,4.5,High,Tier 3 (Specialty),15-30%,2.6,0.5,No,No
28415090,28,Inorganic Chemicals,OTHER DICHROMATES : PEROXOCHROMATES AND     CHROMATES,0.4,0.52,28.4,5.4,High,Tier 3 (Specialty),15-30%,0.1,0.5,No,No
28416100,28,Inorganic Chemicals,POTASSIUM PERMANGANATE,0.17,0.32,94.8,5.4,High,Tier 3 (Specialty),15-30%,0.0,0.5,No,No
28416900,28,Inorganic Chemicals,"MANGANITES, MANGANATES AND PERMANGANATES    (OTHR THAN POTTASSIUM P...",2.74,2.43,-11.1,3.0,High,Tier 3 (Specialty),15-30%,0.4,0.5,No,No
28417010,28,Inorganic Chemicals,ALUMINIUM MOLYBDATE,0.0,0.0,,3.0,High,Tier 3 (Specialty),15-30%,0.0,0.5,No,No
28417020,28,Inorganic Chemicals,SODIUM MOLYBDATE,0.05,0.01,-89.2,3.0,High,Tier 3 (Specialty),15-30%,0.0,0.5,No,No
28417090,28,Inorganic Chemicals,OTHER MOLYBDATES,0.06,0.42,590.3,5.4,High,Tier 3 (Specialty),15-30%,0.1,0.5,No,No
28418010,28,Inorganic Chemicals,SODIUM TUNGSTATE,0.0,0.0,11.3,4.5,High,Tier 3 (Specialty),15-30%,0.0,0.5,No,No
28418090,28,Inorganic Chemicals,OTHER TUNGSTATES,0.08,0.38,396.5,5.4,High,Tier 3 (Specialty),15-30%,0.1,0.5,No,No
28419000,28,Inorganic Chemicals,"*OTHER SALTS OF OXOMETALLIC OR             PEROXOMETALLIC ACIDS, NES",30.79,46.25,50.2,5.4,High,Tier 3 (Specialty),15-30%,6.9,0.5,No,No
28421000,28,Inorganic Chemicals,DOUBLE OR COMPLEX SILICATES INCL.         ALUMINOSILICATES,34.91,44.01,26.1,5.4,High,Tier 3 (Specialty),15-30%,6.6,0.5,No,No
28429010,28,Inorganic Chemicals,ARSENITES AND ARSENATES,0.32,0.41,26.9,5.4,High,Tier 3 (Specialty),15-30%,0.1,0.5,No,No
28429090,28,Inorganic Chemicals,OTHER SALTS OF INORGANIC ACIDS/           PEROXOACIDS,61.03,61.55,0.8,3.3,High,Tier 2.5 (Quick-win),60-75%,36.9,0.8,Yes,No
28431010,28,Inorganic Chemicals,COLLOIDAL PRECIOUS METALS OF GOLD,7.19,7.41,3.1,3.3,High,Tier 3 (Specialty),15-30%,1.1,0.5,No,No
28431020,28,Inorganic Chemicals,COLLOIDAL PRECIOUS METALS OF SILVER,0.56,0.17,-69.5,3.0,High,Tier 3 (Specialty),15-30%,0.0,0.5,No,No
28431090,28,Inorganic Chemicals,OTHER COLLOIDAL PRECIOUS METALS,0.97,2.79,188.8,5.4,High,Tier 3 (Specialty),15-30%,0.4,0.5,No,No
28432100,28,Inorganic Chemicals,SILVER NITRATE,11.29,14.46,28.1,5.4,High,Tier 3 (Specialty),15-30%,2.2,0.5,No,No
28432900,28,Inorganic Chemicals,OTHER COMPOUND OF SILVER,7.62,13.09,71.7,5.4,High,Tier 3 (Specialty),15-30%,2.0,0.5,No,No
28433000,28,Inorganic Chemicals,GOLD COMPOUNDS,2402.0,4012.28,67.0,10.8,High,Tier 2 (Dependent),30-50%,1203.7,0.7,No,No
28439011,28,Inorganic Chemicals,SODIUM AUROUS THIOSULPHATE,0.0,0.0,-97.7,3.0,High,Tier 3 (Specialty),15-30%,0.0,0.5,No,No
28439012,28,Inorganic Chemicals,"NOBLE METAL SOLUTIONS OF PLATINUM,RHODIUM AND PALLADIUM",957.88,1294.16,35.1,10.8,High,Tier 2 (Dependent),30-50%,388.2,0.7,No,No
28439019,28,Inorganic Chemicals,OTHER COMPOUNDS,113.06,249.03,120.3,6.48,High,Tier 2 (Dependent),30-50%,74.7,0.7,No,No
28439020,28,Inorganic Chemicals,AMALGAMS,0.46,2.28,392.1,5.4,High,Tier 3 (Specialty),15-30%,0.3,0.5,No,No
28461010,28,Inorganic Chemicals,CERIUM OXIDES,1.28,2.14,67.5,5.4,High,Tier 3 (Specialty),15-30%,0.3,0.5,No,No
28461090,28,Inorganic Chemicals,OTHER CERIUM COMPOUNDS,4.65,5.63,21.0,5.4,High,Tier 3 (Specialty),15-30%,0.8,0.5,No,No
28469010,28,Inorganic Chemicals,RARE EARTH OXIDES NES,0.44,0.77,74.4,5.4,High,Tier 3 (Specialty),15-30%,0.1,0.5,No,No
28469020,28,Inorganic Chemicals,RARE EARTH FLUORIDES NES,0.0,0.02,,3.0,High,Tier 3 (Specialty),15-30%,0.0,0.5,No,No
28469030,28,Inorganic Chemicals,RARE EARTH CHLORIDES NES,0.58,0.03,-94.9,3.0,High,Tier 3 (Specialty),15-30%,0.0,0.5,No,No
28469090,28,Inorganic Chemicals,OTHER COMPNDS INORGNC/ORGNC OF RARE EARTH MATERIALS,4.23,14.44,241.2,5.4,High,Tier 3 (Specialty),15-30%,2.2,0.5,No,No
28470000,28,Inorganic Chemicals,HYDROGEN PEROXIDE W/N SOLIDIFIED WITH UREA,14.23,16.27,14.4,4.5,High,Tier 3 (Specialty),15-30%,2.4,0.5,No,No
28491000,28,Inorganic Chemicals,CARBIDES OF CALCIUM W/N CHMCLY DEFINED,14.15,10.85,-23.3,3.0,High,Tier 3 (Specialty),15-30%,1.6,0.5,No,No
28492010,28,Inorganic Chemicals,CARBORUNDUM,10.33,8.13,-21.3,3.0,High,Tier 3 (Specialty),15-30%,1.2,0.5,No,No
28492090,28,Inorganic Chemicals,OTHER CARBIDES OF SILICON,58.72,59.49,1.3,3.3,High,Tier 2.5 (Quick-win),60-75%,35.7,0.8,Yes,No
28499010,28,Inorganic Chemicals,BORON CARBIDE,5.77,6.61,14.5,4.5,High,Tier 3 (Specialty),15-30%,1.0,0.5,No,No
28499020,28,Inorganic Chemicals,TUNGSTEN CARBIDE,3.46,2.58,-25.5,3.0,High,Tier 3 (Specialty),15-30%,0.4,0.5,No,No
28499090,28,Inorganic Chemicals,0THER METAL CARBIDES,5.4,12.64,134.2,5.4,High,Tier 3 (Specialty),15-30%,1.9,0.5,No,No
28500010,28,Inorganic Chemicals,HYDRIED (OTHER THAN LITHIUM               ALLUMINIUM HYDRIED),64.11,54.97,-14.2,3.0,High,Tier 2.5 (Quick-win),60-75%,33.0,0.8,Yes,No
28500020,28,Inorganic Chemicals,NITRIDES,5.92,6.85,15.7,4.5,High,Tier 3 (Specialty),15-30%,1.0,0.5,No,No
28500030,28,Inorganic Chemicals,AZIDES,1.12,0.0,-99.6,3.0,High,Tier 3 (Specialty),15-30%,0.0,0.5,No,No
28500041,28,Inorganic Chemicals,CALCIUM SILICIDE,1.03,8.79,754.6,5.4,High,Tier 3 (Specialty),15-30%,1.3,0.5,No,No
28500049,28,Inorganic Chemicals,OTHER SILICIDES EXCEPTCALCIUM,10.47,16.48,57.4,5.4,High,Tier 3 (Specialty),15-30%,2.5,0.5,No,No
28500050,28,Inorganic Chemicals,BORIDES,1.59,1.3,-18.5,3.0,High,Tier 3 (Specialty),15-30%,0.2,0.5,No,No
28521000,28,Inorganic Chemicals,CHEMICALLY DEFINED,0.72,0.73,1.8,3.3,High,Tier 3 (Specialty),15-30%,0.1,0.5,No,No
28529000,28,Inorganic Chemicals,OTHER COMPOUNDS OF MERCURY,0.0,0.02,4316.2,5.4,High,Tier 3 (Specialty),15-30%,0.0,0.5,No,No
28531000,28,Inorganic Chemicals,CYANOGEN CHLORIDE (CHLORCYAN),0.0,0.0,-99.9,3.0,High,Tier 3 (Specialty),15-30%,0.0,0.5,No,No
28539010,28,Inorganic Chemicals,DISTILLED OR CONDUCTIVITY WATER AND WATER OF SIMILAR PURITY,1.65,2.61,57.8,5.4,High,Tier 3 (Specialty),15-30%,0.4,0.5,No,No
28539020,28,Inorganic Chemicals,"LIQUID AIR,   WHETHER OR NOT RARE GASES HAVE BEEN REMOVED",0.06,0.11,100.4,5.4,High,Tier 3 (Specialty),15-30%,0.0,0.5,No,No
28539030,28,Inorganic Chemicals,COMPRESSED AIR,0.29,0.38,30.6,5.4,High,Tier 3 (Specialty),15-30%,0.1,0.5,No,No
28539040,28,Inorganic Chemicals,"AMALGAMS,  OTHER THAN OF PRECIOUS METALS",0.7,0.2,-71.5,3.0,High,Tier 3 (Specialty),15-30%,0.0,0.5,No,No
28539050,28,Inorganic Chemicals,"MAGNESIUM PHOSPHIDE PLATES, ZINC PHOSPHIDE",0.0,0.0,,3.0,High,Tier 3 (Specialty),15-30%,0.0,0.5,No,No
28539090,28,Inorganic Chemicals,"OTHERS-OF-OTHERS-OF-PHOSPHIDES,WTH/NOT CHEMCALY DEFN,EXCL FERROPHOS...",5.69,5.26,-7.6,3.0,High,Tier 3 (Specialty),15-30%,0.8,0.5,No,No
29011000,29,Organic Chemicals,SATURATED ACYCLIC HYDROCARBONS,654.0,688.9,5.3,4.95,High,Tier 2.5 (Quick-win),60-75%,413.3,0.8,Yes,No
29012100,29,Organic Chemicals,UNSATURATED ETHYLENE,67.34,44.14,-34.5,3.0,High,Tier 3 (Specialty),15-30%,6.6,0.5,No,No
29012200,29,Organic Chemicals,UNSATURATED PROPENE (PROPYLENE),0.29,14.12,4707.9,5.4,High,Tier 3 (Specialty),15-30%,2.1,0.5,No,No
29012300,29,Organic Chemicals,UNSTRD BUTENE (BUTYLENE)AND ISOMERS THEREOF,0.2,1.92,878.9,5.4,High,Tier 3 (Specialty),15-30%,0.3,0.5,No,No
29012400,29,Organic Chemicals,UNSTRD BUTS-1 3-DIENE AND ISOPRENE,0.08,1.36,1625.5,5.4,High,Tier 3 (Specialty),15-30%,0.2,0.5,No,No
29012910,29,Organic Chemicals,ACETYLENE W/N IN DISSOLVED CONDITION,0.99,0.78,-20.7,3.0,High,Tier 3 (Specialty),15-30%,0.1,0.5,No,No
29012920,29,Organic Chemicals,HEPTENE (HEPTYLENE,4.87,3.84,-21.3,3.0,High,Tier 3 (Specialty),15-30%,0.6,0.5,No,No
29012930,29,Organic Chemicals,DIHYDROMYRCENE,38.33,50.39,31.4,5.4,High,Tier 2.5 (Quick-win),60-75%,30.2,0.8,Yes,No
29012940,29,Organic Chemicals,TETRADECENE,50.36,69.66,38.3,5.4,High,Tier 2.5 (Quick-win),60-75%,41.8,0.8,Yes,No
29012990,29,Organic Chemicals,OTHER ACYCLIC HYDROCARBONS,140.02,164.87,17.7,5.4,High,Tier 2.5 (Quick-win),60-75%,98.9,0.8,Yes,No
29021100,29,Organic Chemicals,CYCLOHEXANE,12.79,10.16,-20.6,3.0,High,Tier 3 (Specialty),15-30%,1.5,0.5,No,No
29021910,29,Organic Chemicals,CYCLOPROPYL ACTETYLENE,1.76,1.91,8.3,3.3,High,Tier 3 (Specialty),15-30%,0.3,0.5,No,No
29021920,29,Organic Chemicals,1-METHYL CYCLOPROPENE,0.0,0.0,,3.0,High,Tier 3 (Specialty),15-30%,0.0,0.5,No,No
29021990,29,Organic Chemicals,"OTHERS-OF-OTHER CYCLANES,CYCLENES AND CYCLOTERPENES",119.63,127.92,6.9,3.96,High,Tier 2.5 (Quick-win),60-75%,76.8,0.8,Yes,No
29022000,29,Organic Chemicals,BENZENE,0.03,5.32,16395.4,5.4,High,Tier 3 (Specialty),15-30%,0.8,0.5,No,No
29023000,29,Organic Chemicals,TOLUENE,551.12,449.77,-18.4,3.6,High,Tier 2.5 (Quick-win),60-75%,269.9,0.8,Yes,No
29024100,29,Organic Chemicals,O-XYLENE,262.46,245.88,-6.3,3.6,High,Tier 2.5 (Quick-win),60-75%,147.5,0.8,Yes,No
29024200,29,Organic Chemicals,M-XYLENE,2.81,1.64,-41.5,3.0,High,Tier 3 (Specialty),15-30%,0.2,0.5,No,No
29024300,29,Organic Chemicals,P-XYLENE,942.08,720.75,-23.5,9.0,High,Tier 2 (Dependent),30-50%,216.2,0.7,No,Yes
29024400,29,Organic Chemicals,MIXED XYLENE ISOMERS,0.11,1.17,983.0,5.4,High,Tier 3 (Specialty),15-30%,0.2,0.5,No,No
29025000,29,Organic Chemicals,STYRENE,1314.26,1133.78,-13.7,6.0,High,Tier 2 (Dependent),30-50%,340.1,0.7,No,No
29026000,29,Organic Chemicals,ETHYLBENZENE,1.79,1.48,-17.6,3.0,High,Tier 3 (Specialty),15-30%,0.2,0.5,No,No
29027000,29,Organic Chemicals,CUMENE,52.48,36.23,-31.0,3.0,High,Tier 3 (Specialty),15-30%,5.4,0.5,No,No
29029010,29,Organic Chemicals,DIPENTENE,3.24,3.65,12.7,4.5,High,Tier 3 (Specialty),15-30%,0.5,0.5,No,No
29029020,29,Organic Chemicals,DIPHENYL METHANE,0.0,0.01,187.0,5.4,High,Tier 3 (Specialty),15-30%,0.0,0.5,No,No
29029030,29,Organic Chemicals,DODECYCL BENZENES (EXCL MXD ALKYLARENES),1.03,7.58,635.4,5.4,High,Tier 3 (Specialty),15-30%,1.1,0.5,No,No
29029040,29,Organic Chemicals,NAPTHALENE PURE,32.73,29.31,-10.5,3.0,High,Tier 3 (Specialty),15-30%,4.4,0.5,No,No
29029050,29,Organic Chemicals,IS0BUTYL BENZENE,0.0,0.0,161.4,5.4,High,Tier 3 (Specialty),15-30%,0.0,0.5,No,No
29029090,29,Organic Chemicals,OTHER CYCLIC HYDROCARBONS,48.8,43.26,-11.3,3.0,High,Tier 3 (Specialty),15-30%,6.5,0.5,No,No
29031110,29,Organic Chemicals,CHLOROMETHANE METHYL CHLORIDE,0.06,0.08,44.1,5.4,High,Tier 3 (Specialty),15-30%,0.0,0.5,No,No
29031120,29,Organic Chemicals,CHLOROETHANE ETHYL CHLORIDE,1.58,0.56,-64.9,3.0,High,Tier 3 (Specialty),15-30%,0.1,0.5,No,No
29031200,29,Organic Chemicals,DICHLOROMETHANE (METHYLENE CHLORIDE),5.72,5.74,0.3,3.3,High,Tier 3 (Specialty),15-30%,0.9,0.5,No,No
29031300,29,Organic Chemicals,CHLOROFORM (TRICHLOROMETHANE),1.7,0.85,-50.2,3.0,High,Tier 3 (Specialty),15-30%,0.1,0.5,No,No
29031400,29,Organic Chemicals,CARBON TETRACHLORIDE,0.0,0.0,,3.0,High,Tier 3 (Specialty),15-30%,0.0,0.5,No,No
29031500,29,Organic Chemicals,"1,2 DICHLOROMETHANE (ETHYLNE DICHLORIDE)",198.36,132.51,-33.2,3.6,High,Tier 2.5 (Quick-win),60-75%,79.5,0.8,Yes,No
29031910,29,Organic Chemicals,TETRACHLOROETHANE,0.12,0.05,-57.8,3.0,High,Tier 3 (Specialty),15-30%,0.0,0.5,No,No
29031921,29,Organic Chemicals,"1,1,1,-TRICHLOROETHANE ( METHYL CHLOROFORM )",0.0,0.03,,3.0,High,Tier 3 (Specialty),15-30%,0.0,0.5,No,No
29031929,29,Organic Chemicals,OTHERS-OF-OTHER CHLOROMETHANE AND CHLOROETHANE,0.0,0.0,,3.0,High,Tier 3 (Specialty),15-30%,0.0,0.5,No,No
29031990,29,Organic Chemicals,OTHER CHLOROMETHANE AND CHLOROETHANE,8.57,7.23,-15.6,3.0,High,Tier 3 (Specialty),15-30%,1.1,0.5,No,No
29032100,29,Organic Chemicals,"VINYL CHLORIDE (CHLOROETHYLENE),UNSTRTD",353.17,321.0,-9.1,3.6,High,Tier 2.5 (Quick-win),60-75%,192.6,0.8,Yes,No
29032200,29,Organic Chemicals,"TRICHLOROETHYLENE,UNSATURATED",3.71,10.37,179.5,5.4,High,Tier 3 (Specialty),15-30%,1.6,0.5,No,No
29032300,29,Organic Chemicals,"TETRACHLOROETHANE (PERCHLOROETHYLENE ) ,  UNSATRTD",7.69,7.62,-0.9,3.0,High,Tier 3 (Specialty),15-30%,1.1,0.5,No,No
29032900,29,Organic Chemicals,*OTHER -SATURATED FLUORINATED DERIVATIVES OF ACYCLIC-HYDROCARBONS,11.89,0.0,,3.0,High,Tier 3 (Specialty),15-30%,0.0,0.5,No,No
29032910,29,Organic Chemicals,DICHLOROPROPENE AND DICHLOROPROPANE MIXTURE (DD MIXTURE),0.0,0.08,,3.0,High,Tier 3 (Specialty),15-30%,0.0,0.5,No,No
29032990,29,Organic Chemicals,OTHERS-OF-OTHER-SATURATED FLUORINATED DERIVATIVES OF ACYCLIC-HYDROC...,0.0,13.62,,3.0,High,Tier 3 (Specialty),15-30%,2.0,0.5,No,No
29034100,29,Organic Chemicals,TRIFLUOROMETHANE (HFC-23),0.06,0.16,152.3,5.4,High,Tier 3 (Specialty),15-30%,0.0,0.5,No,No
29034200,29,Organic Chemicals,DIFLUOROMETHANE (HFC-32),23.98,10.94,-54.4,3.0,High,Tier 3 (Specialty),15-30%,1.6,0.5,No,No
29034300,29,Organic Chemicals,"FLUOROMETHANE (HFC-41), 1,2-DIFLUOROETHANC(HFC-152) AND 1,1-DIFLUOR...",11.71,9.59,-18.1,3.0,High,Tier 3 (Specialty),15-30%,1.4,0.5,No,No
29034400,29,Organic Chemicals,"PENTAFLUOROETHANE (HFC-125), 1,1,1-TRIFLUOROETHANE (HFC-143A) AND 1...",7.33,4.5,-38.7,3.0,High,Tier 3 (Specialty),15-30%,0.7,0.5,No,No
29034500,29,Organic Chemicals,"1,1,1,2-TETRAFLUOROETHANE (HFC-134A) AND 1,1,2,2-TETRAFLUOROETHANE ...",29.3,43.66,49.0,5.4,High,Tier 3 (Specialty),15-30%,6.5,0.5,No,No
29034600,29,Organic Chemicals,"1,1,1,2,3,3,3-HEPTAFLUOROPROPANE,1,1,1,2,2,3-HEXAFLUOROPROPANE,HEXA...",12.4,5.54,-55.3,3.0,High,Tier 3 (Specialty),15-30%,0.8,0.5,No,No
29034700,29,Organic Chemicals,"1,1,1,3,3-PENTAFLUOROPROPANE (HFC-245FA) AND 1,1,2,2,3-PENTAFLUOROP...",3.07,3.17,3.3,3.3,High,Tier 3 (Specialty),15-30%,0.5,0.5,No,No
29034800,29,Organic Chemicals,"1,1,3,3-PENTAFLUOROBUTANE (HFC-365MFC) AND 1,1,1,2,2,3,4,5,5,5-DECA...",0.11,0.13,18.3,4.5,High,Tier 3 (Specialty),15-30%,0.0,0.5,No,No
29034900,29,Organic Chemicals,OTHER --UNSATURATED FLUORINATED DERIVATIVES OF ACYCLIC HYDROCARBONS:,0.62,0.57,-9.2,3.0,High,Tier 3 (Specialty),15-30%,0.1,0.5,No,No
29035100,29,Organic Chemicals,"2,3,3,3-Tetrafluoropropene(HFO-1234yf),1,3,3,3-tetrafluoropropene(H...",3.13,3.99,27.5,5.4,High,Tier 3 (Specialty),15-30%,0.6,0.5,No,No
29035990,29,Organic Chemicals,OTHER- BROMINATED OR IODINATED DERIVATIVES OF ACYCLIC  HYDROCARBONS,17.27,19.83,14.8,4.5,High,Tier 3 (Specialty),15-30%,3.0,0.5,No,No
29036100,29,Organic Chemicals,METHYL BROMIDE (BROMOMETHANE),0.05,0.02,-64.5,3.0,High,Tier 3 (Specialty),15-30%,0.0,0.5,No,No
29036200,29,Organic Chemicals,"ETHYLENE DIBROMIDE (ISO) (1,2-DIBROMOETHANE)",0.0,0.0,34.7,5.4,High,Tier 3 (Specialty),15-30%,0.0,0.5,No,No
29036900,29,Organic Chemicals,--OTHER--HALOGENATED DERIVATIVES OF ACYCLIC HYDROCARBONS CONTAINING...,19.41,23.89,23.1,5.4,High,Tier 3 (Specialty),15-30%,3.6,0.5,No,No
29037100,29,Organic Chemicals,CHLORODIFLUOROMETHANE (HCFC-22),0.01,0.0,-93.3,3.0,High,Tier 3 (Specialty),15-30%,0.0,0.5,No,No
29037200,29,Organic Chemicals,DICHLOROTRIFLUOROETHANES (HCFC-123),0.28,0.56,102.7,5.4,High,Tier 3 (Specialty),15-30%,0.1,0.5,No,No
29037300,29,Organic Chemicals,"DICHLOROFLUOROETHANES (HCFC-141, 141B) HALOGENATED DRVTVS OF ACYCLI...",0.0,0.0,,3.0,High,Tier 3 (Specialty),15-30%,0.0,0.5,No,No
29037400,29,Organic Chemicals,"CHLORODIFLUOROETHANES (HCFC-142, 142B) HALOGENATED DRVTVS OF ACYCLI...",10.52,10.15,-3.5,3.0,High,Tier 3 (Specialty),15-30%,1.5,0.5,No,No
29037610,29,Organic Chemicals,BROMOCHLORODIFLUOROMETHANE (HALON-1211),0.3,0.14,-54.9,3.0,High,Tier 3 (Specialty),15-30%,0.0,0.5,No,No
29037620,29,Organic Chemicals,BROMOTRIFLUOROMETHANE (HALON-1301),0.0,1.42,,3.0,High,Tier 3 (Specialty),15-30%,0.2,0.5,No,No
29037711,29,Organic Chemicals,CHLOROTRIFLUOROMETHANE,0.0,0.0,,3.0,High,Tier 3 (Specialty),15-30%,0.0,0.5,No,No
29037712,29,Organic Chemicals,DICHLORODIFLUOROMETHANE,0.0,0.0,,3.0,High,Tier 3 (Specialty),15-30%,0.0,0.5,No,No
29037721,29,Organic Chemicals,CHLORPENTAFLUOROETHANE,0.0,0.0,,3.0,High,Tier 3 (Specialty),15-30%,0.0,0.5,No,No
29037723,29,Organic Chemicals,TRICHLOROTRIFLUOROETHANE,0.0,0.0,,3.0,High,Tier 3 (Specialty),15-30%,0.0,0.5,No,No
29037790,29,Organic Chemicals,"OTHER DERIVATIVES, PERHALOGENATED ONLY WITH  FLUORINE AND CHLORINE",0.25,0.01,-97.3,3.0,High,Tier 3 (Specialty),15-30%,0.0,0.5,No,No
29037800,29,Organic Chemicals,OTHER PERHALOGENATED  DERIVATIVES,0.02,0.0,-87.6,3.0,High,Tier 3 (Specialty),15-30%,0.0,0.5,No,No
29037900,29,Organic Chemicals,*OTHER,2.05,0.0,,3.0,High,Tier 3 (Specialty),15-30%,0.0,0.5,No,No
29037930,29,Organic Chemicals,"DERIVATIVES OF METHANE, ETHANE OR PROPANE HALOGENATED ONLY WITH FLU...",0.0,0.81,,3.0,High,Tier 3 (Specialty),15-30%,0.1,0.5,No,No
29037990,29,Organic Chemicals,OTHERS-OF-OTHER HALOGENATED DERIVATIVES OF ACYCLIC HYDROCARBONS CON...,0.0,5.59,,3.0,High,Tier 3 (Specialty),15-30%,0.8,0.5,No,No
29038100,29,Organic Chemicals,"1,2,3,4,5,6-HEXACHLOROCYCLOHEXANE(HCH (ISO)), INCLUDING LINDANE (IS...",0.0,0.0,1204.9,5.4,High,Tier 3 (Specialty),15-30%,0.0,0.5,No,No
29038900,29,Organic Chemicals,"*OTHER HALOGENATED DERIVATIVES OF CYCLANIC, CYCLENIC OR CYCLOTERPEN...",3.28,0.0,,3.0,High,Tier 3 (Specialty),15-30%,0.0,0.5,No,No
29038990,29,Organic Chemicals,"OTHERS-OF-OTHER HALOGENATED DERIVATIVES OF CYCLANIC, CYCLENIC OR CY...",0.0,2.94,,3.0,High,Tier 3 (Specialty),15-30%,0.4,0.5,No,No
29039110,29,Organic Chemicals,CHLOROBENZENE (MONOCHLORO),0.47,0.5,6.5,3.3,High,Tier 3 (Specialty),15-30%,0.1,0.5,No,No
29039120,29,Organic Chemicals,O - DICHLOROBENZENE (ORTHODICHLOROBENZENE),0.87,1.09,26.1,5.4,High,Tier 3 (Specialty),15-30%,0.2,0.5,No,No
29039130,29,Organic Chemicals,P - DICHLOROBENZENE (PARADICHLOROBENZENE),0.61,0.37,-39.8,3.0,High,Tier 3 (Specialty),15-30%,0.1,0.5,No,No
29039229,29,Organic Chemicals,OTHER DDT,0.02,0.0,-76.6,3.0,High,Tier 3 (Specialty),15-30%,0.0,0.5,No,No
29039300,29,Organic Chemicals,PENTACHLOROBENZENE (ISO),0.0,0.0,,3.0,High,Tier 3 (Specialty),15-30%,0.0,0.5,No,No
29039910,29,Organic Chemicals,CHLOROFLUOROBENZENE,3.21,1.9,-41.0,3.0,High,Tier 3 (Specialty),15-30%,0.3,0.5,No,No
29039920,29,Organic Chemicals,BENZALCHLORIDE (BENZYL DICHLORIDE),0.02,0.12,548.2,5.4,High,Tier 3 (Specialty),15-30%,0.0,0.5,No,No
29039930,29,Organic Chemicals,BENZOTRICHLORIDE,0.64,0.24,-63.5,3.0,High,Tier 3 (Specialty),15-30%,0.0,0.5,No,No
29039940,29,Organic Chemicals,BENZYLCHLORIDE,3.83,2.26,-41.0,3.0,High,Tier 3 (Specialty),15-30%,0.3,0.5,No,No
29039950,29,Organic Chemicals,PARACHLOROTOLUENE (4-CHLOROMETHYL BENZENE),0.82,0.14,-82.9,3.0,High,Tier 3 (Specialty),15-30%,0.0,0.5,No,No
29039960,29,Organic Chemicals,"NAPHTHALENE,CHLORINATED",0.14,0.33,132.7,5.4,High,Tier 3 (Specialty),15-30%,0.0,0.5,No,No
29039990,29,Organic Chemicals,OTHER OF HDG. 290399,124.26,115.2,-7.3,3.6,High,Tier 2.5 (Quick-win),60-75%,69.1,0.8,Yes,No
29041010,29,Organic Chemicals,BENZENE SULPHONIC ACID,2.35,2.36,0.7,3.3,High,Tier 3 (Specialty),15-30%,0.4,0.5,No,No
29041020,29,Organic Chemicals,1:5 NAPTHLN DISULPHNC ACID(ARMSSTRNG ACID),0.01,0.0,-97.0,3.0,High,Tier 3 (Specialty),15-30%,0.0,0.5,No,No
29041030,29,Organic Chemicals,NAPTHALENE SULPHONIC ACID,0.0,0.0,,3.0,High,Tier 3 (Specialty),15-30%,0.0,0.5,No,No
29041090,29,Organic Chemicals,"OTHR DRVTV CNTNG ONLY SULPHO GROUP,       THEIR SALTS AND ETHYL ESTERS",17.73,13.91,-21.6,3.0,High,Tier 3 (Specialty),15-30%,2.1,0.5,No,No
29042010,29,Organic Chemicals,NITROBENZENE,1.39,1.36,-2.8,3.0,High,Tier 3 (Specialty),15-30%,0.2,0.5,No,No
29042030,29,Organic Chemicals,META NITROTOLUENE,1.5,1.11,-26.1,3.0,High,Tier 3 (Specialty),15-30%,0.2,0.5,No,No
29042040,29,Organic Chemicals,ORTHO NITROTOLUENE,0.0,1.41,495127.4,5.4,High,Tier 3 (Specialty),15-30%,0.2,0.5,No,No
29042050,29,Organic Chemicals,PARA NITROTOLUENE,3.86,3.29,-14.9,3.0,High,Tier 3 (Specialty),15-30%,0.5,0.5,No,No
29042060,29,Organic Chemicals,DINITROTOLUENE,0.0,0.0,172.5,5.4,High,Tier 3 (Specialty),15-30%,0.0,0.5,No,No
29042090,29,Organic Chemicals,OTHR DRVTVS CNTNG ONLY NITRO/NITROSO GRPS,20.66,17.67,-14.5,3.0,High,Tier 3 (Specialty),15-30%,2.7,0.5,No,No
29043100,29,Organic Chemicals,PERFLUOROOCTANE SULPHONIC ACID,0.0,0.0,,3.0,High,Tier 3 (Specialty),15-30%,0.0,0.5,No,No
29043600,29,Organic Chemicals,PERFLUOROOCTANE SULPHONYL FLUORIDE,0.0,0.0,,3.0,High,Tier 3 (Specialty),15-30%,0.0,0.5,No,No
29049100,29,Organic Chemicals,TRICHLORONITROMETHANE (CHLOROPICRIN),0.18,0.34,82.3,5.4,High,Tier 3 (Specialty),15-30%,0.1,0.5,No,No
29049910,29,Organic Chemicals,"2, 5 DICHLORONITROBENZENE",0.0,0.0,,3.0,High,Tier 3 (Specialty),15-30%,0.0,0.5,No,No
29049920,29,Organic Chemicals,DINITROCHLOREBENZENE,0.03,0.01,-69.5,3.0,High,Tier 3 (Specialty),15-30%,0.0,0.5,No,No
29049930,29,Organic Chemicals,META NITROCHLOROBENZENE,6.34,5.22,-17.6,3.0,High,Tier 3 (Specialty),15-30%,0.8,0.5,No,No
29049940,29,Organic Chemicals,ORTHO NITROCHLOROBENZENE,0.0,0.0,,3.0,High,Tier 3 (Specialty),15-30%,0.0,0.5,No,No
29049950,29,Organic Chemicals,PARA NITROCHLOROBENZENE,32.35,12.09,-62.6,3.0,High,Tier 3 (Specialty),15-30%,1.8,0.5,No,No
29049960,29,Organic Chemicals,2-NITROCHLOROTOLUENE,0.0,0.0,,3.0,High,Tier 3 (Specialty),15-30%,0.0,0.5,No,No
29049970,29,Organic Chemicals,SODIUM META NITROCHLOROBENZENE SULPHONATE,0.0,0.01,3674.6,5.4,High,Tier 3 (Specialty),15-30%,0.0,0.5,No,No
29049990,29,Organic Chemicals,"OTHERS-OF-OTHERS-OF-SULPHONATED, NITRATED OR NITROSATED DERIVATIVES...",35.89,45.9,27.9,5.4,High,Tier 3 (Specialty),15-30%,6.9,0.5,No,No
29051100,29,Organic Chemicals,SATURATED METHANOL (METHYL ALCOHOL),917.58,1085.77,18.3,9.0,High,Tier 2 (Dependent),30-50%,325.7,0.7,No,No
29051210,29,Organic Chemicals,PROPYL ALCOHOL,43.25,32.23,-25.5,3.0,High,Tier 3 (Specialty),15-30%,4.8,0.5,No,No
29051220,29,Organic Chemicals,ISOPROPYL ALCOHOL,136.33,74.17,-45.6,3.0,High,Tier 2.5 (Quick-win),60-75%,44.5,0.8,Yes,No
29051300,29,Organic Chemicals,SATURATED BUTAN-1-OL(N-BUTYL ALCOHOL),67.96,46.55,-31.5,3.0,High,Tier 3 (Specialty),15-30%,7.0,0.5,No,No
29051410,29,Organic Chemicals,"ETHAMBUTOL, ETHAMBUTOL HCL",4.5,2.83,-37.1,3.0,High,Tier 3 (Specialty),15-30%,0.4,0.5,No,No
29051420,29,Organic Chemicals,SALBUTAMOL SULPHATE,0.26,0.43,66.9,5.4,High,Tier 3 (Specialty),15-30%,0.1,0.5,No,No
29051430,29,Organic Chemicals,*AMINO BUTANOL,0.01,0.18,1831.7,5.4,High,Tier 3 (Specialty),15-30%,0.0,0.5,No,No
29051490,29,Organic Chemicals,OTHER BUTANOLS,56.27,44.85,-20.3,3.0,High,Tier 3 (Specialty),15-30%,6.7,0.5,No,No
29051610,29,Organic Chemicals,DIMETHYL OCTANOL,0.22,0.26,20.5,5.4,High,Tier 3 (Specialty),15-30%,0.0,0.5,No,No
29051620,29,Organic Chemicals,2-ETHYL HEXANOL,112.07,85.36,-23.8,3.0,High,Tier 2.5 (Quick-win),60-75%,51.2,0.8,Yes,No
29051690,29,Organic Chemicals,OTHER SATURATED OCTANOL,13.68,18.98,38.8,5.4,High,Tier 3 (Specialty),15-30%,2.8,0.5,No,No
29051700,29,Organic Chemicals,SATRTD DDCAN-1-OL(LRYL-ALCHL)HXADECAN-1-  OL(CETYL ALCHL)ANDOCTDECN...,8.76,11.87,35.6,5.4,High,Tier 3 (Specialty),15-30%,1.8,0.5,No,No
29051910,29,Organic Chemicals,"""...3,3-DIMETHYLBUTAN-2-OL (PINACOLYL ALCOHOL)""",0.06,0.0,,3.0,High,Tier 3 (Specialty),15-30%,0.0,0.5,No,No
29051920,29,Organic Chemicals,TRIACONTANOL,0.0,0.0,,3.0,High,Tier 3 (Specialty),15-30%,0.0,0.5,No,No
29051990,29,Organic Chemicals,OTHER SATURATED MONOHYDRIC ALCOHOLS,212.9,184.71,-13.2,3.6,High,Tier 2.5 (Quick-win),60-75%,110.8,0.8,Yes,No
29052210,29,Organic Chemicals,CITRANELLOL,15.19,16.16,6.4,3.3,High,Tier 3 (Specialty),15-30%,2.4,0.5,No,No
29052220,29,Organic Chemicals,GERANIOL,12.68,16.98,33.9,5.4,High,Tier 3 (Specialty),15-30%,2.5,0.5,No,No
29052230,29,Organic Chemicals,LINALOOL,24.46,24.78,1.3,3.3,High,Tier 3 (Specialty),15-30%,3.7,0.5,No,No
29052240,29,Organic Chemicals,RHODINOL,0.03,0.01,-65.4,3.0,High,Tier 3 (Specialty),15-30%,0.0,0.5,No,No
29052250,29,Organic Chemicals,DIHYDROMYRCENOL,1.69,1.86,9.9,3.3,High,Tier 3 (Specialty),15-30%,0.3,0.5,No,No
29052290,29,Organic Chemicals,OTHER UNSATURATED A CYCLIC TERPENE ALCOHOL,7.92,7.45,-5.9,3.0,High,Tier 3 (Specialty),15-30%,1.1,0.5,No,No
29052900,29,Organic Chemicals,OTHER UNSATURATED MONOHYDRIC ALCOHOLS,19.0,23.31,22.7,5.4,High,Tier 3 (Specialty),15-30%,3.5,0.5,No,No
29053100,29,Organic Chemicals,ETHYLENE GLYCOL (ETHANEDIOL),619.04,649.61,4.9,9.9,High,Tier 2 (Dependent),30-50%,194.9,0.7,No,Yes
29053200,29,Organic Chemicals,"PRPPYLENE GLYCOL (PROPANE-1,2-DIOL)",109.94,99.31,-9.7,3.0,High,Tier 2.5 (Quick-win),60-75%,59.6,0.8,Yes,No
29053910,29,Organic Chemicals,"1,4/1,3/2,3 BUTYLENE GLYCOL(BUTANEDIOL)",5.59,5.15,-7.9,3.0,High,Tier 3 (Specialty),15-30%,0.8,0.5,No,No
29053920,29,Organic Chemicals,HEXYLENE GLYCOL,0.78,1.02,30.7,5.4,High,Tier 3 (Specialty),15-30%,0.2,0.5,No,No
29053990,29,Organic Chemicals,OTHER DIOLS,94.43,114.65,21.4,6.48,High,Tier 2 (Dependent),30-50%,34.4,0.7,Yes,No
29054100,29,Organic Chemicals,"2-ETHYL-2-(HYDROXYMETHYL)PROPANE-1,       3-DIOL (TRIMETHYLOLPROPANE)",9.8,7.26,-25.9,3.0,High,Tier 3 (Specialty),15-30%,1.1,0.5,No,No
29054210,29,Organic Chemicals,DIPENTA ERYTHRITOL,0.04,0.33,818.1,5.4,High,Tier 3 (Specialty),15-30%,0.0,0.5,No,No
29054290,29,Organic Chemicals,OTHER PENTAERYTHRITOL,27.93,23.86,-14.6,3.0,High,Tier 3 (Specialty),15-30%,3.6,0.5,No,No
29054300,29,Organic Chemicals,MANNITOL,51.91,51.9,-0.0,3.0,High,Tier 2.5 (Quick-win),60-75%,31.1,0.8,Yes,No
29054400,29,Organic Chemicals,D-GLUCITOL (SORBITOL),10.78,10.41,-3.5,3.0,High,Tier 3 (Specialty),15-30%,1.6,0.5,No,No
29054500,29,Organic Chemicals,GLYCEROL,57.71,84.66,46.7,5.4,High,Tier 2.5 (Quick-win),60-75%,50.8,0.8,Yes,No
29054900,29,Organic Chemicals,OTHER POLYHYDRIC ALCOHOLS,13.22,9.83,-25.6,3.0,High,Tier 3 (Specialty),15-30%,1.5,0.5,No,No
29055900,29,Organic Chemicals,OTHER ACYLIC ALCOHOLS,14.82,15.52,4.7,3.3,High,Tier 3 (Specialty),15-30%,2.3,0.5,No,No
29061110,29,Organic Chemicals,NATURAL MENTHOL,16.89,6.15,-63.6,3.0,High,Tier 3 (Specialty),15-30%,0.9,0.5,No,No
29061190,29,Organic Chemicals,OTHERS-OF-MENTHOL,132.2,148.31,12.2,5.4,High,Tier 2.5 (Quick-win),60-75%,89.0,0.8,Yes,No
29061200,29,Organic Chemicals,CYCLHXNL MTHYLCYCLHXNLSANDDIMTHYL CYCLHXNLS,0.43,0.7,63.5,5.4,High,Tier 3 (Specialty),15-30%,0.1,0.5,No,No
29061310,29,Organic Chemicals,CHOLESTEROL,4.9,7.86,60.6,5.4,High,Tier 3 (Specialty),15-30%,1.2,0.5,No,No
29061390,29,Organic Chemicals,OTHER STEROLS AND INOSITOLS,4.27,2.16,-49.4,3.0,High,Tier 3 (Specialty),15-30%,0.3,0.5,No,No
29061910,29,Organic Chemicals,BERNEOL,0.32,0.24,-25.9,3.0,High,Tier 3 (Specialty),15-30%,0.0,0.5,No,No
29061990,29,Organic Chemicals,"OTHER CYCLANIC, CYCLENIC OR CYCLOTERPENIC ALCOHOLS",72.38,84.9,17.3,4.5,High,Tier 2.5 (Quick-win),60-75%,50.9,0.8,Yes,No
29062100,29,Organic Chemicals,BENZYL ALCOHOL,4.3,2.32,-46.0,3.0,High,Tier 3 (Specialty),15-30%,0.3,0.5,No,No
29062910,29,Organic Chemicals,CHINNAMIC ALCOHOL,0.53,0.36,-32.8,3.0,High,Tier 3 (Specialty),15-30%,0.1,0.5,No,No
29062920,29,Organic Chemicals,PHENYLETHYL ALCOHOL,2.42,2.23,-8.0,3.0,High,Tier 3 (Specialty),15-30%,0.3,0.5,No,No
29062990,29,Organic Chemicals,OTHER AROMATIC ALCOHOL,57.54,66.49,15.6,4.5,High,Tier 2.5 (Quick-win),60-75%,39.9,0.8,Yes,No
29071110,29,Organic Chemicals,"PHENOL,PURE CARBOLIC ACID",263.48,233.71,-11.3,3.6,High,Tier 2.5 (Quick-win),60-75%,140.2,0.8,Yes,No
29071190,29,Organic Chemicals,OTHER PHENOL AND ITS SALTS,4.22,6.13,45.2,5.4,High,Tier 3 (Specialty),15-30%,0.9,0.5,No,No
29071210,29,Organic Chemicals,PARA CRESOL (P-CRESOLS),2.16,2.39,10.6,4.5,High,Tier 3 (Specialty),15-30%,0.4,0.5,No,No
29071220,29,Organic Chemicals,CRESYLIC ACID,5.28,5.12,-3.1,3.0,High,Tier 3 (Specialty),15-30%,0.8,0.5,No,No
29071290,29,Organic Chemicals,OTHER CRESOLS AND THEIR SALTS,25.59,16.96,-33.7,3.0,High,Tier 3 (Specialty),15-30%,2.5,0.5,No,No
29071300,29,Organic Chemicals,"OCTYLPHNL NONYLPHNL AND THR ISOMERS,SALTS",23.65,13.47,-43.0,3.0,High,Tier 3 (Specialty),15-30%,2.0,0.5,No,No
29071510,29,Organic Chemicals,ALPHA NAPHTHOL,7.83,9.56,22.0,5.4,High,Tier 3 (Specialty),15-30%,1.4,0.5,No,No
29071520,29,Organic Chemicals,BETA NAPHTHOL,32.76,30.33,-7.4,3.0,High,Tier 3 (Specialty),15-30%,4.5,0.5,No,No
29071590,29,Organic Chemicals,OTHER NAPHTHOLS AND THR SALTS,7.13,5.65,-20.8,3.0,High,Tier 3 (Specialty),15-30%,0.8,0.5,No,No
29071910,29,Organic Chemicals,O-PHENYL PHENOLS,2.31,2.33,0.8,3.3,High,Tier 3 (Specialty),15-30%,0.3,0.5,No,No
29071920,29,Organic Chemicals,P-PHENYL PHENOLS,0.4,0.79,95.8,5.4,High,Tier 3 (Specialty),15-30%,0.1,0.5,No,No
29071930,29,Organic Chemicals,THYMOL,0.09,0.11,21.6,5.4,High,Tier 3 (Specialty),15-30%,0.0,0.5,No,No
29071940,29,Organic Chemicals,PARA TARTIARY BUTYL PHENOL,16.01,11.07,-30.9,3.0,High,Tier 3 (Specialty),15-30%,1.7,0.5,No,No
29071950,29,Organic Chemicals,ALKYL PHENOLS,0.61,1.85,202.2,5.4,High,Tier 3 (Specialty),15-30%,0.3,0.5,No,No
29071990,29,Organic Chemicals,OTHER MONOPHENOLS,53.96,44.34,-17.8,3.0,High,Tier 3 (Specialty),15-30%,6.7,0.5,No,No
29072100,29,Organic Chemicals,RESORCINOL AND ITS SALTS,36.24,22.25,-38.6,3.0,High,Tier 3 (Specialty),15-30%,3.3,0.5,No,No
29072200,29,Organic Chemicals,HYDROQUINONE (QUINOL) AND ITS SALTS,38.81,34.48,-11.2,3.0,High,Tier 3 (Specialty),15-30%,5.2,0.5,No,No
29072300,29,Organic Chemicals,"4,4-ISOPROPYLIDENEPHNL (BISPHNL A,        DIPHENYLOLPROPANE) AND IT...",146.11,165.54,13.3,5.4,High,Tier 2.5 (Quick-win),60-75%,99.3,0.8,Yes,No
29072910,29,Organic Chemicals,1:5 DIHYDROXY NAPTHALENE,0.03,0.01,-73.2,3.0,High,Tier 3 (Specialty),15-30%,0.0,0.5,No,No
29072920,29,Organic Chemicals,TRIS (P-HYDROXY PHENYL) ETHANE,0.2,0.15,-24.3,3.0,High,Tier 3 (Specialty),15-30%,0.0,0.5,No,No
29072930,29,Organic Chemicals,TERTIARY BUTYL HYDROQUINONE,0.22,0.0,,3.0,High,Tier 3 (Specialty),15-30%,0.0,0.5,No,No
29072990,29,Organic Chemicals,OTHER POLYPHENOLS AND PHENOL ALCOLS NES,12.16,14.43,18.7,4.5,High,Tier 3 (Specialty),15-30%,2.2,0.5,No,No
29081100,29,Organic Chemicals,PENTACHLOROPHENOL (ISO),0.0,0.0,,3.0,High,Tier 3 (Specialty),15-30%,0.0,0.5,No,No
29081900,29,Organic Chemicals,OTHER DERIVTVS CONTAINING ONLY HALOGEN    SUBSTITUENTS AND THEIR SALTS,10.88,14.73,35.4,5.4,High,Tier 3 (Specialty),15-30%,2.2,0.5,No,No
29089910,29,Organic Chemicals,PARA NITROPHENOL,0.04,0.0,-96.1,3.0,High,Tier 3 (Specialty),15-30%,0.0,0.5,No,No
29089920,29,Organic Chemicals,MUSK XYLOL,0.61,0.75,22.6,5.4,High,Tier 3 (Specialty),15-30%,0.1,0.5,No,No
29089990,29,Organic Chemicals,OTHER HLGNTD SLPHNTD NITRATED/NITROSTD    DRVTVS OF PHENOLS/PHENOL-...,10.35,8.41,-18.7,3.0,High,Tier 3 (Specialty),15-30%,1.3,0.5,No,No
29091100,29,Organic Chemicals,DIETHYL ETHER,0.54,0.41,-23.9,3.0,High,Tier 3 (Specialty),15-30%,0.1,0.5,No,No
29091910,29,Organic Chemicals,TERTIARY AMYL METHYL ETHER,0.03,0.28,827.9,5.4,High,Tier 3 (Specialty),15-30%,0.0,0.5,No,No
29091920,29,Organic Chemicals,METHYL TERTIARY BUTYL ETHER (MTBE),3.03,0.42,-86.2,3.0,High,Tier 3 (Specialty),15-30%,0.1,0.5,No,No
29091990,29,Organic Chemicals,"OTHERS-OF-OTHR ACYCLIC ETHRS AND THR HALGNTD,SLPHNTDNITRATED OR NIT...",52.19,37.17,-28.8,3.0,High,Tier 3 (Specialty),15-30%,5.6,0.5,No,No
29092000,29,Organic Chemicals,"CYCLANIC,CYCLENIC/CYCLTRPENC ETHRS AND THIR HALGNTD SLPHNTD NITRTD/...",4.35,6.04,39.0,5.4,High,Tier 3 (Specialty),15-30%,0.9,0.5,No,No
29093011,29,Organic Chemicals,4-CHLORO-2-NITRO ANISOLE,0.0,0.0,,3.0,High,Tier 3 (Specialty),15-30%,0.0,0.5,No,No
29093013,29,Organic Chemicals,"ETHOXYSULFURON, FAMOXADONE",0.0,0.0,,3.0,High,Tier 3 (Specialty),15-30%,0.0,0.5,No,No
29093019,29,Organic Chemicals,OTHER ANISOLE AND THR DRVTVS,3.53,4.52,28.1,5.4,High,Tier 3 (Specialty),15-30%,0.7,0.5,No,No
29093020,29,Organic Chemicals,DIPHENYL OXIDE,0.17,0.42,151.0,5.4,High,Tier 3 (Specialty),15-30%,0.1,0.5,No,No
29093030,29,Organic Chemicals,MUSK AMBRETTE,4.18,3.94,-5.7,3.0,High,Tier 3 (Specialty),15-30%,0.6,0.5,No,No
29093050,29,Organic Chemicals,"ETHOFENPROX (ETOFENPROX), FOMESAFEN, OXYFLUORFEN",0.0,0.16,,3.0,High,Tier 3 (Specialty),15-30%,0.0,0.5,No,No
29093090,29,Organic Chemicals,OTHER ARMTC ETHRS AND THR HALGNTD ETC DRVTVS,14.69,12.85,-12.5,3.0,High,Tier 3 (Specialty),15-30%,1.9,0.5,No,No
29094100,29,Organic Chemicals,"2,2-OXYDIETHANOL (DIETHYLENE GLYCOL,DIGOL)",19.88,31.28,57.3,5.4,High,Tier 3 (Specialty),15-30%,4.7,0.5,No,No
29094300,29,Organic Chemicals,MONOBUTYL ETHERS OF ETHYLENE GLYCOL       OR OF DIETHYLENE GLYCOL,67.15,69.06,2.8,3.3,High,Tier 2.5 (Quick-win),60-75%,41.4,0.8,Yes,No
29094400,29,Organic Chemicals,OTHER MONOALKYL ETHRS OF ETHYLENE GLYCOL  OR OF DIETHYLENE GLYCOL,8.18,17.22,110.5,5.4,High,Tier 3 (Specialty),15-30%,2.6,0.5,No,No
29094910,29,Organic Chemicals,PHENOXY ETHANOL,0.78,0.53,-32.1,3.0,High,Tier 3 (Specialty),15-30%,0.1,0.5,No,No
29094920,29,Organic Chemicals,1-(4-PHENOXYPHENOXY)PROPAN-2-OL,0.16,0.72,347.1,5.4,High,Tier 3 (Specialty),15-30%,0.1,0.5,No,No
29094990,29,Organic Chemicals,OTHERS-OF-OTHR ETHR-ALCHLS AND THR HALGNTD SLPHNTDNITRATED OR NITRO...,62.91,71.44,13.6,4.5,High,Tier 2.5 (Quick-win),60-75%,42.9,0.8,Yes,No
29095010,29,Organic Chemicals,GUAIACOL,1.96,3.4,74.0,5.4,High,Tier 3 (Specialty),15-30%,0.5,0.5,No,No
29095020,29,Organic Chemicals,ISOEUGENOL,2.15,1.52,-29.4,3.0,High,Tier 3 (Specialty),15-30%,0.2,0.5,No,No
29095030,29,Organic Chemicals,POTASSIUM GUAIACOL SULPHONATE,0.0,0.0,,3.0,High,Tier 3 (Specialty),15-30%,0.0,0.5,No,No
29095040,29,Organic Chemicals,4-METHOXY PHENOL (MONO METHYL ETHER OF HYDROQUINONE),0.15,0.93,504.1,5.4,High,Tier 3 (Specialty),15-30%,0.1,0.5,No,No
29095050,29,Organic Chemicals,BUTYLATED HYDROXYANISOLE (BHA),0.02,0.01,-45.9,3.0,High,Tier 3 (Specialty),15-30%,0.0,0.5,No,No
29095090,29,Organic Chemicals,"OTHER ETHR-PHNLS,ETHR ALCHL-PHNLS",8.67,9.11,5.1,3.3,High,Tier 3 (Specialty),15-30%,1.4,0.5,No,No
29096000,29,Organic Chemicals,"*ALCHL PEROXIDES,ETHR PEROXIDES,KETONE     PEROXIDES AND THR HALGNT...",50.1,0.0,,3.0,High,Tier 3 (Specialty),15-30%,0.0,0.5,No,No
29096010,29,Organic Chemicals,"MCPA, AMINE SALT",0.0,0.1,,3.0,High,Tier 3 (Specialty),15-30%,0.0,0.5,No,No
29096090,29,Organic Chemicals,"OTHERS-OF-ALCHL PEROXIDES,ETHR PEROXIDES,KETONE PEROXIDES AND THR H...",0.0,44.33,,3.0,High,Tier 3 (Specialty),15-30%,6.6,0.5,No,No
29101000,29,Organic Chemicals,OXIRANE (ETHYLENE OXIDE),1.69,1.75,3.8,3.3,High,Tier 3 (Specialty),15-30%,0.3,0.5,No,No
29102000,29,Organic Chemicals,METHYLOXIRANE (PROPYLENE OXIDE),58.37,43.68,-25.2,3.0,High,Tier 3 (Specialty),15-30%,6.6,0.5,No,No
29103000,29,Organic Chemicals,"1-CHLORO-2,3-EPOXYPRPNE(EPICHLOROPHYDRIN)",70.57,106.98,51.6,6.48,High,Tier 2 (Dependent),30-50%,32.1,0.7,Yes,No
29109000,29,Organic Chemicals,"*OTHER EPOXIDES, EPOXYALCHLS, EPOXYPHENOLS AND EPOXYETHRS, AND THR ...",27.52,0.0,,3.0,High,Tier 3 (Specialty),15-30%,0.0,0.5,No,No
29109010,29,Organic Chemicals,EPOXYCONAZOLE,0.0,0.19,,3.0,High,Tier 3 (Specialty),15-30%,0.0,0.5,No,No
29109090,29,Organic Chemicals,"OTHERS-OF-OTHER EPOXIDES,EPOXY ALCHLS ETC",0.0,37.99,,3.0,High,Tier 3 (Specialty),15-30%,5.7,0.5,No,No
29110010,29,Organic Chemicals,ACETALS AND HEMIACETALS W/N WITH OTHER    OXYGEN FN.,1.0,1.2,19.5,4.5,High,Tier 3 (Specialty),15-30%,0.2,0.5,No,No
29110090,29,Organic Chemicals,OTHER ACTLS LHEMIACTLS,3.89,4.0,2.7,3.3,High,Tier 3 (Specialty),15-30%,0.6,0.5,No,No
29121100,29,Organic Chemicals,METHANAL (FORMALDEHYDE),0.07,0.09,26.6,5.4,High,Tier 3 (Specialty),15-30%,0.0,0.5,No,No
29121200,29,Organic Chemicals,ETHANAL (ACETALDEHYDE),0.4,0.48,21.1,5.4,High,Tier 3 (Specialty),15-30%,0.1,0.5,No,No
29121910,29,Organic Chemicals,CROTONALDEHYDE,0.13,0.17,32.7,5.4,High,Tier 3 (Specialty),15-30%,0.0,0.5,No,No
29121920,29,Organic Chemicals,HEPTALDEHYDE (HEPTANAL),0.06,0.04,-32.7,3.0,High,Tier 3 (Specialty),15-30%,0.0,0.5,No,No
29121930,29,Organic Chemicals,GLYOXAL,5.3,5.4,2.0,3.3,High,Tier 3 (Specialty),15-30%,0.8,0.5,No,No
29121990,29,Organic Chemicals,OTHER ACYCLIC ALDEHYDS WITHOUT OTHER OXYGN FUNCTION,73.37,68.1,-7.2,3.0,High,Tier 2.5 (Quick-win),60-75%,40.9,0.8,Yes,No
29122100,29,Organic Chemicals,BENZALDEHYDE,15.92,17.98,12.9,4.5,High,Tier 3 (Specialty),15-30%,2.7,0.5,No,No
29122910,29,Organic Chemicals,CINNAMIC ALDEHYDE,0.46,0.27,-40.8,3.0,High,Tier 3 (Specialty),15-30%,0.0,0.5,No,No
29122920,29,Organic Chemicals,PHENYL ACETALDEHYDE,0.13,0.26,105.7,5.4,High,Tier 3 (Specialty),15-30%,0.0,0.5,No,No
29122930,29,Organic Chemicals,HEXYL CINNAMIC ALDEHYDE,0.65,0.5,-23.0,3.0,High,Tier 3 (Specialty),15-30%,0.1,0.5,No,No
29122990,29,Organic Chemicals,OTHER CYCLC ALDHYDS WITHOUT OTHR OXYGEN FN,72.35,59.43,-17.9,3.0,High,Tier 2.5 (Quick-win),60-75%,35.7,0.8,Yes,No
29124100,29,Organic Chemicals,VANILLIN(4-HYDROXY-3METHOXY BENZALDEHYDE),17.8,22.11,24.2,5.4,High,Tier 3 (Specialty),15-30%,3.3,0.5,No,No
29124200,29,Organic Chemicals,ETHYLVANILIN (3-ETHOXY-4-HYDROXYBNZLDHYD),10.26,10.05,-2.0,3.0,High,Tier 3 (Specialty),15-30%,1.5,0.5,No,No
29124910,29,Organic Chemicals,ANISIC ALDEHYDE,1.66,1.49,-10.1,3.0,High,Tier 3 (Specialty),15-30%,0.2,0.5,No,No
29124930,29,Organic Chemicals,THIACETAZONE,0.01,0.0,,3.0,High,Tier 3 (Specialty),15-30%,0.0,0.5,No,No
29124940,29,Organic Chemicals,"3,4,5-TRIMETHOXY-BENZALDEHYEDE",0.4,0.37,-6.4,3.0,High,Tier 3 (Specialty),15-30%,0.1,0.5,No,No
29124991,29,Organic Chemicals,ALDEHYDE-ALCOHOLS,0.21,0.19,-13.2,3.0,High,Tier 3 (Specialty),15-30%,0.0,0.5,No,No
29124999,29,Organic Chemicals,"OTHERS-OF-OTHR ALDHYD-ETHR,ALDHYD-PHNLAND OTHR ALDHYD",13.0,13.47,3.6,3.3,High,Tier 3 (Specialty),15-30%,2.0,0.5,No,No
29125000,29,Organic Chemicals,*CYCLIC POLYMERSOF ALDEHYDES,0.03,0.0,,3.0,High,Tier 3 (Specialty),15-30%,0.0,0.5,No,No
29125010,29,Organic Chemicals,METALDEHYDE,0.0,0.0,,3.0,High,Tier 3 (Specialty),15-30%,0.0,0.5,No,No
29125090,29,Organic Chemicals,OTHERS-OF-CYCLIC POLYMERSOF ALDEHYDES,0.0,0.15,,3.0,High,Tier 3 (Specialty),15-30%,0.0,0.5,No,No
29126000,29,Organic Chemicals,PARA FORMALDEHYDE,18.17,14.85,-18.3,3.0,High,Tier 3 (Specialty),15-30%,2.2,0.5,No,No
29130010,29,Organic Chemicals,ORTHO-CHLORO-BENZALDEHYDE,3.02,2.48,-17.9,3.0,High,Tier 3 (Specialty),15-30%,0.4,0.5,No,No
29130090,29,Organic Chemicals,OTHER HLGNTD  SLPHNTD ETC DRVTVS,17.88,20.15,12.7,4.5,High,Tier 3 (Specialty),15-30%,3.0,0.5,No,No
29141100,29,Organic Chemicals,ACETONE,133.83,87.41,-34.7,3.0,High,Tier 2.5 (Quick-win),60-75%,52.4,0.8,Yes,No
29141200,29,Organic Chemicals,BUTANONE (METHYL ETHYL KETONE),53.01,42.23,-20.3,3.0,High,Tier 3 (Specialty),15-30%,6.3,0.5,No,No
29141300,29,Organic Chemicals,4-MTHYLPENTAN-2-ONE(MTHYL ISOBTYL KETONE),72.53,44.74,-38.3,3.0,High,Tier 3 (Specialty),15-30%,6.7,0.5,No,No
29141910,29,Organic Chemicals,IS0PH0R0N,7.08,4.22,-40.4,3.0,High,Tier 3 (Specialty),15-30%,0.6,0.5,No,No
29141990,29,Organic Chemicals,OTHER ACYLC KETONES WITHOUT OTHR OXYGN FN.,42.83,38.85,-9.3,3.0,High,Tier 3 (Specialty),15-30%,5.8,0.5,No,No
29142200,29,Organic Chemicals,CYCLOHEXANONE AND METHYL CYCLOHEXANONES,65.45,48.76,-25.5,3.0,High,Tier 3 (Specialty),15-30%,7.3,0.5,No,No
29142310,29,Organic Chemicals,BETA-IONONE,5.59,9.12,63.3,5.4,High,Tier 3 (Specialty),15-30%,1.4,0.5,No,No
29142320,29,Organic Chemicals,PSEUD0 I0N0NE,0.8,0.17,-78.8,3.0,High,Tier 3 (Specialty),15-30%,0.0,0.5,No,No
29142390,29,Organic Chemicals,OTHER IONONE AND METHYLLIOMONES,10.93,12.1,10.7,4.5,High,Tier 3 (Specialty),15-30%,1.8,0.5,No,No
29142910,29,Organic Chemicals,L-CARAVONE,2.84,3.46,21.7,5.4,High,Tier 3 (Specialty),15-30%,0.5,0.5,No,No
29142921,29,Organic Chemicals,NATURAL,4.12,17.02,313.2,5.4,High,Tier 3 (Specialty),15-30%,2.6,0.5,No,No
29142922,29,Organic Chemicals,SYNTHETIC,3.98,1.26,-68.4,3.0,High,Tier 3 (Specialty),15-30%,0.2,0.5,No,No
29142930,29,Organic Chemicals,PENTYL-2-CYCLOPENTEN-1-ONE,0.0,0.42,,3.0,High,Tier 3 (Specialty),15-30%,0.1,0.5,No,No
29142940,29,Organic Chemicals,CYCLOHEXANE DIONE,0.69,0.21,-69.5,3.0,High,Tier 3 (Specialty),15-30%,0.0,0.5,No,No
29142950,29,Organic Chemicals,"7-ACETYL,  1,2,3,4,5,6,7,8-OCTAHYDRO, 1,1, 6,7- TETRA METHYL NAPHTH...",0.03,0.0,-99.4,3.0,High,Tier 3 (Specialty),15-30%,0.0,0.5,No,No
29142990,29,Organic Chemicals,OTHER CYCLANIC ETC KETONES WITHOUT OTHER  OXYGN FN.,102.7,89.48,-12.9,3.0,High,Tier 2.5 (Quick-win),60-75%,53.7,0.8,Yes,No
29143100,29,Organic Chemicals,PHENYLACETONE,0.0,0.0,,3.0,High,Tier 3 (Specialty),15-30%,0.0,0.5,No,No
29143910,29,Organic Chemicals,ACETONE PHENONE,7.75,6.58,-15.1,3.0,High,Tier 3 (Specialty),15-30%,1.0,0.5,No,No
29143930,29,Organic Chemicals,BENZOPHENONE,4.54,3.22,-29.1,3.0,High,Tier 3 (Specialty),15-30%,0.5,0.5,No,No
29143940,29,Organic Chemicals,DIBENZANTHRONE (VIOLANTHRONE),0.02,0.0,,3.0,High,Tier 3 (Specialty),15-30%,0.0,0.5,No,No
29143990,29,Organic Chemicals,OTHER AROMATIC KETONES WITHOUT OTHER      OXYGNFN.,20.4,21.96,7.7,3.3,High,Tier 3 (Specialty),15-30%,3.3,0.5,No,No
29144000,29,Organic Chemicals,KETONE-ALCOHOLS AND KETONE ALDEHYDES,5.56,4.86,-12.5,3.0,High,Tier 3 (Specialty),15-30%,0.7,0.5,No,No
29145000,29,Organic Chemicals,KETONE-PHNLS AND KETONS WTHOTHR OXYGN FNCTN,12.16,11.13,-8.4,3.0,High,Tier 3 (Specialty),15-30%,1.7,0.5,No,No
29146100,29,Organic Chemicals,ANTHRAQUINONE,9.14,7.1,-22.4,3.0,High,Tier 3 (Specialty),15-30%,1.1,0.5,No,No
29146200,29,Organic Chemicals,COENZYME Q10 (UBIDECARENONE (INN)),12.89,16.81,30.4,5.4,High,Tier 3 (Specialty),15-30%,2.5,0.5,No,No
29146910,29,Organic Chemicals,1:4 DIHYDROXY ANTHRAQUINONE (QUINIZARIN),4.39,3.35,-23.7,3.0,High,Tier 3 (Specialty),15-30%,0.5,0.5,No,No
29146920,29,Organic Chemicals,METHYL ANTHRAQUINONE,0.01,0.01,-2.0,3.0,High,Tier 3 (Specialty),15-30%,0.0,0.5,No,No
29146990,29,Organic Chemicals,OTHER QUINONES,22.74,20.26,-10.9,3.0,High,Tier 3 (Specialty),15-30%,3.0,0.5,No,No
29147100,29,Organic Chemicals,CHLORDECONE (ISO),0.01,0.23,3064.8,5.4,High,Tier 3 (Specialty),15-30%,0.0,0.5,No,No
29147910,29,Organic Chemicals,1-CHLORO ANTHRAQUINONE,0.38,0.44,15.6,4.5,High,Tier 3 (Specialty),15-30%,0.1,0.5,No,No
29147920,29,Organic Chemicals,MUSK KETONE,4.23,3.7,-12.4,3.0,High,Tier 3 (Specialty),15-30%,0.6,0.5,No,No
29147930,29,Organic Chemicals,TRI FLUORO METHYL ACETOPHENONE,1.58,0.11,-93.2,3.0,High,Tier 3 (Specialty),15-30%,0.0,0.5,No,No
29147940,29,Organic Chemicals,CHLORO-4-(4-CHLORO PHENOXY) ACETOPHENONE,0.0,0.6,30085.2,5.4,High,Tier 3 (Specialty),15-30%,0.1,0.5,No,No
29147950,29,Organic Chemicals,DICHLOROACETOPHENONE,0.28,0.61,112.4,5.4,High,Tier 3 (Specialty),15-30%,0.1,0.5,No,No
29147990,29,Organic Chemicals,"OTHERS-OF-OTHERS-OF-KTNS AND QUINONES,W/N WTH OTHR OXYGN FNCTN, THR...",37.89,46.23,22.0,5.4,High,Tier 3 (Specialty),15-30%,6.9,0.5,No,No
29151100,29,Organic Chemicals,FORMIC ACID,15.23,21.64,42.1,5.4,High,Tier 3 (Specialty),15-30%,3.2,0.5,No,No
29151210,29,Organic Chemicals,SODIUM FORMATE,13.29,10.94,-17.6,3.0,High,Tier 3 (Specialty),15-30%,1.6,0.5,No,No
29151290,29,Organic Chemicals,OTHER SALTS OF FORMIC ACID,13.51,13.61,0.7,3.3,High,Tier 3 (Specialty),15-30%,2.0,0.5,No,No
29151300,29,Organic Chemicals,ESTERS OF FORMIC ACID,6.74,5.5,-18.4,3.0,High,Tier 3 (Specialty),15-30%,0.8,0.5,No,No
29152100,29,Organic Chemicals,ACETIC ACID,477.43,489.95,2.6,7.92,High,Tier 2 (Dependent),30-50%,147.0,0.7,No,Yes
29152400,29,Organic Chemicals,ACETIC ANHYDRIDE,9.02,6.22,-31.0,3.0,High,Tier 3 (Specialty),15-30%,0.9,0.5,No,No
29152910,29,Organic Chemicals,CALCIUM ACETATE,0.9,0.55,-39.2,3.0,High,Tier 3 (Specialty),15-30%,0.1,0.5,No,No
29152920,29,Organic Chemicals,MAGNESIUM ACETATE,0.1,0.38,281.2,5.4,High,Tier 3 (Specialty),15-30%,0.1,0.5,No,No
29152930,29,Organic Chemicals,MANGANESE ACETATE,0.0,0.0,-74.5,3.0,High,Tier 3 (Specialty),15-30%,0.0,0.5,No,No
29152990,29,Organic Chemicals,OTHER SALTS OF ACETIC ACID,61.19,94.5,54.4,5.4,High,Tier 2.5 (Quick-win),60-75%,56.7,0.8,Yes,No
29153100,29,Organic Chemicals,ETHYL ACETATE,1.29,1.39,7.0,3.3,High,Tier 3 (Specialty),15-30%,0.2,0.5,No,No
29153200,29,Organic Chemicals,VINYL ACETATE,188.89,168.72,-10.7,3.6,High,Tier 2.5 (Quick-win),60-75%,101.2,0.8,Yes,No
29153300,29,Organic Chemicals,N-BUTYL ACETATE,63.12,51.6,-18.2,3.0,High,Tier 2.5 (Quick-win),60-75%,31.0,0.8,Yes,No
29153600,29,Organic Chemicals,DINOSEB (ISO) ACETATE,0.16,0.02,-84.3,3.0,High,Tier 3 (Specialty),15-30%,0.0,0.5,No,No
29153910,29,Organic Chemicals,BENZYL ACETATE,0.21,0.58,168.0,5.4,High,Tier 3 (Specialty),15-30%,0.1,0.5,No,No
29153920,29,Organic Chemicals,BORNYL ACETATE AND ISO BORBYL ACETATE,0.84,0.14,-83.0,3.0,High,Tier 3 (Specialty),15-30%,0.0,0.5,No,No
29153930,29,Organic Chemicals,4INALYL ACETATE,9.86,8.6,-12.8,3.0,High,Tier 3 (Specialty),15-30%,1.3,0.5,No,No
29153940,29,Organic Chemicals,METHYL ACETATE,1.18,1.39,17.6,4.5,High,Tier 3 (Specialty),15-30%,0.2,0.5,No,No
29153950,29,Organic Chemicals,PHENYL PROPYL ACETATE,0.01,0.07,386.9,5.4,High,Tier 3 (Specialty),15-30%,0.0,0.5,No,No
29153960,29,Organic Chemicals,TERPINYL ACETATE,0.37,0.66,79.6,5.4,High,Tier 3 (Specialty),15-30%,0.1,0.5,No,No
29153970,29,Organic Chemicals,ORTHO TERTIARY BUTYL CYCLOHEXYL ACETATE,0.07,0.0,-99.0,3.0,High,Tier 3 (Specialty),15-30%,0.0,0.5,No,No
29153980,29,Organic Chemicals,PARA TERTIARY BUTYL CYCLOHEXYL ACETATE,0.4,0.22,-46.0,3.0,High,Tier 3 (Specialty),15-30%,0.0,0.5,No,No
29153991,29,Organic Chemicals,METHYL CYCLOHEXYL ACETATE,0.0,0.31,,3.0,High,Tier 3 (Specialty),15-30%,0.0,0.5,No,No
29153992,29,Organic Chemicals,ETHYLENE GLYCOL MONO ETHYL ETHER ACETATE,0.52,0.62,18.9,4.5,High,Tier 3 (Specialty),15-30%,0.1,0.5,No,No
29153999,29,Organic Chemicals,OTHERS-OF-OTHER ESTERS OF ACETIC ACID,89.37,77.88,-12.9,3.0,High,Tier 2.5 (Quick-win),60-75%,46.7,0.8,Yes,No
29154010,29,Organic Chemicals,"MONOCHLOROACETIC ACID,THR SALTS AND ESTERS",2.28,1.2,-47.6,3.0,High,Tier 3 (Specialty),15-30%,0.2,0.5,No,No
29154020,29,Organic Chemicals,"DICHLOROACETIC ACID,THEIR SALTS AND ESTERS",0.06,0.04,-33.6,3.0,High,Tier 3 (Specialty),15-30%,0.0,0.5,No,No
29154030,29,Organic Chemicals,"TRICHLORO ACETIC ACID,THEIR SALTS AND ESTERS",0.02,0.02,17.1,4.5,High,Tier 3 (Specialty),15-30%,0.0,0.5,No,No
29155000,29,Organic Chemicals,PROPIONIC ACID ITS SALTS AND ESTERS,46.36,33.06,-28.7,3.0,High,Tier 3 (Specialty),15-30%,5.0,0.5,No,No
29156010,29,Organic Chemicals,"BUTANOIC ACIDS,THR SLTS AND ESTRS",69.49,79.84,14.9,4.5,High,Tier 2.5 (Quick-win),60-75%,47.9,0.8,Yes,No
29156020,29,Organic Chemicals,"PENTANOIC ACIDS, THR SLTS AND ESTRS",6.5,7.48,15.1,4.5,High,Tier 3 (Specialty),15-30%,1.1,0.5,No,No
29157010,29,Organic Chemicals,PALMITIC ACID,4.39,5.18,18.0,4.5,High,Tier 3 (Specialty),15-30%,0.8,0.5,No,No
29157020,29,Organic Chemicals,STEARIC ACID,10.03,8.93,-11.0,3.0,High,Tier 3 (Specialty),15-30%,1.3,0.5,No,No
29157030,29,Organic Chemicals,GLYCEROL MONOSTEARATE,11.7,12.89,10.2,4.5,High,Tier 3 (Specialty),15-30%,1.9,0.5,No,No
29157040,29,Organic Chemicals,HCO FATTY ACID(INCL 12-HYDROXY STEARC ACD),0.23,0.14,-39.7,3.0,High,Tier 3 (Specialty),15-30%,0.0,0.5,No,No
29157050,29,Organic Chemicals,D.C.0. FATTY ACID,0.98,0.69,-29.2,3.0,High,Tier 3 (Specialty),15-30%,0.1,0.5,No,No
29157090,29,Organic Chemicals,"OTHER PALMITIC ACID, STEARIC ACID AND THEIR SALTS AND ESTRS",31.37,31.44,0.2,3.3,High,Tier 3 (Specialty),15-30%,4.7,0.5,No,No
29159010,29,Organic Chemicals,*ACETYL CHL0RIDE,2.8,1.78,-36.5,3.0,High,Tier 3 (Specialty),15-30%,0.3,0.5,No,No
29159040,29,Organic Chemicals,PIVALOYL CHLORIDE,1.07,0.83,-22.4,3.0,High,Tier 3 (Specialty),15-30%,0.1,0.5,No,No
29159050,29,Organic Chemicals,N-VALERYL CHLORIDE,0.62,0.08,-87.7,3.0,High,Tier 3 (Specialty),15-30%,0.0,0.5,No,No
29159060,29,Organic Chemicals,N-OCTANOYL CHLORIDE,0.11,0.13,17.8,4.5,High,Tier 3 (Specialty),15-30%,0.0,0.5,No,No
29159070,29,Organic Chemicals,NEODECANOYL CHLORIDE,6.0,6.71,11.9,4.5,High,Tier 3 (Specialty),15-30%,1.0,0.5,No,No
29159080,29,Organic Chemicals,PERFLUOROOCTANOIC ACIDS AND THEIR SALTS,0.0,0.0,,3.0,High,Tier 3 (Specialty),15-30%,0.0,0.5,No,No
29159091,29,Organic Chemicals,HEXOIC ACID (CAPROIC ACID),4.55,2.56,-43.9,3.0,High,Tier 3 (Specialty),15-30%,0.4,0.5,No,No
29159092,29,Organic Chemicals,OCTOIC ACID (CAPRYLIC ACID),17.44,11.89,-31.9,3.0,High,Tier 3 (Specialty),15-30%,1.8,0.5,No,No
29159093,29,Organic Chemicals,TRI FLUORO ACETIC ACID,0.53,1.22,129.7,5.4,High,Tier 3 (Specialty),15-30%,0.2,0.5,No,No
29159094,29,Organic Chemicals,ETHYL DIFLUORO ACETATE,0.0,0.0,,3.0,High,Tier 3 (Specialty),15-30%,0.0,0.5,No,No
29159095,29,Organic Chemicals,ETHYL TRIFLUORO ACETATE,4.63,7.55,63.0,5.4,High,Tier 3 (Specialty),15-30%,1.1,0.5,No,No
29159099,29,Organic Chemicals,"OTHERS-OF-OTHR SATRTD ACYLC,MNOCRBOXYLC ACDS AND THRANHYDRDS,HALDS,...",224.97,269.88,20.0,5.4,High,Tier 2.5 (Quick-win),60-75%,161.9,0.8,Yes,No
29161100,29,Organic Chemicals,ACRYLIC ACID AND ITS SALTS,68.49,78.77,15.0,4.5,High,Tier 2.5 (Quick-win),60-75%,47.3,0.8,Yes,No
29161210,29,Organic Chemicals,BUTYL ACRYLATE,264.85,178.7,-32.5,3.6,High,Tier 2.5 (Quick-win),60-75%,107.2,0.8,Yes,No
29161290,29,Organic Chemicals,OTHER ESTERS OF ACRYLIC ACID,164.89,158.8,-3.7,3.6,High,Tier 2.5 (Quick-win),60-75%,95.3,0.8,Yes,No
29161310,29,Organic Chemicals,METHACRYLIC ACID,37.36,27.85,-25.4,3.0,High,Tier 3 (Specialty),15-30%,4.2,0.5,No,No
29161320,29,Organic Chemicals,SALTS OF METHACRYLIC ACID,0.14,0.04,-68.1,3.0,High,Tier 3 (Specialty),15-30%,0.0,0.5,No,No
29161400,29,Organic Chemicals,ESTERS OF METHACRYLIC ACID,223.77,158.99,-28.9,3.6,High,Tier 2.5 (Quick-win),60-75%,95.4,0.8,Yes,No
29161510,29,Organic Chemicals,OLEIC ACID,0.54,0.35,-35.1,3.0,High,Tier 3 (Specialty),15-30%,0.1,0.5,No,No
29161590,29,Organic Chemicals,OTHER OLEIC LINOLEIC ACIDS AND THEIR SALTS  ANDESTRS,1.66,2.51,51.3,5.4,High,Tier 3 (Specialty),15-30%,0.4,0.5,No,No
29161600,29,Organic Chemicals,BINAPACRYL (ISO),0.0,0.0,,3.0,High,Tier 3 (Specialty),15-30%,0.0,0.5,No,No
29161910,29,Organic Chemicals,UNDECYLANIC ACID,4.27,0.02,-99.6,3.0,High,Tier 3 (Specialty),15-30%,0.0,0.5,No,No
29161920,29,Organic Chemicals,BISMUTH CMPNDS OF UNSATRTD ACYLC MONOACIDS,0.0,0.0,-84.6,3.0,High,Tier 3 (Specialty),15-30%,0.0,0.5,No,No
29161930,29,Organic Chemicals,POTASSIUM CMPNDS OF UNSATRTDS ACYLC       MONDACDS,0.37,0.2,-45.9,3.0,High,Tier 3 (Specialty),15-30%,0.0,0.5,No,No
29161940,29,Organic Chemicals,SODIUM CMPNDS OF UNSATRTD ACYLC MONOACDS,0.1,0.0,-98.0,3.0,High,Tier 3 (Specialty),15-30%,0.0,0.5,No,No
29161950,29,Organic Chemicals,*ESTRS OF UNSATRTD ACYLC MONOACDS NES,0.08,0.0,,3.0,High,Tier 3 (Specialty),15-30%,0.0,0.5,No,No
29161959,29,Organic Chemicals,"OTHERS-OF-OTHR UNSATRTD ACYCLC,MONOCRBOXYLC ACDS, THR ANHYDRDS, HAL...",0.0,0.07,,3.0,High,Tier 3 (Specialty),15-30%,0.0,0.5,No,No
29161960,29,Organic Chemicals,SORBIC ACID,4.26,4.81,13.1,4.5,High,Tier 3 (Specialty),15-30%,0.7,0.5,No,No
29161970,29,Organic Chemicals,ERUCIC ACID,0.16,0.51,219.6,5.4,High,Tier 3 (Specialty),15-30%,0.1,0.5,No,No
29161990,29,Organic Chemicals,"OTHER UNSATRTD ACYCLC , MONOCRBOXYLC ACDS ETC THR DRVTVS",54.7,59.51,8.8,3.3,High,Tier 2.5 (Quick-win),60-75%,35.7,0.8,Yes,No
29162010,29,Organic Chemicals,D. V. ACID CHLORIDE/CYPERMETHRI C ACID CHLORIDE,0.0,0.06,6032.4,5.4,High,Tier 3 (Specialty),15-30%,0.0,0.5,No,No
29162020,29,Organic Chemicals,"Bifenthrin (ISO), Prallethrin",0.0,0.0,,3.0,High,Tier 3 (Specialty),15-30%,0.0,0.5,No,No
29162090,29,Organic Chemicals,"OTHERS-OF-CYCLANIC,CYCLENIC/CYCLOTRPNC MONOCRBOXYLC ACIDS,THEIR ANH...",34.45,38.93,13.0,4.5,High,Tier 3 (Specialty),15-30%,5.8,0.5,No,No
29163110,29,Organic Chemicals,BENZOIC ACID,9.78,11.57,18.3,4.5,High,Tier 3 (Specialty),15-30%,1.7,0.5,No,No
29163120,29,Organic Chemicals,BENZYL BENZOATE,0.6,0.79,31.9,5.4,High,Tier 3 (Specialty),15-30%,0.1,0.5,No,No
29163130,29,Organic Chemicals,METHYL BENZOATE,0.05,0.15,189.8,5.4,High,Tier 3 (Specialty),15-30%,0.0,0.5,No,No
29163140,29,Organic Chemicals,SODIUM BENZOATE,7.18,6.64,-7.5,3.0,High,Tier 3 (Specialty),15-30%,1.0,0.5,No,No
29163150,29,Organic Chemicals,BENZOCAINE (ETHYLPARA-AMINO BENZOATE),0.04,0.1,168.7,5.4,High,Tier 3 (Specialty),15-30%,0.0,0.5,No,No
29163160,29,Organic Chemicals,ORTHOCHLORO BENZOIC ACID,2.2,3.07,39.6,5.4,High,Tier 3 (Specialty),15-30%,0.5,0.5,No,No
29163170,29,Organic Chemicals,DICAMBA,0.0,0.0,,3.0,High,Tier 3 (Specialty),15-30%,0.0,0.5,No,No
29163190,29,Organic Chemicals,OTHER SALTS AND ESTERS OF BENZOIC ACID,25.3,27.43,8.4,3.3,High,Tier 3 (Specialty),15-30%,4.1,0.5,No,No
29163200,29,Organic Chemicals,BENZYL PEROXYD AND BENZOYL CHLRD,7.42,7.31,-1.4,3.0,High,Tier 3 (Specialty),15-30%,1.1,0.5,No,No
29163400,29,Organic Chemicals,*PHENYLACETIC ACID AND ITS SALTS,5.8,1.5,-74.0,3.0,High,Tier 3 (Specialty),15-30%,0.2,0.5,No,No
29163910,29,Organic Chemicals,CINNAMIC ACID,1.45,0.96,-33.6,3.0,High,Tier 3 (Specialty),15-30%,0.1,0.5,No,No
29163920,29,Organic Chemicals,BISMUTH COMPOUNDS OF AROMATIC MONOACIDS,0.0,0.0,1522.0,5.4,High,Tier 3 (Specialty),15-30%,0.0,0.5,No,No
29163940,29,Organic Chemicals,SODIUM COMPOUNDS OF AROMATIC MONOACIDS,0.36,0.37,3.2,3.3,High,Tier 3 (Specialty),15-30%,0.1,0.5,No,No
29163950,29,Organic Chemicals,ESTERS OF AROMATIC MONOACIDS NES,0.23,0.42,87.8,5.4,High,Tier 3 (Specialty),15-30%,0.1,0.5,No,No
29163960,29,Organic Chemicals,DICHLOROPHENYL ACETYL CHLORIDE,0.0,0.01,186.7,5.4,High,Tier 3 (Specialty),15-30%,0.0,0.5,No,No
29163990,29,Organic Chemicals,"OTHER UNSTRD ACYCLIC MONOCRBOXYLC ACDS,   CYCLIC MONOCRBOXYLC ACDS,...",94.53,99.71,5.5,3.3,High,Tier 2.5 (Quick-win),60-75%,59.8,0.8,Yes,No
29171110,29,Organic Chemicals,OXALIC ACID,4.81,4.83,0.3,3.3,High,Tier 3 (Specialty),15-30%,0.7,0.5,No,No
29171120,29,Organic Chemicals,CALCIUM OXALATE,0.0,0.0,177.8,5.4,High,Tier 3 (Specialty),15-30%,0.0,0.5,No,No
29171140,29,Organic Chemicals,DIETHYL OXALATE,0.44,0.46,3.2,3.3,High,Tier 3 (Specialty),15-30%,0.1,0.5,No,No
29171190,29,Organic Chemicals,OTHER SALTS AND ESTERS OF OXALIC ACID,4.43,6.18,39.5,5.4,High,Tier 3 (Specialty),15-30%,0.9,0.5,No,No
29171200,29,Organic Chemicals,ADIPIC ACID ITS SALTS AND ESTERS,86.73,75.22,-13.3,3.0,High,Tier 2.5 (Quick-win),60-75%,45.1,0.8,Yes,No
29171310,29,Organic Chemicals,SEBACIC ACID,6.44,7.29,13.3,4.5,High,Tier 3 (Specialty),15-30%,1.1,0.5,No,No
29171390,29,Organic Chemicals,"OTHERS-OF-AZELAIC ACID,SEBACIC ACID THR SLTS AND ESTRS",2.71,4.9,80.9,5.4,High,Tier 3 (Specialty),15-30%,0.7,0.5,No,No
29171400,29,Organic Chemicals,MALEIC ANHYDRIDE,100.87,90.91,-9.9,3.0,High,Tier 2.5 (Quick-win),60-75%,54.5,0.8,Yes,No
29171910,29,Organic Chemicals,MALEIC ACID,0.17,0.17,-4.3,3.0,High,Tier 3 (Specialty),15-30%,0.0,0.5,No,No
29171920,29,Organic Chemicals,*MALONIC ACID,0.64,1.01,56.5,5.4,High,Tier 3 (Specialty),15-30%,0.2,0.5,No,No
29171930,29,Organic Chemicals,SUCCINIC ACID,1.63,1.88,15.8,4.5,High,Tier 3 (Specialty),15-30%,0.3,0.5,No,No
29171940,29,Organic Chemicals,FERROUS FUMERATE,0.05,0.06,38.8,5.4,High,Tier 3 (Specialty),15-30%,0.0,0.5,No,No
29171950,29,Organic Chemicals,FUMBRIC ACID,3.68,1.76,-52.2,3.0,High,Tier 3 (Specialty),15-30%,0.3,0.5,No,No
29171960,29,Organic Chemicals,ITAC0NIC ACID,0.95,0.77,-19.4,3.0,High,Tier 3 (Specialty),15-30%,0.1,0.5,No,No
29171970,29,Organic Chemicals,ETHOXY METHYLENE MALONATE,19.7,14.29,-27.5,3.0,High,Tier 3 (Specialty),15-30%,2.1,0.5,No,No
29171980,29,Organic Chemicals,ISOPROTHIOLANE,0.0,0.1,,3.0,High,Tier 3 (Specialty),15-30%,0.0,0.5,No,No
29171990,29,Organic Chemicals,OTHR ACYLC PLYCRBOXYLC ACDS AND THR DRVTVS,45.64,40.45,-11.4,3.0,High,Tier 3 (Specialty),15-30%,6.1,0.5,No,No
29172000,29,Organic Chemicals,"CYCLANIC,CYCLENIC/CYCLOTRPNC PLYCRBOXYLC  ACIDS THR ANHYDRDS HALIDE...",41.54,41.29,-0.6,3.0,High,Tier 3 (Specialty),15-30%,6.2,0.5,No,No
29173200,29,Organic Chemicals,DIOCTYL ORTHOPHTHALATES,19.46,18.55,-4.7,3.0,High,Tier 3 (Specialty),15-30%,2.8,0.5,No,No
29173300,29,Organic Chemicals,DINONYL OR DIDECYL ORTHOPHTHALATES,37.1,42.96,15.8,4.5,High,Tier 3 (Specialty),15-30%,6.4,0.5,No,No
29173400,29,Organic Chemicals,OTHER ESTERS OF ORTHOPHTHALIC ACID,2.53,1.81,-28.4,3.0,High,Tier 3 (Specialty),15-30%,0.3,0.5,No,No
29173500,29,Organic Chemicals,PHTHALIC ANHYDRIDE,65.51,47.6,-27.3,3.0,High,Tier 3 (Specialty),15-30%,7.1,0.5,No,No
29173600,29,Organic Chemicals,TEREPHTHALIC ACID AND ITS SALTS,1598.3,1469.2,-8.1,12.0,High,Tier 1 (Load-bearing),50-80%,734.6,0.85,No,Yes
29173700,29,Organic Chemicals,DIMETHYL TEREPHTHALATE,3.48,2.71,-22.1,3.0,High,Tier 3 (Specialty),15-30%,0.4,0.5,No,No
29173910,29,Organic Chemicals,DIBUTYL PHTHALATE,0.18,0.22,20.9,5.4,High,Tier 3 (Specialty),15-30%,0.0,0.5,No,No
29173920,29,Organic Chemicals,DIOCTL PHTHALATE,26.84,19.99,-25.5,3.0,High,Tier 3 (Specialty),15-30%,3.0,0.5,No,No
29173930,29,Organic Chemicals,PHTHALIC ACID,0.05,0.12,116.8,5.4,High,Tier 3 (Specialty),15-30%,0.0,0.5,No,No
29173940,29,Organic Chemicals,DIMETHYL PHTHALATE,0.25,0.36,48.5,5.4,High,Tier 3 (Specialty),15-30%,0.1,0.5,No,No
29173950,29,Organic Chemicals,TRIMELLITIC ANHYDRIDE,12.37,7.67,-38.0,3.0,High,Tier 3 (Specialty),15-30%,1.2,0.5,No,No
29173960,29,Organic Chemicals,ISOPHTHALIC ACID,70.0,29.9,-57.3,3.0,High,Tier 3 (Specialty),15-30%,4.5,0.5,No,No
29173990,29,Organic Chemicals,OTHER ARMTC PLYCRBOXYLIC ACIDS ETC.,80.03,60.59,-24.3,3.0,High,Tier 2.5 (Quick-win),60-75%,36.4,0.8,Yes,No
29181110,29,Organic Chemicals,LACTIC ACID,8.2,8.03,-2.2,3.0,High,Tier 3 (Specialty),15-30%,1.2,0.5,No,No
29181120,29,Organic Chemicals,CALCIUM LACTATE,0.37,0.27,-26.6,3.0,High,Tier 3 (Specialty),15-30%,0.0,0.5,No,No
29181190,29,Organic Chemicals,OTHER SALTS AND ESTERS OF LACTIC ACID,1.79,4.09,128.3,5.4,High,Tier 3 (Specialty),15-30%,0.6,0.5,No,No
29181200,29,Organic Chemicals,TARTARIC ACID,22.84,19.51,-14.5,3.0,High,Tier 3 (Specialty),15-30%,2.9,0.5,No,No
29181310,29,Organic Chemicals,POTASSIUM BITARTRATE,0.02,0.04,51.8,5.4,High,Tier 3 (Specialty),15-30%,0.0,0.5,No,No
29181320,29,Organic Chemicals,METROPROLOL TARTRATE,1.36,1.35,-1.0,3.0,High,Tier 3 (Specialty),15-30%,0.2,0.5,No,No
29181390,29,Organic Chemicals,OTHER SALTS AND ESTERS OF TARTARIC ACID,1.95,3.26,67.3,5.4,High,Tier 3 (Specialty),15-30%,0.5,0.5,No,No
29181400,29,Organic Chemicals,CITRIC ACID,106.43,103.51,-2.8,3.6,High,Tier 2.5 (Quick-win),60-75%,62.1,0.8,Yes,No
29181510,29,Organic Chemicals,POTASSIUM CITRATE,1.86,0.69,-62.9,3.0,High,Tier 3 (Specialty),15-30%,0.1,0.5,No,No
29181520,29,Organic Chemicals,SODIUM CITRATE,2.33,4.4,89.2,5.4,High,Tier 3 (Specialty),15-30%,0.7,0.5,No,No
29181530,29,Organic Chemicals,BISMUTH CIRTRATE,0.02,0.06,283.2,5.4,High,Tier 3 (Specialty),15-30%,0.0,0.5,No,No
29181540,29,Organic Chemicals,DISODIUM HIDROGEN CIRTATE,0.11,0.0,-98.8,3.0,High,Tier 3 (Specialty),15-30%,0.0,0.5,No,No
29181550,29,Organic Chemicals,FERRIC AMMONIUM CITRATE,0.02,0.03,36.4,5.4,High,Tier 3 (Specialty),15-30%,0.0,0.5,No,No
29181590,29,Organic Chemicals,OTHER SALTS AND ESTERS OF CITRIC ACID,7.32,8.6,17.4,4.5,High,Tier 3 (Specialty),15-30%,1.3,0.5,No,No
29181610,29,Organic Chemicals,CALCIUM GLUCONATE,9.06,6.82,-24.7,3.0,High,Tier 3 (Specialty),15-30%,1.0,0.5,No,No
29181620,29,Organic Chemicals,FERROUS GLUCONATE,0.0,0.02,,3.0,High,Tier 3 (Specialty),15-30%,0.0,0.5,No,No
29181690,29,Organic Chemicals,OTHER GLUCONIC ACID ITS SALTS AND ESTERS,34.1,33.43,-2.0,3.0,High,Tier 3 (Specialty),15-30%,5.0,0.5,No,No
29181700,29,Organic Chemicals,"2, 2-DIPHENYL-2-HYDROXYACETIC ACID (BENZILIC ACID)",0.21,0.4,86.3,5.4,High,Tier 3 (Specialty),15-30%,0.1,0.5,No,No
29181910,29,Organic Chemicals,"BENZENEACETIC ACID, ALPHA-HYDROXY-ALPHA-  PHENYL",0.27,0.04,-83.9,3.0,High,Tier 3 (Specialty),15-30%,0.0,0.5,No,No
29181920,29,Organic Chemicals,CHOLIC ACID,32.26,36.04,11.7,4.5,High,Tier 3 (Specialty),15-30%,5.4,0.5,No,No
29181930,29,Organic Chemicals,RICINOLEIC ACID,0.19,0.18,-7.5,3.0,High,Tier 3 (Specialty),15-30%,0.0,0.5,No,No
29181990,29,Organic Chemicals,"OTHER CARBOXYLC ACIDS WITH ADDTNL OXYGN   FUNCTN, THEIR ANYDRIDS, H...",69.26,101.68,46.8,6.48,High,Tier 2 (Dependent),30-50%,30.5,0.7,Yes,No
29182110,29,Organic Chemicals,SALICYLIC ACID,25.53,19.41,-24.0,3.0,High,Tier 3 (Specialty),15-30%,2.9,0.5,No,No
29182120,29,Organic Chemicals,SODIUM SALICYLATE,0.06,0.12,107.1,5.4,High,Tier 3 (Specialty),15-30%,0.0,0.5,No,No
29182190,29,Organic Chemicals,OTHER SALICYLIC ACID AND ITS SALTS,12.67,15.23,20.2,5.4,High,Tier 3 (Specialty),15-30%,2.3,0.5,No,No
29182200,29,Organic Chemicals,0-ACETYLSALICYLIC ACID ITS SALTS AND ESTRS,0.66,0.73,9.3,3.3,High,Tier 3 (Specialty),15-30%,0.1,0.5,No,No
29182310,29,Organic Chemicals,METHYL SALICYLATE,1.49,0.9,-39.8,3.0,High,Tier 3 (Specialty),15-30%,0.1,0.5,No,No
29182320,29,Organic Chemicals,AMINO SALICYLATE,0.0,0.03,,3.0,High,Tier 3 (Specialty),15-30%,0.0,0.5,No,No
29182330,29,Organic Chemicals,SALICYLAMIDE,0.22,0.09,-61.9,3.0,High,Tier 3 (Specialty),15-30%,0.0,0.5,No,No
29182340,29,Organic Chemicals,BENZYL SALICYLATE,0.15,0.17,18.6,4.5,High,Tier 3 (Specialty),15-30%,0.0,0.5,No,No
29182390,29,Organic Chemicals,OTHER ESTERS OF SALICYLIC ACID AND THR SALTS,4.16,3.86,-7.2,3.0,High,Tier 3 (Specialty),15-30%,0.6,0.5,No,No
29182910,29,Organic Chemicals,GALIC ACID,1.02,0.77,-24.2,3.0,High,Tier 3 (Specialty),15-30%,0.1,0.5,No,No
29182920,29,Organic Chemicals,BETA HYDROXY NAPHTHOIC ACID,4.38,6.36,45.4,5.4,High,Tier 3 (Specialty),15-30%,1.0,0.5,No,No
29182930,29,Organic Chemicals,PROPYL GALLATE,0.61,0.39,-35.5,3.0,High,Tier 3 (Specialty),15-30%,0.1,0.5,No,No
29182990,29,Organic Chemicals,OTHER CARBOOXYLIC ACIDS WITH PHNL FN. ETC.,55.78,49.62,-11.0,3.0,High,Tier 3 (Specialty),15-30%,7.4,0.5,No,No
29183010,29,Organic Chemicals,LEVULINIC ACID,0.09,0.18,93.0,5.4,High,Tier 3 (Specialty),15-30%,0.0,0.5,No,No
29183020,29,Organic Chemicals,ETHYL ACETO ACETATE(ACETOACETIC ESTER),2.79,1.72,-38.3,3.0,High,Tier 3 (Specialty),15-30%,0.3,0.5,No,No
29183030,29,Organic Chemicals,NALIDIXIC ACID,0.72,0.6,-16.6,3.0,High,Tier 3 (Specialty),15-30%,0.1,0.5,No,No
29183040,29,Organic Chemicals,METHYL  ACET0 ACETATE,3.58,2.6,-27.4,3.0,High,Tier 3 (Specialty),15-30%,0.4,0.5,No,No
29183090,29,Organic Chemicals,OTHER CRBXYLC ACIDS WITH A LDHYD/KETONE FN BUT WITHOUT OTHET OXYGEN...,71.64,61.69,-13.9,3.0,High,Tier 2.5 (Quick-win),60-75%,37.0,0.8,Yes,No
29189920,29,Organic Chemicals,METHYL (E)-2-[2-(CHLORO METHYL) PHENYL)-3-METHOXYACRYLATE,0.24,0.12,-50.4,3.0,High,Tier 3 (Specialty),15-30%,0.0,0.5,No,No
29189930,29,Organic Chemicals,"2,4-D amine salt,ethyl ester,sodium salt, 2,4-dichlrophenxy acetic ...",0.0,0.0,,3.0,High,Tier 3 (Specialty),15-30%,0.0,0.5,No,No
29189990,29,Organic Chemicals,OTHERS-OF-OTHERS-OF-CRBOXYLC ACDS WTH ADDTNL OXYGN FNCTNANHYDRDS HA...,72.64,63.94,-12.0,3.0,High,Tier 2.5 (Quick-win),60-75%,38.4,0.8,Yes,No
29191000,29,Organic Chemicals,"TRIS(2,3-DIBROMOPROPYL) PHOSPHATE",0.89,1.0,12.1,4.5,High,Tier 3 (Specialty),15-30%,0.1,0.5,No,No
29199010,29,Organic Chemicals,GLYCEROPHOSPHATE ACID,0.0,0.04,1689.2,5.4,High,Tier 3 (Specialty),15-30%,0.0,0.5,No,No
29199020,29,Organic Chemicals,CALCIUM GLYCEROPHOSPHATE,0.01,0.03,351.5,5.4,High,Tier 3 (Specialty),15-30%,0.0,0.5,No,No
29199040,29,Organic Chemicals,SODIUM GLYCEROPHOSPHATE,0.01,0.02,68.7,5.4,High,Tier 3 (Specialty),15-30%,0.0,0.5,No,No
29199050,29,Organic Chemicals,TRICRESYL PHOSPHATE,0.46,1.57,243.6,5.4,High,Tier 3 (Specialty),15-30%,0.2,0.5,No,No
29199090,29,Organic Chemicals,OTHER PHASPHRC ESTERS AND THEIR SALTS,26.22,27.13,3.5,3.3,High,Tier 3 (Specialty),15-30%,4.1,0.5,No,No
29201100,29,Organic Chemicals,PARATHION (ISO) AND PARATHION-METHYL (ISO),0.0,0.01,,3.0,High,Tier 3 (Specialty),15-30%,0.0,0.5,No,No
29201920,29,Organic Chemicals,"THIOPHOSPHORIC ESTERS (PHOSPHOROTHIOATES) AND THEIR SALTS, THEIR BA...",15.29,9.1,-40.5,3.0,High,Tier 3 (Specialty),15-30%,1.4,0.5,No,No
29201930,29,Organic Chemicals,"EDIFENPHOS, FENITROTHION, IPROBENFOS (KITAZIN)",0.0,0.0,,3.0,High,Tier 3 (Specialty),15-30%,0.0,0.5,No,No
29201990,29,Organic Chemicals,OTHER THIOPHOSPRIC ESTRS(PHOSPHORTHIOATES) AND THR SALTS; THR HALGN...,12.61,14.33,13.7,4.5,High,Tier 3 (Specialty),15-30%,2.1,0.5,No,No
29202100,29,Organic Chemicals,DIMETHYL PHOSPHITE,0.1,0.47,376.4,5.4,High,Tier 3 (Specialty),15-30%,0.1,0.5,No,No
29202200,29,Organic Chemicals,DIETHYL PHOSPHITE,0.02,0.0,-96.7,3.0,High,Tier 3 (Specialty),15-30%,0.0,0.5,No,No
29202300,29,Organic Chemicals,TRIMETHYL PHOSPHITE,0.0,0.0,-85.2,3.0,High,Tier 3 (Specialty),15-30%,0.0,0.5,No,No
29202400,29,Organic Chemicals,TRIETHYL PHOSPHITE,0.08,0.04,-51.6,3.0,High,Tier 3 (Specialty),15-30%,0.0,0.5,No,No
29202910,29,Organic Chemicals,DIMETHYL SULPHATE,1.05,0.46,-56.0,3.0,High,Tier 3 (Specialty),15-30%,0.1,0.5,No,No
29202920,29,Organic Chemicals,DIETHYL SULPHATE,0.0,0.0,,3.0,High,Tier 3 (Specialty),15-30%,0.0,0.5,No,No
29202930,29,Organic Chemicals,"TRIS (2, 3 DIBROMOPROPYL) PHOSPHATE",2.38,2.62,9.8,3.3,High,Tier 3 (Specialty),15-30%,0.4,0.5,No,No
29202990,29,Organic Chemicals,OTHERS-OF-OTHERS-OF-ESTRS OF OTHR INORGNC ACIDS(EXCL ESTRS OF HYDRG...,13.1,12.21,-6.8,3.0,High,Tier 3 (Specialty),15-30%,1.8,0.5,No,No
29209000,29,Organic Chemicals,*OTHER,56.4,0.0,,3.0,High,Tier 3 (Specialty),15-30%,0.0,0.5,No,No
29209010,29,Organic Chemicals,PROPERGITE,0.0,0.04,,3.0,High,Tier 3 (Specialty),15-30%,0.0,0.5,No,No
29209090,29,Organic Chemicals,OTHERS-OF-OTR ESTERS OF OTR INORGNC ACDS;THRSLTS ETC,0.0,46.01,,3.0,High,Tier 3 (Specialty),15-30%,6.9,0.5,No,No
29211110,29,Organic Chemicals,DIMETHYL FORMIDE,53.4,32.88,-38.4,3.0,High,Tier 3 (Specialty),15-30%,4.9,0.5,No,No
29211190,29,Organic Chemicals,"FORMAMIDE,N.E.S.",21.14,22.27,5.4,3.3,High,Tier 3 (Specialty),15-30%,3.3,0.5,No,No
29211200,29,Organic Chemicals,"2-(N, N-DIMETHYLAMINO)ETHYLCHLORIDE HYDROCHLORIDE",0.0,0.0,-76.8,3.0,High,Tier 3 (Specialty),15-30%,0.0,0.5,No,No
29211300,29,Organic Chemicals,"2-(N, N-DIETHYLAMINO)ETHYLCHLORIDE HYDROCHLORIDE",0.1,0.0,-99.9,3.0,High,Tier 3 (Specialty),15-30%,0.0,0.5,No,No
29211400,29,Organic Chemicals,"2-(N, N-DIISOPROPYLAMINO)ETHYLCHLORIDE HYDROCHLORIDE",0.0,0.0,,3.0,High,Tier 3 (Specialty),15-30%,0.0,0.5,No,No
29211910,29,Organic Chemicals,"*2-CHLORO N, N-DIISOPROPYL ETHYLAMINE",0.01,0.0,,3.0,High,Tier 3 (Specialty),15-30%,0.0,0.5,No,No
29211911,29,Organic Chemicals,"2-CHLORO N, N-DIISOPROPYL ETHYLAMINE",0.0,0.03,,3.0,High,Tier 3 (Specialty),15-30%,0.0,0.5,No,No
29211912,29,Organic Chemicals,"2-CHLORO N, N-DIMETHYL ETHANAMINE",0.0,0.0,,3.0,High,Tier 3 (Specialty),15-30%,0.0,0.5,No,No
29211919,29,Organic Chemicals,"OTHERS-OF-OTHER : N,N-DIALKYL (METHYL, ETHYL, N-PROPYL OR ISOPROPYL...",0.0,0.22,,3.0,High,Tier 3 (Specialty),15-30%,0.0,0.5,No,No
29211920,29,Organic Chemicals,"*2-CHLORO N, N-DIMETHYL ETHANAMINE",0.75,0.0,,3.0,High,Tier 3 (Specialty),15-30%,0.0,0.5,No,No
29211990,29,Organic Chemicals,"OTHERS-OF-OTHER : N,N-DIALKYL (METHYL, ETHYL, N-PROPYL OR ISOPROPYL...",49.72,53.52,7.6,3.3,High,Tier 2.5 (Quick-win),60-75%,32.1,0.8,Yes,No
29212100,29,Organic Chemicals,ETHYLENEDIAMINE AND ITS SALTS,70.67,59.9,-15.2,3.0,High,Tier 2.5 (Quick-win),60-75%,35.9,0.8,Yes,No
29212200,29,Organic Chemicals,HEXAMETHYLENEDIAMINE AND ITS SALTS,3.42,4.09,19.8,4.5,High,Tier 3 (Specialty),15-30%,0.6,0.5,No,No
29212910,29,Organic Chemicals,HEXAMETHYLENE TETRAMINE (HEXAMINE)        NOT PUT UP AS FUEL OR MED...,10.01,10.41,3.9,3.3,High,Tier 3 (Specialty),15-30%,1.6,0.5,No,No
29212920,29,Organic Chemicals,TRIMETHYLENE TRINIFRAMINE,0.28,0.57,102.8,5.4,High,Tier 3 (Specialty),15-30%,0.1,0.5,No,No
29212990,29,Organic Chemicals,"OTHER ACYLC PLYAMINS THR DRVTVS, SALTS    THEREOF",94.06,102.24,8.7,3.96,High,Tier 2.5 (Quick-win),60-75%,61.3,0.8,Yes,No
29213010,29,Organic Chemicals,CYCLOHEXYLAMINE,9.24,6.38,-31.0,3.0,High,Tier 3 (Specialty),15-30%,1.0,0.5,No,No
29213090,29,Organic Chemicals,"OTHER CYCLANIC CYCENIC/CYCLOTRPNC MONO OR POLYAMINS AND THR DRVTVS,...",51.79,48.64,-6.1,3.0,High,Tier 3 (Specialty),15-30%,7.3,0.5,No,No
29214110,29,Organic Chemicals,ANILINE,305.97,352.37,15.2,10.8,High,Tier 2 (Dependent),30-50%,105.7,0.7,No,Yes
29214120,29,Organic Chemicals,ANILINE HYDROCHLORIDE,0.05,0.0,-94.2,6.0,High,Tier 2 (Dependent),30-50%,0.0,0.7,Yes,Yes
29214190,29,Organic Chemicals,OTHR ANILINE SALTS,4.18,3.16,-24.4,6.0,High,Tier 2 (Dependent),30-50%,0.9,0.7,Yes,Yes
29214211,29,Organic Chemicals,PARA CHLOROANILINE,0.06,0.04,-21.6,3.0,High,Tier 3 (Specialty),15-30%,0.0,0.5,No,No
29214212,29,Organic Chemicals,ORTHO CHLORO PARANITROANILINE,0.27,0.22,-17.6,3.0,High,Tier 3 (Specialty),15-30%,0.0,0.5,No,No
29214213,29,Organic Chemicals,DICHLOROANILINE,0.03,0.0,-99.2,3.0,High,Tier 3 (Specialty),15-30%,0.0,0.5,No,No
29214214,29,Organic Chemicals,2:6-DICHLORO PARANITROANILINE,0.98,0.5,-48.7,3.0,High,Tier 3 (Specialty),15-30%,0.1,0.5,No,No
29214215,29,Organic Chemicals,2-4-5-TRICHLOROANILINE,0.01,0.0,,3.0,High,Tier 3 (Specialty),15-30%,0.0,0.5,No,No
29214221,29,Organic Chemicals,BENZYL ETHYL ANILINE,0.09,0.02,-82.3,3.0,High,Tier 3 (Specialty),15-30%,0.0,0.5,No,No
29214222,29,Organic Chemicals,DIETHYLANILINE,3.37,7.21,113.9,5.4,High,Tier 3 (Specialty),15-30%,1.1,0.5,No,No
29214223,29,Organic Chemicals,DIMETHYL ANILINE,0.48,0.25,-47.6,3.0,High,Tier 3 (Specialty),15-30%,0.0,0.5,No,No
29214224,29,Organic Chemicals,ETHYL ANILINE,0.17,3.11,1697.5,5.4,High,Tier 3 (Specialty),15-30%,0.5,0.5,No,No
29214225,29,Organic Chemicals,META NITROANILINE,0.0,0.0,,3.0,High,Tier 3 (Specialty),15-30%,0.0,0.5,No,No
29214226,29,Organic Chemicals,PARA NITROANILINE,0.03,1.83,5381.2,5.4,High,Tier 3 (Specialty),15-30%,0.3,0.5,No,No
29214232,29,Organic Chemicals,BENZYL ETHYL ANILINE SULPHONIC ACID,0.0,0.0,,3.0,High,Tier 3 (Specialty),15-30%,0.0,0.5,No,No
29214233,29,Organic Chemicals,METANILC ACDCMETA AMINOBNZN SLPHNC ACD),0.0,0.0,,3.0,High,Tier 3 (Specialty),15-30%,0.0,0.5,No,No
29214234,29,Organic Chemicals,SULPHANILIC ACID(PARA AMINOBNZN SLPHNC    ACID PARA ANILINE SULPHON...,13.86,11.6,-16.4,3.0,High,Tier 3 (Specialty),15-30%,1.7,0.5,No,No
29214236,29,Organic Chemicals,"METHYL DOPA(L-ALPHA METHYL-3,             4-DIHYDROXYPHENYLALANINE)",12.16,11.29,-7.1,3.0,High,Tier 3 (Specialty),15-30%,1.7,0.5,No,No
29214290,29,Organic Chemicals,OTHER AMINO SULPHONIC ANILINE ETC NES,23.12,33.31,44.0,5.4,High,Tier 3 (Specialty),15-30%,5.0,0.5,No,No
29214310,29,Organic Chemicals,DIETHYL TOLUIDINE,0.07,0.01,-78.4,3.0,High,Tier 3 (Specialty),15-30%,0.0,0.5,No,No
29214320,29,Organic Chemicals,DIMETHYL TOLUIDNE,0.0,0.01,,3.0,High,Tier 3 (Specialty),15-30%,0.0,0.5,No,No
29214330,29,Organic Chemicals,ORTHO TOLUIDINE,0.34,0.49,41.9,5.4,High,Tier 3 (Specialty),15-30%,0.1,0.5,No,No
29214340,29,Organic Chemicals,META TOLUIDINE,2.67,0.16,-93.9,3.0,High,Tier 3 (Specialty),15-30%,0.0,0.5,No,No
29214350,29,Organic Chemicals,PARA TOLUIDNE,2.11,1.2,-43.1,3.0,High,Tier 3 (Specialty),15-30%,0.2,0.5,No,No
29214360,29,Organic Chemicals,2-CHLORO-5-TOLUIDINE-4-SULPHONIC ACID,0.39,0.0,,3.0,High,Tier 3 (Specialty),15-30%,0.0,0.5,No,No
29214370,29,Organic Chemicals,2-CHLORO-4-TOLUIDN-5-SLPHNC ACID(SOD SLT),0.0,0.35,,3.0,High,Tier 3 (Specialty),15-30%,0.1,0.5,No,No
29214380,29,Organic Chemicals,4-TOLUIDINE-3-SULPHONIC ACID,3.1,2.09,-32.7,3.0,High,Tier 3 (Specialty),15-30%,0.3,0.5,No,No
29214390,29,Organic Chemicals,*OTHR TOLUIDINES AND THR DRVTVS SLTS THEREOF,33.91,0.0,,3.0,High,Tier 3 (Specialty),15-30%,0.0,0.5,No,No
29214399,29,Organic Chemicals,OTHERS-OF-TOLUIDINES AND THEIR DRVTVS SLTS THEREOF,0.0,19.23,,3.0,High,Tier 3 (Specialty),15-30%,2.9,0.5,No,No
29214410,29,Organic Chemicals,DIPHENYLAMINE,25.34,15.85,-37.4,3.0,High,Tier 3 (Specialty),15-30%,2.4,0.5,No,No
29214490,29,Organic Chemicals,OTHR DIPHNYLAMINE AND ITS DRVTVS;SLTS THROF,4.53,4.19,-7.7,3.0,High,Tier 3 (Specialty),15-30%,0.6,0.5,No,No
29214512,29,Organic Chemicals,PHENYL ALPHA NAPHTHYLAMINE,0.37,0.35,-6.2,6.0,High,Tier 2 (Dependent),30-50%,0.1,0.7,Yes,Yes
29214513,29,Organic Chemicals,PHENYL BETA NAPHTHYLAMINE,0.0,0.0,2000.0,10.8,High,Tier 2 (Dependent),30-50%,0.0,0.7,Yes,Yes
29214515,29,Organic Chemicals,AMINOLINELI-R-ACID,0.34,0.53,57.5,10.8,High,Tier 2 (Dependent),30-50%,0.2,0.7,Yes,Yes
29214516,29,Organic Chemicals,SODIUM NAPHTHIONATE,0.52,1.35,156.9,10.8,High,Tier 2 (Dependent),30-50%,0.4,0.7,Yes,Yes
29214522,29,Organic Chemicals,CLEVES ACID(1 NAPHTHYLAMN-6-SLPHNC ACID),0.04,0.02,-54.7,6.0,High,Tier 2 (Dependent),30-50%,0.0,0.7,Yes,Yes
29214524,29,Organic Chemicals,"KCHS ACD(1-NPTHYLAMN-3,6,8-TRISLPHNC ACD)",0.69,1.04,51.4,10.8,High,Tier 2 (Dependent),30-50%,0.3,0.7,Yes,Yes
29214525,29,Organic Chemicals,LAURENTS ACID(1-NPHTHYLAMN-5-SLPHNC ACID),0.03,0.01,-66.4,6.0,High,Tier 2 (Dependent),30-50%,0.0,0.7,Yes,Yes
29214526,29,Organic Chemicals,TOBIAS ACID(2-NAPHTHYLAMINE-1-SLPHNC ACD),11.01,14.07,27.7,10.8,High,Tier 2 (Dependent),30-50%,4.2,0.7,Yes,Yes
29214590,29,Organic Chemicals,OTHR 1-NPTHYLAMN 2-NPTHYLAMN              AND THEIR DRVTVS AND SLTS...,27.35,13.14,-52.0,6.0,High,Tier 2 (Dependent),30-50%,3.9,0.7,Yes,Yes
29214600,29,Organic Chemicals,AMFETAMINE BENZFETAMINE ETC THR SALTS,0.44,0.33,-23.2,3.0,High,Tier 3 (Specialty),15-30%,0.0,0.5,No,No
29214910,29,Organic Chemicals,XYLIDINES,1.44,1.15,-20.2,3.0,High,Tier 3 (Specialty),15-30%,0.2,0.5,No,No
29214920,29,Organic Chemicals,PARA CUMIDINE,0.07,0.11,71.3,5.4,High,Tier 3 (Specialty),15-30%,0.0,0.5,No,No
29214990,29,Organic Chemicals,OTHER ARMTC MONO AMNS AND THR DRVTVS AND SALTS,28.39,33.34,17.4,4.5,High,Tier 3 (Specialty),15-30%,5.0,0.5,No,No
29215110,29,Organic Chemicals,O- PHENYLENEDIAMINE,15.77,10.16,-35.6,3.0,High,Tier 3 (Specialty),15-30%,1.5,0.5,No,No
29215120,29,Organic Chemicals,M-PHENYLENEDIAMINE (M-DIAMINOBENZENE),4.07,4.27,4.9,3.3,High,Tier 3 (Specialty),15-30%,0.6,0.5,No,No
29215130,29,Organic Chemicals,P-PHENYLENEDIAMINE,5.14,4.1,-20.3,3.0,High,Tier 3 (Specialty),15-30%,0.6,0.5,No,No
29215140,29,Organic Chemicals,O-DIAMINOTOLUENE,0.6,0.31,-48.8,3.0,High,Tier 3 (Specialty),15-30%,0.0,0.5,No,No
29215150,29,Organic Chemicals,M-DIAMINOTOLUENE,0.78,0.25,-67.9,3.0,High,Tier 3 (Specialty),15-30%,0.0,0.5,No,No
29215180,29,Organic Chemicals,META TOLUYLENE DIAMINE,0.07,0.2,192.7,5.4,High,Tier 3 (Specialty),15-30%,0.0,0.5,No,No
29215190,29,Organic Chemicals,OTHR O-M-P-PHNYLENEDIAMINE DIAMINOTOLUENE AND THEIR DRVTVS SALTS TH...,28.07,23.38,-16.7,3.0,High,Tier 3 (Specialty),15-30%,3.5,0.5,No,No
29215910,29,Organic Chemicals,BENZIDINE,0.0,0.05,,3.0,High,Tier 3 (Specialty),15-30%,0.0,0.5,No,No
29215920,29,Organic Chemicals,BENZIDINE DIHDROCHLORIDE,0.0,0.0,941.4,5.4,High,Tier 3 (Specialty),15-30%,0.0,0.5,No,No
29215930,29,Organic Chemicals,"3:3 DICNLOROBEZIDINE DIHYDROCHLORIDE,      SULPHATE",0.55,0.12,-77.7,3.0,High,Tier 3 (Specialty),15-30%,0.0,0.5,No,No
29215940,29,Organic Chemicals,"DIAMINOSTILBENE 2,2-DISULPHONIC ACID (DASDA)",4.57,2.97,-34.9,3.0,High,Tier 3 (Specialty),15-30%,0.4,0.5,No,No
29215990,29,Organic Chemicals,OTHER ARMTC PLYAMNS AND THR DRVTVS AND SLTS,21.78,18.55,-14.8,3.0,High,Tier 3 (Specialty),15-30%,2.8,0.5,No,No
29221110,29,Organic Chemicals,MONOETHANOLAMINE,28.22,21.28,-24.6,3.0,High,Tier 3 (Specialty),15-30%,3.2,0.5,No,No
29221190,29,Organic Chemicals,OTHER SALTS OF MONOETHANOLAMINE,8.96,8.99,0.2,3.3,High,Tier 3 (Specialty),15-30%,1.3,0.5,No,No
29221200,29,Organic Chemicals,DIETHANOLAMINE AND ITS SALTS,19.02,12.98,-31.7,3.0,High,Tier 3 (Specialty),15-30%,1.9,0.5,No,No
29221500,29,Organic Chemicals,TRIETHANOLAMINE,25.15,20.06,-20.2,3.0,High,Tier 3 (Specialty),15-30%,3.0,0.5,No,No
29221600,29,Organic Chemicals,DIETHANOLAMMONIUM PERFLUOROOCTANE SULPHONATE,0.01,0.0,,3.0,High,Tier 3 (Specialty),15-30%,0.0,0.5,No,No
29221710,29,Organic Chemicals,METHYLDIETHANOLAMINE,0.35,0.36,3.0,3.3,High,Tier 3 (Specialty),15-30%,0.1,0.5,No,No
29221720,29,Organic Chemicals,ETHYLDIETHANOLAMINE,0.0,0.0,-63.6,3.0,High,Tier 3 (Specialty),15-30%,0.0,0.5,No,No
29221800,29,Organic Chemicals,"2-(N, N-DIISOPROPYLAMINO)ETHANOL",0.0,0.0,,3.0,High,Tier 3 (Specialty),15-30%,0.0,0.5,No,No
29221910,29,Organic Chemicals,"*2-HYDROXY N, N-DIISOPROPYL ETHYLAMINE",0.07,0.0,,3.0,High,Tier 3 (Specialty),15-30%,0.0,0.5,No,No
29221919,29,Organic Chemicals,"OTHERS-OF-OTHER: N,N-DIALKYL (METHYL, ETHYL, N-PROPYL OR ISOPROPYL)...",0.0,0.52,,3.0,High,Tier 3 (Specialty),15-30%,0.1,0.5,No,No
29221990,29,Organic Chemicals,"OTHERS-OF-OTHER: N,N-DIALKYL (METHYL, ETHYL, N-PROPYL OR ISOPROPYL)...",157.67,145.03,-8.0,3.6,High,Tier 2.5 (Quick-win),60-75%,87.0,0.8,Yes,No
29222110,29,Organic Chemicals,AMINO-G-ACID,0.03,0.06,122.6,5.4,High,Tier 3 (Specialty),15-30%,0.0,0.5,No,No
29222120,29,Organic Chemicals,AMINO-J-ACID,0.03,0.1,199.6,5.4,High,Tier 3 (Specialty),15-30%,0.0,0.5,No,No
29222140,29,Organic Chemicals,GAMMA ACID,0.0,0.04,,3.0,High,Tier 3 (Specialty),15-30%,0.0,0.5,No,No
29222150,29,Organic Chemicals,J ACID (2-AMINO-5-NAPTHOL-7 SLPHNC ACID),29.11,31.21,7.2,3.3,High,Tier 3 (Specialty),15-30%,4.7,0.5,No,No
29222160,29,Organic Chemicals,H-ACID,16.98,5.28,-68.9,3.0,High,Tier 3 (Specialty),15-30%,0.8,0.5,No,No
29222190,29,Organic Chemicals,OTHER AMNOHYDRXY NPHTHLENE SLPHNC ACDS AND  THR SLTS,12.59,11.58,-8.0,3.0,High,Tier 3 (Specialty),15-30%,1.7,0.5,No,No
29222911,29,Organic Chemicals,2-AMINO 4-NITROPHENOL,0.98,0.9,-8.7,3.0,High,Tier 3 (Specialty),15-30%,0.1,0.5,No,No
29222912,29,Organic Chemicals,META AMINOPHENOL   THN ONE KIND OF OXYGEN FUNCTION ;SALTS,1.15,2.93,155.3,5.4,High,Tier 3 (Specialty),15-30%,0.4,0.5,No,No
29222913,29,Organic Chemicals,PARA AMINOPHENOL,46.41,55.7,20.0,5.4,High,Tier 2.5 (Quick-win),60-75%,33.4,0.8,Yes,No
29222914,29,Organic Chemicals,META DIETHYL AMINO-PHENOL,1.16,1.31,13.1,4.5,High,Tier 3 (Specialty),15-30%,0.2,0.5,No,No
29222921,29,Organic Chemicals,2-AMINO-1-PHENOL-4-SULPHONIC ACID,0.05,0.0,,3.0,High,Tier 3 (Specialty),15-30%,0.0,0.5,No,No
29222922,29,Organic Chemicals,6-NITRO-0-AMINOPHENOL-4-SULPHONIC ACID,0.69,0.05,-92.3,3.0,High,Tier 3 (Specialty),15-30%,0.0,0.5,No,No
29222924,29,Organic Chemicals,PHENYL J ACID ( PHENYL -2 - AMINO         8   NAPHTHOL -7 -SULPHONI...,0.01,0.0,,3.0,High,Tier 3 (Specialty),15-30%,0.0,0.5,No,No
29222925,29,Organic Chemicals,"S ACID,PERI ACID (1-AMINO-8-NAPHTHOL-4-4- SULPHXNC ACID,1-NPHTHYLAM...",0.03,0.0,-96.6,3.0,High,Tier 3 (Specialty),15-30%,0.0,0.5,No,No
29222926,29,Organic Chemicals,META-PHENYLENE DIAMENE-4-SULPH0NIC ACID,15.96,11.99,-24.9,3.0,High,Tier 3 (Specialty),15-30%,1.8,0.5,No,No
29222932,29,Organic Chemicals,2:5 DIMETHOXY ANILINE,1.65,0.28,-83.2,3.0,High,Tier 3 (Specialty),15-30%,0.0,0.5,No,No
29222934,29,Organic Chemicals,PARA CRESIDINE,2.65,0.52,-80.3,3.0,High,Tier 3 (Specialty),15-30%,0.1,0.5,No,No
29222935,29,Organic Chemicals,PICRAMIC ACID (T-GRADE),0.0,0.0,,3.0,High,Tier 3 (Specialty),15-30%,0.0,0.5,No,No
29222936,29,Organic Chemicals,PARA CRESIDINE ORTHO SULPHONIC ACID,0.1,1.14,994.6,5.4,High,Tier 3 (Specialty),15-30%,0.2,0.5,No,No
29222990,29,Organic Chemicals,"OTHER AMINO-NAPHTHOLS AND OTHER AMINO-      PHENOLS, THEIR ETHERS,E...",61.29,44.7,-27.1,3.0,High,Tier 3 (Specialty),15-30%,6.7,0.5,No,No
29223100,29,Organic Chemicals,"AMFEPRA NONE(INN), METHDONE AND             MORMETHADONESALTS",0.0,0.0,2280.3,5.4,High,Tier 3 (Specialty),15-30%,0.0,0.5,No,No
29223900,29,Organic Chemicals,OTHER AMINO-ALDEHYDES ETC CNTNG MORE THAN OXGN FN. SALTS,8.54,12.94,51.5,5.4,High,Tier 3 (Specialty),15-30%,1.9,0.5,No,No
29224100,29,Organic Chemicals,LYSINE AND ITS ESTERS SALTS THEREOF,135.56,106.13,-21.7,3.6,High,Tier 2.5 (Quick-win),60-75%,63.7,0.8,Yes,No
29224210,29,Organic Chemicals,GLUTAMIC ACID,0.7,1.01,44.5,5.4,High,Tier 3 (Specialty),15-30%,0.2,0.5,No,No
29224220,29,Organic Chemicals,MONOSODIUM GLUTAMATE (AZINAMOTO),57.98,67.9,17.1,4.5,High,Tier 2.5 (Quick-win),60-75%,40.7,0.8,Yes,No
29224290,29,Organic Chemicals,OTHER GLUTAMIC ACID AND ITS SALTS,13.77,11.82,-14.2,3.0,High,Tier 3 (Specialty),15-30%,1.8,0.5,No,No
29224300,29,Organic Chemicals,*ANTHRANILIC ACID AND ITS SALTS,0.0,0.14,3513.1,5.4,High,Tier 3 (Specialty),15-30%,0.0,0.5,No,No
29224400,29,Organic Chemicals,TILIDINE (INN) AND ITS SALTS,0.0,0.0,,3.0,High,Tier 3 (Specialty),15-30%,0.0,0.5,No,No
29224910,29,Organic Chemicals,AMINO ACETIC ACID (GLYCINE),25.68,19.03,-25.9,3.0,High,Tier 3 (Specialty),15-30%,2.9,0.5,No,No
29224920,29,Organic Chemicals,N-METHYL TAURINE,1.21,3.98,228.1,5.4,High,Tier 3 (Specialty),15-30%,0.6,0.5,No,No
29224990,29,Organic Chemicals,OTHER AMINO ACIDS AND THR ESTERS CNTNG NOT  MORE THAN ONE KIND OXGN...,115.93,104.27,-10.1,3.6,High,Tier 2.5 (Quick-win),60-75%,62.6,0.8,Yes,No
29225011,29,Organic Chemicals,PARA-AMINO-SALICYLIC ACID,0.35,0.02,-93.8,3.0,High,Tier 3 (Specialty),15-30%,0.0,0.5,No,No
29225012,29,Organic Chemicals,METHYL ANTHRANILATE,0.1,0.04,-63.1,3.0,High,Tier 3 (Specialty),15-30%,0.0,0.5,No,No
29225013,29,Organic Chemicals,PROCAINE HYDROCHLORIDE,0.02,0.02,-0.1,3.0,High,Tier 3 (Specialty),15-30%,0.0,0.5,No,No
29225014,29,Organic Chemicals,AMINO ANISIC ACID ANILIDE,1.02,1.86,81.6,5.4,High,Tier 3 (Specialty),15-30%,0.3,0.5,No,No
29225015,29,Organic Chemicals,L-TYROSINE(P-HYDROXYPHENYLAMINE),2.9,3.47,19.9,4.5,High,Tier 3 (Specialty),15-30%,0.5,0.5,No,No
29225021,29,Organic Chemicals,FRUSEMIDE,0.42,0.48,13.2,4.5,High,Tier 3 (Specialty),15-30%,0.1,0.5,No,No
29225022,29,Organic Chemicals,AMINODIAL,0.0,0.01,,3.0,High,Tier 3 (Specialty),15-30%,0.0,0.5,No,No
29225024,29,Organic Chemicals,D0MPERID0NE,0.0,0.11,,3.0,High,Tier 3 (Specialty),15-30%,0.0,0.5,No,No
29225090,29,Organic Chemicals,OTHER FRUSEMIDE AMINODIAL DOMPERIDONE,97.87,94.46,-3.5,3.0,High,Tier 2.5 (Quick-win),60-75%,56.7,0.8,Yes,No
29231000,29,Organic Chemicals,CHOLINE AND ITS SALTS,2.93,1.93,-34.1,3.0,High,Tier 3 (Specialty),15-30%,0.3,0.5,No,No
29232010,29,Organic Chemicals,LECITHINS,24.31,40.27,65.6,5.4,High,Tier 3 (Specialty),15-30%,6.0,0.5,No,No
29232090,29,Organic Chemicals,OTHERS (PHOSPHOAMINOLIPIDS),16.1,18.62,15.6,4.5,High,Tier 3 (Specialty),15-30%,2.8,0.5,No,No
29233000,29,Organic Chemicals,TETRAETHYLAMMONIUM PERFLUOROOCTANE SULPHONATE,0.38,0.43,11.0,4.5,High,Tier 3 (Specialty),15-30%,0.1,0.5,No,No
29234000,29,Organic Chemicals,DIDECYLDIMETHYLAMMONIUM PERFLUOROOCTANE SULPHONATE,0.0,0.0,3745.8,5.4,High,Tier 3 (Specialty),15-30%,0.0,0.5,No,No
29239000,29,Organic Chemicals,OTHER QUATERNARY AMMONIUM SALTS AND         HYDROXDELECITHINS AND O...,27.93,29.63,6.1,6.6,High,Tier 2 (Dependent),30-50%,8.9,0.7,Yes,Yes
29241100,29,Organic Chemicals,MEPROBAMATE (INN),2.03,1.32,-35.1,3.0,High,Tier 3 (Specialty),15-30%,0.2,0.5,No,No
29241200,29,Organic Chemicals,"FLUOROACETAMIDE (ISO), MONOCROTOPHOS (ISO) AND PHOSPHAMIDON (ISO)",0.0,0.0,-5.2,3.0,High,Tier 3 (Specialty),15-30%,0.0,0.5,No,No
29241900,29,Organic Chemicals,"*OTHER ACYCLIC AMIDES AND THEIR DERIVTVS,    SALTS",83.03,0.0,,3.0,High,Tier 3 (Specialty),15-30%,0.0,0.5,No,No
29241910,29,Organic Chemicals,"Bendiocarb,carboxin,chlorpropham,fenobucarb(BPMC),fluazaindolizine,...",0.0,1.17,,3.0,High,Tier 3 (Specialty),15-30%,0.2,0.5,No,No
29241990,29,Organic Chemicals,"OTHERS-OF-OTHER ACYCLIC AMIDES AND THR DRVTVS,SALTS",0.0,90.92,,3.0,High,Tier 2.5 (Quick-win),60-75%,54.6,0.8,Yes,No
29242110,29,Organic Chemicals,DIETHYL DIPHENYL UREA,0.11,0.01,-94.2,3.0,High,Tier 3 (Specialty),15-30%,0.0,0.5,No,No
29242120,29,Organic Chemicals,DIMETHYL DIPHENYL UREA (ZENTRALIN),0.0,0.0,,3.0,High,Tier 3 (Specialty),15-30%,0.0,0.5,No,No
29242190,29,Organic Chemicals,OTHER UREINES AND THR DRVTVS SALTS THEREOF,22.57,19.28,-14.6,3.0,High,Tier 3 (Specialty),15-30%,2.9,0.5,No,No
29242300,29,Organic Chemicals,2-ACETAMIDOBENZOIC ACID                   (N-ACETYLANTHRANILIC ACID...,0.0,0.0,-87.6,3.0,High,Tier 3 (Specialty),15-30%,0.0,0.5,No,No
29242500,29,Organic Chemicals,ALACHLOR (ISO),0.0,0.0,,3.0,High,Tier 3 (Specialty),15-30%,0.0,0.5,No,No
29242910,29,Organic Chemicals,ACETANILIDE,13.45,12.89,-4.2,3.0,High,Tier 3 (Specialty),15-30%,1.9,0.5,No,No
29242920,29,Organic Chemicals,ACETO ACETANILIDE,4.68,3.86,-17.5,3.0,High,Tier 3 (Specialty),15-30%,0.6,0.5,No,No
29242930,29,Organic Chemicals,ACETO ACETIC ORTHO CHLORANILIDE,0.9,0.46,-48.3,3.0,High,Tier 3 (Specialty),15-30%,0.1,0.5,No,No
29242940,29,Organic Chemicals,ACETO ACETIC PARA CHLORANILIDE,0.01,0.01,-5.4,3.0,High,Tier 3 (Specialty),15-30%,0.0,0.5,No,No
29242950,29,Organic Chemicals,PHENYL ACETAMIDE,0.0,0.0,-82.2,3.0,High,Tier 3 (Specialty),15-30%,0.0,0.5,No,No
29242960,29,Organic Chemicals,PYRAZINAMIDE(PYRAZINE CARBOXAMIDE),1.46,0.67,-53.7,3.0,High,Tier 3 (Specialty),15-30%,0.1,0.5,No,No
29242970,29,Organic Chemicals,"Pretilachlor,anilophos,benalaxyl,benalaxyl M,broflanilide,butachlor...",2.43,3.49,43.4,5.4,High,Tier 3 (Specialty),15-30%,0.5,0.5,No,No
29242980,29,Organic Chemicals,PARACETAMOL,6.9,10.87,57.6,5.4,High,Tier 3 (Specialty),15-30%,1.6,0.5,No,No
29242990,29,Organic Chemicals,*OTHER CYCLIC AMIDES AND THR DRVTVS AND SALTS,193.86,173.25,-10.6,3.6,High,Tier 2.5 (Quick-win),60-75%,104.0,0.8,Yes,No
29251100,29,Organic Chemicals,SACCHARIN AND ITS SALTS,3.52,5.68,61.1,5.4,High,Tier 3 (Specialty),15-30%,0.9,0.5,No,No
29251900,29,Organic Chemicals,OTHR IMIDES AND THR DRVTVS SLTS THEREOF,11.59,11.21,-3.3,3.0,High,Tier 3 (Specialty),15-30%,1.7,0.5,No,No
29252910,29,Organic Chemicals,GUANIDINE NITRATE,0.59,1.41,139.3,5.4,High,Tier 3 (Specialty),15-30%,0.2,0.5,No,No
29252920,29,Organic Chemicals,DODINE,0.0,0.06,,3.0,High,Tier 3 (Specialty),15-30%,0.0,0.5,No,No
29252990,29,Organic Chemicals,"OTHER IMINES AND THEIR DERIVTVS, SALTS      THEREOF",63.11,50.08,-20.6,3.0,High,Tier 2.5 (Quick-win),60-75%,30.0,0.8,Yes,No
29261000,29,Organic Chemicals,ACRYLONITRILE,270.09,219.05,-18.9,3.6,High,Tier 2.5 (Quick-win),60-75%,131.4,0.8,Yes,No
29262000,29,Organic Chemicals,1-CYANOGUANIDINE(DICYANDIAMIDE),71.93,56.96,-20.8,3.0,High,Tier 2.5 (Quick-win),60-75%,34.2,0.8,Yes,No
29263000,29,Organic Chemicals,FENPROPOREX (INN) AND ITS SALTS,0.0,0.95,33338.7,5.4,High,Tier 3 (Specialty),15-30%,0.1,0.5,No,No
29264000,29,Organic Chemicals,ALPHA-PHENYLACETOACETONITRILE,0.11,0.2,88.5,5.4,High,Tier 3 (Specialty),15-30%,0.0,0.5,No,No
29269000,29,Organic Chemicals,*OTHR NITRILE-FUNCTION COMPOUNDS,193.81,0.0,,3.0,High,Tier 3 (Specialty),15-30%,0.0,0.5,No,No
29269010,29,Organic Chemicals,"Alphacypermethrin,beta cyfluthrin,chlorothalonil,cyflumetofen,cyflu...",0.0,1.37,,3.0,High,Tier 3 (Specialty),15-30%,0.2,0.5,No,No
29269090,29,Organic Chemicals,OTHERS-OF-OTHR NITRILE-FUNCTION COMPOUNDS,0.0,193.37,,3.6,High,Tier 2.5 (Quick-win),60-75%,116.0,0.8,Yes,No
29270010,29,Organic Chemicals,PARA AMINO-AZO-BENZENE,1.78,1.47,-17.4,3.0,High,Tier 3 (Specialty),15-30%,0.2,0.5,No,No
29270090,29,Organic Chemicals,OTHER DIAZO-AZO-OR AZOXY-COMPOUNDS,42.1,43.21,2.6,3.3,High,Tier 3 (Specialty),15-30%,6.5,0.5,No,No
29280010,29,Organic Chemicals,ISONIAZID,1.72,2.74,59.0,5.4,High,Tier 3 (Specialty),15-30%,0.4,0.5,No,No
29280090,29,Organic Chemicals,OTHR ORGNC DRVTS OF HYDRAZINE/HYDRXYLMINE,37.08,46.27,24.8,5.4,High,Tier 3 (Specialty),15-30%,6.9,0.5,No,No
29291010,29,Organic Chemicals,PHENYL ISOCYANATE,8.7,7.07,-18.6,3.0,High,Tier 3 (Specialty),15-30%,1.1,0.5,No,No
29291020,29,Organic Chemicals,TOLUENE DIISOCYANATE,140.71,133.6,-5.1,3.6,High,Tier 2.5 (Quick-win),60-75%,80.2,0.8,Yes,No
29291090,29,Organic Chemicals,OTHER ISOCYANATES,193.84,189.26,-2.4,3.6,High,Tier 2.5 (Quick-win),60-75%,113.6,0.8,Yes,No
29299010,29,Organic Chemicals,"*N,N-DIETHYLPHOSPHORAMIDIC DICHLORIDE",0.17,0.0,,3.0,High,Tier 3 (Specialty),15-30%,0.0,0.5,No,No
29299011,29,Organic Chemicals,"N,N-DIETHYLPHOSPHORAMIDIC DICHLORIDE",0.0,0.07,,3.0,High,Tier 3 (Specialty),15-30%,0.0,0.5,No,No
29299019,29,Organic Chemicals,"OTHER-OF-N,N-Dialkyl (methyl, ethyl, n-propyl or isopropyl) phospho...",0.0,0.08,,3.0,High,Tier 3 (Specialty),15-30%,0.0,0.5,No,No
29299029,29,Organic Chemicals,"OTHER-OF-Dialkyl (methyl, ethyl, n-propyl or isopropyl) N,N-dialkyl...",0.0,0.0,,3.0,High,Tier 3 (Specialty),15-30%,0.0,0.5,No,No
29299030,29,Organic Chemicals,"*N,N-DIPROPYLPHORAMIDIC DICHLORIDE",0.02,0.0,,3.0,High,Tier 3 (Specialty),15-30%,0.0,0.5,No,No
29299090,29,Organic Chemicals,*OTHER,6.72,0.0,,3.0,High,Tier 3 (Specialty),15-30%,0.0,0.5,No,No
29299091,29,Organic Chemicals,PROPETAMPHOS,0.0,0.0,,3.0,High,Tier 3 (Specialty),15-30%,0.0,0.5,No,No
29299099,29,Organic Chemicals,OTHER-OF-OTHER-OF-COMPOUNDS WITH OTHER NITROGEN FUNCTION,0.0,6.61,,3.0,High,Tier 3 (Specialty),15-30%,1.0,0.5,No,No
29302010,29,Organic Chemicals,"CARTAP HYDROCHLORIDE(ISO),MANCOZEB,METIRAM,PROPINEB,THIOBENCARB(BEN...",0.0,1.22,,3.0,High,Tier 3 (Specialty),15-30%,0.2,0.5,No,No
29302090,29,Organic Chemicals,OTHERS-OF-THIOCARBAMATES AND DITHIOCARBAMATES,1.14,1.79,56.4,5.4,High,Tier 3 (Specialty),15-30%,0.3,0.5,No,No
29303000,29,Organic Chemicals,"THIURAM MONO-,DI-OR TETRASULPHIDES",2.07,0.45,-78.1,3.0,High,Tier 3 (Specialty),15-30%,0.1,0.5,No,No
29304000,29,Organic Chemicals,METHIONINE,174.44,171.29,-1.8,3.6,High,Tier 2.5 (Quick-win),60-75%,102.8,0.8,Yes,No
29306000,29,Organic Chemicals,"2-(N, N-DIETHYLAMINO)ETHANETHIOL",0.23,0.11,-53.3,3.0,High,Tier 3 (Specialty),15-30%,0.0,0.5,No,No
29307000,29,Organic Chemicals,BIS(2-HYDROXYETHYL)SULFIDE (THIODIGLYCOL (INN)),0.11,0.12,11.1,4.5,High,Tier 3 (Specialty),15-30%,0.0,0.5,No,No
29309010,29,Organic Chemicals,*THIOUREA(SULPHOUREA),7.43,0.0,,3.0,High,Tier 3 (Specialty),15-30%,0.0,0.5,No,No
29309011,29,Organic Chemicals,THIOUREA(SULPHOUREA),0.0,6.4,,3.0,High,Tier 3 (Specialty),15-30%,1.0,0.5,No,No
29309012,29,Organic Chemicals,CALCIUM SALTS OF METHIONINE,0.0,0.01,,3.0,High,Tier 3 (Specialty),15-30%,0.0,0.5,No,No
29309013,29,Organic Chemicals,THIO SULPHONIC ACID,0.0,0.0,,3.0,High,Tier 3 (Specialty),15-30%,0.0,0.5,No,No
29309014,29,Organic Chemicals,L-CYSTINE (ALPHA-AMINO BETA-THIO          PROPIONICACID)-SULPHUR CO...,0.0,10.68,,3.0,High,Tier 3 (Specialty),15-30%,1.6,0.5,No,No
29309015,29,Organic Chemicals,SULPHINIC ACID,0.0,0.02,,3.0,High,Tier 3 (Specialty),15-30%,0.0,0.5,No,No
29309016,29,Organic Chemicals,SULPHOXIDE,0.0,5.21,,3.0,High,Tier 3 (Specialty),15-30%,0.8,0.5,No,No
29309017,29,Organic Chemicals,MERCAPTAN,0.0,11.28,,3.0,High,Tier 3 (Specialty),15-30%,1.7,0.5,No,No
29309018,29,Organic Chemicals,ALLYL ISOTHIDCYANATE,0.0,0.0,,3.0,High,Tier 3 (Specialty),15-30%,0.0,0.5,No,No
29309020,29,Organic Chemicals,*CALCIUM SALTS OF METHIONINE,0.17,0.0,,3.0,High,Tier 3 (Specialty),15-30%,0.0,0.5,No,No
29309029,29,Organic Chemicals,OTHERS-OF-OTHER ORGANO-SULPHUR COMPOUNDS,0.0,1.31,,3.0,High,Tier 3 (Specialty),15-30%,0.2,0.5,No,No
29309030,29,Organic Chemicals,*THIO SULPHONIC ACID,0.35,0.0,,3.0,High,Tier 3 (Specialty),15-30%,0.0,0.5,No,No
29309039,29,Organic Chemicals,OTHERS-OF-OTHER ORGANO-SULPHUR COMPOUNDS,0.0,1.69,,3.0,High,Tier 3 (Specialty),15-30%,0.3,0.5,No,No
29309040,29,Organic Chemicals,*L-CYSTINE (ALPHA-AMINO BETA-THIO          PROPIONICACID)-SULPHUR C...,18.67,0.0,,3.0,High,Tier 3 (Specialty),15-30%,0.0,0.5,No,No
29309050,29,Organic Chemicals,*SULPHINIC ACID,0.45,0.0,,3.0,High,Tier 3 (Specialty),15-30%,0.0,0.5,No,No
29309060,29,Organic Chemicals,*SULPHOXIDE,20.02,0.0,,3.0,High,Tier 3 (Specialty),15-30%,0.0,0.5,No,No
29309070,29,Organic Chemicals,*MERCAPTAN,14.3,0.0,,3.0,High,Tier 3 (Specialty),15-30%,0.0,0.5,No,No
29309080,29,Organic Chemicals,*ALLYL ISOTHIDCYANATE,0.11,0.0,,3.0,High,Tier 3 (Specialty),15-30%,0.0,0.5,No,No
29309091,29,Organic Chemicals,"ETHANOL, 2, 2-THIOBIS",0.53,0.79,48.2,5.4,High,Tier 3 (Specialty),15-30%,0.1,0.5,No,No
29309092,29,Organic Chemicals,"ACEPHATE,PHORATE,CPTN,CLETHDM,DIFNTHIURN,ETHION,MALATHN,OXYDMTN-MET...",0.0,0.15,47002.8,5.4,High,Tier 3 (Specialty),15-30%,0.0,0.5,No,No
29309094,29,Organic Chemicals,"CONTAINING A PHOSPHORUS ATOM TO WHICH ONE METHYL,ETHYL,N-PROPYL OR ...",0.0,0.71,,3.0,High,Tier 3 (Specialty),15-30%,0.1,0.5,No,No
29309095,29,Organic Chemicals,*DI-ETHYL AMINO ETHANETHIOL HYDROCHLORIDE,0.48,0.0,,3.0,High,Tier 3 (Specialty),15-30%,0.0,0.5,No,No
29309096,29,Organic Chemicals,O-ETHYL S-PHENYL ETHYLPHOSPHONOTHIOLOTHIONATE  (FONOFOS),0.0,0.01,753.2,5.4,High,Tier 3 (Specialty),15-30%,0.0,0.5,No,No
29309097,29,Organic Chemicals,"*PHOSPHOROTHIOIC ACID, S[2-(DIETHYL AMINO) ETHYL] O, O-DIETHYL ESTER",0.12,0.0,,3.0,High,Tier 3 (Specialty),15-30%,0.0,0.5,No,No
29309098,29,Organic Chemicals,DICHIARO DIPHENYL SULPHONE,2.7,1.4,-48.1,3.0,High,Tier 3 (Specialty),15-30%,0.2,0.5,No,No
29309099,29,Organic Chemicals,OTHER ORGANO-SULPHUR COMPNDS,194.98,213.0,9.2,3.96,High,Tier 2.5 (Quick-win),60-75%,127.8,0.8,Yes,No
29311010,29,Organic Chemicals,TETRAMETHYL LEAD,0.04,0.0,-99.8,3.0,High,Tier 3 (Specialty),15-30%,0.0,0.5,No,No
29311090,29,Organic Chemicals,TETRAETHYL LEAD,0.01,0.0,-36.0,3.0,High,Tier 3 (Specialty),15-30%,0.0,0.5,No,No
29312000,29,Organic Chemicals,TRIBUTYLTIN COMPOUNDS,1.37,1.0,-27.2,3.0,High,Tier 3 (Specialty),15-30%,0.1,0.5,No,No
29314100,29,Organic Chemicals,DIMETHYL METHYLPHOSPHONATE (NON-HALOGENATED ORGANO PHOSPHOROUS DERI...,0.0,0.01,429.0,5.4,High,Tier 3 (Specialty),15-30%,0.0,0.5,No,No
29314200,29,Organic Chemicals,DIMETHYL PROPYLPHOSPHONATE (NON-HALOGENATED ORGANO PHOSPHOROUS DERI...,0.0,0.03,,3.0,High,Tier 3 (Specialty),15-30%,0.0,0.5,No,No
29314400,29,Organic Chemicals,METHYLPHOSPHONIC ACID(NON-HALOGENATED ORGANO PHOSPHOROUS DERIVATIVES),0.0,0.0,,3.0,High,Tier 3 (Specialty),15-30%,0.0,0.5,No,No
29314500,29,Organic Chemicals,SALT OF METHYLPHOSPHONIC ACID AND (AMINOIMINOMETHYL) UREA (1:1) (NO...,0.0,0.0,,3.0,High,Tier 3 (Specialty),15-30%,0.0,0.5,No,No
29314800,29,Organic Chemicals,"3,9-DIMETHYL-2,4,8,10-TETRAOXA-3,9-DIPHOSPHASPIRO[5.5] UNDECANE 3,9...",0.0,0.02,,3.0,High,Tier 3 (Specialty),15-30%,0.0,0.5,No,No
29314910,29,Organic Chemicals,SODIUM 3-(TRIHYDROXYSILYL) PROPYL METHYLPHOSPHONATE,0.0,0.05,24627.7,5.4,High,Tier 3 (Specialty),15-30%,0.0,0.5,No,No
29314920,29,Organic Chemicals,"BIS [(5-ETHYL-2-METHYL-2-OXIDO-1,3,2-DIOXAPHOSPHINAN-5-YL) METHYL] ...",0.0,0.02,418.1,5.4,High,Tier 3 (Specialty),15-30%,0.0,0.5,No,No
29314930,29,Organic Chemicals,"GLYPHOSATE(ISO),FOSETYL-AL,GLUFOSINATE AMMONIUM,GLYPHOSTAE POTASSIU...",0.7,1.95,179.6,5.4,High,Tier 3 (Specialty),15-30%,0.3,0.5,No,No
29314940,29,Organic Chemicals,BUTYL METHYLPHOSPHINATE,0.0,0.01,,3.0,High,Tier 3 (Specialty),15-30%,0.0,0.5,No,No
29314990,29,Organic Chemicals,*OTHER,6.69,0.0,,3.0,High,Tier 3 (Specialty),15-30%,0.0,0.5,No,No
29314991,29,Organic Chemicals,"CONTAINING A PHOSPHORUS ATOM TO WHICH ONE METHYL,ETHYL,N-PROPYL OR ...",0.0,0.06,,3.0,High,Tier 3 (Specialty),15-30%,0.0,0.5,No,No
29314999,29,Organic Chemicals,OTHERS-OF-OTHERS-OF-OTHER ORGANO-INORGANIC COMPOUNDS,0.0,6.37,,3.0,High,Tier 3 (Specialty),15-30%,1.0,0.5,No,No
29315900,29,Organic Chemicals,*OTHER (HALOGENATED ORGANO PHOSPHOROUS DERIVATIVES),1.36,0.0,,3.0,High,Tier 3 (Specialty),15-30%,0.0,0.5,No,No
29315910,29,Organic Chemicals,P-ALKYL N-ALKYLIDENE PHOSPHONAMIDIC FLUORIDES AND CORRSPNDNG ALKYLA...,0.0,0.0,,3.0,High,Tier 3 (Specialty),15-30%,0.0,0.5,No,No
29315931,29,Organic Chemicals,ETHEPHON,0.0,0.0,,3.0,High,Tier 3 (Specialty),15-30%,0.0,0.5,No,No
29315939,29,Organic Chemicals,OTHERS-OF-OTHERS-OF-OTHER ORGANO-INORGANIC COMPOUNDS,0.0,0.01,,3.0,High,Tier 3 (Specialty),15-30%,0.0,0.5,No,No
29315990,29,Organic Chemicals,OTHERS-OF-OTHERS-OF-OTHER ORGANO-INORGANIC COMPOUNDS,0.0,1.35,,3.0,High,Tier 3 (Specialty),15-30%,0.2,0.5,No,No
29319011,29,Organic Chemicals,METHYLARSONIC ACID AND ITS SALT,0.03,0.03,7.6,3.3,High,Tier 3 (Specialty),15-30%,0.0,0.5,No,No
29319012,29,Organic Chemicals,CACODYLIC ACID AND ITS SALT,0.0,0.0,-35.2,3.0,High,Tier 3 (Specialty),15-30%,0.0,0.5,No,No
29319019,29,Organic Chemicals,OTHER-OF-Organo-arsenic compounds,4.83,6.78,40.4,5.4,High,Tier 3 (Specialty),15-30%,1.0,0.5,No,No
29319020,29,Organic Chemicals,ORGANO-SILICON COMPOUNDS,20.88,15.83,-24.2,3.0,High,Tier 3 (Specialty),15-30%,2.4,0.5,No,No
29319030,29,Organic Chemicals,O-IODOSOBENZOIC ACID,0.0,0.04,1352.5,5.4,High,Tier 3 (Specialty),15-30%,0.0,0.5,No,No
29319090,29,Organic Chemicals,OTHER-OF-OTHER-OF-OTHER ORGANO-INORGANIC COMPOUNDS,195.81,168.32,-14.0,3.6,High,Tier 2.5 (Quick-win),60-75%,101.0,0.8,Yes,No
29321100,29,Organic Chemicals,TETRAHYDROFURAN,56.14,48.32,-13.9,3.0,High,Tier 3 (Specialty),15-30%,7.2,0.5,No,No
29321200,29,Organic Chemicals,2-FURALDEHYDE(FURFURALDEHYDE),0.65,0.53,-18.0,3.0,High,Tier 3 (Specialty),15-30%,0.1,0.5,No,No
29321300,29,Organic Chemicals,FURFURYL ALCHL AND TETRAHYDROFURFURYL ALCHL,10.69,13.8,29.2,5.4,High,Tier 3 (Specialty),15-30%,2.1,0.5,No,No
29321400,29,Organic Chemicals,SUCRALOSE,19.04,28.43,49.3,5.4,High,Tier 3 (Specialty),15-30%,4.3,0.5,No,No
29321910,29,Organic Chemicals,HYDROXY-3-DIBENZFUREN CARBOXYLIC ACID,0.47,0.04,-91.5,3.0,High,Tier 3 (Specialty),15-30%,0.0,0.5,No,No
29321920,29,Organic Chemicals,"AZADIRACHTIN(NEEM PRODUCTS),BENFURACARB,CINMETHYLENE",0.0,0.0,,3.0,High,Tier 3 (Specialty),15-30%,0.0,0.5,No,No
29321990,29,Organic Chemicals,OTHER CMPNDS CNTNG UNFUSED FURANRING (W/N)IN STRUCTURE,57.23,61.63,7.7,3.3,High,Tier 2.5 (Quick-win),60-75%,37.0,0.8,Yes,No
29322010,29,Organic Chemicals,"COUMARIN, METHYLCOUMARINS AND   ETHYLCOUMARINS",0.88,0.61,-30.8,3.0,High,Tier 3 (Specialty),15-30%,0.1,0.5,No,No
29322020,29,Organic Chemicals,PHENOLPHTHALEIN,0.0,0.02,485.0,5.4,High,Tier 3 (Specialty),15-30%,0.0,0.5,No,No
29322030,29,Organic Chemicals,"BRODIFACOUM,BROMADIOLONE,COUMACHLOR,COUMATETRALYL,FLOCOUMAFEN,MILBE...",0.0,0.01,,3.0,High,Tier 3 (Specialty),15-30%,0.0,0.5,No,No
29322090,29,Organic Chemicals,OTHER LACTONES,84.55,86.21,2.0,3.3,High,Tier 2.5 (Quick-win),60-75%,51.7,0.8,Yes,No
29329200,29,Organic Chemicals,"1-(1,3-BENZODIOXOL-5-YL) PROPAN-2-ONE",0.0,0.0,,3.0,High,Tier 3 (Specialty),15-30%,0.0,0.5,No,No
29329300,29,Organic Chemicals,PIPERAN0L,2.73,1.52,-44.3,3.0,High,Tier 3 (Specialty),15-30%,0.2,0.5,No,No
29329400,29,Organic Chemicals,SAFR0LE,0.0,0.12,,3.0,High,Tier 3 (Specialty),15-30%,0.0,0.5,No,No
29329600,29,Organic Chemicals,CARBOFURAN (ISO),0.0,3.77,,3.0,High,Tier 3 (Specialty),15-30%,0.6,0.5,No,No
29329910,29,Organic Chemicals,CINEOLE,8.81,7.09,-19.5,3.0,High,Tier 3 (Specialty),15-30%,1.1,0.5,No,No
29329920,29,Organic Chemicals,"EMAMECTIN BENZONATE(ISO),ABAMECTIN,DINOTEFURON",0.0,3.43,,3.0,High,Tier 3 (Specialty),15-30%,0.5,0.5,No,No
29329990,29,Organic Chemicals,OTHERS-OF-OTHER HETEROCYCLIC COMPNDS WITH OXYGENHETERO - ATOM/S),252.01,279.76,11.0,5.4,High,Tier 2.5 (Quick-win),60-75%,167.9,0.8,Yes,No
29331100,29,Organic Chemicals,PHENAZONE (ANTIPYRIN) AND ITS DERIVATIVES,1.23,1.66,34.5,5.4,High,Tier 3 (Specialty),15-30%,0.2,0.5,No,No
29331910,29,Organic Chemicals,3-CARBOXY (PARA SLPHPHNYL)-5 PYRAZOLONE,0.14,0.6,322.1,5.4,High,Tier 3 (Specialty),15-30%,0.1,0.5,No,No
29331920,29,Organic Chemicals,1(2:5 DCHLR-4-SLPHPHNYL)-3-MTHYL-5-PYRAZLN,0.17,0.41,150.6,5.4,High,Tier 3 (Specialty),15-30%,0.1,0.5,No,No
29331930,29,Organic Chemicals,3-MTHYL-1(4-SLPHO-0-TOLUYL-5-PYRAZOLDNE),0.0,0.0,-23.9,3.0,High,Tier 3 (Specialty),15-30%,0.0,0.5,No,No
29331940,29,Organic Chemicals,PHENYL-METHYL PYRAZOLONE,0.82,0.66,-19.7,3.0,High,Tier 3 (Specialty),15-30%,0.1,0.5,No,No
29331950,29,Organic Chemicals,1-PHNYL-5-PYRAZLN-3-CRBOXYLC ACD ETHYLESTR,0.0,1.09,309012.7,5.4,High,Tier 3 (Specialty),15-30%,0.2,0.5,No,No
29331960,29,Organic Chemicals,1-(M-SULPHOPHENYL)-3-PYRAZOLONE,0.28,0.49,78.5,5.4,High,Tier 3 (Specialty),15-30%,0.1,0.5,No,No
29331970,29,Organic Chemicals,ANALGIN,4.5,2.95,-34.5,3.0,High,Tier 3 (Specialty),15-30%,0.4,0.5,No,No
29331980,29,Organic Chemicals,0XYPHENBUTAZONE,0.01,0.15,1005.4,5.4,High,Tier 3 (Specialty),15-30%,0.0,0.5,No,No
29331991,29,Organic Chemicals,FLUORO-3-(DIFLUOROMETHYL)-1-METHYL-1  H- PYRAZOLE-4-CARBONYL FLUORIDE,0.0,0.0,2712.2,5.4,High,Tier 3 (Specialty),15-30%,0.0,0.5,No,No
29331992,29,Organic Chemicals,"CYENOPYRAFEN,FENPYROXIMATE,FIPRONIL,FLUXAPYROXAD,PENFLUFEN,PYRACLOS...",0.0,0.0,,3.0,High,Tier 3 (Specialty),15-30%,0.0,0.5,No,No
29331999,29,Organic Chemicals,OTHERS-OF-OTHR HTRCYCLC CMPNDS CNTNG AN UNFUSED PYRZL RING (W/N HYD...,175.4,155.91,-11.1,3.6,High,Tier 2.5 (Quick-win),60-75%,93.5,0.8,Yes,No
29332100,29,Organic Chemicals,HYDANTOIN AND ITS DERIVATIVES,3.99,3.84,-3.6,3.0,High,Tier 3 (Specialty),15-30%,0.6,0.5,No,No
29332910,29,Organic Chemicals,TINIDAZOLE,0.34,0.33,-4.7,3.0,High,Tier 3 (Specialty),15-30%,0.0,0.5,No,No
29332920,29,Organic Chemicals,METRONIDAZOLE METRONIDIAZOLE BENZOATE,10.94,7.95,-27.3,3.0,High,Tier 3 (Specialty),15-30%,1.2,0.5,No,No
29332930,29,Organic Chemicals,MEBENDAZOLE,0.12,0.17,46.6,5.4,High,Tier 3 (Specialty),15-30%,0.0,0.5,No,No
29332940,29,Organic Chemicals,DIMETRIDAZOLE,0.12,0.0,-96.5,3.0,High,Tier 3 (Specialty),15-30%,0.0,0.5,No,No
29332950,29,Organic Chemicals,ALBENDAZ0LE,1.55,1.68,8.0,3.3,High,Tier 3 (Specialty),15-30%,0.3,0.5,No,No
29332960,29,Organic Chemicals,"IMIDACLOPRID(ISO),FENAMIDONE,IMAZAMOX,IMIPROTHRIN,IPRODIONE,PROCHLORAZ",0.0,0.7,,3.0,High,Tier 3 (Specialty),15-30%,0.1,0.5,No,No
29332990,29,Organic Chemicals,OTHER COMPNDS CNTNG AN UNFUSED IMIDAZOLE  RING (W/N HYDRGNTD ) IN S...,80.24,83.05,3.5,3.3,High,Tier 2.5 (Quick-win),60-75%,49.8,0.8,Yes,No
29333100,29,Organic Chemicals,*PYRIDINE AND ITS SALTS,24.11,0.0,,3.0,High,Tier 3 (Specialty),15-30%,0.0,0.5,No,No
29333110,29,Organic Chemicals,"FLRPYRXFEN BNZL,FLUROXPR MPTYL,HALXIFN-MTHL,HALOXFP-R-MTHL,PARQUT D...",0.0,0.91,,3.0,High,Tier 3 (Specialty),15-30%,0.1,0.5,No,No
29333190,29,Organic Chemicals,OTHERS-OF-PYRIDINE AND ITS SALTS,0.0,19.85,,3.0,High,Tier 3 (Specialty),15-30%,3.0,0.5,No,No
29333200,29,Organic Chemicals,*PIPERIDINE AND ITS SALTS,7.08,0.0,,3.0,High,Tier 3 (Specialty),15-30%,0.0,0.5,No,No
29333290,29,Organic Chemicals,OTHERS-OF-PIPERIDINE AND ITS SALTS,0.0,5.52,,3.0,High,Tier 3 (Specialty),15-30%,0.8,0.5,No,No
29333311,29,Organic Chemicals,ALFENTANIL(INN) AND ITS SALT,0.0,0.0,,3.0,High,Tier 3 (Specialty),15-30%,0.0,0.5,No,No
29333321,29,Organic Chemicals,FENTANYL (INN) AND ITS SALT,0.01,0.01,-20.9,3.0,High,Tier 3 (Specialty),15-30%,0.0,0.5,No,No
29333323,29,Organic Chemicals,METHYLPHENIDATE (INN) AND ITS SALT,0.88,0.02,-97.5,3.0,High,Tier 3 (Specialty),15-30%,0.0,0.5,No,No
29333325,29,Organic Chemicals,PETHIDINE (INN) AND ITS SALT,0.1,0.0,,3.0,High,Tier 3 (Specialty),15-30%,0.0,0.5,No,No
29333326,29,Organic Chemicals,PETHIDINE(INN) INTERMEDIATE AND ITS SALT,0.06,0.11,91.5,5.4,High,Tier 3 (Specialty),15-30%,0.0,0.5,No,No
29333334,29,Organic Chemicals,REMIFENTANIL (INN) AND ITS SALT,0.0,0.0,,3.0,High,Tier 3 (Specialty),15-30%,0.0,0.5,No,No
29333400,29,Organic Chemicals,OTHER FENTANYLS AND THEIT DERIVATIVES,0.0,0.0,970.7,5.4,High,Tier 3 (Specialty),15-30%,0.0,0.5,No,No
29333500,29,Organic Chemicals,3-QUINUCLIDINOL,0.0,0.0,,3.0,High,Tier 3 (Specialty),15-30%,0.0,0.5,No,No
29333600,29,Organic Chemicals,4-ANILINO-N-PHENETHYLPIPERIDINE (ANPP),0.0,0.02,385.9,5.4,High,Tier 3 (Specialty),15-30%,0.0,0.5,No,No
29333700,29,Organic Chemicals,N-PHENETHYL-4-PIPERIDONE (NPP),0.01,0.0,,3.0,High,Tier 3 (Specialty),15-30%,0.0,0.5,No,No
29333911,29,Organic Chemicals,AMINO PYRIDINE,9.36,7.36,-21.3,3.0,High,Tier 3 (Specialty),15-30%,1.1,0.5,No,No
29333912,29,Organic Chemicals,ALPHA PICOLINE(2-METHYL PYRIDINE),0.1,5.45,5236.9,5.4,High,Tier 3 (Specialty),15-30%,0.8,0.5,No,No
29333913,29,Organic Chemicals,GAMMA PICOLINE(4-METHYL PYRIDINE),0.49,4.42,795.8,5.4,High,Tier 3 (Specialty),15-30%,0.7,0.5,No,No
29333914,29,Organic Chemicals,CHLORPHENIRAMINE MALEATE,0.13,0.01,-89.1,3.0,High,Tier 3 (Specialty),15-30%,0.0,0.5,No,No
29333915,29,Organic Chemicals,DIPHENOXYLATE HYDROCHLORIDE,0.01,0.0,,3.0,High,Tier 3 (Specialty),15-30%,0.0,0.5,No,No
29333916,29,Organic Chemicals,BETA PIC0LINE ( 3-METHYL PYRIDINE ),15.28,12.32,-19.4,3.0,High,Tier 3 (Specialty),15-30%,1.8,0.5,No,No
29333917,29,Organic Chemicals,Chlorantraniliprole (ISO),0.0,0.28,,3.0,High,Tier 3 (Specialty),15-30%,0.0,0.5,No,No
29333918,29,Organic Chemicals,LUTIDINE (DIMETHYLE PYRIDINE),2.98,3.46,16.1,4.5,High,Tier 3 (Specialty),15-30%,0.5,0.5,No,No
29333921,29,Organic Chemicals,Acetamiprid (ISO),0.0,0.6,,3.0,High,Tier 3 (Specialty),15-30%,0.1,0.5,No,No
29333922,29,Organic Chemicals,Imazethapyr (ISO),0.0,0.01,19973.2,5.4,High,Tier 3 (Specialty),15-30%,0.0,0.5,No,No
29333929,29,Organic Chemicals,OTHERS-OF-OTHER : DERIVATIVES OF PYRIDINE :,17.61,20.2,14.7,4.5,High,Tier 3 (Specialty),15-30%,3.0,0.5,No,No
29333960,29,Organic Chemicals,"1,N-BIS[N-(3-DIMETHYLCARBAMOXY-A-PICOLYL)-N,N_DIALKYL(=C10)AMMONIO]...",0.0,0.0,,3.0,High,Tier 3 (Specialty),15-30%,0.0,0.5,No,No
29333990,29,Organic Chemicals,*OTHER CMPNDS CNTNG AN UNFUSED PYRDN RING  (W/N HYDRGNTD ) IN STRUC...,271.62,207.16,-23.7,3.6,High,Tier 2.5 (Quick-win),60-75%,124.3,0.8,Yes,No
29334190,29,Organic Chemicals,OTHERS-OF-LEVORPHANOL (INN) AND ITS SALTS,0.0,0.03,,3.0,High,Tier 3 (Specialty),15-30%,0.0,0.5,No,No
29334900,29,Organic Chemicals,*OTHE CMPNDS CNTNG IN STRUCTURE A          QUINOLINEOR ISOQUINOLINE...,61.75,0.0,,3.0,High,Tier 3 (Specialty),15-30%,0.0,0.5,No,No
29334910,29,Organic Chemicals,QUIZALOFOP ETHYL,0.0,0.0,,3.0,High,Tier 3 (Specialty),15-30%,0.0,0.5,No,No
29334990,29,Organic Chemicals,OTHERS-OF-OTHERS-OF-HETEROCYCLIC COMPOUNDS WITH NITROGEN,0.0,70.6,,3.0,High,Tier 2.5 (Quick-win),60-75%,42.4,0.8,Yes,No
29335200,29,Organic Chemicals,MALONYLUREA (BARBITURIC ACID)  AND  ITS SALS,4.58,5.33,16.3,4.5,High,Tier 3 (Specialty),15-30%,0.8,0.5,No,No
29335300,29,Organic Chemicals,ALLOBARBITAL AND OTHR BARBITAL COMPNDS    ANDITS SALTS,0.19,0.05,-71.6,3.0,High,Tier 3 (Specialty),15-30%,0.0,0.5,No,No
29335400,29,Organic Chemicals,"OTHER DERIVATIVES OF MALONYLUREA          (BARBITURIC ACID ), SALTS...",0.32,1.04,229.1,5.4,High,Tier 3 (Specialty),15-30%,0.2,0.5,No,No
29335500,29,Organic Chemicals,"LOPRAZOLAM, MECLOQUALONE, METHAQUALONE ,  ZIPEROL, SALTS THEREOF",0.0,0.0,223.0,5.4,High,Tier 3 (Specialty),15-30%,0.0,0.5,No,No
29335910,29,Organic Chemicals,AMINOPHYLLINE(CORDOPHYLIN),0.8,0.16,-80.0,3.0,High,Tier 3 (Specialty),15-30%,0.0,0.5,No,No
29335920,29,Organic Chemicals,TRIMETHOPRIM,0.25,0.33,33.3,5.4,High,Tier 3 (Specialty),15-30%,0.0,0.5,No,No
29335930,29,Organic Chemicals,DIETHYL CARBANAZINE CITRATE,0.0,0.01,,3.0,High,Tier 3 (Specialty),15-30%,0.0,0.5,No,No
29335940,29,Organic Chemicals,1 - AMINO-4METHYL PIPERAZINE,0.01,0.02,54.0,5.4,High,Tier 3 (Specialty),15-30%,0.0,0.5,No,No
29335950,29,Organic Chemicals,"BSPRBC-NA,AMTRCTRDN,AZXYSTRBN,BNZPYRMXM,BPRMT,FLRSLAM,PLYOXN D ZN S...",0.01,0.45,7050.1,5.4,High,Tier 3 (Specialty),15-30%,0.1,0.5,No,No
29335990,29,Organic Chemicals,OTHER CMPNDS CNTNG A PYRIMIDINE RING (W/N HYDRGNTD) OR PIPERAZINE R...,390.18,495.35,26.9,6.48,High,Tier 2 (Dependent),30-50%,148.6,0.7,No,No
29336100,29,Organic Chemicals,MELAMINE,107.95,109.77,1.7,3.96,High,Tier 2.5 (Quick-win),60-75%,65.9,0.8,Yes,No
29336910,29,Organic Chemicals,CYANURIC ACID AND ITS SALTS,22.28,21.9,-1.7,3.0,High,Tier 3 (Specialty),15-30%,3.3,0.5,No,No
29336920,29,Organic Chemicals,"4-[4,6-BIS(2,4-D   IMETHYLPHENYL)-1,3,5-TRIAZINE-2-YL]-1,3-BENZENEDIOL",0.29,0.01,-97.3,3.0,High,Tier 3 (Specialty),15-30%,0.0,0.5,No,No
29336930,29,Organic Chemicals,TRIS(2-HYDROXYETHYL)  ISOCYANURATE,0.43,1.18,176.8,5.4,High,Tier 3 (Specialty),15-30%,0.2,0.5,No,No
29336940,29,Organic Chemicals,ETHYLHEXYLTRIAZONE,0.71,1.18,65.9,5.4,High,Tier 3 (Specialty),15-30%,0.2,0.5,No,No
29336950,29,Organic Chemicals,"2,4,6-TRI(2,4-DYHYDROXYL-3-METHYL  PHENYL)-1,3,5-TRIAZINE",0.27,0.08,-69.7,3.0,High,Tier 3 (Specialty),15-30%,0.0,0.5,No,No
29336960,29,Organic Chemicals,"AMTRYN,ATRZIN,CARFNTRZN ETHL,CYPROCNZL,DFNOCNZL,FLUSILZL,HXACNZL,HX...",0.0,0.2,,3.0,High,Tier 3 (Specialty),15-30%,0.0,0.5,No,No
29336990,29,Organic Chemicals,OTHER CMPND CNTNG AN UNFUSED TRIAZINE     RING(W/N HYDRGNTD) IN STR...,136.19,170.72,25.4,6.48,High,Tier 2 (Dependent),30-50%,51.2,0.7,Yes,No
29337100,29,Organic Chemicals,6-HEXANELACTAM (EPSILON-CAPROLACTAM),102.64,72.34,-29.5,3.0,High,Tier 2.5 (Quick-win),60-75%,43.4,0.8,Yes,No
29337200,29,Organic Chemicals,CLOBAZAM (INN) AND METHYPRYLDN (INN),2.45,3.9,59.2,5.4,High,Tier 3 (Specialty),15-30%,0.6,0.5,No,No
29337910,29,Organic Chemicals,N-METHYL-2-PYRROLIDONE,9.83,14.73,49.8,5.4,High,Tier 3 (Specialty),15-30%,2.2,0.5,No,No
29337920,29,Organic Chemicals,N-ETHYL-2-PYRROLIDONE,0.99,0.47,-52.6,3.0,High,Tier 3 (Specialty),15-30%,0.1,0.5,No,No
29337930,29,Organic Chemicals,SPIROTETRAMAT,0.0,0.0,,3.0,High,Tier 3 (Specialty),15-30%,0.0,0.5,No,No
29337990,29,Organic Chemicals,OTHERS-OF-OTHER LACTAMS,41.24,42.83,3.9,3.3,High,Tier 3 (Specialty),15-30%,6.4,0.5,No,No
29339100,29,Organic Chemicals,"ALPRA ZOLAM, CAMAZEPAM AND OTHER CMPNDS OF  ZEPAM, SALTS THEREOF",2.26,1.49,-34.1,3.0,High,Tier 3 (Specialty),15-30%,0.2,0.5,No,No
29339200,29,Organic Chemicals,AZINPHOS-METHYL (ISO),0.0,0.0,267.0,5.4,High,Tier 3 (Specialty),15-30%,0.0,0.5,No,No
29339910,29,Organic Chemicals,LMIDAZO PYRIDINE METHYL AMINE,10.61,4.71,-55.6,3.0,High,Tier 3 (Specialty),15-30%,0.7,0.5,No,No
29339920,29,Organic Chemicals,"CRBNDZM,BITRTNL,CHLRFNPYR,CHLRFLUZURN,FNOXPRP-P-ETHL,FLUFNZN,FLUPYR...",0.0,1.52,51624.8,5.4,High,Tier 3 (Specialty),15-30%,0.2,0.5,No,No
29339990,29,Organic Chemicals,OTHERS-OF-OTHER HETERDCYCLIC CMPNDS WITH NITROGEN HETRO ATOM (S) ONLY,816.82,778.44,-4.7,4.5,High,Tier 2.5 (Quick-win),60-75%,467.1,0.8,Yes,No
29341000,29,Organic Chemicals,*CMPNDS CNTNG AN UNFUSED THIAZOLE RING (W/N HYDROGENATED ) IN THE S...,35.81,0.0,,3.0,High,Tier 3 (Specialty),15-30%,0.0,0.5,No,No
29341010,29,Organic Chemicals,"CLOTHIANIDIN,OXATHIAPIPROLIN,THIFLUZAMIDE,THIOMETHOXAM",0.0,0.64,,3.0,High,Tier 3 (Specialty),15-30%,0.1,0.5,No,No
29341090,29,Organic Chemicals,OTHERS-OF-CMPNDS CNTNG AN UNFUSED THIAZOLE RING (W/N HYDROGENATED )...,0.0,31.42,,3.0,High,Tier 3 (Specialty),15-30%,4.7,0.5,No,No
29342000,29,Organic Chemicals,*CMPNDS CNTNG A BENZOTHIAZONE RING-SYSTEM  (W/N HYDRGNTD) NT FRTHR ...,29.13,0.0,,3.0,High,Tier 3 (Specialty),15-30%,0.0,0.5,No,No
29342010,29,Organic Chemicals,METHABENZTHIAZURON,0.0,0.3,,3.0,High,Tier 3 (Specialty),15-30%,0.0,0.5,No,No
29342090,29,Organic Chemicals,OTHERS-OF-CMPNDS CNTNG A BENZOTHIAZONE RING-SYSTEM(W/N HYDRGNTD) NT...,0.0,31.73,,3.0,High,Tier 3 (Specialty),15-30%,4.8,0.5,No,No
29343000,29,Organic Chemicals,CMPNDS CNTNG A PHENOTHIAZINE RING-SYSTEM  (W/N HYDRGNTD ) NT FRTHR ...,7.5,6.69,-10.7,3.0,High,Tier 3 (Specialty),15-30%,1.0,0.5,No,No
29349100,29,Organic Chemicals,"AMINOREX, BROTIZOLAM AND OTHER LIKE       CMPNDS, SALTS THEREOF",0.03,0.0,-98.5,3.0,High,Tier 3 (Specialty),15-30%,0.0,0.5,No,No
29349200,29,Organic Chemicals,OTHER FENTANYLS AND THEIT DERIVATIVES,0.54,0.39,-26.9,3.0,High,Tier 3 (Specialty),15-30%,0.1,0.5,No,No
29349910,29,Organic Chemicals,CHIARO THIOPHENE-2-CARBOXYL IC ACID,0.84,0.79,-6.5,3.0,High,Tier 3 (Specialty),15-30%,0.1,0.5,No,No
29349920,29,Organic Chemicals,MORPHOLINE,4.96,4.37,-11.9,3.0,High,Tier 3 (Specialty),15-30%,0.7,0.5,No,No
29349930,29,Organic Chemicals,Buprofezin (ISO),0.0,0.02,510.6,5.4,High,Tier 3 (Specialty),15-30%,0.0,0.5,No,No
29349940,29,Organic Chemicals,"BNTAZON,BIXLZON,CLOMZN,DAZOMT,DIMTHOMORPH,ETOXZLE,FLUNSLFN,FLUFNCET...",0.0,0.01,,3.0,High,Tier 3 (Specialty),15-30%,0.0,0.5,No,No
29349990,29,Organic Chemicals,OTHERS-OF-OTHER HETEROCYCLIC COMPOUNDS,654.1,685.75,4.8,4.95,High,Tier 2.5 (Quick-win),60-75%,411.4,0.8,Yes,No
29351000,29,Organic Chemicals,N-METHYLPERFLUOROOCTANE  SULPHONAMIDE,0.02,0.02,9.3,3.3,High,Tier 3 (Specialty),15-30%,0.0,0.5,No,No
29353000,29,Organic Chemicals,N-ETHYL-N-(2-HYDROXYETHYL)  PERFLUOROOCTANE  SULPHONAMIDE,0.0,0.01,180.8,5.4,High,Tier 3 (Specialty),15-30%,0.0,0.5,No,No
29355090,29,Organic Chemicals,OTHERS-OF-OTHER PERFLUOROOCTANESULPHONAMIDES,0.1,0.97,836.5,5.4,High,Tier 3 (Specialty),15-30%,0.1,0.5,No,No
29359011,29,Organic Chemicals,SULPHAMETHOXAZOLE,0.03,0.04,46.5,5.4,High,Tier 3 (Specialty),15-30%,0.0,0.5,No,No
29359013,29,Organic Chemicals,SULPHADIAZINE,0.69,0.76,10.1,4.5,High,Tier 3 (Specialty),15-30%,0.1,0.5,No,No
29359014,29,Organic Chemicals,SULPHADIMIDINE,1.44,1.97,37.1,5.4,High,Tier 3 (Specialty),15-30%,0.3,0.5,No,No
29359022,29,Organic Chemicals,SULPHAMETHIAZOLE,0.0,0.0,,3.0,High,Tier 3 (Specialty),15-30%,0.0,0.5,No,No
29359023,29,Organic Chemicals,SULPHAMOXOLE,0.0,0.0,,3.0,High,Tier 3 (Specialty),15-30%,0.0,0.5,No,No
29359024,29,Organic Chemicals,SULPHAMIDE,0.83,1.2,45.8,5.4,High,Tier 3 (Specialty),15-30%,0.2,0.5,No,No
29359040,29,Organic Chemicals,"AMISLBRM,AZMSLFRN,BENSLFRN MTHL,CHLRIMRN ETHL,CYAZFAMD,CYZOFAMD,DIC...",0.0,0.56,,3.0,High,Tier 3 (Specialty),15-30%,0.1,0.5,No,No
29359090,29,Organic Chemicals,OTHERS-OF-OTHERS-OF-SULPHONAMIDES,88.04,92.91,5.5,3.3,High,Tier 2.5 (Quick-win),60-75%,55.7,0.8,Yes,No
29362100,29,Organic Chemicals,VITAMINS A AND THEIR DERIVATIVES,15.12,21.62,43.0,5.4,High,Tier 3 (Specialty),15-30%,3.2,0.5,No,No
29362210,29,Organic Chemicals,"VITAMIN B1I(THIAMINE, ANEURINE) AND ITS SALT",19.06,25.15,31.9,5.4,High,Tier 3 (Specialty),15-30%,3.8,0.5,No,No
29362290,29,Organic Chemicals,OTHER VITAMIN B1I AND ITS DRIVATIVES,3.5,2.6,-25.7,3.0,High,Tier 3 (Specialty),15-30%,0.4,0.5,No,No
29362310,29,Organic Chemicals,"VITAMIN B2 (RIBOFLAVIN, LACTOPLAVIN) AND  ITS SALTS",11.78,9.27,-21.3,3.0,High,Tier 3 (Specialty),15-30%,1.4,0.5,No,No
29362390,29,Organic Chemicals,OTHER VITAMIN B2 AND ITS DERIVATIVES,4.48,2.95,-34.1,3.0,High,Tier 3 (Specialty),15-30%,0.4,0.5,No,No
29362400,29,Organic Chemicals,D-OR DL-PANTOTHENIC ACID (VITAMIN B5) AND ITS DERIVATIVES,9.68,11.01,13.7,4.5,High,Tier 3 (Specialty),15-30%,1.7,0.5,No,No
29362500,29,Organic Chemicals,VITAMIN B6 AND ITS DRVTS,14.56,13.99,-3.9,3.0,High,Tier 3 (Specialty),15-30%,2.1,0.5,No,No
29362610,29,Organic Chemicals,VITAMIN B12 (CYNOCOBALAMIN),26.63,33.42,25.5,5.4,High,Tier 3 (Specialty),15-30%,5.0,0.5,No,No
29362690,29,Organic Chemicals,OTHER VITAMIN B12 AND ITS DERIVATIVES,1.47,3.5,138.5,5.4,High,Tier 3 (Specialty),15-30%,0.5,0.5,No,No
29362700,29,Organic Chemicals,VITAMIN C (ASCORBIC ACID) AND ITS DRVTVS,25.47,34.84,36.8,5.4,High,Tier 3 (Specialty),15-30%,5.2,0.5,No,No
29362800,29,Organic Chemicals,VITAMIN E AND ITS DERIVATIVES,42.49,55.25,30.0,5.4,High,Tier 2.5 (Quick-win),60-75%,33.1,0.8,Yes,No
29362910,29,Organic Chemicals,FOLIC ACID (VITAMIN B9),3.59,6.52,81.5,5.4,High,Tier 3 (Specialty),15-30%,1.0,0.5,No,No
29362920,29,Organic Chemicals,NCTNC ACID AND NCTNMD(NIACINAMIDE/NIACINE,1.87,1.22,-34.8,3.0,High,Tier 3 (Specialty),15-30%,0.2,0.5,No,No
29362930,29,Organic Chemicals,VITAMIN K (MENAPHTHONUM B.P.),2.42,2.06,-14.9,3.0,High,Tier 3 (Specialty),15-30%,0.3,0.5,No,No
29362940,29,Organic Chemicals,VITAMIN D,14.67,14.4,-1.9,3.0,High,Tier 3 (Specialty),15-30%,2.2,0.5,No,No
29362950,29,Organic Chemicals,VITAMIN H (BI0LIN),1.56,1.72,10.1,4.5,High,Tier 3 (Specialty),15-30%,0.3,0.5,No,No
29362990,29,Organic Chemicals,OTHER VITAMINS AND THR DRVTVS,18.93,13.07,-31.0,3.0,High,Tier 3 (Specialty),15-30%,2.0,0.5,No,No
29369000,29,Organic Chemicals,"OTHER, INCL. NATURAL CONCENTRTS",1.25,2.91,133.3,5.4,High,Tier 3 (Specialty),15-30%,0.4,0.5,No,No
29371100,29,Organic Chemicals,"SOMATOTROPIN, ITS DRVTVSAND STRCTL ANALOGVES",0.01,0.0,-53.1,3.0,High,Tier 3 (Specialty),15-30%,0.0,0.5,No,No
29371200,29,Organic Chemicals,INSULIN AND ITS SALTS,33.68,48.45,43.9,5.4,High,Tier 3 (Specialty),15-30%,7.3,0.5,No,No
29371900,29,Organic Chemicals,OTHER POLYPEPTIDE HORMONES THR DTVTVS AND   STRCTL ANLGES,46.84,68.85,47.0,5.4,High,Tier 2.5 (Quick-win),60-75%,41.3,0.8,Yes,No
29372100,29,Organic Chemicals,"CORTISONE,HYDROCORTISONE,PREDNISONE (DEHY-DROCORTISONE)AND FREDNISO...",39.48,35.88,-9.1,3.0,High,Tier 3 (Specialty),15-30%,5.4,0.5,No,No
29372200,29,Organic Chemicals,HALGNTD DRVTVS OF CORTI COSTEROIDAL,27.92,29.33,5.1,3.3,High,Tier 3 (Specialty),15-30%,4.4,0.5,No,No
29372300,29,Organic Chemicals,OESTROGENS AND PROGESTOGENS,64.3,53.69,-16.5,3.0,High,Tier 2.5 (Quick-win),60-75%,32.2,0.8,Yes,No
29372900,29,Organic Chemicals,OTHR STEROIDAL HORMONS THR DRVTVS AND     STRCTL ANLGES,108.45,103.98,-4.1,3.6,High,Tier 2.5 (Quick-win),60-75%,62.4,0.8,Yes,No
29373100,29,Organic Chemicals,EPINEPHRINE,0.0,0.0,,3.0,High,Tier 3 (Specialty),15-30%,0.0,0.5,No,No
29375000,29,Organic Chemicals,"PROSTAGLANDINS, TIROMBOXAMESAND             LEUKOTRIENESTHR DRVTVS ...",9.17,8.31,-9.4,3.0,High,Tier 3 (Specialty),15-30%,1.2,0.5,No,No
29379011,29,Organic Chemicals,EPINETHRINE,0.0,0.28,16334.8,5.4,High,Tier 3 (Specialty),15-30%,0.0,0.5,No,No
29379019,29,Organic Chemicals,"OTHERS-OF-OTHER HORMONS, NTRL OR RPRDCD BY SYNTHSIS USED AS HORMONS",6.0,4.23,-29.5,3.0,High,Tier 3 (Specialty),15-30%,0.6,0.5,No,No
29379020,29,Organic Chemicals,AMINO-ACID DERIVATIVES,11.03,8.81,-20.1,3.0,High,Tier 3 (Specialty),15-30%,1.3,0.5,No,No
29379090,29,Organic Chemicals,"OTHERS-OF-OTHER HORMONS, NTRL OR RPRDCD BY SYNTHSIS USED AS HORMONS",56.85,57.15,0.5,3.3,High,Tier 2.5 (Quick-win),60-75%,34.3,0.8,Yes,No
29381000,29,Organic Chemicals,RUTOSIDE (RUTIN) AND ITS DERIVATIVES,4.58,4.49,-2.0,3.0,High,Tier 3 (Specialty),15-30%,0.7,0.5,No,No
29389010,29,Organic Chemicals,DIGOXIN,0.03,0.16,500.5,5.4,High,Tier 3 (Specialty),15-30%,0.0,0.5,No,No
29389020,29,Organic Chemicals,DIGITALIS GLYCOSIDES,0.09,0.06,-33.2,3.0,High,Tier 3 (Specialty),15-30%,0.0,0.5,No,No
29389090,29,Organic Chemicals,OTHER GLYCOSIDES NTRL/RPRDCD BY SYNTHSIS ANDTHR SLTS ETHRS DRVTVS,77.4,64.53,-16.6,3.0,High,Tier 2.5 (Quick-win),60-75%,38.7,0.8,Yes,No
29391100,29,Organic Chemicals,"CONCENTRATES OF POPPY STRAW CMPNDS OF     MORPHIN, CODEINE, CODONE,...",27.03,7.13,-73.6,3.0,High,Tier 3 (Specialty),15-30%,1.1,0.5,No,No
29391900,29,Organic Chemicals,"OTHER ALKALOIDS OF OPIUM ANDTHR DRVTVS,SALTS",60.93,67.61,11.0,4.5,High,Tier 2.5 (Quick-win),60-75%,40.6,0.8,Yes,No
29392010,29,Organic Chemicals,QUININE ALKALOIDS,0.67,1.3,94.7,5.4,High,Tier 3 (Specialty),15-30%,0.2,0.5,No,No
29392020,29,Organic Chemicals,QUININE HYDROCHLORIDE,0.0,0.3,7618.4,5.4,High,Tier 3 (Specialty),15-30%,0.0,0.5,No,No
29392030,29,Organic Chemicals,QUININE SULPHATE,0.51,0.84,63.9,5.4,High,Tier 3 (Specialty),15-30%,0.1,0.5,No,No
29392090,29,Organic Chemicals,SALTS AND OTHR DRVTVS OF QUININE NES,1.85,1.29,-30.3,3.0,High,Tier 3 (Specialty),15-30%,0.2,0.5,No,No
29393000,29,Organic Chemicals,CAFFEINE AND ITS SALTS,23.62,37.71,59.6,5.4,High,Tier 3 (Specialty),15-30%,5.7,0.5,No,No
29394100,29,Organic Chemicals,*EPHEDRINE AND ITS SALTS (ALKALOIDS OF EPHEDRA AND THEIR DERIVATIVE...,0.01,0.1,598.5,5.4,High,Tier 3 (Specialty),15-30%,0.0,0.5,No,No
29394200,29,Organic Chemicals,*PSEUDOEPHEDRINE (INN) AND ITS SALTS (ALKALOIDS OF EPHEDRA AND THEI...,0.28,0.08,-71.1,3.0,High,Tier 3 (Specialty),15-30%,0.0,0.5,No,No
29394300,29,Organic Chemicals,CATHINE (INN) AND ITS SALTS (ALKALOIDS OF EPHEDRA AND THEIR DERIVAT...,0.0,0.0,375.8,5.4,High,Tier 3 (Specialty),15-30%,0.0,0.5,No,No
29394400,29,Organic Chemicals,*NOREPHEDRINE AND ITS SALTS (ALKALOIDS OF EPHEDRA AND THEIR DERIVAT...,0.0,0.01,1766.5,5.4,High,Tier 3 (Specialty),15-30%,0.0,0.5,No,No
29394500,29,Organic Chemicals,"LEVOMETAMFETAMINE,METAMFETAMINE (INN),METAMFETAMINERACEMATE,THR SAL...",0.0,0.0,-37.6,3.0,High,Tier 3 (Specialty),15-30%,0.0,0.5,No,No
29394900,29,Organic Chemicals,OTHERS-OF-OTHERS-OF-ALKLDS NATRL/RPRDCD BY SYNTHSIS AND THR SLTS ET...,0.57,0.73,28.9,5.4,High,Tier 3 (Specialty),15-30%,0.1,0.5,No,No
29395900,29,Organic Chemicals,"OTHER THEOPHYLLINE AND AMINOPHYLLINE THR  DRVTVS, SALTS",4.17,6.14,47.2,5.4,High,Tier 3 (Specialty),15-30%,0.9,0.5,No,No
29396110,29,Organic Chemicals,ERGOMETRINE,0.0,0.02,,3.0,High,Tier 3 (Specialty),15-30%,0.0,0.5,No,No
29396190,29,Organic Chemicals,OTHER ERGOMETRINE SALTS,0.12,0.41,241.8,5.4,High,Tier 3 (Specialty),15-30%,0.1,0.5,No,No
29396210,29,Organic Chemicals,ERGOTAMINE TARTARATE,0.74,0.52,-29.2,3.0,High,Tier 3 (Specialty),15-30%,0.1,0.5,No,No
29396290,29,Organic Chemicals,OTHER ERGOTAMINE SALTS,0.1,0.0,,3.0,High,Tier 3 (Specialty),15-30%,0.0,0.5,No,No
29396300,29,Organic Chemicals,*LYSERGIC ACID AND ITS SALTS,0.01,0.0,,3.0,High,Tier 3 (Specialty),15-30%,0.0,0.5,No,No
29396900,29,Organic Chemicals,"OTHER, OF VEGETAL ORIGIN",3.18,3.61,13.3,4.5,High,Tier 3 (Specialty),15-30%,0.5,0.5,No,No
29397200,29,Organic Chemicals,"COCAINE, ECGONINE; SALTS, ESTERS AND OTHER DERIVATIVES THEREOF",0.26,0.0,-99.6,3.0,High,Tier 3 (Specialty),15-30%,0.0,0.5,No,No
29397900,29,Organic Chemicals,OTHERS-OF-OTHERS-OF-ALKLDS NATRL/RPRDCD BY SYNTHSIS AND THR SLTS ET...,5.78,10.08,74.5,5.4,High,Tier 3 (Specialty),15-30%,1.5,0.5,No,No
29398000,29,Organic Chemicals,OTHERS-OF-OTHERS-OF-ALKLDS NATRL/RPRDCD BY SYNTHSIS AND THR SLTS ET...,8.63,5.37,-37.8,3.0,High,Tier 3 (Specialty),15-30%,0.8,0.5,No,No
29400000,29,Organic Chemicals,SUGRS CHMCLY PURE OTHR THN SUCROSE        LACTOSEMALTOSE ETC SUGR E...,58.92,62.05,5.3,3.3,High,Tier 2.5 (Quick-win),60-75%,37.2,0.8,Yes,No
29411010,29,Organic Chemicals,PENICILLINS AND ITS SALTS,232.05,109.18,-53.0,3.6,High,Tier 2.5 (Quick-win),60-75%,65.5,0.8,Yes,No
29411020,29,Organic Chemicals,AMPICILLINE AND ITS SALTS,0.39,0.56,42.8,5.4,High,Tier 3 (Specialty),15-30%,0.1,0.5,No,No
29411030,29,Organic Chemicals,AMOXYCILLINE AND ITS SALTS,42.99,34.95,-18.7,3.0,High,Tier 3 (Specialty),15-30%,5.2,0.5,No,No
29411040,29,Organic Chemicals,CLOXACILLINE AND ITS SALTS,0.57,0.97,70.8,5.4,High,Tier 3 (Specialty),15-30%,0.1,0.5,No,No
29411050,29,Organic Chemicals,6 - APA,424.98,342.82,-19.3,3.6,High,Tier 2.5 (Quick-win),60-75%,205.7,0.8,Yes,No
29411090,29,Organic Chemicals,OTHER PENICILLINS AND THR DRVTVS WTH A      PENTCILLIANIC ACID STRC...,82.81,91.3,10.2,4.5,High,Tier 2.5 (Quick-win),60-75%,54.8,0.8,Yes,No
29412010,29,Organic Chemicals,STREPTOMYCINS,4.65,4.75,2.1,3.3,High,Tier 3 (Specialty),15-30%,0.7,0.5,No,No
29412090,29,Organic Chemicals,"OTHER STREPTOMYCINE AND DRVTVS, SALTS",2.31,2.3,-0.5,3.0,High,Tier 3 (Specialty),15-30%,0.3,0.5,No,No
29413010,29,Organic Chemicals,DOXYCYLIME AND ITS SALTS,22.21,26.75,20.4,5.4,High,Tier 3 (Specialty),15-30%,4.0,0.5,No,No
29413020,29,Organic Chemicals,TETRACYCLINE/OXYTETRA - CYCLINE AND HR SALTS,11.44,12.38,8.2,3.3,High,Tier 3 (Specialty),15-30%,1.9,0.5,No,No
29413090,29,Organic Chemicals,OTHER TETRACYCLINES AND THR DRVTVS SLTS,24.64,26.64,8.1,3.3,High,Tier 3 (Specialty),15-30%,4.0,0.5,No,No
29414000,29,Organic Chemicals,CHLORAMPHENICOL AND ITS DRVTVS SLTS THEREOF,2.5,0.82,-67.2,3.0,High,Tier 3 (Specialty),15-30%,0.1,0.5,No,No
29415000,29,Organic Chemicals,ERTHROMYCIN AND ITS DRVTVS SLTS THEREOF,170.29,189.82,11.5,5.4,High,Tier 2.5 (Quick-win),60-75%,113.9,0.8,Yes,No
29419011,29,Organic Chemicals,RIFAMPICIN,44.5,45.93,3.2,3.3,High,Tier 3 (Specialty),15-30%,6.9,0.5,No,No
29419013,29,Organic Chemicals,RIFA OR RIFA S SODIUM (RIFAINT),15.44,35.18,127.9,5.4,High,Tier 3 (Specialty),15-30%,5.3,0.5,No,No
29419014,29,Organic Chemicals,1 - AMINO -4 - METHYL PIPERAZINE (RIFAINT),0.08,0.0,,3.0,High,Tier 3 (Specialty),15-30%,0.0,0.5,No,No
29419019,29,Organic Chemicals,OTHER RIFAMPICIN AND ITS SALTS,55.84,58.15,4.1,3.3,High,Tier 2.5 (Quick-win),60-75%,34.9,0.8,Yes,No
29419020,29,Organic Chemicals,CEPHALEXIN AND ITS SALTS,34.73,26.69,-23.1,3.0,High,Tier 3 (Specialty),15-30%,4.0,0.5,No,No
29419030,29,Organic Chemicals,CIPROFLOXACINE AND ITS SALTS,9.52,5.36,-43.7,3.0,High,Tier 3 (Specialty),15-30%,0.8,0.5,No,No
29419040,29,Organic Chemicals,GENTAMYCIN AND ITS SALTS,8.54,9.65,13.1,4.5,High,Tier 3 (Specialty),15-30%,1.4,0.5,No,No
29419050,29,Organic Chemicals,NEOMYCIN,2.55,3.16,24.1,5.4,High,Tier 3 (Specialty),15-30%,0.5,0.5,No,No
29419060,29,Organic Chemicals,NORFLOXACIN AND ITS SALTS,12.32,8.15,-33.9,3.0,High,Tier 3 (Specialty),15-30%,1.2,0.5,No,No
29419090,29,Organic Chemicals,OTHER ANTIBIOTICS,788.08,830.82,5.4,4.95,High,Tier 2.5 (Quick-win),60-75%,498.5,0.8,Yes,No
29420011,29,Organic Chemicals,CEFADROXIL,1.7,2.25,31.7,5.4,High,Tier 3 (Specialty),15-30%,0.3,0.5,No,No
29420012,29,Organic Chemicals,IBUPROFANE,7.97,7.85,-1.5,3.0,High,Tier 3 (Specialty),15-30%,1.2,0.5,No,No
29420013,29,Organic Chemicals,NIFEDIPINE,0.01,0.4,3919.4,5.4,High,Tier 3 (Specialty),15-30%,0.1,0.5,No,No
29420014,29,Organic Chemicals,RANITIDINE,0.11,0.19,65.9,5.4,High,Tier 3 (Specialty),15-30%,0.0,0.5,No,No
29420015,29,Organic Chemicals,DANES SALT OF D (-) PHENYL GLYCINE,19.03,19.64,3.2,3.3,High,Tier 3 (Specialty),15-30%,2.9,0.5,No,No
29420016,29,Organic Chemicals,D(-) PARA HYDROXY DANES SALTS,27.32,25.44,-6.9,3.0,High,Tier 3 (Specialty),15-30%,3.8,0.5,No,No
29420021,29,Organic Chemicals,TIMOLOL MALEATE,0.31,0.37,20.3,5.4,High,Tier 3 (Specialty),15-30%,0.1,0.5,No,No
29420022,29,Organic Chemicals,TERBUTOLINE SULPHATE,0.0,0.02,,3.0,High,Tier 3 (Specialty),15-30%,0.0,0.5,No,No
29420023,29,Organic Chemicals,D(-) PHENYL GLYCIN CHLORIDE HCL (DPGCH),0.0,0.06,,3.0,High,Tier 3 (Specialty),15-30%,0.0,0.5,No,No
29420025,29,Organic Chemicals,AMITRYPTYLINE HCL,0.03,0.0,,3.0,High,Tier 3 (Specialty),15-30%,0.0,0.5,No,No
29420026,29,Organic Chemicals,CYSTEANUNE HCL,2.85,4.48,57.1,5.4,High,Tier 3 (Specialty),15-30%,0.7,0.5,No,No
29420027,29,Organic Chemicals,"ATENOLOL, PROPRONALOL",1.19,1.64,37.3,5.4,High,Tier 3 (Specialty),15-30%,0.2,0.5,No,No
29420031,29,Organic Chemicals,DILOXANIDE FUROATE,0.0,0.07,,3.0,High,Tier 3 (Specialty),15-30%,0.0,0.5,No,No
29420032,29,Organic Chemicals,CIMETIDINE,0.65,1.44,123.1,5.4,High,Tier 3 (Specialty),15-30%,0.2,0.5,No,No
29420033,29,Organic Chemicals,OXYCLOZANIDE,0.01,0.0,,3.0,High,Tier 3 (Specialty),15-30%,0.0,0.5,No,No
29420034,29,Organic Chemicals,FAMOTIDINE,0.21,0.38,79.0,5.4,High,Tier 3 (Specialty),15-30%,0.1,0.5,No,No
29420090,29,Organic Chemicals,"OTHER DILOXANIDE FUROATE, CIMETIDINE,     FAMOTIDINE NES",332.3,306.25,-7.8,3.6,High,Tier 2.5 (Quick-win),60-75%,183.8,0.8,Yes,No
30012010,30,Pharmaceutical Products,LIQUID EXTRACTS OF LIVER,0.5,2.43,388.9,3.6,Medium,Tier 3 (Specialty),15-30%,0.4,0.5,No,No
30012030,30,Pharmaceutical Products,SNAKE VENOM,0.05,0.05,5.3,2.2,Medium,Tier 3 (Specialty),15-30%,0.0,0.5,No,No
30012090,30,Pharmaceutical Products,OTHR EXTRACTS OF GLANDS OR OTHR           ORGANS OR OF THEIR SECRET...,6.85,9.08,32.5,3.6,Medium,Tier 3 (Specialty),15-30%,1.4,0.5,No,No
30019010,30,Pharmaceutical Products,OTHR SUBSTNCE PREPRD  FOR THRUPTIC        /PROPHYLACTIC USE OF OF H...,0.73,3.94,442.2,3.6,Medium,Tier 3 (Specialty),15-30%,0.6,0.5,No,No
30019091,30,Pharmaceutical Products,HEPARIN AND ITS SALTS,52.86,34.56,-34.6,2.0,Medium,Tier 3 (Specialty),15-30%,5.2,0.5,No,No
30019099,30,Pharmaceutical Products,OTHER HEPARIN SALTS; OTHER HUMAN/ANML     SUBSTNS FOR THRUPTC/PROPH...,1.57,17.45,1012.1,3.6,Medium,Tier 3 (Specialty),15-30%,2.6,0.5,No,No
30021210,30,Pharmaceutical Products,FOR DIPHTHERIA,0.02,0.16,875.0,3.6,Medium,Tier 3 (Specialty),15-30%,0.0,0.5,No,No
30021220,30,Pharmaceutical Products,FOR TETANUS,5.45,2.89,-47.0,2.0,Medium,Tier 3 (Specialty),15-30%,0.4,0.5,No,No
30021230,30,Pharmaceutical Products,FOR RABIES,1.01,3.51,246.9,3.6,Medium,Tier 3 (Specialty),15-30%,0.5,0.5,No,No
30021240,30,Pharmaceutical Products,FOR SNAKE VENOM,0.02,0.1,382.7,3.6,Medium,Tier 3 (Specialty),15-30%,0.0,0.5,No,No
30021290,30,Pharmaceutical Products,OTHERS-OF-ANTISERA AND OTHER BLOOD FRACTIONS:,208.73,243.73,16.8,3.6,Medium,Tier 2.5 (Quick-win),60-75%,146.2,0.8,Yes,No
30021300,30,Pharmaceutical Products,"IMMUNOLOGICAL PRODUCTS,  UNMIXED,  NOT PUT UP IN MEASURED DOSES OR ...",7.01,8.44,20.4,3.6,Medium,Tier 3 (Specialty),15-30%,1.3,0.5,No,No
30021400,30,Pharmaceutical Products,"IMMUNOLOGICAL PRODUCTS,  MIXED,  NOT PUT UP IN MEASURED DOSES OR IN...",4.21,9.88,134.8,3.6,Medium,Tier 3 (Specialty),15-30%,1.5,0.5,No,No
30021500,30,Pharmaceutical Products,"IMMUNOLOGICAL PRODUCTS,  PUT UP IN MEASURED DOSES OR IN FORMS OR PA...",564.82,738.65,30.8,5.4,Medium,Tier 2.5 (Quick-win),60-75%,443.2,0.8,Yes,No
30024111,30,Pharmaceutical Products,CHOLERA AND TYPHOID (SINGLE VACCINES FOR),0.0,60.73,,2.0,Medium,Tier 3 (Specialty),15-30%,9.1,0.5,No,No
30024112,30,Pharmaceutical Products,HEPATITIS (SINGLE VACCINES FOR),10.76,9.11,-15.3,2.0,Medium,Tier 3 (Specialty),15-30%,1.4,0.5,No,No
30024113,30,Pharmaceutical Products,TETATUS (SINGLE VACCINES FOR),1.43,0.81,-43.2,2.0,Medium,Tier 3 (Specialty),15-30%,0.1,0.5,No,No
30024114,30,Pharmaceutical Products,POLIO (SINGLE VACCINES FOR),155.26,145.19,-6.5,2.4,Medium,Tier 3 (Specialty),15-30%,21.8,0.5,No,No
30024115,30,Pharmaceutical Products,TUBERCULOSIS (SINGLE VACCINES FOR),0.0,0.0,79.9,3.6,Medium,Tier 3 (Specialty),15-30%,0.0,0.5,No,No
30024116,30,Pharmaceutical Products,RABIES (SINGLE VACCINES FOR),0.18,0.94,409.9,3.6,Medium,Tier 3 (Specialty),15-30%,0.1,0.5,No,No
30024117,30,Pharmaceutical Products,JAPANESE ENCEPHALITIS (SINGLE VACCINES FOR),0.0,0.0,,2.0,Medium,Tier 3 (Specialty),15-30%,0.0,0.5,No,No
30024118,30,Pharmaceutical Products,WHOPPING COUGH (PERTUSSIS) (SINGLE VACCINES FOR),2.19,0.78,-64.6,2.0,Medium,Tier 3 (Specialty),15-30%,0.1,0.5,No,No
30024119,30,Pharmaceutical Products,OTHERS-OF-VACCINES FOR HUMAN MEDICINE,127.97,100.89,-21.2,2.4,Medium,Tier 3 (Specialty),15-30%,15.1,0.5,No,No
30024121,30,Pharmaceutical Products,"DIPHTHERIA, PERTUSSIS AND TETATUS (DPT)",10.51,12.78,21.6,3.6,Medium,Tier 3 (Specialty),15-30%,1.9,0.5,No,No
30024122,30,Pharmaceutical Products,DIPHTHERIA AND TETATUS (DT),0.0,0.0,1533.3,3.6,Medium,Tier 3 (Specialty),15-30%,0.0,0.5,No,No
30024123,30,Pharmaceutical Products,"MEASLES, MUMPS AND RUBELLA (MMR)",1.27,2.2,73.8,3.6,Medium,Tier 3 (Specialty),15-30%,0.3,0.5,No,No
30024129,30,Pharmaceutical Products,OTHERS-OF-VACCINES FOR HUMAN MEDICINE,21.44,58.49,172.8,3.6,Medium,Tier 2.5 (Quick-win),60-75%,35.1,0.8,Yes,No
30024200,30,Pharmaceutical Products,VACCINE FOR VETERINARY MEDICINE,74.89,92.94,24.1,3.6,Medium,Tier 2.5 (Quick-win),60-75%,55.8,0.8,Yes,No
30024910,30,Pharmaceutical Products,CULTURES OF MICRO-ORGANISMS (EXCLUDING YEAST),44.02,51.14,16.2,3.0,Medium,Tier 2.5 (Quick-win),60-75%,30.7,0.8,Yes,No
30024920,30,Pharmaceutical Products,TOXINS,6.57,6.63,0.8,2.2,Medium,Tier 3 (Specialty),15-30%,1.0,0.5,No,No
30024990,30,Pharmaceutical Products,"OTHERS-OF-OTHERS-OF-HUMN,ANML,BLD FR MDCNL USE; MDFD IMUNLGCL PRDT ...",17.85,8.46,-52.6,2.0,Medium,Tier 3 (Specialty),15-30%,1.3,0.5,No,No
30025100,30,Pharmaceutical Products,CELL THERAPY PRODUCTS (CELL CULTURES W/N MDFD),0.0,0.0,,2.0,Medium,Tier 3 (Specialty),15-30%,0.0,0.5,No,No
30025900,30,Pharmaceutical Products,"OTHERS-OF-OTHERS-OF-HUMN,ANML,BLD FR MDCNL USE; MDFD IMUNLGCL PRDT ...",2.43,2.04,-16.1,2.0,Medium,Tier 3 (Specialty),15-30%,0.3,0.5,No,No
30029010,30,Pharmaceutical Products,HUMAN BLOOD,6.91,2.09,-69.7,2.0,Medium,Tier 3 (Specialty),15-30%,0.3,0.5,No,No
30029020,30,Pharmaceutical Products,"ANIMAL BLOOD PREPARED FOR THERAPEUTIC, PROPHYLACTIC OR DIAGNOSTIC USES",19.9,18.82,-5.4,2.0,Medium,Tier 3 (Specialty),15-30%,2.8,0.5,No,No
30029090,30,Pharmaceutical Products,"OTHERS-OF-OTHERS-OF-HUMN,ANML,BLD FR MDCNL USE; MDFD IMUNLGCL PRDT ...",8.33,5.75,-30.9,2.0,Medium,Tier 3 (Specialty),15-30%,0.9,0.5,No,No
30031000,30,Pharmaceutical Products,"MDCMNTS CNTNG PNCLNS/THR DRVTVS WITH      A/PNCLNC ACD STRCTRE,STRP...",0.0,0.02,1702.3,3.6,Medium,Tier 3 (Specialty),15-30%,0.0,0.5,No,No
30032000,30,Pharmaceutical Products,"OTHER,  CONTAINING ANTIBIOTICS",15.51,11.48,-26.0,2.0,Medium,Tier 3 (Specialty),15-30%,1.7,0.5,No,No
30033100,30,Pharmaceutical Products,CONTAINING  INSULIN,0.0,0.0,,2.0,Medium,Tier 3 (Specialty),15-30%,0.0,0.5,No,No
30033900,30,Pharmaceutical Products,OTHERS-OF-OTHERS-OF-MEDICAMENTS (EXCL GOODS HDG NO 3002 3005OR 3006...,36.15,31.56,-12.7,2.0,Medium,Tier 3 (Specialty),15-30%,4.7,0.5,No,No
30034900,30,Pharmaceutical Products,OTHERS-OF-OTHERS-OF-MEDICAMENTS (EXCL GOODS HDG NO 3002 3005OR 3006...,0.03,0.02,-29.6,2.0,Medium,Tier 3 (Specialty),15-30%,0.0,0.5,No,No
30036000,30,Pharmaceutical Products,"OTHER, CONTAINING ANTIMALARIAL ACTIVE PRINCIPLES DESCRIBED IN SUB H...",0.0,0.0,,2.0,Medium,Tier 3 (Specialty),15-30%,0.0,0.5,No,No
30039011,30,Pharmaceutical Products,MEDICANTS OF AYURVEDIC SYSTEM,11.49,14.02,22.0,3.6,Medium,Tier 3 (Specialty),15-30%,2.1,0.5,No,No
30039012,30,Pharmaceutical Products,MEDICANTS OF UNANI SYSTEM,0.0,0.0,,2.0,Medium,Tier 3 (Specialty),15-30%,0.0,0.5,No,No
30039014,30,Pharmaceutical Products,MEDICANTS OF HOMOEOPATHIC SYSTEM,0.07,0.06,-7.2,2.0,Medium,Tier 3 (Specialty),15-30%,0.0,0.5,No,No
30039021,30,Pharmaceutical Products,MENTHOL CRYSTAL,0.02,0.01,-69.9,2.0,Medium,Tier 3 (Specialty),15-30%,0.0,0.5,No,No
30039031,30,Pharmaceutical Products,BOVINE ALBUMIN AND DRUGS OF ANIMAL ORIGIN,0.0,0.14,,2.0,Medium,Tier 3 (Specialty),15-30%,0.0,0.5,No,No
30039033,30,Pharmaceutical Products,CALCIUM SENNOSIDE,0.19,0.02,-89.5,2.0,Medium,Tier 3 (Specialty),15-30%,0.0,0.5,No,No
30039034,30,Pharmaceutical Products,ANAESTHETIC AGENTS USED IN HUMAN OR       VETERINARY MEDICINE OR SU...,1.2,1.81,51.7,3.6,Medium,Tier 3 (Specialty),15-30%,0.3,0.5,No,No
30039036,30,Pharmaceutical Products,KETAMINE,0.17,0.01,-94.2,2.0,Medium,Tier 3 (Specialty),15-30%,0.0,0.5,No,No
30039090,30,Pharmaceutical Products,OTHER MEDICAMENTS NOT PUT UP              IN MEASURED DOSES OR IN P...,48.85,54.61,11.8,3.0,Medium,Tier 2.5 (Quick-win),60-75%,32.8,0.8,Yes,No
30041010,30,Pharmaceutical Products,"PENICILLIN IN CAPSULES, INJECTIONS ETC.",0.1,0.12,13.1,3.0,Medium,Tier 3 (Specialty),15-30%,0.0,0.5,No,No
30041020,30,Pharmaceutical Products,"AMPICILLINE IN CAPSULES, INJECTIONS ETC.",0.15,0.05,-66.2,2.0,Medium,Tier 3 (Specialty),15-30%,0.0,0.5,No,No
30041030,30,Pharmaceutical Products,"AMOXYCYLLIN IN CAPSULES, INJECTIONS ETC.",1.4,0.86,-38.3,2.0,Medium,Tier 3 (Specialty),15-30%,0.1,0.5,No,No
30041050,30,Pharmaceutical Products,"CLOXACILLIN IN CAPSULES, INJECTIONS ETC.",0.01,0.02,73.5,3.6,Medium,Tier 3 (Specialty),15-30%,0.0,0.5,No,No
30041060,30,Pharmaceutical Products,AMCLOS IN CAPSULES INJECTIONS ETC.,0.0,0.0,40.3,3.6,Medium,Tier 3 (Specialty),15-30%,0.0,0.5,No,No
30041090,30,Pharmaceutical Products,OTHER MDCMNTS CNTNG PENCLLNS/DRVTVS THROF WITH A PENCLLNC ACID STRC...,2.16,1.14,-47.1,2.0,Medium,Tier 3 (Specialty),15-30%,0.2,0.5,No,No
30042011,30,Pharmaceutical Products,CEFAZOLIN,0.09,0.0,-98.9,2.0,Medium,Tier 3 (Specialty),15-30%,0.0,0.5,No,No
30042012,30,Pharmaceutical Products,"CEPHALEXIN - FORMULATIONS THEREOF, IN     CAPSULES ETC.",0.0,0.0,-80.2,2.0,Medium,Tier 3 (Specialty),15-30%,0.0,0.5,No,No
30042013,30,Pharmaceutical Products,"CIPROFLOXACINE- IN CAPSUL,TBLTS FORM ETC",0.0,0.0,,2.0,Medium,Tier 3 (Specialty),15-30%,0.0,0.5,No,No
30042014,30,Pharmaceutical Products,CEFOXITIN,0.0,0.0,,2.0,Medium,Tier 3 (Specialty),15-30%,0.0,0.5,No,No
30042019,30,Pharmaceutical Products,OTHER CEPHALOSPORINS AND THEIR DERIVATIVES,19.25,15.24,-20.8,2.0,Medium,Tier 3 (Specialty),15-30%,2.3,0.5,No,No
30042020,30,Pharmaceutical Products,SULFONAMIDES AND COTRIMOXAZOLE,0.09,0.01,-93.3,2.0,Medium,Tier 3 (Specialty),15-30%,0.0,0.5,No,No
30042033,30,Pharmaceutical Products,CIPROFLOXACIN  (FLUOROQUINOLONES),0.0,0.01,505.3,3.6,Medium,Tier 3 (Specialty),15-30%,0.0,0.5,No,No
30042034,30,Pharmaceutical Products,OFLOXACIN,0.03,0.04,15.1,3.0,Medium,Tier 3 (Specialty),15-30%,0.0,0.5,No,No
30042039,30,Pharmaceutical Products,OTHER FLUOROQUINOLONES,0.47,0.83,74.9,3.6,Medium,Tier 3 (Specialty),15-30%,0.1,0.5,No,No
30042041,30,Pharmaceutical Products,CHLORTETRACYCLINE,0.04,0.0,,2.0,Medium,Tier 3 (Specialty),15-30%,0.0,0.5,No,No
30042042,30,Pharmaceutical Products,OXYTETRACYCLINE,0.0,0.01,1395000.0,3.6,Medium,Tier 3 (Specialty),15-30%,0.0,0.5,No,No
30042049,30,Pharmaceutical Products,OTHER  TETRACYCLINE,0.87,0.6,-31.5,2.0,Medium,Tier 3 (Specialty),15-30%,0.1,0.5,No,No
30042061,30,Pharmaceutical Products,"ERYTHROMYCIN IN CAPSULES,INJECTIONS,      OINTMENTS ETC.",0.01,0.03,203.3,3.6,Medium,Tier 3 (Specialty),15-30%,0.0,0.5,No,No
30042063,30,Pharmaceutical Products,CLARITHROMYCIN,0.0,0.0,-42.5,2.0,Medium,Tier 3 (Specialty),15-30%,0.0,0.5,No,No
30042064,30,Pharmaceutical Products,AZITHROMYCIN,0.35,0.03,-92.7,2.0,Medium,Tier 3 (Specialty),15-30%,0.0,0.5,No,No
30042069,30,Pharmaceutical Products,OTHER MACROLIDE,0.0,0.09,30097.5,3.6,Medium,Tier 3 (Specialty),15-30%,0.0,0.5,No,No
30042070,30,Pharmaceutical Products,CEFADROXIL,0.0,0.0,,2.0,Medium,Tier 3 (Specialty),15-30%,0.0,0.5,No,No
30042091,30,Pharmaceutical Products,ISONIAZID,0.0,0.0,-85.0,2.0,Medium,Tier 3 (Specialty),15-30%,0.0,0.5,No,No
30042092,30,Pharmaceutical Products,RIFAMPICIN,0.01,0.0,-81.0,2.0,Medium,Tier 3 (Specialty),15-30%,0.0,0.5,No,No
30042093,30,Pharmaceutical Products,PYRAZINAMIDE,0.0,0.0,66.1,3.6,Medium,Tier 3 (Specialty),15-30%,0.0,0.5,No,No
30042095,30,Pharmaceutical Products,CLINDAMYCIN,5.71,5.36,-6.0,2.0,Medium,Tier 3 (Specialty),15-30%,0.8,0.5,No,No
30042096,30,Pharmaceutical Products,VANCOMYCIN,0.01,0.41,3247.6,3.6,Medium,Tier 3 (Specialty),15-30%,0.1,0.5,No,No
30042097,30,Pharmaceutical Products,POLYMYXIN B AND COLISTIN,0.0,0.0,,2.0,Medium,Tier 3 (Specialty),15-30%,0.0,0.5,No,No
30042099,30,Pharmaceutical Products,OTHR MEDICAMENT CONTAINING OTHR  ANTIBIOTICAND PUT UP FOR RETAIL SALE,18.98,21.8,14.9,3.0,Medium,Tier 3 (Specialty),15-30%,3.3,0.5,No,No
30043110,30,Pharmaceutical Products,INSULIN INJECTION,220.37,178.77,-18.9,2.4,Medium,Tier 3 (Specialty),15-30%,26.8,0.5,No,No
30043190,30,Pharmaceutical Products,OTHER MEDICAMENTS CONTAINING INSULIN,2.23,1.6,-28.1,2.0,Medium,Tier 3 (Specialty),15-30%,0.2,0.5,No,No
30043200,30,Pharmaceutical Products,"MEDICAMENTS CONTAINING CORTICOSTEROID     HORMONES, THEIR DERVATIVE...",7.31,9.32,27.4,3.6,Medium,Tier 3 (Specialty),15-30%,1.4,0.5,No,No
30043911,30,Pharmaceutical Products,PITUITARY HORMONES,0.0,0.01,392.7,3.6,Medium,Tier 3 (Specialty),15-30%,0.0,0.5,No,No
30043912,30,Pharmaceutical Products,PREDNISOLONE,4.23,4.66,10.3,3.0,Medium,Tier 3 (Specialty),15-30%,0.7,0.5,No,No
30043913,30,Pharmaceutical Products,DEXAMETHASONE,0.01,0.0,-90.3,2.0,Medium,Tier 3 (Specialty),15-30%,0.0,0.5,No,No
30043919,30,Pharmaceutical Products,OTHER PROGESTOGEN AND OESTOGEN GROUP,2.63,1.7,-35.1,2.0,Medium,Tier 3 (Specialty),15-30%,0.3,0.5,No,No
30043921,30,Pharmaceutical Products,GONADOTROPHINS,4.81,1.88,-60.9,2.0,Medium,Tier 3 (Specialty),15-30%,0.3,0.5,No,No
30043990,30,Pharmaceutical Products,OTHER GONADOTROPHINS AND LUTEINISING HORMONE,57.1,251.24,340.0,4.32,Medium,Tier 2.5 (Quick-win),60-75%,150.7,0.8,Yes,No
30044200,30,Pharmaceutical Products,CONTAINING PSEUDOEPHEDRINE (INN) OR ITS SALTS,0.2,0.2,-1.5,2.0,Medium,Tier 3 (Specialty),15-30%,0.0,0.5,No,No
30044910,30,Pharmaceutical Products,ATROPIN AND SALTS THEREOF,0.04,0.07,76.7,3.6,Medium,Tier 3 (Specialty),15-30%,0.0,0.5,No,No
30044960,30,Pharmaceutical Products,BROMOHEXIN AND SOLBUTAMOL,0.0,0.01,63.0,3.6,Medium,Tier 3 (Specialty),15-30%,0.0,0.5,No,No
30044970,30,Pharmaceutical Products,THEOPHYLLINE AND SALTS THEREOF,0.09,0.0,-98.2,2.0,Medium,Tier 3 (Specialty),15-30%,0.0,0.5,No,No
30044990,30,Pharmaceutical Products,"OTHERS-OF-OTHERS-OF-MDCMNTS (EXCL ITMS OF 3002,3005 / 3006) FR THRP...",9.47,6.16,-35.0,2.0,Medium,Tier 3 (Specialty),15-30%,0.9,0.5,No,No
30045010,30,Pharmaceutical Products,HEAMATINICS AND ERYTHROPOIETIN,0.07,0.0,-96.8,2.0,Medium,Tier 3 (Specialty),15-30%,0.0,0.5,No,No
30045020,30,Pharmaceutical Products,MINERAL AND PARENTERAL NUTRITIONAL SPPLMNTS/CONTNG CALSIUM SLTS WTH...,0.02,0.26,1242.1,3.6,Medium,Tier 3 (Specialty),15-30%,0.0,0.5,No,No
30045031,30,Pharmaceutical Products,"TABLETS,CAPSULES,SYRUP ETC OF VITAMIN A   INCLD) EXCEPT SALVES OINI...",0.0,0.0,,2.0,Medium,Tier 3 (Specialty),15-30%,0.0,0.5,No,No
30045033,30,Pharmaceutical Products,PREPARATION OF VITAMIN B9,0.0,0.0,,2.0,Medium,Tier 3 (Specialty),15-30%,0.0,0.5,No,No
30045034,30,Pharmaceutical Products,PREPARATION OF VITAMIN B12,0.0,0.0,,2.0,Medium,Tier 3 (Specialty),15-30%,0.0,0.5,No,No
30045036,30,Pharmaceutical Products,"VITAMIN D IN TABLETS, CAPSULES, SYRUP ET",0.0,0.0,,2.0,Medium,Tier 3 (Specialty),15-30%,0.0,0.5,No,No
30045039,30,Pharmaceutical Products,"OTHER AMINO ACID/ PROTEIN PREPN.          WITH / WITHOUT VITAMINS,S...",0.03,0.31,1045.1,3.6,Medium,Tier 3 (Specialty),15-30%,0.0,0.5,No,No
30045090,30,Pharmaceutical Products,OTHERS                                    PUT UP FOR RETAIL SALE,2.05,0.35,-82.7,2.0,Medium,Tier 3 (Specialty),15-30%,0.1,0.5,No,No
30046000,30,Pharmaceutical Products,"OTHER, CONTAINING ANTIMALARIAL ACTIVE PRINCIPLES DESCRIBED IN SUBHE...",0.0,0.07,149678.3,3.6,Medium,Tier 3 (Specialty),15-30%,0.0,0.5,No,No
30049011,30,Pharmaceutical Products,MEDICAMENTS OF AYURVEDIC SYSTEM,2.44,2.08,-14.6,2.0,Medium,Tier 3 (Specialty),15-30%,0.3,0.5,No,No
30049012,30,Pharmaceutical Products,MEDICAMENTS OF UNANI SYSTEM,0.0,0.04,,2.0,Medium,Tier 3 (Specialty),15-30%,0.0,0.5,No,No
30049013,30,Pharmaceutical Products,MEDICAMENTS OF SIDDHA SYSTEM,0.0,0.0,,2.0,Medium,Tier 3 (Specialty),15-30%,0.0,0.5,No,No
30049014,30,Pharmaceutical Products,HOMEOPATHIC MEDICINE,33.57,35.29,5.1,2.2,Medium,Tier 3 (Specialty),15-30%,5.3,0.5,No,No
30049015,30,Pharmaceutical Products,MEDICAMENTS OF BIO-CHEMIC SYSTEM,5.25,5.25,-0.1,2.0,Medium,Tier 3 (Specialty),15-30%,0.8,0.5,No,No
30049021,30,Pharmaceutical Products,ANTHELMINTICS AND PREPARATIONS THEREOF,0.01,0.0,-99.8,2.0,Medium,Tier 3 (Specialty),15-30%,0.0,0.5,No,No
30049022,30,Pharmaceutical Products,METRONIDAZOLE-FORMULATIONS SINGLE AND     IN COMBINATION WITH FURAZ...,0.05,0.0,-99.7,2.0,Medium,Tier 3 (Specialty),15-30%,0.0,0.5,No,No
30049023,30,Pharmaceutical Products,TINIDAZOLE - FORMULATIONS INCLUDING       COMBINATION FORMULATIONS ...,0.0,0.0,9163.0,3.6,Medium,Tier 3 (Specialty),15-30%,0.0,0.5,No,No
30049026,30,Pharmaceutical Products,SODIUM STIBOGLUCONATE,0.09,0.0,,2.0,Medium,Tier 3 (Specialty),15-30%,0.0,0.5,No,No
30049029,30,Pharmaceutical Products,OTHER ANTHELMINTICS DRUGS;ANTIAMOEBIC AND OTHER ANTIPROTOZOAL/ANTIF...,3.81,4.88,27.9,3.6,Medium,Tier 3 (Specialty),15-30%,0.7,0.5,No,No
30049031,30,Pharmaceutical Products,"PROMETHAZINE, CHLORPHENIRAMINE, ASTEMIZOLE AND CETEIRIZINE",0.01,0.06,637.1,3.6,Medium,Tier 3 (Specialty),15-30%,0.0,0.5,No,No
30049032,30,Pharmaceutical Products,"SODIUM BICARBONAT, MAGNSM HYDROXID,       MAGNSMCARBONAT,MAGNSIUM T...",3.01,2.6,-13.3,2.0,Medium,Tier 3 (Specialty),15-30%,0.4,0.5,No,No
30049033,30,Pharmaceutical Products,"CIMETIDINE, RANTIDINE, NIZATIDINE AND   R ROXATIDINE",0.0,0.0,,2.0,Medium,Tier 3 (Specialty),15-30%,0.0,0.5,No,No
30049034,30,Pharmaceutical Products,OMEPRAZOLE AND LANSOPRAZOLE,0.05,0.04,-13.7,2.0,Medium,Tier 3 (Specialty),15-30%,0.0,0.5,No,No
30049035,30,Pharmaceutical Products,"DICYCLOMINE, METOCLOPRAMIDE AND DEXAME    THASONE AND ONDANSETRON",0.04,0.02,-38.1,2.0,Medium,Tier 3 (Specialty),15-30%,0.0,0.5,No,No
30049036,30,Pharmaceutical Products,CHENODIOL AND URSODIOL,0.03,0.03,-5.1,2.0,Medium,Tier 3 (Specialty),15-30%,0.0,0.5,No,No
30049039,30,Pharmaceutical Products,"OTHER ANTINISTANINICS ,ANTACIDS,ANTIULCER,ANTIEMITICS AND OTHER GAS...",0.95,0.7,-25.8,2.0,Medium,Tier 3 (Specialty),15-30%,0.1,0.5,No,No
30049041,30,Pharmaceutical Products,CYCLOPHOSPHAMIDE,0.0,0.01,92538.5,3.6,Medium,Tier 3 (Specialty),15-30%,0.0,0.5,No,No
30049042,30,Pharmaceutical Products,"METHOTREXATE, 5-FLUOROURACIL(5-FU) AND    FTORAFUR",0.08,0.18,111.7,3.6,Medium,Tier 3 (Specialty),15-30%,0.0,0.5,No,No
30049043,30,Pharmaceutical Products,BINCRISTINE AND VINBLASTINE,0.0,0.0,,2.0,Medium,Tier 3 (Specialty),15-30%,0.0,0.5,No,No
30049044,30,Pharmaceutical Products,PACLITAXEL AND DOCETAXEL,0.77,0.47,-39.9,2.0,Medium,Tier 3 (Specialty),15-30%,0.1,0.5,No,No
30049045,30,Pharmaceutical Products,ETOPOSIDE,0.0,0.0,,2.0,Medium,Tier 3 (Specialty),15-30%,0.0,0.5,No,No
30049046,30,Pharmaceutical Products,ACTINOMYCIN D DACTINOMYCIN AND DOXORUBICIN,0.3,0.0,-99.4,2.0,Medium,Tier 3 (Specialty),15-30%,0.0,0.5,No,No
30049047,30,Pharmaceutical Products,"L-ASPARAGINASE, CISPLATIN AND CARBOPLATIN",0.7,0.33,-52.4,2.0,Medium,Tier 3 (Specialty),15-30%,0.0,0.5,No,No
30049048,30,Pharmaceutical Products,TAMOXIFEN,0.0,0.0,,2.0,Medium,Tier 3 (Specialty),15-30%,0.0,0.5,No,No
30049049,30,Pharmaceutical Products,OTHER ANTICANCER DRUGS,45.39,66.11,45.6,3.6,Medium,Tier 2.5 (Quick-win),60-75%,39.7,0.8,Yes,No
30049051,30,Pharmaceutical Products,ISONIAZID,0.0,0.0,-47.3,2.0,Medium,Tier 3 (Specialty),15-30%,0.0,0.5,No,No
30049053,30,Pharmaceutical Products,PYRAZINAMIDE AND ETHAMBUTOL,0.0,0.0,,2.0,Medium,Tier 3 (Specialty),15-30%,0.0,0.5,No,No
30049055,30,Pharmaceutical Products,"DAPSONE (DDS), ACEDAPSONE (DADDS),        SOLOPSONE AND CLOFAZIMINE",0.0,0.02,,2.0,Medium,Tier 3 (Specialty),15-30%,0.0,0.5,No,No
30049057,30,Pharmaceutical Products,OTHER ANTITUBERCULAR DRUGS,0.0,0.06,,2.0,Medium,Tier 3 (Specialty),15-30%,0.0,0.5,No,No
30049059,30,Pharmaceutical Products,OTHER ANTIMALARIAL DRUGS,0.0,0.0,-97.4,2.0,Medium,Tier 3 (Specialty),15-30%,0.0,0.5,No,No
30049061,30,Pharmaceutical Products,ANALGIN WITH OR WITHOUT OTHER COMPOUNDS   SUCH AS PARACETAMOL,0.04,0.44,882.2,3.6,Medium,Tier 3 (Specialty),15-30%,0.1,0.5,No,No
30049062,30,Pharmaceutical Products,ACETYL SALICYLIC ACID (ASPIRIN) AND       FORMULATIONS THEREOF,0.06,0.1,59.7,3.6,Medium,Tier 3 (Specialty),15-30%,0.0,0.5,No,No
30049063,30,Pharmaceutical Products,IBUPROFEN WITH OR WITHOUT PARACETAMOL OR  OTHER COMPOUNDS,0.0,0.0,-84.8,2.0,Medium,Tier 3 (Specialty),15-30%,0.0,0.5,No,No
30049065,30,Pharmaceutical Products,INDOMETHACIN,0.0,0.0,,2.0,Medium,Tier 3 (Specialty),15-30%,0.0,0.5,No,No
30049066,30,Pharmaceutical Products,"MEPHENAMIC ACID, DACTOFENAC SODIUM,       PIROXICAM, TENOXICAM AND ...",0.33,0.08,-77.0,2.0,Medium,Tier 3 (Specialty),15-30%,0.0,0.5,No,No
30049067,30,Pharmaceutical Products,"KETOROLAC, NIMESULIDE, NABUMETONE AND     NEFOPAM",0.0,0.0,,2.0,Medium,Tier 3 (Specialty),15-30%,0.0,0.5,No,No
30049069,30,Pharmaceutical Products,"OTHER NONSTEROIDAL ANTIINFLAMATORY,       ANALGESTICS AND ANTIPYRAT...",3.59,2.14,-40.4,2.0,Medium,Tier 3 (Specialty),15-30%,0.3,0.5,No,No
30049071,30,Pharmaceutical Products,"CAPTOPRIL, ENALAPRIL, LISINOPRIL,         PERINDOPRIL AND RAMIPRIL",0.0,0.02,636.6,3.6,Medium,Tier 3 (Specialty),15-30%,0.0,0.5,No,No
30049072,30,Pharmaceutical Products,"VERAPAMIL, NIFEDIPINE, AMLODIPINE AND     LACIDIPINE",0.01,0.01,79.8,3.6,Medium,Tier 3 (Specialty),15-30%,0.0,0.5,No,No
30049073,30,Pharmaceutical Products,LOSARTAN,0.0,0.0,1689.8,3.6,Medium,Tier 3 (Specialty),15-30%,0.0,0.5,No,No
30049074,30,Pharmaceutical Products,"PROPRANOLOL, METOPROLOL, ATENOLOL AND     LABETALOL",0.0,0.0,178.0,3.6,Medium,Tier 3 (Specialty),15-30%,0.0,0.5,No,No
30049075,30,Pharmaceutical Products,"PRAZOSIN, TERAZOSIN, PHENTOLAMINE AND     PHENOXYBENZAMINE",13.7,4.41,-67.8,2.0,Medium,Tier 3 (Specialty),15-30%,0.7,0.5,No,No
30049076,30,Pharmaceutical Products,"CLONIDINE, METHYLDOPA",0.01,0.14,1738.2,3.6,Medium,Tier 3 (Specialty),15-30%,0.0,0.5,No,No
30049077,30,Pharmaceutical Products,"HYDRALAZINE, MINOXIDIL AND DIAZOXIDE",0.0,0.0,,2.0,Medium,Tier 3 (Specialty),15-30%,0.0,0.5,No,No
30049079,30,Pharmaceutical Products,OTHER ANTIHYPERTENSIVE DRUGS,0.29,9.06,2971.1,3.6,Medium,Tier 3 (Specialty),15-30%,1.4,0.5,No,No
30049081,30,Pharmaceutical Products,"PHENOBARBITONE,MEPHOBARBITONE,PRIMIDONE,  PHENYTOIN,CARBAMAZPIN,ETH...",0.58,0.35,-38.9,2.0,Medium,Tier 3 (Specialty),15-30%,0.1,0.5,No,No
30049082,30,Pharmaceutical Products,OTHER ANTIEPILEPTIC DRUGS,0.15,1.53,918.2,3.6,Medium,Tier 3 (Specialty),15-30%,0.2,0.5,No,No
30049084,30,Pharmaceutical Products,PREPARATIONS OF ENZYMES,0.01,0.01,-2.6,2.0,Medium,Tier 3 (Specialty),15-30%,0.0,0.5,No,No
30049085,30,Pharmaceutical Products,VETERINARY MEDICINAL PREPARATIONS N.E.S.,4.95,6.23,25.8,3.6,Medium,Tier 3 (Specialty),15-30%,0.9,0.5,No,No
30049086,30,Pharmaceutical Products,ORAL REHYDRATION SALTS,0.0,0.0,,2.0,Medium,Tier 3 (Specialty),15-30%,0.0,0.5,No,No
30049087,30,Pharmaceutical Products,"ANTIBACTERIAL FORMULATIONS, N.E.S.",0.27,0.45,66.5,3.6,Medium,Tier 3 (Specialty),15-30%,0.1,0.5,No,No
30049088,30,Pharmaceutical Products,SEDATIVES,0.04,0.24,529.9,3.6,Medium,Tier 3 (Specialty),15-30%,0.0,0.5,No,No
30049089,30,Pharmaceutical Products,TRANQUILIZERS,0.0,0.0,-58.6,2.0,Medium,Tier 3 (Specialty),15-30%,0.0,0.5,No,No
30049091,30,Pharmaceutical Products,"SALBUTAMOL, TERBUTALINE, EPHEDRINE,       SALMETEROL AND METHYL XAN...",1.33,0.29,-78.4,2.0,Medium,Tier 3 (Specialty),15-30%,0.0,0.5,No,No
30049092,30,Pharmaceutical Products,PLASMA EXPANDERS,2.64,2.83,7.5,2.2,Medium,Tier 3 (Specialty),15-30%,0.4,0.5,No,No
30049093,30,Pharmaceutical Products,"CHLOROPHENIRAMINE MALEATE, WITH OR        WITHOUTOTHER COMPOUNDS (E...",0.0,0.03,252916.7,3.6,Medium,Tier 3 (Specialty),15-30%,0.0,0.5,No,No
30049094,30,Pharmaceutical Products,"THEOPHYLLINE, AMINOPHYLLINE AND OTHER     BRONCHO DILATORS",0.0,0.01,249.5,3.6,Medium,Tier 3 (Specialty),15-30%,0.0,0.5,No,No
30049095,30,Pharmaceutical Products,CARCINO-CHEMOTHERAPEUTIC DRUGS N.E.S.,8.73,14.4,64.9,3.6,Medium,Tier 3 (Specialty),15-30%,2.2,0.5,No,No
30049096,30,Pharmaceutical Products,KETAMINE,0.02,0.0,-98.3,2.0,Medium,Tier 3 (Specialty),15-30%,0.0,0.5,No,No
30049099,30,Pharmaceutical Products,OTHER  MEDCNE PUT UP FOR RETAIL SALE N.E.S,775.24,964.95,24.5,5.4,Medium,Tier 2.5 (Quick-win),60-75%,579.0,0.8,Yes,No
30051010,30,Pharmaceutical Products,ADHESIVE GAUZE BANDAGE,0.06,0.02,-60.4,2.0,Medium,Tier 3 (Specialty),15-30%,0.0,0.5,No,No
30051020,30,Pharmaceutical Products,ADHESIVE TAPE (MEDICINAL),5.67,4.33,-23.7,2.0,Medium,Tier 3 (Specialty),15-30%,0.6,0.5,No,No
30051090,30,Pharmaceutical Products,OTHER ADHESIVE DRSSNGS AND OTHR ARTCLS      HAVING AN ADHESIVE LAYER,19.43,22.52,15.9,3.0,Medium,Tier 3 (Specialty),15-30%,3.4,0.5,No,No
30059010,30,Pharmaceutical Products,COTTON WOOL MEDICATED,0.68,1.01,47.5,3.6,Medium,Tier 3 (Specialty),15-30%,0.2,0.5,No,No
30059020,30,Pharmaceutical Products,POULTICE OF KAOLIN,0.09,0.0,,2.0,Medium,Tier 3 (Specialty),15-30%,0.0,0.5,No,No
30059030,30,Pharmaceutical Products,MEDICATED LINT,0.32,0.27,-16.1,2.0,Medium,Tier 3 (Specialty),15-30%,0.0,0.5,No,No
30059040,30,Pharmaceutical Products,BANDAGES WITHOUT ADHESIVE LAYER,3.18,4.73,48.8,3.6,Medium,Tier 3 (Specialty),15-30%,0.7,0.5,No,No
30059050,30,Pharmaceutical Products,BURN THERAPY DRESSING SOAKED IN           PROTECTIVEGEL,0.82,1.15,41.6,3.6,Medium,Tier 3 (Specialty),15-30%,0.2,0.5,No,No
30059060,30,Pharmaceutical Products,MICRO PORES SURGICAL TAPES,10.67,11.0,3.1,2.2,Medium,Tier 3 (Specialty),15-30%,1.6,0.5,No,No
30059070,30,Pharmaceutical Products,CORN REMOVERS AND CALLOUS REMOVERS,0.0,0.0,,2.0,Medium,Tier 3 (Specialty),15-30%,0.0,0.5,No,No
30059090,30,Pharmaceutical Products,OTHER DRESSING ARTICLES N.E.S.,7.06,7.72,9.4,2.2,Medium,Tier 3 (Specialty),15-30%,1.2,0.5,No,No
30061010,30,Pharmaceutical Products,"STERILE SURGCL CATGUT,SMLR MTRLS AND STRLE  TISSUE ADHSVS FOR SURGI...",5.36,6.16,14.8,3.0,Medium,Tier 3 (Specialty),15-30%,0.9,0.5,No,No
30061020,30,Pharmaceutical Products,STERILE LAMINARIA AND LAMINARIA TENTS.AND     STRILE ABSRBBLE SURGC...,11.17,12.19,9.1,2.2,Medium,Tier 3 (Specialty),15-30%,1.8,0.5,No,No
30063000,30,Pharmaceutical Products,OPACIFYING PRPNS FR X-RAY EXAMS;          DIAGNOSTICREAGNTS DSGND T...,78.25,77.13,-1.4,2.0,Medium,Tier 3 (Specialty),15-30%,11.6,0.5,No,No
30064000,30,Pharmaceutical Products,DENTAL CEMENTS AND OTHR DENTAL FILLINGS   BONE RECONSTRUCTION CEMENTS,46.77,44.82,-4.2,2.0,Medium,Tier 3 (Specialty),15-30%,6.7,0.5,No,No
30065000,30,Pharmaceutical Products,FIRST-AID BOXES AND KITS,0.35,0.32,-9.0,2.0,Medium,Tier 3 (Specialty),15-30%,0.0,0.5,No,No
30066010,30,Pharmaceutical Products,CONTRACEPTIVE BASED ON HORMONES,9.89,8.96,-9.4,2.0,Medium,Tier 3 (Specialty),15-30%,1.3,0.5,No,No
30066020,30,Pharmaceutical Products,CONTRCEPTIV BASE ON OTHR PROD.OF HDNG 2937,0.0,0.0,133.0,3.6,Medium,Tier 3 (Specialty),15-30%,0.0,0.5,No,No
30066030,30,Pharmaceutical Products,CONTRACEPTIVE BASED ON SPERMICIDES,0.0,0.32,6411980.0,3.6,Medium,Tier 3 (Specialty),15-30%,0.0,0.5,No,No
30067000,30,Pharmaceutical Products,GEL PREP TO BE USED IN HUMAN OR           VETERINARYMEDICINE AS A L...,3.81,4.49,17.7,3.0,Medium,Tier 3 (Specialty),15-30%,0.7,0.5,No,No
30069100,30,Pharmaceutical Products,APPLIANCES IDENTIFIABLE FOR OSTOMY USE,14.46,11.14,-23.0,2.0,Medium,Tier 3 (Specialty),15-30%,1.7,0.5,No,No
30069200,30,Pharmaceutical Products,WASTE PHARMACEUTICALS,0.0,0.0,-38.5,2.0,Medium,Tier 3 (Specialty),15-30%,0.0,0.5,No,No
30069300,30,Pharmaceutical Products,PLACEBOS AND BLINDED (OR DOUBLE-BLINDED) CLINICAL TRIAL KITS FOR A ...,14.51,16.14,11.3,3.0,Medium,Tier 3 (Specialty),15-30%,2.4,0.5,No,No
31010099,31,Fertilizers,"OTHER ANML/VGTBL FRTLSRS,W/N MIXED TOGETH.CHMCLY TRTD;FERTILISERS P...",44.35,30.59,-31.0,2.0,Medium,Tier 3 (Specialty),15-30%,4.6,0.5,No,No
31021010,31,Fertilizers,"Fertilizer grade, conforming to Standard IS 5406",1559.9,3868.87,148.0,7.2,Medium,Tier 2 (Dependent),30-50%,1160.7,0.7,No,No
31021090,31,Fertilizers,"Other : Urea, whether or not in aqueous solution",825.06,1287.02,56.0,7.2,Medium,Tier 2 (Dependent),30-50%,386.1,0.7,No,No
31022100,31,Fertilizers,AMMONIUM SULPHATE,93.39,173.5,85.8,4.32,Medium,Tier 2.5 (Quick-win),60-75%,104.1,0.8,Yes,No
31022990,31,Fertilizers,OTHERS-OF-DOUBLE SALTS AND MIXTURES OF AMMONIUM SLPHTE,0.05,0.19,251.2,3.6,Medium,Tier 3 (Specialty),15-30%,0.0,0.5,No,No
31023000,31,Fertilizers,AMMONIUM NITRATE W/N IN AQUEOUS SOLUTION,168.84,157.74,-6.6,2.4,Medium,Tier 3 (Specialty),15-30%,23.7,0.5,No,No
31024000,31,Fertilizers,MIXTURES OF AMMONIUM NITRATE WITH CALCIUM CARBNTE/OTHR INORGNC NON-...,0.0,0.0,139.1,3.6,Medium,Tier 3 (Specialty),15-30%,0.0,0.5,No,No
31025000,31,Fertilizers,SODIUM NITRATE,0.08,0.04,-46.2,2.0,Medium,Tier 3 (Specialty),15-30%,0.0,0.5,No,No
31026000,31,Fertilizers,DOUBLE SLT/MXTR OF CALCM NITRTE/AMONM NTRT,48.89,68.85,40.8,3.6,Medium,Tier 2.5 (Quick-win),60-75%,41.3,0.8,Yes,No
31028000,31,Fertilizers,MIXTURES OF UREA AND AMMONIUM NITRATE       IN AQUEOUS OR AMMONIACA...,0.15,0.34,128.0,3.6,Medium,Tier 3 (Specialty),15-30%,0.1,0.5,No,No
31029010,31,Fertilizers,DOUBLE SALT AND MIXTURE OF CALCIUM        NITRATEAND MAGNESIUM NITRATE,0.03,0.1,253.1,3.6,Medium,Tier 3 (Specialty),15-30%,0.0,0.5,No,No
31029090,31,Fertilizers,OTHER CALCIUM NITRATE AND MAGNESIUM NITRATE,6.34,7.87,24.3,3.6,Medium,Tier 3 (Specialty),15-30%,1.2,0.5,No,No
31031100,31,Fertilizers,SUPERPHOSPHATES CONTAINING BY WEIGHT 35 % OR MORE OF DIPHOSPHORUS P...,165.02,551.33,234.1,5.4,Medium,Tier 2.5 (Quick-win),60-75%,330.8,0.8,Yes,No
31031900,31,Fertilizers,OTHER SUPERPHOSPHATES,9.27,88.82,857.8,3.6,Medium,Tier 2.5 (Quick-win),60-75%,53.3,0.8,Yes,No
31042000,31,Fertilizers,POTASSIUM CHLORIDE,1270.98,1269.71,-0.1,4.0,Medium,Tier 2.5 (Quick-win),60-75%,761.8,0.8,Yes,No
31043000,31,Fertilizers,POTASSIUM SULPHATE,52.98,39.55,-25.3,2.0,Medium,Tier 3 (Specialty),15-30%,5.9,0.5,No,No
31049000,31,Fertilizers,OTHER MINERLS OF CHEMCL FRTLISRS POTSSIC,20.84,23.59,13.2,3.0,Medium,Tier 3 (Specialty),15-30%,3.5,0.5,No,No
31051000,31,Fertilizers,GOODS OF THIS CHPTER IN TBLETS/SMLR FORMS/IN PACKGS OF A GROSS WT N...,1.27,2.34,84.0,3.6,Medium,Tier 3 (Specialty),15-30%,0.4,0.5,No,No
31052000,31,Fertilizers,MINRL/CHEMCL FERTLSRS CONTNG THE THREE    FRTLSNG ELMNTS NITROGN PH...,777.88,1152.59,48.2,7.2,Medium,Tier 2 (Dependent),30-50%,345.8,0.7,No,No
31053000,31,Fertilizers,DIAMONM HYDRGNORTHPHOSPHT(DIAMONM PHOSPHT),2770.81,4871.64,75.8,7.2,Medium,Tier 2 (Dependent),30-50%,1461.5,0.7,No,No
31054000,31,Fertilizers,AMONM DIHYDROGNORTHOPHOSPHT(MONOAMMONIUM  PHOSPHT)/MXTRS  WITH DIAM...,159.47,181.11,13.6,3.6,Medium,Tier 2.5 (Quick-win),60-75%,108.7,0.8,Yes,No
31055100,31,Fertilizers,MNRL/CHMCL FERTLSRS CONTNG NITRTS/PHOSPHTS,0.84,26.75,3087.9,3.6,Medium,Tier 3 (Specialty),15-30%,4.0,0.5,No,No
31055900,31,Fertilizers,OTHR MINRL/CHCML FERTLSRS CONTNG TWO      FER-LSNG ELEMNTS NITROGEN...,165.53,614.99,271.5,5.4,Medium,Tier 2.5 (Quick-win),60-75%,369.0,0.8,Yes,No
31056000,31,Fertilizers,MINRL OR CHMCL FERTLSRS CONTNG THE TWO    FERTLSNG ELMNTS PHOSPHORU...,72.26,80.51,11.4,3.0,Medium,Tier 2.5 (Quick-win),60-75%,48.3,0.8,Yes,No
31059010,31,Fertilizers,MINRL OR CHMCL FERTLSRS CONTNG THE TWO    FERTLSNG ELMNTS NITROGEN ...,46.04,51.26,11.3,3.0,Medium,Tier 2.5 (Quick-win),60-75%,30.8,0.8,Yes,No
31059090,31,Fertilizers,OTHER FERTILISERS N.E.S.,24.83,30.9,24.4,3.6,Medium,Tier 3 (Specialty),15-30%,4.6,0.5,No,No
32011000,32,"Dyes, Pigments, Paint",QUEBRACHO EXTRACT,3.28,2.12,-35.4,2.0,Medium,Tier 3 (Specialty),15-30%,0.3,0.5,No,No
32012000,32,"Dyes, Pigments, Paint",WATTLE EXTRACT,19.3,20.44,5.9,2.2,Medium,Tier 3 (Specialty),15-30%,3.1,0.5,No,No
32019010,32,"Dyes, Pigments, Paint",GAMBIER EXTRACTS,53.2,48.88,-8.1,2.0,Medium,Tier 3 (Specialty),15-30%,7.3,0.5,No,No
32019020,32,"Dyes, Pigments, Paint",MYROBALAN FRUIT EXTRACT,0.04,0.02,-46.3,2.0,Medium,Tier 3 (Specialty),15-30%,0.0,0.5,No,No
32019030,32,"Dyes, Pigments, Paint",GALLOTANIC ACID (TANNIN DIGALLIC ACID),0.15,0.29,95.2,3.6,Medium,Tier 3 (Specialty),15-30%,0.0,0.5,No,No
32019090,32,"Dyes, Pigments, Paint",OTHER DERIVATIVES,7.15,5.55,-22.4,2.0,Medium,Tier 3 (Specialty),15-30%,0.8,0.5,No,No
32021000,32,"Dyes, Pigments, Paint",SYNTHETIC ORGANIC TANNING SUBSTANCES,11.24,10.74,-4.4,2.0,Medium,Tier 3 (Specialty),15-30%,1.6,0.5,No,No
32029010,32,"Dyes, Pigments, Paint",INORGANIC TANNING SUBSTANCES,0.39,0.52,35.0,3.6,Medium,Tier 3 (Specialty),15-30%,0.1,0.5,No,No
32029020,32,"Dyes, Pigments, Paint","TANNING PREPARATIONS, WHETHER OR NOT      CONTAINING NATURAL TANNIN...",0.54,0.76,42.3,3.6,Medium,Tier 3 (Specialty),15-30%,0.1,0.5,No,No
32029030,32,"Dyes, Pigments, Paint",ENZYMATIC PREPARATIONS FOR PRE-TANNING,1.14,1.22,6.5,2.2,Medium,Tier 3 (Specialty),15-30%,0.2,0.5,No,No
32029090,32,"Dyes, Pigments, Paint",OTHR INORGANIC TANNING SUBSTANCES  N.E.S.,1.63,2.23,37.0,3.6,Medium,Tier 3 (Specialty),15-30%,0.3,0.5,No,No
32030010,32,"Dyes, Pigments, Paint",CUTCH(CATECHU) EXTRACTS,1.21,2.03,67.2,7.2,Medium,Tier 2 (Dependent),30-50%,0.6,0.7,Yes,Yes
32030020,32,"Dyes, Pigments, Paint",FOOD COLOURS OTHER THAN SYNTHETIC,7.74,4.71,-39.2,4.0,Medium,Tier 3 (Specialty),15-30%,0.7,0.5,No,Yes
32030030,32,"Dyes, Pigments, Paint",LAC-DYE,0.1,0.17,62.7,7.2,Medium,Tier 2 (Dependent),30-50%,0.1,0.7,Yes,Yes
32030040,32,"Dyes, Pigments, Paint",NATURAL INDIGO,1.58,1.84,16.4,6.0,Medium,Tier 2 (Dependent),30-50%,0.6,0.7,Yes,Yes
32030090,32,"Dyes, Pigments, Paint",OTHER COLOURING MATTER OF ANIMAL ORIGIN,2.17,3.25,49.8,7.2,Medium,Tier 2 (Dependent),30-50%,1.0,0.7,Yes,Yes
32041111,32,"Dyes, Pigments, Paint",DISPERSE YELOW 13(DURANOL BRIL YELOW 6 G),0.37,0.84,127.1,3.6,Medium,Tier 3 (Specialty),15-30%,0.1,0.5,No,No
32041119,32,"Dyes, Pigments, Paint",OTHER DISPERSE YELOW,3.95,3.12,-20.9,2.0,Medium,Tier 3 (Specialty),15-30%,0.5,0.5,No,No
32041121,32,"Dyes, Pigments, Paint",DISPERSE ORANGE 11(DURANOL ORANGE G),0.0,0.0,,2.0,Medium,Tier 3 (Specialty),15-30%,0.0,0.5,No,No
32041129,32,"Dyes, Pigments, Paint",OTHR DISPERSE ORANGE,0.35,0.4,12.5,3.0,Medium,Tier 3 (Specialty),15-30%,0.1,0.5,No,No
32041131,32,"Dyes, Pigments, Paint",DISPERSE RED 3(SERISOL FAST PINK B),0.0,0.0,,2.0,Medium,Tier 3 (Specialty),15-30%,0.0,0.5,No,No
32041133,32,"Dyes, Pigments, Paint",DISPERSE RED 9(DURANOL RED GN),0.04,0.05,34.9,3.6,Medium,Tier 3 (Specialty),15-30%,0.0,0.5,No,No
32041139,32,"Dyes, Pigments, Paint",OTHER DISPERSE RED,4.17,3.89,-6.8,2.0,Medium,Tier 3 (Specialty),15-30%,0.6,0.5,No,No
32041141,32,"Dyes, Pigments, Paint",DISPERSE VIOLET 1(DURANOL VIOLET 2R),0.0,0.0,,2.0,Medium,Tier 3 (Specialty),15-30%,0.0,0.5,No,No
32041142,32,"Dyes, Pigments, Paint",DISPRSE VIOLET 4(DURANOL BRILL VIOLET B),0.0,0.0,,2.0,Medium,Tier 3 (Specialty),15-30%,0.0,0.5,No,No
32041143,32,"Dyes, Pigments, Paint",DISPRSE VIOLET 8(DURANOL BRILL VIOLET BR),0.02,0.0,,2.0,Medium,Tier 3 (Specialty),15-30%,0.0,0.5,No,No
32041149,32,"Dyes, Pigments, Paint",OTHER DISPERSE VIOLET,0.28,0.54,96.3,3.6,Medium,Tier 3 (Specialty),15-30%,0.1,0.5,No,No
32041151,32,"Dyes, Pigments, Paint",DISPERSE BLUE 1(DURANOL BRILL BLUE CB),0.0,0.0,,2.0,Medium,Tier 3 (Specialty),15-30%,0.0,0.5,No,No
32041152,32,"Dyes, Pigments, Paint",DISPRSE BLUE 3(DURANOL BRILL BLUE BBN,0.05,0.13,197.3,3.6,Medium,Tier 3 (Specialty),15-30%,0.0,0.5,No,No
32041153,32,"Dyes, Pigments, Paint",DISPERSE BLUE 5(CELLITON FAST BLUE FFB),0.03,0.0,,2.0,Medium,Tier 3 (Specialty),15-30%,0.0,0.5,No,No
32041159,32,"Dyes, Pigments, Paint",OTHER DISPERSE BLUE,5.61,5.44,-2.9,2.0,Medium,Tier 3 (Specialty),15-30%,0.8,0.5,No,No
32041191,32,"Dyes, Pigments, Paint",DISPERSE GREEN,0.0,0.0,78.9,3.6,Medium,Tier 3 (Specialty),15-30%,0.0,0.5,No,No
32041192,32,"Dyes, Pigments, Paint",DISPERSE BROWN,0.06,0.16,169.3,3.6,Medium,Tier 3 (Specialty),15-30%,0.0,0.5,No,No
32041193,32,"Dyes, Pigments, Paint",DISPERSE BLACK,0.97,0.81,-17.0,2.0,Medium,Tier 3 (Specialty),15-30%,0.1,0.5,No,No
32041194,32,"Dyes, Pigments, Paint",DISPERSE BROWN MIXTURE,0.0,0.0,-87.1,2.0,Medium,Tier 3 (Specialty),15-30%,0.0,0.5,No,No
32041195,32,"Dyes, Pigments, Paint",DISPERSE GRAY MIXTURE,0.0,0.0,,2.0,Medium,Tier 3 (Specialty),15-30%,0.0,0.5,No,No
32041196,32,"Dyes, Pigments, Paint",DISPERSE BLACK MIXTURE,1.65,1.39,-15.7,2.0,Medium,Tier 3 (Specialty),15-30%,0.2,0.5,No,No
32041199,32,"Dyes, Pigments, Paint",OTHR DISPERSE DYES AND PREP BASED THEREON,2.26,2.13,-5.7,2.0,Medium,Tier 3 (Specialty),15-30%,0.3,0.5,No,No
32041211,32,"Dyes, Pigments, Paint",ACID YELLOWS(AZO),0.16,0.26,60.5,3.6,Medium,Tier 3 (Specialty),15-30%,0.0,0.5,No,No
32041212,32,"Dyes, Pigments, Paint",ACID ORANGES(AZO),0.08,0.1,32.4,3.6,Medium,Tier 3 (Specialty),15-30%,0.0,0.5,No,No
32041213,32,"Dyes, Pigments, Paint",ACID RED(AZO),1.65,1.31,-20.4,2.0,Medium,Tier 3 (Specialty),15-30%,0.2,0.5,No,No
32041214,32,"Dyes, Pigments, Paint",ACID VIOLETS(AZO),2.36,4.53,91.9,3.6,Medium,Tier 3 (Specialty),15-30%,0.7,0.5,No,No
32041215,32,"Dyes, Pigments, Paint",ACID BLUES(AZO),0.43,0.36,-16.0,2.0,Medium,Tier 3 (Specialty),15-30%,0.1,0.5,No,No
32041216,32,"Dyes, Pigments, Paint",ACID GREENS(AZO),0.05,0.06,15.0,3.0,Medium,Tier 3 (Specialty),15-30%,0.0,0.5,No,No
32041217,32,"Dyes, Pigments, Paint",ACID BROWN(AZO),0.05,0.1,101.2,3.6,Medium,Tier 3 (Specialty),15-30%,0.0,0.5,No,No
32041218,32,"Dyes, Pigments, Paint",ACID BLACKS(AZO),0.28,0.32,14.3,3.0,Medium,Tier 3 (Specialty),15-30%,0.0,0.5,No,No
32041219,32,"Dyes, Pigments, Paint",OTHER AZO DYES,2.6,0.78,-70.0,2.0,Medium,Tier 3 (Specialty),15-30%,0.1,0.5,No,No
32041222,32,"Dyes, Pigments, Paint",ACID GREN 27(GARBOLAN GREEN G),0.02,0.02,17.6,3.0,Medium,Tier 3 (Specialty),15-30%,0.0,0.5,No,No
32041223,32,"Dyes, Pigments, Paint",ACID GREEN 28(CARBOLAN BRILL GREEN 5G),0.03,0.01,-81.3,2.0,Medium,Tier 3 (Specialty),15-30%,0.0,0.5,No,No
32041229,32,"Dyes, Pigments, Paint","OTHER  ACID GREEN,(NON-AZO)",0.06,0.06,7.8,2.2,Medium,Tier 3 (Specialty),15-30%,0.0,0.5,No,No
32041231,32,"Dyes, Pigments, Paint",ACID BLACK 2(NIGROSINE),0.01,0.0,,2.0,Medium,Tier 3 (Specialty),15-30%,0.0,0.5,No,No
32041239,32,"Dyes, Pigments, Paint",OTHER ACID BLACK (NON-AZO),0.03,0.0,-98.2,2.0,Medium,Tier 3 (Specialty),15-30%,0.0,0.5,No,No
32041245,32,"Dyes, Pigments, Paint",ACID BLUE 45(SOLWAY BLUE RN),0.02,0.0,-83.8,2.0,Medium,Tier 3 (Specialty),15-30%,0.0,0.5,No,No
32041259,32,"Dyes, Pigments, Paint",OTHERS ACID BLUE (NON-AZO),0.76,0.88,16.5,3.0,Medium,Tier 3 (Specialty),15-30%,0.1,0.5,No,No
32041261,32,"Dyes, Pigments, Paint",MORDANT YELLOWS,0.13,0.02,-87.7,2.0,Medium,Tier 3 (Specialty),15-30%,0.0,0.5,No,No
32041264,32,"Dyes, Pigments, Paint",MORDANT BLUES,0.01,0.0,-99.7,2.0,Medium,Tier 3 (Specialty),15-30%,0.0,0.5,No,No
32041265,32,"Dyes, Pigments, Paint",MORDANT GREENS,0.01,0.0,-96.8,2.0,Medium,Tier 3 (Specialty),15-30%,0.0,0.5,No,No
32041267,32,"Dyes, Pigments, Paint",MORDANT BLACKS,0.02,0.0,-100.0,2.0,Medium,Tier 3 (Specialty),15-30%,0.0,0.5,No,No
32041268,32,"Dyes, Pigments, Paint",MORDANT RED II(ALIZARIN RED),0.0,0.0,-99.9,2.0,Medium,Tier 3 (Specialty),15-30%,0.0,0.5,No,No
32041269,32,"Dyes, Pigments, Paint",OTHER MORDANT DYES,0.02,0.0,-97.0,2.0,Medium,Tier 3 (Specialty),15-30%,0.0,0.5,No,No
32041291,32,"Dyes, Pigments, Paint",ACID YELLOWS(NON AZO),0.01,0.0,-90.3,2.0,Medium,Tier 3 (Specialty),15-30%,0.0,0.5,No,No
32041293,32,"Dyes, Pigments, Paint",ACID RED(NON AZO),0.18,0.13,-29.2,2.0,Medium,Tier 3 (Specialty),15-30%,0.0,0.5,No,No
32041294,32,"Dyes, Pigments, Paint",ACID VIOLETS(NON AZO),0.14,0.13,-6.6,2.0,Medium,Tier 3 (Specialty),15-30%,0.0,0.5,No,No
32041299,32,"Dyes, Pigments, Paint",OTHER NON AZO ACID DYES,1.13,1.39,22.4,3.6,Medium,Tier 3 (Specialty),15-30%,0.2,0.5,No,No
32041310,32,"Dyes, Pigments, Paint",BASIC AZO DYES,0.13,0.09,-32.2,2.0,Medium,Tier 3 (Specialty),15-30%,0.0,0.5,No,No
32041321,32,"Dyes, Pigments, Paint",BASIC YELLOW 2 (AURAMINE O) NON AZO,0.0,0.0,,2.0,Medium,Tier 3 (Specialty),15-30%,0.0,0.5,No,No
32041329,32,"Dyes, Pigments, Paint",OTHER BASIC YELLOW (NON-AZO),0.23,0.24,4.0,2.2,Medium,Tier 3 (Specialty),15-30%,0.0,0.5,No,No
32041331,32,"Dyes, Pigments, Paint",BASIC RED 1 (RHODAMINE 6 G) -NON AZO,0.04,1.17,2810.6,3.6,Medium,Tier 3 (Specialty),15-30%,0.2,0.5,No,No
32041339,32,"Dyes, Pigments, Paint",OTHER BASIC RED(NON-AZO),1.54,1.56,1.4,2.2,Medium,Tier 3 (Specialty),15-30%,0.2,0.5,No,No
32041341,32,"Dyes, Pigments, Paint",BASIC  VIOLET 1 (METHYL VIOLET) -NON AZO,0.01,0.0,-71.5,2.0,Medium,Tier 3 (Specialty),15-30%,0.0,0.5,No,No
32041342,32,"Dyes, Pigments, Paint",BASIC  VIOLET 10 (RHODAMINE B)-NON AZO,0.01,0.0,,2.0,Medium,Tier 3 (Specialty),15-30%,0.0,0.5,No,No
32041343,32,"Dyes, Pigments, Paint",BASIC  VIOLET 14 (MAGENTA)-NON AZO,0.01,0.02,89.8,3.6,Medium,Tier 3 (Specialty),15-30%,0.0,0.5,No,No
32041349,32,"Dyes, Pigments, Paint",OTHER BASIC VIOLET (NON-AZO),0.25,0.27,9.4,2.2,Medium,Tier 3 (Specialty),15-30%,0.0,0.5,No,No
32041351,32,"Dyes, Pigments, Paint",BASIC BLUE 9 (METHYLENE BLUE) -NON-AZO,0.89,0.04,-95.4,2.0,Medium,Tier 3 (Specialty),15-30%,0.0,0.5,No,No
32041359,32,"Dyes, Pigments, Paint",OTHER BASIC BLUE (NON-AZO),1.87,1.99,6.4,2.2,Medium,Tier 3 (Specialty),15-30%,0.3,0.5,No,No
32041361,32,"Dyes, Pigments, Paint",BASIC GREEN 4 (MALACHITE GREEN)-NON-AZO,0.0,0.0,,2.0,Medium,Tier 3 (Specialty),15-30%,0.0,0.5,No,No
32041369,32,"Dyes, Pigments, Paint",OTHER BASIC GREEN  (NON-AZO),0.0,0.01,200.9,3.6,Medium,Tier 3 (Specialty),15-30%,0.0,0.5,No,No
32041391,32,"Dyes, Pigments, Paint",BASIC ORANGES(NON-AZO),0.01,0.02,102.5,3.6,Medium,Tier 3 (Specialty),15-30%,0.0,0.5,No,No
32041393,32,"Dyes, Pigments, Paint",BASIC BLACK(NON-AZO),0.02,0.01,-16.1,2.0,Medium,Tier 3 (Specialty),15-30%,0.0,0.5,No,No
32041399,32,"Dyes, Pigments, Paint",OTHER NON-AZO BASIC DYES NES,0.68,0.54,-20.1,2.0,Medium,Tier 3 (Specialty),15-30%,0.1,0.5,No,No
32041411,32,"Dyes, Pigments, Paint",DIRECT YELLOW 12 (CHRYSOPHENINE G)-AZO,0.0,0.0,,2.0,Medium,Tier 3 (Specialty),15-30%,0.0,0.5,No,No
32041419,32,"Dyes, Pigments, Paint",OTHER DIRECT YELLOW -AZO,0.15,0.02,-86.4,2.0,Medium,Tier 3 (Specialty),15-30%,0.0,0.5,No,No
32041421,32,"Dyes, Pigments, Paint",DIRECT RED (CONGO RED) AZO,0.0,0.0,,2.0,Medium,Tier 3 (Specialty),15-30%,0.0,0.5,No,No
32041429,32,"Dyes, Pigments, Paint",OTHERS DIRECT RED (AZO),0.08,0.01,-84.6,2.0,Medium,Tier 3 (Specialty),15-30%,0.0,0.5,No,No
32041431,32,"Dyes, Pigments, Paint",DIRECT BLUE 1(SKY BLUE FF) AZO,0.0,0.0,427.7,3.6,Medium,Tier 3 (Specialty),15-30%,0.0,0.5,No,No
32041439,32,"Dyes, Pigments, Paint",OTHERS DIRECT BLUE (AZO),0.04,0.09,127.2,3.6,Medium,Tier 3 (Specialty),15-30%,0.0,0.5,No,No
32041440,32,"Dyes, Pigments, Paint",DIRECT ORANGES (AZO),0.07,0.01,-92.6,2.0,Medium,Tier 3 (Specialty),15-30%,0.0,0.5,No,No
32041450,32,"Dyes, Pigments, Paint",DIRECT GREEN (AZO),0.0,0.0,,2.0,Medium,Tier 3 (Specialty),15-30%,0.0,0.5,No,No
32041460,32,"Dyes, Pigments, Paint",DIRECT BROWN (AZO),0.02,0.01,-36.7,2.0,Medium,Tier 3 (Specialty),15-30%,0.0,0.5,No,No
32041470,32,"Dyes, Pigments, Paint",DIRECT BLACK (AZO),0.2,0.28,40.4,3.6,Medium,Tier 3 (Specialty),15-30%,0.0,0.5,No,No
32041481,32,"Dyes, Pigments, Paint",DIRECT (NON AZO) YELLOWS,0.0,0.0,258.7,3.6,Medium,Tier 3 (Specialty),15-30%,0.0,0.5,No,No
32041482,32,"Dyes, Pigments, Paint",DIRECT (NON AZO) ORANGES,0.0,0.0,-50.6,2.0,Medium,Tier 3 (Specialty),15-30%,0.0,0.5,No,No
32041483,32,"Dyes, Pigments, Paint",DIRECT (NON AZO) REDS,0.0,0.01,429.9,3.6,Medium,Tier 3 (Specialty),15-30%,0.0,0.5,No,No
32041484,32,"Dyes, Pigments, Paint",DIRECT (NON AZO) VIOLETS,0.07,0.16,119.5,3.6,Medium,Tier 3 (Specialty),15-30%,0.0,0.5,No,No
32041485,32,"Dyes, Pigments, Paint",DIRECT (NON AZO) BLUES,0.01,0.01,-4.9,2.0,Medium,Tier 3 (Specialty),15-30%,0.0,0.5,No,No
32041487,32,"Dyes, Pigments, Paint",DIRECT (NON AZO) BROWNS,0.01,0.02,333.7,3.6,Medium,Tier 3 (Specialty),15-30%,0.0,0.5,No,No
32041488,32,"Dyes, Pigments, Paint",DIRECT (NON AZO) BLACKS,0.05,0.0,-90.8,2.0,Medium,Tier 3 (Specialty),15-30%,0.0,0.5,No,No
32041489,32,"Dyes, Pigments, Paint",OTHER DIRECT NON AZO DYES,0.01,0.07,423.7,3.6,Medium,Tier 3 (Specialty),15-30%,0.0,0.5,No,No
32041490,32,"Dyes, Pigments, Paint",OTHER DIRECT DYESAND PREP. BASED THEREON,0.1,0.1,-7.0,2.0,Medium,Tier 3 (Specialty),15-30%,0.0,0.5,No,No
32041511,32,"Dyes, Pigments, Paint",VAT YELLOW 2 (GC),0.28,0.48,70.1,3.6,Medium,Tier 3 (Specialty),15-30%,0.1,0.5,No,No
32041512,32,"Dyes, Pigments, Paint",VAT YELOW 4(INDANTHREN GOLDEN YELOW GK),0.0,0.0,,2.0,Medium,Tier 3 (Specialty),15-30%,0.0,0.5,No,No
32041519,32,"Dyes, Pigments, Paint",OTHER VAT YELLOW,2.93,3.08,5.1,2.2,Medium,Tier 3 (Specialty),15-30%,0.5,0.5,No,No
32041529,32,"Dyes, Pigments, Paint",OTHER VAT ORANGE,0.15,0.1,-32.8,2.0,Medium,Tier 3 (Specialty),15-30%,0.0,0.5,No,No
32041531,32,"Dyes, Pigments, Paint",VAT RED (BRILL PINK),0.0,0.0,,2.0,Medium,Tier 3 (Specialty),15-30%,0.0,0.5,No,No
32041539,32,"Dyes, Pigments, Paint",OTHER VAT RED,0.04,0.09,97.0,3.6,Medium,Tier 3 (Specialty),15-30%,0.0,0.5,No,No
32041549,32,"Dyes, Pigments, Paint",OTHER VAT  VIOLET,0.0,0.0,-51.6,2.0,Medium,Tier 3 (Specialty),15-30%,0.0,0.5,No,No
32041551,32,"Dyes, Pigments, Paint",VAT BLUE 1(SYNTHETIC INDIGO),35.17,38.7,10.0,3.0,Medium,Tier 3 (Specialty),15-30%,5.8,0.5,No,No
32041552,32,"Dyes, Pigments, Paint",VAT BLUE 4,0.55,0.32,-42.3,2.0,Medium,Tier 3 (Specialty),15-30%,0.0,0.5,No,No
32041553,32,"Dyes, Pigments, Paint",VAT BLUE 5(BLUE 2B),0.02,0.04,68.6,3.6,Medium,Tier 3 (Specialty),15-30%,0.0,0.5,No,No
32041554,32,"Dyes, Pigments, Paint",VAT BLUE 6(BLUE BC),0.03,0.0,,2.0,Medium,Tier 3 (Specialty),15-30%,0.0,0.5,No,No
32041557,32,"Dyes, Pigments, Paint",VAT BLUE 43(CARBAZOLE BLUE),1.82,0.73,-60.0,2.0,Medium,Tier 3 (Specialty),15-30%,0.1,0.5,No,No
32041558,32,"Dyes, Pigments, Paint",REDUCED VAT BLUES,0.45,0.47,4.8,2.2,Medium,Tier 3 (Specialty),15-30%,0.1,0.5,No,No
32041559,32,"Dyes, Pigments, Paint",OTHER VAT  BLUE,21.56,20.37,-5.5,2.0,Medium,Tier 3 (Specialty),15-30%,3.1,0.5,No,No
32041569,32,"Dyes, Pigments, Paint",OTHER VAT GREEN,0.37,0.68,84.3,3.6,Medium,Tier 3 (Specialty),15-30%,0.1,0.5,No,No
32041572,32,"Dyes, Pigments, Paint",VAT BROWN 3(BROWN RGR),0.17,0.0,,2.0,Medium,Tier 3 (Specialty),15-30%,0.0,0.5,No,No
32041579,32,"Dyes, Pigments, Paint",OTHER VAT BROWN,0.02,0.02,-15.2,2.0,Medium,Tier 3 (Specialty),15-30%,0.0,0.5,No,No
32041582,32,"Dyes, Pigments, Paint",VAT BLACK 25(OLIVE T),0.38,0.13,-65.3,2.0,Medium,Tier 3 (Specialty),15-30%,0.0,0.5,No,No
32041589,32,"Dyes, Pigments, Paint",OTHER VAT BLACK,0.34,0.43,27.4,3.6,Medium,Tier 3 (Specialty),15-30%,0.1,0.5,No,No
32041593,32,"Dyes, Pigments, Paint",SOLUBILISED VAT REDS,0.0,0.03,,2.0,Medium,Tier 3 (Specialty),15-30%,0.0,0.5,No,No
32041599,32,"Dyes, Pigments, Paint",OTHER VAT DYES,0.49,0.7,44.1,3.6,Medium,Tier 3 (Specialty),15-30%,0.1,0.5,No,No
32041610,32,"Dyes, Pigments, Paint",REACTIVE YELLOWS,4.39,3.91,-10.8,2.0,Medium,Tier 3 (Specialty),15-30%,0.6,0.5,No,No
32041620,32,"Dyes, Pigments, Paint",REACTIVE ORANGES,0.2,0.42,109.9,3.6,Medium,Tier 3 (Specialty),15-30%,0.1,0.5,No,No
32041630,32,"Dyes, Pigments, Paint",REACTIVE REDS,5.24,3.81,-27.4,2.0,Medium,Tier 3 (Specialty),15-30%,0.6,0.5,No,No
32041640,32,"Dyes, Pigments, Paint",REACTIVE VIOLETS,0.0,0.0,-93.3,2.0,Medium,Tier 3 (Specialty),15-30%,0.0,0.5,No,No
32041650,32,"Dyes, Pigments, Paint",REACTIVE BLUES,19.87,15.88,-20.1,2.0,Medium,Tier 3 (Specialty),15-30%,2.4,0.5,No,No
32041660,32,"Dyes, Pigments, Paint",REACTIVE GREENS,0.04,0.3,620.8,3.6,Medium,Tier 3 (Specialty),15-30%,0.0,0.5,No,No
32041670,32,"Dyes, Pigments, Paint",REACTIVE BROWNS,0.07,0.06,-23.9,2.0,Medium,Tier 3 (Specialty),15-30%,0.0,0.5,No,No
32041680,32,"Dyes, Pigments, Paint",REACTIVE BLACKS,1.8,1.25,-30.1,2.0,Medium,Tier 3 (Specialty),15-30%,0.2,0.5,No,No
32041690,32,"Dyes, Pigments, Paint",OTHER REACTIVE,5.07,3.79,-25.3,2.0,Medium,Tier 3 (Specialty),15-30%,0.6,0.5,No,No
32041711,32,"Dyes, Pigments, Paint",PIGMENTS YELLOW 1(HANSA YELLOW),0.48,1.56,222.3,3.6,Medium,Tier 3 (Specialty),15-30%,0.2,0.5,No,No
32041719,32,"Dyes, Pigments, Paint",OTHERS PIGMENT YELLOW (ORGANIC),25.31,21.18,-16.3,2.0,Medium,Tier 3 (Specialty),15-30%,3.2,0.5,No,No
32041720,32,"Dyes, Pigments, Paint",PIGMENT ORANGES,4.07,3.63,-10.8,2.0,Medium,Tier 3 (Specialty),15-30%,0.5,0.5,No,No
32041731,32,"Dyes, Pigments, Paint",PIGMENT TOLUIDINE RED,0.18,0.35,96.0,3.6,Medium,Tier 3 (Specialty),15-30%,0.1,0.5,No,No
32041739,32,"Dyes, Pigments, Paint",OTHERS PIGMENT RED,29.7,26.98,-9.1,2.0,Medium,Tier 3 (Specialty),15-30%,4.0,0.5,No,No
32041740,32,"Dyes, Pigments, Paint",PIGMENT VIOLETS,4.84,3.38,-30.1,2.0,Medium,Tier 3 (Specialty),15-30%,0.5,0.5,No,No
32041751,32,"Dyes, Pigments, Paint",PIGMENT BLUE 15 (PATHALOCYANINE BLUE),1.91,1.67,-12.5,2.0,Medium,Tier 3 (Specialty),15-30%,0.3,0.5,No,No
32041759,32,"Dyes, Pigments, Paint",OTHERS PIGMENT BLUE,5.34,4.51,-15.7,2.0,Medium,Tier 3 (Specialty),15-30%,0.7,0.5,No,No
32041761,32,"Dyes, Pigments, Paint",PIGMENT GREEN 7 (PATHALOVYANINE GREEN),0.74,0.33,-55.4,2.0,Medium,Tier 3 (Specialty),15-30%,0.0,0.5,No,No
32041769,32,"Dyes, Pigments, Paint",OTHERS PIGMENT GREEN,0.69,0.62,-9.8,2.0,Medium,Tier 3 (Specialty),15-30%,0.1,0.5,No,No
32041770,32,"Dyes, Pigments, Paint",PIGMENT BROWNS,0.1,0.13,22.5,3.6,Medium,Tier 3 (Specialty),15-30%,0.0,0.5,No,No
32041780,32,"Dyes, Pigments, Paint",PIGMENT BLACKS,1.24,0.96,-22.7,2.0,Medium,Tier 3 (Specialty),15-30%,0.1,0.5,No,No
32041790,32,"Dyes, Pigments, Paint",OTHER PIGMENTS,23.82,25.24,6.0,2.2,Medium,Tier 3 (Specialty),15-30%,3.8,0.5,No,No
32041800,32,"Dyes, Pigments, Paint",CAROTENOID COLOURING MATTERS AND PREPARATION BASED THEREON,3.1,1.75,-43.6,2.0,Medium,Tier 3 (Specialty),15-30%,0.3,0.5,No,No
32041911,32,"Dyes, Pigments, Paint",AZOIC COUPLNG COMPNT 2(NAPTHOL AS),1.41,1.48,5.3,2.2,Medium,Tier 3 (Specialty),15-30%,0.2,0.5,No,No
32041912,32,"Dyes, Pigments, Paint",AZOIC COUPLNG COMPNT 4(NAPTHOL AS-BO),0.0,0.04,1591.7,3.6,Medium,Tier 3 (Specialty),15-30%,0.0,0.5,No,No
32041916,32,"Dyes, Pigments, Paint",AZOIC COUPLNG COMPNT 13(NAPTHOL ASSG),0.0,0.0,,2.0,Medium,Tier 3 (Specialty),15-30%,0.0,0.5,No,No
32041921,32,"Dyes, Pigments, Paint",AZOIC COUPLNG COMPNT 14(NAPTHOL ASPH),2.34,2.44,4.4,2.2,Medium,Tier 3 (Specialty),15-30%,0.4,0.5,No,No
32041924,32,"Dyes, Pigments, Paint",AZOIC COUPLNG COMPNT 18(NAPTHOL ASD),0.18,0.13,-30.0,2.0,Medium,Tier 3 (Specialty),15-30%,0.0,0.5,No,No
32041925,32,"Dyes, Pigments, Paint",AZOIC COUPLNG COMPNT 20(NAPTHOL ASOL),0.11,0.06,-49.4,2.0,Medium,Tier 3 (Specialty),15-30%,0.0,0.5,No,No
32041929,32,"Dyes, Pigments, Paint",OTHER AZOIC COUPLNG COMPNT(NAPTHOL OTHERS),1.7,1.4,-17.8,2.0,Medium,Tier 3 (Specialty),15-30%,0.2,0.5,No,No
32041933,32,"Dyes, Pigments, Paint",AZOIC DIAZO COMPNT 3(FST SCRLT GIGGS BASE),0.0,0.0,,2.0,Medium,Tier 3 (Specialty),15-30%,0.0,0.5,No,No
32041935,32,"Dyes, Pigments, Paint",AZOIC DIAZO COMPNT 5 (FST RED B BASE),0.03,0.0,-98.5,2.0,Medium,Tier 3 (Specialty),15-30%,0.0,0.5,No,No
32041938,32,"Dyes, Pigments, Paint",AZOIC DIAZO COMPNT 11(FST RED TR BASE),0.0,0.0,,2.0,Medium,Tier 3 (Specialty),15-30%,0.0,0.5,No,No
32041941,32,"Dyes, Pigments, Paint",AZOIC DIAZO COMPNT 12 (FST SCRLT G BSE,0.97,1.14,17.5,3.0,Medium,Tier 3 (Specialty),15-30%,0.2,0.5,No,No
32041949,32,"Dyes, Pigments, Paint",OTHR AZOIC DIAZO COMPNT(OTHR FST COLR BSE),0.58,0.76,31.2,3.6,Medium,Tier 3 (Specialty),15-30%,0.1,0.5,No,No
32041951,32,"Dyes, Pigments, Paint",AZOIC YELLOWS,1.46,0.69,-52.5,2.0,Medium,Tier 3 (Specialty),15-30%,0.1,0.5,No,No
32041952,32,"Dyes, Pigments, Paint",AZOIC ORANGES,0.14,0.07,-52.8,2.0,Medium,Tier 3 (Specialty),15-30%,0.0,0.5,No,No
32041953,32,"Dyes, Pigments, Paint",AZOIC REDS,0.72,0.51,-29.2,2.0,Medium,Tier 3 (Specialty),15-30%,0.1,0.5,No,No
32041954,32,"Dyes, Pigments, Paint",AZOIC VIOLETS,6.58,6.07,-7.7,2.0,Medium,Tier 3 (Specialty),15-30%,0.9,0.5,No,No
32041955,32,"Dyes, Pigments, Paint",AZOIC BLUES,1.66,1.6,-3.9,2.0,Medium,Tier 3 (Specialty),15-30%,0.2,0.5,No,No
32041956,32,"Dyes, Pigments, Paint",AZOIC GREENS,0.11,0.13,17.6,3.0,Medium,Tier 3 (Specialty),15-30%,0.0,0.5,No,No
32041957,32,"Dyes, Pigments, Paint",AZOIC BROWNS,0.02,0.01,-53.1,2.0,Medium,Tier 3 (Specialty),15-30%,0.0,0.5,No,No
32041958,32,"Dyes, Pigments, Paint",AZOIC BLACKS,0.2,0.24,21.8,3.6,Medium,Tier 3 (Specialty),15-30%,0.0,0.5,No,No
32041959,32,"Dyes, Pigments, Paint",OTHER AZOIC COLOURS,0.45,0.37,-16.3,2.0,Medium,Tier 3 (Specialty),15-30%,0.1,0.5,No,No
32041961,32,"Dyes, Pigments, Paint",SULPHUR YELLOWS,0.35,0.41,15.4,3.0,Medium,Tier 3 (Specialty),15-30%,0.1,0.5,No,No
32041962,32,"Dyes, Pigments, Paint",SULPHUR ORANGES,0.0,0.0,,2.0,Medium,Tier 3 (Specialty),15-30%,0.0,0.5,No,No
32041963,32,"Dyes, Pigments, Paint",SULPHUR REDS,0.15,0.2,31.2,3.6,Medium,Tier 3 (Specialty),15-30%,0.0,0.5,No,No
32041964,32,"Dyes, Pigments, Paint",SULPHUR BLUES,3.95,3.27,-17.1,2.0,Medium,Tier 3 (Specialty),15-30%,0.5,0.5,No,No
32041965,32,"Dyes, Pigments, Paint",SULPHUR GREENS,0.28,0.23,-19.7,2.0,Medium,Tier 3 (Specialty),15-30%,0.0,0.5,No,No
32041966,32,"Dyes, Pigments, Paint",SULPHUR BROWNS,0.28,0.13,-54.8,2.0,Medium,Tier 3 (Specialty),15-30%,0.0,0.5,No,No
32041967,32,"Dyes, Pigments, Paint",SULPHUR BLACKS,4.3,5.32,23.8,3.6,Medium,Tier 3 (Specialty),15-30%,0.8,0.5,No,No
32041969,32,"Dyes, Pigments, Paint",OTHER SULPHURS,3.54,3.44,-2.9,2.0,Medium,Tier 3 (Specialty),15-30%,0.5,0.5,No,No
32041971,32,"Dyes, Pigments, Paint",SOLVENT BASED COLOURING MATTERS: YELLOWS,0.72,0.67,-6.3,2.0,Medium,Tier 3 (Specialty),15-30%,0.1,0.5,No,No
32041972,32,"Dyes, Pigments, Paint",SOLVENT BASED COLOURING MATTERS: ORANGES,0.48,0.29,-40.8,2.0,Medium,Tier 3 (Specialty),15-30%,0.0,0.5,No,No
32041973,32,"Dyes, Pigments, Paint",SOLVENT BASED COLOURING MATTERS: REDS,0.96,1.15,19.8,3.0,Medium,Tier 3 (Specialty),15-30%,0.2,0.5,No,No
32041974,32,"Dyes, Pigments, Paint",SOLVENT BASED COLOURING MATTERS: VIOLETS,0.67,0.29,-56.3,2.0,Medium,Tier 3 (Specialty),15-30%,0.0,0.5,No,No
32041975,32,"Dyes, Pigments, Paint",SOLVENT BASED COLOURING MATTERS: BLUES,2.51,1.31,-48.0,2.0,Medium,Tier 3 (Specialty),15-30%,0.2,0.5,No,No
32041976,32,"Dyes, Pigments, Paint",SOLVENT BASED COLOURING MATTERS: GREENS,4.13,2.94,-28.7,2.0,Medium,Tier 3 (Specialty),15-30%,0.4,0.5,No,No
32041977,32,"Dyes, Pigments, Paint",SOLVENT BASED COLOURING MATTERS: BROWNS,0.05,0.03,-36.5,2.0,Medium,Tier 3 (Specialty),15-30%,0.0,0.5,No,No
32041978,32,"Dyes, Pigments, Paint",SOLVENT BASED COLOURING MATTERS: BLACKS,0.46,0.39,-14.7,2.0,Medium,Tier 3 (Specialty),15-30%,0.1,0.5,No,No
32041979,32,"Dyes, Pigments, Paint",OTHER SOLVENT BASED COLOURING MATTERS,3.3,3.53,6.7,2.2,Medium,Tier 3 (Specialty),15-30%,0.5,0.5,No,No
32041981,32,"Dyes, Pigments, Paint",FOOD COLOURING YELLOW 3 (SUNSET YELLOW),0.02,0.02,-1.0,2.0,Medium,Tier 3 (Specialty),15-30%,0.0,0.5,No,No
32041982,32,"Dyes, Pigments, Paint",FOOD COLOURING YELLOW 4 (TARTRAZINE),0.1,0.01,-87.6,2.0,Medium,Tier 3 (Specialty),15-30%,0.0,0.5,No,No
32041983,32,"Dyes, Pigments, Paint",FOOD COLOURING REDS 5 TO 8 (PONCEAN),0.0,0.0,,2.0,Medium,Tier 3 (Specialty),15-30%,0.0,0.5,No,No
32041984,32,"Dyes, Pigments, Paint",FOOD COLOURING RED 9 (AMARANTH),0.0,0.01,,2.0,Medium,Tier 3 (Specialty),15-30%,0.0,0.5,No,No
32041987,32,"Dyes, Pigments, Paint",FOOD COLOURING GREENS,0.0,0.0,,2.0,Medium,Tier 3 (Specialty),15-30%,0.0,0.5,No,No
32041989,32,"Dyes, Pigments, Paint",OTHER FOOD COLOURING,0.02,0.01,-68.3,2.0,Medium,Tier 3 (Specialty),15-30%,0.0,0.5,No,No
32041990,32,"Dyes, Pigments, Paint",OTHR INCL MIXR OF COLRNG MATR OF TWO OR   MORE OF SUB-HDNG 320411 T...,5.51,6.64,20.6,3.6,Medium,Tier 3 (Specialty),15-30%,1.0,0.5,No,No
32042010,32,"Dyes, Pigments, Paint",0PTICAL WHITENING AGENTS,6.53,5.94,-9.0,2.0,Medium,Tier 3 (Specialty),15-30%,0.9,0.5,No,No
32042090,32,"Dyes, Pigments, Paint",0THER FLU0RESCENT/BRIGHTENING AGENTS,13.72,12.69,-7.5,2.0,Medium,Tier 3 (Specialty),15-30%,1.9,0.5,No,No
32049000,32,"Dyes, Pigments, Paint",OTHR SYNTHETIC ORGANIC COLORNG MATTER,8.22,7.34,-10.7,2.0,Medium,Tier 3 (Specialty),15-30%,1.1,0.5,No,No
32050000,32,"Dyes, Pigments, Paint",COLR LAKES,8.74,6.49,-25.7,4.0,Medium,Tier 3 (Specialty),15-30%,1.0,0.5,No,Yes
32061110,32,"Dyes, Pigments, Paint",PEARSLNT PIGMNT (TITANIUM DIOXDE COTD     MICANNEOUS AND LUSTRE PRL...,616.15,462.55,-24.9,2.4,Medium,Tier 3 (Specialty),15-30%,69.4,0.5,No,No
32061190,32,"Dyes, Pigments, Paint",PEARLSNT PIGMNT COTD WTH OTHR PRL PIGMNT,564.76,463.01,-18.0,2.4,Medium,Tier 3 (Specialty),15-30%,69.5,0.5,No,No
32061900,32,"Dyes, Pigments, Paint",OTHR CLRNG MATR CNTNG <80% TITNIUM DIOXLDE,51.79,58.79,13.5,3.0,Medium,Tier 2.5 (Quick-win),60-75%,35.3,0.8,Yes,No
32062000,32,"Dyes, Pigments, Paint",PIGMNTS AND PRPTNS BASD ON CHROM COMPND,1.83,1.76,-3.7,2.0,Medium,Tier 3 (Specialty),15-30%,0.3,0.5,No,No
32064100,32,"Dyes, Pigments, Paint",ULTRAMARIN AND PRPTNS BASD THEREON,2.05,1.52,-25.8,2.0,Medium,Tier 3 (Specialty),15-30%,0.2,0.5,No,No
32064200,32,"Dyes, Pigments, Paint",LITHOPHONE AND OTHR PIGMNTS AND             PREPARATIONSBASD ON ZIN...,1.42,2.14,50.8,3.6,Medium,Tier 3 (Specialty),15-30%,0.3,0.5,No,No
32064910,32,"Dyes, Pigments, Paint",RED OXIDE,0.11,1.9,1558.4,3.6,Medium,Tier 3 (Specialty),15-30%,0.3,0.5,No,No
32064920,32,"Dyes, Pigments, Paint",PERSIAN RED,0.0,0.0,,2.0,Medium,Tier 3 (Specialty),15-30%,0.0,0.5,No,No
32064930,32,"Dyes, Pigments, Paint",YELLOW OCHER,0.63,0.51,-19.3,2.0,Medium,Tier 3 (Specialty),15-30%,0.1,0.5,No,No
32064940,32,"Dyes, Pigments, Paint",BRONZE POWDER,3.05,2.5,-18.0,2.0,Medium,Tier 3 (Specialty),15-30%,0.4,0.5,No,No
32064990,32,"Dyes, Pigments, Paint",OTHER PREPARATIONS,74.28,75.2,1.2,2.2,Medium,Tier 3 (Specialty),15-30%,11.3,0.5,No,No
32065000,32,"Dyes, Pigments, Paint",INORGNC PRDCT A KIND USD AS LUMINOPHORS,6.72,8.88,32.3,3.6,Medium,Tier 3 (Specialty),15-30%,1.3,0.5,No,No
32071010,32,"Dyes, Pigments, Paint",PREPARD ORGANIC DYESTUFF PIGMENTS DRY,2.16,2.64,22.4,3.6,Medium,Tier 3 (Specialty),15-30%,0.4,0.5,No,No
32071020,32,"Dyes, Pigments, Paint",PREPARD ORGANIC DYESTUFF PIGMNTS PASTE,0.06,0.04,-41.7,2.0,Medium,Tier 3 (Specialty),15-30%,0.0,0.5,No,No
32071030,32,"Dyes, Pigments, Paint",PREPARD INORGANIC PIGMENTS,2.07,2.98,43.8,3.6,Medium,Tier 3 (Specialty),15-30%,0.4,0.5,No,No
32071040,32,"Dyes, Pigments, Paint","PREPARED OPACIFIERS,PREPARED COLOURS AND  SIMILAR PREPARATIONS.",50.39,54.48,8.1,2.2,Medium,Tier 3 (Specialty),15-30%,8.2,0.5,No,No
32071090,32,"Dyes, Pigments, Paint","OTHER PREPRD PIGMNT OPACIFIER  COLRS,     SIMILAR PREPARATIONS.",86.16,76.58,-11.1,2.0,Medium,Tier 3 (Specialty),15-30%,11.5,0.5,No,No
32072010,32,"Dyes, Pigments, Paint",VITRIFIABLE ENAMEL AND GLAZES,15.49,18.51,19.5,3.0,Medium,Tier 3 (Specialty),15-30%,2.8,0.5,No,No
32072020,32,"Dyes, Pigments, Paint",ENGOBS(SLIP) AND SIMLR PRPTNS,4.56,4.97,9.1,2.2,Medium,Tier 3 (Specialty),15-30%,0.7,0.5,No,No
32073000,32,"Dyes, Pigments, Paint",LIQD LUSTRS AND SIMLR PRPTNS,4.89,7.55,54.4,3.6,Medium,Tier 3 (Specialty),15-30%,1.1,0.5,No,No
32074000,32,"Dyes, Pigments, Paint",GLAS FRIT AND OTHR GLAS IN PWDR GRANUL/FLKS,29.56,37.44,26.6,3.6,Medium,Tier 3 (Specialty),15-30%,5.6,0.5,No,No
32081010,32,"Dyes, Pigments, Paint",ENAMELS  BASED ON POLYESTERS,1.87,2.05,9.6,2.2,Medium,Tier 3 (Specialty),15-30%,0.3,0.5,No,No
32081020,32,"Dyes, Pigments, Paint",LACQUERS  BASED ON POLYESTERS,8.79,6.41,-27.1,2.0,Medium,Tier 3 (Specialty),15-30%,1.0,0.5,No,No
32081030,32,"Dyes, Pigments, Paint",VARNISHES  BASED ON POLYESTERS,4.43,4.77,7.7,2.2,Medium,Tier 3 (Specialty),15-30%,0.7,0.5,No,No
32081090,32,"Dyes, Pigments, Paint",OTHERS  BASED ON POLYESTERS,30.68,37.32,21.7,3.6,Medium,Tier 3 (Specialty),15-30%,5.6,0.5,No,No
32082010,32,"Dyes, Pigments, Paint",ENAMELS BASED ON ACRYLIC OR VINYL POLYMERS,17.57,18.31,4.2,2.2,Medium,Tier 3 (Specialty),15-30%,2.7,0.5,No,No
32082020,32,"Dyes, Pigments, Paint",LACQUERS BASED ON ACRYLIC OR VINYL POLYMER,3.64,3.24,-10.8,2.0,Medium,Tier 3 (Specialty),15-30%,0.5,0.5,No,No
32082030,32,"Dyes, Pigments, Paint",VARNISHES BASED ON ACRYLIC OR VINYL POLYMR,0.87,0.73,-16.0,2.0,Medium,Tier 3 (Specialty),15-30%,0.1,0.5,No,No
32082090,32,"Dyes, Pigments, Paint",OTHR PAINT VRNSH BSD ON ACRYLC/VNYL PLYMR,51.5,55.74,8.2,2.2,Medium,Tier 3 (Specialty),15-30%,8.4,0.5,No,No
32089011,32,"Dyes, Pigments, Paint",NITROCELLULOSE LACQUERS BASED ON          CELLULOSEOR OYHER CELLULO...,0.24,0.58,143.7,3.6,Medium,Tier 3 (Specialty),15-30%,0.1,0.5,No,No
32089019,32,"Dyes, Pigments, Paint",OTHER PAINTANDVARNSH BASED ON CELLULOSE     OR OYHER CELLULOSE DERI...,32.79,27.57,-15.9,2.0,Medium,Tier 3 (Specialty),15-30%,4.1,0.5,No,No
32089021,32,"Dyes, Pigments, Paint","SYNTHTC ENAMEL,ULTRA WHITE PAINTS",0.03,0.02,-29.2,2.0,Medium,Tier 3 (Specialty),15-30%,0.0,0.5,No,No
32089022,32,"Dyes, Pigments, Paint","SYNTHETIC ENAMEL,OTHER COLOURS.",0.19,0.28,45.9,3.6,Medium,Tier 3 (Specialty),15-30%,0.0,0.5,No,No
32089029,32,"Dyes, Pigments, Paint",OTHR PAINTS VARNSHS (OTHER ENAMELS),3.49,2.86,-18.1,2.0,Medium,Tier 3 (Specialty),15-30%,0.4,0.5,No,No
32089030,32,"Dyes, Pigments, Paint",OTHR PAINTS VARNSHS (LACQUERS),2.42,1.74,-28.2,2.0,Medium,Tier 3 (Specialty),15-30%,0.3,0.5,No,No
32089041,32,"Dyes, Pigments, Paint",INSULATING VARNISH,5.64,5.16,-8.6,2.0,Medium,Tier 3 (Specialty),15-30%,0.8,0.5,No,No
32089049,32,"Dyes, Pigments, Paint",OTHER VARNISHES,2.01,2.32,15.3,3.0,Medium,Tier 3 (Specialty),15-30%,0.3,0.5,No,No
32089050,32,"Dyes, Pigments, Paint",SLIP AGENTS,0.08,0.06,-23.2,2.0,Medium,Tier 3 (Specialty),15-30%,0.0,0.5,No,No
32089090,32,"Dyes, Pigments, Paint",OTHR PAINT VARNSH(INCL ENML AND LACQR) BSD  ON SYNTIC PLYMR/CHMLY M...,132.69,145.48,9.6,2.64,Medium,Tier 3 (Specialty),15-30%,21.8,0.5,No,No
32091010,32,"Dyes, Pigments, Paint",ACRYLIC EMULSION,4.13,4.72,14.4,3.0,Medium,Tier 3 (Specialty),15-30%,0.7,0.5,No,No
32091090,32,"Dyes, Pigments, Paint",OTHR PAINTS BSD ON ACRYLC/VNYL POLYMR,29.16,32.75,12.3,3.0,Medium,Tier 3 (Specialty),15-30%,4.9,0.5,No,No
32099010,32,"Dyes, Pigments, Paint",DISPERSON PAINTS,3.02,2.33,-22.8,2.0,Medium,Tier 3 (Specialty),15-30%,0.3,0.5,No,No
32099020,32,"Dyes, Pigments, Paint",EMULSION PAINTS NES,4.62,5.47,18.5,3.0,Medium,Tier 3 (Specialty),15-30%,0.8,0.5,No,No
32099090,32,"Dyes, Pigments, Paint",OTHR PAINT VARNSHS (INCL ENML AND LAQURS)   BSD ON OTHR SYNTHTIC PO...,37.1,46.51,25.4,3.6,Medium,Tier 3 (Specialty),15-30%,7.0,0.5,No,No
32100011,32,"Dyes, Pigments, Paint","DRY DISTEMPR, INCL CEMENT BASE WATER PAINT",0.15,0.08,-47.2,2.0,Medium,Tier 3 (Specialty),15-30%,0.0,0.5,No,No
32100012,32,"Dyes, Pigments, Paint",OIL BOUND DISTEMPER,0.0,0.0,-70.9,2.0,Medium,Tier 3 (Specialty),15-30%,0.0,0.5,No,No
32100019,32,"Dyes, Pigments, Paint",OTHER DISTEMPER,0.62,0.63,2.1,2.2,Medium,Tier 3 (Specialty),15-30%,0.1,0.5,No,No
32100020,32,"Dyes, Pigments, Paint",PREPRD WATR PIGMNT USD FOR FINSHNG LETHR,0.52,0.35,-31.9,2.0,Medium,Tier 3 (Specialty),15-30%,0.1,0.5,No,No
32100030,32,"Dyes, Pigments, Paint",METALIC POWDER/FLAKS PREPRD AS PAINTS,0.0,0.0,7.2,2.2,Medium,Tier 3 (Specialty),15-30%,0.0,0.5,No,No
32100040,32,"Dyes, Pigments, Paint",POLY TETRA FLUORO ETHYLENE (PTFE) OR      SILICON RESIN BASED COATI...,0.1,0.14,39.2,3.6,Medium,Tier 3 (Specialty),15-30%,0.0,0.5,No,No
32100090,32,"Dyes, Pigments, Paint",OTHR PAINT VARNSH INCL ENML LAQURSANDDSTMPR PRPRD WATR PGMNT FOR FI...,15.94,17.98,12.8,3.0,Medium,Tier 3 (Specialty),15-30%,2.7,0.5,No,No
32110000,32,"Dyes, Pigments, Paint",PREPARED DRIERS,5.74,5.46,-4.8,2.0,Medium,Tier 3 (Specialty),15-30%,0.8,0.5,No,No
32121000,32,"Dyes, Pigments, Paint",STAMPNG FOILS,47.86,44.46,-7.1,2.0,Medium,Tier 3 (Specialty),15-30%,6.7,0.5,No,No
32129010,32,"Dyes, Pigments, Paint","PIGMNTS IN LINSEED OIL,WHTE SPRT,SPRT OF  TRPNTN,VARNISH OR OTHR PN...",0.83,0.74,-11.3,2.0,Medium,Tier 3 (Specialty),15-30%,0.1,0.5,No,No
32129020,32,"Dyes, Pigments, Paint",DYS IN FORM/PCKNG OF A KIND SOLD BY RETAIL,0.09,0.22,145.6,3.6,Medium,Tier 3 (Specialty),15-30%,0.0,0.5,No,No
32129030,32,"Dyes, Pigments, Paint",ALUMINIUM PASTE,14.44,17.09,18.4,3.0,Medium,Tier 3 (Specialty),15-30%,2.6,0.5,No,No
32129090,32,"Dyes, Pigments, Paint",OTHR PIGMNTS DYS AND CLRNG MATR  N.E.S.,26.25,28.3,7.8,2.2,Medium,Tier 3 (Specialty),15-30%,4.2,0.5,No,No
32131000,32,"Dyes, Pigments, Paint",COLOURS IN SETS,1.03,1.02,-1.8,2.0,Medium,Tier 3 (Specialty),15-30%,0.2,0.5,No,No
32139000,32,"Dyes, Pigments, Paint",OTHER (OTHER THAN IN SETS),3.22,3.47,7.8,2.2,Medium,Tier 3 (Specialty),15-30%,0.5,0.5,No,No
32141000,32,"Dyes, Pigments, Paint","GLAZIERS PUTTY, GRFTNG PUTTY RESIN CEMNTS,CAULKNG CMPDS AND OTHR MA...",128.14,144.18,12.5,3.6,Medium,Tier 2.5 (Quick-win),60-75%,86.5,0.8,Yes,No
32149010,32,"Dyes, Pigments, Paint","NON-REFRACTORY SURFACING PREPARATION      FOR FACADES,ETC.",3.38,4.66,37.8,3.6,Medium,Tier 3 (Specialty),15-30%,0.7,0.5,No,No
32149020,32,"Dyes, Pigments, Paint",RESIN CEMENT,0.58,0.58,1.3,2.2,Medium,Tier 3 (Specialty),15-30%,0.1,0.5,No,No
32149090,32,"Dyes, Pigments, Paint","OTHERS-OF-GLAZIERS AND GRAFTING PUTY,RESIN ELEMNTSNON RFRCTRY SRFCN...",42.06,50.38,19.8,3.0,Medium,Tier 2.5 (Quick-win),60-75%,30.2,0.8,Yes,No
32151110,32,"Dyes, Pigments, Paint",BLACK LITHOGRAPHIC INK AND JELLY,0.26,1.18,350.4,3.6,Medium,Tier 3 (Specialty),15-30%,0.2,0.5,No,No
32151120,32,"Dyes, Pigments, Paint",BLACK NEWSPAPER INK,0.01,0.0,-98.0,2.0,Medium,Tier 3 (Specialty),15-30%,0.0,0.5,No,No
32151130,32,"Dyes, Pigments, Paint",BLACK ROTARY INK,0.29,0.23,-21.8,2.0,Medium,Tier 3 (Specialty),15-30%,0.0,0.5,No,No
32151140,32,"Dyes, Pigments, Paint",BLACK SCREEN PRINTING INK,3.14,4.08,29.9,3.6,Medium,Tier 3 (Specialty),15-30%,0.6,0.5,No,No
32151190,32,"Dyes, Pigments, Paint",OTHER BLACK PRINTING INK,49.0,57.76,17.9,3.0,Medium,Tier 2.5 (Quick-win),60-75%,34.7,0.8,Yes,No
32151910,32,"Dyes, Pigments, Paint",OTHER LITHOGRAPHIC INK AND JELLY,0.15,0.42,175.9,3.6,Medium,Tier 3 (Specialty),15-30%,0.1,0.5,No,No
32151930,32,"Dyes, Pigments, Paint",OTHER ROTARY INK,0.18,0.12,-32.9,2.0,Medium,Tier 3 (Specialty),15-30%,0.0,0.5,No,No
32151940,32,"Dyes, Pigments, Paint",OTHER SCREEN PRINTING INK,9.97,11.71,17.5,3.0,Medium,Tier 3 (Specialty),15-30%,1.8,0.5,No,No
32151990,32,"Dyes, Pigments, Paint",OTHR PRTNG INK AND PRINTRS COLRS,111.16,112.09,0.8,2.64,Medium,Tier 3 (Specialty),15-30%,16.8,0.5,No,No
32159010,32,"Dyes, Pigments, Paint",FOUNTAIN PEN INK,0.61,0.45,-25.7,2.0,Medium,Tier 3 (Specialty),15-30%,0.1,0.5,No,No
32159020,32,"Dyes, Pigments, Paint",BALL PEN INK,5.86,6.63,13.2,3.0,Medium,Tier 3 (Specialty),15-30%,1.0,0.5,No,No
32159030,32,"Dyes, Pigments, Paint",INEDIBLE  INK,0.0,0.0,181.2,3.6,Medium,Tier 3 (Specialty),15-30%,0.0,0.5,No,No
32159040,32,"Dyes, Pigments, Paint",DRAWING INK,0.05,0.05,-3.5,2.0,Medium,Tier 3 (Specialty),15-30%,0.0,0.5,No,No
32159090,32,"Dyes, Pigments, Paint",OTHER INK NES,68.79,71.88,4.5,2.2,Medium,Tier 3 (Specialty),15-30%,10.8,0.5,No,No
33011200,33,"Essential Oils, Perfume",ESSENTIAL OILS OF ORANGE,29.26,24.0,-18.0,1.0,Low,Monitor (Low priority),5-15%,1.2,0.3,No,No
33011300,33,"Essential Oils, Perfume",ESSENTIAL OILS OF LEMON,3.72,5.48,47.4,1.8,Low,Monitor (Low priority),5-15%,0.3,0.3,No,No
33011910,33,"Essential Oils, Perfume",CITRONELLA OIL CEYLON TYPE,0.27,0.22,-19.5,1.0,Low,Monitor (Low priority),5-15%,0.0,0.3,No,No
33011990,33,"Essential Oils, Perfume",OTHERS-OF-ESSENTIAL OILS OF OTHR CITRUS FRUITS,11.44,10.61,-7.2,1.0,Low,Monitor (Low priority),5-15%,0.5,0.3,No,No
33012400,33,"Essential Oils, Perfume",ESSNTL OIL OF PEPPERMINT(MENTHA PIPERITA),5.49,4.13,-24.6,1.0,Low,Monitor (Low priority),5-15%,0.2,0.3,No,No
33012510,33,"Essential Oils, Perfume",SPEARMINT OIL (EX-MENTHA SPICATA),0.79,0.6,-23.5,1.0,Low,Monitor (Low priority),5-15%,0.0,0.3,No,No
33012520,33,"Essential Oils, Perfume",WATER-MINT OIL (EX-MENTHA AQUATIC),0.0,0.0,,1.0,Low,Monitor (Low priority),5-15%,0.0,0.3,No,No
33012540,33,"Essential Oils, Perfume",BERGAMONT OIL (EX-MENTHA CITRATE),0.14,0.09,-32.3,1.0,Low,Monitor (Low priority),5-15%,0.0,0.3,No,No
33012590,33,"Essential Oils, Perfume",OTHERS-OF-ESSENTIAL OILS OF OTHER MINTS,0.68,1.94,185.6,1.8,Low,Monitor (Low priority),5-15%,0.1,0.3,No,No
33012911,33,"Essential Oils, Perfume",ANISE OIL (ANISEED OIL),0.3,0.32,6.7,1.1,Low,Monitor (Low priority),5-15%,0.0,0.3,No,No
33012912,33,"Essential Oils, Perfume",CAJUPUT OIL,0.0,0.0,4.4,1.1,Low,Monitor (Low priority),5-15%,0.0,0.3,No,No
33012913,33,"Essential Oils, Perfume",CANANGA OIL,0.06,0.18,210.0,1.8,Low,Monitor (Low priority),5-15%,0.0,0.3,No,No
33012914,33,"Essential Oils, Perfume",CARAWAY OIL,0.12,0.22,84.5,1.8,Low,Monitor (Low priority),5-15%,0.0,0.3,No,No
33012915,33,"Essential Oils, Perfume",CASSIA OIL,0.39,0.73,85.9,1.8,Low,Monitor (Low priority),5-15%,0.0,0.3,No,No
33012916,33,"Essential Oils, Perfume",CEDARWOOD OIL,1.26,2.14,70.6,1.8,Low,Monitor (Low priority),5-15%,0.1,0.3,No,No
33012917,33,"Essential Oils, Perfume",CINNAMON BARK OIL,0.3,0.34,12.1,1.5,Low,Monitor (Low priority),5-15%,0.0,0.3,No,No
33012918,33,"Essential Oils, Perfume",CINNAMON LEAF OIL,1.52,1.59,4.5,1.1,Low,Monitor (Low priority),5-15%,0.1,0.3,No,No
33012921,33,"Essential Oils, Perfume",CLOVE LEAF/STEM OIL,18.98,20.86,9.9,1.1,Low,Monitor (Low priority),5-15%,1.0,0.3,No,No
33012922,33,"Essential Oils, Perfume",CORIANDER SEED OIL,1.88,1.45,-23.1,1.0,Low,Monitor (Low priority),5-15%,0.1,0.3,No,No
33012923,33,"Essential Oils, Perfume",DILL OIL (ANETHUM OIL),0.24,0.25,4.6,1.1,Low,Monitor (Low priority),5-15%,0.0,0.3,No,No
33012924,33,"Essential Oils, Perfume",EUCALYPTUS OIL,8.06,6.84,-15.1,1.0,Low,Monitor (Low priority),5-15%,0.3,0.3,No,No
33012925,33,"Essential Oils, Perfume",FENNEL SEED OIL,0.03,0.02,-40.5,1.0,Low,Monitor (Low priority),5-15%,0.0,0.3,No,No
33012926,33,"Essential Oils, Perfume",GINGER OIL,1.21,1.17,-3.0,1.0,Low,Monitor (Low priority),5-15%,0.1,0.3,No,No
33012927,33,"Essential Oils, Perfume",GINGER GRASS OIL,0.0,0.0,-41.7,1.0,Low,Monitor (Low priority),5-15%,0.0,0.3,No,No
33012928,33,"Essential Oils, Perfume",CLOVE BUD OIL,0.86,0.73,-15.8,1.0,Low,Monitor (Low priority),5-15%,0.0,0.3,No,No
33012931,33,"Essential Oils, Perfume",TUBEROSE CONCRETE,0.0,0.0,-31.6,1.0,Low,Monitor (Low priority),5-15%,0.0,0.3,No,No
33012932,33,"Essential Oils, Perfume",NUTMEG OIL,2.3,1.9,-17.2,1.0,Low,Monitor (Low priority),5-15%,0.1,0.3,No,No
33012933,33,"Essential Oils, Perfume",PALMAROSA OIL,0.02,0.14,796.3,1.8,Low,Monitor (Low priority),5-15%,0.0,0.3,No,No
33012934,33,"Essential Oils, Perfume",PATCHOULI OIL,69.24,77.84,12.4,1.5,Low,Monitor (Low priority),5-15%,3.9,0.3,No,No
33012935,33,"Essential Oils, Perfume",PEPPER OIL,1.25,1.82,45.5,1.8,Low,Monitor (Low priority),5-15%,0.1,0.3,No,No
33012936,33,"Essential Oils, Perfume",PETITGRAIN OIL,0.58,0.38,-34.8,1.0,Low,Monitor (Low priority),5-15%,0.0,0.3,No,No
33012937,33,"Essential Oils, Perfume",SANDAL WOOD OIL,15.28,7.48,-51.0,1.0,Low,Monitor (Low priority),5-15%,0.4,0.3,No,No
33012938,33,"Essential Oils, Perfume",ROSA OIL,1.92,0.79,-58.8,1.0,Low,Monitor (Low priority),5-15%,0.0,0.3,No,No
33012941,33,"Essential Oils, Perfume",CAMPHOS OIL,0.12,0.37,216.3,1.8,Low,Monitor (Low priority),5-15%,0.0,0.3,No,No
33012942,33,"Essential Oils, Perfume",LEMON GRASS OIL,2.4,2.65,10.3,1.5,Low,Monitor (Low priority),5-15%,0.1,0.3,No,No
33012943,33,"Essential Oils, Perfume",YLANG YLANG OIL,0.33,0.29,-12.6,1.0,Low,Monitor (Low priority),5-15%,0.0,0.3,No,No
33012944,33,"Essential Oils, Perfume",DAVANA OIL,0.02,0.01,-65.7,1.0,Low,Monitor (Low priority),5-15%,0.0,0.3,No,No
33012945,33,"Essential Oils, Perfume",CUMIN OIL,0.19,0.35,81.0,1.8,Low,Monitor (Low priority),5-15%,0.0,0.3,No,No
33012946,33,"Essential Oils, Perfume",CELERY SEED OIL,0.0,0.04,9092.3,1.8,Low,Monitor (Low priority),5-15%,0.0,0.3,No,No
33012947,33,"Essential Oils, Perfume",GARLIC 0IL,1.22,1.54,25.6,1.8,Low,Monitor (Low priority),5-15%,0.1,0.3,No,No
33012948,33,"Essential Oils, Perfume",PAPRIKA 0IL,0.0,0.0,,1.0,Low,Monitor (Low priority),5-15%,0.0,0.3,No,No
33012949,33,"Essential Oils, Perfume",TURMERIC OIL,2.12,2.79,31.6,1.8,Low,Monitor (Low priority),5-15%,0.1,0.3,No,No
33012950,33,"Essential Oils, Perfume","SPICES OIL,N.E.S.",1.16,1.89,62.1,1.8,Low,Monitor (Low priority),5-15%,0.1,0.3,No,No
33012990,33,"Essential Oils, Perfume",OTHERS-OF-OTHER ESSENTIAL OILS OTHER THAN THOSE OF CITRUS FRUIT,27.58,32.57,18.1,1.5,Low,Monitor (Low priority),5-15%,1.6,0.3,No,No
33013010,33,"Essential Oils, Perfume",AGAR OIL,0.4,0.99,148.7,1.8,Low,Monitor (Low priority),5-15%,0.0,0.3,No,No
33013091,33,"Essential Oils, Perfume","FLAVOURING ESSENCES, ALL TYPES, INCLUDING THOSE FOR LIQUORS (RESINO...",0.12,0.15,25.2,1.8,Low,Monitor (Low priority),5-15%,0.0,0.3,No,No
33013099,33,"Essential Oils, Perfume",OTHER RESINOIDS N.E.S.,2.6,2.55,-2.0,1.0,Low,Monitor (Low priority),5-15%,0.1,0.3,No,No
33019011,33,"Essential Oils, Perfume",FENNUGREEK OLEORESINS,0.05,0.12,132.2,1.8,Low,Monitor (Low priority),5-15%,0.0,0.3,No,No
33019012,33,"Essential Oils, Perfume",GINGER OLEORESINS,0.61,0.13,-78.7,1.0,Low,Monitor (Low priority),5-15%,0.0,0.3,No,No
33019013,33,"Essential Oils, Perfume",PEPPER OLEORESINS,7.82,10.29,31.6,1.8,Low,Monitor (Low priority),5-15%,0.5,0.3,No,No
33019014,33,"Essential Oils, Perfume",TURMERIC OLEORESINS,3.69,1.34,-63.8,1.0,Low,Monitor (Low priority),5-15%,0.1,0.3,No,No
33019015,33,"Essential Oils, Perfume",CARDAMOM OLEORESINS,0.03,0.0,-95.9,1.0,Low,Monitor (Low priority),5-15%,0.0,0.3,No,No
33019016,33,"Essential Oils, Perfume",CELERY SEED OLEORESINS,0.0,0.01,1148.4,1.8,Low,Monitor (Low priority),5-15%,0.0,0.3,No,No
33019017,33,"Essential Oils, Perfume",NUT MEG OLEORESINS,0.23,0.54,130.7,1.8,Low,Monitor (Low priority),5-15%,0.0,0.3,No,No
33019021,33,"Essential Oils, Perfume",CLOVE OLEORESIN,0.02,0.15,690.4,1.8,Low,Monitor (Low priority),5-15%,0.0,0.3,No,No
33019022,33,"Essential Oils, Perfume",CAPSICUM OLEORESINES,91.51,102.96,12.5,1.8,Low,Monitor (Low priority),5-15%,5.1,0.3,No,No
33019023,33,"Essential Oils, Perfume",CORRIANDER OLEORESIN,0.19,0.35,88.4,1.8,Low,Monitor (Low priority),5-15%,0.0,0.3,No,No
33019024,33,"Essential Oils, Perfume",CUMIN OLEORESIN,0.04,0.01,-83.7,1.0,Low,Monitor (Low priority),5-15%,0.0,0.3,No,No
33019025,33,"Essential Oils, Perfume",FENNEL OLEORESIN,0.01,0.0,,1.0,Low,Monitor (Low priority),5-15%,0.0,0.3,No,No
33019029,33,"Essential Oils, Perfume","OLEORESINES OF SPICES N.E.S.,",18.65,17.55,-5.9,1.0,Low,Monitor (Low priority),5-15%,0.9,0.3,No,No
33019031,33,"Essential Oils, Perfume",ATTARS OF ALL KINDS IN FIXED OIL BASE,0.0,0.02,2250.0,1.8,Low,Monitor (Low priority),5-15%,0.0,0.3,No,No
33019032,33,"Essential Oils, Perfume",MUSTARD OIL AROMA,0.12,0.19,65.9,1.8,Low,Monitor (Low priority),5-15%,0.0,0.3,No,No
33019033,33,"Essential Oils, Perfume",ESSENCE 0F AMBRETT0LIDE (AMBRETTE SEED    0IL ESSENCE),0.0,0.29,5928.6,1.8,Low,Monitor (Low priority),5-15%,0.0,0.3,No,No
33019041,33,"Essential Oils, Perfume","FLAVOURING ESSENCES, ALL TYPES, INCL      THOSEFOR LIQUORS OBTAIN B...",0.23,0.0,,1.0,Low,Monitor (Low priority),5-15%,0.0,0.3,No,No
33019049,33,"Essential Oils, Perfume",OTHR CONC OF ESNL OILS IN FATS/FIXD/WAX   OBTAINED BY COLD ABSORPTI...,2.1,1.98,-5.8,1.0,Low,Monitor (Low priority),5-15%,0.1,0.3,No,No
33019051,33,"Essential Oils, Perfume","FLAVOURING ESSENCES, ALL TYPES, INCL      THOSEFOR LIQUORS (TERPENI...",0.01,0.0,-61.9,1.0,Low,Monitor (Low priority),5-15%,0.0,0.3,No,No
33019059,33,"Essential Oils, Perfume",OTHER TERPENIC BY-PRODUCT,1.28,2.29,78.4,1.8,Low,Monitor (Low priority),5-15%,0.1,0.3,No,No
33019060,33,"Essential Oils, Perfume","AQUEOUS DISTILLATES OF ESSENTIAL OILS, NES",1.09,2.84,160.7,1.8,Low,Monitor (Low priority),5-15%,0.1,0.3,No,No
33019071,33,"Essential Oils, Perfume","FLAVOURING ESSENCES, ALL TYPES, INCL      THOSEFOR LIQUORS (AQUEOUS...",0.19,0.23,17.9,1.5,Low,Monitor (Low priority),5-15%,0.0,0.3,No,No
33019079,33,"Essential Oils, Perfume",OTHER AQUEOUS SOLUTIONS OS ESSENTIAL OILS,2.7,2.52,-6.7,1.0,Low,Monitor (Low priority),5-15%,0.1,0.3,No,No
33019090,33,"Essential Oils, Perfume",OTHR CONC OF ESNL OILS IN FATS/FIXD/WAX   LIKE TRPNC BYPRDCTS OF DE...,11.09,21.48,93.6,1.8,Low,Monitor (Low priority),5-15%,1.1,0.3,No,No
33021010,33,"Essential Oils, Perfume",*SYNTHETIC FLAVOURING ESSENCES,6.31,9.51,50.7,1.8,Low,Monitor (Low priority),5-15%,0.5,0.3,No,No
33021090,33,"Essential Oils, Perfume",*OTHER MXTR OF ODORFRS SBSTNS OF A KIND    USDKIND USD IN FOOD/DRIN...,122.74,113.33,-7.7,1.2,Low,Monitor (Low priority),5-15%,5.7,0.3,No,No
33029011,33,"Essential Oils, Perfume",SYNTHETIC PERFUMERY COMPOUNDS,43.77,54.84,25.3,1.8,Low,Monitor (Low priority),5-15%,2.7,0.3,No,No
33029012,33,"Essential Oils, Perfume",SYNTHETIC ESSENTIAL OILS,1.91,1.78,-6.7,1.0,Low,Monitor (Low priority),5-15%,0.1,0.3,No,No
33029019,33,"Essential Oils, Perfume",OTHER MXTR OF AROMATIC CHEMICALS ANDESSN OIL,2.75,2.88,4.6,1.1,Low,Monitor (Low priority),5-15%,0.1,0.3,No,No
33029020,33,"Essential Oils, Perfume",ALEURITIC ACID,0.47,0.06,-86.8,1.0,Low,Monitor (Low priority),5-15%,0.0,0.3,No,No
33029090,33,"Essential Oils, Perfume",OTHER MIXTRS OF ODORIFRS SUBSTNS   N.E.S.,74.67,87.9,17.7,1.5,Low,Monitor (Low priority),5-15%,4.4,0.3,No,No
33030010,33,"Essential Oils, Perfume",EAU-DE-COLOGNE,46.11,63.67,38.1,1.8,Low,Monitor (Low priority),5-15%,3.2,0.3,No,No
33030020,33,"Essential Oils, Perfume",ROSE WATER,0.01,0.02,143.0,1.8,Low,Monitor (Low priority),5-15%,0.0,0.3,No,No
33030030,33,"Essential Oils, Perfume",KEORA WATER,0.35,0.03,-90.9,1.0,Low,Monitor (Low priority),5-15%,0.0,0.3,No,No
33030040,33,"Essential Oils, Perfume",PERFUMES AND PERFUMERY COMPOUNDS          (EXCL AQS DSTLTS) NOT FOR...,4.77,2.91,-39.0,1.0,Low,Monitor (Low priority),5-15%,0.1,0.3,No,No
33030050,33,"Essential Oils, Perfume",PERFMES CONTNG SPIRIT FOR RETAIL SALE,8.43,9.51,12.9,1.5,Low,Monitor (Low priority),5-15%,0.5,0.3,No,No
33030060,33,"Essential Oils, Perfume",SPIRITUOUS TOILET PREPARATIONS N E S,4.06,4.68,15.4,1.5,Low,Monitor (Low priority),5-15%,0.2,0.3,No,No
33030090,33,"Essential Oils, Perfume",OTHER PERFUME AND TOILET WATERS,116.54,128.04,9.9,1.32,Low,Monitor (Low priority),5-15%,6.4,0.3,No,No
33041000,33,"Essential Oils, Perfume",LIP MAKE UP PREPARATIONS,61.21,71.32,16.5,1.5,Low,Monitor (Low priority),5-15%,3.6,0.3,No,No
33042000,33,"Essential Oils, Perfume",EYE MAKE UP PREPARATIONS,34.51,37.72,9.3,1.1,Low,Monitor (Low priority),5-15%,1.9,0.3,No,No
33043000,33,"Essential Oils, Perfume",MANICURE OR PEDICURE PREPARATIONS,0.76,1.0,32.0,1.8,Low,Monitor (Low priority),5-15%,0.1,0.3,No,No
33049110,33,"Essential Oils, Perfume",POWDER FACE,5.64,8.85,56.8,1.8,Low,Monitor (Low priority),5-15%,0.4,0.3,No,No
33049120,33,"Essential Oils, Perfume",POWDER TALCUM,2.28,2.74,20.2,1.8,Low,Monitor (Low priority),5-15%,0.1,0.3,No,No
33049190,33,"Essential Oils, Perfume",OTHER POWDERS WHETHER OR NOT COMPRESSED,29.57,23.34,-21.1,1.0,Low,Monitor (Low priority),5-15%,1.2,0.3,No,No
33049910,33,"Essential Oils, Perfume",CREAMS FACE (EXCL TURMARIC),53.57,64.22,19.9,1.5,Low,Monitor (Low priority),5-15%,3.2,0.3,No,No
33049920,33,"Essential Oils, Perfume",NAIL POLISH /LACQUERS,2.43,3.74,53.9,1.8,Low,Monitor (Low priority),5-15%,0.2,0.3,No,No
33049930,33,"Essential Oils, Perfume",MOISTURISING LOTION,11.46,12.19,6.4,1.1,Low,Monitor (Low priority),5-15%,0.6,0.3,No,No
33049940,33,"Essential Oils, Perfume","SINDUR,BINDI,KUMKUM",0.48,1.74,263.2,1.8,Low,Monitor (Low priority),5-15%,0.1,0.3,No,No
33049950,33,"Essential Oils, Perfume",TURMERIC PREPARATIONS,0.98,2.11,115.5,1.8,Low,Monitor (Low priority),5-15%,0.1,0.3,No,No
33049990,33,"Essential Oils, Perfume",OTHERS-OF-OTHR BEAUTY/MAKE UP PRPNS NES,241.61,254.54,5.3,1.32,Low,Monitor (Low priority),5-15%,12.7,0.3,No,No
33051010,33,"Essential Oils, Perfume",HAIR SHAMPOOS (SPIRITUOUS),0.39,0.48,22.6,1.8,Low,Monitor (Low priority),5-15%,0.0,0.3,No,No
33051090,33,"Essential Oils, Perfume",HAIR SHAMPOOS (NON-SPIRITUOUS),31.21,39.16,25.5,1.8,Low,Monitor (Low priority),5-15%,2.0,0.3,No,No
33052000,33,"Essential Oils, Perfume",PRPNS FOR PERMNT WAVING OR STRAIGHTENING,2.3,2.74,18.9,1.5,Low,Monitor (Low priority),5-15%,0.1,0.3,No,No
33053000,33,"Essential Oils, Perfume",HAIR LACQUERS,1.74,2.07,18.8,1.5,Low,Monitor (Low priority),5-15%,0.1,0.3,No,No
33059011,33,"Essential Oils, Perfume",PERFUMED HAIR OIL,2.8,3.45,23.2,1.8,Low,Monitor (Low priority),5-15%,0.2,0.3,No,No
33059019,33,"Essential Oils, Perfume",OTHER HAIR OIL,0.76,1.76,130.7,1.8,Low,Monitor (Low priority),5-15%,0.1,0.3,No,No
33059020,33,"Essential Oils, Perfume",BRILLIANTINES (SPIRITUOUS),0.05,0.06,36.6,1.8,Low,Monitor (Low priority),5-15%,0.0,0.3,No,No
33059030,33,"Essential Oils, Perfume",HAIR CREAM,2.42,2.11,-12.8,1.0,Low,Monitor (Low priority),5-15%,0.1,0.3,No,No
33059040,33,"Essential Oils, Perfume","HAIR DYES ( NATURAL,HERBAL 0R SYNTHETIC )",7.8,10.25,31.4,1.8,Low,Monitor (Low priority),5-15%,0.5,0.3,No,No
33059050,33,"Essential Oils, Perfume",HAIR FIXERS,0.31,0.42,35.6,1.8,Low,Monitor (Low priority),5-15%,0.0,0.3,No,No
33059090,33,"Essential Oils, Perfume",OTHR PRPNS FOR USE ON HAIR N.E.S.,54.27,55.75,2.7,1.1,Low,Monitor (Low priority),5-15%,2.8,0.3,No,No
33061010,33,"Essential Oils, Perfume",TOOTH POWDER,6.27,5.29,-15.7,1.0,Low,Monitor (Low priority),5-15%,0.3,0.3,No,No
33061020,33,"Essential Oils, Perfume",TOOTH PASTE,1.42,2.05,44.1,1.8,Low,Monitor (Low priority),5-15%,0.1,0.3,No,No
33061090,33,"Essential Oils, Perfume",OTHER DENTRIFRICES,0.46,0.67,46.4,1.8,Low,Monitor (Low priority),5-15%,0.0,0.3,No,No
33062000,33,"Essential Oils, Perfume",YARN TO CLEAN BETWN TEETH (DNTL FLOSS),1.04,0.95,-8.9,1.0,Low,Monitor (Low priority),5-15%,0.0,0.3,No,No
33069000,33,"Essential Oils, Perfume",OTHR PRPNS ORAL/DENTAL HYGNE,1.58,3.25,106.1,1.8,Low,Monitor (Low priority),5-15%,0.2,0.3,No,No
33071010,33,"Essential Oils, Perfume",SHAVING CREAM,0.82,0.47,-42.9,1.0,Low,Monitor (Low priority),5-15%,0.0,0.3,No,No
33071090,33,"Essential Oils, Perfume",OTHER PRE OR AFTER SHAVE PREPNS,0.57,0.4,-30.8,1.0,Low,Monitor (Low priority),5-15%,0.0,0.3,No,No
33072000,33,"Essential Oils, Perfume",PERSONL DEODORNTS AND ANTIPERSPIRANTS,31.2,27.14,-13.0,1.0,Low,Monitor (Low priority),5-15%,1.4,0.3,No,No
33073010,33,"Essential Oils, Perfume",BATH OIL (THAILAM),0.08,0.07,-10.5,1.0,Low,Monitor (Low priority),5-15%,0.0,0.3,No,No
33073090,33,"Essential Oils, Perfume",OTHR PERFUMD BATH SALTS AND OTHR BATH PRPN,5.08,3.51,-30.8,1.0,Low,Monitor (Low priority),5-15%,0.2,0.3,No,No
33074100,33,"Essential Oils, Perfume",AGARBATTI AND OTHR ODORIFEROUS PRPNS WHICHOPERATE BY BURNIN,0.6,0.49,-18.0,1.0,Low,Monitor (Low priority),5-15%,0.0,0.3,No,No
33074900,33,"Essential Oils, Perfume",OTHER ODORIFEROUS PRPNS USD FOR           DEODORIZING ROOM (EXCL AG...,11.26,13.42,19.2,1.5,Low,Monitor (Low priority),5-15%,0.7,0.3,No,No
33079010,33,"Essential Oils, Perfume","DEPILATORIES(SOAP,OTHER HAIR REMOVING     SUBSTANCES)",0.2,0.4,99.9,1.8,Low,Monitor (Low priority),5-15%,0.0,0.3,No,No
33079020,33,"Essential Oils, Perfume",STERILE CONTACT LENS CARE SOLUTION,3.22,2.84,-11.9,1.0,Low,Monitor (Low priority),5-15%,0.1,0.3,No,No
33079090,33,"Essential Oils, Perfume",OTHER  COSMETIC AND TOILT PRPN N E S,7.98,8.07,1.1,1.1,Low,Monitor (Low priority),5-15%,0.4,0.3,No,No
34011110,34,"Soap, Detergent",MEDICATED SOAPS,0.06,0.01,-82.2,1.0,Low,Monitor (Low priority),5-15%,0.0,0.3,No,No
34011120,34,"Soap, Detergent",SHAVING SOAPS OTHR THN SHAVNG CREAM,0.85,0.08,-90.1,1.0,Low,Monitor (Low priority),5-15%,0.0,0.3,No,No
34011190,34,"Soap, Detergent",OTHR SOAP AND ORGNC SURFACE ACTIVE        PRODUCTFOR TIOLET USE (IN...,6.61,12.43,88.1,1.8,Low,Monitor (Low priority),5-15%,0.6,0.3,No,No
34011911,34,"Soap, Detergent",INDUSTRIAL SOAP  > 500GM IN WEIGHT,0.01,0.01,2.8,1.1,Low,Monitor (Low priority),5-15%,0.0,0.3,No,No
34011919,34,"Soap, Detergent",OTHER BARS AND BLOCKS > 500 GM IN WEIGHT,0.05,0.01,-86.2,1.0,Low,Monitor (Low priority),5-15%,0.0,0.3,No,No
34011920,34,"Soap, Detergent",FLAKES CHIPS AND POWDER,141.3,44.84,-68.3,1.0,Low,Monitor (Low priority),5-15%,2.2,0.3,No,No
34011930,34,"Soap, Detergent",TABLETS AND CAKES,0.0,0.03,2072.0,1.8,Low,Monitor (Low priority),5-15%,0.0,0.3,No,No
34011941,34,"Soap, Detergent",HOUSEHOLD SOAPS,0.0,0.01,1796.1,1.8,Low,Monitor (Low priority),5-15%,0.0,0.3,No,No
34011942,34,"Soap, Detergent",LAUNDRY SOAPS,0.17,0.01,-97.1,1.0,Low,Monitor (Low priority),5-15%,0.0,0.3,No,No
34011990,34,"Soap, Detergent",OTHER HOUSEHOLD AND LAUNDRY SOAPS  NES,0.39,0.54,38.4,1.8,Low,Monitor (Low priority),5-15%,0.0,0.3,No,No
34012000,34,"Soap, Detergent",SOAP IN OTHER FORMS,126.23,103.95,-17.6,1.2,Low,Monitor (Low priority),5-15%,5.2,0.3,No,No
34013011,34,"Soap, Detergent",MEDICATED TOILET SOAPS,0.07,0.06,-14.6,1.0,Low,Monitor (Low priority),5-15%,0.0,0.3,No,No
34013012,34,"Soap, Detergent",SHAVING CREAM AND SHAVING GEL,0.12,0.09,-27.0,1.0,Low,Monitor (Low priority),5-15%,0.0,0.3,No,No
34013019,34,"Soap, Detergent",OTHR ORGANIC SURFACE-ACTIVE PROD(TOILET),7.78,7.56,-2.7,1.0,Low,Monitor (Low priority),5-15%,0.4,0.3,No,No
34013090,34,"Soap, Detergent",OTHER ORGANIC SURFACE-ACTIVE PRODUCT NES,14.81,22.21,50.0,1.8,Low,Monitor (Low priority),5-15%,1.1,0.3,No,No
34023100,34,"Soap, Detergent",LINEAR ALKYLBENZENESULPHONIC ACIDS AND THEIR SALTS (ANIONIC ORGANIC...,3.95,10.29,160.3,1.8,Low,Monitor (Low priority),5-15%,0.5,0.3,No,No
34023900,34,"Soap, Detergent",OTHERS-OF-OTHERS-OF-ORGNC SURFACE-ACTV AGENTS(OTHR THN SOAP)OTHR WA...,53.17,73.18,37.6,1.8,Low,Monitor (Low priority),5-15%,3.7,0.3,No,No
34024100,34,"Soap, Detergent","CATIONIC (OTHER ORGANIC SURFACE ACTIVE AGENTS, W/N PUT UP FOR RETAI...",20.23,17.65,-12.7,1.0,Low,Monitor (Low priority),5-15%,0.9,0.3,No,No
34024200,34,"Soap, Detergent","NON-IONIC (OTHER ORGANIC SURFACE ACTIVE AGENTS, W/N PUT UP FOR RETA...",131.61,136.31,3.6,1.32,Low,Monitor (Low priority),5-15%,6.8,0.3,No,No
34024900,34,"Soap, Detergent",OTHERS-OF-OTHERS-OF-ORGNC SURFACE-ACTV AGENTS(OTHR THN SOAP)OTHR WA...,21.42,25.51,19.1,1.5,Low,Monitor (Low priority),5-15%,1.3,0.3,No,No
34025000,34,"Soap, Detergent",PREPARATIONS PUT UP FOR RETAIL SALE (OTHER ORGANIC SURFACE ACTIVE A...,4.41,4.17,-5.5,1.0,Low,Monitor (Low priority),5-15%,0.2,0.3,No,No
34029011,34,"Soap, Detergent",WASHING AND CLEANING  PREPARATIONS HAVING BASIS OF SOAP/OTHER ORGAN...,12.02,12.89,7.2,1.1,Low,Monitor (Low priority),5-15%,0.6,0.3,No,No
34029012,34,"Soap, Detergent",CLEANING OR DEGREASING PREPN NOT HAVING   BASIS OF SOAP/OTHER ORGAN...,3.2,3.28,2.6,1.1,Low,Monitor (Low priority),5-15%,0.2,0.3,No,No
34029019,34,"Soap, Detergent",OTHER  (SYNTHETIC DETERGENTS),42.62,40.93,-4.0,1.0,Low,Monitor (Low priority),5-15%,2.0,0.3,No,No
34029020,34,"Soap, Detergent","SULPHONATED OR SULPHATED OR OXIDIZED OR   CASTOR ,FISH ,SPARM ,NEAT...",0.67,0.64,-4.3,1.0,Low,Monitor (Low priority),5-15%,0.0,0.3,No,No
34029030,34,"Soap, Detergent",PENETRATORS,0.79,0.93,18.0,1.5,Low,Monitor (Low priority),5-15%,0.0,0.3,No,No
34029041,34,"Soap, Detergent",WASHING AND CLEANING  PREPARATIONS HAVING BASIS OF SOAP/OTHER ORGAN...,0.43,0.31,-27.7,1.0,Low,Monitor (Low priority),5-15%,0.0,0.3,No,No
34029042,34,"Soap, Detergent",CLEANING OR DEGREASING PREPN NOT HAVING   BASIS OF SOAP/OTHER ORGAN...,0.18,0.29,66.4,1.8,Low,Monitor (Low priority),5-15%,0.0,0.3,No,No
34029049,34,"Soap, Detergent",OTHER (WETTING AGENTS),4.4,3.63,-17.6,1.0,Low,Monitor (Low priority),5-15%,0.2,0.3,No,No
34029051,34,"Soap, Detergent",WASHING AND CLEANING  PREPARATIONS HAVING BASIS OF SOAP/OTHER ORGAN...,6.01,6.5,8.1,1.1,Low,Monitor (Low priority),5-15%,0.3,0.3,No,No
34029052,34,"Soap, Detergent",CLEANING OR DEGREASING PREPN NOT HAVING   BASIS OF SOAP/OTHER ORGAN...,0.03,0.02,-21.9,1.0,Low,Monitor (Low priority),5-15%,0.0,0.3,No,No
34029059,34,"Soap, Detergent",OTHER (WASHING PREPARATIONS),5.78,3.7,-36.0,1.0,Low,Monitor (Low priority),5-15%,0.2,0.3,No,No
34029091,34,"Soap, Detergent",WASHING AND CLEANING  PREPARATIONS HAVING BASIS OF SOAP/OTHER ORGAN...,1.39,1.0,-28.5,1.0,Low,Monitor (Low priority),5-15%,0.1,0.3,No,No
34029092,34,"Soap, Detergent",CLEANING OR DEGREASING PREPN NOT HAVING   BASIS OF SOAP/OTHER ORGAN...,1.47,1.22,-17.1,1.0,Low,Monitor (Low priority),5-15%,0.1,0.3,No,No
34029099,34,"Soap, Detergent",OTHER (OTHER PREPARATIONS)  NES,134.09,150.96,12.6,1.8,Low,Monitor (Low priority),5-15%,7.5,0.3,No,No
34031100,34,"Soap, Detergent",PRPNS FOR THE TRTMNT OF TXTL MATRLS       LEATHER FURSKINS/OTHER MA...,49.81,56.35,13.1,1.5,Low,Monitor (Low priority),5-15%,2.8,0.3,No,No
34031900,34,"Soap, Detergent",OTHR PRPNS CNTNG PTRLM OILS/OILS          OBTAINED FROM BITUMINOUS ...,108.05,112.79,4.4,1.32,Low,Monitor (Low priority),5-15%,5.6,0.3,No,No
34039100,34,"Soap, Detergent",OTHR PRPNS FR THE TRTMNT OF TXTLE MATRLS  LEATHER FURSKINS OR OTHER...,73.09,77.56,6.1,1.1,Low,Monitor (Low priority),5-15%,3.9,0.3,No,No
34039900,34,"Soap, Detergent",OTHER LUBRICTNG PREPARATIONS,204.74,220.67,7.8,1.32,Low,Monitor (Low priority),5-15%,11.0,0.3,No,No
34042000,34,"Soap, Detergent",ARTFCL WAXES POLYETHYLENE GLYCOL,94.22,82.99,-11.9,1.0,Low,Monitor (Low priority),5-15%,4.1,0.3,No,No
34049010,34,"Soap, Detergent",SEALING WAX (INCL BOTTLE SEALING WAX)     IN STICKS CAKES OR SIMILA...,1.79,2.37,32.5,1.8,Low,Monitor (Low priority),5-15%,0.1,0.3,No,No
34049020,34,"Soap, Detergent",POLYETHYLENE WAX,60.76,57.77,-4.9,1.0,Low,Monitor (Low priority),5-15%,2.9,0.3,No,No
34049039,34,"Soap, Detergent","OTHER ARTIFICIAL WAXES,PREPARED WAXES NOT EMULSIFIED OR CONTAINING ...",6.29,4.44,-29.5,1.0,Low,Monitor (Low priority),5-15%,0.2,0.3,No,No
34049090,34,"Soap, Detergent",OTHER ARTFCL WAXES AND PREPD WAXES NES.,85.7,79.77,-6.9,1.0,Low,Monitor (Low priority),5-15%,4.0,0.3,No,No
34051000,34,"Soap, Detergent",POLISHES CRMS AND SMLR PRPNS FR FTWEAR/LTHR,4.45,4.5,1.3,1.1,Low,Monitor (Low priority),5-15%,0.2,0.3,No,No
34052000,34,"Soap, Detergent",POLISHS CRMS AND SMLR PRPNS FR THE MANTNANC OF WOODEN FURNITURE FLO...,0.12,0.21,74.3,1.8,Low,Monitor (Low priority),5-15%,0.0,0.3,No,No
34053000,34,"Soap, Detergent",POLISHES AND SMLR PRPNS FR COACHWRK         EXCEPT MTL POLISHES,6.15,7.08,15.0,1.5,Low,Monitor (Low priority),5-15%,0.4,0.3,No,No
34054000,34,"Soap, Detergent","SCOURING PASTES,PWDRS AND OTHR SCRNG PRPNS",2.1,1.54,-26.6,1.0,Low,Monitor (Low priority),5-15%,0.1,0.3,No,No
34059010,34,"Soap, Detergent",P0LISHES AND C0MP0SITI0N F0R APPLICATI0N  T0 METAL INCL DIAM0ND P0L...,1.49,2.08,39.8,1.8,Low,Monitor (Low priority),5-15%,0.1,0.3,No,No
34059090,34,"Soap, Detergent",OTHER POLISHES AND CREAMS,16.15,18.61,15.2,1.5,Low,Monitor (Low priority),5-15%,0.9,0.3,No,No
34060010,34,"Soap, Detergent",CANDLES,2.51,3.21,28.2,1.8,Low,Monitor (Low priority),5-15%,0.2,0.3,No,No
34060090,34,"Soap, Detergent",OTHER CANDLES TAPERS AND THE LIKE,1.44,1.55,7.7,1.1,Low,Monitor (Low priority),5-15%,0.1,0.3,No,No
34070010,34,"Soap, Detergent","MODELLING PASTES, INCLUDING THOSE PUT UP  FOR CHILDREN S AMUSEMENT",1.81,3.1,71.4,1.8,Low,Monitor (Low priority),5-15%,0.2,0.3,No,No
34070090,34,"Soap, Detergent",OTHR MODELING PASTESANDOTHR PRPNS IN        DIFERNTFORM USED IN DEN...,8.21,8.41,2.5,1.1,Low,Monitor (Low priority),5-15%,0.4,0.3,No,No
35011000,35,"Proteins, Adhesives",CASEIN                                    CASEIN DERIVATIVES CASEIN...,1.88,3.61,92.0,3.6,Medium,Tier 3 (Specialty),15-30%,0.5,0.5,No,No
35019000,35,"Proteins, Adhesives",CASEINATE OTHER CASEIN DRVTS ANDCASEIN GLUES,9.75,10.52,8.0,2.2,Medium,Tier 3 (Specialty),15-30%,1.6,0.5,No,No
35021100,35,"Proteins, Adhesives",DRIED (EGG ALBUMIN ),2.69,1.12,-58.4,2.0,Medium,Tier 3 (Specialty),15-30%,0.2,0.5,No,No
35021900,35,"Proteins, Adhesives",OTHER (EGG ALBUMIN ),0.05,0.05,-2.7,2.0,Medium,Tier 3 (Specialty),15-30%,0.0,0.5,No,No
35022000,35,"Proteins, Adhesives",MILK ALBUMIN INCLDNG CONCENTRATES OF TWO  OR MORE WHEY PROTEINS,182.44,305.84,67.6,4.32,Medium,Tier 2.5 (Quick-win),60-75%,183.5,0.8,Yes,No
35029000,35,"Proteins, Adhesives",OTHER ALBUMINATES AND OTHER ALBUMIN DRVTVS,1.61,0.95,-40.8,2.0,Medium,Tier 3 (Specialty),15-30%,0.1,0.5,No,No
35030010,35,"Proteins, Adhesives",ISINGLASS,0.33,0.6,79.1,3.6,Medium,Tier 3 (Specialty),15-30%,0.1,0.5,No,No
35030020,35,"Proteins, Adhesives",GELATIN EDIBLE N.E.S.,7.86,4.96,-36.9,2.0,Medium,Tier 3 (Specialty),15-30%,0.7,0.5,No,No
35030030,35,"Proteins, Adhesives",GLUES DRVD FROM BONES HIDES ETC AND FISHFLUS,0.65,0.48,-26.9,2.0,Medium,Tier 3 (Specialty),15-30%,0.1,0.5,No,No
35030090,35,"Proteins, Adhesives",OTHERS-OF-OTHER ALBUMINATES AND OTHER ALBUMIN DRVTVSGELATIN DRVTVS;...,38.79,34.44,-11.2,2.0,Medium,Tier 3 (Specialty),15-30%,5.2,0.5,No,No
35040010,35,"Proteins, Adhesives",PEPTONE,11.85,18.73,58.0,3.6,Medium,Tier 3 (Specialty),15-30%,2.8,0.5,No,No
35040091,35,"Proteins, Adhesives",ISOLATED SOYA PROTEIN,40.07,49.99,24.8,3.6,Medium,Tier 3 (Specialty),15-30%,7.5,0.5,No,No
35040099,35,"Proteins, Adhesives","OTHR PEPTONES,THEIR DERIVATVS OTHR        PROTEINAND NES/INCLD HIDE...",21.09,29.41,39.5,3.6,Medium,Tier 3 (Specialty),15-30%,4.4,0.5,No,No
35051010,35,"Proteins, Adhesives",ESTERIFIED STARCHES,11.53,11.05,-4.1,2.0,Medium,Tier 3 (Specialty),15-30%,1.7,0.5,No,No
35051090,35,"Proteins, Adhesives",OTHER DEXTRINS AND OTHER MODIFIED STARCHES,74.99,77.99,4.0,2.2,Medium,Tier 3 (Specialty),15-30%,11.7,0.5,No,No
35052000,35,"Proteins, Adhesives",GLUES,10.63,12.83,20.7,3.6,Medium,Tier 3 (Specialty),15-30%,1.9,0.5,No,No
35061000,35,"Proteins, Adhesives",PRDCTS FOR USE AS GLUES/ADHSVS PUT UP FOR RETL SALE AS GLUES/ADHSVS...,42.93,46.9,9.2,2.2,Medium,Tier 3 (Specialty),15-30%,7.0,0.5,No,No
35069110,35,"Proteins, Adhesives","BASED ON LATEX, PHENOL FORMALDEHYDE (PF), UREA FORMALDEHYDE (UF) AN...",2.92,2.17,-25.7,2.0,Medium,Tier 3 (Specialty),15-30%,0.3,0.5,No,No
35069190,35,"Proteins, Adhesives",OTHER ADHESIVES BASED ON POLYMERS OF      HDING3901 TO 3913 OR ON R...,165.41,181.52,9.7,2.64,Medium,Tier 3 (Specialty),15-30%,27.2,0.5,No,No
35069910,35,"Proteins, Adhesives",SYNTHETIC GLUE WITH PHENOL UREA/CRESOL(   WTH(WTH FORMALDEHYDE) AS ...,4.04,4.44,9.9,2.2,Medium,Tier 3 (Specialty),15-30%,0.7,0.5,No,No
35069991,35,"Proteins, Adhesives","BASED ON STARCH, GUM, LATEX, PF, UF AND PVA",0.39,0.48,23.1,3.6,Medium,Tier 3 (Specialty),15-30%,0.1,0.5,No,No
35069999,35,"Proteins, Adhesives",OTHR PRPD GLUES AND OTHR ADHSVS NES,147.08,167.75,14.1,3.6,Medium,Tier 2.5 (Quick-win),60-75%,100.6,0.8,Yes,No
35071019,35,"Proteins, Adhesives",OTHER RENNET (MICROBIAL),0.0,0.0,,2.0,Medium,Tier 3 (Specialty),15-30%,0.0,0.5,No,No
35071099,35,"Proteins, Adhesives",OTHER RENETS AND CONCENTRATION THEREOF,0.0,0.0,-69.0,2.0,Medium,Tier 3 (Specialty),15-30%,0.0,0.5,No,No
35079010,35,"Proteins, Adhesives",INDUSTRIAL ENZYMES(TEXTILE ASSISTANT),15.09,14.38,-4.7,2.0,Medium,Tier 3 (Specialty),15-30%,2.2,0.5,No,No
35079020,35,"Proteins, Adhesives",PANCRETIN PURE (EXCLUDING MEDICAMENT),1.02,2.0,95.2,3.6,Medium,Tier 3 (Specialty),15-30%,0.3,0.5,No,No
35079030,35,"Proteins, Adhesives",PEPSIN(EXCLUDING MEDICAMENT),3.21,0.97,-69.9,2.0,Medium,Tier 3 (Specialty),15-30%,0.1,0.5,No,No
35079040,35,"Proteins, Adhesives",PECTIN ESTERASES PURE,0.0,0.0,,2.0,Medium,Tier 3 (Specialty),15-30%,0.0,0.5,No,No
35079050,35,"Proteins, Adhesives",PECTOLYTIC ENZYME (PECTIMASE),0.02,0.0,,2.0,Medium,Tier 3 (Specialty),15-30%,0.0,0.5,No,No
35079061,35,"Proteins, Adhesives",STREPT0KINASE,0.59,0.31,-48.3,2.0,Medium,Tier 3 (Specialty),15-30%,0.0,0.5,No,No
35079062,35,"Proteins, Adhesives",AMYLASES ENZYMES,7.77,12.3,58.3,3.6,Medium,Tier 3 (Specialty),15-30%,1.8,0.5,No,No
35079069,35,"Proteins, Adhesives",OTHER ENZYMES OF MICROBIAL  ORIGIN NES,63.87,89.93,40.8,3.6,Medium,Tier 2.5 (Quick-win),60-75%,54.0,0.8,Yes,No
35079071,35,"Proteins, Adhesives","PAPAIN,PURE ( PHARMACUTICAL GRADE )",0.0,0.07,3811.9,3.6,Medium,Tier 3 (Specialty),15-30%,0.0,0.5,No,No
35079079,35,"Proteins, Adhesives",OTHER ENZYMES OF PHARMACEUTICAL USE,12.62,17.32,37.2,3.6,Medium,Tier 3 (Specialty),15-30%,2.6,0.5,No,No
35079091,35,"Proteins, Adhesives",ENZYMATIC PRPNS CNTNG FOOD STUFFS,39.07,42.41,8.6,2.2,Medium,Tier 3 (Specialty),15-30%,6.4,0.5,No,No
35079099,35,"Proteins, Adhesives",OTHR ENZYMES PREPARED ENZYMES NES,51.33,53.41,4.1,2.2,Medium,Tier 3 (Specialty),15-30%,8.0,0.5,No,No
36010020,36,"Explosives, Pyrotechnics",GUN POWDER,0.0,0.0,,1.0,Low,Monitor (Low priority),5-15%,0.0,0.3,No,No
36010090,36,"Explosives, Pyrotechnics","PROPELLENT POWDERS,NES",5.2,10.86,109.0,1.8,Low,Monitor (Low priority),5-15%,0.5,0.3,No,No
36020010,36,"Explosives, Pyrotechnics",INDUSTRIAL EXPLOSIVES PERMITTED TYPES,1.35,1.35,-0.3,1.0,Low,Monitor (Low priority),5-15%,0.1,0.3,No,No
36020090,36,"Explosives, Pyrotechnics",OTHER PRPD EXPLOSIVS,5.18,3.01,-41.9,1.0,Low,Monitor (Low priority),5-15%,0.2,0.3,No,No
36031000,36,"Explosives, Pyrotechnics",SAFETY FUSES,0.02,0.05,221.4,1.8,Low,Monitor (Low priority),5-15%,0.0,0.3,No,No
36032000,36,"Explosives, Pyrotechnics",DETONATING CORDS,0.49,0.49,-0.4,1.0,Low,Monitor (Low priority),5-15%,0.0,0.3,No,No
36033000,36,"Explosives, Pyrotechnics",PERCUSSION CAPS,0.98,0.85,-13.6,1.0,Low,Monitor (Low priority),5-15%,0.0,0.3,No,No
36034000,36,"Explosives, Pyrotechnics",DETONATING CAPS,0.0,0.0,,1.0,Low,Monitor (Low priority),5-15%,0.0,0.3,No,No
36035000,36,"Explosives, Pyrotechnics",IGNITERS,3.63,9.56,163.6,1.8,Low,Monitor (Low priority),5-15%,0.5,0.3,No,No
36036000,36,"Explosives, Pyrotechnics",ELECTRIC  DETONATORS,0.92,0.51,-44.4,1.0,Low,Monitor (Low priority),5-15%,0.0,0.3,No,No
36049010,36,"Explosives, Pyrotechnics",SHIP SIGNALS VERY FLARE,0.66,0.86,30.4,1.8,Low,Monitor (Low priority),5-15%,0.0,0.3,No,No
36049090,36,"Explosives, Pyrotechnics",OTHERS EXCL FIREWORKS AND SHIP SIGNALS,4.12,2.47,-40.1,1.0,Low,Monitor (Low priority),5-15%,0.1,0.3,No,No
36050010,36,"Explosives, Pyrotechnics",MATCHES SAFETY,0.0,0.04,,1.0,Low,Monitor (Low priority),5-15%,0.0,0.3,No,No
36050090,36,"Explosives, Pyrotechnics",OTHERS-OF-MTCHS EXCL PYRTCHNC ARTCLS OF HDNG NO 3604,0.0,0.0,,1.0,Low,Monitor (Low priority),5-15%,0.0,0.3,No,No
36061000,36,"Explosives, Pyrotechnics",LQD/LQFD-GAS FUELS USD FOR FLLNG/REFLLNG  CIGARETTE/SMLR LIGHTRS AN...,1.02,1.12,10.0,1.1,Low,Monitor (Low priority),5-15%,0.1,0.3,No,No
36069092,36,"Explosives, Pyrotechnics","PYROPHORIC ALLOYS, IN ALL FORMS",0.01,0.0,,1.0,Low,Monitor (Low priority),5-15%,0.0,0.3,No,No
36069099,36,"Explosives, Pyrotechnics",OTHER FERRO-CERIUM AND PYROPHORIC ALLOYS IN OTHR FORMS AND OTHR ART...,0.0,0.01,,1.0,Low,Monitor (Low priority),5-15%,0.0,0.3,No,No
37011010,37,Photography Chemicals,X-RAY FLMS AND PLATS FOR MEDICAL IN FLAT,107.08,108.18,1.0,1.32,Low,Monitor (Low priority),5-15%,5.4,0.3,No,No
37011090,37,Photography Chemicals,X-RAY FLMS AND PLATS OTHR THN MEDICAL IN FLT,6.18,6.77,9.6,1.1,Low,Monitor (Low priority),5-15%,0.3,0.3,No,No
37012000,37,Photography Chemicals,INSTANT PRINT FILM IN FLAT,4.51,5.93,31.4,1.8,Low,Monitor (Low priority),5-15%,0.3,0.3,No,No
37013000,37,Photography Chemicals,OTHR PLATS AND FLM WTH ANY SIDE EXCLDING  255 MM IN FLAT,45.2,49.52,9.6,1.1,Low,Monitor (Low priority),5-15%,2.5,0.3,No,No
37019190,37,Photography Chemicals,OTHR FOR COLR PHOTOGRAPHY(POLYCHROM) NES,0.14,0.08,-38.4,1.0,Low,Monitor (Low priority),5-15%,0.0,0.3,No,No
37019910,37,Photography Chemicals,CINEMATOGRAPHIC FILM  FOR OTHER USE,0.0,0.0,335.3,1.8,Low,Monitor (Low priority),5-15%,0.0,0.3,No,No
37019990,37,Photography Chemicals,OTHR PHOTOGRAPHIC PLATEANDFILMS IN FLAT  NES,4.6,3.96,-13.9,1.0,Low,Monitor (Low priority),5-15%,0.2,0.3,No,No
37021000,37,Photography Chemicals,PHOTOGHY FLM ETC IN ROLLS FOR X-RAY,9.97,10.62,6.5,1.1,Low,Monitor (Low priority),5-15%,0.5,0.3,No,No
37023190,37,Photography Chemicals,OTHR FOR COLR PHOTOGRAPHY(POLYCHROM)         WIDTH <=105 MM,0.18,0.24,32.0,1.8,Low,Monitor (Low priority),5-15%,0.0,0.3,No,No
37023210,37,Photography Chemicals,CINEMATOGRAPHIC FILM -SILVER HALIDE       EMULSNWIDTH <=105 MM,0.0,0.0,3006.6,1.8,Low,Monitor (Low priority),5-15%,0.0,0.3,No,No
37023290,37,Photography Chemicals,OTHER FILM -SILVER HALIDE EMULSION        WIDTH <=105 MM,0.79,0.69,-12.2,1.0,Low,Monitor (Low priority),5-15%,0.0,0.3,No,No
37023990,37,Photography Chemicals,OTHER FILM WIDTH <=105MM,1.91,1.89,-1.1,1.0,Low,Monitor (Low priority),5-15%,0.1,0.3,No,No
37024210,37,Photography Chemicals,PHOTOGRAPHIC FILM  WIDTH 620 MM IN ROLES,0.0,0.02,,1.0,Low,Monitor (Low priority),5-15%,0.0,0.3,No,No
37024290,37,Photography Chemicals,OTHER FILM WIDTH >610MM AND LENGTH >200M,4.37,0.91,-79.2,1.0,Low,Monitor (Low priority),5-15%,0.0,0.3,No,No
37024320,37,Photography Chemicals,CINEMATOGRAPHIC FILM WIDTH EXCEEDNG       610MM AND OF A LNGTH NT E...,0.0,0.0,,1.0,Low,Monitor (Low priority),5-15%,0.0,0.3,No,No
37024390,37,Photography Chemicals,OTHER FILM WIDTH >610MM AND LENGTH <=200M,0.13,1.71,1200.7,1.8,Low,Monitor (Low priority),5-15%,0.1,0.3,No,No
37024420,37,Photography Chemicals,CINEMATOGRAPHIC FILM WIDTH >105MM AND<=610MM,0.0,0.0,,1.0,Low,Monitor (Low priority),5-15%,0.0,0.3,No,No
37024490,37,Photography Chemicals,OTHER FILM WIDTH >105MM AND<=610MM,4.97,6.56,32.0,1.8,Low,Monitor (Low priority),5-15%,0.3,0.3,No,No
37025210,37,Photography Chemicals,FINISHED ROLLS OF CINEMATOGRAPHIC         POSITIVEOF A WIDTH <=16MM...,0.0,0.0,,1.0,Low,Monitor (Low priority),5-15%,0.0,0.3,No,No
37025290,37,Photography Chemicals,OTHER FILM WIDTH <=16MM AND LENGTH >14M,0.0,0.0,,1.0,Low,Monitor (Low priority),5-15%,0.0,0.3,No,No
37025300,37,Photography Chemicals,OTHR FLM FR COLR PHOTGRPHY OF WDTH> 16MM  BUT <OR=35MM AND LNGTH <=...,0.0,0.0,,1.0,Low,Monitor (Low priority),5-15%,0.0,0.3,No,No
37025410,37,Photography Chemicals,FINISH ROLS CINEMATOGRAPHIC POSITIVE      WIDTH>16MM AND<=35MM ANDL...,0.02,0.02,-15.0,1.0,Low,Monitor (Low priority),5-15%,0.0,0.3,No,No
37025490,37,Photography Chemicals,OTHER FILM WIDTH >16MM BUT <=35MM AND       LENGTH<=30M FOR NON SLIDES,0.0,0.0,,1.0,Low,Monitor (Low priority),5-15%,0.0,0.3,No,No
37025590,37,Photography Chemicals,OTHER FILM WIDTH >16MM AND<=35MM AND LENG >30M,0.04,0.0,,1.0,Low,Monitor (Low priority),5-15%,0.0,0.3,No,No
37025690,37,Photography Chemicals,OTHER FILM  WIDTH > 35MM,0.07,0.07,3.2,1.1,Low,Monitor (Low priority),5-15%,0.0,0.3,No,No
37029611,37,Photography Chemicals,NOT EXCEEDING 16 MM,0.01,0.0,-88.2,1.0,Low,Monitor (Low priority),5-15%,0.0,0.3,No,No
37029619,37,Photography Chemicals,OTHER CINEMATOGRAPHIC FILMS,0.05,0.02,-69.8,1.0,Low,Monitor (Low priority),5-15%,0.0,0.3,No,No
37029711,37,Photography Chemicals,NOT EXCEEDING 16 MM,0.0,0.03,,1.0,Low,Monitor (Low priority),5-15%,0.0,0.3,No,No
37029719,37,Photography Chemicals,OTHER CINEMATOGRAPHIC FILMS,0.0,0.83,71840.0,1.8,Low,Monitor (Low priority),5-15%,0.0,0.3,No,No
37029810,37,Photography Chemicals,CINEMATOGRAPHIC FILM,0.0,0.18,28162.0,1.8,Low,Monitor (Low priority),5-15%,0.0,0.3,No,No
37029890,37,Photography Chemicals,OTHER CINEMATOGRAPHIC FILMS,2.02,1.84,-9.1,1.0,Low,Monitor (Low priority),5-15%,0.1,0.3,No,No
37031010,37,Photography Chemicals,PHOTOGRAPHIC PAPER/PAPERBOARD  WIDTH>610MM,0.01,0.0,-67.7,1.0,Low,Monitor (Low priority),5-15%,0.0,0.3,No,No
37032010,37,Photography Chemicals,PHOTOGRAPHIC PAPR/PAPRBOARD COLR PHOTGRPHY,15.82,14.89,-5.9,1.0,Low,Monitor (Low priority),5-15%,0.7,0.3,No,No
37032020,37,Photography Chemicals,TEXTILES FOR COLR PHOTGRPHY,0.0,0.0,,1.0,Low,Monitor (Low priority),5-15%,0.0,0.3,No,No
37039010,37,Photography Chemicals,OTHER PHOTOGRAPHIC PAPER OR PAPERBOARD,0.09,0.12,36.0,1.8,Low,Monitor (Low priority),5-15%,0.0,0.3,No,No
37039020,37,Photography Chemicals,OTHER TEXTILES,0.0,0.0,85.7,1.8,Low,Monitor (Low priority),5-15%,0.0,0.3,No,No
37040010,37,Photography Chemicals,PHOT PAPR PAPRBRD EXPOSED NOT DEVLOPED,0.04,0.07,63.5,1.8,Low,Monitor (Low priority),5-15%,0.0,0.3,No,No
37040020,37,Photography Chemicals,CINEMATOGRAPHIC PLTSANDFLM EXPSD NT DVLPD   DEVELOPED,0.0,0.0,17.2,1.5,Low,Monitor (Low priority),5-15%,0.0,0.3,No,No
37040090,37,Photography Chemicals,OTHERS PHOT PLTS AND FLMS EXPOSED NOT DEVLOP,0.01,0.01,-18.6,1.0,Low,Monitor (Low priority),5-15%,0.0,0.3,No,No
37050000,37,Photography Chemicals,"PHOTOGRAPHIC PLATES AND FILM, EXPOSED AND DEVELOPED OTH THN CINEMAT...",0.09,0.15,60.9,1.8,Low,Monitor (Low priority),5-15%,0.0,0.3,No,No
37061020,37,Photography Chemicals,"DOCUMENTRY SHORTS, AND FILMS CERTIFIED BY   CENTRAL BOARD FILM CERT...",0.0,0.0,,1.0,Low,Monitor (Low priority),5-15%,0.0,0.3,No,No
37061099,37,Photography Chemicals,OTHER FILMS WIDTH >= 35MM N.E.S.,0.0,0.02,,1.0,Low,Monitor (Low priority),5-15%,0.0,0.3,No,No
37069059,37,Photography Chemicals,OTHER CHILDREN FILM,0.0,0.0,,1.0,Low,Monitor (Low priority),5-15%,0.0,0.3,No,No
37071000,37,Photography Chemicals,SENSITISED EMULSIONS,0.5,0.63,24.6,1.8,Low,Monitor (Low priority),5-15%,0.0,0.3,No,No
37079010,37,Photography Chemicals,CHMCL PRDCTS MXD/CMPNDED FR PHOT USES     (FR EXMPL DVLPS AND FIXER...,5.45,7.76,42.4,1.8,Low,Monitor (Low priority),5-15%,0.4,0.3,No,No
37079090,37,Photography Chemicals,OTHR CHMCL PRPRNS FR PHOTGRPHC USES NES,20.13,15.11,-24.9,1.0,Low,Monitor (Low priority),5-15%,0.8,0.3,No,No
38011000,38,Miscellaneous Chemicals,ARTIFICIAL GRAPHITE,58.49,70.36,20.3,3.6,Medium,Tier 2.5 (Quick-win),60-75%,42.2,0.8,Yes,No
38012000,38,Miscellaneous Chemicals,COLLOIDAL/SEMI-COLLOIDAL GRAPHITE,3.84,4.33,12.7,3.0,Medium,Tier 3 (Specialty),15-30%,0.6,0.5,No,No
38013000,38,Miscellaneous Chemicals,CRBNCEOUS PSTS FR ELECTRDS AND FURNCE LINEGS,14.89,28.48,91.2,3.6,Medium,Tier 3 (Specialty),15-30%,4.3,0.5,No,No
38019000,38,Miscellaneous Chemicals,OTHER (GRAPHITE BASED PREPARATIONS),50.4,38.32,-24.0,2.0,Medium,Tier 3 (Specialty),15-30%,5.7,0.5,No,No
38021000,38,Miscellaneous Chemicals,ACTIVATED CARBON,71.55,73.7,3.0,2.2,Medium,Tier 3 (Specialty),15-30%,11.1,0.5,No,No
38029011,38,Miscellaneous Chemicals,ACTIVATED ALUMINA,2.88,5.04,75.1,3.6,Medium,Tier 3 (Specialty),15-30%,0.8,0.5,No,No
38029019,38,Miscellaneous Chemicals,OTHER ACTVTD NATRL MNRL PRDCTS,27.22,24.97,-8.3,2.0,Medium,Tier 3 (Specialty),15-30%,3.7,0.5,No,No
38029020,38,Miscellaneous Chemicals,ANML BLCK(BON BLCK AND IVRY BLCK)INCL SPNT,0.45,0.12,-72.8,2.0,Medium,Tier 3 (Specialty),15-30%,0.0,0.5,No,No
38030000,38,Miscellaneous Chemicals,TALL OIL WHETHER OR NOT REFINED,1.41,1.62,15.1,3.0,Medium,Tier 3 (Specialty),15-30%,0.2,0.5,No,No
38040010,38,Miscellaneous Chemicals,LIGNIN SULPHONATES,43.45,45.7,5.2,2.2,Medium,Tier 3 (Specialty),15-30%,6.9,0.5,No,No
38040090,38,Miscellaneous Chemicals,OTHER RESIDUAL LYES,18.14,12.89,-28.9,2.0,Medium,Tier 3 (Specialty),15-30%,1.9,0.5,No,No
38051010,38,Miscellaneous Chemicals,WOOD TURPENTINE OIL AND SPIRIT OF TURPENTINE,0.39,0.1,-75.0,2.0,Medium,Tier 3 (Specialty),15-30%,0.0,0.5,No,No
38051020,38,Miscellaneous Chemicals,GUM TURPENTINE OIL,123.45,150.7,22.1,4.32,Medium,Tier 2.5 (Quick-win),60-75%,90.4,0.8,Yes,No
38051030,38,Miscellaneous Chemicals,SULPHATE TURPENTINE OIL,32.38,32.24,-0.4,2.0,Medium,Tier 3 (Specialty),15-30%,4.8,0.5,No,No
38059010,38,Miscellaneous Chemicals,TERPENIC OILS PRODUCED BY THE DISTILLATION OR OTHER TREATMENT OF CO...,0.12,0.02,-84.9,2.0,Medium,Tier 3 (Specialty),15-30%,0.0,0.5,No,No
38059030,38,Miscellaneous Chemicals,SULPHATE TURPENTINE,0.0,0.0,,2.0,Medium,Tier 3 (Specialty),15-30%,0.0,0.5,No,No
38059090,38,Miscellaneous Chemicals,OTHER (CRUDE DIPENTINE ETC) NES,2.96,5.62,90.1,3.6,Medium,Tier 3 (Specialty),15-30%,0.8,0.5,No,No
38061010,38,Miscellaneous Chemicals,GUM ROSIN,46.76,49.78,6.5,2.2,Medium,Tier 3 (Specialty),15-30%,7.5,0.5,No,No
38061090,38,Miscellaneous Chemicals,OTHER ROSIN AND RESIN ACIDS,18.11,21.48,18.6,3.0,Medium,Tier 3 (Specialty),15-30%,3.2,0.5,No,No
38062000,38,Miscellaneous Chemicals,SALTS OF ROSIN OR OF RESIN ACIDS OR OF    DRVTVS OF ROSIN/RESN ACID...,5.17,3.77,-27.2,2.0,Medium,Tier 3 (Specialty),15-30%,0.6,0.5,No,No
38063000,38,Miscellaneous Chemicals,ESTER GUMS,7.65,7.07,-7.5,2.0,Medium,Tier 3 (Specialty),15-30%,1.1,0.5,No,No
38069010,38,Miscellaneous Chemicals,RUN GUMS,0.02,0.06,183.0,3.6,Medium,Tier 3 (Specialty),15-30%,0.0,0.5,No,No
38069090,38,Miscellaneous Chemicals,"OTHER (RUN GUMS, ROSIN SPIRITS ETC) NES",16.35,17.39,6.4,2.2,Medium,Tier 3 (Specialty),15-30%,2.6,0.5,No,No
38070010,38,Miscellaneous Chemicals,WOOD TAR (HARD WOOD TAR),0.04,0.12,211.3,3.6,Medium,Tier 3 (Specialty),15-30%,0.0,0.5,No,No
38070020,38,Miscellaneous Chemicals,WOOD TAR OILS (OTHR THN COMPST SLVNTS AND   THNNRS) WOOD CREOST-WOO...,0.06,0.05,-16.5,2.0,Medium,Tier 3 (Specialty),15-30%,0.0,0.5,No,No
38070030,38,Miscellaneous Chemicals,VGTBL PTCH OF ALL KNDS-BRWRS PTCH AND SMLR  CMPNDS BSD ON ROSN/VGTB...,0.07,1.1,1560.8,3.6,Medium,Tier 3 (Specialty),15-30%,0.2,0.5,No,No
38085900,38,Miscellaneous Chemicals,"OTHERS-OF-OTHERS-OF-INSCTCDS,RDNTCDS,FNGCDS,HRBCDS,ANTSPROUTNGPRDCT...",0.01,1.38,15631.1,3.6,Medium,Tier 3 (Specialty),15-30%,0.2,0.5,No,No
38086100,38,Miscellaneous Chemicals,IN PACKINGS OF A NET WEIGHT CONTENT NOT EXCEEDING 300 G,0.0,0.0,-73.8,2.0,Medium,Tier 3 (Specialty),15-30%,0.0,0.5,No,No
38086200,38,Miscellaneous Chemicals,IN PACKINGS OF A NET WEIGHT CONTENT  EXCEEDING 300 G BUT NOT EXCEED...,0.0,0.0,,2.0,Medium,Tier 3 (Specialty),15-30%,0.0,0.5,No,No
38086900,38,Miscellaneous Chemicals,"OTHERS-OF-OTHERS-OF-INSCTCDS,RDNTCDS,FNGCDS,HRBCDS,ANTSPROUTNGPRDCT...",23.97,33.44,39.5,3.6,Medium,Tier 3 (Specialty),15-30%,5.0,0.5,No,No
38089111,38,Miscellaneous Chemicals,ALUMINIUM PHOSPHATE (E.G. PHOSTOXIN),9.46,5.84,-38.2,2.0,Medium,Tier 3 (Specialty),15-30%,0.9,0.5,No,No
38089113,38,Miscellaneous Chemicals,D.D.V.P(DIMETHYL-DICHLORO-VINYL-PHOSPHATE),0.0,0.0,67.6,3.6,Medium,Tier 3 (Specialty),15-30%,0.0,0.5,No,No
38089122,38,Miscellaneous Chemicals,METHYL BROMIDE,0.19,0.38,97.6,3.6,Medium,Tier 3 (Specialty),15-30%,0.1,0.5,No,No
38089123,38,Miscellaneous Chemicals,DIMETHOATE TECHNICAL,0.36,0.24,-32.2,2.0,Medium,Tier 3 (Specialty),15-30%,0.0,0.5,No,No
38089131,38,Miscellaneous Chemicals,ENDOSULPHAN TECHNICAL,0.0,0.08,4157.9,3.6,Medium,Tier 3 (Specialty),15-30%,0.0,0.5,No,No
38089135,38,Miscellaneous Chemicals,CIPERMETHRIN TECHNICAL,0.72,0.0,,2.0,Medium,Tier 3 (Specialty),15-30%,0.0,0.5,No,No
38089137,38,Miscellaneous Chemicals,SYNTHETIC PYRETHRUM,0.01,0.0,-99.1,2.0,Medium,Tier 3 (Specialty),15-30%,0.0,0.5,No,No
38089141,38,Miscellaneous Chemicals,Goods specified in Supplementary Note 1 to this Chapter,132.48,101.72,-23.2,2.4,Medium,Tier 3 (Specialty),15-30%,15.3,0.5,No,No
38089142,38,Miscellaneous Chemicals,Goods specified in Supplementary Note 2 to this Chapter,21.53,58.24,170.5,3.6,Medium,Tier 2.5 (Quick-win),60-75%,34.9,0.8,Yes,No
38089152,38,Miscellaneous Chemicals,Goods specified in Supplementary Note 4 to this Chapter,0.77,0.0,,2.0,Medium,Tier 3 (Specialty),15-30%,0.0,0.5,No,No
38089191,38,Miscellaneous Chemicals,"REPELANT FOR INSECTS SUCH AS FLIES,MOSQUTO",0.09,0.03,-63.1,2.0,Medium,Tier 3 (Specialty),15-30%,0.0,0.5,No,No
38089192,38,Miscellaneous Chemicals,PAPER IMPREGNATED/COATED WITH INSECTICIDE,0.0,0.0,2497.4,3.6,Medium,Tier 3 (Specialty),15-30%,0.0,0.5,No,No
38089199,38,Miscellaneous Chemicals,OTHER INSECTICIDE NES,430.94,381.07,-11.6,2.4,Medium,Tier 3 (Specialty),15-30%,57.2,0.5,No,No
38089210,38,Miscellaneous Chemicals,MANEB,0.0,0.0,,2.0,Medium,Tier 3 (Specialty),15-30%,0.0,0.5,No,No
38089220,38,Miscellaneous Chemicals,SODIUM PENTA CHLOROPHENATE (SANTOBRITE),0.0,0.0,,2.0,Medium,Tier 3 (Specialty),15-30%,0.0,0.5,No,No
38089230,38,Miscellaneous Chemicals,THIRAM (TETRAMETHYL THIRAM DISULPHIDE),2.3,1.23,-46.3,2.0,Medium,Tier 3 (Specialty),15-30%,0.2,0.5,No,No
38089250,38,Miscellaneous Chemicals,COPPER OXYCHLORIDE,0.0,0.02,38995.1,3.6,Medium,Tier 3 (Specialty),15-30%,0.0,0.5,No,No
38089260,38,Miscellaneous Chemicals,Goods specified in Supplementary Note 5 to this Chapter,21.03,48.15,128.9,3.6,Medium,Tier 3 (Specialty),15-30%,7.2,0.5,No,No
38089280,38,Miscellaneous Chemicals,"AMETRCTRDIN,AMISLBRM,AUREOFNGN,AZOXYSTRBN,BENLXYL,BENLXYL M,BOSCLD,...",0.0,99.12,,2.0,Medium,Tier 3 (Specialty),15-30%,14.9,0.5,No,No
38089290,38,Miscellaneous Chemicals,*OTHERS FUNGICIDE NES,364.61,0.0,,2.0,Medium,Tier 3 (Specialty),15-30%,0.0,0.5,No,No
38089291,38,Miscellaneous Chemicals,CONTAINING BROMOMETHANE(METHYL BROMIDE)/BROMOCHLOROMETHANE,0.0,0.85,,2.0,Medium,Tier 3 (Specialty),15-30%,0.1,0.5,No,No
38089299,38,Miscellaneous Chemicals,OTHERS-OF-FUNGICIDES:,0.0,237.12,,2.4,Medium,Tier 3 (Specialty),15-30%,35.6,0.5,No,No
38089310,38,Miscellaneous Chemicals,CHLOROMETHYL PHENOXY ACETIC ACID (M.C.P.A),0.15,0.21,34.2,3.6,Medium,Tier 3 (Specialty),15-30%,0.0,0.5,No,No
38089320,38,Miscellaneous Chemicals,2:4 DICHLOROPHENOXY ACTC ACD AND ITS ESTERS,1.22,0.0,-100.0,2.0,Medium,Tier 3 (Specialty),15-30%,0.0,0.5,No,No
38089330,38,Miscellaneous Chemicals,GIBBERELLIC ACID (GA ACID),13.76,11.27,-18.1,2.0,Medium,Tier 3 (Specialty),15-30%,1.7,0.5,No,No
38089340,38,Miscellaneous Chemicals,*PLANT-GROWTH REGULATORS,33.24,0.0,,2.0,Medium,Tier 3 (Specialty),15-30%,0.0,0.5,No,No
38089341,38,Miscellaneous Chemicals,"ALPHANAPHTHYL ACETIC ACID,CHLORMEQUAT CHLORIDE,ETHEPHON,MEPIQUAT CH...",0.0,2.93,,2.0,Medium,Tier 3 (Specialty),15-30%,0.4,0.5,No,No
38089342,38,Miscellaneous Chemicals,1-MTHL CYCLPRPNE;6-BNZYLADNIN;CYCLNLDE;FORCHLROFNRON;PACLOBTRZL;PRH...,0.0,1.2,,2.0,Medium,Tier 3 (Specialty),15-30%,0.2,0.5,No,No
38089349,38,Miscellaneous Chemicals,"OTHERS-OF-HERBICIDES, ANTI-SPROUTING PRODUCTS AND PLANT-GROWTH REGU...",0.0,26.75,,2.0,Medium,Tier 3 (Specialty),15-30%,4.0,0.5,No,No
38089350,38,Miscellaneous Chemicals,WEEDICIDES AND WEED KILLING AGENTS,71.82,58.04,-19.2,2.0,Medium,Tier 3 (Specialty),15-30%,8.7,0.5,No,No
38089361,38,Miscellaneous Chemicals,Goods specified in Supplementary Note 7 to this Chapter,46.18,65.13,41.0,3.6,Medium,Tier 2.5 (Quick-win),60-75%,39.1,0.8,Yes,No
38089362,38,Miscellaneous Chemicals,Goods specified in Supplementary Note 8 to this Chapter,6.28,58.26,827.0,3.6,Medium,Tier 2.5 (Quick-win),60-75%,35.0,0.8,Yes,No
38089371,38,Miscellaneous Chemicals,Goods specified in Supplementary Note 9 to this Chapter,1.3,0.66,-49.3,2.0,Medium,Tier 3 (Specialty),15-30%,0.1,0.5,No,No
38089372,38,Miscellaneous Chemicals,Goods specified in Supplementary Note 10 to this Chapter,1.85,3.82,107.1,3.6,Medium,Tier 3 (Specialty),15-30%,0.6,0.5,No,No
38089390,38,Miscellaneous Chemicals,*OTHER HERBICIDES-ANTI-SPROUTING PRODUCTS,284.15,0.0,,2.0,Medium,Tier 3 (Specialty),15-30%,0.0,0.5,No,No
38089391,38,Miscellaneous Chemicals,CONTAINING BROMOMETHANE(METHYL BROMIDE)/BROMOCHLOROMETHANE,0.0,9.57,,2.0,Medium,Tier 3 (Specialty),15-30%,1.4,0.5,No,No
38089399,38,Miscellaneous Chemicals,"OTHERS-OF-HERBICIDES, ANTI-SPROUTING PRODUCTS AND PLANT-GROWTH REGU...",0.0,171.1,,2.4,Medium,Tier 3 (Specialty),15-30%,25.7,0.5,No,No
38089400,38,Miscellaneous Chemicals,*DISINFECTANTS,6.7,0.0,,2.0,Medium,Tier 3 (Specialty),15-30%,0.0,0.5,No,No
38089410,38,Miscellaneous Chemicals,CONTAINING BROMOMETHANE(METHYL BROMIDE)/BROMOCHLOROMETHANE,0.0,0.0,,2.0,Medium,Tier 3 (Specialty),15-30%,0.0,0.5,No,No
38089420,38,Miscellaneous Chemicals,>=90%DICHLOROPROPENE AND DICHLOROPROPANE MIXTURE(DD MIXTURE);HYDROG...,0.0,0.0,,2.0,Medium,Tier 3 (Specialty),15-30%,0.0,0.5,No,No
38089490,38,Miscellaneous Chemicals,OTHERS-OF-DISINFECTANTS,0.0,6.86,,2.0,Medium,Tier 3 (Specialty),15-30%,1.0,0.5,No,No
38089910,38,Miscellaneous Chemicals,"*PESTICIDES, NOT ELSEWHERE SPECIFIED OR INC",11.08,0.0,,2.0,Medium,Tier 3 (Specialty),15-30%,0.0,0.5,No,No
38089911,38,Miscellaneous Chemicals,BROMADIOLONE CONFORMING TO IS 12914.,0.0,0.11,,2.0,Medium,Tier 3 (Specialty),15-30%,0.0,0.5,No,No
38089912,38,Miscellaneous Chemicals,ACEQUINOCYL;BIFENAZATE;BRODIFACOUM;COUMACHLOR;COUMATETRALYL;FLOCOUM...,0.0,0.67,,2.0,Medium,Tier 3 (Specialty),15-30%,0.1,0.5,No,No
38089990,38,Miscellaneous Chemicals,*OTHER SIMILAR PRODUCTS  N.E.S.,171.95,0.0,,2.0,Medium,Tier 3 (Specialty),15-30%,0.0,0.5,No,No
38089991,38,Miscellaneous Chemicals,CONTAINING BROMOMETHANE(METHYL BROMIDE)/BROMOCHLOROMETHANE,0.0,2.6,,2.0,Medium,Tier 3 (Specialty),15-30%,0.4,0.5,No,No
38089992,38,Miscellaneous Chemicals,"PESTICIDES, NOT ELSEWHERE SPECIFIED OR INCLUDED",0.0,9.71,,2.0,Medium,Tier 3 (Specialty),15-30%,1.5,0.5,No,No
38089999,38,Miscellaneous Chemicals,"OTHERS-OF-OTHERS-OF-INSCTCDS,RDNTCDS,FNGCDS,HRBCDS,ANTSPROUTNGPRDCT...",0.0,136.2,,2.4,Medium,Tier 3 (Specialty),15-30%,20.4,0.5,No,No
38091000,38,Miscellaneous Chemicals,PRPNS WTH A BASIS OF AMYLACEOUS SBSTNCS,0.72,0.22,-70.1,2.0,Medium,Tier 3 (Specialty),15-30%,0.0,0.5,No,No
38099110,38,Miscellaneous Chemicals,TEXTILE ASSISTANTS MORDANTING AGENTS,4.5,3.86,-14.1,2.0,Medium,Tier 3 (Specialty),15-30%,0.6,0.5,No,No
38099120,38,Miscellaneous Chemicals,TEXTILE ASSISTANTS DESIZING AGENTS,0.4,0.24,-39.4,2.0,Medium,Tier 3 (Specialty),15-30%,0.0,0.5,No,No
38099130,38,Miscellaneous Chemicals,TEXTILE ASSISTANTS DISPERSING AGENTS,0.93,0.81,-12.4,2.0,Medium,Tier 3 (Specialty),15-30%,0.1,0.5,No,No
38099140,38,Miscellaneous Chemicals,TEXTILE ASSISTANTS EMULSIFYING AGENTS,0.21,0.1,-52.4,2.0,Medium,Tier 3 (Specialty),15-30%,0.0,0.5,No,No
38099150,38,Miscellaneous Chemicals,TXTL ASSISTANT HYDRO-SULPHITE             FORMALDEHYDECOMPOUND(RONG...,0.0,0.0,,2.0,Medium,Tier 3 (Specialty),15-30%,0.0,0.5,No,No
38099160,38,Miscellaneous Chemicals,TEXTILE ASSISTANTS-TEXTILE PRESERVATIVES,0.74,0.93,26.1,3.6,Medium,Tier 3 (Specialty),15-30%,0.1,0.5,No,No
38099170,38,Miscellaneous Chemicals,TEXTILE ASSISTANTS WATER PROOFING AGENTS,3.17,3.5,10.5,3.0,Medium,Tier 3 (Specialty),15-30%,0.5,0.5,No,No
38099180,38,Miscellaneous Chemicals,"PREPRED TEXTILE GLAZINGS,DRESINGS ANDMORDANT",0.05,0.07,40.6,3.6,Medium,Tier 3 (Specialty),15-30%,0.0,0.5,No,No
38099190,38,Miscellaneous Chemicals,OTHR FINISH AGENTS USED IN TXTILE INDUSTRY,61.96,67.02,8.2,2.2,Medium,Tier 3 (Specialty),15-30%,10.1,0.5,No,No
38099200,38,Miscellaneous Chemicals,PRPNS OF A KIND USED IN THE PAPER INDUSTRY,18.76,15.22,-18.9,2.0,Medium,Tier 3 (Specialty),15-30%,2.3,0.5,No,No
38099310,38,Miscellaneous Chemicals,FATTY OIL OR PULL UP OIL,0.64,0.69,7.3,2.2,Medium,Tier 3 (Specialty),15-30%,0.1,0.5,No,No
38099390,38,Miscellaneous Chemicals,"OTHR FNSHNG AGNTS,DYE CARRIERSANDOTHR PRPNS USED IN LEATHER INDUSTR...",30.6,25.49,-16.7,2.0,Medium,Tier 3 (Specialty),15-30%,3.8,0.5,No,No
38101010,38,Miscellaneous Chemicals,PICLING PREPARATI0N AND 0THER S0LDERING   BRAZING 0R WELDING P0WDER...,50.14,60.43,20.5,3.6,Medium,Tier 2.5 (Quick-win),60-75%,36.3,0.8,Yes,No
38101020,38,Miscellaneous Chemicals,THERMITE P0RTI0N F0R WELDING (ALUMINA     THERMIC HEAT GENERAT0RS),0.06,0.14,124.1,3.6,Medium,Tier 3 (Specialty),15-30%,0.0,0.5,No,No
38101090,38,Miscellaneous Chemicals,OTHERS-OF-PICKLNG PRPNS FR MTL SRFCS-SLDRNG-BRZNG WLDNG PWDR AND PS...,13.21,17.64,33.5,3.6,Medium,Tier 3 (Specialty),15-30%,2.6,0.5,No,No
38109010,38,Miscellaneous Chemicals,PREPARATIONS OF A KIND USED AS CORES OR   COATINGS FOR WELDING ELEC...,5.26,6.97,32.6,3.6,Medium,Tier 3 (Specialty),15-30%,1.0,0.5,No,No
38109090,38,Miscellaneous Chemicals,"OTHERS-OF-FLUXESANDOTHR AXLRY PRPN FR SLDRNG,BRAZING/ WLDNG;PRPN US...",31.9,37.15,16.4,3.0,Medium,Tier 3 (Specialty),15-30%,5.6,0.5,No,No
38111100,38,Miscellaneous Chemicals,ANTI-KNOCK PRPNS BASED ON LEAD COMPOUND,0.01,0.01,-30.3,2.0,Medium,Tier 3 (Specialty),15-30%,0.0,0.5,No,No
38111900,38,Miscellaneous Chemicals,OTHER ANTI-KNOCK PREPARATION,3.75,4.4,17.2,3.0,Medium,Tier 3 (Specialty),15-30%,0.7,0.5,No,No
38112100,38,Miscellaneous Chemicals,ADDTVS FR LBRCTNG OILS CONTNG OILS        OBTND FROM PETROLEUM AND ...,303.38,325.74,7.4,2.64,Medium,Tier 3 (Specialty),15-30%,48.9,0.5,No,No
38112900,38,Miscellaneous Chemicals,OTHER ADDITIVES FOR LUBRICATING OILS,27.7,30.22,9.1,2.2,Medium,Tier 3 (Specialty),15-30%,4.5,0.5,No,No
38119000,38,Miscellaneous Chemicals,OTHER PREPARED ADDITIVES                  ANTI-CORRSIVE PRPNS AND O...,41.03,46.2,12.6,3.0,Medium,Tier 3 (Specialty),15-30%,6.9,0.5,No,No
38121000,38,Miscellaneous Chemicals,PREPARED RUBBER ACCELERATORS,96.01,93.73,-2.4,2.0,Medium,Tier 3 (Specialty),15-30%,14.1,0.5,No,No
38122010,38,Miscellaneous Chemicals,PHTHALATE PLASTICISERS,4.18,3.97,-4.9,2.0,Medium,Tier 3 (Specialty),15-30%,0.6,0.5,No,No
38122090,38,Miscellaneous Chemicals,OTHR COMP. PLASTICISERS FOR RUBBER/PLASTIC,17.27,15.99,-7.4,2.0,Medium,Tier 3 (Specialty),15-30%,2.4,0.5,No,No
38123100,38,Miscellaneous Chemicals,"MIXTURES OF OLIGOMERS OF 2, 2, 4-TRIMETHYL-1, 2-DIHYDROQUINOLINE (TMQ)",11.34,10.46,-7.7,2.0,Medium,Tier 3 (Specialty),15-30%,1.6,0.5,No,No
38123910,38,Miscellaneous Chemicals,ANTI-OXIDANTS FOR RUBBER,26.37,26.91,2.1,2.2,Medium,Tier 3 (Specialty),15-30%,4.0,0.5,No,No
38123920,38,Miscellaneous Chemicals,SOFTENERS FOR RUBBER,4.53,3.19,-29.5,2.0,Medium,Tier 3 (Specialty),15-30%,0.5,0.5,No,No
38123930,38,Miscellaneous Chemicals,VULCANIZING AGENTS FOR RUBBER,7.18,7.36,2.5,2.2,Medium,Tier 3 (Specialty),15-30%,1.1,0.5,No,No
38123990,38,Miscellaneous Chemicals,OTHERS-OF-OTHERS-OF-PRPD RUBR ACCLRTRS-CMPND PLSTCSRS-N.E.S ANTIOXD...,187.65,189.49,1.0,2.64,Medium,Tier 3 (Specialty),15-30%,28.4,0.5,No,No
38130000,38,Miscellaneous Chemicals,*PRPNS AND CHARGES FOR FIRE EXTINGUISHERS    CHARGED FIRE-EXTINGUIS...,6.67,0.0,,2.0,Medium,Tier 3 (Specialty),15-30%,0.0,0.5,No,No
38130010,38,Miscellaneous Chemicals,"CONTAINING BROMOCHLORODIFLUOROMETHANE,BROMOTRIFLUOROMETHANE/DIBROMO...",0.0,0.79,,2.0,Medium,Tier 3 (Specialty),15-30%,0.1,0.5,No,No
38130020,38,Miscellaneous Chemicals,"CONTAINING METHANE,ETHANE OR PROPANE HYDROBROMOPFLUOROCARBONS (HBFCs)",0.0,0.0,,2.0,Medium,Tier 3 (Specialty),15-30%,0.0,0.5,No,No
38130040,38,Miscellaneous Chemicals,CONTAINING BROMOCHLOROMETHANE,0.0,0.04,,2.0,Medium,Tier 3 (Specialty),15-30%,0.0,0.5,No,No
38130090,38,Miscellaneous Chemicals,OTHERS-OF-PRPNS AND CHARGES FOR FIRE EXTINGUISHERSCHARGED FIRE-EXTI...,0.0,5.81,,2.0,Medium,Tier 3 (Specialty),15-30%,0.9,0.5,No,No
38140010,38,Miscellaneous Chemicals,*ORGANIC COMPOSITE SOLVENTS AND THINNERS NES,29.23,0.0,,2.0,Medium,Tier 3 (Specialty),15-30%,0.0,0.5,No,No
38140011,38,Miscellaneous Chemicals,"CONTAINING METHANE,ETHANE/PROPANE CFC'S WHETHER NOT CONTAINING HCFC'S",0.0,0.6,,2.0,Medium,Tier 3 (Specialty),15-30%,0.1,0.5,No,No
38140012,38,Miscellaneous Chemicals,"CONTAINING METHANE,ETHANE/PROPANE HCFC'S BUT NOT CONTAINING CFC'S",0.0,0.02,,2.0,Medium,Tier 3 (Specialty),15-30%,0.0,0.5,No,No
38140013,38,Miscellaneous Chemicals,"CONTAINING CARBON TETRACHLORIDE, BROMOCHLOROMETHANE/1,1,1-TRICHLORO...",0.0,0.0,,2.0,Medium,Tier 3 (Specialty),15-30%,0.0,0.5,No,No
38140019,38,Miscellaneous Chemicals,OTHERS-OF-ORGANIC COMPSTE SLVNTS AND THINNERS N.E.S.PREPARED PAINT ...,0.0,20.68,,2.0,Medium,Tier 3 (Specialty),15-30%,3.1,0.5,No,No
38140020,38,Miscellaneous Chemicals,*PREPARED PAINT OR VARNISH REMOVERS,8.01,0.0,,2.0,Medium,Tier 3 (Specialty),15-30%,0.0,0.5,No,No
38140021,38,Miscellaneous Chemicals,"CONTAINING METHANE,ETHANE/PROPANE CFC'S WHETHER NOT CONTAINING HCFC'S",0.0,0.36,,2.0,Medium,Tier 3 (Specialty),15-30%,0.1,0.5,No,No
38140022,38,Miscellaneous Chemicals,"CONTAINING METHANE,ETHANE/PROPANE HCFC'S BUT NOT CONTAINING CFC'S",0.0,0.04,,2.0,Medium,Tier 3 (Specialty),15-30%,0.0,0.5,No,No
38140023,38,Miscellaneous Chemicals,"CONTAINING CARBON TETRACHLORIDE, BROMOCHLOROMETHANE/1,1,1-TRICHLORO...",0.0,0.01,,2.0,Medium,Tier 3 (Specialty),15-30%,0.0,0.5,No,No
38140029,38,Miscellaneous Chemicals,OTHERS-OF-ORGANIC COMPSTE SLVNTS AND THINNERS N.E.S.PREPARED PAINT ...,0.0,6.24,,2.0,Medium,Tier 3 (Specialty),15-30%,0.9,0.5,No,No
38151100,38,Miscellaneous Chemicals,SUPPRTD CATALYSTS WTH NICKEL/NICKEL CMPNDS,42.21,90.42,114.2,3.6,Medium,Tier 2.5 (Quick-win),60-75%,54.3,0.8,Yes,No
38151210,38,Miscellaneous Chemicals,PLTNM/PALDM CATALYST/A BASE OF ACTVTD CRBN,39.36,34.09,-13.4,2.0,Medium,Tier 3 (Specialty),15-30%,5.1,0.5,No,No
38151290,38,Miscellaneous Chemicals,OTHERS-OF-SUPPRTD CATALYSTS WTH PRCUS MTL/ITS CMPNDS,171.26,231.04,34.9,4.32,Medium,Tier 2.5 (Quick-win),60-75%,138.6,0.8,Yes,No
38151900,38,Miscellaneous Chemicals,OTHER SUPPORTED CATALYSTS,187.79,261.8,39.4,4.32,Medium,Tier 2.5 (Quick-win),60-75%,157.1,0.8,Yes,No
38159000,38,Miscellaneous Chemicals,OTHER REACTION INITIATORS ETC,235.41,290.22,23.3,4.32,Medium,Tier 2.5 (Quick-win),60-75%,174.1,0.8,Yes,No
38160000,38,Miscellaneous Chemicals,REFRACTORY CEMENTS-MORTARS-CONCRETES AND SIMILAR COMPOSITION  INCLU...,155.49,138.56,-10.9,2.4,Medium,Tier 3 (Specialty),15-30%,20.8,0.5,No,No
38170011,38,Miscellaneous Chemicals,LINEAR ALKYLBENZENE                       (SODIUM DODECYLBENZENE SU...,421.52,453.97,7.7,2.64,Medium,Tier 3 (Specialty),15-30%,68.1,0.5,No,No
38170019,38,Miscellaneous Chemicals,OTHERS MIXED ALKYLBENZENE,12.75,10.6,-16.9,2.0,Medium,Tier 3 (Specialty),15-30%,1.6,0.5,No,No
38170020,38,Miscellaneous Chemicals,MIXED ALKYL NAPHTHALENES,1.87,3.55,90.0,3.6,Medium,Tier 3 (Specialty),15-30%,0.5,0.5,No,No
38180010,38,Miscellaneous Chemicals,UNDIFFUSED SILICON WAFERS,156.55,388.51,148.2,4.32,Medium,Tier 2.5 (Quick-win),60-75%,233.1,0.8,Yes,No
38180090,38,Miscellaneous Chemicals,0THERS,4.52,3.99,-11.7,2.0,Medium,Tier 3 (Specialty),15-30%,0.6,0.5,No,No
38190010,38,Miscellaneous Chemicals,BRAKE FLUIDS (HYDRAULIC FLUIDS),6.88,8.29,20.6,3.6,Medium,Tier 3 (Specialty),15-30%,1.2,0.5,No,No
38190090,38,Miscellaneous Chemicals,OTHERS-OF-HYDRAULC BRKE FLUIDS AND OTHR LIQ FR HYDRLC TRNSMSN W/N C...,11.58,14.34,23.9,3.6,Medium,Tier 3 (Specialty),15-30%,2.2,0.5,No,No
38200000,38,Miscellaneous Chemicals,ANTI-FRZING PRPNS AND PRPD DE-ICING FLUIDS,10.22,13.76,34.6,3.6,Medium,Tier 3 (Specialty),15-30%,2.1,0.5,No,No
38210000,38,Miscellaneous Chemicals,PRPD CULTR MEDIA FR MICRO-ORGNSMS DVLPMNT,116.44,169.6,45.7,4.32,Medium,Tier 2.5 (Quick-win),60-75%,101.8,0.8,Yes,No
38221100,38,Miscellaneous Chemicals,"FOR MALARIA (DIAGNOSTIC OR LABORATORY REAGENTS , WHETHER OR NOT PUT...",0.52,0.41,-22.0,2.0,Medium,Tier 3 (Specialty),15-30%,0.1,0.5,No,No
38221200,38,Miscellaneous Chemicals,FOR ZIKA AND OTHER DISEASES TRANSMITTED BY MOSQUITOES OF THE GENUS ...,2.89,1.62,-43.8,2.0,Medium,Tier 3 (Specialty),15-30%,0.2,0.5,No,No
38221300,38,Miscellaneous Chemicals,"FOR BLOOD-GROUPING(DIAGNOSTIC OR LABORATORY REAGENTS , WHETHER OR N...",9.26,11.3,22.0,3.6,Medium,Tier 3 (Specialty),15-30%,1.7,0.5,No,No
38221910,38,Miscellaneous Chemicals,PREGNANCY TEST KIT,0.54,0.34,-37.0,2.0,Medium,Tier 3 (Specialty),15-30%,0.1,0.5,No,No
38221990,38,Miscellaneous Chemicals,"OTHERS-OF-OTHERS-OF-DIAG./LAB REAGNT ON A BCKNG,PRPRD DIAG./LAB REA...",629.93,732.9,16.4,4.5,Medium,Tier 2.5 (Quick-win),60-75%,439.7,0.8,Yes,No
38229010,38,Miscellaneous Chemicals,CERTIFIED REFERENCE MATERIALS,20.69,22.86,10.5,3.0,Medium,Tier 3 (Specialty),15-30%,3.4,0.5,No,No
38229090,38,Miscellaneous Chemicals,"OTHERS-OF-OTHERS-OF-DIAG./LAB REAGNT ON A BCKNG,PRPRD DIAG./LAB REA...",249.57,286.08,14.6,3.6,Medium,Tier 2.5 (Quick-win),60-75%,171.6,0.8,Yes,No
38231100,38,Miscellaneous Chemicals,STEARIC ACID,61.62,63.15,2.5,2.2,Medium,Tier 3 (Specialty),15-30%,9.5,0.5,No,No
38231200,38,Miscellaneous Chemicals,OLEIC ACID,32.81,35.58,8.4,2.2,Medium,Tier 3 (Specialty),15-30%,5.3,0.5,No,No
38231300,38,Miscellaneous Chemicals,TALL OIL FATTY ACIDS,3.16,3.53,11.6,3.0,Medium,Tier 3 (Specialty),15-30%,0.5,0.5,No,No
38231900,38,Miscellaneous Chemicals,OTHER INDUSTRIAL MONOCARBOXYLIC FATTY ACID,659.91,548.89,-16.8,3.0,Medium,Tier 2.5 (Quick-win),60-75%,329.3,0.8,Yes,No
38237010,38,Miscellaneous Chemicals,CETYL ALC0H0L,0.24,0.39,63.9,3.6,Medium,Tier 3 (Specialty),15-30%,0.1,0.5,No,No
38237020,38,Miscellaneous Chemicals,LAURYL ALC0H0L,188.68,246.12,30.4,4.32,Medium,Tier 2.5 (Quick-win),60-75%,147.7,0.8,Yes,No
38237030,38,Miscellaneous Chemicals,0LEYL ALC0H0L,0.17,0.23,35.1,3.6,Medium,Tier 3 (Specialty),15-30%,0.0,0.5,No,No
38237040,38,Miscellaneous Chemicals,STEARYL ALC0H0L,0.03,0.04,28.3,3.6,Medium,Tier 3 (Specialty),15-30%,0.0,0.5,No,No
38237090,38,Miscellaneous Chemicals,OTHER INDUSTRIAL FATTY ALCOHOL,49.55,67.99,37.2,3.6,Medium,Tier 2.5 (Quick-win),60-75%,40.8,0.8,Yes,No
38241000,38,Miscellaneous Chemicals,PRPD BINDERS FR FOUNDRY MOULDS/CORES,25.94,28.92,11.5,3.0,Medium,Tier 3 (Specialty),15-30%,4.3,0.5,No,No
38243000,38,Miscellaneous Chemicals,NON-AGGLOMERATED METAL CARBIDES MIXED     TOGETHER OR WITH METALLIC...,30.73,41.39,34.7,3.6,Medium,Tier 3 (Specialty),15-30%,6.2,0.5,No,No
38244010,38,Miscellaneous Chemicals,DAMPPROOF/WTRPRF CMPNDS(E.G. ACQUO-PROOF),14.27,7.41,-48.1,2.0,Medium,Tier 3 (Specialty),15-30%,1.1,0.5,No,No
38244090,38,Miscellaneous Chemicals,OTHERS-OF-PRPD ADTVS FOR CEMENTS-MORTARS/CONCRETES,43.85,45.2,3.1,2.2,Medium,Tier 3 (Specialty),15-30%,6.8,0.5,No,No
38245010,38,Miscellaneous Chemicals,CONCRETES READY TO USE KNOWN AS  RMC,0.02,0.03,25.3,3.6,Medium,Tier 3 (Specialty),15-30%,0.0,0.5,No,No
38245090,38,Miscellaneous Chemicals,OTHER NON-REFRACTORY MORTARES AND CONCRETES,15.12,18.05,19.4,3.0,Medium,Tier 3 (Specialty),15-30%,2.7,0.5,No,No
38246010,38,Miscellaneous Chemicals,SORBITOL IN AQUEOUS SOLUTION,2.15,2.51,17.0,3.0,Medium,Tier 3 (Specialty),15-30%,0.4,0.5,No,No
38246090,38,Miscellaneous Chemicals,OTHERS-OF-SORBITOL OTHR THN THAT OF SUBHDG NO.290544,1.59,1.65,3.7,2.2,Medium,Tier 3 (Specialty),15-30%,0.2,0.5,No,No
38248100,38,Miscellaneous Chemicals,CONTAINING OXIRANE (ETHYLENE OXIDE),0.05,0.35,602.2,3.6,Medium,Tier 3 (Specialty),15-30%,0.1,0.5,No,No
38248200,38,Miscellaneous Chemicals,"CONTAINING POLYCHLORINATED BIPHENYLS (PCBS), POLYCHLORINATEDTERPHEN...",0.0,0.0,,2.0,Medium,Tier 3 (Specialty),15-30%,0.0,0.5,No,No
38248400,38,Miscellaneous Chemicals,"CONTAINING ALDRIN, CAMPHECHLOR,CHLORDANE, CHLORDECONE,DDT, DIELDRIN",0.0,0.0,1118.3,3.6,Medium,Tier 3 (Specialty),15-30%,0.0,0.5,No,No
38248700,38,Miscellaneous Chemicals,"CONTAINING PERFLUOROOCTANESULPHONICACID ,ITS SALTS,PERFLUOROOCTANE ...",0.01,0.01,75.8,3.6,Medium,Tier 3 (Specialty),15-30%,0.0,0.5,No,No
38248800,38,Miscellaneous Chemicals,"CONTAINING TETRA-,  PENTA-,  HEXA- ,HEPTA- OR OCTABROMODIPHENYL ETHERS",0.0,0.0,-96.3,2.0,Medium,Tier 3 (Specialty),15-30%,0.0,0.5,No,No
38248900,38,Miscellaneous Chemicals,CONTAINING  SHORT-CHAIN CHLORINATED PARAFFINS,0.04,0.1,129.8,3.6,Medium,Tier 3 (Specialty),15-30%,0.0,0.5,No,No
38249100,38,Miscellaneous Chemicals,MIXTURES AND PREPARATIONS CONSISTING MAINLY OF METHYL METHYL METHYL...,3.56,1.96,-44.8,2.0,Medium,Tier 3 (Specialty),15-30%,0.3,0.5,No,No
38249200,38,Miscellaneous Chemicals,POLYGLYCOL ESTERS OF METHYLPHOSPHONIC ACID,2.29,1.04,-54.3,2.0,Medium,Tier 3 (Specialty),15-30%,0.2,0.5,No,No
38249900,38,Miscellaneous Chemicals,"OTHERS-OF-OTHERS-OF-PRPD BNDRS FR FOUNDRY MOULDS/CORES,CHMCLPRDCTS ...",1169.02,1379.15,18.0,6.0,Medium,Tier 2 (Dependent),30-50%,413.7,0.7,No,No
38251000,38,Miscellaneous Chemicals,MUNICIPAL WASTE,0.0,0.0,,2.0,Medium,Tier 3 (Specialty),15-30%,0.0,0.5,No,No
38252000,38,Miscellaneous Chemicals,SEWAGE SLUDGE,0.0,0.0,,2.0,Medium,Tier 3 (Specialty),15-30%,0.0,0.5,No,No
38256100,38,Miscellaneous Chemicals,OTHR WASTE MAINLY CONTN. ORGNIC CONSTIUENT,0.0,0.0,,2.0,Medium,Tier 3 (Specialty),15-30%,0.0,0.5,No,No
38259000,38,Miscellaneous Chemicals,OTHER RESUDUAL PRODUCTS NES,0.0,0.0,-35.4,2.0,Medium,Tier 3 (Specialty),15-30%,0.0,0.5,No,No
38260000,38,Miscellaneous Chemicals,"BIODIESEL AND MIXTURES, NT CONTAINING OR CONTAIN < 70 % BY WEIGHT O...",0.01,0.02,274.2,3.6,Medium,Tier 3 (Specialty),15-30%,0.0,0.5,No,No
38271100,38,Miscellaneous Chemicals,"CONTAINING CFCs,WHETHER OR NOT CONTAINING HYDROCHLOROFLUOROCARBONS,...",0.0,0.0,,2.0,Medium,Tier 3 (Specialty),15-30%,0.0,0.5,No,No
38273100,38,Miscellaneous Chemicals,CONTAINING SUBSTANCES OF SUB-HEADINGS 290341 TO 290348,1.46,0.0,,2.0,Medium,Tier 3 (Specialty),15-30%,0.0,0.5,No,No
38275100,38,Miscellaneous Chemicals,CONTAINING TRIFLUROMETHANE (HFC-23),0.0,0.02,4352.3,3.6,Medium,Tier 3 (Specialty),15-30%,0.0,0.5,No,No
38276100,38,Miscellaneous Chemicals,"CONTAINING 15% OR MORE BY MASS OF 1,1,1-TRIFLUROETHANE (HFC-143a)",10.92,22.8,108.8,3.6,Medium,Tier 3 (Specialty),15-30%,3.4,0.5,No,No
38276300,38,Miscellaneous Chemicals,"OTHER,NOT INCLUDED IN THE SUB-HEADINGS ABOVE, CONTAINING 40% OR MOR...",3.75,3.31,-11.8,2.0,Medium,Tier 3 (Specialty),15-30%,0.5,0.5,No,No
38276400,38,Miscellaneous Chemicals,"OTHR,NT INCL. IN THE SUB-HDNG ABVE,CONTNG 30% OR MORE BY MAS OF 1,1...",0.99,0.51,-48.9,2.0,Medium,Tier 3 (Specialty),15-30%,0.1,0.5,No,No
38276500,38,Miscellaneous Chemicals,"OTHR,NT INCL. IN THE SUB-HDNG ABOVE, CONTNG 20% OR MORE BY MASS OF ...",0.15,0.27,85.9,3.6,Medium,Tier 3 (Specialty),15-30%,0.0,0.5,No,No
38276800,38,Miscellaneous Chemicals,"OTHER,NOT INCLUDED IN THE SUB-HEADINGS ABOVE,CONTAINING SUBSTANCES ...",1.73,5.84,238.6,3.6,Medium,Tier 3 (Specialty),15-30%,0.9,0.5,No,No
38276900,38,Miscellaneous Chemicals,OTHERS-OF-OTHERS-OF-MIXTURES CONTAINING HALOGENATED DERIVATIVES OF ...,0.45,0.37,-17.9,2.0,Medium,Tier 3 (Specialty),15-30%,0.1,0.5,No,No
38279000,38,Miscellaneous Chemicals,OTHERS-OF-OTHERS-OF-MIXTURES CONTAINING HALOGENATED DERIVATIVES OF ...,0.09,0.26,199.0,3.6,Medium,Tier 3 (Specialty),15-30%,0.0,0.5,No,No
39011010,39,Plastics,LINEAR L0W DENSITY P0LYETHYLENE (LLDPE),207.61,192.86,-7.1,3.6,High,Tier 2.5 (Quick-win),60-75%,115.7,0.8,Yes,No
39011020,39,Plastics,LOW DENSITY POLYETHYLENE (LDPE),399.74,389.77,-2.5,3.6,High,Tier 2.5 (Quick-win),60-75%,233.9,0.8,Yes,No
39011090,39,Plastics,OTHR POLYETHYLENE HVNG A SPFC GRVTY < 0.94,418.09,416.63,-0.3,3.6,High,Tier 2.5 (Quick-win),60-75%,250.0,0.8,Yes,No
39012000,39,Plastics,POLYETHYLENE HVNG A SPCFC GRVTY 0.94 /MORE,1151.23,938.56,-18.5,4.5,High,Tier 2.5 (Quick-win),60-75%,563.1,0.8,Yes,No
39013000,39,Plastics,ETHYLENE-VINYL ACETATE COPOLYMERS,426.79,444.8,4.2,3.96,High,Tier 2.5 (Quick-win),60-75%,266.9,0.8,Yes,No
39014010,39,Plastics,LINEAR LOW DENSITY POLYETHYLENE (LLDPE),258.14,358.45,38.9,6.48,High,Tier 2 (Dependent),30-50%,107.5,0.7,No,No
39014090,39,Plastics,"OTHERS-OF-ETHYLENE-ALPHA-OLEFIN COPOLYMERS, HAVING A SPECIFIC GRAVI...",509.24,502.88,-1.2,4.5,High,Tier 2.5 (Quick-win),60-75%,301.7,0.8,Yes,No
39019000,39,Plastics,OTHERS-OF-OTHR POLYMERSOF ETHYLINE IN PRIMARY FORMS,292.79,273.79,-6.5,3.6,High,Tier 2.5 (Quick-win),60-75%,164.3,0.8,Yes,No
39021000,39,Plastics,POLYPROPYLENE,1152.36,1372.03,19.1,18.0,High,Tier 1 (Load-bearing),50-80%,686.0,0.85,No,Yes
39022000,39,Plastics,POLYISOBYTYLENE,46.52,39.33,-15.4,3.0,High,Tier 3 (Specialty),15-30%,5.9,0.5,No,No
39023000,39,Plastics,PROPYLENE COPOLYMERS,576.23,613.28,6.4,4.95,High,Tier 2.5 (Quick-win),60-75%,368.0,0.8,Yes,No
39029000,39,Plastics,OTHR POLYMERS OF PROPYLENE IN PRMRY FORMS,120.49,117.93,-2.1,3.6,High,Tier 2.5 (Quick-win),60-75%,70.8,0.8,Yes,No
39031100,39,Plastics,EXPANSIBLE POLYSTERENE,2.91,3.26,12.1,4.5,High,Tier 3 (Specialty),15-30%,0.5,0.5,No,No
39031910,39,Plastics,MOULDING POWDER,0.42,0.64,52.9,5.4,High,Tier 3 (Specialty),15-30%,0.1,0.5,No,No
39031990,39,Plastics,OTHER POLYSTYRENE NES,67.93,90.38,33.0,5.4,High,Tier 2.5 (Quick-win),60-75%,54.2,0.8,Yes,No
39032000,39,Plastics,STYRENE ACRYLONITRILE (SAN) COPOLYMERS,71.03,71.01,-0.0,3.0,High,Tier 2.5 (Quick-win),60-75%,42.6,0.8,Yes,No
39033000,39,Plastics,ACRYLONITRILE-BUTADIENE STYRENE COPOLYMRS,273.28,251.06,-8.1,3.6,High,Tier 2.5 (Quick-win),60-75%,150.6,0.8,Yes,No
39039010,39,Plastics,"COPOLYMERS, SOLELY OF STYRENE WITH ALLYL  ALCOHOL, OF ANY ACETYL VA...",3.32,3.65,9.8,3.3,High,Tier 3 (Specialty),15-30%,0.5,0.5,No,No
39039020,39,Plastics,"BROMINATED POLYSTYRENE,WEIGHT 58% OR MORE BUT NOT MORE THAN 71%OF B...",4.26,1.96,-54.0,3.0,High,Tier 3 (Specialty),15-30%,0.3,0.5,No,No
39039090,39,Plastics,OTHR POLYMERS OF STYRENE IN PRIMARY FORMS,118.4,126.26,6.6,3.96,High,Tier 2.5 (Quick-win),60-75%,75.8,0.8,Yes,No
39041010,39,Plastics,EMULSION GRADE PVC RESIN / PVC PASTE RESIN / PVC DISPERSION RESIN,77.24,64.5,-16.5,3.0,High,Tier 2.5 (Quick-win),60-75%,38.7,0.8,Yes,No
39041020,39,Plastics,SUSPENSION GRADE PVC RESIN,2124.86,1632.55,-23.2,6.0,High,Tier 2 (Dependent),30-50%,489.8,0.7,No,No
39041090,39,Plastics,"OTHER PLY (VINYL CHORIDE), NOT MIXED WITH ANY OTHER SUBSTANCES",462.74,441.77,-4.5,3.6,High,Tier 2.5 (Quick-win),60-75%,265.1,0.8,Yes,No
39042100,39,Plastics,"OTHER POLY (VINYL CHORIDE), MIXED WITH OTHER SUBSTANCES -- NON PLAS...",11.57,6.3,-45.6,3.0,High,Tier 3 (Specialty),15-30%,0.9,0.5,No,No
39042110,39,Plastics,POLY(VINYL CHLORIDE) (PVC) RESINS,0.14,0.0,-99.5,3.0,High,Tier 3 (Specialty),15-30%,0.0,0.5,No,No
39042200,39,Plastics,"OTHER POLY (VINYL CHORIDE), MIXED WITH OTHER SUBSTANCES -- PLASTICISED",25.19,24.09,-4.4,3.0,High,Tier 3 (Specialty),15-30%,3.6,0.5,No,No
39042210,39,Plastics,POLY (VINYL CHLORIDE) (PVC) RESINS (EMULSION GRADE),0.02,0.0,,3.0,High,Tier 3 (Specialty),15-30%,0.0,0.5,No,No
39042290,39,Plastics,OTHERS-OF-OTHER PLASTICISED POLYVINYL CHLORIDE,0.0,0.0,-79.6,3.0,High,Tier 3 (Specialty),15-30%,0.0,0.5,No,No
39043010,39,Plastics,POLY VINYL DERIVATIVES,3.4,5.86,72.3,5.4,High,Tier 3 (Specialty),15-30%,0.9,0.5,No,No
39043090,39,Plastics,VINYL CHLORIDE-VINYL ACETATE COPOLYMER NES,46.86,45.88,-2.1,3.0,High,Tier 3 (Specialty),15-30%,6.9,0.5,No,No
39044000,39,Plastics,OTHER VINYL CHLORIDE COPOLYMERS,9.76,7.93,-18.8,3.0,High,Tier 3 (Specialty),15-30%,1.2,0.5,No,No
39045010,39,Plastics,"COPOLYMER OF VINYLIDENE CHLORIDE WITH     ACRYLONITRITE, IN THE FOR...",0.63,0.58,-8.2,3.0,High,Tier 3 (Specialty),15-30%,0.1,0.5,No,No
39045090,39,Plastics,OTHER COPOLYMER OF VINYLIDENE CHLORIDE,39.79,43.52,9.4,3.3,High,Tier 3 (Specialty),15-30%,6.5,0.5,No,No
39046100,39,Plastics,POLYTETRAFLUOROETHYLENE,38.5,39.0,1.3,3.3,High,Tier 3 (Specialty),15-30%,5.8,0.5,No,No
39046910,39,Plastics,POLY (VINYL FLUORIDE) AS IN NOTE 6(B) CHAP,2.79,2.33,-16.5,3.0,High,Tier 3 (Specialty),15-30%,0.3,0.5,No,No
39046990,39,Plastics,OTHER FLURO-POLYMERS,68.04,66.49,-2.3,3.0,High,Tier 2.5 (Quick-win),60-75%,39.9,0.8,Yes,No
39049010,39,Plastics,CHLORINATED POLY VINYL CHLORIDE (CPVC) RESIN,250.69,258.95,3.3,3.96,High,Tier 2.5 (Quick-win),60-75%,155.4,0.8,Yes,No
39049090,39,Plastics,OTHERS-OF-OTHER POLYMERS OF VINYL CHLORIDE OR OFOTHER HALOGENATED O...,88.75,46.37,-47.8,3.0,High,Tier 3 (Specialty),15-30%,7.0,0.5,No,No
39051210,39,Plastics,POLYVINYL ACETATE(PVA) MOULDING MATERIAL,0.01,0.0,-65.0,3.0,High,Tier 3 (Specialty),15-30%,0.0,0.5,No,No
39051220,39,Plastics,POLYVINYL ACETATE RESINS,0.03,0.08,179.6,5.4,High,Tier 3 (Specialty),15-30%,0.0,0.5,No,No
39051290,39,Plastics,OTHERS-OF-POLYVINYL ACETATE IN AQS DISPRSN,4.35,2.67,-38.7,3.0,High,Tier 3 (Specialty),15-30%,0.4,0.5,No,No
39051910,39,Plastics,POLYVINYL ACETATE(PVA) MOULING MATERIAL,0.02,0.26,1241.9,5.4,High,Tier 3 (Specialty),15-30%,0.0,0.5,No,No
39051920,39,Plastics,POLYVINYL ACETATE RESINS,0.01,0.0,-63.6,3.0,High,Tier 3 (Specialty),15-30%,0.0,0.5,No,No
39051990,39,Plastics,OTHERS EXCL. POLY,1.09,1.36,24.4,5.4,High,Tier 3 (Specialty),15-30%,0.2,0.5,No,No
39052100,39,Plastics,VNYL ACETT COPOLYMRS IN AQUEOUS DISPRSN,51.99,52.84,1.6,3.3,High,Tier 2.5 (Quick-win),60-75%,31.7,0.8,Yes,No
39052900,39,Plastics,VNYL ACETT COPOLYMR EXCL IN AQOUS DISPRSN,132.71,125.18,-5.7,3.6,High,Tier 2.5 (Quick-win),60-75%,75.1,0.8,Yes,No
39053000,39,Plastics,PV ALCHL W/N CNTNG UNHYDROLYED ACTATE GRPS,98.32,93.02,-5.4,3.0,High,Tier 2.5 (Quick-win),60-75%,55.8,0.8,Yes,No
39059100,39,Plastics,COPOLYMERS,56.98,56.09,-1.6,3.0,High,Tier 2.5 (Quick-win),60-75%,33.7,0.8,Yes,No
39059910,39,Plastics,POLYVINYL PIROLIDONE(P ALCOHOL),30.83,21.18,-31.3,3.0,High,Tier 3 (Specialty),15-30%,3.2,0.5,No,No
39059990,39,Plastics,OTHERS POLYMERS OF VINYL ACETATE/OF OTHR  VINYL ESTRS AND OTHR VINY...,90.48,91.39,1.0,3.3,High,Tier 2.5 (Quick-win),60-75%,54.8,0.8,Yes,No
39061010,39,Plastics,BINDERS FOR PIGMENTS OR INKS,1.17,1.67,42.8,5.4,High,Tier 3 (Specialty),15-30%,0.3,0.5,No,No
39061090,39,Plastics,OTHER POLY METYL METHACRYLATES,98.72,90.98,-7.8,3.0,High,Tier 2.5 (Quick-win),60-75%,54.6,0.8,Yes,No
39069040,39,Plastics,POLY (ACRYLIC ACID),44.63,17.72,-60.3,3.0,High,Tier 3 (Specialty),15-30%,2.7,0.5,No,No
39069050,39,Plastics,POLYACRYLONITRILE (PAN),2.03,6.0,195.2,5.4,High,Tier 3 (Specialty),15-30%,0.9,0.5,No,No
39069060,39,Plastics,COPOLYMERS OF ACRYLONITRILE,11.57,13.86,19.8,4.5,High,Tier 3 (Specialty),15-30%,2.1,0.5,No,No
39069070,39,Plastics,SODIUM POLYACRYLATE,61.87,77.0,24.4,5.4,High,Tier 2.5 (Quick-win),60-75%,46.2,0.8,Yes,No
39069090,39,Plastics,OTHERS ACRYLIC POLYMERS IN PRIMARY FORMS  EXCL. POLY (METHYL METHAC...,574.46,600.91,4.6,4.95,High,Tier 2.5 (Quick-win),60-75%,360.5,0.8,Yes,No
39071000,39,Plastics,POLYACETALS,130.68,135.62,3.8,3.96,High,Tier 2.5 (Quick-win),60-75%,81.4,0.8,Yes,No
39072100,39,Plastics,BIS (POLYOXYETHYLENE) METHYL PHOSPHONATE,0.76,1.32,74.0,5.4,High,Tier 3 (Specialty),15-30%,0.2,0.5,No,No
39072910,39,Plastics,POLY(ETHER ALCOHOLS),380.02,262.87,-30.8,3.6,High,Tier 2.5 (Quick-win),60-75%,157.7,0.8,Yes,No
39072990,39,Plastics,"OTHERS-OF-OTHERS-OF-POLYACETALS, OTHER POLYETHERS AND EPOXIDE RESINS,",485.96,599.98,23.5,8.1,High,Tier 2 (Dependent),30-50%,180.0,0.7,No,No
39073010,39,Plastics,EPOXY RESINS,169.26,174.67,3.2,3.96,High,Tier 2.5 (Quick-win),60-75%,104.8,0.8,Yes,No
39073090,39,Plastics,OTHERS-OF-EPOXIDE RESINS,88.86,107.04,20.5,6.48,High,Tier 2 (Dependent),30-50%,32.1,0.7,Yes,No
39074000,39,Plastics,POLYCARBONATES,655.67,611.09,-6.8,4.5,High,Tier 2.5 (Quick-win),60-75%,366.7,0.8,Yes,No
39075000,39,Plastics,ALKYD RESINS,11.67,11.52,-1.3,3.0,High,Tier 3 (Specialty),15-30%,1.7,0.5,No,No
39076110,39,Plastics,PET FLAKE (CHIP),3.5,3.77,7.5,3.3,High,Tier 3 (Specialty),15-30%,0.6,0.5,No,No
39076190,39,Plastics,OTHER PRIMARY FORM,223.76,270.33,20.8,6.48,High,Tier 2 (Dependent),30-50%,81.1,0.7,No,No
39076930,39,Plastics,PET FLAKE (CHIP),7.9,14.68,85.8,5.4,High,Tier 3 (Specialty),15-30%,2.2,0.5,No,No
39076990,39,Plastics,OTHERS-OF-OTHER: POLY(ETHYLENE TEREPHTHALATE),147.79,105.37,-28.7,3.6,High,Tier 2.5 (Quick-win),60-75%,63.2,0.8,Yes,No
39077000,39,Plastics,POLY (LACTIC ACID),10.62,16.02,50.9,5.4,High,Tier 3 (Specialty),15-30%,2.4,0.5,No,No
39079110,39,Plastics,MALEIC RESINS UNSATURATED,8.2,5.71,-30.4,3.0,High,Tier 3 (Specialty),15-30%,0.9,0.5,No,No
39079120,39,Plastics,POLYESTER OR CONTRACT RESINS UNSATURATED,27.75,26.96,-2.9,3.0,High,Tier 3 (Specialty),15-30%,4.0,0.5,No,No
39079130,39,Plastics,FUMERIC RESINS UNSATURATED,1.9,2.08,9.6,3.3,High,Tier 3 (Specialty),15-30%,0.3,0.5,No,No
39079140,39,Plastics,DIALLYLPHTHALATE RESINS UNSATURATED,0.03,0.09,178.0,5.4,High,Tier 3 (Specialty),15-30%,0.0,0.5,No,No
39079150,39,Plastics,POLY (BUTYLENE TEREPTHALATE) UNSATURATED,34.69,35.48,2.3,3.3,High,Tier 3 (Specialty),15-30%,5.3,0.5,No,No
39079190,39,Plastics,OTHER UNSATRTD POLYSTR IN PRIMARY FORMS,54.41,51.79,-4.8,3.0,High,Tier 2.5 (Quick-win),60-75%,31.1,0.8,Yes,No
39079900,39,Plastics,OTHERS-OF-OTHER POLYESTERS (SATURATED),281.82,296.55,5.2,3.96,High,Tier 2.5 (Quick-win),60-75%,177.9,0.8,Yes,No
39081011,39,Plastics,FLAKE (CHIP),351.73,253.16,-28.0,3.6,High,Tier 2.5 (Quick-win),60-75%,151.9,0.8,Yes,No
39081019,39,Plastics,OTHER PRIMARY FORM POLYAMIDE -11 {NY/ON-11):,182.04,150.36,-17.4,3.6,High,Tier 2.5 (Quick-win),60-75%,90.2,0.8,Yes,No
39081021,39,Plastics,FLAKE (CHIP),0.22,1.37,525.2,5.4,High,Tier 3 (Specialty),15-30%,0.2,0.5,No,No
39081029,39,Plastics,OTHER PRIMARY FORM POLYAMIDE -12 (NYLON-12):,6.83,8.11,18.8,4.5,High,Tier 3 (Specialty),15-30%,1.2,0.5,No,No
39081031,39,Plastics,FLAKE (CHIP),1.75,1.63,-7.2,3.0,High,Tier 3 (Specialty),15-30%,0.2,0.5,No,No
39081039,39,Plastics,"OTHER PRIMARY FORM POLYAMIDE -6,6 (NYLON-6,6):",11.81,12.28,4.0,3.3,High,Tier 3 (Specialty),15-30%,1.8,0.5,No,No
39081041,39,Plastics,FLAKE(CHIP),102.6,89.23,-13.0,3.0,High,Tier 2.5 (Quick-win),60-75%,53.5,0.8,Yes,No
39081049,39,Plastics,"OTHER PRIMARY FORM POLYAMIDE -6,9 (NYLON-6,9):",27.16,34.36,26.5,5.4,High,Tier 3 (Specialty),15-30%,5.2,0.5,No,No
39081051,39,Plastics,FLAKE (CHIP),0.0,0.0,,3.0,High,Tier 3 (Specialty),15-30%,0.0,0.5,No,No
39081059,39,Plastics,"OTHER PRIMARY FORM POLYAMIDE -6, 10 (NYLON-6, 10):",0.0,0.06,,3.0,High,Tier 3 (Specialty),15-30%,0.0,0.5,No,No
39081061,39,Plastics,FLAKE (CHIP),0.9,0.43,-52.3,3.0,High,Tier 3 (Specialty),15-30%,0.1,0.5,No,No
39081069,39,Plastics,"OTHER PRIMARY FORM POLYAMIDE -6, 12 (NYLON-6, 12):",1.58,0.31,-80.1,3.0,High,Tier 3 (Specialty),15-30%,0.0,0.5,No,No
39081071,39,Plastics,FLAKE (CHIP),2.81,4.06,44.4,5.4,High,Tier 3 (Specialty),15-30%,0.6,0.5,No,No
39081079,39,Plastics,OTHER PRIMARY FORM,41.2,34.54,-16.2,3.0,High,Tier 3 (Specialty),15-30%,5.2,0.5,No,No
39089000,39,Plastics,OTHERS-OF-OTHER POLYAMIDES,102.59,109.46,6.7,3.96,High,Tier 2.5 (Quick-win),60-75%,65.7,0.8,Yes,No
39091010,39,Plastics,UREA FORMALDEHYDE RESINS,4.28,4.2,-2.0,3.0,High,Tier 3 (Specialty),15-30%,0.6,0.5,No,No
39091090,39,Plastics,OTHER UREA RESINS THIOUREA RESINS,7.8,7.18,-8.0,3.0,High,Tier 3 (Specialty),15-30%,1.1,0.5,No,No
39092010,39,Plastics,MELAMINE FORMALDHYDE RESINS,8.57,10.66,24.4,5.4,High,Tier 3 (Specialty),15-30%,1.6,0.5,No,No
39092090,39,Plastics,OTHER MELAMINE RESINS,23.92,21.62,-9.6,3.0,High,Tier 3 (Specialty),15-30%,3.2,0.5,No,No
39093100,39,Plastics,"POLY(METHYLENE PHENYL ISOCYANATE) (CRUDE MDI, POLYMERIC MDI)",415.79,390.29,-6.1,3.6,High,Tier 2.5 (Quick-win),60-75%,234.2,0.8,Yes,No
39093910,39,Plastics,POLY(PHENYLENE OXIDE),0.75,0.21,-71.6,3.0,High,Tier 3 (Specialty),15-30%,0.0,0.5,No,No
39093990,39,Plastics,"OTHERS-OF-OTHERS-OF-AMINO-RESINS, PHENOLIC RESINS AND POLYURETHANES,",43.03,45.51,5.8,3.3,High,Tier 3 (Specialty),15-30%,6.8,0.5,No,No
39094010,39,Plastics,CRESOL FORMALDEHYDE RESINS,0.48,0.49,3.0,3.3,High,Tier 3 (Specialty),15-30%,0.1,0.5,No,No
39094020,39,Plastics,PHENOL FORMALDEHYDE RESINS,7.76,10.94,40.9,5.4,High,Tier 3 (Specialty),15-30%,1.6,0.5,No,No
39094030,39,Plastics,ALKYL PHENOL-FORMALDEHYDE RESINS,1.66,1.52,-8.6,3.0,High,Tier 3 (Specialty),15-30%,0.2,0.5,No,No
39094040,39,Plastics,KETONIC RESINS,1.14,1.56,36.6,5.4,High,Tier 3 (Specialty),15-30%,0.2,0.5,No,No
39094050,39,Plastics,PHENOXI RESINS,0.0,0.03,647.6,5.4,High,Tier 3 (Specialty),15-30%,0.0,0.5,No,No
39094060,39,Plastics,TERPENE PHENOLIC RESINS,1.09,1.31,19.8,4.5,High,Tier 3 (Specialty),15-30%,0.2,0.5,No,No
39094090,39,Plastics,PHENOLIC RESINS NES,69.69,61.94,-11.1,3.0,High,Tier 2.5 (Quick-win),60-75%,37.2,0.8,Yes,No
39095000,39,Plastics,POLYURETHANES,335.36,331.76,-1.1,3.6,High,Tier 2.5 (Quick-win),60-75%,199.1,0.8,Yes,No
39100010,39,Plastics,SILICONE RESINS,17.59,23.82,35.4,5.4,High,Tier 3 (Specialty),15-30%,3.6,0.5,No,No
39100020,39,Plastics,SILICONE OIL,34.62,36.69,6.0,3.3,High,Tier 3 (Specialty),15-30%,5.5,0.5,No,No
39100090,39,Plastics,OTHERS-OF-SILICONS IN PRIMARY FORMS,316.37,335.37,6.0,3.96,High,Tier 2.5 (Quick-win),60-75%,201.2,0.8,Yes,No
39111010,39,Plastics,COUMARONE-INDENE RESINS,12.45,13.9,11.7,4.5,High,Tier 3 (Specialty),15-30%,2.1,0.5,No,No
39111090,39,Plastics,OTHERS-OF-PETROLEUM RESINS COUMARONE INDENE ORCOUMARONE-INDENE RESI...,130.26,113.43,-12.9,3.6,High,Tier 2.5 (Quick-win),60-75%,68.1,0.8,Yes,No
39112000,39,Plastics,"POLY (1,3-PHENYLENE METHYLPHOSPHONATE)",0.0,0.0,,3.0,High,Tier 3 (Specialty),15-30%,0.0,0.5,No,No
39119010,39,Plastics,POLYSULPHONES,3.79,1.49,-60.5,3.0,High,Tier 3 (Specialty),15-30%,0.2,0.5,No,No
39119090,39,Plastics,OTHER PRODUCTS IN RIMARY FORMS  NES,136.71,129.54,-5.2,3.6,High,Tier 2.5 (Quick-win),60-75%,77.7,0.8,Yes,No
39121110,39,Plastics,CELLULOSE ACETATE FLAKES,3.45,5.75,66.3,5.4,High,Tier 3 (Specialty),15-30%,0.9,0.5,No,No
39121190,39,Plastics,OTHERS-OF-CELLULOSE ACETATES-NON-PLASTICISED,4.24,3.32,-21.6,3.0,High,Tier 3 (Specialty),15-30%,0.5,0.5,No,No
39121210,39,Plastics,CELLULOSE ACETATE FLAKES,0.0,0.0,,3.0,High,Tier 3 (Specialty),15-30%,0.0,0.5,No,No
39121220,39,Plastics,CELLULOSE ACETATE MOULDING POWDER,0.0,0.01,328.2,5.4,High,Tier 3 (Specialty),15-30%,0.0,0.5,No,No
39121290,39,Plastics,OTHERS-OF-CELLULOSE ACETATES PLASTICISED,0.19,0.45,142.9,5.4,High,Tier 3 (Specialty),15-30%,0.1,0.5,No,No
39122019,39,Plastics,OTHERS-NON-PLASTICIZED,16.34,17.03,4.2,3.3,High,Tier 3 (Specialty),15-30%,2.6,0.5,No,No
39122029,39,Plastics,OTHERS-PLASTICIZED,0.31,0.21,-33.5,3.0,High,Tier 3 (Specialty),15-30%,0.0,0.5,No,No
39123100,39,Plastics,CARBOXYMETHYLCELLULOSE AND ITS SALTS,87.65,77.98,-11.0,3.0,High,Tier 2.5 (Quick-win),60-75%,46.8,0.8,Yes,No
39123911,39,Plastics,ETHYL CELLULOSE NON-PLASTICIZED,14.99,17.03,13.6,4.5,High,Tier 3 (Specialty),15-30%,2.6,0.5,No,No
39123912,39,Plastics,METHYL CELLULOSE NON-PLASTICIZED,5.55,7.95,43.0,5.4,High,Tier 3 (Specialty),15-30%,1.2,0.5,No,No
39123919,39,Plastics,OTHER CELLULOSE ETHERS NON-PLASTICIZED,190.93,172.24,-9.8,3.6,High,Tier 2.5 (Quick-win),60-75%,103.3,0.8,Yes,No
39123921,39,Plastics,ETHYL CELLULOSE PLASTICIZED,2.71,4.44,63.9,5.4,High,Tier 3 (Specialty),15-30%,0.7,0.5,No,No
39123922,39,Plastics,METHYL CELLULOSE PLASTICIZED,21.14,21.13,-0.1,3.0,High,Tier 3 (Specialty),15-30%,3.2,0.5,No,No
39123929,39,Plastics,OTHERS CELLULOSE ETHERS PLASTICIZED,172.98,178.27,3.1,3.96,High,Tier 2.5 (Quick-win),60-75%,107.0,0.8,Yes,No
39129010,39,Plastics,PROPIONATE CELLULOSE AND ACETO NON-PLSTCZD,2.23,1.64,-26.6,3.0,High,Tier 3 (Specialty),15-30%,0.2,0.5,No,No
39129020,39,Plastics,VISCOSE SPONGE,0.62,0.56,-8.6,3.0,High,Tier 3 (Specialty),15-30%,0.1,0.5,No,No
39129090,39,Plastics,"OTHERS CELLULOSE,ITS CHEMCL DRVTVS IN     PRIMARY FORMS EXCL CELLUL...",126.44,135.83,7.4,3.96,High,Tier 2.5 (Quick-win),60-75%,81.5,0.8,Yes,No
39131010,39,Plastics,SODIUM ALGINATE,8.87,9.69,9.3,3.3,High,Tier 3 (Specialty),15-30%,1.5,0.5,No,No
39131090,39,Plastics,OTHER ALGINIC ACID ITS SALTS AND ESTERS,6.34,6.03,-4.8,3.0,High,Tier 3 (Specialty),15-30%,0.9,0.5,No,No
39139011,39,Plastics,CHLORINATED RUBBER (CHEMICAL DERIVATIVE   OFNATURAL RUBBER),1.14,0.81,-29.4,3.0,High,Tier 3 (Specialty),15-30%,0.1,0.5,No,No
39139019,39,Plastics,OTHER CHEMICAL DERIVATIVE OF NATURAL RUBBR,16.07,13.2,-17.8,3.0,High,Tier 3 (Specialty),15-30%,2.0,0.5,No,No
39139020,39,Plastics,"HARDEND PROTINS(HARDND CASEIN,GELATIN ETC)",1.03,0.92,-10.6,3.0,High,Tier 3 (Specialty),15-30%,0.1,0.5,No,No
39139030,39,Plastics,DEXTRAN,1.64,1.13,-31.5,3.0,High,Tier 3 (Specialty),15-30%,0.2,0.5,No,No
39139090,39,Plastics,OTHER NATRL AND MODFD NATRL POLYMERS NES,52.55,72.04,37.1,5.4,High,Tier 2.5 (Quick-win),60-75%,43.2,0.8,Yes,No
39140010,39,Plastics,ION-EXCHANGERS OF THE CONDENSATION        POLYCONDENSATION OR POLYA...,1.41,0.74,-47.5,3.0,High,Tier 3 (Specialty),15-30%,0.1,0.5,No,No
39140020,39,Plastics,ION-EXCHANGER OF THE POLYMERISATION       OR COPOLYMERISATION TYPE,9.45,15.01,58.9,5.4,High,Tier 3 (Specialty),15-30%,2.3,0.5,No,No
39140090,39,Plastics,"OTHER ION EXCHANGERS BASED ON POLYMERS OF HEADING 3901 TO 3913, IN ...",57.57,58.57,1.8,3.3,High,Tier 2.5 (Quick-win),60-75%,35.1,0.8,Yes,No
39151000,39,Plastics,WSTE PARINGS AND SCRAP OF PLYMRS OF ETHYLENE,22.42,23.45,4.6,3.3,High,Tier 3 (Specialty),15-30%,3.5,0.5,No,No
39152000,39,Plastics,WASTE PARINGS AND SCRAP OF POLYMRS OF STYREN,0.0,0.0,,3.0,High,Tier 3 (Specialty),15-30%,0.0,0.5,No,No
39153090,39,Plastics,OTHER WASTE PARINGS AND SCRAP OF P.V.C.,0.0,0.0,145.4,5.4,High,Tier 3 (Specialty),15-30%,0.0,0.5,No,No
39159010,39,Plastics,WASTE PARINGS AND SCRAP OF POLYPROPYLENE,0.02,0.09,446.0,5.4,High,Tier 3 (Specialty),15-30%,0.0,0.5,No,No
39159030,39,Plastics,WASTE SCRAP OF ACRYLIC POLYMERS AND        METHLYACRYLIC COPOLYMERS,0.01,0.0,,3.0,High,Tier 3 (Specialty),15-30%,0.0,0.5,No,No
39159042,39,Plastics,WASTE PARINGS SCRAP  OF PET BOTTLES,0.0,0.0,,3.0,High,Tier 3 (Specialty),15-30%,0.0,0.5,No,No
39159079,39,Plastics,OTHERS-OF-WASTE PARINGS AND SCRAP OF OTHR PLASTIC,0.02,0.01,-54.1,3.0,High,Tier 3 (Specialty),15-30%,0.0,0.5,No,No
39159090,39,Plastics,WASTE PARINGS AND SCRAP OF OTHR PLASTIC NES,1.91,1.32,-31.3,3.0,High,Tier 3 (Specialty),15-30%,0.2,0.5,No,No
39161010,39,Plastics,RODS OF POLYETHYLENE,0.42,0.31,-26.4,3.0,High,Tier 3 (Specialty),15-30%,0.0,0.5,No,No
39161020,39,Plastics,CANES OF POLYMERS OF ETHYLENE,0.05,0.36,592.4,5.4,High,Tier 3 (Specialty),15-30%,0.1,0.5,No,No
39161090,39,Plastics,OTHERS POLYMERS OF ETHYLENE,3.8,2.94,-22.8,3.0,High,Tier 3 (Specialty),15-30%,0.4,0.5,No,No
39162011,39,Plastics,CANES OF CO-POLMRS OF VINYL CHLRIDE,0.29,0.11,-62.3,3.0,High,Tier 3 (Specialty),15-30%,0.0,0.5,No,No
39162019,39,Plastics,OTHER OF CO-POLMRS OF VINYL CHLRIDE,103.98,113.44,9.1,3.96,High,Tier 2.5 (Quick-win),60-75%,68.1,0.8,Yes,No
39162091,39,Plastics,CANES OF OTHR POLMRS OF VINYL CHLRIDE,0.0,0.0,-80.1,3.0,High,Tier 3 (Specialty),15-30%,0.0,0.5,No,No
39162099,39,Plastics,OTHER OF OTHER POLMRS OF VINYL CHLRIDE,11.76,11.76,-0.0,3.0,High,Tier 3 (Specialty),15-30%,1.8,0.5,No,No
39169010,39,Plastics,CANES  OF OTHR PLSTCS,1.77,3.1,75.4,5.4,High,Tier 3 (Specialty),15-30%,0.5,0.5,No,No
39169023,39,Plastics,ALKYDS AND POLYESTERS,1.24,1.05,-15.1,3.0,High,Tier 3 (Specialty),15-30%,0.2,0.5,No,No
39169024,39,Plastics,POLYAMIDS,0.37,0.55,49.5,5.4,High,Tier 3 (Specialty),15-30%,0.1,0.5,No,No
39169025,39,Plastics,POLYURETHANES,0.02,0.13,721.7,5.4,High,Tier 3 (Specialty),15-30%,0.0,0.5,No,No
39169026,39,Plastics,EPOXIDE-RESINS(INCLUDING WASTE AND SCRAP),0.0,0.0,,3.0,High,Tier 3 (Specialty),15-30%,0.0,0.5,No,No
39169027,39,Plastics,POLYPROPYLENE,0.84,0.7,-16.4,3.0,High,Tier 3 (Specialty),15-30%,0.1,0.5,No,No
39169028,39,Plastics,ACRYLICMETHACRYLIC ANDACRYLOMETHACRYLIC POLY,0.17,0.23,33.6,5.4,High,Tier 3 (Specialty),15-30%,0.0,0.5,No,No
39169031,39,Plastics,PLYMRSTN AND COPLYMRSTN PRDCTS OF PLYSTYREN,0.1,0.09,-6.8,3.0,High,Tier 3 (Specialty),15-30%,0.0,0.5,No,No
39169032,39,Plastics,POLYMETHYL METHACRYLATE,0.0,0.01,153360.0,5.4,High,Tier 3 (Specialty),15-30%,0.0,0.5,No,No
39169040,39,Plastics,REGENARATED CELLULOSE,0.0,0.01,3623.0,5.4,High,Tier 3 (Specialty),15-30%,0.0,0.5,No,No
39169050,39,Plastics,CLULSE NTRTE AND CELULD PLSTCZD AND NONPLSTCZD,1.13,1.11,-2.3,3.0,High,Tier 3 (Specialty),15-30%,0.2,0.5,No,No
39169060,39,Plastics,VULCANIZED FIBRE (ROD ETC),4.28,1.54,-64.0,3.0,High,Tier 3 (Specialty),15-30%,0.2,0.5,No,No
39169070,39,Plastics,CELLULOSE ACETATE AND ACETATE BUTYRATE    (PLASTICIZED AND NON-PLAS...,0.03,0.07,187.7,5.4,High,Tier 3 (Specialty),15-30%,0.0,0.5,No,No
39169080,39,Plastics,VINYL PLASTIC,0.12,0.15,30.6,5.4,High,Tier 3 (Specialty),15-30%,0.0,0.5,No,No
39169090,39,Plastics,OTHR PLYMRSN AND COPLYMRSN PRDCTS,12.46,15.15,21.6,5.4,High,Tier 3 (Specialty),15-30%,2.3,0.5,No,No
39171010,39,Plastics,"TUBE,PIPEANDHOSESANDFTTNGS OF HARDENED PROTEIN",0.27,0.94,251.4,5.4,High,Tier 3 (Specialty),15-30%,0.1,0.5,No,No
39171020,39,Plastics,"TUBE,PIPEANDHOSESANDFTTNG OF CELLULOSIC MATERL",1.2,1.19,-1.3,3.0,High,Tier 3 (Specialty),15-30%,0.2,0.5,No,No
39172110,39,Plastics,TUBES OF POLYETHYLENE,7.54,7.87,4.4,3.3,High,Tier 3 (Specialty),15-30%,1.2,0.5,No,No
39172190,39,Plastics,OTHERS-OF-TUBES PIPES AND HOSES OF POLYETHYLNE RIGID,14.18,15.69,10.6,4.5,High,Tier 3 (Specialty),15-30%,2.4,0.5,No,No
39172200,39,Plastics,TUBES PIPES AND HOSES OF PLYMRS OF PROPYLENE,5.34,4.83,-9.5,3.0,High,Tier 3 (Specialty),15-30%,0.7,0.5,No,No
39172310,39,Plastics,SEAMLESS TUBES  OF POLYVINYL CHLORDE,1.59,3.96,148.7,5.4,High,Tier 3 (Specialty),15-30%,0.6,0.5,No,No
39172390,39,Plastics,OTHR TUBE PIPEAND HOSES OF POLYVINYL CHLORDE,6.87,7.11,3.6,3.3,High,Tier 3 (Specialty),15-30%,1.1,0.5,No,No
39172910,39,Plastics,SEAMLESS TUBE OF COPOLYMERS OF VINYL      ACETATE AND VINYL CHLORIDE,0.68,0.52,-24.2,3.0,High,Tier 3 (Specialty),15-30%,0.1,0.5,No,No
39172920,39,Plastics,SMLESS TBE OF PLYMRS AND CPLYMRS OF PLYSTRNE,0.19,0.23,20.3,5.4,High,Tier 3 (Specialty),15-30%,0.0,0.5,No,No
39172930,39,Plastics,TUBE OF CELLULOSE NITRATE AND CELLULOID   PLASTICIZED AND NON-PLAST...,0.48,0.12,-75.1,3.0,High,Tier 3 (Specialty),15-30%,0.0,0.5,No,No
39172940,39,Plastics,TUBE OF CELLULOSE ACETATE/ACETATE BUTYRATE,0.0,0.0,,3.0,High,Tier 3 (Specialty),15-30%,0.0,0.5,No,No
39172950,39,Plastics,TUBE OF VINYL PLSTCS (PLSTCZD NON-PLSTCZD),0.03,0.04,24.7,5.4,High,Tier 3 (Specialty),15-30%,0.0,0.5,No,No
39172990,39,Plastics,TUBE PIPEAND HOSES OF OTHR PLSTCS RIGID NES,54.42,50.7,-6.8,3.0,High,Tier 2.5 (Quick-win),60-75%,30.4,0.8,Yes,No
39173100,39,Plastics,FLEXIBLE TUBES PIPES AND HOSES HAVING A   MINIMUM BURST PRESSURE OF...,13.27,15.47,16.6,4.5,High,Tier 3 (Specialty),15-30%,2.3,0.5,No,No
39173210,39,Plastics,TUBE PIPEANDHOSES OF CONDENSATON /          REARANGMNTPOLYMERIZATON...,0.65,0.68,5.2,3.3,High,Tier 3 (Specialty),15-30%,0.1,0.5,No,No
39173220,39,Plastics,TUBES PIPES AND HOSES OF ADDITION           POLYMERISATION PRODUCTS,0.33,0.35,8.1,3.3,High,Tier 3 (Specialty),15-30%,0.1,0.5,No,No
39173290,39,Plastics,"OTHR TUBE,PIPES AND HOSES  NOT REINFORCED   ORCOMBINED WITH OTHER M...",64.98,71.78,10.5,4.5,High,Tier 2.5 (Quick-win),60-75%,43.1,0.8,Yes,No
39173300,39,Plastics,TUBES PIPES AND HOSES NT REINFORCED/        OTHRWISECOMBINED WITH O...,11.73,14.85,26.6,5.4,High,Tier 3 (Specialty),15-30%,2.2,0.5,No,No
39173910,39,Plastics,OTHR TUBE PIPEAND HOSES OF CONDENSATON  OR  REARANGMNT POLYMERIZ PR...,0.61,0.68,11.3,4.5,High,Tier 3 (Specialty),15-30%,0.1,0.5,No,No
39173920,39,Plastics,OTHR TUBE PIPEAND HOSES OF  ADDITION        POLYMERISATION PRODUCTS,0.62,1.03,65.0,5.4,High,Tier 3 (Specialty),15-30%,0.2,0.5,No,No
39173990,39,Plastics,OTHR TUBES PIPES AND HOSES  NES,61.62,64.52,4.7,3.3,High,Tier 2.5 (Quick-win),60-75%,38.7,0.8,Yes,No
39174000,39,Plastics,FITTINGS FOR TUBES PIPES AND HOSES OF PLSTC,74.31,89.54,20.5,5.4,High,Tier 2.5 (Quick-win),60-75%,53.7,0.8,Yes,No
39181010,39,Plastics,"WALL /CEILING COVER COMB WITH KNITED/     WOVENFABRICS, NONWOVENS/F...",4.51,4.4,-2.3,3.0,High,Tier 3 (Specialty),15-30%,0.7,0.5,No,No
39181090,39,Plastics,OTHER POLYMERS OF VENYL CHLORIDE,36.96,46.3,25.3,5.4,High,Tier 3 (Specialty),15-30%,6.9,0.5,No,No
39189010,39,Plastics,FLOOR COVERINGS OF LINOXYN,0.15,0.14,-2.0,3.0,High,Tier 3 (Specialty),15-30%,0.0,0.5,No,No
39189020,39,Plastics,"WALL /CEILING COVER COMB WITH KNITED/     WOVENFABRICS, NONWOVENS/F...",1.39,1.73,24.3,5.4,High,Tier 3 (Specialty),15-30%,0.3,0.5,No,No
39189090,39,Plastics,FLOOR COVERING OF OTHER PLASTICS NES,27.35,29.12,6.5,3.3,High,Tier 3 (Specialty),15-30%,4.4,0.5,No,No
39191000,39,Plastics,"SELF-ADHSV PLTS ETC IN RLS,WDTH < = 20CM",59.82,66.59,11.3,4.5,High,Tier 2.5 (Quick-win),60-75%,40.0,0.8,Yes,No
39199010,39,Plastics,"PLASTIC STICKERS, WHETHER OR NOT PRINTED, EMBOSSED, OR IMPREGNATED",52.75,58.64,11.2,4.5,High,Tier 2.5 (Quick-win),60-75%,35.2,0.8,Yes,No
39199020,39,Plastics,CELLULOSE ADHESIVE TAPE,15.59,17.83,14.4,4.5,High,Tier 3 (Specialty),15-30%,2.7,0.5,No,No
39199090,39,Plastics,OTHER SELF-ADHSV PLTS ETC   NES,627.74,657.78,4.8,4.95,High,Tier 2.5 (Quick-win),60-75%,394.7,0.8,Yes,No
39201011,39,Plastics,"SHEETS OF POLEYTHYLENE: RIGID, PLAIN",6.63,7.21,8.7,3.3,High,Tier 3 (Specialty),15-30%,1.1,0.5,No,No
39201012,39,Plastics,"SHEETS OF POLEYTHYLENE: FLEXIBLE, PLAIN",7.4,9.54,28.9,5.4,High,Tier 3 (Specialty),15-30%,1.4,0.5,No,No
39201013,39,Plastics,"SHEETS OF POLEYTHYLENE: Geomembrane, confirming to IS 16352",0.0,0.0,,3.0,High,Tier 3 (Specialty),15-30%,0.0,0.5,No,No
39201019,39,Plastics,OTHER SHEETS OF POLEYTHYLENE:,108.81,104.74,-3.7,3.6,High,Tier 2.5 (Quick-win),60-75%,62.8,0.8,Yes,No
39201091,39,Plastics,"OTHR PLTS,SHEET ETC OF POLYMRS OF         ETHYLENERIGID, PLAIN",0.74,1.4,87.5,5.4,High,Tier 3 (Specialty),15-30%,0.2,0.5,No,No
39201092,39,Plastics,"OTHR PLTS,SHEET ETC OF POLYMRS OF         ETHYLENEFLEXIBLE, PLAIN",7.79,9.37,20.4,5.4,High,Tier 3 (Specialty),15-30%,1.4,0.5,No,No
39201093,39,Plastics,ARMOUR FOR BALLISTIC PROTECTION,0.0,0.01,198.9,5.4,High,Tier 3 (Specialty),15-30%,0.0,0.5,No,No
39201099,39,Plastics,"OTHR PLTS,SHEET OF POLYMRS OF ETHYLENE NES",338.38,551.1,62.9,8.1,High,Tier 2 (Dependent),30-50%,165.3,0.7,No,No
39202010,39,Plastics,"PLTES SHTS ETC. OF POLYMRS OF PROPYLN     RIGID, PLAIN",5.6,9.65,72.2,5.4,High,Tier 3 (Specialty),15-30%,1.4,0.5,No,No
39202020,39,Plastics,"PLTES SHTS ETC. OF POLYMRS OF PROPYLN     FLEXIBLE, PLAIN",38.25,58.78,53.7,5.4,High,Tier 2.5 (Quick-win),60-75%,35.3,0.8,Yes,No
39202090,39,Plastics,PLTES SHTS OF POLYMRS OF PROPYLN NES,82.94,110.95,33.8,6.48,High,Tier 2 (Dependent),30-50%,33.3,0.7,Yes,No
39203010,39,Plastics,"PLTES SHTS ETC. OF POLYMRS OF STYRENE     RIGID, PLAIN",3.98,4.17,4.8,3.3,High,Tier 3 (Specialty),15-30%,0.6,0.5,No,No
39203020,39,Plastics,"PLTES SHTS ETC. OF POLYMRS OF STYRENE     FLEXIBLE, PLAIN",0.28,0.21,-24.8,3.0,High,Tier 3 (Specialty),15-30%,0.0,0.5,No,No
39203090,39,Plastics,PLTES SHTS ETC. OF POLYMRS OF STYRENE NES,23.88,17.29,-27.6,3.0,High,Tier 3 (Specialty),15-30%,2.6,0.5,No,No
39204300,39,Plastics,PLTES SHTS ETC OF POLYMRS OF VINYL        CHLORIDCONT. BY WEIGHT >=...,25.95,23.38,-9.9,3.0,High,Tier 3 (Specialty),15-30%,3.5,0.5,No,No
39204900,39,Plastics,OTHR PLTES SHTS OF POLYMR OF VINYL CHLORID,136.12,158.82,16.7,5.4,High,Tier 2.5 (Quick-win),60-75%,95.3,0.8,Yes,No
39205111,39,Plastics,"SHTS OF PLYMTHYL METHACRYLTE RIGID, PLAIN",83.39,85.22,2.2,3.3,High,Tier 2.5 (Quick-win),60-75%,51.1,0.8,Yes,No
39205112,39,Plastics,SHTS OF PLYMTHYL METHACRYLTE FLEXIBL PLAIN,0.0,0.66,17066.8,5.4,High,Tier 3 (Specialty),15-30%,0.1,0.5,No,No
39205119,39,Plastics,OTHER SHEETS OF PLYMTHYL METHACRYLTE,104.42,90.57,-13.3,3.0,High,Tier 2.5 (Quick-win),60-75%,54.3,0.8,Yes,No
39205191,39,Plastics,"OTHR PLATES,SHEETS OF PLYMTHYL            METHACRYLTERIGID, PLAIN",0.01,0.22,2701.8,5.4,High,Tier 3 (Specialty),15-30%,0.0,0.5,No,No
39205199,39,Plastics,"OTHR PLAT,SHEET OF PLYMTHYL METHACRYLT NES",33.05,31.81,-3.8,3.0,High,Tier 3 (Specialty),15-30%,4.8,0.5,No,No
39205911,39,Plastics,"POLY ACRYLATE SHEETS RIGID, PLAIN",0.33,0.65,97.5,5.4,High,Tier 3 (Specialty),15-30%,0.1,0.5,No,No
39205912,39,Plastics,"POLY ACRYLATE SHEETS FLEXIBLE, PLAIN",0.01,0.0,-95.0,3.0,High,Tier 3 (Specialty),15-30%,0.0,0.5,No,No
39205919,39,Plastics,POLY ACRYLATE SHEETS OTHER,9.19,4.4,-52.1,3.0,High,Tier 3 (Specialty),15-30%,0.7,0.5,No,No
39205991,39,Plastics,"SHETS ETC OF OTHR ACRYLIC POLYMERS  NES   RIGID, PLAIN",0.0,0.01,,3.0,High,Tier 3 (Specialty),15-30%,0.0,0.5,No,No
39205999,39,Plastics,OTHR SHETS ETC OF OTHR ACRYLIC POLYMER NES,7.04,7.05,0.2,3.3,High,Tier 3 (Specialty),15-30%,1.1,0.5,No,No
39206110,39,Plastics,"PLTES SHTS ETC OF PLYCRBNTS RIGID, PLAIN",1.73,3.14,81.6,5.4,High,Tier 3 (Specialty),15-30%,0.5,0.5,No,No
39206120,39,Plastics,"PLTES SHTS ETC OF PLYCRBNTS FLEXIBLE, PLAI",1.03,0.5,-50.8,3.0,High,Tier 3 (Specialty),15-30%,0.1,0.5,No,No
39206190,39,Plastics,PLTES SHTS ETC OF PLYCRBNTS NES,22.4,50.18,124.0,5.4,High,Tier 2.5 (Quick-win),60-75%,30.1,0.8,Yes,No
39206210,39,Plastics,"PLTES SHTS ETC OF PLYETHYLN TEREPHTHALTE  RIGID, PLAIN",4.16,6.49,56.2,5.4,High,Tier 3 (Specialty),15-30%,1.0,0.5,No,No
39206220,39,Plastics,"PLTES SHTS ETC OF PLYETHYLN TEREPHTHALTE  FLEXIBLE, PLAIN",19.92,24.79,24.5,5.4,High,Tier 3 (Specialty),15-30%,3.7,0.5,No,No
39206290,39,Plastics,PLTES SHTS OF PLYETHYLN TEREPHTHALTE NES,151.06,149.66,-0.9,3.6,High,Tier 2.5 (Quick-win),60-75%,89.8,0.8,Yes,No
39206310,39,Plastics,"PLTES SHTS ETC OF UNSATURATED POLYESTERS  RIGID, PLAIN",0.0,0.98,39074.5,5.4,High,Tier 3 (Specialty),15-30%,0.1,0.5,No,No
39206320,39,Plastics,"PLTES SHTS ETC OF UNSATURATED POLYESTERS  FLEXIBLE, PLAIN",0.08,0.07,-21.8,3.0,High,Tier 3 (Specialty),15-30%,0.0,0.5,No,No
39206390,39,Plastics,PLTES SHTS OF UNSATURATED POLYESTERS NES,10.62,12.49,17.6,4.5,High,Tier 3 (Specialty),15-30%,1.9,0.5,No,No
39206911,39,Plastics,PACKAG FILM OF OTHR POLYESTER RIGID PLAIN,2.25,0.02,-99.1,3.0,High,Tier 3 (Specialty),15-30%,0.0,0.5,No,No
39206912,39,Plastics,PACKAG FILM OF OTHR POLYESTR FLEXIBL PLAIN,0.07,0.02,-76.3,3.0,High,Tier 3 (Specialty),15-30%,0.0,0.5,No,No
39206919,39,Plastics,PACKAG FILM OF OTHR POLYESTERS NES,23.55,26.98,14.5,4.5,High,Tier 3 (Specialty),15-30%,4.0,0.5,No,No
39206921,39,Plastics,"SUN/DUST CONTROL FILM OF OTHR POLYESTERS  RIGID, PLAIN",0.0,0.3,,3.0,High,Tier 3 (Specialty),15-30%,0.0,0.5,No,No
39206922,39,Plastics,"SUN/DUST CONTROL FILM  OF OTHR POLYESTERS FLEXIBLE, PLAIN",0.03,0.01,-72.4,3.0,High,Tier 3 (Specialty),15-30%,0.0,0.5,No,No
39206929,39,Plastics,SUN/DUST CONTRL FILM OF OTHR POLYESTER NES,14.89,12.53,-15.9,3.0,High,Tier 3 (Specialty),15-30%,1.9,0.5,No,No
39206931,39,Plastics,"OTHR FILM OF OTHR POLYESTER RIGID, PLAIN",0.01,0.0,,3.0,High,Tier 3 (Specialty),15-30%,0.0,0.5,No,No
39206932,39,Plastics,OTHR FILM OF OTHR POLYESTER FLEXIBLE PLAIN,0.28,0.19,-32.6,3.0,High,Tier 3 (Specialty),15-30%,0.0,0.5,No,No
39206939,39,Plastics,OTHR FILM OF OTHR POLYESTER NES,4.9,6.08,24.1,5.4,High,Tier 3 (Specialty),15-30%,0.9,0.5,No,No
39206992,39,Plastics,"OTHER PLTES SHTS ETC OF OTHR POLYESTERS   FLEXIBLE, PLAIN",0.07,0.07,2.8,3.3,High,Tier 3 (Specialty),15-30%,0.0,0.5,No,No
39206999,39,Plastics,OTHER PLTES SHTS ETC OF OTHR POLYESTER NES,10.45,14.7,40.6,5.4,High,Tier 3 (Specialty),15-30%,2.2,0.5,No,No
39207111,39,Plastics,CELLO PHANE TRANSPARENT FILM,4.22,3.97,-5.7,3.0,High,Tier 3 (Specialty),15-30%,0.6,0.5,No,No
39207119,39,Plastics,OTHER CELLO PHANE TRANSPARENT,2.22,1.61,-27.2,3.0,High,Tier 3 (Specialty),15-30%,0.2,0.5,No,No
39207129,39,Plastics,OTHR SHEETS OF CELLULOSE NITRATEAND         CELLULOIDW/N PLASTICISED,0.01,0.01,19.4,4.5,High,Tier 3 (Specialty),15-30%,0.0,0.5,No,No
39207191,39,Plastics,"OTHR PLTES SHTS ETC OF REGENERATD         CELLULSERIGID, PLAIN",0.01,0.0,,3.0,High,Tier 3 (Specialty),15-30%,0.0,0.5,No,No
39207199,39,Plastics,OTHR PLTES SHTS OF REGENERATD CELLULSE NES,0.22,0.09,-59.3,3.0,High,Tier 3 (Specialty),15-30%,0.0,0.5,No,No
39207311,39,Plastics,"SHTS OF CELLULOSE ACETATE NON-PLASTICISED RIGID, PLAIN",1.42,0.9,-36.5,3.0,High,Tier 3 (Specialty),15-30%,0.1,0.5,No,No
39207312,39,Plastics,"SHTS OF CELLULOSE ACETATE NON-PLASTICISED FLEXIBLE, PLAIN",0.0,0.12,,3.0,High,Tier 3 (Specialty),15-30%,0.0,0.5,No,No
39207319,39,Plastics,SHTS OF CELLULOS ACETATE NON-PLASTICIS NES,0.12,0.24,91.7,5.4,High,Tier 3 (Specialty),15-30%,0.0,0.5,No,No
39207321,39,Plastics,"SHTS OF CELLULOSE ACETATE PLASTICISED     RIGID, PLAIN",0.0,0.0,,3.0,High,Tier 3 (Specialty),15-30%,0.0,0.5,No,No
39207329,39,Plastics,SHTS OF CELLULOSE ACETATE PLASTICISED  NES,0.74,2.2,197.5,5.4,High,Tier 3 (Specialty),15-30%,0.3,0.5,No,No
39207399,39,Plastics,OTHR PLTES SHTS OF CELLULOSE ACETATE NES,1.04,1.13,8.0,3.3,High,Tier 3 (Specialty),15-30%,0.2,0.5,No,No
39207911,39,Plastics,SHEETS OF CELLULOSE NITRATE AND CELLULOID W/N PLASTICISED OF OTHER ...,0.31,0.24,-22.4,3.0,High,Tier 3 (Specialty),15-30%,0.0,0.5,No,No
39207919,39,Plastics,SHEETS OF CELLULOSE NITRATE AND CELLULOID W/N PLASTICISED OF OTHER ...,0.03,0.09,184.4,5.4,High,Tier 3 (Specialty),15-30%,0.0,0.5,No,No
39207991,39,Plastics,"OTHR PLTES SHTS ETC OF OTHR CELULSE       DRVTVSRIGID, PLAIN NES",0.0,0.0,,3.0,High,Tier 3 (Specialty),15-30%,0.0,0.5,No,No
39207992,39,Plastics,"OTHR PLTES SHTS ETC OF OTHR CELULSE       DRVTVSFLEXIBLE, PLAIN NES",0.0,0.0,,3.0,High,Tier 3 (Specialty),15-30%,0.0,0.5,No,No
39207999,39,Plastics,OTHR PLTES SHTS ETC OF OTHR CELULSE       DRVTVSOTHER NES,7.39,12.75,72.6,5.4,High,Tier 3 (Specialty),15-30%,1.9,0.5,No,No
39209110,39,Plastics,"RIGID, PLAIN",2.83,3.32,17.4,4.5,High,Tier 3 (Specialty),15-30%,0.5,0.5,No,No
39209120,39,Plastics,"FLEXIBLE, PLAIN",0.34,0.44,29.8,5.4,High,Tier 3 (Specialty),15-30%,0.1,0.5,No,No
39209190,39,Plastics,OTHERS-OF-OTHR PLTES SHTS ETCOF OTHER PLASTICS:,61.41,68.96,12.3,4.5,High,Tier 2.5 (Quick-win),60-75%,41.4,0.8,Yes,No
39209211,39,Plastics,"POLY (AMIDE FLURODE) FILM RIGID, PLAIN",0.04,0.01,-84.5,3.0,High,Tier 3 (Specialty),15-30%,0.0,0.5,No,No
39209212,39,Plastics,"POLY (AMIDE FLURODE) FILM FLEXIBLE, PLAIN",0.06,0.18,221.3,5.4,High,Tier 3 (Specialty),15-30%,0.0,0.5,No,No
39209219,39,Plastics,POLY (AMIDE FLURODE) FILM  OTHER,26.05,25.84,-0.8,3.0,High,Tier 3 (Specialty),15-30%,3.9,0.5,No,No
39209291,39,Plastics,"OTHER POLYAMIDES RIGID, PLAIN",0.0,0.01,,3.0,High,Tier 3 (Specialty),15-30%,0.0,0.5,No,No
39209292,39,Plastics,"OTHER POLYAMIDES FLEXIBLE, PLAIN",0.28,0.24,-13.1,3.0,High,Tier 3 (Specialty),15-30%,0.0,0.5,No,No
39209299,39,Plastics,OTHER POLYAMIDES NES,17.12,18.84,10.1,4.5,High,Tier 3 (Specialty),15-30%,2.8,0.5,No,No
39209390,39,Plastics,OTHR PLTES SHTS ETC OF AMINO-RESINS  NES,0.01,0.01,-9.6,3.0,High,Tier 3 (Specialty),15-30%,0.0,0.5,No,No
39209410,39,Plastics,"RIGID, PLAIN OF PHENOLIC RESINS",0.01,0.0,-97.2,3.0,High,Tier 3 (Specialty),15-30%,0.0,0.5,No,No
39209420,39,Plastics,"FLEXIBLE, PLAIN OF PHENOLIC RESINS",0.04,0.07,99.1,5.4,High,Tier 3 (Specialty),15-30%,0.0,0.5,No,No
39209490,39,Plastics,OTHR PLTES SHTS ETC OF PHENOLIC RESINS NES,1.93,2.07,7.0,3.3,High,Tier 3 (Specialty),15-30%,0.3,0.5,No,No
39209911,39,Plastics,"PLATES SHEETS FILMS FOIL AND STRIP OF POLY  (VINYL ACETATE) RIGID, ...",0.13,0.28,108.6,5.4,High,Tier 3 (Specialty),15-30%,0.0,0.5,No,No
39209912,39,Plastics,PLATES SHEETS FILMS FOIL AND STRIP OF POLY  (VINYL ACETATE) FLEXIBL...,0.77,0.18,-76.7,3.0,High,Tier 3 (Specialty),15-30%,0.0,0.5,No,No
39209919,39,Plastics,PLATES SHEETS FILMS FOIL AND STRIP OF POLY  (VINYL ACETATE) NES,16.86,12.29,-27.1,3.0,High,Tier 3 (Specialty),15-30%,1.8,0.5,No,No
39209921,39,Plastics,"SHEETS FILMS  STRIP OF VINYL PLASTICS     RIGID, PLAIN",0.16,0.09,-43.1,3.0,High,Tier 3 (Specialty),15-30%,0.0,0.5,No,No
39209922,39,Plastics,"SHEETS FILMS  STRIP OF VINYL PLASTICS     FLEXIBLE, PLAIN",1.56,1.43,-7.9,3.0,High,Tier 3 (Specialty),15-30%,0.2,0.5,No,No
39209929,39,Plastics,SHEETS FILMS  STRIP OF VINYL PLASTICS NES,10.48,8.93,-14.8,3.0,High,Tier 3 (Specialty),15-30%,1.3,0.5,No,No
39209931,39,Plastics,PLATE SHEET FILM FOIL AND STRIP OF          COPOLYMEROF VINYL CHLOR...,0.0,0.0,,3.0,High,Tier 3 (Specialty),15-30%,0.0,0.5,No,No
39209932,39,Plastics,PLATE SHEET FILM FOIL AND STRIP OF          COPOLYMEROF VINYL CHLOR...,1.17,0.58,-50.4,3.0,High,Tier 3 (Specialty),15-30%,0.1,0.5,No,No
39209939,39,Plastics,PLATE SHEET FILM FOIL AND STRIP OF          COPOLYMEROF VINYL CHLOR...,68.44,49.03,-28.4,3.0,High,Tier 3 (Specialty),15-30%,7.4,0.5,No,No
39209941,39,Plastics,"SHEET OF POLY(TETRAFLURO-ETHYLENE)(PTFE)  RIGID, PLAIN",0.12,0.19,55.4,5.4,High,Tier 3 (Specialty),15-30%,0.0,0.5,No,No
39209942,39,Plastics,"SHEET OF POLY(TETRAFLURO-ETHYLENE)(PTFE)  FLEXIBLE, PLAIN",0.3,0.71,139.5,5.4,High,Tier 3 (Specialty),15-30%,0.1,0.5,No,No
39209949,39,Plastics,SHEET OF POLY(TETRAFLURO-ETHYLENE)(PTFE)  OTHER,8.64,7.41,-14.2,3.0,High,Tier 3 (Specialty),15-30%,1.1,0.5,No,No
39209951,39,Plastics,"RETRO REFLECTIVE SHEETING RIGID, PLAIN",0.01,0.0,,3.0,High,Tier 3 (Specialty),15-30%,0.0,0.5,No,No
39209952,39,Plastics,"RETRO REFLECTIVE SHEETING FLEXIBLE, PLAIN",0.09,0.14,61.5,5.4,High,Tier 3 (Specialty),15-30%,0.0,0.5,No,No
39209959,39,Plastics,RETRO REFLECTIVE SHEETING OTHER,39.1,28.3,-27.6,3.0,High,Tier 3 (Specialty),15-30%,4.2,0.5,No,No
39209960,39,Plastics,CLICKING BOARDS FOR LEATHER MACHINERY,0.13,0.04,-67.8,3.0,High,Tier 3 (Specialty),15-30%,0.0,0.5,No,No
39209991,39,Plastics,"OTHER PLATES SHEETS ETC OF OTHR PLASTICS  RIGID, PLAIN",1.53,1.81,18.4,4.5,High,Tier 3 (Specialty),15-30%,0.3,0.5,No,No
39209992,39,Plastics,"OTHER PLATES SHEETS ETC OF OTHR PLASTICS  FLEXIBLE, PLAIN",7.72,7.81,1.2,3.3,High,Tier 3 (Specialty),15-30%,1.2,0.5,No,No
39209999,39,Plastics,OTHERS PLATE/ SHEETS ETC. OF OTHER PLASTIC N.E.S,213.48,219.69,2.9,3.96,High,Tier 2.5 (Quick-win),60-75%,131.8,0.8,Yes,No
39211100,39,Plastics,PLTES SHTS ETC OF POLYMRS OF STYRENE,8.24,7.12,-13.7,3.0,High,Tier 3 (Specialty),15-30%,1.1,0.5,No,No
39211200,39,Plastics,PLTES ETC OF POLYMRS OF VINYL CHLORDE,49.19,60.42,22.8,5.4,High,Tier 2.5 (Quick-win),60-75%,36.3,0.8,Yes,No
39211310,39,Plastics,PLTES ETC OF POLYURETHANES FLEXIBLE,6.29,9.95,58.3,5.4,High,Tier 3 (Specialty),15-30%,1.5,0.5,No,No
39211390,39,Plastics,PLTES ETC OF POLYURETHANES OTHER,50.1,52.56,4.9,3.3,High,Tier 2.5 (Quick-win),60-75%,31.5,0.8,Yes,No
39211400,39,Plastics,PLTES ETC OF REGNRTD CELULSE,4.5,5.37,19.4,4.5,High,Tier 3 (Specialty),15-30%,0.8,0.5,No,No
39211900,39,Plastics,OTHR PLTES SHTS ETC OF OTHR PLSTCS CELULR,84.31,89.49,6.1,3.3,High,Tier 2.5 (Quick-win),60-75%,53.7,0.8,Yes,No
39219010,39,Plastics,THERM0C0L,2.84,2.52,-11.2,3.0,High,Tier 3 (Specialty),15-30%,0.4,0.5,No,No
39219021,39,Plastics,"OTHR PLTS,SHTS,FILM FOIL,STRIP ETC, OF    POLYMER OF VINYL CHLORIDE...",0.13,0.03,-73.7,3.0,High,Tier 3 (Specialty),15-30%,0.0,0.5,No,No
39219022,39,Plastics,"OTHR PLTS,SHTS,FILM FOIL,STRIP ETC, OF    POLYMER OF VINYL CHLORIDE...",0.04,0.04,-8.4,3.0,High,Tier 3 (Specialty),15-30%,0.0,0.5,No,No
39219023,39,Plastics,"OTHR PLTS,SHTS,FILM FOIL,STRIP ETC, OF    POLYMER OF VINYL CHLORIDE...",0.23,0.51,124.3,5.4,High,Tier 3 (Specialty),15-30%,0.1,0.5,No,No
39219024,39,Plastics,"OTHR PLTS,SHTS,FILM FOIL,STRIP ETC, OF    POLYMER OF VINYL CHLORIDE...",0.42,0.78,85.4,5.4,High,Tier 3 (Specialty),15-30%,0.1,0.5,No,No
39219025,39,Plastics,"OTHR PLTS,SHTS,FILM FOIL,STRIP ETC, OF    POLYMER OF VINYL CHLORIDE...",0.24,0.84,252.2,5.4,High,Tier 3 (Specialty),15-30%,0.1,0.5,No,No
39219026,39,Plastics,"OTHR PLTS,SHTS,FILM FOIL,STRIP ETC, OF    POLYMER OF VINYL CHLORIDE...",3.7,6.14,65.9,5.4,High,Tier 3 (Specialty),15-30%,0.9,0.5,No,No
39219027,39,Plastics,ARCHITECTURAL MEMBRANE,0.0,0.04,3767.0,5.4,High,Tier 3 (Specialty),15-30%,0.0,0.5,No,No
39219029,39,Plastics,"OTHR PLTS,SHTS,FILM FOIL,STRIP ETC, OF    POLYMER OF VINYL CHLORIDE...",65.57,82.78,26.2,5.4,High,Tier 2.5 (Quick-win),60-75%,49.7,0.8,Yes,No
39219031,39,Plastics,"OTHR PLTS,SHTS,FILM FOIL,STRIP ETC, OF    REGENERATED CELLULOSE RIG...",0.02,0.0,-99.6,3.0,High,Tier 3 (Specialty),15-30%,0.0,0.5,No,No
39219035,39,Plastics,"OTHR PLTS,SHTS,FILM FOIL,STRIP ETC, OF    REGENERATED CELLULOSE RIG...",0.01,0.03,90.4,5.4,High,Tier 3 (Specialty),15-30%,0.0,0.5,No,No
39219036,39,Plastics,"OTHR PLTS,SHTS,FILM FOIL,STRIP ETC, OF    REGENERATED CELLULOSE FLE...",0.64,0.15,-75.9,3.0,High,Tier 3 (Specialty),15-30%,0.0,0.5,No,No
39219039,39,Plastics,"OTHR PLTS,SHTS,FILM FOIL,STRIP ETC, OF    REGENERATED CELLULOSE :OTHER",5.99,6.65,11.1,4.5,High,Tier 3 (Specialty),15-30%,1.0,0.5,No,No
39219091,39,Plastics,"OTHR PLTS,SHTS,FILM FOIL,STRIP ETC NES    RIGID, LACQUERED",0.72,0.8,11.0,4.5,High,Tier 3 (Specialty),15-30%,0.1,0.5,No,No
39219092,39,Plastics,"OTHR PLTS,SHTS,FILM FOIL,STRIP ETC NES    FLEXIBLE, LACQUERED",0.14,0.14,-1.9,3.0,High,Tier 3 (Specialty),15-30%,0.0,0.5,No,No
39219094,39,Plastics,"OTHR PLTS,SHTS,FILM FOIL,STRIP ETC NES    FLEXIBLE, METALLISED",5.23,15.35,193.7,5.4,High,Tier 3 (Specialty),15-30%,2.3,0.5,No,No
39219095,39,Plastics,"OTHR PLTS,SHTS,FILM FOIL,STRIP ETC NES    RIGID, LAMINATED",0.31,0.36,16.9,4.5,High,Tier 3 (Specialty),15-30%,0.1,0.5,No,No
39219096,39,Plastics,"OTHR PLTS,SHTS,FILM FOIL,STRIP ETC NES    FLEXIBLE, LAMINATED",1.3,1.42,9.1,3.3,High,Tier 3 (Specialty),15-30%,0.2,0.5,No,No
39219099,39,Plastics,"OTHR PLTS,SHTS,FILM FOIL,STRIP ETC NES    OTHER",226.72,197.7,-12.8,3.6,High,Tier 2.5 (Quick-win),60-75%,118.6,0.8,Yes,No
39221000,39,Plastics,BATHS SHOWER-BATHS AND WASH-BASINS,6.19,7.84,26.7,5.4,High,Tier 3 (Specialty),15-30%,1.2,0.5,No,No
39222000,39,Plastics,LAVATORY SEATS AND COVERS,14.42,12.79,-11.2,3.0,High,Tier 3 (Specialty),15-30%,1.9,0.5,No,No
39229000,39,Plastics,OTHR SANITARY ARTICLES,79.64,86.08,8.1,3.3,High,Tier 2.5 (Quick-win),60-75%,51.6,0.8,Yes,No
39231010,39,Plastics,"PLASTIC CONTAINERS FOR AUDIO OR VIDEO     CASSETTES, CASSETTE TAPES...",1.21,1.91,57.6,5.4,High,Tier 3 (Specialty),15-30%,0.3,0.5,No,No
39231020,39,Plastics,WATCHBOX JEWELLERY BOX AND SIMILAR        CONTAINER OF PLASTICS,2.32,0.71,-69.5,3.0,High,Tier 3 (Specialty),15-30%,0.1,0.5,No,No
39231030,39,Plastics,BOXS CASES CRATES AND SMLR ARTCLS OF PLSTCS INSULATED WARE,0.61,0.99,60.9,5.4,High,Tier 3 (Specialty),15-30%,0.1,0.5,No,No
39231040,39,Plastics,PACKING FOR ACCOMMODATING CONNECTORS,1.69,1.62,-4.3,3.0,High,Tier 3 (Specialty),15-30%,0.2,0.5,No,No
39231090,39,Plastics,BOX CASE CRATE AND SMLR ARTCLS OF PLSTCS NES,60.07,65.92,9.7,3.3,High,Tier 2.5 (Quick-win),60-75%,39.6,0.8,Yes,No
39232100,39,Plastics,SACKS AND BAGS OF POLYETHYLENE (INCL CONES),20.29,21.44,5.7,3.3,High,Tier 3 (Specialty),15-30%,3.2,0.5,No,No
39232910,39,Plastics,SACKS AND BAGS (INCL CONES)OF OTHR PLASTICS OF POLY (VINYL CHLORIDE),0.89,0.51,-42.6,3.0,High,Tier 3 (Specialty),15-30%,0.1,0.5,No,No
39232990,39,Plastics,*SACK AND BAG (INCL CONES)OF OTHR PLASTIC NES,33.38,44.77,34.1,5.4,High,Tier 3 (Specialty),15-30%,6.7,0.5,No,No
39233010,39,Plastics,CRBYS BTTLS FLSKS AND SMLR ARTCLS OF PLSTCS INSULATED WARE,9.95,9.27,-6.9,3.0,High,Tier 3 (Specialty),15-30%,1.4,0.5,No,No
39233090,39,Plastics,CRBYS BTTLS FLSKAND SMLR ARTCL OF PLSTCS NES,49.52,55.78,12.6,4.5,High,Tier 2.5 (Quick-win),60-75%,33.5,0.8,Yes,No
39234000,39,Plastics,SPLS COPS BOBBINS AND SMLR SPPRTS OF PLSTCS,9.82,12.63,28.6,5.4,High,Tier 3 (Specialty),15-30%,1.9,0.5,No,No
39235010,39,Plastics,CAPS AND CLOSURES FOR BOTTLES,24.04,24.55,2.1,3.3,High,Tier 3 (Specialty),15-30%,3.7,0.5,No,No
39235090,39,Plastics,OTHR STOPRS LID CAPSANDOTHR CLSRES OF PLSTCS,65.4,74.7,14.2,4.5,High,Tier 2.5 (Quick-win),60-75%,44.8,0.8,Yes,No
39239010,39,Plastics,OTHR ARTCLS FOR THE CNVYNCE/PCKNG OF      GOODSINSULATED WARE,0.38,0.56,46.5,5.4,High,Tier 3 (Specialty),15-30%,0.1,0.5,No,No
39239020,39,Plastics,OTHR ARTCLS FOR THE CNVYNCE/PCKNG OF      GOODSASEPTIC BAGS,13.37,13.29,-0.6,3.0,High,Tier 3 (Specialty),15-30%,2.0,0.5,No,No
39239090,39,Plastics,OTHR ARTCLS FOR CNVYNCE/PCKNG OF GOODS NES,106.45,107.08,0.6,3.96,High,Tier 2.5 (Quick-win),60-75%,64.2,0.8,Yes,No
39241010,39,Plastics,TABLEWARE AND KITCHENWARE OF PLASTICS       INSULATED WARE,1.85,2.17,17.3,4.5,High,Tier 3 (Specialty),15-30%,0.3,0.5,No,No
39241090,39,Plastics,OTHER TABLEWARE AND KITCHENWARE OF PLASTICS,31.92,38.33,20.1,5.4,High,Tier 3 (Specialty),15-30%,5.7,0.5,No,No
39249010,39,Plastics,TOILET ARTICLES,7.31,5.26,-28.0,3.0,High,Tier 3 (Specialty),15-30%,0.8,0.5,No,No
39249020,39,Plastics,OTHR HOUSEHOLD AND TOILT ARTCLS OF PLSTCS   INSULATED WARE,0.11,0.22,108.7,5.4,High,Tier 3 (Specialty),15-30%,0.0,0.5,No,No
39249090,39,Plastics,OTHR HOUSHOLD ANDTOILT ARTCLS OF PLSTCS NES,38.88,43.76,12.6,4.5,High,Tier 3 (Specialty),15-30%,6.6,0.5,No,No
39251000,39,Plastics,RESRVRS TANKS VATS AND SMLR CONTNR UPTO 300L,6.01,2.16,-64.1,3.0,High,Tier 3 (Specialty),15-30%,0.3,0.5,No,No
39252000,39,Plastics,DOORS WNDOWS AND THR FRMS THRSHLDS FOR DOORS,6.51,10.28,58.0,5.4,High,Tier 3 (Specialty),15-30%,1.5,0.5,No,No
39253000,39,Plastics,SHUTTERS BLINDS(INCLUDING VENETIAN BLINDS)AND SIMILAR ARTICLES AND ...,5.99,6.18,3.2,3.3,High,Tier 3 (Specialty),15-30%,0.9,0.5,No,No
39259010,39,Plastics,OTHR BUILDER WARE OF PLSTCS OF POLYURETHNE,2.54,1.65,-35.1,3.0,High,Tier 3 (Specialty),15-30%,0.2,0.5,No,No
39259090,39,Plastics,OTHER BUILDERS WARE OF PLASTICS NES,71.73,113.54,58.3,6.48,High,Tier 2 (Dependent),30-50%,34.1,0.7,Yes,No
39261011,39,Plastics,OFFICE SUPPLIES EXCL PINS CLIPS WRITING   INSTRUMENTS OF POLYURETHA...,0.95,0.64,-33.3,3.0,High,Tier 3 (Specialty),15-30%,0.1,0.5,No,No
39261019,39,Plastics,OFFICE SUPPLIES EXCL PINS CLIPS WRITING   INSTRUMENTS OF OTHER MAKE,11.02,14.81,34.4,5.4,High,Tier 3 (Specialty),15-30%,2.2,0.5,No,No
39261091,39,Plastics,OTHER ARTICLS OF OFFICE OR SCHOOL         SUPPLIESOF POLYURETHANE FOAM,0.54,0.66,22.4,5.4,High,Tier 3 (Specialty),15-30%,0.1,0.5,No,No
39261099,39,Plastics,OTHER OFFICE OR SCHOOL SUPPLIES NES,2.48,2.99,21.0,5.4,High,Tier 3 (Specialty),15-30%,0.4,0.5,No,No
39262011,39,Plastics,DISPOSABLE  GLOVES,1.38,1.98,43.5,5.4,High,Tier 3 (Specialty),15-30%,0.3,0.5,No,No
39262019,39,Plastics,NON-DISPOSABLE  GLOVES,1.02,1.09,6.7,3.3,High,Tier 3 (Specialty),15-30%,0.2,0.5,No,No
39262021,39,Plastics,APRON OF POLYURETHANE FOAM,0.02,0.02,-16.1,3.0,High,Tier 3 (Specialty),15-30%,0.0,0.5,No,No
39262029,39,Plastics,OTHER APRON,1.8,1.32,-26.6,3.0,High,Tier 3 (Specialty),15-30%,0.2,0.5,No,No
39262031,39,Plastics,PLASTIC STICKERS FOR GARMENTS             OF POLYURETHANE FOAM,0.01,0.01,6.8,3.3,High,Tier 3 (Specialty),15-30%,0.0,0.5,No,No
39262039,39,Plastics,OTHER PLASTIC STICKERS FOR GARMENTS,2.44,1.82,-25.3,3.0,High,Tier 3 (Specialty),15-30%,0.3,0.5,No,No
39262041,39,Plastics,"COLAR STAYS,PATTIES,BUTTERFLY,SHOLUDER-   PADAND OTHER STAYS OF POL...",0.01,0.01,-14.4,3.0,High,Tier 3 (Specialty),15-30%,0.0,0.5,No,No
39262049,39,Plastics,"OTHR COLAR STAYS,PATTIES,BUTTERFLY,       SHOLUDRAND OTHER STAYS",0.66,1.02,53.4,5.4,High,Tier 3 (Specialty),15-30%,0.2,0.5,No,No
39262091,39,Plastics,OTHER ARTCLS OF APRL OF POLYURETHANE FOAM,1.07,1.16,8.5,3.3,High,Tier 3 (Specialty),15-30%,0.2,0.5,No,No
39262099,39,Plastics,OTHER ARTCLS OF APRL NES,3.47,4.46,28.6,5.4,High,Tier 3 (Specialty),15-30%,0.7,0.5,No,No
39263010,39,Plastics,FITTINGS FOR FURNITURE COACHWORK/THE LIKE OF POLYURETHANE FOAM,0.06,0.08,49.2,5.4,High,Tier 3 (Specialty),15-30%,0.0,0.5,No,No
39263090,39,Plastics,OTHR FITTING FOR FURNITUR COACHWORK/ LIKE,12.94,17.65,36.5,5.4,High,Tier 3 (Specialty),15-30%,2.6,0.5,No,No
39264011,39,Plastics,BANGLES OF POLYURETHANE FOAM,0.06,0.1,64.2,5.4,High,Tier 3 (Specialty),15-30%,0.0,0.5,No,No
39264019,39,Plastics,OTHER BANGLES,0.77,0.67,-12.7,3.0,High,Tier 3 (Specialty),15-30%,0.1,0.5,No,No
39264021,39,Plastics,BEADS OF POLYURETHANE FOAM,0.12,0.04,-66.1,3.0,High,Tier 3 (Specialty),15-30%,0.0,0.5,No,No
39264029,39,Plastics,OTHER BEADS,29.21,31.43,7.6,3.3,High,Tier 3 (Specialty),15-30%,4.7,0.5,No,No
39264031,39,Plastics,STATUETTES OF POLYURETHANE FOAM,0.0,0.0,-79.5,3.0,High,Tier 3 (Specialty),15-30%,0.0,0.5,No,No
39264039,39,Plastics,OTHER STATUETTES,3.65,8.18,124.2,5.4,High,Tier 3 (Specialty),15-30%,1.2,0.5,No,No
39264041,39,Plastics,TABLE AND OTHER HOUSEHOLD ARTICLES FOR    DECORATION OF POLYURETHAN...,0.06,0.05,-17.1,3.0,High,Tier 3 (Specialty),15-30%,0.0,0.5,No,No
39264049,39,Plastics,OTHR TABLEANDOTHR HOUSHOLD ARTCL OF DECORATN,9.76,13.74,40.7,5.4,High,Tier 3 (Specialty),15-30%,2.1,0.5,No,No
39264051,39,Plastics,DECORATIVE SHEETS OF POLYURETHANE FOAM,0.36,0.08,-78.3,3.0,High,Tier 3 (Specialty),15-30%,0.0,0.5,No,No
39264059,39,Plastics,OTHER DECORATIVE SHEETS,4.16,2.83,-32.1,3.0,High,Tier 3 (Specialty),15-30%,0.4,0.5,No,No
39264060,39,Plastics,SEQUINE,0.49,1.6,229.0,5.4,High,Tier 3 (Specialty),15-30%,0.2,0.5,No,No
39264091,39,Plastics,OTHR STATUETTES AND OTHR ORNAMENTAL ARTICLE OF POLYURETHANE FOAM,0.1,0.17,78.6,5.4,High,Tier 3 (Specialty),15-30%,0.0,0.5,No,No
39264099,39,Plastics,OTHR STATUETE AND OTHR ORNAMENTAL ARTICL NES,6.2,8.95,44.3,5.4,High,Tier 3 (Specialty),15-30%,1.3,0.5,No,No
39269010,39,Plastics,PVC BELT CONVEYOR,12.96,16.22,25.2,5.4,High,Tier 3 (Specialty),15-30%,2.4,0.5,No,No
39269021,39,Plastics,"COUPLERS,PACKING RING, O RINGS AND LIKE   OF POLYURETHANE FOAM",0.37,0.54,46.2,5.4,High,Tier 3 (Specialty),15-30%,0.1,0.5,No,No
39269029,39,Plastics,"OTHR COUPLERS,PACKING RING, O RINGS AND LIKE",16.66,18.32,9.9,3.3,High,Tier 3 (Specialty),15-30%,2.7,0.5,No,No
39269031,39,Plastics,LASTS WITH OR WITOUT STEEL HINGS;EVAAND     GRAPESHEET FOR SOLANDHE...,0.05,0.08,55.2,5.4,High,Tier 3 (Specialty),15-30%,0.0,0.5,No,No
39269039,39,Plastics,OTHER LASTS WITH OR WITOUT STEEL HINGS;   EVAAND GRAPE SHEET FOR SO...,3.07,2.85,-7.1,3.0,High,Tier 3 (Specialty),15-30%,0.4,0.5,No,No
39269041,39,Plastics,RING BUCKL TACK WASHR OTHR DECO FITTNGS   OFPALSTIC USED TRIM AND E...,0.66,1.68,155.1,5.4,High,Tier 3 (Specialty),15-30%,0.3,0.5,No,No
39269049,39,Plastics,OTHR RING BUCKL TACK WASHR OTHR DECO      FITTNOF PALSTIC USED TRIM...,7.27,9.0,23.8,5.4,High,Tier 3 (Specialty),15-30%,1.3,0.5,No,No
39269051,39,Plastics,RETROREFLECTIVE SHEETING EXCL .HEADNG     3920OF POLYURETHANE FOAM,0.17,0.14,-18.7,3.0,High,Tier 3 (Specialty),15-30%,0.0,0.5,No,No
39269059,39,Plastics,OTHR RETROREFLCTIV SHEET EXCL .HEADNG 3920,3.2,5.54,73.0,5.4,High,Tier 3 (Specialty),15-30%,0.8,0.5,No,No
39269061,39,Plastics,HANGERS OF POLYURETHANE FOAM,0.03,0.08,193.7,5.4,High,Tier 3 (Specialty),15-30%,0.0,0.5,No,No
39269069,39,Plastics,OTHER HANGERS,25.48,28.22,10.7,4.5,High,Tier 3 (Specialty),15-30%,4.2,0.5,No,No
39269071,39,Plastics,"PLASTIC OR NYLON TIPPED HAMMER;           INSULATINGLINER OF NYLON,...",0.18,0.21,13.1,4.5,High,Tier 3 (Specialty),15-30%,0.0,0.5,No,No
39269079,39,Plastics,OTHER PLASTIC OR NYLON TIPPED HAMMERS;    INSULATING LINER OF NYLON...,9.19,21.19,130.5,5.4,High,Tier 3 (Specialty),15-30%,3.2,0.5,No,No
39269080,39,Plastics,"POLYPROPYLENE ARTICLES,N.E.S.",29.84,33.8,13.2,4.5,High,Tier 3 (Specialty),15-30%,5.1,0.5,No,No
39269091,39,Plastics,OTHR ARTICLE OF PLASTIC OF POLYURETHN FOAM,3.61,7.84,117.5,5.4,High,Tier 3 (Specialty),15-30%,1.2,0.5,No,No
39269099,39,Plastics,OTHR ARTICLE OF PLASTIC NES,1064.04,1228.46,15.4,9.0,High,Tier 2 (Dependent),30-50%,368.5,0.7,No,No
40011010,40,Rubber,PREVULCANISED NATRL RUBR LATEX,1.36,1.91,40.7,3.6,Medium,Tier 3 (Specialty),15-30%,0.3,0.5,No,No
40011020,40,Rubber,NATRL RUBR LATEX NOT PREVULCANISED,10.38,13.02,25.4,3.6,Medium,Tier 3 (Specialty),15-30%,2.0,0.5,No,No
40012100,40,Rubber,NATRL RUBR IN SMKD SHEETS,125.93,81.39,-35.4,2.0,Medium,Tier 3 (Specialty),15-30%,12.2,0.5,No,No
40012200,40,Rubber,TECHNICALLY SPCFD NATRL RUBR(TSNR),923.56,792.51,-14.2,3.0,Medium,Tier 2.5 (Quick-win),60-75%,475.5,0.8,Yes,No
40012910,40,Rubber,NATURAL RUBBER IN HEVEA,0.0,0.0,,2.0,Medium,Tier 3 (Specialty),15-30%,0.0,0.5,No,No
40012920,40,Rubber,NATURAL RUBBER IN PALE CREPE,0.06,0.14,139.5,3.6,Medium,Tier 3 (Specialty),15-30%,0.0,0.5,No,No
40012930,40,Rubber,NATURAL RUBBER IN ESTATE BROWN CREPE,0.09,0.11,21.9,3.6,Medium,Tier 3 (Specialty),15-30%,0.0,0.5,No,No
40012990,40,Rubber,OTHER NATRL RUBBR NON-LATEX,7.58,4.08,-46.1,2.0,Medium,Tier 3 (Specialty),15-30%,0.6,0.5,No,No
40013000,40,Rubber,BALTA GUTTA-PERCHA ETC AND SMLR NATRL GUMS,0.09,0.02,-74.0,2.0,Medium,Tier 3 (Specialty),15-30%,0.0,0.5,No,No
40021100,40,Rubber,LATEX (SBR/XSBR),20.45,14.42,-29.5,2.0,Medium,Tier 3 (Specialty),15-30%,2.2,0.5,No,No
40021910,40,Rubber,OIL EXTENDED STYRENE BUTADIENE RUBBER,70.67,70.03,-0.9,2.0,Medium,Tier 3 (Specialty),15-30%,10.5,0.5,No,No
40021920,40,Rubber,STYRENE BUTADIENE RUBBER WTH              STYRENE CONTENT OF OVER 5...,3.46,2.21,-36.0,2.0,Medium,Tier 3 (Specialty),15-30%,0.3,0.5,No,No
40021930,40,Rubber,STYRENE BUTADIENE STYREDE OIL BOUND       COPOLYMER,13.43,12.07,-10.1,2.0,Medium,Tier 3 (Specialty),15-30%,1.8,0.5,No,No
40021990,40,Rubber,OTHERS SYNTHETIC RUBR AND PACTICE DRVD FROM OILS IN PRMRY FORMS/IN ...,321.23,327.75,2.0,2.64,Medium,Tier 3 (Specialty),15-30%,49.2,0.5,No,No
40022000,40,Rubber,BUTADIENE RUBBER (BR),303.09,297.6,-1.8,2.4,Medium,Tier 3 (Specialty),15-30%,44.6,0.5,No,No
40023100,40,Rubber,ISOBUTENE-ISOPRENE(BUTYL) RUBBER (IIR),34.51,37.22,7.8,2.2,Medium,Tier 3 (Specialty),15-30%,5.6,0.5,No,No
40023900,40,Rubber,HALO-ISOBUTENE-ISOPRENE RUBR (CIIR/BIIR),117.68,112.61,-4.3,2.4,Medium,Tier 3 (Specialty),15-30%,16.9,0.5,No,No
40024100,40,Rubber,"LATEX,CHLOROPRENE RUBR",1.15,1.24,8.0,2.2,Medium,Tier 3 (Specialty),15-30%,0.2,0.5,No,No
40024900,40,Rubber,OTHR CHLOROPRENE(CHLOROBUTADIENE) RUBR(CR),104.35,98.4,-5.7,2.0,Medium,Tier 3 (Specialty),15-30%,14.8,0.5,No,No
40025100,40,Rubber,ACRYLONITRILE-BUTADINE RUBR LATEX,5.31,3.62,-31.9,2.0,Medium,Tier 3 (Specialty),15-30%,0.5,0.5,No,No
40025900,40,Rubber,OTHR ACRYLONITRILE-BUTADIENE RUBR (NBR),102.97,125.51,21.9,4.32,Medium,Tier 2.5 (Quick-win),60-75%,75.3,0.8,Yes,No
40026000,40,Rubber,ISOPRENE RUBBER,49.42,63.52,28.5,3.6,Medium,Tier 2.5 (Quick-win),60-75%,38.1,0.8,Yes,No
40027000,40,Rubber,ETHYLENE-PRPYLENE-NON-CONJUGATED,155.26,173.72,11.9,3.6,Medium,Tier 2.5 (Quick-win),60-75%,104.2,0.8,Yes,No
40028010,40,Rubber,LATEX,2.78,2.7,-2.8,2.0,Medium,Tier 3 (Specialty),15-30%,0.4,0.5,No,No
40028020,40,Rubber,CHEMLY MODIFIED FORM OF NATURAL RUBBER    INC GRAFT RUBBER,3.22,2.67,-17.3,2.0,Medium,Tier 3 (Specialty),15-30%,0.4,0.5,No,No
40028090,40,Rubber,OTHER FORM OF MXTURES OF NATURAL RUBBER,5.73,28.88,403.6,3.6,Medium,Tier 3 (Specialty),15-30%,4.3,0.5,No,No
40029100,40,Rubber,OTHR RUBER LATEX,2.48,2.11,-14.9,2.0,Medium,Tier 3 (Specialty),15-30%,0.3,0.5,No,No
40029910,40,Rubber,FACTICE (RUBR SUBSTITUTE DRVD FROM OIL),1.73,1.76,1.7,2.2,Medium,Tier 3 (Specialty),15-30%,0.3,0.5,No,No
40029920,40,Rubber,"TREAD RUBR COM,CUSHION COM,CUSHION GUM/   TREAD GUM FOR RESOL/REPAI...",0.0,0.08,7536.3,3.6,Medium,Tier 3 (Specialty),15-30%,0.0,0.5,No,No
40029990,40,Rubber,"SYNTHETIC RUBBER SYNTAX,NOT NES.",74.49,77.98,4.7,2.2,Medium,Tier 3 (Specialty),15-30%,11.7,0.5,No,No
40030000,40,Rubber,RECLAIMED RUBR IN PRMRY FORMS             OR IN PLATES SHEETS OR STRIP,0.79,1.11,40.0,3.6,Medium,Tier 3 (Specialty),15-30%,0.2,0.5,No,No
40040000,40,Rubber,"WASTE,PARINGS AND SCRAP OF RUBR(BESIDES     HARDRUBR) AND PWDR 9 GR...",212.69,214.4,0.8,2.64,Medium,Tier 3 (Specialty),15-30%,32.2,0.5,No,No
40051000,40,Rubber,RUBR COMPOUNDED WTH CRBN BLACKS/SILICA,434.78,632.12,45.4,5.4,Medium,Tier 2.5 (Quick-win),60-75%,379.3,0.8,Yes,No
40052010,40,Rubber,CAN SEALING COMPOUND,1.22,1.57,28.1,3.6,Medium,Tier 3 (Specialty),15-30%,0.2,0.5,No,No
40052090,40,Rubber,OTHERS-OF-SOLUTIONS; DISPRSNS OTHR THN THOSE OF SUBHEADING NO. 400510,1.65,2.33,40.9,3.6,Medium,Tier 3 (Specialty),15-30%,0.3,0.5,No,No
40059110,40,Rubber,HOSPITAL SHEETING,0.14,0.3,112.9,3.6,Medium,Tier 3 (Specialty),15-30%,0.0,0.5,No,No
40059190,40,Rubber,OTHER PLATES SHEETS AND STRIP,23.04,26.14,13.4,3.0,Medium,Tier 3 (Specialty),15-30%,3.9,0.5,No,No
40059910,40,Rubber,GRNLS OF UNVULCNSD NATRL/SYNTHTC RUBR     CMPNDED READY FOR VULCNST...,9.77,11.16,14.3,3.0,Medium,Tier 3 (Specialty),15-30%,1.7,0.5,No,No
40059990,40,Rubber,OTHERS CMPNDED RUBR UNVULCNSD IN PRMRY    FORMS/IN PLATES SHEETS/ST...,18.76,23.47,25.1,3.6,Medium,Tier 3 (Specialty),15-30%,3.5,0.5,No,No
40061000,40,Rubber,CAMEL-BLACK STRPS FR RETREADING RUBR TYR,0.01,0.03,405.4,3.6,Medium,Tier 3 (Specialty),15-30%,0.0,0.5,No,No
40069010,40,Rubber,"THREAD OF UNVULCNSE RUBR,NOT COVERED      ELSEWHERE",0.02,0.04,104.0,3.6,Medium,Tier 3 (Specialty),15-30%,0.0,0.5,No,No
40069090,40,Rubber,OTHERS FORMS AND ARTICLES OF UNVLCANISED    RUBBER EXCL. CAMEL BACK...,3.85,5.15,33.9,3.6,Medium,Tier 3 (Specialty),15-30%,0.8,0.5,No,No
40070010,40,Rubber,"THREAD OF VULENSE RUBR,NOT COVRD ELSEWHERE",1.44,2.04,42.3,3.6,Medium,Tier 3 (Specialty),15-30%,0.3,0.5,No,No
40070020,40,Rubber,"CORD OF VULCNSE RUBR, NOT COVRED ELSEWHERE",0.06,0.01,-77.2,2.0,Medium,Tier 3 (Specialty),15-30%,0.0,0.5,No,No
40070090,40,Rubber,OTHER THREAD/CORD OF VULCNSE RUBBER,4.8,5.61,16.8,3.0,Medium,Tier 3 (Specialty),15-30%,0.8,0.5,No,No
40081110,40,Rubber,"PLTS,SHTS STRP OF MICRO-CELLULAR RUBR",1.35,1.48,9.5,2.2,Medium,Tier 3 (Specialty),15-30%,0.2,0.5,No,No
40081190,40,Rubber,"PLTS,SHTS,STRP OF OTHER CELLULAR RUBR",16.13,16.47,2.1,2.2,Medium,Tier 3 (Specialty),15-30%,2.5,0.5,No,No
40081910,40,Rubber,BLOCK OF MICRO-CELLU RUBR NOT OF LATAX    FOAM SPONGE USED IN MANUF...,0.08,0.09,4.0,2.2,Medium,Tier 3 (Specialty),15-30%,0.0,0.5,No,No
40081990,40,Rubber,OTHER FORM OF CELLULAR RUBR,2.1,3.27,55.8,3.6,Medium,Tier 3 (Specialty),15-30%,0.5,0.5,No,No
40082110,40,Rubber,"PLTS,SHTS,STRIPS OF NON-CELLULAR RUBR     USEDIN MANUF OF SOLE/HEEL...",2.85,2.06,-27.9,2.0,Medium,Tier 3 (Specialty),15-30%,0.3,0.5,No,No
40082120,40,Rubber,"PLTS,SHTS,STRIPS OF NON-CELLULAR RUBR FOR RESOLING/REPAIRING/RETREA...",0.12,0.13,14.8,3.0,Medium,Tier 3 (Specialty),15-30%,0.0,0.5,No,No
40082190,40,Rubber,"OTHER FORM OF PLTS,SHTS,STRIPS OF NON-    CELLULAR RUBR",11.83,18.04,52.5,3.6,Medium,Tier 3 (Specialty),15-30%,2.7,0.5,No,No
40082910,40,Rubber,RUBR SHEETS/RESIN RUBR SHEET FOR SOLE/HEEL OF OTHERS FORM OF NON-CE...,0.83,1.97,138.0,3.6,Medium,Tier 3 (Specialty),15-30%,0.3,0.5,No,No
40082920,40,Rubber,BLOCK USED IN MANUF OF SOLE/HEEL/COMBINED FOR FOOTWEAR OF OTHER NON...,0.22,0.17,-22.4,2.0,Medium,Tier 3 (Specialty),15-30%,0.0,0.5,No,No
40082930,40,Rubber,LATEX FOAM SPONGE OF OTHER NON-CELLULAR   RUBR,1.31,1.59,20.9,3.6,Medium,Tier 3 (Specialty),15-30%,0.2,0.5,No,No
40082940,40,Rubber,TREADRUBR/PACKING STRIP FOR RESOLING/     REPAIRING/RETREADING RUBR...,0.07,0.23,237.5,3.6,Medium,Tier 3 (Specialty),15-30%,0.0,0.5,No,No
40082990,40,Rubber,OTHER FORM OF NON/CELLULAR RUBR,10.03,10.27,2.4,2.2,Medium,Tier 3 (Specialty),15-30%,1.5,0.5,No,No
40091100,40,Rubber,"TUBES,PIPES AND HOSES OF VULCNSD RUBR NOT   REINFORCED/OTHRWSE COMB...",13.53,15.62,15.4,3.0,Medium,Tier 3 (Specialty),15-30%,2.3,0.5,No,No
40091200,40,Rubber,"TUBES,PIPES AND HOSES OF VULCMSD RUBR NOT    REINFORCED/OTHERWSE CO...",5.91,10.86,83.6,3.6,Medium,Tier 3 (Specialty),15-30%,1.6,0.5,No,No
40092100,40,Rubber,"TUBES,PIPES AND HOSES OF VULCNSD RUBR       REINFORCED/OTHRWSE CMBN...",38.04,39.88,4.8,2.2,Medium,Tier 3 (Specialty),15-30%,6.0,0.5,No,No
40092200,40,Rubber,"TUBES,PIPES AND HOSES OF VULCNSD RUBR       REINFORCED/OTHERWSE CMB...",22.25,22.85,2.7,2.2,Medium,Tier 3 (Specialty),15-30%,3.4,0.5,No,No
40093100,40,Rubber,"TUBES, PIPES AND HOSES OF VULCNSD RUBR      REINFORCED/OTHRWSE CMBN...",30.55,35.64,16.7,3.0,Medium,Tier 3 (Specialty),15-30%,5.3,0.5,No,No
40093200,40,Rubber,"TUBES,PIPES AND HOSES OF VULCNSD RUBR       REINFORCED/OTHERWSE CMB...",11.97,12.88,7.6,2.2,Medium,Tier 3 (Specialty),15-30%,1.9,0.5,No,No
40094100,40,Rubber,TUBES.PIPES AND HOSES OF VULCNSD RUBR       REINFORCED/OTHRWSE COMB...,20.96,23.78,13.5,3.0,Medium,Tier 3 (Specialty),15-30%,3.6,0.5,No,No
40094200,40,Rubber,"TUBES,PIPES,ANDHOSES OF VULCNSD RUBR        REINFORCED OTHERWSE COM...",31.93,42.32,32.5,3.6,Medium,Tier 3 (Specialty),15-30%,6.3,0.5,No,No
40101110,40,Rubber,CNVYR BLT/BLTNG RENFRCD ONLY WITH METAL   WHERE RUBR COMPA CONTENT ...,1.85,3.73,101.7,3.6,Medium,Tier 3 (Specialty),15-30%,0.6,0.5,No,No
40101190,40,Rubber,CNVYR BLT/BLTNG REINFORCED ONLY WITH METAL WHERE RUBR COMPD MORE TH...,16.09,28.38,76.3,3.6,Medium,Tier 3 (Specialty),15-30%,4.3,0.5,No,No
40101210,40,Rubber,(CNVYR BLT/BLTNG)RENFRCD WTH TXTL MTRLS   WHERE RUBR COMPD CONTENT ...,0.36,0.18,-49.5,2.0,Medium,Tier 3 (Specialty),15-30%,0.0,0.5,No,No
40101290,40,Rubber,(CNVYR BLT/BLTNG)RENFRCD WTH TXTL MTRLS   WHERE RUBR COMPD CONTENT ...,18.88,24.24,28.4,3.6,Medium,Tier 3 (Specialty),15-30%,3.6,0.5,No,No
40101910,40,Rubber,OTHER CNVYR BLT/BLTNG WHERE RUBR COMPD    CONTENT LESS THAN 25% BY ...,0.11,0.09,-21.9,2.0,Medium,Tier 3 (Specialty),15-30%,0.0,0.5,No,No
40101990,40,Rubber,OTHER CNVYR BLT/BLTNG WHERE RUBR COMPN    MORE THAN 25% BY WT.,5.53,5.89,6.5,2.2,Medium,Tier 3 (Specialty),15-30%,0.9,0.5,No,No
40103110,40,Rubber,"ENDLESS TRNSMSN BLT/BLTNG OF V-BLT,V-     RIBBDOF CIRCUMFRNS BETWN ...",0.67,0.03,-96.2,2.0,Medium,Tier 3 (Specialty),15-30%,0.0,0.5,No,No
40103190,40,Rubber,ENDLES TRNSMSN BLT/BLTNG OF V-BLT/V-      RIBBEDOF CIRCUMFRNS BETWN...,9.75,10.4,6.7,2.2,Medium,Tier 3 (Specialty),15-30%,1.6,0.5,No,No
40103210,40,Rubber,ENDLESS TRNSMSN BLT/BLTNG OF V-BLT/OTHER  THAN V-RIBBED OF CIRCUM B...,0.08,0.07,-20.5,2.0,Medium,Tier 3 (Specialty),15-30%,0.0,0.5,No,No
40103290,40,Rubber,ENDLESS TRNSMSN BLT/BLTNG OF V-BLT/OTHER  THAN V-RIBBED OF CIRCUM B...,8.3,11.61,39.9,3.6,Medium,Tier 3 (Specialty),15-30%,1.7,0.5,No,No
40103310,40,Rubber,ENDLESS TRNSMSN BLT/BLTNG OF V-BLT/V-     RIBBDOF CIRCUM BETWN 60 C...,0.01,0.01,-22.0,2.0,Medium,Tier 3 (Specialty),15-30%,0.0,0.5,No,No
40103390,40,Rubber,ENDLESS TRNSMSN BLT/BLTNG OF V-BLT/V-     RIBBDOF CIRCUM BETWN 60 C...,1.7,1.74,2.2,2.2,Medium,Tier 3 (Specialty),15-30%,0.3,0.5,No,No
40103410,40,Rubber,ENDLESS TRNSMSN BLT/BLTNG OF V-BLT/OTHER  THAN V-RIBBED OF CIRCUM B...,0.05,0.0,-97.5,2.0,Medium,Tier 3 (Specialty),15-30%,0.0,0.5,No,No
40103490,40,Rubber,ENDLESS TRNSMSN BLT/BLTNGS OF V-BLT OTHER THAN V-RIBBED OF CIRCUM B...,0.78,1.0,27.2,3.6,Medium,Tier 3 (Specialty),15-30%,0.1,0.5,No,No
40103510,40,Rubber,"ENDLESS SYNCHRONOUS BELTS,OF A            CIRCUMFRNCEBETWN 60CM AND...",3.95,5.01,26.8,3.6,Medium,Tier 3 (Specialty),15-30%,0.8,0.5,No,No
40103590,40,Rubber,"ENDLESS SYNCHRONOUS BELTS,OF A            CIRCUMFRNCEBETWN 60CM AND...",7.9,7.94,0.5,2.2,Medium,Tier 3 (Specialty),15-30%,1.2,0.5,No,No
40103610,40,Rubber,"ENDLESS SYNCHRONOUS BELTS,OF A            CIRCUMFRNCEBTWN 150CM AND...",0.0,0.0,60.3,3.6,Medium,Tier 3 (Specialty),15-30%,0.0,0.5,No,No
40103690,40,Rubber,"ENDLESS CYNCHRONOUS BLTS,OF A CIRCUMFRNCE BTWN 150CM AND 198CM WHER...",1.43,1.53,7.4,2.2,Medium,Tier 3 (Specialty),15-30%,0.2,0.5,No,No
40103911,40,Rubber,ENDLESS FLAT BLTS OF VULCANISED RUBR WHERE RUBR COMPD LESS THAN 25%...,0.55,0.44,-19.4,2.0,Medium,Tier 3 (Specialty),15-30%,0.1,0.5,No,No
40103912,40,Rubber,PLY BLTNG OF VULCANISED RUBY WHERE RUBY   COMPD LESS THAN 25% BY WT.,0.01,0.02,250.6,3.6,Medium,Tier 3 (Specialty),15-30%,0.0,0.5,No,No
40103919,40,Rubber,TRNSMSN BLT/BLTNG OTHER THAN FLAT BLT/PLY BLT WHERE RUBR COMPD LESS...,4.74,7.82,64.9,3.6,Medium,Tier 3 (Specialty),15-30%,1.2,0.5,No,No
40103991,40,Rubber,ENDLESS FLAT BELT,0.2,0.26,33.2,3.6,Medium,Tier 3 (Specialty),15-30%,0.0,0.5,No,No
40103992,40,Rubber,PLY BELTING OF VULCANISED RUBR WHERE RUBY COMPD MORE THAN 25% BY WT.,0.02,0.01,-40.7,2.0,Medium,Tier 3 (Specialty),15-30%,0.0,0.5,No,No
40103999,40,Rubber,TRNSMSN BLT/BLTNG OTHER THAN FLAT BLT/PLY BLT WHERE RUBY COMPD MORE...,46.69,54.81,17.4,3.0,Medium,Tier 2.5 (Quick-win),60-75%,32.9,0.8,Yes,No
40111010,40,Rubber,RADIALS TYRES USED ON MOTOR CARS (INCL    STATION WAGONS AND RACING...,58.63,53.88,-8.1,2.0,Medium,Tier 3 (Specialty),15-30%,8.1,0.5,No,No
40111090,40,Rubber,OTHER TYRES USED ON MOTOR CARS (INCL      STATION WAGONS AND RACING...,0.58,0.84,46.0,3.6,Medium,Tier 3 (Specialty),15-30%,0.1,0.5,No,No
40112010,40,Rubber,RADIALS TYRES USED ON BUSES/LORRIES,13.01,32.37,148.8,3.6,Medium,Tier 3 (Specialty),15-30%,4.9,0.5,No,No
40112090,40,Rubber,OTHER TYRES USED ON BUSES/LORRIES,2.03,0.27,-86.9,2.0,Medium,Tier 3 (Specialty),15-30%,0.0,0.5,No,No
40113000,40,Rubber,NEW PNMTC TYRES OF A KIND USED ON AIRCRAFT,23.17,27.92,20.5,3.6,Medium,Tier 3 (Specialty),15-30%,4.2,0.5,No,No
40114010,40,Rubber,TYRES FOR MOTORCYCLES,8.34,5.58,-33.1,2.0,Medium,Tier 3 (Specialty),15-30%,0.8,0.5,No,No
40114020,40,Rubber,TYRES FOR MOTOR SCOOTERS,0.39,0.91,134.6,3.6,Medium,Tier 3 (Specialty),15-30%,0.1,0.5,No,No
40114090,40,Rubber,TYRES USES OTHER THAN MOTORCYCLES/        SCOOTERS,0.08,0.02,-72.1,2.0,Medium,Tier 3 (Specialty),15-30%,0.0,0.5,No,No
40115010,40,Rubber,MULTICELLULR POLYURETHANE(MCP) TUBES      TYRE USED ON BICYCLES,0.0,0.0,,2.0,Medium,Tier 3 (Specialty),15-30%,0.0,0.5,No,No
40115090,40,Rubber,OTHERS-OF-NEW PNMTC TYRES OF A KND USED ON BICYCLS,0.11,0.36,222.1,3.6,Medium,Tier 3 (Specialty),15-30%,0.1,0.5,No,No
40117000,40,Rubber,OF A KIND USED ON AGRICULTURAL OR FORESTRY VEHICLES AND MACHINES,0.91,1.22,34.0,3.6,Medium,Tier 3 (Specialty),15-30%,0.2,0.5,No,No
40118000,40,Rubber,"OF A KIND USED ON CONSTRUCTION, MINING OR INDUSTRIAL HANDLING VEHIC...",64.29,122.21,90.1,4.32,Medium,Tier 2.5 (Quick-win),60-75%,73.3,0.8,Yes,No
40119000,40,Rubber,"OTHERS-OF-OTHERS-OF-NEW PNEUMATIC TYRES, OF RUBBER",11.56,9.77,-15.5,2.0,Medium,Tier 3 (Specialty),15-30%,1.5,0.5,No,No
40121100,40,Rubber,RETREADED TYRE USED ON MOTOR CARS(INCL    STATATION WAGON/RACING CARS),0.0,0.0,,2.0,Medium,Tier 3 (Specialty),15-30%,0.0,0.5,No,No
40121200,40,Rubber,RETREADED TYRE USED 0ON BUSES/LORRIES,0.0,0.0,,2.0,Medium,Tier 3 (Specialty),15-30%,0.0,0.5,No,No
40121300,40,Rubber,RETREADED TYRE USED ON AIRCRAFTS,7.52,9.82,30.6,3.6,Medium,Tier 3 (Specialty),15-30%,1.5,0.5,No,No
40121910,40,Rubber,RETREADED TYRE USED FOR TWO WHEELERS,0.0,0.0,1255.6,3.6,Medium,Tier 3 (Specialty),15-30%,0.0,0.5,No,No
40121990,40,Rubber,RETREADED TYRE USED IN VEHICLE OTHER THAN TWO WHEELER/MOTOR CAR/BUS...,0.0,0.0,-2.2,2.0,Medium,Tier 3 (Specialty),15-30%,0.0,0.5,No,No
40122010,40,Rubber,USED PNMTC TYRES FOR BUSES/LORRIES/EARTH  MOVING EQUIPMENT INCL LIG...,0.0,0.0,-0.9,2.0,Medium,Tier 3 (Specialty),15-30%,0.0,0.5,No,No
40122020,40,Rubber,USED PNMTC TYRES FOR PASENGER AUTO        VEHICLEINCL TWO/THREE WHE...,0.0,0.0,139.0,3.6,Medium,Tier 3 (Specialty),15-30%,0.0,0.5,No,No
40122090,40,Rubber,USED PNMTC TYRES FOR OTHER VEHICLES.,0.02,0.0,-94.5,2.0,Medium,Tier 3 (Specialty),15-30%,0.0,0.5,No,No
40129010,40,Rubber,SOLID RUBBER TYRES FOR MOTOR VEHICLES,0.51,0.66,31.0,3.6,Medium,Tier 3 (Specialty),15-30%,0.1,0.5,No,No
40129020,40,Rubber,SOLID RUBBER TYRES FOR OTHER VEHIVLES,1.75,4.06,131.8,3.6,Medium,Tier 3 (Specialty),15-30%,0.6,0.5,No,No
40129030,40,Rubber,TYRE WITH  METALLIC FRAMEWORK,0.56,0.67,20.1,3.6,Medium,Tier 3 (Specialty),15-30%,0.1,0.5,No,No
40129049,40,Rubber,TYRE FLAPS USED IN OTHER VEHICLES,0.31,0.25,-18.2,2.0,Medium,Tier 3 (Specialty),15-30%,0.0,0.5,No,No
40129050,40,Rubber,TYRE TREAD INTERCHANGABLE,0.29,0.14,-52.4,2.0,Medium,Tier 3 (Specialty),15-30%,0.0,0.5,No,No
40129090,40,Rubber,OTHER TYRE FLAPS,0.26,0.64,151.0,3.6,Medium,Tier 3 (Specialty),15-30%,0.1,0.5,No,No
40131010,40,Rubber,INNER TUBES FOR MOTOR CARS,0.01,0.0,-51.7,2.0,Medium,Tier 3 (Specialty),15-30%,0.0,0.5,No,No
40131020,40,Rubber,INNER TUBES FOR TRACK AND BUS,1.22,0.23,-81.3,2.0,Medium,Tier 3 (Specialty),15-30%,0.0,0.5,No,No
40132000,40,Rubber,INNER TUBES OF RUBBER USED ON BICYCLES,0.13,0.09,-30.6,2.0,Medium,Tier 3 (Specialty),15-30%,0.0,0.5,No,No
40139010,40,Rubber,INNER TUBES FOR AIRCRAFT,0.11,0.08,-21.9,2.0,Medium,Tier 3 (Specialty),15-30%,0.0,0.5,No,No
40139020,40,Rubber,INNER TUBES FOR MOTOR CYCLES,0.41,0.17,-59.2,2.0,Medium,Tier 3 (Specialty),15-30%,0.0,0.5,No,No
40139030,40,Rubber,INNER TUBES FOR OFF THE ROAD VEHICLE N.E. S.OR INCLUDED,0.32,0.12,-62.0,2.0,Medium,Tier 3 (Specialty),15-30%,0.0,0.5,No,No
40139041,40,Rubber,INNER TUBES USED IN REAR TYRES OF TRACTORS,0.04,0.0,-100.0,2.0,Medium,Tier 3 (Specialty),15-30%,0.0,0.5,No,No
40139049,40,Rubber,INNER TUBES USED IN OTHER THAN REAR TYRES OF TRACTORS,0.01,0.01,-1.1,2.0,Medium,Tier 3 (Specialty),15-30%,0.0,0.5,No,No
40139050,40,Rubber,INNER TUBES USED IN TYRES OF CYCLE        RICKSHA/THREE WHEELER POW...,0.02,0.0,-82.8,2.0,Medium,Tier 3 (Specialty),15-30%,0.0,0.5,No,No
40139090,40,Rubber,INNER TUBES USED IN OTHER VEHICLES,0.38,0.32,-14.2,2.0,Medium,Tier 3 (Specialty),15-30%,0.0,0.5,No,No
40141010,40,Rubber,RUBBER CONTRACEPTIVES MALE(CONDOMS),3.79,5.38,41.8,3.6,Medium,Tier 3 (Specialty),15-30%,0.8,0.5,No,No
40141020,40,Rubber,"RUBR CONTRACEPTIVES, FEMALE               (DIAPHRAGMS) E.G.CERVICAL...",0.0,0.0,,2.0,Medium,Tier 3 (Specialty),15-30%,0.0,0.5,No,No
40149010,40,Rubber,HOT WATER BOTTLES,2.05,2.43,18.4,3.0,Medium,Tier 3 (Specialty),15-30%,0.4,0.5,No,No
40149020,40,Rubber,ICE BAGS,0.08,0.04,-41.8,2.0,Medium,Tier 3 (Specialty),15-30%,0.0,0.5,No,No
40149030,40,Rubber,FEEDING BOTTLE NIPPLE,2.68,2.05,-23.7,2.0,Medium,Tier 3 (Specialty),15-30%,0.3,0.5,No,No
40149090,40,Rubber,OTHER ARTICLS OF OTHR HYGNC AND PHRMCTL     ARTCLS,10.67,11.08,3.9,2.2,Medium,Tier 3 (Specialty),15-30%,1.7,0.5,No,No
40151200,40,Rubber,"OF A KIND USED FOR MEDICAL, SURGICAL, DENTAL OR VETERINARY PURPOSES",38.19,61.23,60.3,3.6,Medium,Tier 2.5 (Quick-win),60-75%,36.7,0.8,Yes,No
40151900,40,Rubber,"OTHER GLOVES,MITTENS AND MITTS",69.76,55.76,-20.1,2.0,Medium,Tier 3 (Specialty),15-30%,8.4,0.5,No,No
40159010,40,Rubber,RUBBER APRON,0.08,0.3,254.0,3.6,Medium,Tier 3 (Specialty),15-30%,0.0,0.5,No,No
40159020,40,Rubber,LABELS,0.13,0.13,2.1,2.2,Medium,Tier 3 (Specialty),15-30%,0.0,0.5,No,No
40159030,40,Rubber,INDUSTRIAL GLOVES,11.55,19.22,66.4,3.6,Medium,Tier 3 (Specialty),15-30%,2.9,0.5,No,No
40159091,40,Rubber,DIVING SUITS OF VULCANISED RUBR,0.34,0.42,24.4,3.6,Medium,Tier 3 (Specialty),15-30%,0.1,0.5,No,No
40159099,40,Rubber,OTHERS ARTCL. OF APARL AND CLOTHING         ACCESSORIES FOR ALL PUE...,6.26,6.78,8.3,2.2,Medium,Tier 3 (Specialty),15-30%,1.0,0.5,No,No
40161000,40,Rubber,OTHR ARTCLS OF CELLULAR RUBBER,5.4,10.25,89.7,3.6,Medium,Tier 3 (Specialty),15-30%,1.5,0.5,No,No
40169100,40,Rubber,FLOOR COVERINGS AND MATS,9.25,11.96,29.4,3.6,Medium,Tier 3 (Specialty),15-30%,1.8,0.5,No,No
40169200,40,Rubber,ERASERS,3.4,4.19,23.2,3.6,Medium,Tier 3 (Specialty),15-30%,0.6,0.5,No,No
40169310,40,Rubber,PATCHES FR PUNCTURE REPAIR OF             SELF-VULCNSNG RUBR/A RUBR...,3.96,3.95,-0.2,2.0,Medium,Tier 3 (Specialty),15-30%,0.6,0.5,No,No
40169320,40,Rubber,RUBBER RING(O-RING),69.21,78.87,14.0,3.0,Medium,Tier 2.5 (Quick-win),60-75%,47.3,0.8,Yes,No
40169330,40,Rubber,"RUBBER SEALS(OIL SEALS,ETC)",100.48,109.32,8.8,2.64,Medium,Tier 3 (Specialty),15-30%,16.4,0.5,No,No
40169340,40,Rubber,GASKETS,54.01,49.04,-9.2,2.0,Medium,Tier 3 (Specialty),15-30%,7.4,0.5,No,No
40169350,40,Rubber,WASHERS,7.48,15.78,110.9,3.6,Medium,Tier 3 (Specialty),15-30%,2.4,0.5,No,No
40169360,40,Rubber,PLUGS,2.37,2.33,-1.8,2.0,Medium,Tier 3 (Specialty),15-30%,0.3,0.5,No,No
40169390,40,Rubber,OTHER ARTICLES OF GASKETS WASHERS AND OTHER SEAL,198.89,218.47,9.8,2.64,Medium,Tier 3 (Specialty),15-30%,32.8,0.5,No,No
40169400,40,Rubber,BOAT/DOCK FENDERS W/N INFLATABLE,1.94,2.21,13.8,3.0,Medium,Tier 3 (Specialty),15-30%,0.3,0.5,No,No
40169510,40,Rubber,AIR MATTRESSES OF INFLATABLE ARTCLES,1.02,0.62,-39.6,2.0,Medium,Tier 3 (Specialty),15-30%,0.1,0.5,No,No
40169590,40,Rubber,OTHER ITEMS OF INFLATABLE ARTCLES,13.04,15.0,15.0,3.0,Medium,Tier 3 (Specialty),15-30%,2.2,0.5,No,No
40169910,40,Rubber,RUBBER COTS FOR TEXTILE INDUSTRY,3.24,3.08,-4.7,2.0,Medium,Tier 3 (Specialty),15-30%,0.5,0.5,No,No
40169920,40,Rubber,RUBBER BANDS,3.33,3.91,17.7,3.0,Medium,Tier 3 (Specialty),15-30%,0.6,0.5,No,No
40169930,40,Rubber,RUBBER THREAD,0.22,0.38,70.0,3.6,Medium,Tier 3 (Specialty),15-30%,0.1,0.5,No,No
40169940,40,Rubber,RUBBER BLANKETS,12.88,12.96,0.6,2.2,Medium,Tier 3 (Specialty),15-30%,1.9,0.5,No,No
40169950,40,Rubber,RUBBER CUSHION,4.09,4.52,10.5,3.0,Medium,Tier 3 (Specialty),15-30%,0.7,0.5,No,No
40169960,40,Rubber,RUBBER BUSH,11.28,12.52,10.9,3.0,Medium,Tier 3 (Specialty),15-30%,1.9,0.5,No,No
40169970,40,Rubber,EAR PLUG,0.85,1.23,45.4,3.6,Medium,Tier 3 (Specialty),15-30%,0.2,0.5,No,No
40169980,40,Rubber,STOPPERS,67.55,81.26,20.3,3.6,Medium,Tier 2.5 (Quick-win),60-75%,48.8,0.8,Yes,No
40169990,40,Rubber,OTHERS ARTICLES OF VULCANISED RUBBER EXCL. MATS/GASKETS AND OTHER I...,186.63,191.98,2.9,2.64,Medium,Tier 3 (Specialty),15-30%,28.8,0.5,No,No
40170010,40,Rubber,PLTS SHEETS RODS AND TUBES ETC              OF EBONITE AND VULCANITE,0.18,0.27,49.3,3.6,Medium,Tier 3 (Specialty),15-30%,0.0,0.5,No,No
40170020,40,Rubber,SCRAP WASTE AND PWDR OF HARDENED          RUBBER (EBONITE AND VULCA...,0.23,1.68,619.7,3.6,Medium,Tier 3 (Specialty),15-30%,0.3,0.5,No,No
40170030,40,Rubber,PRINTERS ROLLER,0.17,0.17,-3.4,2.0,Medium,Tier 3 (Specialty),15-30%,0.0,0.5,No,No
40170040,40,Rubber,TEXTILE ROLLERS,0.0,0.0,-63.2,2.0,Medium,Tier 3 (Specialty),15-30%,0.0,0.5,No,No
40170050,40,Rubber,TYPE WRITERS AND CYCLSTYLNG ROLLERS,0.0,0.0,-98.6,2.0,Medium,Tier 3 (Specialty),15-30%,0.0,0.5,No,No
40170090,40,Rubber,OTHERS-OF-HARD RUBR IN ALL FORMS INCLUDINGWASTE AND SCRAP ARTCLS OF...,2.3,2.45,6.5,2.2,Medium,Tier 3 (Specialty),15-30%,0.4,0.5,No,No
