market,symbol,trades,hit,revenue_gross_gains,gross_trading_profit,txn_costs,income_tax,net_income,capital_deployed,operating_income_ebit,geography
US,VEEE,2,1.0,45464.64351670891,45464.64351670891,20.0,5020.641269469385,40424.00224723952,20000.0,45444.64351670891,United States
US,WTO,4,1.0,41885.064626688065,41885.064626688065,40.0,4622.966363706186,37222.09826298189,40000.0,41845.064626688065,United States
US,DD,2,1.0,19837.634111585106,19837.634111585106,20.0,2189.4160451998196,17628.218066385285,20000.0,19817.634111585106,United States
US,CCXIU,4,1.0,19828.896087438574,19828.896087438574,40.0,2186.241120745191,17602.654966693386,40000.0,19788.896087438574,United States
US,CCXI,4,1.0,19449.462420379175,19449.46242037917,40.0,2144.321981756586,17265.140438622588,40000.0,19409.46242037917,United States
US,BLZE,4,1.0,16918.17864406919,16918.17864406919,40.0,1864.6703702876225,15013.508273781566,40000.0,16878.17864406919,United States
US,RGNX,4,1.0,16225.128314307454,16225.128314307452,40.0,1788.1034348215803,14397.024879485873,40000.0,16185.128314307452,United States
US,ARL,5,1.0,15425.564892021848,15425.564892021848,50.0,1698.6643455549752,13676.900546466873,50000.0,15375.564892021848,United States
US,FCEL,4,1.0,14724.29644993411,14724.296449934109,40.0,1622.2942697868277,13062.002180147283,40000.0,14684.296449934109,United States
US,NVCT,5,0.6,19463.93347251509,14405.632970473333,50.0,2147.0254989316245,12208.607471541707,50000.0,14355.632970473333,United States
US,DAVE,5,1.0,13699.296416246361,13699.296416246361,50.0,1507.949355162856,12141.347061083505,50000.0,13649.296416246361,United States
US,MBX,5,1.0,13486.238247817062,13486.238247817062,50.0,1484.4110775918064,11951.827170225255,50000.0,13436.238247817062,United States
US,SLS,3,1.0,13283.412189183804,13283.412189183806,30.0,1464.2127883309154,11789.19940085289,30000.0,13253.412189183806,United States
US,RTB,4,1.0,13042.335657589972,13042.335657589972,40.0,1436.4743113891445,11565.861346200829,40000.0,13002.335657589972,United States
US,INNV,5,1.0,12724.63186421866,12724.631864218658,50.0,1400.2701944274445,11274.361669791213,50000.0,12674.631864218658,United States
US,MLKN,5,1.0,12597.164216064333,12597.164216064335,50.0,1386.1878013152507,11160.976414749082,50000.0,12547.164216064335,United States
US,STFS,3,1.0,12365.169340195538,12365.169340195538,30.0,1362.7669943655476,10972.40234582999,30000.0,12335.169340195538,United States
US,SLN,4,1.0,11826.525944683872,11826.52594468387,40.0,1302.1538734217138,10484.372071262156,40000.0,11786.52594468387,United States
US,SNSE,1,1.0,11492.122830451915,11492.122830451915,10.0,1268.523972962575,10213.59885748934,10000.0,11482.122830451915,United States
US,BWIN,5,1.0,11481.181633154267,11481.181633154267,50.0,1262.8960824637813,10168.285550690485,50000.0,11431.181633154267,United States
US,TRAX,1,1.0,11386.681931297007,11386.681931297007,10.0,1256.8750548762787,10119.80687642073,10000.0,11376.681931297007,United States
US,ABVX,2,1.0,11338.04345181464,11338.04345181464,20.0,1250.3967826909138,10067.646669123726,20000.0,11318.04345181464,United States
US,PTRN,4,1.0,11220.156224878363,11220.156224878361,40.0,1235.163253532864,9944.992971345499,40000.0,11180.156224878361,United States
US,COAG,3,1.0,10808.949738293602,10808.949738293602,30.0,1190.8386931831797,9588.111045110423,30000.0,10778.949738293602,United States
US,MKDW,5,1.0,10436.400959842236,10436.400959842236,50.0,1147.4706206258916,9238.930339216344,50000.0,10386.400959842236,United States
US,TECH,5,1.0,10178.6370608213,10178.6370608213,50.0,1118.9933355366593,9009.64372528464,50000.0,10128.6370608213,United States
US,EML,5,1.0,10117.956689336417,10117.956689336417,50.0,1112.2894788497492,8955.667210486668,50000.0,10067.956689336417,United States
US,BDSX,4,1.0,9991.556126192092,9991.556126192092,40.0,1099.4297570896476,8852.126369102443,40000.0,9951.556126192092,United States
US,BSET,4,1.0,9841.59895811639,9841.59895811639,40.0,1082.8627628647548,8718.736195251635,40000.0,9801.59895811639,United States
US,ERAS,4,1.0,9816.751772306445,9816.751772306447,40.0,1080.117691127935,8696.634081178512,40000.0,9776.751772306447,United States
US,MAX,4,1.0,9658.13422750583,9658.13422750583,40.0,1062.5939142895254,8555.540313216305,40000.0,9618.13422750583,United States
US,LFST,5,1.0,9563.33245028727,9563.33245028727,50.0,1051.0156052282214,8462.316845059047,50000.0,9513.33245028727,United States
US,SLDB,5,1.0,9329.301187658679,9329.30118765868,50.0,1025.1602584904456,8254.140929168236,50000.0,9279.30118765868,United States
US,VOR,3,1.0,9301.768450680482,9301.768450680482,30.0,1024.3280554579605,8247.44039522252,30000.0,9271.768450680482,United States
US,PESI,4,1.0,9282.346589944418,9282.346589944418,40.0,1021.0775819850694,8221.269007959349,40000.0,9242.346589944418,United States
US,KYMR,5,0.8,8711.811261240591,8565.838578450834,50.0,958.0458802196562,7557.792698231177,50000.0,8515.838578450834,United States
US,FOA,3,1.0,8474.651993670344,8474.651993670344,30.0,932.9497389530558,7511.702254717287,30000.0,8444.651993670344,United States
US,BRBR,4,1.0,8369.77651171368,8369.77651171368,40.0,920.2585053789657,7409.518006334714,40000.0,8329.77651171368,United States
US,COMP,4,1.0,8367.525858459128,8367.525858459128,40.0,920.0098573153294,7407.516001143798,40000.0,8327.525858459128,United States
US,DMRA,3,1.0,8212.434578008064,8212.434578008064,30.0,903.9804374739142,7278.45414053415,30000.0,8182.434578008064,United States
US,EIKN,3,1.0,8201.270437171135,8201.270437171135,30.0,902.7470435712106,7268.523393599925,30000.0,8171.270437171135,United States
US,PANW,4,1.0,8080.576371387153,8080.576371387153,40.0,888.3082017281988,7152.268169658954,40000.0,8040.576371387153,United States
US,ABSI,3,1.0,8024.94745709331,8024.94745709331,30.0,883.2672025596055,7111.680254533704,30000.0,7994.94745709331,United States
US,MEI,4,0.75,9683.647282693884,8194.758224262894,40.0,1066.5173318077314,7088.240892455162,40000.0,8154.758224262894,United States
US,AVAV,3,1.0,7974.388068281577,7974.388068281577,30.0,877.681493565453,7066.706574716124,30000.0,7944.388068281577,United States
US,PBF,4,1.0,7933.307688033521,7933.307688033522,40.0,872.0382263883371,7021.2694616451845,40000.0,7893.307688033522,United States
US,PRCH,4,1.0,7856.232833573023,7856.232833573023,40.0,863.5231371457413,6952.709696427281,40000.0,7816.232833573023,United States
US,RARE,5,1.0,7768.757944055044,7768.757944055045,50.0,852.7542892644506,6866.003654790595,50000.0,7718.757944055045,United States
US,MNPR,4,1.0,7628.792824692674,7628.792824692674,40.0,838.3959800916143,6750.39684460106,40000.0,7588.792824692674,United States
US,FORR,3,1.0,7573.640317120448,7573.640317120449,30.0,833.4076134680804,6710.232703652368,30000.0,7543.640317120449,United States
US,HNI,5,1.0,7569.270049132913,7569.270049132912,50.0,830.7152307418023,6688.55481839111,50000.0,7519.270049132912,United States
US,WAY,3,1.0,7474.2877533925475,7474.2877533925475,30.0,822.4313235672369,6621.856429825311,30000.0,7444.2877533925475,United States
US,HNGE,4,1.0,7348.365636107663,7348.365636107663,40.0,807.4148961367248,6500.950739970938,40000.0,7308.365636107663,United States
US,SEZL,4,1.0,7333.3366593311075,7333.336659331107,40.0,805.7545222135686,6487.582137117538,40000.0,7293.336659331107,United States
US,FBIN,4,1.0,7304.298502644881,7304.298502644881,40.0,802.546439663761,6461.752062981121,40000.0,7264.298502644881,United States
US,NP,5,1.0,7218.990585740461,7218.990585740461,50.0,792.0169949616245,6376.973590778836,50000.0,7168.990585740461,United States
US,CVLT,5,1.0,7207.861788264581,7207.861788264582,50.0,790.7875057289403,6367.074282535642,50000.0,7157.861788264582,United States
US,AXON,2,1.0,7044.70131077201,7044.70131077201,20.0,776.076179222096,6248.625131549914,20000.0,7024.70131077201,United States
US,RIGL,5,1.0,6992.096834188981,6992.096834188981,50.0,766.9501874201537,6175.146646768828,50000.0,6942.096834188981,United States
US,ENVA,5,1.0,6926.767457457834,6926.767457457834,50.0,759.7327171190715,6117.034740338762,50000.0,6876.767457457834,United States
US,DTIL,4,1.0,6881.724044471412,6881.724044471412,40.0,755.8611848141036,6085.862859657308,40000.0,6841.724044471412,United States
US,QNST,4,1.0,6878.131083436929,6878.131083436929,40.0,755.4642410369413,6082.666842399987,40000.0,6838.131083436929,United States
US,NTSK,3,1.0,6866.625875287653,6866.625875287653,30.0,755.297948387938,6081.327926899715,30000.0,6836.625875287653,United States
US,GLUE,4,1.0,6872.121177217589,6872.121177217589,40.0,754.8002775672011,6077.320899650388,40000.0,6832.121177217589,United States
US,GSHD,3,1.0,6825.471704924959,6825.471704924959,30.0,750.7513107614873,6044.720394163472,30000.0,6795.471704924959,United States
US,WHLRP,5,1.0,6833.119069500053,6833.119069500053,50.0,749.3866141459623,6033.732455354091,50000.0,6783.119069500053,United States
US,ALOT,3,0.6666666666666666,6849.3372088339875,6810.8349632871395,30.0,754.4927098215223,6026.342253465618,30000.0,6780.8349632871395,United States
US,SOLC,4,1.0,6783.621350014511,6783.621350014513,40.0,745.0229781890398,5998.598371825472,40000.0,6743.621350014513,United States
US,TWST,5,1.0,6788.175737476606,6788.175737476605,50.0,744.4213568552669,5993.754380621338,50000.0,6738.175737476605,United States
US,DK,3,1.0,6752.270102777811,6752.270102777811,30.0,742.6641313649513,5979.60597141286,30000.0,6722.270102777811,United States
US,CXT,5,1.0,6763.544530960042,6763.544530960042,50.0,741.7001461165709,5971.844384843471,50000.0,6713.544530960042,United States
US,BCAX,4,1.0,6726.770901654154,6726.770901654153,40.0,738.742244418493,5948.02865723566,40000.0,6686.770901654153,United States
US,WSHP,1,1.0,6686.160662020857,6686.160662020857,10.0,737.5700445097776,5938.5906175110795,10000.0,6676.160662020857,United States
US,VCEL,5,1.0,6718.514311289785,6718.514311289785,50.0,736.7252896372447,5931.78902165254,50000.0,6668.514311289785,United States
US,SNWV,2,1.0,6688.297623407923,6688.297623407923,20.0,736.7013503555588,5931.596273052364,20000.0,6668.297623407923,United States
US,EPC,5,1.0,6690.768286994444,6690.768286994444,50.0,733.6599595155624,5907.108327478882,50000.0,6640.768286994444,United States
US,JXG,5,1.0,6687.8271020205475,6687.8271020205475,50.0,733.335022767942,5904.492079252605,50000.0,6637.8271020205475,United States
US,PRG,5,0.8,6678.311647599071,6641.453780748116,50.0,733.3885544790572,5858.065226269058,50000.0,6591.453780748116,United States
US,TCMD,5,1.0,6619.25420242506,6619.25420242506,50.0,725.759213980935,5843.494988444125,50000.0,6569.25420242506,United States
US,URGN,5,1.0,6611.512535048209,6611.512535048209,50.0,724.9039286993499,5836.60860634886,50000.0,6561.512535048209,United States
US,GRND,4,1.0,6561.2637113569035,6561.2637113569035,40.0,720.4573121207014,5800.806399236202,40000.0,6521.2637113569035,United States
US,RRGB,4,1.0,6488.675160761747,6488.675160761748,40.0,712.4378615406786,5736.237299221069,40000.0,6448.675160761748,United States
US,HOOD,5,0.8,7134.479176398305,6550.105790457916,50.0,783.7851104568641,5716.32068000105,50000.0,6500.105790457916,United States
US,KINS,4,1.0,6460.1668571325345,6460.1668571325345,40.0,709.2883161895137,5710.878540943021,40000.0,6420.1668571325345,United States
US,OMDA,3,1.0,6434.474948046264,6434.474948046265,30.0,707.5547027147745,5696.92024533149,30000.0,6404.474948046265,United States
US,DMAC,3,1.0,6333.631109877584,6333.631109877584,30.0,696.4136595356106,5607.217450341974,30000.0,6303.631109877584,United States
US,IPAR,4,1.0,6341.2887681514185,6341.2887681514185,40.0,696.1548818969816,5605.133886254436,40000.0,6301.2887681514185,United States
US,ZBIO,3,1.0,6315.2176191307135,6315.2176191307135,30.0,694.3793706864803,5590.838248444233,30000.0,6285.2176191307135,United States
US,FOUR,3,1.0,6310.270661034638,6310.270661034638,30.0,693.8328397852894,5586.437821249348,30000.0,6280.270661034638,United States
US,QLYS,2,1.0,6278.5869788748605,6278.5869788748605,20.0,691.4372661576647,5567.149712717196,20000.0,6258.5869788748605,United States
US,AMBA,2,1.0,6278.279692840973,6278.279692840973,20.0,691.4033177575039,5566.87637508347,20000.0,6258.279692840973,United States
US,GPC,5,1.0,6258.9584873093145,6258.958487309314,50.0,685.954400992183,5523.004086317131,50000.0,6208.958487309314,United States
US,LMRI,3,1.0,6213.376076064937,6213.376076064936,30.0,683.1281028913113,5500.247973173625,30000.0,6183.376076064936,United States
US,MYE,5,1.0,6120.256038651822,6120.256038651821,50.0,671.013023762739,5399.243014889083,50000.0,6070.256038651821,United States
US,XERS,4,1.0,6103.495438689072,6103.495438689072,40.0,669.8839088819941,5393.611529807078,40000.0,6063.495438689072,United States
US,ASTH,4,1.0,6100.309653546065,6100.3096535460645,40.0,669.5319491541383,5390.777704391927,40000.0,6060.3096535460645,United States
US,OC,4,1.0,6081.6004791460855,6081.6004791460855,40.0,667.4649937146991,5374.135485431386,40000.0,6041.6004791460855,United States
US,HRTG,5,1.0,6090.609597340615,6090.609597340615,50.0,667.3555229014032,5373.254074439212,50000.0,6040.609597340615,United States
US,WNC,5,0.8,6814.530548562636,6140.212040671675,50.0,748.4377700286958,5341.77427064298,50000.0,6090.212040671675,United States
US,PRVA,5,1.0,6036.88994991121,6036.88994991121,50.0,661.4206743033226,5325.4692756078875,50000.0,5986.88994991121,United States
US,AGMB,4,0.5,6296.522407066144,6040.735202951989,40.0,693.4187395282205,5307.316463423768,40000.0,6000.735202951989,United States
US,LGND,5,1.0,6004.922712043987,6004.922712043987,50.0,657.888992210842,5297.033719833145,50000.0,5954.922712043987,United States
US,ALMR,4,1.0,5987.4637112619685,5987.4637112619685,40.0,657.0649354187267,5290.398775843242,40000.0,5947.4637112619685,United States
US,CARG,4,1.0,5942.036549297162,5942.036549297163,40.0,652.0462254792039,5249.990323817959,40000.0,5902.036549297163,United States
US,MAN,2,1.0,5897.58471935985,5897.58471935985,20.0,649.3448319375825,5228.239887422267,20000.0,5877.58471935985,United States
US,GPCR,5,1.0,5918.198003350024,5918.198003350024,50.0,648.3078046855942,5219.89019866443,50000.0,5868.198003350024,United States
US,MAZE,4,1.0,5906.419202953773,5906.419202953772,40.0,648.11128606451,5218.307916889262,40000.0,5866.419202953772,United States
US,WEN,3,1.0,5866.663708373585,5866.663708373585,30.0,644.8239533334736,5191.839755040111,30000.0,5836.663708373585,United States
US,TDOC,4,1.0,5870.526843090942,5870.526843090942,40.0,644.1459636581473,5186.380879432794,40000.0,5830.526843090942,United States
US,FLYW,4,1.0,5847.992770743822,5847.992770743822,40.0,641.6564404747701,5166.336330269051,40000.0,5807.992770743822,United States
US,NEO,3,1.0,5833.264020164511,5833.26402016451,30.0,641.1340167417554,5162.130003422755,30000.0,5803.26402016451,United States
US,BH-A,4,1.0,5827.975488957819,5827.97548895782,40.0,639.4449677189007,5148.530521238919,40000.0,5787.97548895782,United States
US,ORIC,3,1.0,5753.931111904911,5753.931111904911,30.0,632.3694618368693,5091.561650068042,30000.0,5723.931111904911,United States
US,FLXS,5,1.0,5772.234935612714,5772.234935612714,50.0,632.1820713759943,5090.05286423672,50000.0,5722.234935612714,United States
US,ORKA,5,0.8,6217.410766539841,5813.393365341408,50.0,682.4690663829529,5080.9242989584545,50000.0,5763.393365341408,United States
US,NGNE,5,1.0,5750.132091875684,5750.132091875684,50.0,629.7401895423747,5070.391902333309,50000.0,5700.132091875684,United States
US,ETON,5,1.0,5702.137520009239,5702.137520009239,50.0,624.4378368429946,5027.699683166244,50000.0,5652.137520009239,United States
US,MITK,4,1.0,5645.574401156182,5645.574401156182,40.0,619.2936284598237,4986.280772696357,40000.0,5605.574401156182,United States
US,LILAK,3,1.0,5600.7667182146515,5600.7667182146515,30.0,615.4481391799574,4955.318579034694,30000.0,5570.7667182146515,United States
US,MRNA,3,1.0,5578.112894034173,5578.112894034173,30.0,612.9453860326036,4935.167508001569,30000.0,5548.112894034173,United States
US,XZO,2,1.0,5539.618897900576,5539.618897900576,20.0,609.7974213474401,4909.821476553136,20000.0,5519.618897900576,United States
US,KNSA,5,1.0,5544.295889246339,5544.29588924634,50.0,606.9997815712619,4887.296107675078,50000.0,5494.29588924634,United States
US,BJRI,5,1.0,5534.902090140254,5534.902090140255,50.0,605.961971791727,4878.940118348528,50000.0,5484.902090140255,United States
US,LILA,3,1.0,5499.885952257157,5499.885952257157,30.0,604.3030162860864,4865.5829359710715,30000.0,5469.885952257157,United States
US,KRUS,4,1.0,5497.811303583624,5497.811303583624,40.0,602.9690311394675,4854.842272444157,40000.0,5457.811303583624,United States
US,STTK,3,1.0,5476.431332229184,5476.431332229184,30.0,601.7117926751262,4844.7195395540575,30000.0,5446.431332229184,United States
US,PLMR,3,1.0,5464.534368663944,5464.534368663944,30.0,600.397437854958,4834.136930808987,30000.0,5434.534368663944,United States
US,EVC,4,1.0,5417.67415859038,5417.67415859038,40.0,594.1156256281532,4783.558532962226,40000.0,5377.67415859038,United States
US,MGTX,4,1.0,5402.501503990394,5402.501503990394,40.0,592.4393784413074,4770.062125549086,40000.0,5362.501503990394,United States
US,TXG,4,1.0,5395.664047098312,5395.664047098311,40.0,591.6839886837009,4763.9800584146105,40000.0,5355.664047098311,United States
US,ASTS,3,1.0,5368.1542538210115,5368.154253821011,30.0,589.7495386815665,4748.404715139444,30000.0,5338.154253821011,United States
US,ACIW,3,1.0,5329.628222155796,5329.628222155796,30.0,585.4932530214942,4714.134969134302,30000.0,5299.628222155796,United States
US,IQV,4,1.0,5334.848339286174,5334.848339286175,40.0,584.9651802863738,4709.883158999802,40000.0,5294.848339286175,United States
US,QDEL,1,1.0,5226.130908857438,5226.130908857438,10.0,576.2686222488617,4639.862286608576,10000.0,5216.130908857438,United States
US,ACOG,4,0.75,5416.546910982381,5271.829027884754,40.0,595.0958711177385,4636.733156767015,40000.0,5231.829027884754,United States
US,BOBS,3,1.0,5242.240934013911,5242.240934013911,30.0,575.8388649281902,4636.4020690857205,30000.0,5212.240934013911,United States
US,GRPN,2,1.0,5218.1110329077155,5218.1110329077155,20.0,574.2778192440888,4623.833213663626,20000.0,5198.1110329077155,United States
US,VRNS,3,1.0,5226.1743043613105,5226.1743043613105,30.0,574.0638530092285,4622.110451352082,30000.0,5196.1743043613105,United States
US,MIRM,5,1.0,5221.557790315234,5221.557790315234,50.0,571.3442654678549,4600.21352484738,50000.0,5171.557790315234,United States
US,TBBK,5,1.0,5186.01325452627,5186.013254526271,50.0,567.4173700303193,4568.595884495952,50000.0,5136.013254526271,United States
US,ABCL,2,1.0,5125.273723806611,5125.273723806611,20.0,564.0213227826716,4541.2524010239395,20000.0,5105.273723806611,United States
US,WLYB,4,1.0,5076.541032961051,5076.54103296105,40.0,556.42786055001,4480.113172411041,40000.0,5036.54103296105,United States
US,RYAN,3,1.0,5065.149475664452,5065.149475664452,30.0,556.2741238397733,4478.875351824679,30000.0,5035.149475664452,United States
US,LIF,3,1.0,4995.195223595221,4995.195223595221,30.0,548.5457057527328,4416.649517842488,30000.0,4965.195223595221,United States
US,NTRA,4,1.0,4980.084025473184,4980.084025473184,40.0,545.7714664175519,4394.312559055632,40000.0,4940.084025473184,United States
US,MXL,3,1.0,4965.426942846943,4965.426942846944,30.0,545.2569604291833,4390.169982417761,30000.0,4935.426942846944,United States
US,SKWD,4,1.0,4955.661766392425,4955.661766392425,40.0,543.0733398101896,4372.588426582236,40000.0,4915.661766392425,United States
US,ONT,2,1.0,4930.326159185792,4930.326159185792,20.0,542.4838716646324,4367.84228752116,20000.0,4910.326159185792,United States
US,ABX,3,1.0,4931.237524140833,4931.237524140833,30.0,541.4797758535806,4359.757748287252,30000.0,4901.237524140833,United States
US,DVA,5,1.0,4946.2031891964525,4946.203189196452,50.0,540.9235917176704,4355.279597478781,50000.0,4896.203189196452,United States
US,WIX,3,1.0,4923.021335362372,4923.021335362372,30.0,540.5720663136494,4352.449269048722,30000.0,4893.021335362372,United States
US,CRVS,3,1.0,4917.159520059206,4917.159520059206,30.0,539.9244636580304,4347.235056401176,30000.0,4887.159520059206,United States
US,PERI,5,1.0,4926.985997331764,4926.985997331765,50.0,538.8005114359717,4338.185485895794,50000.0,4876.985997331765,United States
US,CNA,5,1.0,4907.994011861443,4907.994011861443,50.0,536.702311545672,4321.291700315771,50000.0,4857.994011861443,United States
US,CLDX,4,1.0,4853.650834748522,4853.650834748521,40.0,531.8033582740799,4281.847476474442,40000.0,4813.650834748521,United States
US,TLX,4,1.0,4804.627459346661,4804.627459346662,40.0,526.3873452378949,4238.240114108768,40000.0,4764.627459346662,United States
US,LTH,5,1.0,4813.430973329602,4813.430973329602,50.0,526.2551596465747,4237.175813683028,50000.0,4763.430973329602,United States
US,SGRY,4,1.0,4790.084946148485,4790.084946148485,40.0,524.7807149229774,4225.3042312255075,40000.0,4750.084946148485,United States
US,GHRS,4,1.0,4746.669641933933,4746.669641933933,40.0,519.9842713556293,4186.685370578304,40000.0,4706.669641933933,United States
US,ATEX,2,1.0,4719.825142939622,4719.825142939622,20.0,519.2281035994217,4180.5970393402,20000.0,4699.825142939622,United States
US,PAR,3,1.0,4721.732076482108,4721.732076482108,30.0,518.3339963887838,4173.398080093324,30000.0,4691.732076482108,United States
US,LWAY,5,0.8,4979.26875056125,4751.771022123544,50.0,545.6813963333337,4156.08962579021,50000.0,4701.771022123544,United States
US,WHG,5,1.0,4671.817863770153,4671.817863770153,50.0,510.61000177685474,4111.207861993298,50000.0,4621.817863770153,United States
US,BIOA,4,1.0,4647.183014380214,4647.183014380214,40.0,508.99317032800457,4098.189844052209,40000.0,4607.183014380214,United States
US,FIG,2,1.0,4622.261345140681,4622.261345140681,20.0,508.4494332935268,4093.8119118471545,20000.0,4602.261345140681,United States
US,IMNM,3,1.0,4606.641336931949,4606.641336931949,30.0,505.61898154865594,4071.022355383293,30000.0,4576.641336931949,United States
US,ONC,4,1.0,4576.82148157518,4576.82148157518,40.0,501.21975660864746,4035.601724966532,40000.0,4536.82148157518,United States
US,IOT,2,1.0,4555.311670582387,4555.311670582387,20.0,501.05295544589376,4034.2587151364933,20000.0,4535.311670582387,United States
US,GOLF,5,1.0,4558.979322503711,4558.979322503711,50.0,498.1438056923651,4010.835516811346,50000.0,4508.979322503711,United States
US,MEDP,4,1.0,4540.787416382763,4540.787416382764,40.0,497.2387788561148,4003.5486375266482,40000.0,4500.787416382764,United States
US,OWLT,4,1.0,4533.367506579509,4533.367506579509,40.0,496.41904076398384,3996.948465815525,40000.0,4493.367506579509,United States
US,PTGX,5,1.0,4543.293628525431,4543.293628525431,50.0,496.4108788514127,3996.882749674018,50000.0,4493.293628525431,United States
US,PAYS,4,1.0,4502.1337954007595,4502.13379540076,40.0,492.96839736120177,3969.165398039558,40000.0,4462.13379540076,United States
US,SBFG,4,1.0,4478.796600548316,4478.796600548316,40.0,490.3901466693078,3948.406453879008,40000.0,4438.796600548316,United States
US,NRC,4,1.0,4459.52393370024,4459.52393370024,40.0,488.2609376126979,3931.262996087542,40000.0,4419.52393370024,United States
US,BH,3,1.0,4440.748725277861,4440.748725277861,30.0,487.29146860283777,3923.457256675023,30000.0,4410.748725277861,United States
US,CGON,5,0.8,5014.091351588777,4522.603451565501,50.0,549.5285337361122,3923.074917829389,50000.0,4472.603451565501,United States
US,USNA,4,1.0,4441.887733716208,4441.887733716208,40.0,486.3125224283233,3915.5752112878845,40000.0,4401.887733716208,United States
US,RVMD,4,1.0,4439.410785606912,4439.410785606912,40.0,486.0388737221718,3913.3719118847403,40000.0,4399.410785606912,United States
US,KRT,3,1.0,4403.515883820508,4403.515883820508,30.0,483.1780522365796,3890.337831583928,30000.0,4373.515883820508,United States
US,CON,5,1.0,4420.527203383506,4420.527203383506,50.0,482.8478682768848,3887.6793351066217,50000.0,4370.527203383506,United States
US,CRL,3,1.0,4390.630863068019,4390.630863068019,30.0,481.7545386617811,3878.876324406238,30000.0,4360.630863068019,United States
US,VALU,3,1.0,4379.616747921047,4379.616747921047,30.0,480.5377193234746,3869.0790285975722,30000.0,4349.616747921047,United States
US,SDHC,4,1.0,4374.742722808524,4374.742722808524,40.0,478.89446417734064,3855.848258631184,40000.0,4334.742722808524,United States
US,VITL,3,1.0,4362.983430023751,4362.983430023751,30.0,478.70010072156686,3854.283329302183,30000.0,4332.983430023751,United States
US,GKOS,5,1.0,4366.020253166305,4366.020253166305,50.0,476.8260399038055,3839.1942132624995,50000.0,4316.020253166305,United States
US,USFD,5,1.0,4343.294336046131,4343.29433604613,50.0,474.31532206005926,3818.9790139860715,50000.0,4293.29433604613,United States
US,BKD,4,1.0,4327.681802377395,4327.681802377394,40.0,473.69525958441926,3813.9865427929753,40000.0,4287.681802377394,United States
US,HCSG,5,1.0,4325.050154879388,4325.050154879388,50.0,472.2997382243153,3802.7504166550734,50000.0,4275.050154879388,United States
US,REYN,5,1.0,4314.963579096296,4314.963579096296,50.0,471.1853917419713,3793.7781873543245,50000.0,4264.963579096296,United States
US,BOW,4,1.0,4288.676793918043,4288.676793918043,40.0,469.3860574423666,3779.290736475676,40000.0,4248.676793918043,United States
US,ALGT,4,1.0,4274.794443472933,4274.794443472933,40.0,467.8523607034687,3766.9420827694644,40000.0,4234.794443472933,United States
US,SON,5,1.0,4283.265397687792,4283.265397687792,50.0,467.683434515964,3765.581963171828,50000.0,4233.265397687792,United States
US,JBSS,5,1.0,4282.510908793435,4282.510908793435,50.0,467.60007996002014,3764.9108288334155,50000.0,4232.510908793435,United States
US,SLGN,5,1.0,4270.770619956276,4270.770619956276,50.0,466.30303427784514,3754.4675856784315,50000.0,4220.770619956276,United States
US,MGNI,3,1.0,4233.146129836365,4233.146129836365,30.0,464.35591277788546,3738.7902170584794,30000.0,4203.146129836365,United States
US,ATEN,5,1.0,4223.992025861532,4223.992025861532,50.0,461.1350205832612,3712.8570052782707,50000.0,4173.992025861532,United States
US,RVLV,5,0.6,4337.773954226612,4237.110720011241,50.0,475.9150038482187,3711.1957161630226,50000.0,4187.110720011241,United States
US,RIVN,2,1.0,4184.80264102685,4184.80264102685,20.0,460.119794119331,3704.682846907519,20000.0,4164.80264102685,United States
US,KMTS,2,1.0,4167.861895292444,4167.861895292444,20.0,458.2482114511014,3689.613683841343,20000.0,4147.861895292444,United States
US,VKTX,4,0.75,4247.152971804109,4176.754551968364,40.0,465.90336311298023,3670.8511888553835,40000.0,4136.754551968364,United States
US,RBLX,3,1.0,4154.195931360034,4154.195931360035,30.0,455.6336389513271,3668.5622924087074,30000.0,4124.195931360035,United States
US,TWFG,2,1.0,4141.4336970156855,4141.4336970156855,20.0,455.3284723426358,3666.1052246730505,20000.0,4121.4336970156855,United States
US,JETU,5,1.0,4157.139797159877,4157.139797159877,50.0,453.7493083760101,3653.3904887838667,50000.0,4107.139797159877,United States
US,ACVA,3,1.0,4130.861909397603,4130.861909397603,30.0,453.0557387945306,3647.8061706030726,30000.0,4100.861909397603,United States
US,ASND,4,1.0,4138.910669688811,4138.910669688811,40.0,452.84016939293576,3646.0705002958757,40000.0,4098.910669688811,United States
US,GH,2,1.0,4117.063466755493,4117.063466755493,20.0,452.6360937844057,3644.4273729710876,20000.0,4097.063466755493,United States
US,HAYW,5,1.0,4096.655532941917,4096.655532941917,50.0,447.06711726201166,3599.5884156799057,50000.0,4046.655532941917,United States
US,CCK,5,1.0,4080.4311421049674,4080.431142104968,50.0,445.27467617535115,3585.1564659296164,50000.0,4030.431142104968,United States
US,NMIH,5,1.0,4067.854470932817,4067.854470932817,50.0,443.88522849938397,3573.969242433433,50000.0,4017.854470932817,United States
US,AVAH,4,1.0,4051.2828941214148,4051.282894121415,40.0,443.1592126878026,3568.1236814336125,40000.0,4011.282894121415,United States
US,SI,4,0.75,4160.354940003889,4058.549937527461,40.0,456.31407498478376,3562.2358625426778,40000.0,4018.549937527461,United States
US,TDUP,4,1.0,4013.817044670156,4013.817044670156,40.0,439.02005402366746,3534.7969906464887,40000.0,3973.817044670156,United States
US,ARHS,4,1.0,3987.458574689213,3987.458574689213,40.0,436.10801837005437,3511.350556319159,40000.0,3947.458574689213,United States
US,JILL,4,1.0,3974.792500433772,3974.792500433772,40.0,434.70869360462524,3500.083806829147,40000.0,3934.792500433772,United States
US,WRLD,4,0.75,3985.0405548237845,3973.645420576438,40.0,436.94566169657594,3496.699758879862,40000.0,3933.645420576438,United States
US,BODI,4,1.0,3962.077308971168,3962.077308971168,40.0,433.3039424597982,3488.77336651137,40000.0,3922.077308971168,United States
US,RELY,4,1.0,3956.2093747959093,3956.2093747959093,40.0,432.65566380235856,3483.553710993551,40000.0,3916.2093747959093,United States
US,DLO,3,1.0,3944.32494432158,3944.32494432158,30.0,432.4474753630459,3481.8774689585343,30000.0,3914.32494432158,United States
US,CDNA,4,1.0,3946.43389221317,3946.4338922131706,40.0,431.57568632897755,3474.858205884193,40000.0,3906.4338922131706,United States
US,STUB,5,0.8,5005.611584717173,4073.408302646475,50.0,548.5917045695373,3474.816598076937,50000.0,4023.408302646475,United States
US,FBYD,4,1.0,3938.680976743103,3938.680976743103,40.0,430.71915837858404,3467.961818364519,40000.0,3898.680976743103,United States
US,ROIV,5,1.0,3940.81568665368,3940.81568665368,50.0,429.85021548535207,3460.965471168328,50000.0,3890.81568665368,United States
US,BILL,1,1.0,3899.782087585466,3899.782087585466,10.0,429.7360253468365,3460.0460622386295,10000.0,3889.782087585466,United States
US,GCMG,5,1.0,3935.945449534597,3935.9454495345967,50.0,429.3121605776668,3456.6332889569303,50000.0,3885.9454495345967,United States
US,BSVN,5,1.0,3934.5580502608077,3934.558050260808,50.0,429.15888323820093,3455.399167022607,50000.0,3884.558050260808,United States
US,BFAM,3,1.0,3906.248787225379,3906.248787225379,30.0,428.2408910242404,3448.0078962011385,30000.0,3876.248787225379,United States
US,ABBV,4,1.0,3905.1071213629807,3905.1071213629807,40.0,427.0099801157011,3438.0971412472795,40000.0,3865.1071213629807,United States
US,MBLY,3,0.6666666666666666,4097.968296042846,3908.8432259894926,30.0,450.5264941768695,3428.316731812623,30000.0,3878.8432259894926,United States
US,MDB,2,1.0,3851.9877007166037,3851.9877007166037,20.0,423.3510069727612,3408.6366937438424,20000.0,3831.9877007166037,United States
US,FTDR,5,1.0,3871.2033451304364,3871.203345130436,50.0,422.15957105137176,3399.0437740790644,50000.0,3821.203345130436,United States
US,SNDX,4,1.0,3857.3676562540113,3857.3676562540113,40.0,421.73581114526223,3395.631845108749,40000.0,3817.3676562540113,United States
US,DNA,4,1.0,3856.089604717439,3856.0896047174388,40.0,421.5946143442208,3394.494990373218,40000.0,3816.0896047174388,United States
US,JNJ,5,1.0,3858.8834633400197,3858.8834633400193,50.0,420.7984929976027,3388.084970342417,50000.0,3808.8834633400193,United States
US,ASIC,3,1.0,3819.8209461180886,3819.8209461180886,30.0,418.692500888121,3371.128445229968,30000.0,3789.8209461180886,United States
US,W,5,0.8,3877.594443186665,3841.238616109654,50.0,423.97042964734175,3367.268186462312,50000.0,3791.238616109654,United States
US,SN,4,1.0,3796.6635102772757,3796.663510277276,40.0,415.0293278958858,3341.6341823813905,40000.0,3756.663510277276,United States
US,INTG,4,1.0,3789.912666425397,3789.9126664253968,40.0,414.28350698887334,3335.6291594365234,40000.0,3749.9126664253968,United States
US,OLMA,3,1.0,3779.88592577434,3779.88592577434,30.0,414.2805527305521,3335.605373043788,30000.0,3749.88592577434,United States
US,NIC,4,1.0,3777.0361357992233,3777.0361357992233,40.0,412.86093138773384,3324.1752044114896,40000.0,3737.0361357992233,United States
US,UMAC,3,1.0,3764.855165062244,3764.855165062244,30.0,412.6199817214534,3322.235183340791,30000.0,3734.855165062244,United States
US,TECX,3,1.0,3762.135936478679,3762.135936478679,30.0,412.31956631071864,3319.8163701679605,30000.0,3732.135936478679,United States
US,RDDT,2,1.0,3749.845572350221,3749.845572350221,20.0,412.06653106221415,3317.7790412880067,20000.0,3729.845572350221,United States
US,SIBN,5,1.0,3779.0977977658026,3779.0977977658026,50.0,411.98391829097716,3317.1138794748254,50000.0,3729.0977977658026,United States
US,KVYO,2,1.0,3738.1834673875546,3738.1834673875546,20.0,410.77812299179067,3307.405344395764,20000.0,3718.1834673875546,United States
US,MCRB,3,1.0,3738.4530776490446,3738.4530776490446,30.0,409.7031272935359,3298.749950355508,30000.0,3708.4530776490446,United States
US,ICHR,5,0.8,3796.3988347197273,3760.7012935214325,50.0,415.00008702337766,3295.7012064980545,50000.0,3710.7012935214325,United States
US,FDS,3,1.0,3724.5261377723214,3724.5261377723214,30.0,408.1645043956186,3286.3616333767027,30000.0,3694.5261377723214,United States
US,WSBC,5,1.0,3743.493878860163,3743.4938788601626,50.0,408.050462315098,3285.443416545065,50000.0,3693.4938788601626,United States
US,VEEV,2,1.0,3712.377604460633,3712.377604460633,20.0,407.927138356879,3284.450466103754,20000.0,3692.377604460633,United States
US,GDDY,2,1.0,3697.4883998573714,3697.4883998573714,20.0,406.2822062083141,3271.2061936490572,20000.0,3677.4883998573714,United States
US,TRV,5,1.0,3719.2755856686485,3719.275585668649,50.0,405.37486948689775,3263.900716181751,50000.0,3669.275585668649,United States
US,TROW,4,1.0,3705.319797275235,3705.319797275235,40.0,404.9378412053587,3260.381956069876,40000.0,3665.319797275235,United States
US,RKLB,3,1.0,3691.6097269961856,3691.6097269961856,30.0,404.5279594126062,3257.0817675835797,30000.0,3661.6097269961856,United States
US,BAX,4,1.0,3690.8493513675976,3690.8493513675976,40.0,403.33917275316156,3247.510178614436,40000.0,3650.8493513675976,United States
US,LOAR,5,1.0,3688.9397338029917,3688.9397338029917,50.0,402.02341994223957,3236.9163138607523,50000.0,3638.9397338029917,United States
US,JAN,5,1.0,3677.984484014141,3677.984484014141,50.0,400.8131039412564,3227.1713800728844,50000.0,3627.984484014141,United States
US,CORT,4,1.0,3666.017175112284,3666.017175112284,40.0,400.5957592445414,3225.4214158677423,40000.0,3626.017175112284,United States
US,XNCR,4,1.0,3657.489490420578,3657.4894904205776,40.0,399.6536362046619,3217.835854215916,40000.0,3617.4894904205776,United States
US,DYN,4,1.0,3656.7009859776526,3656.700985977652,40.0,399.56652367299785,3217.1344623046543,40000.0,3616.700985977652,United States
US,MMYT,3,1.0,3642.828471807504,3642.8284718075042,30.0,399.1386953756518,3213.6897764318524,30000.0,3612.8284718075042,United States
US,FWRG,4,1.0,3645.1147794864933,3645.1147794864937,40.0,398.28650072717545,3206.828278759318,40000.0,3605.1147794864937,United States
US,RLI,3,1.0,3624.947372468172,3624.9473724681725,30.0,397.1632241574978,3197.784148310675,30000.0,3594.9473724681725,United States
US,VRTX,4,1.0,3632.723016506059,3632.7230165060587,40.0,396.9174813707318,3195.805535135327,40000.0,3592.7230165060587,United States
US,BWB,5,1.0,3637.9443221992556,3637.9443221992556,50.0,396.389539945862,3191.5547822533936,50000.0,3587.9443221992556,United States
US,TCI,2,1.0,3601.4858520004054,3601.4858520004054,20.0,395.6760199463914,3185.809832054014,20000.0,3581.4858520004054,United States
US,RM,4,1.0,3609.7868675890686,3609.7868675890686,40.0,394.3835375017917,3175.403330087277,40000.0,3569.7868675890686,United States
US,NMAX,1,1.0,3568.2161780132883,3568.2161780132883,10.0,393.1052288364586,3165.1109491768298,10000.0,3558.2161780132883,United States
US,FFBC,5,1.0,3605.3540506003014,3605.3540506003023,50.0,392.78902622387056,3162.5650243764317,50000.0,3555.3540506003023,United States
US,DSGN,4,1.0,3590.15847987469,3590.15847987469,40.0,392.2150290531398,3157.94345082155,40000.0,3550.15847987469,United States
US,SCLX,4,1.0,3587.625098813798,3587.625098813798,40.0,391.93514573749826,3155.6899530763003,40000.0,3547.625098813798,United States
US,PCB,5,1.0,3596.5651569563283,3596.5651569563283,50.0,391.81804529570707,3154.7471116606216,50000.0,3546.5651569563283,United States
US,HIMS,4,0.75,4223.831582372175,3637.4203587038464,40.0,463.3268585750959,3134.0935001287507,40000.0,3597.4203587038464,United States
US,MBC,4,0.75,3598.296532462586,3554.7705460972693,40.0,394.21888799720034,3120.5516581000684,40000.0,3514.7705460972693,United States
US,PARK,2,1.0,3523.928681206443,3523.928681206443,20.0,387.10764527560565,3116.8210359308373,20000.0,3503.928681206443,United States
US,META,3,1.0,3528.943187268441,3528.943187268441,30.0,386.5568570049348,3112.386330263506,30000.0,3498.943187268441,United States
US,AMLX,3,1.0,3510.5775473735725,3510.577547373572,30.0,384.5278546305958,3096.0496927429767,30000.0,3480.577547373572,United States
US,AFRM,3,1.0,3501.0008378739976,3501.0008378739976,30.0,383.4698372446391,3087.5310006293585,30000.0,3471.0008378739976,United States
US,EVER,2,1.0,3487.6224105300757,3487.6224105300757,20.0,383.0965947580397,3084.5258157720364,20000.0,3467.6224105300757,United States
US,CACC,4,1.0,3504.825809574836,3504.825809574836,40.0,382.7876313889036,3082.038178185933,40000.0,3464.825809574836,United States
US,POOL,5,1.0,3512.04423940179,3512.0442394017905,50.0,382.4803285931498,3079.5639108086407,50000.0,3462.0442394017905,United States
US,AAL,5,1.0,3497.3631248054994,3497.3631248054994,50.0,380.8583858487459,3066.5047389567535,50000.0,3447.3631248054994,United States
US,RBB,5,1.0,3492.3385617289223,3492.3385617289227,50.0,380.3032812909549,3062.0352804379677,50000.0,3442.3385617289227,United States
US,CCS,5,0.8,3894.8158806343104,3530.8915227185357,50.0,425.8730226237272,3055.018500094808,50000.0,3480.8915227185357,United States
US,PBYI,5,0.8,3546.027881426901,3483.8385420216337,50.0,387.3395610844696,3046.4989809371637,50000.0,3433.8385420216337,United States
US,BVS,3,1.0,3451.7899471579017,3451.7899471579017,30.0,378.03310785879324,3043.7568392991084,30000.0,3421.7899471579017,United States
US,ACCS,5,1.0,3466.871696930789,3466.871696930789,50.0,377.48974855056724,3039.3819483802217,50000.0,3416.871696930789,United States
US,GMRS,5,0.8,3609.8597931852796,3480.166986459663,50.0,394.39159418855616,3035.7753922711067,50000.0,3430.166986459663,United States
US,HUBS,2,1.0,3429.4117325287352,3429.4117325287352,20.0,376.66558529946917,3032.746147229266,20000.0,3409.4117325287352,United States
US,CINF,5,1.0,3443.2460210076156,3443.2460210076156,50.0,374.8796269965191,3018.3663940110964,50000.0,3393.2460210076156,United States
US,AVTX,4,0.5,4211.337982662142,3517.5094055346403,40.0,463.0513702304878,3014.458035304153,40000.0,3477.5094055346403,United States
US,TENX,3,0.6666666666666666,3702.9834240406135,3446.3851556044156,30.0,406.8892864504767,3009.495869153939,30000.0,3416.3851556044156,United States
US,ATEC,5,1.0,3428.069481247784,3428.069481247784,50.0,373.2029505843048,3004.8665306634794,50000.0,3378.069481247784,United States
US,BBWI,5,0.8,3494.227680487383,3432.329118846186,50.0,381.61676943118863,3000.7123494149973,50000.0,3382.329118846186,United States
US,ANGI,2,1.0,3374.1177722844905,3374.1177722844905,20.0,370.5568094950647,2983.560962789426,20000.0,3354.1177722844905,United States
US,TPL,4,1.0,3393.283926855921,3393.283926855921,40.0,370.4646877740638,2982.8192390818576,40000.0,3353.283926855921,United States
US,CBRS,2,1.0,3368.9972424472735,3368.9972424472735,20.0,369.9911027047182,2979.006139742555,20000.0,3348.9972424472735,United States
US,VERA,4,0.75,3492.331142680594,3400.973381721393,40.0,382.51202514373176,2978.4613565776613,40000.0,3360.973381721393,United States
US,KRYS,5,1.0,3394.688059526079,3394.6880595260786,50.0,369.51503204077096,2975.173027485308,50000.0,3344.6880595260786,United States
US,AGYS,2,1.0,3361.565032178848,3361.565032178848,20.0,369.1700056796461,2972.395026499202,20000.0,3341.565032178848,United States
US,ITIC,4,1.0,3379.0180628954736,3379.0180628954736,40.0,368.88862116198607,2970.1294417334875,40000.0,3339.0180628954736,United States
US,ALHC,5,0.8,3496.6692340062245,3392.9146325464953,50.0,381.8865078075895,2961.0281247389057,50000.0,3342.9146325464953,United States
US,VSAT,2,0.5,3966.6671752929683,3416.536393347247,20.0,437.125367757079,2959.411025590168,20000.0,3396.536393347247,United States
US,HFBL,5,1.0,3370.2467750475275,3370.2467750475275,50.0,366.8148035421859,2953.4319715053416,50000.0,3320.2467750475275,United States
US,JCAP,4,1.0,3357.4620569878143,3357.4620569878143,40.0,366.5071529736588,2950.9549040141555,40000.0,3317.4620569878143,United States
US,PRAA,4,1.0,3347.272042292186,3347.2720422921866,40.0,365.381378749056,2941.8906635431304,40000.0,3307.2720422921866,United States
US,ASMB,4,0.75,3388.6743470161164,3347.6297701719436,40.0,371.060211554685,2936.5695586172587,40000.0,3307.6297701719436,United States
US,ALKS,4,1.0,3326.672731599287,3326.672731599287,40.0,363.10560450188063,2923.5671270974067,40000.0,3286.672731599287,United States
US,ANRO,4,0.75,3321.368716556519,3307.3181344609748,40.0,363.6244083487722,2903.6937261122025,40000.0,3267.3181344609748,United States
US,HCI,5,1.0,3311.33329739258,3311.3332973925803,50.0,360.3061500606455,2901.027147331935,50000.0,3261.3332973925803,United States
US,BBNX,3,1.0,3289.845123542259,3289.8451235422585,30.0,360.1417393298996,2899.703384212359,30000.0,3259.8451235422585,United States
US,QTTB,2,1.0,3271.2421527537504,3271.2421527537504,20.0,359.19129881945867,2892.050853934292,20000.0,3251.2421527537504,United States
US,PSNL,2,1.0,3269.3934860963946,3269.3934860963946,20.0,358.98706150136866,2890.406424595026,20000.0,3249.3934860963946,United States
US,TDAY,3,1.0,3264.8239309949445,3264.8239309949445,30.0,357.37744364633465,2877.4464873486095,30000.0,3234.8239309949445,United States
US,SLDE,2,1.0,3252.4752757693223,3252.4752757693223,20.0,357.11796850380927,2875.3573072655126,20000.0,3232.4752757693223,United States
US,HGTY,4,1.0,3271.6474932817728,3271.6474932817728,40.0,357.02651660546604,2874.620976676307,40000.0,3231.6474932817728,United States
US,CARE,5,1.0,3281.3897322735606,3281.3897322735606,50.0,356.99803963974813,2874.3916926338125,50000.0,3231.3897322735606,United States
US,FLY,3,1.0,3252.9624694812373,3252.9624694812373,30.0,356.06701102802083,2866.8954584532166,30000.0,3222.9624694812373,United States
US,PCVX,4,1.0,3260.5757020029923,3260.5757020029923,40.0,355.80332531338865,2864.772376689604,40000.0,3220.5757020029923,United States
US,ADPT,2,1.0,3234.9848814796032,3234.9848814796032,20.0,355.18566166641557,2859.799219813188,20000.0,3214.9848814796032,United States
US,CARS,3,1.0,3240.095794808988,3240.095794808988,30.0,354.6455242946816,2855.4502705143063,30000.0,3210.095794808988,United States
US,TRUP,3,1.0,3224.1129859802368,3224.1129859802368,30.0,352.8797727473476,2841.233213232889,30000.0,3194.1129859802368,United States
US,RDVT,2,1.0,3210.753503165964,3210.753503165964,20.0,352.5086232178061,2838.244879948158,20000.0,3190.753503165964,United States
US,KYIV,4,1.0,3229.752469468965,3229.752469468965,40.0,352.3980308420636,2837.3544386269014,40000.0,3189.752469468965,United States
US,BSOL,2,1.0,3197.135491134806,3197.135491134806,20.0,351.00413010440707,2826.131361030399,20000.0,3177.135491134806,United States
US,TZOO,4,1.0,3215.224144727982,3215.2241447279816,40.0,350.7929680419997,2824.431176685982,40000.0,3175.2241447279816,United States
US,IBRX,2,1.0,3194.1508515427895,3194.1508515427895,20.0,350.67439256989076,2823.4764589728984,20000.0,3174.1508515427895,United States
US,GENB,4,1.0,3213.3646378286994,3213.3646378286994,40.0,350.5875331137674,2822.777104714932,40000.0,3173.3646378286994,United States
US,ELVN,4,1.0,3209.2486865720302,3209.2486865720302,40.0,350.1328103314276,2819.1158762406026,40000.0,3169.2486865720302,United States
US,ELF,2,1.0,3165.2817524719867,3165.2817524719867,20.0,347.4849871968685,2797.796765275118,20000.0,3145.2817524719867,United States
US,PNTG,3,1.0,3174.7186363340506,3174.7186363340506,30.0,347.4227751537575,2797.2958611802933,30000.0,3144.7186363340506,United States
US,MANE,3,1.0,3173.387722183767,3173.387722183767,30.0,347.275738187639,2796.111983996128,30000.0,3143.387722183767,United States
US,AX,4,1.0,3169.0025964255165,3169.0025964255165,40.0,345.68649574981845,2783.3161006756977,40000.0,3129.0025964255165,United States
US,NSP,1,1.0,3131.6346980457356,3131.6346980457356,10.0,344.87250378482076,2776.762194260915,10000.0,3121.6346980457356,United States
US,AUBN,5,1.0,3165.571467842343,3165.571467842343,50.0,344.20264917865023,2771.3688186636928,50000.0,3115.571467842343,United States
US,FSBC,5,1.0,3165.504708365592,3165.504708365592,50.0,344.19527371350915,2771.3094346520825,50000.0,3115.504708365592,United States
US,FSOL,2,1.0,3124.5706169609284,3124.5706169609284,20.0,342.9872952521924,2761.5833217087365,20000.0,3104.5706169609284,United States
US,UHT,3,1.0,3123.8487702495177,3123.8487702495177,30.0,341.80276519719393,2752.046005052324,30000.0,3093.8487702495177,United States
US,LOVE,3,1.0,3119.5651595800755,3119.5651595800755,30.0,341.3295197089455,2748.23563987113,30000.0,3089.5651595800755,United States
US,CSTL,3,1.0,3115.021382607961,3115.0213826079607,30.0,340.8275315224373,2744.193851085524,30000.0,3085.0213826079607,United States
US,LPTH,2,1.0,3097.435885413979,3097.435885413979,20.0,339.9894996376114,2737.4463857763676,20000.0,3077.435885413979,United States
US,NRIM,5,1.0,3120.942349670017,3120.942349670017,50.0,339.5660198604601,2731.376329809557,50000.0,3070.942349670017,United States
US,CXW,5,1.0,3120.360516093963,3120.360516093963,50.0,339.20782574920804,2731.152690344755,50000.0,3070.360516093963,United States
US,INCY,3,1.0,3095.196248869778,3095.196248869778,30.0,338.63728693217945,2726.5589619375987,30000.0,3065.196248869778,United States
US,SRPT,4,0.75,3433.316182157742,3142.386608720018,40.0,375.9921600201733,2726.394448699845,40000.0,3102.386608720018,United States
US,HALO,3,1.0,3094.6550414771036,3094.6550414771036,30.0,338.57749532725666,2726.077546149847,30000.0,3064.6550414771036,United States
US,HSAI,4,0.75,3855.6953278565566,3186.660531457406,40.0,422.6558371041181,2724.004694353288,40000.0,3146.660531457406,United States
US,VCTR,3,1.0,3088.2675080817544,3088.2675080817544,30.0,337.8718122963619,2720.3956957853925,30000.0,3058.2675080817544,United States
US,CRSP,4,1.0,3098.2518654478963,3098.2518654478963,40.0,337.87008412672446,2720.3817813211717,40000.0,3058.2518654478963,United States
US,BLSH,2,1.0,3076.615943238079,3076.615943238079,20.0,337.68935042689407,2718.9265928111854,20000.0,3056.615943238079,United States
US,GENI,4,0.75,4294.444993195024,3227.588961627953,40.0,471.12809931812956,2716.460862309823,40000.0,3187.588961627953,United States
US,DASH,4,1.0,3089.852434773077,3089.852434773077,40.0,336.94213035653945,2712.9103044165377,40000.0,3049.852434773077,United States
US,GEF,5,0.8,3151.462046431268,3100.2839651628547,50.0,343.74864780173334,2706.535317361121,50000.0,3050.2839651628547,United States
US,UFCS,5,1.0,3088.285716175969,3088.2857161759694,50.0,335.6642603976822,2702.621455778287,50000.0,3038.2857161759694,United States
US,AYI,3,0.6666666666666666,3229.4725468157794,3085.8962365769894,30.0,354.5766689939536,2701.3195675830357,30000.0,3055.8962365769894,United States
US,ACAD,3,1.0,3061.353676405572,3061.3536764055716,30.0,334.8984212963134,2696.4552551092584,30000.0,3031.3536764055716,United States
US,KMB,5,1.0,3077.577501071837,3077.5775010718376,50.0,334.4812363377753,2693.096264734062,50000.0,3027.5775010718376,United States
US,CYTK,4,1.0,3059.383587441049,3059.383587441049,40.0,333.5759877155019,2685.8075997255473,40000.0,3019.383587441049,United States
US,RLAY,4,0.75,3214.3286607798864,3075.5941756320904,40.0,351.79881835771255,2683.7953572743777,40000.0,3035.5941756320904,United States
US,PS,3,1.0,3030.894330788429,3030.894330788429,30.0,331.5333283873938,2669.361002401036,30000.0,3000.894330788429,United States
US,UP,1,1.0,3004.292063788112,3004.292063788112,10.0,330.8039219797572,2663.488141808355,10000.0,2994.292063788112,United States
US,ELMD,2,1.0,3009.876488961807,3009.876488961807,20.0,330.31609733232153,2659.5603916294854,20000.0,2989.876488961807,United States
US,DCTH,4,1.0,3025.38540054285,3025.38540054285,40.0,329.81993008099835,2655.565470461852,40000.0,2985.38540054285,United States
US,ECPG,4,1.0,3019.734058632702,3019.7340586327014,40.0,329.1955801416805,2650.538478491021,40000.0,2979.7340586327014,United States
US,WELL,4,1.0,3018.710114224339,3018.710114224339,40.0,329.08245663236363,2649.627657591975,40000.0,2978.710114224339,United States
US,FDMT,3,1.0,3005.418455795856,3005.418455795856,30.0,328.71880021717004,2646.6996555786864,30000.0,2975.418455795856,United States
US,CDP,4,1.0,3003.3282481821043,3003.3282481821043,40.0,327.3830961472341,2635.9451520348703,40000.0,2963.3282481821043,United States
US,JACK,1,1.0,2968.750298023224,2968.750298023224,10.0,326.87733256942545,2631.8729654537983,10000.0,2958.750298023224,United States
US,RCAT,3,1.0,2976.104483609603,2976.104483609603,30.0,325.48024607434195,2620.624237535261,30000.0,2946.104483609603,United States
US,GEF-B,5,1.0,2995.499851506056,2995.499851506056,50.0,325.4134474231259,2620.0864040829306,50000.0,2945.499851506056,United States
US,STRK,3,0.6666666666666666,3168.944084569068,2997.1287332501843,30.0,347.8895949624096,2619.2391382877745,30000.0,2967.1287332501843,United States
US,AGM,4,1.0,2975.2378725513886,2975.2378725513886,40.0,324.27972271853474,2610.958149832854,40000.0,2935.2378725513886,United States
US,TCBK,5,1.0,2984.4173066232465,2984.417306623246,50.0,324.189068092503,2610.228238530743,50000.0,2934.417306623246,United States
US,AMTB,4,1.0,2972.773341084804,2972.7733410848045,40.0,324.00744578040695,2608.7658953043974,40000.0,2932.7733410848045,United States
US,SENEA,3,1.0,2962.636078448347,2962.6360784483463,30.0,323.9922812548649,2608.6437971934815,30000.0,2932.6360784483463,United States
US,MDLN,3,1.0,2961.791338925419,2961.791338925419,30.0,323.8989559742034,2607.8923829512155,30000.0,2931.791338925419,United States
US,LH,4,1.0,2969.4951908690223,2969.4951908690227,40.0,323.64528172789716,2605.8499091411254,40000.0,2929.4951908690227,United States
US,AUB,5,1.0,2975.0118290978535,2975.0118290978535,50.0,323.14996810251864,2601.8618609953346,50000.0,2925.0118290978535,United States
US,VMD,4,1.0,2963.172356370361,2963.1723563703604,40.0,322.946746513019,2600.2256098573416,40000.0,2923.1723563703604,United States
US,EBC,4,1.0,2958.955935348228,2958.9559353482286,40.0,322.4809240143698,2596.4750113338587,40000.0,2918.9559353482286,United States
US,RNAC,5,1.0,2961.664664456143,2961.664664456143,50.0,322.7801463430793,2588.8845181130637,50000.0,2911.664664456143,United States
US,ALMS,3,1.0,2932.9301693226716,2932.9301693226716,30.0,320.7104266343389,2582.219742688333,30000.0,2902.9301693226716,United States
US,ALRM,2,1.0,2915.094571401846,2915.094571401846,20.0,319.844764077699,2575.249807324147,20000.0,2895.094571401846,United States
US,THC,3,1.0,2919.724246076556,2919.724246076556,30.0,319.2514603377606,2570.472785738795,30000.0,2889.724246076556,United States
US,CWT,4,1.0,2928.816075444416,2928.816075444416,40.0,319.15112730392866,2569.6649481404875,40000.0,2888.816075444416,United States
US,PRSU,5,1.0,2937.458954922505,2937.458954922505,50.0,319.0868054994497,2568.3721494230554,50000.0,2887.458954922505,United States
US,UHAL,4,1.0,2927.341174004732,2927.341174004732,40.0,318.98818288488496,2568.3529911198466,40000.0,2887.341174004732,United States
US,THG,5,1.0,2936.754708492466,2936.7547084924663,50.0,318.92339124551563,2567.83131724695,50000.0,2886.7547084924663,United States
US,KLAR,3,1.0,2911.1215559198868,2911.1215559198863,30.0,318.3010508310131,2562.8205050888737,30000.0,2881.1215559198863,United States
US,AERT,5,0.6,3346.8288503425247,2978.359203830974,50.0,366.43719745922556,2561.9220063717485,50000.0,2928.359203830974,United States
US,WLFC,5,1.0,2927.035646887977,2927.0356468879763,50.0,317.8496470588311,2559.1859998291457,50000.0,2877.0356468879763,United States
US,NOMD,3,1.0,2906.0528040884174,2906.0528040884174,30.0,317.74106438023546,2558.3117397081814,30000.0,2876.0528040884174,United States
US,LOB,5,1.0,2924.8435273347704,2924.8435273347704,50.0,317.607465691683,2557.2360616430874,50000.0,2874.8435273347704,United States
US,BZH,4,0.75,2944.0108705787948,2918.7220737404864,40.0,321.9346022844504,2556.7874714560357,40000.0,2878.7220737404864,United States
US,TILE,5,0.8,3145.219232429353,2948.092049464277,50.0,343.05895310528103,2555.033096358996,50000.0,2898.092049464277,United States
US,OFIX,1,1.0,2881.9071975327784,2881.9071975327784,10.0,317.28306533459283,2554.6241321981856,10000.0,2871.9071975327784,United States
US,COIN,3,1.0,2899.821018809363,2899.821018809363,30.0,317.0525881169551,2552.768430692408,30000.0,2869.821018809363,United States
US,CPIX,3,1.0,2895.994548544043,2895.994548544043,30.0,316.62984666617444,2549.3647018778684,30000.0,2865.994548544043,United States
US,OSG,5,0.8,3090.9026284203405,2936.342946131441,50.0,337.0581538338596,2549.284792297581,50000.0,2886.342946131441,United States
US,ALL,4,1.0,2897.922412588836,2897.922412588836,40.0,315.73805181922893,2542.184360769607,40000.0,2857.922412588836,United States
US,RAAQ,1,1.0,2866.730657999947,2866.730657999947,10.0,315.6063889474571,2541.12426905249,10000.0,2856.730657999947,United States
US,AMCR,4,1.0,2889.843474919458,2889.843474919458,40.0,314.8455055313163,2534.9979693881414,40000.0,2849.843474919458,United States
US,BHVN,4,1.0,2884.827504365546,2884.827504365546,40.0,314.2913502597461,2530.5361541058,40000.0,2844.827504365546,United States
US,WST,4,1.0,2882.078478217416,2882.078478217416,40.0,313.9876428684652,2528.090835348951,40000.0,2842.078478217416,United States
US,BRO,2,1.0,2851.594544235434,2851.594544235434,20.0,312.82939697757206,2518.765147257862,20000.0,2831.594544235434,United States
US,EVTC,2,1.0,2849.1083170530574,2849.1083170530574,20.0,312.5547231363628,2516.5535939166944,20000.0,2829.1083170530574,United States
US,AKTS,4,0.75,4510.380275431398,3036.8648551881824,40.0,494.9842351712329,2501.88062001695,40000.0,2996.8648551881824,United States
US,BDL,5,0.8,3063.289803919731,2884.837602112208,50.0,334.0075393823808,2500.830062729827,50000.0,2834.837602112208,United States
US,ICLR,3,1.0,2839.7929207405423,2839.7929207405423,30.0,310.4207934065122,2499.37212733403,30000.0,2809.7929207405423,United States
US,AROW,5,1.0,2859.4957860245104,2859.4957860245104,50.0,310.3879665054198,2499.1078195190908,50000.0,2809.4957860245104,United States
US,SWK,5,1.0,2853.2705807294456,2853.2705807294456,50.0,309.7002171867607,2493.570363542685,50000.0,2803.2705807294456,United States
US,VSTS,3,0.6666666666666666,2951.8594326941484,2842.68923807107,30.0,323.9064788494868,2488.782759221583,30000.0,2812.68923807107,United States
US,PLBL,3,1.0,2820.924619952126,2820.9246199521253,30.0,308.33625797411827,2482.5883619780075,30000.0,2790.9246199521253,United States
US,YMM,3,1.0,2819.54123179736,2819.54123179736,30.0,308.183423775761,2481.3578080215993,30000.0,2789.54123179736,United States
US,HQL,4,1.0,2820.9670705566837,2820.9670705566837,40.0,307.23616609158097,2473.730904465103,40000.0,2780.9670705566837,United States
US,EAT,5,1.0,2830.011903299412,2830.011903299412,50.0,307.13064095638344,2472.8812623430285,50000.0,2780.011903299412,United States
US,BY,4,1.0,2818.1418733455143,2818.1418733455143,40.0,306.92404346028405,2471.2178298852305,40000.0,2778.1418733455143,United States
US,HRB,2,1.0,2777.5580785458474,2777.5580785458474,20.0,304.6499833806731,2452.908095165174,20000.0,2757.5580785458474,United States
US,NXG,4,1.0,2784.095919804952,2784.095919804952,40.0,303.1627086543165,2440.9332111506355,40000.0,2744.095919804952,United States
US,CEPT,2,1.0,2762.2027301301896,2762.2027301301896,20.0,302.9535525145274,2439.2491776156626,20000.0,2742.2027301301896,United States
US,NRIX,2,1.0,2760.4683040673294,2760.4683040673294,20.0,302.7619362888035,2437.706367778526,20000.0,2740.4683040673294,United States
US,WTS,5,0.8,2956.937080373723,2809.5057321264694,50.0,322.25788460163125,2437.2478475248386,50000.0,2759.5057321264694,United States
US,BUUU,4,1.0,2773.494019621108,2773.494019621108,40.0,301.99143007275535,2431.5025895483527,40000.0,2733.494019621108,United States
US,PRI,5,1.0,2781.804449181238,2781.804449181238,50.0,301.80476941438826,2429.9996797668496,50000.0,2731.804449181238,United States
US,INTA,1,1.0,2737.0686366640284,2737.0686366640284,10.0,301.2815654913642,2425.787071172664,10000.0,2727.0686366640284,United States
US,FUNC,5,1.0,2774.042148702125,2774.042148702125,50.0,300.94720462532507,2423.0949440768,50000.0,2724.042148702125,United States
US,ALAB,4,1.0,2741.1298437450228,2741.1298437450228,40.0,298.415894993553,2402.7139487514696,40000.0,2701.1298437450228,United States
US,SATA,2,1.0,2715.508314810886,2715.508314810886,20.0,297.7948387374099,2397.713476073476,20000.0,2695.508314810886,United States
US,AIRT,3,1.0,2722.879376638134,2722.879376638134,30.0,297.50439844646235,2395.3749781916717,30000.0,2692.879376638134,United States
US,ESNT,3,1.0,2722.1456014527166,2722.1456014527166,30.0,297.42333230327506,2394.7222691494417,30000.0,2692.1456014527166,United States
US,NECB,5,1.0,2736.4877279717616,2736.487727971761,50.0,296.79826076793614,2389.689467203825,50000.0,2686.487727971761,United States
US,AVO,4,1.0,2716.445978288864,2716.445978288864,40.0,295.68886659132437,2380.7571116975396,40000.0,2676.445978288864,United States
US,CBNK,5,1.0,2724.063438161905,2724.0634381619057,50.0,295.4256479067466,2378.637790255159,50000.0,2674.0634381619057,United States
US,MYGN,2,1.0,2675.853915053139,2675.853915053139,20.0,293.4138930299894,2362.44002202315,20000.0,2655.853915053139,United States
US,AIR,5,1.0,2700.025370542729,2700.025370542729,50.0,292.7699660708277,2357.2554044719013,50000.0,2650.025370542729,United States
US,CBC,3,1.0,2678.8621479064645,2678.8621479064645,30.0,292.64145535710486,2356.2206925493597,30000.0,2648.8621479064645,United States
US,BALL,5,1.0,2698.2425665274136,2698.2425665274136,50.0,292.5730051372167,2355.6695613901966,50000.0,2648.2425665274136,United States
US,UHAL-B,4,1.0,2686.861247314632,2686.8612473146313,40.0,292.4203995117934,2354.440847802838,40000.0,2646.8612473146313,United States
US,SFBS,5,1.0,2691.6976811256777,2691.6976811256777,50.0,291.8499381438576,2349.84774298182,50000.0,2641.6976811256777,United States
US,KFRC,2,1.0,2651.1884788748152,2651.1884788748152,20.0,290.68890066073857,2340.499578214077,20000.0,2631.1884788748152,United States
US,FIBK,5,1.0,2680.2693791709767,2680.2693791709767,50.0,290.5873602030133,2339.6820189679634,50000.0,2630.2693791709767,United States
US,AOMR,5,1.0,2680.1619969126,2680.1619969126,50.0,290.5754968071036,2339.5865001054963,50000.0,2630.1619969126,United States
US,CZNC,4,1.0,2664.6067874746345,2664.606787474635,40.0,289.9617674078502,2334.6450200667846,40000.0,2624.606787474635,United States
US,AOUT,1,1.0,2633.6248785228377,2633.6248785228377,10.0,289.8532878990508,2333.771590623787,10000.0,2623.6248785228377,United States
US,COO,4,1.0,2661.13621253677,2661.13621253677,40.0,289.57834462326116,2331.5578679135087,40000.0,2621.13621253677,United States
US,WTBA,4,1.0,2659.569232152841,2659.569232152841,40.0,289.40522749052127,2330.1640046623197,40000.0,2619.569232152841,United States
US,UFPT,3,1.0,2647.14211986613,2647.1421198661305,30.0,289.1370845550878,2328.005035311043,30000.0,2617.1421198661305,United States
US,RNR,5,1.0,2661.366282681885,2661.3662826818854,50.0,288.4989806051185,2322.8673020767665,50000.0,2611.3662826818854,United States
US,CBRL,3,1.0,2641.228967057183,2641.228967057183,30.0,288.483810225532,2322.745156831651,30000.0,2611.228967057183,United States
US,CFR,5,1.0,2659.850253018305,2659.8502530183055,50.0,288.33149241496676,2321.5187606033387,50000.0,2609.8502530183055,United States
US,ACGL,4,1.0,2646.594700982212,2646.594700982212,40.0,287.9718249681024,2318.62287601411,40000.0,2606.594700982212,United States
US,FBRX,2,1.0,2623.8149281252145,2623.8149281252145,20.0,287.6647207365451,2316.1502073886695,20000.0,2603.8149281252145,United States
US,AGO,4,1.0,2641.141921691776,2641.1419216917766,40.0,287.369411864591,2313.7725098271853,40000.0,2601.1419216917766,United States
US,LAKE,3,1.0,2630.970946620275,2630.970946620275,30.0,287.3505228507578,2313.6204237695165,30000.0,2600.970946620275,United States
US,YYAI,2,1.0,2608.472144155833,2608.472144155833,20.0,285.96967796749124,2302.502466188342,20000.0,2588.472144155833,United States
US,DJT,4,0.75,3953.2624467956557,2775.4058756745294,40.0,433.43487432351594,2301.9710013510135,40000.0,2735.4058756745294,United States
US,CPF,5,1.0,2633.999371320703,2633.999371320703,50.0,285.47553418843927,2298.523837132264,50000.0,2583.999371320703,United States
US,JBTM,3,1.0,2612.6774196970846,2612.6774196970846,30.0,285.3294873859082,2297.347932311177,30000.0,2582.6774196970846,United States
US,CALY,4,1.0,2617.9160754174836,2617.9160754174836,40.0,284.803462760376,2293.1126126571075,40000.0,2577.9160754174836,United States
US,ICUI,3,1.0,2602.470441658835,2602.470441658835,30.0,284.2018390821744,2288.2686025766607,30000.0,2572.470441658835,United States
US,XENE,3,1.0,2601.943645977398,2601.943645977398,30.0,284.14363965680474,2287.800006320593,30000.0,2571.943645977398,United States
US,MNDY,2,1.0,2586.303446542631,2586.303446542631,20.0,283.52052071782964,2282.7829258248007,20000.0,2566.303446542631,United States
US,VRDN,3,1.0,2596.037566813738,2596.037566813738,30.0,283.49114681066936,2282.5464200030688,30000.0,2566.037566813738,United States
US,NAMSW,2,1.0,2584.112113881336,2584.112113881336,20.0,283.27842628506363,2280.8336875962723,20000.0,2564.112113881336,United States
US,SGMT,3,1.0,2592.5167830184882,2592.5167830184882,30.0,283.10217704315846,2279.41460597533,30000.0,2562.5167830184882,United States
US,PACS,2,1.0,2580.608421316386,2580.608421316386,20.0,282.8913447254811,2277.717076590905,20000.0,2560.608421316386,United States
US,NOW,2,1.0,2575.252800618977,2575.252800618977,20.0,282.2996655259919,2272.9531350929847,20000.0,2555.252800618977,United States
US,CVV,5,0.8,4068.507510026862,2762.4895354468713,50.0,445.0621568144046,2267.4273786324666,50000.0,2712.4895354468713,United States
US,FSS,4,1.0,2587.7990232313696,2587.7990232313696,40.0,281.4761858049573,2266.3228374264127,40000.0,2547.7990232313696,United States
US,STRC,2,1.0,2562.8459729795904,2562.8459729795904,20.0,280.9289818535236,2261.916991126067,20000.0,2542.8459729795904,United States
US,FMAO,4,1.0,2582.4602656701695,2582.46026567017,40.0,280.8863696139777,2261.573896056192,40000.0,2542.46026567017,United States
US,SWIM,5,0.8,2840.613376246719,2619.792886128638,50.0,309.40665408547926,2260.386232043159,50000.0,2569.792886128638,United States
US,PRAX,4,0.75,3073.8758145768297,2635.8839887975328,40.0,336.2818442658764,2259.6021445316564,40000.0,2595.8839887975328,United States
US,BHRB,4,1.0,2575.3371943549896,2575.3371943549896,40.0,281.04561796789227,2254.2915763870974,40000.0,2535.3371943549896,United States
US,FBIZ,5,1.0,2581.5053964333324,2581.5053964333324,50.0,279.6760956556863,2251.829300777646,50000.0,2531.5053964333324,United States
US,DCO,3,1.0,2560.7846013320222,2560.7846013320222,30.0,279.59646352849984,2251.1881378035227,30000.0,2530.7846013320222,United States
US,VTR,4,1.0,2566.76129810536,2566.76129810536,40.0,279.1519763314126,2247.6093217739476,40000.0,2526.76129810536,United States
US,BLCO,3,1.0,2555.15028287161,2555.15028287161,30.0,278.97399430883746,2246.1762885627727,30000.0,2525.15028287161,United States
US,EVH,2,1.0,2544.73096570722,2544.73096570722,20.0,278.92766891385975,2245.8032967933605,20000.0,2524.73096570722,United States
US,WEYS,5,1.0,2573.003802341007,2573.0038023410075,50.0,278.7368550576055,2244.266947283402,50000.0,2523.0038023410075,United States
US,ZLAB,4,1.0,2559.5107891399693,2559.5107891399693,40.0,278.3509533346558,2241.1598358053134,40000.0,2519.5107891399693,United States
US,CBL,4,1.0,2552.8326421422594,2552.83264214226,40.0,277.6131638434046,2235.2194782988554,40000.0,2512.83264214226,United States
US,EZPW,3,1.0,2542.1026352370027,2542.1026352370027,30.0,277.53251401293153,2234.570121224071,30000.0,2512.1026352370027,United States
US,FOUR-PA,2,1.0,2529.7902758627133,2529.7902758627133,20.0,277.2770487698137,2232.5132270929,20000.0,2509.7902758627133,United States
US,AHR,3,1.0,2538.8150847271086,2538.8150847271086,30.0,277.16931143308574,2231.6457732940225,30000.0,2508.8150847271086,United States
US,RCMT,5,1.0,2558.8141924539705,2558.814192453971,50.0,277.1692128563781,2231.6449795975927,50000.0,2508.814192453971,United States
US,BULL,4,0.75,3062.3700408045274,2596.2683458892734,40.0,335.01070738002625,2221.257638509247,40000.0,2556.2683458892734,United States
US,PEBO,5,1.0,2545.6067666740155,2545.6067666740155,50.0,275.71008056260365,2219.896686111412,50000.0,2495.6067666740155,United States
US,BMRC,3,1.0,2524.746057739058,2524.746057739058,30.0,275.61499101044865,2219.1310667286093,30000.0,2494.746057739058,United States
US,ORI,5,1.0,2543.3991053981076,2543.3991053981076,50.0,275.4661821742984,2217.932923223809,50000.0,2493.3991053981076,United States
US,CFG,5,1.0,2541.81883119762,2541.81883119762,50.0,275.2915963649691,2216.5272348326507,50000.0,2491.81883119762,United States
US,WSE,1,1.0,2500.0,2500.0,10.0,275.09065521401453,2214.9093447859855,10000.0,2490.0,United States
US,PFIS,4,1.0,2528.297975361231,2528.297975361231,40.0,274.9026186384847,2213.3953567227463,40000.0,2488.297975361231,United States
US,NVST,4,1.0,2527.445511093245,2527.445511093245,40.0,274.8084399420883,2212.6370711511563,40000.0,2487.445511093245,United States
US,GYRE,3,1.0,2513.568461518898,2513.568461518898,30.0,274.3801105815645,2209.188350937334,30000.0,2483.568461518898,United States
US,CRNX,3,1.0,2512.4584847181077,2512.4584847181077,30.0,274.2574823705598,2208.2010023475477,30000.0,2482.4584847181077,United States
US,SMBC,5,1.0,2532.117793355251,2532.117793355251,50.0,274.2198434106264,2207.8979499446245,50000.0,2482.117793355251,United States
US,UMBF,5,1.0,2530.3617308442285,2530.361730844228,50.0,274.02583682960073,2206.3358940146277,50000.0,2480.361730844228,United States
US,GILT,3,1.0,2510.2128311516235,2510.2128311516235,30.0,274.0093866633358,2206.203444488288,30000.0,2480.2128311516235,United States
US,ATRC,2,0.5,2537.8384131942157,2503.116455881526,20.0,279.2709740404625,2203.8454818410632,20000.0,2483.116455881526,United States
US,CBK,4,1.0,2510.879084033462,2510.879084033462,40.0,272.9782113178189,2197.900872715643,40000.0,2470.879084033462,United States
US,DGICA,4,1.0,2509.6207736251076,2509.6207736251076,40.0,272.83919548059123,2196.781578144516,40000.0,2469.6207736251076,United States
US,GBCI,4,1.0,2507.724433701539,2507.724433701539,40.0,272.629691307064,2195.0947423944754,40000.0,2467.724433701539,United States
US,JHX,3,1.0,2497.2587405440436,2497.2587405440436,30.0,272.57824237701413,2194.6804981670293,30000.0,2467.2587405440436,United States
US,FG,3,1.0,2490.9042005142746,2490.9042005142746,30.0,271.8762043929287,2189.027996121346,30000.0,2460.9042005142746,United States
US,AIZ,5,1.0,2510.4077735217525,2510.4077735217525,50.0,271.82136004488086,2188.5864134768717,50000.0,2460.4077735217525,United States
US,HD,5,1.0,2508.4361340856767,2508.4361340856767,50.0,271.60353691864964,2186.832597167027,50000.0,2458.4361340856767,United States
US,PGR,5,1.0,2506.0481035795015,2506.048103579501,50.0,271.3397116669971,2184.7083919125043,50000.0,2456.048103579501,United States
US,BMM,2,1.0,2468.655786116587,2468.655786116587,20.0,270.52302192626496,2178.132764190322,20000.0,2448.655786116587,United States
US,EYE,2,1.0,2467.1042646566766,2467.1042646566766,20.0,270.3516126672347,2176.752651989442,20000.0,2447.1042646566766,United States
US,VCYT,4,0.75,2592.0466568568127,2497.255697315355,40.0,283.05023836289797,2174.205458952457,40000.0,2457.255697315355,United States
US,FNLC,4,1.0,2482.114506274491,2482.114506274491,40.0,269.8003532685539,2172.314153005937,40000.0,2442.114506274491,United States
US,EG,3,1.0,2465.0402272269694,2465.040227226969,30.0,269.01879983146574,2166.0214273955035,30000.0,2435.040227226969,United States
US,GTLB,2,1.0,2454.7727659976526,2454.7727659976526,20.0,268.98925120302516,2165.7835147946275,20000.0,2434.7727659976526,United States
US,LGIH,5,0.6,3054.3149518939417,2544.6524608079403,50.0,334.12079585945594,2160.5316649484844,50000.0,2494.6524608079403,United States
US,AXS,4,1.0,2466.4484357831598,2466.4484357831598,40.0,268.06959439462247,2158.3788413885372,40000.0,2426.4484357831598,United States
US,Z,3,1.0,2455.320679910069,2455.320679910069,30.0,267.9450019841607,2157.3756779259083,30000.0,2425.320679910069,United States
US,KRNY,3,1.0,2451.868823573344,2451.8688235733443,30.0,267.5636471964601,2154.305176376884,30000.0,2421.8688235733443,United States
US,OMCL,1,1.0,2427.2871496562652,2427.2871496562652,10.0,267.0574722246424,2150.229677431623,10000.0,2417.2871496562652,United States
US,BMI,3,1.0,2446.2587806274328,2446.2587806274328,30.0,266.9438598913318,2149.314920736101,30000.0,2416.2587806274328,United States
US,PCOR,3,1.0,2445.570946113964,2445.570946113964,30.0,266.86786918972984,2148.703076924234,30000.0,2415.570946113964,United States
US,BWFG,5,1.0,2465.0621087958034,2465.0621087958034,50.0,266.8116537715571,2148.2504550242465,50000.0,2415.0621087958034,United States
US,RYTM,4,1.0,2454.170898280408,2454.1708982804075,40.0,266.7131944604672,2147.4577038199404,40000.0,2414.1708982804075,United States
US,EIG,4,1.0,2449.449056746027,2449.449056746027,40.0,266.191534026126,2143.257522719901,40000.0,2409.449056746027,United States
US,GT,3,1.0,2437.0006883820074,2437.0006883820074,30.0,265.9210427580684,2141.0796456239386,30000.0,2407.0006883820074,United States
US,RGEN,5,0.8,2748.613833031446,2489.0260559789913,50.0,299.2427124700256,2139.7833435089656,50000.0,2439.0260559789913,United States
US,SCO,4,1.0,2443.894725290883,2443.894725290883,40.0,265.57790162481217,2138.3168236660704,40000.0,2403.894725290883,United States
US,SSTI,3,1.0,2431.6105744842953,2431.6105744842953,30.0,265.3255528127673,2136.285021671528,30000.0,2401.6105744842953,United States
US,FUBO,2,0.5,2645.2404724800103,2444.6676251847243,20.0,291.13655751848,2133.5310676662443,20000.0,2424.6676251847243,United States
US,HIPO,2,1.0,2398.802030814049,2398.802030814049,20.0,262.80570653858035,2115.996324275469,20000.0,2378.802030814049,United States
US,CASH,4,1.0,2415.023141574608,2415.023141574608,40.0,262.3882217526932,2112.634919821915,40000.0,2375.023141574608,United States
US,THW,4,1.0,2414.809165067056,2414.8091650670553,40.0,262.364582018692,2112.4445830483637,40000.0,2374.8091650670553,United States
US,LARK,5,1.0,2419.774409384776,2419.7744093847764,50.0,261.80835140042666,2107.9660579843494,50000.0,2369.7744093847764,United States
US,LOCO,5,1.0,2413.0855388598097,2413.0855388598093,50.0,261.0693771934568,2102.0161616663527,50000.0,2363.0855388598093,United States
US,BFLY,4,0.75,2691.768309383362,2434.368272911518,40.0,294.0673045205497,2100.300968390968,40000.0,2394.368272911518,United States
US,ICFI,2,1.0,2379.292411874161,2379.292411874161,20.0,260.6503194473556,2098.6420924268054,20000.0,2359.292411874161,United States
US,STGW,3,1.0,2383.1374347633828,2383.1374347633828,30.0,259.9703288103149,2093.1671059530677,30000.0,2353.1374347633828,United States
US,PAYP,3,0.6666666666666666,2378.804288758325,2378.8040537667075,30.0,260.59639249644783,2088.20766127026,30000.0,2348.8040537667075,United States
US,IR,4,0.75,2526.6382718826553,2395.670983439322,40.0,275.82403937533513,2079.846944063987,40000.0,2355.670983439322,United States
US,ERIE,3,0.6666666666666666,2370.6679659111087,2367.5708658450167,30.0,259.69750639882795,2077.8733594461887,30000.0,2337.5708658450167,United States
US,INBK,4,1.0,2375.6584198221312,2375.658419822131,40.0,258.0392791425702,2077.619140679561,40000.0,2335.658419822131,United States
US,MAS,4,1.0,2368.594976340279,2368.594976340279,40.0,257.258922799,2071.336053541279,40000.0,2328.594976340279,United States
US,FMBH,5,1.0,2376.811234369611,2376.811234369611,50.0,257.06185824179363,2069.7493761278174,50000.0,2326.811234369611,United States
US,ENTA,3,1.0,2353.5790136855494,2353.5790136855494,30.0,256.704768400117,2066.874245285432,30000.0,2323.5790136855494,United States
US,MSLE,1,1.0,2324.888908738707,2324.888908738707,10.0,255.74470146690197,2059.144207271805,10000.0,2314.888908738707,United States
US,BOX,1,1.0,2322.4793438258585,2322.4793438258585,10.0,255.4784971333051,2057.0008466925533,10000.0,2312.4793438258585,United States
US,OPRT,4,1.0,2351.2827823489138,2351.2827823489133,40.0,255.34630320531448,2055.9364791435987,40000.0,2311.2827823489133,United States
US,DRVN,2,1.0,2330.4289343128694,2330.4289343128694,20.0,255.2519716327488,2055.1769626801206,20000.0,2310.4289343128694,United States
US,DNLI,4,1.0,2348.205501274192,2348.205501274192,40.0,255.00633080887962,2053.1991704653124,40000.0,2308.205501274192,United States
US,VSEC,5,1.0,2357.008451324789,2357.008451324789,50.0,254.87408291534342,2052.1343684094454,50000.0,2307.008451324789,United States
US,BME,4,1.0,2346.4740119032344,2346.4740119032344,40.0,254.81503902351704,2051.6589728797176,40000.0,2306.4740119032344,United States
US,HMN,4,1.0,2345.6588130424525,2345.658813042453,40.0,254.72497734129126,2050.9338357011616,40000.0,2305.658813042453,United States
US,LQDA,5,1.0,2354.9519726071444,2354.9519726071444,50.0,254.64688690013438,2050.30508570701,50000.0,2304.9519726071444,United States
US,KVUE,5,1.0,2352.901895543289,2352.901895543289,50.0,254.42039812795156,2048.4814974153373,50000.0,2302.901895543289,United States
US,SCL,5,1.0,2351.647666405576,2351.6476664055763,50.0,254.28183318205518,2047.3658332235211,50000.0,2301.6476664055763,United States
US,AIRO,2,1.0,2320.1375623984145,2320.1375623984145,20.0,254.11499964760884,2046.0225627508057,20000.0,2300.1375623984145,United States
US,COGT,4,1.0,2339.0437636887686,2339.0437636887686,40.0,253.99415876258527,2045.0496049261833,40000.0,2299.0437636887686,United States
US,NUTX,2,1.0,2318.385443435451,2318.385443435451,20.0,253.9214287425749,2044.4640146928762,20000.0,2298.385443435451,United States
US,INSP,2,1.0,2317.240104363132,2317.240104363132,20.0,253.79489377235544,2043.4452105907767,20000.0,2297.240104363132,United States
US,KRMN,1,1.0,2305.9768744816633,2305.9768744816633,10.0,253.65533444071724,2042.321540040946,10000.0,2295.9768744816633,United States
US,SVRA,4,1.0,2330.3318690306883,2330.3318690306883,40.0,253.0316845418436,2037.300184488845,40000.0,2290.3318690306883,United States
US,IBP,4,0.75,2394.2606723938798,2337.8782168024804,40.0,261.19920380142923,2036.6790130010513,40000.0,2297.8782168024804,United States
US,GPN,2,1.0,2309.4544423894936,2309.4544423894936,20.0,252.93474804801687,2036.519694341477,20000.0,2289.4544423894936,United States
US,RDNT,2,1.0,2307.776579497374,2307.776579497374,20.0,252.74938081815642,2035.0271986792172,20000.0,2287.776579497374,United States
US,RUSHB,5,1.0,2337.1589957469846,2337.158995746984,50.0,252.68115129263666,2034.4778444543474,50000.0,2287.158995746984,United States
US,BOT,2,0.5,2345.7723415633327,2311.9568386261394,20.0,258.05186500860646,2033.904973617533,20000.0,2291.9568386261394,United States
US,TRU,1,1.0,2287.6717438255077,2287.6717438255077,10.0,251.63301701662888,2026.038726808879,10000.0,2277.6717438255077,United States
US,WDFC,4,1.0,2313.968259674896,2313.9682596748967,40.0,251.22386284732514,2022.7443968275716,40000.0,2273.9682596748967,United States
US,ENSG,3,1.0,2297.144261938304,2297.144261938304,30.0,250.4699600326512,2016.674301905653,30000.0,2267.144261938304,United States
US,FISK,2,1.0,2284.5618425165685,2284.5618425165685,20.0,250.18465904840912,2014.3771834681593,20000.0,2264.5618425165685,United States
US,NKTR,4,0.75,2691.686951588885,2346.8075678204705,40.0,294.0583162599114,2012.749251560559,40000.0,2306.8075678204705,United States
US,SOEZ,1,1.0,2272.7272393820176,2272.7272393820176,10.0,249.9819754426496,2012.745263939368,10000.0,2262.7272393820176,United States
US,CVBF,4,1.0,2302.153246922012,2302.153246922012,40.0,249.91856180332792,2012.234685118684,40000.0,2262.153246922012,United States
US,CTVA,4,1.0,2299.5005322131856,2299.5005322131856,40.0,249.62549472407218,2009.8750374891135,40000.0,2259.5005322131856,United States
US,UAA,2,1.0,2277.749499979398,2277.749499979398,20.0,249.43204387889404,2008.317456100504,20000.0,2257.749499979398,United States
US,WRBY,2,1.0,2267.6003975548256,2267.6003975548256,20.0,248.31078956732387,1999.2896079875015,20000.0,2247.6003975548256,United States
US,SMBK,5,1.0,2296.8872567803514,2296.887256780351,50.0,248.23200307619535,1998.6552537041557,50000.0,2246.887256780351,United States
US,ZG,3,1.0,2275.800467310054,2275.800467310054,30.0,248.11193655914167,1997.6885307509124,30000.0,2245.800467310054,United States
US,GLW,4,0.5,4486.268033305274,2530.3119637870795,40.0,493.42514041901836,1996.8868233680616,40000.0,2490.3119637870795,United States
US,COYA,3,1.0,2274.111015214202,2274.111015214202,30.0,247.92528897520563,1996.1857262389963,30000.0,2244.111015214202,United States
US,HG,3,1.0,2268.921108890436,2268.921108890436,30.0,247.35191759725217,1991.5691912931838,30000.0,2238.921108890436,United States
US,FVRR,3,1.0,2264.0592176055475,2264.0592176055475,30.0,246.81478472209588,1987.2444328834515,30000.0,2234.0592176055475,United States
US,BNKU,3,0.6666666666666666,2452.502694069216,2285.0466278165513,30.0,268.73845779974147,1986.3081700168098,30000.0,2255.0466278165513,United States
US,RNG,2,1.0,2250.592454346838,2250.592454346838,20.0,246.43178304486284,1984.1606713019755,20000.0,2230.592454346838,United States
US,KURA,4,1.0,2263.2583158741727,2263.2583158741727,40.0,245.62152081278415,1977.6367950613885,40000.0,2223.2583158741727,United States
US,HROW,5,0.6,2798.2510063815134,2333.4488552688704,50.0,305.8313185310625,1977.6175367378078,50000.0,2283.4488552688704,United States
US,CELC,2,1.0,2238.985472452679,2238.985472452679,20.0,245.1494648704366,1973.8360075822425,20000.0,2218.985472452679,United States
US,ANDG,1,1.0,2227.935268006576,2227.935268006576,10.0,245.03344020008026,1972.9018278064955,10000.0,2217.935268006576,United States
US,UVE,4,1.0,2256.0693869803463,2256.0693869803463,40.0,244.82730106993688,1971.242085910409,40000.0,2216.0693869803463,United States
US,HBT,4,1.0,2254.2734470005876,2254.2734470005876,40.0,244.6288888989502,1969.6445581016374,40000.0,2214.2734470005876,United States
US,PLTR,2,1.0,2228.8452334831477,2228.8452334831477,20.0,244.02918977720157,1964.816043705946,20000.0,2208.8452334831477,United States
US,PCRX,3,1.0,2237.455676613047,2237.455676613047,30.0,243.87567407043326,1963.5800025426138,30000.0,2207.455676613047,United States
US,SKIL,1,1.0,2211.3824859867236,2211.3824859867236,10.0,243.20471905491723,1958.1777669318064,10000.0,2201.3824859867236,United States
US,UVSP,5,1.0,2246.182797658285,2246.182797658285,50.0,242.63026697894176,1953.552530679343,50000.0,2196.182797658285,United States
US,AMAL,5,1.0,2239.420162871293,2239.420162871293,50.0,241.88314343093907,1947.5370194403538,50000.0,2189.420162871293,United States
US,GL,5,1.0,2238.3277975867477,2238.3277975867477,50.0,241.76246090810432,1946.5653366786435,50000.0,2188.3277975867477,United States
US,PDD,2,1.0,2202.7574346043657,2202.7574346043657,20.0,241.14705737292223,1941.6103772314432,20000.0,2182.7574346043657,United States
US,MBWM,4,1.0,2222.049116204552,2222.049116204552,40.0,241.06880364894437,1940.9803125556077,40000.0,2182.049116204552,United States
US,ICCC,3,1.0,2206.5248412954384,2206.5248412954384,30.0,240.45849183997635,1936.0663494554622,30000.0,2176.5248412954384,United States
US,AJG,2,1.0,2195.894178746238,2195.894178746238,20.0,240.3888173926356,1935.505361353603,20000.0,2175.894178746238,United States
US,GAVA,3,1.0,2205.5452464266614,2205.5452464266614,30.0,240.35026798684535,1935.1949784398157,30000.0,2175.5452464266614,United States
US,APP,3,0.6666666666666666,2812.981262840624,2273.0395821320153,30.0,308.56347212662365,1934.4761100053915,30000.0,2243.0395821320153,United States
US,NEWT,3,0.6666666666666666,2299.433243697122,2216.2734513317027,30.0,251.82762430732842,1934.4458270243745,30000.0,2186.2734513317027,United States
US,BBIO,2,1.0,2191.7293470422173,2191.7293470422173,20.0,239.92869438768975,1931.8006526545275,20000.0,2171.7293470422173,United States
US,TKNO,3,1.0,2198.8161616926313,2198.8161616926313,30.0,239.60685098745782,1929.2093107051737,30000.0,2168.8161616926313,United States
US,AEVA,1,1.0,2175.6485122406557,2175.6485122406557,10.0,239.25689485764568,1926.39161738301,10000.0,2165.6485122406557,United States
US,TTWO,4,1.0,2200.1860569244027,2200.1860569244022,40.0,238.65341276446276,1921.5326441599395,40000.0,2160.1860569244022,United States
US,GNW,4,1.0,2198.280863022477,2198.2808630224768,40.0,238.442930419567,1919.83793260291,40000.0,2158.2808630224768,United States
US,MOH,2,1.0,2176.3610681914524,2176.3610681914524,20.0,238.23083499067425,1918.130233200778,20000.0,2156.3610681914524,United States
US,UA,1,1.0,2161.2352531524716,2161.2352531524716,10.0,237.66454430088345,1913.5707088515883,10000.0,2151.2352531524716,United States
US,RDN,4,1.0,2190.6029246998423,2190.6029246998423,40.0,237.59468580757252,1913.0082388922701,40000.0,2150.6029246998423,United States
US,UAL,4,0.75,2366.578804215811,2210.560973606599,40.0,258.14096153048433,1912.4200120761147,40000.0,2170.560973606599,United States
US,BKV,4,1.0,2189.0954397144546,2189.0954397144546,40.0,237.42814161787146,1911.6672980965832,40000.0,2149.0954397144546,United States
US,HSIC,4,1.0,2187.7204283108463,2187.7204283108467,40.0,237.2762328676926,1910.4441954431538,40000.0,2147.7204283108467,United States
US,WYY,4,0.5,3056.531288075388,2283.659078183914,40.0,335.4704343833389,1908.1886438005747,40000.0,2243.659078183914,United States
US,DRTS,1,1.0,2153.088459503256,2153.088459503256,10.0,236.76450140817016,1906.323958095086,10000.0,2143.088459503256,United States
US,SHC,3,1.0,2172.67220695466,2172.67220695466,30.0,236.71851458635174,1905.953692368308,30000.0,2142.67220695466,United States
US,MTB,4,1.0,2181.188206506859,2181.188206506859,40.0,236.55456492549897,1904.63364158136,40000.0,2141.188206506859,United States
US,SHW,4,1.0,2177.289710558752,2177.2897105587517,40.0,236.1238662087464,1901.1658443500055,40000.0,2137.2897105587517,United States
US,PLGO,3,1.0,2166.1824653483095,2166.1824653483095,30.0,236.0015397788576,1900.180925569452,30000.0,2136.1824653483095,United States
US,HQH,4,1.0,2168.682893099305,2168.682893099305,40.0,235.17300072512123,1893.509892374184,40000.0,2128.682893099305,United States
US,RBRK,2,1.0,2148.3240013576933,2148.3240013576933,20.0,235.13335102056266,1893.1906503371306,20000.0,2128.3240013576933,United States
US,EE,4,1.0,2164.745298727575,2164.745298727575,40.0,234.7379824858898,1890.0073162416852,40000.0,2124.745298727575,United States
US,ZION,5,1.0,2173.521505188671,2173.521505188671,50.0,234.60278000939834,1888.918725179273,50000.0,2123.521505188671,United States
US,ADV,4,0.5,3483.3038777502948,2309.2261553175954,40.0,382.6194911387814,1886.6066641788138,40000.0,2269.2261553175954,United States
US,IDA,5,1.0,2166.044051492786,2166.044051492786,50.0,233.7766845730395,1882.2673669197463,50000.0,2116.044051492786,United States
US,IMCR,3,1.0,2144.4049092684827,2144.4049092684827,30.0,233.59559513188583,1880.8093141365966,30000.0,2114.4049092684827,United States
US,MKC-V,3,1.0,2143.6584670579828,2143.6584670579828,30.0,233.51312955888753,1880.1453374990951,30000.0,2113.6584670579828,United States
US,NBTB,4,1.0,2153.1846274485392,2153.1846274485392,40.0,233.46078062369548,1879.7238468248436,40000.0,2113.1846274485392,United States
US,CMPS,4,0.75,2763.5880076588523,2218.6691214938237,40.0,302.00181369961695,1876.6673077942066,40000.0,2178.6691214938237,United States
US,SIGI,5,1.0,2150.1756013713048,2150.1756013713048,50.0,232.02356716695547,1868.1520342043493,50000.0,2100.1756013713048,United States
US,EVLV,2,0.5,2198.852991282825,2128.0567674145136,20.0,241.82048334905537,1866.2362840654582,20000.0,2108.0567674145136,United States
US,MTG,4,1.0,2137.6982698964953,2137.6982698964953,40.0,231.74987610728175,1865.9483937892137,40000.0,2097.6982698964953,United States
US,SXI,5,0.8,2758.4231425956964,2215.452739191689,50.0,300.3264270865825,1865.1263121051063,50000.0,2165.452739191689,United States
US,CHRW,3,1.0,2119.9310162290285,2119.9310162290285,30.0,230.8917640990099,1859.0392521300187,30000.0,2089.9310162290285,United States
US,ALRS,5,1.0,2132.7350415808487,2132.7350415808487,50.0,230.09676595408172,1852.6382756267672,50000.0,2082.7350415808487,United States
US,BLLN,2,1.0,2102.289331596583,2102.289331596583,20.0,230.04752472853667,1852.2418068680463,20000.0,2082.289331596583,United States
US,CWST,3,1.0,2111.0088914589764,2111.0088914589764,30.0,229.90606403921277,1851.1028274197638,30000.0,2081.0088914589764,United States
US,FSUN,5,0.8,2223.676744111749,2142.133302542517,50.0,241.2486210093602,1850.8846815331572,50000.0,2092.133302542517,United States
US,USB,4,1.0,2115.3282292040144,2115.3282292040144,40.0,229.27847484171596,1846.0497543622982,40000.0,2075.3282292040144,United States
US,LCNB,4,1.0,2115.0197643507763,2115.0197643507763,40.0,229.24439620774496,1845.775368143031,40000.0,2075.0197643507763,United States
US,STRO,4,1.0,2110.5480480473025,2110.548048047303,40.0,228.75036915238204,1841.7976788949206,40000.0,2070.548048047303,United States
US,PRK,5,1.0,2120.467474578818,2120.467474578818,50.0,228.74146754264774,1841.72600703617,50000.0,2070.467474578818,United States
US,COLD,2,1.0,2083.4785748140375,2083.4785748140375,20.0,227.96934665288126,1835.509228161156,20000.0,2063.4785748140375,United States
US,NINE,4,0.75,2499.9852587348314,2148.226848151642,40.0,272.87946313024975,1835.3473850213923,40000.0,2108.226848151642,United States
US,AGIO,4,1.0,2100.9689462807146,2100.9689462807146,40.0,227.69208747313206,1833.2768588075826,40000.0,2060.9689462807146,United States
US,DGX,4,1.0,2093.608902911055,2093.608902911055,40.0,226.8789633153155,1826.7299395957396,40000.0,2053.608902911055,United States
US,XPRO,4,1.0,2091.218935019832,2091.218935019832,40.0,226.61492402489904,1824.6040109949327,40000.0,2051.218935019832,United States
US,OSBC,5,1.0,2098.7818163023576,2098.7818163023576,50.0,226.3456755972587,1822.4361407050988,50000.0,2048.7818163023576,United States
US,HHH,3,1.0,2078.4626451799613,2078.4626451799613,30.0,226.31041415421242,1822.1522310257492,30000.0,2048.4626451799613,United States
US,ACT,4,1.0,2082.2612146014194,2082.26121460142,40.0,225.6252914228408,1816.6359231785789,40000.0,2042.2612146014199,United States
US,ZYME,3,1.0,2068.7839436314825,2068.7839436314825,30.0,225.24112887285017,1813.5428147586324,30000.0,2038.7839436314825,United States
US,DFTX,3,0.6666666666666666,2185.4666019438505,2082.7655148830536,30.0,239.23679774008008,1813.5287171429736,30000.0,2052.7655148830536,United States
US,WEX,1,1.0,2044.5882585189245,2044.5882585189245,10.0,224.77759723964326,1809.8106612792812,10000.0,2034.5882585189245,United States
US,MLYS,3,1.0,2059.696284303074,2059.696284303074,30.0,224.23714085718206,1805.459143445892,30000.0,2029.6962843030742,United States
US,HWC,4,1.0,2068.6317781716966,2068.6317781716966,40.0,224.1195361627403,1804.5122420089565,40000.0,2028.6317781716966,United States
US,PKOH,5,0.8,2406.6397992646425,2111.4468854399047,50.0,261.4620453956925,1799.9848400442124,50000.0,2061.4468854399047,United States
US,TRDA,4,1.0,2061.779484157813,2061.779484157813,40.0,223.362507226998,1798.416976930815,40000.0,2021.779484157813,United States
US,DOC,4,1.0,2061.5181504386815,2061.5181504386815,40.0,223.33363555469865,1798.184514883983,40000.0,2021.5181504386815,United States
US,PSFE,1,1.0,2030.5345258639961,2030.5345258639961,10.0,223.224966507014,1797.3095593569822,10000.0,2020.5345258639961,United States
US,RUSHA,4,1.0,2055.384429147209,2055.384429147209,40.0,222.65599322177846,1792.7284359254306,40000.0,2015.3844291472092,United States
US,ALKT,1,1.0,2025.0785612387356,2025.0785612387356,10.0,222.62220149352507,1792.4563597452104,10000.0,2015.0785612387356,United States
US,LPLA,5,0.6,3080.420273585172,2177.7875391648404,50.0,337.0048641520716,1790.782675012769,50000.0,2127.7875391648404,United States
US,MBI,3,1.0,2041.095816391101,2041.095816391101,30.0,222.18219511212504,1788.9136212789758,30000.0,2011.095816391101,United States
US,ASB,5,0.8,2160.0383027249936,2072.716057747721,50.0,234.2179621588055,1788.4980955889155,50000.0,2022.7160577477212,United States
US,CTBI,4,1.0,2048.271826851731,2048.271826851731,40.0,221.87020590220422,1786.4016209495267,40000.0,2008.271826851731,United States
US,SHG,2,1.0,2024.5800086716172,2024.5800086716172,20.0,221.46234056802814,1783.117668103589,20000.0,2004.5800086716172,United States
US,MRDN,3,1.0,2032.1867622350687,2032.1867622350687,30.0,221.19793906990816,1780.9888231651607,30000.0,2002.1867622350687,United States
US,PSN,2,0.5,2210.4146148649215,2039.9491283344137,20.0,243.09779041995367,1776.8513379144601,20000.0,2019.9491283344137,United States
US,BV,4,1.0,2033.8652536007642,2033.8652536007642,40.0,220.2785939845347,1773.5866596162293,40000.0,1993.8652536007642,United States
US,FSLY,2,1.0,2013.471408883567,2013.471408883567,20.0,220.23508273903013,1773.2363261445366,20000.0,1993.471408883567,United States
US,BMGL,3,1.0,2017.1361013809787,2017.1361013809787,30.0,219.5351695294441,1767.6009318515344,30000.0,1987.1361013809787,United States
US,AFG,5,1.0,2036.3283419329514,2036.3283419329514,50.0,219.4459297399609,1766.8824121929906,50000.0,1986.3283419329514,United States
US,LBRX,3,1.0,2012.635727199885,2012.6357271998852,30.0,219.0379764040685,1763.5977507958169,30000.0,1982.6357271998852,United States
US,PFGC,3,1.0,2012.2911888523308,2012.2911888523308,30.0,218.99991243628733,1763.2912764160435,30000.0,1982.2911888523308,United States
US,WM,4,1.0,2017.2874527444628,2017.2874527444628,40.0,218.44710880398551,1758.8403439404774,40000.0,1977.2874527444628,United States
US,HELP,2,0.5,2239.6856956257107,2023.7386299871664,20.0,246.3316059963825,1757.407023990784,20000.0,2003.7386299871664,United States
US,KHC,3,1.0,2005.4455214024736,2005.4455214024736,30.0,218.24361559124375,1757.2019058112298,30000.0,1975.4455214024736,United States
US,ACNB,4,1.0,2014.9783162983617,2014.9783162983615,40.0,218.19199962409135,1756.7863166742702,40000.0,1974.9783162983615,United States
US,OPLN,4,1.0,2014.7029945233407,2014.7029945233407,40.0,218.16158257690853,1756.5414119464322,40000.0,1974.7029945233407,United States
US,SAFT,4,1.0,2014.5291378704733,2014.5291378704733,40.0,218.14237521122556,1756.3867626592478,40000.0,1974.5291378704733,United States
US,FOR,5,0.8,2328.6273196766615,2056.627197606349,50.0,252.84336904038017,1753.7838285659686,50000.0,2006.627197606349,United States
US,ACIC,5,0.8,2096.9256204389276,2029.875702392072,50.0,227.24538821407143,1752.6303141780008,50000.0,1979.875702392072,United States
US,BMEZ,4,1.0,2009.8182143622798,2009.8182143622798,40.0,217.62192098048982,1752.1962933817902,40000.0,1969.8182143622798,United States
US,NWG,4,1.0,2004.6159599362845,2004.6159599362845,40.0,217.04718540674,1747.5687745295445,40000.0,1964.6159599362845,United States
US,HVT-A,4,0.75,2876.874438559833,2101.8334377676792,40.0,314.5174918134354,1747.315945954244,40000.0,2061.8334377676792,United States
US,RMAX,3,1.0,1981.2208660445174,1981.2208660445176,30.0,215.5673198825073,1735.6535461620101,30000.0,1951.2208660445176,United States
US,BAC,5,1.0,1996.4749579772213,1996.474957977221,50.0,215.04300062153618,1731.4319573556847,50000.0,1946.474957977221,United States
US,AMWL,1,1.0,1954.1482633898877,1954.1482633898877,10.0,214.78595165024606,1729.3623117396417,10000.0,1944.1482633898877,United States
US,ALLE,4,1.0,1983.4240861759556,1983.4240861759556,40.0,214.70594587343012,1728.7181403025256,40000.0,1943.4240861759556,United States
US,PLBC,3,1.0,1972.7224873844173,1972.7224873844173,30.0,214.6284345195098,1728.0940528649076,30000.0,1942.7224873844173,United States
US,CWBC,4,1.0,1982.5459260819912,1982.5459260819912,40.0,214.60892834908012,1727.936997732911,40000.0,1942.5459260819912,United States
US,DINO,2,1.0,1962.3598410797927,1962.3598410797927,20.0,214.5883700176824,1727.7714710621103,20000.0,1942.3598410797927,United States
US,COR,4,1.0,1980.8044531615687,1980.8044531615687,40.0,214.4165335993948,1726.387919562174,40000.0,1940.8044531615687,United States
US,BTSG,5,1.0,1990.052973398513,1990.052973398513,50.0,214.33351148678472,1725.719461911728,50000.0,1940.052973398513,United States
US,DORM,3,1.0,1969.22256858834,1969.2225685883402,30.0,214.24176987902436,1724.9807987093159,30000.0,1939.2225685883402,United States
US,COHN,1,1.0,1948.936137747257,1948.936137747257,10.0,214.21012552249942,1724.7260122247576,10000.0,1938.936137747257,United States
US,RSI,2,1.0,1957.305981441484,1957.305981441484,20.0,214.0300288292238,1723.2759526122602,20000.0,1937.305981441484,United States
US,AZ,1,1.0,1939.16389697405,1939.16389697405,10.0,213.13050619831847,1716.0333907757315,10000.0,1929.16389697405,United States
US,RF,3,1.0,1958.251574496095,1958.251574496095,30.0,213.0297144761389,1715.221860019956,30000.0,1928.251574496095,United States
US,CCBG,4,1.0,1967.2295177838037,1967.2295177838039,40.0,212.91679951603848,1714.3127182677654,40000.0,1927.2295177838039,United States
US,AVTR,2,1.0,1944.0132358964336,1944.0132358964336,20.0,212.5614705635286,1711.451765332905,20000.0,1924.0132358964336,United States
US,ZD,2,1.0,1943.7817460274798,1943.7817460274798,20.0,212.5358959853254,1711.2458500421544,20000.0,1923.7817460274798,United States
US,FRD,5,0.4,3618.67031931508,2157.933924470027,50.0,397.5745285299647,1710.359395940062,50000.0,2107.933924470027,United States
US,FATN,1,1.0,1928.1662434395864,1928.1662434395864,10.0,211.91550550891594,1706.2507379306705,10000.0,1918.1662434395864,United States
US,FNWB,2,1.0,1936.396922534742,1936.396922534742,20.0,211.72003416474027,1704.676888370002,20000.0,1916.396922534742,United States
US,FVCB,5,1.0,1965.2293486424478,1965.2293486424478,50.0,211.59104273219324,1703.6383059102545,50000.0,1915.2293486424478,United States
US,SOUN,3,1.0,1943.1763669216773,1943.1763669216773,30.0,211.36423305881607,1701.8121338628614,30000.0,1913.1763669216773,United States
US,NTES,3,1.0,1942.8417153552036,1942.8417153552036,30.0,211.32726136456318,1701.5144539906403,30000.0,1912.8417153552036,United States
US,PMTS,3,1.0,1937.5966261884091,1937.5966261884091,30.0,210.74779348683253,1696.8488327015766,30000.0,1907.5966261884091,United States
US,AVBP,4,1.0,1946.9542169553677,1946.9542169553677,40.0,210.6768212873012,1696.2773956680664,40000.0,1906.9542169553677,United States
US,BFST,4,1.0,1944.8842651127693,1944.8842651127698,40.0,210.44813678583867,1694.4361283269309,40000.0,1904.8842651127698,United States
US,OMF,4,1.0,1944.8532727468714,1944.8532727468714,40.0,210.44471280582198,1694.4085599410494,40000.0,1904.8532727468714,United States
US,HBB,1,1.0,1913.0006828817225,1913.0006828817225,10.0,210.2400420588956,1692.7606408228269,10000.0,1903.0006828817225,United States
US,NTIC,4,1.0,1939.6076067337976,1939.6076067337976,40.0,209.86518119916724,1689.7424255346305,40000.0,1899.6076067337976,United States
US,DBX,2,1.0,1918.2588973168113,1918.2588973168113,20.0,209.71617824446358,1688.5427190723476,20000.0,1898.2588973168113,United States
US,LCII,2,1.0,1916.9925256436459,1916.9925256436459,20.0,209.57627181341314,1687.4162538302328,20000.0,1896.9925256436459,United States
US,PL,1,1.0,1906.8443095276111,1906.8443095276111,10.0,209.55989716743994,1687.2844123601712,10000.0,1896.8443095276111,United States
US,FND,4,0.75,2218.6089182305136,1964.8366535850903,40.0,241.79351860372188,1683.0431349813684,40000.0,1924.8366535850903,United States
US,ALGM,4,0.5,2632.438447905969,2010.5773504029344,40.0,288.61743146214303,1681.9599189407913,40000.0,1970.5773504029344,United States
US,CBSH,4,1.0,1930.1058106559956,1930.1058106559954,40.0,208.81544011131479,1681.2903705446806,40000.0,1890.1058106559954,United States
US,FRME,4,1.0,1927.102155680036,1927.102155680036,40.0,208.48360179188768,1678.6185538881482,40000.0,1887.102155680036,United States
US,SBCF,3,1.0,1915.673424869544,1915.673424869544,30.0,208.3257582196858,1677.3476666498582,30000.0,1885.673424869544,United States
US,BBVA,4,1.0,1925.281262660854,1925.281262660854,40.0,208.28243285465015,1676.998829806204,40000.0,1885.281262660854,United States
US,NTLA,2,1.0,1904.7906397850322,1904.7906397850322,20.0,208.22822973482175,1676.5624100502105,20000.0,1884.7906397850322,United States
US,CADL,3,1.0,1914.361402132034,1914.3614021320343,30.0,208.18080834236963,1676.1805937896645,30000.0,1884.3614021320343,United States
US,DFH,3,0.6666666666666666,2079.7721379939558,1930.3397065751437,30.0,227.5598662780437,1672.7798402971,30000.0,1900.3397065751437,United States
US,PNC,3,1.0,1909.4829876573758,1909.482987657376,30.0,207.6418500153659,1671.8411376420102,30000.0,1879.482987657376,United States
US,ZBRA,2,1.0,1898.6683198753826,1898.6683198753826,20.0,207.55184700575535,1671.1164728696274,20000.0,1878.6683198753826,United States
US,SMG,4,0.5,2336.730729114789,1965.508272554003,40.0,255.94818242033284,1669.5600901336702,40000.0,1925.508272554003,United States
US,MVBF,4,1.0,1908.5194568981701,1908.5194568981701,40.0,206.43061914789243,1662.0888377502777,40000.0,1868.5194568981701,United States
US,RH,1,1.0,1876.098839685363,1876.098839685363,10.0,206.16319377636893,1659.935645908994,10000.0,1866.098839685363,United States
US,CCEP,3,1.0,1895.133086518288,1895.133086518288,30.0,206.05649912917792,1659.07658738911,30000.0,1865.133086518288,United States
US,CAC,4,1.0,1904.890182854726,1904.890182854726,40.0,206.02966357577907,1658.8605192789469,40000.0,1864.890182854726,United States
US,EFSC,5,1.0,1911.7146330164237,1911.7146330164237,50.0,205.67883462570543,1656.0357983907184,50000.0,1861.7146330164237,United States
IN,JINDWORLD,1,1.0,1689.4405272717083,1689.4405272717083,35.0,0.0,1654.4405272717083,10000.0,1654.4405272717083,India
US,ANGO,4,0.75,2456.8739295565515,1959.0697877090602,40.0,268.11660217008904,1650.953185538971,40000.0,1919.0697877090602,United States
US,MAMA,5,0.4,3175.813749253746,2046.581324853607,50.0,348.6485429781561,1647.932781875451,50000.0,1996.581324853607,United States
US,ITW,5,1.0,1901.5513700757538,1901.5513700757535,50.0,204.55601588616278,1646.995354189591,50000.0,1851.5513700757535,United States
US,VLO,2,1.0,1868.7101543520243,1868.7101543520243,20.0,204.24212355883546,1644.468030793189,20000.0,1848.7101543520243,United States
US,NU,3,1.0,1876.7889110164492,1876.7889110164492,30.0,204.02986810180377,1642.7590429146455,30000.0,1846.7889110164492,United States
US,LMND,2,1.0,1860.0509925405472,1860.0509925405472,20.0,203.28547516673768,1636.7655173738094,20000.0,1840.0509925405472,United States
US,ACHC,1,1.0,1848.3232288825802,1848.3232288825802,10.0,203.09459499134607,1635.228633891234,10000.0,1838.3232288825802,United States
US,FDSB,3,1.0,1862.04938967929,1862.04938967929,30.0,202.4014726872736,1629.6479169920165,30000.0,1832.04938967929,United States
US,VSECU,5,1.0,1879.4224821814632,1879.4224821814632,50.0,202.11125674158535,1627.3112254398777,50000.0,1829.4224821814632,United States
US,AARD,1,1.0,1837.9442116959765,1837.9442116959765,10.0,201.9479401165106,1625.9962715794659,10000.0,1827.9442116959765,United States
US,BKSY,2,1.0,1846.2517501527232,1846.2517501527232,20.0,201.76096005431862,1624.4907900984044,20000.0,1826.2517501527232,United States
US,RGA,2,1.0,1840.185898918718,1840.185898918718,20.0,201.09081588146992,1619.095083037248,20000.0,1820.185898918718,United States
US,EXPE,3,1.0,1847.6523084712835,1847.6523084712837,30.0,200.81090943318532,1616.8413990380984,30000.0,1817.6523084712837,United States
US,CFFI,5,1.0,1866.153391747023,1866.1533917470229,50.0,200.64531184933466,1615.5080798976883,50000.0,1816.1533917470229,United States
US,KBH,4,0.5,2201.644248387449,1892.3888799810927,40.0,241.0240745914817,1611.364805389611,40000.0,1852.3888799810927,United States
US,ELE,2,1.0,1830.2966546865296,1830.2966546865296,20.0,199.99827022869718,1610.2983844578323,20000.0,1810.2966546865296,United States
US,OSK,5,0.8,2364.6427273247436,1916.2687436637805,50.0,256.8222855414689,1609.4464581223117,50000.0,1866.2687436637805,United States
US,PRTA,4,1.0,1848.3947184505275,1848.3947184505278,40.0,199.78814778478676,1608.6065706657412,40000.0,1808.3947184505278,United States
US,KTB,2,1.0,1825.1808291121229,1825.1808291121229,20.0,199.43308315671965,1605.7477459554034,20000.0,1805.1808291121229,United States
US,NXST,1,1.0,1815.1259715124036,1815.1259715124036,10.0,199.42702258922955,1605.698948923174,10000.0,1805.1259715124036,United States
US,FCF,5,1.0,1852.2901150755345,1852.2901150755345,50.0,199.11372234613268,1603.1763927294016,50000.0,1802.2901150755345,United States
US,ARVN,4,1.0,1839.8744903542229,1839.8744903542229,40.0,198.84684853595726,1601.0276418182657,40000.0,1799.8744903542229,United States
US,STBA,5,1.0,1847.5651362682743,1847.5651362682743,50.0,198.59171531161,1598.9734209566643,50000.0,1797.5651362682743,United States
US,MTH,5,0.6,2443.178760857061,1915.1070061371302,50.0,266.6035849288002,1598.5034212083297,50000.0,1865.1070061371302,United States
US,BTSGU,3,1.0,1826.4391819292314,1826.4391819292314,30.0,198.46732193134156,1597.9718599978899,30000.0,1796.4391819292314,United States
US,VMET,2,1.0,1811.7952128196735,1811.7952128196735,20.0,197.95426470036085,1593.8409481193125,20000.0,1791.7952128196735,United States
US,HFWA,4,1.0,1830.2885264258584,1830.2885264258584,40.0,197.78780873759916,1592.5007176882593,40000.0,1790.2885264258584,United States
US,UCB,4,1.0,1824.7678651303831,1824.7678651303834,40.0,197.17789615407025,1587.589968976313,40000.0,1784.7678651303834,United States
US,FITB,2,1.0,1803.9925626587406,1803.9925626587406,20.0,197.0922421520971,1586.9003205066435,20000.0,1783.9925626587406,United States
US,CASS,4,1.0,1820.942828787544,1820.942828787544,40.0,196.7553131204281,1584.187515667116,40000.0,1780.942828787544,United States
US,ONB,4,1.0,1820.781068952657,1820.7810689526573,40.0,196.7374421891163,1584.043626763541,40000.0,1780.7810689526573,United States
US,GE,5,1.0,1829.8543061424778,1829.8543061424775,50.0,196.63505512538927,1583.2192510170883,50000.0,1779.8543061424775,United States
US,AVB,3,1.0,1809.4709791244259,1809.4709791244259,30.0,196.59270585608925,1582.8782732683364,30000.0,1779.4709791244259,United States
US,WEAV,1,1.0,1788.4617585402273,1788.4617585402273,10.0,196.4812090079918,1581.9805495322355,10000.0,1778.4617585402273,United States
US,GLBE,2,1.0,1775.5346488640744,1775.5346488640744,20.0,193.94826377788075,1561.5863850861936,20000.0,1755.5346488640744,United States
US,GEV,4,0.75,1868.2021246948532,1803.1413420326292,40.0,203.0812156217272,1560.060126410902,40000.0,1763.1413420326292,United States
US,MGEE,3,1.0,1781.9023443099468,1781.9023443099468,30.0,193.5469734004784,1558.3553709094683,30000.0,1751.9023443099468,United States
US,FLGT,2,1.0,1771.5128603443752,1771.5128603443752,20.0,193.50394392285415,1558.008916421521,20000.0,1751.5128603443752,United States
US,EQBK,4,1.0,1789.5854318247295,1789.5854318247295,40.0,193.29100513797565,1556.294426686754,40000.0,1749.5854318247295,United States
US,MNST,4,1.0,1787.1512993060421,1787.1512993060423,40.0,193.02208662012688,1554.1292126859155,40000.0,1747.1512993060423,United States
US,CB,3,1.0,1777.0202008588676,1777.0202008588676,30.0,193.0076031029659,1554.0125977559017,30000.0,1747.0202008588676,United States
US,XRN-PB,5,1.0,1795.3460021303647,1795.3460021303647,50.0,192.82264068321396,1552.5233614471506,50000.0,1745.3460021303647,United States
US,UL,4,1.0,1783.3392299613317,1783.3392299613315,40.0,192.6009361567704,1550.7382938045612,40000.0,1743.3392299613315,United States
US,WKC,1,1.0,1752.5447719273068,1752.5447719273068,10.0,192.51316588322823,1550.0316060440787,10000.0,1742.5447719273068,United States
US,FLYU,5,0.6,2243.8628258933304,1842.3212750480277,50.0,244.58352422849234,1547.7377508195354,50000.0,1792.3212750480277,United States
US,SKYW,4,0.75,1885.8747870876157,1790.7350538194532,40.0,205.03365910646662,1545.7013947129867,40000.0,1750.7350538194532,United States
US,BUSE,5,1.0,1786.739890109359,1786.739890109359,50.0,191.87185313514019,1544.868036974219,50000.0,1736.739890109359,United States
IN,RESPONIND,1,1.0,1578.2295447894667,1578.2295447894667,35.0,0.0,1543.2295447894667,10000.0,1543.2295447894667,India
US,TGTX,5,0.6,2244.6821201146095,1836.5943723379985,50.0,244.67403835867094,1541.9203339793276,50000.0,1786.5943723379985,United States
US,MSBI,5,0.8,1809.24851157366,1786.3053893375459,50.0,195.46334629928438,1540.8420430382614,50000.0,1736.3053893375459,United States
US,CHYM,1,1.0,1740.5587098738117,1740.5587098738117,10.0,191.1889676247014,1539.3697422491102,10000.0,1730.5587098738117,United States
US,BOKF,4,1.0,1766.9621006240502,1766.96210062405,40.0,190.7916207993738,1536.1704798246762,40000.0,1726.96210062405,United States
US,SENEB,2,0.5,1748.1986777042246,1748.1986777042246,20.0,192.03301732601957,1536.165660378205,20000.0,1728.1986777042246,United States
US,SARO,3,1.0,1752.0940063829316,1752.0940063829316,30.0,190.2538026329349,1531.8402037499968,30000.0,1722.0940063829316,United States
US,DV,1,1.0,1728.6432927577343,1728.6432927577343,10.0,189.8725740899183,1528.770718667816,10000.0,1718.6432927577343,United States
US,BROS,4,1.0,1758.1865953483234,1758.1865953483234,40.0,189.82211899369764,1528.3644763546258,40000.0,1718.1865953483234,United States
US,L,4,1.0,1757.4042255908862,1757.4042255908862,40.0,189.7356842108892,1527.668541379997,40000.0,1717.4042255908862,United States
US,IMXI,3,1.0,1747.2096465586606,1747.2096465586606,30.0,189.7141874745575,1527.4954590841032,30000.0,1717.2096465586606,United States
US,WNEB,4,1.0,1754.336398643288,1754.336398643288,40.0,189.39675628916308,1524.939642354125,40000.0,1714.336398643288,United States
US,CIVB,4,1.0,1752.0287256153113,1752.0287256153113,40.0,189.45490396499795,1522.5738216503132,40000.0,1712.0287256153113,United States
US,PCTY,1,1.0,1721.334252088289,1721.334252088289,10.0,189.06508461733048,1522.2691674709586,10000.0,1711.334252088289,United States
US,BOH,5,1.0,1759.0455572767482,1759.0455572767482,50.0,188.81223379191215,1520.233323484836,50000.0,1709.0455572767482,United States
US,AOS,3,1.0,1731.3285813870216,1731.3285813870216,30.0,187.95967638075726,1513.3689050062644,30000.0,1701.3285813870216,United States
US,OILD,5,0.8,1994.7639925802373,1778.986305560588,50.0,215.958758035205,1513.0275475253832,50000.0,1728.986305560588,United States
US,FBLA,5,1.0,1749.1270589502972,1749.1270589502972,50.0,187.71645620020027,1511.4106027500968,50000.0,1699.1270589502972,United States
US,SNA,4,1.0,1735.866612444792,1735.8666124447918,40.0,187.35624802128874,1508.510364423503,40000.0,1695.8666124447918,United States
US,MKTW,2,1.0,1715.2932570326595,1715.2932570326595,20.0,187.2929047618534,1508.0003522708062,20000.0,1695.2932570326595,United States
US,WDAY,2,1.0,1710.215959792647,1710.215959792647,20.0,186.7319742299372,1503.4839855627097,20000.0,1690.215959792647,United States
US,UNTY,5,0.8,1869.489681638823,1753.8528949221632,50.0,202.11868081498093,1501.7342141071824,50000.0,1703.8528949221632,United States
US,SPT,1,1.0,1694.6562555910073,1694.6562555910073,10.0,186.11774825739698,1498.5385073336104,10000.0,1684.6562555910073,United States
US,CXIIU,3,1.0,1714.1038869318527,1714.1038869318527,30.0,186.05672357612528,1498.0471633557272,30000.0,1684.1038869318527,United States
US,FFIN,4,0.75,1785.0931813155935,1730.7142459979063,40.0,193.8994912488979,1496.8147547490084,40000.0,1690.7142459979063,United States
US,INSM,3,1.0,1706.344860179725,1706.344860179725,30.0,185.19952046244418,1491.1453397172809,30000.0,1676.344860179725,United States
US,ARDT,2,1.0,1692.8681566442515,1692.8681566442515,20.0,184.81542060157742,1488.052736042674,20000.0,1672.8681566442515,United States
US,ADC,4,1.0,1711.6602764215386,1711.6602764215384,40.0,184.68197619921347,1486.9783002223248,40000.0,1671.6602764215384,United States
US,SPGI,2,1.0,1688.115889116919,1688.115889116919,20.0,184.29039875906892,1483.8254903578502,20000.0,1668.115889116919,United States
US,FHB,4,1.0,1706.4175615774202,1706.4175615774202,40.0,184.10277063231842,1482.3147909451018,40000.0,1666.4175615774202,United States
US,CCB,2,1.0,1684.709478607551,1684.709478607551,20.0,183.91406474342637,1480.7954138641246,20000.0,1664.709478607551,United States
US,CARU,1,1.0,1672.8484715612724,1672.8484715612724,10.0,183.70846408169194,1479.1400074795804,10000.0,1662.8484715612724,United States
US,LC,3,1.0,1692.3698920365314,1692.3698920365316,30.0,183.65559148930924,1478.7143005472226,30000.0,1662.3698920365316,United States
US,TMP,5,1.0,1712.350285899651,1712.3502858996508,50.0,183.65342543909208,1478.6968604605588,50000.0,1662.3502858996508,United States
US,FBNC,4,1.0,1700.2997332505386,1700.2997332505388,40.0,183.42688412511816,1476.8728491254205,40000.0,1660.2997332505388,United States
US,PDLB,4,1.0,1698.039221797081,1698.039221797081,40.0,183.17714694566013,1474.8620748514206,40000.0,1658.039221797081,United States
US,CZFS,3,1.0,1686.560375042736,1686.560375042736,30.0,183.01376665545376,1473.5466083872823,30000.0,1656.560375042736,United States
US,CMPR,2,1.0,1675.7111132508705,1675.7111132508705,20.0,182.91994176277404,1472.7911714880966,20000.0,1655.7111132508705,United States
US,RRR,3,1.0,1682.398401572307,1682.398401572307,30.0,182.55395942293822,1469.844442149369,30000.0,1652.398401572307,United States
US,SYM,1,1.0,1656.7277895962284,1656.7277895962284,10.0,181.92748056190854,1464.8003090343198,10000.0,1646.7277895962284,United States
US,NHI,4,0.75,1747.0224343606676,1692.0629996577097,40.0,189.69350461262582,1462.369495045084,40000.0,1652.0629996577097,United States
US,COFS,3,1.0,1671.6968578810797,1671.6968578810797,30.0,181.37167240855226,1460.3251854725277,30000.0,1641.6968578810797,United States
US,LUV,5,0.6,2131.7872727361255,1740.7901955448956,50.0,232.2016216776937,1458.5885738672018,50000.0,1690.7901955448956,United States
US,RLJ,5,1.0,1687.2280245903883,1687.228024590388,50.0,180.87796386317933,1456.3500607272088,50000.0,1637.228024590388,United States
US,BMO,5,1.0,1676.0094743809304,1676.0094743809307,50.0,179.63855891230745,1446.3709154686233,50000.0,1626.0094743809307,United States
US,STRZ,4,0.75,2393.8273444023616,1747.183992230804,40.0,261.1513305158432,1446.0326617149608,40000.0,1707.183992230804,United States
US,LIND,5,0.6,3283.6407579495153,1855.4445147015872,50.0,359.456292343516,1445.9882223580712,50000.0,1805.4445147015872,United States
US,ILMN,2,1.0,1640.2782660165171,1640.2782660165171,20.0,179.00538547289597,1441.2728805436213,20000.0,1620.2782660165171,United States
US,MANH,1,1.0,1628.0565174148198,1628.0565174148198,10.0,178.7599307425499,1439.29658667227,10000.0,1618.0565174148198,United States
US,GRAL,3,1.0,1644.4922212962408,1644.492221296241,30.0,178.36615381297696,1436.126067483264,30000.0,1614.492221296241,United States
US,CTNM,1,1.0,1624.251297134125,1624.251297134125,10.0,178.33953695128486,1435.9117601828402,10000.0,1614.251297134125,United States
US,GFL,3,0.6666666666666666,1765.5412069022082,1658.1582469347168,30.0,192.8442065501165,1435.3140403846,30000.0,1628.1582469347168,United States
US,JANX,4,0.75,1841.565703685606,1673.8928984623392,40.0,200.13847244582752,1433.7544260165116,40000.0,1633.8928984623392,United States
US,DAO,1,1.0,1621.6218704835117,1621.6218704835117,10.0,178.04904269419472,1433.572827789317,10000.0,1611.6218704835117,United States
US,ZSL,4,0.5,4444.546013284125,1962.0211239411979,40.0,488.81576779874933,1433.2053561424486,40000.0,1922.0211239411979,United States
US,MMSI,3,1.0,1640.8666472498567,1640.866647249857,30.0,177.96560700978551,1432.9010402400713,30000.0,1610.866647249857,United States
US,BPOP,5,1.0,1659.6751542001796,1659.6751542001798,50.0,177.83397303238846,1431.8411811677913,50000.0,1609.6751542001798,United States
US,RPD,1,1.0,1619.6139252026387,1619.6139252026387,10.0,177.82720856449623,1431.7867166381425,10000.0,1609.6139252026387,United States
US,TFSL,3,1.0,1633.6656960557107,1633.6656960557104,30.0,177.1700590651422,1426.4956369905683,30000.0,1603.6656960557104,United States
US,OUST,1,1.0,1610.4787835138977,1610.4787835138977,10.0,176.8179747843241,1423.6608087295735,10000.0,1600.4787835138977,United States
US,MORN,3,0.6666666666666666,1835.8942693336376,1652.4335804532752,30.0,200.616684478058,1421.8168959752172,30000.0,1622.4335804532752,United States
US,RKT,3,1.0,1626.349753023284,1626.349753023284,30.0,176.36180703209055,1419.9879459911936,30000.0,1596.349753023284,United States
US,NBBK,5,0.8,1700.3330909595295,1653.0073392536647,50.0,183.43056942392244,1419.5767698297423,50000.0,1603.0073392536647,United States
US,FNF,4,0.75,1643.5191487009492,1637.263999655032,40.0,178.2586505287161,1419.0053491263159,40000.0,1597.263999655032,United States
US,GMAB,2,1.0,1614.368397510204,1614.368397510204,20.0,176.14291049140576,1418.2254870187985,20000.0,1594.368397510204,United States
US,SBGI,2,0.5,1700.1548248243848,1624.030362947493,20.0,186.7252201502281,1417.3051427972648,20000.0,1604.030362947493,United States
US,DE,4,1.0,1629.492430616688,1629.4924306166881,40.0,175.6042225686993,1413.8882080479889,40000.0,1589.4924306166881,United States
US,XLO,4,1.0,1626.4076923732218,1626.4076923732218,40.0,175.26342631787242,1411.1442660553494,40000.0,1586.4076923732218,United States
US,FBP,5,0.6,1672.4833297353216,1642.2713766116403,50.0,181.45856038352846,1410.812816228112,50000.0,1592.2713766116403,United States
US,BCAL,4,1.0,1621.74081279012,1621.7408127901201,40.0,174.74783797959117,1406.992974810529,40000.0,1581.7408127901201,United States
US,BLFS,2,1.0,1597.9920994781226,1597.9920994781226,20.0,174.33368697509042,1403.6584125030324,20000.0,1577.9920994781226,United States
US,LBRDA,1,1.0,1587.6775701544777,1587.6775701544777,10.0,174.29893834949783,1403.37863180498,10000.0,1577.6775701544777,United States
US,VAVX,2,1.0,1593.6152058449625,1593.6152058449625,20.0,173.8501357552719,1399.7650700896907,20000.0,1573.6152058449625,United States
US,HUBG,2,1.0,1593.0312870697571,1593.0312870697571,20.0,173.78562547476466,1399.2456615949925,20000.0,1573.0312870697571,United States
US,MANU,2,1.0,1590.8962108687197,1590.8962108687197,20.0,173.5497461530477,1397.346464715672,20000.0,1570.8962108687197,United States
US,IRMD,3,1.0,1600.0260690067946,1600.0260690067946,30.0,173.45361446833843,1396.5724545384564,30000.0,1570.0260690067946,United States
US,CHTR,1,1.0,1579.656038100714,1579.656038100714,10.0,173.4127341292207,1396.2433039714933,10000.0,1569.656038100714,United States
US,IBN,4,1.0,1607.8661146779493,1607.8661146779493,40.0,173.2149866564692,1394.6511280214802,40000.0,1567.8661146779493,United States
US,HQY,1,1.0,1574.9729947050484,1574.9729947050484,10.0,172.89536004242981,1392.0776346626187,10000.0,1564.9729947050484,United States
US,KOD,3,1.0,1594.0054593120356,1594.0054593120356,30.0,172.78846849817012,1391.2169908138656,30000.0,1564.0054593120356,United States
US,NWBI,5,1.0,1611.4648135189016,1611.4648135189013,50.0,172.5077825881701,1388.9570309307312,50000.0,1561.4648135189013,United States
US,FNB,5,1.0,1610.6602987365727,1610.6602987365727,50.0,172.41890126343108,1388.2413974731414,50000.0,1560.6602987365727,United States
US,PROF,1,1.0,1569.8585330597825,1569.8585330597825,10.0,172.33032365485425,1387.5282094049282,10000.0,1559.8585330597825,United States
US,LEG,4,1.0,1598.5045512373695,1598.5045512373697,40.0,172.18073821442235,1386.3238130229472,40000.0,1558.5045512373697,United States
US,CHCI,1,1.0,1565.8362989323837,1565.8362989323837,10.0,171.8859545699023,1383.9503443624812,10000.0,1555.8362989323837,United States
US,BCML,3,1.0,1585.5119787373994,1585.5119787373994,30.0,171.85012426671463,1383.6618544706848,30000.0,1555.5119787373994,United States
US,LBRDK,1,1.0,1563.1330182309243,1563.1330182309243,10.0,171.58730105207425,1381.54571717885,10000.0,1553.1330182309243,United States
US,TSLA,2,1.0,1569.8848946430298,1569.8848946430298,20.0,171.22845428660838,1378.6564403564216,20000.0,1549.8848946430298,United States
US,TWIN,5,0.6,2111.8405033778376,1656.5374677885814,50.0,229.9979390061378,1376.5395287824435,50000.0,1606.5374677885814,United States
US,SDGR,2,1.0,1567.1012424960918,1567.1012424960918,20.0,170.92092147817905,1376.1803210179128,20000.0,1547.1012424960918,United States
US,RTX,4,1.0,1578.3171575921285,1578.3171575921283,40.0,169.95047181083496,1368.3666857812934,40000.0,1538.3171575921283,United States
US,MTA,1,1.0,1547.7998991113884,1547.7998991113884,10.0,169.89332603799087,1367.9065730733976,10000.0,1537.7998991113884,United States
US,SRCE,2,1.0,1557.2766330371833,1557.2766330371833,20.0,169.8355165571859,1367.4411164799976,20000.0,1537.2766330371833,United States
US,ESQ,2,1.0,1556.4789438198213,1556.4789438198213,20.0,169.74738930840627,1366.731554511415,20000.0,1536.4789438198213,United States
US,LYV,3,1.0,1564.5673486574728,1564.5673486574728,30.0,169.53619976394268,1365.0311488935304,30000.0,1534.5673486574728,United States
US,FDBC,4,1.0,1573.796641584444,1573.796641584444,40.0,169.45105345322074,1364.3455881312232,40000.0,1533.796641584444,United States
US,ESTA,4,1.0,1573.078263810177,1573.078263810177,40.0,169.3716883879138,1363.7065754222633,40000.0,1533.078263810177,United States
US,HVT,5,0.6,1689.1877403744495,1594.4027339834633,50.0,183.30403318179415,1361.098700801669,50000.0,1544.4027339834633,United States
US,AHT-PD,3,0.6666666666666666,1718.9548099581975,1573.7937349814301,30.0,187.6974264459446,1356.0963085354856,30000.0,1543.7937349814301,United States
US,CUZ,2,1.0,1542.202153376773,1542.202153376773,20.0,168.17011555847398,1354.0320378182987,20000.0,1522.202153376773,United States
US,CRBG,4,0.5,1760.7587793319767,1585.437407038155,40.0,192.3158526811171,1353.121554357038,40000.0,1545.437407038155,United States
US,RY,5,1.0,1571.011379719247,1571.011379719247,50.0,168.0385610582088,1352.9728186610382,50000.0,1521.011379719247,United States
US,AEXA,3,1.0,1550.1988428587078,1550.1988428587078,30.0,167.94879346891105,1352.2500493897967,30000.0,1520.1988428587078,United States
US,GLSI,2,1.0,1539.1296162189637,1539.1296162189637,20.0,167.83066726132094,1351.2989489576428,20000.0,1519.1296162189637,United States
US,ESS,3,1.0,1548.8358753689013,1548.8358753689013,30.0,167.7982153083463,1351.037660060555,30000.0,1518.8358753689013,United States
US,EW,3,1.0,1547.1693488752303,1547.1693488752303,30.0,167.61410050309513,1349.555248372135,30000.0,1517.1693488752303,United States
US,RNA,5,0.8,1812.127084243207,1594.910549578774,50.0,195.78136575380114,1349.1291838249729,50000.0,1544.910549578774,United States
US,RACC,2,1.0,1534.4601112666978,1534.4601112666978,20.0,167.31478887704628,1347.1453223896515,20000.0,1514.4601112666978,United States
US,FRSH,1,1.0,1523.7020746579844,1523.7020746579844,10.0,167.2310423760956,1346.471032281889,10000.0,1513.7020746579844,United States
US,SCSC,3,1.0,1542.2194734715933,1542.2194734715933,30.0,167.0672473030894,1345.1522261685038,30000.0,1512.2194734715933,United States
US,FULT,4,1.0,1548.8987579306747,1548.8987579306745,40.0,166.70038071114936,1342.1983772195251,40000.0,1508.8987579306745,United States
US,HAFC,5,1.0,1558.318400089538,1558.3184000895378,50.0,167.40081423968286,1340.917585849855,50000.0,1508.3184000895378,United States
US,WSFS,5,1.0,1557.138034248249,1557.138034248249,50.0,167.0430883872521,1340.0949458609966,50000.0,1507.138034248249,United States
US,SOPH,4,0.75,2236.382966589103,1621.2689992567484,40.0,243.75716302491463,1337.511836231834,40000.0,1581.2689992567484,United States
US,OFG,4,1.0,1543.1157627930659,1543.1157627930659,40.0,166.06148596355732,1337.0542768295086,40000.0,1503.1157627930659,United States
US,AMP,4,0.75,2039.6107752365333,1598.0475153884677,40.0,222.0181304758882,1336.0293849125794,40000.0,1558.0475153884677,United States
US,MRVI,3,0.6666666666666666,1932.374979678626,1572.8980113247558,30.0,211.275697258908,1331.6223140658478,30000.0,1542.8980113247558,United States
US,CTRE,3,1.0,1523.222072941235,1523.222072941235,30.0,164.96844916684068,1328.2536237743943,30000.0,1493.222072941235,United States
US,TXRH,4,0.75,1805.0418503633182,1563.7110968265633,40.0,196.10338379467547,1327.6077130318877,40000.0,1523.7110968265633,United States
US,WLY,2,1.0,1507.2353328853749,1507.2353328853749,20.0,164.30704505255852,1322.9282878328163,20000.0,1487.2353328853749,United States
US,ILPT,2,0.5,1555.5551317003035,1511.1603115325,20.0,170.75010997944537,1320.4102015530545,20000.0,1491.1603115325,United States
US,VAC,5,0.6,1725.3468530775563,1556.5461101308354,50.0,187.29882595506928,1319.247284175766,50000.0,1506.5461101308354,United States
US,GCBC,1,1.0,1492.2813036020589,1492.2813036020589,10.0,163.7597329395076,1318.5215706625513,10000.0,1482.2813036020589,United States
US,HOPE,4,0.75,1537.996013518155,1523.235668847447,40.0,166.60064715615704,1316.63502169129,40000.0,1483.235668847447,United States
US,AMAT,5,0.6,2851.0579816193203,1675.4132837152415,50.0,311.66533677123863,1313.7479469440032,50000.0,1625.4132837152415,United States
US,FNWD,2,1.0,1496.0514291950444,1496.0514291950444,20.0,163.07146778588248,1312.9799614091621,20000.0,1476.0514291950444,United States
US,IWFL,3,1.0,1505.5507033147908,1505.5507033147908,30.0,163.01614850456454,1312.5345548102264,30000.0,1475.5507033147908,United States
US,AZN,2,1.0,1493.0543976880363,1493.0543976880363,20.0,162.74036121521578,1310.3140364728204,20000.0,1473.0543976880363,United States
US,CHEF,5,0.6,1595.8007946105313,1531.9853571945675,50.0,172.98681386507454,1308.9985433294928,50000.0,1481.9853571945675,United States
US,CGNX,2,1.0,1491.061635678912,1491.061635678912,20.0,162.52020450566738,1308.5414311732447,20000.0,1471.061635678912,United States
US,CERT,1,1.0,1480.1446453328592,1480.1446453328592,10.0,162.41889708594024,1307.725748246919,10000.0,1470.1446453328592,United States
US,RACE,3,1.0,1499.158359498509,1499.158359498509,30.0,162.3099340271452,1306.848425471364,30000.0,1469.158359498509,United States
US,BTO,3,1.0,1498.971590511162,1498.9715905111623,30.0,162.28930013031672,1306.6822903808454,30000.0,1468.9715905111623,United States
US,QQQX,3,1.0,1496.1343955002949,1496.1343955002949,30.0,161.9758520040077,1304.1585434962872,30000.0,1466.1343955002949,United States
US,JMIA,1,1.0,1473.8506673821948,1473.8506673821948,10.0,161.72354988981542,1302.1271174923795,10000.0,1463.8506673821948,United States
US,PENN,4,1.0,1503.4492523389376,1503.4492523389376,40.0,161.67920228850522,1301.7700500504322,40000.0,1463.4492523389376,United States
US,MED,4,0.75,1850.5199559987973,1542.5487687389582,40.0,201.127721897951,1301.4210468410074,40000.0,1502.5487687389582,United States
US,RBCAA,3,1.0,1492.5603764129612,1492.5603764129614,30.0,161.58100089859326,1300.979375514368,30000.0,1462.5603764129614,United States
US,SMHI,3,0.3333333333333333,2005.9887092270535,1551.2930471454013,30.0,220.51318948636356,1300.7798576590376,30000.0,1521.2930471454013,United States
US,ANAB,1,1.0,1471.0487255613148,1471.0487255613148,10.0,161.41399647159153,1299.6347290897234,10000.0,1461.0487255613148,United States
US,CHWY,1,1.0,1470.4319055117244,1470.4319055117244,10.0,161.34585131834217,1299.086054193382,10000.0,1460.4319055117244,United States
US,RSG,4,1.0,1497.0283311495768,1497.0283311495768,40.0,160.96983063506795,1296.058500514509,40000.0,1457.0283311495768,United States
US,NHC,1,1.0,1464.1489864582002,1464.1489864582002,10.0,160.6517258889885,1293.4972605692117,10000.0,1454.1489864582002,United States
US,QUAD,3,1.0,1478.8037893802164,1478.8037893802164,30.0,160.06119827194811,1288.7425911082682,30000.0,1448.8037893802164,United States
US,AWR,3,1.0,1476.2878831103567,1476.2878831103567,30.0,159.7832455393245,1286.5046375710322,30000.0,1446.2878831103567,United States
US,JD,4,1.0,1484.0961306282584,1484.0961306282584,40.0,159.54110472552236,1284.5550259027361,40000.0,1444.0961306282584,United States
US,CHCO,4,1.0,1484.0085913734315,1484.0085913734313,40.0,159.53143354842706,1284.4771578250043,40000.0,1444.0085913734313,United States
US,UAMY,1,1.0,1453.5770096916756,1453.5770096916756,10.0,159.48375319195614,1284.0932564997195,10000.0,1443.5770096916756,United States
US,QULL,3,1.0,1472.0624875048793,1472.0624875048793,30.0,159.3164315450879,1282.7460559597914,30000.0,1442.0624875048793,United States
US,BXC,5,0.6,3214.825383478874,1684.0390249869063,50.0,351.8536953748709,1282.1853296120353,50000.0,1634.0390249869063,United States
US,CCNE,4,1.0,1481.3062146341417,1481.3062146341415,40.0,159.23287989868956,1282.0733347354521,40000.0,1441.3062146341415,United States
US,OTLY,1,1.0,1446.4694655294586,1446.4694655294586,10.0,158.69852468571244,1277.770940843746,10000.0,1436.4694655294586,United States
US,KIDS,3,1.0,1466.3570304278096,1466.3570304278096,30.0,158.6861030609005,1277.670927366909,30000.0,1436.3570304278096,United States
US,MAC,5,0.6,1643.1056920694064,1505.5812387795218,50.0,178.21297259471055,1277.3682661848113,50000.0,1455.5812387795218,United States
US,GUT,5,1.0,1485.1688447355425,1485.1688447355427,50.0,158.55483447431354,1276.6140102612292,50000.0,1435.1688447355427,United States
US,CFBK,3,1.0,1465.0407892242035,1465.0407892242035,30.0,159.6454608581011,1275.3953283661024,30000.0,1435.0407892242035,United States
US,BBY,2,1.0,1451.6586930576582,1451.6586930576582,20.0,158.16703932372323,1273.491653733935,20000.0,1431.6586930576582,United States
US,KOLD,1,1.0,1440.9575080399084,1440.9575080399084,10.0,158.08957368277584,1272.8679343571325,10000.0,1430.9575080399084,United States
US,XPEV,5,0.6,2158.7822907402506,1557.9550460978785,50.0,235.1839819950708,1272.7710641028077,50000.0,1507.9550460978785,United States
US,OBT,5,1.0,1481.2088705351803,1481.20887053518,50.0,158.9253306623311,1272.283539872849,50000.0,1431.20887053518,United States
US,IP,5,0.6,1705.2938171802357,1506.3700394645198,50.0,185.08340315024034,1271.2866363142793,50000.0,1456.3700394645198,United States
US,AORT,2,1.0,1448.9170385058192,1448.9170385058192,20.0,157.86414633294578,1271.0528921728735,20000.0,1428.9170385058192,United States
US,LYG,3,1.0,1458.2764704562655,1458.2764704562655,30.0,157.79337754400566,1270.48309291226,30000.0,1428.2764704562655,United States
US,LNT,5,1.0,1477.7003332291883,1477.7003332291883,50.0,157.72972695473263,1269.9706062744556,50000.0,1427.7003332291883,United States
US,LEGH,2,1.0,1446.575018544549,1446.575018544549,20.0,157.60540424231522,1268.9696143022338,20000.0,1426.575018544549,United States
US,NYC,1,1.0,1436.2422251861374,1436.2422251861374,10.0,157.5686378394974,1268.67358734664,10000.0,1426.2422251861374,United States
US,USCB,3,1.0,1455.282505787301,1455.282505787301,30.0,157.46260979200844,1267.8198959952924,30000.0,1425.282505787301,United States
US,BAVA,3,1.0,1454.9324900873216,1454.9324900873216,30.0,157.42394069632874,1267.508549390993,30000.0,1424.9324900873216,United States
US,APOG,5,0.6,2432.941932983199,1580.4467606188423,50.0,265.47263886971035,1264.9741217491319,50000.0,1530.4467606188423,United States
US,LNC,3,0.6666666666666666,1630.3129604055,1471.583294291614,30.0,177.90443669781865,1263.6788575937956,30000.0,1441.583294291614,United States
US,CAKE,5,0.8,1778.7636623676708,1505.5188033731658,50.0,192.09543580041847,1263.4233675727473,50000.0,1455.5188033731658,United States
US,MPB,4,1.0,1460.255425804393,1460.2554258043933,40.0,156.90722717099987,1263.3481986333932,40000.0,1420.2554258043933,United States
US,BNTX,3,1.0,1447.7171392856003,1447.7171392856003,30.0,156.62680190932292,1261.0903373762774,30000.0,1417.7171392856003,United States
US,FLO,2,1.0,1436.787047639816,1436.787047639816,20.0,156.5240470819141,1260.2630005579017,20000.0,1416.787047639816,United States
US,NAMS,2,1.0,1432.7044575950931,1432.7044575950931,20.0,156.07300998537877,1256.6314476097145,20000.0,1412.7044575950931,United States
US,IONS,3,1.0,1441.4371093133261,1441.4371093133261,30.0,155.93299566039258,1255.5041136529335,30000.0,1411.4371093133261,United States
US,SBH,4,0.75,1505.0035131410364,1456.1208315767904,40.0,162.95569593290801,1253.1651356438822,40000.0,1416.1208315767904,United States
US,KTOS,3,0.6666666666666666,2943.497971978073,1604.2618094507634,30.0,322.9827199310405,1251.279089519723,30000.0,1574.2618094507634,United States
US,CGNT,2,1.0,1426.5225301111539,1426.5225301111539,20.0,155.39004192030154,1251.1324881908524,20000.0,1406.5225301111539,United States
US,COLB,3,1.0,1429.6244450777197,1429.6244450777197,30.0,154.62795407629773,1244.9964910014219,30000.0,1399.6244450777197,United States
US,FBK,2,1.0,1417.1028536517904,1417.1028536517904,20.0,154.3493732580082,1242.7534803937824,20000.0,1397.1028536517904,United States
US,JXN,2,0.5,1617.3749490057476,1439.4893261342345,20.0,177.57985056087722,1241.9094755733572,20000.0,1419.4893261342345,United States
US,ALG,4,1.0,1433.918881673928,1433.918881673928,40.0,153.99761384532817,1239.9212678285999,40000.0,1393.918881673928,United States
US,TFIN,3,1.0,1423.55044741981,1423.55044741981,30.0,153.95690990140506,1239.5935375184051,30000.0,1393.55044741981,United States
US,FVR,2,1.0,1412.6130140999594,1412.6130140999594,20.0,153.85334397924555,1238.7596701207137,20000.0,1392.6130140999594,United States
US,PRGS,1,1.0,1401.6173020848698,1401.6173020848698,10.0,153.74333953320723,1237.8739625516625,10000.0,1391.6173020848698,United States
US,IRT,4,1.0,1431.4557538718109,1431.4557538718109,40.0,153.72549198148874,1237.730261890322,40000.0,1391.4557538718109,United States
US,MHO,5,0.6,2126.5805744443633,1517.1503684772015,50.0,231.62639515376497,1235.5239733234366,50000.0,1467.1503684772015,United States
US,HOMB,4,0.75,1435.2615430309368,1430.0405728213616,40.0,155.25073036925198,1234.7898424521097,40000.0,1390.0405728213616,United States
US,MATX,2,1.0,1404.7414341503807,1404.7414341503807,20.0,152.98370619374393,1231.7577279566367,20000.0,1384.7414341503807,United States
US,OOMA,2,1.0,1403.765577383691,1403.765577383691,20.0,152.87589531930868,1230.8896820643822,20000.0,1383.765577383691,United States
US,SERV,3,1.0,1413.528840881826,1413.528840881826,30.0,152.84974110267768,1230.6790997791481,30000.0,1383.528840881826,United States
US,PRCT,1,1.0,1393.2035501720818,1393.2035501720818,10.0,152.81380357879075,1230.389746593291,10000.0,1383.2035501720818,United States
US,WAFD,4,1.0,1420.5468573821124,1420.5468573821122,40.0,152.52029700839114,1228.0265603737212,40000.0,1380.5468573821122,United States
US,HDSN,5,0.6,2372.7303440589308,1536.2084001080611,50.0,258.82057242446785,1227.3878276835933,50000.0,1486.2084001080611,United States
US,WCN,3,1.0,1409.3724773107929,1409.372477310793,30.0,152.3905536416082,1226.9819236691849,30000.0,1379.372477310793,United States
US,ITGR,3,1.0,1408.3330639504666,1408.3330639504666,30.0,152.27572115071246,1226.057342799754,30000.0,1378.3330639504666,United States
US,ABG,4,0.75,1828.649111949425,1462.9729457161754,40.0,198.7114709663746,1224.261474749801,40000.0,1422.9729457161754,United States
US,BNED,3,0.6666666666666666,3044.4403924223207,1585.021380530146,30.0,334.1346543000752,1220.886726230071,30000.0,1555.021380530146,United States
US,PAYC,1,1.0,1379.310021743727,1379.310021743727,10.0,151.27887191670615,1218.031149827021,10000.0,1369.310021743727,United States
US,BAP,4,1.0,1408.3723750642662,1408.3723750642662,40.0,151.17528242296635,1217.1970926412998,40000.0,1368.3723750642662,United States
US,BFC,3,1.0,1397.9839374077605,1397.9839374077605,30.0,151.13236853965793,1216.8515688681027,30000.0,1367.9839374077605,United States
US,SNDA,2,1.0,1387.0509208927006,1387.0509208927006,20.0,151.0292905780301,1216.0216303146706,20000.0,1367.0509208927006,United States
US,STT,5,0.6,1703.8939024758924,1449.4720828288587,50.0,184.9287431288502,1214.5433397000086,50000.0,1399.4720828288587,United States
US,VRSK,2,1.0,1382.1571392644528,1382.1571392644528,20.0,150.48863451594613,1211.6685047485066,20000.0,1362.1571392644528,United States
US,SCHW,3,0.6666666666666666,1530.1332661180854,1404.7246567132665,30.0,166.83676692245137,1207.887889790815,30000.0,1374.7246567132665,United States
US,SPTX,3,1.0,1387.0238344578079,1387.0238344578079,30.0,149.92151637029426,1207.1023180875136,30000.0,1357.0238344578079,United States
US,IDYA,3,1.0,1386.051165758202,1386.051165758202,30.0,149.81405770769155,1206.2371080505104,30000.0,1356.051165758202,United States
US,MCO,1,1.0,1365.614646902058,1365.614646902058,10.0,149.76583190120562,1205.8488150008525,10000.0,1355.614646902058,United States
US,APPF,1,1.0,1363.3515122897165,1363.3515122897165,10.0,149.51580491994198,1203.8357073697746,10000.0,1353.3515122897165,United States
US,AAPL,1,1.0,1363.2565386919637,1363.2565386919637,10.0,149.50531241020948,1203.7512262817543,10000.0,1353.2565386919637,United States
US,CFFN,4,1.0,1392.6412232421083,1392.6412232421083,40.0,150.5421102486704,1202.0991129934378,40000.0,1352.6412232421083,United States
US,CAF,4,1.0,1391.3781693807282,1391.378169380728,40.0,149.2977935971325,1202.0803757835956,40000.0,1351.378169380728,United States
US,PFBC,3,1.0,1378.8911322993824,1378.8911322993824,30.0,149.02303027976347,1199.8681020196188,30000.0,1348.8911322993824,United States
US,DXC,1,1.0,1357.1428117297946,1357.1428117297946,10.0,148.82987901429678,1198.312932715498,10000.0,1347.1428117297946,United States
US,GRX,3,1.0,1376.2198071096154,1376.2198071096154,30.0,148.7279071485415,1197.4918999610738,30000.0,1346.2198071096154,United States
US,WSBF,4,0.75,1595.4524500182088,1407.4407664133282,40.0,172.94832939031863,1194.4924370230096,40000.0,1367.4407664133282,United States
US,HDLB,3,1.0,1369.7663133615845,1369.7663133615845,30.0,148.0149369382743,1191.7513764233101,30000.0,1339.7663133615845,United States
US,MD,2,1.0,1359.7514611300942,1359.7514611300942,20.0,148.01329609084775,1191.7381650392465,20000.0,1339.7514611300942,United States
US,WABC,5,1.0,1387.797720554067,1387.797720554067,50.0,147.79745039800537,1190.0002701560616,50000.0,1337.797720554067,United States
US,PRU,2,1.0,1352.8772586204552,1352.8772586204552,20.0,147.25384674448213,1185.623411875973,20000.0,1332.8772586204552,United States
US,PUBM,1,1.0,1342.2822632245568,1342.2822632245568,10.0,147.18811273913792,1185.0941504854188,10000.0,1332.2822632245568,United States
US,USGO,2,1.0,1350.8270811064026,1350.8270811064026,20.0,147.02734687474486,1183.799734231658,20000.0,1330.8270811064026,United States
US,IART,1,1.0,1336.3794297371355,1336.3794297371355,10.0,146.5359784693894,1179.843451267746,10000.0,1326.3794297371355,United States
US,BSRR,4,1.0,1366.3354781334447,1366.3354781334447,40.0,146.53112277643473,1179.8043553570099,40000.0,1326.3354781334447,United States
US,DHR,3,1.0,1355.781182005511,1355.781182005511,30.0,146.46988515193038,1179.3112968535806,30000.0,1325.781182005511,United States
US,RILY,2,1.0,1343.1316662005631,1343.1316662005631,20.0,146.17717148173642,1176.9544947188267,20000.0,1323.1316662005631,United States
US,SYBT,2,1.0,1338.8158759954472,1338.8158759954472,20.0,145.70037085712133,1173.1155051383257,20000.0,1318.8158759954472,United States
US,CGEM,4,0.25,2255.489072717196,1461.0072560645526,40.0,248.07753425288485,1172.9297218116676,40000.0,1421.0072560645526,United States
US,SYY,3,1.0,1342.9880771938208,1342.9880771938208,30.0,145.0565262825049,1167.9315509113158,30000.0,1312.9880771938208,United States
US,AMSF,2,1.0,1332.5621366541072,1332.5621366541072,20.0,145.00946914911054,1167.5526675049969,20000.0,1312.5621366541072,United States
US,SE,2,1.0,1331.22664704995,1331.22664704995,20.0,144.86192669519926,1166.364720354751,20000.0,1311.22664704995,United States
US,WGO,2,0.5,1408.141037899362,1340.1358812588003,20.0,154.46406995877018,1165.6718113000302,20000.0,1320.1358812588003,United States
US,FWONK,2,1.0,1330.4370379705645,1330.4370379705645,20.0,144.77469212531525,1165.662345845249,20000.0,1310.4370379705645,United States
US,ALLY,3,1.0,1335.9213194045337,1335.921319404534,30.0,144.27580378029862,1161.6455156242353,30000.0,1305.921319404534,United States
US,ACHV,1,1.0,1315.7891390616428,1315.7891390616428,10.0,144.26120073727355,1161.5279383243692,10000.0,1305.7891390616428,United States
US,PSMT,4,0.75,1450.3573179176542,1357.4625702408293,40.0,156.91848402569792,1160.5440862151315,40000.0,1317.4625702408293,United States
US,CATY,4,1.0,1344.1723378313086,1344.1723378313086,40.0,144.08257948835654,1160.089758342952,40000.0,1304.1723378313086,United States
US,AZTA,2,1.0,1323.3391062449007,1323.3391062449007,20.0,143.99052558351718,1159.3485806613835,20000.0,1303.3391062449007,United States
US,ACU,4,0.75,1474.5245398554775,1358.8807891265453,40.0,159.58843459500645,1159.2923545315389,40000.0,1318.8807891265453,United States
US,GABC,3,1.0,1331.929423046678,1331.9294230466783,30.0,143.83478635675286,1158.0946366899254,30000.0,1301.9294230466783,United States
US,FWONA,2,1.0,1321.8247908868186,1321.8247908868186,20.0,143.82322678670778,1158.001564100111,20000.0,1301.8247908868186,United States
US,TEAM,3,0.6666666666666666,1803.1085780361743,1384.8303063038813,30.0,196.99458114445818,1157.835725159423,30000.0,1354.8303063038813,United States
US,ABEO,3,0.6666666666666666,1546.6742321781758,1356.0327198941368,30.0,168.66418266194654,1157.3685372321904,30000.0,1326.0327198941368,United States
US,MMED,2,1.0,1320.341812012913,1320.341812012913,20.0,143.65938998747433,1156.6824220254384,20000.0,1300.341812012913,United States
US,MCHB,3,1.0,1328.33299085938,1328.33299085938,30.0,143.43745909296302,1154.895531766417,30000.0,1298.33299085938,United States
US,BIO,3,0.6666666666666666,1445.6251593296931,1340.358267931535,30.0,157.50046552995548,1152.8578024015794,30000.0,1310.358267931535,United States
US,NTST,2,1.0,1313.2618923091786,1313.2618923091786,20.0,142.87721338098322,1150.3846789281954,20000.0,1293.2618923091786,United States
US,CVS,5,0.8,1619.9830990246378,1373.4707572565019,50.0,174.55364897098667,1148.9171082855153,50000.0,1323.4707572565019,United States
US,ABNB,3,1.0,1320.960732933951,1320.960732933951,30.0,142.62298549331928,1148.337747440632,30000.0,1290.960732933951,United States
US,UTZ,1,1.0,1299.3201430963009,1299.3201430963009,10.0,142.44173612248528,1146.8784069738156,10000.0,1289.3201430963009,United States
US,SVRN,2,1.0,1308.782293102919,1308.782293102919,20.0,142.38231543690847,1146.3999776660107,20000.0,1288.782293102919,United States
US,ALNY,2,1.0,1308.5871895736823,1308.5871895736823,20.0,142.36076075510434,1146.226428818578,20000.0,1288.5871895736823,United States
US,AON,2,1.0,1307.6721895380206,1307.6721895380206,20.0,142.25967322123643,1145.4125163167841,20000.0,1287.6721895380206,United States
US,PGNY,1,1.0,1296.5669485667574,1296.5669485667574,10.0,142.13756821603397,1144.4293803507235,10000.0,1286.5669485667574,United States
US,FNGU,4,0.75,2901.203514521535,1497.9336817961143,40.0,317.20532371988367,1140.7283580762305,40000.0,1457.9336817961143,United States
US,KSPI,3,1.0,1310.3651155928264,1310.3651155928264,30.0,141.45240102875422,1138.9127145640723,30000.0,1280.3651155928264,United States
US,OSW,5,1.0,1329.5724026404998,1329.5724026404996,50.0,141.36482354865296,1138.2075790918468,50000.0,1279.5724026404996,United States
US,CAH,4,1.0,1317.8757675403529,1317.875767540353,40.0,141.177382399513,1136.69838514084,40000.0,1277.875767540353,United States
US,PMM,5,1.0,1326.5509259073197,1326.5509259073194,50.0,141.0310163140166,1135.5199095933028,50000.0,1276.5509259073194,United States
US,PVLA,2,1.0,1292.9824154050461,1292.9824154050461,20.0,140.63677378702528,1132.345641618021,20000.0,1272.9824154050461,United States
US,GEN,1,1.0,1282.3726937685187,1282.3726937685187,10.0,140.56941285349498,1131.8032809150238,10000.0,1272.3726937685187,United States
US,IDT,2,1.0,1291.5382754096406,1291.5382754096406,20.0,140.4772278361992,1131.0610475734413,20000.0,1271.5382754096406,United States
US,HTB,5,1.0,1320.0712125179682,1320.0712125179682,50.0,140.3151494056328,1129.7560631123354,50000.0,1270.0712125179682,United States
US,ASPS,5,0.8,1388.9200920904577,1327.2865162278026,50.0,149.0262297046236,1128.2602865231788,50000.0,1277.2865162278026,United States
US,OPY,4,0.5,1700.2429197701208,1353.3848097591183,40.0,185.6301709711933,1127.7546387879252,40000.0,1313.3848097591183,United States
US,USPH,1,1.0,1276.7901567724937,1276.7901567724937,10.0,139.9526643555058,1126.837492416988,10000.0,1266.7901567724937,United States
US,TTRX,1,1.0,1275.6599079478858,1275.6599079478858,10.0,139.8277965283105,1125.8321114195753,10000.0,1265.6599079478858,United States
US,ELWT,1,1.0,1271.4775649132991,1271.4775649132991,10.0,139.3657389035257,1122.1118260097735,10000.0,1261.4775649132991,United States
US,MPC,2,1.0,1279.9762321682251,1279.9762321682251,20.0,139.19987440210534,1120.7763577661196,20000.0,1259.9762321682251,United States
US,TGB,2,1.0,1279.3908478368344,1279.3908478368344,20.0,139.13520220962567,1120.2556456272087,20000.0,1259.3908478368344,United States
US,DRIO,1,1.0,1268.7813021702832,1268.7813021702832,10.0,139.0678607169372,1119.713441453346,10000.0,1258.7813021702832,United States
US,THFF,3,1.0,1287.811264389942,1287.811264389942,30.0,138.96069271349285,1118.8505716764491,30000.0,1257.811264389942,United States
US,HLNE,2,1.0,1277.448018727274,1277.448018727274,20.0,138.92056199568282,1118.5274567315912,20000.0,1257.448018727274,United States
US,ORRF,4,1.0,1294.8641265249062,1294.8641265249062,40.0,138.63509830132466,1116.2290282235815,40000.0,1254.8641265249062,United States
US,ARLO,2,1.0,1274.8102692078155,1274.8102692078155,20.0,138.62914824323371,1116.1811209645816,20000.0,1254.8102692078155,United States
US,NMRK,3,1.0,1284.1665586521158,1284.1665586521156,30.0,138.5580322759503,1115.6085263761652,30000.0,1254.1665586521156,United States
US,CIGI,2,1.0,1273.9390886883893,1273.9390886883893,20.0,138.53290180953948,1115.40618687885,20000.0,1253.9390886883893,United States
US,TRNO,1,1.0,1263.1265873169361,1263.1265873169361,10.0,138.4431381410112,1114.683449175925,10000.0,1253.1265873169361,United States
US,CZWI,3,1.0,1282.61362870961,1282.61362870961,30.0,138.38646741033372,1114.2271612992765,30000.0,1252.61362870961,United States
US,MSGE,5,0.6,1765.547989310392,1355.174590183963,50.0,191.74017411034583,1113.434416073617,50000.0,1305.174590183963,United States
US,STAG,4,0.75,1322.8586319435376,1294.7328329151565,40.0,143.65486162551184,1111.0779712896447,40000.0,1254.7328329151565,United States
US,LLY,2,1.0,1266.541225648674,1266.541225648674,20.0,137.71559940360422,1108.82562624507,20000.0,1246.541225648674,United States
US,HUM,2,1.0,1265.827234571626,1265.827234571626,20.0,137.63671897259934,1108.1905155990266,20000.0,1245.827234571626,United States
US,EFX,1,1.0,1255.796159743545,1255.796159743545,10.0,137.63328588231118,1108.162873861234,10000.0,1245.796159743545,United States
US,CVI,2,1.0,1265.6750144402085,1265.6750144402085,20.0,137.61990197031483,1108.0551124698936,20000.0,1245.6750144402085,United States
US,ONIT,1,1.0,1253.8394965262612,1253.8394965262612,10.0,137.4171173013972,1106.422379224864,10000.0,1243.8394965262612,United States
US,MET,3,1.0,1272.7025586079521,1272.7025586079521,30.0,137.2915104753389,1105.4110481326131,30000.0,1242.7025586079521,United States
US,FAF,4,1.0,1276.7967559982885,1276.7967559982885,40.0,136.63904818238427,1100.1577078159044,40000.0,1236.7967559982885,United States
US,RPRX,3,1.0,1265.2735423062866,1265.2735423062866,30.0,136.47076631388475,1098.8027759924018,30000.0,1235.2735423062866,United States
US,MTD,2,1.0,1252.1209492157404,1252.1209492157404,20.0,136.1224735834022,1095.998475632338,20000.0,1232.1209492157404,United States
US,BGSF,4,0.75,1331.9372674507201,1279.6725255464914,40.0,143.83565299219367,1095.8368725542978,40000.0,1239.6725255464914,United States
US,RHI,1,1.0,1241.05053552783,1241.05053552783,10.0,136.00421623289728,1095.0463192949328,10000.0,1231.05053552783,United States
US,MCY,3,1.0,1254.1188399560087,1254.1188399560087,30.0,135.23841515795897,1088.8804247980497,30000.0,1224.1188399560087,United States
US,GIC,4,0.75,1319.4220347296314,1262.5189987725937,40.0,143.2248834288616,1079.294115343732,40000.0,1222.5189987725937,United States
US,TYL,2,1.0,1231.6320538367554,1231.6320538367554,20.0,133.85889781857637,1077.773156018179,20000.0,1211.6320538367554,United States
US,PARR,1,1.0,1221.1346163803416,1221.1346163803416,10.0,133.80394183632222,1077.3306745440195,10000.0,1211.1346163803416,United States
US,UTMD,2,1.0,1230.683852158263,1230.683852158263,20.0,133.7541422278087,1076.9297099304542,20000.0,1210.683852158263,United States
US,NBHC,4,0.5,1341.0103562572863,1262.4270348767686,40.0,145.94281303105043,1076.4842218457181,40000.0,1222.4270348767686,United States
US,DEI,2,1.0,1228.0512133645293,1228.0512133645293,20.0,133.4632930990095,1074.5879202655199,20000.0,1208.0512133645293,United States
US,JAKK,3,0.6666666666666666,1447.4271271010664,1262.2423361998372,30.0,157.69954364035772,1074.5427925594793,30000.0,1232.2423361998372,United States
US,LINC,2,1.0,1226.8172097507502,1226.8172097507502,20.0,133.32696263208138,1073.4902471186688,20000.0,1206.8172097507502,United States
US,ASX,3,1.0,1235.44050740102,1235.44050740102,30.0,133.17486706926132,1072.2656403317587,30000.0,1205.44050740102,United States
US,DAL,3,0.6666666666666666,1313.3989453887286,1242.1998883742724,30.0,142.89235475506052,1069.3075336192119,30000.0,1212.1998883742724,United States
US,BMNR,3,0.6666666666666666,1959.3382294138073,1311.618215223638,30.0,214.25454787591607,1067.3636673477217,30000.0,1281.618215223638,United States
US,PVH,3,1.0,1229.4141906084578,1229.4141906084578,30.0,132.5090905893444,1066.9051000191134,30000.0,1199.4141906084578,United States
US,GWRE,1,1.0,1206.193468068053,1206.193468068053,10.0,132.1532710415924,1064.0401970264606,10000.0,1196.193468068053,United States
US,HBCP,3,1.0,1225.5690278243092,1225.5690278243092,30.0,132.0842840232014,1063.4847438011077,30000.0,1195.5690278243092,United States
US,SKYH,3,1.0,1219.3864354284156,1219.3864354284156,30.0,131.40124249986508,1057.9851929285505,30000.0,1189.3864354284156,United States
US,UBSI,4,1.0,1226.7828129276224,1226.7828129276227,40.0,131.11359903814895,1055.6692138894737,40000.0,1186.7828129276227,United States
US,MNSO,3,1.0,1213.2229560254505,1213.2229560254505,30.0,130.7203125451021,1052.5026434803483,30000.0,1183.2229560254505,United States
US,CHDN,2,1.0,1201.3303057509916,1201.3303057509916,20.0,130.51121599727406,1050.8190897537174,20000.0,1181.3303057509916,United States
US,CR,5,0.8,1409.9607230853685,1252.0823545802364,50.0,151.35076021326068,1050.7315943669755,50000.0,1202.0823545802364,United States
US,NWL,3,0.6666666666666666,1821.5102410981742,1278.2168143772533,30.0,199.0275632925518,1049.1892510847015,30000.0,1248.2168143772533,United States
US,RHLD,2,1.0,1199.2995743906354,1199.2995743906354,20.0,130.28686450310374,1049.0127098875316,20000.0,1179.2995743906354,United States
US,MSI,2,1.0,1198.574155522143,1198.574155522143,20.0,130.20672155055829,1048.3674339715847,20000.0,1178.574155522143,United States
US,HOV,5,0.6,2885.1343502776026,1412.8956939344484,50.0,315.43003178389773,1047.4656621505505,50000.0,1362.8956939344484,United States
US,PAG,4,0.5,1587.7498716238958,1259.6266895992592,40.0,173.20214433602595,1046.424545263233,40000.0,1219.6266895992592,United States
US,CLYM,3,0.6666666666666666,1286.710922793286,1216.1225678223918,30.0,139.943910730102,1046.17865709229,30000.0,1186.1225678223918,United States
US,CHMG,4,1.0,1216.0735880980121,1216.0735880980124,40.0,129.93046342561414,1046.143124672398,40000.0,1176.0735880980124,United States
US,GO,3,1.0,1205.1541298468214,1205.1541298468214,30.0,129.8288833562318,1045.3252464905897,30000.0,1175.1541298468214,United States
US,RYAAY,3,1.0,1204.364482966833,1204.3644829668333,30.0,129.74164461020624,1044.622838356627,30000.0,1174.3644829668333,United States
US,CLPT,4,1.0,1211.9138908726914,1211.9138908726911,40.0,129.4709076685035,1042.4429832041876,40000.0,1171.9138908726911,United States
US,BLBD,4,0.75,1375.0897904803749,1229.703816806822,40.0,148.6030649738666,1041.1007518329554,40000.0,1189.703816806822,United States
US,MFC,3,1.0,1199.076281198208,1199.076281198208,30.0,129.15741373091507,1039.918867467293,30000.0,1169.076281198208,United States
US,BPRN,4,0.75,1349.3437912993556,1224.1805401610927,40.0,145.75869397633807,1038.421846184755,40000.0,1184.1805401610927,United States
US,CMDB,1,1.0,1176.1364069851954,1176.1364069851954,10.0,128.8326217937647,1037.3037851914307,10000.0,1166.1364069851954,United States
US,VTRS,2,1.0,1184.9144108609999,1184.9144108609999,20.0,128.69761789236955,1036.2167929686304,20000.0,1164.9144108609999,United States
US,WTFC,3,1.0,1191.5583095122995,1191.5583095122995,30.0,128.3268419409725,1033.231467571327,30000.0,1161.5583095122995,United States
US,WU,1,1.0,1166.4294518244224,1166.4294518244224,10.0,127.76021510488512,1028.6692367195371,10000.0,1156.4294518244224,United States
US,REPL,4,0.75,1394.2529077984254,1219.1217931126184,40.0,150.72017119835078,1028.4016219142677,40000.0,1179.1217931126184,United States
US,XPOF,2,1.0,1176.0684493404817,1176.0684493404817,20.0,127.7203322093666,1028.348117131115,20000.0,1156.0684493404817,United States
US,NVO,3,1.0,1185.8031287562953,1185.8031287562953,30.0,127.69102007549287,1028.1121086808025,30000.0,1155.8031287562953,United States
US,MCBS,2,1.0,1174.2118735084173,1174.2118735084173,20.0,127.51522110009066,1026.6966524083266,20000.0,1154.2118735084173,United States
US,BLDR,5,0.4,2278.751831622736,1322.9142617494072,50.0,249.54277964937904,1023.371482100028,50000.0,1272.9142617494072,United States
US,IBM,1,1.0,1160.1766358892007,1160.1766358892007,10.0,127.06941541309686,1023.1072204761039,10000.0,1150.1766358892007,United States
US,NOC,3,0.6666666666666666,1730.5198440397173,1241.929029345027,30.0,188.97511030259426,1022.9539190424325,30000.0,1211.929029345027,United States
US,LIVN,3,1.0,1179.9892154683112,1179.9892154683112,30.0,127.0487095470796,1022.9405059212315,30000.0,1149.9892154683112,United States
US,PSKY,2,1.0,1162.8571587270953,1162.8571587270953,20.0,126.26077293584885,1016.5963857912463,20000.0,1142.8571587270953,United States
US,KMX,4,0.25,1337.9874385695412,1199.0268260249404,40.0,146.7136283502313,1012.313197674709,40000.0,1159.0268260249404,United States
US,HLI,3,1.0,1160.8506664320828,1160.8506664320828,30.0,124.93431758152875,1005.916348850554,30000.0,1130.8506664320828,United States
US,XPER,2,1.0,1150.0799467335444,1150.0799467335444,20.0,124.84916987596358,1005.2307768575806,20000.0,1130.0799467335444,United States
US,FISI,4,1.0,1168.507010330442,1168.5070103304417,40.0,124.67539473309633,1003.8316155973455,40000.0,1128.5070103304417,United States
US,PCTTU,1,1.0,1134.9696761991356,1134.9696761991356,10.0,124.28459651466584,1000.6850796844698,10000.0,1124.9696761991356,United States
US,PXED,1,1.0,1131.3871034400047,1131.3871034400047,10.0,123.8888004152035,997.4983030248012,10000.0,1121.3871034400047,United States
US,JBLU,4,0.75,1261.2468936484024,1173.2189261148073,40.0,136.02590951966226,997.1930165951451,40000.0,1133.2189261148073,United States
US,DMRC,3,1.0,1149.9997448001677,1149.9997448001675,30.0,123.73552756490245,996.2642172352652,30000.0,1119.9997448001675,United States
US,VOYA,2,1.0,1139.1769971615352,1139.1769971615352,20.0,123.6446319074779,995.5323652540574,20000.0,1119.1769971615352,United States
US,TNXP,1,1.0,1126.7609215678176,1126.7609215678176,10.0,123.377708285742,993.3832132820756,10000.0,1116.7609215678176,United States
US,LLYVK,3,0.6666666666666666,1174.332375054239,1150.7888149445855,30.0,127.52853389093178,993.2602810536537,30000.0,1120.7888149445855,United States
US,SMX,1,1.0,1125.3280339278572,1125.3280339278572,10.0,123.21940547460756,992.1086284532496,10000.0,1115.3280339278572,United States
US,TVTX,5,0.6,1943.2664196549676,1253.4039696025623,50.0,211.37418192042438,992.029787682138,50000.0,1203.4039696025623,United States
US,MAIN,2,1.0,1134.2817703972541,1134.2817703972541,20.0,123.10381618940269,991.1779542078514,20000.0,1114.2817703972541,United States
US,DSP,1,1.0,1120.0715478603129,1120.0715478603129,10.0,122.63867848808381,987.4328693722291,10000.0,1110.0715478603129,United States
US,CALX,2,1.0,1129.7477384915,1129.7477384915,20.0,122.60290462003918,987.1448338714608,20000.0,1109.7477384915,United States
US,BRKRP,3,1.0,1138.468958222283,1138.4689582222827,30.0,122.46162730994533,986.0073309123375,30000.0,1108.4689582222827,United States
US,V,2,1.0,1128.366530529894,1128.366530529894,20.0,122.45031128544278,985.9162192444512,20000.0,1108.366530529894,United States
US,AMH,2,1.0,1125.0772648716702,1125.0772648716702,20.0,122.08691921914007,982.9903456525301,20000.0,1105.0772648716702,United States
US,AMN,1,1.0,1113.9984477762678,1113.9984477762678,10.0,121.96773347551344,982.0307143007543,10000.0,1103.9984477762678,United States
US,TDC,1,1.0,1113.9895384793451,1113.9895384793451,10.0,121.96674919265081,982.0227892866943,10000.0,1103.9895384793451,United States
US,VLTO,2,1.0,1123.700592982213,1123.700592982213,20.0,121.93482702151539,981.7657659606975,20000.0,1103.700592982213,United States
US,LIFE,2,1.0,1120.2535289650716,1120.2535289650716,20.0,121.55400168053544,978.6995272845363,20000.0,1100.2535289650716,United States
US,BHB,4,1.0,1139.8990293885693,1139.899029388569,40.0,121.51483721436146,978.3841921742077,40000.0,1099.899029388569,United States
US,LZ,1,1.0,1109.0911518443725,1109.0911518443725,10.0,121.42558437782904,977.6655674665434,10000.0,1099.0911518443725,United States
US,VERX,2,1.0,1118.8501152225915,1118.8501152225915,20.0,121.39895509179841,977.4511601307931,20000.0,1098.8501152225915,United States
US,NYAX,2,1.0,1116.6606552763292,1116.6606552763292,20.0,121.15706755317103,975.5035877231581,20000.0,1096.6606552763292,United States
US,SBSI,5,0.8,1319.7050065346727,1165.9902762721874,50.0,141.37947338485054,974.610802887337,50000.0,1115.9902762721874,United States
US,MZTI,3,0.6666666666666666,1133.1388364139561,1126.0221947499306,30.0,122.97754692902848,973.044647820902,30000.0,1096.0221947499306,United States
US,ABCB,4,1.0,1133.026359447751,1133.0263594477508,40.0,120.75555718340189,972.2708022643488,40000.0,1093.0263594477508,United States
US,EVI,2,0.5,1296.673041173413,1132.7386149439046,20.0,142.14928913357542,970.5893258103291,20000.0,1112.7386149439046,United States
US,SHBI,3,1.0,1119.2200126163132,1119.2200126163132,30.0,120.33503893286696,968.8849736834463,30000.0,1089.2200126163132,United States
US,SSB,4,1.0,1128.7998624357854,1128.7998624357854,40.0,120.62600545353318,968.1738569822521,40000.0,1088.7998624357854,United States
US,MRK,2,1.0,1104.7464879140166,1104.7464879140166,20.0,119.84081208890278,964.9056758251139,20000.0,1084.7464879140166,United States
US,SFNC,5,0.8,1233.36228946459,1146.2923973286188,50.0,131.84048759699218,964.4519097316265,50000.0,1096.2923973286188,United States
US,MAGN,2,0.5,1416.9384835209064,1138.0216512565312,20.0,155.43599569380646,962.5856555627246,20000.0,1118.0216512565312,United States
US,BCS,4,1.0,1121.6599163169194,1121.6599163169194,40.0,119.49981329251304,962.1601030244065,40000.0,1081.6599163169194,United States
US,SAN,3,1.0,1109.4718552591232,1109.4718552591232,30.0,119.25808030053014,960.2137749585929,30000.0,1079.4718552591232,United States
US,CHKP,1,1.0,1087.5564089372913,1087.5564089372913,10.0,119.04646528699598,958.5099436502953,10000.0,1077.5564089372913,United States
US,MRSH,2,1.0,1097.3520219024736,1097.3520219024736,20.0,119.02388498043965,958.3281369220339,20000.0,1077.3520219024736,United States
US,PHM,5,0.6,1746.959983453511,1193.8151652419583,50.0,189.68660515038948,954.1285600915687,50000.0,1143.8151652419583,United States
US,CYRX,3,0.6666666666666666,1563.9650908003678,1154.6449032917585,30.0,170.57444516298736,954.070458128771,30000.0,1124.6449032917585,United States
US,TFPM,2,1.0,1092.2861000569073,1092.2861000569073,20.0,118.46421118133932,953.821888875568,20000.0,1072.2861000569073,United States
US,XYZ,2,1.0,1091.0012036769067,1091.0012036769067,20.0,118.32225817448935,952.6789455024175,20000.0,1071.0012036769067,United States
US,ATOM,2,1.0,1090.4825439474441,1090.4825439474441,20.0,118.26495759424397,952.2175863532002,20000.0,1070.4825439474441,United States
US,SCHL,2,1.0,1089.3281965306546,1089.3281965306546,20.0,118.13742739856957,951.1907691320849,20000.0,1069.3281965306546,United States
US,OI,3,1.0,1097.0364038526404,1097.0364038526404,30.0,117.88423432651751,949.1521695261229,30000.0,1067.0364038526404,United States
US,JPM,4,0.75,1108.618704713773,1106.523993641132,40.0,119.16382578546323,947.3601678556688,40000.0,1066.523993641132,United States
US,EQH,4,0.5,1607.693261893308,1162.3296297862028,40.0,175.40545369201047,946.9241760941923,40000.0,1122.3296297862028,United States
US,BZ,3,1.0,1091.7120956189642,1091.7120956189642,30.0,117.29601447086958,944.4160811480946,30000.0,1061.7120956189642,United States
US,CLBK,1,1.0,1070.9120901782221,1070.9120901782221,10.0,117.20763132995855,943.7044588482636,10000.0,1060.9120901782221,United States
US,HBAN,3,0.6666666666666666,1098.1576719030727,1092.5707387457762,30.0,119.11289172202119,943.457847023755,30000.0,1062.5707387457762,United States
US,NWPX,5,0.6,1907.2624273582273,1200.7159206747208,50.0,207.39652656651648,943.3193941082043,50000.0,1150.7159206747208,United States
US,KEY,4,1.0,1099.7481717495127,1099.7481717495127,40.0,117.23995654462759,942.5082152048851,40000.0,1059.7481717495127,United States
US,CBNA,2,1.0,1079.2495195669605,1079.2495195669605,20.0,118.12870198751322,941.1208175794472,20000.0,1059.2495195669605,United States
US,ASM,2,0.5,1542.5535973082206,1129.709531446621,20.0,169.31372419040696,940.3958072562141,20000.0,1109.709531446621,United States
US,AKA,1,1.0,1066.666627541566,1066.666627541566,10.0,116.73860036674394,939.928027174822,10000.0,1056.666627541566,United States
US,PD,1,1.0,1065.388478447915,1065.388478447915,10.0,116.59739278777461,938.7910856601404,10000.0,1055.388478447915,United States
EU,BBVA.MC,1,1.0,1095.1434041865405,1095.1434041865405,25.0,132.21482638207274,937.9285778044677,10000.0,1070.1434041865405,Europe
US,EQR,2,1.0,1074.0271697044989,1074.0271697044989,20.0,116.44699788248349,937.5801718220155,20000.0,1054.0271697044989,United States
US,TTAN,1,1.0,1063.8921453692851,1063.8921453692851,10.0,116.43208064037754,937.4600647289076,10000.0,1053.8921453692851,United States
US,TEM,1,1.0,1062.5115296044196,1062.5115296044196,10.0,116.27955273059615,936.2319768738234,10000.0,1052.5115296044196,United States
US,TSLX,2,1.0,1071.8293356600395,1071.8293356600395,20.0,116.20418518877183,935.6251504712677,20000.0,1051.8293356600395,United States
US,TR,2,1.0,1071.7940183480823,1071.7940183480823,20.0,116.2002833966085,935.5937349514738,20000.0,1051.7940183480823,United States
US,RJF,4,0.75,1618.848713538379,1149.8686079448162,40.0,175.5331058808099,934.3355020640063,40000.0,1109.8686079448162,United States
US,CTO,3,1.0,1078.7577351239386,1078.7577351239386,30.0,115.86484036787554,932.892894756063,30000.0,1048.7577351239386,United States
US,CALM,1,1.0,1052.9609088890534,1052.9609088890534,10.0,115.22441758590112,927.7364913031522,10000.0,1042.9609088890534,United States
US,HLMN,5,0.6,1744.534639856219,1165.6767167654257,50.0,189.4186576165348,926.2580591488911,50000.0,1115.6767167654257,United States
US,FRMM,1,1.0,1049.1489417611533,1049.1489417611533,10.0,114.80327841527128,924.345663345882,10000.0,1039.1489417611533,United States
US,OBK,4,0.75,1086.6317931283852,1080.7965603167213,40.0,116.73475192435606,924.0618083923653,40000.0,1040.7965603167213,United States
US,CBU,2,1.0,1056.7384167041816,1056.7384167041816,20.0,114.53696800670414,922.2014486974774,20000.0,1036.7384167041816,United States
US,TRVI,4,0.75,1108.693187685339,1080.9158337628132,40.0,119.17205452821439,921.7437792345988,40000.0,1040.9158337628132,United States
US,XRPZ,3,0.6666666666666666,1480.9469444158906,1112.746299128725,30.0,161.4027518764176,921.3435472523074,30000.0,1082.746299128725,United States
US,IFS,3,0.6666666666666666,1258.9671821246372,1087.8776634550402,30.0,136.87883289932842,920.9988305557118,30000.0,1057.8776634550402,United States
US,HIW,1,1.0,1044.6280487312754,1044.6280487312754,10.0,114.30381840493328,920.3242303263421,10000.0,1034.6280487312754,United States
US,WFC,3,1.0,1062.6179364651975,1062.6179364651978,30.0,114.0817448706646,918.5361915945331,30000.0,1032.6179364651978,United States
US,WBI,1,1.0,1042.3223836391116,1042.3223836391116,10.0,114.04909273388613,918.2732909052255,10000.0,1032.3223836391116,United States
US,MXC,2,1.0,1051.3362741739907,1051.3362741739907,20.0,113.9401491600416,917.396125013949,20000.0,1031.3362741739907,United States
US,UAN,2,1.0,1051.0303452759385,1051.0303452759385,20.0,113.90635069377089,917.1239945821676,20000.0,1031.0303452759385,United States
US,RCS,4,0.75,1500.2746989388484,1119.1498182398707,40.0,162.4332651709541,916.7165530689165,40000.0,1079.1498182398707,United States
US,WTM,1,1.0,1040.1398336738655,1040.1398336738655,10.0,113.80796859734922,916.3318650765162,10000.0,1030.1398336738655,United States
US,MYFW,2,1.0,1049.6390460992777,1049.6390460992777,20.0,113.7526425001539,915.8864035991238,20000.0,1029.6390460992777,United States
US,SPIR,1,1.0,1038.1486044592082,1038.1486044592082,10.0,113.58798122813583,914.5606232310723,10000.0,1028.1486044592082,United States
US,HSTM,1,1.0,1037.3762525009988,1037.3762525009988,10.0,113.50265319350143,913.8735993074974,10000.0,1027.3762525009988,United States
US,CROX,1,1.0,1035.9898039333725,1035.9898039333725,10.0,113.34948088631715,912.6403230470554,10000.0,1025.9898039333725,United States
US,ITUB,2,1.0,1045.0370905716366,1045.0370905716366,20.0,113.24422685301954,911.792863718617,20000.0,1025.0370905716366,United States
US,OXM,2,0.5,1252.7834546061545,1068.1771987955935,20.0,137.30044771756766,910.8767510780257,20000.0,1048.1771987955935,United States
US,ROLR,1,1.0,1033.9623577189893,1033.9623577189893,10.0,113.12549232907787,910.8368653899115,10000.0,1023.9623577189893,United States
US,RDWR,1,1.0,1033.210191339584,1033.210191339584,10.0,113.04239436034672,910.1677969792373,10000.0,1023.2101913395841,United States
US,WMS,4,0.75,1347.8783121200256,1095.3983647987986,40.0,145.5967905114206,909.8015742873781,40000.0,1055.3983647987986,United States
US,SAIC,1,1.0,1032.3272863045863,1032.3272863045863,10.0,112.9448526235719,909.3824336810144,10000.0,1022.3272863045863,United States
US,KPLT,1,1.0,1031.7457289922816,1031.7457289922816,10.0,112.88060323317575,908.8651257591058,10000.0,1021.7457289922816,United States
US,MIAX,3,0.6666666666666666,1297.3117932939892,1079.51679490214,30.0,141.11507555414914,908.4017193479909,30000.0,1049.51679490214,United States
US,HLN,2,1.0,1040.475137457313,1040.475137457313,20.0,112.74023059949548,907.7349068578174,20000.0,1020.4751374573129,United States
US,TSBK,4,0.75,1098.261911312428,1064.271324916852,40.0,118.01962615385995,906.2516987629922,40000.0,1024.271324916852,United States
US,SA,1,1.0,1026.2629961726643,1026.2629961726643,10.0,112.27488091843203,903.9881152542323,10000.0,1016.2629961726643,United States
US,FROG,1,1.0,1025.7388862508753,1025.7388862508753,10.0,112.2169782108862,903.5219080399892,10000.0,1015.7388862508753,United States
US,YALA,1,1.0,1025.6413266033348,1025.6413266033348,10.0,112.20619999909329,903.4351266042415,10000.0,1015.6413266033348,United States
US,GSIT,2,1.0,1034.7300313798223,1034.7300313798223,20.0,112.10552176610958,902.6245096137129,20000.0,1014.7300313798223,United States
US,IMVT,4,0.75,1129.3661378795327,1063.955677571612,40.0,121.45596433308485,902.499713238527,40000.0,1023.9556775716119,United States
US,FRPT,1,1.0,1023.450170814113,1023.450170814113,10.0,111.96412510683103,901.486045707282,10000.0,1013.450170814113,United States
US,HFRO,5,0.8,1187.1230909522358,1077.8331607857926,50.0,126.73206534183778,901.101095443955,50000.0,1027.8331607857926,United States
US,EGP,1,1.0,1022.4022936352761,1022.4022936352761,10.0,111.84835754871455,900.5539360865616,10000.0,1012.4022936352761,United States
US,CLMB,1,1.0,1021.5515925966456,1021.5515925966456,10.0,111.75437365067916,899.7972189459665,10000.0,1011.5515925966456,United States
US,XXI,1,1.0,1021.1942007546248,1021.1942007546248,10.0,111.71488965228974,899.479311102335,10000.0,1011.1942007546248,United States
US,NCI,3,1.0,1039.8543425868256,1039.8543425868256,30.0,111.56686456744086,898.2874780193848,30000.0,1009.8543425868256,United States
US,SLF,4,0.75,1172.9348398064521,1064.0046736114705,40.0,126.26935499971148,897.7353186117591,40000.0,1024.0046736114705,United States
US,PI,1,1.0,1018.463371054199,1018.463371054199,10.0,111.41319257133873,897.0501784828602,10000.0,1008.463371054199,United States
US,RMT,4,1.0,1046.8347573771596,1046.8347573771598,40.0,111.23326630486994,895.6014910722897,40000.0,1006.8347573771598,United States
US,SHEN,1,1.0,1015.5147288851074,1015.5147288851074,10.0,111.08743196640415,894.4272969187032,10000.0,1005.5147288851074,United States
US,ARWR,4,0.75,1227.7894557700008,1066.4597075421843,40.0,132.3295928498825,894.130114692302,40000.0,1026.4597075421843,United States
US,GLRE,5,0.8,1116.9284258459134,1062.2175506796905,50.0,118.97708686126487,893.2404638184256,50000.0,1012.2175506796905,United States
US,MSA,3,1.0,1031.7300697183018,1031.7300697183018,30.0,110.66930972947313,891.0607599888287,30000.0,1001.7300697183018,United States
US,BETR,2,0.5,1751.654548095607,1100.9334519668892,20.0,192.41481557915216,888.5186363877368,20000.0,1080.9334519668892,United States
US,ETOR,1,1.0,1008.1748026917992,1008.1748026917992,10.0,110.27653031751272,887.8982723742864,10000.0,998.1748026917992,United States
US,BB,1,1.0,1005.802818608239,1005.802818608239,10.0,110.01447784534254,885.7883407628965,10000.0,995.802818608239,United States
US,EXK,1,1.0,1005.1876221494771,1005.1876221494771,10.0,109.94651206344447,885.2411100860326,10000.0,995.1876221494771,United States
US,NMR,2,0.5,1265.8227409125743,1042.8578108832219,20.0,138.74100426919665,884.1168066140252,20000.0,1022.8578108832219,United States
US,MELI,1,1.0,1001.0352058285865,1001.0352058285865,10.0,109.48776068736609,881.5474451412205,10000.0,991.0352058285865,United States
US,SION,3,1.0,1017.3794169666817,1017.3794169666817,30.0,109.08387580650447,878.2955411601772,30000.0,987.3794169666817,United States
US,MSEX,2,1.0,1006.8433944435684,1006.8433944435684,20.0,109.02465701650739,877.818737427061,20000.0,986.8433944435684,United States
US,CHCT,4,1.0,1026.6501426385967,1026.6501426385964,40.0,109.00330690982022,877.6468357287763,40000.0,986.6501426385964,United States
US,NNN,3,1.0,1015.6507991788844,1015.6507991788843,30.0,108.89290126840817,876.7578979104761,30000.0,985.6507991788843,United States
US,OHI,3,1.0,1011.9730926992587,1011.9730926992587,30.0,108.48659496914509,873.4864977301136,30000.0,981.9730926992587,United States
US,PDM,1,1.0,989.9890038274939,989.9890038274939,10.0,108.26739645198178,871.7216073755121,10000.0,979.9890038274939,United States
US,DFIN,1,1.0,988.791763856729,988.791763856729,10.0,108.13512756523234,870.6566362914966,10000.0,978.791763856729,United States
US,FRPH,4,1.0,1018.5339883302657,1018.5339883302657,40.0,108.10664899556451,870.4273393347012,40000.0,978.5339883302657,United States
US,XMAX,2,1.0,997.9159871422016,997.9159871422016,20.0,108.03837335229238,869.8776137899092,20000.0,977.9159871422016,United States
US,OSCR,3,0.6666666666666666,1027.9209234815223,1010.6260809881162,30.0,111.35326395359299,869.2728170345232,30000.0,980.6260809881162,United States
US,MCB,3,1.0,1007.1917198075543,1007.1917198075543,30.0,107.95835761910433,869.23336218845,30000.0,977.1917198075543,United States
US,CRVL,2,1.0,997.1129128199107,997.1129128199107,20.0,107.94965116694918,869.1632616529615,20000.0,977.1129128199107,United States
US,ARMK,2,1.0,994.9120280181,994.9120280181,20.0,107.70650143113366,867.2055265869664,20000.0,974.9120280181,United States
US,MDGL,4,1.0,1012.453454217821,1012.453454217821,40.0,107.43488268510522,865.0185715327158,40000.0,972.453454217821,United States
US,COKE,2,0.5,1225.3575627433434,1018.7014676409378,20.0,134.2704852427205,864.4309823982173,20000.0,998.7014676409378,United States
US,ANF,2,1.0,991.3154996712725,991.3154996712725,20.0,107.30916354381455,864.006336127458,20000.0,971.3154996712725,United States
US,VLGEA,4,0.75,1180.3240908536104,1030.3938258605838,40.0,127.08570596842782,863.3081198921559,40000.0,990.3938258605838,United States
US,CPAY,2,1.0,990.0525993360799,990.0525993360799,20.0,107.16964061984743,862.8829587162325,20000.0,970.0525993360799,United States
US,SGHC,2,1.0,989.339383763983,989.339383763983,20.0,107.0908458652141,862.2485378987689,20000.0,969.339383763983,United States
US,RXST,3,0.6666666666666666,1104.5027811085272,1008.7174866524839,30.0,119.81388780584969,858.9035988466343,30000.0,978.7174866524839,United States
US,FSBW,2,1.0,981.4671596171287,981.4671596171287,20.0,106.22113690997327,855.2460227071554,20000.0,961.4671596171287,United States
US,XRP,3,0.6666666666666666,1430.4426356836263,1040.8323699270438,30.0,155.82312802891178,855.0092418981321,30000.0,1010.8323699270438,United States
US,MKTX,2,1.0,980.4720768733778,980.4720768733778,20.0,106.11120198468385,854.3608748886938,20000.0,960.4720768733778,United States
US,WBS,5,1.0,1009.6173925500729,1009.6173925500729,50.0,106.016778020628,853.6006145294449,50000.0,959.6173925500729,United States
US,GXRP,3,0.6666666666666666,1442.758318504178,1040.7016035184402,30.0,157.18374218815418,853.5178613302861,30000.0,1010.7016035184402,United States
US,TYRA,4,0.25,1338.2770516778119,1040.2104622922825,40.0,146.74562427782678,853.4648380144557,40000.0,1000.2104622922825,United States
US,VHI,1,1.0,968.2188858742724,968.2188858742724,10.0,105.86227355566128,852.356612318611,10000.0,958.2188858742724,United States
EU,MUV2.DE,1,1.0,996.1190168175938,996.1190168175938,25.0,119.98049205607789,851.1385247615159,10000.0,971.1190168175938,Europe
US,MPLT,1,1.0,963.7049172488554,963.7049172488554,10.0,105.3635785408896,848.3413387079657,10000.0,953.7049172488554,United States
US,IVT,2,1.0,972.0302839690232,972.0302839690232,20.0,105.17856811269995,846.8517158563233,20000.0,952.0302839690232,United States
US,MKL,3,1.0,981.7268928091805,981.7268928091805,30.0,105.1450500111147,846.5818427980658,30000.0,951.7268928091805,United States
US,STRW,4,1.0,991.2379176348506,991.2379176348506,40.0,105.09102892633969,846.146888708511,40000.0,951.2379176348506,United States
US,GEO,5,1.0,1000.466492202492,1000.466492202492,50.0,105.00580325259016,845.4606889499019,50000.0,950.466492202492,United States
US,VTMX,2,1.0,970.4323103431745,970.4323103431745,20.0,105.00202690316202,845.4302834400125,20000.0,950.4323103431745,United States
US,GSOL,1,1.0,959.6929714913105,959.6929714913105,10.0,104.92034609626063,844.7726253950498,10000.0,949.6929714913105,United States
US,JMSB,3,1.0,979.517076881331,979.517076881331,30.0,104.90091358079563,844.6161633005355,30000.0,949.517076881331,United States
US,TSN,2,1.0,968.7916552385833,968.7916552385833,20.0,104.82077032175552,843.9708849168278,20000.0,948.7916552385833,United States
US,MCR,1,1.0,957.9831612210321,957.9831612210321,10.0,104.73144937837206,843.25171184266,10000.0,947.9831612210321,United States
US,RWAY,2,1.0,965.8240266543471,965.8240266543471,20.0,104.49291213233008,841.3311145220171,20000.0,945.8240266543471,United States
US,CM,2,1.0,964.1025039108152,964.1025039108152,20.0,104.30272144177424,839.799782469041,20000.0,944.1025039108152,United States
US,STOK,2,1.0,962.6906878880902,962.6906878880902,20.0,104.14674658445173,838.5439413036386,20000.0,942.6906878880902,United States
US,AUGO,3,0.6666666666666666,1156.5418483995638,993.9402223833038,30.0,125.5630689776639,838.37715340564,30000.0,963.9402223833038,United States
US,SONY,1,1.0,952.3808734017125,952.3808734017125,10.0,104.11251884547484,838.2683545562377,10000.0,942.3808734017125,United States
US,UFPI,5,0.6,1702.5417714672253,1071.4561029289216,50.0,184.7793621629428,836.6767407659788,50000.0,1021.4561029289216,United States
US,SPOT,1,1.0,947.3948860094961,947.3948860094961,10.0,103.56167605888302,833.8332099506131,10000.0,937.3948860094961,United States
US,NCIQ,3,0.6666666666666666,1290.0271447419698,1003.9410461615405,30.0,140.31028087817367,833.6307652833668,30000.0,973.9410461615405,United States
US,TREE,1,1.0,944.4582343315088,944.4582343315088,10.0,103.23724014152043,831.2209941899885,10000.0,934.4582343315088,United States
US,CNO,5,0.8,1134.5708893560102,1001.9197039901239,50.0,120.92619402856685,830.9935099615572,50000.0,951.9197039901239,United States
US,NPB,3,1.0,964.0699062710967,964.0699062710967,30.0,103.19433836618839,830.8755679049083,30000.0,934.0699062710967,United States
US,PRIM,1,1.0,940.5535540207466,940.5535540207466,10.0,102.80585818766949,827.747695833077,10000.0,930.5535540207466,United States
US,FR,1,1.0,938.0475083891993,938.0475083891993,10.0,102.52899484036885,825.5185135488305,10000.0,928.0475083891993,United States
US,KELYA,1,1.0,936.7088929510326,936.7088929510326,10.0,102.38110705002151,824.3277859010111,10000.0,926.7088929510326,United States
US,BKNG,3,1.0,955.6100955366364,955.6100955366364,30.0,102.25971391722084,823.3503816194155,30000.0,925.6100955366364,United States
US,INDB,4,0.75,1016.9477159428465,971.1248068490996,40.0,109.03618226533844,822.0886245837612,40000.0,931.1248068490996,United States
US,CARL,1,1.0,934.1636671290288,934.1636671290288,10.0,102.09991514679155,822.0637519822372,10000.0,924.1636671290288,United States
US,TM,2,1.0,944.1080571404403,944.1080571404403,20.0,102.09377145675249,822.0142856836878,20000.0,924.1080571404403,United States
US,EXPD,1,1.0,932.4685600737315,932.4685600737315,10.0,101.91264281325755,820.555917260474,10000.0,922.4685600737315,United States
US,BNL,2,1.0,942.2393638340853,942.2393638340853,20.0,101.88732163103393,820.3520422030515,20000.0,922.2393638340853,United States
EU,SAN.MC,1,1.0,958.0294059140826,958.0294059140826,25.0,115.27457014611059,817.754835767972,10000.0,933.0294059140826,Europe
US,NBIX,2,1.0,939.0337040335095,939.0337040335095,20.0,101.53316618728547,817.500537846224,20000.0,919.0337040335095,United States
US,BTI,2,1.0,938.4651213451067,938.4651213451067,20.0,101.47035020965653,816.9947711354503,20000.0,918.4651213451067,United States
US,MCAHU,4,1.0,956.5085875115599,956.5085875115598,40.0,101.25419592282167,815.2543915887381,40000.0,916.5085875115598,United States
US,SUIS,3,0.6666666666666666,1206.0235964254118,976.2003396886444,30.0,131.02972218471825,815.170617503926,30000.0,946.2003396886444,United States
US,MTCH,1,1.0,925.2466973868345,925.2466973868345,10.0,101.11478460506311,814.1319127817715,10000.0,915.2466973868345,United States
US,NVAX,1,1.0,922.8976419038859,922.8976419038859,10.0,100.85526524283885,812.042376661047,10000.0,912.8976419038859,United States
US,FRAF,3,1.0,942.6987006442977,942.6987006442978,30.0,100.83328657559017,811.8654140687077,30000.0,912.6987006442978,United States
US,ESTC,1,1.0,921.6419618521154,921.6419618521154,10.0,100.71654000260564,810.9254218495098,10000.0,911.6419618521154,United States
US,BILI,1,1.0,921.0528227918413,921.0528227918413,10.0,100.65145299453215,810.4013697973091,10000.0,911.0528227918413,United States
US,SHNY,1,1.0,920.8441146499347,920.8441146499347,10.0,100.62839529995159,810.2157193499831,10000.0,910.8441146499347,United States
US,CLNN,2,1.0,929.0509654501355,929.0509654501355,20.0,100.43029144924105,808.6206740008945,20000.0,909.0509654501355,United States
US,SFBC,4,0.75,1144.6342016381616,971.2369154926492,40.0,123.14275214963527,808.094163343014,40000.0,931.2369154926492,United States
US,EDU,1,1.0,918.091912188046,918.091912188046,10.0,100.32433699532405,807.7675751927219,10000.0,908.091912188046,United States
US,CRMD,3,0.6666666666666666,1779.3360189173657,1031.5681191997617,30.0,194.36823220304976,807.1998869967119,30000.0,1001.5681191997617,United States
US,NTB,2,1.0,923.0007301559207,923.0007301559207,20.0,99.76187249691797,803.2388576590027,20000.0,903.0007301559207,United States
US,BCSF,2,1.0,921.1540102562932,921.1540102562932,20.0,99.55785025306844,801.5961600032248,20000.0,901.1540102562932,United States
US,KYNB,1,1.0,910.4476757903601,910.4476757903601,10.0,99.47981571048462,800.9678600798754,10000.0,900.4476757903601,United States
US,GLOB,2,0.5,1161.1975344174018,946.4935408279605,20.0,127.18220241913298,799.3113384088274,20000.0,926.4935408279605,United States
US,EDD,5,0.8,948.8896959926409,948.8895975064816,50.0,100.41247469392852,798.477122812553,50000.0,898.8895975064816,United States
US,NVR,5,0.6,1248.0113053044772,979.6078203728453,50.0,134.56366587722317,795.0441544956221,50000.0,929.6078203728453,United States
US,FLUT,2,0.5,1168.5206679671255,942.8891744434629,20.0,127.99124884741136,794.8979255960517,20000.0,922.8891744434629,United States
US,SLM,2,1.0,910.7451584169924,910.7451584169924,20.0,98.40789930025767,792.3372591167347,20000.0,890.7451584169924,United States
US,FCCO,3,1.0,920.4095807452472,920.4095807452472,30.0,98.37082529158475,792.0387554536626,30000.0,890.4095807452472,United States
US,UNH,2,1.0,910.0212706216593,910.0212706216593,20.0,98.3279254978803,791.693345123779,20000.0,890.0212706216593,United States
US,MICC,2,1.0,909.2374450831885,909.2374450831885,20.0,98.2413298830404,790.9961152001481,20000.0,889.2374450831885,United States
US,CMP,1,1.0,896.1591001594727,896.1591001594727,10.0,97.90123995451037,788.2578602049623,10000.0,886.1591001594727,United States
US,HBNC,2,1.0,905.0717543304288,905.0717543304288,20.0,97.7811119719578,787.2906423584709,20000.0,885.0717543304288,United States
US,WGS,3,1.0,914.829735904812,914.829735904812,30.0,97.75437421803139,787.0753616867805,30000.0,884.829735904812,United States
US,TD,5,0.8,995.5862368702227,941.8985250479894,50.0,105.571423298845,786.3271017491444,50000.0,891.8985250479894,United States
US,GRBK,5,0.6,1586.8553543410967,1007.5141970487289,50.0,171.99853795146146,785.5156590972674,50000.0,957.5141970487289,United States
US,BAFN,1,1.0,890.1515151515138,890.1515151515138,10.0,97.23753292796688,782.9139822235469,10000.0,880.1515151515138,United States
US,BBOT,1,1.0,887.0972869216743,887.0972869216743,10.0,96.90010736775818,780.197179553916,10000.0,877.0972869216743,United States
US,ACNT,1,1.0,885.5290752765166,885.5290752765166,10.0,96.72685420752497,778.8022210689916,10000.0,875.5290752765166,United States
US,TRMK,4,1.0,914.7589069107619,914.758906910762,40.0,96.64176741219946,778.1171394985626,40000.0,874.758906910762,United States
US,BDX,2,1.0,894.3487749509194,894.3487749509194,20.0,96.59645678185514,777.7523181690642,20000.0,874.3487749509194,United States
US,PFS,2,1.0,893.6462975732672,893.6462975732672,20.0,96.51884836334457,777.1274492099228,20000.0,873.6462975732672,United States
US,ECL,3,1.0,900.0930500066029,900.0930500066029,30.0,96.12629205762114,773.9667579489817,30000.0,870.0930500066029,United States
US,LINE,3,0.6666666666666666,976.7029169677666,909.393169999777,30.0,105.69479207784008,773.698377921937,30000.0,879.393169999777,United States
US,UBER,3,0.6666666666666666,967.9717310407266,907.7142874790311,30.0,104.73018659291445,772.9841008861167,30000.0,877.7142874790311,United States
US,ALX,1,1.0,877.8039161046003,877.8039161046003,10.0,95.87339272229003,771.9305233823102,10000.0,867.8039161046003,United States
US,HLF,2,1.0,887.2432960986365,887.2432960986365,20.0,95.81145644728333,771.4318396513531,20000.0,867.2432960986365,United States
US,CLB,1,1.0,876.8655293023397,876.8655293023397,10.0,95.76972146113418,771.0958078412056,10000.0,866.8655293023397,United States
US,SGHT,4,0.75,1152.6893919940794,934.5077818866575,40.0,124.03267487770077,770.4751070089569,40000.0,894.5077818866575,United States
US,NYT,2,1.0,882.3659219750257,882.3659219750257,20.0,95.27261305636448,767.0933089186611,20000.0,862.3659219750257,United States
US,AGM-A,4,1.0,902.2290065145388,902.2290065145388,40.0,95.25748688619007,766.9715196283487,40000.0,862.2290065145388,United States
US,DLX,1,1.0,869.7575449154083,869.7575449154083,10.0,94.98444431966753,764.7731005957407,10000.0,859.7575449154083,United States
US,COLL,2,1.0,879.6208209216761,879.6208209216761,20.0,94.96933930239072,764.6514816192853,20000.0,859.6208209216761,United States
US,NGVC,4,0.75,1004.3469195672162,911.0925954246596,40.0,107.64406928092457,763.4485261437351,40000.0,871.0925954246596,United States
US,NKE,4,0.75,1238.8570805247,936.4201124707871,40.0,133.5523238319841,762.867788638803,40000.0,896.4201124707871,United States
US,NVRI,3,0.6666666666666666,954.3292757065935,895.2648326200874,30.0,103.22299302801704,762.0418395920703,30000.0,865.2648326200874,United States
US,WASH,4,0.5,976.3819012053189,907.3909993283258,40.0,105.65932684232772,761.7316724859982,40000.0,867.3909993283258,United States
US,IRTC,1,1.0,865.591756125259,865.591756125259,10.0,94.5242155775931,761.067540547666,10000.0,855.591756125259,United States
US,BIDU,3,0.6666666666666666,1334.9134207762181,936.1539131484164,30.0,145.2692347273217,760.8846784210947,30000.0,906.1539131484164,United States
US,GAB,4,1.0,894.6559965914514,894.6559965914514,40.0,94.4208345722606,760.2351620191907,40000.0,854.6559965914514,United States
US,VLY,4,0.75,945.501078868427,901.0110557978901,40.0,101.50018853829556,759.5108672595945,40000.0,861.0110557978901,United States
US,LSBK,5,0.8,1234.112083837464,941.0082847848432,50.0,131.92332351077118,759.084961274072,50000.0,891.0082847848432,United States
US,PINE,2,1.0,872.4495455108027,872.4495455108027,20.0,94.17706988411871,758.272475626684,20000.0,852.4495455108027,United States
EU,DBK.DE,1,1.0,888.6547242711629,888.6547242711629,25.0,106.70341841742942,756.9513058537334,10000.0,863.6547242711629,Europe
US,ATIIU,1,1.0,860.5070390563085,860.5070390563085,10.0,93.9624653165186,756.5445737397899,10000.0,850.5070390563085,United States
US,HE,2,1.0,870.4148259074861,870.4148259074861,20.0,93.95227777614556,756.4625481313407,20000.0,850.4148259074861,United States
US,KWR,2,1.0,870.1429549503614,870.1429549503614,20.0,93.92224196902544,756.220712981336,20000.0,850.1429549503614,United States
US,SPSC,1,1.0,858.271904142478,858.271904142478,10.0,93.71553169084095,754.556372451637,10000.0,848.271904142478,United States
US,MNRO,1,1.0,858.2083858660816,858.2083858660816,10.0,93.7085143075992,754.4998715584824,10000.0,848.2083858660816,United States
US,CNH,2,0.5,930.9310073012456,876.0361176023268,20.0,101.74277678931809,754.2933408130087,20000.0,856.0361176023268,United States
US,BNS,5,0.6,973.8863694885281,904.468105371995,50.0,104.27884330529179,750.1892620667032,50000.0,854.468105371995,United States
US,KEQU,4,0.75,1702.3148952571755,974.896626421723,40.0,184.7542972933544,750.1423291283686,40000.0,934.896626421723,United States
US,LAD,1,1.0,847.5661633118837,847.5661633118837,10.0,92.53278098415836,745.0333823277253,10000.0,837.5661633118837,United States
US,BMY,1,1.0,844.444698757596,844.444698757596,10.0,92.1879272775454,742.2567714800506,10000.0,834.444698757596,United States
US,PGC,3,1.0,862.2236058637412,862.2236058637411,30.0,91.94254498860494,740.2810608751362,30000.0,832.2236058637411,United States
US,NICE,1,1.0,840.8128308641727,840.8128308641727,10.0,91.78668514162068,739.0261457225521,10000.0,830.8128308641727,United States
US,NVCR,1,1.0,840.3358138909866,840.3358138909866,10.0,91.73398517708173,738.6018287139049,10000.0,830.3358138909866,United States
EU,ISP.MI,1,1.0,867.6972667785843,867.6972667785843,25.0,104.11415178928326,738.5831149893011,10000.0,842.6972667785843,Europe
US,GSUI,3,0.6666666666666666,1108.5640367736803,888.6783218944527,30.0,120.26256791907001,738.4157539753827,30000.0,858.6783218944527,United States
US,ICE,1,1.0,837.0153154558091,837.0153154558091,10.0,91.36714257058772,735.6481728852214,10000.0,827.0153154558091,United States
US,TMO,2,1.0,846.8603797485484,846.8603797485484,20.0,91.35002555644058,735.5103541921079,20000.0,826.8603797485484,United States
US,ARIS,1,1.0,836.1655882959207,836.1655882959207,10.0,91.27326626489823,734.8923220310224,10000.0,826.1655882959207,United States
US,WTID,3,0.6666666666666666,955.0203622726605,867.9124480225886,30.0,103.29934301045436,734.6131050121342,30000.0,837.9124480225886,United States
US,BOTJ,1,1.0,835.0143648049868,835.0143648049868,10.0,91.14608119485052,733.8682836101364,10000.0,825.0143648049868,United States
US,GSBC,2,1.0,844.6314908618424,844.6314908618424,20.0,91.1037819804393,733.5277088814032,20000.0,824.6314908618424,United States
US,ODC,3,0.6666666666666666,964.4542552971113,866.132371122138,30.0,104.34158229291023,731.7907888292278,30000.0,836.132371122138,United States
US,BANR,4,0.5,964.6331969712696,876.1327403556529,40.0,104.36135144246418,731.7713889131888,40000.0,836.1327403556529,United States
US,LTM,2,1.0,842.5279984657363,842.5279984657363,20.0,90.8713919798439,731.6566064858924,20000.0,822.5279984657363,United States
EU,ALV.DE,1,1.0,858.911529533144,858.911529533144,25.0,103.02868537422144,730.8828441589225,10000.0,833.911529533144,Europe
US,KB,2,1.0,842.7588444049495,842.7588444049495,20.0,92.00165744533957,730.75718695961,20000.0,822.7588444049495,United States
US,BSY,1,1.0,830.8801473181427,830.8801473181427,10.0,90.68934039274082,730.1908069254018,10000.0,820.8801473181427,United States
US,HLXC,3,1.0,850.877082088215,850.877082088215,30.0,90.6890017517331,730.1880803364819,30000.0,820.877082088215,United States
US,EXEL,2,1.0,839.5636321197908,839.5636321197908,20.0,90.54389419655053,729.0197379232402,20000.0,819.5636321197908,United States
US,FTNT,1,1.0,828.3869874952065,828.3869874952065,10.0,90.41390064605618,727.9730868491504,10000.0,818.3869874952065,United States
US,SYRE,5,0.6,1866.7585422515785,980.7319584906658,50.0,203.15437630377627,727.5775821868896,50000.0,930.7319584906658,United States
US,TAGS,2,1.0,833.5679704681454,833.5679704681454,20.0,89.88150444064985,723.6864660274955,20000.0,813.5679704681454,United States
US,HYMC,2,0.5,868.663172568045,838.4123924575082,20.0,94.86354006019594,723.5488523973122,20000.0,818.4123924575082,United States
US,EPRX,3,1.0,842.1426887250161,842.1426887250161,30.0,89.7240419151149,722.4186468099011,30000.0,812.1426887250161,United States
US,IFF,3,0.6666666666666666,873.6111446562744,844.9354407980891,30.0,94.30540123754194,720.6300395605472,30000.0,814.9354407980891,United States
US,ONTO,3,0.6666666666666666,1653.232820476671,931.0631947909897,30.0,180.43658100480337,720.6266137861862,30000.0,901.0631947909897,United States
US,ATR,4,0.75,888.7003031139274,855.4805084631689,40.0,94.86764217513378,720.6128662880351,40000.0,815.4805084631689,United States
US,TRIP,1,1.0,817.2704186362312,817.2704186362312,10.0,89.18576240864763,718.0846562275835,10000.0,807.2704186362312,United States
US,LII,3,0.6666666666666666,891.191586889708,843.3581104647781,30.0,96.24765640740033,717.1104540573776,30000.0,813.3581104647781,United States
US,BANC,3,0.6666666666666666,984.4827970973258,851.8888494540722,30.0,106.55429903459789,715.3345504194742,30000.0,821.8888494540722,United States
US,GOF,3,1.0,833.2811833495834,833.2811833495834,30.0,88.74503897539188,714.5361443741915,30000.0,803.2811833495834,United States
US,MIDD,3,1.0,832.7322439833806,832.7322439833806,30.0,88.68439315614631,714.0478508272344,30000.0,802.7322439833806,United States
US,SOFI,2,1.0,821.4621981712478,821.4621981712478,20.0,88.54408081292887,712.9181173583189,20000.0,801.4621981712478,United States
US,CRS,4,0.75,1002.5532769144552,859.4298777511956,40.0,107.44591091443147,711.983966836764,40000.0,819.4298777511956,United States
US,AEG,3,0.6666666666666666,898.2932196966198,838.9106609781904,30.0,97.0322318378994,711.878429140291,30000.0,808.9106609781904,United States
US,TNGX,2,0.5,1641.0444666753722,909.9912774226683,20.0,180.19481567105262,709.7964617516158,20000.0,889.9912774226683,United States
US,TSUI,3,0.6666666666666666,1093.7935649335338,857.846094304956,30.0,118.63075314946116,709.2153411554948,30000.0,827.846094304956,United States
US,SO,4,1.0,837.4404099092781,837.4404099092781,40.0,88.28305196413292,709.1573579451451,40000.0,797.4404099092781,United States
US,SCI,1,1.0,807.1077277462435,807.1077277462435,10.0,88.06300686822024,709.0447208780233,10000.0,797.1077277462435,United States
US,EQX,1,1.0,805.7630736392763,805.7630736392763,10.0,87.91445193676569,707.8486217025106,10000.0,795.7630736392763,United States
US,WMG,4,0.75,836.7907501253558,836.7904828961248,40.0,89.1327695070644,707.6577133890604,40000.0,796.7904828961248,United States
IN,ROTO,1,1.0,742.5048385957966,742.5048385957966,35.0,0.0,707.5048385957966,10000.0,707.5048385957966,India
US,HR,2,1.0,814.8758453044569,814.8758453044569,20.0,87.81643256971753,707.0594127347393,20000.0,794.8758453044569,United States
US,REGN,2,1.0,814.0028552916245,814.0028552916245,20.0,87.71998622649451,706.2828690651301,20000.0,794.0028552916245,United States
US,DRUG,3,1.0,823.8640254470497,823.8640254470497,30.0,87.70464855866024,706.1593768883895,30000.0,793.8640254470497,United States
US,SEIC,1,1.0,802.9111638541475,802.9111638541475,10.0,87.5993781490539,705.3117857050936,10000.0,792.9111638541475,United States
US,UDR,2,1.0,811.934038512876,811.934038512876,20.0,87.49142712481431,704.4426113880616,20000.0,791.934038512876,United States
US,UPST,1,1.0,801.7264197646856,801.7264197646856,10.0,87.46848978446315,704.2579299802225,10000.0,791.7264197646856,United States
US,AMRX,4,0.5,1226.4662547845817,876.8167727593357,40.0,133.28818976798743,703.5285829913482,40000.0,836.8167727593357,United States
US,KNSL,1,1.0,800.2314109853814,800.2314109853814,10.0,87.30332394323845,702.928087042143,10000.0,790.2314109853814,United States
US,PEB,3,1.0,819.6652568071917,819.6652568071917,30.0,87.24077626298529,702.4244805442064,30000.0,789.6652568071917,United States
US,SMA,1,1.0,799.1360691144722,799.1360691144722,10.0,87.1823125725751,701.9537565418971,10000.0,789.1360691144722,United States
US,DMA,2,1.0,806.5283998977591,806.5283998977591,20.0,86.89422203707025,699.6341778606889,20000.0,786.5283998977591,United States
US,PH,4,0.75,901.8909868687807,835.8721448996364,40.0,96.32492484053279,699.5472200591037,40000.0,795.8721448996364,United States
US,O,2,1.0,805.6192689278307,805.6192689278307,20.0,86.7937829068723,698.8254860209584,20000.0,785.6192689278307,United States
US,MGPI,2,1.0,803.2157356432544,803.2157356432544,20.0,86.52824493655793,696.6874907066966,20000.0,783.2157356432544,United States
US,LQDT,4,0.75,942.3726563509382,836.9746302498583,40.0,100.79726579716085,696.1773644526975,40000.0,796.9746302498583,United States
US,ULCC,4,0.75,1171.0111523205778,860.8373840569806,40.0,126.05682951741586,694.7805545395647,40000.0,820.8373840569806,United States
US,ING,4,0.5,947.4636166007277,836.3531298449245,40.0,102.46448754130671,693.8886423036176,40000.0,796.3531298449245,United States
US,DERM,2,1.0,799.4337109961468,799.4337109961468,20.0,86.11041375655458,693.3232972395923,20000.0,779.4337109961468,United States
US,XHR,5,0.6,1025.2463929120538,852.5005687729791,50.0,111.0523008810441,691.4482678919351,50000.0,802.5005687729791,United States
US,VRTS,1,1.0,786.3786528270622,786.3786528270622,10.0,85.77289650617287,690.6057563208893,10000.0,776.3786528270622,United States
US,PHAR,1,1.0,783.7229989575723,783.7229989575723,10.0,85.47950471381156,688.2434942437607,10000.0,773.7229989575723,United States
US,OMC,2,1.0,793.3413050132199,793.3413050132199,20.0,85.43733586351314,687.9039691497067,20000.0,773.3413050132199,United States
EU,CS.PA,1,1.0,809.7560231278588,809.7560231278588,25.0,96.95558646086799,687.8004366669909,10000.0,784.7560231278588,Europe
US,LTC,3,1.0,800.3831723256294,800.3831723256294,30.0,85.11052676341704,685.2726455622123,30000.0,770.3831723256294,United States
US,TW,1,1.0,778.7609348565194,778.7609348565194,10.0,84.93130492876234,683.8296299277571,10000.0,768.7609348565194,United States
US,HYNE,5,1.0,817.114250623403,817.1142506234031,50.0,84.74938226024084,682.3648683631623,50000.0,767.1142506234031,United States
US,GPGI,1,1.0,776.6990026720033,776.6990026720033,10.0,84.70350642448709,681.9954962475163,10000.0,766.6990026720033,United States
US,PHVS,3,0.6666666666666666,811.3016578427023,799.2860375363042,30.0,87.42156286260439,681.8644746736998,30000.0,769.2860375363042,United States
US,ARTNA,2,1.0,785.8806734586144,785.8806734586144,20.0,84.61309890661883,681.2675745519955,20000.0,765.8806734586144,United States
US,MSFT,2,1.0,783.2000365347592,783.2000365347592,20.0,84.31694703201073,678.8830895027485,20000.0,763.2000365347592,United States
US,FCBC,3,1.0,791.9197832591806,791.9197832591807,30.0,84.17550698686262,677.7442762723181,30000.0,761.9197832591807,United States
US,CRM,2,1.0,779.4773748291539,779.4773748291539,20.0,83.90567416143439,675.5717006677196,20000.0,759.4773748291539,United States
US,AN,1,1.0,769.3100427680744,769.3100427680744,10.0,83.88718762074336,675.422855147331,10000.0,759.3100427680744,United States
US,HTO,2,1.0,779.0931602926255,779.0931602926255,20.0,83.86322684071295,675.2299334519125,20000.0,759.0931602926255,United States
US,LVO,1,1.0,767.7902621722855,767.7902621722855,10.0,83.71928503444732,674.0709771378381,10000.0,757.7902621722855,United States
US,RNST,5,0.6,921.2270159028324,820.8359998756465,50.0,98.46113403579963,672.3748658398468,50000.0,770.8359998756465,United States
US,KFY,1,1.0,765.7661406745864,765.7661406745864,10.0,83.49566378583896,672.2704768887475,10000.0,755.7661406745864,United States
US,FLG,2,1.0,775.5653710361753,775.5653710361753,20.0,83.47348312263512,672.0918879135402,20000.0,755.5653710361753,United States
US,CTGO,3,0.6666666666666666,1653.3202612582575,881.8244286869647,30.0,180.44624130275477,671.37818738421,30000.0,851.8244286869647,United States
US,GSL,1,1.0,762.6683216430297,762.6683216430297,10.0,83.15342239341913,669.5148992496106,10000.0,752.6683216430297,United States
US,BIIB,2,1.0,769.9357688692298,769.9357688692298,20.0,82.85153495046674,667.0842339187632,20000.0,749.9357688692298,United States
EU,BN.PA,1,1.0,785.7778530388692,785.7778530388692,25.0,93.99311471841453,666.7847383204547,10000.0,760.7778530388692,Europe
US,HXL,3,1.0,778.751808184559,778.751808184559,30.0,82.7207331350074,666.0310750495516,30000.0,748.751808184559,United States
US,CLMT,1,1.0,758.6807504770233,758.6807504770233,10.0,82.71288280917446,665.9678676678489,10000.0,748.6807504770233,United States
US,PTC,1,1.0,757.6653949110201,757.6653949110201,10.0,82.60070817948491,665.0646867315352,10000.0,747.6653949110201,United States
US,ORLA,1,1.0,756.92980020031,756.92980020031,10.0,82.51944101846435,664.4103591818456,10000.0,746.92980020031,United States
US,COE,1,1.0,756.5791983353475,756.5791983353475,10.0,82.48070716434717,664.0984911710004,10000.0,746.5791983353475,United States
US,AMZN,1,1.0,755.473488485503,755.473488485503,10.0,82.35855035829483,663.1149381272082,10000.0,745.473488485503,United States
US,CAG,2,1.0,765.6213771685838,765.6213771685838,20.0,82.67794522709329,662.9434319414904,20000.0,745.6213771685838,United States
US,FHN,4,1.0,783.6896584940711,783.6896584940712,40.0,82.16147607671515,661.528182417356,40000.0,743.6896584940712,United States
US,CDNL,4,0.5,3410.55136519631,1074.1582397459679,40.0,374.58192634081297,659.5763134051549,40000.0,1034.1582397459679,United States
US,TRMB,1,1.0,749.9999999999995,749.9999999999995,10.0,81.75384934071108,658.2461506592884,10000.0,739.9999999999995,United States
US,MSM,3,0.6666666666666666,945.2140592163349,789.9527453141586,30.0,102.21596054740546,657.7367847667531,30000.0,759.9527453141586,United States
US,REG,4,0.75,836.9511282316022,785.860329214858,40.0,89.15048778751795,656.70984142734,40000.0,745.860329214858,United States
US,PFN,2,1.0,758.2142865196518,758.2142865196518,20.0,81.55656697471375,656.6577195449379,20000.0,738.2142865196518,United States
US,BDCX,1,1.0,747.859771664805,747.859771664805,10.0,81.5174008206162,656.3423708441887,10000.0,737.859771664805,United States
US,NMM,3,0.6666666666666666,874.5875181468632,780.5168225938419,30.0,94.41326919869041,656.1035533951515,30000.0,750.5168225938419,United States
US,DPZ,1,1.0,747.270348577227,747.270348577227,10.0,81.45228243372459,655.8180661435024,10000.0,737.270348577227,United States
US,PRPO,1,1.0,745.6897867136992,745.6897867136992,10.0,81.27766484390767,654.4121218697915,10000.0,735.6897867136992,United States
US,MKC,1,1.0,745.4807080802173,745.4807080802173,10.0,81.2545662180941,654.2261418621232,10000.0,735.4807080802173,United States
US,ADM,2,1.0,755.3312384591094,755.3312384591094,20.0,81.23805308716832,654.093185371941,20000.0,735.3312384591094,United States
US,INN,5,0.6,1295.2096559033512,841.3823240886886,50.0,139.77805350423722,651.6042705844513,50000.0,791.3823240886886,United States
US,IVR-PC,5,1.0,781.7685685932663,781.7685685932663,50.0,80.84445582302938,650.9241127702369,50000.0,731.7685685932663,United States
US,GME,1,1.0,740.0376611235471,740.0376611235471,10.0,80.65322832505352,649.3844327984935,10000.0,730.0376611235471,United States
US,FICO,1,1.0,739.0925464326758,739.0925464326758,10.0,80.5488137790438,648.543732653632,10000.0,729.0925464326758,United States
US,PALL,2,0.5,904.3563857223047,765.5921451876169,20.0,98.8068611016814,646.7852840859355,20000.0,745.5921451876169,United States
US,DEC,1,1.0,734.8239459930528,734.8239459930528,10.0,80.07722659358889,644.7467193994639,10000.0,724.8239459930528,United States
US,PKBK,3,1.0,753.6787183420789,753.678718342079,30.0,79.95070393299629,643.7280144090828,30000.0,723.678718342079,United States
US,DAR,1,1.0,733.333386872943,733.333386872943,10.0,79.91255234259042,643.4208345303526,10000.0,723.333386872943,United States
US,CF,1,1.0,730.8746751580419,730.8746751580419,10.0,79.64091836000627,641.2337567980356,10000.0,720.8746751580419,United States
US,APPN,1,1.0,730.3100440268872,730.3100440268872,10.0,79.57853894320967,640.7315050836776,10000.0,720.3100440268872,United States
US,SII,1,1.0,729.5572176430331,729.5572176430331,10.0,79.49536805839166,640.0618495846414,10000.0,719.5572176430331,United States
US,SGI,3,0.6666666666666666,805.7380748888265,756.1130523976933,30.0,86.80690837259667,639.3061440250967,30000.0,726.1130523976933,United States
US,AWK,2,1.0,737.9234360502119,737.9234360502119,20.0,79.31487085001984,638.608565200192,20000.0,717.9234360502119,United States
US,IEX,4,0.75,773.1709294925282,759.6671759073447,40.0,82.10416784341677,637.5630080639279,40000.0,719.6671759073447,United States
US,YUMC,3,0.6666666666666666,747.0110222182869,747.010798700869,30.0,80.31885078306787,636.6919479178011,30000.0,717.010798700869,United States
US,FISV,1,1.0,725.1584655890753,725.1584655890753,10.0,79.00940196013975,636.1490636289356,10000.0,715.1584655890753,United States
US,PAYO,5,0.8,773.7534524628176,766.7013200890138,50.0,81.06374217009709,635.6375779189168,50000.0,716.7013200890138,United States
US,CVRX,1,1.0,723.8097417922252,723.8097417922252,10.0,78.86039741677499,634.9493443754502,10000.0,713.8097417922252,United States
US,NFLX,1,1.0,722.1433911236109,722.1433911236109,10.0,78.67630203635514,633.4670890872558,10000.0,712.1433911236109,United States
US,BMRN,3,1.0,741.1283470178341,741.1283470178341,30.0,78.56416181622293,632.5641852016113,30000.0,711.1283470178341,United States
US,CRBP,1,1.0,721.0398283974206,721.0398283974206,10.0,78.55438244060517,632.4854459568154,10000.0,711.0398283974206,United States
US,REX,1,1.0,720.9298777025808,720.9298777025808,10.0,78.54223528852295,632.3876424140578,10000.0,710.9298777025808,United States
US,ASTE,4,0.5,1449.7523377498767,828.4617207912604,40.0,157.95642866882832,630.505292122432,40000.0,788.4617207912604,United States
US,AVBH,4,1.0,747.9859584806748,747.9859584806748,40.0,78.21699646617304,629.7689620145017,40000.0,707.9859584806748,United States
US,KRC,2,1.0,727.1091652563589,727.1091652563589,20.0,78.120129951087,628.9890353052718,20000.0,707.1091652563589,United States
US,BEAM,4,1.0,746.0121420107457,746.0121420107457,40.0,77.99893282521522,628.0132091855305,40000.0,706.0121420107457,United States
US,OFRM,3,0.6666666666666666,929.2769253486099,757.7871893292587,30.0,100.45525508639906,627.3319342428597,30000.0,727.7871893292587,United States
US,BAND,1,1.0,713.951975955509,713.951975955509,10.0,77.77132943967919,626.1806465158298,10000.0,703.951975955509,United States
US,CSX,2,1.0,723.6605817178132,723.6605817178132,20.0,77.73913673615576,625.9214449816575,20000.0,703.6605817178132,United States
US,SCM,2,1.0,722.8605093464124,722.8605093464124,20.0,77.65074620086769,625.2097631455448,20000.0,702.8605093464124,United States
US,CORN,2,1.0,721.7913935950615,721.7913935950615,20.0,77.53263224402482,624.2587613510367,20000.0,701.7913935950615,United States
US,BJ,2,1.0,718.7999952888636,718.7999952888636,20.0,77.20214801910188,621.5978472697616,20000.0,698.7999952888636,United States
US,BCRX,4,0.75,1260.8402125536531,795.8400599657622,40.0,135.98098013459494,619.8590798311673,40000.0,755.8400599657622,United States
US,ELS,2,1.0,716.351014864689,716.351014864689,20.0,76.93158913175553,619.4194257329335,20000.0,696.351014864689,United States
US,AHT-PH,1,1.0,705.7658625881436,705.7658625881436,10.0,76.86694257627165,618.898920011872,10000.0,695.7658625881436,United States
US,AMCX,1,1.0,702.6478909183664,702.6478909183664,10.0,76.52247475716412,616.1254161612023,10000.0,692.6478909183664,United States
US,SPFI,3,0.6666666666666666,817.9338032041427,733.920192577957,30.0,88.15427017704343,615.7659224009136,30000.0,703.920192577957,United States
US,GBUG,1,1.0,702.1725992709161,702.1725992709161,10.0,76.46996540346336,615.7026338674527,10000.0,692.1725992709161,United States
US,ROCK,3,0.6666666666666666,966.7801630044481,749.5363391158604,30.0,104.59854433113456,614.9377947847258,30000.0,719.5363391158604,United States
US,J,2,1.0,709.7903277047867,709.7903277047867,20.0,76.20677638899582,613.5835513157909,20000.0,689.7903277047867,United States
US,AYA,2,0.5,1337.6167333014655,779.2668629612609,20.0,146.6726735088312,612.5941894524298,20000.0,759.2668629612609,United States
US,PSA-PF,4,0.75,790.7961493867699,736.4218731798488,40.0,84.05136996751236,612.3705032123364,40000.0,696.4218731798488,United States
US,SPG,3,0.6666666666666666,743.9777456117591,722.2472919331036,30.0,79.98373991996141,612.2635520131421,30000.0,692.2472919331036,United States
US,JATT,1,1.0,697.6744186046502,697.6744186046502,10.0,75.9730146136023,611.7014039910479,10000.0,687.6744186046502,United States
US,OPRA,1,1.0,696.5439880898394,696.5439880898394,10.0,75.84812671360503,610.6958613762345,10000.0,686.5439880898394,United States
US,USAU,2,0.5,1317.6142127768499,775.0273175832624,20.0,144.46283155017727,610.5644860330851,20000.0,755.0273175832624,United States
US,LUXE,4,0.75,1308.8553883766529,790.5241620808245,40.0,141.28560912148853,609.238552959336,40000.0,750.5241620808245,United States
US,OPFI,1,1.0,694.4446889763211,694.4446889763211,10.0,75.61619997921629,608.8284889971048,10000.0,684.4446889763211,United States
US,KIM,2,1.0,703.4878943563227,703.4878943563227,20.0,75.510495055955,607.9773993003678,20000.0,683.4878943563227,United States
US,EOS,2,1.0,702.368849909063,702.368849909063,20.0,75.38686506791873,606.9819848411443,20000.0,682.368849909063,United States
US,AWP,2,1.0,702.2490015770688,702.2490015770688,20.0,75.37362444294902,606.8753771341198,20000.0,682.2490015770688,United States
US,FSV,1,1.0,689.2412493897338,689.2412493897338,10.0,75.04133347108741,604.1999159186463,10000.0,679.2412493897338,United States
US,TCBX,3,1.0,706.0487109857783,706.0487109857783,30.0,74.68862765528823,601.36008333049,30000.0,676.0487109857783,United States
US,HSBC,4,1.0,715.8075721387403,715.8075721387403,40.0,74.66198707559776,601.1455850631426,40000.0,675.8075721387403,United States
US,ET,3,0.6666666666666666,804.0873753859935,715.6374466974125,30.0,86.62454210440558,599.012904593007,30000.0,685.6374466974125,United States
US,VIK,5,0.6,1409.4826337521215,801.1934087603922,50.0,152.40272352418694,598.7906852362053,50000.0,751.1934087603922,United States
US,STRF,1,1.0,682.4587646071278,682.4587646071278,10.0,74.29201693179981,598.166747675328,10000.0,672.4587646071278,United States
US,WRB,3,1.0,700.8922319376509,700.892231937651,30.0,74.11894926173534,596.7732826759157,30000.0,670.892231937651,United States
US,AMGN,1,1.0,679.7982166163719,679.7982166163719,10.0,73.99808444585388,595.8001321705179,10000.0,669.7982166163719,United States
US,OTEX,1,1.0,676.6554628264321,676.6554628264321,10.0,73.65087874334348,593.0045840830886,10000.0,666.6554628264321,United States
US,OGC,1,1.0,673.7878152162402,673.7878152162402,10.0,73.33406626944367,590.4537489467966,10000.0,663.7878152162402,United States
US,SYF,4,0.75,913.3752578696951,726.1621977267785,40.0,97.59368613944717,588.5685115873313,40000.0,686.1621977267785,United States
US,SAFE,1,1.0,671.2244103753551,671.2244103753551,10.0,73.0508659813883,588.1735443939668,10000.0,661.2244103753551,United States
US,VNET,2,1.0,681.1350824404317,681.1350824404317,20.0,73.04099719418065,588.094085246251,20000.0,661.1350824404317,United States
US,LLYVA,2,0.5,746.7873161256455,688.8782041020302,20.0,81.39891789011206,587.4792862119181,20000.0,668.8782041020302,United States
US,ETW,4,1.0,700.2917868810309,700.2917868810309,40.0,72.94783143997398,587.343955441057,40000.0,660.2917868810309,United States
US,TOL,5,0.6,1600.4512130053386,810.520329532375,50.0,173.50058360131823,587.0197459310566,50000.0,760.520329532375,United States
US,NVS,4,0.75,787.9798044441588,710.6666370545456,40.0,83.74022531868845,586.9264117358572,40000.0,670.6666370545456,United States
US,FSI,2,1.0,679.8017179011051,679.8017179011051,20.0,72.89368951355314,586.9080283875519,20000.0,659.8017179011051,United States
US,WAT,3,1.0,689.5890308414643,689.5890308414643,30.0,72.87019223540369,586.7188386060606,30000.0,659.5890308414643,United States
US,NLY,3,0.6666666666666666,726.1648147395606,694.732737029391,30.0,78.01579982963409,586.7169371997569,30000.0,664.732737029391,United States
US,ETJ,2,1.0,678.9415385814768,678.9415385814768,20.0,72.79865847233305,586.1428801091438,20000.0,658.9415385814768,United States
US,VYX,1,1.0,667.5564367398712,667.5564367398712,10.0,72.64563494898147,584.9108017908898,10000.0,657.5564367398712,United States
US,BXP,1,1.0,667.3715122873181,667.3715122873181,10.0,72.62520483299033,584.7463074543277,10000.0,657.3715122873181,United States
US,GLV,4,1.0,696.9760891598842,696.9760891598842,40.0,72.58151920760375,584.3945699522804,40000.0,656.9760891598842,United States
US,OPBK,3,1.0,686.1286665579769,686.1286665579769,30.0,72.48789750527371,583.6407690527033,30000.0,656.1286665579769,United States
US,LONA,3,0.3333333333333333,831.2954238108139,703.3735932878349,30.0,90.73521938168214,582.6383739061528,30000.0,673.3735932878349,United States
US,CNS,1,1.0,664.2988285746143,664.2988285746143,10.0,72.28574034472,582.0130882298943,10000.0,654.2988285746143,United States
US,UTL,3,0.6666666666666666,719.3961840667873,688.8731626118472,30.0,77.26801386711406,581.6051487447331,30000.0,658.8731626118472,United States
US,FOCL,2,1.0,672.5275364957995,672.5275364957995,20.0,72.09005122884184,580.4374852669575,20000.0,652.5275364957995,United States
US,OFLX,1,1.0,662.1619817372904,662.1619817372904,10.0,72.0496654063379,580.1123163309525,10000.0,652.1619817372904,United States
US,LSPD,1,1.0,658.4358607790585,658.4358607790585,10.0,71.63801036384527,576.7978504152132,10000.0,648.4358607790585,United States
US,HL,2,0.5,1064.0499545851355,713.1725225865591,20.0,116.4495151145089,576.7230074720503,20000.0,693.1725225865591,United States
US,MSIF,2,1.0,667.9834043157884,667.9834043157884,20.0,71.58802379961361,576.3953805161748,20000.0,647.9834043157884,United States
US,HMC,1,1.0,656.7631856457546,656.7631856457546,10.0,71.45321626811,575.3099693776446,10000.0,646.7631856457546,United States
US,SAP,3,0.3333333333333333,839.5248880969918,696.6890513353928,30.0,91.64439557547533,575.0446557599176,30000.0,666.6890513353928,United States
US,SOHU,2,0.5,766.6101731880359,677.828682446463,20.0,83.58891095738385,574.2397714890791,20000.0,657.828682446463,United States
US,XMTR,4,0.75,731.6985786640307,691.3405462244305,40.0,77.52237821985176,573.8181680045786,40000.0,651.3405462244305,United States
US,GEOS,1,1.0,654.4901065449005,654.4901065449005,10.0,71.20209063790631,573.2880159069942,10000.0,644.4901065449005,United States
US,VIR,4,0.5,1473.578722374995,772.4753438167642,40.0,160.5887241539307,571.8866196628335,40000.0,732.4753438167642,United States
US,CMCSA,1,1.0,652.8907602406275,652.8907602406275,10.0,71.0253977773615,571.865362463266,10000.0,642.8907602406275,United States
US,HCAI,4,0.75,3578.618913676521,1003.3503220725956,40.0,392.04494058960586,571.30538148299,40000.0,963.3503220725956,United States
US,CWK,1,1.0,651.1626132698933,651.1626132698933,10.0,70.834475254275,570.3281380156183,10000.0,641.1626132698933,United States
US,SBRA,2,1.0,660.1434928999938,660.1434928999938,20.0,70.72188469592255,569.4216082040714,20000.0,640.1434928999938,United States
US,OMAB,3,0.6666666666666666,742.1805596571107,679.0225578410469,30.0,79.78519009594308,569.2373677451038,30000.0,649.0225578410469,United States
US,DCOM,2,1.0,658.3641583987765,658.3641583987765,20.0,70.52530706789653,567.83885133088,20000.0,638.3641583987765,United States
US,TNDM,2,1.0,656.5323406190115,656.5323406190115,20.0,70.32293118304986,566.2094094359617,20000.0,636.5323406190115,United States
US,TFC,2,1.0,655.1196103318468,655.1196103318468,20.0,70.16685531946078,564.9527550123861,20000.0,635.1196103318468,United States
US,BEN,3,1.0,664.4522499038708,664.4522499038708,30.0,70.09312655745441,564.3591233464164,30000.0,634.4522499038708,United States
US,STE,2,1.0,651.9089485100938,651.9089485100938,20.0,69.81214726154244,562.0968012485513,20000.0,631.9089485100938,United States
US,ARX,1,1.0,640.2439315144615,640.2439315144615,10.0,69.62819922287939,560.615732291582,10000.0,630.2439315144615,United States
US,DJCO,1,1.0,638.1304190912651,638.1304190912651,10.0,69.39470222797978,558.7357168632853,10000.0,628.1304190912651,United States
US,MHLA,3,0.6666666666666666,951.9280869248603,691.6052695727292,30.0,102.95771407409754,558.6475554986317,30000.0,661.6052695727292,United States
US,VG,1,1.0,637.4883969322376,637.4883969322376,10.0,69.32377279167906,558.1646241405585,10000.0,627.4883969322376,United States
US,PBH,1,1.0,636.9557439817308,636.9557439817308,10.0,69.26492626591336,557.6908177158175,10000.0,626.9557439817308,United States
US,ACMR,5,0.4,2640.0763325205244,896.8611441543193,50.0,289.4612510135756,557.3998931407438,50000.0,846.8611441543193,United States
US,PHAT,3,0.3333333333333333,1005.802818608239,697.3480446989399,30.0,110.01447784534254,557.3335668535974,30000.0,667.3480446989399,United States
US,PRGO,2,0.5,864.067881577133,668.9461164404142,20.0,94.3558606989152,554.590255741499,20000.0,648.9461164404142,United States
US,NREF,2,1.0,642.8486393253263,642.8486393253263,20.0,68.81118083982386,554.0374584855025,20000.0,622.8486393253263,United States
US,CMS,4,0.75,782.0525190441895,676.9942720308752,40.0,83.08538964627158,553.9088823846037,40000.0,636.9942720308752,United States
US,UGL,1,1.0,629.9030214176771,629.9030214176771,10.0,68.48575434977352,551.4172670679036,10000.0,619.9030214176771,United States
US,MCK,2,0.5,687.5087025825244,646.2104504060195,20.0,74.8499248620978,551.3605255439217,20000.0,626.2104504060195,United States
US,LEVI,2,1.0,638.5195770722651,638.5195770722651,20.0,68.33291394357613,550.186663128689,20000.0,618.5195770722651,United States
US,FMX,2,1.0,638.0833279737042,638.0833279737042,20.0,68.28471793941563,549.7986100342885,20000.0,618.0833279737042,United States
US,IPGP,1,1.0,627.9613248592075,627.9613248592075,10.0,68.27123925800798,549.6900856011995,10000.0,617.9613248592075,United States
US,ACA,3,0.6666666666666666,669.210844481296,651.2701642514717,30.0,71.72362914875639,549.5465351027153,30000.0,621.2701642514717,United States
US,EWBC,2,1.0,637.6238336322326,637.6238336322326,20.0,68.23395384324593,549.3898797889867,20000.0,617.6238336322326,United States
US,CSIQ,1,1.0,624.5754368840961,624.5754368840961,10.0,67.89717253449206,546.6782643496041,10000.0,614.5754368840961,United States
US,MTLS,1,1.0,624.0931373895164,624.0931373895164,10.0,67.84388896663128,546.2492484228851,10000.0,614.0931373895164,United States
US,GRDN,4,0.5,1885.0471456934058,791.471277564426,40.0,206.04700454370544,545.4242730207205,40000.0,751.471277564426,United States
US,MRBK,3,0.6666666666666666,861.0226883418703,666.5088965274613,30.0,92.91465156056908,543.5942449668922,30000.0,636.5088965274613,United States
US,AMG,3,0.6666666666666666,973.9598882832179,678.1251321222137,30.0,105.39174727538895,542.7333848468248,30000.0,648.1251321222137,United States
EU,AIR.PA,1,1.0,643.1217996128669,643.1217996128669,25.0,76.36814477300074,541.7536548398662,10000.0,618.1217996128669,Europe
US,NTR,3,0.6666666666666666,1038.8283611670345,684.0719291140973,30.0,112.55829776066673,541.5136313534306,30000.0,654.0719291140973,United States
US,PHOE,3,0.3333333333333333,929.9721170206366,673.0861055203985,30.0,101.63684034129757,541.449265179101,30000.0,643.0861055203985,United States
US,UNF,1,1.0,618.1753107711319,618.1753107711319,10.0,67.19009828313958,540.9852124879923,10000.0,608.1753107711319,United States
US,SAM,3,1.0,636.7314439525207,636.7314439525206,30.0,67.03058251238716,539.7008614401335,30000.0,606.7314439525206,United States
US,MSB,1,1.0,614.1797197032139,614.1797197032139,10.0,66.74867267476978,537.4310470284441,10000.0,604.1797197032139,United States
US,MLPR,3,0.6666666666666666,675.7560304668232,639.5206027755885,30.0,72.4467293500641,537.0738734255243,30000.0,609.5206027755885,United States
US,SRRK,3,1.0,632.4946933501052,632.4946933501052,30.0,66.56251403881413,535.9321793112911,30000.0,602.4946933501052,United States
US,ORC,4,1.0,641.7892271987413,641.7892271987413,40.0,66.48457542603903,535.3046517727023,40000.0,601.7892271987413,United States
US,RGS,1,1.0,608.6789554531503,608.6789554531503,10.0,66.14095828050156,532.5379971726487,10000.0,598.6789554531503,United States
US,INDV,5,0.6,1490.5794176735853,741.6844629964658,50.0,161.3621481927431,530.3223148037227,50000.0,691.6844629964658,United States
US,ANIP,2,1.0,615.5312972432658,615.5312972432658,20.0,65.79321074662731,529.7380864966385,20000.0,595.5312972432658,United States
US,VIV,2,1.0,614.9060783120253,614.9060783120253,20.0,65.72413770026299,529.1819406117623,20000.0,594.9060783120253,United States
US,CHE,1,1.0,603.5529074257972,603.5529074257972,10.0,65.57464185058066,527.9782655752166,10000.0,593.5529074257972,United States
US,DLTR,2,1.0,613.434519589855,613.434519589855,20.0,65.56156257854904,527.872957011306,20000.0,593.434519589855,United States
US,BATRA,2,1.0,613.0959950191506,613.0959950191506,20.0,65.52416300185783,527.5718320172928,20000.0,593.0959950191506,United States
US,GCGRU,3,1.0,622.9694359229377,622.9694359229377,30.0,65.51018098390583,527.4592549390318,30000.0,592.9694359229377,United States
US,SEDG,1,1.0,601.1257624118072,601.1257624118072,10.0,65.30649529949714,525.8192671123101,10000.0,591.1257624118072,United States
IN,KONNDOR,1,1.0,560.3166626202038,560.3166626202038,35.0,0.0,525.3166626202038,10000.0,525.3166626202038,India
US,OSPN,1,1.0,600.0003108271845,600.0003108271845,10.0,65.18215746261943,524.8181533645651,10000.0,590.0003108271845,United States
US,DGP,1,1.0,597.8647372255974,597.8647372255974,10.0,64.94622318899762,522.9185140365998,10000.0,587.8647372255974,United States
US,PPC,1,1.0,596.6327829207363,596.6327829207363,10.0,64.81011912597835,521.822663794758,10000.0,586.6327829207363,United States
US,AMIX,1,1.0,595.6116440154169,595.6116440154169,10.0,64.69730556351696,520.9143384519,10000.0,585.6116440154169,United States
US,SEG,3,1.0,613.4840947420516,613.4840947420516,30.0,64.46225780303097,519.0218369390207,30000.0,583.4840947420516,United States
US,DIN,1,1.0,591.3197233765111,591.3197233765111,10.0,64.22314200500968,517.0965813715014,10000.0,581.3197233765111,United States
US,FRST,1,1.0,589.7603062786084,589.7603062786084,10.0,64.05086045030527,515.7094458283032,10000.0,579.7603062786084,United States
US,AXP,3,1.0,609.3378905571667,609.3378905571667,30.0,64.00419273240001,515.3336978247667,30000.0,579.3378905571667,United States
US,ADMA,1,1.0,588.9428120393014,588.9428120393014,10.0,63.96054517884959,514.9822668604519,10000.0,578.9428120393014,United States
US,SRBK,3,1.0,607.4542976007624,607.4542976007624,30.0,63.79609682053906,513.6582007802234,30000.0,577.4542976007624,United States
US,ALC,3,1.0,606.0115995736926,606.0115995736926,30.0,63.63671017574283,512.3748893979498,30000.0,576.0115995736926,United States
US,EGO,3,0.6666666666666666,1263.4941055093552,679.5306680610647,30.0,137.37895913226242,512.1517089288022,30000.0,649.5306680610647,United States
US,RVTY,2,0.5,651.8034071427104,600.7153201385873,20.0,70.90526899175707,509.81005114683023,20000.0,580.7153201385873,United States
US,TRN,2,0.5,847.2103617047155,621.8121685466649,20.0,92.49347267201296,509.3186958746519,20000.0,601.8121685466649,United States
US,MHK,4,0.5,1064.475468120114,664.4357005277957,40.0,115.39174332535208,509.04395720244355,40000.0,624.4357005277957,United States
US,BHK,4,1.0,612.0216945279511,612.0216945279511,40.0,63.195912748724865,508.8257817792262,40000.0,572.0216945279511,United States
US,JOF,4,1.0,613.151201192399,613.151201192399,40.0,64.42544476664399,508.725756425755,40000.0,573.151201192399,United States
US,CIA,4,0.75,896.3447503217114,644.244230548372,40.0,95.71218674988812,508.5320437984839,40000.0,604.244230548372,United States
US,USAC,3,0.6666666666666666,977.5588563432236,644.0992992692695,30.0,105.78935469776698,508.3099445715026,30000.0,614.0992992692695,United States
US,ESEA,1,1.0,574.9673237407626,574.9673237407626,10.0,62.416558739901454,502.55076500086113,10000.0,564.9673237407626,United States
US,OIA,4,1.0,604.6733146653693,604.6733146653693,40.0,62.38407715388186,502.2892375114875,40000.0,564.6733146653693,United States
US,RFM,4,1.0,602.4212224837156,602.4212224837156,40.0,62.13527012020576,500.2859523635098,40000.0,562.4212224837156,United States
US,BYD,2,1.0,580.8456648386627,580.8456648386627,20.0,62.692837640690286,498.1528271979725,20000.0,560.8456648386627,United States
US,AHRT,2,1.0,579.9741994770802,579.9741994770802,20.0,61.8649274847764,498.1092719923038,20000.0,559.9741994770802,United States
US,SCZM,1,1.0,568.7204695425896,568.7204695425896,10.0,61.72641768994089,496.99405185264874,10000.0,558.7204695425896,United States
US,ACET,1,1.0,567.901752613209,567.901752613209,10.0,61.635967337917556,496.2657852752915,10000.0,557.901752613209,United States
US,BVFL,4,0.75,666.594865903949,606.4652503249313,40.0,70.32983886240764,496.1354114625237,40000.0,566.4652503249313,United States
US,HCKT,1,1.0,567.3074722290039,567.3074722290039,10.0,61.57031232576019,495.7371599032437,10000.0,557.3074722290039,United States
US,ADT,2,0.5,714.285714285714,592.705167173252,20.0,77.80820024125593,494.8969669319961,20000.0,572.705167173252,United States
US,GLO,3,1.0,585.8469095868202,585.8469095868202,30.0,61.40895203089295,494.43795755592726,30000.0,555.8469095868202,United States
US,LIXT,1,1.0,565.0459419882093,565.0459419882093,10.0,61.32046259253669,493.7254793956726,10000.0,555.0459419882093,United States
US,HPP,1,1.0,564.6750837740577,564.6750837740577,10.0,61.279490853933304,493.39559292012444,10000.0,554.6750837740577,United States
US,AAT,1,1.0,563.9560202164806,563.9560202164806,10.0,61.20005002453796,492.75597019194265,10000.0,553.9560202164806,United States
US,DPG,3,1.0,583.3079215112158,583.3079215112158,30.0,61.12844926249994,492.17947224871585,30000.0,553.3079215112158,United States
US,KEY-PK,5,0.8,691.6255622119195,614.143611179554,50.0,71.990402756256,492.153208423298,50000.0,564.143611179554,United States
US,NKSH,4,1.0,593.104977462644,593.104977462644,40.0,61.305517084032616,491.7994603786114,40000.0,553.104977462644,United States
US,RMD,1,1.0,561.5777945093826,561.5777945093826,10.0,60.93730798919161,490.64048652019096,10000.0,551.5777945093826,United States
US,TME,1,1.0,560.9754236733045,560.9754236733045,10.0,60.87075915867813,490.10466451462634,10000.0,550.9754236733045,United States
US,FCNCN,4,1.0,590.6712748410525,590.6712748410525,40.0,60.837157350828036,489.83411749022446,40000.0,550.6712748410525,United States
US,ROKU,1,1.0,558.8951611991355,558.8951611991355,10.0,60.640935557458754,488.2542256416767,10000.0,548.8951611991355,United States
US,BRCB,1,1.0,556.9943245210807,556.9943245210807,10.0,60.43093459070336,486.5633899303773,10000.0,546.9943245210807,United States
EU,SAF.PA,1,1.0,580.1284007537055,580.1284007537055,25.0,68.5853922364735,486.543008517232,10000.0,555.1284007537055,Europe
US,UNP,1,1.0,555.0366540130213,555.0366540130213,10.0,60.21465472614304,484.8219992868783,10000.0,545.0366540130213,United States
US,CRTO,1,1.0,554.6357615894037,554.6357615894037,10.0,60.17036486289673,484.465396726507,10000.0,544.6357615894037,United States
US,EBMT,2,1.0,562.3098362383794,562.3098362383794,20.0,59.91340087543,482.3964353629494,20000.0,542.3098362383794,United States
US,EMBJ,2,1.0,561.4076952317348,561.4076952317348,20.0,59.81373398361743,481.59396124811735,20000.0,541.4076952317348,United States
US,AB,3,0.6666666666666666,838.4441186926649,602.0041949433164,30.0,90.42021239647465,481.5839825468417,30000.0,572.0041949433164,United States
US,GD,3,0.6666666666666666,634.9124759938163,579.4856974508822,30.0,67.934408000165,481.55128945071715,30000.0,549.4856974508822,United States
US,TCBI,3,1.0,571.3291663821129,571.3291663821129,30.0,59.80505825964326,481.52410812246967,30000.0,541.3291663821129,United States
US,HURN,1,1.0,551.0162380474615,551.0162380474615,10.0,59.77048650839254,481.2457515390689,10000.0,541.0162380474615,United States
US,JRS,2,1.0,559.8708241909089,559.8708241909089,20.0,59.64394327614745,480.2268809147615,20000.0,539.8708241909089,United States
US,FTHAU,3,1.0,568.2959133463905,568.2959133463905,30.0,59.46995000059637,478.8259633457942,30000.0,538.2959133463905,United States
US,BANF,2,1.0,558.2121242639948,558.2121242639948,20.0,59.46069313570639,478.7514311282884,20000.0,538.2121242639948,United States
US,TGLS,4,1.0,578.1852497216211,578.1852497216211,40.0,59.45772408531678,478.72752563630434,40000.0,538.1852497216211,United States
US,VKI,4,0.75,639.5641427764498,585.8586958181633,40.0,67.34353390816975,478.5151619099935,40000.0,545.8586958181633,United States
US,ECAT,3,1.0,567.1343938736961,567.1343938736961,30.0,59.341627449276146,477.79276642442,30000.0,537.1343938736961,United States
US,BSAC,4,0.75,649.4315077176705,585.0933659210344,40.0,68.43366237681079,476.65970354422365,40000.0,545.0933659210344,United States
US,TEI,2,1.0,555.024043905481,555.024043905481,20.0,59.10847983663069,475.91556406885024,20000.0,535.024043905481,United States
US,SPHR,5,0.6,2184.537502964914,763.5130325516815,50.0,238.02937083284533,475.4836617188362,50000.0,713.5130325516815,United States
US,EPSN,1,1.0,543.6889870652873,543.6889870652873,10.0,58.9609851936922,474.7280018715951,10000.0,533.6889870652873,United States
US,IIF,3,1.0,563.6805536962486,563.6805536962486,30.0,58.96005349047353,474.72050020577507,30000.0,533.6805536962486,United States
US,BRKR,2,1.0,551.3164386154945,551.3164386154945,20.0,58.69887037137072,472.61756824412373,20000.0,531.3164386154945,United States
US,AHT-PF,3,0.6666666666666666,715.88107038977,578.533709453164,30.0,76.87967052391629,471.65403892924763,30000.0,548.533709453164,United States
US,ASR,4,0.75,597.1510980121163,573.8965083166114,40.0,63.009804705544106,470.8867036110673,40000.0,533.8965083166114,United States
US,MBBC,2,1.0,548.2953481194209,548.2953481194209,20.0,58.36510580750496,469.9302423119159,20000.0,528.2953481194209,United States
US,OTTR,1,1.0,536.6627653632871,536.6627653632871,10.0,58.18474104442226,468.47802431886487,10000.0,526.6627653632871,United States
US,VGM,4,1.0,565.894593363605,565.894593363605,40.0,58.09987480397664,467.7947185596284,40000.0,525.894593363605,United States
US,IDR,2,1.0,545.6500809451503,545.6500809451503,20.0,58.07286151827356,467.5772194268768,20000.0,525.6500809451503,United States
US,FRHC,2,0.5,1641.871997520532,665.5322737171442,20.0,180.28623976840393,465.2460339487403,20000.0,645.5322737171442,United States
US,COSO,4,1.0,562.714608984869,562.7146089848688,40.0,57.74855593396987,464.966053050899,40000.0,522.7146089848688,United States
US,SMFG,4,0.75,1241.057373965848,638.5996190996791,40.0,133.795408235353,464.804210864326,40000.0,598.5996190996791,United States
US,NEOG,2,1.0,543.602074895404,543.602074895404,20.0,58.95135670647252,464.65071818893153,20000.0,523.602074895404,United States
US,SCDL,2,1.0,541.6415772852101,541.6415772852101,20.0,57.6300093503054,464.01156793490475,20000.0,521.6415772852101,United States
US,WING,2,1.0,540.0209732067251,540.0209732067251,20.0,57.45096796966566,462.5700052370595,20000.0,520.0209732067251,United States
US,IQI,4,1.0,559.6733804812982,559.6733804812982,40.0,57.412566559792026,462.2608139215061,40000.0,519.6733804812982,United States
US,SR,1,1.0,528.0057744401568,528.0057744401568,10.0,57.228332488106716,460.77744195205,10000.0,518.0057744401568,United States
US,STRD,4,0.5,3418.9912561470946,872.865352037049,40.0,375.51435008843794,457.3510019486107,40000.0,832.865352037049,United States
US,EPR,1,1.0,524.0024208135918,524.0024208135918,10.0,56.786049286425936,457.21637152716585,10000.0,514.0024208135918,United States
US,NML,2,1.0,533.1819485591516,533.1819485591516,20.0,56.69540500929386,456.48654354985774,20000.0,513.1819485591516,United States
US,BULZ,2,1.0,532.4378913343253,532.4378913343253,20.0,56.61320292515964,455.8246884091656,20000.0,512.4378913343253,United States
US,RFI,2,1.0,531.7774072157588,531.7774072157588,20.0,56.540233845266116,455.23717337049277,20000.0,511.7774072157588,United States
US,AMTM,3,0.6666666666666666,1283.6997039080145,623.4963531399296,30.0,139.61123676377986,453.88511637614965,30000.0,593.4963531399296,United States
US,CEF,1,1.0,518.9515324652994,518.9515324652994,10.0,56.22803636066505,452.7234961046343,10000.0,508.95153246529935,United States
US,DTE,4,0.75,656.694286054793,561.805248056727,40.0,69.23604087136226,452.56920718536475,40000.0,521.805248056727,United States
US,KREF,2,0.5,689.1700487096597,547.5263678453746,20.0,75.0334673499094,452.49290049546516,20000.0,527.5263678453746,United States
US,HSY,1,1.0,518.4499699388679,518.4499699388679,10.0,56.172624648204476,452.2773452906634,10000.0,508.44996993886787,United States
US,PCAR,2,1.0,528.364830649466,528.364830649466,20.0,56.16321861490888,452.20161203455706,20000.0,508.36483064946594,United States
US,AGNC,1,1.0,517.8908439679342,517.8908439679342,10.0,56.110853431460974,451.77999053647324,10000.0,507.8908439679342,United States
US,HGLB,2,1.0,527.202152383619,527.202152383619,20.0,56.034768042236216,451.1673843413828,20000.0,507.202152383619,United States
US,CP,3,1.0,535.7734777092116,535.7734777092115,30.0,55.876930671846495,449.89654703736517,30000.0,505.77347770921153,United States
US,NMZ,5,1.0,554.6000104791626,554.6000104791626,50.0,55.74728815410097,448.8527223250617,50000.0,504.6000104791626,United States
US,PAHC,1,1.0,514.2477805833901,514.2477805833901,10.0,55.708374438111406,448.5394061452787,10000.0,504.24778058339007,United States
US,MNSB,2,1.0,523.7212069766194,523.7212069766194,20.0,55.650199547145576,448.0710074294739,20000.0,503.72120697661944,United States
US,HDB,3,0.6666666666666666,551.0161234617783,535.3668502863762,30.0,58.665692101327956,446.70115818504826,30000.0,505.36685028637623,United States
US,ACFN,1,1.0,511.88299817184645,511.88299817184645,10.0,55.44711759352099,446.43588057832545,10000.0,501.88299817184645,United States
US,A,3,0.6666666666666666,939.6434327895543,577.30900016581,30.0,101.60052790736705,445.70847225844284,30000.0,547.30900016581,United States
US,BX,4,0.5,1401.1822381179086,638.1068521882194,40.0,152.5904927123753,445.5163594758441,40000.0,598.1068521882194,United States
US,GWW,3,0.3333333333333333,670.2641579414515,547.8947688740587,30.0,72.944779045158,444.9499898289007,30000.0,517.8947688740587,United States
US,SPNT,2,1.0,519.3043995174173,519.3043995174173,20.0,55.16223872067727,444.1421607967401,20000.0,499.3043995174173,United States
US,DNTH,3,1.0,528.1090730563443,528.1090730563442,30.0,55.03018123498601,443.0788918213582,30000.0,498.1090730563442,United States
US,STRR,1,1.0,506.91209081131115,506.91209081131115,10.0,54.897940821305006,442.01414999000616,10000.0,496.91209081131115,United States
US,SPE,3,1.0,526.681440241974,526.681440241974,30.0,54.872458967391566,441.8089812745824,30000.0,496.681440241974,United States
US,ES,2,1.0,516.134594476052,516.134594476052,20.0,54.812044445283746,441.3225500307683,20000.0,496.13459447605203,United States
US,TRVG,1,1.0,506.0315781530256,506.0315781530256,10.0,54.800663389942756,441.2309147630828,10000.0,496.0315781530256,United States
US,ETB,3,0.6666666666666666,549.1106781959854,529.5413309910691,30.0,58.455181986210924,441.08614900485816,30000.0,499.5413309910691,United States
US,VKQ,5,1.0,542.9760255710269,542.976025571027,50.0,54.463091517724735,438.5129340533022,50000.0,492.976025571027,United States
US,TRTN-PF,4,1.0,532.2268922847462,532.2268922847462,40.0,54.380328639585926,437.84656364516024,40000.0,492.2268922847462,United States
US,PBI,4,0.5,1039.3000604470858,590.3645913280332,40.0,112.61041023617409,437.754181091859,40000.0,550.3645913280332,United States
US,AEE,4,0.75,683.8707214720241,549.4079487285974,40.0,72.23844385341344,437.169504875184,40000.0,509.4079487285974,United States
US,YORW,2,1.0,509.80495443492475,509.80495443492475,20.0,54.11275736649557,435.6921970684292,20000.0,489.80495443492475,United States
US,NHPAP,4,0.75,569.6163199388327,535.0589526922755,40.0,59.615826110903114,435.44312658137244,40000.0,495.0589526922755,United States
US,GSBD,4,0.75,639.42248842074,542.3354389879265,40.0,67.32788419350061,435.00755479442586,40000.0,502.3354389879265,United States
US,NUS,1,1.0,498.007930132498,498.007930132498,10.0,53.91422540151964,434.0937047309784,10000.0,488.007930132498,United States
US,THO,2,0.5,828.1272852345056,543.3297684844852,20.0,90.38520921430646,432.9445592701787,20000.0,523.3297684844852,United States
US,EGAN,2,0.5,523.7313066098582,508.5800226521176,20.0,56.75609708403922,431.8239255680784,20000.0,488.5800226521176,United States
US,GWRS,1,1.0,493.56228633329334,493.56228633329334,10.0,53.423078788840385,430.139207544453,10000.0,483.56228633329334,United States
US,AIN,1,1.0,493.3047143399838,493.3047143399838,10.0,53.394622705143874,429.9100916348399,10000.0,483.3047143399838,United States
US,WERN,1,1.0,490.4200908911482,490.4200908911482,10.0,53.07593477157525,427.344156119573,10000.0,480.4200908911482,United States
US,FXNC,2,1.0,498.83806981462885,498.83806981462885,20.0,52.901155970570386,425.9369138440585,20000.0,478.83806981462885,United States
US,PAC,3,1.0,508.6678625380637,508.6678625380637,30.0,52.901086029105684,425.76677650895795,30000.0,478.6678625380637,United States
US,CMIIU,1,1.0,488.5055644302083,488.5055644302083,10.0,52.86442138259351,425.64114304761483,10000.0,478.5055644302083,United States
US,INFU,1,1.0,488.32283910925423,488.32283910925423,10.0,52.84423422264754,425.4786048866067,10000.0,478.32283910925423,United States
US,KYN,3,1.0,508.2415514725791,508.24155147257915,30.0,52.83525371291512,425.406297759664,30000.0,478.24155147257915,United States
US,HTGC,1,1.0,487.48358122130855,487.48358122130855,10.0,52.751514543013606,424.7320666782949,10000.0,477.48358122130855,United States
US,SF-PC,2,1.0,496.99393961751383,496.99393961751383,20.0,52.6974198323277,424.29651978518615,20000.0,476.99393961751383,United States
US,MFM,4,1.0,516.2134312721901,516.2134312721901,40.0,52.611190694932056,423.60224057725793,40000.0,476.21343127219006,United States
US,TREX,5,0.4,1282.0397804034478,612.6302814860253,50.0,139.42785144471304,423.2024300413122,50000.0,562.6302814860253,United States
US,AHT-PG,1,1.0,484.8724919826908,484.8724919826908,10.0,52.46304616973103,422.4094458129598,10000.0,474.8724919826908,United States
US,KEY-PJ,3,0.6666666666666666,511.14921524273217,506.32251855965205,30.0,54.2612688469768,422.06124971267525,30000.0,476.32251855965205,United States
US,CLNK,2,0.5,773.8997035395579,525.7193307933273,20.0,84.39424496565799,421.3250858276693,20000.0,505.71933079332734,United States
US,PTCT,5,0.6,947.9489624223226,572.2050779409161,50.0,101.41332591396846,420.7917520269476,50000.0,522.2050779409161,United States
US,RCKY,4,0.5,719.0378105412942,535.6207172945782,40.0,77.22842141412642,418.3922958804517,40000.0,495.6207172945782,United States
US,RCD,5,0.8,529.9522149604652,521.1066389268037,50.0,55.233796954994155,415.87284197180963,50000.0,471.1066389268037,United States
US,ECBK,4,0.75,646.9163938160194,523.8240579924769,40.0,68.15579718358063,415.66826080889626,40000.0,483.8240579924769,United States
US,PSO,1,1.0,477.15064018003295,477.15064018003295,10.0,51.6099500766151,415.54069010341783,10000.0,467.15064018003295,United States
US,EVN,5,1.0,516.7459202838609,516.7459202838609,50.0,51.56523736118694,415.18068292267395,50000.0,466.74592028386087,United States
US,PSX,1,1.0,476.1046738749153,476.1046738749153,10.0,51.49439362833936,414.61028024657594,10000.0,466.1046738749153,United States
US,RCUS,2,1.0,484.8200216737797,484.8200216737797,20.0,51.35246759792469,413.467554075855,20000.0,464.8200216737797,United States
US,GGZ,3,1.0,493.8894963554086,493.8894963554086,30.0,51.24966485916005,412.6398314962486,30000.0,463.8894963554086,United States
US,NHS,3,1.0,492.99366552513214,492.99366552513214,30.0,51.150695104115215,411.84297042101696,30000.0,462.99366552513214,United States
US,BBT,4,0.5,794.7269337624907,536.3615048456372,40.0,85.59041759866184,410.77108724697536,40000.0,496.3615048456372,United States
US,IIPR,1,1.0,469.4832716440511,469.4832716440511,10.0,50.76287319535785,408.7203984486933,10000.0,459.4832716440511,United States
US,PHG,2,1.0,479.3652845088903,479.3652845088903,20.0,50.749838192017194,408.6154463168731,20000.0,459.3652845088903,United States
US,SRI,2,0.5,509.4611210941058,483.1452312336515,20.0,55.1795530344192,407.9656781992323,20000.0,463.1452312336515,United States
US,IGIC,1,1.0,467.9309249453234,467.9309249453234,10.0,50.591372765449286,407.3395521798741,10000.0,457.9309249453234,United States
US,GHC,2,1.0,477.0161702965825,477.0161702965825,20.0,50.490312341480525,406.52585795510197,20000.0,457.0161702965825,United States
US,VCV,4,1.0,496.93317735220126,496.93317735220126,40.0,50.481143432465274,406.452033919736,40000.0,456.93317735220126,United States
US,CNOB,5,0.6,903.8600814818731,552.8357784208515,50.0,96.54246681936569,406.2933116014858,50000.0,502.8357784208515,United States
US,NWFL,2,0.5,493.9879478476916,478.3190698632233,20.0,53.47010509602721,404.8489647671961,20000.0,458.3190698632233,United States
US,CPB,3,0.6666666666666666,525.3932115842974,490.19726725093807,30.0,55.83491956443351,404.36234768650456,30000.0,460.19726725093807,United States
US,EXG,3,1.0,483.9826081501064,483.9826081501064,30.0,50.15516993244175,403.8274382176646,30000.0,453.9826081501064,United States
US,VTN,2,1.0,473.6778957811727,473.6778957811727,20.0,50.12150586608763,403.5563899150851,20000.0,453.6778957811727,United States
US,BACC,1,1.0,462.42741491064,462.42741491064,10.0,49.98335502190793,402.44405988873206,10000.0,452.42741491064,United States
US,PDI,2,1.0,472.1952695999665,472.1952695999665,20.0,49.95770803169988,402.23756156826664,20000.0,452.1952695999665,United States
US,WRB-PE,3,1.0,481.5259599574473,481.5259599574473,30.0,49.88376392402854,401.64219603341877,30000.0,451.5259599574473,United States
US,VNO,1,1.0,459.32725725768677,459.32725725768677,10.0,49.640855262864704,399.68640199482206,10000.0,449.32725725768677,United States
US,UTF,3,0.6666666666666666,520.749239360021,484.43861265617835,30.0,55.3218619893444,399.1167506668339,30000.0,454.43861265617835,United States
US,MUC,4,1.0,487.1848718202876,487.1848718202875,40.0,49.40416843005542,397.78070339023213,40000.0,447.1848718202875,United States
US,ITRI,1,1.0,456.90149050868325,456.90149050868325,10.0,49.37286097998127,397.52862952870197,10000.0,446.90149050868325,United States
US,INR,1,1.0,455.63543062034694,455.63543062034694,10.0,49.2329889943497,396.40244162599726,10000.0,445.63543062034694,United States
US,YCS,1,1.0,455.2155440907346,455.2155440907346,10.0,49.186600696941426,396.0289433937932,10000.0,445.2155440907346,United States
US,DDI,1,1.0,454.54545454545416,454.54545454545416,10.0,49.1125704270365,395.43288411841763,10000.0,444.54545454545416,United States
US,AGRO,1,1.0,454.54528940704455,454.54528940704455,10.0,49.112552182846414,395.43273722419815,10000.0,444.54528940704455,United States
IN,WINDLAS,1,1.0,429.3751850755112,429.3751850755112,35.0,0.0,394.3751850755112,10000.0,394.3751850755112,India
US,MOG-A,4,0.75,1120.5281438257941,554.230072257328,40.0,120.47955888126938,393.7505133760586,40000.0,514.230072257328,United States
US,GAM,2,1.0,462.4880793051678,462.4880793051678,20.0,48.88527536564234,393.6028039395254,20000.0,442.4880793051678,United States
US,AVNT,3,0.6666666666666666,717.9668781015924,500.2292659369334,30.0,77.1101067528704,393.11915918406305,30000.0,470.2292659369334,United States
US,HLIT,1,1.0,450.9285337412705,450.9285337412705,10.0,48.712979618249314,392.21555412302115,10000.0,440.9285337412705,United States
US,AIIR,2,1.0,460.3618113258534,460.3618113258534,20.0,48.65036916018443,391.711442165669,20000.0,440.3618113258534,United States
US,MLAB,1,1.0,449.3120283844876,449.3120283844876,10.0,48.53439105690217,390.7776373275854,10000.0,439.3120283844876,United States
US,XPEL,1,1.0,448.8516152527233,448.8516152527233,10.0,48.48352545445793,390.3680897982654,10000.0,438.8516152527233,United States
US,AIOS,1,1.0,448.80758662712014,448.80758662712014,10.0,48.47866125226302,390.32892537485714,10000.0,438.80758662712014,United States
US,NUW,4,1.0,477.97369172468905,477.97369172468905,40.0,48.38653406548013,389.5871576592089,40000.0,437.97369172468905,United States
US,ETHB,2,0.5,753.92949791929,491.7568560937035,20.0,82.18797309865475,389.56888299504874,20000.0,471.7568560937035,United States
US,FNGS,4,0.75,1036.6689133082095,540.3553853206178,40.0,111.21494415483346,389.14044116578424,40000.0,500.35538532061776,United States
US,PMT,2,0.5,487.5719570065074,461.6678033405419,20.0,52.76127813845754,388.90652520208437,20000.0,441.6678033405419,United States
US,WTTR,2,0.5,1090.3950060828272,527.3086564841445,20.0,119.36006831858398,387.9485881655605,20000.0,507.30865648414454,United States
US,ANIK,1,1.0,444.67089537123974,444.67089537123974,10.0,48.02164715266534,386.64924821857437,10000.0,434.67089537123974,United States
US,UNMA,3,1.0,464.124867670086,464.124867670086,30.0,47.96132300885996,386.16354466122607,30000.0,434.124867670086,United States
US,MMU,5,1.0,482.98357251741476,482.98357251741476,50.0,47.83523480350217,385.1483377139126,50000.0,432.98357251741476,United States
US,STEW,2,1.0,452.35272039017894,452.35272039017894,20.0,47.76553941192608,384.5871809782529,20000.0,432.35272039017894,United States
US,EPAM,1,1.0,442.32760690199325,442.32760690199325,10.0,47.76276491958884,384.5648419824044,10000.0,432.32760690199325,United States
US,TEVA,2,0.5,581.321910194097,467.3540057682313,20.0,63.11860185277771,384.23540391545356,20000.0,447.3540057682313,United States
US,PYPL,1,1.0,439.89674620447784,439.89674620447784,10.0,47.494207866571365,382.4025383379065,10000.0,429.89674620447784,United States
US,RLGT,1,1.0,439.5604395604402,439.5604395604402,10.0,47.457053322370115,382.10338623807013,10000.0,429.5604395604402,United States
US,ZETA,1,1.0,439.1531969504392,439.1531969504392,10.0,47.41206190212262,381.7411350483166,10000.0,429.1531969504392,United States
US,LGL,1,1.0,438.0662347614939,438.0662347614939,10.0,47.291976303427916,380.77425845806596,10000.0,428.0662347614939,United States
US,SKY,5,0.6,1320.3437226194237,572.6179761083538,50.0,142.55481931994692,380.063156788407,50000.0,522.6179761083538,United States
US,IIM,3,1.0,457.21584931206263,457.21584931206263,30.0,47.19802727111124,380.0178220409514,30000.0,427.21584931206263,United States
US,SHOP,1,1.0,436.62948053752035,436.62948053752035,10.0,47.133246319149045,379.4962342183713,10000.0,426.62948053752035,United States
US,GLNK,2,0.5,748.8297449073244,480.9725452838531,20.0,81.62456169403978,379.3479835898133,20000.0,460.9725452838531,United States
US,AGL,1,1.0,435.60616569414015,435.60616569414015,10.0,47.02019236302226,378.5859733311179,10000.0,425.60616569414015,United States
US,ABM,1,1.0,435.4415443988979,435.4415443988979,10.0,47.0020053027932,378.43953909610474,10000.0,425.4415443988979,United States
US,KZIA,1,1.0,432.90046042350207,432.90046042350207,10.0,46.721270983216705,376.17918944028537,10000.0,422.90046042350207,United States
US,AER,5,0.6,1064.9679237498221,538.198368481444,50.0,114.34136717663726,373.8570013048068,50000.0,488.19836848144405,United States
US,DKL,1,1.0,429.28803788975233,429.28803788975233,10.0,46.322177135136755,372.96586075461556,10000.0,419.28803788975233,United States
US,WES,2,1.0,437.3047415537212,437.3047415537212,20.0,46.10306617587476,371.2016753778464,20000.0,417.3047415537212,United States
EU,BNP.PA,1,1.0,443.961313147605,443.961313147605,25.0,51.76212558233932,367.1991875652657,10000.0,418.961313147605,Europe
US,HRL,4,0.5,1409.5400011328452,558.8274485693535,40.0,153.51384311554892,365.3136054538046,40000.0,518.8274485693535,United States
US,WHR,2,0.5,1099.7508065612926,505.5511813899749,20.0,120.39368007909508,365.15750131087987,20000.0,485.5511813899749,United States
US,CNX,1,1.0,420.4294875343062,420.4294875343062,10.0,45.34350066062831,365.0859868736779,10000.0,410.4294875343062,United States
US,RFMZ,5,1.0,460.315459301257,460.3154593012571,50.0,45.33090302956711,364.98455627168994,50000.0,410.3154593012571,United States
US,VYLD,4,1.0,449.72714081246806,449.7271408124681,40.0,45.26590667673359,364.4612341357345,40000.0,409.7271408124681,United States
US,CCEC,1,1.0,419.37136257284016,419.37136257284016,10.0,45.22660094619136,364.1447616266488,10000.0,409.37136257284016,United States
US,FDP,1,1.0,419.0962655203667,419.0962655203667,10.0,45.19620872594543,363.9000567944213,10000.0,409.0962655203667,United States
US,ETHE,2,0.5,738.8582147593792,463.3559211009275,20.0,80.52292524348374,362.83299585744373,20000.0,443.3559211009275,United States
US,IEAG,3,1.0,436.65709522199506,436.65709522199506,30.0,44.92673364339217,361.7303615786029,30000.0,406.65709522199506,United States
US,AGCO,2,0.5,478.3313177061088,432.89969182896067,20.0,51.74038917470533,361.1593026542553,20000.0,412.89969182896067,United States
US,IBOC,4,0.5,637.50503554854,469.2101471643728,40.0,68.22082924779164,360.9893179165812,40000.0,429.2101471643728,United States
US,NODK,5,0.6,548.6443642680316,466.7408431002129,50.0,57.29888272672643,359.44196037348644,50000.0,416.7408431002129,United States
US,VALN,2,1.0,423.95720600153066,423.95720600153066,20.0,44.62845481019426,359.3287511913364,20000.0,403.95720600153066,United States
US,FSK,1,1.0,413.34653755583207,413.34653755583207,10.0,44.560989274914846,358.7855482809172,10000.0,403.34653755583207,United States
US,ASH,3,0.6666666666666666,1041.2025149400383,497.9167901069392,30.0,112.8205899361665,355.09620017077265,30000.0,467.9167901069392,United States
US,ATGL,1,1.0,409.09073569557864,409.09073569557864,10.0,44.09081605314852,354.99991964243014,10000.0,399.09073569557864,United States
US,CVLG,1,1.0,408.03089043019327,408.03089043019327,10.0,43.973726282674484,354.0571641475188,10000.0,398.03089043019327,United States
US,YOU,1,1.0,407.84349628523177,407.84349628523177,10.0,43.953023319573795,353.890472965658,10000.0,397.84349628523177,United States
US,STHO,2,1.0,417.57738008969096,417.57738008969096,20.0,43.92362328800978,353.65375680168114,20000.0,397.57738008969096,United States
US,GLAD,1,1.0,406.6349721452389,406.6349721452389,10.0,43.81950777840409,352.8154643668348,10000.0,396.6349721452389,United States
US,GAIN,1,1.0,405.95406931049905,405.95406931049905,10.0,43.744282876016264,352.2097864344828,10000.0,395.95406931049905,United States
US,ADUS,1,1.0,405.39138827950796,405.39138827950796,10.0,43.682118902726366,351.7092693767816,10000.0,395.39138827950796,United States
US,IMMX,3,0.3333333333333333,751.0286103550778,461.138571915074,30.0,81.86748833530483,349.27108357976914,30000.0,431.138571915074,United States
US,PTA,2,1.0,410.94779404645675,410.94779404645675,20.0,43.19119872237485,347.7565953240819,20000.0,390.94779404645675,United States
US,CII,1,1.0,400.3264233956938,400.3264233956938,10.0,43.122550827013754,347.20387256868,10000.0,390.3264233956938,United States
US,MBIN,2,1.0,410.0406151599101,410.0406151599101,20.0,43.090975254785924,346.9496399051242,20000.0,390.0406151599101,United States
US,GIB,1,1.0,399.8041028453536,399.8041028453536,10.0,43.06484580595961,346.73925703939403,10000.0,389.8041028453536,United States
US,CRD-A,4,0.25,762.167371009006,469.298155785708,40.0,83.09807828171495,346.20007750399304,40000.0,429.298155785708,United States
US,FUSB,3,1.0,419.6724813622854,419.6724813622854,30.0,43.485115514058265,346.18736584822716,30000.0,389.6724813622854,United States
US,IFN,4,0.75,592.6858202782425,447.51072365401217,40.0,62.16450240159717,345.346221252415,40000.0,407.51072365401217,United States
US,XRN-PA,4,1.0,428.19902788965084,428.1990278896508,40.0,42.88752005446085,345.31150783518996,40000.0,388.1990278896508,United States
US,BCX,2,0.5,508.3178239917574,420.2898564581625,20.0,55.05324365731506,345.2366128008474,20000.0,400.2898564581625,United States
US,APLE,4,0.5,565.7783786368275,445.4117022240611,40.0,60.29659910877405,345.11510311528707,40000.0,405.4117022240611,United States
US,FTK,1,1.0,397.8838740737478,397.8838740737478,10.0,42.85270243610344,345.0311716376443,10000.0,387.8838740737478,United States
US,BHF,2,1.0,406.37997560984076,406.37997560984076,20.0,42.686554478749414,343.6934211310913,20000.0,386.37997560984076,United States
US,MSBT,1,1.0,396.2704851910792,396.2704851910792,10.0,42.67445817712822,343.596027013951,10000.0,386.2704851910792,United States
US,CBZ,1,1.0,395.4989810465226,395.4989810465226,10.0,42.58922380739874,342.90975723912385,10000.0,385.4989810465226,United States
US,CIM-PD,1,1.0,394.62242556569606,394.62242556569606,10.0,42.49238355777946,342.1300420079166,10000.0,384.62242556569606,United States
US,SYK,1,1.0,394.1919608433553,394.1919608433553,10.0,42.44482660094602,341.74713424240923,10000.0,384.1919608433553,United States
US,PUK,2,0.5,472.56080115713803,412.8367103645303,20.0,51.10287303880987,341.7338373257204,20000.0,392.8367103645303,United States
US,ASST,3,0.6666666666666666,1970.1194943159871,586.6072776591213,30.0,215.44564234417973,341.16163531494146,30000.0,556.6072776591213,United States
US,GBAB,4,1.0,423.3751160024491,423.3751160024491,40.0,42.354583073840374,341.0205329286087,40000.0,383.3751160024491,United States
US,FTRE,2,1.0,402.20065568563166,402.20065568563166,20.0,42.224830841681275,339.9758248439504,20000.0,382.20065568563166,United States
US,HWBK,5,0.6,908.9272164653472,487.8246994641477,50.0,97.9264112934626,339.8982881706851,50000.0,437.8246994641477,United States
US,GSK,2,0.5,422.34090651095624,405.3148864132783,20.0,45.55467074041753,339.7602156728608,20000.0,385.3148864132783,United States
US,QCRH,1,1.0,391.1601500185635,391.1601500185635,10.0,42.1098776747304,339.0502723438331,10000.0,381.1601500185635,United States
US,ETY,3,0.6666666666666666,582.1364113111493,430.93360973455395,30.0,62.10380470170234,338.8298050328516,30000.0,400.93360973455395,United States
US,MOV,1,1.0,389.1352257239156,389.1352257239156,10.0,41.88616773458041,337.2490579893352,10000.0,379.1352257239156,United States
US,AGQ,2,0.5,1286.4611326133258,497.83910929904766,20.0,141.0210961147883,336.8180131842595,20000.0,477.83910929904766,United States
US,AXIL,1,1.0,388.34963801609223,388.34963801609223,10.0,41.79937743848675,336.55026057760546,10000.0,378.34963801609223,United States
US,OLP,1,1.0,387.9136521264259,387.9136521264259,10.0,41.75121051316452,336.1624416132614,10000.0,377.9136521264259,United States
US,PSTL,2,1.0,398.34365948341997,398.34365948341997,20.0,42.44958583278315,335.8940736506368,20000.0,378.34365948341997,United States
US,PAVM,1,1.0,387.59715797365146,387.59715797365146,10.0,41.71624481683595,335.8809131568155,10000.0,377.59715797365146,United States
US,PODD,1,1.0,386.81603643615506,386.81603643615506,10.0,41.629947935088296,335.18608850106676,10000.0,376.81603643615506,United States
US,FELE,5,0.6,827.2117467603302,472.37563659100704,50.0,88.07449869903945,334.3011378919676,50000.0,422.37563659100704,United States
US,BML-PJ,4,1.0,415.4246852240817,415.4246852240817,40.0,41.47623399269389,333.9484512313878,40000.0,375.4246852240817,United States
US,PML,4,0.75,444.82764551047933,418.3024212750863,40.0,45.82940112625089,332.4730201488354,40000.0,378.3024212750863,United States
US,OWLS,1,1.0,383.21178324901115,383.21178324901115,10.0,41.231756621510534,331.9800266275006,10000.0,373.21178324901115,United States
US,RPM,4,0.5,681.0890210118337,444.98229290109043,40.0,73.03590841162116,331.94638448946927,40000.0,404.98229290109043,United States
US,PSLV,2,0.5,717.4393357030606,429.37306037723715,20.0,78.15660657940647,331.2164537978307,20000.0,409.37306037723715,United States
US,VSNT,1,1.0,382.1481787177472,382.1481787177472,10.0,41.11425153420372,331.0339271835435,10000.0,372.1481787177472,United States
US,COF,2,1.0,391.59607872996327,391.59607872996327,20.0,41.05325653525467,330.5428221947086,20000.0,371.59607872996327,United States
US,NPCE,3,0.3333333333333333,592.9094888178832,424.70616865374575,30.0,64.39877638930834,330.30739226443745,30000.0,394.70616865374575,United States
US,OUT,2,1.0,389.0641121445171,389.0641121445171,20.0,40.773529488278605,328.2905826562385,20000.0,369.0641121445171,United States
US,B,1,1.0,378.49702484582747,378.49702484582747,10.0,40.71087871857577,327.7861461272517,10000.0,368.49702484582747,United States
IN,BDH,1,1.0,362.70407446344245,362.70407446344245,35.0,0.0,327.70407446344245,10000.0,327.70407446344245,India
US,BR,2,0.5,566.0636171885769,409.08705043031017,20.0,61.432893491197014,327.65415693911314,20000.0,389.08705043031017,United States
US,AOMN,5,1.0,417.9708594663878,417.97085946638776,50.0,40.65274892782035,327.31811053856745,50000.0,367.97085946638776,United States
US,MYN,4,1.0,407.6470213627803,407.6470213627803,40.0,40.61697188520804,327.0300494775722,40000.0,367.6470213627803,United States
US,CODI,1,1.0,376.9841648283467,376.9841648283467,10.0,40.543740705139676,326.44042412320704,10000.0,366.9841648283467,United States
US,TIGO,1,1.0,376.7236815823138,376.7236815823138,10.0,40.51496299155596,326.2087185907578,10000.0,366.7236815823138,United States
US,SLVO,2,0.5,714.0567033213752,423.83462619226873,20.0,77.78289952791009,326.0517266643586,20000.0,403.83462619226873,United States
US,STRRP,2,1.0,386.2572461949787,386.2572461949787,20.0,40.463432061308154,325.79381413367054,20000.0,366.2572461949787,United States
US,PPG,3,1.0,396.1469335376755,396.1469335376755,30.0,40.451244920273645,325.69568861740186,30000.0,366.1469335376755,United States
US,NXRT,1,1.0,375.0452426122153,375.0452426122153,10.0,40.32953211765189,324.71571049456344,10000.0,365.0452426122153,United States
US,KOP,1,1.0,372.7419644069441,372.7419644069441,10.0,40.075070145512036,322.66689426143205,10000.0,362.7419644069441,United States
US,EOT,2,1.0,382.3201918423314,382.3201918423314,20.0,40.02847348239934,322.291718359932,20000.0,362.3201918423314,United States
US,THQ,3,0.6666666666666666,493.45302505236833,403.3154503215186,30.0,52.3062260541017,321.0092242674169,30000.0,373.3154503215186,United States
US,USML,1,1.0,369.70142224850065,369.70142224850065,10.0,39.73915659749114,319.9622656510095,10000.0,359.70142224850065,United States
US,ED,2,1.0,378.3941158629722,378.3941158629722,20.0,39.59472777413352,318.7993880888387,20000.0,358.3941158629722,United States
US,SEAT,1,1.0,367.5344271462677,367.5344271462677,10.0,39.49975093382896,318.03467621243874,10000.0,357.5344271462677,United States
US,KE,1,1.0,366.3531571590073,366.3531571590073,10.0,39.369246381708436,316.9839107772989,10000.0,356.3531571590073,United States
US,NUV,5,1.0,405.9719858438271,405.9719858438271,50.0,39.32713527052702,316.6448505733001,50000.0,355.9719858438271,United States
US,PAGP,1,1.0,365.5915619224626,365.5915619224626,10.0,39.28510673005022,316.3064551924124,10000.0,355.5915619224626,United States
US,PAA,1,1.0,365.5111711496706,365.5111711496706,10.0,39.276225304202626,316.23494584546796,10000.0,355.5111711496706,United States
US,PNFP-PB,4,1.0,393.87267755464745,393.8726775546475,40.0,39.09520752242798,314.7774700322195,40000.0,353.8726775546475,United States
US,WBTN,1,1.0,363.3059467866562,363.3059467866562,10.0,39.03259614158594,314.27335064507025,10000.0,353.3059467866562,United States
US,MFI,4,0.25,1857.1431296212327,557.9616456379711,40.0,204.06900152673504,313.892644111236,40000.0,517.9616456379711,United States
US,ESOA,5,0.6,1752.39470582667,554.0769378645828,50.0,190.2870233586379,313.7899145059448,50000.0,504.07693786458276,United States
US,SF,5,0.4,1527.5144592855638,530.0818488310188,50.0,166.54744592348052,313.53440290753827,50000.0,480.08184883101876,United States
US,PB,5,0.6,918.3859788766636,460.3216457974113,50.0,98.14726145065262,312.1743843467587,50000.0,410.3216457974113,United States
US,CPBI,3,1.0,380.82015510125797,380.82015510125797,30.0,38.75797041328806,312.06218468796993,30000.0,350.82015510125797,United States
US,AFL,2,0.5,399.2380558634001,373.983224965978,20.0,43.00230996855097,310.9809149974271,20000.0,353.983224965978,United States
US,SLMT,1,1.0,358.5653571018677,358.5653571018677,10.0,38.50886444580712,310.0564926560605,10000.0,348.5653571018677,United States
US,PSA-PK,2,1.0,368.4051128344512,368.4051128344512,20.0,38.49116095162323,309.913951882828,20000.0,348.4051128344512,United States
US,SEVN,1,1.0,357.14263007754266,357.14263007754266,10.0,38.35168416094276,308.7909459165999,10000.0,347.14263007754266,United States
US,PBHC,2,0.5,808.0802943168663,416.8527213901652,20.0,88.17045424779931,308.6822671423659,20000.0,396.8527213901652,United States
US,FGN,2,1.0,366.88287210031586,366.88287210031586,20.0,38.32298657373297,308.55988552658295,20000.0,346.88287210031586,United States
US,CRF,3,0.6666666666666666,378.0311660657754,378.03097907081144,30.0,39.55462974300072,308.4763493278107,30000.0,348.03097907081144,United States
EU,NDA-FI.HE,1,1.0,376.3769422925667,376.3769422925667,25.0,43.41216442406552,307.9647778685012,10000.0,351.3769422925667,Europe
US,TPGXL,2,1.0,365.79237663202366,365.79237663202366,20.0,38.202510624785006,307.58986600723864,20000.0,345.79237663202366,United States
US,EOI,1,1.0,355.6481365379427,355.6481365379427,10.0,38.186575242460165,307.46156129548257,10000.0,345.6481365379427,United States
US,VGI,2,1.0,365.1493829040531,365.1493829040531,20.0,38.13147385132078,307.0179090527323,20000.0,345.1493829040531,United States
US,SFST,1,1.0,354.4136931733033,354.4136931733033,10.0,38.05019619265966,306.3634969806436,10000.0,344.4136931733033,United States
US,BACCU,1,1.0,353.9821320930403,353.9821320930403,10.0,38.00251811220407,305.97961398083623,10000.0,343.9821320930403,United States
US,VNO-PN,4,0.75,391.0723399267657,385.4029299305073,40.0,39.890613080366,305.5123168501413,40000.0,345.4029299305073,United States
US,CBFV,4,0.75,696.7995975797071,418.72489446515226,40.0,73.66680248780835,305.0580919773439,40000.0,378.72489446515226,United States
US,VVV,4,0.5,1068.2733039321479,460.6316450230075,40.0,115.81132129399774,304.8203237290097,40000.0,420.6316450230075,United States
US,RNP,1,1.0,352.2897306614081,352.2897306614081,10.0,37.815544691034255,304.47418597037387,10000.0,342.2897306614081,United States
US,CMTV,2,1.0,362.06651805114507,362.06651805114507,20.0,37.79088456926346,304.2756334818816,20000.0,342.06651805114507,United States
US,NAN,3,1.0,370.81633223890356,370.81633223890356,30.0,37.65276632258523,303.1635659163183,30000.0,340.81633223890356,United States
US,SPB,4,0.5,862.1692205769582,436.1949600137882,40.0,93.04131834923346,303.1536416645548,40000.0,396.1949600137882,United States
US,DEFI,3,0.6666666666666666,804.8406708936584,419.4075511715522,30.0,86.70776481716594,302.6997863543863,30000.0,389.4075511715522,United States
US,ETG,1,1.0,348.3242122374297,348.3242122374297,10.0,37.37744145347785,300.9467707839519,10000.0,338.3242122374297,United States
IN,PICCADIL,1,1.0,334.4530850843719,334.4530850843719,35.0,0.0,299.4530850843719,10000.0,299.4530850843719,India
US,HIG,1,1.0,344.6194742149711,344.6194742149711,10.0,36.96814875870098,297.6513254562701,10000.0,334.6194742149711,United States
US,VNO-PM,5,1.0,384.49416124859636,384.49416124859636,50.0,36.954304410899034,297.53985683769736,50000.0,334.49416124859636,United States
US,AVNW,1,1.0,344.3111488205242,344.3111488205242,10.0,36.934085531882694,297.37706328864147,10000.0,334.3111488205242,United States
US,PHYS,1,1.0,343.5624512614521,343.5624512614521,10.0,36.85137079209062,296.7110804693615,10000.0,333.5624512614521,United States
US,CEPO,5,0.6,597.7489050188444,409.4417488090529,50.0,62.78930332737666,296.65244548167624,50000.0,359.4417488090529,United States
US,TEX,5,0.6,1596.7133110275267,519.7304779314404,50.0,173.0876270132853,296.6428509181551,50000.0,469.7304779314404,United States
US,TIMB,2,0.5,415.0578782365133,360.93033518759364,20.0,44.75005506975139,296.18028011784224,20000.0,340.93033518759364,United States
EU,IBE.MC,1,1.0,362.7447988472743,362.7447988472743,25.0,41.72793082342496,296.0168680238493,10000.0,337.7447988472743,Europe
US,VICI,1,1.0,342.4658695493843,342.4658695493843,10.0,36.730222446039036,295.7356471033453,10000.0,332.4658695493843,United States
US,AAP,3,0.6666666666666666,1752.4778111254482,516.9121674625045,30.0,191.4009864282093,295.5111810342953,30000.0,486.9121674625045,United States
US,AR,5,0.8,667.7597038306237,413.52196979236976,50.0,69.35374628261927,294.1682235097504,50000.0,363.52196979236976,United States
US,NGG,3,0.3333333333333333,543.8069154368663,382.73802174001116,30.0,58.9740137049396,293.7640080350716,30000.0,352.73802174001116,United States
US,UBCP,2,1.0,350.10625005439385,350.10625005439385,20.0,36.46953599104599,293.6367140633479,20000.0,330.10625005439385,United States
US,BCO,2,0.5,985.5008992008552,421.35670570329967,20.0,107.77155884458779,293.5851468587118,20000.0,401.35670570329967,United States
US,MLPB,2,0.5,354.5844725688063,351.09645283113883,20.0,38.069063588565676,293.0273892425732,20000.0,331.09645283113883,United States
US,EMD,3,1.0,358.3518660798713,358.35186607987123,30.0,36.27571485166913,292.0761512282021,30000.0,328.35186607987123,United States
US,DB,4,0.5,1257.5295731602232,468.3674145268835,40.0,136.72000848488574,291.6474060419977,40000.0,428.3674145268835,United States
US,FGDL,1,1.0,337.7360217976122,337.7360217976122,10.0,36.20767749941352,291.52834429819865,10000.0,327.7360217976122,United States
US,WH,3,0.6666666666666666,498.3064763551437,374.2661307108541,30.0,52.84242649543896,291.42370421541517,30000.0,344.2661307108541,United States
US,GBDC,2,0.5,348.17792143416295,348.1778641993949,20.0,37.361279512545146,290.81658468684975,20000.0,328.1778641993949,United States
US,CRML,2,1.0,347.5940340548167,347.5940340548167,20.0,37.29674539341642,290.2972886614003,20000.0,327.5940340548167,United States
US,BATRK,3,1.0,355.75706048940555,355.7570604894056,30.0,36.23754053159156,289.519519957814,30000.0,325.7570604894056,United States
US,WTW,1,1.0,334.6403115969099,334.6403115969099,10.0,35.86566908677742,288.7746425101325,10000.0,324.6403115969099,United States
US,DEA,1,1.0,333.74533321221867,333.74533321221867,10.0,35.766793508364934,287.97853970385376,10000.0,323.74533321221867,United States
IN,EVEXIA,1,1.0,322.5811165403902,322.5811165403902,35.0,0.0,287.5811165403902,10000.0,287.5811165403902,India
US,AIG,2,1.0,342.74928231061483,342.74928231061483,20.0,35.895430417007375,286.85385189360744,20000.0,322.74928231061483,United States
US,CART,4,0.5,719.0922069640138,403.8686755868948,40.0,77.23443103162327,286.6342445552716,40000.0,363.8686755868948,United States
US,LAZ,1,1.0,332.1805592671412,332.1805592671412,10.0,35.59392013896205,286.5866391281791,10000.0,322.1805592671412,United States
US,DIT,1,1.0,332.15059127428503,332.15059127428503,10.0,35.59060932980934,286.5599819444757,10000.0,322.15059127428503,United States
US,NREF-PA,2,1.0,341.2865951924049,341.2865951924049,20.0,35.49515661966205,285.79143857274283,20000.0,321.2865951924049,United States
US,PDO,1,1.0,329.4118245442701,329.4118245442701,10.0,35.2880353803161,284.123789163954,10000.0,319.4118245442701,United States
US,GLDI,1,1.0,329.1179572552516,329.1179572552516,10.0,35.2555694585964,283.8623877966552,10000.0,319.1179572552516,United States
US,IAUM,1,1.0,327.2083511947854,327.2083511947854,10.0,35.044599666478206,282.1637515283072,10000.0,317.2083511947854,United States
US,OWL,2,0.5,678.8666780329921,375.8367603256451,20.0,73.89516976342051,281.9415905622246,20000.0,355.8367603256451,United States
US,IAU,1,1.0,326.69732754732064,326.69732754732064,10.0,34.988142706634456,281.7091848406862,10000.0,316.69732754732064,United States
US,DSGX,1,1.0,325.2631283330465,325.2631283330465,10.0,34.829694995163734,280.4334333378828,10000.0,315.2631283330465,United States
US,AXIA-PC,4,0.25,1311.1341160864542,464.1713670390313,40.0,143.74692229539372,280.4244447436376,40000.0,424.1713670390313,United States
US,BAR,1,1.0,324.75798456752744,324.75798456752744,10.0,34.7738876339453,279.9840969335821,10000.0,314.75798456752744,United States
US,FENC,3,1.0,344.6129733772518,344.6129733772518,30.0,34.75786706232029,279.85510631493156,30000.0,314.6129733772518,United States
US,GLD,1,1.0,324.38807785641234,324.38807785641234,10.0,34.73302101566067,279.6550568407517,10000.0,314.38807785641234,United States
US,BDJ,1,1.0,324.324530524176,324.324530524176,10.0,34.72600042238276,279.59853010179324,10000.0,314.324530524176,United States
US,YETI,2,1.0,334.3233366415177,334.3233366415177,20.0,34.72586852440577,279.59746811711193,20000.0,314.3233366415177,United States
US,ALGN,3,0.6666666666666666,879.2023029522777,404.1359956028289,30.0,94.92310220101699,279.2128934018118,30000.0,374.1359956028289,United States
US,GLDM,1,1.0,323.86863922223563,323.86863922223563,10.0,34.67563438344415,279.19300483879147,10000.0,313.86863922223563,United States
US,MYI,5,0.8,395.4302421355305,368.13273362504174,50.0,39.26728441443329,278.8654492106084,50000.0,318.13273362504174,United States
US,MBINM,3,1.0,343.108463853814,343.108463853814,30.0,34.59165159622461,278.5168122575894,30000.0,313.108463853814,United States
US,OUNZ,1,1.0,322.0336595756601,322.0336595756601,10.0,34.47290918132333,277.56075039433676,10000.0,312.0336595756601,United States
US,TXT,3,0.6666666666666666,716.049631704625,384.3162332671246,30.0,76.89829287032079,277.41794039680383,30000.0,354.3162332671246,United States
US,FDUS,1,1.0,321.52617659815473,321.52617659815473,10.0,34.416843388234206,277.1093332099205,10000.0,311.52617659815473,United States
US,NRG,4,0.5,1268.3768746552237,455.0141905153848,40.0,137.91839855539322,277.0957919599916,40000.0,415.0141905153848,United States
US,DBA,4,0.75,403.358257105495,358.2963828590946,40.0,41.24793878582855,277.04844407326607,40000.0,318.2963828590946,United States
US,LEO,4,1.0,351.39416265588915,351.3941626558892,40.0,34.40225872884657,276.9919039270426,40000.0,311.3941626558892,United States
US,SGOL,1,1.0,321.39101822333595,321.39101822333595,10.0,34.401911337677355,276.9891068856586,10000.0,311.39101822333595,United States
US,JBHT,1,1.0,320.60606149648675,320.60606149648675,10.0,34.31519075121005,276.2908707452767,10000.0,310.60606149648675,United States
US,PRKS,2,1.0,329.83320497087743,329.83320497087743,20.0,34.22980697289025,275.60339799798714,20000.0,309.83320497087743,United States
US,GDOT,4,0.5,635.5933966732175,383.4795363313326,40.0,68.00963487399845,275.4699014573342,40000.0,343.4795363313326,United States
US,AURA,3,0.6666666666666666,804.0270278032335,390.9216418680295,30.0,86.61787501360959,274.30376685441985,30000.0,360.9216418680295,United States
US,VIPS,1,1.0,317.3374022492692,317.3374022492692,10.0,33.95407524358418,273.38332700568503,10000.0,307.3374022492692,United States
US,AI,2,0.5,605.7139805385048,358.9330283795888,20.0,65.81339326364899,273.1196351159398,20000.0,338.9330283795888,United States
US,MFIN,2,1.0,326.49192399177184,326.49192399177184,20.0,33.860668348875684,272.6312556428962,20000.0,306.49192399177184,United States
US,PAX,1,1.0,315.9854846372934,315.9854846372934,10.0,33.804717853353736,272.18076678393965,10000.0,305.9854846372934,United States
US,CLM,2,1.0,325.921954626558,325.921954626558,20.0,33.79769917372363,272.1242554528343,20000.0,305.921954626558,United States
US,NSC,1,1.0,315.3237805705422,315.3237805705422,10.0,33.73161399581143,271.5921665747308,10000.0,305.3237805705422,United States
US,NMFC,2,1.0,323.3190501005967,323.3190501005967,20.0,33.510135032556484,269.80891506804016,20000.0,303.3190501005967,United States
US,IBIT,1,1.0,312.96141280654945,312.96141280654945,10.0,33.47062391707518,269.4907888894743,10000.0,302.96141280654945,United States
US,ATH-PB,2,1.0,322.5135612063146,322.5135612063146,20.0,33.42114608970681,269.09241511660775,20000.0,302.5135612063146,United States
US,LBTYA,1,1.0,312.500170298986,312.500170298986,10.0,33.419666686706435,269.0805036122796,10000.0,302.500170298986,United States
US,GTENU,3,1.0,331.75355450236975,331.75355450236975,30.0,33.33718193623082,268.41637256613893,30000.0,301.75355450236975,United States
US,CENT,5,0.6,1073.9514511937664,430.67508930726535,50.0,115.3338508917729,265.34123841549246,50000.0,380.67508930726535,United States
US,OTF,1,1.0,308.219028778971,308.219028778971,10.0,32.94669398557999,265.272334793391,10000.0,298.219028778971,United States
US,HURC,3,0.6666666666666666,644.0600793293049,364.58419674495474,30.0,69.80674778051254,264.7774489644422,30000.0,334.58419674495474,United States
US,CDE,2,0.5,1076.2768124640165,402.3761406799231,20.0,117.80031605632014,264.5758246236029,20000.0,382.3761406799231,United States
US,MFA-PB,4,0.75,377.08875217829836,342.4866006271909,40.0,38.345731828973015,264.1408687982179,40000.0,302.4866006271909,United States
US,LZB,3,0.6666666666666666,475.7894282197017,344.2758941660229,30.0,50.354784115895086,263.92111005012777,30000.0,314.2758941660229,United States
US,NTRS,3,0.6666666666666666,368.26090017501923,330.8165624645709,30.0,38.47522860022833,262.3413338643426,30000.0,300.8165624645709,United States
US,ARTV,4,0.5,690.8264464771263,376.8997006668695,40.0,75.21644164989566,261.68325901697386,40000.0,336.8997006668695,United States
EU,RACE.MI,1,1.0,322.6317975143611,322.6317975143611,25.0,36.77202165634805,260.85977585801305,10000.0,297.6317975143611,Europe
US,NCA,3,1.0,322.8587614810707,322.85876148107076,30.0,32.35450143814962,260.50426004292115,30000.0,292.85876148107076,United States
US,DBVT,1,1.0,302.64005151320106,302.64005151320106,10.0,32.33033876009215,260.3097127531089,10000.0,292.64005151320106,United States
US,EHC,1,1.0,301.71140190441645,301.71140190441645,10.0,32.22774324629905,259.4836586581174,10000.0,291.71140190441645,United States
US,PCG-PE,2,0.5,372.63605035054104,319.30251356668714,20.0,40.063368953876584,259.23914461281055,20000.0,299.30251356668714,United States
US,USA,1,1.0,300.88525957765677,300.88525957765677,10.0,32.13647254992622,258.74878702773054,10000.0,290.88525957765677,United States
US,BITB,1,1.0,300.1852928124049,300.1852928124049,10.0,32.05914149929121,258.12615131311367,10000.0,290.1852928124049,United States
US,RELX,2,1.0,310.1208945300571,310.1208945300571,20.0,32.05202689459816,258.06886763545896,20000.0,290.1208945300571,United States
US,BRRR,1,1.0,299.3479549496136,299.3479549496136,10.0,31.966633940531867,257.3813210090817,10000.0,289.3479549496136,United States
US,CHY,4,0.75,380.1710550946691,335.6275119707708,40.0,38.686259029307344,256.94125294146346,40000.0,295.6275119707708,United States
US,ETV,3,0.6666666666666666,500.7622372363363,339.7964936373721,30.0,53.1137344753009,256.6827591620712,30000.0,309.7964936373721,United States
US,BTC,1,1.0,298.4511631589859,298.4511631589859,10.0,31.867558020341377,256.5836051386445,10000.0,288.4511631589859,United States
US,TDW,1,1.0,298.4379888852784,298.4379888852784,10.0,31.866102550628057,256.57188633465034,10000.0,288.4379888852784,United States
US,AIRJ,1,1.0,298.21039431137785,298.21039431137785,10.0,31.840958317512616,256.36943599386524,10000.0,288.21039431137785,United States
US,PAMT,2,0.5,952.0296329061928,380.41775440637355,20.0,104.07371443661933,256.34403996975425,20000.0,360.41775440637355,United States
US,FMY,4,1.0,327.8083343083793,327.8083343083793,40.0,31.796539462227386,256.01179484615193,40000.0,287.8083343083793,United States
US,CXM,1,1.0,297.61916115170317,297.61916115170317,10.0,31.77563995715954,255.84352119454363,10000.0,287.61916115170317,United States
US,TACOU,3,1.0,317.57385524778357,317.57385524778357,30.0,31.770634643587528,255.80322060419604,30000.0,287.57385524778357,United States
US,CPT,2,1.0,307.1600558019716,307.1600558019716,20.0,31.72491883608728,255.4351369658843,20000.0,287.1600558019716,United States
US,CLS,1,1.0,296.6968996921282,296.6968996921282,10.0,31.673750194431385,255.02314949769683,10000.0,286.6968996921282,United States
US,QBTS,1,1.0,296.66794429136667,296.66794429136667,10.0,31.670551254605087,254.9973930367616,10000.0,286.66794429136667,United States
US,FAST,1,1.0,296.2492270441208,296.2492270441208,10.0,31.624292137378472,254.62493490674234,10000.0,286.2492270441208,United States
US,WEC,3,0.6666666666666666,359.12933120946235,321.5447453563813,30.0,37.46638952799258,254.07835582838877,30000.0,291.5447453563813,United States
US,NOVTU,1,1.0,295.6027270638373,295.6027270638373,10.0,31.552867999558373,254.0498590642789,10000.0,285.6027270638373,United States
US,MQY,3,1.0,315.60101911602965,315.60101911602965,30.0,31.55267930860196,254.04833980742768,30000.0,285.60101911602965,United States
US,RDNW,1,1.0,295.48971315564995,295.48971315564995,10.0,31.540382429256542,253.9493307263934,10000.0,285.48971315564995,United States
US,ARQT,5,0.4,1490.8521054598966,466.44507474729585,50.0,162.4970559895083,253.94801875778762,50000.0,416.44507474729585,United States
US,EIM,2,1.0,305.3641150779973,305.3641150779973,20.0,31.526506582881012,253.8376084951163,20000.0,285.3641150779973,United States
US,HPP-PC,1,1.0,295.1508211737686,295.1508211737686,10.0,31.502942261649107,253.64787891211947,10000.0,285.1508211737686,United States
US,ECCC,5,0.4,355.48565515411076,339.4787030568669,50.0,37.06384284789047,252.4148602089764,50000.0,289.4787030568669,United States
US,GBTC,1,1.0,293.04039167499906,293.04039167499906,10.0,31.26978586261317,251.7706058123859,10000.0,283.04039167499906,United States
US,CUBI,4,0.5,595.0222342534039,353.2839723136494,40.0,63.52740690096202,249.7565654126874,40000.0,313.2839723136494,United States
US,CEFD,2,1.0,300.05210460920085,300.05210460920085,20.0,30.93964536185092,249.11245924734993,20000.0,280.05210460920085,United States
US,ASTC,1,1.0,289.9999618530269,289.9999618530269,10.0,30.933884725320574,249.0660771277063,10000.0,279.9999618530269,United States
US,SNDR,2,1.0,299.88285430312624,299.88285430312624,20.0,30.920946896954035,248.96190740617217,20000.0,279.88285430312624,United States
US,KO,1,1.0,289.59144177212124,289.59144177212124,10.0,30.888752172419203,248.70268959970204,10000.0,279.59144177212124,United States
US,DGICB,2,0.5,323.70970318010836,302.87668773821383,20.0,34.65807541960242,248.2186123186114,20000.0,282.87668773821383,United States
US,PSF,2,1.0,298.67905145784414,298.67905145784414,20.0,30.78795295580659,247.89109850203755,20000.0,278.67905145784414,United States
US,CMSA,2,1.0,298.42003627403415,298.42003627403415,20.0,30.759337431057723,247.6606988429764,20000.0,278.42003627403415,United States
US,TPTA,2,0.5,368.9725543967826,306.4727133425016,20.0,39.65863260757405,246.81408073492753,20000.0,286.4727133425016,United States
US,BRBI,3,0.6666666666666666,621.1453764417097,342.6423967149428,30.0,66.41344396956839,246.2289527453744,30000.0,312.6423967149428,United States
US,KORE,5,1.0,326.02736617104887,326.02736617104887,50.0,30.494999605217885,245.532366565831,50000.0,276.02736617104887,United States
US,LUNR,2,1.0,295.0174383538107,295.0174383538107,20.0,30.383424623305068,244.63401373050561,20000.0,275.0174383538107,United States
US,ESP,5,0.4,1188.9450147620662,423.6830689871141,50.0,129.14291165463962,244.5401573324745,50000.0,373.6830689871141,United States
US,INVH,2,1.0,294.87454836035766,294.87454836035766,20.0,30.36763839763337,244.50690996272428,20000.0,274.87454836035766,United States
US,UBS,4,0.5,734.0293493838667,362.8132939299644,40.0,78.88465926266844,243.928634667296,40000.0,322.8132939299644,United States
US,APC,1,1.0,282.76228788042926,282.76228788042926,10.0,30.134279715140934,242.62800816528832,10000.0,272.76228788042926,United States
US,DXYZ,1,1.0,282.25806451612766,282.25806451612766,10.0,30.078574038169073,242.17949047795858,10000.0,272.25806451612766,United States
US,RHP,5,0.6,783.2929689539636,374.10643839071554,50.0,83.22243228821532,240.88400610250025,50000.0,324.10643839071554,United States
US,RDW,3,0.6666666666666666,531.6996222120273,327.11718933871146,30.0,56.53164030002822,240.5855490386832,30000.0,297.11718933871146,United States
US,SQFTP,4,0.75,1137.5561826984626,402.51357807272836,40.0,122.36078553608549,240.152792536643,40000.0,362.51357807272836,United States
US,WWW,1,1.0,279.9119331703226,279.9119331703226,10.0,29.81937772927925,240.09255544104334,10000.0,269.9119331703226,United States
US,NOVT,1,1.0,278.0028292494197,278.0028292494197,10.0,29.608463412623497,238.39436583679617,10000.0,268.0028292494197,United States
US,TECK,2,0.5,339.68801514941083,294.4009427108163,20.0,36.423330162112194,237.97761254870414,20000.0,274.4009427108163,United States
US,ZGN,3,0.3333333333333333,449.61204824521593,316.2012450734186,30.0,48.56753670351462,237.63370836990396,30000.0,286.2012450734186,United States
US,KDK,2,0.5,350.19488650073424,295.047547184758,20.0,37.584110131704534,237.46343705305347,20000.0,275.047547184758,United States
US,ZTR,3,1.0,296.0402472758283,296.0402472758283,30.0,29.391640938315682,236.64860633751266,30000.0,266.0402472758283,United States
US,CMSD,3,1.0,296.0180508375121,296.0180508375121,30.0,29.389188716323783,236.62886212118832,30000.0,266.0180508375121,United States
US,AMUB,1,1.0,275.3696123000271,275.3696123000271,10.0,29.31755041024235,236.05206188978474,10000.0,265.3696123000271,United States
US,QGEN,2,0.5,326.61991528137645,290.6679511719301,20.0,34.97959034078699,235.6883608311431,20000.0,270.6679511719301,United States
US,ASUR,2,0.5,544.7472301438627,314.0670306384518,20.0,59.07789795749181,234.98913268096,20000.0,294.0670306384518,United States
US,ATH-PA,2,1.0,283.81285878078086,283.81285878078086,20.0,29.1455631228463,234.66729565793457,20000.0,263.81285878078086,United States
US,CCD,3,0.6666666666666666,368.12364446707323,301.76953164094186,30.0,38.46006484013567,233.3094668008062,30000.0,271.76953164094186,United States
US,NRGU,1,1.0,271.7580358966498,271.7580358966498,10.0,28.918550041101575,232.83948585554822,10000.0,261.7580358966498,United States
US,KBR,1,1.0,271.1758331726566,271.1758331726566,10.0,28.8542293468001,232.3216038258565,10000.0,261.1758331726566,United States
US,PEP,1,1.0,270.2116747514904,270.2116747514904,10.0,28.747710884226322,231.4639638672641,10000.0,260.2116747514904,United States
US,NRK,4,1.0,301.39074315892026,301.3907431589202,40.0,29.98274605812663,231.40799710079358,40000.0,261.3907431589202,United States
US,LBTYK,1,1.0,268.76730649310065,268.76730649310065,10.0,28.588139715322395,230.17916677777825,10000.0,258.76730649310065,United States
US,ERH,3,1.0,288.2877475604561,288.2877475604562,30.0,28.535158919742116,229.75258864071407,30000.0,258.2877475604562,United States
US,ARCC,1,1.0,266.2230886754502,266.2230886754502,10.0,28.307059174573546,227.91602950087665,10000.0,256.2230886754502,United States
US,ZM,3,0.6666666666666666,315.95627665196747,290.4814491448393,30.0,32.69670926059834,227.784739884241,30000.0,260.4814491448393,United States
US,MLR,5,0.6,1153.4161779658425,401.83107213344056,50.0,124.1129688653203,227.71810326812022,50000.0,351.83107213344056,United States
US,SRZN,1,1.0,265.48690980035207,265.48690980035207,10.0,28.225727476137617,227.26118232421445,10000.0,255.48690980035207,United States
US,CG,2,0.5,428.64093882713394,293.47473772125875,20.0,46.25068681179375,227.224050909465,20000.0,273.47473772125875,United States
US,MOG-B,4,0.5,591.7909294412693,330.3670815522619,40.0,63.17041824314422,227.19666330911767,40000.0,290.3670815522619,United States
US,WSO,5,0.6,773.2333468215024,357.42882414717786,50.0,82.11106359599678,225.31776055118115,50000.0,307.42882414717786,United States
US,ADBE,1,1.0,263.25400176388183,263.25400176388183,10.0,27.9790398718062,225.27496189207562,10000.0,253.25400176388183,United States
US,BRC,1,1.0,262.90168404738745,262.90168404738745,10.0,27.94011645354357,224.96156759384388,10000.0,252.90168404738745,United States
US,MHF,1,1.0,262.7740289172986,262.7740289172986,10.0,27.926013347769448,224.84801556952917,10000.0,252.7740289172986,United States
US,FTS,3,0.6666666666666666,451.2706462081684,302.3789436248769,30.0,47.645993831315856,224.73294979356106,30000.0,272.3789436248769,United States
US,APH,4,0.75,295.15284115582574,293.9238515278575,40.0,29.293601929884986,224.63024959797252,40000.0,253.9238515278575,United States
US,LXP,1,1.0,261.3763999293384,261.3763999293384,10.0,27.771605848153353,223.60479408118505,10000.0,251.3763999293384,United States
US,RIV-PA,1,1.0,260.98894112276173,260.98894112276173,10.0,27.728800106398488,223.26014101636324,10000.0,250.98894112276173,United States
US,DXR,3,0.6666666666666666,410.5890812630397,296.3988434003162,30.0,43.15156878879098,223.24727461152523,30000.0,266.3988434003162,United States
US,SPPP,2,0.5,558.2721464597018,303.2486972149151,20.0,60.57210602618213,222.67659118873297,20000.0,283.2486972149151,United States
US,KDP,3,0.3333333333333333,890.7672301690494,349.7953976645051,30.0,97.30555599929177,222.48984166521336,30000.0,319.7953976645051,United States
US,SKE,2,0.5,1017.8292731880023,352.3243657062402,20.0,111.34313859644641,220.98122710979374,20000.0,332.3243657062402,United States
US,CUE,1,1.0,258.39827077421387,258.39827077421387,10.0,27.44258757482196,220.9556831993919,10000.0,248.39827077421387,United States
US,AG,2,0.5,1011.8303025793174,350.7188947695306,20.0,110.68038327301157,220.03851149651905,20000.0,330.7188947695306,United States
US,AGX,4,0.5,1090.5928129886333,378.0538677327949,40.0,118.27713991664982,219.77672781614507,40000.0,338.0538677327949,United States
US,BAC-PQ,3,1.0,277.0490948424742,277.0490948424742,30.0,27.293533080419856,219.75556176205436,30000.0,247.04909484247418,United States
US,HNNA,3,1.0,277.0122142471698,277.0122142471698,30.0,27.28945857956565,219.72275566760413,30000.0,247.01221424716982,United States
US,ABT,1,1.0,256.3274617565403,256.3274617565403,10.0,27.213808374221593,219.1136533823187,10000.0,246.3274617565403,United States
EU,ADS.DE,1,1.0,274.2029156975745,274.2029156975745,25.0,30.788696266278897,218.4142194312956,10000.0,249.2029156975745,Europe
US,BKTI,2,0.5,1072.8696206574239,355.7189894050282,20.0,117.42389572438626,218.2950936806419,20000.0,335.7189894050282,United States
US,FCN,1,1.0,254.8422369922232,254.8422369922232,10.0,27.04972345311474,217.79251353910846,10000.0,244.8422369922232,United States
US,AVK,2,1.0,264.3524860022817,264.3524860022817,20.0,26.995616657646977,217.35686934463467,20000.0,244.3524860022817,United States
US,DCI,1,1.0,253.61943065671966,253.61943065671966,10.0,26.914630041053083,216.70480061566658,10000.0,243.61943065671966,United States
US,TOI,1,1.0,253.41175220630728,253.41175220630728,10.0,26.8916861049094,216.52006610139787,10000.0,243.41175220630728,United States
US,NBH,3,0.6666666666666666,273.9954258121502,273.9952432907511,30.0,28.060951047400405,215.93429224335068,30000.0,243.9952432907511,United States
US,PFO,3,1.0,272.7025359021851,272.7025359021851,30.0,26.813333182102397,215.88920272008266,30000.0,242.7025359021851,United States
US,WSBK,4,0.75,292.4022951768501,284.826219709654,40.0,28.98972663046624,215.8364930791878,40000.0,244.82621970965403,United States
US,PMO,4,1.0,281.003600002947,281.003600002947,40.0,26.625637844878298,214.3779621580687,40000.0,241.003600002947,United States
US,JCI,1,1.0,249.15083888432886,249.15083888432886,10.0,26.42094817818122,212.72989070614764,10000.0,239.15083888432886,United States
US,NNI,2,1.0,258.8685277234881,258.8685277234881,20.0,26.389758956410173,212.47876876707795,20000.0,238.8685277234881,United States
US,BAC-PL,5,0.4,438.89105387756143,308.6796903506672,50.0,46.36587147452822,212.31381887613898,50000.0,258.6796903506672,United States
US,GSHR,5,1.0,288.29337188200907,288.29337188200907,50.0,26.326216788826788,211.96715509318233,50000.0,238.29337188200907,United States
US,SNY,1,1.0,247.75844860211782,247.75844860211782,10.0,26.26711944121453,211.4913291609033,10000.0,237.75844860211782,United States
US,BTZ,2,1.0,256.70380767135015,256.70380767135015,20.0,26.150604636130033,210.55320303522012,20000.0,236.70380767135015,United States
US,KRSP-UN,1,1.0,246.44589537127894,246.44589537127894,10.0,26.12211095596363,210.32378441531532,10000.0,236.44589537127894,United States
US,UBXG,1,1.0,245.90163934426147,245.90163934426147,10.0,26.061982543483143,209.83965680077833,10000.0,235.90163934426147,United States
US,OZK,4,0.5,763.9021597240126,331.29614387846567,40.0,82.18495282473859,209.1111910537271,40000.0,291.29614387846567,United States
US,PKG,4,0.5,595.8663414495913,312.62743171447397,40.0,63.620662323319465,209.00676939115448,40000.0,272.62743171447397,United States
US,LNN,4,0.75,929.0859362321414,347.68132426381885,40.0,99.32937320956042,208.3519510542585,40000.0,307.68132426381885,United States
US,EAD,1,1.0,243.7104818955893,243.7104818955893,10.0,25.819907467887845,207.89057442770147,10000.0,233.7104818955893,United States
US,ONCH,5,1.0,283.2029014825821,283.2029014825821,50.0,25.76383091030232,207.43907057227977,50000.0,233.2029014825821,United States
IN,FOSECOIND,1,1.0,242.19058916567838,242.19058916567838,35.0,0.0,207.19058916567838,10000.0,207.19058916567838,India
US,ROK,2,1.0,252.84050074938946,252.84050074938946,20.0,25.72379353875855,207.11670721063092,20000.0,232.84050074938946,United States
US,INBKZ,3,1.0,262.48873291475405,262.48873291475405,30.0,25.684930870440045,206.803802044314,30000.0,232.48873291475405,United States
US,TRAK,2,0.5,959.5370430477778,331.3191042936336,20.0,104.90311940642212,206.4159848872115,20000.0,311.3191042936336,United States
US,KTF,4,1.0,271.5138925836213,271.5138925836213,40.0,25.57723228994995,205.93666029367142,40000.0,231.51389258362133,United States
US,SNN,1,1.0,241.2780721917529,241.2780721917529,10.0,25.5511792834793,205.7268929082736,10000.0,231.2780721917529,United States
US,NESR,1,1.0,240.9188883493707,240.9188883493707,10.0,25.511497308160738,205.40739104120996,10000.0,230.9188883493707,United States
US,TPB,2,1.0,249.75423885007953,249.75423885007953,20.0,25.382828957215082,204.37140989286445,20000.0,229.75423885007953,United States
US,SCE-PL,4,0.75,377.9560975992813,283.8940055767802,40.0,39.54629110764882,204.34771446913138,40000.0,243.89400557678022,United States
US,GNL-PD,1,1.0,239.63587447445312,239.63587447445312,10.0,25.369752277036344,204.26612219741676,10000.0,229.63587447445312,United States
US,PECO,4,0.25,529.7374289035229,301.6345217160144,40.0,57.41964251257726,204.21487920343714,40000.0,261.6345217160144,United States
US,CZR,3,0.6666666666666666,359.73620545530105,270.9494213870467,30.0,37.53343588699671,203.41598550004997,30000.0,240.9494213870467,United States
JP,4221,1,1.0,218.25396825396749,218.25396825396749,15.0,0.0,203.25396825396749,10000.0,203.25396825396749,Japan
US,SW,4,0.5,932.9345945855549,343.839034219594,40.0,100.85934770766306,202.97968651193094,40000.0,303.839034219594,United States
US,PCQ,2,1.0,248.16681292603838,248.16681292603838,20.0,25.20745303852103,202.95935988751734,20000.0,228.16681292603838,United States
US,XRN,1,1.0,236.62266599199233,236.62266599199233,10.0,25.036858503648165,201.58580748834416,10000.0,226.62266599199233,United States
US,LAMR,1,1.0,236.45986698859423,236.45986698859423,10.0,25.018872766895967,201.44099422169825,10000.0,226.45986698859423,United States
US,WFC-PY,3,1.0,256.10382989822654,256.10382989822654,30.0,24.979538438996478,201.12429145923005,30000.0,226.10382989822654,United States
US,PNW,2,0.5,285.185536680268,250.69669086645095,20.0,30.401995819596447,200.2946950468545,20000.0,230.69669086645095,United States
US,PAGS,1,1.0,234.89890215914411,234.89890215914411,10.0,24.84642022163514,200.052481937509,10000.0,224.89890215914411,United States
US,BFH-PA,2,0.5,268.4427480228613,248.4430531986426,20.0,28.55228308791942,199.89077011072317,20000.0,228.4430531986426,United States
US,RVT,1,1.0,234.11405259284425,234.11405259284425,10.0,24.759711474069732,199.35434111877453,10000.0,224.11405259284425,United States
US,RITM-PA,2,1.0,243.42873305904124,243.42873305904124,20.0,24.683998622830842,198.7447344362104,20000.0,223.42873305904124,United States
US,BRK-B,1,1.0,233.22095558933054,233.22095558933054,10.0,24.66104374721581,198.55991184211473,10000.0,223.22095558933054,United States
US,TTC,2,1.0,244.22481537448746,244.22481537448746,20.0,25.762921536922104,198.46189383756536,20000.0,224.22481537448746,United States
US,TPG,1,1.0,232.44062657908015,232.44062657908015,10.0,24.574834422431763,197.86579215664838,10000.0,222.44062657908015,United States
US,SBUX,3,0.6666666666666666,364.5889586232598,262.8053807201547,30.0,38.069559199673684,194.73582152048098,30000.0,232.8053807201547,United States
US,ARTCU,1,1.0,228.8554556927269,228.8554556927269,10.0,24.178751286616052,194.67670440611084,10000.0,218.8554556927269,United States
US,KOF,1,1.0,228.29323059076145,228.29323059076145,10.0,24.11663768353274,194.17659290722872,10000.0,218.29323059076145,United States
US,LKFT,1,1.0,228.0581829542938,228.0581829542938,10.0,24.090670049668326,193.9675129046255,10000.0,218.0581829542938,United States
US,KPET-UN,3,1.0,247.5356205105972,247.5356205105972,30.0,24.032938304677664,193.50268220591954,30000.0,217.5356205105972,United States
US,NEWTO,3,0.6666666666666666,312.6405903578777,255.49787853682116,30.0,32.33039829066851,193.16748024615265,30000.0,225.49787853682116,United States
US,AOMD,1,1.0,225.8066977224038,225.8066977224038,10.0,23.841930070694314,191.9647676517095,10000.0,215.8066977224038,United States
US,KEY-PL,1,1.0,224.67348310682533,224.67348310682533,10.0,23.716734588325803,190.95674851849952,10000.0,214.67348310682533,United States
US,COF-PL,1,1.0,224.07187389808624,224.07187389808624,10.0,23.650269901010617,190.42160399707564,10000.0,214.07187389808624,United States
US,VFL,5,0.8,290.65146728907587,267.39577017827145,50.0,27.69151661321526,189.70425356505615,50000.0,217.39577017827145,United States
US,GAB-PG,3,1.0,242.9911880800817,242.9911880800817,30.0,23.530877704321714,189.46031037576,30000.0,212.9911880800817,United States
US,CPER,2,0.5,267.1437012660083,237.66864351484452,20.0,28.40876677326226,189.25987674158225,20000.0,217.66864351484452,United States
US,LPX,4,0.5,989.5853321677661,336.2274744486126,40.0,107.1180177959553,189.1094566526574,40000.0,296.2274744486126,United States
US,LBRDP,3,1.0,241.82857045635942,241.82857045635942,30.0,23.4024338312803,188.4261366250791,30000.0,211.82857045635942,United States
US,DIA,2,1.0,231.37240300699523,231.37240300699523,20.0,23.352037284078335,188.0203657229169,20000.0,211.37240300699523,United States
US,INKT,1,1.0,221.04369550548063,221.04369550548063,10.0,23.315722279272947,187.72797322620767,10000.0,211.04369550548063,United States
US,CSR,1,1.0,221.02445069456246,221.02445069456246,10.0,23.313596147688628,187.71085454687383,10000.0,211.02445069456246,United States
US,BST,1,1.0,220.83361943562753,220.83361943562753,10.0,23.29251345850962,187.5411059771179,10000.0,210.83361943562753,United States
US,BEKE,2,0.5,503.49682361095824,262.0482593821605,20.0,54.52062833460781,187.52763104755266,20000.0,242.0482593821605,United States
US,IWML,1,1.0,220.58842228908082,220.58842228908082,10.0,23.265424525296716,187.32299776378412,10000.0,210.58842228908082,United States
US,BFH,2,0.5,617.127561462123,273.72496278539774,20.0,67.07434485184831,186.65061793354943,20000.0,253.72496278539774,United States
US,PROV,1,1.0,219.714420708228,219.714420708228,10.0,23.168866425885113,186.5455542823429,10000.0,209.714420708228,United States
US,CVCO,3,0.6666666666666666,493.53635824884054,268.8095903111987,30.0,52.31543255354693,186.49415775765172,30000.0,238.8095903111987,United States
US,FOF,1,1.0,216.9034012057658,216.9034012057658,10.0,22.858310121968767,184.04509108379702,10000.0,206.9034012057658,United States
US,NHP,1,1.0,216.216138891272,216.216138891272,10.0,22.782382635865154,183.43375625540685,10000.0,206.216138891272,United States
US,AHT-PI,1,1.0,215.68634930779095,215.68634930779095,10.0,22.723852449662196,182.96249685812876,10000.0,205.68634930779095,United States
US,WDS,1,1.0,215.10981812932428,215.10981812932428,10.0,22.6601583373587,182.4496597919656,10000.0,205.10981812932428,United States
US,CPZ,2,1.0,224.53233258013404,224.53233258013404,20.0,22.5963587879196,181.93597379221444,20000.0,204.53233258013404,United States
US,HYT,2,1.0,224.15522447480464,224.15522447480464,20.0,22.55469657274627,181.60052790205836,20000.0,204.15522447480464,United States
US,CIMN,3,1.0,233.8145642303835,233.8145642303835,30.0,22.5170610507209,181.29750317966258,30000.0,203.8145642303835,United States
US,EBF,3,0.6666666666666666,335.57579696695154,245.71511598182605,30.0,34.86423805515,180.85087792667605,30000.0,215.71511598182605,United States
US,EA,3,1.0,233.15651007476788,233.15651007476788,30.0,22.44436042869897,180.71214964606892,30000.0,203.15651007476788,United States
US,IAG,2,0.5,850.2952189955826,293.4229324927994,20.0,92.83428207497936,180.58865041782008,20000.0,273.4229324927994,United States
US,FMNB,3,0.6666666666666666,350.18539713186806,246.73738435236902,30.0,36.47828001570488,180.25910433666417,30000.0,216.73738435236902,United States
US,IVZ,2,0.5,302.27152898213427,231.95321799251766,20.0,32.28962506349283,179.66359292902482,20000.0,211.95321799251766,United States
US,PGZ,1,1.0,211.82243459917595,211.82243459917595,10.0,22.296974205130486,179.52546039404547,10000.0,201.82243459917595,United States
US,VMO,4,0.75,254.04803537911968,243.94737206877016,40.0,24.75241801279307,179.1949540559771,40000.0,203.94737206877016,United States
US,GCT,2,0.5,740.6245922012888,278.58805524193394,20.0,80.71807139924687,177.86998384268713,20000.0,258.58805524193394,United States
US,CRK,1,1.0,209.08424470952536,209.08424470952536,10.0,21.994463983907846,177.08978072561752,10000.0,199.08424470952536,United States
US,NL,1,1.0,208.3335320154833,208.3335320154833,10.0,21.91152661568234,176.42200539980098,10000.0,198.3335320154833,United States
JP,9997,1,1.0,191.38755980861345,191.38755980861345,15.0,0.0,176.38755980861345,10000.0,176.38755980861345,Japan
US,MACIU,1,1.0,207.2071384739238,207.2071384739238,10.0,21.787084713121523,175.4200537608023,10000.0,197.2071384739238,United States
US,XYL,1,1.0,206.83745033720723,206.83745033720723,10.0,21.746242242537498,175.09120809466972,10000.0,196.83745033720723,United States
US,SPH,2,0.5,567.9756925185276,256.63036816579006,20.0,61.6441360837009,174.98623208208915,20000.0,236.63036816579006,United States
US,CX,2,0.5,245.42394374650777,220.75298522752584,20.0,26.00920760574061,174.74377762178523,20000.0,200.75298522752584,United States
US,BAC-PS,3,1.0,226.10404490722047,226.10404490722047,30.0,21.665216949255342,174.43882795796512,30000.0,196.10404490722047,United States
US,BIP,1,1.0,205.88997847592162,205.88997847592162,10.0,21.64156728064276,174.24841119527886,10000.0,195.88997847592162,United States
US,SIGIP,1,1.0,205.1393634776777,205.1393634776777,10.0,21.55864070567072,173.580722772007,10000.0,195.1393634776777,United States
US,AERO,1,1.0,204.08163265306146,204.08163265306146,10.0,21.441784534753552,172.6398481183079,10000.0,194.08163265306146,United States
US,XPO,3,0.6666666666666666,637.6637231853977,270.433030724726,30.0,68.23836076827259,172.19466995645342,30000.0,240.433030724726,United States
US,DMLP,2,1.0,213.31895658594613,213.31895658594613,20.0,21.357525474906645,171.96143111103947,20000.0,193.31895658594613,United States
US,BNY,2,0.5,311.4905256045653,225.26636051942387,20.0,33.308122983685735,171.95823753573814,20000.0,205.26636051942387,United States
US,RWTQ,3,1.0,223.0364845484445,223.0364845484445,30.0,21.326318479775736,171.71016606866874,30000.0,193.0364845484445,United States
US,WAL,1,1.0,202.86660152691206,202.86660152691206,10.0,21.307550113629915,171.55905141328213,10000.0,192.86660152691206,United States
US,RITM-PF,4,1.0,231.2755592972104,231.27555929721044,40.0,21.13177467208703,170.1437846251234,40000.0,191.27555929721044,United States
US,BUI,2,0.5,320.2846975088969,224.23352447008216,20.0,34.279687044419575,169.95383742566258,20000.0,204.23352447008216,United States
US,JSM,3,1.0,220.380284634587,220.38028463458704,30.0,21.032866361429367,169.34741827315767,30000.0,190.38028463458704,United States
US,FSSL,1,1.0,200.1820183320957,200.1820183320957,10.0,21.010962262208807,169.1710560698869,10000.0,190.1820183320957,United States
US,BCV-PA,3,1.0,219.93435470899715,219.93435470899715,30.0,20.983600837168296,168.95075387182885,30000.0,189.93435470899715,United States
US,ARLP,1,1.0,199.82983465908433,199.82983465908433,10.0,20.97205365282552,168.85778100625882,10000.0,189.82983465908433,United States
US,RWTS,3,1.0,218.97357300935784,218.97357300935784,30.0,20.877455428625563,168.09611758073225,30000.0,188.97357300935784,United States
US,FTI,2,1.0,208.9242217622411,208.9242217622411,20.0,20.959589704466012,167.9646320577751,20000.0,188.9242217622411,United States
US,MFA-PC,1,1.0,198.76331828087012,198.76331828087012,10.0,20.85422686998238,167.90909141088775,10000.0,188.76331828087012,United States
US,MET-PF,4,0.75,265.1388744935668,232.75857948789502,40.0,26.19583721365702,166.56274227423802,40000.0,192.75857948789502,United States
US,AVBC,1,1.0,196.6567212970327,196.6567212970327,10.0,20.62149388020097,166.03522741683173,10000.0,186.6567212970327,United States
US,DX,2,1.0,206.47496397038003,206.47496397038003,20.0,20.60141366249863,165.87355030788137,20000.0,186.47496397038003,United States
US,RA,2,1.0,205.98209365358946,205.98209365358946,20.0,20.546962249494026,165.43513140409542,20000.0,185.98209365358946,United States
US,ARGX,2,0.5,657.3705179282863,256.78752769291106,20.0,71.52031323017196,165.2672144627391,20000.0,236.78752769291106,United States
US,ENRD,1,1.0,195.75856443719397,195.75856443719397,10.0,20.52226714965559,165.23629728753838,10000.0,185.75856443719397,United States
US,DGZ,2,0.5,294.5989555696027,216.10628941791776,20.0,31.44197315697438,164.6643162609434,20000.0,196.10628941791776,United States
US,CQP,3,0.3333333333333333,793.9011834188369,281.2580562743683,30.0,86.60397195571454,164.65408431865376,30000.0,251.2580562743683,United States
US,MIY,2,1.0,205.03722992711857,205.03722992711857,20.0,20.442575429573218,164.59465449754538,20000.0,185.03722992711857,United States
US,KKR-PD,2,1.0,205.0167059558117,205.0167059558117,20.0,20.440307978683894,164.57639797712778,20000.0,185.0167059558117,United States
US,PLD,1,1.0,194.9859065557269,194.9859065557269,10.0,20.436905317178063,164.54900123854884,10000.0,184.9859065557269,United States
US,REXR,1,1.0,194.7473443072778,194.7473443072778,10.0,20.41054939539686,164.33679491188096,10000.0,184.7473443072778,United States
US,NIM,2,1.0,204.3728950696111,204.3728950696111,20.0,20.369180927069902,164.0037141425412,20000.0,184.3728950696111,United States
US,TKR,5,0.6,399.79016723791227,254.05297760173528,50.0,40.85374272979007,163.19923487194518,50000.0,204.05297760173528,United States
US,FTF,1,1.0,192.64478399540596,192.64478399540596,10.0,20.178262369766415,162.46652162563953,10000.0,182.64478399540596,United States
US,WTRG,1,1.0,192.459754129215,192.459754129215,10.0,20.157820607868974,162.30193352134603,10000.0,182.459754129215,United States
US,SSYS,1,1.0,192.30714211097012,192.30714211097012,10.0,20.140960310643063,162.16618180032705,10000.0,182.30714211097012,United States
US,FIZZ,2,0.5,497.1712776222681,235.20203720910683,20.0,53.82179355926036,161.38024364984648,20000.0,215.20203720910683,United States
US,CDNS,2,0.5,204.76302891323073,202.8829690922218,20.0,21.517063949882203,161.36590514233959,20000.0,182.8829690922218,United States
US,MZYX,2,1.0,201.2276125479562,201.2276125479562,20.0,20.02169585489511,161.20591669306106,20000.0,181.2276125479562,United States
US,HCA,1,1.0,191.01186849422857,191.01186849422857,10.0,19.99786084561862,161.01400764860995,10000.0,181.01186849422857,United States
US,BWMX,1,1.0,190.79677183620137,190.79677183620137,10.0,19.974097359437476,160.8226744767639,10000.0,180.79677183620137,United States
US,AAUC,2,0.5,651.8905818695497,251.08049461151631,20.0,70.91489989646564,160.1655947150507,20000.0,231.08049461151631,United States
US,WEA,2,1.0,199.33553842397922,199.33553842397922,20.0,19.81266295912069,159.52287546485854,20000.0,179.33553842397922,United States
US,BLTE,4,0.5,863.4169047953421,292.42590891934594,40.0,93.17916022438826,159.24674869495766,40000.0,252.42590891934594,United States
US,PLMK,1,1.0,188.67942522156955,188.67942522156955,10.0,19.740176770066295,158.93924845150326,10000.0,178.67942522156955,United States
US,NI,1,1.0,188.32025515846507,188.32025515846507,10.0,19.70049631705719,158.61975884140787,10000.0,178.32025515846507,United States
US,ATO,2,1.0,198.38939432804682,198.38939432804682,20.0,19.79508317239729,158.59431115564954,20000.0,178.38939432804682,United States
US,MBINL,3,0.6666666666666666,300.1825366968869,219.53752922500237,30.0,30.954055260831836,158.58347396417054,30000.0,189.53752922500237,United States
US,KRAQU,1,1.0,188.11877411190946,188.11877411190946,10.0,19.678237058780006,158.44053705312945,10000.0,178.11877411190946,United States
US,AIT,4,0.5,450.85025863810915,245.23628205107673,40.0,47.59955017987352,157.6367318712032,40000.0,205.23628205107673,United States
US,PTY,1,1.0,186.75721561969505,186.75721561969505,10.0,19.52781456169749,157.22940105799756,10000.0,176.75721561969505,United States
US,FCNCA,1,1.0,186.30025919516012,186.30025919516012,10.0,19.477330849958708,156.8229283452014,10000.0,176.30025919516012,United States
US,TRTN-PA,1,1.0,185.61424567685503,185.61424567685503,10.0,19.401541328578702,156.21270434827633,10000.0,175.61424567685503,United States
US,PCN,2,1.0,195.54214115434564,195.54214115434564,20.0,19.39357535253814,156.14856580180754,20000.0,175.54214115434564,United States
US,LOB-PA,4,0.5,242.28162339552387,220.4904830353105,40.0,24.557268040927497,155.933214994383,40000.0,180.4904830353105,United States
US,IWDL,2,0.5,219.3962245393455,198.60644777281777,20.0,23.133712693923478,155.4727350788943,20000.0,178.60644777281777,United States
US,GEHC,1,1.0,184.4670513474167,184.4670513474167,10.0,19.274801392938944,155.19224995447777,10000.0,174.4670513474167,United States
US,FLYD,1,1.0,184.0913224019447,184.0913224019447,10.0,19.233291544829402,154.8580308571153,10000.0,174.0913224019447,United States
US,FMN,2,1.0,194.06600511786553,194.06600511786553,20.0,19.23049453749383,154.8355105803717,20000.0,174.06600511786553,United States
US,CPA,5,0.6,749.8819346725094,284.02618828158757,50.0,79.53124220312972,154.49494607845787,50000.0,234.02618828158757,United States
US,RWTP,4,1.0,213.4669963002067,213.46699630020672,40.0,19.164317136638914,154.3026791635678,40000.0,173.46699630020672,United States
US,OBDC,2,0.5,224.71917255987518,197.11953954568486,20.0,23.721782275705667,153.3977572699792,20000.0,177.11953954568486,United States
US,PLSE,1,1.0,182.2235629477875,182.2235629477875,10.0,19.026944889397164,153.19661805839036,10000.0,172.2235629477875,United States
US,ICR-PA,1,1.0,181.81800842285156,181.81800842285156,10.0,18.982139965706544,152.835868457145,10000.0,171.81800842285156,United States
US,CODI-PA,1,1.0,181.45199744932228,181.45199744932228,10.0,18.941703741399845,152.51029370792244,10000.0,171.45199744932228,United States
US,KVAC,1,1.0,180.62366053388735,180.62366053388735,10.0,18.85019059087577,151.77346994301158,10000.0,170.62366053388735,United States
US,PSA,2,0.5,198.98190013300842,192.51459084164145,20.0,20.878375394047687,151.63621544759377,20000.0,172.51459084164145,United States
US,GHM,2,0.5,820.9157134312495,260.7917167075003,20.0,89.5884879241536,151.20322878334673,20000.0,240.7917167075003,United States
US,RQI,1,1.0,179.2989169667192,179.2989169667192,10.0,18.703835339517195,150.595081627202,10000.0,169.2989169667192,United States
US,HTHT,1,1.0,178.78157086889556,178.78157086889556,10.0,18.64667988689763,150.13489098199793,10000.0,168.78157086889556,United States
US,AEP,3,0.6666666666666666,283.1920454804404,208.73917887745176,30.0,29.07697680254259,149.66220207490915,30000.0,178.73917887745176,United States
US,FFA,1,1.0,178.0005646100169,178.0005646100169,10.0,18.56039574092126,149.44016886909566,10000.0,168.0005646100169,United States
US,ERC,1,1.0,177.5805508256889,177.5805508256889,10.0,18.513993384644266,149.06655744104464,10000.0,167.5805508256889,United States
US,PURR,2,1.0,187.2609797871494,187.2609797871494,20.0,18.478687759592354,148.78229202755705,20000.0,167.2609797871494,United States
US,RAMP,3,1.0,197.14133185033677,197.14133185033677,30.0,18.465469273916536,148.67586257642023,30000.0,167.14133185033677,United States
US,NSA,2,0.5,202.47434738382307,189.29059940304026,20.0,21.26421459184969,148.02638481119058,20000.0,169.29059940304026,United States
US,APOS,3,0.6666666666666666,209.50505787842076,197.7861886691312,30.0,20.936172906885346,146.85001576224587,30000.0,167.7861886691312,United States
US,ULS,2,0.5,955.7696184392616,271.22371872793985,20.0,104.48690121203413,146.73681751590573,20000.0,251.22371872793985,United States
US,NOEM,1,1.0,173.0768497173596,173.0768497173596,10.0,18.016432706420012,145.0604170109396,10000.0,163.0768497173596,United States
US,CIM-PB,1,1.0,172.5589546691686,172.5589546691686,10.0,17.959216606765814,144.5997380624028,10000.0,162.5589546691686,United States
US,PRTH,3,0.6666666666666666,240.65452099995886,198.8133306033002,30.0,24.377508738077594,144.43582186522258,30000.0,168.8133306033002,United States
US,NEWTG,1,1.0,171.17804023110804,171.17804023110804,10.0,17.80665570011498,143.37138453099305,10000.0,161.17804023110804,United States
US,CAT,3,0.6666666666666666,553.3609026519205,231.82614058180565,30.0,58.92473902652811,142.90140155527752,30000.0,201.82614058180565,United States
US,STN,1,1.0,169.59743919603642,169.59743919603642,10.0,17.632033782697388,141.96540541333903,10000.0,159.59743919603642,United States
US,MITT-PB,1,1.0,168.891426925184,168.891426925184,10.0,17.55403483563798,141.337392089546,10000.0,158.891426925184,United States
US,KRG,3,0.6666666666666666,506.2264301174557,224.19335600575295,30.0,53.71740853147877,140.47594747427416,30000.0,194.19335600575295,United States
US,NGVT,5,0.4,679.637043011172,262.95155657490074,50.0,72.87549653228047,140.07606004262027,50000.0,212.95155657490074,United States
US,CSW,1,1.0,167.4359936607006,167.4359936607006,10.0,17.39324122505685,140.04275243564376,10000.0,157.4359936607006,United States
US,CFG-PE,1,1.0,167.41033111299598,167.41033111299598,10.0,17.390406073626117,140.01992503936987,10000.0,157.41033111299598,United States
US,WTG,4,1.0,197.35121407238987,197.35121407238987,40.0,17.383874930881284,139.9673391415086,40000.0,157.35121407238987,United States
US,SJM,2,0.5,453.72536439188593,208.92533192617745,20.0,49.02196836371134,139.90336356246613,20000.0,188.92533192617745,United States
US,FXB,2,1.0,177.27440857499664,177.27440857499664,20.0,17.375389599715845,139.8990189752808,20000.0,157.27440857499664,United States
US,AHL-PE,2,0.5,297.9416191125872,191.3884464030613,20.0,31.811264524122816,139.5771818789385,20000.0,171.3884464030613,United States
US,RWTN,1,1.0,166.869980560167,166.869980560167,10.0,17.330709130805644,139.53927142936135,10000.0,156.869980560167,United States
US,ADSK,1,1.0,165.88002760806964,165.88002760806964,10.0,17.22134093553516,138.6586866725345,10000.0,155.88002760806964,United States
US,SLV,2,0.5,609.965289408012,224.17699424466912,20.0,66.28307010799834,137.89392413667076,20000.0,204.17699424466912,United States
US,INTR,2,0.5,300.18718783895616,189.8932805612308,20.0,32.05935085836576,137.83392970286505,20000.0,169.8932805612308,United States
US,OXLCO,3,1.0,183.40470881387904,183.40470881387904,30.0,16.947872233142608,136.45683658073645,30000.0,153.40470881387904,United States
US,KYTX,1,1.0,162.4132585636162,162.4132585636162,10.0,16.838338619103688,135.57491994451252,10000.0,152.4132585636162,United States
US,HDL,4,0.5,405.78212867788733,218.18723555269594,40.0,42.62050544090654,135.5667301117894,40000.0,178.18723555269594,United States
US,ULBI,1,1.0,162.3380338990832,162.3380338990832,10.0,16.83002793546729,135.50800596361591,10000.0,152.3380338990832,United States
US,SOYB,1,1.0,162.04301701035595,162.04301701035595,10.0,16.79743500807003,135.24558200228591,10000.0,152.04301701035595,United States
US,ISTR,4,0.5,251.47596803406282,199.65541854995772,40.0,25.573042454935184,134.08237609502254,40000.0,159.65541854995772,United States
US,PNFP,1,1.0,160.08093001994573,160.08093001994573,10.0,16.580667218600613,133.50026280134512,10000.0,150.08093001994573,United States
US,SOJE,2,1.0,169.918069861561,169.918069861561,20.0,16.562674725557113,133.3553951360039,20000.0,149.918069861561,United States
US,LDOS,2,0.5,872.0001220703133,248.40064871391348,20.0,95.2322001505554,133.16844856335808,20000.0,228.40064871391348,United States
US,RPC,1,1.0,155.0389321891532,155.0389321891532,10.0,16.02363650098601,129.01529568816719,10000.0,145.0389321891532,United States
US,RBKB,4,0.75,364.9840198298349,205.80236317399806,40.0,37.00842309285691,128.79394008114116,40000.0,165.80236317399806,United States
US,BRW,1,1.0,154.32086991675087,154.32086991675087,10.0,15.944306291749216,128.37656362500164,10000.0,144.32086991675087,United States
US,SIVR,2,0.5,599.0445250231136,213.24727251785913,20.0,65.0765639915005,128.17070852635862,20000.0,193.24727251785913,United States
US,AKTX,2,0.5,1449.5794312292799,306.9830696052411,20.0,159.04210801987185,127.94096158536922,20000.0,286.9830696052411,United States
US,UVV,1,1.0,153.37405760595502,153.37405760595502,10.0,15.839704195788764,127.53435341016625,10000.0,143.37405760595502,United States
US,HEI-A,2,0.5,200.4118880961858,168.14761775816754,20.0,21.036357854183677,127.11125990398386,20000.0,148.14761775816754,United States
US,RLYB,1,1.0,152.86597476643405,152.86597476643405,10.0,15.78357213103904,127.08240263539501,10000.0,142.86597476643405,United States
US,FT,2,1.0,161.97023564627824,161.97023564627824,20.0,15.68461250796093,126.28562313831729,20000.0,141.97023564627824,United States
US,SYF-PA,2,1.0,161.0639487331267,161.0639487331267,20.0,15.584487583964645,125.47946114916205,20000.0,141.0639487331267,United States
US,OVV,1,1.0,150.7347382063462,150.7347382063462,10.0,15.548117005846013,125.1866212005002,10000.0,140.7347382063462,United States
US,AMH-PG,1,1.0,150.44271418478638,150.44271418478638,10.0,15.515854724950785,124.9268594598356,10000.0,140.44271418478638,United States
US,RWAYI,2,1.0,160.29238487181408,160.29238487181408,20.0,15.499246616836961,124.79313825497712,20000.0,140.29238487181408,United States
US,FFC,1,1.0,149.62636324532986,149.62636324532986,10.0,15.425665763175816,124.20069748215404,10000.0,139.62636324532986,United States
US,DSAC,2,1.0,159.31299639108332,159.31299639108332,20.0,15.39104556508062,123.9219508260027,20000.0,139.31299639108332,United States
US,POST,1,1.0,149.30475703354819,149.30475703354819,10.0,15.390135295898741,123.91462173764944,10000.0,139.30475703354819,United States
US,NLY-PI,3,0.6666666666666666,196.77289690302356,173.22504615496447,30.0,19.529547001257903,123.69549915370658,30000.0,143.22504615496447,United States
US,GLTR,2,0.5,441.0773040737248,190.3677895917022,20.0,47.62463374519354,122.74315584650867,20000.0,170.3677895917022,United States
US,NAD,5,0.8,292.19681751218036,200.53043694780894,50.0,27.862244085267037,122.66819286254189,50000.0,150.53043694780894,United States
US,DCBO,1,1.0,147.78375234118403,147.78375234118403,10.0,15.222097473647317,122.5616548675367,10000.0,137.78375234118403,United States
US,OIM,5,1.0,189.00530973320116,189.00530973320116,50.0,16.46178857056464,122.54352116263654,50000.0,139.00530973320116,United States
US,CMG,1,1.0,147.73814118286265,147.73814118286265,10.0,15.217058436126154,122.5210827467365,10000.0,137.73814118286265,United States
US,MITP,4,1.0,177.11279796891466,177.11279796891466,40.0,15.147971659235154,121.96482630967952,40000.0,137.11279796891466,United States
US,SAMG,1,1.0,146.77092520458012,146.77092520458012,10.0,15.110202180222858,121.66072302435727,10000.0,136.77092520458012,United States
US,SABA,1,1.0,146.34109124904705,146.34109124904705,10.0,15.062714909355057,121.278376339692,10000.0,136.34109124904705,United States
US,BCC,4,0.5,1128.6620124695455,283.6905673876711,40.0,122.48295559081735,121.2076117968536,40000.0,243.69056738767108,United States
US,CL,1,1.0,145.4667107328511,145.4667107328511,10.0,14.966114945858386,120.50059578699273,10000.0,135.4667107328511,United States
US,OPP,1,1.0,145.11880899796603,145.11880899796603,10.0,14.927679397183836,120.19112960078219,10000.0,135.11880899796603,United States
US,RGT,3,0.6666666666666666,375.6108373809042,188.75983750255233,30.0,39.28723624751699,119.47260125503533,30000.0,158.75983750255233,United States
US,SCD,1,1.0,143.41617967190246,143.41617967190246,10.0,14.739576016905351,118.67660365499711,10000.0,133.41617967190246,United States
IN,NAZARA,1,1.0,152.63397307220706,152.63397307220706,35.0,0.0,117.63397307220706,10000.0,117.63397307220706,India
US,HEI,1,1.0,141.79584869102203,141.79584869102203,10.0,14.560564807590508,117.23528388343152,10000.0,131.79584869102203,United States
US,IEAGU,1,1.0,141.46386123285114,141.46386123285114,10.0,14.523887439160362,116.93997379369078,10000.0,131.46386123285114,United States
US,AFBI,5,1.0,181.99988859757266,181.99988859757266,50.0,15.198811977179469,116.80107662039319,50000.0,131.99988859757266,United States
US,BRT,1,1.0,140.6566264720399,140.6566264720399,10.0,14.434705616163136,116.22192085587676,10000.0,130.6566264720399,United States
US,VOYA-PB,2,1.0,150.28374843315981,150.28374843315981,20.0,14.39351073101035,115.89023770214948,20000.0,130.28374843315981,United States
US,PONOU,1,1.0,140.2804464519858,140.2804464519858,10.0,14.39314593415707,115.88730051782872,10000.0,130.2804464519858,United States
US,EVV,1,1.0,139.93549654891967,139.93549654891967,10.0,14.355036498474151,115.58046005044552,10000.0,129.93549654891967,United States
US,BMHL,2,0.5,564.3734940355638,196.48090019247945,20.0,61.24617177009068,115.2347284223888,20000.0,176.48090019247945,United States
US,SGA,1,1.0,139.21087136678167,139.21087136678167,10.0,14.27498123094848,114.93589013583319,10000.0,129.21087136678167,United States
US,WATT,1,1.0,138.8289974982193,138.8289974982193,10.0,14.232792502951721,114.59620499526758,10000.0,128.8289974982193,United States
US,CION,3,0.6666666666666666,1171.7599135498347,271.75975006280885,30.0,127.24433303922117,114.5154170235877,30000.0,241.75975006280885,United States
US,PFG,4,0.5,622.9154338963294,220.90506820759305,40.0,66.60899668641892,114.2960715211741,40000.0,180.90506820759305,United States
US,EGBN,2,0.5,340.58004185773206,170.72890478961656,20.0,36.521879644706765,114.2070251449098,20000.0,150.72890478961656,United States
US,CRAN,4,1.0,168.25752506274716,168.25752506274716,40.0,14.18274495686498,114.07478010588217,40000.0,128.25752506274716,United States
US,CCIX,3,1.0,156.65686317172913,156.65686317172913,30.0,13.99281906717379,112.66404410455533,30000.0,126.65686317172913,United States
US,OCAC-UN,3,1.0,156.6146180578576,156.6146180578576,30.0,13.988151904099693,112.62646615375789,30000.0,126.6146180578576,United States
US,ASLE,1,1.0,135.68130423062374,135.68130423062374,10.0,13.885041095965533,111.7962631346582,10000.0,125.68130423062374,United States
US,DTG,2,1.0,144.79964055631677,144.79964055631677,20.0,13.787636502454088,111.01200405386268,20000.0,124.79964055631677,United States
US,BUSEP,2,0.5,184.74836769343915,149.972832734917,20.0,19.305880709384617,110.6669520255324,20000.0,129.972832734917,United States
US,KALU,1,1.0,134.38561335295418,134.38561335295418,10.0,13.741895532715356,110.64371782023882,10000.0,124.38561335295418,United States
US,MNSBP,4,0.75,303.80383475775875,180.78771953888517,40.0,30.249347913101047,110.53837162578412,40000.0,140.78771953888517,United States
US,FPH,1,1.0,133.20477312596114,133.20477312596114,10.0,13.611438459724761,109.59333466623637,10000.0,123.20477312596114,United States
US,SUMA,3,1.0,151.82278899528612,151.82278899528612,30.0,13.458759375386302,108.36402961989981,30000.0,121.82278899528612,United States
US,CHMI-PA,1,1.0,131.45982840876204,131.45982840876204,10.0,13.418660152268322,108.04116825649372,10000.0,121.45982840876204,United States
US,DSM,4,0.75,163.13173203024166,163.1315145800727,40.0,15.812915376740957,107.31859920333173,40000.0,123.13151458007269,United States
US,NDAQ,2,0.5,878.3002215973102,222.90120337273515,20.0,95.92822364726025,106.97297972547494,20000.0,202.90120337273515,United States
US,EUO,5,0.6,467.8096776793117,204.45011019946332,50.0,48.368414093107766,106.0816961063556,50000.0,154.45011019946332,United States
US,KEYYU,2,1.0,139.04735421994332,139.04735421994332,20.0,13.15213440717232,105.89521981277099,20000.0,119.04735421994332,United States
US,CHI,4,0.5,246.33174165698657,170.67731618715774,40.0,25.004717714116264,105.6725984730415,40000.0,130.67731618715774,United States
US,CCID,4,0.75,215.60700487950555,164.42608273921965,40.0,20.505523126350994,103.92055961286866,40000.0,124.42608273921965,United States
US,TWO-PC,5,0.6,205.28730949025632,173.2199284253122,50.0,19.36542201541219,103.85450640990001,50000.0,123.21992842531219,United States
US,CRANU,1,1.0,126.58190704018857,126.58190704018857,10.0,12.87975630272482,103.70215073746375,10000.0,116.58190704018857,United States
US,BSBR,1,1.0,126.45899553707096,126.45899553707096,10.0,12.866177264200338,103.59281827287063,10000.0,116.45899553707096,United States
US,EXE,1,1.0,126.32065975835883,126.32065975835883,10.0,12.850894179860795,103.46976557849803,10000.0,116.32065975835883,United States
US,KKR,2,0.5,250.24620825678136,149.71118778552506,20.0,26.541962587164885,103.1692251983602,20000.0,129.71118778552506,United States
US,SF-PD,1,1.0,125.47013152348629,125.47013152348629,10.0,12.756929372869186,102.71320215061711,10000.0,115.47013152348629,United States
US,SUPX,1,1.0,125.47013152348629,125.47013152348629,10.0,12.756929372869186,102.71320215061711,10000.0,115.47013152348629,United States
US,BIPI,3,0.3333333333333333,223.74192848940487,156.31443144037746,30.0,23.613818134480894,102.7006133058966,30000.0,126.31443144037746,United States
US,GS-PA,1,1.0,125.3260520357391,125.3260520357391,10.0,12.741011734038954,102.58504030170015,10000.0,115.3260520357391,United States
IN,360ONE,1,1.0,137.4474414846394,137.4474414846394,35.0,0.0,102.4474414846394,10000.0,102.4474414846394,India
US,TEN-PE,4,0.5,381.6599969096313,182.3049697455037,40.0,39.955536351232496,102.34943339427122,40000.0,142.3049697455037,United States
US,AFGB,1,1.0,124.37829923866994,124.37829923866994,10.0,12.636305734871618,101.74199350379833,10000.0,114.37829923866994,United States
US,ALCO,2,1.0,134.095131859715,134.095131859715,20.0,12.605021919686097,101.4901099400289,20000.0,114.095131859715,United States
US,LYEL,1,1.0,123.90695577460198,123.90695577460198,10.0,12.584232569264671,101.32272320533731,10000.0,113.90695577460198,United States
US,OIS,1,1.0,123.85901758226403,123.85901758226403,10.0,12.578936445272696,101.28008113699133,10000.0,113.85901758226403,United States
IN,PPL,1,1.0,136.18677042801508,136.18677042801508,35.0,0.0,101.18677042801508,10000.0,101.18677042801508,India
US,EVRG,2,0.5,184.6887414701559,139.68489229711275,20.0,19.299293313066975,100.38559898404579,20000.0,119.68489229711275,United States
US,MET-PA,2,1.0,132.5448970936249,132.5448970936249,20.0,12.433754812240608,100.11114228138432,20000.0,112.54489709362491,United States
US,POR,2,1.0,132.24320443536052,132.24320443536052,20.0,12.4004243580096,99.84278007735092,20000.0,112.24320443536052,United States
US,AXTA,5,0.8,412.1562715021443,190.76418453641722,50.0,41.11514561025284,99.64903892616435,50000.0,140.76418453641722,United States
US,TFC-PO,2,1.0,131.95338180267413,131.95338180267413,20.0,12.401148806844208,99.55223299582994,20000.0,111.95338180267413,United States
US,ALTG-PA,2,0.5,155.25486818544377,135.53070134542213,20.0,16.04749271572652,99.4832086296956,20000.0,115.53070134542213,United States
US,BGH,1,1.0,121.77658627572808,121.77658627572808,10.0,12.348873235411991,99.42771304031609,10000.0,111.77658627572808,United States
US,ATII,1,1.0,120.70530968456339,120.70530968456339,10.0,12.230520552930493,98.47478913163289,10000.0,110.70530968456339,United States
US,AGNT,2,0.5,306.5136291971604,151.1741566949787,20.0,32.75828455250289,98.41587214247579,20000.0,131.1741566949787,United States
US,SLSR,2,0.5,668.3480935018582,191.0211472888335,20.0,72.73309574310179,98.28805154573172,20000.0,171.0211472888335,United States
US,PSA-PI,2,0.5,286.02237773469153,148.60157826963263,20.0,30.494448491874095,98.10712977775853,20000.0,128.60157826963263,United States
US,PRMB,1,1.0,120.09635173959366,120.09635173959366,10.0,12.163243990649567,97.9331077489441,10000.0,110.09635173959366,United States
US,CNTA,1,1.0,119.94002998500619,119.94002998500619,10.0,12.145973848523596,97.7940561364826,10000.0,109.94002998500619,United States
US,ABXL,1,1.0,119.28040672663175,119.28040672663175,10.0,12.073099874892822,97.20730685173893,10000.0,109.28040672663175,United States
US,PBA,1,1.0,119.17676336716143,119.17676336716143,10.0,12.061649545709981,97.11511382145144,10000.0,109.17676336716143,United States
US,GOODO,2,1.0,128.8348598838196,128.8348598838196,20.0,12.02387667291783,96.81098321090177,20000.0,108.8348598838196,United States
US,FVN,2,1.0,128.22282918102835,128.22282918102835,20.0,11.956260637961226,96.26656854306711,20000.0,108.22282918102835,United States
US,EVT,1,1.0,117.69041150490489,117.69041150490489,10.0,11.897440104879971,95.79297140002491,10000.0,107.69041150490489,United States
US,NEE-PS,2,0.5,156.16172008209307,131.85822603676846,20.0,16.147680058068417,95.71054597870005,20000.0,111.85822603676846,United States
US,FAX,1,1.0,117.48468785262922,117.48468785262922,10.0,11.874712131266504,95.60997572136272,10000.0,107.48468785262922,United States
US,TTD,1,1.0,116.40256044095132,116.40256044095132,10.0,11.75516066993979,94.64739977101152,10000.0,106.40256044095132,United States
US,ATMU,4,0.25,886.2600172144975,231.4351471646903,40.0,96.80760733870672,94.6275398259836,40000.0,191.4351471646903,United States
US,COF-PJ,2,1.0,126.34902700044081,126.34902700044081,20.0,11.749246393142242,94.59978060729857,20000.0,106.34902700044081,United States
US,MLCO,1,1.0,116.05419549997276,116.05419549997276,10.0,11.716673947101485,94.33752155287128,10000.0,106.05419549997276,United States
US,ASAN,1,1.0,115.60693641618602,115.60693641618602,10.0,11.667261579868828,93.93967483631718,10000.0,105.60693641618602,United States
US,CTO-PA,1,1.0,113.69037492644507,113.69037492644507,10.0,11.455523364619516,92.23485156182556,10000.0,103.69037492644507,United States
US,ATLO,1,1.0,112.91954929905535,112.91954929905535,10.0,11.370363956228195,91.54918534282716,10000.0,102.91954929905535,United States
US,RIV,1,1.0,112.55437677556657,112.55437677556657,10.0,11.330020362351615,91.22435641321495,10000.0,102.55437677556657,United States
US,MEGI,1,1.0,112.2110196859527,112.2110196859527,10.0,11.292086897791672,90.91893278816103,10000.0,102.2110196859527,United States
US,GNT,1,1.0,111.262302587527,111.262302587527,10.0,11.187274364370522,90.07502822315648,10000.0,101.262302587527,United States
US,DBP,2,0.5,390.2919990737241,151.97214153394367,20.0,42.01396594290689,89.95817559103676,20000.0,131.97214153394367,United States
US,AAMI,2,0.5,716.8592848219313,187.25158940547158,20.0,78.09252361677702,89.15906578869453,20000.0,167.25158940547158,United States
US,PEGA,1,1.0,109.51127432318853,109.51127432318853,10.0,10.993823957729907,88.51745036545863,10000.0,99.51127432318853,United States
US,WPC,2,0.5,188.1490534391683,127.28675475989215,20.0,19.681582263589277,87.60517249630286,20000.0,107.28675475989215,United States
US,SCE-PM,2,1.0,119.23329936154082,119.23329936154082,20.0,11.838282124534212,87.39501723700658,20000.0,99.23329936154082,United States
US,MTEX,1,1.0,108.05497235071515,108.05497235071515,10.0,10.832934373875625,87.22203797683952,10000.0,98.05497235071515,United States
US,CNI,1,1.0,108.00960968007533,108.00960968007533,10.0,10.827922788819977,87.18168689125535,10000.0,98.00960968007533,United States
US,MCD,2,0.5,565.5099417857401,168.34701925450895,20.0,61.3717244432684,86.97529481124053,20000.0,148.34701925450895,United States
US,SSSSL,2,1.0,116.62310846814572,116.62310846814572,20.0,10.674744665589156,85.94836380255657,20000.0,96.62310846814572,United States
US,BLW,1,1.0,106.12254240074836,106.12254240074836,10.0,10.619443040103919,85.50309936064444,10000.0,96.12254240074836,United States
US,WRD,3,0.3333333333333333,387.4540856843511,157.1750576388875,30.0,41.700438451451774,85.47461918743574,30000.0,127.1750576388875,United States
US,SRV,3,0.3333333333333333,237.25994055803002,140.4905568871129,30.0,25.10726343454075,85.38329345257213,30000.0,110.49055688711289,United States
US,JENA,2,1.0,115.9417341296809,115.9417341296809,20.0,10.599467672330398,85.3422664573505,20000.0,95.9417341296809,United States
US,ONEW,1,1.0,105.91333562677497,105.91333562677497,10.0,10.596330257562734,85.31700536921224,10000.0,95.91333562677497,United States
US,RTO,1,1.0,105.33731974912585,105.33731974912585,10.0,10.532693074753027,84.80462667437283,10000.0,95.33731974912585,United States
US,BAC-PM,2,1.0,114.72129321580927,114.72129321580927,20.0,10.464635587733236,84.25665762807603,20000.0,94.72129321580927,United States
US,SVCC,2,1.0,113.85191437811582,113.85191437811582,20.0,10.36858820054838,83.48332617756745,20000.0,93.85191437811582,United States
US,CAPN,5,0.8,145.06041733438167,145.06017524117397,50.0,11.60688314922605,83.45329209194793,50000.0,95.06017524117397,United States
US,GAB-PH,3,1.0,123.80886727553221,123.80886727553221,30.0,10.36383243522517,83.44503484030703,30000.0,93.80886727553221,United States
US,ANET,4,0.5,745.7574675428891,203.5498541277214,40.0,80.18036035053703,83.3694937771844,40000.0,163.5498541277214,United States
US,KNTK,4,0.25,565.6777398060941,184.62069010549362,40.0,61.3902624622896,83.23042764320405,40000.0,144.62069010549362,United States
EU,ENEL.MI,1,1.0,118.62018244053196,118.62018244053196,25.0,11.56665183265033,82.05353060788164,10000.0,93.62018244053196,Europe
US,ARTC,2,1.0,111.20289749587897,111.20289749587897,20.0,10.075929650424879,81.12696784545409,20000.0,91.20289749587897,United States
US,EYPT,5,0.6,1354.7372936811498,277.2083865157038,50.0,146.35455827517583,80.85382824052795,50000.0,227.2083865157038,United States
US,TRST,1,1.0,100.20015061194876,100.20015061194876,10.0,9.965148004917179,80.23500260703157,10000.0,90.20015061194876,United States
US,MDY,1,1.0,100.14447047983043,100.14447047983043,10.0,9.958996565548972,80.18547391428146,10000.0,90.14447047983043,United States
US,TNL,5,0.4,387.1001090961701,170.63128215886292,50.0,40.55655001622556,80.07473214263736,50000.0,120.63128215886292,United States
US,PMTU,2,1.0,109.97280531339193,109.97280531339193,20.0,9.940031311286727,80.0327740021052,20000.0,89.97280531339193,United States
US,CMII,1,1.0,99.89975692032527,99.89975692032527,10.0,9.931961058149765,79.9677958621755,10000.0,89.89975692032527,United States
US,NEE-PV,4,0.75,187.23933698346463,137.19789009087214,40.0,17.37151495429659,79.82637513657554,40000.0,97.19789009087214,United States
US,KROS,2,0.5,233.5166581821091,124.42585312839816,20.0,24.6937124299451,79.73214069845307,20000.0,104.42585312839816,United States
US,GJT,4,0.5,131.06863418514968,131.068042759217,40.0,12.270659980609846,78.79738277860717,40000.0,91.06804275921701,United States
US,ALIS,4,1.0,128.44829539270685,128.44829539270685,40.0,9.786901196929666,78.66139419577718,40000.0,88.44829539270685,United States
US,VNO-PL,5,0.6,266.52081212754644,154.64165375914664,50.0,26.13038762245686,78.51126613668978,50000.0,104.64165375914664,United States
US,WLII,2,1.0,108.18174298811822,108.18174298811822,20.0,9.76907924124885,78.41266374686937,20000.0,88.18174298811822,United States
US,APXTU,5,0.8,161.32192714387594,141.80928542322002,50.0,13.403425072223197,78.40586035099682,50000.0,91.80928542322002,United States
US,MET-PE,2,1.0,107.82841705358592,107.82841705358592,20.0,9.703123210313525,78.1252938432724,20000.0,87.82841705358592,United States
US,CAL,1,1.0,97.79979080908996,97.79979080908996,10.0,9.699960635070669,78.09983017401929,10000.0,87.79979080908996,United States
US,CFR-PB,1,1.0,97.6200348142453,97.6200348142453,10.0,9.680101520853615,77.93993329339169,10000.0,87.6200348142453,United States
US,NAVI,2,0.5,201.66118798306877,118.91927701705552,20.0,21.174378225445295,77.74489879161021,20000.0,98.91927701705552,United States
US,CCII,5,0.8,154.93561304634085,140.42865875730448,50.0,12.697876747125436,77.73078201017904,50000.0,90.42865875730448,United States
US,NWAX-UN,1,1.0,96.89929873444302,96.89929873444302,10.0,9.600475914255547,77.29882282018747,10000.0,86.89929873444302,United States
US,TMUS,1,1.0,96.86767394185169,96.86767394185169,10.0,9.59698206489211,77.27069187695957,10000.0,86.86767394185169,United States
US,NEA,3,0.6666666666666666,185.50431759219776,125.4184151939608,30.0,18.284614926580733,77.13380026738007,30000.0,95.4184151939608,United States
US,DLNG-PA,4,0.75,172.813407511343,132.36478200024493,40.0,15.777764596643134,76.58701740360179,40000.0,92.36478200024493,United States
IN,NDRAUTO,1,1.0,111.44974925776596,111.44974925776596,35.0,0.0,76.44974925776596,10000.0,76.44974925776596,India
US,NEWTP,4,0.5,171.25195688901806,133.14410577635493,40.0,16.71004012971962,76.43406564663532,40000.0,93.14410577635493,United States
US,TBRG,5,1.0,135.85624979201904,135.85624979201904,50.0,9.485241770885388,76.37100802113366,50000.0,85.85624979201904,United States
US,OCFC,1,1.0,95.38910284077717,95.38910284077717,10.0,9.433632228355927,75.95547061242124,10000.0,85.38910284077717,United States
US,CANE,1,1.0,95.33870018134661,95.33870018134661,10.0,9.428063834537742,75.91063634680887,10000.0,85.33870018134661,United States
US,GLOP-PB,4,0.75,226.15393852642552,137.21316542766425,40.0,21.67072910523852,75.54243632242573,40000.0,97.21316542766425,United States
US,MATW,1,1.0,94.84089922289884,94.84089922289884,10.0,9.373067693242335,75.46783152965651,10000.0,84.84089922289884,United States
US,NXP,2,1.0,104.71591747363229,104.71591747363229,20.0,9.359259937701962,75.35665753593034,20000.0,84.71591747363229,United States
US,EIIA,5,1.0,134.2245449889723,134.2245449889723,50.0,9.30497400245728,74.91957098651501,50000.0,84.2245449889723,United States
US,AIQU,2,0.5,251.61312472435694,121.17855535960675,20.0,26.692977023585847,74.4855783360209,20000.0,101.17855535960675,United States
US,AGM-PI,3,1.0,112.37002300197973,112.37002300197973,30.0,9.74741196421374,72.62261103776599,30000.0,82.37002300197973,United States
US,NEE,4,0.25,220.173332807998,135.65076284101974,40.0,23.219566197054338,72.4311966439654,40000.0,95.65076284101974,United States
US,WTIU,1,1.0,91.11614415567848,91.11614415567848,10.0,8.961563551895601,72.15458060378288,10000.0,81.11614415567848,United States
US,JBK,2,1.0,100.6574405518057,100.6574405518057,20.0,8.910886814972553,71.74655373683315,20000.0,80.6574405518057,United States
US,PCM,1,1.0,90.58002112568353,90.58002112568353,10.0,8.902333658081691,71.67768746760184,10000.0,80.58002112568353,United States
US,AFYA,3,0.6666666666666666,427.4633845956699,146.0631425998626,30.0,45.0158110217441,71.04733157811852,30000.0,116.0631425998626,United States
US,MACI,3,1.0,111.13749019375341,111.13749019375342,30.0,10.158014435880867,70.97947575787254,30000.0,81.13749019375342,United States
US,KEY-PI,2,1.0,99.69071467469169,99.69071467469169,20.0,8.804084704551816,70.88662997013988,20000.0,79.69071467469169,United States
US,OXLC,2,0.5,588.9428120393014,154.16041066415363,20.0,63.96054517884959,70.19986548530409,20000.0,134.16041066415363,United States
US,SCE-PN,2,0.5,158.24202652815922,106.13601150953444,20.0,16.377508517222747,69.7585029923117,20000.0,86.13601150953444,United States
US,ELV,2,0.5,840.6249682108569,181.0229366340144,20.0,91.76593041857213,69.25700621544229,20000.0,161.0229366340144,United States
US,METCZ,4,1.0,118.33982463533843,118.33982463533843,40.0,9.109777413479483,69.23004722185895,40000.0,78.33982463533843,United States
US,NPV,1,1.0,87.64261952834084,87.64261952834084,10.0,8.577814890997477,69.06480463734337,10000.0,77.64261952834084,United States
US,IPI,1,1.0,87.29630389319843,87.29630389319843,10.0,8.539554571727525,68.7567493214709,10000.0,77.29630389319843,United States
US,GTN-A,1,1.0,86.95657702459725,86.95657702459725,10.0,8.50202216735913,68.45455485723812,10000.0,76.95657702459725,United States
US,AVY,1,1.0,86.8715926209096,86.8715926209096,10.0,8.492633245554547,68.37895937535505,10000.0,76.8715926209096,United States
US,CRAQ,4,1.0,116.79854435052262,116.79854435052262,40.0,8.545773693460525,68.25277065706209,40000.0,76.79854435052262,United States
US,NMAI,1,1.0,86.45533141210305,86.45533141210305,10.0,8.446645466971908,68.00868594513113,10000.0,76.45533141210305,United States
US,GLOP-PC,1,1.0,86.44403783652166,86.44403783652166,10.0,8.445397773354882,67.99864006316677,10000.0,76.44403783652166,United States
US,ATLC,5,0.6,1972.9537173544466,332.29680242228824,50.0,214.65398038455413,67.64282203773428,50000.0,282.29680242228824,United States
US,IHS,1,1.0,85.99513285868721,85.99513285868721,10.0,8.395803570751948,67.59932928793526,10000.0,75.99513285868721,United States
US,CICB,4,0.75,170.13009662895095,121.97569737555813,40.0,15.48131730797642,66.49438006758172,40000.0,81.97569737555813,United States
US,RITM-PE,4,1.0,114.26715706231549,114.26715706231549,40.0,8.204899958696583,66.0622571036189,40000.0,74.26715706231549,United States
US,CUBE,1,1.0,83.89254430110738,83.89254430110738,10.0,8.163513424587236,65.72903087652014,10000.0,73.89254430110738,United States
US,SLG,1,1.0,83.80465376472301,83.80465376472301,10.0,8.15380343854664,65.65085032617637,10000.0,73.80465376472301,United States
US,PRH,2,1.0,93.7633868233645,93.7633868233645,20.0,8.149244342186403,65.61414248117809,20000.0,73.7633868233645,United States
US,FITB-PI,1,1.0,83.39928103591632,83.39928103591632,10.0,8.109018599360565,65.29026243655575,10000.0,73.39928103591632,United States
US,JHI,1,1.0,83.27001879198991,83.27001879198991,10.0,8.094737942582997,65.17528084940692,10000.0,73.27001879198991,United States
US,HBANM,1,1.0,83.04806528990571,83.04806528990571,10.0,8.070216924785651,64.97784836512005,10000.0,73.04806528990571,United States
US,NWAX,1,1.0,82.58743665704671,82.58743665704671,10.0,8.019327514173796,64.56810914287291,10000.0,72.58743665704671,United States
US,VNOM,1,1.0,82.38017695446409,82.38017695446409,10.0,7.996429840526041,64.38374711393806,10000.0,72.38017695446409,United States
US,GREEL,2,0.5,109.28996490867648,95.09583270116195,20.0,10.969374097551936,64.12645860361002,20000.0,75.09583270116195,United States
US,ZTO,1,1.0,81.81832053444582,81.81832053444582,10.0,7.93435696875133,63.883963565694486,10000.0,71.81832053444582,United States
US,SRJN,4,0.75,201.98245841682507,122.78247386515729,40.0,19.000308100884098,63.78216576427318,40000.0,82.78247386515729,United States
US,ZBH,3,0.3333333333333333,758.5494606380538,176.09390947029735,30.0,82.69837814739734,63.39553132290004,30000.0,146.09390947029735,United States
US,TY,1,1.0,80.66887884379037,80.66887884379037,10.0,7.807368748746224,62.86151009504414,10000.0,70.66887884379037,United States
US,SDHY,1,1.0,80.6451612903225,80.6451612903225,10.0,7.804748476728736,62.84041281359377,10000.0,70.6451612903225,United States
US,TCX,1,1.0,80.46798315376024,80.46798315376024,10.0,7.785174159589576,62.68280899417067,10000.0,70.46798315376024,United States
US,FGIIU,1,1.0,80.40174167958992,80.40174167958992,10.0,7.777855922428186,62.62388575716173,10000.0,70.40174167958992,United States
US,GDV,1,1.0,79.3927383291182,79.3927383291182,10.0,7.666383073916379,61.726355255201824,10000.0,69.3927383291182,United States
US,EQH-PC,2,0.5,111.0421897892877,92.73871837474302,20.0,11.162956704174281,61.57576167056874,20000.0,72.73871837474302,United States
US,ILLUU,5,1.0,119.76143024446716,119.76143024446716,50.0,8.811876264425925,60.94955398004125,50000.0,69.76143024446716,United States
US,EVOXU,2,1.0,88.33092576692624,88.33092576692624,20.0,7.549075960081899,60.78184980684435,20000.0,68.33092576692624,United States
US,DPRO,1,1.0,78.2357010186896,78.2357010186896,10.0,7.538555703702377,60.69714531498722,10000.0,68.2357010186896,United States
US,PFH,2,0.5,232.6307935691041,105.20388687230265,20.0,24.595843724393916,60.608043147908745,20000.0,85.20388687230265,United States
US,OBTC,1,1.0,78.00268370597996,78.00268370597996,10.0,7.51281237630097,60.48987132967899,10000.0,68.00268370597996,United States
US,BTCK,1,1.0,77.85434128916302,77.85434128916302,10.0,7.496423776847877,60.35791751231514,10000.0,67.85434128916302,United States
US,FLNG,2,0.5,259.0166936155236,107.70563629452388,20.0,27.510909801575053,60.19472649294883,20000.0,87.70563629452388,United States
US,RBA,3,0.3333333333333333,305.6884279860905,122.74815985704012,30.0,32.66711782887373,60.081042028166394,30000.0,92.74815985704012,United States
US,BBCQ,1,1.0,77.51901020375263,77.51901020375263,10.0,7.459377010583149,60.05963319316948,10000.0,67.51901020375263,United States
US,SLP,1,1.0,76.7539258588834,76.7539258588834,10.0,7.374851888605615,59.37907397027779,10000.0,66.7539258588834,United States
US,LDP,1,1.0,76.73871888816963,76.73871888816963,10.0,7.373171850237152,59.36554703793248,10000.0,66.73871888816963,United States
US,AVR,4,0.25,698.3802579192488,175.3324013787128,40.0,76.05099445277047,59.28140692594229,40000.0,135.3324013787128,United States
US,UPBD,1,1.0,76.56956157129358,76.56956157129358,10.0,7.354483658617201,59.21507791267638,10000.0,66.56956157129358,United States
US,FXF,3,0.6666666666666666,139.2327732022869,102.72343239445259,30.0,13.87154815963443,58.85188423481816,30000.0,72.72343239445259,United States
US,BAC-PN,3,0.6666666666666666,120.09051815127015,99.90922987957896,30.0,11.057817758611694,58.85141212096727,30000.0,69.90922987957896,United States
US,MIND,1,1.0,76.04598999023438,76.04598999023438,10.0,7.296640425972617,58.749349564261756,10000.0,66.04598999023438,United States
US,CEPF,2,1.0,87.20926472046474,87.20926472046474,20.0,8.529926462419471,58.67933825804528,20000.0,67.20926472046474,United States
US,BGR,1,1.0,75.23908497697019,75.23908497697019,10.0,7.20749503288253,58.031589944087656,10000.0,65.23908497697019,United States
US,DBRG,4,1.0,104.94853874559062,104.94853874559062,40.0,7.579142026884806,57.369396718705815,40000.0,64.94853874559062,United States
US,HRMY,2,0.5,618.9904304651117,144.55826549263247,20.0,67.28015121916157,57.27811427347092,20000.0,124.55826549263247,United States
US,DFP,1,1.0,73.5290377747777,73.5290377747777,10.0,7.018572139188545,56.51046563558916,10000.0,63.529037774777706,United States
US,HCMAU,5,0.6,114.94212680392745,114.94132294052051,50.0,9.38425113163225,55.55707180888825,50000.0,64.94132294052051,United States
US,WIW,1,1.0,72.37681721318224,72.37681721318224,10.0,6.891276914594023,55.48554029858821,10000.0,62.376817213182235,United States
US,CPRX,5,1.0,111.49550299946131,111.49550299946131,50.0,6.843813767817997,54.65168923164332,50000.0,61.49550299946131,United States
US,ETD,2,0.5,483.5068969450762,126.36440983458175,20.0,52.312177722480264,54.05223211210148,20000.0,106.36440983458175,United States
US,SAGU-UN,1,1.0,69.03356819228046,69.03356819228046,10.0,6.52192086491391,52.511647327366546,10000.0,59.033568192280455,United States
US,BCSS-UN,5,0.8,120.80074552885955,111.14860409037198,50.0,8.92671888727503,52.221885203096946,50000.0,61.148604090371975,United States
US,FMS,4,0.5,923.725942506195,192.0176358658287,40.0,99.84199263370762,52.175643232121075,40000.0,152.0176358658287,United States
US,BIO-B,5,0.4,395.41844867488686,143.5680524402405,50.0,41.47554499012189,52.09250745011859,50000.0,93.5680524402405,United States
US,SPY,2,0.5,166.03519405688382,89.16774353863066,20.0,17.23848344158798,51.92926009704267,20000.0,69.16774353863066,United States
US,BRX,1,1.0,68.36591854534113,68.36591854534113,10.0,6.448160150524375,51.91775839481676,10000.0,58.36591854534113,United States
US,TVE,1,1.0,68.3467299548135,68.3467299548135,10.0,6.44604023006619,51.90068972474731,10000.0,58.3467299548135,United States
US,MHD,1,1.0,68.20155125038197,68.20155125038197,10.0,6.430001151782981,51.771550098598986,10000.0,58.20155125038197,United States
US,MUZE,5,0.6,110.66333149040818,110.6624871912154,50.0,8.911537635117124,51.750949556098284,50000.0,60.662487191215405,United States
US,MBVI,3,1.0,88.75762217143591,88.75762217143591,30.0,7.596179194051952,51.16144297738395,30000.0,58.75762217143591,United States
US,SAJ,1,1.0,66.82413928913667,66.82413928913667,10.0,6.277827192377924,50.54631209675874,10000.0,56.82413928913667,United States
US,CEPV,2,1.0,77.29534941594895,77.29534941594895,20.0,7.43462665605871,49.860722759890244,20000.0,57.29534941594895,United States
US,TFC-PI,1,1.0,66.04343177068816,66.04343177068816,10.0,6.191576050699005,49.85185571998915,10000.0,56.04343177068816,United States
US,ACGLO,2,0.5,100.68864119892939,79.81225248984703,20.0,10.019115553366326,49.793136936480686,20000.0,59.812252489847026,United States
IN,BLUEJET,1,1.0,84.68073407580601,84.68073407580601,35.0,0.0,49.680734075806015,10000.0,49.680734075806015,India
US,LVS,1,1.0,64.82321327888619,64.82321327888619,10.0,6.0567685388861285,48.766444740000054,10000.0,54.823213278886186,United States
US,GAINI,1,1.0,64.75685155560073,64.75685155560073,10.0,6.049437016821982,48.70741453877875,10000.0,54.75685155560073,United States
US,GIII,1,1.0,64.48038292091508,64.48038292091508,10.0,6.01889326667668,48.4614896542384,10000.0,54.480382920915076,United States
US,INTU,2,0.5,100.75519869384264,78.28305998539231,20.0,10.026468703922589,48.256591281469724,20000.0,58.28305998539231,United States
US,NFJ,3,0.6666666666666666,253.57343231588558,102.9512724291981,30.0,25.804766480467162,47.14650594873095,30000.0,72.9512724291981,United States
US,GAINZ,1,1.0,62.97200392715973,62.97200392715973,10.0,5.852250308562939,47.119753618596796,10000.0,52.97200392715973,United States
US,LW,3,0.3333333333333333,403.54726584153286,120.50709748732122,30.0,43.47838362169929,47.02871386562195,30000.0,90.50709748732122,United States
US,ECCV,4,0.75,103.14654638419185,94.73257919866418,40.0,8.08109693633319,46.651482262330994,40000.0,54.73257919866418,United States
US,IMO,1,1.0,62.19458018658308,62.19458018658308,10.0,5.766361952669702,46.42821823391338,10000.0,52.19458018658308,United States
US,GECCI,2,0.5,84.10104332229994,74.16068546941767,20.0,8.186548015892999,45.974137453524676,20000.0,54.16068546941767,United States
US,ULE,3,0.3333333333333333,147.17894310066094,90.76558757145526,30.0,15.155279252661378,45.6103083187939,30000.0,60.76558757145526,United States
US,PEO,1,1.0,61.24924036277734,61.24924036277734,10.0,5.6619225343843125,45.58731782839303,10000.0,51.24924036277734,United States
US,WINA,5,0.4,767.928745758506,177.80810854290954,50.0,82.62980270044316,45.178305842466415,50000.0,127.80810854290954,United States
US,WHR-PA,2,0.5,678.6251780876307,138.37911231554756,20.0,73.86848929024637,44.51062302530124,20000.0,118.37911231554756,United States
US,SOMN,1,1.0,59.79693456310997,59.79693456310997,10.0,5.501474440407763,44.29546012270221,10000.0,49.79693456310997,United States
US,VTOL,1,1.0,59.53838584779491,59.53838584779491,10.0,5.472910450246814,44.0654753975481,10000.0,49.53838584779491,United States
US,AQNB,1,1.0,59.1715976331364,59.1715976331364,10.0,5.432388357758786,43.73920927537762,10000.0,49.1715976331364,United States
US,MITN,1,1.0,58.82337981579333,58.82337981579333,10.0,5.393917888871196,43.42946192692214,10000.0,48.82337981579333,United States
US,GTY,2,0.5,103.36653410297103,73.69249081546126,20.0,10.314964273673867,43.37752654178739,20000.0,53.692490815461255,United States
US,OXLCI,4,0.75,98.99965358765695,91.14440380667332,40.0,7.8578273304910375,43.2865764761823,40000.0,51.144403806673324,United States
US,BLRKU,1,1.0,58.357736830896286,58.357736830896286,10.0,5.34247450179845,43.01526232909784,10000.0,48.357736830896286,United States
US,PMTR,1,1.0,57.74765088078615,57.74765088078615,10.0,5.275073319568466,42.47257756121769,10000.0,47.74765088078615,United States
US,GTEN,1,1.0,57.58113458380842,57.58113458380842,10.0,5.256676903006451,42.32445768080197,10000.0,47.58113458380842,United States
US,PAI,2,1.0,67.54729493800404,67.54729493800404,20.0,5.252938360702621,42.29435657730142,20000.0,47.54729493800404,United States
US,PG,2,0.5,213.02413374679753,84.68239603182104,20.0,22.4297357336001,42.252660298220945,20000.0,64.68239603182104,United States
US,PAII,3,1.0,77.4508831547771,77.4508831547771,30.0,5.263945218304204,42.1869379364729,30000.0,47.4508831547771,United States
US,RMR,1,1.0,57.36181430561204,57.36181430561204,10.0,5.232446798978033,42.12936750663401,10000.0,47.36181430561204,United States
US,SFD,1,1.0,57.353231077650335,57.353231077650335,10.0,5.2314985396190625,42.121732538031274,10000.0,47.353231077650335,United States
US,SF-PB,1,1.0,57.14248824905566,57.14248824905566,10.0,5.208216056566949,41.93427219248871,10000.0,47.14248824905566,United States
US,KFII,1,1.0,57.034148009558194,57.034148009558194,10.0,5.196246824651526,41.83790118490667,10000.0,47.034148009558194,United States
US,LKSPU,2,1.0,68.09412486329157,68.09412486329157,20.0,6.418092161696543,41.676032701595034,20000.0,48.09412486329157,United States
US,OGN,2,1.0,66.83139681727957,66.83139681727957,20.0,5.173847242993151,41.657549574286406,20000.0,46.83139681727957,United States
US,JPM-PC,3,0.6666666666666666,131.2253726235757,83.92541204020888,30.0,12.287976157205765,41.63743588300312,30000.0,53.92541204020888,United States
US,HON,3,0.3333333333333333,169.76982191906797,89.05237565448476,30.0,17.65107831130234,41.401297343182414,30000.0,59.05237565448476,United States
US,KBDC,1,1.0,55.228080243880925,55.228080243880925,10.0,4.996715754361939,40.23136448951899,10000.0,45.228080243880925,United States
US,CNC,1,1.0,55.083315966075745,55.083315966075745,10.0,4.980722461175991,40.10259350489975,10000.0,45.083315966075745,United States
US,FUTU,1,1.0,54.84252576007043,54.84252576007043,10.0,4.954120398710481,39.88840536135995,10000.0,44.84252576007043,United States
US,HCICU,2,1.0,64.35583133508561,64.35583133508561,20.0,4.900351286960247,39.45548004812535,20000.0,44.35583133508561,United States
US,PFD,4,0.75,135.041296284113,92.04896929017825,40.0,12.709512335842373,39.33945695433588,40000.0,52.04896929017825,United States
US,ETX,1,1.0,53.79264876687273,53.79264876687273,10.0,4.838131904753503,38.95451686211923,10000.0,43.79264876687273,United States
US,CAPL,1,1.0,53.667058245228105,53.667058245228105,10.0,4.824256893151941,38.842801352076165,10000.0,43.667058245228105,United States
US,DKNG,4,0.75,2022.9262429832295,297.409971360275,40.0,220.17485380540597,37.23511755486902,40000.0,257.409971360275,United States
IN,NARPROP,1,1.0,71.75775910098992,71.75775910098992,35.0,0.0,36.757759100989915,10000.0,36.757759100989915,India
US,FRT,1,1.0,51.314994415616596,51.314994415616596,10.0,4.564405174279245,36.75058924133735,10000.0,41.314994415616596,United States
US,XCBE,1,1.0,50.30158060177481,50.30158060177481,10.0,4.4524450658243575,35.84913553595045,10000.0,40.30158060177481,United States
US,EGY,2,1.0,60.158644936267876,60.158644936267876,20.0,4.436653794387508,35.721991141880366,20000.0,40.158644936267876,United States
US,PTACU,1,1.0,50.150910495156964,50.150910495156964,10.0,4.435799307450595,35.71511118770637,10000.0,40.150910495156964,United States
US,MBINN,1,1.0,50.050011864892774,50.050011864892774,10.0,4.424652210940725,35.625359653952046,10000.0,40.050011864892774,United States
US,GSRVU,4,1.0,79.72005852585617,79.72005852585617,40.0,4.408067577475921,35.311990948380256,40000.0,39.720058525856174,United States
US,CODI-PC,2,0.5,261.7081641275143,82.73758826149668,20.0,27.80825855122675,34.92932971026994,20000.0,62.73758826149668,United States
US,ALUB-UN,1,1.0,49.16447102144339,49.16447102144339,10.0,4.326819274859094,34.8376517465843,10000.0,39.16447102144339,United States
US,BKT,2,0.5,80.56893732875325,61.80753331632704,20.0,7.796327392579703,34.01120592374734,20000.0,41.80753331632704,United States
US,GPACU,5,1.0,89.1981323363189,89.1981323363189,50.0,5.46474089140478,33.733391444914126,50000.0,39.198132336318906,United States
US,SOUL,5,1.0,87.04329907561981,87.0432990756198,50.0,4.194992807234723,32.84830626838508,50000.0,37.0432990756198,United States
US,SHO-PH,4,0.5,225.4779315866484,96.04394397133674,40.0,23.30320670184234,32.74073726949441,40000.0,56.043943971336745,United States
US,EOD,1,1.0,46.36785162287494,46.36785162287494,10.0,4.0178538681376414,32.349997754737295,10000.0,36.36785162287494,United States
US,VLYPN,3,1.0,66.39213724389137,66.39213724389137,30.0,4.692941838404476,31.699195405486897,30000.0,36.39213724389137,United States
US,SATL,2,0.5,783.7300451975016,136.9636546263498,20.0,85.48028316953805,31.48337145681171,20000.0,116.96365462634981,United States
US,TRTN-PE,1,1.0,45.30880242776591,45.30880242776591,10.0,3.900852046054743,31.407950381711167,10000.0,35.30880242776591,United States
US,SVAQU,3,0.3333333333333333,216.53554570956413,83.9939058038064,30.0,22.81767011816387,31.17623568564253,30000.0,53.9939058038064,United States
US,BAC-PO,3,0.6666666666666666,201.4208510139115,81.14593692456374,30.0,20.043044487912056,31.102892436651686,30000.0,51.14593692456374,United States
US,CMT,1,1.0,44.5888474444689,44.5888474444689,10.0,3.8213127335729076,30.76753471089599,10000.0,34.5888474444689,United States
US,STEL,1,1.0,44.27075386047363,44.27075386047363,10.0,3.786170335002373,30.48458352547126,10000.0,34.27075386047363,United States
US,SPXX,1,1.0,44.12525343224338,44.12525343224338,10.0,3.770095713261096,30.355157718982287,10000.0,34.12525343224338,United States
US,COUR,2,0.5,295.1385908656645,81.67395728105544,20.0,31.501591079532716,30.17236620152272,20000.0,61.673957281055436,United States
US,PINE-PA,1,1.0,43.91211473537382,43.91211473537382,10.0,3.746548539054948,30.16556619631887,10000.0,33.91211473537382,United States
US,INFY,2,0.5,122.98941273901187,62.64435495555664,20.0,12.48286408940622,30.16149086615043,20000.0,42.64435495555664,United States
US,NLOP,4,0.75,175.89409761077368,85.88530272493844,40.0,16.2580167940976,29.62728593084084,40000.0,45.88530272493844,United States
US,VLYPP,3,0.6666666666666666,72.89424051383665,64.80988859568492,30.0,5.843659148593973,28.96622944709096,30000.0,34.809888595684924,United States
US,UDN,3,0.3333333333333333,90.03956397061418,67.71736721306931,30.0,8.842624938040275,28.87474227502903,30000.0,37.71736721306931,United States
US,GS-PD,1,1.0,42.238890054735464,42.238890054735464,10.0,3.5616937303332348,28.677196324402228,10000.0,32.238890054735464,United States
US,CLX,1,1.0,41.708960780535435,41.708960780535435,10.0,3.5031481113546112,28.205812669180823,10000.0,31.708960780535435,United States
US,PGAC,4,0.5,84.58635860815855,75.18764634068864,40.0,7.135383015022345,28.052263325666296,40000.0,35.187646340688644,United States
US,COF-PK,1,1.0,41.22452123707099,41.22452123707099,10.0,3.4496281147991037,27.774893122271884,10000.0,31.224521237070988,United States
US,GXO,1,1.0,41.216849344869466,41.216849344869466,10.0,3.4487805381515346,27.76806880671793,10000.0,31.216849344869466,United States
US,QUMS,3,0.6666666666666666,73.41943451370403,63.644524473438494,30.0,5.901681623107223,27.74284285033127,30000.0,33.644524473438494,United States
US,T-PA,2,0.5,79.43792701967878,55.39164669129626,20.0,7.671375437970425,27.720271253325834,20000.0,35.39164669129626,United States
US,HCMA,2,1.0,51.55633859597275,51.55633859597275,20.0,4.268662133885427,27.287676462087322,20000.0,31.556338595972747,United States
US,MTDR,1,1.0,40.354786427199144,40.354786427199144,10.0,3.3535414004577055,27.00124502674144,10000.0,30.354786427199144,United States
US,BEBE,5,1.0,80.3207549969609,80.3207549969609,50.0,3.3497816701596697,26.97097332680123,50000.0,30.3207549969609,United States
US,PEN,1,1.0,40.21130006018004,40.21130006018004,10.0,3.337689288522941,26.873610771657095,10000.0,30.211300060180037,United States
US,FCNCP,4,0.5,413.85680505063414,110.24803332473019,40.0,43.51258094854511,26.735452376185094,40000.0,70.24803332473019,United States
US,SAT,3,1.0,59.97406985611464,59.97406985611464,30.0,3.534214459881925,26.439855396232716,30000.0,29.97406985611464,United States
US,AMD,1,1.0,39.45122046960181,39.45122046960181,10.0,3.2537170826647217,26.197503386937086,10000.0,29.451220469601807,United States
US,SPME,3,0.6666666666666666,69.60292679234259,61.65680781350713,30.0,5.480040815999324,26.17676699750781,30000.0,31.65680781350713,United States
US,RWT-PA,4,0.25,286.1879871673767,96.45459868551255,40.0,30.512744719724292,25.94185396578827,40000.0,56.45459868551255,United States
US,GDL,4,0.75,83.10808874083087,71.28753231664176,40.0,5.867284710393249,25.42024760624851,40000.0,31.28753231664176,United States
US,SDHI,1,1.0,38.46113498394254,38.46113498394254,10.0,3.1443342453282184,25.316800738614326,10000.0,28.461134983942543,United States
US,JPC,1,1.0,38.36304940226132,38.36304940226132,10.0,3.133497929291377,25.22955147296994,10000.0,28.363049402261318,United States
US,IPEX,1,1.0,38.09520176478731,38.09520176478731,10.0,3.103906611182843,24.99129515360447,10000.0,28.095201764787312,United States
US,RFAI,5,0.4,81.86733875510387,81.86661247548076,50.0,6.937274910493044,24.929337564987723,50000.0,31.866612475480764,United States
US,BGB,4,0.75,78.89304212977066,70.05147779277965,40.0,5.401614054170693,24.649863738608957,40000.0,30.05147779277965,United States
US,APGE,3,0.6666666666666666,68.58546854553893,60.30764437793934,30.0,5.7230825364072615,24.58456184153208,30000.0,30.30764437793934,United States
US,TMHC,1,1.0,37.54697610565793,37.54697610565793,10.0,3.043339640992065,24.503636464665867,10000.0,27.546976105657933,United States
US,KBONU,2,0.5,48.78067388767171,48.78067388767171,20.0,4.284418068032383,24.49625581963933,20000.0,28.78067388767171,United States
IN,INDOSTAR,1,1.0,59.402717914653905,59.402717914653905,35.0,0.0,24.402717914653905,10000.0,24.402717914653905,India
US,BN,1,1.0,37.27000992030938,37.27000992030938,10.0,3.0127409223576636,24.257268997951712,10000.0,27.270009920309377,United States
US,ASG,1,1.0,37.24369922829762,37.24369922829762,10.0,3.009834165126881,24.23386506317074,10000.0,27.243699228297622,United States
US,INAC,4,0.75,68.3309792018516,68.3307556844337,40.0,4.260629942147753,24.070125742285946,40000.0,28.330755684433697,United States
US,BGX,1,1.0,36.900474576493366,36.900474576493366,10.0,2.9719153320544174,23.928559244438947,10000.0,26.900474576493366,United States
US,AIRG,2,0.5,156.7398418079735,60.121637890794275,20.0,16.211549891147094,23.91008799964719,20000.0,40.121637890794275,United States
US,SPE-PC,3,0.6666666666666666,64.5336979420863,58.49711221679655,30.0,4.92000166505684,23.577110551739707,30000.0,28.497112216796552,United States
US,CCAP,1,1.0,36.49635036496291,36.49635036496291,10.0,2.927268426778208,23.5690819381847,10000.0,26.496350364962908,United States
US,SDRL,1,1.0,36.325974358013546,36.325974358013546,10.0,2.90844559650333,23.417528761510216,10000.0,26.325974358013546,United States
US,DAAQ,4,1.0,65.92354931670431,65.9235493167043,40.0,2.9054961643721544,23.018053152332143,40000.0,25.923549316704296,United States
US,BBN,2,0.5,131.00422402879676,56.284162000964656,20.0,13.368325811945821,22.915836189018833,20000.0,36.284162000964656,United States
US,FSEA,1,1.0,35.671320313079846,35.671320313079846,10.0,2.8361206125036045,22.83519970057624,10000.0,25.671320313079846,United States
US,ADX,1,1.0,35.58685676813056,35.58685676813056,10.0,2.826789234221758,22.760067533908803,10000.0,25.58685676813056,United States
US,RWTO,3,0.6666666666666666,93.0709741451996,60.65621785254382,30.0,8.072747853304927,22.583469999238893,30000.0,30.65621785254382,United States
US,ADAMG,4,0.75,115.68399592847501,72.20594614887665,40.0,9.693874389486558,22.512071759390096,40000.0,32.20594614887665,United States
US,SSACU,5,1.0,78.53718652353736,78.53718652353736,50.0,6.467069140977857,22.070117382559502,50000.0,28.537186523537358,United States
US,ONCHU,1,1.0,34.68243372922508,34.68243372922508,10.0,2.726870227650209,21.955563501574872,10000.0,24.68243372922508,United States
US,JLS,1,1.0,34.52274686859491,34.52274686859491,10.0,2.709228314750681,21.813518553844226,10000.0,24.522746868594908,United States
US,JACS,4,0.75,65.86871692715101,65.86835873961361,40.0,4.0966468473061255,21.771711892307486,40000.0,25.868358739613612,United States
US,RSF,1,1.0,34.317011365190275,34.317011365190275,10.0,2.6864990318461164,21.630512333344157,10000.0,24.317011365190275,United States
US,BAC-PP,4,0.75,194.49068397189296,79.75689123843831,40.0,18.172630534309004,21.584260704129306,40000.0,39.756891238438314,United States
US,CHEC,5,0.6,98.42512175792572,78.74923488205177,50.0,7.5594825612395615,21.189752320812197,50000.0,28.749234882051766,United States
US,QXO,1,1.0,33.783611950573004,33.783611950573004,10.0,2.6275700380879488,21.156041912485055,10000.0,23.783611950573004,United States
US,NUVL,2,1.0,44.54918996834812,44.54918996834812,20.0,3.45931448499406,21.089875483354056,20000.0,24.549189968348117,United States
US,BKHAU,1,1.0,33.03023825786511,33.03023825786511,10.0,2.5443386875867375,20.48589957027837,10000.0,23.030238257865108,United States
US,DUK-PA,2,0.5,143.14897221290312,54.510930903365335,20.0,14.710055424546237,19.800875478819094,20000.0,34.510930903365335,United States
US,CNP,2,0.5,99.17878908921818,49.42754530812388,20.0,9.852309848090538,19.57523546003334,20000.0,29.427545308123882,United States
US,AOD,2,0.5,128.33191399983735,51.48265723331936,20.0,13.07309387748742,18.409563355831935,20000.0,31.482657233319358,United States
US,EFC-PB,1,1.0,30.496392265593197,30.496392265593197,10.0,2.2644040071748965,18.2319882584183,10000.0,20.496392265593197,United States
US,CBLL,1,1.0,30.41100634938898,30.41100634938898,10.0,2.254970727000331,18.15603562238865,10000.0,20.41100634938898,United States
US,APUR,1,1.0,30.33374751662654,30.33374751662654,10.0,2.246435312170737,18.087312204455806,10000.0,20.33374751662654,United States
US,GLED,1,1.0,30.15029370485367,30.15029370485367,10.0,2.226167669888766,17.924126034964903,10000.0,20.15029370485367,United States
US,XFLH,2,1.0,40.0801603206391,40.0801603206391,20.0,2.2184194616092636,17.861740859029837,20000.0,20.080160320639102,United States
US,MTNE-UN,1,1.0,29.999732971190962,29.999732971190962,10.0,2.209533994839458,17.790198976351505,10000.0,19.999732971190962,United States
US,GIS,1,1.0,29.775544074970295,29.775544074970295,10.0,2.184766014777992,17.590778060192303,10000.0,19.775544074970295,United States
US,ANSC,3,1.0,50.854223087712924,50.854223087712924,30.0,3.4087108703823428,17.44551221733058,30000.0,20.854223087712924,United States
US,LAFAU,1,1.0,29.5858740571453,29.5858740571453,10.0,2.1638116173972968,17.422062439748004,10000.0,19.5858740571453,United States
US,KOYN,2,1.0,39.48686153490755,39.48686153490755,20.0,2.167013302409723,17.319848232497822,20000.0,19.486861534907547,United States
US,DTSQ,3,0.3333333333333333,61.782540626895695,52.95587635403387,30.0,5.72084057417633,17.235035779857537,30000.0,22.95587635403387,United States
US,SVAC,1,1.0,29.32573693239071,29.32573693239071,10.0,2.1350721426606585,17.190664789730054,10000.0,19.32573693239071,United States
US,SSEA,1,1.0,29.26803216701579,29.26803216701579,10.0,2.128697025505655,17.139335141510134,10000.0,19.26803216701579,United States
US,SZZL,1,1.0,28.985617817312015,28.985617817312015,10.0,2.0974964036173613,16.888121413694655,10000.0,18.985617817312015,United States
US,OYSE,2,1.0,38.873507515453376,38.873507515453376,20.0,2.0851106620934523,16.788396853359924,20000.0,18.873507515453376,United States
US,RDAG,2,1.0,38.741446321814976,38.741446321814976,20.0,2.0705207824603873,16.67092553935459,20000.0,18.741446321814976,United States
US,SVAQ,2,0.5,39.8011468536219,39.80107116518416,20.0,3.2923763108802873,16.508694854303876,20000.0,19.80107116518416,United States
US,TVA,1,1.0,28.54420728166218,28.54420728166218,10.0,2.0487301733080114,16.49547710835417,10000.0,18.54420728166218,United States
US,TDWDU,2,1.0,39.60463890215538,39.60463890215538,20.0,3.2706290650841896,16.33400983707119,20000.0,19.60463890215538,United States
US,MTB-PH,1,1.0,27.966592676678115,27.966592676678115,10.0,1.9849163660203601,15.981676310657754,10000.0,17.966592676678115,United States
US,TRTX,2,0.5,221.44575496931384,58.65510165184105,20.0,23.36014107499217,15.294960576848894,20000.0,38.65510165184105,United States
US,HCIC,3,0.6666666666666666,60.423037556842644,50.37236457523631,30.0,5.570611203448806,14.801753371787505,30000.0,20.37236457523631,United States
US,NCZ,3,0.3333333333333333,147.5302724978955,59.535344752092975,30.0,15.194093483216077,14.341251268876896,30000.0,29.535344752092975,United States
US,PACH,2,0.5,47.85113036632538,38.09480950599742,20.0,4.181723796411056,13.913085709586362,20000.0,18.094809505997418,United States
US,DGAC-UN,1,1.0,24.87543210461185,24.87543210461185,10.0,1.6434105880519119,13.232021516559938,10000.0,14.87543210461185,United States
US,WIA,1,1.0,24.752947363522182,24.752947363522182,10.0,1.6298786974173434,13.123068666104839,10000.0,14.752947363522182,United States
US,NSSC,2,0.5,65.87926679805456,39.13439264115248,20.0,6.173439404158858,12.960953236993625,20000.0,19.13439264115248,United States
US,SCCF,1,1.0,24.54991816693841,24.54991816693841,10.0,1.6074484023507554,12.942469764587656,10000.0,14.549918166938411,United States
US,AFB,5,0.6,264.3257824815582,88.2837924526392,50.0,25.88788475356967,12.395907699069525,50000.0,38.283792452639204,United States
US,NLY-PG,2,0.5,44.161864001341925,36.0942793961272,20.0,3.7741403821129342,12.320139014014266,20000.0,16.0942793961272,United States
US,PSA-PG,3,0.6666666666666666,319.69704147273296,75.4296909364516,30.0,33.10998213029549,12.319708806156086,30000.0,45.42969093645161,United States
US,BCAR,2,0.5,67.30794906616211,38.53263338746582,20.0,6.3312776134867095,12.20135577397911,20000.0,18.532633387465822,United States
US,GLQ,1,1.0,23.419695101523086,23.419695101523086,10.0,1.4825834209840507,11.937111680539035,10000.0,13.419695101523086,United States
US,ARR,1,1.0,23.337400919358764,23.337400919358764,10.0,1.4734917099431333,11.863909209415631,10000.0,13.337400919358764,United States
US,DMAA,5,1.0,65.89534033235589,65.89534033235589,50.0,4.032096787662905,11.863243544692985,50000.0,15.895340332355886,United States
US,AGD,2,1.0,33.3755219349019,33.3755219349019,20.0,1.654869400474412,11.720652534427485,20000.0,13.375521934901897,United States
US,CIMO,3,1.0,43.392227859468946,43.392227859468946,30.0,1.7147528297362409,11.677475029732705,30000.0,13.392227859468946,United States
US,HLX,1,1.0,23.015003621373875,23.015003621373875,10.0,1.4378738449062294,11.577129776467645,10000.0,13.015003621373875,United States
US,SCHW-PD,2,0.5,43.44212599514785,35.26229171121442,20.0,3.6946250408654007,11.567666670349016,20000.0,15.262291711214417,United States
US,POLE,2,1.0,32.57599478291296,32.57599478291296,20.0,1.3893729497186957,11.186621833194257,20000.0,12.575994782912957,United States
US,HTFC,2,0.5,60.80247054082611,36.66700676791646,20.0,5.612564219906234,11.054442548010229,20000.0,16.66700676791646,United States
US,ACR,1,1.0,22.160749356172627,22.160749356172627,10.0,1.343497392884712,10.817251963287914,10000.0,12.160749356172627,United States
US,TFC-PR,1,1.0,21.751117550723453,21.751117550723453,10.0,1.2982420186849077,10.452875532038545,10000.0,11.751117550723453,United States
US,GRF,2,0.5,220.44069064642846,53.610914163280114,20.0,23.24910340305853,10.361810760221573,20000.0,33.610914163280114,United States
US,GFF,3,0.3333333333333333,576.0997754217034,102.68523121473743,30.0,62.54166993464372,10.143561280093707,30000.0,72.68523121473743,United States
US,MGRD,1,1.0,20.283769319959788,20.283769319959788,10.0,1.1361320643765134,9.147637255583275,10000.0,10.283769319959788,United States
US,TRAD,1,1.0,20.140794828940045,20.140794828940045,10.0,1.1203365035678745,9.020458325372172,10000.0,10.140794828940045,United States
US,BNJ,3,0.3333333333333333,236.37567471299414,64.0047738231586,30.0,25.0095713579567,8.995202465201913,30000.0,34.0047738231586,United States
US,DBCA,2,1.0,30.030259140978455,30.030259140978455,20.0,1.1081247225133017,8.922134418465154,20000.0,10.030259140978455,United States
US,MITT-PC,1,1.0,20.00836955876162,20.00836955876162,10.0,1.105706401423185,8.902663157338434,10000.0,10.008369558761618,United States
US,ADAC,1,1.0,20.00045776367143,20.00045776367143,10.0,1.1048323207423503,8.89562544292908,10000.0,10.000457763671431,United States
US,EEX,1,1.0,19.920736670020478,19.920736670020478,10.0,1.0960248798239494,8.82471179019653,10000.0,9.920736670020478,United States
US,FMACU,1,1.0,19.801866890181152,19.801866890181152,10.0,1.082892363510236,8.718974526670916,10000.0,9.801866890181152,United States
US,DBCAU,1,1.0,19.742960049626834,19.742960049626834,10.0,1.076384443283459,8.666575606343375,10000.0,9.742960049626834,United States
US,SAAQ,1,1.0,19.742960049626834,19.742960049626834,10.0,1.076384443283459,8.666575606343375,10000.0,9.742960049626834,United States
US,MKLY,1,1.0,19.704508663984655,19.704508663984655,10.0,1.0721364043797668,8.632372259604887,10000.0,9.704508663984655,United States
US,OTGA,1,1.0,19.704508663984655,19.704508663984655,10.0,1.0721364043797668,8.632372259604887,10000.0,9.704508663984655,United States
US,OXLCZ,2,1.0,29.696152289448996,29.696152289448996,20.0,1.0712132073732494,8.624939082075747,20000.0,9.696152289448996,United States
US,TVAI,1,1.0,19.379992817722957,19.379992817722957,10.0,1.0362844859960476,8.34370833172691,10000.0,9.379992817722957,United States
US,CCIIU,1,1.0,19.17527254567286,19.17527254567286,10.0,1.0136673639985165,8.161605181674345,10000.0,9.175272545672861,United States
US,RANG,1,1.0,18.743749187724035,18.743749187724035,10.0,0.9659934510353461,7.777755736688689,10000.0,8.743749187724035,United States
US,HPI,1,1.0,18.54084330819239,18.54084330819239,10.0,0.9435767798115966,7.597266528380793,10000.0,8.54084330819239,United States
US,VABK,4,0.25,629.4804576477264,115.63363693512855,40.0,68.4390702757392,7.194566659389295,40000.0,75.63363693512855,United States
US,COST,2,0.5,85.01018848700915,34.87610551660803,20.0,8.286988714304448,6.589116802303586,20000.0,14.876105516608028,United States
US,VACI-UN,2,0.5,199.2409867172684,46.86017965811695,20.0,20.906998806987946,5.953180851128991,20000.0,26.860179658116948,United States
US,LPCV,4,0.5,60.06002187490367,50.05979299306795,40.0,4.425758098576306,5.634034894491641,40000.0,10.059792993067951,United States
US,UNM,3,0.3333333333333333,339.53792014770113,71.74134563936121,30.0,36.406747940279,5.334597699082224,30000.0,41.741345639361214,United States
US,PTOR,5,0.2,60.36217303823088,60.360484439845315,50.0,5.563920955457232,4.796563484388081,50000.0,10.360484439845315,United States
US,ACI,1,1.0,14.87008701026804,14.87008701026804,10.0,0.5380383239373077,4.332048686330733,10000.0,4.8700870102680405,United States
US,METCI,4,0.75,59.17979070082069,47.364355628572994,40.0,3.2402413832935157,4.124114245279479,40000.0,7.364355628572994,United States
US,RXO,1,1.0,14.035408956962758,14.035408956962758,10.0,0.44582461607525625,3.589584340887502,10000.0,4.035408956962758,United States
US,GNE,1,1.0,13.6024855785144,13.6024855785144,10.0,0.39799603140263634,3.204489547111764,10000.0,3.6024855785144005,United States
US,BKHA,5,0.6,268.9922680660728,79.53567158956231,50.0,26.40342956360617,3.1322420259561277,50000.0,29.535671589562313,United States
US,JHG,1,1.0,13.492822463270215,13.492822463270215,10.0,0.38588065058924964,3.1069418126809656,10000.0,3.4928224632702154,United States
US,EPR-PC,3,0.3333333333333333,418.25080552481796,77.89590541593117,30.0,45.10280384878369,2.7931015671474597,30000.0,47.89590541593117,United States
US,LKFN,1,1.0,12.978783371695446,12.978783371695446,10.0,0.32909054998406084,2.649692821711385,10000.0,2.978783371695446,United States
US,ASRT,1,1.0,12.782275244993535,12.782275244993535,10.0,0.3073806908156644,2.4748945541778706,10000.0,2.782275244993535,United States
US,CPHC,1,1.0,12.674392100673337,12.674392100673337,10.0,0.2954619579411297,2.378930142732208,10000.0,2.6743921006733373,United States
US,BIPC,1,1.0,12.357469484232109,12.357469484232109,10.0,0.26044892572869704,2.0970205585034116,10000.0,2.3574694842321087,United States
US,MFAN,1,1.0,11.899948876701316,11.899948876701316,10.0,0.20990288408228752,1.6900459926190288,10000.0,1.8999488767013162,United States
US,JFR,2,0.5,52.2876564973318,26.3134075864524,20.0,4.671863105749471,1.641544480702926,20000.0,6.313407586452399,United States
US,DUK,2,0.5,123.6861788274024,34.0001762078701,20.0,12.559841535103512,1.440334672766582,20000.0,14.000176207870098,United States
US,CSV,2,0.5,238.09536055742876,46.41803133887623,20.0,25.199559111252995,1.2184722276232378,20000.0,26.418031338876233,United States
US,GLP,2,0.5,203.5510896242454,42.390765810363945,20.0,21.383171109285186,1.0075947010787445,20000.0,22.390765810363945,United States
US,SHO-PI,2,0.5,177.20306513409946,39.41176420522942,20.0,18.472289454430104,0.9394747507993202,20000.0,19.411764205229417,United States
US,ATH-PD,2,0.5,126.98400588262659,33.64242299149112,20.0,12.924179448920432,0.7182435425706899,20000.0,13.642422991491117,United States
US,CAQ,1,1.0,10.09089434303334,10.09089434303334,10.0,0.010041841116581983,0.08085250191675888,10000.0,0.09089434303334087,United States
US,MLAA,1,1.0,10.07007087945766,10.07007087945766,10.0,0.007741302868044132,0.06232957658961576,10000.0,0.07007087945765988,United States
US,SSAC,1,1.0,10.010010010010895,10.010010010010895,10.0,0.0011058876355806622,0.00890412237531397,10000.0,0.010010010010894632,United States
US,VHCPU,1,1.0,9.911180842148148,9.911180842148148,10.0,0.0,-0.08881915785185157,10000.0,-0.08881915785185157,United States
US,LATAU,1,1.0,9.813355510439603,9.813355510439603,10.0,0.0,-0.18664448956039692,10000.0,-0.18664448956039692,United States
US,EVG,1,1.0,9.294105728319124,9.294105728319124,10.0,0.0,-0.7058942716808758,10000.0,-0.7058942716808758,United States
US,NLY-PF,2,0.5,33.464807225025424,21.69512675137208,20.0,2.5923490738967008,-0.8972223225246196,20000.0,1.6951267513720794,United States
US,BPAC,2,0.5,19.76318510153563,19.763072017625618,20.0,1.0786188701032695,-1.3155468524776541,20000.0,-0.2369279823743824,United States
US,METC,1,1.0,7.794351198666671,7.794351198666671,10.0,0.0,-2.2056488013333286,10000.0,-2.2056488013333286,United States
US,LNC-PD,1,1.0,7.552870090634656,7.552870090634656,10.0,0.0,-2.4471299093653442,10000.0,-2.4471299093653442,United States
US,KIO,1,1.0,7.382708518191006,7.382708518191006,10.0,0.0,-2.6172914818089943,10000.0,-2.6172914818089943,United States
US,YCY,3,1.0,29.47018516555433,29.47018516555433,30.0,2.1509642815732217,-2.68077911601889,30000.0,-0.5298148344456699,United States
US,SCHW-PJ,2,0.5,69.28437301248147,23.699936177433706,20.0,6.549629323676934,-2.849693146243226,20000.0,3.699936177433706,United States
US,NJR,3,0.3333333333333333,118.45819346469666,39.07757935932787,30.0,11.982263254430421,-2.9046838951025507,30000.0,9.07757935932787,United States
US,TTAM,5,0.6,927.6280236160118,146.24383164306812,50.0,99.16830568473475,-2.924474041666599,50000.0,96.24383164306812,United States
US,HESM,2,0.5,79.19754624492681,23.934629278438152,20.0,7.644818608722485,-3.7101893302843365,20000.0,3.934629278438152,United States
US,FERA,4,1.0,38.350910904332295,38.350910904332295,40.0,2.0729262655277796,-3.7220153611954885,40000.0,-1.649089095667705,United States
US,SOJF,3,0.3333333333333333,112.4499217573427,37.25052249846428,30.0,11.318480362591133,-4.067957864126868,30000.0,7.250522498464278,United States
US,MFAO,3,0.6666666666666666,35.60111492495022,27.696247986415123,30.0,1.9543615982804303,-4.258113611865307,30000.0,-2.3037520135848766,United States
US,HOVNP,1,1.0,4.953324883334442,4.953324883334442,10.0,0.0,-5.046675116665558,10000.0,-5.046675116665558,United States
US,EXR,1,1.0,4.658713633347578,4.658713633347578,10.0,0.0,-5.341286366652422,10000.0,-5.341286366652422,United States
US,CWAN,1,1.0,4.073102216857194,4.073102216857194,10.0,0.0,-5.926897783142806,10000.0,-5.926897783142806,United States
US,PNFP-PA,1,1.0,3.9903012067910026,3.9903012067910026,10.0,0.0,-6.009698793208997,10000.0,-6.009698793208997,United States
US,C-PR,1,1.0,3.9858036945905617,3.9858036945905617,10.0,0.0,-6.014196305409438,10000.0,-6.014196305409438,United States
US,BITW,2,0.5,398.9498508883904,56.81133256095319,20.0,42.97046960894802,-6.159137047994818,20000.0,36.81133256095319,United States
US,LKSP,3,0.6666666666666666,29.585272132526264,24.659614756833427,30.0,1.0742583291380408,-6.414643572304614,30000.0,-5.340385243166573,United States
US,GLL,4,0.5,1449.5380390810997,190.9584837823586,40.0,157.93275334304306,-6.974269560684547,40000.0,150.9584837823586,United States
US,WSR,1,1.0,2.637211280531737,2.637211280531737,10.0,0.0,-7.362788719468263,10000.0,-7.362788719468263,United States
US,SOLV,1,1.0,2.5670484350936995,2.5670484350936995,10.0,0.0,-7.4329515649063005,10000.0,-7.4329515649063005,United States
US,TXO,3,0.6666666666666666,32.415096038957984,24.75827424329391,30.0,2.4763686853886897,-7.718094442094781,30000.0,-5.241725756706089,United States
US,LCCC,4,0.75,43.22821537424693,33.6311399540068,40.0,1.4614290902062999,-7.8302891361995055,40000.0,-6.368860045993202,United States
US,GRVY,5,0.4,1474.3836580522252,202.75877337688092,50.0,160.6776519783702,-7.918878601489325,50000.0,152.75877337688092,United States
US,BAC-PB,4,0.75,83.90214303827248,36.207753343258105,40.0,5.955010379854581,-9.74725703659648,40000.0,-3.792246656741895,United States
US,FXE,3,0.3333333333333333,71.45179573037952,26.961193696036773,30.0,6.789082229537301,-9.827888533500527,30000.0,-3.038806303963227,United States
US,DNMX,2,1.0,10.000685731810233,10.000685731810233,20.0,2.5286447573880737e-05,-9.999339554637341,20000.0,-9.999314268189767,United States
US,HVIIU,1,1.0,0.0004250359064705833,0.0004250359064705833,10.0,0.0,-9.99957496409353,10000.0,-9.99957496409353,United States
US,INHD,1,1.0,0.0004250359064705833,0.0004250359064705833,10.0,0.0,-9.99957496409353,10000.0,-9.99957496409353,United States
US,INACU,1,1.0,0.00040699970726976176,0.00040699970726976176,10.0,0.0,-9.99959300029273,10000.0,-9.99959300029273,United States
US,LPAAU,1,1.0,0.000388174559162735,0.000388174559162735,10.0,0.0,-9.999611825440837,10000.0,-9.999611825440837,United States
US,BHAVU,1,1.0,0.0003776927992582557,0.0003776927992582557,10.0,0.0,-9.999622307200742,10000.0,-9.999622307200742,United States
US,UYSCU,1,1.0,0.0002490940365085237,0.0002490940365085237,10.0,0.0,-9.999750905963491,10000.0,-9.999750905963491,United States
US,AACOU,1,1.0,0.000228653183054206,0.000228653183054206,10.0,0.0,-9.999771346816946,10000.0,-9.999771346816946,United States
US,CHARU,1,1.0,0.00017660635398542013,0.00017660635398542013,10.0,0.0,-9.999823393646015,10000.0,-9.999823393646015,United States
US,RNR-PG,1,1.0,0.000175445997729895,0.000175445997729895,10.0,0.0,-9.99982455400227,10000.0,-9.99982455400227,United States
US,ZKPU,1,0.0,0.0,0.0,10.0,0.0,-10.0,10000.0,-10.0,United States
US,BPYPN,1,0.0,0.0,0.0,10.0,0.0,-10.0,10000.0,-10.0,United States
US,JPM-PK,1,0.0,0.0,0.0,10.0,0.0,-10.0,10000.0,-10.0,United States
US,BIXI,1,0.0,0.0,0.0,10.0,0.0,-10.0,10000.0,-10.0,United States
US,FBRT,1,0.0,0.0,0.0,10.0,0.0,-10.0,10000.0,-10.0,United States
US,IRAB-UN,1,0.0,0.0,-3.799499159740094e-05,10.0,0.0,-10.000037994991597,10000.0,-10.000037994991597,United States
US,FACTU,1,0.0,0.0,-7.044685612633828e-05,10.0,0.0,-10.000070446856126,10000.0,-10.000070446856126,United States
US,DRDBU,1,0.0,0.0,-7.211148012054025e-05,10.0,0.0,-10.00007211148012,10000.0,-10.00007211148012,United States
US,QRED-UN,1,0.0,0.0,-0.00011308391001385587,10.0,0.0,-10.000113083910014,10000.0,-10.000113083910014,United States
US,NVG,1,0.0,0.0,-0.00015018493115803722,10.0,0.0,-10.000150184931158,10000.0,-10.000150184931158,United States
US,OPHC,1,0.0,0.0,-0.0001630212498326955,10.0,0.0,-10.000163021249833,10000.0,-10.000163021249833,United States
US,NCV,1,0.0,0.0,-0.00017369139571066228,10.0,0.0,-10.00017369139571,10000.0,-10.00017369139571,United States
US,LANDP,1,0.0,0.0,-0.0001893150003429156,10.0,0.0,-10.000189315000343,10000.0,-10.000189315000343,United States
US,ELSE,1,0.0,0.0,-0.00024770761442027833,10.0,0.0,-10.00024770761442,10000.0,-10.00024770761442,United States
US,GSHRU,1,0.0,0.0,-0.000253588611220934,10.0,0.0,-10.000253588611221,10000.0,-10.000253588611221,United States
US,KTWOU,1,0.0,0.0,-0.0003758322431046679,10.0,0.0,-10.000375832243105,10000.0,-10.000375832243105,United States
US,GIX,1,0.0,0.0,-0.0004221495963907529,10.0,0.0,-10.00042214959639,10000.0,-10.00042214959639,United States
US,RPT-PC,2,0.5,12.062572790620951,10.052926488370861,20.0,0.22786927726848025,-10.174942788897619,20000.0,-9.947073511629139,United States
US,SPEG,5,0.6,73.06169546158925,43.898613193544826,50.0,4.787472949004936,-10.888859755460107,50000.0,-6.101386806455174,United States
US,APXT,2,0.5,19.880639866853844,9.940471611250556,20.0,1.0915950581953964,-11.151123446944842,20000.0,-10.059528388749444,United States
US,LWACU,3,1.0,19.417549799944922,19.417549799944922,30.0,1.0403927962607868,-11.622842996315864,30000.0,-10.582450200055078,United States
US,GLOP-PA,1,0.0,0.0,-1.9499887356333456,10.0,0.0,-11.949988735633346,10000.0,-11.949988735633346,United States
US,GNL-PE,1,0.0,0.0,-2.1733330001738604,10.0,0.0,-12.17333300017386,10000.0,-12.17333300017386,United States
US,RILYN,3,0.3333333333333333,36.15891612548383,20.146136419296738,30.0,2.889989307890681,-12.743852888593942,30000.0,-9.853863580703262,United States
US,KRAQ,5,0.6,60.089214613296974,40.08875684962554,50.0,3.32420151118352,-13.235444661557981,50000.0,-9.91124315037446,United States
US,GTLS,4,0.25,42.79075353682771,30.338323760334962,40.0,3.6226626005651394,-13.284338840230177,40000.0,-9.661676239665038,United States
US,KCHVU,4,1.0,28.54551269137584,28.54551269137584,40.0,2.0487301733080114,-13.503217481932172,40000.0,-11.45448730862416,United States
US,GUT-PC,2,0.5,36.63007156316178,9.119755194524345,20.0,2.942041700685248,-13.822286506160903,20000.0,-10.880244805475655,United States
US,BWNB,1,0.0,0.0,-4.000091552733842,10.0,0.0,-14.000091552733842,10000.0,-14.000091552733842,United States
US,ATLCP,1,0.0,0.0,-4.123805724468577,10.0,0.0,-14.123805724468577,10000.0,-14.123805724468577,United States
US,HBANZ,1,0.0,0.0,-5.060728744940013,10.0,0.0,-15.060728744940013,10000.0,-15.060728744940013,United States
US,JPM-PJ,1,0.0,0.0,-5.170670265741695,10.0,0.0,-15.170670265741695,10000.0,-15.170670265741695,United States
US,IE,1,0.0,0.0,-5.324569880899022,10.0,0.0,-15.324569880899022,10000.0,-15.324569880899022,United States
US,FITB-PA,1,0.0,0.0,-5.548098288264969,10.0,0.0,-15.548098288264969,10000.0,-15.548098288264969,United States
US,TRTN-PB,2,0.5,27.69002431555645,5.907725236039553,20.0,1.9543615982804303,-16.046636362240875,20000.0,-14.092274763960447,United States
US,HPF,1,0.0,0.0,-6.293194184444628,10.0,0.0,-16.29319418444463,10000.0,-16.29319418444463,United States
US,SGML,2,0.5,181.06986465768136,22.46546133659487,20.0,18.899486408053956,-16.434025071459075,20000.0,2.4654613365948705,United States
US,BVN,1,0.0,0.0,-6.722842945772189,10.0,0.0,-16.72284294577219,10000.0,-16.72284294577219,United States
US,FNKO,3,0.3333333333333333,729.9272161330616,92.75917581528896,30.0,79.53624481624311,-16.77706900095413,30000.0,62.759175815288955,United States
US,WFC-PA,2,0.5,98.84645230556544,12.453693316129005,20.0,9.815593886818748,-17.36190057068974,20000.0,-7.546306683870995,United States
US,SGC,1,0.0,0.0,-7.423876654066852,10.0,0.0,-17.423876654066852,10000.0,-17.423876654066852,United States
US,EIX,2,0.5,119.91385210880611,14.495522455273402,20.0,12.143081764541272,-17.647559309267876,20000.0,-5.504477544726598,United States
US,HTD,1,0.0,0.0,-7.794470129214304,10.0,0.0,-17.794470129214304,10000.0,-17.794470129214304,United States
US,WHFCL,1,0.0,0.0,-7.908083130220289,10.0,0.0,-17.90808313022029,10000.0,-17.90808313022029,United States
US,LPBB,3,0.6666666666666666,32.675525726364455,14.036232293905826,30.0,1.9898213866948369,-17.95358909278901,30000.0,-15.963767706094174,United States
US,FHN-PH,4,0.5,139.50734619182947,36.026199962380105,40.0,14.307694834803304,-18.28149487242318,40000.0,-3.9738000376198954,United States
US,DAAQU,1,0.0,0.0,-9.099597601157638,10.0,0.0,-19.09959760115764,10000.0,-19.09959760115764,United States
US,IBAC,1,0.0,0.0,-9.25929458053143,10.0,0.0,-19.25929458053143,10000.0,-19.25929458053143,United States
US,OACC,1,0.0,0.0,-9.346186557661618,10.0,0.0,-19.346186557661618,10000.0,-19.346186557661618,United States
US,KFIIU,1,0.0,0.0,-9.407445381861557,10.0,0.0,-19.407445381861557,10000.0,-19.407445381861557,United States
US,KRSP,1,0.0,0.0,-9.514747859181716,10.0,0.0,-19.514747859181718,10000.0,-19.514747859181718,United States
US,BPACU,1,0.0,0.0,-9.66168832087777,10.0,0.0,-19.661688320877772,10000.0,-19.661688320877772,United States
US,LWAC,1,0.0,0.0,-9.794506106625134,10.0,0.0,-19.794506106625136,10000.0,-19.794506106625136,United States
US,MZYX-UN,1,0.0,0.0,-9.804332957547013,10.0,0.0,-19.80433295754701,10000.0,-19.80433295754701,United States
US,HVMC,1,0.0,0.0,-9.804332957547013,10.0,0.0,-19.80433295754701,10000.0,-19.80433295754701,United States
US,ARCIU,1,0.0,0.0,-9.851878499750333,10.0,0.0,-19.851878499750335,10000.0,-19.851878499750335,United States
US,RSVR,1,0.0,0.0,-9.920937674385844,10.0,0.0,-19.920937674385844,10000.0,-19.920937674385844,United States
US,MEVO,3,0.6666666666666666,10.070378206528119,10.07018651319913,30.0,0.007741302868044132,-19.937554789668912,30000.0,-19.929813486800867,United States
US,XFLH-UN,1,0.0,0.0,-9.950286713406031,10.0,0.0,-19.95028671340603,10000.0,-19.95028671340603,United States
US,BRKHU,1,0.0,0.0,-9.97981149517324,10.0,0.0,-19.97981149517324,10000.0,-19.97981149517324,United States
US,BDCIU,2,0.0,0.0,0.0,20.0,0.0,-20.0,20000.0,-20.0,United States
US,CEPS,2,0.0,0.0,-0.0007335956286880219,20.0,0.0,-20.000733595628688,20000.0,-20.000733595628688,United States
US,GPATU,2,0.0,0.0,-0.0008338136114893757,20.0,0.0,-20.00083381361149,20000.0,-20.00083381361149,United States
US,NBRG,1,0.0,0.0,-10.019772516224323,10.0,0.0,-20.01977251622432,10000.0,-20.01977251622432,United States
US,CHPG,4,0.25,38.53571897297181,23.12085062026958,40.0,3.1525741483043372,-20.03172352803476,40000.0,-16.87914937973042,United States
US,ARCL,1,0.0,0.0,-10.091202290339885,10.0,0.0,-20.091202290339886,10000.0,-20.091202290339886,United States
US,EICA,2,0.5,12.062572790620951,0.04346428732815433,20.0,0.22786927726848025,-20.184404989940326,20000.0,-19.956535712671844,United States
US,SBI,4,0.5,76.69372824118392,25.770825556387106,40.0,6.263419617828339,-20.49259406144123,40000.0,-14.229174443612894,United States
US,GJH,1,0.0,0.0,-10.51524710830698,10.0,0.0,-20.51524710830698,10000.0,-20.51524710830698,United States
US,OTGAU,2,0.5,19.417179440988086,0.09343422944674273,20.0,1.0403927962607868,-20.946958566814043,20000.0,-19.906565770553257,United States
US,FXACU,2,0.5,19.920736670020478,0.07988311515827462,20.0,1.0960248798239494,-21.016141764665676,20000.0,-19.920116884841725,United States
US,LPAA,4,0.75,27.68463955588274,18.45947692309169,40.0,0.0,-21.54052307690831,40000.0,-21.54052307690831,United States
US,ENLT,1,0.0,0.0,-11.563684849911215,10.0,0.0,-21.563684849911215,10000.0,-21.563684849911215,United States
US,SCCD,1,0.0,0.0,-12.155746138462487,10.0,0.0,-22.155746138462487,10000.0,-22.155746138462487,United States
US,RF-PE,1,0.0,0.0,-12.468542541350658,10.0,0.0,-22.468542541350658,10000.0,-22.468542541350658,United States
US,VEON,1,0.0,0.0,-13.453952628742494,10.0,0.0,-23.453952628742492,10000.0,-23.453952628742492,United States
US,NFBK,1,0.0,0.0,-13.624082144338967,10.0,0.0,-23.624082144338967,10000.0,-23.624082144338967,United States
US,HPS,1,0.0,0.0,-13.840619255514053,10.0,0.0,-23.840619255514053,10000.0,-23.840619255514053,United States
US,NRXS,1,0.0,0.0,-13.986200719446895,10.0,0.0,-23.986200719446895,10000.0,-23.986200719446895,United States
US,PBT,1,0.0,0.0,-14.017034063923406,10.0,0.0,-24.017034063923404,10000.0,-24.017034063923404,United States
IN,20MICRONS,1,1.0,10.272793689340975,10.272793689340975,35.0,0.0,-24.727206310659025,10000.0,-24.727206310659025,India
US,BWBBP,1,0.0,0.0,-14.778099623807828,10.0,0.0,-24.778099623807826,10000.0,-24.778099623807826,United States
US,NMT,3,0.6666666666666666,212.99132597700776,26.511228417503972,30.0,21.32132944322752,-24.810101025723554,30000.0,-3.488771582496028,United States
US,NPAC,5,0.8,28.93004595315274,24.113090269144433,50.0,0.0,-25.886909730855567,50000.0,-25.886909730855567,United States
US,RWAYL,2,0.5,9.877157041744411,-5.920360080883258,20.0,0.0,-25.920360080883256,20000.0,-25.920360080883256,United States
US,JPM-PL,1,0.0,0.0,-15.965817518980296,10.0,0.0,-25.965817518980295,10000.0,-25.965817518980295,United States
US,WFC-PZ,1,0.0,0.0,-16.04273994976202,10.0,0.0,-26.04273994976202,10000.0,-26.04273994976202,United States
JP,3076,1,0.0,0.0,-11.061946902655162,15.0,0.0,-26.061946902655162,10000.0,-26.061946902655162,Japan
US,NTRSO,1,0.0,0.0,-16.189962223421837,10.0,0.0,-26.189962223421837,10000.0,-26.189962223421837,United States
US,ROL,1,0.0,0.0,-16.355247141044416,10.0,0.0,-26.355247141044416,10000.0,-26.355247141044416,United States
US,RITM-PD,3,0.6666666666666666,31.948820851481763,4.126941911851702,30.0,1.3200839185016051,-27.193142006649904,30000.0,-25.873058088148298,United States
US,FXA,2,0.5,38.08389912068,-4.263875206679252,20.0,3.1026579156916254,-27.36653312237088,20000.0,-24.263875206679252,United States
US,CRAC,5,0.4,39.58437375558121,24.761334361382836,50.0,2.16364586681887,-27.402311505436035,50000.0,-25.238665638617164,United States
US,CBIO,1,0.0,0.0,-17.65798441868305,10.0,0.0,-27.65798441868305,10000.0,-27.65798441868305,United States
US,MCN,2,0.5,91.07461175414721,0.9845216640569276,20.0,8.95697512798,-27.972453463923074,20000.0,-19.015478335943072,United States
US,BFH-PB,2,0.5,11.966645979148982,-7.913918048791935,20.0,0.21727145822413677,-28.13118950701607,20000.0,-27.913918048791935,United States
US,TISI,1,0.0,0.0,-18.13770926128333,10.0,0.0,-28.13770926128333,10000.0,-28.13770926128333,United States
US,IGI,1,0.0,0.0,-18.54164491330468,10.0,0.0,-28.54164491330468,10000.0,-28.54164491330468,United States
US,PGACU,1,0.0,0.0,-18.72673463285568,10.0,0.0,-28.72673463285568,10000.0,-28.72673463285568,United States
US,NPKI,1,0.0,0.0,-18.86799650372195,10.0,0.0,-28.86799650372195,10000.0,-28.86799650372195,United States
US,QSEA,1,0.0,0.0,-18.957599079439944,10.0,0.0,-28.957599079439944,10000.0,-28.957599079439944,United States
US,CODI-PB,3,0.6666666666666666,251.8656723730106,26.301931315835247,30.0,25.616096279007834,-29.3141649631726,30000.0,-3.6980686841647525,United States
US,TCBIO,1,0.0,0.0,-19.427276804008244,10.0,0.0,-29.427276804008244,10000.0,-29.427276804008244,United States
US,BIII-UN,1,0.0,0.0,-19.72397873857834,10.0,0.0,-29.72397873857834,10000.0,-29.72397873857834,United States
US,SORNU,1,0.0,0.0,-19.900763212745698,10.0,0.0,-29.900763212745698,10000.0,-29.900763212745698,United States
US,FLG-PU,3,0.6666666666666666,68.20076872818825,5.337730556306269,30.0,5.325132952311843,-29.987402396005564,30000.0,-24.66226944369373,United States
US,CTAA,2,0.5,10.100855971826306,-10.040284600066897,20.0,0.011142383683511906,-30.05142698375041,20000.0,-30.040284600066897,United States
US,IRAB,1,0.0,0.0,-20.1001958032343,10.0,0.0,-30.1001958032343,10000.0,-30.1001958032343,United States
US,SAGU,1,0.0,0.0,-20.16167486867615,10.0,0.0,-30.16167486867615,10000.0,-30.16167486867615,United States
US,BML-PG,2,0.5,32.016668655574506,-7.834107522216584,20.0,2.4323613679083724,-30.266468890124955,20000.0,-27.834107522216584,United States
US,DBL,1,0.0,0.0,-20.87672053730616,10.0,0.0,-30.87672053730616,10000.0,-30.87672053730616,United States
US,APA,1,0.0,0.0,-21.193132160867158,10.0,0.0,-31.193132160867158,10000.0,-31.193132160867158,United States
US,GAM-PB,2,0.5,12.106322010645432,-11.990002251245357,20.0,0.23270261124504105,-32.222704862490396,20000.0,-31.990002251245357,United States
US,BURL,2,0.5,404.5331431113452,31.011981608709505,20.0,43.58730154302992,-32.57531993432042,20000.0,11.011981608709505,United States
US,MATV,2,0.5,353.08958152203473,24.806560577728135,20.0,37.9039107542163,-33.097350176488135,20000.0,4.806560577728135,United States
US,LAND,2,0.5,58.823753805721246,-7.843379101721844,20.0,5.39395920659582,-33.23733830831766,20000.0,-27.843379101721844,United States
IN,GAIL,1,1.0,1.732549473449918,1.732549473449918,35.0,0.0,-33.26745052655008,10000.0,-33.26745052655008,India
US,WPP,2,0.5,428.03626063037115,32.52295352510038,20.0,46.183883068283265,-33.660929543182874,20000.0,12.522953525100377,United States
US,TRINZ,1,0.0,0.0,-23.771669898660086,10.0,0.0,-33.771669898660086,10000.0,-33.771669898660086,United States
US,CENTA,4,0.5,782.4634447419742,90.38777400959259,40.0,84.23556971518242,-33.84779570558982,40000.0,50.38777400959259,United States
US,PNFP-PC,1,0.0,0.0,-24.590101398405118,10.0,0.0,-34.59010139840512,10000.0,-34.59010139840512,United States
US,GTERA,5,0.2,48.54405967934517,19.475216340503202,50.0,4.25827736216833,-34.78306102166512,50000.0,-30.524783659496798,United States
US,HCAC,2,0.5,4.9848927339080085,-14.895860891314118,20.0,0.0,-34.895860891314115,20000.0,-34.895860891314115,United States
IN,SUPRATRE,1,0.0,0.0,0.0,35.0,0.0,-35.0,10000.0,-35.0,India
US,DLR-PK,3,0.6666666666666666,329.4633265715041,28.57840457767378,30.0,34.188943482435185,-35.61053890476143,30000.0,-1.4215954223262202,United States
US,XELLL,3,0.6666666666666666,178.85020139206898,11.48618465566797,30.0,17.549480313984905,-36.063295658316946,30000.0,-18.51381534433203,United States
US,BANX,2,0.5,20.450092775934348,-15.245513788397776,20.0,1.1545071762164736,-36.40002096461425,20000.0,-35.24551378839777,United States
IN,KRISHIVAL,1,0.0,0.0,-2.502342175476624,35.0,0.0,-37.50234217547663,10000.0,-37.50234217547663,India
US,UG,3,0.3333333333333333,224.4038735666587,16.05090505773063,30.0,23.68694861842364,-37.636043560693,30000.0,-13.949094942269369,United States
US,CNOBP,1,0.0,0.0,-27.977312973839208,10.0,0.0,-37.977312973839204,10000.0,-37.977312973839204,United States
US,TAVI,1,0.0,0.0,-28.090244821841193,10.0,0.0,-38.090244821841196,10000.0,-38.090244821841196,United States
US,POLEU,2,0.5,0.09289494267150644,-18.298670179245356,20.0,0.0,-38.298670179245356,20000.0,-38.298670179245356,United States
US,F,1,0.0,0.0,-28.44917655499879,10.0,0.0,-38.449176554998786,10000.0,-38.449176554998786,United States
US,STC,2,0.5,19.101152131391075,-17.75542592335033,20.0,1.0054786759143757,-38.760904599264705,20000.0,-37.75542592335033,United States
US,BNY-PK,2,0.5,87.12844093247129,-10.833762138190437,20.0,8.521009378212428,-39.35477151640286,20000.0,-30.833762138190437,United States
US,NOG,1,0.0,0.0,-29.382658985523946,10.0,0.0,-39.382658985523946,10000.0,-39.382658985523946,United States
US,ISNRU,1,0.0,0.0,-29.88025011769202,10.0,0.0,-39.88025011769202,10000.0,-39.88025011769202,United States
US,TWLV,4,0.25,10.019810739643198,0.0193527468606014,40.0,0.0021886543569162907,-39.982835907496316,40000.0,-39.980647253139395,United States
US,ORIQU,4,1.0,0.0014742791343280714,0.0014742791343280714,40.0,0.0,-39.99852572086567,40000.0,-39.99852572086567,United States
US,BLMN,3,0.6666666666666666,778.9530172928271,73.750661053552,30.0,83.84774409788639,-40.09708304433434,30000.0,43.750661053551994,United States
US,QADR,2,0.0,0.0,-20.140833244821632,20.0,0.0,-40.140833244821636,20000.0,-40.140833244821636,United States
US,ETSS,2,0.0,0.0,-20.201326620699067,20.0,0.0,-40.201326620699064,20000.0,-40.201326620699064,United States
US,PEG,3,0.3333333333333333,317.9372017994475,23.262853845090717,30.0,34.02034000312459,-40.757486158033885,30000.0,-6.737146154909283,United States
US,DVN,1,0.0,0.0,-30.863799034472894,10.0,0.0,-40.86379903447289,10000.0,-40.86379903447289,United States
US,WLKP,1,0.0,0.0,-30.973147501988095,10.0,0.0,-40.973147501988095,10000.0,-40.973147501988095,United States
US,MMTX,5,0.2,19.821265289639012,9.93916386127558,50.0,1.085035463276086,-41.145871602000504,50000.0,-40.06083613872442,United States
US,UGI,2,0.5,51.649577990493526,-16.610328452818507,20.0,4.601369356944603,-41.21169780976311,20000.0,-36.61032845281851,United States
US,DSU,3,0.3333333333333333,20.618831988463704,-10.182146835382435,30.0,1.173149176431332,-41.35529601181376,30000.0,-40.18214683538243,United States
US,MTRN,5,0.4,1215.418175997427,140.63744329128053,50.0,132.0676181887045,-41.430174897424195,50000.0,90.63744329128053,United States
US,FNRN,2,0.5,419.69828720391564,22.959198233234417,20.0,45.262718982724756,-42.30352074949036,20000.0,2.9591982332344173,United States
US,LAUR,2,0.5,290.3658531737618,8.416200503203981,20.0,30.974307730604952,-42.55810722740097,20000.0,-11.583799496796019,United States
US,MHNC,1,0.0,0.0,-32.65303008410436,10.0,0.0,-42.65303008410436,10000.0,-42.65303008410436,United States
US,NNY,2,0.5,11.494296720659936,-22.674268199612822,20.0,0.1650871742853393,-42.83935537389816,20000.0,-42.674268199612825,United States
US,BKKT,3,0.6666666666666666,1128.8576716853172,109.33460549355073,30.0,122.50457166385561,-43.169966170304974,30000.0,79.33460549355073,United States
US,RMMZ,1,0.0,0.0,-33.466972340860934,10.0,0.0,-43.466972340860934,10000.0,-43.466972340860934,United States
US,GGG,1,0.0,0.0,-34.19746901665022,10.0,0.0,-44.19746901665022,10000.0,-44.19746901665022,United States
US,SLAB,2,0.5,8.256544760607554,-24.50801590847651,20.0,0.0,-44.50801590847651,20000.0,-44.50801590847651,United States
US,AWI,2,0.5,100.70947686237287,-14.488955968321449,20.0,10.021417439433993,-44.51037340775544,20000.0,-34.48895596832145,United States
US,PMTV,3,0.6666666666666666,25.742785765392462,-13.704945990031803,30.0,0.8641395567581902,-44.56908554678999,30000.0,-43.7049459900318,United States
US,GF,1,0.0,0.0,-34.78257552437136,10.0,0.0,-44.78257552437136,10000.0,-44.78257552437136,United States
US,KCHV,4,0.5,24.117422218041806,-4.678935722030044,40.0,0.4932875946972147,-45.172223316727255,40000.0,-44.67893572203005,United States
US,OCCIM,2,0.5,63.69454086206483,-19.27646606415867,20.0,5.932074870345819,-45.208540934504484,20000.0,-39.27646606415867,United States
US,GLP-PB,1,0.0,0.0,-35.227473626689985,10.0,0.0,-45.227473626689985,10000.0,-45.227473626689985,United States
US,WFC-PD,1,0.0,0.0,-35.56641022976814,10.0,0.0,-45.56641022976814,10000.0,-45.56641022976814,United States
US,BIPJ,2,0.5,1.9904458598718477,-25.864919861423587,20.0,0.0,-45.86491986142359,20000.0,-45.86491986142359,United States
US,MS-PI,1,0.0,0.0,-35.87086488640922,10.0,0.0,-45.87086488640922,10000.0,-45.87086488640922,United States
US,LFAC,4,0.25,20.02024913096756,-4.9548901706486514,40.0,1.107018834877721,-46.061909005526374,40000.0,-44.95489017064865,United States
US,OXLCN,1,0.0,0.0,-36.57031378965003,10.0,0.0,-46.57031378965003,10000.0,-46.57031378965003,United States
US,IT,2,0.5,415.71835329302866,17.895585310261367,20.0,44.82302314848605,-46.927437838224705,20000.0,-2.1044146897386327,United States
US,AXINU,1,0.0,0.0,-37.27904903699897,10.0,0.0,-47.27904903699897,10000.0,-47.27904903699897,United States
US,WAL-PA,1,0.0,0.0,-37.46864896928326,10.0,0.0,-47.46864896928326,10000.0,-47.46864896928326,United States
US,IMKTA,1,0.0,0.0,-37.614513891220945,10.0,0.0,-47.614513891220945,10000.0,-47.614513891220945,United States
US,TY-P,1,0.0,0.0,-37.75336934801254,10.0,0.0,-47.75336934801254,10000.0,-47.75336934801254,United States
US,CRT,1,0.0,0.0,-38.07401069735094,10.0,0.0,-48.07401069735094,10000.0,-48.07401069735094,United States
US,HVII,1,0.0,0.0,-38.20410202886259,10.0,0.0,-48.20410202886259,10000.0,-48.20410202886259,United States
US,RDAGU,3,0.0,0.0,-18.868140726682192,30.0,0.0,-48.86814072668219,30000.0,-48.86814072668219,United States
US,NTGR,1,0.0,0.0,-39.04595033724312,10.0,0.0,-49.04595033724312,10000.0,-49.04595033724312,United States
US,NHIVU,1,0.0,0.0,-39.101094444476956,10.0,0.0,-49.101094444476956,10000.0,-49.101094444476956,United States
US,PII,1,0.0,0.0,-39.23741156744875,10.0,0.0,-49.23741156744875,10000.0,-49.23741156744875,United States
US,GPAC,3,0.3333333333333333,0.000228653183054206,-19.97979132683625,30.0,0.0,-49.97979132683625,30000.0,-49.97979132683625,United States
US,SPEGU,5,1.0,0.0017993855072617748,0.0017993855072617748,50.0,0.0,-49.99820061449274,50000.0,-49.99820061449274,United States
US,SBXD-UN,5,1.0,0.0005259233271104335,0.0005259233271104335,50.0,0.0,-49.99947407667289,50000.0,-49.99947407667289,United States
US,ITHA,2,0.0,0.0,-29.999732971190962,20.0,0.0,-49.999732971190966,20000.0,-49.999732971190966,United States
US,BHV,1,0.0,0.0,-40.160948971667,10.0,0.0,-50.160948971667,10000.0,-50.160948971667,United States
US,PALO,1,0.0,0.0,-40.20115837978899,10.0,0.0,-50.20115837978899,10000.0,-50.20115837978899,United States
US,FXC,3,0.3333333333333333,33.47893816241232,-18.175946692855497,30.0,2.5939102340672027,-50.7698569269227,30000.0,-48.1759466928555,United States
US,CHMI-PB,2,0.5,4.140723566090632,-30.848817055268984,20.0,0.0,-50.84881705526898,20000.0,-50.84881705526898,United States
US,WENC,3,0.3333333333333333,20.202097266610597,-20.03919791659703,30.0,1.1271090849915726,-51.1663070015886,30000.0,-50.03919791659703,United States
US,UZD,1,0.0,0.0,-42.14983217583068,10.0,0.0,-52.14983217583068,10000.0,-52.14983217583068,United States
US,MUX,3,0.3333333333333333,889.0846861360213,74.30685030568986,30.0,97.11967160552787,-52.81282129983799,30000.0,44.30685030568986,United States
US,KRRO,2,0.5,10.893135375533713,-32.87081901522271,20.0,0.09867196612465226,-52.96949098134736,20000.0,-52.87081901522271,United States
US,WD,3,0.3333333333333333,296.2263575140045,8.584218199130262,30.0,31.621765553433036,-53.03754735430276,30000.0,-21.415781800869738,United States
US,ABR-PE,1,0.0,0.0,-43.695499834496275,10.0,0.0,-53.695499834496275,10000.0,-53.695499834496275,United States
US,BIP-PB,1,0.0,0.0,-44.122549203725605,10.0,0.0,-54.122549203725605,10000.0,-54.122549203725605,United States
US,XOM,1,0.0,0.0,-44.338543776112346,10.0,0.0,-54.338543776112346,10000.0,-54.338543776112346,United States
US,STNE,1,0.0,0.0,-44.44461398654509,10.0,0.0,-54.44461398654509,10000.0,-54.44461398654509,United States
US,SOCA,4,0.0,0.0,-14.591884984112014,40.0,0.0,-54.59188498411201,40000.0,-54.59188498411201,United States
US,PSA-PO,4,0.5,298.7701151461675,16.16431085061373,40.0,30.798013505881713,-54.63370265526794,40000.0,-23.83568914938627,United States
US,ELC,1,0.0,0.0,-44.73126906286984,10.0,0.0,-54.73126906286984,10000.0,-54.73126906286984,United States
US,JPM-PD,2,0.5,29.142444874226126,-32.71306792176243,20.0,2.114822370622096,-54.82789029238452,20000.0,-52.71306792176243,United States
US,SOJC,2,0.5,19.483533767274963,-33.88861567474311,20.0,1.0477235011180324,-54.936339175861136,20000.0,-53.88861567474311,United States
US,NMS,3,0.3333333333333333,199.99980926513672,-4.199898356462825,30.0,20.990832137061943,-55.19073049352477,30000.0,-34.199898356462825,United States
US,BCH,3,0.6666666666666666,293.0877206880145,4.602079569026046,30.0,30.170232937738025,-55.56815336871196,30000.0,-25.397920430973954,United States
US,USCI,2,0.5,106.35944834926691,-24.99243988185019,20.0,10.645615976891897,-55.63805585874209,20000.0,-44.99243988185019,United States
US,VLRS,4,0.25,334.44867086251054,20.072566530203744,40.0,35.84449696822657,-55.77193043802282,40000.0,-19.927433469796256,United States
US,TRINI,3,0.0,0.0,-25.787233542996503,30.0,0.0,-55.7872335429965,30000.0,-55.7872335429965,United States
US,PCSC,1,0.0,0.0,-45.82982889345,10.0,0.0,-55.82982889345,10000.0,-55.82982889345,United States
US,SCE-PG,3,0.6666666666666666,269.4610296767275,2.5668727479588824,30.0,28.664761071946547,-56.09788832398766,30000.0,-27.433127252041118,United States
US,TLNCU,4,0.5,37.807904479634225,-14.141305356842885,40.0,1.9673847836510694,-56.108690140493955,40000.0,-54.141305356842885,United States
US,VNME,2,0.0,0.0,-36.283502327512096,20.0,0.0,-56.283502327512096,20000.0,-56.283502327512096,United States
US,GDLC,2,0.5,364.00328473068953,1.8660171676210098,20.0,39.10963676485089,-57.243619597229895,20000.0,-18.13398283237899,United States
US,PMTW,1,0.0,0.0,-47.676107643803704,10.0,0.0,-57.676107643803704,10000.0,-57.676107643803704,United States
US,EQH-PA,2,0.5,82.05120380108121,-30.022231037375448,20.0,7.960085486987118,-57.98231652436256,20000.0,-50.02223103737545,United States
US,BFS,2,0.5,140.27519627404672,-23.70325733136002,20.0,14.392565904081065,-58.09582323544109,20000.0,-43.70325733136002,United States
US,ETI-P,1,0.0,0.0,-48.1664247912994,10.0,0.0,-58.1664247912994,10000.0,-58.1664247912994,United States
US,BAYA,3,0.6666666666666666,49.71061339664073,-24.731073948271998,30.0,3.4642394836731008,-58.195313431945095,30000.0,-54.731073948272,United States
US,AFRI,1,0.0,0.0,-49.35841687457643,10.0,0.0,-59.35841687457643,10000.0,-59.35841687457643,United States
US,NMP,5,0.2,53.71101200580597,-4.654338561602692,50.0,4.8291128243955095,-59.4834513859982,50000.0,-54.65433856160269,United States
US,UAC,1,0.0,0.0,-50.05047008678653,10.0,0.0,-60.05047008678653,10000.0,-60.05047008678653,United States
US,GJO,2,0.5,0.0003693131689352924,-40.079638113793564,20.0,0.0,-60.079638113793564,20000.0,-60.079638113793564,United States
US,SRE,1,0.0,0.0,-51.3756878687599,10.0,0.0,-61.3756878687599,10000.0,-61.3756878687599,United States
US,ZIONP,4,0.5,132.7449069570541,-9.05688662794612,40.0,12.455851536891208,-61.51273816483733,40000.0,-49.05688662794612,United States
US,CTA-PB,1,0.0,0.0,-51.69651953950027,10.0,0.0,-61.69651953950027,10000.0,-61.69651953950027,United States
US,PBFS,4,0.5,175.37180386230088,-4.917074794766904,40.0,17.16519330372036,-62.08226809848726,40000.0,-44.917074794766904,United States
US,GRMN,1,0.0,0.0,-52.912257311891196,10.0,0.0,-62.912257311891196,10000.0,-62.912257311891196,United States
US,BA-PA,1,0.0,0.0,-52.9493670513348,10.0,0.0,-62.9493670513348,10000.0,-62.9493670513348,United States
US,ADC-PA,2,0.5,29.053009228259263,-40.91743587639973,20.0,2.104941683694982,-63.02237756009471,20000.0,-60.91743587639973,United States
US,ARR-PC,2,0.0,0.0,-43.02832332254258,20.0,0.0,-63.02832332254258,20000.0,-63.02832332254258,United States
US,AADX,1,0.0,0.0,-53.135327654361134,10.0,0.0,-63.135327654361134,10000.0,-63.135327654361134,United States
US,COLAU,1,0.0,0.0,-54.00522886150894,10.0,0.0,-64.00522886150894,10000.0,-64.00522886150894,United States
US,PEB-PF,1,0.0,0.0,-54.13430882251213,10.0,0.0,-64.13430882251214,10000.0,-64.13430882251214,United States
US,KLAC,2,0.5,725.459032533422,34.63136625377342,20.0,79.04260804755181,-64.41124179377834,20000.0,14.631366253773422,United States
US,DNP,3,0.6666666666666666,22.088577335936943,-33.26222250613742,30.0,1.335512339208695,-64.59773484534611,30000.0,-63.26222250613742,United States
US,DMII,3,0.3333333333333333,9.920786297510364,-34.6339335329926,30.0,0.0,-64.63393353299261,30000.0,-64.6339335329926,United States
US,TGT,3,0.6666666666666666,813.9489381612663,52.971730728878924,30.0,87.7140295603429,-64.74229883146404,30000.0,22.971730728878924,United States
US,CUBWU,2,0.5,0.00017261073459451381,-45.044700601100104,20.0,0.0,-65.0447006011001,20000.0,-65.0447006011001,United States
IN,UNICHEMLAB,1,0.0,0.0,-30.991279237164715,35.0,0.0,-65.99127923716472,10000.0,-65.99127923716472,India
US,LIN,2,0.0,0.0,-46.30956257193341,20.0,0.0,-66.30956257193341,20000.0,-66.30956257193341,United States
US,PRA,1,0.0,0.0,-56.72572304402546,10.0,0.0,-66.72572304402546,10000.0,-66.72572304402546,United States
US,CICC,1,0.0,0.0,-57.07322068958965,10.0,0.0,-67.07322068958965,10000.0,-67.07322068958965,United States
US,PSA-PL,2,0.5,197.18331350407237,-26.450080363373814,20.0,20.679670826090586,-67.1297511894644,20000.0,-46.450080363373814,United States
US,HIG-PG,2,0.5,40.502598431486625,-43.834536485132254,20.0,3.369871400902661,-67.20440788603491,20000.0,-63.834536485132254,United States
US,JPM-PM,1,0.0,0.0,-57.80302720262864,10.0,0.0,-67.80302720262864,10000.0,-67.80302720262864,United States
US,MCFT,4,0.5,1248.1830301442565,107.76141126824234,40.0,135.68741947193462,-67.92600820369216,40000.0,67.76141126824234,United States
US,DSACU,1,0.0,0.0,-58.027337552039036,10.0,0.0,-68.02733755203903,10000.0,-68.02733755203903,United States
JP,9202,1,0.0,0.0,-53.26231691078598,15.0,0.0,-68.26231691078598,10000.0,-68.26231691078598,Japan
US,CGABL,3,0.6666666666666666,152.1729692291096,-23.90456254030005,30.0,14.602228396312267,-68.50679093661232,30000.0,-53.90456254030005,United States
US,APACU,4,0.25,0.0003304357587552431,-28.87325635658633,40.0,0.0,-68.87325635658632,40000.0,-68.87325635658632,United States
US,OCCIN,5,0.6,62.708909308804024,-15.214983468330171,50.0,3.8267642492043303,-69.04174771753449,50000.0,-65.21498346833017,United States
US,CPK,1,0.0,0.0,-59.470741909050105,10.0,0.0,-69.4707419090501,10000.0,-69.4707419090501,United States
US,RMBI,3,0.6666666666666666,265.11968552882513,-12.474472999283194,30.0,27.080375461035217,-69.5548484603184,30000.0,-42.47447299928319,United States
US,CDLR,1,0.0,0.0,-59.963451540338,10.0,0.0,-69.963451540338,10000.0,-69.963451540338,United States
US,OGE,2,0.5,100.82307666417378,-40.13742966203603,20.0,10.033967738192866,-70.1713974002289,20000.0,-60.13742966203603,United States
US,NDMO,3,0.6666666666666666,38.452668508175414,-38.39658825834258,30.0,2.0821210971579984,-70.47870935550058,30000.0,-68.39658825834258,United States
US,PSA-PN,3,0.6666666666666666,100.11168078397858,-32.16340103219474,30.0,8.850592271952067,-71.01399330414681,30000.0,-62.16340103219474,United States
US,BNTC,4,0.5,606.520747262942,33.473118567187726,40.0,64.79774163099442,-71.3246230638067,40000.0,-6.526881432812274,United States
US,PFFL,3,0.6666666666666666,238.46460885269983,-17.290013194509726,30.0,24.135571241109474,-71.42558443561916,30000.0,-47.290013194509726,United States
US,CPAC,4,0.25,943.0441335469731,71.05199263301559,40.0,103.08101286788323,-72.02902023486767,40000.0,31.051992633015587,United States
US,FE,1,0.0,0.0,-62.48717257390957,10.0,0.0,-72.48717257390956,10000.0,-72.48717257390956,United States
US,AIIA,5,0.6,58.651026392961825,-19.78064534799873,50.0,3.165313101603972,-72.9459584496027,50000.0,-69.78064534799873,United States
US,SPMA,4,0.25,23.999786376953658,-31.422259540468957,40.0,1.5466708463021752,-72.96893038677113,40000.0,-71.42225954046896,United States
US,SSNC,2,0.5,364.9634552244074,-14.125718314421647,20.0,39.215714648479015,-73.34143296290068,20000.0,-34.12571831442165,United States
US,MTZ,4,0.5,1306.3079706834603,108.84339220323614,40.0,142.732751177053,-73.8893589738168,40000.0,68.84339220323614,United States
US,ORIQ,4,0.0,0.0,-33.91391547151401,40.0,0.0,-73.913915471514,40000.0,-73.913915471514,United States
US,RYZ,1,0.0,0.0,-64.1892407391531,10.0,0.0,-74.1892407391531,10000.0,-74.1892407391531,United States
US,BBW,1,0.0,0.0,-65.0196794725677,10.0,0.0,-75.0196794725677,10000.0,-75.0196794725677,United States
US,ASIX,1,0.0,0.0,-65.45843794746764,10.0,0.0,-75.45843794746764,10000.0,-75.45843794746764,United States
US,SEM,1,0.0,0.0,-66.02686851107653,10.0,0.0,-76.02686851107653,10000.0,-76.02686851107653,United States
US,LCCCU,1,0.0,0.0,-66.09966216839291,10.0,0.0,-76.09966216839291,10000.0,-76.09966216839291,United States
US,MTB-PK,2,0.5,98.72449076945733,-46.37798285430094,20.0,9.802119798915582,-76.18010265321652,20000.0,-66.37798285430094,United States
IN,HOMEFIRST,1,0.0,0.0,-42.49801027638056,35.0,0.0,-77.49801027638057,10000.0,-77.49801027638057,India
US,ATH-PE,1,0.0,0.0,-67.54072308303604,10.0,0.0,-77.54072308303604,10000.0,-77.54072308303604,United States
US,CVE,1,0.0,0.0,-67.56765853809021,10.0,0.0,-77.56765853809021,10000.0,-77.56765853809021,United States
US,CGAU,3,0.3333333333333333,567.0100634860021,13.91421455695604,30.0,61.53745515066832,-77.6232405937123,30000.0,-16.08578544304396,United States
US,OZ,2,0.5,159.1162918680933,-41.31447953209519,20.0,16.474095756256226,-77.78857528835141,20000.0,-61.31447953209519,United States
US,VLYPO,1,0.0,0.0,-68.38272966306569,10.0,0.0,-78.38272966306569,10000.0,-78.38272966306569,United States
US,INN-PE,2,0.5,120.06904684931597,-46.22819754194539,20.0,12.160227396208992,-78.38842493815439,20000.0,-66.22819754194539,United States
US,KMPB,4,0.5,119.34746864000311,-26.792195056679624,40.0,12.080469910210457,-78.87266496689008,40000.0,-66.79219505667962,United States
US,MYXXU,1,0.0,0.0,-69.03383153430198,10.0,0.0,-79.03383153430198,10000.0,-79.03383153430198,United States
US,CHECU,5,0.0,0.0,-29.154444806656077,50.0,0.0,-79.15444480665607,50000.0,-79.15444480665607,United States
US,NWE,1,0.0,0.0,-69.68641114982633,10.0,0.0,-79.68641114982633,10000.0,-79.68641114982633,United States
US,PONO,4,0.5,0.0005356646104459628,-40.01896982280484,40.0,0.0,-80.01896982280485,40000.0,-80.01896982280485,United States
US,MAA,2,0.5,194.81490965099323,-39.79764571819035,20.0,20.418013891249245,-80.2156596094396,20000.0,-59.79764571819035,United States
US,APAM,1,0.0,0.0,-70.301422600767,10.0,0.0,-80.301422600767,10000.0,-80.301422600767,United States
US,LTRX,3,0.3333333333333333,545.1130329218113,8.23199601421743,30.0,59.11831118073076,-80.88631516651327,30000.0,-21.76800398578257,United States
US,OVLY,1,0.0,0.0,-72.17107689132862,10.0,0.0,-82.17107689132862,10000.0,-82.17107689132862,United States
US,AVA,2,0.5,10.940733542559311,-62.30149121034367,20.0,0.10393052474073972,-82.40542173508442,20000.0,-82.30149121034367,United States
US,RILYG,1,0.0,0.0,-73.26032167340735,10.0,0.0,-83.26032167340735,10000.0,-83.26032167340735,United States
US,NHPBP,3,0.3333333333333333,145.56682840758617,-38.61510649665556,30.0,14.977175763826809,-83.59228226048236,30000.0,-68.61510649665556,United States
US,ALK,4,0.5,747.7654351880858,36.651417153451575,40.0,80.4021969510052,-83.7507797975536,40000.0,-3.3485828465484246,United States
US,FNGO,2,0.5,1048.995230465477,48.92280584711807,20.0,114.78629667188116,-85.86349082476306,20000.0,28.92280584711807,United States
US,PRIF-PL,1,0.0,0.0,-75.9529119957203,10.0,0.0,-85.9529119957203,10000.0,-85.9529119957203,United States
US,YUM,1,0.0,0.0,-76.33547964274734,10.0,0.0,-86.33547964274734,10000.0,-86.33547964274734,United States
US,GNK,1,0.0,0.0,-76.45881391866838,10.0,0.0,-86.45881391866838,10000.0,-86.45881391866838,United States
US,ARES-PB,3,0.3333333333333333,600.3247060409556,8.201433965476781,30.0,65.21799605374576,-87.01656208826898,30000.0,-21.79856603452322,United States
US,ABR-PF,2,0.5,95.19123542765185,-57.981631093136926,20.0,9.411772197704463,-87.39340329084139,20000.0,-77.98163109313693,United States
US,FCPT,1,0.0,0.0,-77.53482158804891,10.0,0.0,-87.53482158804891,10000.0,-87.53482158804891,United States
US,CTRN,5,0.2,3356.2642682560395,331.6890744595479,50.0,369.68916870433685,-88.00009424478878,50000.0,281.6890744595479,United States
US,EMO,1,0.0,0.0,-78.39183711526366,10.0,0.0,-88.39183711526366,10000.0,-88.39183711526366,United States
US,KFFB,1,0.0,0.0,-78.43148474599771,10.0,0.0,-88.43148474599771,10000.0,-88.43148474599771,United States
US,WSTN,3,0.0,0.0,-59.346728225840856,30.0,0.0,-89.34672822584085,30000.0,-89.34672822584085,United States
US,VHCP,4,0.25,10.019810739643198,-49.920935159963875,40.0,0.0021886543569162907,-89.92312381432079,40000.0,-89.92093515996388,United States
US,BCPC,3,0.6666666666666666,77.45727318787087,-53.72546587518292,30.0,6.347774669904428,-90.07324054508734,30000.0,-83.72546587518292,United States
US,ENPH,1,0.0,0.0,-80.47434295046729,10.0,0.0,-90.47434295046729,10000.0,-90.47434295046729,United States
US,SLMBP,1,0.0,0.0,-81.33341471354139,10.0,0.0,-91.33341471354139,10000.0,-91.33341471354139,United States
US,LXP-PC,3,0.6666666666666666,61.89290196513487,-56.718334863801175,30.0,4.6282513455443475,-91.34658620934553,30000.0,-86.71833486380118,United States
US,SB-PD,2,0.5,46.1541689359235,-67.91427212871514,20.0,3.9942465949001464,-91.90851872361529,20000.0,-87.91427212871514,United States
US,USL,1,0.0,0.0,-82.00354609929073,10.0,0.0,-92.00354609929073,10000.0,-92.00354609929073,United States
US,TPR,1,0.0,0.0,-82.53645770642693,10.0,0.0,-92.53645770642693,10000.0,-92.53645770642693,United States
US,FPI,1,0.0,0.0,-83.33285649617439,10.0,0.0,-93.33285649617439,10000.0,-93.33285649617439,United States
US,IIPR-PA,5,0.4,300.4689058778687,-12.497847212584759,50.0,30.98569280526131,-93.48354001784607,50000.0,-62.49784721258476,United States
US,AUB-PA,2,0.0,0.0,-73.52723984172748,20.0,0.0,-93.52723984172748,20000.0,-93.52723984172748,United States
US,SITE,3,0.3333333333333333,416.629040231502,-18.64584332661343,30.0,44.9236341792489,-93.56947750586232,30000.0,-48.64584332661343,United States
US,WSBCO,2,0.5,47.468203532543555,-70.3637495656073,20.0,4.139418738738739,-94.50316830434605,20000.0,-90.3637495656073,United States
US,YCL,1,0.0,0.0,-84.8893844008658,10.0,0.0,-94.8893844008658,10000.0,-94.8893844008658,United States
US,ATLCL,1,0.0,0.0,-85.31721811445902,10.0,0.0,-95.31721811445902,10000.0,-95.31721811445902,United States
IN,GARFIBRES,1,0.0,0.0,-60.37816356105785,35.0,0.0,-95.37816356105785,10000.0,-95.37816356105785,India
US,NBTX,1,0.0,0.0,-85.47033789008785,10.0,0.0,-95.47033789008785,10000.0,-95.47033789008785,United States
US,T,1,0.0,0.0,-86.32453665414985,10.0,0.0,-96.32453665414985,10000.0,-96.32453665414985,United States
US,OXSQG,1,0.0,0.0,-86.34843324360153,10.0,0.0,-96.34843324360153,10000.0,-96.34843324360153,United States
US,GM,1,0.0,0.0,-86.5913059822876,10.0,0.0,-96.5913059822876,10000.0,-96.5913059822876,United States
US,FSHPU,3,0.3333333333333333,163.48735729636797,-50.48913882905185,30.0,16.957003086636714,-97.44614191568854,30000.0,-80.48913882905185,United States
JP,2882,1,0.0,0.0,-82.60447035957186,15.0,0.0,-97.60447035957186,10000.0,-97.60447035957186,Japan
US,CFG-PI,1,0.0,0.0,-88.14111734048002,10.0,0.0,-98.14111734048002,10000.0,-98.14111734048002,United States
US,BCSS,4,0.0,0.0,-58.43131816398062,40.0,0.0,-98.43131816398062,40000.0,-98.43131816398062,United States
US,FLG-PA,2,0.0,0.0,-78.5608594921816,20.0,0.0,-98.5608594921816,20000.0,-98.5608594921816,United States
US,OXLCL,1,0.0,0.0,-88.79807233324821,10.0,0.0,-98.79807233324821,10000.0,-98.79807233324821,United States
US,AFGD,1,0.0,0.0,-88.96754487371817,10.0,0.0,-98.96754487371817,10000.0,-98.96754487371817,United States
US,HAVA,3,0.0,0.0,-69.13956616843686,30.0,0.0,-99.13956616843686,30000.0,-99.13956616843686,United States
US,OHACU,5,0.0,0.0,-49.19511974998847,50.0,0.0,-99.19511974998848,50000.0,-99.19511974998846,United States
US,ACGCU,3,0.0,0.0,-69.26866470030824,30.0,0.0,-99.26866470030824,30000.0,-99.26866470030824,United States
US,TCPA,3,0.3333333333333333,60.605961523014784,-63.785337021652346,30.0,5.590854262289696,-99.37619128394203,30000.0,-93.78533702165234,United States
US,CAIIU,2,0.0,0.0,-79.60153456351149,20.0,0.0,-99.60153456351149,20000.0,-99.60153456351149,United States
US,GDV-PK,2,0.0,0.0,-79.67512644653897,20.0,0.0,-99.67512644653897,20000.0,-99.67512644653897,United States
US,CHSCL,1,0.0,0.0,-90.1958989162066,10.0,0.0,-100.1958989162066,10000.0,-100.1958989162066,United States
US,HNNAZ,1,0.0,0.0,-91.45126191095531,10.0,0.0,-101.45126191095531,10000.0,-101.45126191095531,United States
IN,ANUP,1,0.0,0.0,-66.48936021343088,35.0,0.0,-101.48936021343088,10000.0,-101.48936021343088,India
US,ETH,3,0.3333333333333333,751.3298379614008,10.322950414173192,30.0,81.90076741144615,-101.57781699727298,30000.0,-19.677049585826808,United States
US,GECCH,4,0.5,56.086256935370386,-57.749484613309754,40.0,3.9867438010330583,-101.73622841434282,40000.0,-97.74948461330976,United States
US,CLOV,2,0.5,230.32614914789696,-57.581830162004564,20.0,24.34123081521111,-101.92306097721567,20000.0,-77.58183016200456,United States
US,GS,1,0.0,0.0,-92.01063701189449,10.0,0.0,-102.01063701189449,10000.0,-102.01063701189449,United States
US,KG,1,0.0,0.0,-92.16589861751112,10.0,0.0,-102.16589861751112,10000.0,-102.16589861751112,United States
US,ACV,1,0.0,0.0,-92.23117943392035,10.0,0.0,-102.23117943392035,10000.0,-102.23117943392035,United States
US,ATHS,1,0.0,0.0,-93.15549434076308,10.0,0.0,-103.15549434076308,10000.0,-103.15549434076308,United States
US,MOS,3,0.6666666666666666,140.97849771823377,-59.8946315142468,30.0,13.365483616110879,-103.26011513035768,30000.0,-89.8946315142468,United States
US,ALGS,3,0.3333333333333333,636.3634629683057,-4.872591277662536,30.0,69.1994921405905,-104.07208341825299,30000.0,-34.872591277662536,United States
US,TDG,4,0.5,203.16074032794563,-44.06441635292471,40.0,20.235264283654026,-104.29968063657873,40000.0,-84.06441635292471,United States
US,EAI,2,0.0,0.0,-84.41624970915052,20.0,0.0,-104.41624970915052,20000.0,-104.41624970915052,United States
US,WB,1,0.0,0.0,-95.49764136175143,10.0,0.0,-105.49764136175143,10000.0,-105.49764136175143,United States
US,FANG,1,0.0,0.0,-95.51675417109773,10.0,0.0,-105.51675417109773,10000.0,-105.51675417109773,United States
IN,PRICOLLTD,1,0.0,0.0,-70.69682548736078,35.0,0.0,-105.69682548736078,10000.0,-105.69682548736078,India
US,BWG,3,0.6666666666666666,25.380976914148867,-74.36957518004107,30.0,1.6992462111813713,-106.06882139122243,30000.0,-104.36957518004107,United States
US,SELF,1,0.0,0.0,-97.08756382025618,10.0,0.0,-107.08756382025618,10000.0,-107.08756382025618,United States
US,WFC-PL,1,0.0,0.0,-97.74263908459702,10.0,0.0,-107.74263908459702,10000.0,-107.74263908459702,United States
US,BCAT,2,0.5,132.4083826130007,-74.35846297539683,20.0,13.523454689437004,-107.88191766483384,20000.0,-94.35846297539683,United States
US,AGNCL,2,0.0,0.0,-88.03090076076381,20.0,0.0,-108.03090076076381,20000.0,-108.03090076076381,United States
US,STT-PG,2,0.0,0.0,-88.11736050299501,20.0,0.0,-108.11736050299501,20000.0,-108.11736050299501,United States
US,WFC-PC,1,0.0,0.0,-98.20948027242093,10.0,0.0,-108.20948027242093,10000.0,-108.20948027242093,United States
US,SHOE,1,0.0,0.0,-98.36040559362158,10.0,0.0,-108.36040559362158,10000.0,-108.36040559362158,United States
US,ABR-PD,1,0.0,0.0,-98.46144456129858,10.0,0.0,-108.46144456129858,10000.0,-108.46144456129858,United States
US,MGRE,1,0.0,0.0,-99.39505297661633,10.0,0.0,-109.39505297661633,10000.0,-109.39505297661633,United States
US,MTB-PJ,1,0.0,0.0,-99.73169699179829,10.0,0.0,-109.73169699179829,10000.0,-109.73169699179829,United States
US,ECC-PD,2,0.0,0.0,-89.8710201526487,20.0,0.0,-109.8710201526487,20000.0,-109.8710201526487,United States
US,BAYAU,2,0.0,0.0,-90.83402146985887,20.0,0.0,-110.83402146985887,20000.0,-110.83402146985887,United States
US,AEFC,2,0.5,37.29363483638393,-88.36049586960492,20.0,3.015350959965023,-111.37584682956994,20000.0,-108.36049586960492,United States
US,TCBS,4,0.5,258.11242709933515,-45.37789047520674,40.0,26.306226339500142,-111.68411681470685,40000.0,-85.37789047520674,United States
US,SAZ,4,0.5,58.20936320365844,-66.775469136795,40.0,4.9299412497177535,-111.70541038651275,40000.0,-106.775469136795,United States
US,TWI,2,0.5,535.7143905136619,-33.90610408743112,20.0,58.07996632202391,-111.98607040945501,20000.0,-53.90610408743112,United States
US,GBFH,1,0.0,0.0,-102.26199750306364,10.0,0.0,-112.26199750306364,10000.0,-112.26199750306364,United States
US,BGY,2,0.5,88.3392900123181,-84.97080306576588,20.0,8.65478177449369,-113.62558484025956,20000.0,-104.97080306576588,United States
US,GRN,5,0.4,328.78617267427137,-29.70568731026637,50.0,34.114132755820535,-113.81982006608689,50000.0,-79.70568731026637,United States
US,GHI,3,0.3333333333333333,52.35642038714738,-79.37019849152072,30.0,4.679460014787396,-114.04965850630812,30000.0,-109.37019849152072,United States
US,BIP-PA,2,0.0,0.0,-94.0968282982313,20.0,0.0,-114.0968282982313,20000.0,-114.0968282982313,United States
US,NRUC,2,0.5,48.13964309525298,-90.20905299537253,20.0,4.213598156105143,-114.42265115147768,20000.0,-110.20905299537253,United States
US,RAIL,4,0.5,839.2742881774561,15.758628782721644,40.0,90.51192800591636,-114.75329922319474,40000.0,-24.241371217278356,United States
US,SKT,4,0.5,697.178388587163,0.017297419968542727,40.0,74.81343237478441,-114.7961349548159,40000.0,-39.98270258003146,United States
US,OILU,1,0.0,0.0,-104.82152874293438,10.0,0.0,-114.82152874293438,10000.0,-114.82152874293438,United States
US,STWD,1,0.0,0.0,-105.35853946876395,10.0,0.0,-115.35853946876395,10000.0,-115.35853946876395,United States
US,OBAWU,1,0.0,0.0,-105.76926744901294,10.0,0.0,-115.76926744901294,10000.0,-115.76926744901294,United States
US,CBAN,4,0.5,528.0160556763635,-19.684302696839637,40.0,56.12468659246993,-115.80898928930952,40000.0,-59.68430269683964,United States
US,GNL-PB,2,0.5,27.959206786425383,-93.82716284358273,20.0,1.9841003863460782,-115.81126322992878,20000.0,-113.82716284358273,United States
US,FGBI,3,0.6666666666666666,292.6086679437145,-56.44836768239014,30.0,30.117308064922145,-116.56567574731227,30000.0,-86.44836768239014,United States
US,NZF,5,0.6,150.65053661498905,-54.09880230069385,50.0,13.329251072024013,-117.42805337271786,50000.0,-104.09880230069385,United States
IN,SVARTCORP,1,0.0,0.0,-82.87285176291404,35.0,0.0,-117.87285176291404,10000.0,-117.87285176291404,India
US,ONBPO,1,0.0,0.0,-107.91366906474752,10.0,0.0,-117.91366906474752,10000.0,-117.91366906474752,United States
US,BALY,1,0.0,0.0,-107.96231618616092,10.0,0.0,-117.96231618616092,10000.0,-117.96231618616092,United States
US,D,4,0.25,112.55668837535148,-66.75464798721498,40.0,11.330275743676683,-118.08492373089166,40000.0,-106.75464798721498,United States
US,UZE,2,0.5,11.594468268796287,-98.35914713173021,20.0,0.17615394408880566,-118.53530107581902,20000.0,-118.35914713173021,United States
US,APAC,3,0.0,0.0,-88.67028898793427,30.0,0.0,-118.67028898793427,30000.0,-118.67028898793427,United States
US,NEE-PT,2,0.0,0.0,-98.73497650823681,20.0,0.0,-118.7349765082368,20000.0,-118.73497650823681,United States
US,MS-PO,1,0.0,0.0,-108.80750899857073,10.0,0.0,-118.80750899857073,10000.0,-118.80750899857073,United States
US,PSA-PM,3,0.6666666666666666,100.88219468259885,-79.91581030493134,30.0,8.93571724111791,-118.85152754604925,30000.0,-109.91581030493134,United States
US,LAFA,5,0.2,9.900650175491688,-69.24813378692996,50.0,0.0,-119.24813378692996,50000.0,-119.24813378692996,United States
US,ARDC,1,0.0,0.0,-109.63186026552995,10.0,0.0,-119.63186026552995,10000.0,-119.63186026552995,United States
US,BKH,1,0.0,0.0,-109.97882728412955,10.0,0.0,-119.97882728412955,10000.0,-119.97882728412955,United States
US,ETHW,3,0.3333333333333333,733.1275939941406,-11.01143063159111,30.0,79.88981672095663,-120.9012473525479,30000.0,-41.01143063159111,United States
US,CSQ,1,0.0,0.0,-112.0853238170838,10.0,0.0,-122.0853238170838,10000.0,-122.0853238170838,United States
US,DLR-PJ,2,0.5,159.49585575901315,-86.2042024868226,20.0,16.51602928213925,-122.72023176896184,20000.0,-106.2042024868226,United States
IN,DATAMATICS,1,0.0,0.0,-87.87346221441172,35.0,0.0,-122.87346221441172,10000.0,-122.87346221441172,India
US,FTAIM,3,0.6666666666666666,55.5089803634079,-89.68172071453283,30.0,3.922967339016648,-123.60468805354948,30000.0,-119.68172071453283,United States
US,MUR,1,0.0,0.0,-113.73533803473057,10.0,0.0,-123.73533803473057,10000.0,-123.73533803473057,United States
US,HWCPZ,2,0.0,0.0,-104.5784664372762,20.0,0.0,-124.5784664372762,20000.0,-124.5784664372762,United States
US,ETHA,3,0.3333333333333333,746.8958669060833,-13.577330652585488,30.0,81.41091038220628,-124.98824103479183,30000.0,-43.57733065258549,United States
US,MUJ,2,0.0,0.0,-105.04102654190439,20.0,0.0,-125.04102654190439,20000.0,-125.04102654190439,United States
US,TMUSI,1,0.0,0.0,-115.99769795096582,10.0,0.0,-125.99769795096582,10000.0,-125.99769795096582,United States
US,EXLS,2,0.5,34.977451576641,-103.85799199288503,20.0,2.7594632609616436,-126.61745525384669,20000.0,-123.85799199288503,United States
US,QQQ,3,0.3333333333333333,161.42342759274618,-80.84843015361722,30.0,16.72898390009656,-127.57741405371377,30000.0,-110.84843015361722,United States
US,AENT,1,0.0,0.0,-119.4539900118996,10.0,0.0,-129.4539900118996,10000.0,-129.4539900118996,United States
US,VSXY,2,0.5,545.2545679729437,-50.60368048034775,20.0,59.133947714847935,-129.73762819519567,20000.0,-70.60368048034775,United States
US,PYT,2,0.5,12.875503736504701,-110.31905871039416,20.0,0.31768040439575307,-130.63673911478992,20000.0,-130.31905871039416,United States
US,BEPI,3,0.3333333333333333,184.9177626312759,-81.74962817955821,30.0,19.3245951529346,-131.0742233324928,30000.0,-111.74962817955821,United States
US,PTLE,1,0.0,0.0,-122.11640460196848,10.0,0.0,-132.1164046019685,10000.0,-132.1164046019685,United States
US,BAM,3,0.6666666666666666,695.4505969133672,-27.568306642027437,30.0,74.62254910425519,-132.19085574628252,30000.0,-57.56830664202744,United States
US,ADAML,1,0.0,0.0,-122.2362439818836,10.0,0.0,-132.2362439818836,10000.0,-132.2362439818836,United States
US,PTN,2,0.5,754.7166212549761,-30.296827713753828,20.0,82.27493304811182,-132.57176076186568,20000.0,-50.29682771375383,United States
US,PGEN,3,0.3333333333333333,144.9273634647996,-88.0738710547424,30.0,14.90652884410892,-132.98039989885132,30000.0,-118.0738710547424,United States
US,DUKB,1,0.0,0.0,-123.03746854242404,10.0,0.0,-133.03746854242405,10000.0,-133.03746854242405,United States
US,CMSC,2,0.0,0.0,-113.14464631739018,20.0,0.0,-133.1446463173902,20000.0,-133.1446463173902,United States
US,NOV,1,0.0,0.0,-123.25814299261495,10.0,0.0,-133.25814299261495,10000.0,-133.25814299261495,United States
US,SSMR,2,0.5,305.4031694691539,-81.74084264763957,20.0,32.63560298858077,-134.37644563622035,20000.0,-101.74084264763957,United States
US,OII,1,0.0,0.0,-124.45997761868499,10.0,0.0,-134.459977618685,10000.0,-134.459977618685,United States
US,INMD,2,0.5,27.045249294155305,-114.75057685727876,20.0,1.8831280307692373,-136.633704888048,20000.0,-134.75057685727876,United States
US,UCIB,1,0.0,0.0,-126.85842325908192,10.0,0.0,-136.85842325908192,10000.0,-136.85842325908192,United States
US,IIIN,3,0.3333333333333333,388.44940300944984,-65.48952609637615,30.0,41.81039929286032,-137.29992538923648,30000.0,-95.48952609637615,United States
US,HELE,1,0.0,0.0,-127.4104420475397,10.0,0.0,-137.4104420475397,10000.0,-137.4104420475397,United States
US,PSA-PH,1,0.0,0.0,-128.617468480402,10.0,0.0,-138.617468480402,10000.0,-138.617468480402,United States
US,ACHR,1,0.0,0.0,-128.71260690216934,10.0,0.0,-138.71260690216934,10000.0,-138.71260690216934,United States
US,VRCA,1,0.0,0.0,-128.82429236567128,10.0,0.0,-138.82429236567128,10000.0,-138.82429236567128,United States
US,CIM-PA,2,0.5,228.24547260191787,-95.01019940934663,20.0,24.11136146809391,-139.12156087744054,20000.0,-115.01019940934663,United States
US,MNR,1,0.0,0.0,-129.77075940780014,10.0,0.0,-139.77075940780014,10000.0,-139.77075940780014,United States
US,OKE,3,0.3333333333333333,435.14093342744917,-62.91835627906474,30.0,46.96879435134728,-139.88715063041204,30000.0,-92.91835627906474,United States
US,GECCG,2,0.5,20.032142981505352,-118.85659453050755,20.0,1.1083328457762989,-139.96492737628387,20000.0,-138.85659453050755,United States
US,GTERU,5,0.2,4.788979716685571,-90.99660705332413,50.0,0.0,-140.9966070533241,50000.0,-140.9966070533241,United States
US,DNOW,2,0.5,153.73344477238814,-106.00681496787169,20.0,15.879408633977357,-141.88622360184905,20000.0,-126.00681496787169,United States
US,ADAMO,5,0.6,47.84522190952378,-90.22217319124448,50.0,2.1977318677874935,-142.41990505903198,50000.0,-140.22217319124448,United States
IN,VAIBHAVGBL,1,0.0,0.0,-107.47206179410273,35.0,0.0,-142.47206179410273,10000.0,-142.47206179410273,India
US,EHI,1,0.0,0.0,-132.89027039790847,10.0,0.0,-142.89027039790847,10000.0,-142.89027039790847,United States
US,CNL,2,0.5,412.0002746582041,-78.79756389219898,20.0,44.412256607204476,-143.20982049940346,20000.0,-98.79756389219898,United States
US,PEBK,1,0.0,0.0,-133.90802979956317,10.0,0.0,-143.90802979956317,10000.0,-143.90802979956317,United States
IN,CORDSCABLE,1,0.0,0.0,-110.40235359704997,35.0,0.0,-145.40235359704997,10000.0,-145.40235359704997,India
US,BPOPM,2,0.0,0.0,-125.49037795875019,20.0,0.0,-145.49037795875017,20000.0,-145.49037795875017,United States
US,ELLO,1,0.0,0.0,-136.7701209889538,10.0,0.0,-146.7701209889538,10000.0,-146.7701209889538,United States
US,AUNA,2,0.5,118.1099733968427,-115.80770909470517,20.0,11.943792536910497,-147.75150163161567,20000.0,-135.80770909470516,United States
US,SCIIU,5,0.0,0.0,-97.7524564413057,50.0,0.0,-147.7524564413057,50000.0,-147.7524564413057,United States
US,PSA-PQ,4,0.5,182.3372441602511,-91.12629973684784,40.0,17.934722434410013,-149.06102217125783,40000.0,-131.12629973684784,United States
US,GRFS,1,0.0,0.0,-139.27587227568927,10.0,0.0,-149.27587227568927,10000.0,-149.27587227568927,United States
US,G,1,0.0,0.0,-141.59278532045127,10.0,0.0,-151.59278532045127,10000.0,-151.59278532045127,United States
US,PZZA,3,0.3333333333333333,175.53755003085536,-104.05735063875322,30.0,18.28828638574727,-152.3456370245005,30000.0,-134.05735063875323,United States
IN,RAMCOIND,1,0.0,0.0,-117.41474807565267,35.0,0.0,-152.41474807565265,10000.0,-152.41474807565265,India
US,CMRE,1,0.0,0.0,-142.85729855907147,10.0,0.0,-152.85729855907147,10000.0,-152.85729855907147,United States
US,WLIIU,3,0.0,0.0,-123.8096328008742,30.0,0.0,-153.8096328008742,30000.0,-153.8096328008742,United States
US,CLST,4,0.75,109.3967867040102,-106.94895449460341,40.0,9.2068138058954,-156.1557683004988,40000.0,-146.9489544946034,United States
US,ALV,1,0.0,0.0,-146.31240390473033,10.0,0.0,-156.31240390473033,10000.0,-156.31240390473033,United States
US,PPHC,3,0.6666666666666666,2003.3093901193765,91.70736985570352,30.0,219.11240145383405,-157.40503159813056,30000.0,61.70736985570352,United States
IN,GREENLAM,1,0.0,0.0,-122.7962322123588,35.0,0.0,-157.7962322123588,10000.0,-157.7962322123588,India
IN,GALXBRG,1,0.0,0.0,-122.98245368294936,35.0,0.0,-157.98245368294937,10000.0,-157.98245368294937,India
US,MESHU,4,0.0,0.0,-118.22705198391458,40.0,0.0,-158.2270519839146,40000.0,-158.22705198391458,United States
US,NOA,1,0.0,0.0,-148.80969410850818,10.0,0.0,-158.80969410850818,10000.0,-158.80969410850818,United States
US,DULL,4,0.5,2105.257321719485,110.79895718152943,40.0,230.37542286009403,-159.57646567856466,40000.0,70.79895718152943,United States
US,AMJB,2,0.0,0.0,-139.68280431000403,20.0,0.0,-159.68280431000403,20000.0,-159.68280431000403,United States
US,CHW,3,0.6666666666666666,125.50752773037965,-119.20831457921776,30.0,11.65627908970319,-160.86459366892095,30000.0,-149.20831457921776,United States
US,EFSI,2,0.5,23.38648511495789,-139.5264585144107,20.0,1.478914442283702,-161.0053729566944,20000.0,-159.5264585144107,United States
US,SWKHL,2,0.5,11.881460057627802,-141.99480853205992,20.0,0.20786027309712027,-162.20266880515703,20000.0,-161.99480853205992,United States
US,TWO-PA,1,0.0,0.0,-152.36589176327976,10.0,0.0,-162.36589176327976,10000.0,-162.36589176327976,United States
US,MSBIP,4,0.25,9.960159362549792,-123.75199984988595,40.0,0.0,-163.75199984988595,40000.0,-163.75199984988595,United States
US,MGRC,5,0.6,811.1207614942107,-27.92310140086738,50.0,86.29679601635034,-164.21989741721768,50000.0,-77.92310140086738,United States
US,RNR-PF,3,0.3333333333333333,72.53381223697008,-128.30499216055057,30.0,6.908621438272392,-165.21361359882297,30000.0,-158.30499216055057,United States
US,AACIU,1,0.0,0.0,-155.3394725021817,10.0,0.0,-165.3394725021817,10000.0,-165.3394725021817,United States
US,ADAMI,4,0.25,7.961540465142303,-125.4192817041122,40.0,0.0,-165.4192817041122,40000.0,-165.4192817041122,United States
US,VRSN,1,0.0,0.0,-155.59605033790723,10.0,0.0,-165.59605033790723,10000.0,-165.59605033790723,United States
US,ASB-PF,2,0.0,0.0,-146.48897163171748,20.0,0.0,-166.48897163171748,20000.0,-166.48897163171748,United States
US,PRLB,1,0.0,0.0,-156.67395564676224,10.0,0.0,-166.67395564676224,10000.0,-166.67395564676224,United States
US,CHSCO,1,0.0,0.0,-157.02766643452603,10.0,0.0,-167.02766643452603,10000.0,-167.02766643452603,United States
US,RIBB,2,0.0,0.0,-147.60105372354948,20.0,0.0,-167.60105372354948,20000.0,-167.60105372354948,United States
US,MTX,1,0.0,0.0,-157.62040101998443,10.0,0.0,-167.62040101998443,10000.0,-167.62040101998443,United States
US,NDLS,5,0.6,2893.698229661337,198.24664653322986,50.0,316.37615354728933,-168.1295070140593,50000.0,148.24664653322986,United States
US,OPXS,1,0.0,0.0,-158.25137933933698,10.0,0.0,-168.25137933933698,10000.0,-168.25137933933698,United States
US,VECA,1,0.0,0.0,-158.2593380166797,10.0,0.0,-168.2593380166797,10000.0,-168.2593380166797,United States
US,MSGS,1,0.0,0.0,-159.26631624392007,10.0,0.0,-169.26631624392007,10000.0,-169.26631624392007,United States
US,BNH,1,0.0,0.0,-160.8926417633616,10.0,0.0,-170.8926417633616,10000.0,-170.8926417633616,United States
US,BCV,1,0.0,0.0,-161.10486439191664,10.0,0.0,-171.10486439191664,10000.0,-171.10486439191664,United States
US,DCBG,1,0.0,0.0,-161.16941529235373,10.0,0.0,-171.16941529235373,10000.0,-171.16941529235373,United States
US,TFIN-P,4,0.25,31.34779154960743,-129.289871399082,40.0,2.3584650460858274,-171.6483364451678,40000.0,-169.289871399082,United States
US,ZVRA,1,0.0,0.0,-161.91192838717393,10.0,0.0,-171.91192838717393,10000.0,-171.91192838717393,United States
US,CRBD,5,0.2,61.45745228004485,-116.76370378902234,50.0,5.684925406972458,-172.4486291959948,50000.0,-166.76370378902234,United States
US,ERO,1,0.0,0.0,-162.63228862260394,10.0,0.0,-172.63228862260394,10000.0,-172.63228862260394,United States
US,WSM,5,0.6,1078.7507544330733,-6.818627921933967,50.0,115.86406915389003,-172.68269707582397,50000.0,-56.81862792193397,United States
US,CPNG,3,0.3333333333333333,354.08290163712053,-105.33707677648385,30.0,38.01365094750795,-173.35072772399178,30000.0,-135.33707677648385,United States
US,MUSA,3,0.3333333333333333,583.3310624288024,-80.33208472585375,30.0,63.340569324532645,-173.67265405038637,30000.0,-110.33208472585375,United States
US,ATS,1,0.0,0.0,-164.1099911436972,10.0,0.0,-174.1099911436972,10000.0,-174.1099911436972,United States
US,EPD,1,0.0,0.0,-164.28751474180768,10.0,0.0,-174.28751474180768,10000.0,-174.28751474180768,United States
US,BXMT,2,0.5,63.40004868740978,-148.39137577181918,20.0,5.899539912401538,-174.2909156842207,20000.0,-168.39137577181918,United States
US,BOH-PA,1,0.0,0.0,-165.39437776910137,10.0,0.0,-175.39437776910137,10000.0,-175.39437776910137,United States
US,SVACU,2,0.5,242.0856610800737,-131.58009085567522,20.0,25.64040022983742,-177.22049108551263,20000.0,-151.58009085567522,United States
US,PDYN,1,0.0,0.0,-167.22388889478634,10.0,0.0,-177.22388889478634,10000.0,-177.22388889478634,United States
US,MXF,2,0.5,13.856953891815404,-156.92918577856707,20.0,0.42610922619668384,-177.35529500476378,20000.0,-176.92918577856707,United States
US,DBB,2,0.5,65.1532975301472,-151.43822921377614,20.0,6.093235644490635,-177.53146485826676,20000.0,-171.43822921377614,United States
US,SCCE,1,0.0,0.0,-167.6771375868058,10.0,0.0,-177.6771375868058,10000.0,-177.6771375868058,United States
IN,KRBL,1,0.0,0.0,-142.7393328708315,35.0,0.0,-177.7393328708315,10000.0,-177.7393328708315,India
US,PBI-PB,2,0.0,0.0,-158.0245406539349,20.0,0.0,-178.0245406539349,20000.0,-178.0245406539349,United States
US,GBLI,2,0.0,0.0,-158.22610699840033,20.0,0.0,-178.22610699840033,20000.0,-178.22610699840033,United States
US,CIB,1,0.0,0.0,-168.25420998353047,10.0,0.0,-178.25420998353047,10000.0,-178.25420998353047,United States
US,TRTN-PD,2,0.0,0.0,-159.04929573729578,20.0,0.0,-179.04929573729578,20000.0,-179.04929573729578,United States
IN,SANDUMA,1,0.0,0.0,-144.15708121924942,35.0,0.0,-179.15708121924942,10000.0,-179.15708121924942,India
US,PECEU,1,0.0,0.0,-169.65098475421158,10.0,0.0,-179.65098475421158,10000.0,-179.65098475421158,United States
EU,AD.AS,1,0.0,0.0,-154.86767861695338,25.0,0.0,-179.86767861695338,10000.0,-179.86767861695338,Europe
US,HAS,1,0.0,0.0,-170.1461223032885,10.0,0.0,-180.1461223032885,10000.0,-180.1461223032885,United States
US,EMA,1,0.0,0.0,-170.86021890328706,10.0,0.0,-180.86021890328706,10000.0,-180.86021890328706,United States
US,NATL,1,0.0,0.0,-171.89982394791858,10.0,0.0,-181.89982394791858,10000.0,-181.89982394791858,United States
US,PPLT,2,0.5,319.747308233802,-128.1136798323568,20.0,34.2203172581582,-182.33399709051503,20000.0,-148.1136798323568,United States
US,TSCO,1,0.0,0.0,-172.3579468765879,10.0,0.0,-182.3579468765879,10000.0,-182.3579468765879,United States
US,PANL,1,0.0,0.0,-172.4135738679733,10.0,0.0,-182.4135738679733,10000.0,-182.4135738679733,United States
US,PCG-PX,2,0.0,0.0,-162.66678322999883,20.0,0.0,-182.66678322999883,20000.0,-182.66678322999883,United States
US,SHAK,3,0.6666666666666666,641.8292477490439,-84.30465280489187,30.0,68.69856031908523,-183.0032131239771,30000.0,-114.30465280489187,United States
US,PGP,1,0.0,0.0,-173.20989736508528,10.0,0.0,-183.20989736508528,10000.0,-183.20989736508528,United States
US,PLTM,2,0.5,332.22604035539007,-128.05131497820474,20.0,35.59894480657901,-183.65025978478377,20000.0,-148.05131497820474,United States
US,BKE,1,0.0,0.0,-173.70877691277875,10.0,0.0,-183.70877691277875,10000.0,-183.70877691277875,United States
US,FCAP,2,0.0,0.0,-164.5295009367409,20.0,0.0,-184.5295009367409,20000.0,-184.5295009367409,United States
US,MO,3,0.3333333333333333,39.5453527034273,-151.89923655614223,30.0,3.264116640046173,-185.1633531961884,30000.0,-181.89923655614223,United States
US,NUAI,1,0.0,0.0,-176.00021362304653,10.0,0.0,-186.00021362304653,10000.0,-186.00021362304653,United States
US,MS-PP,3,0.0,0.0,-156.4372785416368,30.0,0.0,-186.43727854163683,30000.0,-186.4372785416368,United States
US,USB-PQ,1,0.0,0.0,-177.07661183504752,10.0,0.0,-187.07661183504752,10000.0,-187.07661183504752,United States
US,NCV-PA,4,0.5,53.37484661005254,-146.3731144780689,40.0,3.7219632678503642,-190.09507774591927,40000.0,-186.3731144780689,United States
US,PAAC,5,0.0,0.0,-140.26157748290635,50.0,0.0,-190.26157748290635,50000.0,-190.26157748290635,United States
JP,3632,1,0.0,0.0,-175.43859649122862,15.0,0.0,-190.43859649122862,10000.0,-190.43859649122862,Japan
US,OAK-PB,1,0.0,0.0,-181.58545860877396,10.0,0.0,-191.58545860877396,10000.0,-191.58545860877396,United States
US,XRPNU,1,0.0,0.0,-181.81800842285156,10.0,0.0,-191.81800842285156,10000.0,-191.81800842285156,United States
US,EFC,2,0.0,0.0,-172.16147957267336,20.0,0.0,-192.16147957267336,20000.0,-192.16147957267336,United States
US,NVNO,2,0.5,45.24921399975179,-169.35025446294773,20.0,3.894268825289451,-193.2445232882372,20000.0,-189.35025446294773,United States
US,AACPU,3,0.0,0.0,-165.32193492929002,30.0,0.0,-195.32193492929002,30000.0,-195.32193492929002,United States
US,EIC,1,0.0,0.0,-185.91024171116354,10.0,0.0,-195.91024171116354,10000.0,-195.91024171116354,United States
US,EWTX,4,0.5,1198.9548201474843,-27.585994491745566,40.0,130.2487766835711,-197.8347711753167,40000.0,-67.58599449174557,United States
IN,FDC,1,0.0,0.0,-163.0565580574572,35.0,0.0,-198.0565580574572,10000.0,-198.0565580574572,India
US,PCG-PG,1,0.0,0.0,-188.67883399490415,10.0,0.0,-198.67883399490415,10000.0,-198.67883399490415,United States
US,XOMAO,1,0.0,0.0,-188.67960516012027,10.0,0.0,-198.67960516012027,10000.0,-198.67960516012027,United States
US,SIF,2,0.5,174.793394311592,-160.74771401139333,20.0,18.206073420127428,-198.95378743152077,20000.0,-180.74771401139333,United States
US,SOBO,2,0.0,0.0,-178.97739247633936,20.0,0.0,-198.97739247633936,20000.0,-198.97739247633936,United States
US,YHNAU,1,0.0,0.0,-189.18887988941034,10.0,0.0,-199.18887988941034,10000.0,-199.18887988941034,United States
US,PLOW,5,0.6,1674.1905665831002,32.10378167732051,50.0,181.64717279439628,-199.54339111707577,50000.0,-17.896218322679488,United States
US,EPR-PE,2,0.0,0.0,-179.85032125370836,20.0,0.0,-199.85032125370836,20000.0,-199.85032125370836,United States
US,GOODN,2,0.0,0.0,-180.3533445311889,20.0,0.0,-200.3533445311889,20000.0,-200.3533445311889,United States
US,MMD,2,0.0,0.0,-180.44975968435128,20.0,0.0,-200.4497596843513,20000.0,-200.44975968435128,United States
US,AM,3,0.6666666666666666,108.08399718533535,-160.75693551362735,30.0,9.838591583042794,-200.59552709667017,30000.0,-190.75693551362735,United States
US,CMCO,1,0.0,0.0,-190.6059581946151,10.0,0.0,-200.6059581946151,10000.0,-200.6059581946151,United States
US,JCE,1,0.0,0.0,-191.1221655905604,10.0,0.0,-201.1221655905604,10000.0,-201.1221655905604,United States
US,PSA-PJ,1,0.0,0.0,-191.78103094231625,10.0,0.0,-201.78103094231625,10000.0,-201.78103094231625,United States
US,NATH,2,0.0,0.0,-182.10207758289965,20.0,0.0,-202.10207758289965,20000.0,-202.10207758289965,United States
US,AME,4,0.5,142.93342948464183,-149.0170229490284,40.0,13.581460909492359,-202.59848385852075,40000.0,-189.0170229490284,United States
US,GGT-PE,3,0.3333333333333333,59.8206905163412,-167.11476530275604,30.0,5.5040989547610195,-202.61886425751703,30000.0,-197.11476530275604,United States
US,SUI,2,0.5,139.28757473844033,-169.01586422038875,20.0,14.283455279449164,-203.2993194998379,20000.0,-189.01586422038875,United States
US,DBO,1,0.0,0.0,-193.6222589097414,10.0,0.0,-203.6222589097414,10000.0,-203.6222589097414,United States
US,KKRS,3,0.0,0.0,-173.9590340837194,30.0,0.0,-203.9590340837194,30000.0,-203.9590340837194,United States
US,FITBO,1,0.0,0.0,-193.96510617486263,10.0,0.0,-203.96510617486263,10000.0,-203.96510617486263,United States
US,GSG,2,0.5,31.880869579956617,-182.2815056511118,20.0,2.4173585338966523,-204.69886418500846,20000.0,-202.2815056511118,United States
US,GDV-PH,4,0.25,13.824673841627,-164.30880818435023,40.0,0.42254298516990896,-204.73135116952014,40000.0,-204.30880818435023,United States
US,RICK,4,0.25,308.43544077226557,-131.78257355098143,40.0,32.970602787600704,-204.7531763385821,40000.0,-171.78257355098143,United States
US,GPMT-PA,1,0.0,0.0,-196.07843137254832,10.0,0.0,-206.07843137254832,10000.0,-206.07843137254832,United States
US,NRT,1,0.0,0.0,-196.62918669454132,10.0,0.0,-206.62918669454132,10000.0,-206.62918669454132,United States
US,MDV-PA,1,0.0,0.0,-198.16540114197534,10.0,0.0,-208.16540114197534,10000.0,-208.16540114197534,United States
US,USB-PS,1,0.0,0.0,-198.33461905791273,10.0,0.0,-208.33461905791273,10000.0,-208.33461905791273,United States
US,GNT-PA,5,0.6,139.5032614279068,-146.53377298198046,50.0,13.20248123617579,-209.73625421815626,50000.0,-196.53377298198046,United States
US,HOG,2,0.5,415.69520821382434,-145.27107841012298,20.0,44.82046612238032,-210.0915445325033,20000.0,-165.27107841012298,United States
US,MFA,3,0.3333333333333333,169.8512990510137,-162.66137862196553,30.0,17.6600797561264,-210.3214583780919,30000.0,-192.66137862196553,United States
US,CACI,1,0.0,0.0,-201.1061158414762,10.0,0.0,-211.1061158414762,10000.0,-211.1061158414762,United States
US,TIL,3,0.6666666666666666,388.5254676689298,-141.1085438293846,30.0,40.71402102975784,-211.8225648591424,30000.0,-171.1085438293846,United States
US,UCO,1,0.0,0.0,-201.89697788409956,10.0,0.0,-211.89697788409956,10000.0,-211.89697788409956,United States
US,FCNCO,1,0.0,0.0,-202.21454912386804,10.0,0.0,-212.21454912386804,10000.0,-212.21454912386804,United States
US,RAPP,1,0.0,0.0,-202.50034332275345,10.0,0.0,-212.50034332275345,10000.0,-212.50034332275345,United States
US,CTWO,2,0.5,43.98826979472137,-189.92941269682763,20.0,3.7549620110122888,-213.6843747078399,20000.0,-209.92941269682763,United States
US,SIG,2,0.0,0.0,-195.19450960757578,20.0,0.0,-215.19450960757578,20000.0,-215.19450960757578,United States
US,RF-PF,3,0.3333333333333333,2.1384966255411086,-185.86258878489303,30.0,0.0,-215.86258878489303,30000.0,-215.86258878489303,United States
US,WTGUU,2,0.5,9.56941449471227,-196.61633127366906,20.0,0.0,-216.61633127366906,20000.0,-216.61633127366906,United States
US,MPLX,2,0.5,120.37496352368836,-184.7571153692884,20.0,12.194024512029873,-216.95113988131828,20000.0,-204.7571153692884,United States
US,FSTR,2,0.5,36.43028940225168,-194.3043408953371,20.0,2.919970132193349,-217.22431102753046,20000.0,-214.3043408953371,United States
US,BHFAP,2,0.5,143.93433223774065,-182.79851728622566,20.0,14.79682056663919,-217.59533785286484,20000.0,-202.79851728622566,United States
US,VIASP,4,0.75,54.746531151950165,-175.01499935655085,40.0,2.7339515939212817,-217.74895095047214,40000.0,-215.01499935655085,United States
US,ICL,2,0.5,60.00041961669922,-192.9174230256425,20.0,5.5239550977242775,-218.44137812336677,20000.0,-212.9174230256425,United States
US,DECK,2,0.5,300.22401490840343,-166.68174890230983,20.0,32.063419445780966,-218.74516834809077,20000.0,-186.68174890230983,United States
US,ENR,5,0.6,614.1084295341014,-104.22287445322695,50.0,64.53123317131124,-218.75410762453822,50000.0,-154.22287445322695,United States
US,GGN-PB,3,0.0,0.0,-189.3488064593829,30.0,0.0,-219.3488064593829,30000.0,-219.3488064593829,United States
IN,IGARASHI,1,0.0,0.0,-184.58910101266102,35.0,0.0,-219.58910101266102,10000.0,-219.58910101266102,India
US,USB-PR,1,0.0,0.0,-210.32526661743378,10.0,0.0,-220.32526661743378,10000.0,-220.32526661743378,United States
US,QETA,2,0.0,0.0,-200.49424797870972,20.0,0.0,-220.49424797870972,20000.0,-220.49424797870972,United States
US,CPSS,1,0.0,0.0,-210.52611501593321,10.0,0.0,-220.52611501593321,10000.0,-220.52611501593321,United States
US,RAL,5,0.6,1180.2473231155486,-44.40819687051453,50.0,127.07722480884438,-221.4854216793591,50000.0,-94.40819687051453,United States
US,E,2,0.0,0.0,-201.750047879965,20.0,0.0,-221.750047879965,20000.0,-221.750047879965,United States
US,VNO-PO,1,0.0,0.0,-213.19148542085165,10.0,0.0,-223.19148542085165,10000.0,-223.19148542085165,United States
US,EFC-PC,1,0.0,0.0,-213.84133892148327,10.0,0.0,-223.84133892148327,10000.0,-223.84133892148327,United States
IN,APTUS,1,0.0,0.0,-189.0180281955167,35.0,0.0,-224.0180281955167,10000.0,-224.0180281955167,India
US,FXY,2,0.0,0.0,-204.0636994048195,20.0,0.0,-224.0636994048195,20000.0,-224.0636994048195,United States
US,MGRB,3,0.3333333333333333,86.10062640238114,-187.44496337823495,30.0,8.407458304910827,-225.85242168314576,30000.0,-217.44496337823495,United States
US,CHSCN,3,0.0,0.0,-196.1585575476221,30.0,0.0,-226.15855754762214,30000.0,-226.1585575476221,United States
US,MS-PQ,3,0.0,0.0,-196.86921407471746,30.0,0.0,-226.86921407471746,30000.0,-226.86921407471746,United States
US,MGA,1,0.0,0.0,-217.15531335129157,10.0,0.0,-227.15531335129157,10000.0,-227.15531335129157,United States
US,KCA-UN,2,0.0,0.0,-207.28583429601932,20.0,0.0,-227.28583429601932,20000.0,-227.28583429601932,United States
US,FHN-PF,1,0.0,0.0,-217.64036442952218,10.0,0.0,-227.64036442952218,10000.0,-227.64036442952218,United States
US,THYP,2,0.5,495.86829041170733,-154.04238969626726,20.0,53.67784191046974,-227.720231606737,20000.0,-174.04238969626726,United States
US,MCRI,5,0.4,292.2564928776228,-148.35437629855284,50.0,30.078400406415632,-228.4327767049685,50000.0,-198.35437629855284,United States
US,GDS,2,0.5,531.878414472704,-151.09492615434374,20.0,57.656174690500876,-228.7511008448446,20000.0,-171.09492615434374,United States
US,ETSS-UN,5,0.0,0.0,-178.92644135189096,50.0,0.0,-228.92644135189096,50000.0,-228.92644135189096,United States
US,VALE,2,0.5,64.01645526731726,-203.78261819429366,20.0,5.967639386275024,-229.7502575805687,20000.0,-223.78261819429366,United States
US,KKRT,1,0.0,0.0,-220.26428662637267,10.0,0.0,-230.26428662637267,10000.0,-230.26428662637267,United States
US,PMT-PC,1,0.0,0.0,-220.38567493112836,10.0,0.0,-230.38567493112836,10000.0,-230.38567493112836,United States
US,NSA-PA,3,0.3333333333333333,35.68242640499486,-198.44303001382067,30.0,2.837347593267366,-231.28037760708804,30000.0,-228.44303001382067,United States
US,FGNXP,1,0.0,0.0,-221.3591047861041,10.0,0.0,-231.3591047861041,10000.0,-231.3591047861041,United States
US,BNT,2,0.5,46.62118220262634,-208.50438059990762,20.0,4.045841368205738,-232.55022196811336,20000.0,-228.50438059990762,United States
EU,ABI.BR,1,0.0,0.0,-208.09907344650824,25.0,0.0,-233.09907344650824,10000.0,-233.09907344650824,Europe
US,EOLS,1,0.0,0.0,-223.77654389068024,10.0,0.0,-233.77654389068024,10000.0,-233.77654389068024,United States
US,TWO-PB,1,0.0,0.0,-224.89953711329667,10.0,0.0,-234.89953711329667,10000.0,-234.89953711329667,United States
US,FWRD,2,0.5,779.6342010619428,-130.09304098272833,20.0,85.02778178523872,-235.12082276796707,20000.0,-150.09304098272833,United States
US,DG,1,0.0,0.0,-225.30833176541364,10.0,0.0,-235.30833176541364,10000.0,-235.30833176541364,United States
US,CDR-PB,1,0.0,0.0,-225.79641317262866,10.0,0.0,-235.79641317262866,10000.0,-235.79641317262866,United States
US,ASB-PE,2,0.0,0.0,-215.8893472732426,20.0,0.0,-235.8893472732426,20000.0,-235.8893472732426,United States
US,HFRO-PA,4,0.25,79.41356139279154,-188.51071756388228,40.0,7.668683567984435,-236.1794011318667,40000.0,-228.51071756388228,United States
US,EL,2,0.5,417.17810133483414,-171.32492776189116,20.0,44.98429344779033,-236.30922120968148,20000.0,-191.32492776189116,United States
US,GLED-UN,4,0.0,0.0,-197.4336674983057,40.0,0.0,-237.4336674983057,40000.0,-237.4336674983057,United States
US,MS-PA,1,0.0,0.0,-229.1186905499254,10.0,0.0,-239.1186905499254,10000.0,-239.1186905499254,United States
US,PCG,2,0.0,0.0,-219.39839043300327,20.0,0.0,-239.39839043300327,20000.0,-239.39839043300327,United States
US,MMS,1,0.0,0.0,-229.63776740713038,10.0,0.0,-239.63776740713038,10000.0,-239.63776740713038,United States
US,R,2,0.5,42.905418232903614,-216.77933747110689,20.0,3.635330546899853,-240.41466801800675,20000.0,-236.77933747110689,United States
US,SRAD,2,0.5,1155.7099233449119,-94.2899866858138,20.0,126.57594116391572,-240.86592784972947,20000.0,-114.2899866858138,United States
US,ACP-PA,3,0.0,0.0,-211.61432402616254,30.0,0.0,-241.61432402616254,30000.0,-241.61432402616254,United States
US,BHFAO,3,0.3333333333333333,153.8463579771121,-195.77950227002708,30.0,15.891883078744355,-241.67138534877142,30000.0,-225.77950227002708,United States
US,JOUT,2,0.0,0.0,-224.61321122613123,20.0,0.0,-244.61321122613123,20000.0,-244.61321122613123,United States
US,MHH,2,0.5,368.90630508442877,-185.24986620020667,20.0,39.651313504464454,-244.9011797046711,20000.0,-205.24986620020667,United States
US,STM,1,0.0,0.0,-236.0898494127961,10.0,0.0,-246.0898494127961,10000.0,-246.0898494127961,United States
US,RNW,1,0.0,0.0,-236.59296968381872,10.0,0.0,-246.59296968381872,10000.0,-246.59296968381872,United States
US,GGT-PG,4,0.0,0.0,-207.35901921375643,40.0,0.0,-247.35901921375643,40000.0,-247.35901921375643,United States
US,PMT-PA,1,0.0,0.0,-237.42306725226035,10.0,0.0,-247.42306725226035,10000.0,-247.42306725226035,United States
US,USB-PP,2,0.0,0.0,-227.72656414851377,20.0,0.0,-247.72656414851377,20000.0,-247.72656414851377,United States
US,LSF,1,0.0,0.0,-239.04363472623146,10.0,0.0,-249.04363472623146,10000.0,-249.04363472623146,United States
US,ELLA,4,0.0,0.0,-209.41683594690062,40.0,0.0,-249.41683594690062,40000.0,-249.41683594690062,United States
US,CMS-PB,2,0.5,137.3446697187708,-215.64307636510958,20.0,14.068806679095955,-249.71188304420554,20000.0,-235.64307636510958,United States
US,SSD,5,0.6,748.6679403878838,-119.98148076968414,50.0,79.87446144416049,-249.85594221384463,50000.0,-169.98148076968414,United States
US,IACQU,4,0.25,69.58261872854533,-204.29400072200286,40.0,6.5825789660250384,-250.8765796880279,40000.0,-244.29400072200286,United States
US,HYPG,2,0.5,503.7315567927569,-178.932713888389,20.0,54.54656122809434,-253.47927511648334,20000.0,-198.932713888389,United States
US,PSA-PS,5,0.4,239.38974582309535,-179.82017287891506,50.0,24.237778685024658,-254.0579515639397,50000.0,-229.82017287891506,United States
US,RGTI,1,0.0,0.0,-244.4328710088772,10.0,0.0,-254.4328710088772,10000.0,-254.4328710088772,United States
US,ALH,2,0.0,0.0,-234.74104889520618,20.0,0.0,-254.74104889520618,20000.0,-254.74104889520618,United States
US,VREX,1,0.0,0.0,-244.78673718781764,10.0,0.0,-254.78673718781764,10000.0,-254.78673718781764,United States
US,MXE,2,0.5,124.31991683853339,-222.5436081016485,20.0,12.629855753864978,-255.1734638555135,20000.0,-242.5436081016485,United States
US,TKC,1,0.0,0.0,-245.49911923572475,10.0,0.0,-255.49911923572475,10000.0,-255.49911923572475,United States
US,GOOS,1,0.0,0.0,-245.57926800021446,10.0,0.0,-255.57926800021446,10000.0,-255.57926800021446,United States
US,BELFB,4,0.5,1669.0819535188984,-33.425498267398666,40.0,182.1875642952292,-255.613062562628,40000.0,-73.42549826739867,United States
US,FRMEP,3,0.0,0.0,-225.75992095659524,30.0,0.0,-255.75992095659524,30000.0,-255.75992095659524,United States
US,PLUN-UN,5,0.0,0.0,-206.41384016679254,50.0,0.0,-256.4138401667925,50000.0,-256.4138401667925,United States
US,PSA-PR,2,0.5,12.987062528535542,-236.21406917636145,20.0,0.33000521612051137,-256.54407439248195,20000.0,-256.2140691763615,United States
US,VBNB,3,0.3333333333333333,199.8144809198199,-206.17926250736772,30.0,20.970357399735466,-257.1496199071032,30000.0,-236.17926250736772,United States
US,BKU,4,0.5,326.9182592435716,-183.3607126521619,40.0,33.90776908934091,-257.2684817415028,40000.0,-223.3607126521619,United States
US,ARKO,2,0.5,640.8541925122169,-169.33092644558553,20.0,69.69561974405372,-259.02654618963925,20000.0,-189.33092644558553,United States
US,BHFAL,1,0.0,0.0,-249.9997615814209,10.0,0.0,-259.9997615814209,10000.0,-259.9997615814209,United States
US,HMY,2,0.5,938.3136626381505,-137.52390045662867,20.0,102.55839907600419,-260.0822995326329,20000.0,-157.52390045662867,United States
US,TXNM,3,0.3333333333333333,75.25370927970121,-223.1115881454382,30.0,7.209110699155753,-260.32069884459395,30000.0,-253.1115881454382,United States
US,CMRE-PD,2,0.0,0.0,-240.83239442801442,20.0,0.0,-260.8323944280144,20000.0,-260.8323944280144,United States
US,STEP,1,0.0,0.0,-251.33548864408107,10.0,0.0,-261.33548864408107,10000.0,-261.33548864408107,United States
US,EFOR,3,0.3333333333333333,164.12670139970277,-214.4973361948377,30.0,17.02763665623253,-261.5249728510702,30000.0,-244.4973361948377,United States
US,BEP-PA,1,0.0,0.0,-251.5727632586917,10.0,0.0,-261.5727632586917,10000.0,-261.5727632586917,United States
IN,AUSTENG,1,0.0,0.0,-227.81792459432236,35.0,0.0,-262.81792459432233,10000.0,-262.81792459432233,India
US,AGNCO,1,0.0,0.0,-252.99549102783203,10.0,0.0,-262.99549102783203,10000.0,-262.99549102783203,United States
US,UMH-PD,3,0.3333333333333333,84.34885555935966,-225.86229441088457,30.0,8.213925859532681,-264.07622027041725,30000.0,-255.86229441088457,United States
US,UMBFO,1,0.0,0.0,-254.18066438003706,10.0,0.0,-264.18066438003706,10000.0,-264.18066438003706,United States
US,OTIS,3,0.0,0.0,-234.69027416832324,30.0,0.0,-264.69027416832324,30000.0,-264.69027416832324,United States
US,USO,1,0.0,0.0,-255.53689759811093,10.0,0.0,-265.53689759811095,10000.0,-265.53689759811095,United States
US,ECVT,1,0.0,0.0,-255.77523133935688,10.0,0.0,-265.7752313393569,10000.0,-265.7752313393569,United States
US,XFLT,1,0.0,0.0,-257.27065084231174,10.0,0.0,-267.27065084231174,10000.0,-267.27065084231174,United States
US,DLHC,1,0.0,0.0,-257.3525905609142,10.0,0.0,-267.3525905609142,10000.0,-267.3525905609142,United States
US,BML-PH,2,0.0,0.0,-247.46017145518718,20.0,0.0,-267.46017145518715,20000.0,-267.46017145518715,United States
US,SHEL,2,0.0,0.0,-247.48522255966907,20.0,0.0,-267.48522255966907,20000.0,-267.48522255966907,United States
US,LNSR,1,0.0,0.0,-257.73182767363403,10.0,0.0,-267.73182767363403,10000.0,-267.73182767363403,United States
US,RYN,2,0.0,0.0,-247.89673926770894,20.0,0.0,-267.89673926770894,20000.0,-267.89673926770894,United States
US,SFB,2,0.0,0.0,-248.17146940034564,20.0,0.0,-268.17146940034564,20000.0,-268.17146940034564,United States
US,OAK-PA,2,0.0,0.0,-253.7920832093088,20.0,0.0,-273.79208320930877,20000.0,-273.79208320930877,United States
US,FGNX,1,0.0,0.0,-264.5502981895698,10.0,0.0,-274.5502981895698,10000.0,-274.5502981895698,United States
US,PCG-PH,2,0.0,0.0,-254.94613679555522,20.0,0.0,-274.9461367955552,20000.0,-274.9461367955552,United States
US,SVCCU,1,0.0,0.0,-265.0826156030406,10.0,0.0,-275.0826156030406,10000.0,-275.0826156030406,United States
US,HTH,2,0.0,0.0,-256.57854725502415,20.0,0.0,-276.57854725502415,20000.0,-276.57854725502415,United States
US,CGBD,3,0.3333333333333333,379.05182318664686,-206.26086532533282,30.0,40.7721718266431,-277.0330371519759,30000.0,-236.26086532533282,United States
US,RAND,1,0.0,0.0,-267.1757545179998,10.0,0.0,-277.1757545179998,10000.0,-277.1757545179998,United States
US,MRTN,1,0.0,0.0,-268.05201557585144,10.0,0.0,-278.05201557585144,10000.0,-278.05201557585144,United States
IN,RUDRAGAS,1,0.0,0.0,-243.90284245590422,35.0,0.0,-278.9028424559042,10000.0,-278.9028424559042,India
US,STRA,1,0.0,0.0,-270.50689525281666,10.0,0.0,-280.50689525281666,10000.0,-280.50689525281666,United States
US,SEAL-PB,1,0.0,0.0,-270.7931843209777,10.0,0.0,-280.7931843209777,10000.0,-280.7931843209777,United States
US,EQNR,2,0.5,121.83563618720194,-248.76340483324987,20.0,12.355396961852826,-281.1188017951027,20000.0,-268.76340483324987,United States
US,TATT,1,0.0,0.0,-271.59929887365263,10.0,0.0,-281.59929887365263,10000.0,-281.59929887365263,United States
US,ETR,3,0.0,0.0,-251.81539090171958,30.0,0.0,-281.8153909017196,30000.0,-281.8153909017196,United States
US,GS-PC,2,0.0,0.0,-263.7473351181008,20.0,0.0,-283.74733511810075,20000.0,-283.7473351181008,United States
US,BAH,2,0.5,435.4381800855833,-217.0635107979491,20.0,47.001633619598806,-284.0651444175479,20000.0,-237.0635107979491,United States
US,FITBP,1,0.0,0.0,-274.46757984918577,10.0,0.0,-284.46757984918577,10000.0,-284.46757984918577,United States
US,SU,1,0.0,0.0,-274.715096097774,10.0,0.0,-284.715096097774,10000.0,-284.715096097774,United States
US,GVA,4,0.25,829.0721913857446,-154.74375135261397,40.0,90.48960072123822,-285.23335207385225,40000.0,-194.74375135261397,United States
US,BBCP,1,0.0,0.0,-277.7779433462346,10.0,0.0,-287.7779433462346,10000.0,-287.7779433462346,United States
US,ALL-PB,3,0.0,0.0,-258.96616143085913,30.0,0.0,-288.96616143085913,30000.0,-288.96616143085913,United States
EU,OR.PA,1,0.0,0.0,-265.17114245362626,25.0,0.0,-290.17114245362626,10000.0,-290.17114245362626,Europe
IN,CHOLAFIN,1,0.0,0.0,-255.41567379003817,35.0,0.0,-290.41567379003817,10000.0,-290.41567379003817,India
US,MITT-PA,1,0.0,0.0,-281.8143131553419,10.0,0.0,-291.8143131553419,10000.0,-291.8143131553419,United States
US,USOI,1,0.0,0.0,-282.44954785088373,10.0,0.0,-292.44954785088373,10000.0,-292.44954785088373,United States
US,ADAM,2,0.0,0.0,-273.42065718917286,20.0,0.0,-293.42065718917286,20000.0,-293.42065718917286,United States
US,LKQ,1,0.0,0.0,-284.1122350960135,10.0,0.0,-294.1122350960135,10000.0,-294.1122350960135,United States
US,MSD,3,0.0,0.0,-265.84438140181857,30.0,0.0,-295.84438140181857,30000.0,-295.84438140181857,United States
US,FUND,1,0.0,0.0,-287.17921330378647,10.0,0.0,-297.17921330378647,10000.0,-297.17921330378647,United States
IN,ONMOBILE,1,0.0,0.0,-264.4500306081876,35.0,0.0,-299.4500306081876,10000.0,-299.4500306081876,India
US,PMT-PB,3,0.3333333333333333,120.05345881807017,-259.4556417361149,30.0,12.158505258968468,-301.6141469950834,30000.0,-289.4556417361149,United States
US,XEL,3,0.0,0.0,-271.7831998605225,30.0,0.0,-301.7831998605225,30000.0,-301.7831998605225,United States
US,REGCP,5,0.2,189.26039547987327,-232.7785847642394,50.0,19.804361303807912,-302.58294606804736,50000.0,-282.77858476423944,United States
US,WHLRD,1,0.0,0.0,-293.8797519547054,10.0,0.0,-303.8797519547054,10000.0,-303.8797519547054,United States
US,OVBC,2,0.5,21.206121417738366,-282.7111017195383,20.0,1.2380318406479713,-303.9491335601863,20000.0,-302.7111017195383,United States
US,GLNG,1,0.0,0.0,-294.8641353369552,10.0,0.0,-304.8641353369552,10000.0,-304.8641353369552,United States
US,UNB,3,0.0,0.0,-276.58236226100973,30.0,0.0,-306.58236226100973,30000.0,-306.58236226100973,United States
US,NTCT,1,0.0,0.0,-296.98261996011223,10.0,0.0,-306.98261996011223,10000.0,-306.98261996011223,United States
US,BHYP,2,0.5,439.1100255890268,-240.45091340414876,20.0,47.407292408910806,-307.85820581305956,20000.0,-260.45091340414876,United States
US,SMJF,2,0.5,56.07498026339863,-283.54787717229544,20.0,5.09027972274342,-308.63815689503883,20000.0,-303.54787717229544,United States
US,FGSN,3,0.3333333333333333,106.33148739106258,-268.3069703930563,30.0,10.642526901264251,-308.94949729432057,30000.0,-298.3069703930563,United States
US,BCBP,1,0.0,0.0,-301.3699675259518,10.0,0.0,-311.3699675259518,10000.0,-311.3699675259518,United States
US,STK,2,0.0,0.0,-293.3630601421466,20.0,0.0,-313.3630601421466,20000.0,-313.3630601421466,United States
US,VPV,1,0.0,0.0,-304.34815779976196,10.0,0.0,-314.34815779976196,10000.0,-314.34815779976196,United States
US,VISN,2,0.5,173.7757618016733,-276.8171838852407,20.0,18.09364723782999,-314.9108311230707,20000.0,-296.8171838852407,United States
EU,SGO.PA,1,0.0,0.0,-290.45678767920634,25.0,0.0,-315.45678767920634,10000.0,-315.45678767920634,Europe
US,ADAMZ,3,0.3333333333333333,106.78072887121192,-274.9893005434589,30.0,10.692158280028746,-315.6814588234877,30000.0,-304.9893005434589,United States
US,GLPI,2,0.5,296.03046589192775,-267.9974912951799,20.0,31.600123804570373,-319.59761509975027,20000.0,-287.9974912951799,United States
US,IFED,4,0.25,128.95937958454118,-267.15473511878196,40.0,13.142415130025741,-320.2971502488077,40000.0,-307.15473511878196,United States
US,RELL,3,0.3333333333333333,533.1091233241714,-232.52846737080495,30.0,57.79214115810242,-320.3206085289073,30000.0,-262.52846737080495,United States
US,LFT-PA,1,0.0,0.0,-313.1634819532903,10.0,0.0,-323.1634819532903,10000.0,-323.1634819532903,United States
US,MEVOU,5,0.0,0.0,-273.42888502214225,50.0,0.0,-323.42888502214225,50000.0,-323.42888502214225,United States
US,CMRE-PC,2,0.0,0.0,-303.4384417438962,20.0,0.0,-323.4384417438962,20000.0,-323.4384417438962,United States
US,EC,2,0.0,0.0,-303.4644529063291,20.0,0.0,-323.4644529063291,20000.0,-323.4644529063291,United States
US,IMOS,3,0.3333333333333333,1155.896683409343,-168.83467856253293,30.0,126.59657407495676,-325.43125263748965,30000.0,-198.83467856253293,United States
US,DTW,2,0.0,0.0,-305.45741231118416,20.0,0.0,-325.45741231118416,20000.0,-325.45741231118416,United States
US,FLOC,1,0.0,0.0,-316.8220555571233,10.0,0.0,-326.8220555571233,10000.0,-326.8220555571233,United States
US,CCU,2,0.0,0.0,-307.27037855726394,20.0,0.0,-327.27037855726394,20000.0,-327.27037855726394,United States
IN,HARIOMPIPE,1,0.0,0.0,-293.64331419622914,35.0,0.0,-328.64331419622914,10000.0,-328.64331419622914,India
US,IOSP,3,0.0,0.0,-299.3091448194163,30.0,0.0,-329.3091448194163,30000.0,-329.3091448194163,United States
US,EMP,3,0.0,0.0,-299.6696364411966,30.0,0.0,-329.6696364411966,30000.0,-329.6696364411966,United States
US,RRX,1,0.0,0.0,-319.6931484567922,10.0,0.0,-329.6931484567922,10000.0,-329.6931484567922,United States
US,ASO,1,0.0,0.0,-320.0493355120304,10.0,0.0,-330.0493355120304,10000.0,-330.0493355120304,United States
US,EBS,1,0.0,0.0,-320.28487851469833,10.0,0.0,-330.28487851469833,10000.0,-330.28487851469833,United States
US,FNV,2,0.5,265.0651851744268,-282.23051368373444,20.0,28.179136109203615,-330.40964979293807,20000.0,-302.23051368373444,United States
US,MTAL-UN,3,0.0,0.0,-300.8506250294618,30.0,0.0,-330.8506250294618,30000.0,-330.8506250294618,United States
US,ASPCU,3,0.0,0.0,-301.08705663871694,30.0,0.0,-331.08705663871694,30000.0,-331.08705663871694,United States
US,IHD,1,0.0,0.0,-322.21094283767513,10.0,0.0,-332.21094283767513,10000.0,-332.21094283767513,United States
IN,GANESHHOU,1,0.0,0.0,-297.776987281122,35.0,0.0,-332.776987281122,10000.0,-332.776987281122,India
US,LITE,1,0.0,0.0,-323.219959120068,10.0,0.0,-333.219959120068,10000.0,-333.219959120068,United States
US,URBN,2,0.0,0.0,-313.85908507017615,20.0,0.0,-333.85908507017615,20000.0,-333.85908507017615,United States
US,PLNT,2,0.0,0.0,-314.38025326377067,20.0,0.0,-334.38025326377067,20000.0,-334.38025326377067,United States
US,NEGG,1,0.0,0.0,-325.1530933965208,10.0,0.0,-335.1530933965208,10000.0,-335.1530933965208,United States
US,ARCLU,2,0.0,0.0,-315.2147928873694,20.0,0.0,-335.2147928873694,20000.0,-335.2147928873694,United States
US,ETSY,4,0.25,772.1438353089072,-211.83087416097533,40.0,84.2002598483732,-336.03113400934853,40000.0,-251.83087416097533,United States
EU,ARGX.BR,1,0.0,0.0,-311.2248011997765,25.0,0.0,-336.2248011997765,10000.0,-336.2248011997765,Europe
US,CELH,1,0.0,0.0,-327.92178067294066,10.0,0.0,-337.92178067294066,10000.0,-337.92178067294066,United States
US,TSM,2,0.0,0.0,-318.04933456587196,20.0,0.0,-338.04933456587196,20000.0,-338.04933456587196,United States
US,DTB,2,0.0,0.0,-319.47381223281667,20.0,0.0,-339.47381223281667,20000.0,-339.47381223281667,United States
US,URI,2,0.5,31.16497383281569,-318.3707589739393,20.0,2.3382676784163614,-340.70902665235565,20000.0,-338.3707589739393,United States
US,DAKT,3,0.6666666666666666,443.10070817200847,-264.6944591279531,30.0,46.74339398897644,-341.43785311692955,30000.0,-294.6944591279531,United States
US,IONQ,1,0.0,0.0,-334.25654037089305,10.0,0.0,-344.25654037089305,10000.0,-344.25654037089305,United States
IN,PANCHSHEEL,1,0.0,0.0,-310.07776067968894,35.0,0.0,-345.07776067968894,10000.0,-345.07776067968894,India
US,GFR,1,0.0,0.0,-336.2831183239423,10.0,0.0,-346.2831183239423,10000.0,-346.2831183239423,United States
US,GJR,4,0.0,0.0,-307.19451780943484,40.0,0.0,-347.19451780943484,40000.0,-347.19451780943484,United States
US,GASS,1,0.0,0.0,-337.75605683735057,10.0,0.0,-347.75605683735057,10000.0,-347.75605683735057,United States
US,SCCG,2,0.5,4.066848910015963,-328.99890045278937,20.0,0.0,-348.99890045278937,20000.0,-348.99890045278937,United States
US,DHCNI,2,0.5,16.68533308222253,-329.26028294395945,20.0,0.7385833967520173,-349.99886634071146,20000.0,-349.26028294395945,United States
US,TPVG,1,0.0,0.0,-340.0001525878904,10.0,0.0,-350.0001525878904,10000.0,-350.0001525878904,United States
US,NOK,1,0.0,0.0,-340.9935263371455,10.0,0.0,-350.9935263371455,10000.0,-350.9935263371455,United States
US,MCI,2,0.0,0.0,-331.4147858223082,20.0,0.0,-351.4147858223082,20000.0,-351.4147858223082,United States
US,EMN,1,0.0,0.0,-343.98440732719916,10.0,0.0,-353.98440732719916,10000.0,-353.98440732719916,United States
US,IPB,4,0.0,0.0,-314.00496790734087,40.0,0.0,-354.00496790734087,40000.0,-354.00496790734087,United States
US,DBE,2,0.0,0.0,-334.278226093847,20.0,0.0,-354.278226093847,20000.0,-354.278226093847,United States
US,LOW,2,0.0,0.0,-335.9785044135,20.0,0.0,-355.9785044135,20000.0,-355.9785044135,United States
US,FERG,2,0.5,10.908353696310602,-335.9734605379672,20.0,0.10035325842737167,-356.0738137963946,20000.0,-355.9734605379672,United States
US,SBSW,2,0.5,232.82882637139403,-311.61536375989954,20.0,24.617722026938416,-356.23308578683793,20000.0,-331.61536375989954,United States
US,IAF,3,0.3333333333333333,24.232510025936627,-327.0880183712954,30.0,1.5723817302710592,-358.6604001015665,30000.0,-357.0880183712954,United States
US,UONE,3,0.6666666666666666,111.2832858234758,-318.8239676032434,30.0,10.084810806131774,-358.90877840937515,30000.0,-348.8239676032434,United States
US,PK,3,0.3333333333333333,167.13118486749724,-311.96216732462756,30.0,17.359566505925404,-359.32173383055294,30000.0,-341.96216732462756,United States
US,ECF,2,0.0,0.0,-339.538055639057,20.0,0.0,-359.538055639057,20000.0,-359.538055639057,United States
US,EQT,1,0.0,0.0,-351.5622019767761,10.0,0.0,-361.5622019767761,10000.0,-361.5622019767761,United States
US,MRP,3,0.6666666666666666,195.98220547824673,-312.5487951127881,30.0,19.442192855830612,-361.99098796861875,30000.0,-342.5487951127881,United States
US,IMUX,3,0.0,0.0,-332.27193462987634,30.0,0.0,-362.27193462987634,30000.0,-362.27193462987634,United States
US,SOLS,1,0.0,0.0,-354.09595471224134,10.0,0.0,-364.09595471224134,10000.0,-364.09595471224134,United States
US,APLM,4,0.5,2171.9858559759887,-86.55048917389581,40.0,237.74746953081387,-364.2979587047096,40000.0,-126.55048917389581,United States
US,KAI,2,0.0,0.0,-347.7018878243355,20.0,0.0,-367.7018878243355,20000.0,-367.7018878243355,United States
IN,AJAXENGG,1,0.0,0.0,-333.22496087827113,35.0,0.0,-368.22496087827113,10000.0,-368.22496087827113,India
US,KRP,1,0.0,0.0,-358.30606466784155,10.0,0.0,-368.30606466784155,10000.0,-368.30606466784155,United States
US,TSHA,4,0.5,756.6182704905277,-248.3514116509632,40.0,81.38024203688893,-369.73165368785214,40000.0,-288.3514116509632,United States
US,MITT,2,0.0,0.0,-350.88371623156587,20.0,0.0,-370.88371623156587,20000.0,-370.88371623156587,United States
US,NMI,1,0.0,0.0,-361.66379076662867,10.0,0.0,-371.66379076662867,10000.0,-371.66379076662867,United States
US,DHC,3,0.3333333333333333,109.40893995422752,-331.1913893570506,30.0,10.982518243429347,-372.17390760047994,30000.0,-361.1913893570506,United States
US,FGBIP,3,0.0,0.0,-343.0246426080918,30.0,0.0,-373.0246426080918,30000.0,-373.0246426080918,United States
US,CV,2,0.5,211.5652625079889,-332.06830900216255,20.0,22.26856230189056,-374.33687130405315,20000.0,-352.06830900216255,United States
US,RFAIU,2,0.0,0.0,-354.92512009899,20.0,0.0,-374.92512009899,20000.0,-374.92512009899,United States
US,HPQ,1,0.0,0.0,-365.9577065325803,10.0,0.0,-375.9577065325803,10000.0,-375.9577065325803,United States
US,ARES,4,0.5,909.5031986884838,-238.87454341163118,40.0,98.27068985629587,-377.1452332679271,40000.0,-278.8745434116312,United States
US,NAZ,1,0.0,0.0,-367.25313497483535,10.0,0.0,-377.25313497483535,10000.0,-377.25313497483535,United States
US,DUKR,1,0.0,0.0,-367.7758318739055,10.0,0.0,-377.7758318739055,10000.0,-377.7758318739055,United States
US,BRID,3,0.0,0.0,-348.1450674717656,30.0,0.0,-378.1450674717656,30000.0,-378.1450674717656,United States
US,SM,1,0.0,0.0,-368.46006276770925,10.0,0.0,-378.46006276770925,10000.0,-378.46006276770925,United States
US,BAC-PK,3,0.0,0.0,-348.67712287761975,30.0,0.0,-378.67712287761975,30000.0,-378.67712287761975,United States
US,TG,1,0.0,0.0,-369.0037838793925,10.0,0.0,-379.0037838793925,10000.0,-379.0037838793925,United States
US,SOJD,3,0.3333333333333333,46.6809332123419,-346.26384942789025,30.0,4.052442550700658,-380.3162919785909,30000.0,-376.26384942789025,United States
US,UCTT,5,0.4,2385.6009599357076,-69.5746196143109,50.0,261.3472763227371,-380.921895937048,50000.0,-119.5746196143109,United States
US,TDS-PV,3,0.3333333333333333,177.22919599326036,-332.5644859902055,30.0,18.475176344055757,-381.03966233426127,30000.0,-362.5644859902055,United States
US,PRIF-PK,2,0.5,157.2613711714399,-344.89697445855063,20.0,16.269167503319512,-381.16614196187004,20000.0,-364.89697445855063,United States
US,CHH,2,0.0,0.0,-362.5420015441472,20.0,0.0,-382.5420015441472,20000.0,-382.5420015441472,United States
US,CHSCM,3,0.0,0.0,-352.9652579656939,30.0,0.0,-382.9652579656939,30000.0,-382.9652579656939,United States
US,CDRO,2,0.5,278.96987522108896,-333.7754098130896,20.0,29.71530088650646,-383.4907106995961,20000.0,-353.7754098130896,United States
US,SPKL,3,0.3333333333333333,244.89811488560332,-328.6022871031669,30.0,25.95111499293874,-384.55340209610563,30000.0,-358.6022871031669,United States
US,IPX,4,0.75,1090.135281238498,-227.94382476935982,40.0,117.12181089614134,-385.0656356655012,40000.0,-267.9438247693598,United States
US,POCI,2,0.0,0.0,-366.0750676579905,20.0,0.0,-386.0750676579905,20000.0,-386.0750676579905,United States
US,RC-PC,1,0.0,0.0,-378.1514207855996,10.0,0.0,-388.1514207855996,10000.0,-388.1514207855996,United States
US,AGCC,1,0.0,0.0,-378.2049814860022,10.0,0.0,-388.2049814860022,10000.0,-388.2049814860022,United States
US,TRTX-PC,2,0.0,0.0,-368.6917106948118,20.0,0.0,-388.6917106948118,20000.0,-388.6917106948118,United States
US,CMS-PC,4,0.0,0.0,-348.8463367126371,40.0,0.0,-388.8463367126371,40000.0,-388.8463367126371,United States
US,OGS,1,0.0,0.0,-378.9900132419033,10.0,0.0,-388.9900132419033,10000.0,-388.9900132419033,United States
US,VFC,2,0.0,0.0,-369.24882272957757,20.0,0.0,-389.24882272957757,20000.0,-389.24882272957757,United States
US,GNL-PA,4,0.25,118.21392747441539,-338.4789266085719,40.0,11.955277193662157,-390.4342038022341,40000.0,-378.4789266085719,United States
US,AU,2,0.5,704.2880773635308,-294.94149064270493,20.0,76.70367956193256,-391.64517020463745,20000.0,-314.94149064270493,United States
US,SKYT,1,0.0,0.0,-382.3112455142197,10.0,0.0,-392.3112455142197,10000.0,-392.3112455142197,United States
EU,ITX.MC,1,0.0,0.0,-369.0686753847894,25.0,0.0,-394.0686753847894,10000.0,-394.0686753847894,Europe
US,FINW,2,0.5,47.945257735579894,-373.536623577887,20.0,4.192122816363585,-397.7287463942506,20000.0,-393.536623577887,United States
US,KRNT,1,0.0,0.0,-387.82779811959324,10.0,0.0,-397.82779811959324,10000.0,-397.82779811959324,United States
US,GDYN,1,0.0,0.0,-388.6924784090828,10.0,0.0,-398.6924784090828,10000.0,-398.6924784090828,United States
US,REXR-PB,3,0.3333333333333333,266.6061063508773,-340.79361051626785,30.0,28.349374268265034,-399.14298478453287,30000.0,-370.79361051626785,United States
EU,RMS.PA,1,0.0,0.0,-374.6732500726113,25.0,0.0,-399.6732500726113,10000.0,-399.6732500726113,Europe
US,IMPPP,4,0.25,29.002113666813933,-358.5423955683564,40.0,2.0993188349618572,-400.64171440331825,40000.0,-398.5423955683564,United States
US,CPS,2,0.5,163.39860970158605,-364.0426149220577,20.0,16.947198414348673,-400.9898133364063,20000.0,-384.0426149220577,United States
US,WMK,2,0.5,9.955505401475495,-381.3702083623061,20.0,0.0,-401.3702083623061,20000.0,-401.3702083623061,United States
US,BSTZ,3,0.6666666666666666,199.9204019333134,-353.3118787892986,30.0,19.877277612130133,-403.18915640142876,30000.0,-383.3118787892986,United States
US,AMPX,2,0.0,0.0,-383.3410372179624,20.0,0.0,-403.3410372179624,20000.0,-403.3410372179624,United States
US,WKEY,1,0.0,0.0,-394.1906339400048,10.0,0.0,-404.1906339400048,10000.0,-404.1906339400048,United States
US,INVX,1,0.0,0.0,-394.99434261150435,10.0,0.0,-404.99434261150435,10000.0,-404.99434261150435,United States
US,TYG,3,0.0,0.0,-375.1799829701008,30.0,0.0,-405.1799829701008,30000.0,-405.1799829701008,United States
US,SOUL-UN,3,0.0,0.0,-375.5875708351697,30.0,0.0,-405.5875708351697,30000.0,-405.5875708351697,United States
US,SRTA,2,0.5,149.2538380978714,-371.3921047955771,20.0,15.384509864823189,-406.77661466040024,20000.0,-391.3921047955771,United States
US,SSRM,3,0.3333333333333333,673.7214211223397,-303.60874800660963,30.0,73.32673117113305,-406.93547917774265,30000.0,-333.60874800660963,United States
US,AMRZ,1,0.0,0.0,-397.4703656948686,10.0,0.0,-407.4703656948686,10000.0,-407.4703656948686,United States
US,CNMD,1,0.0,0.0,-398.3046106025989,10.0,0.0,-408.3046106025989,10000.0,-408.3046106025989,United States
US,MRCY,2,0.5,1759.0477353050594,-195.36057847301595,20.0,193.23160140789437,-408.5921798809104,20000.0,-215.36057847301595,United States
US,MSCI,1,0.0,0.0,-399.0089299540611,10.0,0.0,-409.0089299540611,10000.0,-409.0089299540611,United States
US,WENC-UN,1,0.0,0.0,-400.0000726608999,10.0,0.0,-410.0000726608999,10000.0,-410.0000726608999,United States
US,TAYD,3,0.3333333333333333,18.251055368190272,-379.72752188014437,30.0,0.9115615371255316,-410.6390834172699,30000.0,-409.72752188014437,United States
US,TAP,3,0.3333333333333333,207.671336256261,-359.7071825844678,30.0,21.83836843685326,-411.54555102132105,30000.0,-389.7071825844678,United States
US,CSL,4,0.5,710.951323207536,-295.83802515594783,40.0,76.33504105307284,-412.1730662090207,40000.0,-335.83802515594783,United States
US,CI,2,0.0,0.0,-392.74019161522176,20.0,0.0,-412.74019161522176,20000.0,-412.74019161522176,United States
US,MH,1,0.0,0.0,-402.8926013915002,10.0,0.0,-412.8926013915002,10000.0,-412.8926013915002,United States
US,KWY,3,0.0,0.0,-383.6894870688401,30.0,0.0,-413.6894870688401,30000.0,-413.6894870688401,United States
US,RZLT,3,0.3333333333333333,159.36235982583423,-367.47740268552434,30.0,16.501280895100454,-413.97868358062476,30000.0,-397.47740268552434,United States
US,ALL-PJ,4,0.0,0.0,-374.16906371919634,40.0,0.0,-414.16906371919634,40000.0,-414.16906371919634,United States
US,PFLT,3,0.6666666666666666,405.8493069591118,-340.98620850982365,30.0,43.7327061055312,-414.71891461535483,30000.0,-370.98620850982365,United States
US,AGNCP,3,0.0,0.0,-385.08342322736144,30.0,0.0,-415.08342322736144,30000.0,-415.08342322736144,United States
US,FRT-PC,3,0.0,0.0,-386.8254202199273,30.0,0.0,-416.8254202199273,30000.0,-416.8254202199273,United States
US,BHFAN,3,0.3333333333333333,112.68762196841698,-375.5493690198985,30.0,11.344741048056568,-416.89411006795507,30000.0,-405.5493690198985,United States
US,MFG,2,0.5,360.12546005726784,-358.32073448962666,20.0,38.681221772796015,-417.00195626242265,20000.0,-378.32073448962666,United States
US,NBXG,2,0.5,215.51733533737183,-374.76030998564,20.0,22.70518009469717,-417.4654900803372,20000.0,-394.76030998564,United States
US,INGN,2,0.0,0.0,-398.92830698628813,20.0,0.0,-418.92830698628813,20000.0,-418.92830698628813,United States
US,GLU-PB,4,0.0,0.0,-378.99699551852797,40.0,0.0,-418.99699551852797,40000.0,-418.99699551852797,United States
US,PBR-A,1,0.0,0.0,-410.0366730147209,10.0,0.0,-420.0366730147209,10000.0,-420.0366730147209,United States
US,MTRX,1,0.0,0.0,-411.0613425216336,10.0,0.0,-421.0613425216336,10000.0,-421.0613425216336,United States
US,DLR-PL,3,0.3333333333333333,43.06016359648224,-388.01803713705783,30.0,3.6524265322244216,-421.67046366928224,30000.0,-418.01803713705783,United States
US,TBPH,3,0.3333333333333333,5.892482166369728,-392.0863741193115,30.0,0.0,-422.0863741193115,30000.0,-422.0863741193115,United States
US,CNQ,2,0.5,22.85455071181275,-401.0184399602901,20.0,1.4201473003190141,-422.4385872606091,20000.0,-421.0184399602901,United States
US,EDRY,1,0.0,0.0,-415.58467980587153,10.0,0.0,-425.58467980587153,10000.0,-425.58467980587153,United States
US,SAIH,1,0.0,0.0,-416.00036621093795,10.0,0.0,-426.00036621093795,10000.0,-426.00036621093795,United States
US,IAE,1,0.0,0.0,-416.2587683185248,10.0,0.0,-426.2587683185248,10000.0,-426.2587683185248,United States
US,FITBI,2,0.0,0.0,-409.2688092678443,20.0,0.0,-429.2688092678443,20000.0,-429.2688092678443,United States
US,SPG-PJ,2,0.0,0.0,-411.5704190914271,20.0,0.0,-431.5704190914271,20000.0,-431.5704190914271,United States
US,SAAQU,1,0.0,0.0,-422.01873359330233,10.0,0.0,-432.01873359330233,10000.0,-432.01873359330233,United States
US,ADAMH,4,0.0,0.0,-393.42399722946175,40.0,0.0,-433.42399722946175,40000.0,-433.42399722946175,United States
US,AGNCM,3,0.3333333333333333,4.391546496849141,-404.2647092061136,30.0,0.0,-434.2647092061136,30000.0,-434.2647092061136,United States
US,SEB,1,0.0,0.0,-424.96354438216866,10.0,0.0,-434.96354438216866,10000.0,-434.96354438216866,United States
US,SBAC,2,0.0,0.0,-415.3916947472347,20.0,0.0,-435.3916947472347,20000.0,-435.3916947472347,United States
US,TRGP,3,0.3333333333333333,404.647474242561,-364.48951268174153,30.0,43.59993263772771,-438.08944531946923,30000.0,-394.48951268174153,United States
US,LECO,1,0.0,0.0,-431.27619258211405,10.0,0.0,-441.27619258211405,10000.0,-441.27619258211405,United States
US,NDSN,3,0.3333333333333333,210.86792586203495,-389.1637822393401,30.0,22.191521822035053,-441.35530406137514,30000.0,-419.1637822393401,United States
US,GPJA,2,0.0,0.0,-422.00829962531384,20.0,0.0,-442.00829962531384,20000.0,-442.00829962531384,United States
US,HSHP,1,0.0,0.0,-432.9002677620231,10.0,0.0,-442.9002677620231,10000.0,-442.9002677620231,United States
US,PPL,2,0.0,0.0,-423.36840053061485,20.0,0.0,-443.36840053061485,20000.0,-443.36840053061485,United States
US,ADAMN,4,0.25,261.1628518751319,-377.1575948097594,40.0,27.748013448895783,-444.9056082586552,40000.0,-417.1575948097594,United States
US,DSX-PB,3,0.0,0.0,-414.94829314489,30.0,0.0,-444.94829314489,30000.0,-444.94829314489,United States
US,AGM-PD,4,0.25,81.18462767505275,-398.4207326277001,40.0,7.864347738271459,-446.28508036597157,40000.0,-438.4207326277001,United States
US,ANTA,1,0.0,0.0,-436.36322021484375,10.0,0.0,-446.36322021484375,10000.0,-446.36322021484375,United States
IN,TRABI,1,0.0,0.0,-411.3927560440056,35.0,0.0,-446.3927560440056,10000.0,-446.3927560440056,India
US,BYFC,1,0.0,0.0,-437.8112868883133,10.0,0.0,-447.8112868883133,10000.0,-447.8112868883133,United States
US,WFG,2,0.0,0.0,-428.2367568526258,20.0,0.0,-448.2367568526258,20000.0,-448.2367568526258,United States
US,KMI,2,0.0,0.0,-428.4324288921726,20.0,0.0,-448.4324288921726,20000.0,-448.4324288921726,United States
EU,ASML.AS,1,0.0,0.0,-423.8654516586393,25.0,0.0,-448.8654516586393,10000.0,-448.8654516586393,Europe
US,RGCO,5,0.2,1125.1058763905487,-276.20896837134745,50.0,123.19486191537104,-449.40383028671846,50000.0,-326.20896837134745,United States
US,BWMN,2,0.0,0.0,-430.59979592417585,20.0,0.0,-450.59979592417585,20000.0,-450.59979592417585,United States
US,ROC,1,0.0,0.0,-441.45869659599543,10.0,0.0,-451.45869659599543,10000.0,-451.45869659599543,United States
US,EDF,5,0.6,307.67754433128846,-371.55268747700694,50.0,30.677308276430807,-452.2299957534377,50000.0,-421.55268747700694,United States
US,PPLC,2,0.0,0.0,-433.19600628473734,20.0,0.0,-453.19600628473734,20000.0,-453.19600628473734,United States
US,JBI,3,0.3333333333333333,465.54913511933415,-373.1235076091477,30.0,50.32823697275312,-453.4517445819008,30000.0,-403.1235076091477,United States
US,DOX,3,0.3333333333333333,278.7243476104284,-394.24079407003427,30.0,29.688175444221425,-453.9289695142557,30000.0,-424.24079407003427,United States
US,VNCE,3,0.3333333333333333,971.830932187363,-319.8241046394113,30.0,106.26132583956951,-456.0854304789808,30000.0,-349.8241046394113,United States
US,SOGP,2,0.0,0.0,-436.4764177623348,20.0,0.0,-456.4764177623348,20000.0,-456.4764177623348,United States
US,DJP,4,0.5,96.84655122826457,-407.87054095612007,40.0,8.878166323953346,-456.7487072800734,40000.0,-447.87054095612007,United States
US,RVI,2,0.5,288.7869979928714,-407.23572927985674,20.0,30.79987869197074,-458.0356079718275,20000.0,-427.23572927985674,United States
US,USB-PA,5,0.0,0.0,-409.36173378721907,50.0,0.0,-459.36173378721907,50000.0,-459.36173378721907,United States
US,GFI,2,0.5,1041.4055090776199,-326.4702176518574,20.0,113.94779810582595,-460.4180157576834,20000.0,-346.4702176518574,United States
US,SMPL,1,0.0,0.0,-450.9496085251441,10.0,0.0,-460.9496085251441,10000.0,-460.9496085251441,United States
US,GRAF,1,0.0,0.0,-451.3274673867018,10.0,0.0,-461.3274673867018,10000.0,-461.3274673867018,United States
US,LSCC,1,0.0,0.0,-451.4702849793861,10.0,0.0,-461.4702849793861,10000.0,-461.4702849793861,United States
US,VIRT,5,0.4,828.5659436553616,-322.3162138306068,50.0,89.32888964814913,-461.6451034787559,50000.0,-372.3162138306068,United States
US,BCARU,2,0.5,256.4102564102577,-417.3774334256286,20.0,27.22295537644623,-464.60038880207486,20000.0,-437.3774334256286,United States
US,KIM-PM,3,0.3333333333333333,55.809079058457556,-429.85248796799544,30.0,5.060903442948466,-464.9133914109439,30000.0,-459.85248796799544,United States
US,RIG,2,0.5,69.4440660022555,-439.0305821088036,20.0,6.567271913713088,-465.5978540225168,20000.0,-459.0305821088036,United States
US,MLEC,2,0.0,0.0,-446.27433009718834,20.0,0.0,-466.27433009718834,20000.0,-466.27433009718834,United States
US,GPI,3,0.3333333333333333,206.51857798120955,-415.67108496782464,30.0,21.711013806657565,-467.3820987744822,30000.0,-445.67108496782464,United States
US,NVDA,3,0.0,0.0,-437.7074050123331,30.0,0.0,-467.7074050123331,30000.0,-467.7074050123331,United States
US,ASBA,4,0.25,49.569904682138514,-424.9336650430824,40.0,4.3716108456889895,-469.3052758887714,40000.0,-464.9336650430824,United States
US,TRP,1,0.0,0.0,-461.60465191021683,10.0,0.0,-471.60465191021683,10000.0,-471.60465191021683,United States
US,AEF,1,0.0,0.0,-461.8473895582342,10.0,0.0,-471.8473895582342,10000.0,-471.8473895582342,United States
US,CEE,1,0.0,0.0,-463.6070028631345,10.0,0.0,-473.6070028631345,10000.0,-473.6070028631345,United States
US,AXR,2,0.5,75.0691426313721,-447.26207783518987,20.0,7.188720112722215,-474.45079794791206,20000.0,-467.26207783518987,United States
US,CHA,1,0.0,0.0,-467.4456792204129,10.0,0.0,-477.4456792204129,10000.0,-477.4456792204129,United States
US,TT,4,0.25,215.8786223440079,-414.85901422032896,40.0,22.745094423763767,-477.6041086440928,40000.0,-454.85901422032896,United States
US,ENJ,4,0.25,145.000457763671,-422.95202989443226,40.0,14.9146041688354,-477.8666340632676,40000.0,-462.95202989443226,United States
US,SKM,1,0.0,0.0,-469.35750051820713,10.0,0.0,-479.35750051820713,10000.0,-479.35750051820713,United States
US,HFRO-PB,2,0.0,0.0,-463.53928360672865,20.0,0.0,-483.53928360672865,20000.0,-483.53928360672865,United States
US,EURK,1,0.0,0.0,-474.99974568684934,10.0,0.0,-484.99974568684934,10000.0,-484.99974568684934,United States
US,PONY,3,0.3333333333333333,101.01010101010166,-446.2151801409997,30.0,10.054629846571288,-486.2698099875709,30000.0,-476.2151801409997,United States
US,CYD,1,0.0,0.0,-476.2938417730866,10.0,0.0,-486.2938417730866,10000.0,-486.2938417730866,United States
US,TAP-A,5,0.4,762.2165068973575,-354.3324403797099,50.0,81.99872497712899,-486.33116535683894,50000.0,-404.3324403797099,United States
US,KEP,2,0.5,8.3267758232064,-468.5962130683952,20.0,0.0,-488.5962130683952,20000.0,-488.5962130683952,United States
US,PSIX,1,0.0,0.0,-478.66845106110947,10.0,0.0,-488.66845106110947,10000.0,-488.66845106110947,United States
US,ASML,5,0.4,371.5192480765639,-400.646461743025,50.0,39.01242551659768,-489.65888725962265,50000.0,-450.646461743025,United States
US,IMTX,3,0.0,0.0,-460.1433975097724,30.0,0.0,-490.1433975097724,30000.0,-490.1433975097724,United States
US,ETN,2,0.0,0.0,-473.93518627604544,20.0,0.0,-493.93518627604544,20000.0,-493.93518627604544,United States
US,WEAT,2,0.5,19.67769615978554,-472.91190020360534,20.0,1.0691742078544404,-493.98107441145976,20000.0,-492.91190020360534,United States
US,ENB,1,0.0,0.0,-484.07168166877955,10.0,0.0,-494.07168166877955,10000.0,-494.07168166877955,United States
US,CLH,2,0.0,0.0,-476.7772421196204,20.0,0.0,-496.7772421196204,20000.0,-496.7772421196204,United States
US,RRC,2,0.0,0.0,-476.78204423871824,20.0,0.0,-496.78204423871824,20000.0,-496.78204423871824,United States
US,AGM-PH,4,0.0,0.0,-457.16070785297376,40.0,0.0,-497.1607078529738,40000.0,-497.16070785297376,United States
US,ECO,5,0.4,1692.108039255522,-262.76435077221106,50.0,184.73144421984844,-497.4957949920594,50000.0,-312.76435077221106,United States
US,JXN-PA,4,0.0,0.0,-460.10585551047313,40.0,0.0,-500.10585551047313,40000.0,-500.10585551047313,United States
US,SLVM,1,0.0,0.0,-490.38428526658294,10.0,0.0,-500.38428526658294,10000.0,-500.38428526658294,United States
US,ALISU,1,0.0,0.0,-492.95757857846456,10.0,0.0,-502.95757857846456,10000.0,-502.95757857846456,United States
US,CVX,2,0.0,0.0,-484.4098723931367,20.0,0.0,-504.4098723931367,20000.0,-504.4098723931367,United States
US,VAL,2,0.5,28.469360480873895,-484.51450162492085,20.0,2.040461235368444,-506.55496286028927,20000.0,-504.51450162492085,United States
US,BUD,4,0.25,383.9480230233616,-425.4579038362361,40.0,41.3130950479847,-506.7709988842208,40000.0,-465.4579038362361,United States
US,OPP-PC,4,0.0,0.0,-466.9266637661096,40.0,0.0,-506.9266637661096,40000.0,-506.9266637661096,United States
US,TSSI,2,0.5,17.167447462613783,-486.99883773432595,20.0,0.791846513535121,-507.79068424786107,20000.0,-506.99883773432595,United States
US,IDCC,5,0.6,651.1153855147089,-389.80640795886256,50.0,68.61969412238815,-508.42610208125075,50000.0,-439.80640795886256,United States
US,PLRZ,1,0.0,0.0,-499.25484351713845,10.0,0.0,-509.25484351713845,10000.0,-509.25484351713845,United States
US,SILC,3,0.6666666666666666,1246.6464676658638,-345.8840202014834,30.0,135.51766285387907,-511.40168305536247,30000.0,-375.8840202014834,United States
US,ASPN,2,0.5,50.847166675631605,-487.12748668910507,20.0,4.512720419452031,-511.6402071085571,20000.0,-507.12748668910507,United States
IN,TOTEM,1,0.0,0.0,-481.4076830127534,35.0,0.0,-516.4076830127534,10000.0,-516.4076830127534,India
US,MPAA,2,0.0,0.0,-498.63729929113254,20.0,0.0,-518.6372992911325,20000.0,-518.6372992911325,United States
US,RILYT,3,0.3333333333333333,219.67015145007096,-466.61334522690277,30.0,23.16397563904485,-519.7773208659477,30000.0,-496.61334522690277,United States
US,LNTH,2,0.5,75.24955492078212,-492.5882861191034,20.0,7.208651733164971,-519.7969378522683,20000.0,-512.5882861191034,United States
US,BIPH,2,0.0,0.0,-501.56477519021973,20.0,0.0,-521.5647751902197,20000.0,-521.5647751902197,United States
US,HAE,2,0.0,0.0,-502.8013189764913,20.0,0.0,-522.8013189764913,20000.0,-522.8013189764913,United States
US,PCYO,2,0.0,0.0,-504.6562393236154,20.0,0.0,-524.6562393236154,20000.0,-524.6562393236154,United States
US,RL,2,0.0,0.0,-504.83339029280705,20.0,0.0,-524.833390292807,20000.0,-524.833390292807,United States
US,QUBT,2,0.5,308.03067718270904,-472.63839689354995,20.0,32.92588524500718,-525.5642821385571,20000.0,-492.63839689354995,United States
EU,MC.PA,1,0.0,0.0,-502.4154589371976,25.0,0.0,-527.4154589371976,10000.0,-527.4154589371976,Europe
US,AXGN,4,0.25,332.659298876854,-453.0892729446623,40.0,35.64681041724028,-528.7360833619025,40000.0,-493.0892729446623,United States
US,DLB,1,0.0,0.0,-519.6279767747392,10.0,0.0,-529.6279767747392,10000.0,-529.6279767747392,United States
US,HAL,2,0.0,0.0,-510.39224262000914,20.0,0.0,-530.3922426200091,20000.0,-530.3922426200091,United States
US,MUFG,1,0.0,0.0,-521.8218490339988,10.0,0.0,-531.8218490339988,10000.0,-531.8218490339988,United States
US,ERII,3,0.6666666666666666,159.1712513370247,-488.38668962189354,30.0,15.375385830223461,-533.7620754521171,30000.0,-518.3866896218935,United States
US,REAL,5,0.2,1585.3654659860506,-313.46156289685734,50.0,174.0435013010578,-537.5050641979152,50000.0,-363.46156289685734,United States
US,RZC,4,0.0,0.0,-501.02999060621767,40.0,0.0,-541.0299906062177,40000.0,-541.0299906062177,United States
US,UNL,1,0.0,0.0,-534.5912249583118,10.0,0.0,-544.5912249583118,10000.0,-544.5912249583118,United States
US,REZI,1,0.0,0.0,-535.8819295081629,10.0,0.0,-545.8819295081629,10000.0,-545.8819295081629,United States
US,CHPT,3,0.6666666666666666,2407.12569928192,-252.32086554050102,30.0,263.72529023842407,-546.0461557789249,30000.0,-282.320865540501,United States
US,MGYR,3,0.0,0.0,-516.9085927042372,30.0,0.0,-546.9085927042372,30000.0,-546.9085927042372,United States
US,LE,1,0.0,0.0,-537.2893418325075,10.0,0.0,-547.2893418325075,10000.0,-547.2893418325075,United States
US,TBCH,4,0.5,1005.4104660992191,-398.8178122315569,40.0,108.86634970842636,-547.6841619399833,40000.0,-438.8178122315569,United States
US,LAR,2,0.0,0.0,-528.2387367002517,20.0,0.0,-548.2387367002517,20000.0,-548.2387367002517,United States
US,VTVT,4,0.25,351.02752790059145,-470.56545244634424,40.0,37.67609883381097,-548.2415512801551,40000.0,-510.56545244634424,United States
US,BPYPM,3,0.3333333333333333,18.86811646275577,-518.0825726115556,30.0,0.9797333205838044,-549.0623059321395,30000.0,-548.0825726115556,United States
US,LTBR,2,0.5,11.223430184001959,-529.0192118159376,20.0,0.1351623337051009,-549.1543741496428,20000.0,-549.0192118159376,United States
US,PEB-PE,2,0.0,0.0,-530.2241291140297,20.0,0.0,-550.2241291140297,20000.0,-550.2241291140297,United States
US,BSX,1,0.0,0.0,-540.5980640481733,10.0,0.0,-550.5980640481733,10000.0,-550.5980640481733,United States
US,OLN,1,0.0,0.0,-540.6634735010374,10.0,0.0,-550.6634735010374,10000.0,-550.6634735010374,United States
US,CGO,3,0.0,0.0,-520.8879647029207,30.0,0.0,-550.8879647029207,30000.0,-550.8879647029207,United States
US,LMB,1,0.0,0.0,-546.8848262326031,10.0,0.0,-556.8848262326031,10000.0,-556.8848262326031,United States
US,NWN,2,0.0,0.0,-540.4899974741173,20.0,0.0,-560.4899974741173,20000.0,-560.4899974741173,United States
US,ZTS,1,0.0,0.0,-551.5966017064655,10.0,0.0,-561.5966017064655,10000.0,-561.5966017064655,United States
US,SCOR,3,0.3333333333333333,1050.228658876462,-418.91470796183376,30.0,114.92256359145443,-563.8372715532882,30000.0,-448.91470796183376,United States
US,MS-PF,4,0.0,0.0,-524.309080983707,40.0,0.0,-564.309080983707,40000.0,-564.309080983707,United States
US,EH,2,0.5,338.461215679462,-509.39917201082034,20.0,36.28779559584536,-565.6869676066657,20000.0,-529.3991720108204,United States
US,QS,1,0.0,0.0,-559.7013027513786,10.0,0.0,-569.7013027513786,10000.0,-569.7013027513786,United States
US,AGNCZ,3,0.0,0.0,-539.8619972435926,30.0,0.0,-569.8619972435926,30000.0,-569.8619972435926,United States
US,GPOR,1,0.0,0.0,-560.0686310430514,10.0,0.0,-570.0686310430514,10000.0,-570.0686310430514,United States
US,TFII,3,0.0,0.0,-541.8871404700176,30.0,0.0,-571.8871404700176,30000.0,-571.8871404700176,United States
US,DSGR,1,0.0,0.0,-562.7403005941977,10.0,0.0,-572.7403005941977,10000.0,-572.7403005941977,United States
US,GFS,1,0.0,0.0,-562.7403005941977,10.0,0.0,-572.7403005941977,10000.0,-572.7403005941977,United States
US,BRSL,2,0.5,295.74893098221145,-522.9647105230817,20.0,31.56902034160673,-574.5337308646884,20000.0,-542.9647105230817,United States
US,EMF,1,0.0,0.0,-565.8818039703062,10.0,0.0,-575.8818039703062,10000.0,-575.8818039703062,United States
US,HTLD,1,0.0,0.0,-567.2008688441033,10.0,0.0,-577.2008688441033,10000.0,-577.2008688441033,United States
US,ENS,2,0.0,0.0,-557.7011768736495,20.0,0.0,-577.7011768736495,20000.0,-577.7011768736495,United States
US,ISSC,1,0.0,0.0,-567.8882510254668,10.0,0.0,-577.8882510254668,10000.0,-577.8882510254668,United States
US,KRO,1,0.0,0.0,-569.2305931678187,10.0,0.0,-579.2305931678187,10000.0,-579.2305931678187,United States
US,NPK,2,0.0,0.0,-560.7834096615738,20.0,0.0,-580.7834096615738,20000.0,-580.7834096615738,United States
US,CME,4,0.5,640.5282769340758,-472.6713872418886,40.0,68.55483143799935,-581.226218679888,40000.0,-512.6713872418886,United States
US,VIST,1,0.0,0.0,-572.0272259621917,10.0,0.0,-582.0272259621917,10000.0,-582.0272259621917,United States
US,AAOI,1,0.0,0.0,-572.4362452523058,10.0,0.0,-582.4362452523058,10000.0,-582.4362452523058,United States
US,SLG-PI,4,0.0,0.0,-545.6359448906412,40.0,0.0,-585.6359448906412,40000.0,-585.6359448906412,United States
US,BSAA,2,0.5,520.4885693976635,-509.81434530847923,20.0,56.39784539552938,-586.2121907040087,20000.0,-529.8143453084792,United States
US,ACDC,2,0.0,0.0,-566.3058417456701,20.0,0.0,-586.3058417456701,20000.0,-586.3058417456701,United States
US,MS-PE,4,0.0,0.0,-546.3237544920352,40.0,0.0,-586.3237544920352,40000.0,-586.3237544920352,United States
US,PSUS,4,0.5,134.51533676603898,-535.5772816431192,40.0,12.651445390772366,-588.2287270338916,40000.0,-575.5772816431192,United States
US,AGNCN,4,0.0,0.0,-548.4334235149047,40.0,0.0,-588.4334235149047,40000.0,-588.4334235149047,United States
US,AXSM,3,0.3333333333333333,172.7470905891426,-540.6503490501425,30.0,17.98000151981599,-588.6303505699584,30000.0,-570.6503490501425,United States
US,CLDT,5,0.4,455.57801284342946,-491.5918212781001,50.0,48.121863835308204,-589.7136851134082,50000.0,-541.5918212781,United States
US,PAAS,2,0.5,351.43067423731856,-532.2431688350671,20.0,37.72063770526374,-589.9638065403308,20000.0,-552.2431688350671,United States
US,KIM-PL,4,0.25,103.62694300518172,-539.7045431715397,40.0,10.343733773887804,-590.0482769454275,40000.0,-579.7045431715397,United States
IN,GKCONS,1,0.0,0.0,-556.0385148532076,35.0,0.0,-591.0385148532076,10000.0,-591.0385148532076,India
US,ISBA,1,0.0,0.0,-582.7934272194447,10.0,0.0,-592.7934272194447,10000.0,-592.7934272194447,United States
US,UI,2,0.0,0.0,-573.2822536587012,20.0,0.0,-593.2822536587012,20000.0,-593.2822536587012,United States
US,UE,3,0.0,0.0,-564.6107912123988,30.0,0.0,-594.6107912123988,30000.0,-594.6107912123988,United States
US,KT,1,0.0,0.0,-586.6668701171873,10.0,0.0,-596.6668701171873,10000.0,-596.6668701171873,United States
US,CCJ,1,0.0,0.0,-586.9859046147907,10.0,0.0,-596.9859046147907,10000.0,-596.9859046147907,United States
US,MT,1,0.0,0.0,-588.2352459902562,10.0,0.0,-598.2352459902562,10000.0,-598.2352459902562,United States
US,AOSL,1,0.0,0.0,-589.0926135568985,10.0,0.0,-599.0926135568985,10000.0,-599.0926135568985,United States
US,LXU,2,0.0,0.0,-580.971389936794,20.0,0.0,-600.971389936794,20000.0,-600.971389936794,United States
US,TAC,5,0.0,0.0,-552.1817509014893,50.0,0.0,-602.1817509014893,50000.0,-602.1817509014893,United States
US,BHFAM,3,0.3333333333333333,104.16673891471939,-561.9859462620469,30.0,10.403369440729797,-602.3893157027767,30000.0,-591.9859462620469,United States
US,LSTR,1,0.0,0.0,-592.8061232897142,10.0,0.0,-602.8061232897142,10000.0,-602.8061232897142,United States
US,PFE,4,0.5,118.8770803704431,-554.1298621413315,40.0,10.92375936737107,-605.0536215087026,40000.0,-594.1298621413315,United States
US,PPIH,1,0.0,0.0,-595.5250620226449,10.0,0.0,-605.5250620226449,10000.0,-605.5250620226449,United States
US,SPCB,1,0.0,0.0,-596.252161965054,10.0,0.0,-606.252161965054,10000.0,-606.252161965054,United States
US,EXTR,5,0.4,310.71346231750897,-524.645707411574,50.0,32.117492702192074,-606.7632001137661,50000.0,-574.645707411574,United States
US,EDSA,2,0.5,143.97905759162333,-573.001930533008,20.0,14.801761742102748,-607.8036922751107,20000.0,-593.001930533008,United States
US,VMC,4,0.25,32.36056413349564,-566.8703929687546,40.0,2.4703543126258265,-609.3407472813805,40000.0,-606.8703929687546,United States
US,AMBQ,1,0.0,0.0,-600.1322887093496,10.0,0.0,-610.1322887093496,10000.0,-610.1322887093496,United States
US,ALL-PI,5,0.0,0.0,-562.0900981096233,50.0,0.0,-612.0900981096233,50000.0,-612.0900981096233,United States
US,HZO,3,0.3333333333333333,563.6618509142521,-521.453961804399,30.0,61.167550736950055,-612.621512541349,30000.0,-551.453961804399,United States
US,REGCO,3,0.0,0.0,-582.7155208421875,30.0,0.0,-612.7155208421875,30000.0,-612.7155208421875,United States
US,BERZ,3,0.3333333333333333,479.2848241513181,-530.9942180915406,30.0,51.84573082641754,-612.839948917958,30000.0,-560.9942180915406,United States
US,MGR,3,0.0,0.0,-583.3379462939181,30.0,0.0,-613.3379462939181,30000.0,-613.3379462939181,United States
US,NSA-PB,1,0.0,0.0,-603.9608226102944,10.0,0.0,-613.9608226102944,10000.0,-613.9608226102944,United States
EU,ENI.MI,1,0.0,0.0,-589.2625639710247,25.0,0.0,-614.2625639710247,10000.0,-614.2625639710247,Europe
US,CE,1,0.0,0.0,-608.7677616996779,10.0,0.0,-618.7677616996779,10000.0,-618.7677616996779,United States
US,GRC,5,0.4,537.0656201462664,-511.9558188067453,50.0,57.12446595770167,-619.080284764447,50000.0,-561.9558188067454,United States
US,ALL-PH,5,0.0,0.0,-570.015930240897,50.0,0.0,-620.015930240897,50000.0,-620.015930240897,United States
US,MTN,4,0.25,938.0962947640081,-479.869808028428,40.0,102.5343846700121,-622.40419269844,40000.0,-519.869808028428,United States
US,RGLD,2,0.0,0.0,-605.5324033147458,20.0,0.0,-625.5324033147458,20000.0,-625.5324033147458,United States
US,BWEN,1,0.0,0.0,-616.3026039927432,10.0,0.0,-626.3026039927432,10000.0,-626.3026039927432,United States
US,MTUS,1,0.0,0.0,-618.3574510657264,10.0,0.0,-628.3574510657264,10000.0,-628.3574510657264,United States
US,WWD,4,0.25,152.23706543333603,-573.5145288144139,40.0,15.714091375813277,-629.2286201902272,40000.0,-613.5145288144139,United States
US,TNC,3,0.3333333333333333,91.39744442530295,-590.821648240919,30.0,8.99264109225017,-629.8142893331692,30000.0,-620.821648240919,United States
US,PWR,1,0.0,0.0,-619.9644021299533,10.0,0.0,-629.9644021299533,10000.0,-629.9644021299533,United States
US,ARCO,2,0.0,0.0,-611.4271781423985,20.0,0.0,-631.4271781423985,20000.0,-631.4271781423985,United States
US,KNX,1,0.0,0.0,-622.1953068739583,10.0,0.0,-632.1953068739583,10000.0,-632.1953068739583,United States
US,MSTR,4,0.5,2443.6743833725186,-326.6556318535263,40.0,267.7631221475376,-634.4187540010639,40000.0,-366.6556318535263,United States
US,MAA-PI,1,0.0,0.0,-624.4425982050761,10.0,0.0,-634.4425982050761,10000.0,-634.4425982050761,United States
US,TAVIU,1,0.0,0.0,-628.8213604922887,10.0,0.0,-638.8213604922887,10000.0,-638.8213604922887,United States
US,XYF,1,0.0,0.0,-629.9208092877251,10.0,0.0,-639.9208092877251,10000.0,-639.9208092877251,United States
US,NCLH,4,0.5,861.3927416139134,-508.17399507270045,40.0,92.95553437063752,-641.1295294433379,40000.0,-548.1739950727004,United States
US,BA,3,0.3333333333333333,86.29051871416493,-603.1785113214883,30.0,8.428437260922355,-641.6069485824106,30000.0,-633.1785113214883,United States
EU,DG.PA,1,0.0,0.0,-617.1384847389083,25.0,0.0,-642.1384847389083,10000.0,-642.1384847389083,Europe
US,TTE,2,0.0,0.0,-622.7341293544886,20.0,0.0,-642.7341293544886,20000.0,-642.7341293544886,United States
US,MOB,2,0.5,137.25505155675722,-609.0864963108368,20.0,14.058905828129133,-643.1454021389659,20000.0,-629.0864963108368,United States
US,BPRE,1,0.0,0.0,-633.5491512729762,10.0,0.0,-643.5491512729762,10000.0,-643.5491512729762,United States
US,STZ,2,0.0,0.0,-624.712260901924,20.0,0.0,-644.712260901924,20000.0,-644.712260901924,United States
US,CMCL,3,0.3333333333333333,176.10998771943943,-596.636771271718,30.0,18.351528256760037,-644.988299528478,30000.0,-626.636771271718,United States
US,AKO-A,2,0.5,79.40025649304073,-617.5695395597025,20.0,7.667213666944272,-645.2367532266468,20000.0,-637.5695395597025,United States
US,ALSN,1,0.0,0.0,-636.0425253677238,10.0,0.0,-646.0425253677238,10000.0,-646.0425253677238,United States
US,DRH,5,0.2,371.62139609053344,-556.7126813971879,50.0,39.95127180319337,-646.6639532003812,50000.0,-606.7126813971879,United States
US,DBC,3,0.3333333333333333,17.0135498046875,-617.296734050895,30.0,0.7748441811837782,-648.0715782320788,30000.0,-647.296734050895,United States
US,ENO,4,0.0,0.0,-608.5404472152145,40.0,0.0,-648.5404472152145,40000.0,-648.5404472152145,United States
US,BEAGU,3,0.3333333333333333,18.34869384765625,-619.9490432198163,30.0,0.9223484581256907,-650.871391677942,30000.0,-649.9490432198163,United States
US,ARE,1,0.0,0.0,-641.7716397288864,10.0,0.0,-651.7716397288864,10000.0,-651.7716397288864,United States
US,IX,2,0.0,0.0,-632.4746916732615,20.0,0.0,-652.4746916732615,20000.0,-652.4746916732615,United States
US,IPWR,2,0.0,0.0,-635.6427043872992,20.0,0.0,-655.6427043872992,20000.0,-655.6427043872992,United States
US,COP,2,0.0,0.0,-636.2760134142386,20.0,0.0,-656.2760134142386,20000.0,-656.2760134142386,United States
US,MPWR,1,0.0,0.0,-646.387168702941,10.0,0.0,-656.387168702941,10000.0,-656.387168702941,United States
US,HPE-PC,1,0.0,0.0,-649.3507771997408,10.0,0.0,-659.3507771997408,10000.0,-659.3507771997408,United States
US,PR,1,0.0,0.0,-651.7203831200302,10.0,0.0,-661.7203831200302,10000.0,-661.7203831200302,United States
US,BSM,2,0.0,0.0,-642.1571162689821,20.0,0.0,-662.1571162689821,20000.0,-662.1571162689821,United States
US,AMX,2,0.0,0.0,-642.3733186659186,20.0,0.0,-662.3733186659186,20000.0,-662.3733186659186,United States
US,GTES,4,0.5,62.34366956967774,-618.737033587291,40.0,4.678051327746337,-663.4150849150374,40000.0,-658.737033587291,United States
US,WAFDP,4,0.0,0.0,-623.8769123549093,40.0,0.0,-663.8769123549093,40000.0,-663.8769123549093,United States
US,GSL-PB,3,0.0,0.0,-633.9105157577718,30.0,0.0,-663.9105157577718,30000.0,-663.9105157577718,United States
US,ATHM,1,0.0,0.0,-654.4500620577354,10.0,0.0,-664.4500620577354,10000.0,-664.4500620577354,United States
US,BG,2,0.0,0.0,-644.4656059572962,20.0,0.0,-664.4656059572962,20000.0,-664.4656059572962,United States
US,DEO,3,0.0,0.0,-640.6563541856536,30.0,0.0,-670.6563541856536,30000.0,-670.6563541856536,United States
US,AGM-PE,3,0.0,0.0,-640.7928056124423,30.0,0.0,-670.7928056124423,30000.0,-670.7928056124423,United States
US,BIRK,3,0.3333333333333333,396.6939266344438,-600.0285019334951,30.0,42.72123921491936,-672.7497411484144,30000.0,-630.0285019334951,United States
US,NVEC,3,0.6666666666666666,1925.6554621017276,-441.4941623270016,30.0,210.53333722157822,-682.0274995485798,30000.0,-471.4941623270016,United States
US,WMT,2,0.0,0.0,-663.2557962523599,20.0,0.0,-683.2557962523599,20000.0,-683.2557962523599,United States
US,BP,2,0.0,0.0,-664.1579082759896,20.0,0.0,-684.1579082759896,20000.0,-684.1579082759896,United States
US,GNTX,3,0.0,0.0,-655.7088732539785,30.0,0.0,-685.7088732539785,30000.0,-685.7088732539785,United States
US,TBBB,4,0.0,0.0,-647.6368187597492,40.0,0.0,-687.6368187597492,40000.0,-687.6368187597492,United States
US,BELFA,4,0.5,1403.60325159949,-496.97996147522343,40.0,152.85796186294965,-689.8379233381733,40000.0,-536.9799614752235,United States
US,NEM,2,0.5,249.4254816039887,-644.6874255903012,20.0,26.451290204567158,-691.1387157948684,20000.0,-664.6874255903012,United States
US,CRH,2,0.0,0.0,-674.6048024375251,20.0,0.0,-694.6048024375251,20000.0,-694.6048024375251,United States
US,ERIC,3,0.0,0.0,-664.9562012734933,30.0,0.0,-694.9562012734933,30000.0,-694.9562012734933,United States
US,MMM,3,0.3333333333333333,244.4433077361108,-639.2785896085373,30.0,25.900868729183756,-695.1794583377211,30000.0,-669.2785896085373,United States
US,TWN,1,0.0,0.0,-685.3120927357614,10.0,0.0,-695.3120927357614,10000.0,-695.3120927357614,United States
US,OSIS,2,0.0,0.0,-675.8780610356408,20.0,0.0,-695.8780610356408,20000.0,-695.8780610356408,United States
US,AMPH,4,0.25,1010.1005233772776,-547.7634498441696,40.0,110.4892804239896,-698.2527302681592,40000.0,-587.7634498441696,United States
US,LGN,1,0.0,0.0,-689.3093225307256,10.0,0.0,-699.3093225307256,10000.0,-699.3093225307256,United States
US,AXIA,2,0.0,0.0,-688.0527280599314,20.0,0.0,-708.0527280599314,20000.0,-708.0527280599314,United States
US,HWM,4,0.25,249.05526989441594,-642.189876093725,40.0,26.410389890609622,-708.6002659843347,40000.0,-682.189876093725,United States
US,PLAB,1,0.0,0.0,-698.780646254682,10.0,0.0,-708.780646254682,10000.0,-708.780646254682,United States
US,DBRG-PH,2,0.0,0.0,-690.8757536495568,20.0,0.0,-710.8757536495568,20000.0,-710.8757536495568,United States
US,SWMR,3,0.6666666666666666,2705.3498534810183,-384.5055433241596,30.0,296.6725504710647,-711.1780937952242,30000.0,-414.5055433241596,United States
US,ATI,1,0.0,0.0,-701.2534081786492,10.0,0.0,-711.2534081786492,10000.0,-711.2534081786492,United States
US,FDX,2,0.0,0.0,-691.3962788769801,20.0,0.0,-711.3962788769801,20000.0,-711.3962788769801,United States
US,FSM,2,0.5,300.11995642983845,-661.0032773076535,20.0,32.051923254998236,-713.0552005626519,20000.0,-681.0032773076535,United States
US,OSS,3,0.3333333333333333,540.540854322924,-629.5261805684914,30.0,58.613185234335816,-718.1393658028272,30000.0,-659.5261805684914,United States
US,BPYPO,4,0.0,0.0,-678.8931805749432,40.0,0.0,-718.8931805749432,40000.0,-718.8931805749432,United States
US,KMDA,1,0.0,0.0,-712.3657964891006,10.0,0.0,-722.3657964891006,10000.0,-722.3657964891006,United States
US,PBR,2,0.0,0.0,-702.746104245161,20.0,0.0,-722.746104245161,20000.0,-722.746104245161,United States
US,CKX,4,0.25,280.37383177570206,-653.8740184813208,40.0,29.870407444137197,-723.744425925458,40000.0,-693.8740184813208,United States
US,NC,1,0.0,0.0,-715.5088647902286,10.0,0.0,-725.5088647902286,10000.0,-725.5088647902286,United States
US,ACEL,1,0.0,0.0,-715.8838111371091,10.0,0.0,-725.8838111371091,10000.0,-725.8838111371091,United States
US,RAAQU,1,0.0,0.0,-720.9136331192001,10.0,0.0,-730.9136331192001,10000.0,-730.9136331192001,United States
US,TS,2,0.0,0.0,-712.1071674299451,20.0,0.0,-732.1071674299451,20000.0,-732.1071674299451,United States
US,NGL-PC,3,0.0,0.0,-702.5293417497525,30.0,0.0,-732.5293417497525,30000.0,-732.5293417497525,United States
US,AGM-PF,4,0.0,0.0,-692.6665911808404,40.0,0.0,-732.6665911808404,40000.0,-732.6665911808404,United States
US,AGM-PG,4,0.0,0.0,-697.6673640988718,40.0,0.0,-737.6673640988718,40000.0,-737.6673640988718,United States
US,ANG-PD,3,0.0,0.0,-707.7650473297692,30.0,0.0,-737.7650473297692,30000.0,-737.7650473297692,United States
US,SLB,2,0.0,0.0,-718.1665887517597,20.0,0.0,-738.1665887517597,20000.0,-738.1665887517597,United States
US,KVHI,4,0.0,0.0,-700.2264724304963,40.0,0.0,-740.2264724304963,40000.0,-740.2264724304963,United States
US,MDLZ,1,0.0,0.0,-732.3230396617541,10.0,0.0,-742.3230396617541,10000.0,-742.3230396617541,United States
US,GATX,5,0.4,583.9964072831938,-630.569549783615,50.0,62.309293661800794,-742.8788434454158,50000.0,-680.569549783615,United States
US,BWA,1,0.0,0.0,-733.2455452839148,10.0,0.0,-743.2455452839148,10000.0,-743.2455452839148,United States
US,CURB,4,0.25,374.95807536597425,-663.117488468773,40.0,40.31990203938616,-743.4373905081591,40000.0,-703.117488468773,United States
US,DHI,5,0.4,469.6062123654809,-645.2961750727393,50.0,49.671673714020685,-744.96784878676,50000.0,-695.2961750727393,United States
US,MWA,4,0.25,124.90262843778854,-693.6163669429751,40.0,12.694232667776587,-746.3105996107518,40000.0,-733.6163669429751,United States
US,BDC,3,0.0,0.0,-720.959740982815,30.0,0.0,-750.959740982815,30000.0,-750.959740982815,United States
US,WF,1,0.0,0.0,-743.405031833907,10.0,0.0,-753.405031833907,10000.0,-753.405031833907,United States
US,CHSCP,5,0.2,67.41541601745338,-698.4088847036152,50.0,6.34315036611505,-754.7520350697303,50000.0,-748.4088847036152,United States
US,OCUL,4,0.25,498.4089273915937,-663.4822079099034,40.0,53.958526846798215,-757.4407347567017,40000.0,-703.4822079099034,United States
US,BBGI,1,0.0,0.0,-751.9114453000542,10.0,0.0,-761.9114453000542,10000.0,-761.9114453000542,United States
US,AMH-PH,4,0.0,0.0,-722.2683027637111,40.0,0.0,-762.2683027637111,40000.0,-762.2683027637111,United States
US,TPC,4,0.25,498.781542943707,-671.8345682830195,40.0,53.9996927328921,-765.8342610159116,40000.0,-711.8345682830195,United States
US,ZWS,3,0.0,0.0,-739.0010642893708,30.0,0.0,-769.0010642893708,30000.0,-769.0010642893708,United States
US,IHG,4,0.25,151.4443112122299,-713.7700226171139,40.0,15.626509336412571,-769.3965319535265,40000.0,-753.7700226171139,United States
US,VOD,3,0.3333333333333333,235.9108031186641,-718.7585572592004,30.0,24.958213192705838,-773.7167704519062,30000.0,-748.7585572592004,United States
US,FTW,4,0.0,0.0,-734.754928490069,40.0,0.0,-774.754928490069,40000.0,-774.754928490069,United States
US,MCS,5,0.2,94.08632914225335,-716.1655399874621,50.0,9.289704167985445,-775.4552441554476,50000.0,-766.1655399874621,United States
US,ODTX,1,0.0,0.0,-765.6000994485779,10.0,0.0,-775.6000994485779,10000.0,-775.6000994485779,United States
US,HL-PB,2,0.0,0.0,-756.7713499543482,20.0,0.0,-776.7713499543482,20000.0,-776.7713499543482,United States
US,AXS-PE,3,0.0,0.0,-747.9353611244687,30.0,0.0,-777.9353611244687,30000.0,-777.9353611244687,United States
US,SRG-PA,2,0.0,0.0,-758.2012904771174,20.0,0.0,-778.2012904771174,20000.0,-778.2012904771174,United States
US,BANFP,4,0.0,0.0,-742.5198805535316,40.0,0.0,-782.5198805535316,40000.0,-782.5198805535316,United States
US,OPP-PB,3,0.0,0.0,-755.5550506413999,30.0,0.0,-785.5550506413999,30000.0,-785.5550506413999,United States
US,VMI,4,0.25,53.654944103864736,-741.8160200736479,40.0,4.822918544925032,-786.6389386185729,40000.0,-781.8160200736479,United States
US,MAKO,3,0.3333333333333333,508.1043400607266,-702.0237186577738,30.0,55.0296583422689,-787.0533770000427,30000.0,-732.0237186577738,United States
US,MEC,1,0.0,0.0,-777.5255391600455,10.0,0.0,-787.5255391600455,10000.0,-787.5255391600455,United States
US,KIM-PN,4,0.25,3.810007514544189,-751.6239706810857,40.0,0.0,-791.6239706810857,40000.0,-791.6239706810857,United States
US,EMR,2,0.0,0.0,-773.2754826749632,20.0,0.0,-793.2754826749632,20000.0,-793.2754826749632,United States
US,SHIP,2,0.0,0.0,-774.0672294133311,20.0,0.0,-794.0672294133311,20000.0,-794.0672294133311,United States
US,IPFX,3,0.0,0.0,-767.7730462090572,30.0,0.0,-797.7730462090572,30000.0,-797.7730462090572,United States
US,AMRN,5,0.2,313.086608237001,-715.4626472649572,50.0,33.484455279722866,-798.9471025446801,50000.0,-765.4626472649572,United States
US,MASS,4,0.25,171.82143693117658,-742.2457462885967,40.0,17.87773699320108,-800.1234832817978,40000.0,-782.2457462885967,United States
US,FVNNU,1,0.0,0.0,-790.1238021536616,10.0,0.0,-800.1238021536616,10000.0,-800.1238021536616,United States
US,PHXE-P,4,0.0,0.0,-760.8945539198963,40.0,0.0,-800.8945539198963,40000.0,-800.8945539198963,United States
US,SVCO,2,0.0,0.0,-781.4865786512304,20.0,0.0,-801.4865786512304,20000.0,-801.4865786512304,United States
US,RILYZ,3,0.0,0.0,-771.8319392323658,30.0,0.0,-801.8319392323658,30000.0,-801.8319392323658,United States
US,KGC,2,0.5,335.44339208160244,-748.1708986399926,20.0,35.954391952931495,-804.1252905929241,20000.0,-768.1708986399926,United States
US,GMED,2,0.0,0.0,-784.9450551687142,20.0,0.0,-804.9450551687142,20000.0,-804.9450551687142,United States
US,VTS,2,0.0,0.0,-786.1572124210403,20.0,0.0,-806.1572124210403,20000.0,-806.1572124210403,United States
US,PED,1,0.0,0.0,-797.5460122699385,10.0,0.0,-807.5460122699385,10000.0,-807.5460122699385,United States
US,PRDO,1,0.0,0.0,-798.64013637304,10.0,0.0,-808.64013637304,10000.0,-808.64013637304,United States
US,AEM,2,0.0,0.0,-790.3217434762233,20.0,0.0,-810.3217434762233,20000.0,-810.3217434762233,United States
US,HRI,4,0.25,745.912524710437,-691.0703756546244,40.0,81.30227253124247,-812.3726481858669,40000.0,-731.0703756546244,United States
US,PKX,2,0.0,0.0,-792.8422622294895,20.0,0.0,-812.8422622294895,20000.0,-812.8422622294895,United States
US,BNO,2,0.0,0.0,-796.1925561956829,20.0,0.0,-816.1925561956829,20000.0,-816.1925561956829,United States
US,LOMA,2,0.5,218.53110173365442,-774.320246488831,20.0,23.038135505386066,-817.3583819942171,20000.0,-794.320246488831,United States
US,WPM,2,0.5,165.79516465195178,-783.8662284152108,20.0,17.211965431036422,-821.0781938462472,20000.0,-803.8662284152108,United States
US,NEU,1,0.0,0.0,-811.6119137045031,10.0,0.0,-821.6119137045031,10000.0,-821.6119137045031,United States
US,ESE,5,0.4,270.99673346925533,-745.996785214944,50.0,27.729660990616395,-823.7264462055605,50000.0,-795.996785214944,United States
US,ANSCU,1,0.0,0.0,-815.3479047816437,10.0,0.0,-825.3479047816437,10000.0,-825.3479047816437,United States
US,MDA,2,0.5,1684.239902983231,-620.4380112234933,20.0,184.96696863337553,-825.4049798568687,20000.0,-640.4380112234933,United States
US,ORLY,1,0.0,0.0,-817.9796496189128,10.0,0.0,-827.9796496189128,10000.0,-827.9796496189128,United States
US,AMT,2,0.0,0.0,-810.9725112991883,20.0,0.0,-830.9725112991883,20000.0,-830.9725112991883,United States
US,LMT,2,0.0,0.0,-814.6040868733373,20.0,0.0,-834.6040868733373,20000.0,-834.6040868733373,United States
US,WAVE,3,0.3333333333333333,121.95134638682825,-793.6404880079562,30.0,12.368180413511517,-836.0086684214677,30000.0,-823.6404880079562,United States
US,PIII,2,0.5,1106.9763538449306,-699.8085601099026,20.0,121.19194535481228,-841.0005054647149,20000.0,-719.8085601099026,United States
US,CWEN,1,0.0,0.0,-831.5097216182521,10.0,0.0,-841.5097216182521,10000.0,-841.5097216182521,United States
US,YB,2,0.5,564.8532904674153,-761.8672482070021,20.0,61.29917880414987,-843.166427011152,20000.0,-781.8672482070021,United States
US,ITT,2,0.0,0.0,-825.994656685346,20.0,0.0,-845.994656685346,20000.0,-845.994656685346,United States
US,TRMD,3,0.6666666666666666,260.13334090470244,-793.9300844804109,30.0,26.529493208114413,-850.4595776885253,30000.0,-823.9300844804109,United States
US,VRM,1,0.0,0.0,-840.7642583178865,10.0,0.0,-850.7642583178865,10000.0,-850.7642583178865,United States
US,AIO,4,0.0,0.0,-815.4871130510055,40.0,0.0,-855.4871130510055,40000.0,-855.4871130510055,United States
US,GPRK,2,0.0,0.0,-835.9627647336542,20.0,0.0,-855.9627647336542,20000.0,-855.9627647336542,United States
US,AMR,2,0.0,0.0,-838.5965955527374,20.0,0.0,-858.5965955527374,20000.0,-858.5965955527374,United States
US,RDIB,1,0.0,0.0,-849.4621194818974,10.0,0.0,-859.4621194818974,10000.0,-859.4621194818974,United States
US,FORTY,2,0.5,46.94835680751241,-838.7911005991389,20.0,4.0819870213894704,-862.8730876205283,20000.0,-858.7911005991389,United States
US,VICR,4,0.5,1488.0913252915784,-660.8612475854926,40.0,162.1920500355306,-863.0532976210233,40000.0,-700.8612475854926,United States
US,CTEV,2,0.0,0.0,-845.8120064266218,20.0,0.0,-865.8120064266218,20000.0,-865.8120064266218,United States
US,IPFXU,2,0.0,0.0,-845.8500164777782,20.0,0.0,-865.8500164777782,20000.0,-865.8500164777782,United States
US,FHI,3,0.3333333333333333,302.4017508008936,-804.430871647538,30.0,32.30401173234651,-866.7348833798844,30000.0,-834.430871647538,United States
US,SUZ,1,0.0,0.0,-858.1643905912462,10.0,0.0,-868.1643905912462,10000.0,-868.1643905912462,United States
US,ORMP,1,0.0,0.0,-859.9996566772461,10.0,0.0,-869.9996566772461,10000.0,-869.9996566772461,United States
US,HQI,2,0.5,555.5557069324312,-791.4115301876867,20.0,60.27199874529614,-871.6835289329829,20000.0,-811.4115301876867,United States
US,COOK,3,0.3333333333333333,1347.91032383061,-696.548679507031,30.0,147.80989060247262,-874.3585701095037,30000.0,-726.548679507031,United States
US,TRS,5,0.4,213.1134023157233,-804.8504535666989,50.0,21.334816214313214,-876.1852697810122,50000.0,-854.8504535666989,United States
US,LCLN,1,0.0,0.0,-866.3668240826617,10.0,0.0,-876.3668240826617,10000.0,-876.3668240826617,United States
US,DTM,3,0.0,0.0,-847.2119704166081,30.0,0.0,-877.2119704166081,30000.0,-877.2119704166081,United States
US,VATE,1,0.0,0.0,-867.3979587117553,10.0,0.0,-877.3979587117553,10000.0,-877.3979587117553,United States
US,ORN,4,0.25,786.6578915345723,-753.3367669781398,40.0,85.80374628890783,-879.1405132670477,40000.0,-793.3367669781398,United States
US,DKS,4,0.0,0.0,-843.0060428920083,40.0,0.0,-883.0060428920083,40000.0,-883.0060428920083,United States
US,NXE,2,0.5,31.08839914588657,-860.9305592906047,20.0,2.329807846769719,-883.2603671373745,20000.0,-880.9305592906047,United States
US,ZUMZ,1,0.0,0.0,-873.8877372801579,10.0,0.0,-883.8877372801579,10000.0,-883.8877372801579,United States
US,SIMO,4,0.25,319.59219179898747,-810.9807110868649,40.0,34.20318027756077,-885.1838913644258,40000.0,-850.9807110868649,United States
US,AS,4,0.5,331.8061483407719,-813.6482099612141,40.0,34.44777415534986,-888.095984116564,40000.0,-853.6482099612141,United States
US,PEB-PG,3,0.0,0.0,-859.4685670048841,30.0,0.0,-889.4685670048841,30000.0,-889.4685670048841,United States
US,LUMN,1,0.0,0.0,-880.1019191741943,10.0,0.0,-890.1019191741943,10000.0,-890.1019191741943,United States
US,LEA,2,0.0,0.0,-874.7139696876393,20.0,0.0,-894.7139696876393,20000.0,-894.7139696876393,United States
US,BWLP,2,0.0,0.0,-877.314765666506,20.0,0.0,-897.314765666506,20000.0,-897.314765666506,United States
US,CDZIP,1,0.0,0.0,-889.0276587800172,10.0,0.0,-899.0276587800172,10000.0,-899.0276587800172,United States
US,BHC,1,0.0,0.0,-890.1516235235973,10.0,0.0,-900.1516235235973,10000.0,-900.1516235235973,United States
US,MPV,2,0.0,0.0,-880.5957171046152,20.0,0.0,-900.5957171046152,20000.0,-900.5957171046152,United States
US,AHRT-PA,5,0.2,127.27303938432132,-838.3702083346045,50.0,12.956111342639309,-901.3263196772439,50000.0,-888.3702083346045,United States
US,AEBI,2,0.5,291.9704625979724,-851.9692492328601,20.0,31.15158205103414,-903.1208312838942,20000.0,-871.9692492328601,United States
US,OPCH,3,0.0,0.0,-877.9198859620274,30.0,0.0,-907.9198859620274,30000.0,-907.9198859620274,United States
US,UEC,3,0.3333333333333333,0.00014408677140309578,-880.1351312172867,30.0,0.0,-910.1351312172867,30000.0,-910.1351312172867,United States
US,INTT,2,0.5,79.68075382621231,-883.085325366254,20.0,7.698202500345057,-910.7835278665991,20000.0,-903.085325366254,United States
US,LPG,2,0.5,224.62754514123827,-867.3841640430903,20.0,23.71165944573442,-911.0958234888246,20000.0,-887.3841640430903,United States
US,SVV,3,0.3333333333333333,20.05995097107638,-880.9398265024438,30.0,1.1114050217085392,-912.0512315241523,30000.0,-910.9398265024438,United States
US,ODFL,2,0.5,17.465149088480292,-891.8827792478501,20.0,0.8247360457913039,-912.7075152936413,20000.0,-911.8827792478501,United States
US,KF,1,0.0,0.0,-904.4350332799811,10.0,0.0,-914.4350332799811,10000.0,-914.4350332799811,United States
US,MARA,1,0.0,0.0,-904.7619826128695,10.0,0.0,-914.7619826128695,10000.0,-914.7619826128695,United States
US,MTW,4,0.5,751.7605007650175,-793.7673113048295,40.0,81.10369900004216,-914.8710103048716,40000.0,-833.7673113048295,United States
US,REXR-PC,4,0.0,0.0,-877.904044406681,40.0,0.0,-917.904044406681,40000.0,-917.904044406681,United States
US,IBKR,4,0.25,415.5813654263829,-837.7802811920166,40.0,44.80788897901137,-922.588170171028,40000.0,-877.7802811920166,United States
US,ARKR,2,0.0,0.0,-903.5768956107815,20.0,0.0,-923.5768956107815,20000.0,-923.5768956107815,United States
US,AKAM,2,0.0,0.0,-903.6129442536811,20.0,0.0,-923.6129442536811,20000.0,-923.6129442536811,United States
US,RS,2,0.0,0.0,-903.9038403054733,20.0,0.0,-923.9038403054733,20000.0,-923.9038403054733,United States
US,KMT,4,0.25,268.7857743632582,-856.1381708443683,40.0,28.590180011909563,-924.728350856278,40000.0,-896.1381708443683,United States
EU,EL.PA,1,0.0,0.0,-899.8123074679365,25.0,0.0,-924.8123074679365,10000.0,-924.8123074679365,Europe
US,BLK,2,0.5,49.66395754884889,-901.8736924606142,20.0,4.382001634736425,-926.2556940953506,20000.0,-921.8736924606142,United States
US,PLPC,1,0.0,0.0,-919.0123758198299,10.0,0.0,-929.0123758198299,10000.0,-929.0123758198299,United States
US,PEB-PH,3,0.0,0.0,-913.9602901760313,30.0,0.0,-943.9602901760313,30000.0,-943.9602901760313,United States
US,AIQD,1,0.0,0.0,-938.9089720161526,10.0,0.0,-948.9089720161526,10000.0,-948.9089720161526,United States
US,ARCT,1,0.0,0.0,-942.8948583514251,10.0,0.0,-952.8948583514251,10000.0,-952.8948583514251,United States
US,AVGO,1,0.0,0.0,-945.6664104283163,10.0,0.0,-955.6664104283163,10000.0,-955.6664104283163,United States
US,HGV,5,0.4,247.9936718013831,-882.7963551048213,50.0,25.18832472308894,-957.9846798279102,50000.0,-932.7963551048213,United States
US,PNR,1,0.0,0.0,-948.0498220468158,10.0,0.0,-958.0498220468158,10000.0,-958.0498220468158,United States
US,HP,2,0.0,0.0,-939.4448975434389,20.0,0.0,-959.4448975434389,20000.0,-959.4448975434389,United States
US,GTX,4,0.25,221.44575496931384,-896.7118339822412,40.0,23.36014107499217,-960.0719750572332,40000.0,-936.7118339822412,United States
US,FHN-PE,4,0.0,0.0,-920.9810269669827,40.0,0.0,-960.9810269669827,40000.0,-960.9810269669827,United States
US,EPR-PG,4,0.0,0.0,-923.968111475757,40.0,0.0,-963.968111475757,40000.0,-963.968111475757,United States
US,FTCI,2,0.0,0.0,-946.1516611161303,20.0,0.0,-966.1516611161303,20000.0,-966.1516611161303,United States
US,DBRG-PJ,2,0.0,0.0,-948.370260646857,20.0,0.0,-968.370260646857,20000.0,-968.370260646857,United States
US,BTX,2,0.0,0.0,-954.1407398752533,20.0,0.0,-974.1407398752533,20000.0,-974.1407398752533,United States
US,CSGP,3,0.3333333333333333,20.94998705986395,-942.9695739638245,30.0,1.209734584290343,-974.1793085481148,30000.0,-972.9695739638245,United States
US,VET,2,0.0,0.0,-960.2514222397762,20.0,0.0,-980.2514222397762,20000.0,-980.2514222397762,United States
US,TEL,2,0.0,0.0,-961.6524307997231,20.0,0.0,-981.6524307997231,20000.0,-981.6524307997231,United States
US,ONDS,2,0.0,0.0,-962.12798139228,20.0,0.0,-982.12798139228,20000.0,-982.12798139228,United States
US,SPMC,2,0.5,256.936836830759,-935.4044290011975,20.0,27.28113102018059,-982.685560021378,20000.0,-955.4044290011975,United States
US,IMA,3,0.3333333333333333,116.66695276896233,-941.000823107151,30.0,11.784370251765537,-982.7851933589166,30000.0,-971.000823107151,United States
US,ALFUU,1,0.0,0.0,-976.0133602877507,10.0,0.0,-986.0133602877507,10000.0,-986.0133602877507,United States
US,QXO-PB,2,0.5,55.54426239019694,-962.937785353456,20.0,5.031646980786455,-987.9694323342424,20000.0,-982.937785353456,United States
US,PAM,3,0.3333333333333333,97.63401789276705,-949.3818324204273,30.0,9.68164634584657,-989.0634787662738,30000.0,-979.3818324204273,United States
US,CLFD,3,0.3333333333333333,360.60279870828936,-922.5307373278846,30.0,38.733957275715085,-991.2646946035997,30000.0,-952.5307373278846,United States
US,ADTN,1,0.0,0.0,-981.3752488625427,10.0,0.0,-991.3752488625427,10000.0,-991.3752488625427,United States
US,BKR,2,0.0,0.0,-972.3333379402999,20.0,0.0,-992.3333379402999,20000.0,-992.3333379402999,United States
US,AVEX,2,0.5,371.57747549681153,-934.4335368462987,20.0,39.94641953616352,-994.3799563824622,20000.0,-954.4335368462987,United States
US,RUM,2,0.0,0.0,-975.098777456137,20.0,0.0,-995.098777456137,20000.0,-995.098777456137,United States
US,JBIO,3,0.0,0.0,-966.4822501680403,30.0,0.0,-996.4822501680403,30000.0,-996.4822501680403,United States
US,BLX,5,0.4,286.2372752177023,-917.9961866488684,50.0,29.41340822571551,-997.409594874584,50000.0,-967.9961866488684,United States
US,BC,1,0.0,0.0,-987.949449401272,10.0,0.0,-997.949449401272,10000.0,-997.949449401272,United States
US,NGL-PB,3,0.0,0.0,-970.1169845242564,30.0,0.0,-1000.1169845242564,30000.0,-1000.1169845242564,United States
US,SNX,1,0.0,0.0,-992.2793787993511,10.0,0.0,-1002.2793787993511,10000.0,-1002.2793787993511,United States
US,KR,2,0.0,0.0,-982.9792598512066,20.0,0.0,-1002.9792598512066,20000.0,-1002.9792598512066,United States
US,PKE,1,0.0,0.0,-994.1520042918705,10.0,0.0,-1004.1520042918705,10000.0,-1004.1520042918705,United States
US,EMAT,1,0.0,0.0,-994.623912278042,10.0,0.0,-1004.623912278042,10000.0,-1004.623912278042,United States
US,DBRG-PI,3,0.0,0.0,-977.4836667692222,30.0,0.0,-1007.4836667692222,30000.0,-1007.4836667692222,United States
US,NOAH,1,0.0,0.0,-999.1201020822193,10.0,0.0,-1009.1201020822193,10000.0,-1009.1201020822193,United States
US,CAAP,2,0.0,0.0,-990.0474925246151,20.0,0.0,-1010.0474925246151,20000.0,-1010.0474925246151,United States
US,SAIA,1,0.0,0.0,-1002.7916298205464,10.0,0.0,-1012.7916298205464,10000.0,-1012.7916298205464,United States
US,CCI,2,0.0,0.0,-996.4750536974898,20.0,0.0,-1016.4750536974898,20000.0,-1016.4750536974898,United States
US,CEPU,3,0.3333333333333333,439.40435310866775,-941.6556983372659,30.0,47.43980917606966,-1019.0955075133356,30000.0,-971.6556983372659,United States
US,PDS,2,0.0,0.0,-1000.8102409541964,20.0,0.0,-1020.8102409541964,20000.0,-1020.8102409541964,United States
US,BEP,1,0.0,0.0,-1011.8713292649672,10.0,0.0,-1021.8713292649672,10000.0,-1021.8713292649672,United States
US,NRGD,4,0.5,844.5660008341194,-893.706194617595,40.0,91.09654676170986,-1024.802741379305,40000.0,-933.706194617595,United States
US,CRI,3,0.0,0.0,-995.5413578254536,30.0,0.0,-1025.5413578254536,30000.0,-1025.5413578254536,United States
US,BTU,2,0.0,0.0,-1005.7754263913998,20.0,0.0,-1025.7754263913998,20000.0,-1025.7754263913998,United States
US,ZOOZ,1,0.0,0.0,-1016.9488292629436,10.0,0.0,-1026.9488292629435,10000.0,-1026.9488292629435,United States
US,SVM,3,0.0,0.0,-998.6961841165021,30.0,0.0,-1028.696184116502,30000.0,-1028.696184116502,United States
US,GIL,1,0.0,0.0,-1025.125321431376,10.0,0.0,-1035.125321431376,10000.0,-1035.125321431376,United States
US,SEI,2,0.0,0.0,-1016.7118955429833,20.0,0.0,-1036.7118955429833,20000.0,-1036.7118955429833,United States
US,REFI,3,0.0,0.0,-1006.9570140737105,30.0,0.0,-1036.9570140737105,30000.0,-1036.9570140737105,United States
US,KTN,3,0.0,0.0,-1011.042771525834,30.0,0.0,-1041.042771525834,30000.0,-1041.042771525834,United States
US,DELL,2,0.0,0.0,-1023.4104720332915,20.0,0.0,-1043.4104720332916,20000.0,-1043.4104720332916,United States
US,LYTS,3,0.0,0.0,-1014.52777847148,30.0,0.0,-1044.52777847148,30000.0,-1044.52777847148,United States
US,RIBBU,2,0.0,0.0,-1024.733473298407,20.0,0.0,-1044.733473298407,20000.0,-1044.733473298407,United States
US,BTDR,1,0.0,0.0,-1038.8859080770162,10.0,0.0,-1048.8859080770162,10000.0,-1048.8859080770162,United States
US,HBIO,1,0.0,0.0,-1039.1569137573242,10.0,0.0,-1049.1569137573242,10000.0,-1049.1569137573242,United States
US,TCOM,2,0.5,121.01742213789235,-1018.6723595754876,20.0,12.265002167101866,-1050.9373617425895,20000.0,-1038.6723595754875,United States
US,USLM,1,0.0,0.0,-1042.2533330783035,10.0,0.0,-1052.2533330783035,10000.0,-1052.2533330783035,United States
US,OXY,2,0.0,0.0,-1036.707988830251,20.0,0.0,-1056.707988830251,20000.0,-1056.707988830251,United States
US,CIEN,1,0.0,0.0,-1049.3307769447358,10.0,0.0,-1059.3307769447358,10000.0,-1059.3307769447358,United States
US,FER,4,0.0,0.0,-1020.5614046440736,40.0,0.0,-1060.5614046440737,40000.0,-1060.5614046440737,United States
US,SSL,2,0.0,0.0,-1042.1998160225999,20.0,0.0,-1062.1998160225999,20000.0,-1062.1998160225999,United States
US,M,3,0.3333333333333333,132.55968702264198,-1020.8442175487221,30.0,13.540170524451058,-1064.384388073173,30000.0,-1050.844217548722,United States
US,MRVL,1,0.0,0.0,-1057.0545431128853,10.0,0.0,-1067.0545431128853,10000.0,-1067.0545431128853,United States
KR,38880,1,0.0,0.0,-1037.7358490566035,30.0,0.0,-1067.7358490566035,10000.0,-1067.7358490566035,Korea
US,LION,3,0.3333333333333333,90.3809647778675,-1029.0552315563684,30.0,8.880342276095659,-1067.935573832464,30000.0,-1059.0552315563684,United States
US,SEAL-PA,4,0.0,0.0,-1028.5279418005134,40.0,0.0,-1068.5279418005134,40000.0,-1068.5279418005134,United States
US,CARR,5,0.4,412.16775851176334,-976.4605037618745,50.0,43.32597816980417,-1069.7864819316787,50000.0,-1026.4605037618744,United States
US,ONON,3,0.3333333333333333,119.52230315623646,-1027.9830188552942,30.0,12.099824150922498,-1070.0828430062165,30000.0,-1057.9830188552942,United States
US,SHMD,2,0.0,0.0,-1050.4926220904642,20.0,0.0,-1070.4926220904642,20000.0,-1070.4926220904642,United States
US,AEYE,1,0.0,0.0,-1061.8068676931914,10.0,0.0,-1071.8068676931914,10000.0,-1071.8068676931914,United States
US,HPK,2,0.0,0.0,-1052.004796618353,20.0,0.0,-1072.004796618353,20000.0,-1072.004796618353,United States
US,CRUS,2,0.0,0.0,-1054.4488770858175,20.0,0.0,-1074.4488770858175,20000.0,-1074.4488770858175,United States
US,TJX,2,0.0,0.0,-1054.935282514904,20.0,0.0,-1074.935282514904,20000.0,-1074.935282514904,United States
US,FTH,3,0.0,0.0,-1045.9257796359589,30.0,0.0,-1075.9257796359589,30000.0,-1075.9257796359589,United States
US,CRC,2,0.0,0.0,-1056.2938452222736,20.0,0.0,-1076.2938452222736,20000.0,-1076.2938452222736,United States
US,RDY,3,0.0,0.0,-1049.3821057831842,30.0,0.0,-1079.3821057831842,30000.0,-1079.3821057831842,United States
US,COLM,2,0.0,0.0,-1060.2841440672482,20.0,0.0,-1080.2841440672482,20000.0,-1080.2841440672482,United States
US,MCHP,1,0.0,0.0,-1073.4692233543396,10.0,0.0,-1083.4692233543396,10000.0,-1083.4692233543396,United States
US,KEX,2,0.0,0.0,-1064.480777527601,20.0,0.0,-1084.480777527601,20000.0,-1084.480777527601,United States
US,SXT,1,0.0,0.0,-1078.186403755712,10.0,0.0,-1088.186403755712,10000.0,-1088.186403755712,United States
US,BHE,4,0.5,759.252407947677,-967.4714358948933,40.0,81.67125673528693,-1089.1426926301801,40000.0,-1007.4714358948933,United States
US,CASY,2,0.0,0.0,-1069.277178375161,20.0,0.0,-1089.277178375161,20000.0,-1089.277178375161,United States
US,CCL,3,0.0,0.0,-1061.934679246076,30.0,0.0,-1091.934679246076,30000.0,-1091.934679246076,United States
US,LHX,2,0.0,0.0,-1073.137817762798,20.0,0.0,-1093.137817762798,20000.0,-1093.137817762798,United States
US,LFCR,1,0.0,0.0,-1086.206765010439,10.0,0.0,-1096.206765010439,10000.0,-1096.206765010439,United States
US,CMI,3,0.0,0.0,-1066.3781398539695,30.0,0.0,-1096.3781398539695,30000.0,-1096.3781398539695,United States
US,SCOP,3,0.3333333333333333,44.09201351212921,-1065.0818213642988,30.0,3.7664234275568917,-1098.8482447918557,30000.0,-1095.0818213642988,United States
US,AEO,1,0.0,0.0,-1091.8921393317148,10.0,0.0,-1101.8921393317148,10000.0,-1101.8921393317148,United States
US,ASA,2,0.5,24.141047769048463,-1082.0910333976274,20.0,1.5622771470683614,-1103.6533105446958,20000.0,-1102.0910333976274,United States
US,SXC,2,0.0,0.0,-1083.8586469857005,20.0,0.0,-1103.8586469857005,20000.0,-1103.8586469857005,United States
US,DAN,1,0.0,0.0,-1095.9815788965843,10.0,0.0,-1105.9815788965843,10000.0,-1105.9815788965843,United States
US,OR,2,0.0,0.0,-1089.953139797669,20.0,0.0,-1109.953139797669,20000.0,-1109.953139797669,United States
US,NE,2,0.0,0.0,-1091.5531092112985,20.0,0.0,-1111.5531092112985,20000.0,-1111.5531092112985,United States
US,CCIXU,3,0.3333333333333333,91.74311926605449,-1078.4946262914575,30.0,9.030830617725405,-1117.5254569091828,30000.0,-1108.4946262914575,United States
US,CCM,1,0.0,0.0,-1109.0225205385595,10.0,0.0,-1119.0225205385595,10000.0,-1119.0225205385595,United States
US,SUJA,1,0.0,0.0,-1118.181402033026,10.0,0.0,-1128.181402033026,10000.0,-1128.181402033026,United States
US,WVE,2,0.0,0.0,-1110.346633077457,20.0,0.0,-1130.346633077457,20000.0,-1130.346633077457,United States
US,ATNI,1,0.0,0.0,-1123.3884414476136,10.0,0.0,-1133.3884414476136,10000.0,-1133.3884414476136,United States
US,TJGC,1,0.0,0.0,-1125.9540164743676,10.0,0.0,-1135.9540164743676,10000.0,-1135.9540164743676,United States
US,BNAI,1,0.0,0.0,-1127.695280784662,10.0,0.0,-1137.695280784662,10000.0,-1137.695280784662,United States
US,FSLR,1,0.0,0.0,-1128.603566151769,10.0,0.0,-1138.603566151769,10000.0,-1138.603566151769,United States
US,DDS,1,0.0,0.0,-1129.1270607840675,10.0,0.0,-1139.1270607840675,10000.0,-1139.1270607840675,United States
US,DXPE,4,0.25,24.168815497545015,-1101.0162011554592,40.0,1.565344875030579,-1142.5815460304898,40000.0,-1141.0162011554592,United States
US,ESLT,4,0.5,1787.373196235109,-909.9589572958944,40.0,195.2561648835354,-1145.2151221794297,40000.0,-949.9589572958944,United States
US,WT,2,0.0,0.0,-1130.1008784600742,20.0,0.0,-1150.1008784600742,20000.0,-1150.1008784600742,United States
US,PLXS,2,0.0,0.0,-1133.1576188248405,20.0,0.0,-1153.1576188248405,20000.0,-1153.1576188248405,United States
US,BTGO,1,0.0,0.0,-1155.7785430345903,10.0,0.0,-1165.7785430345903,10000.0,-1165.7785430345903,United States
US,C,4,0.0,0.0,-1136.9383169714288,40.0,0.0,-1176.9383169714288,40000.0,-1176.9383169714288,United States
US,KGS,3,0.3333333333333333,99.03773551107608,-1142.1582438275059,30.0,9.83672650623054,-1181.9949703337363,30000.0,-1172.1582438275059,United States
US,CRGY,2,0.0,0.0,-1163.835523895913,20.0,0.0,-1183.835523895913,20000.0,-1183.835523895913,United States
US,UNG,4,0.0,0.0,-1144.469559072939,40.0,0.0,-1184.469559072939,40000.0,-1184.469559072939,United States
US,ULTA,2,0.0,0.0,-1167.011793081475,20.0,0.0,-1187.011793081475,20000.0,-1187.011793081475,United States
US,PDCC,3,0.0,0.0,-1158.0923894684793,30.0,0.0,-1188.0923894684793,30000.0,-1188.0923894684793,United States
US,JYNT,2,0.0,0.0,-1169.2821162390521,20.0,0.0,-1189.2821162390521,20000.0,-1189.2821162390521,United States
US,ST,2,0.0,0.0,-1170.4887190094894,20.0,0.0,-1190.4887190094894,20000.0,-1190.4887190094894,United States
US,CHRD,2,0.0,0.0,-1171.078638646047,20.0,0.0,-1191.078638646047,20000.0,-1191.078638646047,United States
US,SHO,4,0.0,0.0,-1152.5031664935293,40.0,0.0,-1192.5031664935293,40000.0,-1192.5031664935293,United States
US,DQ,2,0.0,0.0,-1173.775029091344,20.0,0.0,-1193.775029091344,20000.0,-1193.775029091344,United States
US,EGG,1,0.0,0.0,-1184.2107772827148,10.0,0.0,-1194.2107772827148,10000.0,-1194.2107772827148,United States
US,ALTG,1,0.0,0.0,-1186.440379554321,10.0,0.0,-1196.440379554321,10000.0,-1196.440379554321,United States
US,CVSA,1,0.0,0.0,-1188.111212320636,10.0,0.0,-1198.111212320636,10000.0,-1198.111212320636,United States
US,AZZ,5,0.2,65.93402528461078,-1142.2911104419775,50.0,6.179489021807564,-1198.470599463785,50000.0,-1192.2911104419775,United States
US,LI,3,0.3333333333333333,160.6090090986245,-1155.340346124346,30.0,16.639008431355055,-1201.979354555701,30000.0,-1185.340346124346,United States
US,HOFT,4,0.25,249.27553923233648,-1138.8685001969923,40.0,26.434724845024125,-1205.3032250420165,40000.0,-1178.8685001969923,United States
US,GDXU,2,0.5,1395.3774249194462,-1035.4941186577325,20.0,153.05396929309023,-1208.5480879508227,20000.0,-1055.4941186577325,United States
US,DOO,2,0.0,0.0,-1189.3207039797026,20.0,0.0,-1209.3207039797026,20000.0,-1209.3207039797026,United States
US,RUN,1,0.0,0.0,-1203.1897228733012,10.0,0.0,-1213.1897228733012,10000.0,-1213.1897228733012,United States
US,VIRC,4,0.25,65.35922779756342,-1168.0021300167398,40.0,6.115986444567714,-1214.1181164613076,40000.0,-1208.0021300167398,United States
US,ECG,1,0.0,0.0,-1204.450928689682,10.0,0.0,-1214.450928689682,10000.0,-1214.450928689682,United States
US,BF-B,4,0.25,405.4051476555909,-1131.8584282263255,40.0,43.683639013482185,-1215.5420672398077,40000.0,-1171.8584282263255,United States
US,APTV,3,0.0,0.0,-1189.776433824199,30.0,0.0,-1219.776433824199,30000.0,-1219.776433824199,United States
US,BOOT,1,0.0,0.0,-1210.4238740565875,10.0,0.0,-1220.4238740565875,10000.0,-1220.4238740565875,United States
US,CHT,3,0.0,0.0,-1191.7722430950007,30.0,0.0,-1221.7722430950007,30000.0,-1221.7722430950007,United States
US,TACT,5,0.2,1086.9567856015894,-1053.9493083319162,50.0,118.98021999530931,-1222.9295283272254,50000.0,-1103.9493083319162,United States
US,SND,1,0.0,0.0,-1213.872942621309,10.0,0.0,-1223.872942621309,10000.0,-1223.872942621309,United States
US,MKSI,5,0.4,799.19800618812,-1089.2238805993093,50.0,86.08437351957575,-1225.308254118885,50000.0,-1139.2238805993093,United States
US,FTAI,3,0.0,0.0,-1201.4187332340143,30.0,0.0,-1231.4187332340143,30000.0,-1231.4187332340143,United States
US,CNK,1,0.0,0.0,-1223.1695438195445,10.0,0.0,-1233.1695438195445,10000.0,-1233.1695438195445,United States
US,MRX,5,0.4,377.79577431447103,-1147.7589068638827,50.0,39.528624091957234,-1237.2875309558399,50000.0,-1197.7589068638827,United States
US,SFM,2,0.5,471.9520047950954,-1167.8575538811065,20.0,51.0356143279158,-1238.8931682090222,20000.0,-1187.8575538811065,United States
US,CRD-B,2,0.0,0.0,-1226.3672424301208,20.0,0.0,-1246.3672424301208,20000.0,-1246.3672424301208,United States
US,CTS,1,0.0,0.0,-1237.477969617512,10.0,0.0,-1247.477969617512,10000.0,-1247.477969617512,United States
US,ADNT,1,0.0,0.0,-1238.5540697948038,10.0,0.0,-1248.5540697948038,10000.0,-1248.5540697948038,United States
US,MAR,3,0.3333333333333333,22.168852761867974,-1217.3971994987953,30.0,1.3443926423554744,-1248.741592141151,30000.0,-1247.3971994987953,United States
US,OKLO,2,0.5,162.7132234048023,-1212.1440070131807,20.0,16.871478187257527,-1249.0154852004382,20000.0,-1232.1440070131807,United States
US,STAA,1,0.0,0.0,-1239.9871347042967,10.0,0.0,-1249.9871347042967,10000.0,-1249.9871347042967,United States
US,ALNT,4,0.5,681.807480130947,-1139.9859382356326,40.0,73.11528246375828,-1253.1012206993908,40000.0,-1179.9859382356326,United States
US,PUMP,1,0.0,0.0,-1251.788596397476,10.0,0.0,-1261.788596397476,10000.0,-1261.788596397476,United States
US,GCO,2,0.5,23.655093400032356,-1240.3899218564707,20.0,1.5085897953507896,-1261.8985116518215,20000.0,-1260.3899218564707,United States
US,BWET,3,0.6666666666666666,1676.7930174542698,-1052.0239707893857,30.0,183.03946856445754,-1265.063439353843,30000.0,-1082.0239707893857,United States
US,TBN,3,0.0,0.0,-1235.4988866582494,30.0,0.0,-1265.4988866582494,30000.0,-1265.4988866582494,United States
US,CNR,2,0.0,0.0,-1245.7418959121303,20.0,0.0,-1265.7418959121303,20000.0,-1265.7418959121303,United States
US,WYNN,2,0.0,0.0,-1245.8408771120078,20.0,0.0,-1265.8408771120078,20000.0,-1265.8408771120078,United States
US,HBM,2,0.0,0.0,-1246.6860966769423,20.0,0.0,-1266.6860966769423,20000.0,-1266.6860966769423,United States
US,SMR,1,0.0,0.0,-1260.6471644958806,10.0,0.0,-1270.6471644958806,10000.0,-1270.6471644958806,United States
US,TDOG,4,0.5,676.4627557163916,-1158.4927680613432,40.0,72.52480706571072,-1271.017575127054,40000.0,-1198.4927680613432,United States
US,EPAC,4,0.25,76.66146464133882,-1224.1135051890506,40.0,7.364636942052915,-1271.4781421311036,40000.0,-1264.1135051890506,United States
US,BEPC,2,0.0,0.0,-1258.8436059458297,20.0,0.0,-1278.8436059458297,20000.0,-1278.8436059458297,United States
US,CWH,2,0.5,322.1652434044286,-1228.2224027802913,20.0,34.48744632255686,-1282.7098491028482,20000.0,-1248.2224027802913,United States
US,EXP,3,0.3333333333333333,131.80128622908515,-1240.9323089198356,30.0,13.456383789023597,-1284.388692708859,30000.0,-1270.9323089198356,United States
US,WMB,4,0.25,265.3169527617272,-1217.7916923784128,40.0,28.20695093271852,-1285.9986433111312,40000.0,-1257.7916923784128,United States
US,UMC,4,0.25,1146.1794653604195,-1121.8413199560287,40.0,125.5230335609263,-1287.364353516955,40000.0,-1161.8413199560287,United States
US,AIFU,1,0.0,0.0,-1279.659298316772,10.0,0.0,-1289.659298316772,10000.0,-1289.659298316772,United States
US,HII,2,0.0,0.0,-1275.200682639679,20.0,0.0,-1295.200682639679,20000.0,-1295.200682639679,United States
US,PRHIZ,3,0.0,0.0,-1266.7770357704312,30.0,0.0,-1296.7770357704312,30000.0,-1296.7770357704312,United States
US,CW,4,0.0,0.0,-1258.4944039889212,40.0,0.0,-1298.4944039889212,40000.0,-1298.4944039889212,United States
US,RVSB,2,0.0,0.0,-1279.2293574886571,20.0,0.0,-1299.2293574886571,20000.0,-1299.2293574886571,United States
US,NCEW,1,0.0,0.0,-1289.474085757607,10.0,0.0,-1299.474085757607,10000.0,-1299.474085757607,United States
US,HY,1,0.0,0.0,-1290.0764523571672,10.0,0.0,-1300.0764523571672,10000.0,-1300.0764523571672,United States
US,CSBR,2,0.0,0.0,-1281.716184139955,20.0,0.0,-1301.716184139955,20000.0,-1301.716184139955,United States
US,CING,1,0.0,0.0,-1296.6604551304063,10.0,0.0,-1306.6604551304063,10000.0,-1306.6604551304063,United States
US,ERNA,1,0.0,0.0,-1297.297219972353,10.0,0.0,-1307.297219972353,10000.0,-1307.297219972353,United States
US,DIOD,1,0.0,0.0,-1301.6906360196401,10.0,0.0,-1311.6906360196401,10000.0,-1311.6906360196401,United States
US,ULH,3,0.6666666666666666,504.88460351479023,-1228.149736856401,30.0,53.569165977538674,-1311.7189028339394,30000.0,-1258.149736856401,United States
US,RLMD,2,0.5,371.4710536010202,-1254.295759056997,20.0,39.934662239359355,-1314.2304212963563,20000.0,-1274.295759056997,United States
US,DUOL,5,0.4,1226.3890281881286,-1130.9851088154576,50.0,133.27965791456646,-1314.264766730024,50000.0,-1180.9851088154576,United States
US,FIVE,4,0.0,0.0,-1278.0538879440883,40.0,0.0,-1318.0538879440883,40000.0,-1318.0538879440883,United States
US,PATK,2,0.0,0.0,-1298.760241003859,20.0,0.0,-1318.760241003859,20000.0,-1318.760241003859,United States
US,CVR,3,0.0,0.0,-1289.4577316772238,30.0,0.0,-1319.4577316772238,30000.0,-1319.4577316772238,United States
US,MBUU,2,0.0,0.0,-1300.2220786990993,20.0,0.0,-1320.2220786990993,20000.0,-1320.2220786990993,United States
US,OBE,2,0.0,0.0,-1302.204277988327,20.0,0.0,-1322.204277988327,20000.0,-1322.204277988327,United States
US,RES,2,0.0,0.0,-1310.0732261955607,20.0,0.0,-1330.0732261955607,20000.0,-1330.0732261955607,United States
US,KLRA,2,0.0,0.0,-1310.2486538563496,20.0,0.0,-1330.2486538563496,20000.0,-1330.2486538563496,United States
US,ARCB,3,0.3333333333333333,88.56275919143064,-1293.5534746766764,30.0,8.67947024152269,-1332.2329449181989,30000.0,-1323.5534746766764,United States
US,SCCO,2,0.0,0.0,-1312.4996111810005,20.0,0.0,-1332.4996111810005,20000.0,-1332.4996111810005,United States
US,DRS,1,0.0,0.0,-1326.2228870756499,10.0,0.0,-1336.2228870756499,10000.0,-1336.2228870756499,United States
US,FPS,1,0.0,0.0,-1327.8660024496446,10.0,0.0,-1337.8660024496446,10000.0,-1337.8660024496446,United States
US,CIX,4,0.25,89.65268168914298,-1292.2075568342539,40.0,8.799882889726778,-1341.0074397239805,40000.0,-1332.2075568342539,United States
US,FCX,2,0.0,0.0,-1325.4979362551878,20.0,0.0,-1345.4979362551878,20000.0,-1345.4979362551878,United States
US,ASPI,1,0.0,0.0,-1337.047645972631,10.0,0.0,-1347.047645972631,10000.0,-1347.047645972631,United States
US,KLIC,5,0.4,1122.826371305452,-1177.2269005314752,50.0,121.83824460630956,-1349.0651451377848,50000.0,-1227.2269005314752,United States
US,GOLD,2,0.0,0.0,-1334.7333351605816,20.0,0.0,-1354.7333351605816,20000.0,-1354.7333351605816,United States
US,CEVA,1,0.0,0.0,-1345.5352414929855,10.0,0.0,-1355.5352414929855,10000.0,-1355.5352414929855,United States
US,BF-A,3,0.0,0.0,-1329.5229067129055,30.0,0.0,-1359.5229067129055,30000.0,-1359.5229067129055,United States
US,LIVE,4,0.25,188.22423279515556,-1302.8150149355554,40.0,19.68988794162024,-1362.5049028771755,40000.0,-1342.8150149355554,United States
US,TKO,1,0.0,0.0,-1353.2990744362717,10.0,0.0,-1363.2990744362717,10000.0,-1363.2990744362717,United States
US,BFS-PE,3,0.0,0.0,-1334.1365549441052,30.0,0.0,-1364.1365549441052,30000.0,-1364.1365549441052,United States
US,MI,1,0.0,0.0,-1355.7779799818015,10.0,0.0,-1365.7779799818015,10000.0,-1365.7779799818015,United States
US,FOXF,2,0.0,0.0,-1347.935794250167,20.0,0.0,-1367.935794250167,20000.0,-1367.935794250167,United States
US,BABA,5,0.4,724.6747382599629,-1240.6768222490193,50.0,77.85117889987845,-1368.5280011488978,50000.0,-1290.6768222490193,United States
US,TTI,1,0.0,0.0,-1358.8519301711078,10.0,0.0,-1368.8519301711078,10000.0,-1368.8519301711078,United States
US,NAT,5,0.2,2038.8345810973528,-1095.9985648081151,50.0,224.1419414598078,-1370.1405062679232,50000.0,-1145.9985648081151,United States
US,MX,1,0.0,0.0,-1360.1528182340305,10.0,0.0,-1370.1528182340305,10000.0,-1370.1528182340305,United States
US,BHP,4,0.25,218.0380769243806,-1311.6401154206947,40.0,22.983667024333897,-1374.6237824450286,40000.0,-1351.6401154206947,United States
US,CRESY,2,0.5,81.59554447786377,-1350.3475370935348,20.0,7.909745076634403,-1378.2572821701692,20000.0,-1370.3475370935348,United States
US,JOBY,1,0.0,0.0,-1369.9998855590823,10.0,0.0,-1379.9998855590823,10000.0,-1379.9998855590823,United States
US,HLT,3,0.0,0.0,-1353.6752301736376,30.0,0.0,-1383.6752301736376,30000.0,-1383.6752301736376,United States
US,MLP,5,0.0,0.0,-1333.8272924403082,50.0,0.0,-1383.8272924403082,50000.0,-1383.8272924403082,United States
US,CTRI,1,0.0,0.0,-1375.1964479263768,10.0,0.0,-1385.1964479263768,10000.0,-1385.1964479263768,United States
US,MOD,1,0.0,0.0,-1379.7627084813323,10.0,0.0,-1389.7627084813323,10000.0,-1389.7627084813323,United States
US,AVT,3,0.0,0.0,-1362.6687645167835,30.0,0.0,-1392.6687645167835,30000.0,-1392.6687645167835,United States
US,HAFN,1,0.0,0.0,-1391.07619057803,10.0,0.0,-1401.07619057803,10000.0,-1401.07619057803,United States
US,HST,3,0.0,0.0,-1371.6595266269082,30.0,0.0,-1401.6595266269082,30000.0,-1401.6595266269082,United States
US,PTEN,2,0.0,0.0,-1382.58563266496,20.0,0.0,-1402.58563266496,20000.0,-1402.58563266496,United States
US,SB,3,0.3333333333333333,385.1855242693869,-1332.9387324357733,30.0,41.44981192693943,-1404.3885443627128,30000.0,-1362.9387324357733,United States
US,EAF,1,0.0,0.0,-1396.0114503518128,10.0,0.0,-1406.0114503518128,10000.0,-1406.0114503518128,United States
US,NGS,2,0.0,0.0,-1387.553469009094,20.0,0.0,-1407.553469009094,20000.0,-1407.553469009094,United States
US,RGR,2,0.0,0.0,-1387.7117622418468,20.0,0.0,-1407.7117622418468,20000.0,-1407.7117622418468,United States
US,ADVB,2,0.0,0.0,-1390.011807282765,20.0,0.0,-1410.011807282765,20000.0,-1410.011807282765,United States
US,FLEX,1,0.0,0.0,-1403.150180029491,10.0,0.0,-1413.150180029491,10000.0,-1413.150180029491,United States
US,AGI,3,0.3333333333333333,377.07661473473706,-1348.510764496004,30.0,40.5539544020567,-1419.0647188980606,30000.0,-1378.510764496004,United States
US,GBX,3,0.0,0.0,-1393.4257656940408,30.0,0.0,-1423.4257656940408,30000.0,-1423.4257656940408,United States
US,CAI,3,0.0,0.0,-1401.5937559317183,30.0,0.0,-1431.5937559317183,30000.0,-1431.5937559317183,United States
US,OM,1,0.0,0.0,-1425.7427253345445,10.0,0.0,-1435.7427253345445,10000.0,-1435.7427253345445,United States
US,KSS,3,0.3333333333333333,98.15229279339644,-1398.0670742780676,30.0,9.73890441090485,-1437.8059786889726,30000.0,-1428.0670742780676,United States
US,H,4,0.0,0.0,-1405.9952746846127,40.0,0.0,-1445.9952746846127,40000.0,-1445.9952746846127,United States
US,INVA,3,0.0,0.0,-1420.7302199503115,30.0,0.0,-1450.7302199503115,30000.0,-1450.7302199503115,United States
US,UNIT,2,0.0,0.0,-1436.2182092411679,20.0,0.0,-1456.2182092411679,20000.0,-1456.2182092411679,United States
US,CBT,4,0.0,0.0,-1423.4819782044951,40.0,0.0,-1463.4819782044951,40000.0,-1463.4819782044951,United States
US,AVAL,4,0.0,0.0,-1426.507358675506,40.0,0.0,-1466.507358675506,40000.0,-1466.507358675506,United States
US,GDXD,3,0.3333333333333333,1437.7250564446874,-1279.8674469840344,30.0,157.73245833045578,-1467.5999053144901,30000.0,-1309.8674469840344,United States
US,USAR,1,0.0,0.0,-1461.038589477539,10.0,0.0,-1471.038589477539,10000.0,-1471.038589477539,United States
US,CITR,2,0.5,920.809996940375,-1351.9171945078367,20.0,100.6246260376716,-1472.5418205455085,20000.0,-1371.9171945078367,United States
US,RMBS,2,0.0,0.0,-1457.1105524028917,20.0,0.0,-1477.1105524028917,20000.0,-1477.1105524028917,United States
US,TITN,1,0.0,0.0,-1467.163626071626,10.0,0.0,-1477.163626071626,10000.0,-1477.163626071626,United States
US,STLA,4,0.25,104.52994901544166,-1430.151593675364,40.0,10.443496229720976,-1480.595089905085,40000.0,-1470.151593675364,United States
US,AD,4,0.0,0.0,-1444.32776033237,40.0,0.0,-1484.32776033237,40000.0,-1484.32776033237,United States
US,SHOO,4,0.0,0.0,-1445.1094049019252,40.0,0.0,-1485.1094049019252,40000.0,-1485.1094049019252,United States
US,CNXU,1,0.0,0.0,-1475.6800061105603,10.0,0.0,-1485.6800061105603,10000.0,-1485.6800061105603,United States
US,MPTI,2,0.5,638.9413278410583,-1397.3842189224492,20.0,69.4842899465739,-1486.8685088690231,20000.0,-1417.3842189224492,United States
US,EFXT,2,0.0,0.0,-1469.5711113850084,20.0,0.0,-1489.5711113850084,20000.0,-1489.5711113850084,United States
US,APPS,1,0.0,0.0,-1489.151760906393,10.0,0.0,-1499.151760906393,10000.0,-1499.151760906393,United States
US,WY,2,0.0,0.0,-1479.3903231284232,20.0,0.0,-1499.3903231284232,20000.0,-1499.3903231284232,United States
US,MDU,3,0.0,0.0,-1470.6381231435084,30.0,0.0,-1500.6381231435084,30000.0,-1500.6381231435084,United States
US,MS,3,0.0,0.0,-1471.7715871433234,30.0,0.0,-1501.7715871433234,30000.0,-1501.7715871433234,United States
US,MWH,1,0.0,0.0,-1492.9424124354261,10.0,0.0,-1502.9424124354261,10000.0,-1502.9424124354261,United States
US,EDN,3,0.3333333333333333,153.97404017073234,-1457.7430745154318,30.0,15.905989174448031,-1503.6490636898798,30000.0,-1487.7430745154318,United States
US,BBCQU,2,0.0,0.0,-1487.3628106208025,20.0,0.0,-1507.3628106208025,20000.0,-1507.3628106208025,United States
US,ROST,3,0.0,0.0,-1480.2173826543997,30.0,0.0,-1510.2173826543997,30000.0,-1510.2173826543997,United States
US,ATRA,2,0.5,188.1719404651272,-1475.30772776737,20.0,19.68411078044346,-1514.9918385478134,20000.0,-1495.30772776737,United States
US,SFL,2,0.0,0.0,-1495.4808424313346,20.0,0.0,-1515.4808424313346,20000.0,-1515.4808424313346,United States
US,IRS,4,0.25,461.3387793825385,-1425.699200351216,40.0,49.86308455575745,-1515.5622849069734,40000.0,-1465.699200351216,United States
US,SSSS,3,0.0,0.0,-1489.8481316588818,30.0,0.0,-1519.8481316588818,30000.0,-1519.8481316588818,United States
US,NUE,2,0.0,0.0,-1508.478172471498,20.0,0.0,-1528.478172471498,20000.0,-1528.478172471498,United States
US,ISOU,3,0.3333333333333333,361.44547673114147,-1464.2606693652392,30.0,38.827054805611,-1533.0877241708504,30000.0,-1494.2606693652392,United States
US,RIO,3,0.0,0.0,-1508.1676582345303,30.0,0.0,-1538.1676582345303,30000.0,-1538.1676582345303,United States
US,LUCK,2,0.5,237.15412506787104,-1510.8595174673012,20.0,25.09557313232403,-1555.9550905996252,20000.0,-1530.8595174673012,United States
US,DOV,5,0.2,19.233349733864813,-1517.657460151589,50.0,1.0200836257465935,-1568.6775437773358,50000.0,-1567.657460151589,United States
US,BLD,1,0.0,0.0,-1565.027554673396,10.0,0.0,-1575.027554673396,10000.0,-1575.027554673396,United States
US,AQST,1,0.0,0.0,-1570.5769957889381,10.0,0.0,-1580.5769957889381,10000.0,-1580.5769957889381,United States
US,UTG,4,0.0,0.0,-1541.4028661234913,40.0,0.0,-1581.4028661234913,40000.0,-1581.4028661234913,United States
US,BOIL,1,0.0,0.0,-1574.1095365760239,10.0,0.0,-1584.1095365760239,10000.0,-1584.1095365760239,United States
US,PXLW,2,0.5,288.6246906274037,-1533.4702745589136,20.0,30.781947270479748,-1584.2522218293934,20000.0,-1553.4702745589136,United States
US,ORA,2,0.0,0.0,-1566.4583742958494,20.0,0.0,-1586.4583742958494,20000.0,-1586.4583742958494,United States
US,ARXS,4,0.0,0.0,-1549.3962141698025,40.0,0.0,-1589.3962141698025,40000.0,-1589.3962141698025,United States
US,NPO,4,0.0,0.0,-1552.716859780452,40.0,0.0,-1592.716859780452,40000.0,-1592.716859780452,United States
US,EXYN,2,0.5,395.48019006876433,-1534.344399219958,20.0,42.58714781447358,-1596.9315470344316,20000.0,-1554.344399219958,United States
US,NTHI,1,0.0,0.0,-1593.9282194713035,10.0,0.0,-1603.9282194713035,10000.0,-1603.9282194713035,United States
US,BWOW,4,0.25,516.263724765349,-1517.1064133743116,40.0,55.93109227180215,-1613.0375056461137,40000.0,-1557.1064133743116,United States
US,DCH,2,0.0,0.0,-1594.385116758107,20.0,0.0,-1614.385116758107,20000.0,-1614.385116758107,United States
US,LXFR,3,0.0,0.0,-1588.7960554109404,30.0,0.0,-1618.7960554109404,30000.0,-1618.7960554109404,United States
US,MSAI,2,0.0,0.0,-1602.9766712288606,20.0,0.0,-1622.9766712288606,20000.0,-1622.9766712288606,United States
US,TGEN,1,0.0,0.0,-1615.3843586261462,10.0,0.0,-1625.3843586261462,10000.0,-1625.3843586261462,United States
US,WAB,4,0.0,0.0,-1588.2987180099863,40.0,0.0,-1628.2987180099863,40000.0,-1628.2987180099863,United States
US,MLM,4,0.0,0.0,-1592.2106591919649,40.0,0.0,-1632.2106591919649,40000.0,-1632.2106591919649,United States
US,YSWY,1,0.0,0.0,-1626.2427570805626,10.0,0.0,-1636.2427570805626,10000.0,-1636.2427570805626,United States
US,ACN,2,0.0,0.0,-1620.7625862049215,20.0,0.0,-1640.7625862049213,20000.0,-1640.7625862049215,United States
US,SPKLU,1,0.0,0.0,-1630.7893517899186,10.0,0.0,-1640.7893517899186,10000.0,-1640.7893517899186,United States
US,AROC,3,0.0,0.0,-1611.4735274251125,30.0,0.0,-1641.4735274251125,30000.0,-1641.4735274251125,United States
US,BBAR,4,0.25,332.45378559686236,-1571.3187925178584,40.0,35.62410568517278,-1646.942898203031,40000.0,-1611.3187925178584,United States
US,KN,4,0.25,104.76386169448793,-1600.7089988125433,40.0,10.469338475561017,-1651.1783372881043,40000.0,-1640.7089988125433,United States
US,ICCM,2,0.0,0.0,-1631.8075121877505,20.0,0.0,-1651.8075121877505,20000.0,-1651.8075121877505,United States
US,ESI,4,0.25,71.7857813923306,-1606.3628649134832,40.0,6.8259803558739325,-1653.188845269357,40000.0,-1646.3628649134832,United States
US,ROMA,3,0.0,0.0,-1623.2309541334932,30.0,0.0,-1653.2309541334932,30000.0,-1653.2309541334932,United States
US,BBBY,2,0.0,0.0,-1634.7915654065403,20.0,0.0,-1654.7915654065403,20000.0,-1654.7915654065403,United States
US,MBAVU,1,0.0,0.0,-1645.1853997242815,10.0,0.0,-1655.1853997242815,10000.0,-1655.1853997242815,United States
US,UUUU,2,0.0,0.0,-1640.3759463806734,20.0,0.0,-1660.3759463806734,20000.0,-1660.3759463806734,United States
US,XE,1,0.0,0.0,-1650.4327352944904,10.0,0.0,-1660.4327352944904,10000.0,-1660.4327352944904,United States
US,QCOM,1,0.0,0.0,-1653.6198655210687,10.0,0.0,-1663.6198655210687,10000.0,-1663.6198655210687,United States
US,NVT,2,0.0,0.0,-1645.9418067189536,20.0,0.0,-1665.9418067189536,20000.0,-1665.9418067189536,United States
US,EUDA,4,0.25,337.93087663321677,-1591.9441764168428,40.0,36.2292047059991,-1668.1733811228419,40000.0,-1631.9441764168428,United States
US,PHIN,2,0.0,0.0,-1649.862381462489,20.0,0.0,-1669.8623814624889,20000.0,-1669.862381462489,United States
US,MCHPP,2,0.0,0.0,-1651.5556241100194,20.0,0.0,-1671.5556241100194,20000.0,-1671.5556241100194,United States
US,IESC,1,0.0,0.0,-1664.7749020299495,10.0,0.0,-1674.7749020299495,10000.0,-1674.7749020299495,United States
US,DRI,4,0.0,0.0,-1638.3953124508266,40.0,0.0,-1678.3953124508266,40000.0,-1678.3953124508266,United States
US,CECO,1,0.0,0.0,-1670.9881701319562,10.0,0.0,-1680.9881701319562,10000.0,-1680.9881701319562,United States
US,SLNHP,1,0.0,0.0,-1674.0481678208375,10.0,0.0,-1684.0481678208375,10000.0,-1684.0481678208375,United States
US,TRLV,2,0.5,1184.0562272602906,-1534.5586234651564,20.0,129.70758908238042,-1684.2662125475367,20000.0,-1554.5586234651564,United States
US,RCL,3,0.3333333333333333,285.7509340951103,-1624.710773055954,30.0,30.464459894016237,-1685.1752329499702,30000.0,-1654.710773055954,United States
US,FOX,1,0.0,0.0,-1675.3582413535385,10.0,0.0,-1685.3582413535385,10000.0,-1685.3582413535385,United States
US,FOXA,1,0.0,0.0,-1682.2838399281081,10.0,0.0,-1692.2838399281081,10000.0,-1692.2838399281081,United States
US,DRD,2,0.0,0.0,-1674.7486987066095,20.0,0.0,-1694.7486987066095,20000.0,-1694.7486987066095,United States
US,ADI,2,0.0,0.0,-1678.658119325579,20.0,0.0,-1698.658119325579,20000.0,-1698.658119325579,United States
US,ALMU,2,0.0,0.0,-1693.47699557024,20.0,0.0,-1713.47699557024,20000.0,-1713.47699557024,United States
US,DIS,4,0.0,0.0,-1677.474625032107,40.0,0.0,-1717.474625032107,40000.0,-1717.474625032107,United States
US,ESAB,4,0.0,0.0,-1699.6961909021823,40.0,0.0,-1739.6961909021823,40000.0,-1739.6961909021823,United States
US,DUOT,2,0.0,0.0,-1722.346696898932,20.0,0.0,-1742.346696898932,20000.0,-1742.346696898932,United States
US,FC,1,0.0,0.0,-1733.870967741936,10.0,0.0,-1743.870967741936,10000.0,-1743.870967741936,United States
US,CMBT,2,0.0,0.0,-1727.1425479857428,20.0,0.0,-1747.1425479857428,20000.0,-1747.1425479857428,United States
US,FLR,4,0.25,13.045013461858712,-1709.8358962314342,40.0,0.33640752946112756,-1750.1723037608951,40000.0,-1749.8358962314342,United States
US,LRCX,5,0.4,1098.8727092405593,-1581.1298406532483,50.0,119.19188774196965,-1750.3217283952179,50000.0,-1631.1298406532483,United States
US,LIEN,4,0.0,0.0,-1714.966808631837,40.0,0.0,-1754.966808631837,40000.0,-1754.966808631837,United States
US,TARS,4,0.25,421.20034997789935,-1672.1729025833154,40.0,45.42866413640659,-1757.601566719722,40000.0,-1712.1729025833154,United States
US,FRMI,4,0.0,0.0,-1722.1422120540863,40.0,0.0,-1762.1422120540863,40000.0,-1762.1422120540863,United States
US,FDXF,1,0.0,0.0,-1757.222493489583,10.0,0.0,-1767.222493489583,10000.0,-1767.222493489583,United States
US,VRT,4,0.0,0.0,-1734.609557455631,40.0,0.0,-1774.609557455631,40000.0,-1774.609557455631,United States
US,EME,2,0.0,0.0,-1756.6329781507238,20.0,0.0,-1776.6329781507238,20000.0,-1776.6329781507238,United States
US,MRLN,3,0.0,0.0,-1755.322193110026,30.0,0.0,-1785.322193110026,30000.0,-1785.322193110026,United States
US,PRTS,1,0.0,0.0,-1779.1408995177837,10.0,0.0,-1789.1408995177837,10000.0,-1789.1408995177837,United States
US,RIOT,2,0.0,0.0,-1773.213548266206,20.0,0.0,-1793.213548266206,20000.0,-1793.213548266206,United States
US,SYNA,2,0.0,0.0,-1780.9212330062596,20.0,0.0,-1800.9212330062596,20000.0,-1800.9212330062596,United States
US,MYRG,5,0.2,868.1415068924858,-1664.5908474047922,50.0,94.80590738851232,-1809.3967547933044,50000.0,-1714.5908474047922,United States
US,ELA,2,0.5,414.8474669699409,-1745.0929133602813,20.0,44.72680921706632,-1809.8197225773474,20000.0,-1765.0929133602813,United States
US,GDOG,3,0.3333333333333333,57.670434865984,-1776.0989302859143,30.0,5.266542635188972,-1811.3654729211032,30000.0,-1806.0989302859143,United States
US,MP,2,0.0,0.0,-1792.9216300560424,20.0,0.0,-1812.9216300560424,20000.0,-1812.9216300560424,United States
US,INSW,5,0.4,1149.4073765229107,-1651.430397251561,50.0,124.77486554667817,-1826.2052627982393,50000.0,-1701.430397251561,United States
US,MLTX,4,0.25,364.39346559714147,-1750.8046847048731,40.0,39.152743234812434,-1829.9574279396857,40000.0,-1790.8046847048731,United States
US,MAYS,4,0.0,0.0,-1794.843357240139,40.0,0.0,-1834.843357240139,40000.0,-1834.843357240139,United States
US,RFIL,2,0.0,0.0,-1823.2829088656754,20.0,0.0,-1843.2829088656754,20000.0,-1843.2829088656754,United States
US,KEEL,1,0.0,0.0,-1848.4846750895179,10.0,0.0,-1858.4846750895179,10000.0,-1858.4846750895179,United States
US,FRVO,1,0.0,0.0,-1857.6824274711712,10.0,0.0,-1867.6824274711712,10000.0,-1867.6824274711712,United States
US,EXOD,2,0.0,0.0,-1869.5252992902078,20.0,0.0,-1889.5252992902078,20000.0,-1889.5252992902078,United States
US,PACK,3,0.0,0.0,-1863.5532391968945,30.0,0.0,-1893.5532391968945,30000.0,-1893.5532391968945,United States
US,TSEM,2,0.0,0.0,-1876.7814167588472,20.0,0.0,-1896.7814167588472,20000.0,-1896.7814167588472,United States
US,WHD,3,0.0,0.0,-1874.4145203542141,30.0,0.0,-1904.4145203542141,30000.0,-1904.4145203542141,United States
US,NNNN,1,0.0,0.0,-1895.0821923427895,10.0,0.0,-1905.0821923427895,10000.0,-1905.0821923427895,United States
US,TGS,3,0.0,0.0,-1875.762287892695,30.0,0.0,-1905.762287892695,30000.0,-1905.762287892695,United States
US,INFQ,1,0.0,0.0,-1898.4960493886083,10.0,0.0,-1908.4960493886083,10000.0,-1908.4960493886083,United States
US,MTUL,4,0.0,0.0,-1877.9381801168183,40.0,0.0,-1917.9381801168183,40000.0,-1917.9381801168183,United States
US,OGCP,5,0.2,434.7826086956519,-1826.0864589525295,50.0,46.92920728899808,-1923.0156662415275,50000.0,-1876.0864589525295,United States
US,PAL,2,0.0,0.0,-1916.3750098715868,20.0,0.0,-1936.3750098715868,20000.0,-1936.3750098715868,United States
US,BW-PA,3,0.0,0.0,-1907.4531773246072,30.0,0.0,-1937.4531773246072,30000.0,-1937.4531773246072,United States
US,VNT,4,0.0,0.0,-1898.3224397775634,40.0,0.0,-1938.3224397775634,40000.0,-1938.3224397775634,United States
US,CTSH,3,0.3333333333333333,567.0495356027506,-1861.4352669170585,30.0,61.541815958081585,-1952.9770828751402,30000.0,-1891.4352669170585,United States
US,GAP,3,0.0,0.0,-1927.4922282958328,30.0,0.0,-1957.4922282958328,30000.0,-1957.4922282958328,United States
US,NXPI,2,0.0,0.0,-1940.4167592726008,20.0,0.0,-1960.4167592726008,20000.0,-1960.4167592726008,United States
US,OEC,2,0.0,0.0,-1951.8416561423667,20.0,0.0,-1971.8416561423667,20000.0,-1971.8416561423667,United States
US,BVC,4,0.5,350.9955514070673,-1896.4288132370266,40.0,36.56778438132296,-1972.9965976183494,40000.0,-1936.4288132370266,United States
US,RDAC,1,0.0,0.0,-1966.7171818766406,10.0,0.0,-1976.7171818766406,10000.0,-1976.7171818766406,United States
US,EVR,5,0.2,235.23684853094196,-1905.310043723758,50.0,24.883755919966493,-1980.1937996437246,50000.0,-1955.310043723758,United States
US,RXT,2,0.0,0.0,-1966.2547179372048,20.0,0.0,-1986.2547179372048,20000.0,-1986.2547179372048,United States
US,CENX,3,0.0,0.0,-1960.3208029265584,30.0,0.0,-1990.3208029265584,30000.0,-1990.3208029265584,United States
US,AEC,1,0.0,0.0,-1984.2830575519554,10.0,0.0,-1994.2830575519554,10000.0,-1994.2830575519554,United States
US,SATS,2,0.0,0.0,-1984.6174770983994,20.0,0.0,-2004.6174770983994,20000.0,-2004.6174770983994,United States
US,BBUC,2,0.0,0.0,-1985.330519787537,20.0,0.0,-2005.330519787537,20000.0,-2005.330519787537,United States
US,OLLI,3,0.3333333333333333,373.67799645974253,-1935.2220975572243,30.0,40.17848125824523,-2005.4005788154695,30000.0,-1965.2220975572243,United States
US,XNDU,2,0.0,0.0,-1989.1913668018822,20.0,0.0,-2009.1913668018822,20000.0,-2009.1913668018822,United States
US,PLAY,1,0.0,0.0,-2003.0349303087803,10.0,0.0,-2013.0349303087803,10000.0,-2013.0349303087803,United States
US,SHAZ,3,0.0,0.0,-1984.7535816969307,30.0,0.0,-2014.7535816969307,30000.0,-2014.7535816969307,United States
US,PCLA,1,0.0,0.0,-2009.8041397294187,10.0,0.0,-2019.8041397294187,10000.0,-2019.8041397294187,United States
US,ALB-PA,3,0.0,0.0,-1993.9283560455422,30.0,0.0,-2023.9283560455422,30000.0,-2023.9283560455422,United States
US,TXN,4,0.0,0.0,-1988.6207710989688,40.0,0.0,-2028.6207710989688,40000.0,-2028.6207710989688,United States
US,ITRN,2,0.0,0.0,-2012.1722207276107,20.0,0.0,-2032.1722207276107,20000.0,-2032.1722207276107,United States
US,IMSR,2,0.0,0.0,-2013.3691946614206,20.0,0.0,-2033.3691946614206,20000.0,-2033.3691946614206,United States
US,RBC,5,0.0,0.0,-1985.2029623778321,50.0,0.0,-2035.2029623778321,50000.0,-2035.2029623778321,United States
US,LUD,1,0.0,0.0,-2036.3634282892397,10.0,0.0,-2046.3634282892397,10000.0,-2046.3634282892397,United States
US,CAVA,2,0.5,284.90380034767117,-1998.3824915366245,20.0,30.3708701038006,-2048.7533616404253,20000.0,-2018.3824915366245,United States
US,EOSE,1,0.0,0.0,-2039.215486813215,10.0,0.0,-2049.2154868132147,10000.0,-2049.2154868132147,United States
US,CPSH,3,0.3333333333333333,278.33017155853844,-1995.0804408042466,30.0,29.64462759346476,-2054.7250683977113,30000.0,-2025.0804408042466,United States
US,RYM,2,0.0,0.0,-2039.1643506477874,20.0,0.0,-2059.164350647787,20000.0,-2059.1643506477876,United States
US,WSC,5,0.0,0.0,-2011.209871531666,50.0,0.0,-2061.209871531666,50000.0,-2061.209871531666,United States
US,ADEA,1,0.0,0.0,-2055.2148409416336,10.0,0.0,-2065.2148409416336,10000.0,-2065.2148409416336,United States
US,LWLG,2,0.0,0.0,-2057.7131095477844,20.0,0.0,-2077.7131095477844,20000.0,-2077.7131095477844,United States
US,TEN,2,0.0,0.0,-2065.364883185341,20.0,0.0,-2085.364883185341,20000.0,-2085.364883185341,United States
US,DY,2,0.0,0.0,-2085.714073901771,20.0,0.0,-2105.714073901771,20000.0,-2105.714073901771,United States
US,GSIW,1,0.0,0.0,-2099.7145516531814,10.0,0.0,-2109.7145516531814,10000.0,-2109.7145516531814,United States
US,BMA,3,0.0,0.0,-2081.4587993604573,30.0,0.0,-2111.4587993604573,30000.0,-2111.4587993604573,United States
US,LOGI,3,0.0,0.0,-2081.9461086428337,30.0,0.0,-2111.9461086428337,30000.0,-2111.9461086428337,United States
US,VST,4,0.0,0.0,-2072.928035359757,40.0,0.0,-2112.928035359757,40000.0,-2112.928035359757,United States
US,QURE,3,0.3333333333333333,237.6321861413788,-2072.502874753257,30.0,25.148388447160805,-2127.651263200418,30000.0,-2102.502874753257,United States
US,KNF,4,0.0,0.0,-2088.8525240714616,40.0,0.0,-2128.8525240714616,40000.0,-2128.8525240714616,United States
US,NEXA,3,0.3333333333333333,518.638202784707,-2047.9668474684918,30.0,56.19342026944732,-2134.160267737939,30000.0,-2077.966847468492,United States
US,POET,2,0.0,0.0,-2124.7826695391645,20.0,0.0,-2144.7826695391645,20000.0,-2144.7826695391645,United States
US,LFTO,2,0.0,0.0,-2127.8512520121108,20.0,0.0,-2147.8512520121108,20000.0,-2147.8512520121108,United States
US,ELVR,2,0.5,187.22822081367775,-2119.844879859303,20.0,19.579850355842833,-2159.4247302151457,20000.0,-2139.844879859303,United States
US,HUBB,4,0.0,0.0,-2131.1684606813674,40.0,0.0,-2171.1684606813674,40000.0,-2171.1684606813674,United States
US,LEN-B,3,0.0,0.0,-2144.5270931312098,30.0,0.0,-2174.5270931312098,30000.0,-2174.5270931312098,United States
US,NG,2,0.5,153.22592950636204,-2141.6455719271808,20.0,15.823339273711397,-2177.4689112008923,20000.0,-2161.6455719271808,United States
US,PPTA,3,0.0,0.0,-2147.5123157728326,30.0,0.0,-2177.5123157728326,30000.0,-2177.5123157728326,United States
US,LEN,3,0.0,0.0,-2163.982374476011,30.0,0.0,-2193.982374476011,30000.0,-2193.982374476011,United States
US,HAWK,3,0.0,0.0,-2165.5636340535266,30.0,0.0,-2195.5636340535266,30000.0,-2195.5636340535266,United States
US,AIP,4,0.5,1365.1306085639314,-2010.434831970922,40.0,148.60757448123616,-2199.042406452158,40000.0,-2050.434831970922,United States
US,NVGS,3,0.0,0.0,-2171.340703550192,30.0,0.0,-2201.340703550192,30000.0,-2201.340703550192,United States
US,JKS,3,0.0,0.0,-2173.5782367664915,30.0,0.0,-2203.5782367664915,30000.0,-2203.5782367664915,United States
US,TX,3,0.0,0.0,-2178.8134241727585,30.0,0.0,-2208.8134241727585,30000.0,-2208.8134241727585,United States
US,MAIR,2,0.0,0.0,-2190.419550474525,20.0,0.0,-2210.419550474525,20000.0,-2210.419550474525,United States
US,HIMX,2,0.0,0.0,-2201.5773361823112,20.0,0.0,-2221.5773361823112,20000.0,-2221.5773361823112,United States
US,GGAL,4,0.25,176.6799957834775,-2185.4736105819848,40.0,18.41450170728755,-2243.8881122892726,40000.0,-2225.4736105819848,United States
US,SWBI,3,0.0,0.0,-2214.662828948698,30.0,0.0,-2244.662828948698,30000.0,-2244.662828948698,United States
US,PW,2,0.0,0.0,-2225.130756308871,20.0,0.0,-2245.130756308871,20000.0,-2245.130756308871,United States
US,PRM,4,0.0,0.0,-2218.5185934100436,40.0,0.0,-2258.5185934100436,40000.0,-2258.5185934100436,United States
US,GNRC,3,0.3333333333333333,166.93525196467053,-2221.3421466570526,30.0,17.337920196440834,-2268.6800668534934,30000.0,-2251.3421466570526,United States
US,BNKD,1,0.0,0.0,-2258.6829505320493,10.0,0.0,-2268.6829505320493,10000.0,-2268.6829505320493,United States
US,AEIS,2,0.0,0.0,-2257.299983087184,20.0,0.0,-2277.299983087184,20000.0,-2277.299983087184,United States
US,INTC,4,0.0,0.0,-2245.145636138567,40.0,0.0,-2285.145636138567,40000.0,-2285.145636138567,United States
US,TMDX,3,0.3333333333333333,327.4901481179504,-2231.1707575263895,30.0,35.075732076209434,-2296.246489602599,30000.0,-2261.1707575263895,United States
US,FUL,3,0.0,0.0,-2274.1664728318533,30.0,0.0,-2304.1664728318533,30000.0,-2304.1664728318533,United States
US,KC,5,0.2,470.18361747811707,-2223.1281598278943,50.0,50.84024612482355,-2323.9684059527176,50000.0,-2273.1281598278943,United States
US,ARBB,1,0.0,0.0,-2316.433599778822,10.0,0.0,-2326.433599778822,10000.0,-2326.433599778822,United States
US,ENVX,3,0.0,0.0,-2297.489464474167,30.0,0.0,-2327.489464474167,30000.0,-2327.489464474167,United States
US,DOCN,2,0.0,0.0,-2320.6402715897802,20.0,0.0,-2340.6402715897802,20000.0,-2340.6402715897802,United States
US,POWI,2,0.0,0.0,-2321.0488903478345,20.0,0.0,-2341.0488903478345,20000.0,-2341.0488903478345,United States
US,SG,2,0.5,977.0812804218676,-2217.6673079898933,20.0,106.84137472950188,-2344.5086827193954,20000.0,-2237.6673079898933,United States
US,ECOR,4,0.5,2671.8721298254854,-2018.0624750826287,40.0,292.9739926656534,-2351.036467748282,40000.0,-2058.0624750826287,United States
US,VGNT,3,0.0,0.0,-2321.3214157218645,30.0,0.0,-2351.3214157218645,30000.0,-2351.3214157218645,United States
US,NCSM,3,0.0,0.0,-2322.5933950871945,30.0,0.0,-2352.5933950871945,30000.0,-2352.5933950871945,United States
US,TEO,3,0.0,0.0,-2342.812272281435,30.0,0.0,-2372.812272281435,30000.0,-2372.812272281435,United States
US,VOYG,3,0.6666666666666666,2724.7880867311205,-2046.4672534306703,30.0,298.82005100157613,-2375.2873044322464,30000.0,-2076.46725343067,United States
US,RILYL,3,0.0,0.0,-2345.7714513712313,30.0,0.0,-2375.7714513712313,30000.0,-2375.7714513712313,United States
US,TU,3,0.0,0.0,-2354.135925783802,30.0,0.0,-2384.135925783802,30000.0,-2384.135925783802,United States
US,FIX,3,0.0,0.0,-2356.5691013886417,30.0,0.0,-2386.5691013886417,30000.0,-2386.5691013886417,United States
US,MESO,4,0.0,0.0,-2356.2556403286394,40.0,0.0,-2396.2556403286394,40000.0,-2396.2556403286394,United States
US,TH,5,0.2,138.8891537984205,-2337.1054245512014,50.0,14.23943846119975,-2401.344863012401,50000.0,-2387.1054245512014,United States
US,AFJKU,1,0.0,0.0,-2403.0376379490535,10.0,0.0,-2413.0376379490535,10000.0,-2413.0376379490535,United States
US,QMCO,1,0.0,0.0,-2403.8459093142774,10.0,0.0,-2413.8459093142774,10000.0,-2413.8459093142774,United States
US,AMKR,2,0.0,0.0,-2400.7763695218546,20.0,0.0,-2420.7763695218546,20000.0,-2420.7763695218546,United States
US,NUVB,2,0.0,0.0,-2404.1986525091743,20.0,0.0,-2424.1986525091743,20000.0,-2424.1986525091743,United States
US,BTQ,3,0.0,0.0,-2398.6387129699915,30.0,0.0,-2428.6387129699915,30000.0,-2428.6387129699915,United States
US,LYB,3,0.0,0.0,-2407.6766563485107,30.0,0.0,-2437.6766563485107,30000.0,-2437.6766563485107,United States
US,GTE,3,0.0,0.0,-2415.3870763985688,30.0,0.0,-2445.3870763985688,30000.0,-2445.3870763985688,United States
US,TDS,3,0.0,0.0,-2416.4689454643894,30.0,0.0,-2446.4689454643894,30000.0,-2446.4689454643894,United States
US,SITM,2,0.0,0.0,-2426.672420712498,20.0,0.0,-2446.672420712498,20000.0,-2446.672420712498,United States
US,FEIM,2,0.5,332.3211645542923,-2392.2412375046542,20.0,35.60945395445159,-2447.8506914591057,20000.0,-2412.2412375046542,United States
US,OLOX,2,0.0,0.0,-2437.7145613923294,20.0,0.0,-2457.7145613923294,20000.0,-2457.7145613923294,United States
US,WFRD,3,0.0,0.0,-2440.199242212427,30.0,0.0,-2470.199242212427,30000.0,-2470.199242212427,United States
US,MG,2,0.0,0.0,-2466.704156478732,20.0,0.0,-2486.704156478732,20000.0,-2486.704156478732,United States
US,FNGD,2,0.0,0.0,-2466.8608606528032,20.0,0.0,-2486.8608606528032,20000.0,-2486.8608606528032,United States
US,WW,2,0.0,0.0,-2466.9407649006394,20.0,0.0,-2486.9407649006394,20000.0,-2486.9407649006394,United States
US,RILYP,3,0.3333333333333333,7.958339098834699e-05,-2468.5288578603804,30.0,0.0,-2498.5288578603804,30000.0,-2498.5288578603804,United States
US,ARQQ,4,0.25,1201.8045389427323,-2344.3002688362926,40.0,131.66839016256733,-2515.9686589988596,40000.0,-2384.3002688362926,United States
US,PASG,1,0.0,0.0,-2516.3399939443552,10.0,0.0,-2526.3399939443552,10000.0,-2526.3399939443552,United States
US,CLF,2,0.0,0.0,-2509.9442762955414,20.0,0.0,-2529.9442762955414,20000.0,-2529.9442762955414,United States
US,AVLN,2,0.0,0.0,-2525.989286026701,20.0,0.0,-2545.989286026701,20000.0,-2545.989286026701,United States
US,ROG,4,0.25,119.25222013692505,-2495.3941452173553,40.0,12.069985871908619,-2547.464131089264,40000.0,-2535.3941452173553,United States
US,LENZ,4,0.5,683.0522664169658,-2443.401219125604,40.0,73.25280418063471,-2556.6540233062387,40000.0,-2483.401219125604,United States
US,WLK,4,0.0,0.0,-2544.38799220536,40.0,0.0,-2584.38799220536,40000.0,-2584.38799220536,United States
US,SILO,1,0.0,0.0,-2577.639425763433,10.0,0.0,-2587.639425763433,10000.0,-2587.639425763433,United States
US,CC,3,0.3333333333333333,90.18005493408587,-2550.4609642923924,30.0,8.858146123258377,-2589.319110415651,30000.0,-2580.4609642923924,United States
US,HCC,3,0.0,0.0,-2564.2043168679484,30.0,0.0,-2594.2043168679484,30000.0,-2594.2043168679484,United States
US,TER,4,0.5,749.3581182207065,-2491.3521371563465,40.0,80.57815366545977,-2611.930290821806,40000.0,-2531.3521371563465,United States
US,SEPN,5,0.0,0.0,-2566.105973946242,50.0,0.0,-2616.105973946242,50000.0,-2616.105973946242,United States
US,CTOS,5,0.2,603.3716142547796,-2503.157331639726,50.0,65.5546129119457,-2618.711944551672,50000.0,-2553.157331639726,United States
US,TK,2,0.0,0.0,-2604.580200884301,20.0,0.0,-2624.580200884301,20000.0,-2624.580200884301,United States
US,PDFS,4,0.5,1132.9200739634282,-2469.793433782478,40.0,122.95337845278273,-2632.7468122352607,40000.0,-2509.793433782478,United States
US,FTLF,4,0.0,0.0,-2598.6414177876914,40.0,0.0,-2638.6414177876914,40000.0,-2638.6414177876914,United States
US,CRCL,3,0.0,0.0,-2616.563002776461,30.0,0.0,-2646.563002776461,30000.0,-2646.563002776461,United States
US,SBMT,2,0.5,258.4812675808856,-2606.687378899375,20.0,27.45175691053602,-2654.139135809911,20000.0,-2626.687378899375,United States
US,MIR,4,0.0,0.0,-2617.7467610500717,40.0,0.0,-2657.7467610500717,40000.0,-2657.7467610500717,United States
US,ALM,2,0.0,0.0,-2650.9040139544722,20.0,0.0,-2670.9040139544722,20000.0,-2670.9040139544722,United States
US,COHU,5,0.2,736.3679680521295,-2551.7244154516784,50.0,80.24780733250307,-2681.972222784181,50000.0,-2601.7244154516784,United States
US,ANTX,3,0.3333333333333333,60.00041961669922,-2648.6944752658637,30.0,5.5239550977242775,-2684.2184303635877,30000.0,-2678.6944752658637,United States
US,BYRN,2,0.5,2318.840925244319,-2409.841097441834,20.0,255.07653128931375,-2684.9176287311475,20000.0,-2429.841097441834,United States
US,NNE,2,0.0,0.0,-2665.1564534774134,20.0,0.0,-2685.1564534774134,20000.0,-2685.1564534774134,United States
US,GMTL,2,0.0,0.0,-2669.8117037039838,20.0,0.0,-2689.8117037039838,20000.0,-2689.8117037039838,United States
US,NDRA,2,0.0,0.0,-2677.5339026372003,20.0,0.0,-2697.5339026372003,20000.0,-2697.5339026372003,United States
US,NBR,3,0.0,0.0,-2686.7615968787495,30.0,0.0,-2716.7615968787495,30000.0,-2716.7615968787495,United States
US,EQIX,4,0.0,0.0,-2681.9384983442783,40.0,0.0,-2721.9384983442783,40000.0,-2721.9384983442783,United States
US,MRAM,3,0.0,0.0,-2698.4271663225336,30.0,0.0,-2728.4271663225336,30000.0,-2728.4271663225336,United States
US,SMCIP,2,0.0,0.0,-2724.5258408017244,20.0,0.0,-2744.5258408017244,20000.0,-2744.5258408017244,United States
US,BOOM,3,0.0,0.0,-2715.684282285381,30.0,0.0,-2745.684282285381,30000.0,-2745.684282285381,United States
US,MEOH,3,0.0,0.0,-2722.398108707946,30.0,0.0,-2752.398108707946,30000.0,-2752.398108707946,United States
US,HNRG,3,0.0,0.0,-2724.1087315868463,30.0,0.0,-2754.1087315868463,30000.0,-2754.1087315868463,United States
US,FIGS,3,0.0,0.0,-2738.7375891179568,30.0,0.0,-2768.7375891179568,30000.0,-2768.7375891179568,United States
US,MU,4,0.25,99.56021919836245,-2729.5048323394567,40.0,9.894449550356741,-2779.399281889813,40000.0,-2769.5048323394567,United States
US,BRUN,4,0.0,0.0,-2756.060616373587,40.0,0.0,-2796.060616373587,40000.0,-2796.060616373587,United States
US,INV,2,0.0,0.0,-2794.306558721206,20.0,0.0,-2814.306558721206,20000.0,-2814.306558721206,United States
US,DLR,4,0.25,129.15236944218256,-2774.7849460289863,40.0,13.163736297249928,-2827.948682326236,40000.0,-2814.7849460289863,United States
US,ARW,3,0.0,0.0,-2828.5301197498216,30.0,0.0,-2858.5301197498216,30000.0,-2858.5301197498216,United States
US,HLIO,4,0.0,0.0,-2818.9445323546925,40.0,0.0,-2858.9445323546925,40000.0,-2858.9445323546925,United States
US,DOW,3,0.0,0.0,-2836.6728459376945,30.0,0.0,-2866.6728459376945,30000.0,-2866.6728459376945,United States
US,VPG,2,0.5,53.06327563963542,-2843.196169518488,20.0,4.757552092919284,-2867.953721611407,20000.0,-2863.196169518488,United States
US,EDHL,1,0.0,0.0,-2859.531804470713,10.0,0.0,-2869.531804470713,10000.0,-2869.531804470713,United States
US,MOVE,3,0.0,0.0,-2842.3020669471766,30.0,0.0,-2872.3020669471766,30000.0,-2872.3020669471766,United States
US,STRS,1,0.0,0.0,-2865.0327662085106,10.0,0.0,-2875.0327662085106,10000.0,-2875.0327662085106,United States
US,JOE,4,0.0,0.0,-2846.285743186836,40.0,0.0,-2886.285743186836,40000.0,-2886.285743186836,United States
US,CPRI,4,0.0,0.0,-2854.047557152435,40.0,0.0,-2894.047557152435,40000.0,-2894.047557152435,United States
US,CRDO,3,0.0,0.0,-2872.998567073992,30.0,0.0,-2902.998567073992,30000.0,-2902.998567073992,United States
US,LEU,3,0.0,0.0,-2878.1110037357216,30.0,0.0,-2908.1110037357216,30000.0,-2908.1110037357216,United States
US,QXL,4,0.0,0.0,-2877.0458131653695,40.0,0.0,-2917.0458131653695,40000.0,-2917.0458131653695,United States
US,CEG,3,0.0,0.0,-2897.204487964581,30.0,0.0,-2927.204487964581,30000.0,-2927.204487964581,United States
US,ASYS,3,0.3333333333333333,83.62026561731462,-2911.7195006327047,30.0,8.13343257256902,-2949.8529332052735,30000.0,-2941.7195006327047,United States
US,IRM,4,0.25,167.40993668959757,-2911.324776953749,40.0,17.390362498448972,-2968.715139452198,40000.0,-2951.324776953749,United States
US,RYAM,3,0.0,0.0,-2938.7457232207425,30.0,0.0,-2968.7457232207425,30000.0,-2968.7457232207425,United States
US,ARM,2,0.0,0.0,-2971.091659041721,20.0,0.0,-2991.091659041721,20000.0,-2991.091659041721,United States
US,CORZ,2,0.0,0.0,-2973.251159626107,20.0,0.0,-2993.251159626107,20000.0,-2993.251159626107,United States
US,WULF,2,0.0,0.0,-2980.033250109206,20.0,0.0,-3000.033250109206,20000.0,-3000.033250109206,United States
US,RCI,3,0.0,0.0,-3015.3798872634675,30.0,0.0,-3045.3798872634675,30000.0,-3045.3798872634675,United States
US,AA,3,0.0,0.0,-3025.586722361675,30.0,0.0,-3055.586722361675,30000.0,-3055.586722361675,United States
US,TOYO,2,0.0,0.0,-3036.258246084514,20.0,0.0,-3056.258246084514,20000.0,-3056.258246084514,United States
US,WS,2,0.0,0.0,-3064.0967095725746,20.0,0.0,-3084.0967095725746,20000.0,-3084.0967095725746,United States
US,SUNB,4,0.0,0.0,-3076.8235031008153,40.0,0.0,-3116.8235031008153,40000.0,-3116.8235031008153,United States
US,PIPR,4,0.0,0.0,-3088.487745761559,40.0,0.0,-3128.487745761559,40000.0,-3128.487745761559,United States
US,FLS,3,0.0,0.0,-3107.485159937109,30.0,0.0,-3137.485159937109,30000.0,-3137.485159937109,United States
US,MTSI,2,0.0,0.0,-3129.721379740682,20.0,0.0,-3149.721379740682,20000.0,-3149.721379740682,United States
US,OPTX,4,0.75,1705.4569478340543,-2964.989557533406,40.0,185.10142552712566,-3190.0909830605315,40000.0,-3004.989557533406,United States
US,QUIK,3,0.0,0.0,-3160.2867865654794,30.0,0.0,-3190.2867865654794,30000.0,-3190.2867865654794,United States
US,TLN,3,0.0,0.0,-3166.5451729572324,30.0,0.0,-3196.5451729572324,30000.0,-3196.5451729572324,United States
US,NUCL,2,0.0,0.0,-3186.140140470071,20.0,0.0,-3206.140140470071,20000.0,-3206.140140470071,United States
US,ACLS,4,0.25,424.9971840906519,-3127.728110806958,40.0,45.84813143914394,-3213.5762422461016,40000.0,-3167.728110806958,United States
US,OMER,4,0.0,0.0,-3214.598033680003,40.0,0.0,-3254.598033680003,40000.0,-3254.598033680003,United States
US,LEGN,2,0.5,522.7351914244327,-3217.6178723923654,20.0,56.646048096478054,-3294.2639204888433,20000.0,-3237.6178723923654,United States
US,TNK,3,0.0,0.0,-3267.2146701485517,30.0,0.0,-3297.2146701485517,30000.0,-3297.2146701485517,United States
US,UNFI,3,0.0,0.0,-3296.5070850589964,30.0,0.0,-3326.5070850589964,30000.0,-3326.5070850589964,United States
US,FORM,4,0.25,303.9431950985727,-3268.766938433998,40.0,32.47430768488645,-3341.241246118884,40000.0,-3308.766938433998,United States
US,YPF,4,0.0,0.0,-3311.6423352995207,40.0,0.0,-3351.6423352995207,40000.0,-3351.6423352995207,United States
US,KEYS,4,0.0,0.0,-3312.7368129626334,40.0,0.0,-3352.7368129626334,40000.0,-3352.7368129626334,United States
US,APO,4,0.25,54.31636646739513,-3315.528620916729,40.0,4.895991280409681,-3360.4246121971387,40000.0,-3355.528620916729,United States
US,BESS,1,0.0,0.0,-3350.5156605514053,10.0,0.0,-3360.5156605514053,10000.0,-3360.5156605514053,United States
US,WOR,5,0.0,0.0,-3315.208042228076,50.0,0.0,-3365.208042228076,50000.0,-3365.208042228076,United States
US,SQM,4,0.25,56.079420471399914,-3324.513660444158,40.0,5.090770268819066,-3369.6044307129773,40000.0,-3364.513660444158,United States
US,SUPV,4,0.25,125.56106648980547,-3339.873784923513,40.0,12.76697570197224,-3392.640760625485,40000.0,-3379.873784923513,United States
US,SMCI,2,0.0,0.0,-3391.1417880180807,20.0,0.0,-3411.1417880180807,20000.0,-3411.1417880180807,United States
US,PTHS,4,0.0,0.0,-3378.9966411096007,40.0,0.0,-3418.9966411096007,40000.0,-3418.9966411096007,United States
US,WLDN,3,0.0,0.0,-3409.575127380658,30.0,0.0,-3439.575127380658,30000.0,-3439.575127380658,United States
US,STNG,3,0.0,0.0,-3433.0719507225526,30.0,0.0,-3463.0719507225526,30000.0,-3463.0719507225526,United States
US,INOD,3,0.0,0.0,-3443.8928585284125,30.0,0.0,-3473.8928585284125,30000.0,-3473.8928585284125,United States
US,ARI,1,0.0,0.0,-3487.9406484911747,10.0,0.0,-3497.9406484911747,10000.0,-3497.9406484911747,United States
US,RMIX,5,0.0,0.0,-3471.1636407079795,50.0,0.0,-3521.1636407079795,50000.0,-3521.1636407079795,United States
US,Q,4,0.0,0.0,-3495.255811036917,40.0,0.0,-3535.255811036917,40000.0,-3535.255811036917,United States
US,PSNY,3,0.3333333333333333,139.65083476611184,-3591.1038612692887,30.0,14.32358758427857,-3635.4274488535675,30000.0,-3621.1038612692887,United States
US,MAAS,5,0.2,6316.199971136647,-2889.2500820934683,50.0,696.697462638787,-3635.9475447322557,50000.0,-2939.2500820934683,United States
US,NVA,2,0.0,0.0,-3657.8811432307493,20.0,0.0,-3677.8811432307493,20000.0,-3677.8811432307493,United States
US,VVX,3,0.0,0.0,-3689.839034444565,30.0,0.0,-3719.839034444565,30000.0,-3719.839034444565,United States
US,UUU,1,0.0,0.0,-3754.098454459769,10.0,0.0,-3764.098454459769,10000.0,-3764.098454459769,United States
US,AIBZ,3,0.0,0.0,-3741.534335465585,30.0,0.0,-3771.534335465585,30000.0,-3771.534335465585,United States
US,AXTI,2,0.0,0.0,-3766.10680100525,20.0,0.0,-3786.10680100525,20000.0,-3786.10680100525,United States
US,VSH,1,0.0,0.0,-3781.57020022031,10.0,0.0,-3791.57020022031,10000.0,-3791.57020022031,United States
US,REA,2,0.0,0.0,-3781.6750477908863,20.0,0.0,-3801.6750477908863,20000.0,-3801.6750477908863,United States
US,ALB,3,0.0,0.0,-3785.6470349077485,30.0,0.0,-3815.6470349077485,30000.0,-3815.6470349077485,United States
US,BW,2,0.0,0.0,-3816.285835654153,20.0,0.0,-3836.285835654153,20000.0,-3836.285835654153,United States
US,FLNC,3,0.0,0.0,-3824.6083259060492,30.0,0.0,-3854.6083259060492,30000.0,-3854.6083259060492,United States
US,STX,3,0.0,0.0,-3864.3621380123795,30.0,0.0,-3894.3621380123795,30000.0,-3894.3621380123795,United States
US,CRWV,2,0.0,0.0,-3883.5678252214657,20.0,0.0,-3903.5678252214657,20000.0,-3903.5678252214657,United States
US,CCOI,4,0.0,0.0,-3905.2933955252333,40.0,0.0,-3945.2933955252333,40000.0,-3945.2933955252333,United States
US,PCT,3,0.0,0.0,-3926.57624557353,30.0,0.0,-3956.57624557353,30000.0,-3956.57624557353,United States
US,AUPH,4,0.25,200.48658294492316,-3911.5869490666055,40.0,21.044610004738004,-3972.6315590713434,40000.0,-3951.5869490666055,United States
US,WDC,3,0.0,0.0,-3948.4410936982067,30.0,0.0,-3978.4410936982067,30000.0,-3978.4410936982067,United States
US,APO-PA,5,0.2,57.72950941358657,-3955.0446482427947,50.0,5.273069083384338,-4010.317717326179,50000.0,-4005.0446482427947,United States
US,BWXT,5,0.0,0.0,-3969.7018245476147,50.0,0.0,-4019.7018245476147,50000.0,-4019.7018245476147,United States
US,METCB,2,0.0,0.0,-4032.5225496172498,20.0,0.0,-4052.5225496172498,20000.0,-4052.5225496172498,United States
US,ASC,3,0.0,0.0,-4050.361659235552,30.0,0.0,-4080.361659235552,30000.0,-4080.361659235552,United States
US,FJET,1,0.0,0.0,-4103.703675446687,10.0,0.0,-4113.703675446687,10000.0,-4113.703675446687,United States
US,HUHU,4,0.0,0.0,-4105.034053412294,40.0,0.0,-4145.034053412294,40000.0,-4145.034053412294,United States
US,STLD,4,0.0,0.0,-4148.555989214898,40.0,0.0,-4188.555989214898,40000.0,-4188.555989214898,United States
US,SDOT,1,0.0,0.0,-4202.603742880389,10.0,0.0,-4212.603742880389,10000.0,-4212.603742880389,United States
US,TROX,3,0.0,0.0,-4201.798234324373,30.0,0.0,-4231.798234324373,30000.0,-4231.798234324373,United States
US,SPRC,2,0.0,0.0,-4220.958588755439,20.0,0.0,-4240.958588755439,20000.0,-4240.958588755439,United States
US,AP,2,0.0,0.0,-4255.803024392508,20.0,0.0,-4275.803024392508,20000.0,-4275.803024392508,United States
US,CAMT,3,0.0,0.0,-4270.588849383283,30.0,0.0,-4300.588849383283,30000.0,-4300.588849383283,United States
US,SENS,4,0.25,445.2692290184013,-4264.771232161103,40.0,48.08774996191604,-4352.858982123019,40000.0,-4304.771232161103,United States
US,DHT,4,0.0,0.0,-4323.023218075366,40.0,0.0,-4363.023218075366,40000.0,-4363.023218075366,United States
US,ROAD,4,0.0,0.0,-4359.263709309009,40.0,0.0,-4399.263709309009,40000.0,-4399.263709309009,United States
US,HUN,4,0.0,0.0,-4366.753812613887,40.0,0.0,-4406.753812613887,40000.0,-4406.753812613887,United States
US,MOBI,3,0.0,0.0,-4443.767940232742,30.0,0.0,-4473.767940232742,30000.0,-4473.767940232742,United States
US,YSS,3,0.3333333333333333,358.598238098593,-4482.350003908435,30.0,38.51249707831044,-4550.8625009867455,30000.0,-4512.350003908435,United States
US,QNT,4,0.0,0.0,-4588.913825524154,40.0,0.0,-4628.913825524154,40000.0,-4628.913825524154,United States
US,ENTG,5,0.0,0.0,-4639.075978536286,50.0,0.0,-4689.075978536286,50000.0,-4689.075978536286,United States
US,FRO,5,0.2,10.772466723756313,-4651.15324432969,50.0,0.08534071372254913,-4701.238585043412,50000.0,-4701.15324432969,United States
US,BGC,5,0.2,169.49118512959106,-4693.603343860742,50.0,17.620295027373047,-4761.223638888115,50000.0,-4743.603343860742,United States
US,JEF,5,0.2,417.9331596861502,-4722.449206458646,50.0,45.0677109162997,-4817.516917374945,50000.0,-4772.449206458646,United States
US,PWRL,2,0.0,0.0,-4878.040752093403,20.0,0.0,-4898.040752093403,20000.0,-4898.040752093403,United States
US,WYFI,4,0.0,0.0,-4861.110415226392,40.0,0.0,-4901.110415226392,40000.0,-4901.110415226392,United States
US,BIRD,2,0.0,0.0,-4962.507952909473,20.0,0.0,-4982.507952909473,20000.0,-4982.507952909473,United States
US,IMAX,5,0.0,0.0,-4963.5891736907415,50.0,0.0,-5013.589173690741,50000.0,-5013.5891736907415,United States
US,BRAI,4,0.25,141.59295411236394,-4971.942104339612,40.0,14.538149384866644,-5026.48025372448,40000.0,-5011.942104339612,United States
US,PLSM,2,0.0,0.0,-5035.480699563467,20.0,0.0,-5055.480699563467,20000.0,-5055.480699563467,United States
US,BE,4,0.0,0.0,-5054.916681659869,40.0,0.0,-5094.916681659869,40000.0,-5094.916681659869,United States
US,SNDK,5,0.2,349.46002598861935,-5019.319898023368,50.0,37.5029240836047,-5106.822822106973,50000.0,-5069.319898023368,United States
US,MNTS,3,0.0,0.0,-5109.217731026511,30.0,0.0,-5139.217731026511,30000.0,-5139.217731026511,United States
US,HTCO,1,0.0,0.0,-5146.804934750361,10.0,0.0,-5156.804934750361,10000.0,-5156.804934750361,United States
US,FUN,3,0.0,0.0,-5140.425070197477,30.0,0.0,-5170.425070197477,30000.0,-5170.425070197477,United States
US,CAR,4,0.0,0.0,-5220.76371705453,40.0,0.0,-5260.76371705453,40000.0,-5260.76371705453,United States
US,PDC,3,0.0,0.0,-5325.701652702452,30.0,0.0,-5355.701652702452,30000.0,-5355.701652702452,United States
US,IREN,3,0.0,0.0,-5356.768849516784,30.0,0.0,-5386.768849516784,30000.0,-5386.768849516784,United States
US,NXTS,2,0.0,0.0,-5392.719709888388,20.0,0.0,-5412.719709888388,20000.0,-5412.719709888388,United States
US,OCC,2,0.0,0.0,-5397.305474526733,20.0,0.0,-5417.305474526733,20000.0,-5417.305474526733,United States
US,ORCL-PD,4,0.0,0.0,-5398.6900278507255,40.0,0.0,-5438.6900278507255,40000.0,-5438.6900278507255,United States
US,SPCE,1,0.0,0.0,-5479.930341763855,10.0,0.0,-5489.930341763855,10000.0,-5489.930341763855,United States
US,CMC,4,0.0,0.0,-5461.23571193253,40.0,0.0,-5501.23571193253,40000.0,-5501.23571193253,United States
US,VECO,3,0.0,0.0,-5479.370400105869,30.0,0.0,-5509.370400105869,30000.0,-5509.370400105869,United States
US,VCX,3,0.3333333333333333,169.76733540379652,-5509.50521266955,30.0,17.650803605633573,-5557.156016275184,30000.0,-5539.50521266955,United States
US,COCO,4,0.0,0.0,-5589.364949340809,40.0,0.0,-5629.364949340809,40000.0,-5629.364949340809,United States
US,NVMI,5,0.0,0.0,-5822.326464946388,50.0,0.0,-5872.326464946388,50000.0,-5872.326464946388,United States
US,ZSQR,3,0.0,0.0,-5877.232348467493,30.0,0.0,-5907.232348467493,30000.0,-5907.232348467493,United States
US,HWKN,4,0.0,0.0,-5871.624718084627,40.0,0.0,-5911.624718084627,40000.0,-5911.624718084627,United States
US,NVTS,3,0.0,0.0,-5898.255459072656,30.0,0.0,-5928.255459072656,30000.0,-5928.255459072656,United States
US,DGXX,3,0.0,0.0,-5935.79544293323,30.0,0.0,-5965.79544293323,30000.0,-5965.79544293323,United States
US,EQPT,4,0.0,0.0,-5939.85686281384,40.0,0.0,-5979.85686281384,40000.0,-5979.85686281384,United States
US,ALAR,1,0.0,0.0,-6140.350972799431,10.0,0.0,-6150.350972799431,10000.0,-6150.350972799431,United States
US,TVGN,1,0.0,0.0,-6221.079822268972,10.0,0.0,-6231.079822268972,10000.0,-6231.079822268972,United States
US,TRT,3,0.0,0.0,-6221.396910241993,30.0,0.0,-6251.396910241993,30000.0,-6251.396910241993,United States
US,NBIS,4,0.0,0.0,-6234.627705460414,40.0,0.0,-6274.627705460414,40000.0,-6274.627705460414,United States
US,ORCL,4,0.0,0.0,-6343.166729890077,40.0,0.0,-6383.166729890077,40000.0,-6383.166729890077,United States
US,AEHR,3,0.0,0.0,-6383.599499844085,30.0,0.0,-6413.599499844085,30000.0,-6413.599499844085,United States
US,GLXY,3,0.0,0.0,-6403.047685591533,30.0,0.0,-6433.047685591533,30000.0,-6433.047685591533,United States
US,HTFL,5,0.2,359.6903906424176,-6349.282108266729,50.0,38.63315609793869,-6437.915264364668,50000.0,-6399.282108266729,United States
US,INIO,4,0.0,0.0,-6408.978348317749,40.0,0.0,-6448.978348317749,40000.0,-6448.978348317749,United States
US,SPRY,4,0.25,386.53357070580483,-6425.784683627244,40.0,41.59874163675997,-6507.383425264004,40000.0,-6465.784683627244,United States
US,AFJK,1,0.0,0.0,-6513.654851830331,10.0,0.0,-6523.654851830331,10000.0,-6523.654851830331,United States
US,ATRO,5,0.2,633.0689749390972,-6510.964412100524,50.0,68.83552311627334,-6629.799935216797,50000.0,-6560.964412100524,United States
US,HQ,4,0.0,0.0,-6758.586585125472,40.0,0.0,-6798.586585125472,40000.0,-6798.586585125472,United States
US,LESL,2,0.0,0.0,-6827.5732849607075,20.0,0.0,-6847.5732849607075,20000.0,-6847.5732849607075,United States
US,AMPG,4,0.0,0.0,-6847.363385608069,40.0,0.0,-6887.363385608069,40000.0,-6887.363385608069,United States
US,MLI,2,0.0,0.0,-6879.38594623037,20.0,0.0,-6899.38594623037,20000.0,-6899.38594623037,United States
US,ARDX,5,0.0,0.0,-6982.249275270433,50.0,0.0,-7032.249275270433,50000.0,-7032.249275270433,United States
US,WYHG,2,0.0,0.0,-7041.756955800514,20.0,0.0,-7061.756955800514,20000.0,-7061.756955800514,United States
US,QH,4,0.25,47.9232617460501,-7065.512308583693,40.0,4.189692739587748,-7109.7020013232805,40000.0,-7105.512308583693,United States
US,CIFR,4,0.0,0.0,-7215.942331466964,40.0,0.0,-7255.942331466964,40000.0,-7255.942331466964,United States
US,WEST,3,0.0,0.0,-7234.048352163929,30.0,0.0,-7264.048352163929,30000.0,-7264.048352163929,United States
US,BGDE,4,0.0,0.0,-7567.316379418161,40.0,0.0,-7607.316379418161,40000.0,-7607.316379418161,United States
US,CHRN,4,0.0,0.0,-7846.76299035688,40.0,0.0,-7886.76299035688,40000.0,-7886.76299035688,United States
US,SSTK,2,0.0,0.0,-7880.136435086337,20.0,0.0,-7900.136435086337,20000.0,-7900.136435086337,United States
US,TTMI,4,0.0,0.0,-8443.443120689673,40.0,0.0,-8483.443120689673,40000.0,-8483.443120689673,United States
US,CAPR,4,0.0,0.0,-8686.606039765229,40.0,0.0,-8726.606039765229,40000.0,-8726.606039765229,United States
US,ASTI,3,0.0,0.0,-8954.151073206694,30.0,0.0,-8984.151073206694,30000.0,-8984.151073206694,United States
US,HYLN,2,0.0,0.0,-9106.393156324266,20.0,0.0,-9126.393156324266,20000.0,-9126.393156324266,United States
US,ALOY,4,0.0,0.0,-9247.633900148763,40.0,0.0,-9287.633900148763,40000.0,-9287.633900148763,United States
US,SNEX,5,0.0,0.0,-9330.600354459904,50.0,0.0,-9380.600354459904,50000.0,-9380.600354459904,United States
US,RGC,3,0.0,0.0,-9365.320439954108,30.0,0.0,-9395.320439954108,30000.0,-9395.320439954108,United States
US,SOC,2,0.0,0.0,-9808.394300082771,20.0,0.0,-9828.394300082771,20000.0,-9828.394300082771,United States
US,FAC,4,0.0,0.0,-10501.216212439236,40.0,0.0,-10541.216212439236,40000.0,-10541.216212439236,United States
US,HQWWW,4,0.0,0.0,-11048.89779216698,40.0,0.0,-11088.89779216698,40000.0,-11088.89779216698,United States
US,STI,3,0.0,0.0,-11146.611954409065,30.0,0.0,-11176.611954409065,30000.0,-11176.611954409065,United States
US,CAST,3,0.0,0.0,-12066.218550617774,30.0,0.0,-12096.218550617774,30000.0,-12096.218550617774,United States
US,TMCR,5,0.0,0.0,-12148.645921811569,50.0,0.0,-12198.645921811569,50000.0,-12198.645921811569,United States
US,UNCY,5,0.2,1240.8756339637027,-12147.162729329328,50.0,135.9848934273255,-12333.147622756653,50000.0,-12197.162729329328,United States
US,EVMN,3,0.0,0.0,-14196.411016649909,30.0,0.0,-14226.411016649909,30000.0,-14226.411016649909,United States
US,TC,2,0.0,0.0,-14860.30966972296,20.0,0.0,-14880.30966972296,20000.0,-14880.30966972296,United States
US,VELO,5,0.0,0.0,-15227.695706618491,50.0,0.0,-15277.695706618491,50000.0,-15277.695706618491,United States
US,AIAI,4,0.0,0.0,-15890.711563488787,40.0,0.0,-15930.711563488787,40000.0,-15930.711563488787,United States
US,JLHL,4,0.0,0.0,-23402.386588179594,40.0,0.0,-23442.386588179594,40000.0,-23442.386588179594,United States
US,PSIG,4,0.0,0.0,-35535.44504312093,40.0,0.0,-35575.44504312093,40000.0,-35575.44504312093,United States
