market,symbol,evict_date,rsi_at_evict,drift_at_evict,outcome,days,exit_ret_pct
IN,BANCOINDIA,2016-08-05,,0.0,PEAD_Q5,63,-2.27
IN,SPARC,2016-08-05,,0.0,PEAD_Q5,63,-18.63
IN,RPGLIFE,2016-08-10,,0.0,PEAD_Q5,63,7.4
IN,J&KBANK,2016-08-17,,0.0,PEAD_Q5,63,-16.56
IN,NOCIL,2016-08-17,,0.0,PEAD_Q5,63,5.07
IN,JAMNAAUTO,2016-08-17,,0.0,PEAD_Q5,63,-25.25
IN,NEULANDLAB,2016-08-18,,0.0,PEAD_Q5,63,5.83
IN,KESORAMIND,2016-08-18,,0.0,PEAD_Q5,63,-5.85
IN,CENTRALBK,2016-08-18,,0.0,PEAD_Q5,63,-22.59
IN,PFC,2016-08-18,,0.0,PEAD_Q5,63,6.15
IN,INDIANB,2016-08-18,,0.0,PEAD_Q5,63,7.39
IN,MAHASTEEL,2016-08-30,,0.0,PEAD_Q5,63,-52.85
IN,ORIENTBANK,2016-08-31,,0.0,PEAD_Q5,63,-5.61
IN,ALBK,2016-08-31,,0.0,PEAD_Q5,63,-19.19
IN,DHAMPURSUG,2016-09-14,,0.0,PEAD_Q5,63,5.45
IN,BOMDYEING,2016-09-14,,0.0,PEAD_Q5,63,-18.02
IN,RUSHIL,2016-09-15,,0.0,PEAD_Q5,63,18.57
IN,KWALITY,2016-09-22,,0.0,PEAD_Q5,63,-16.58
IN,ICIL,2016-09-22,,0.0,PEAD_Q5,63,-5.5
IN,CENTENKA,2016-09-23,,0.0,PEAD_Q5,63,-4.11
IN,GITANJALI,2016-09-23,,0.0,PEAD_Q5,63,-16.58
IN,JUBLFOOD,2016-09-26,,0.0,PEAD_Q5,63,-13.38
IN,IGL,2016-09-27,,0.0,PEAD_Q5,63,15.0
IN,BIRLACORPN,2016-09-29,,0.0,PEAD_Q5,63,-6.49
IN,BALKRISIND,2016-09-29,,0.0,PEAD_Q5,63,19.02
IN,BASF,2016-09-29,,0.0,PEAD_Q5,63,-3.39
IN,CEATLTD,2016-09-30,,0.0,PEAD_Q5,63,-10.02
IN,HINDZINC,2016-10-04,,0.0,PEAD_Q5,63,3.95
IN,ENGINERSIN,2016-10-04,,0.0,PEAD_Q5,63,22.22
IN,GAIL,2016-10-04,,0.0,PEAD_Q5,63,9.86
IN,MRPL,2016-10-04,,0.0,PEAD_Q5,63,23.27
IN,HINDOILEXP,2016-10-04,,0.0,PEAD_Q5,63,17.77
IN,JYOTHYLAB,2016-10-04,,0.0,PEAD_Q5,63,-7.24
IN,CENTURYPLY,2016-10-04,,0.0,PEAD_Q5,63,-30.82
IN,MANGLMCEM,2016-10-04,,0.0,PEAD_Q5,63,-21.67
IN,FRETAIL,2016-10-05,,0.0,PEAD_Q5,63,-4.37
IN,SHILPAMED,2016-10-05,,0.0,PEAD_Q5,63,15.78
IN,GSFC,2016-10-05,,0.0,PEAD_Q5,63,16.76
IN,PETRONET,2016-10-05,,0.0,PEAD_Q5,63,0.93
IN,PATELENG,2016-10-05,,0.0,PEAD_Q5,63,-20.86
IN,RTNPOWER,2016-10-05,,0.0,PEAD_Q5,63,-19.44
IN,NBCC,2016-10-05,,0.0,PEAD_Q5,63,-10.65
IN,UNICHEMLAB,2016-10-05,,0.0,PEAD_Q5,63,-3.02
IN,ONGC,2016-10-05,,0.0,PEAD_Q5,63,13.94
IN,METALFORGE,2016-10-05,,0.0,PEAD_Q5,63,-19.69
IN,WSTCSTPAPR,2016-10-05,,0.0,PEAD_Q5,63,11.13
IN,RENUKA,2016-10-06,,0.0,PEAD_Q5,63,-7.85
IN,ABAN,2016-10-17,,0.0,PEAD_Q5,63,-12.87
IN,CYIENT,2016-10-17,,0.0,PEAD_Q5,63,-1.28
IN,SUMEETINDS,2016-10-20,,0.0,PEAD_Q5,63,-5.01
IN,SYNGENE,2016-10-24,,0.0,PEAD_Q5,63,2.53
IN,RBLBANK,2016-10-26,,0.0,PEAD_Q5,63,10.36
IN,PIIND,2016-10-27,,0.0,PEAD_Q5,63,3.1
IN,TIRUMALCHM,2016-10-27,,0.0,PEAD_Q5,63,8.04
IN,APTECHT,2016-10-27,,0.0,PEAD_Q5,63,-11.2
IN,VGUARD,2016-10-27,,0.0,PEAD_Q5,63,-7.33
IN,KIRLOSBROS,2016-10-28,,0.0,PEAD_Q5,63,11.08
IN,IIFL,2016-11-01,,0.0,PEAD_Q5,63,-6.41
IN,NAUKRI,2016-11-02,,0.0,PEAD_Q5,63,-11.83
IN,SONATSOFTW,2016-11-07,,0.0,PEAD_Q5,63,18.48
IN,PNB,2016-11-09,,0.0,PEAD_Q5,63,5.41
IN,KELLTONTEC,2016-11-09,,0.0,PEAD_Q5,63,9.65
IN,SREINFRA,2016-11-09,,0.0,PEAD_Q5,63,8.37
IN,DENABANK,2016-11-11,,0.0,PEAD_Q5,63,5.14
IN,UNIONBANK,2016-11-11,,0.0,PEAD_Q5,63,4.38
IN,VOLTAMP,2016-11-11,,0.0,PEAD_Q5,63,12.94
IN,MAXINDIA,2016-11-11,,0.0,PEAD_Q5,63,0.91
IN,WABAG,2016-11-11,,0.0,PEAD_Q5,63,-4.39
IN,MOREPENLAB,2016-11-11,,0.0,PEAD_Q5,63,-5.43
IN,PFS,2016-11-11,,0.0,PEAD_Q5,63,7.68
IN,KEC,2016-11-11,,0.0,PEAD_Q5,63,16.23
IN,RECLTD,2016-11-15,,0.0,PEAD_Q5,63,15.29
IN,SUNPHARMA,2016-11-15,,0.0,PEAD_Q5,63,-4.07
IN,TATACOMM,2016-11-15,,0.0,PEAD_Q5,63,22.81
IN,NATCOPHARM,2016-11-17,,0.0,PEAD_Q5,63,15.25
IN,OMKARCHEM,2016-11-22,,0.0,PEAD_Q5,63,4.06
IN,VOLTAS,2016-11-23,,0.0,PEAD_Q5,63,20.75
IN,SIGNET,2016-11-23,,0.0,PEAD_Q5,63,-13.29
IN,NITCO,2016-11-24,,0.0,PEAD_Q5,63,16.14
IN,FIEMIND,2016-11-24,,0.0,PEAD_Q5,63,-10.47
IN,SUDARSCHEM,2016-11-24,,0.0,PEAD_Q5,63,12.13
IN,TIMKEN,2016-11-30,,0.0,PEAD_Q5,63,8.52
IN,BGRENERGY,2016-12-07,,0.0,PEAD_Q5,63,13.57
IN,IL&FSTRANS,2016-12-12,,0.0,PEAD_Q5,63,-0.54
IN,JKIL,2016-12-14,,0.0,PEAD_Q5,63,22.44
IN,SUNTECK,2016-12-15,,0.0,PEAD_Q5,63,55.59
IN,NILKAMAL,2017-01-11,,0.0,PEAD_Q5,63,30.84
IN,MASTEK,2017-01-19,,0.0,PEAD_Q5,63,43.4
IN,HINDOILEXP,2017-01-20,,0.0,PEAD_Q5,63,13.8
IN,SUMEETINDS,2017-01-25,,0.0,PEAD_Q5,63,-10.15
IN,DLINKINDIA,2017-01-25,,0.0,PEAD_Q5,63,12.47
IN,QUESS,2017-01-27,,0.0,PEAD_Q5,63,11.23
IN,TRENT,2017-01-27,,0.0,PEAD_Q5,63,3.16
IN,IRB,2017-01-30,,0.0,PEAD_Q5,63,13.51
IN,BHARATFIN,2017-01-30,,0.0,PEAD_Q5,63,5.82
IN,PNBHOUSING,2017-01-30,,0.0,PEAD_Q5,63,50.92
IN,PNBGILTS,2017-02-01,,0.0,PEAD_Q5,63,-3.63
IN,BHARTIARTL,2017-02-01,,0.0,PEAD_Q5,63,1.8
IN,KITEX,2017-02-01,,0.0,PEAD_Q5,63,-8.01
IN,VGUARD,2017-02-02,,0.0,PEAD_Q5,63,42.09
IN,INDIACEM,2017-02-02,,0.0,PEAD_Q5,63,31.22
IN,EMAMILTD,2017-02-03,,0.0,PEAD_Q5,63,-5.53
IN,ICICIBANK,2017-02-03,,0.0,PEAD_Q5,63,6.07
IN,SANGHIIND,2017-02-06,,0.0,PEAD_Q5,63,27.05
IN,UCOBANK,2017-02-06,,0.0,PEAD_Q5,63,11.99
IN,CUMMINSIND,2017-02-06,,0.0,PEAD_Q5,63,14.71
IN,KEI,2017-02-07,,0.0,PEAD_Q5,63,28.35
IN,SUNDRMFAST,2017-02-07,,0.0,PEAD_Q5,63,14.99
IN,RENUKA,2017-02-07,,0.0,PEAD_Q5,63,-12.42
IN,KMSUGAR,2017-02-07,,0.0,PEAD_Q5,63,-36.54
IN,ANDHRSUGAR,2017-02-08,,0.0,PEAD_Q5,63,20.31
IN,JKCEMENT,2017-02-08,,0.0,PEAD_Q5,63,33.4
IN,INDHOTEL,2017-02-08,,0.0,PEAD_Q5,63,18.64
IN,DHANUKA,2017-02-10,,0.0,PEAD_Q5,63,16.17
IN,MANAPPURAM,2017-02-13,,0.0,PEAD_Q5,63,-7.31
IN,MAXVIL,2017-02-13,,0.0,PEAD_Q5,63,2.37
IN,POLARIS,2017-02-13,,0.0,PEAD_Q5,63,29.87
IN,ENDURANCE,2017-02-14,,0.0,PEAD_Q5,63,18.58
IN,MAXINDIA,2017-02-16,,0.0,PEAD_Q5,63,-5.61
IN,BYKE,2017-02-16,,0.0,PEAD_Q5,63,4.4
IN,ADANIENT,2017-02-17,,0.0,PEAD_Q5,63,21.11
IN,MUTHOOTFIN,2017-02-20,,0.0,PEAD_Q5,63,11.13
IN,JAYSREETEA,2017-02-21,,0.0,PEAD_Q5,63,-10.48
IN,AMTEKAUTO,2017-02-21,,0.0,PEAD_Q5,63,1.4
IN,PARAGMILK,2017-02-21,,0.0,PEAD_Q5,63,10.74
IN,REPCOHOME,2017-02-21,,0.0,PEAD_Q5,63,16.19
IN,IPCALAB,2017-02-21,,0.0,PEAD_Q5,63,-9.36
IN,GREAVESCOT,2017-02-21,,0.0,PEAD_Q5,63,-2.48
IN,JINDALSTEL,2017-02-23,,0.0,PEAD_Q5,63,5.92
IN,VIKASECO,2017-03-02,,0.0,PEAD_Q5,63,11.75
IN,ORIENTPPR,2017-03-03,,0.0,PEAD_Q5,63,17.43
IN,RANASUG,2017-03-06,,0.0,PEAD_Q5,63,-19.25
IN,TCS,2017-05-19,,0.0,PEAD_Q5,63,0.27
IN,HIMATSEIDE,2017-05-29,,0.0,PEAD_Q5,63,-9.17
IN,VOLTAS,2017-05-29,,0.0,PEAD_Q5,63,7.32
IN,SUVEN,2017-05-30,,0.0,PEAD_Q5,63,-13.06
IN,AIAENG,2017-05-30,,0.0,PEAD_Q5,63,-10.39
IN,3MINDIA,2017-05-30,,0.0,PEAD_Q5,63,5.26
IN,DHANUKA,2017-05-31,,0.0,PEAD_Q5,63,-21.35
IN,BIRLACORPN,2017-05-31,,0.0,PEAD_Q5,63,14.1
IN,PCJEWELLER,2017-05-31,,0.0,PEAD_Q5,63,42.27
IN,LIBERTSHOE,2017-05-31,,0.0,PEAD_Q5,63,4.96
IN,MAXVIL,2017-06-01,,0.0,PEAD_Q5,63,-11.84
IN,TAKE,2017-06-01,,0.0,PEAD_Q5,63,13.57
IN,MIC,2017-06-01,,0.0,PEAD_Q5,63,-28.9
IN,CGPOWER,2017-06-01,,0.0,PEAD_Q5,63,-2.33
IN,ESCORTS,2017-06-07,,0.0,PEAD_Q5,63,-12.58
IN,ASIANTILES,2017-06-07,,0.0,PEAD_Q5,63,15.03
IN,NATHBIOGEN,2017-06-09,,0.0,PEAD_Q5,63,21.21
IN,STCINDIA,2017-06-12,,0.0,PEAD_Q5,63,-3.39
IN,HINDOILEXP,2017-06-12,,0.0,PEAD_Q5,63,36.92
IN,HINDZINC,2017-06-12,,0.0,PEAD_Q5,63,28.33
IN,REPCOHOME,2017-06-13,,0.0,PEAD_Q5,63,-26.65
IN,SATIN,2017-06-14,,0.0,PEAD_Q5,63,13.23
IN,SCI,2017-06-15,,0.0,PEAD_Q5,63,7.81
IN,SANGHIIND,2017-06-15,,0.0,PEAD_Q5,63,-0.22
IN,MADHUCON,2017-06-15,,0.0,PEAD_Q5,63,-24.42
IN,MHRIL,2017-06-16,,0.0,PEAD_Q5,63,-12.35
IN,MANINDS,2017-06-16,,0.0,PEAD_Q5,63,11.62
IN,GINNIFILA,2017-06-19,,0.0,PEAD_Q5,63,-17.27
IN,IGARASHI,2017-06-19,,0.0,PEAD_Q5,63,-7.62
IN,AXISCADES,2017-06-19,,0.0,PEAD_Q5,63,-9.73
IN,GRAPHITE,2017-06-20,,0.0,PEAD_Q5,63,162.27
IN,WABAG,2017-06-20,,0.0,PEAD_Q5,63,-11.69
IN,KARURVYSYA,2017-06-20,,0.0,PEAD_Q5,63,6.39
IN,VRLLOG,2017-06-20,,0.0,PEAD_Q5,63,12.48
IN,GOACARBON,2017-06-21,,0.0,PEAD_Q5,63,75.95
IN,KCP,2017-06-21,,0.0,PEAD_Q5,63,9.89
IN,RPPINFRA,2017-06-21,,0.0,PEAD_Q5,63,8.33
IN,SREINFRA,2017-06-21,,0.0,PEAD_Q5,63,-11.34
IN,NIITLTD,2017-06-21,,0.0,PEAD_Q5,63,16.83
IN,HEG,2017-06-21,,0.0,PEAD_Q5,63,213.26
IN,GUFICBIO,2017-06-21,,0.0,PEAD_Q5,63,2.53
IN,GULFOILLUB,2017-06-21,,0.0,PEAD_Q5,63,-3.72
IN,VINATIORGA,2017-06-21,,0.0,PEAD_Q5,63,-2.1
IN,VISAKAIND,2017-06-21,,0.0,PEAD_Q5,63,12.68
IN,VETO,2017-06-23,,0.0,PEAD_Q5,63,8.6
IN,JUBLFOOD,2017-07-19,,0.0,PEAD_Q5,63,18.58
IN,BEPL,2017-07-19,,0.0,PEAD_Q5,63,39.0
IN,NTPC,2017-08-03,,0.0,PEAD_Q5,63,3.88
IN,HEROMOTOCO,2017-08-04,,0.0,PEAD_Q5,63,-6.95
IN,NAUKRI,2017-08-07,,0.0,PEAD_Q5,63,16.79
IN,IMFA,2017-08-07,,0.0,PEAD_Q5,63,12.87
IN,RADICO,2017-08-08,,0.0,PEAD_Q5,63,43.91
IN,JPINFRATEC,2017-08-08,,0.0,PEAD_Q5,63,-39.42
IN,BANCOINDIA,2017-08-09,,0.0,PEAD_Q5,63,-1.08
IN,JKPAPER,2017-08-09,,0.0,PEAD_Q5,63,34.61
IN,HEXAWARE,2017-08-09,,0.0,PEAD_Q5,63,30.36
IN,MRPL,2017-08-09,,0.0,PEAD_Q5,63,-6.03
IN,BERGEPAINT,2017-08-10,,0.0,PEAD_Q5,63,0.69
IN,EICHERMOT,2017-08-22,,0.0,PEAD_Q5,63,-2.58
IN,INOXWIND,2017-08-22,,0.0,PEAD_Q5,63,8.7
IN,CHENNPETRO,2017-08-22,,0.0,PEAD_Q5,63,2.99
IN,VBL,2017-08-22,,0.0,PEAD_Q5,63,-9.03
IN,HUBTOWN,2017-08-22,,0.0,PEAD_Q5,63,9.69
IN,KOHINOOR,2017-08-22,,0.0,PEAD_Q5,63,5.63
IN,APTECHT,2017-08-22,,0.0,PEAD_Q5,63,29.3
IN,EIHOTEL,2017-08-22,,0.0,PEAD_Q5,63,14.76
IN,MANAPPURAM,2017-08-23,,0.0,PEAD_Q5,63,10.23
IN,JSLHISAR,2017-08-23,,0.0,PEAD_Q5,63,17.66
IN,TTKPRESTIG,2017-08-23,,0.0,PEAD_Q5,63,6.45
IN,SUNTECK,2017-08-23,,0.0,PEAD_Q5,63,49.82
IN,WELCORP,2017-08-23,,0.0,PEAD_Q5,63,4.85
IN,HDIL,2017-08-24,,0.0,PEAD_Q5,63,1.06
IN,SUNFLAG,2017-08-28,,0.0,PEAD_Q5,63,25.48
IN,RKFORGE,2017-08-28,,0.0,PEAD_Q5,63,37.88
IN,UNITECH,2017-08-29,,0.0,PEAD_Q5,63,-14.29
IN,NLCINDIA,2017-09-04,,0.0,PEAD_Q5,63,6.46
IN,THOMASCOOK,2017-09-04,,0.0,PEAD_Q5,63,-0.33
IN,MOIL,2017-09-05,,0.0,PEAD_Q5,63,17.08
IN,RAMKY,2017-09-05,,0.0,PEAD_Q5,63,153.93
IN,SURYAROSNI,2017-09-05,,0.0,PEAD_Q5,63,16.49
IN,DBREALTY,2017-09-05,,0.0,PEAD_Q5,63,-11.66
IN,LEEL,2017-09-05,,0.0,PEAD_Q5,63,22.93
IN,BOMDYEING,2017-09-05,,0.0,PEAD_Q5,63,45.0
IN,UJAAS,2017-09-05,,0.0,PEAD_Q5,63,1.85
IN,TVTODAY,2017-09-05,,0.0,PEAD_Q5,63,45.0
IN,EMKAY,2017-09-05,,0.0,PEAD_Q5,63,-20.42
IN,HFCL,2017-09-05,,0.0,PEAD_Q5,63,28.1
IN,KIRIINDUS,2017-09-05,,0.0,PEAD_Q5,63,34.78
IN,BODALCHEM,2017-09-05,,0.0,PEAD_Q5,63,-9.44
IN,JAMNAAUTO,2017-09-05,,0.0,PEAD_Q5,63,25.53
IN,OIL,2017-09-05,,0.0,PEAD_Q5,63,14.77
IN,OFSS,2017-09-05,,0.0,PEAD_Q5,63,7.01
IN,NMDC,2017-09-05,,0.0,PEAD_Q5,63,-2.11
IN,COALINDIA,2017-09-05,,0.0,PEAD_Q5,63,4.49
IN,CASTEXTECH,2017-09-05,,0.0,PEAD_Q5,63,-14.52
IN,HPL,2017-09-06,,0.0,PEAD_Q5,63,-4.72
IN,INDIAGLYCO,2017-09-06,,0.0,PEAD_Q5,63,87.69
IN,SAREGAMA,2017-09-06,,0.0,PEAD_Q5,63,56.78
IN,GRAVITA,2017-09-07,,0.0,PEAD_Q5,63,17.06
IN,SHANKARA,2017-09-07,,0.0,PEAD_Q5,63,29.96
IN,MUKTAARTS,2017-09-07,,0.0,PEAD_Q5,63,4.17
IN,KRIDHANINF,2017-09-07,,0.0,PEAD_Q5,63,0.96
IN,AJMERA,2017-09-07,,0.0,PEAD_Q5,63,67.04
IN,TNPL,2017-09-11,,0.0,PEAD_Q5,63,19.73
IN,CEREBRAINT,2017-09-22,,0.0,PEAD_Q5,63,-2.5
IN,ORICONENT,2017-09-22,,0.0,PEAD_Q5,63,-4.98
IN,AIFL,2017-09-25,,0.0,PEAD_Q5,63,-5.49
IN,BFUTILITIE,2017-09-27,,0.0,PEAD_Q5,63,21.07
IN,PSPPROJECT,2017-10-05,,0.0,PEAD_Q5,63,46.48
IN,NETWORK18,2017-10-17,,0.0,PEAD_Q5,63,13.47
IN,ATUL,2017-10-19,,0.0,PEAD_Q5,63,22.05
IN,RELIANCE,2017-10-19,,0.0,PEAD_Q5,63,1.08
IN,ULTRACEMCO,2017-10-26,,0.0,PEAD_Q5,63,-4.48
IN,AXISBANK,2017-10-26,,0.0,PEAD_Q5,63,25.53
IN,ENGINERSIN,2017-10-31,,0.0,PEAD_Q5,63,-6.79
IN,PIIND,2017-10-31,,0.0,PEAD_Q5,63,11.45
IN,EMAMILTD,2017-10-31,,0.0,PEAD_Q5,63,-9.19
IN,COROMANDEL,2017-10-31,,0.0,PEAD_Q5,63,2.75
IN,EDELWEISS,2017-11-01,,0.0,PEAD_Q5,63,-0.57
IN,TATAMETALI,2017-11-02,,0.0,PEAD_Q5,63,8.8
IN,TATACOMM,2017-11-02,,0.0,PEAD_Q5,63,-8.46
IN,ALEMBICLTD,2017-11-03,,0.0,PEAD_Q5,63,41.77
IN,ICICIBANK,2017-11-03,,0.0,PEAD_Q5,63,6.08
IN,AUBANK,2017-11-03,,0.0,PEAD_Q5,63,3.95
IN,CHOLAFIN,2017-11-03,,0.0,PEAD_Q5,63,2.67
IN,SYMPHONY,2017-11-03,,0.0,PEAD_Q5,63,13.35
IN,REDINGTON,2017-11-06,,0.0,PEAD_Q5,63,-16.23
IN,DIVISLAB,2017-11-06,,0.0,PEAD_Q5,63,-1.37
IN,ZEEMEDIA,2017-11-07,,0.0,PEAD_Q5,63,-6.05
IN,UJJIVAN,2017-11-07,,0.0,PEAD_Q5,63,-4.64
IN,MAXVIL,2017-11-07,,0.0,PEAD_Q5,63,-7.32
IN,CERA,2017-11-08,,0.0,PEAD_Q5,63,-1.17
IN,HEG,2017-11-08,,0.0,PEAD_Q5,63,40.04
IN,APARINDS,2017-11-08,,0.0,PEAD_Q5,63,-4.34
IN,TANLA,2017-11-08,,0.0,PEAD_Q5,63,-2.03
IN,KITEX,2017-11-09,,0.0,PEAD_Q5,63,-5.66
IN,GULFOILLUB,2017-11-10,,0.0,PEAD_Q5,63,22.21
IN,GSKCONS,2017-11-10,,0.0,PEAD_Q5,63,0.43
IN,INDIANB,2017-11-10,,0.0,PEAD_Q5,63,-16.28
IN,LTTS,2017-11-13,,0.0,PEAD_Q5,63,59.81
IN,RAIN,2017-11-13,,0.0,PEAD_Q5,63,-0.98
IN,PRESTIGE,2017-11-13,,0.0,PEAD_Q5,63,6.45
IN,BALKRISIND,2017-11-14,,0.0,PEAD_Q5,63,13.85
IN,JINDALSTEL,2017-11-15,,0.0,PEAD_Q5,63,64.71
IN,ALKEM,2017-11-15,,0.0,PEAD_Q5,63,6.92
IN,BALAJITELE,2017-11-22,,0.0,PEAD_Q5,63,-1.09
IN,BRFL,2017-11-22,,0.0,PEAD_Q5,63,-62.39
IN,AHLUCONT,2017-11-22,,0.0,PEAD_Q5,63,-0.13
IN,FEL,2017-11-23,,0.0,PEAD_Q5,63,-20.04
IN,GITANJALI,2017-11-23,,0.0,PEAD_Q5,63,-72.86
IN,AVANTIFEED,2017-11-23,,0.0,PEAD_Q5,63,-10.13
IN,BGRENERGY,2017-11-23,,0.0,PEAD_Q5,63,-13.43
IN,PRICOLLTD,2017-11-23,,0.0,PEAD_Q5,63,-13.21
IN,JAICORPLTD,2017-11-23,,0.0,PEAD_Q5,63,0.71
IN,TRENT,2017-11-23,,0.0,PEAD_Q5,63,-9.34
IN,TIMKEN,2017-11-23,,0.0,PEAD_Q5,63,-0.58
IN,SATIN,2017-11-23,,0.0,PEAD_Q5,63,20.18
IN,APOLLOHOSP,2017-11-23,,0.0,PEAD_Q5,63,8.08
IN,ASHOKA,2017-11-23,,0.0,PEAD_Q5,63,-6.0
IN,ACE,2017-11-23,,0.0,PEAD_Q5,63,27.92
IN,SADBHAV,2017-11-23,,0.0,PEAD_Q5,63,11.01
IN,PURVA,2017-11-23,,0.0,PEAD_Q5,63,-1.51
IN,VLSFINANCE,2017-11-23,,0.0,PEAD_Q5,63,-12.1
IN,SUNTV,2017-11-23,,0.0,PEAD_Q5,63,5.62
IN,MOREPENLAB,2017-11-24,,0.0,PEAD_Q5,63,62.11
IN,BEL,2017-11-24,,0.0,PEAD_Q5,63,-15.95
IN,AUTOAXLES,2017-11-24,,0.0,PEAD_Q5,63,16.78
IN,SRF,2017-11-24,,0.0,PEAD_Q5,63,4.23
IN,ROLTA,2017-11-24,,0.0,PEAD_Q5,63,21.04
IN,RENUKA,2017-11-24,,0.0,PEAD_Q5,63,-10.7
IN,PANACEABIO,2017-11-24,,0.0,PEAD_Q5,63,9.75
IN,INDHOTEL,2017-11-24,,0.0,PEAD_Q5,63,10.02
IN,FCONSUMER,2017-11-27,,0.0,PEAD_Q5,63,-3.7
IN,BANCOINDIA,2017-11-27,,0.0,PEAD_Q5,63,-10.87
IN,BAJAJHIND,2017-11-27,,0.0,PEAD_Q5,63,-17.26
IN,ARROWGREEN,2017-11-27,,0.0,PEAD_Q5,63,-23.16
IN,JHS,2017-11-27,,0.0,PEAD_Q5,63,-9.49
IN,GENESYS,2017-11-27,,0.0,PEAD_Q5,63,-20.3
IN,ZENTEC,2017-11-27,,0.0,PEAD_Q5,63,3.56
IN,SIS,2017-11-28,,0.0,PEAD_Q5,63,1.76
IN,VIDEOIND,2017-11-28,,0.0,PEAD_Q5,63,4.27
IN,SKIPPER,2017-11-28,,0.0,PEAD_Q5,63,-14.43
IN,BBL,2017-11-29,,0.0,PEAD_Q5,63,52.97
IN,SETCO,2017-12-06,,0.0,PEAD_Q5,63,10.46
IN,BPL,2017-12-14,,0.0,PEAD_Q5,63,-13.92
IN,NILAINFRA,2017-12-20,,0.0,PEAD_Q5,63,-27.73
IN,EKC,2017-12-20,,0.0,PEAD_Q5,63,-40.35
IN,AXISCADES,2017-12-20,,0.0,PEAD_Q5,63,-33.73
IN,ASHAPURMIN,2017-12-20,,0.0,PEAD_Q5,63,-36.75
IN,JPINFRATEC,2017-12-28,,0.0,PEAD_Q5,63,-59.35
IN,GMBREW,2018-01-09,,0.0,PEAD_Q5,63,-6.47
IN,GOACARBON,2018-01-10,,0.0,PEAD_Q5,63,-19.59
IN,PRAKASH,2018-01-11,,0.0,PEAD_Q5,63,-10.83
IN,HINDOILEXP,2018-01-24,,0.0,PEAD_Q5,63,-9.32
IN,HCLTECH,2018-01-25,,0.0,PEAD_Q5,63,-0.9
IN,KIRLOSBROS,2018-01-31,,0.0,PEAD_Q5,63,-20.39
IN,CROMPTON,2018-02-01,,0.0,PEAD_Q5,63,-1.34
IN,SHAKTIPUMP,2018-02-06,,0.0,PEAD_Q5,63,27.1
IN,TECHM,2018-02-06,,0.0,PEAD_Q5,63,9.85
IN,PENINLAND,2018-02-14,,0.0,PEAD_Q5,63,-35.91
IN,RPGLIFE,2018-02-14,,0.0,PEAD_Q5,63,-22.62
IN,RTNPOWER,2018-02-14,,0.0,PEAD_Q5,63,-28.91
IN,RUSHIL,2018-02-14,,0.0,PEAD_Q5,63,-26.0
IN,VINDHYATEL,2018-02-14,,0.0,PEAD_Q5,63,-7.44
IN,SUBEX,2018-02-14,,0.0,PEAD_Q5,63,-30.96
IN,RAMKY,2018-02-16,,0.0,PEAD_Q5,63,-22.12
IN,PRESTIGE,2018-02-16,,0.0,PEAD_Q5,63,-15.92
IN,GUJALKALI,2018-02-16,,0.0,PEAD_Q5,63,-18.1
IN,IGARASHI,2018-02-20,,0.0,PEAD_Q5,63,-4.08
IN,PGEL,2018-02-23,,0.0,PEAD_Q5,63,-14.07
IN,SUNFLAG,2018-02-26,,0.0,PEAD_Q5,63,-18.27
IN,SUNPHARMA,2018-02-26,,0.0,PEAD_Q5,63,-11.04
IN,TALWALKARS,2018-02-27,,0.0,PEAD_Q5,63,-80.99
IN,GENESYS,2018-02-27,,0.0,PEAD_Q5,63,-13.72
IN,VIKASECO,2018-02-27,,0.0,PEAD_Q5,63,-25.71
IN,MOHITIND,2018-02-28,,0.0,PEAD_Q5,63,-55.66
IN,VADILALIND,2018-02-28,,0.0,PEAD_Q5,63,-15.57
IN,MAXVIL,2018-02-28,,0.0,PEAD_Q5,63,-13.18
IN,MERCATOR,2018-02-28,,0.0,PEAD_Q5,63,-33.33
IN,INFINITE,2018-03-05,,0.0,PEAD_Q5,63,-14.74
IN,INOXWIND,2018-03-05,,0.0,PEAD_Q5,63,-31.7
IN,ISFT,2018-03-05,,0.0,PEAD_Q5,63,-39.23
IN,JKTYRE,2018-03-05,,0.0,PEAD_Q5,63,-22.07
IN,RAIN,2018-03-09,,0.0,PEAD_Q5,63,-41.61
IN,DOLPHINOFF,2018-03-14,,0.0,PEAD_Q5,63,-15.93
IN,CAMLINFINE,2018-03-14,,0.0,PEAD_Q5,63,-14.49
IN,WEBELSOLAR,2018-03-14,,0.0,PEAD_Q5,63,-45.01
IN,BLKASHYAP,2018-03-14,,0.0,PEAD_Q5,63,-0.95
IN,BUTTERFLY,2018-03-14,,0.0,PEAD_Q5,63,-24.18
IN,ABAN,2018-03-15,,0.0,PEAD_Q5,63,-22.34
IN,63MOONS,2018-03-15,,0.0,PEAD_Q5,63,-19.03
IN,BAJAJELEC,2018-03-15,,0.0,PEAD_Q5,63,-12.22
IN,BALAMINES,2018-03-15,,0.0,PEAD_Q5,63,-4.35
IN,AVANTIFEED,2018-03-15,,0.0,PEAD_Q5,63,-22.14
IN,AHLUCONT,2018-03-20,,0.0,PEAD_Q5,63,-10.43
IN,APARINDS,2018-03-20,,0.0,PEAD_Q5,63,-3.78
IN,ESTER,2018-03-20,,0.0,PEAD_Q5,63,-30.22
IN,DHANBANK,2018-03-22,,0.0,PEAD_Q5,63,-14.73
IN,DALMIASUG,2018-03-22,,0.0,PEAD_Q5,63,-22.04
IN,TATAMETALI,2018-04-04,,0.0,PEAD_Q5,63,-10.41
IN,KIOCL,2018-04-04,,0.0,PEAD_Q5,63,-32.99
IN,ARIHANTSUP,2018-04-04,,0.0,PEAD_Q5,63,-44.38
IN,ASTRON,2018-04-04,,0.0,PEAD_Q5,63,-8.19
IN,ESCORTS,2018-04-04,,0.0,PEAD_Q5,63,-0.67
IN,TVSMOTOR,2018-05-29,,0.0,PEAD_Q5,63,-4.38
IN,MANALIPETC,2018-05-29,,0.0,PEAD_Q5,63,-8.88
IN,CARBORUNIV,2018-05-29,,0.0,PEAD_Q5,63,6.32
IN,SYNDIBANK,2018-05-29,,0.0,PEAD_Q5,63,-21.7
IN,MOREPENLAB,2018-05-29,,0.0,PEAD_Q5,63,-7.96
IN,JSWENERGY,2018-05-29,,0.0,PEAD_Q5,63,-10.44
IN,HCC,2018-05-29,,0.0,PEAD_Q5,63,-7.99
IN,ELECON,2018-05-29,,0.0,PEAD_Q5,63,-7.23
IN,JINDALPOLY,2018-05-29,,0.0,PEAD_Q5,63,22.95
IN,TIRUMALCHM,2018-05-29,,0.0,PEAD_Q5,63,-7.84
IN,IOC,2018-05-29,,0.0,PEAD_Q5,63,-9.8
IN,ANDHRABANK,2018-05-29,,0.0,PEAD_Q5,63,-12.53
IN,HINDPETRO,2018-05-29,,0.0,PEAD_Q5,63,-18.46
IN,ADVENZYMES,2018-05-30,,0.0,PEAD_Q5,63,-10.36
IN,JBMA,2018-05-30,,0.0,PEAD_Q5,63,-13.62
IN,MAHLOG,2018-05-30,,0.0,PEAD_Q5,63,-3.73
IN,LUPIN,2018-05-30,,0.0,PEAD_Q5,63,13.85
IN,JUSTDIAL,2018-05-30,,0.0,PEAD_Q5,63,-5.17
IN,TRIVENI,2018-05-30,,0.0,PEAD_Q5,63,-16.56
IN,AVADHSUGAR,2018-05-30,,0.0,PEAD_Q5,63,-4.46
IN,JMFINANCIL,2018-05-30,,0.0,PEAD_Q5,63,-10.74
IN,MOTILALOFS,2018-05-30,,0.0,PEAD_Q5,63,-7.23
IN,JAMNAAUTO,2018-05-30,,0.0,PEAD_Q5,63,-11.72
IN,EDELWEISS,2018-05-30,,0.0,PEAD_Q5,63,-16.34
IN,RADICO,2018-05-30,,0.0,PEAD_Q5,63,-1.04
IN,NFL,2018-05-30,,0.0,PEAD_Q5,63,-6.31
IN,ENDURANCE,2018-05-30,,0.0,PEAD_Q5,63,16.81
IN,MGL,2018-05-30,,0.0,PEAD_Q5,63,0.25
IN,ASTRAL,2018-05-31,,0.0,PEAD_Q5,63,8.87
IN,EROSMEDIA,2018-05-31,,0.0,PEAD_Q5,63,-25.39
IN,INTELLECT,2018-06-08,,0.0,PEAD_Q5,63,27.73
IN,SASKEN,2018-06-11,,0.0,PEAD_Q5,63,-2.99
IN,HINDOILEXP,2018-06-12,,0.0,PEAD_Q5,63,17.1
IN,AARTIIND,2018-06-14,,0.0,PEAD_Q5,63,5.27
IN,DCMSHRIRAM,2018-06-19,,0.0,PEAD_Q5,63,58.64
IN,BLUEDART,2018-06-19,,0.0,PEAD_Q5,63,-15.9
IN,GHCL,2018-06-20,,0.0,PEAD_Q5,63,-17.84
IN,JAICORPLTD,2018-06-22,,0.0,PEAD_Q5,63,-23.06
IN,KEI,2018-06-22,,0.0,PEAD_Q5,63,-22.03
IN,KARURVYSYA,2018-06-25,,0.0,PEAD_Q5,63,-14.98
IN,ASTRAMICRO,2018-06-25,,0.0,PEAD_Q5,63,-11.76
IN,SDBL,2018-06-25,,0.0,PEAD_Q5,63,-15.76
IN,ZENTEC,2018-06-25,,0.0,PEAD_Q5,63,-30.25
IN,RAMKY,2018-06-26,,0.0,PEAD_Q5,63,-5.32
IN,VAKRANGEE,2018-06-27,,0.0,PEAD_Q5,63,-53.29
IN,IPCALAB,2018-06-28,,0.0,PEAD_Q5,63,-2.52
IN,MANPASAND,2018-07-04,,0.0,PEAD_Q5,63,-42.41
IN,TCS,2018-07-12,,0.0,PEAD_Q5,63,-0.46
IN,DBL,2018-07-26,,0.0,PEAD_Q5,63,-41.92
IN,TALWGYM,2018-08-02,,0.0,PEAD_Q5,63,-22.03
IN,ABAN,2018-08-03,,0.0,PEAD_Q5,63,-29.54
IN,ISEC,2018-08-03,,0.0,PEAD_Q5,63,-28.77
IN,GOACARBON,2018-08-06,,0.0,PEAD_Q5,63,-13.05
IN,ONMOBILE,2018-08-06,,0.0,PEAD_Q5,63,-17.88
IN,JUBLFOOD,2018-08-07,,0.0,PEAD_Q5,63,-22.79
IN,INDIGO,2018-08-07,,0.0,PEAD_Q5,63,-6.84
IN,JSL,2018-08-07,,0.0,PEAD_Q5,63,-21.52
IN,IDFC,2018-08-07,,0.0,PEAD_Q5,63,-22.73
IN,IMFA,2018-08-07,,0.0,PEAD_Q5,63,-16.19
IN,IFBIND,2018-08-07,,0.0,PEAD_Q5,63,-23.03
IN,NAUKRI,2018-08-09,,0.0,PEAD_Q5,63,-6.08
IN,TEJASNET,2018-08-09,,0.0,PEAD_Q5,63,-6.22
IN,INOXLEISUR,2018-08-09,,0.0,PEAD_Q5,63,-8.35
IN,NELCO,2018-08-09,,0.0,PEAD_Q5,63,-31.01
IN,RNAVAL,2018-08-09,,0.0,PEAD_Q5,63,-28.35
IN,KRBL,2018-08-09,,0.0,PEAD_Q5,63,-8.86
IN,ORIENTELEC,2018-08-10,,0.0,PEAD_Q5,63,-12.58
IN,AUBANK,2018-08-14,,0.0,PEAD_Q5,63,-13.74
IN,PFIZER,2018-08-14,,0.0,PEAD_Q5,63,-2.78
IN,EIHOTEL,2018-08-14,,0.0,PEAD_Q5,63,-6.45
IN,VMART,2018-08-14,,0.0,PEAD_Q5,63,-15.13
IN,KEC,2018-08-23,,0.0,PEAD_Q5,63,-9.31
IN,FSL,2018-08-23,,0.0,PEAD_Q5,63,-26.48
IN,GSKCONS,2018-08-23,,0.0,PEAD_Q5,63,-3.92
IN,SUNTECK,2018-08-27,,0.0,PEAD_Q5,63,-34.15
IN,ASIANTILES,2018-08-27,,0.0,PEAD_Q5,63,-16.53
IN,LALPATHLAB,2018-08-28,,0.0,PEAD_Q5,63,-15.4
IN,SHREEPUSHK,2018-08-28,,0.0,PEAD_Q5,63,-19.74
IN,DIXON,2018-08-28,,0.0,PEAD_Q5,63,-28.42
IN,CAPLIPOINT,2018-08-28,,0.0,PEAD_Q5,63,-6.95
IN,ZYDUSWELL,2018-08-28,,0.0,PEAD_Q5,63,-22.88
IN,BIRLACABLE,2018-08-28,,0.0,PEAD_Q5,63,18.7
IN,NATIONALUM,2018-08-28,,0.0,PEAD_Q5,63,-9.67
IN,ERIS,2018-08-28,,0.0,PEAD_Q5,63,-16.65
IN,VIPIND,2018-08-28,,0.0,PEAD_Q5,63,-14.01
IN,SORILINFRA,2018-08-29,,0.0,PEAD_Q5,63,-44.46
IN,JISLJALEQS,2018-08-29,,0.0,PEAD_Q5,63,-21.16
IN,SUNDARMFIN,2018-08-29,,0.0,PEAD_Q5,63,-12.91
IN,JKIL,2018-08-30,,0.0,PEAD_Q5,63,-54.05
IN,CAMLINFINE,2018-09-03,,0.0,PEAD_Q5,63,-27.95
IN,WALCHANNAG,2018-09-03,,0.0,PEAD_Q5,63,-38.43
IN,POLYPLEX,2018-09-04,,0.0,PEAD_Q5,63,-15.87
IN,EROSMEDIA,2018-09-04,,0.0,PEAD_Q5,63,-23.46
IN,MUTHOOTFIN,2018-09-07,,0.0,PEAD_Q5,63,3.05
IN,SUVEN,2018-09-07,,0.0,PEAD_Q5,63,-23.73
IN,GLOBUSSPR,2018-10-17,,0.0,PEAD_Q5,63,-9.08
IN,J&KBANK,2018-10-22,,0.0,PEAD_Q5,63,-5.49
IN,MUTHOOTCAP,2018-10-24,,0.0,PEAD_Q5,63,12.75
IN,CANFINHOME,2018-10-26,,0.0,PEAD_Q5,63,-4.35
IN,ASIANPAINT,2018-10-26,,0.0,PEAD_Q5,63,15.9
IN,SASKEN,2018-10-29,,0.0,PEAD_Q5,63,-5.0
IN,WIPRO,2018-10-29,,0.0,PEAD_Q5,63,9.07
IN,TTKPRESTIG,2018-10-29,,0.0,PEAD_Q5,63,17.94
IN,MASTEK,2018-10-30,,0.0,PEAD_Q5,63,-10.17
IN,DRREDDY,2018-10-31,,0.0,PEAD_Q5,63,7.01
IN,JMFINANCIL,2018-10-31,,0.0,PEAD_Q5,63,2.04
IN,BIOCON,2018-10-31,,0.0,PEAD_Q5,63,-1.62
IN,RAYMOND,2018-10-31,,0.0,PEAD_Q5,63,0.24
IN,ORIENTBANK,2018-10-31,,0.0,PEAD_Q5,63,19.1
IN,EDELWEISS,2018-11-01,,0.0,PEAD_Q5,63,-13.74
IN,PIIND,2018-11-01,,0.0,PEAD_Q5,63,7.05
IN,COROMANDEL,2018-11-01,,0.0,PEAD_Q5,63,8.83
IN,QUESS,2018-11-01,,0.0,PEAD_Q5,63,-16.77
IN,CROMPTON,2018-11-01,,0.0,PEAD_Q5,63,-0.63
IN,SUBROS,2018-11-01,,0.0,PEAD_Q5,63,-14.48
IN,VINATIORGA,2018-11-01,,0.0,PEAD_Q5,63,-0.09
IN,HCL-INSYS,2018-11-01,,0.0,PEAD_Q5,63,-27.19
IN,MEGH,2018-11-07,,0.0,PEAD_Q5,63,-27.89
IN,VAKRANGEE,2018-11-09,,0.0,PEAD_Q5,63,81.89
IN,TEAMLEASE,2018-11-13,,0.0,PEAD_Q5,63,1.34
IN,NOCIL,2018-11-13,,0.0,PEAD_Q5,63,-31.26
IN,CREDITACC,2018-11-13,,0.0,PEAD_Q5,63,10.21
IN,DCMSHRIRAM,2018-11-13,,0.0,PEAD_Q5,63,-19.07
IN,TAKE,2018-11-14,,0.0,PEAD_Q5,63,-25.89
IN,EMAMILTD,2018-11-14,,0.0,PEAD_Q5,63,-18.24
IN,WINDMACHIN,2018-11-21,,0.0,PEAD_Q5,63,-14.77
IN,MINDACORP,2018-11-22,,0.0,PEAD_Q5,63,-8.51
IN,ALEMBICLTD,2018-11-22,,0.0,PEAD_Q5,63,-7.71
IN,CAPACITE,2018-11-22,,0.0,PEAD_Q5,63,-12.56
IN,VMART,2018-11-22,,0.0,PEAD_Q5,63,8.8
IN,IEX,2018-11-22,,0.0,PEAD_Q5,63,2.96
IN,CASTROLIND,2018-11-22,,0.0,PEAD_Q5,63,1.61
IN,BEML,2018-11-22,,0.0,PEAD_Q5,63,4.74
IN,ADANIGREEN,2018-11-26,,0.0,PEAD_Q5,63,-31.73
IN,FILATEX,2018-11-26,,0.0,PEAD_Q5,63,-19.88
IN,CENTURYPLY,2018-11-26,,0.0,PEAD_Q5,63,-4.14
IN,SATIN,2018-11-27,,0.0,PEAD_Q5,63,21.31
IN,GODREJCP,2018-11-27,,0.0,PEAD_Q5,63,-11.79
IN,RAMKY,2018-11-27,,0.0,PEAD_Q5,63,-26.41
IN,ALBK,2018-11-28,,0.0,PEAD_Q5,63,-6.58
IN,TRIVENI,2018-11-28,,0.0,PEAD_Q5,63,11.4
IN,PNBHOUSING,2018-11-28,,0.0,PEAD_Q5,63,-5.96
IN,ASIANTILES,2018-11-28,,0.0,PEAD_Q5,63,-13.29
IN,APOLLOTYRE,2018-11-28,,0.0,PEAD_Q5,63,-11.28
IN,IOLCP,2018-11-29,,0.0,PEAD_Q5,63,6.0
IN,IRCON,2018-11-29,,0.0,PEAD_Q5,63,-10.89
IN,LINCOLN,2018-11-29,,0.0,PEAD_Q5,63,-31.98
IN,MUTHOOTFIN,2018-12-11,,0.0,PEAD_Q5,63,26.24
IN,BFINVEST,2018-12-13,,0.0,PEAD_Q5,63,8.3
IN,UCOBANK,2018-12-13,,0.0,PEAD_Q5,63,-2.59
IN,KWALITY,2018-12-21,,0.0,PEAD_Q5,63,-20.12
IN,RELIANCE,2019-01-21,,0.0,PEAD_Q5,63,12.26
IN,KOTAKBANK,2019-01-23,,0.0,PEAD_Q5,63,8.05
IN,INDIGO,2019-01-28,,0.0,PEAD_Q5,63,34.7
IN,OBEROIRLTY,2019-01-28,,0.0,PEAD_Q5,63,16.82
IN,MPHASIS,2019-01-30,,0.0,PEAD_Q5,63,-4.54
IN,JINDALSAW,2019-01-30,,0.0,PEAD_Q5,63,-5.1
IN,AUTOAXLES,2019-01-31,,0.0,PEAD_Q5,63,-4.51
IN,INDIANB,2019-01-31,,0.0,PEAD_Q5,63,6.06
IN,BEPL,2019-01-31,,0.0,PEAD_Q5,63,15.32
IN,JUBLFOOD,2019-02-04,,0.0,PEAD_Q5,63,-9.45
IN,BAJAJHLDNG,2019-02-05,,0.0,PEAD_Q5,63,6.07
IN,JINDALSTEL,2019-02-08,,0.0,PEAD_Q5,63,21.57
IN,CHAMBLFERT,2019-02-08,,0.0,PEAD_Q5,63,-16.05
IN,PARAGMILK,2019-02-08,,0.0,PEAD_Q5,63,11.56
IN,RNAVAL,2019-02-13,,0.0,PEAD_Q5,63,0.6
IN,SPARC,2019-02-13,,0.0,PEAD_Q5,63,-8.99
IN,ADANIPORTS,2019-02-14,,0.0,PEAD_Q5,63,10.56
IN,ADANIPOWER,2019-02-14,,0.0,PEAD_Q5,63,25.71
IN,JSL,2019-02-14,,0.0,PEAD_Q5,63,26.64
IN,MANAPPURAM,2019-02-14,,0.0,PEAD_Q5,63,18.06
IN,BALRAMCHIN,2019-02-14,,0.0,PEAD_Q5,63,26.21
IN,SUNTV,2019-02-15,,0.0,PEAD_Q5,63,0.16
IN,SHANKARA,2019-02-15,,0.0,PEAD_Q5,63,20.76
IN,BAJAJHIND,2019-02-21,,0.0,PEAD_Q5,63,13.29
IN,ITI,2019-02-21,,0.0,PEAD_Q5,63,1.81
IN,PFC,2019-02-21,,0.0,PEAD_Q5,63,9.6
IN,EROSMEDIA,2019-02-21,,0.0,PEAD_Q5,63,-7.22
IN,TFCILTD,2019-02-21,,0.0,PEAD_Q5,63,-13.46
IN,PTC,2019-02-21,,0.0,PEAD_Q5,63,-11.31
IN,JSWSTEEL,2019-02-21,,0.0,PEAD_Q5,63,1.26
IN,RECLTD,2019-02-21,,0.0,PEAD_Q5,63,13.09
IN,GESHIP,2019-02-21,,0.0,PEAD_Q5,63,0.5
IN,UNIVCABLES,2019-02-21,,0.0,PEAD_Q5,63,17.84
IN,JKIL,2019-02-21,,0.0,PEAD_Q5,63,31.9
IN,KRBL,2019-02-21,,0.0,PEAD_Q5,63,11.18
IN,SHAKTIPUMP,2019-02-21,,0.0,PEAD_Q5,63,18.74
IN,SPENCERS,2019-02-21,,0.0,PEAD_Q5,63,-16.12
IN,UFLEX,2019-02-25,,0.0,PEAD_Q5,63,30.94
IN,GODREJIND,2019-02-28,,0.0,PEAD_Q5,63,-0.45
IN,BHARATFORG,2019-02-28,,0.0,PEAD_Q5,63,-10.25
IN,GSS,2019-02-28,,0.0,PEAD_Q5,63,25.91
IN,MTNL,2019-03-01,,0.0,PEAD_Q5,63,-27.34
IN,NCC,2019-03-01,,0.0,PEAD_Q5,63,9.06
IN,SADBHAV,2019-03-01,,0.0,PEAD_Q5,63,25.96
IN,QUICKHEAL,2019-03-01,,0.0,PEAD_Q5,63,-15.38
IN,VIKASECO,2019-03-05,,0.0,PEAD_Q5,63,3.56
IN,TRIVENI,2019-03-05,,0.0,PEAD_Q5,63,25.58
IN,TNPL,2019-03-05,,0.0,PEAD_Q5,63,-8.83
IN,ACC,2019-03-06,,0.0,PEAD_Q5,63,2.27
IN,BIRLACORPN,2019-03-06,,0.0,PEAD_Q5,63,15.72
IN,CENTURYPLY,2019-03-06,,0.0,PEAD_Q5,63,-12.94
IN,ABCAPITAL,2019-03-06,,0.0,PEAD_Q5,63,-2.81
IN,HINDPETRO,2019-03-06,,0.0,PEAD_Q5,63,25.24
IN,ADANIENT,2019-03-06,,0.0,PEAD_Q5,63,10.31
IN,VENKEYS,2019-03-06,,0.0,PEAD_Q5,63,-12.9
IN,INDIAGLYCO,2019-03-06,,0.0,PEAD_Q5,63,-17.82
IN,TIINDIA,2019-03-06,,0.0,PEAD_Q5,63,3.41
IN,GMBREW,2019-03-06,,0.0,PEAD_Q5,63,-16.19
IN,BOMDYEING,2019-03-06,,0.0,PEAD_Q5,63,-2.0
IN,APEX,2019-03-08,,0.0,PEAD_Q5,63,-21.33
IN,AVANTIFEED,2019-03-11,,0.0,PEAD_Q5,63,-21.93
IN,BAJAJCON,2019-04-15,,0.0,PEAD_Q5,63,-9.31
IN,MAHLIFE,2019-04-25,,0.0,PEAD_Q5,63,4.25
IN,BEPL,2019-05-08,,0.0,PEAD_Q5,63,-23.91
IN,ORIENTELEC,2019-05-09,,0.0,PEAD_Q5,63,-4.17
IN,KANSAINER,2019-05-09,,0.0,PEAD_Q5,63,7.98
IN,ZENSARTECH,2019-05-09,,0.0,PEAD_Q5,63,-12.19
IN,TVSMOTOR,2019-05-09,,0.0,PEAD_Q5,63,-23.98
IN,TITAN,2019-05-13,,0.0,PEAD_Q5,63,-6.79
IN,BRIGADE,2019-05-13,,0.0,PEAD_Q5,63,16.74
IN,ASTRAMICRO,2019-05-13,,0.0,PEAD_Q5,63,-7.8
IN,VIPIND,2019-05-13,,0.0,PEAD_Q5,63,-6.4
IN,DCMSHRIRAM,2019-05-13,,0.0,PEAD_Q5,63,-15.51
IN,KAJARIACER,2019-05-14,,0.0,PEAD_Q5,63,-19.58
IN,SRF,2019-05-16,,0.0,PEAD_Q5,63,4.38
IN,J&KBANK,2019-05-17,,0.0,PEAD_Q5,63,-34.02
IN,CHAMBLFERT,2019-05-20,,0.0,PEAD_Q5,63,-14.72
IN,SEAMECLTD,2019-05-20,,0.0,PEAD_Q5,63,-27.67
IN,POLYPLEX,2019-05-21,,0.0,PEAD_Q5,63,-21.79
IN,SOBHA,2019-05-21,,0.0,PEAD_Q5,63,-8.34
IN,BANKINDIA,2019-05-21,,0.0,PEAD_Q5,63,-26.16
IN,JKCEMENT,2019-05-22,,0.0,PEAD_Q5,63,3.11
IN,APLAPOLLO,2019-05-22,,0.0,PEAD_Q5,63,-20.24
IN,GRAPHITE,2019-05-22,,0.0,PEAD_Q5,63,-23.47
IN,BFUTILITIE,2019-05-22,,0.0,PEAD_Q5,63,-16.72
IN,VRLLOG,2019-05-22,,0.0,PEAD_Q5,63,-1.31
IN,ANUP,2019-05-23,,0.0,PEAD_Q5,63,-22.25
IN,UBL,2019-05-23,,0.0,PEAD_Q5,63,-5.89
IN,SOMANYCERA,2019-05-24,,0.0,PEAD_Q5,63,-32.47
IN,APTECHT,2019-05-24,,0.0,PEAD_Q5,63,-12.96
IN,KEI,2019-05-24,,0.0,PEAD_Q5,63,-4.04
IN,JBCHEPHARM,2019-05-24,,0.0,PEAD_Q5,63,-0.29
IN,BAJAJHIND,2019-05-27,,0.0,PEAD_Q5,63,-44.56
IN,EROSMEDIA,2019-05-27,,0.0,PEAD_Q5,63,-83.11
IN,CANBK,2019-05-27,,0.0,PEAD_Q5,63,-18.3
IN,DWARKESH,2019-05-27,,0.0,PEAD_Q5,63,-19.57
IN,REDINGTON,2019-05-27,,0.0,PEAD_Q5,63,4.26
IN,INDUSINDBK,2019-05-27,,0.0,PEAD_Q5,63,-14.06
IN,CHENNPETRO,2019-05-28,,0.0,PEAD_Q5,63,-19.1
IN,BSOFT,2019-05-28,,0.0,PEAD_Q5,63,-30.87
IN,HEIDELBERG,2019-05-28,,0.0,PEAD_Q5,63,-5.56
IN,ADVENZYMES,2019-05-28,,0.0,PEAD_Q5,63,-29.28
IN,GVKPIL,2019-05-28,,0.0,PEAD_Q5,63,-38.62
IN,LIBERTSHOE,2019-05-28,,0.0,PEAD_Q5,63,-39.85
IN,GHCL,2019-05-28,,0.0,PEAD_Q5,63,-27.2
IN,NIITLTD,2019-05-29,,0.0,PEAD_Q5,63,-16.15
IN,PNCINFRA,2019-05-29,,0.0,PEAD_Q5,63,-7.2
IN,VARROC,2019-05-29,,0.0,PEAD_Q5,63,-17.25
IN,IGL,2019-05-29,,0.0,PEAD_Q5,63,-0.05
IN,FEL,2019-05-30,,0.0,PEAD_Q5,63,-31.0
IN,ADANIPOWER,2019-05-31,,0.0,PEAD_Q5,63,14.0
IN,TALWALKARS,2019-05-31,,0.0,PEAD_Q5,63,-86.24
IN,TCNSBRANDS,2019-05-31,,0.0,PEAD_Q5,63,-19.24
IN,NAUKRI,2019-05-31,,0.0,PEAD_Q5,63,-0.82
IN,MFSL,2019-05-31,,0.0,PEAD_Q5,63,-7.18
IN,BERGEPAINT,2019-06-04,,0.0,PEAD_Q5,63,11.88
IN,LAKSHVILAS,2019-06-25,,0.0,PEAD_Q5,63,-42.98
IN,VGUARD,2019-06-25,,0.0,PEAD_Q5,63,-5.12
IN,ALBK,2019-06-28,,0.0,PEAD_Q5,63,-44.23
IN,SORILINFRA,2019-06-28,,0.0,PEAD_Q5,63,-34.32
IN,EIHOTEL,2019-07-01,,0.0,PEAD_Q5,63,-2.92
IN,HFCL,2019-07-15,,0.0,PEAD_Q5,63,-10.93
IN,INFY,2019-07-16,,0.0,PEAD_Q5,63,-18.0
IN,DMART,2019-07-17,,0.0,PEAD_Q5,63,29.85
IN,WIPRO,2019-07-19,,0.0,PEAD_Q5,63,-4.42
IN,INDIGO,2019-07-23,,0.0,PEAD_Q5,63,-0.75
IN,AVANTIFEED,2019-07-24,,0.0,PEAD_Q5,63,40.78
IN,TORNTPHARM,2019-07-25,,0.0,PEAD_Q5,63,10.94
IN,ASIANPAINT,2019-07-26,,0.0,PEAD_Q5,63,17.0
IN,MPHASIS,2019-07-30,,0.0,PEAD_Q5,63,-4.54
IN,TIRUMALCHM,2019-07-30,,0.0,PEAD_Q5,63,9.39
IN,NAVINFLUOR,2019-07-31,,0.0,PEAD_Q5,63,36.73
IN,STAR,2019-07-31,,0.0,PEAD_Q5,63,3.53
IN,BEL,2019-08-01,,0.0,PEAD_Q5,63,10.84
IN,TRENT,2019-08-02,,0.0,PEAD_Q5,63,15.29
IN,HEROMOTOCO,2019-08-02,,0.0,PEAD_Q5,63,8.0
IN,GULFOILLUB,2019-08-02,,0.0,PEAD_Q5,63,8.62
IN,AJANTPHARM,2019-08-05,,0.0,PEAD_Q5,63,1.95
IN,BATAINDIA,2019-08-06,,0.0,PEAD_Q5,63,21.78
IN,DALBHARAT,2019-08-06,,0.0,PEAD_Q5,63,-16.47
IN,BHARTIARTL,2019-08-06,,0.0,PEAD_Q5,63,-1.61
IN,CAMLINFINE,2019-08-07,,0.0,PEAD_Q5,63,-2.13
IN,JSWENERGY,2019-08-08,,0.0,PEAD_Q5,63,0.28
IN,ASIANTILES,2019-08-08,,0.0,PEAD_Q5,63,4.96
IN,PTC,2019-08-09,,0.0,PEAD_Q5,63,-7.91
IN,HCLTECH,2019-08-09,,0.0,PEAD_Q5,63,4.45
IN,RVNL,2019-08-13,,0.0,PEAD_Q5,63,-2.23
IN,SONATSOFTW,2019-08-13,,0.0,PEAD_Q5,63,-9.49
IN,AUROPHARMA,2019-08-13,,0.0,PEAD_Q5,63,-26.21
IN,ASTERDM,2019-08-13,,0.0,PEAD_Q5,63,22.28
IN,HIMATSEIDE,2019-08-14,,0.0,PEAD_Q5,63,-0.59
IN,CENTURYPLY,2019-08-14,,0.0,PEAD_Q5,63,28.73
IN,ENDURANCE,2019-08-14,,0.0,PEAD_Q5,63,30.06
IN,ENGINERSIN,2019-08-14,,0.0,PEAD_Q5,63,0.73
IN,PFIZER,2019-08-14,,0.0,PEAD_Q5,63,36.98
IN,BLISSGVS,2019-08-16,,0.0,PEAD_Q5,63,41.88
IN,SUNTECK,2019-08-16,,0.0,PEAD_Q5,63,-18.48
IN,KSCL,2019-08-16,,0.0,PEAD_Q5,63,2.69
IN,GODFRYPHLP,2019-08-16,,0.0,PEAD_Q5,63,15.81
IN,FCONSUMER,2019-08-16,,0.0,PEAD_Q5,63,-32.18
IN,TIMKEN,2019-08-16,,0.0,PEAD_Q5,63,19.17
IN,GRASIM,2019-08-19,,0.0,PEAD_Q5,63,12.36
IN,MTEDUCARE,2019-08-19,,0.0,PEAD_Q5,63,-47.61
IN,JINDALSTEL,2019-08-19,,0.0,PEAD_Q5,63,47.71
IN,CESC,2019-08-19,,0.0,PEAD_Q5,63,-6.3
IN,SUVEN,2019-08-20,,0.0,PEAD_Q5,63,25.27
IN,ISEC,2019-08-29,,0.0,PEAD_Q5,63,53.64
IN,CGPOWER,2019-09-05,,0.0,PEAD_Q5,63,-7.85
IN,AAVAS,2019-09-06,,0.0,PEAD_Q5,63,22.0
IN,TEAMLEASE,2019-09-06,,0.0,PEAD_Q5,63,-16.64
IN,DREDGECORP,2019-09-09,,0.0,PEAD_Q5,63,0.64
IN,RBLBANK,2019-09-12,,0.0,PEAD_Q5,63,-7.19
IN,YESBANK,2019-09-12,,0.0,PEAD_Q5,63,-29.95
IN,IFCI,2019-09-12,,0.0,PEAD_Q5,63,-12.67
IN,PNB,2019-09-12,,0.0,PEAD_Q5,63,0.23
IN,BFINVEST,2019-09-12,,0.0,PEAD_Q5,63,14.63
IN,UNIONBANK,2019-09-12,,0.0,PEAD_Q5,63,-1.52
IN,BANKINDIA,2019-09-12,,0.0,PEAD_Q5,63,4.4
IN,TVSMOTOR,2019-10-22,,0.0,PEAD_Q5,63,2.87
IN,COROMANDEL,2019-10-24,,0.0,PEAD_Q5,63,29.7
IN,JUBLFOOD,2019-10-24,,0.0,PEAD_Q5,63,17.55
IN,GRANULES,2019-10-24,,0.0,PEAD_Q5,63,24.37
IN,SHREECEM,2019-10-24,,0.0,PEAD_Q5,63,13.94
IN,AVANTIFEED,2019-10-24,,0.0,PEAD_Q5,63,60.06
IN,ARVINDFASN,2019-10-25,,0.0,PEAD_Q5,63,-10.54
IN,TORNTPHARM,2019-10-25,,0.0,PEAD_Q5,63,16.25
IN,POLYCAB,2019-10-29,,0.0,PEAD_Q5,63,20.52
IN,CASTROLIND,2019-10-29,,0.0,PEAD_Q5,63,-11.72
IN,NIITLTD,2019-10-29,,0.0,PEAD_Q5,63,5.76
IN,TATAMTRDVR,2019-10-30,,0.0,PEAD_Q5,63,-3.0
IN,IDFCFIRSTB,2019-10-30,,0.0,PEAD_Q5,63,3.65
IN,TATASTLBSL,2019-10-30,,0.0,PEAD_Q5,63,18.39
IN,TATACOFFEE,2019-10-31,,0.0,PEAD_Q5,63,17.04
IN,LICHSGFIN,2019-11-04,,0.0,PEAD_Q5,63,-6.95
IN,SBIN,2019-11-04,,0.0,PEAD_Q5,63,-5.15
IN,GRSE,2019-11-04,,0.0,PEAD_Q5,63,-26.88
IN,QUESS,2019-11-04,,0.0,PEAD_Q5,63,26.18
IN,JKTYRE,2019-11-04,,0.0,PEAD_Q5,63,-4.75
IN,JKLAKSHMI,2019-11-05,,0.0,PEAD_Q5,63,17.11
IN,TIINDIA,2019-11-05,,0.0,PEAD_Q5,63,16.98
IN,VBL,2019-11-06,,0.0,PEAD_Q5,63,6.58
IN,RELCAPITAL,2019-11-06,,0.0,PEAD_Q5,63,-64.96
IN,TRIDENT,2019-11-06,,0.0,PEAD_Q5,63,-9.02
IN,SPARC,2019-11-07,,0.0,PEAD_Q5,63,15.56
IN,TORNTPOWER,2019-11-08,,0.0,PEAD_Q5,63,4.39
IN,CHAMBLFERT,2019-11-13,,0.0,PEAD_Q5,63,-0.42
IN,NH,2019-11-13,,0.0,PEAD_Q5,63,16.41
IN,KEC,2019-11-13,,0.0,PEAD_Q5,63,23.52
IN,BSOFT,2019-11-13,,0.0,PEAD_Q5,63,32.99
IN,IGL,2019-11-13,,0.0,PEAD_Q5,63,19.87
IN,GREENPANEL,2019-11-13,,0.0,PEAD_Q5,63,13.75
IN,INDHOTEL,2019-11-14,,0.0,PEAD_Q5,63,-11.14
IN,APLAPOLLO,2019-11-14,,0.0,PEAD_Q5,63,35.23
IN,AFFLE,2019-11-14,,0.0,PEAD_Q5,63,16.71
IN,NILKAMAL,2019-11-15,,0.0,PEAD_Q5,63,8.16
IN,LEMONTREE,2019-11-15,,0.0,PEAD_Q5,63,-8.0
IN,ASTRON,2019-11-15,,0.0,PEAD_Q5,63,-0.9
IN,MGL,2019-11-15,,0.0,PEAD_Q5,63,18.97
IN,ASTRAZEN,2019-11-15,,0.0,PEAD_Q5,63,6.25
IN,EDELWEISS,2019-11-15,,0.0,PEAD_Q5,63,-30.04
IN,BHARTIARTL,2019-11-18,,0.0,PEAD_Q5,63,38.07
IN,KNRCON,2019-11-18,,0.0,PEAD_Q5,63,12.12
IN,DIXON,2019-11-18,,0.0,PEAD_Q5,63,34.23
IN,LUXIND,2019-11-18,,0.0,PEAD_Q5,63,26.0
IN,RAJESHEXPO,2019-11-19,,0.0,PEAD_Q5,63,1.34
IN,ITI,2020-01-09,,0.0,PEAD_Q5,63,-9.62
IN,INFY,2020-01-14,,0.0,PEAD_Q5,63,-15.77
IN,TATAELXSI,2020-01-15,,0.0,PEAD_Q5,63,-23.52
IN,SATIN,2020-01-15,,0.0,PEAD_Q5,63,-70.66
IN,TV18BRDCST,2020-01-16,,0.0,PEAD_Q5,63,-25.14
IN,RALLIS,2020-01-21,,0.0,PEAD_Q5,63,-10.77
IN,JINDALSTEL,2020-01-22,,0.0,PEAD_Q5,63,-53.17
IN,INDIAMART,2020-01-23,,0.0,PEAD_Q5,63,-3.46
IN,SONATSOFTW,2020-01-28,,0.0,PEAD_Q5,63,-41.9
IN,GMMPFAUDLR,2020-01-28,,0.0,PEAD_Q5,63,40.65
IN,NAVINFLUOR,2020-01-29,,0.0,PEAD_Q5,63,23.81
IN,WOCKPHARMA,2020-01-29,,0.0,PEAD_Q5,63,-26.73
IN,DRREDDY,2020-01-29,,0.0,PEAD_Q5,63,22.37
IN,JUBLFOOD,2020-01-31,,0.0,PEAD_Q5,63,-17.11
IN,CROMPTON,2020-02-03,,0.0,PEAD_Q5,63,-25.66
IN,BIRLACORPN,2020-02-03,,0.0,PEAD_Q5,63,-48.28
IN,STAR,2020-02-03,,0.0,PEAD_Q5,63,-7.86
IN,CASTROLIND,2020-02-04,,0.0,PEAD_Q5,63,-21.3
IN,HINDUNILVR,2020-02-04,,0.0,PEAD_Q5,63,-6.68
IN,BAJAJHLDNG,2020-02-04,,0.0,PEAD_Q5,63,-48.49
IN,THYROCARE,2020-02-05,,0.0,PEAD_Q5,63,-16.63
IN,HONAUT,2020-02-05,,0.0,PEAD_Q5,63,-17.99
IN,SCI,2020-02-06,,0.0,PEAD_Q5,63,-32.0
IN,WELCORP,2020-02-06,,0.0,PEAD_Q5,63,-69.17
IN,SHANKARA,2020-02-07,,0.0,PEAD_Q5,63,-43.03
IN,GREAVESCOT,2020-02-07,,0.0,PEAD_Q5,63,-47.04
IN,AVADHSUGAR,2020-02-07,,0.0,PEAD_Q5,63,-51.27
IN,JBCHEPHARM,2020-02-07,,0.0,PEAD_Q5,63,12.85
IN,LICHSGFIN,2020-02-10,,0.0,PEAD_Q5,63,-48.78
IN,GPPL,2020-02-10,,0.0,PEAD_Q5,63,-37.72
IN,MINDACORP,2020-02-10,,0.0,PEAD_Q5,63,-50.54
IN,TRENT,2020-02-10,,0.0,PEAD_Q5,63,-40.42
IN,AJANTPHARM,2020-02-10,,0.0,PEAD_Q5,63,0.57
IN,VMART,2020-02-10,,0.0,PEAD_Q5,63,-31.12
IN,GLOBUSSPR,2020-02-11,,0.0,PEAD_Q5,63,-38.96
IN,FDC,2020-02-11,,0.0,PEAD_Q5,63,-7.18
IN,SYMPHONY,2020-02-11,,0.0,PEAD_Q5,63,-41.88
IN,ALKEM,2020-02-11,,0.0,PEAD_Q5,63,-9.96
IN,GODFRYPHLP,2020-02-11,,0.0,PEAD_Q5,63,-31.13
IN,CAPLIPOINT,2020-02-11,,0.0,PEAD_Q5,63,-5.78
IN,AUROPHARMA,2020-02-11,,0.0,PEAD_Q5,63,20.84
IN,ALKYLAMINE,2020-02-11,,0.0,PEAD_Q5,63,12.17
IN,REDINGTON,2020-02-11,,0.0,PEAD_Q5,63,-31.86
IN,VBL,2020-02-11,,0.0,PEAD_Q5,63,-23.93
IN,UPL,2020-02-12,,0.0,PEAD_Q5,63,-37.87
IN,INOXLEISUR,2020-02-12,,0.0,PEAD_Q5,63,-57.6
IN,ARVINDFASN,2020-02-13,,0.0,PEAD_Q5,63,-69.77
IN,BALRAMCHIN,2020-02-13,,0.0,PEAD_Q5,63,-47.64
IN,INDIAGLYCO,2020-02-13,,0.0,PEAD_Q5,63,-18.75
IN,GAIL,2020-02-13,,0.0,PEAD_Q5,63,-32.5
IN,AMRUTANJAN,2020-02-14,,0.0,PEAD_Q5,63,-34.56
IN,IRCTC,2020-02-14,,0.0,PEAD_Q5,63,-8.65
IN,IRCON,2020-02-14,,0.0,PEAD_Q5,63,-25.63
IN,TORNTPOWER,2020-02-17,,0.0,PEAD_Q5,63,-5.36
IN,VAKRANGEE,2020-02-17,,0.0,PEAD_Q5,63,-42.27
IN,STARPAPER,2020-02-17,,0.0,PEAD_Q5,63,-22.91
IN,IPCALAB,2020-02-17,,0.0,PEAD_Q5,63,19.05
IN,MIDHANI,2020-02-17,,0.0,PEAD_Q5,63,-6.58
IN,MSTCLTD,2020-02-17,,0.0,PEAD_Q5,63,-37.68
IN,BALKRISIND,2020-02-18,,0.0,PEAD_Q5,63,-13.11
IN,IGARASHI,2020-02-18,,0.0,PEAD_Q5,63,-38.11
IN,SUVEN,2020-02-18,,0.0,PEAD_Q5,63,-27.69
IN,LEMONTREE,2020-02-18,,0.0,PEAD_Q5,63,-70.51
IN,AMBUJACEM,2020-02-26,,0.0,PEAD_Q5,63,-12.1
IN,EDELWEISS,2020-02-26,,0.0,PEAD_Q5,63,-52.6
IN,MUTHOOTFIN,2020-02-26,,0.0,PEAD_Q5,63,-1.82
IN,SANOFI,2020-02-28,,0.0,PEAD_Q5,63,11.4
IN,CAMLINFINE,2020-02-28,,0.0,PEAD_Q5,63,-38.47
IN,CHOLAHLDNG,2020-03-18,,0.0,PEAD_Q5,63,-30.5
IN,IOB,2020-03-18,,0.0,PEAD_Q5,63,49.66
IN,BANKINDIA,2020-03-19,,0.0,PEAD_Q5,63,55.15
IN,RIIL,2020-04-24,,0.0,PEAD_Q5,63,56.58
IN,POWERINDIA,2020-05-06,,0.0,PEAD_Q5,63,11.36
IN,MARICO,2020-05-07,,0.0,PEAD_Q5,63,21.51
IN,PERSISTENT,2020-05-08,,0.0,PEAD_Q5,63,82.99
IN,ADANIPORTS,2020-05-08,,0.0,PEAD_Q5,63,13.59
IN,SKFINDIA,2020-05-12,,0.0,PEAD_Q5,63,2.59
IN,GODREJCP,2020-05-15,,0.0,PEAD_Q5,63,30.49
IN,SYNGENE,2020-05-15,,0.0,PEAD_Q5,63,44.18
IN,J&KBANK,2020-05-15,,0.0,PEAD_Q5,63,32.31
IN,HAVELLS,2020-05-15,,0.0,PEAD_Q5,63,25.81
IN,MPHASIS,2020-05-18,,0.0,PEAD_Q5,63,49.05
IN,OFSS,2020-05-19,,0.0,PEAD_Q5,63,26.38
IN,IEX,2020-05-19,,0.0,PEAD_Q5,63,13.59
IN,CIPLA,2020-05-20,,0.0,PEAD_Q5,63,23.23
IN,BHARTIARTL,2020-05-21,,0.0,PEAD_Q5,63,-9.87
IN,BSOFT,2020-05-22,,0.0,PEAD_Q5,63,143.23
IN,AJANTPHARM,2020-05-26,,0.0,PEAD_Q5,63,8.27
IN,VSTIND,2020-05-26,,0.0,PEAD_Q5,63,10.44
IN,GODREJIND,2020-05-27,,0.0,PEAD_Q5,63,32.92
IN,SUPREMEIND,2020-05-27,,0.0,PEAD_Q5,63,40.47
IN,JINDALSTEL,2020-05-28,,0.0,PEAD_Q5,63,86.4
IN,JSWSTEEL,2020-05-28,,0.0,PEAD_Q5,63,54.71
IN,BIRLACORPN,2020-05-28,,0.0,PEAD_Q5,63,12.21
IN,QUESS,2020-06-01,,0.0,PEAD_Q5,63,67.49
IN,RAIN,2020-06-01,,0.0,PEAD_Q5,63,67.17
IN,IDFCFIRSTB,2020-06-02,,0.0,PEAD_Q5,63,41.09
IN,SRIPIPES,2020-06-03,,0.0,PEAD_Q5,63,15.77
IN,POLYCAB,2020-06-03,,0.0,PEAD_Q5,63,18.34
IN,AMBER,2020-06-03,,0.0,PEAD_Q5,63,15.32
IN,KEI,2020-06-03,,0.0,PEAD_Q5,63,24.51
IN,LEMONTREE,2020-06-03,,0.0,PEAD_Q5,63,37.35
IN,KSCL,2020-06-03,,0.0,PEAD_Q5,63,15.86
IN,NCC,2020-06-03,,0.0,PEAD_Q5,63,29.71
IN,RCF,2020-06-03,,0.0,PEAD_Q5,63,8.22
IN,DBL,2020-06-03,,0.0,PEAD_Q5,63,31.06
IN,VOLTAS,2020-06-03,,0.0,PEAD_Q5,63,11.79
IN,INDIGO,2020-06-04,,0.0,PEAD_Q5,63,7.74
IN,ORIENTELEC,2020-06-04,,0.0,PEAD_Q5,63,5.24
IN,MARKSANS,2020-06-04,,0.0,PEAD_Q5,63,53.14
IN,BPCL,2020-06-08,,0.0,PEAD_Q5,63,4.9
IN,JYOTHYLAB,2020-06-09,,0.0,PEAD_Q5,63,19.49
IN,HFCL,2020-06-10,,0.0,PEAD_Q5,63,20.28
IN,GPPL,2020-06-12,,0.0,PEAD_Q5,63,6.16
IN,DHANUKA,2020-06-12,,0.0,PEAD_Q5,63,9.98
IN,MGL,2020-06-15,,0.0,PEAD_Q5,63,-16.21
IN,DWARKESH,2020-06-15,,0.0,PEAD_Q5,63,10.46
IN,DIXON,2020-06-16,,0.0,PEAD_Q5,63,74.23
IN,M&M,2020-06-16,,0.0,PEAD_Q5,63,21.21
IN,TATACOMM,2020-06-17,,0.0,PEAD_Q5,63,49.83
IN,SUPRAJIT,2020-06-17,,0.0,PEAD_Q5,63,31.34
IN,ASHOKA,2020-06-18,,0.0,PEAD_Q5,63,14.07
IN,TRIVENI,2020-06-19,,0.0,PEAD_Q5,63,34.3
IN,JKCEMENT,2020-06-22,,0.0,PEAD_Q5,63,13.36
IN,PTC,2020-06-23,,0.0,PEAD_Q5,63,7.79
IN,POWERGRID,2020-06-24,,0.0,PEAD_Q5,63,-4.48
IN,BERGEPAINT,2020-06-25,,0.0,PEAD_Q5,63,7.78
IN,PAGEIND,2020-06-25,,0.0,PEAD_Q5,63,-9.44
IN,GAIL,2020-06-26,,0.0,PEAD_Q5,63,-18.5
IN,SWSOLAR,2020-06-26,,0.0,PEAD_Q5,63,18.29
IN,HAL,2020-06-29,,0.0,PEAD_Q5,63,2.28
IN,FACT,2020-06-29,,0.0,PEAD_Q5,63,-15.81
IN,TTKPRESTIG,2020-06-30,,0.0,PEAD_Q5,63,12.0
IN,ENGINERSIN,2020-06-30,,0.0,PEAD_Q5,63,-14.72
IN,AVANTIFEED,2020-07-01,,0.0,PEAD_Q5,63,1.81
IN,MSTCLTD,2020-07-02,,0.0,PEAD_Q5,63,17.06
IN,SPENCERS,2020-07-02,,0.0,PEAD_Q5,63,-19.07
IN,RITES,2020-07-03,,0.0,PEAD_Q5,63,-3.5
IN,APLAPOLLO,2020-07-03,,0.0,PEAD_Q5,63,63.43
IN,BODALCHEM,2020-07-08,,0.0,PEAD_Q5,63,-4.81
IN,NBCC,2020-07-09,,0.0,PEAD_Q5,63,-12.08
IN,SADBHAV,2020-07-14,,0.0,PEAD_Q5,63,-5.21
IN,WIPRO,2020-07-16,,0.0,PEAD_Q5,63,33.81
IN,INFY,2020-07-17,,0.0,PEAD_Q5,63,22.71
IN,BAJAJCON,2020-07-20,,0.0,PEAD_Q5,63,4.31
IN,EDELWEISS,2020-07-21,,0.0,PEAD_Q5,63,-19.87
IN,GRANULES,2020-07-21,,0.0,PEAD_Q5,63,48.79
IN,INDIAMART,2020-07-23,,0.0,PEAD_Q5,63,103.02
IN,AMBUJACEM,2020-07-28,,0.0,PEAD_Q5,63,13.08
IN,ATUL,2020-07-28,,0.0,PEAD_Q5,63,17.65
IN,ZENSARTECH,2020-07-28,,0.0,PEAD_Q5,63,23.42
IN,AARTIDRUGS,2020-07-29,,0.0,PEAD_Q5,63,62.36
IN,CDSL,2020-07-29,,0.0,PEAD_Q5,63,34.16
IN,ULTRACEMCO,2020-07-30,,0.0,PEAD_Q5,63,7.55
IN,TATACOFFEE,2020-07-31,,0.0,PEAD_Q5,63,12.04
IN,DRREDDY,2020-07-31,,0.0,PEAD_Q5,63,9.31
IN,TORNTPHARM,2020-08-03,,0.0,PEAD_Q5,63,-5.91
IN,MASTEK,2020-08-03,,0.0,PEAD_Q5,63,33.86
IN,GESHIP,2020-08-03,,0.0,PEAD_Q5,63,-10.37
IN,LAURUSLABS,2020-08-03,,0.0,PEAD_Q5,63,58.65
IN,BBTC,2020-08-03,,0.0,PEAD_Q5,63,-8.53
IN,OMAXE,2020-08-03,,0.0,PEAD_Q5,63,-16.6
IN,VAKRANGEE,2020-08-04,,0.0,PEAD_Q5,63,-13.18
IN,RPGLIFE,2020-08-04,,0.0,PEAD_Q5,63,-1.94
IN,TEAMLEASE,2020-08-04,,0.0,PEAD_Q5,63,17.04
IN,DABUR,2020-08-04,,0.0,PEAD_Q5,63,-0.14
IN,MAHLOG,2020-08-04,,0.0,PEAD_Q5,63,21.52
IN,ZYDUSWELL,2020-08-04,,0.0,PEAD_Q5,63,4.56
IN,DEEPAKFERT,2020-08-04,,0.0,PEAD_Q5,63,-8.01
IN,ALOKINDS,2020-08-05,,0.0,PEAD_Q5,63,-47.39
IN,CREDITACC,2020-08-05,,0.0,PEAD_Q5,63,11.35
IN,SOLARA,2020-08-05,,0.0,PEAD_Q5,63,26.05
IN,WABAG,2020-08-05,,0.0,PEAD_Q5,63,51.97
IN,VBL,2020-08-06,,0.0,PEAD_Q5,63,-14.63
IN,INTELLECT,2020-08-07,,0.0,PEAD_Q5,63,31.94
IN,STAR,2020-08-07,,0.0,PEAD_Q5,63,26.73
IN,ASTRAL,2020-08-07,,0.0,PEAD_Q5,63,9.48
IN,THOMASCOOK,2020-08-07,,0.0,PEAD_Q5,63,-12.38
IN,PIIND,2020-08-07,,0.0,PEAD_Q5,63,18.42
IN,HONAUT,2020-08-10,,0.0,PEAD_Q5,63,-5.36
IN,MAITHANALL,2020-08-10,,0.0,PEAD_Q5,63,-3.79
IN,JAMNAAUTO,2020-08-10,,0.0,PEAD_Q5,63,39.45
IN,APOLLOTYRE,2020-08-10,,0.0,PEAD_Q5,63,20.45
IN,NUCLEUS,2020-08-11,,0.0,PEAD_Q5,63,34.12
IN,SCI,2020-08-11,,0.0,PEAD_Q5,63,-14.09
IN,EMAMILTD,2020-08-11,,0.0,PEAD_Q5,63,13.49
IN,GSPL,2020-08-11,,0.0,PEAD_Q5,63,-12.85
IN,QUICKHEAL,2020-08-12,,0.0,PEAD_Q5,63,12.34
IN,BALRAMCHIN,2020-08-12,,0.0,PEAD_Q5,63,4.53
IN,DIVISLAB,2020-08-12,,0.0,PEAD_Q5,63,4.7
IN,SHILPAMED,2020-08-12,,0.0,PEAD_Q5,63,-33.85
IN,AFFLE,2020-08-12,,0.0,PEAD_Q5,63,32.04
IN,RAMCOSYS,2020-08-12,,0.0,PEAD_Q5,63,167.59
IN,CAMLINFINE,2020-08-13,,0.0,PEAD_Q5,63,11.15
IN,DLINKINDIA,2020-08-13,,0.0,PEAD_Q5,63,1.25
IN,ECLERX,2020-08-14,,0.0,PEAD_Q5,63,4.84
IN,TATAPOWER,2020-08-14,,0.0,PEAD_Q5,63,1.18
IN,SUNDRMFAST,2020-08-14,,0.0,PEAD_Q5,63,8.79
IN,BHARATFORG,2020-08-14,,0.0,PEAD_Q5,63,0.36
IN,VSTTILLERS,2020-08-14,,0.0,PEAD_Q5,63,21.63
IN,GALAXYSURF,2020-08-14,,0.0,PEAD_Q5,63,1.01
IN,VENKEYS,2020-08-17,,0.0,PEAD_Q5,63,11.68
IN,ASHOKLEY,2020-08-17,,0.0,PEAD_Q5,63,44.42
IN,CUMMINSIND,2020-08-17,,0.0,PEAD_Q5,63,4.82
IN,TANLA,2020-08-17,,0.0,PEAD_Q5,63,129.44
IN,NTPC,2020-08-18,,0.0,PEAD_Q5,63,-6.68
IN,REDINGTON,2020-08-18,,0.0,PEAD_Q5,63,5.32
IN,UFLEX,2020-08-20,,0.0,PEAD_Q5,63,-3.06
IN,KNRCON,2020-08-20,,0.0,PEAD_Q5,63,14.85
IN,BLISSGVS,2020-08-25,,0.0,PEAD_Q5,63,3.09
IN,GLOBUSSPR,2020-08-27,,0.0,PEAD_Q5,63,67.13
IN,NOCIL,2020-08-27,,0.0,PEAD_Q5,63,6.47
IN,JUBLFOOD,2020-09-04,,0.0,PEAD_Q5,63,13.41
IN,ARVINDFASN,2020-09-04,,0.0,PEAD_Q5,63,5.15
IN,AVTNPL,2020-09-07,,0.0,PEAD_Q5,63,8.73
IN,HINDCOPPER,2020-09-14,,0.0,PEAD_Q5,63,38.09
IN,KELLTONTEC,2020-09-15,,0.0,PEAD_Q5,63,45.59
IN,ADANIGREEN,2020-09-15,,0.0,PEAD_Q5,63,51.97
IN,MAXIND,2020-09-17,,0.0,PEAD_Q5,63,-2.56
IN,JBCHEPHARM,2020-09-17,,0.0,PEAD_Q5,63,-0.43
IN,JISLJALEQS,2020-09-18,,0.0,PEAD_Q5,63,9.35
IN,SHALBY,2020-10-14,,0.0,PEAD_Q5,63,20.43
IN,GNA,2020-10-14,,0.0,PEAD_Q5,63,47.56
IN,TATASTLLP,2020-10-15,,0.0,PEAD_Q5,63,114.65
IN,TATACOMM,2020-10-20,,0.0,PEAD_Q5,63,9.52
IN,CYIENT,2020-10-20,,0.0,PEAD_Q5,63,23.93
IN,BANKBARODA,2020-10-20,,0.0,PEAD_Q5,63,89.84
IN,MAHABANK,2020-10-20,,0.0,PEAD_Q5,63,38.53
IN,BORORENEW,2020-10-21,,0.0,PEAD_Q5,63,151.5
IN,DMART,2020-10-21,,0.0,PEAD_Q5,63,30.64
IN,OBEROIRLTY,2020-10-21,,0.0,PEAD_Q5,63,20.57
IN,CHENNPETRO,2020-10-23,,0.0,PEAD_Q5,63,55.53
IN,NEWGEN,2020-10-23,,0.0,PEAD_Q5,63,16.99
IN,HINDZINC,2020-10-23,,0.0,PEAD_Q5,63,11.85
IN,TIINDIA,2020-10-26,,0.0,PEAD_Q5,63,26.83
IN,TEJASNET,2020-10-26,,0.0,PEAD_Q5,63,52.97
IN,PRICOLLTD,2020-10-26,,0.0,PEAD_Q5,63,-11.26
IN,JKTYRE,2020-10-26,,0.0,PEAD_Q5,63,82.23
IN,ICIL,2020-10-26,,0.0,PEAD_Q5,63,-18.54
IN,SUBROS,2020-10-27,,0.0,PEAD_Q5,63,21.23
IN,CROMPTON,2020-10-27,,0.0,PEAD_Q5,63,41.2
IN,POLYCAB,2020-10-28,,0.0,PEAD_Q5,63,30.46
IN,ROUTE,2020-10-30,,0.0,PEAD_Q5,63,12.23
IN,CASTROLIND,2020-10-30,,0.0,PEAD_Q5,63,11.23
IN,NAVINFLUOR,2020-11-02,,0.0,PEAD_Q5,63,17.33
IN,SAREGAMA,2020-11-02,,0.0,PEAD_Q5,63,59.88
IN,CARBORUNIV,2020-11-02,,0.0,PEAD_Q5,63,45.16
IN,SIS,2020-11-03,,0.0,PEAD_Q5,63,5.81
IN,HAVELLS,2020-11-03,,0.0,PEAD_Q5,63,44.78
IN,BLUEDART,2020-11-03,,0.0,PEAD_Q5,63,12.15
IN,KOPRAN,2020-11-03,,0.0,PEAD_Q5,63,-3.06
IN,TVSMOTOR,2020-11-03,,0.0,PEAD_Q5,63,40.21
IN,MASTEK,2020-11-03,,0.0,PEAD_Q5,63,35.81
IN,CHOLAFIN,2020-11-04,,0.0,PEAD_Q5,63,53.62
IN,CARERATING,2020-11-06,,0.0,PEAD_Q5,63,19.81
IN,SRF,2020-11-06,,0.0,PEAD_Q5,63,11.28
IN,BASF,2020-11-06,,0.0,PEAD_Q5,63,13.55
IN,INDUSINDBK,2020-11-09,,0.0,PEAD_Q5,63,31.9
IN,JSLHISAR,2020-11-09,,0.0,PEAD_Q5,63,16.53
IN,HINDPETRO,2020-11-09,,0.0,PEAD_Q5,63,8.1
IN,KSB,2020-11-10,,0.0,PEAD_Q5,63,34.21
IN,AUBANK,2020-11-11,,0.0,PEAD_Q5,63,29.76
IN,CUB,2020-11-11,,0.0,PEAD_Q5,63,-9.55
IN,UBL,2020-11-11,,0.0,PEAD_Q5,63,20.59
IN,ASTRAL,2020-11-11,,0.0,PEAD_Q5,63,64.95
IN,LEMONTREE,2020-11-11,,0.0,PEAD_Q5,63,40.37
IN,DELTACORP,2020-11-12,,0.0,PEAD_Q5,63,19.32
IN,HINDALCO,2020-11-13,,0.0,PEAD_Q5,63,43.77
IN,IGPL,2020-11-13,,0.0,PEAD_Q5,63,9.07
IN,FIEMIND,2020-11-13,,0.0,PEAD_Q5,63,5.29
IN,KIRIINDUS,2020-11-13,,0.0,PEAD_Q5,63,-10.47
IN,DYNPRO,2020-11-13,,0.0,PEAD_Q5,63,48.86
IN,ASTERDM,2020-11-13,,0.0,PEAD_Q5,63,-8.01
IN,TIRUMALCHM,2020-11-17,,0.0,PEAD_Q5,63,11.3
IN,EICHERMOT,2020-11-17,,0.0,PEAD_Q5,63,6.05
IN,NRBBEARING,2020-11-17,,0.0,PEAD_Q5,63,55.9
IN,PGHL,2020-11-17,,0.0,PEAD_Q5,63,21.46
IN,GALAXYSURF,2020-11-17,,0.0,PEAD_Q5,63,13.51
IN,HINDOILEXP,2020-11-17,,0.0,PEAD_Q5,63,19.11
IN,AUROPHARMA,2020-11-17,,0.0,PEAD_Q5,63,7.78
IN,SHK,2020-11-17,,0.0,PEAD_Q5,63,-7.41
IN,AMRUTANJAN,2020-11-17,,0.0,PEAD_Q5,63,17.93
IN,ASHOKA,2020-11-17,,0.0,PEAD_Q5,63,60.38
IN,TATASTEEL,2020-11-18,,0.0,PEAD_Q5,63,34.91
IN,MANGALAM,2020-11-18,,0.0,PEAD_Q5,63,-30.97
IN,METROPOLIS,2020-11-18,,0.0,PEAD_Q5,63,-1.69
IN,EKC,2020-11-18,,0.0,PEAD_Q5,63,109.83
IN,DCAL,2020-11-18,,0.0,PEAD_Q5,63,-14.85
IN,EVEREADY,2020-11-19,,0.0,PEAD_Q5,63,26.87
IN,APEX,2020-11-19,,0.0,PEAD_Q5,63,-13.14
IN,IDFC,2020-11-24,,0.0,PEAD_Q5,63,36.83
IN,J&KBANK,2020-11-24,,0.0,PEAD_Q5,63,16.63
IN,HUDCO,2020-11-25,,0.0,PEAD_Q5,63,35.94
IN,TATAELXSI,2021-01-15,,0.0,PEAD_Q5,63,29.28
IN,TATASTLLP,2021-01-18,,0.0,PEAD_Q5,63,3.87
IN,GDL,2021-01-22,,0.0,PEAD_Q5,63,35.92
IN,CONFIPET,2021-01-25,,0.0,PEAD_Q5,63,48.86
IN,BAJAJ-AUTO,2021-01-25,,0.0,PEAD_Q5,63,-8.04
IN,CYIENT,2021-01-27,,0.0,PEAD_Q5,63,17.52
IN,KAJARIACER,2021-01-27,,0.0,PEAD_Q5,63,8.95
IN,KPITTECH,2021-02-01,,0.0,PEAD_Q5,63,48.04
IN,ORIENTCEM,2021-02-01,,0.0,PEAD_Q5,63,31.97
IN,COLPAL,2021-02-01,,0.0,PEAD_Q5,63,-6.0
IN,AXISBANK,2021-02-01,,0.0,PEAD_Q5,63,0.9
IN,QUESS,2021-02-01,,0.0,PEAD_Q5,63,4.99
IN,ORIENTELEC,2021-02-02,,0.0,PEAD_Q5,63,0.15
IN,SANGHIIND,2021-02-02,,0.0,PEAD_Q5,63,20.59
IN,UNIONBANK,2021-02-02,,0.0,PEAD_Q5,63,4.54
IN,IIFL,2021-02-02,,0.0,PEAD_Q5,63,37.56
IN,SHRIRAMCIT,2021-02-02,,0.0,PEAD_Q5,63,34.87
IN,LICHSGFIN,2021-02-02,,0.0,PEAD_Q5,63,-4.13
IN,LGBBROSLTD,2021-02-02,,0.0,PEAD_Q5,63,-7.5
IN,CUMMINSIND,2021-02-02,,0.0,PEAD_Q5,63,10.32
IN,SHREECEM,2021-02-03,,0.0,PEAD_Q5,63,5.06
IN,ICICIBANK,2021-02-03,,0.0,PEAD_Q5,63,-1.46
IN,INTELLECT,2021-02-04,,0.0,PEAD_Q5,63,89.57
IN,ONMOBILE,2021-02-04,,0.0,PEAD_Q5,63,58.05
IN,PANAMAPET,2021-02-05,,0.0,PEAD_Q5,63,48.09
IN,THERMAX,2021-02-05,,0.0,PEAD_Q5,63,20.43
IN,PRINCEPIPE,2021-02-05,,0.0,PEAD_Q5,63,42.71
IN,HINDCOPPER,2021-02-05,,0.0,PEAD_Q5,63,147.68
IN,PIIND,2021-02-05,,0.0,PEAD_Q5,63,19.23
IN,BUTTERFLY,2021-02-05,,0.0,PEAD_Q5,63,5.88
IN,CARBORUNIV,2021-02-05,,0.0,PEAD_Q5,63,22.95
IN,BAJAJCON,2021-02-05,,0.0,PEAD_Q5,63,3.83
IN,SBIN,2021-02-08,,0.0,PEAD_Q5,63,-9.22
IN,DOLLAR,2021-02-08,,0.0,PEAD_Q5,63,-6.62
IN,PRAJIND,2021-02-08,,0.0,PEAD_Q5,63,137.43
IN,PNCINFRA,2021-02-08,,0.0,PEAD_Q5,63,-14.72
IN,PGHH,2021-02-08,,0.0,PEAD_Q5,63,6.52
IN,SKFINDIA,2021-02-09,,0.0,PEAD_Q5,63,0.6
IN,PNBGILTS,2021-02-09,,0.0,PEAD_Q5,63,6.51
IN,BAJAJELEC,2021-02-09,,0.0,PEAD_Q5,63,7.01
IN,VRLLOG,2021-02-10,,0.0,PEAD_Q5,63,17.33
IN,CGPOWER,2021-02-10,,0.0,PEAD_Q5,63,91.27
IN,BASF,2021-02-11,,0.0,PEAD_Q5,63,27.5
IN,MANALIPETC,2021-02-11,,0.0,PEAD_Q5,63,66.77
IN,BALAMINES,2021-02-11,,0.0,PEAD_Q5,63,65.53
IN,MFSL,2021-02-11,,0.0,PEAD_Q5,63,8.21
IN,TFCILTD,2021-02-12,,0.0,PEAD_Q5,63,11.05
IN,POLYPLEX,2021-02-12,,0.0,PEAD_Q5,63,23.75
IN,MUTHOOTFIN,2021-02-12,,0.0,PEAD_Q5,63,-3.94
IN,ENIL,2021-02-15,,0.0,PEAD_Q5,63,-6.11
IN,JBCHEPHARM,2021-02-15,,0.0,PEAD_Q5,63,16.04
IN,GREENPLY,2021-02-15,,0.0,PEAD_Q5,63,30.34
IN,CAPACITE,2021-02-15,,0.0,PEAD_Q5,63,-1.68
IN,XCHANGING,2021-02-15,,0.0,PEAD_Q5,63,3.0
IN,TTKPRESTIG,2021-02-15,,0.0,PEAD_Q5,63,-0.95
IN,TARC,2021-02-15,,0.0,PEAD_Q5,63,-10.58
IN,MAYURUNIQ,2021-02-16,,0.0,PEAD_Q5,63,3.41
IN,GOLDIAM,2021-02-16,,0.0,PEAD_Q5,63,33.41
IN,INDIAGLYCO,2021-02-17,,0.0,PEAD_Q5,63,0.55
IN,APOLLOHOSP,2021-02-17,,0.0,PEAD_Q5,63,-1.09
IN,GICHSGFIN,2021-02-17,,0.0,PEAD_Q5,63,-8.75
IN,WIPRO,2021-04-19,,0.0,PEAD_Q5,63,21.37
IN,GTPL,2021-04-20,,0.0,PEAD_Q5,63,37.71
IN,TV18BRDCST,2021-04-26,,0.0,PEAD_Q5,63,12.54
IN,TVSMOTOR,2021-04-30,,0.0,PEAD_Q5,63,-8.18
IN,MASTEK,2021-05-03,,0.0,PEAD_Q5,63,63.14
IN,UTIAMC,2021-05-03,,0.0,PEAD_Q5,63,58.58
IN,NELCO,2021-05-03,,0.0,PEAD_Q5,63,84.37
IN,TATACOFFEE,2021-05-04,,0.0,PEAD_Q5,63,46.06
IN,MARICO,2021-05-04,,0.0,PEAD_Q5,63,18.05
IN,PERSISTENT,2021-05-04,,0.0,PEAD_Q5,63,39.17
IN,VBL,2021-05-05,,0.0,PEAD_Q5,63,18.92
IN,HOMEFIRST,2021-05-06,,0.0,PEAD_Q5,63,13.23
IN,COFORGE,2021-05-10,,0.0,PEAD_Q5,63,48.96
IN,TATASTEEL,2021-05-10,,0.0,PEAD_Q5,63,16.1
IN,CRAFTSMAN,2021-05-10,,0.0,PEAD_Q5,63,30.37
IN,SORILINFRA,2021-05-12,,0.0,PEAD_Q5,63,-12.7
IN,RELCAPITAL,2021-05-12,,0.0,PEAD_Q5,63,28.94
IN,DCBBANK,2021-05-12,,0.0,PEAD_Q5,63,-9.11
IN,CSBBANK,2021-05-12,,0.0,PEAD_Q5,63,15.78
IN,GODREJCP,2021-05-14,,0.0,PEAD_Q5,63,16.32
IN,CHAMBLFERT,2021-05-14,,0.0,PEAD_Q5,63,19.8
IN,VENKEYS,2021-05-14,,0.0,PEAD_Q5,63,28.8
IN,ERIS,2021-05-18,,0.0,PEAD_Q5,63,2.65
IN,BALKRISIND,2021-05-18,,0.0,PEAD_Q5,63,7.88
IN,GOKEX,2021-05-18,,0.0,PEAD_Q5,63,74.03
IN,POLYCAB,2021-05-18,,0.0,PEAD_Q5,63,14.75
IN,UPL,2021-05-18,,0.0,PEAD_Q5,63,0.44
IN,ASIANPAINT,2021-05-18,,0.0,PEAD_Q5,63,5.3
IN,HGINFRA,2021-05-18,,0.0,PEAD_Q5,63,64.73
IN,QUICKHEAL,2021-05-19,,0.0,PEAD_Q5,63,-1.75
IN,MRPL,2021-05-19,,0.0,PEAD_Q5,63,-13.39
IN,AUTOAXLES,2021-05-19,,0.0,PEAD_Q5,63,4.5
IN,KSL,2021-05-20,,0.0,PEAD_Q5,63,-0.61
IN,SHAKTIPUMP,2021-05-20,,0.0,PEAD_Q5,63,-0.55
IN,GLAND,2021-05-20,,0.0,PEAD_Q5,63,28.87
IN,MANINFRA,2021-05-21,,0.0,PEAD_Q5,63,51.69
IN,BRIGADE,2021-05-21,,0.0,PEAD_Q5,63,17.09
IN,TCIEXP,2021-05-24,,0.0,PEAD_Q5,63,2.71
IN,BSOFT,2021-05-25,,0.0,PEAD_Q5,63,33.74
IN,JKLAKSHMI,2021-05-25,,0.0,PEAD_Q5,63,32.18
IN,KNRCON,2021-05-25,,0.0,PEAD_Q5,63,29.07
IN,CCL,2021-05-26,,0.0,PEAD_Q5,63,13.39
IN,KABRAEXTRU,2021-05-26,,0.0,PEAD_Q5,63,27.07
IN,INDOCO,2021-05-27,,0.0,PEAD_Q5,63,15.18
IN,VGUARD,2021-05-28,,0.0,PEAD_Q5,63,-10.93
IN,TCI,2021-05-28,,0.0,PEAD_Q5,63,-6.08
IN,LUXIND,2021-05-28,,0.0,PEAD_Q5,63,19.63
IN,SOLARINDS,2021-06-01,,0.0,PEAD_Q5,63,17.04
IN,ELECON,2021-06-01,,0.0,PEAD_Q5,63,44.81
IN,REDINGTON,2021-06-01,,0.0,PEAD_Q5,63,25.1
IN,JINDALSAW,2021-06-01,,0.0,PEAD_Q5,63,9.02
IN,KIOCL,2021-06-01,,0.0,PEAD_Q5,63,-1.71
IN,METROPOLIS,2021-06-01,,0.0,PEAD_Q5,63,12.93
IN,NH,2021-06-02,,0.0,PEAD_Q5,63,3.15
IN,RUPA,2021-06-03,,0.0,PEAD_Q5,63,-9.01
IN,CHEMCON,2021-06-03,,0.0,PEAD_Q5,63,-5.06
IN,NRBBEARING,2021-06-07,,0.0,PEAD_Q5,63,1.0
IN,NIITLTD,2021-06-08,,0.0,PEAD_Q5,63,4.85
IN,BHARATFORG,2021-06-08,,0.0,PEAD_Q5,63,2.58
IN,GSPL,2021-06-08,,0.0,PEAD_Q5,63,14.7
IN,CENTRALBK,2021-06-09,,0.0,PEAD_Q5,63,-5.54
IN,WABAG,2021-06-09,,0.0,PEAD_Q5,63,12.01
IN,FAIRCHEMOR,2021-06-10,,0.0,PEAD_Q5,63,47.51
IN,LIKHITHA,2021-06-15,,0.0,PEAD_Q5,63,-8.21
IN,LGBBROSLTD,2021-06-15,,0.0,PEAD_Q5,63,1.8
IN,CARERATING,2021-06-16,,0.0,PEAD_Q5,63,2.07
IN,JPPOWER,2021-06-17,,0.0,PEAD_Q5,63,-22.32
IN,BLS,2021-06-18,,0.0,PEAD_Q5,63,100.0
IN,KHADIM,2021-06-22,,0.0,PEAD_Q5,63,-4.2
IN,J&KBANK,2021-06-22,,0.0,PEAD_Q5,63,-8.49
IN,BEL,2021-06-25,,0.0,PEAD_Q5,63,16.57
IN,ALLCARGO,2021-06-28,,0.0,PEAD_Q5,63,64.0
IN,MSTCLTD,2021-06-29,,0.0,PEAD_Q5,63,11.47
IN,APOLLOHOSP,2021-06-29,,0.0,PEAD_Q5,63,23.18
IN,KCP,2021-06-29,,0.0,PEAD_Q5,63,-8.99
IN,INDIAGLYCO,2021-06-30,,0.0,PEAD_Q5,63,25.86
IN,ZEEMEDIA,2021-06-30,,0.0,PEAD_Q5,63,16.32
IN,UFLEX,2021-07-01,,0.0,PEAD_Q5,63,-1.71
IN,GICHSGFIN,2021-07-01,,0.0,PEAD_Q5,63,-21.51
IN,HPL,2021-07-01,,0.0,PEAD_Q5,63,-7.52
IN,ISGEC,2021-07-01,,0.0,PEAD_Q5,63,-7.76
IN,VLSFINANCE,2021-07-02,,0.0,PEAD_Q5,63,2.64
IN,JISLJALEQS,2021-07-06,,0.0,PEAD_Q5,63,21.68
IN,LTTS,2021-07-16,,0.0,PEAD_Q5,63,51.07
IN,CYIENT,2021-07-20,,0.0,PEAD_Q5,63,19.93
IN,MANGLMCEM,2021-07-22,,0.0,PEAD_Q5,63,-9.15
IN,SCHAEFFLER,2021-07-26,,0.0,PEAD_Q5,63,5.07
IN,JUBLFOOD,2021-07-26,,0.0,PEAD_Q5,63,4.39
IN,MPHASIS,2021-07-27,,0.0,PEAD_Q5,63,29.08
IN,SBICARD,2021-07-27,,0.0,PEAD_Q5,63,11.87
IN,ANUP,2021-07-29,,0.0,PEAD_Q5,63,-2.68
IN,MAHLOG,2021-07-30,,0.0,PEAD_Q5,63,-14.89
IN,PRIVISCL,2021-08-02,,0.0,PEAD_Q5,63,-5.13
IN,SHOPERSTOP,2021-08-02,,0.0,PEAD_Q5,63,40.95
IN,DEEPAKNTR,2021-08-02,,0.0,PEAD_Q5,63,10.95
IN,SHRIRAMCIT,2021-08-02,,0.0,PEAD_Q5,63,18.78
IN,GOODLUCK,2021-08-02,,0.0,PEAD_Q5,63,-2.55
IN,NRAIL,2021-08-02,,0.0,PEAD_Q5,63,-11.95
IN,MPSLTD,2021-08-02,,0.0,PEAD_Q5,63,-5.56
IN,TECHM,2021-08-02,,0.0,PEAD_Q5,63,23.12
IN,KSB,2021-08-03,,0.0,PEAD_Q5,63,12.11
IN,LODHA,2021-08-03,,0.0,PEAD_Q5,63,28.27
IN,SUNPHARMA,2021-08-03,,0.0,PEAD_Q5,63,-0.86
IN,CONCOR,2021-08-03,,0.0,PEAD_Q5,63,-2.55
IN,NURECA,2021-08-04,,0.0,PEAD_Q5,63,-2.55
IN,BLISSGVS,2021-08-04,,0.0,PEAD_Q5,63,-11.19
IN,NAHARPOLY,2021-08-04,,0.0,PEAD_Q5,63,-15.02
IN,SURYAROSNI,2021-08-04,,0.0,PEAD_Q5,63,11.38
IN,PIIND,2021-08-04,,0.0,PEAD_Q5,63,-11.84
IN,LYKALABS,2021-08-06,,0.0,PEAD_Q5,63,6.47
IN,HIKAL,2021-08-09,,0.0,PEAD_Q5,63,-17.91
IN,ACCELYA,2021-08-09,,0.0,PEAD_Q5,63,-16.63
IN,PATELENG,2021-08-10,,0.0,PEAD_Q5,63,39.03
IN,DCMNVL,2021-08-10,,0.0,PEAD_Q5,63,38.48
IN,JUBLINDS,2021-08-10,,0.0,PEAD_Q5,63,13.73
IN,VINYLINDIA,2021-08-11,,0.0,PEAD_Q5,63,52.53
IN,BASF,2021-08-11,,0.0,PEAD_Q5,63,-22.28
IN,SONACOMS,2021-08-11,,0.0,PEAD_Q5,63,36.29
IN,AWHCL,2021-08-13,,0.0,PEAD_Q5,63,-16.79
IN,GUFICBIO,2021-08-13,,0.0,PEAD_Q5,63,-10.9
IN,DVL,2021-08-13,,0.0,PEAD_Q5,63,-10.68
IN,PUNJABCHEM,2021-08-13,,0.0,PEAD_Q5,63,-8.88
IN,POWERGRID,2021-08-13,,0.0,PEAD_Q5,63,1.54
IN,MAXHEALTH,2021-08-13,,0.0,PEAD_Q5,63,14.49
IN,HERANBA,2021-08-13,,0.0,PEAD_Q5,63,-18.61
IN,KIMS,2021-08-13,,0.0,PEAD_Q5,63,-6.63
IN,KMSUGAR,2021-08-13,,0.0,PEAD_Q5,63,-7.48
IN,KOLTEPATIL,2021-08-13,,0.0,PEAD_Q5,63,32.35
IN,AMBIKCO,2021-08-13,,0.0,PEAD_Q5,63,39.32
IN,NELCAST,2021-08-16,,0.0,PEAD_Q5,63,-13.4
IN,TDPOWERSYS,2021-08-16,,0.0,PEAD_Q5,63,52.83
IN,HCC,2021-08-16,,0.0,PEAD_Q5,63,2.05
IN,TRIDENT,2021-08-16,,0.0,PEAD_Q5,63,104.51
IN,INDOSTAR,2021-08-16,,0.0,PEAD_Q5,63,-26.56
IN,ALBERTDAVD,2021-08-16,,0.0,PEAD_Q5,63,2.78
IN,AVTNPL,2021-08-16,,0.0,PEAD_Q5,63,0.72
IN,HESTERBIO,2021-08-16,,0.0,PEAD_Q5,63,-3.73
IN,VIPIND,2021-08-16,,0.0,PEAD_Q5,63,26.1
IN,SUPRAJIT,2021-08-16,,0.0,PEAD_Q5,63,33.26
IN,TRITURBINE,2021-08-17,,0.0,PEAD_Q5,63,33.65
IN,TIINDIA,2021-08-17,,0.0,PEAD_Q5,63,36.13
IN,DEEPINDS,2021-08-17,,0.0,PEAD_Q5,63,18.33
IN,AROGRANITE,2021-08-17,,0.0,PEAD_Q5,63,-8.69
IN,FIEMIND,2021-08-18,,0.0,PEAD_Q5,63,8.16
IN,WEBELSOLAR,2021-08-18,,0.0,PEAD_Q5,63,-0.36
IN,VSTTILLERS,2021-08-18,,0.0,PEAD_Q5,63,13.07
IN,BANCOINDIA,2021-08-18,,0.0,PEAD_Q5,63,-5.66
IN,GMBREW,2021-10-14,,0.0,PEAD_Q5,63,-10.75
IN,TANLA,2021-10-26,,0.0,PEAD_Q5,63,48.48
IN,JAGRAN,2021-10-27,,0.0,PEAD_Q5,63,8.14
IN,ICICIBANK,2021-10-27,,0.0,PEAD_Q5,63,-4.83
IN,VIMTALABS,2021-10-27,,0.0,PEAD_Q5,63,10.01
IN,TATVA,2021-10-27,,0.0,PEAD_Q5,63,-9.16
IN,HOMEFIRST,2021-10-28,,0.0,PEAD_Q5,63,11.53
IN,ZENSARTECH,2021-10-29,,0.0,PEAD_Q5,63,-10.0
IN,ASAHIINDIA,2021-10-29,,0.0,PEAD_Q5,63,29.65
IN,ABB,2021-10-29,,0.0,PEAD_Q5,63,8.55
IN,BSOFT,2021-10-29,,0.0,PEAD_Q5,63,17.01
IN,GREAVESCOT,2021-10-29,,0.0,PEAD_Q5,63,55.58
IN,GREENPANEL,2021-10-29,,0.0,PEAD_Q5,63,35.17
IN,ESABINDIA,2021-11-01,,0.0,PEAD_Q5,63,31.49
IN,INDIGO,2021-11-01,,0.0,PEAD_Q5,63,-10.48
IN,KOKUYOCMLN,2021-11-01,,0.0,PEAD_Q5,63,-8.16
IN,GOKEX,2021-11-02,,0.0,PEAD_Q5,63,75.18
IN,VOLTAMP,2021-11-02,,0.0,PEAD_Q5,63,27.68
IN,BBL,2021-11-02,,0.0,PEAD_Q5,63,22.13
IN,RPGLIFE,2021-11-02,,0.0,PEAD_Q5,63,-16.3
IN,GNFC,2021-11-02,,0.0,PEAD_Q5,63,-5.07
IN,VBL,2021-11-02,,0.0,PEAD_Q5,63,2.46
IN,ABCAPITAL,2021-11-03,,0.0,PEAD_Q5,63,18.54
IN,ALLCARGO,2021-11-03,,0.0,PEAD_Q5,63,0.06
IN,MOLDTKPAC,2021-11-03,,0.0,PEAD_Q5,63,3.18
IN,LUXIND,2021-11-03,,0.0,PEAD_Q5,63,-24.33
IN,DEVYANI,2021-11-03,,0.0,PEAD_Q5,63,31.17
IN,GLAXO,2021-11-03,,0.0,PEAD_Q5,63,-5.54
IN,DCBBANK,2021-11-03,,0.0,PEAD_Q5,63,-12.44
IN,TRENT,2021-11-04,,0.0,PEAD_Q5,63,-3.37
IN,ECLERX,2021-11-04,,0.0,PEAD_Q5,63,2.92
IN,LAOPALA,2021-11-04,,0.0,PEAD_Q5,63,10.49
IN,PHOENIXLTD,2021-11-04,,0.0,PEAD_Q5,63,-2.58
IN,MANORG,2021-11-08,,0.0,PEAD_Q5,63,-1.84
IN,ELGIEQUIP,2021-11-10,,0.0,PEAD_Q5,63,81.92
IN,SMCGLOBAL,2021-11-10,,0.0,PEAD_Q5,63,0.0
IN,HEG,2021-11-11,,0.0,PEAD_Q5,63,-30.4
IN,M&M,2021-11-11,,0.0,PEAD_Q5,63,-7.75
IN,SIRCA,2021-11-11,,0.0,PEAD_Q5,63,19.5
IN,KARURVYSYA,2021-11-11,,0.0,PEAD_Q5,63,-4.32
IN,PRICOLLTD,2021-11-11,,0.0,PEAD_Q5,63,10.05
IN,NIITLTD,2021-11-12,,0.0,PEAD_Q5,63,20.52
IN,THERMAX,2021-11-12,,0.0,PEAD_Q5,63,21.26
IN,MONTECARLO,2021-11-12,,0.0,PEAD_Q5,63,1.89
IN,TIMKEN,2021-11-12,,0.0,PEAD_Q5,63,-1.57
IN,MANALIPETC,2021-11-12,,0.0,PEAD_Q5,63,-9.59
IN,REDINGTON,2021-11-12,,0.0,PEAD_Q5,63,14.03
IN,SANSERA,2021-11-15,,0.0,PEAD_Q5,63,-16.86
IN,PENIND,2021-11-15,,0.0,PEAD_Q5,63,21.46
IN,CRISIL,2021-11-15,,0.0,PEAD_Q5,63,-15.54
IN,MAXHEALTH,2021-11-16,,0.0,PEAD_Q5,63,1.82
IN,ISFT,2021-11-16,,0.0,PEAD_Q5,63,17.4
IN,FINEORG,2021-11-16,,0.0,PEAD_Q5,63,4.41
IN,FORTIS,2021-11-16,,0.0,PEAD_Q5,63,-6.61
IN,TIMETECHNO,2021-11-16,,0.0,PEAD_Q5,63,-2.91
IN,SPAL,2021-11-16,,0.0,PEAD_Q5,63,3.33
IN,SOMANYCERA,2021-11-16,,0.0,PEAD_Q5,63,-10.95
IN,JBMA,2021-11-16,,0.0,PEAD_Q5,63,47.28
IN,SUULD,2021-11-17,,0.0,PEAD_Q5,63,-4.78
IN,SHALPAINTS,2021-11-17,,0.0,PEAD_Q5,63,23.59
IN,MIRZAINT,2021-11-17,,0.0,PEAD_Q5,63,95.0
IN,PIIND,2021-11-17,,0.0,PEAD_Q5,63,-10.38
IN,APOLLOHOSP,2021-11-17,,0.0,PEAD_Q5,63,-20.04
IN,FINCABLES,2021-11-17,,0.0,PEAD_Q5,63,-19.5
IN,GNA,2022-01-19,,0.0,PEAD_Q5,63,-5.02
IN,METROBRAND,2022-01-19,,0.0,PEAD_Q5,63,-6.89
IN,TV18BRDCST,2022-01-20,,0.0,PEAD_Q5,63,31.61
IN,TATAELXSI,2022-01-21,,0.0,PEAD_Q5,63,10.83
IN,DCMSHRIRAM,2022-01-21,,0.0,PEAD_Q5,63,8.01
IN,JUSTDIAL,2022-01-21,,0.0,PEAD_Q5,63,-2.33
IN,CCL,2022-01-24,,0.0,PEAD_Q5,63,-9.22
IN,VINYLINDIA,2022-01-25,,0.0,PEAD_Q5,63,-3.16
IN,SHOPERSTOP,2022-01-25,,0.0,PEAD_Q5,63,35.73
IN,SHARDACROP,2022-01-27,,0.0,PEAD_Q5,63,11.62
IN,MARUTI,2022-01-28,,0.0,PEAD_Q5,63,-13.48
IN,FEDERALBNK,2022-01-28,,0.0,PEAD_Q5,63,-5.74
IN,AXISBANK,2022-01-28,,0.0,PEAD_Q5,63,-7.52
IN,GMDCLTD,2022-01-31,,0.0,PEAD_Q5,63,75.96
IN,PSPPROJECT,2022-01-31,,0.0,PEAD_Q5,63,-13.58
IN,LICHSGFIN,2022-01-31,,0.0,PEAD_Q5,63,-3.97
IN,CANBK,2022-01-31,,0.0,PEAD_Q5,63,-11.15
IN,NAUKRI,2022-02-01,,0.0,PEAD_Q5,63,-22.04
IN,HTMEDIA,2022-02-01,,0.0,PEAD_Q5,63,-10.66
IN,DEEPAKFERT,2022-02-01,,0.0,PEAD_Q5,63,4.31
IN,BSOFT,2022-02-01,,0.0,PEAD_Q5,63,-16.35
IN,COFORGE,2022-02-01,,0.0,PEAD_Q5,63,-18.48
IN,TIRUMALCHM,2022-02-01,,0.0,PEAD_Q5,63,-5.31
IN,POKARNA,2022-02-01,,0.0,PEAD_Q5,63,-24.51
IN,AMBER,2022-02-02,,0.0,PEAD_Q5,63,0.24
IN,CHEMPLASTS,2022-02-02,,0.0,PEAD_Q5,63,-1.46
IN,MASFIN,2022-02-04,,0.0,PEAD_Q5,63,-14.53
IN,SBCL,2022-02-04,,0.0,PEAD_Q5,63,-19.23
IN,BLUESTARCO,2022-02-04,,0.0,PEAD_Q5,63,-0.94
IN,VIPIND,2022-02-04,,0.0,PEAD_Q5,63,-0.62
IN,SUMICHEM,2022-02-07,,0.0,PEAD_Q5,63,-1.2
IN,CENTENKA,2022-02-07,,0.0,PEAD_Q5,63,-20.89
IN,NAHARPOLY,2022-02-07,,0.0,PEAD_Q5,63,-17.92
IN,TRIVENI,2022-02-07,,0.0,PEAD_Q5,63,-11.57
IN,BALRAMCHIN,2022-02-07,,0.0,PEAD_Q5,63,-14.07
IN,AMBIKCO,2022-02-07,,0.0,PEAD_Q5,63,-35.29
IN,SAKSOFT,2022-02-07,,0.0,PEAD_Q5,63,-30.32
IN,INDIGO,2022-02-08,,0.0,PEAD_Q5,63,-25.56
IN,CREDITACC,2022-02-08,,0.0,PEAD_Q5,63,27.33
IN,EVEREADY,2022-02-08,,0.0,PEAD_Q5,63,8.39
IN,CMSINFO,2022-02-08,,0.0,PEAD_Q5,63,-12.97
IN,HCC,2022-02-08,,0.0,PEAD_Q5,63,-16.0
IN,HGINFRA,2022-02-08,,0.0,PEAD_Q5,63,-18.38
IN,BUTTERFLY,2022-02-09,,0.0,PEAD_Q5,63,12.58
IN,CAMLINFINE,2022-02-09,,0.0,PEAD_Q5,63,-31.85
IN,GNFC,2022-02-09,,0.0,PEAD_Q5,63,14.14
IN,BANKBARODA,2022-02-09,,0.0,PEAD_Q5,63,-13.06
IN,JAGRAN,2022-02-10,,0.0,PEAD_Q5,63,-21.21
IN,NDTV,2022-02-11,,0.0,PEAD_Q5,63,9.31
IN,ZEEMEDIA,2022-02-14,,0.0,PEAD_Q5,63,-9.97
IN,KIMS,2022-02-14,,0.0,PEAD_Q5,63,-3.78
IN,RHIM,2022-02-14,,0.0,PEAD_Q5,63,19.15
IN,AUROPHARMA,2022-02-14,,0.0,PEAD_Q5,63,-23.16
IN,UFLEX,2022-02-15,,0.0,PEAD_Q5,63,5.11
IN,SAPPHIRE,2022-02-15,,0.0,PEAD_Q5,63,-25.4
IN,SCHNEIDER,2022-02-15,,0.0,PEAD_Q5,63,-2.89
IN,CUMMINSIND,2022-02-15,,0.0,PEAD_Q5,63,6.03
IN,MAITHANALL,2022-02-16,,0.0,PEAD_Q5,63,-10.62
IN,JINDALPHOT,2022-02-17,,0.0,PEAD_Q5,63,-44.83
IN,COFFEEDAY,2022-02-17,,0.0,PEAD_Q5,63,-33.44
IN,ALPA,2022-02-17,,0.0,PEAD_Q5,63,-10.43
IN,SPIC,2022-02-17,,0.0,PEAD_Q5,63,15.02
IN,SCHAEFFLER,2022-02-21,,0.0,PEAD_Q5,63,13.23
IN,KSB,2022-03-02,,0.0,PEAD_Q5,63,28.23
IN,ANANDRATHI,2022-04-19,,0.0,PEAD_Q5,63,-3.77
IN,DEN,2022-04-19,,0.0,PEAD_Q5,63,-25.26
IN,ANGELONE,2022-04-22,,0.0,PEAD_Q5,63,-26.74
IN,TATAELXSI,2022-04-25,,0.0,PEAD_Q5,63,4.71
IN,CYIENT,2022-04-26,,0.0,PEAD_Q5,63,-14.14
IN,MAHLOG,2022-04-29,,0.0,PEAD_Q5,63,-8.16
IN,KPITTECH,2022-04-29,,0.0,PEAD_Q5,63,-3.22
IN,CHENNPETRO,2022-05-02,,0.0,PEAD_Q5,63,-10.14
IN,INDHOTEL,2022-05-02,,0.0,PEAD_Q5,63,0.44
IN,GOKEX,2022-05-04,,0.0,PEAD_Q5,63,-19.6
IN,MOL,2022-05-05,,0.0,PEAD_Q5,63,-3.18
IN,GHCL,2022-05-05,,0.0,PEAD_Q5,63,-2.02
IN,RAIN,2022-05-06,,0.0,PEAD_Q5,63,10.51
IN,ACCELYA,2022-05-06,,0.0,PEAD_Q5,63,5.53
IN,20MICRONS,2022-05-06,,0.0,PEAD_Q5,63,7.63
IN,HOMEFIRST,2022-05-06,,0.0,PEAD_Q5,63,9.68
IN,JBMA,2022-05-06,,0.0,PEAD_Q5,63,-18.32
IN,ADANIPOWER,2022-05-09,,0.0,PEAD_Q5,63,23.31
IN,ABB,2022-05-09,,0.0,PEAD_Q5,63,15.73
IN,SATIN,2022-05-09,,0.0,PEAD_Q5,63,-6.12
IN,PNBGILTS,2022-05-10,,0.0,PEAD_Q5,63,1.27
IN,PRSMJOHNSN,2022-05-13,,0.0,PEAD_Q5,63,5.63
IN,KALYANKJIL,2022-05-13,,0.0,PEAD_Q5,63,13.53
IN,ZENSARTECH,2022-05-13,,0.0,PEAD_Q5,63,-23.4
IN,CERA,2022-05-13,,0.0,PEAD_Q5,63,25.01
IN,AVANTIFEED,2022-05-16,,0.0,PEAD_Q5,63,3.98
IN,VIMTALABS,2022-05-16,,0.0,PEAD_Q5,63,11.96
IN,POONAWALLA,2022-05-16,,0.0,PEAD_Q5,63,20.07
IN,KSL,2022-05-16,,0.0,PEAD_Q5,63,-1.85
IN,SPENCERS,2022-05-16,,0.0,PEAD_Q5,63,-5.14
IN,MAGADSUGAR,2022-05-16,,0.0,PEAD_Q5,63,-5.77
IN,NITINSPIN,2022-05-16,,0.0,PEAD_Q5,63,-10.18
IN,SHARDACROP,2022-05-17,,0.0,PEAD_Q5,63,-26.02
IN,WELENT,2022-05-17,,0.0,PEAD_Q5,63,43.78
IN,ELGIEQUIP,2022-05-17,,0.0,PEAD_Q5,63,32.25
IN,BALKRISIND,2022-05-17,,0.0,PEAD_Q5,63,3.73
IN,UNIONBANK,2022-05-17,,0.0,PEAD_Q5,63,8.94
IN,CAPLIPOINT,2022-05-17,,0.0,PEAD_Q5,63,13.01
IN,GREAVESCOT,2022-05-17,,0.0,PEAD_Q5,63,13.58
IN,TATAMTRDVR,2022-05-17,,0.0,PEAD_Q5,63,19.1
IN,UJJIVANSFB,2022-05-17,,0.0,PEAD_Q5,63,22.38
IN,APOLLOTYRE,2022-05-17,,0.0,PEAD_Q5,63,16.4
IN,MATRIMONY,2022-05-17,,0.0,PEAD_Q5,63,2.31
IN,HCC,2022-05-17,,0.0,PEAD_Q5,63,-14.53
IN,CREDITACC,2022-05-17,,0.0,PEAD_Q5,63,3.83
IN,UTTAMSUGAR,2022-05-18,,0.0,PEAD_Q5,63,-8.28
IN,DMART,2022-05-18,,0.0,PEAD_Q5,63,20.05
IN,VINATIORGA,2022-05-18,,0.0,PEAD_Q5,63,8.01
IN,EICHERMOT,2022-05-18,,0.0,PEAD_Q5,63,26.02
IN,INDOCO,2022-05-19,,0.0,PEAD_Q5,63,-4.89
IN,PIIND,2022-05-20,,0.0,PEAD_Q5,63,26.82
IN,ITC,2022-05-20,,0.0,PEAD_Q5,63,11.43
IN,BAJAJHCARE,2022-05-20,,0.0,PEAD_Q5,63,14.73
IN,ORIENTBELL,2022-05-20,,0.0,PEAD_Q5,63,8.37
IN,NUCLEUS,2022-05-20,,0.0,PEAD_Q5,63,-4.1
IN,GALAXYSURF,2022-05-20,,0.0,PEAD_Q5,63,7.07
IN,DRREDDY,2022-05-23,,0.0,PEAD_Q5,63,-2.06
IN,JKLAKSHMI,2022-05-23,,0.0,PEAD_Q5,63,-3.01
IN,PAYTM,2022-05-24,,0.0,PEAD_Q5,63,20.07
IN,KIRLOSENG,2022-05-24,,0.0,PEAD_Q5,63,21.36
IN,SURYAROSNI,2022-05-24,,0.0,PEAD_Q5,63,-9.39
IN,POWERMECH,2022-05-25,,0.0,PEAD_Q5,63,28.06
IN,SPAL,2022-05-25,,0.0,PEAD_Q5,63,39.79
IN,SHILPAMED,2022-05-26,,0.0,PEAD_Q5,63,-11.29
IN,TORNTPHARM,2022-05-27,,0.0,PEAD_Q5,63,5.4
IN,AIAENG,2022-05-27,,0.0,PEAD_Q5,63,22.9
IN,INDIGO,2022-05-27,,0.0,PEAD_Q5,63,8.39
IN,SANGHVIMOV,2022-05-27,,0.0,PEAD_Q5,63,41.73
IN,ASTERDM,2022-05-27,,0.0,PEAD_Q5,63,8.64
IN,DEEPAKFERT,2022-05-27,,0.0,PEAD_Q5,63,49.48
IN,ITI,2022-05-30,,0.0,PEAD_Q5,63,20.92
IN,APOLLOHOSP,2022-05-30,,0.0,PEAD_Q5,63,9.24
IN,TIIL,2022-05-31,,0.0,PEAD_Q5,63,-11.76
IN,CUB,2022-05-31,,0.0,PEAD_Q5,63,28.44
IN,WELCORP,2022-05-31,,0.0,PEAD_Q5,63,0.02
IN,TIMKEN,2022-05-31,,0.0,PEAD_Q5,63,32.28
IN,TARSONS,2022-05-31,,0.0,PEAD_Q5,63,5.95
IN,BEML,2022-05-31,,0.0,PEAD_Q5,63,30.4
IN,ASTRAZEN,2022-05-31,,0.0,PEAD_Q5,63,2.27
IN,SJS,2022-05-31,,0.0,PEAD_Q5,63,9.75
IN,WONDERLA,2022-05-31,,0.0,PEAD_Q5,63,51.92
IN,GODREJIND,2022-05-31,,0.0,PEAD_Q5,63,0.26
IN,AWHCL,2022-05-31,,0.0,PEAD_Q5,63,14.92
IN,UNICHEMLAB,2022-05-31,,0.0,PEAD_Q5,63,18.65
IN,PANAMAPET,2022-06-01,,0.0,PEAD_Q5,63,15.9
IN,SHRIRAMPPS,2022-06-01,,0.0,PEAD_Q5,63,17.11
IN,FIEMIND,2022-06-01,,0.0,PEAD_Q5,63,45.35
IN,NAUKRI,2022-06-01,,0.0,PEAD_Q5,63,4.35
IN,63MOONS,2022-06-01,,0.0,PEAD_Q5,63,7.44
IN,TIMETECHNO,2022-06-01,,0.0,PEAD_Q5,63,16.23
IN,EKC,2022-06-01,,0.0,PEAD_Q5,63,-38.26
IN,3MINDIA,2022-06-01,,0.0,PEAD_Q5,63,7.98
IN,M&M,2022-06-01,,0.0,PEAD_Q5,63,25.27
IN,GAEL,2022-06-01,,0.0,PEAD_Q5,63,-16.9
IN,IONEXCHANG,2022-06-01,,0.0,PEAD_Q5,63,7.36
IN,SATIA,2022-06-01,,0.0,PEAD_Q5,63,-1.57
IN,OIL,2022-06-01,,0.0,PEAD_Q5,63,-21.4
IN,SRHHYPOLTD,2022-06-02,,0.0,PEAD_Q5,63,64.93
IN,MIRZAINT,2022-06-02,,0.0,PEAD_Q5,63,32.67
IN,SUULD,2022-06-02,,0.0,PEAD_Q5,63,-46.04
IN,NATCOPHARM,2022-06-02,,0.0,PEAD_Q5,63,-12.99
IN,RGL,2022-06-02,,0.0,PEAD_Q5,63,-16.04
IN,HINDOILEXP,2022-06-02,,0.0,PEAD_Q5,63,-7.06
IN,RICOAUTO,2022-06-02,,0.0,PEAD_Q5,63,37.34
IN,HAPPSTMNDS,2022-07-25,,0.0,PEAD_Q5,63,1.4
IN,GSFC,2022-07-26,,0.0,PEAD_Q5,63,-21.57
IN,SDBL,2022-07-26,,0.0,PEAD_Q5,63,23.09
IN,EMUDHRA,2022-07-27,,0.0,PEAD_Q5,63,-2.37
IN,DLINKINDIA,2022-07-27,,0.0,PEAD_Q5,63,66.85
IN,NAVINFLUOR,2022-07-27,,0.0,PEAD_Q5,63,6.26
IN,AGI,2022-08-01,,0.0,PEAD_Q5,63,15.1
IN,GESHIP,2022-08-02,,0.0,PEAD_Q5,63,7.51
IN,ANDHRAPAP,2022-08-02,,0.0,PEAD_Q5,63,22.28
IN,GREENPOWER,2022-08-02,,0.0,PEAD_Q5,63,-18.4
IN,ROUTE,2022-08-02,,0.0,PEAD_Q5,63,-11.11
IN,APARINDS,2022-08-02,,0.0,PEAD_Q5,63,19.35
IN,GMMPFAUDLR,2022-08-02,,0.0,PEAD_Q5,63,13.53
IN,EVEREADY,2022-08-03,,0.0,PEAD_Q5,63,-5.95
IN,KANSAINER,2022-08-03,,0.0,PEAD_Q5,63,-9.62
IN,TRITURBINE,2022-08-03,,0.0,PEAD_Q5,63,51.95
IN,ZENTEC,2022-08-03,,0.0,PEAD_Q5,63,7.45
IN,JKPAPER,2022-08-03,,0.0,PEAD_Q5,63,2.57
IN,IDFCFIRSTB,2022-08-03,,0.0,PEAD_Q5,63,32.79
IN,NAVNETEDUL,2022-08-05,,0.0,PEAD_Q5,63,-4.47
IN,BRIGADE,2022-08-05,,0.0,PEAD_Q5,63,-0.95
IN,TIINDIA,2022-08-05,,0.0,PEAD_Q5,63,11.36
IN,REDINGTON,2022-08-08,,0.0,PEAD_Q5,63,3.73
IN,LUPIN,2022-08-08,,0.0,PEAD_Q5,63,12.05
IN,FDC,2022-08-10,,0.0,PEAD_Q5,63,10.74
IN,THOMASCOOK,2022-08-10,,0.0,PEAD_Q5,63,9.08
IN,RUSHIL,2022-08-11,,0.0,PEAD_Q5,63,-20.84
IN,WSTCSTPAPR,2022-08-11,,0.0,PEAD_Q5,63,12.2
IN,BFUTILITIE,2022-08-12,,0.0,PEAD_Q5,63,4.49
IN,FINEORG,2022-08-12,,0.0,PEAD_Q5,63,0.01
IN,CAPACITE,2022-08-12,,0.0,PEAD_Q5,63,11.18
IN,MAYURUNIQ,2022-08-12,,0.0,PEAD_Q5,63,-8.13
IN,IGL,2022-08-12,,0.0,PEAD_Q5,63,-1.87
IN,RAINBOW,2022-08-12,,0.0,PEAD_Q5,63,47.13
IN,CHEMCON,2022-08-12,,0.0,PEAD_Q5,63,-25.85
IN,SBCL,2022-08-12,,0.0,PEAD_Q5,63,24.28
IN,CANTABIL,2022-08-12,,0.0,PEAD_Q5,63,-16.16
IN,HARIOMPIPE,2022-08-16,,0.0,PEAD_Q5,63,10.34
IN,BHARATFORG,2022-08-16,,0.0,PEAD_Q5,63,7.5
IN,NAVKARCORP,2022-08-16,,0.0,PEAD_Q5,63,-22.88
IN,REPCOHOME,2022-08-17,,0.0,PEAD_Q5,63,29.11
IN,FAIRCHEMOR,2022-08-17,,0.0,PEAD_Q5,63,-24.55
IN,PHOENIXLTD,2022-08-17,,0.0,PEAD_Q5,63,11.42
IN,KSB,2022-08-17,,0.0,PEAD_Q5,63,7.12
IN,MAITHANALL,2022-08-18,,0.0,PEAD_Q5,63,-10.13
IN,HONAUT,2022-08-18,,0.0,PEAD_Q5,63,-5.63
IN,BCG,2022-08-18,,0.0,PEAD_Q5,63,-16.23
IN,ARMANFIN,2022-08-18,,0.0,PEAD_Q5,63,6.28
IN,APOLLOTYRE,2022-08-18,,0.0,PEAD_Q5,63,5.23
IN,AXITA,2022-08-18,,0.0,PEAD_Q5,63,14.88
IN,ACCELYA,2022-10-21,,0.0,PEAD_Q5,63,36.62
IN,CANBK,2022-10-24,,0.0,PEAD_Q5,63,19.43
IN,RALLIS,2022-10-24,,0.0,PEAD_Q5,63,-5.43
IN,AXISBANK,2022-10-25,,0.0,PEAD_Q5,63,0.81
IN,J&KBANK,2022-10-25,,0.0,PEAD_Q5,63,49.46
IN,DLINKINDIA,2022-10-27,,0.0,PEAD_Q5,63,-20.4
IN,IIFL,2022-10-31,,0.0,PEAD_Q5,63,11.93
IN,KECL,2022-11-02,,0.0,PEAD_Q5,63,10.41
IN,JSWENERGY,2022-11-02,,0.0,PEAD_Q5,63,-30.36
IN,PDMJEPAPER,2022-11-02,,0.0,PEAD_Q5,63,-13.62
IN,CMSINFO,2022-11-03,,0.0,PEAD_Q5,63,-10.85
IN,KTKBANK,2022-11-03,,0.0,PEAD_Q5,63,14.78
IN,VBL,2022-11-03,,0.0,PEAD_Q5,63,-2.95
IN,PRUDENT,2022-11-04,,0.0,PEAD_Q5,63,14.03
IN,GREENPOWER,2022-11-04,,0.0,PEAD_Q5,63,4.05
IN,CHOLAFIN,2022-11-04,,0.0,PEAD_Q5,63,2.3
IN,KABRAEXTRU,2022-11-04,,0.0,PEAD_Q5,63,35.33
IN,BANKINDIA,2022-11-07,,0.0,PEAD_Q5,63,11.96
IN,MASFIN,2022-11-07,,0.0,PEAD_Q5,63,-11.02
IN,ADANIENT,2022-11-09,,0.0,PEAD_Q5,63,-54.89
IN,SIYSIL,2022-11-09,,0.0,PEAD_Q5,63,-10.62
IN,ELECON,2022-11-10,,0.0,PEAD_Q5,63,-15.11
IN,JKLAKSHMI,2022-11-10,,0.0,PEAD_Q5,63,16.3
IN,GOACARBON,2022-11-10,,0.0,PEAD_Q5,63,-11.92
IN,VASCONEQ,2022-11-10,,0.0,PEAD_Q5,63,2.34
IN,UJJIVANSFB,2022-11-10,,0.0,PEAD_Q5,63,-3.07
IN,POLYMED,2022-11-10,,0.0,PEAD_Q5,63,-10.83
IN,BRITANNIA,2022-11-10,,0.0,PEAD_Q5,63,11.13
IN,BANKBARODA,2022-11-10,,0.0,PEAD_Q5,63,1.54
IN,REFEX,2022-11-11,,0.0,PEAD_Q5,63,30.75
IN,PIIND,2022-11-11,,0.0,PEAD_Q5,63,-7.01
IN,CARERATING,2022-11-11,,0.0,PEAD_Q5,63,18.24
IN,IGARASHI,2022-11-11,,0.0,PEAD_Q5,63,-3.69
IN,3MINDIA,2022-11-11,,0.0,PEAD_Q5,63,-0.64
IN,RUSHIL,2022-11-11,,0.0,PEAD_Q5,63,-25.03
IN,HONDAPOWER,2022-11-11,,0.0,PEAD_Q5,63,1.03
IN,CEATLTD,2022-11-11,,0.0,PEAD_Q5,63,-11.59
IN,BLS,2022-11-11,,0.0,PEAD_Q5,63,0.56
IN,TCPLPACK,2022-11-11,,0.0,PEAD_Q5,63,-4.59
IN,FIEMIND,2022-11-14,,0.0,PEAD_Q5,63,-13.87
IN,TVSSRICHAK,2022-11-14,,0.0,PEAD_Q5,63,-3.41
IN,SAKSOFT,2022-11-14,,0.0,PEAD_Q5,63,28.44
IN,NEULANDLAB,2022-11-14,,0.0,PEAD_Q5,63,-26.96
IN,LIBERTSHOE,2022-11-14,,0.0,PEAD_Q5,63,-24.75
IN,ALLCARGO,2022-11-14,,0.0,PEAD_Q5,63,-13.23
IN,GPPL,2022-11-14,,0.0,PEAD_Q5,63,5.89
IN,LUPIN,2022-11-14,,0.0,PEAD_Q5,63,-2.94
IN,SANGHVIMOV,2022-11-14,,0.0,PEAD_Q5,63,40.2
IN,IONEXCHANG,2022-11-14,,0.0,PEAD_Q5,63,29.4
IN,NAUKRI,2022-11-15,,0.0,PEAD_Q5,63,-16.63
IN,TIPSFILMS,2022-11-15,,0.0,PEAD_Q5,63,-19.52
IN,LUMAXIND,2022-11-15,,0.0,PEAD_Q5,63,0.8
IN,HINDALCO,2022-11-15,,0.0,PEAD_Q5,63,-6.39
IN,FORTIS,2022-11-15,,0.0,PEAD_Q5,63,-9.7
IN,IRCON,2022-11-15,,0.0,PEAD_Q5,63,-4.04
IN,RVNL,2022-11-15,,0.0,PEAD_Q5,63,14.18
IN,COCHINSHIP,2022-11-15,,0.0,PEAD_Q5,63,-30.28
IN,JINDALSTEL,2022-11-15,,0.0,PEAD_Q5,63,11.61
IN,STAR,2022-11-16,,0.0,PEAD_Q5,63,-13.01
IN,ROSSELLIND,2022-11-16,,0.0,PEAD_Q5,63,-26.79
IN,DYNPRO,2022-11-16,,0.0,PEAD_Q5,63,-41.45
IN,KIMS,2022-11-16,,0.0,PEAD_Q5,63,-9.93
IN,WABAG,2022-11-16,,0.0,PEAD_Q5,63,6.83
IN,MANAPPURAM,2022-11-16,,0.0,PEAD_Q5,63,-3.22
IN,HUDCO,2022-11-17,,0.0,PEAD_Q5,63,-8.59
IN,GANECOS,2022-11-17,,0.0,PEAD_Q5,63,-1.88
IN,ATULAUTO,2022-11-18,,0.0,PEAD_Q5,63,14.94
IN,JUSTDIAL,2023-01-18,,0.0,PEAD_Q5,63,0.55
IN,PERSISTENT,2023-01-20,,0.0,PEAD_Q5,63,6.01
IN,DATAMATICS,2023-01-23,,0.0,PEAD_Q5,63,10.84
IN,COFORGE,2023-01-24,,0.0,PEAD_Q5,63,-4.47
IN,AETHER,2023-01-24,,0.0,PEAD_Q5,63,4.73
IN,GRAVITA,2023-01-25,,0.0,PEAD_Q5,63,9.4
IN,AMBER,2023-01-25,,0.0,PEAD_Q5,63,-8.85
IN,CHEMBOND,2023-01-25,,0.0,PEAD_Q5,63,-5.96
IN,SHAKTIPUMP,2023-01-25,,0.0,PEAD_Q5,63,1.05
IN,JINDALSAW,2023-01-30,,0.0,PEAD_Q5,63,26.62
IN,TATAMTRDVR,2023-01-30,,0.0,PEAD_Q5,63,10.18
IN,CHENNPETRO,2023-01-30,,0.0,PEAD_Q5,63,24.34
IN,BAJAJ-AUTO,2023-01-30,,0.0,PEAD_Q5,63,16.19
IN,TVSMOTOR,2023-01-30,,0.0,PEAD_Q5,63,17.53
IN,SONACOMS,2023-01-30,,0.0,PEAD_Q5,63,13.28
IN,SUPREMEIND,2023-01-30,,0.0,PEAD_Q5,63,8.49
IN,ISMTLTD,2023-01-30,,0.0,PEAD_Q5,63,20.56
IN,AGI,2023-01-31,,0.0,PEAD_Q5,63,63.73
IN,AIAENG,2023-01-31,,0.0,PEAD_Q5,63,-0.3
IN,MAZDOCK,2023-02-01,,0.0,PEAD_Q5,63,2.48
IN,GAEL,2023-02-01,,0.0,PEAD_Q5,63,7.86
IN,AXITA,2023-02-01,,0.0,PEAD_Q5,63,-42.29
IN,IIFL,2023-02-02,,0.0,PEAD_Q5,63,-13.98
IN,GNA,2023-02-02,,0.0,PEAD_Q5,63,-3.82
IN,APARINDS,2023-02-03,,0.0,PEAD_Q5,63,32.98
IN,INDHOTEL,2023-02-03,,0.0,PEAD_Q5,63,14.86
IN,MANINFRA,2023-02-06,,0.0,PEAD_Q5,63,8.28
IN,CLEAN,2023-02-06,,0.0,PEAD_Q5,63,1.44
IN,MAHLIFE,2023-02-06,,0.0,PEAD_Q5,63,-5.7
IN,KTKBANK,2023-02-06,,0.0,PEAD_Q5,63,-12.6
IN,AAVAS,2023-02-06,,0.0,PEAD_Q5,63,-26.54
IN,FSL,2023-02-06,,0.0,PEAD_Q5,63,11.11
IN,ELGIEQUIP,2023-02-07,,0.0,PEAD_Q5,63,16.58
IN,TVTODAY,2023-02-07,,0.0,PEAD_Q5,63,-30.98
IN,ZYDUSLIFE,2023-02-07,,0.0,PEAD_Q5,63,7.99
IN,PGHL,2023-02-08,,0.0,PEAD_Q5,63,2.99
IN,MEDPLUS,2023-02-08,,0.0,PEAD_Q5,63,4.24
IN,CLSEL,2023-02-08,,0.0,PEAD_Q5,63,32.47
IN,HUHTAMAKI,2023-02-08,,0.0,PEAD_Q5,63,12.67
IN,VBL,2023-02-08,,0.0,PEAD_Q5,63,20.11
IN,VOLTAMP,2023-02-08,,0.0,PEAD_Q5,63,13.09
IN,DLINKINDIA,2023-02-08,,0.0,PEAD_Q5,63,-7.45
IN,RAMCOCEM,2023-02-09,,0.0,PEAD_Q5,63,8.97
IN,THERMAX,2023-02-09,,0.0,PEAD_Q5,63,16.13
IN,ADANIPORTS,2023-02-09,,0.0,PEAD_Q5,63,17.57
IN,ACE,2023-02-09,,0.0,PEAD_Q5,63,17.25
IN,NUVOCO,2023-02-09,,0.0,PEAD_Q5,63,-12.55
IN,WONDERLA,2023-02-09,,0.0,PEAD_Q5,63,18.21
IN,SAFARI,2023-02-10,,0.0,PEAD_Q5,63,18.57
IN,TRENT,2023-02-10,,0.0,PEAD_Q5,63,12.18
IN,EVERESTIND,2023-02-10,,0.0,PEAD_Q5,63,5.9
IN,SEPC,2023-02-13,,0.0,PEAD_Q5,63,-30.31
IN,CUMMINSIND,2023-02-13,,0.0,PEAD_Q5,63,2.79
IN,PENIND,2023-02-13,,0.0,PEAD_Q5,63,7.4
IN,EQUITASBNK,2023-02-13,,0.0,PEAD_Q5,63,35.45
IN,HGINFRA,2023-02-13,,0.0,PEAD_Q5,63,21.53
IN,UGARSUGAR,2023-02-14,,0.0,PEAD_Q5,63,8.78
IN,ACI,2023-02-14,,0.0,PEAD_Q5,63,-15.21
IN,INGERRAND,2023-02-14,,0.0,PEAD_Q5,63,15.85
IN,AUROPHARMA,2023-02-14,,0.0,PEAD_Q5,63,27.49
IN,NCLIND,2023-02-14,,0.0,PEAD_Q5,63,15.38
IN,SANGHVIMOV,2023-02-14,,0.0,PEAD_Q5,63,11.6
IN,SPARC,2023-02-15,,0.0,PEAD_Q5,63,-5.1
IN,NEULANDLAB,2023-02-15,,0.0,PEAD_Q5,63,65.48
IN,DCAL,2023-02-15,,0.0,PEAD_Q5,63,31.53
IN,OIL,2023-02-15,,0.0,PEAD_Q5,63,8.69
IN,GLENMARK,2023-02-15,,0.0,PEAD_Q5,63,41.74
IN,PIIND,2023-02-17,,0.0,PEAD_Q5,63,3.66
IN,JWL,2023-02-17,,0.0,PEAD_Q5,63,21.55
IN,APOLLOHOSP,2023-02-17,,0.0,PEAD_Q5,63,-1.01
IN,GMDCLTD,2023-02-17,,0.0,PEAD_Q5,63,13.3
IN,DBREALTY,2023-02-17,,0.0,PEAD_Q5,63,11.1
IN,TORNTPOWER,2023-02-17,,0.0,PEAD_Q5,63,9.63
IN,SHILPAMED,2023-02-17,,0.0,PEAD_Q5,63,-17.37
IN,SANOFI,2023-02-28,,0.0,PEAD_Q5,63,22.54
IN,MASTEK,2023-04-21,,0.0,PEAD_Q5,63,21.5
IN,CYIENT,2023-04-25,,0.0,PEAD_Q5,63,26.69
IN,NELCO,2023-04-27,,0.0,PEAD_Q5,63,23.88
IN,DBOL,2023-04-28,,0.0,PEAD_Q5,63,0.03
IN,KPITTECH,2023-04-28,,0.0,PEAD_Q5,63,16.87
IN,SYNGENE,2023-05-02,,0.0,PEAD_Q5,63,14.58
IN,INDUSTOWER,2023-05-02,,0.0,PEAD_Q5,63,9.94
IN,LTTS,2023-05-02,,0.0,PEAD_Q5,63,6.06
IN,SHOPERSTOP,2023-05-02,,0.0,PEAD_Q5,63,16.11
IN,DATAMATICS,2023-05-03,,0.0,PEAD_Q5,63,33.83
IN,AARTIDRUGS,2023-05-04,,0.0,PEAD_Q5,63,32.09
IN,GRAVITA,2023-05-04,,0.0,PEAD_Q5,63,20.09
IN,SPANDANA,2023-05-04,,0.0,PEAD_Q5,63,26.73
IN,NEWGEN,2023-05-04,,0.0,PEAD_Q5,63,53.77
IN,PARAGMILK,2023-05-04,,0.0,PEAD_Q5,63,79.22
IN,INDIAMART,2023-05-04,,0.0,PEAD_Q5,63,0.43
IN,CHOLAFIN,2023-05-08,,0.0,PEAD_Q5,63,8.32
IN,AGI,2023-05-08,,0.0,PEAD_Q5,63,22.78
IN,PAYTM,2023-05-09,,0.0,PEAD_Q5,63,20.25
IN,MARICO,2023-05-09,,0.0,PEAD_Q5,63,7.25
IN,ZENTEC,2023-05-10,,0.0,PEAD_Q5,63,141.48
IN,MGL,2023-05-10,,0.0,PEAD_Q5,63,-2.51
IN,STYLAMIND,2023-05-10,,0.0,PEAD_Q5,63,13.63
IN,BSOFT,2023-05-11,,0.0,PEAD_Q5,63,48.37
IN,CRAFTSMAN,2023-05-11,,0.0,PEAD_Q5,63,39.19
IN,RELAXO,2023-05-12,,0.0,PEAD_Q5,63,6.29
IN,TDPOWERSYS,2023-05-12,,0.0,PEAD_Q5,63,24.84
IN,EVEREADY,2023-05-12,,0.0,PEAD_Q5,63,7.7
IN,SOUTHBANK,2023-05-15,,0.0,PEAD_Q5,63,23.46
IN,DLF,2023-05-16,,0.0,PEAD_Q5,63,-0.17
IN,VSTTILLERS,2023-05-16,,0.0,PEAD_Q5,63,9.2
IN,KIRLOSBROS,2023-05-16,,0.0,PEAD_Q5,63,61.07
IN,UJJIVANSFB,2023-05-16,,0.0,PEAD_Q5,63,46.32
IN,EICHERMOT,2023-05-16,,0.0,PEAD_Q5,63,-8.11
IN,ZENSARTECH,2023-05-16,,0.0,PEAD_Q5,63,42.91
IN,INTELLECT,2023-05-16,,0.0,PEAD_Q5,63,30.41
IN,RAINBOW,2023-05-17,,0.0,PEAD_Q5,63,13.7
IN,CANTABIL,2023-05-17,,0.0,PEAD_Q5,63,3.56
IN,SONATSOFTW,2023-05-17,,0.0,PEAD_Q5,63,7.4
IN,MPSLTD,2023-05-18,,0.0,PEAD_Q5,63,44.09
IN,CREDITACC,2023-05-18,,0.0,PEAD_Q5,63,18.71
IN,KAYNES,2023-05-18,,0.0,PEAD_Q5,63,54.02
IN,ASTRAL,2023-05-18,,0.0,PEAD_Q5,63,18.26
IN,SURYODAY,2023-05-18,,0.0,PEAD_Q5,63,40.58
IN,PGHL,2023-05-18,,0.0,PEAD_Q5,63,4.49
IN,SJS,2023-05-18,,0.0,PEAD_Q5,63,30.66
IN,TI,2023-05-19,,0.0,PEAD_Q5,63,35.19
IN,ANUP,2023-05-19,,0.0,PEAD_Q5,63,50.29
IN,SIYSIL,2023-05-19,,0.0,PEAD_Q5,63,-7.13
IN,HONAUT,2023-05-19,,0.0,PEAD_Q5,63,2.83
IN,CHEMPLASTS,2023-05-19,,0.0,PEAD_Q5,63,-2.8
IN,MAXHEALTH,2023-05-19,,0.0,PEAD_Q5,63,-2.16
IN,AMBER,2023-05-19,,0.0,PEAD_Q5,63,34.51
IN,RAMCOCEM,2023-05-22,,0.0,PEAD_Q5,63,-2.64
IN,HCC,2023-05-22,,0.0,PEAD_Q5,63,41.09
IN,RBA,2023-05-22,,0.0,PEAD_Q5,63,4.22
IN,JINDALSAW,2023-05-22,,0.0,PEAD_Q5,63,72.58
IN,MUTHOOTFIN,2023-05-23,,0.0,PEAD_Q5,63,11.3
IN,REFEX,2023-05-23,,0.0,PEAD_Q5,63,32.35
IN,ELGIEQUIP,2023-05-23,,0.0,PEAD_Q5,63,-13.51
IN,NLCINDIA,2023-05-24,,0.0,PEAD_Q5,63,43.8
IN,DIVISLAB,2023-05-24,,0.0,PEAD_Q5,63,9.49
IN,VALIANTORG,2023-05-24,,0.0,PEAD_Q5,63,-16.95
IN,SYRMA,2023-05-24,,0.0,PEAD_Q5,63,32.44
IN,MAITHANALL,2023-05-26,,0.0,PEAD_Q5,63,3.25
IN,KINGFA,2023-05-26,,0.0,PEAD_Q5,63,22.56
IN,HINDWAREAP,2023-05-26,,0.0,PEAD_Q5,63,9.81
IN,APTECHT,2023-05-26,,0.0,PEAD_Q5,63,9.77
IN,SUDARSCHEM,2023-05-26,,0.0,PEAD_Q5,63,8.16
IN,DREAMFOLKS,2023-05-26,,0.0,PEAD_Q5,63,-14.43
IN,DIXON,2023-05-26,,0.0,PEAD_Q5,63,32.74
IN,SCHNEIDER,2023-05-26,,0.0,PEAD_Q5,63,43.26
IN,VOLTAMP,2023-05-29,,0.0,PEAD_Q5,63,38.43
IN,BECTORFOOD,2023-05-29,,0.0,PEAD_Q5,63,40.35
IN,ESABINDIA,2023-05-29,,0.0,PEAD_Q5,63,51.16
IN,CUMMINSIND,2023-05-29,,0.0,PEAD_Q5,63,-1.5
IN,JBCHEPHARM,2023-05-29,,0.0,PEAD_Q5,63,38.99
IN,SALZERELEC,2023-05-29,,0.0,PEAD_Q5,63,20.8
IN,PPLPHARMA,2023-05-29,,0.0,PEAD_Q5,63,22.78
IN,MANAKSIA,2023-05-30,,0.0,PEAD_Q5,63,-13.08
IN,NAUKRI,2023-05-30,,0.0,PEAD_Q5,63,4.82
IN,NUCLEUS,2023-05-30,,0.0,PEAD_Q5,63,-4.88
IN,MEDPLUS,2023-05-30,,0.0,PEAD_Q5,63,9.66
IN,CENTUM,2023-05-31,,0.0,PEAD_Q5,63,56.55
IN,ISGEC,2023-05-31,,0.0,PEAD_Q5,63,18.94
IN,KRSNAA,2023-05-31,,0.0,PEAD_Q5,63,6.17
IN,AHLUCONT,2023-05-31,,0.0,PEAD_Q5,63,23.63
IN,MONTECARLO,2023-05-31,,0.0,PEAD_Q5,63,-5.6
IN,INOXWIND,2023-05-31,,0.0,PEAD_Q5,63,50.68
IN,DYNPRO,2023-06-01,,0.0,PEAD_Q5,63,19.37
IN,ASTRAZEN,2023-06-01,,0.0,PEAD_Q5,63,21.61
IN,SUZLON,2023-06-01,,0.0,PEAD_Q5,63,120.18
IN,TORNTPHARM,2023-06-01,,0.0,PEAD_Q5,63,3.81
IN,TEGA,2023-06-01,,0.0,PEAD_Q5,63,12.77
IN,VADILALIND,2023-06-01,,0.0,PEAD_Q5,63,1.09
IN,HIKAL,2023-06-01,,0.0,PEAD_Q5,63,-4.64
IN,NRBBEARING,2023-06-02,,0.0,PEAD_Q5,63,54.57
IN,BCG,2023-06-02,,0.0,PEAD_Q5,63,-21.41
IN,FAIRCHEMOR,2023-06-02,,0.0,PEAD_Q5,63,-15.24
IN,HARIOMPIPE,2023-06-02,,0.0,PEAD_Q5,63,-4.01
IN,HIMATSEIDE,2023-06-02,,0.0,PEAD_Q5,63,44.71
IN,ICIL,2023-06-02,,0.0,PEAD_Q5,63,27.32
IN,3MINDIA,2023-06-02,,0.0,PEAD_Q5,63,18.65
IN,ANANDRATHI,2023-07-17,,0.0,PEAD_Q5,63,75.84
IN,POLYCAB,2023-07-20,,0.0,PEAD_Q5,63,10.81
IN,TANLA,2023-07-24,,0.0,PEAD_Q5,63,-25.37
IN,HATSUN,2023-07-24,,0.0,PEAD_Q5,63,10.17
IN,DBCORP,2023-07-24,,0.0,PEAD_Q5,63,30.22
IN,RKFORGE,2023-07-25,,0.0,PEAD_Q5,63,11.45
IN,DODLA,2023-07-25,,0.0,PEAD_Q5,63,-11.05
IN,PONNIERODE,2023-07-25,,0.0,PEAD_Q5,63,-3.62
IN,FOCUS,2023-07-26,,0.0,PEAD_Q5,63,12.4
IN,TITAGARH,2023-07-26,,0.0,PEAD_Q5,63,9.03
IN,JYOTHYLAB,2023-07-27,,0.0,PEAD_Q5,63,19.98
IN,TATAMTRDVR,2023-07-27,,0.0,PEAD_Q5,63,-0.04
IN,ISMTLTD,2023-07-28,,0.0,PEAD_Q5,63,-6.45
IN,GODFRYPHLP,2023-07-28,,0.0,PEAD_Q5,63,9.21
IN,CIPLA,2023-07-28,,0.0,PEAD_Q5,63,1.88
IN,PSPPROJECT,2023-07-31,,0.0,PEAD_Q5,63,-8.43
IN,FOSECOIND,2023-07-31,,0.0,PEAD_Q5,63,1.92
IN,AJANTPHARM,2023-07-31,,0.0,PEAD_Q5,63,7.68
IN,WESTLIFE,2023-07-31,,0.0,PEAD_Q5,63,-13.98
IN,RECLTD,2023-07-31,,0.0,PEAD_Q5,63,39.37
IN,FINOPB,2023-08-01,,0.0,PEAD_Q5,63,-13.0
IN,LXCHEM,2023-08-01,,0.0,PEAD_Q5,63,-6.05
IN,ZFCVINDIA,2023-08-01,,0.0,PEAD_Q5,63,15.37
IN,MONARCH,2023-08-01,,0.0,PEAD_Q5,63,24.88
IN,NTPC,2023-08-02,,0.0,PEAD_Q5,63,6.96
IN,NAVINFLUOR,2023-08-03,,0.0,PEAD_Q5,63,-19.26
IN,MANKIND,2023-08-04,,0.0,PEAD_Q5,63,-4.62
IN,VAIBHAVGBL,2023-08-04,,0.0,PEAD_Q5,63,10.61
IN,WELENT,2023-08-04,,0.0,PEAD_Q5,63,-0.71
IN,LUPIN,2023-08-07,,0.0,PEAD_Q5,63,12.02
IN,PUNJABCHEM,2023-08-07,,0.0,PEAD_Q5,63,15.36
IN,NEULANDLAB,2023-08-07,,0.0,PEAD_Q5,63,28.76
IN,NELCAST,2023-08-07,,0.0,PEAD_Q5,63,36.94
IN,KSB,2023-08-07,,0.0,PEAD_Q5,63,20.41
IN,MRF,2023-08-07,,0.0,PEAD_Q5,63,0.12
IN,EVERESTIND,2023-08-08,,0.0,PEAD_Q5,63,12.55
IN,GANECOS,2023-08-08,,0.0,PEAD_Q5,63,-22.23
IN,GULFOILLUB,2023-08-08,,0.0,PEAD_Q5,63,3.5
IN,RATEGAIN,2023-08-09,,0.0,PEAD_Q5,63,28.98
IN,EMAMILTD,2023-08-09,,0.0,PEAD_Q5,63,-0.41
IN,RUSTOMJEE,2023-08-09,,0.0,PEAD_Q5,63,-9.5
IN,BANCOINDIA,2023-08-09,,0.0,PEAD_Q5,63,31.38
IN,GLAND,2023-08-09,,0.0,PEAD_Q5,63,-2.67
IN,ONMOBILE,2023-08-09,,0.0,PEAD_Q5,63,5.74
IN,POLYMED,2023-08-09,,0.0,PEAD_Q5,63,0.61
IN,ETHOSLTD,2023-08-09,,0.0,PEAD_Q5,63,19.1
IN,CSLFINANCE,2023-08-09,,0.0,PEAD_Q5,63,9.59
IN,SANGHVIMOV,2023-08-09,,0.0,PEAD_Q5,63,7.06
IN,MOREPENLAB,2023-08-09,,0.0,PEAD_Q5,63,6.35
IN,TASTYBITE,2023-08-10,,0.0,PEAD_Q5,63,-17.38
IN,INDIAGLYCO,2023-08-10,,0.0,PEAD_Q5,63,-0.64
IN,CAPLIPOINT,2023-08-10,,0.0,PEAD_Q5,63,18.71
IN,SUVEN,2023-08-10,,0.0,PEAD_Q5,63,27.77
IN,PENINLAND,2023-08-10,,0.0,PEAD_Q5,63,18.35
IN,JWL,2023-08-10,,0.0,PEAD_Q5,63,35.14
IN,JKIL,2023-08-10,,0.0,PEAD_Q5,63,7.78
IN,SAFARI,2023-08-11,,0.0,PEAD_Q5,63,26.42
IN,RTNINDIA,2023-08-11,,0.0,PEAD_Q5,63,25.59
IN,THOMASCOOK,2023-08-11,,0.0,PEAD_Q5,63,46.22
IN,VARROC,2023-08-11,,0.0,PEAD_Q5,63,23.61
IN,VGUARD,2023-08-11,,0.0,PEAD_Q5,63,-5.04
IN,JISLJALEQS,2023-08-11,,0.0,PEAD_Q5,63,27.01
IN,WINDLAS,2023-08-11,,0.0,PEAD_Q5,63,8.15
IN,63MOONS,2023-08-11,,0.0,PEAD_Q5,63,16.8
IN,TRENT,2023-08-11,,0.0,PEAD_Q5,63,35.39
IN,BLKASHYAP,2023-08-11,,0.0,PEAD_Q5,63,52.56
IN,GENUSPOWER,2023-08-14,,0.0,PEAD_Q5,63,6.02
IN,RPSGVENT,2023-08-14,,0.0,PEAD_Q5,63,-4.01
IN,KIRLOSENG,2023-08-14,,0.0,PEAD_Q5,63,8.38
IN,BOMDYEING,2023-08-14,,0.0,PEAD_Q5,63,20.15
IN,IMAGICAA,2023-08-14,,0.0,PEAD_Q5,63,-16.08
IN,TIIL,2023-08-16,,0.0,PEAD_Q5,63,3.6
IN,GRSE,2023-08-16,,0.0,PEAD_Q5,63,-0.07
IN,NCLIND,2023-08-16,,0.0,PEAD_Q5,63,-2.73
IN,PAKKA,2023-08-17,,0.0,PEAD_Q5,63,50.97
IN,ARMANFIN,2023-08-17,,0.0,PEAD_Q5,63,-9.4
IN,ZOTA,2023-08-17,,0.0,PEAD_Q5,63,-10.89
IN,PROZONER,2023-08-17,,0.0,PEAD_Q5,63,14.83
IN,TNPL,2023-08-17,,0.0,PEAD_Q5,63,4.56
IN,PTCIL,2023-08-17,,0.0,PEAD_Q5,63,-7.58
IN,SPCENET,2023-08-17,,0.0,PEAD_Q5,63,2.95
IN,CONFIPET,2023-08-18,,0.0,PEAD_Q5,63,7.97
IN,YATHARTH,2023-08-22,,0.0,PEAD_Q5,63,8.01
IN,ZAGGLE,2023-10-16,,0.0,PEAD_Q5,63,-8.86
IN,KARURVYSYA,2023-10-18,,0.0,PEAD_Q5,63,15.52
IN,BAJAJ-AUTO,2023-10-20,,0.0,PEAD_Q5,63,31.4
IN,HUHTAMAKI,2023-10-20,,0.0,PEAD_Q5,63,13.79
IN,CREDITACC,2023-10-25,,0.0,PEAD_Q5,63,4.36
IN,STYRENIX,2023-10-25,,0.0,PEAD_Q5,63,14.18
IN,DODLA,2023-10-26,,0.0,PEAD_Q5,63,38.19
IN,SONACOMS,2023-10-27,,0.0,PEAD_Q5,63,12.16
IN,SHAREINDIA,2023-10-27,,0.0,PEAD_Q5,63,29.78
IN,SHANTIGEAR,2023-10-27,,0.0,PEAD_Q5,63,18.12
IN,SONATSOFTW,2023-10-27,,0.0,PEAD_Q5,63,30.44
IN,VOLTAMP,2023-10-30,,0.0,PEAD_Q5,63,64.02
IN,SHRIRAMFIN,2023-10-30,,0.0,PEAD_Q5,63,26.69
IN,HOMEFIRST,2023-10-30,,0.0,PEAD_Q5,63,5.85
IN,CANBK,2023-10-30,,0.0,PEAD_Q5,63,31.08
IN,RAILTEL,2023-10-30,,0.0,PEAD_Q5,63,90.15
IN,RALLIS,2023-10-30,,0.0,PEAD_Q5,63,20.18
IN,ISMTLTD,2023-10-30,,0.0,PEAD_Q5,63,31.44
IN,SHALBY,2023-10-31,,0.0,PEAD_Q5,63,7.8
IN,FOCUS,2023-10-31,,0.0,PEAD_Q5,63,13.05
IN,NLCINDIA,2023-10-31,,0.0,PEAD_Q5,63,98.21
IN,SATIN,2023-10-31,,0.0,PEAD_Q5,63,4.02
IN,KPITTECH,2023-11-01,,0.0,PEAD_Q5,63,31.35
IN,ANUP,2023-11-01,,0.0,PEAD_Q5,63,22.54
IN,PPLPHARMA,2023-11-01,,0.0,PEAD_Q5,63,30.91
IN,LODHA,2023-11-01,,0.0,PEAD_Q5,63,41.46
IN,CDSL,2023-11-01,,0.0,PEAD_Q5,63,21.69
IN,DCXINDIA,2023-11-02,,0.0,PEAD_Q5,63,24.68
IN,DENORA,2023-11-02,,0.0,PEAD_Q5,63,-15.21
IN,PGHH,2023-11-02,,0.0,PEAD_Q5,63,-6.0
IN,MANGCHEFER,2023-11-02,,0.0,PEAD_Q5,63,8.16
IN,GEOJITFSL,2023-11-03,,0.0,PEAD_Q5,63,24.77
IN,TRITURBINE,2023-11-03,,0.0,PEAD_Q5,63,19.64
IN,KEI,2023-11-03,,0.0,PEAD_Q5,63,28.22
IN,BLISSGVS,2023-11-06,,0.0,PEAD_Q5,63,20.01
IN,LALPATHLAB,2023-11-06,,0.0,PEAD_Q5,63,-8.64
IN,JKLAKSHMI,2023-11-06,,0.0,PEAD_Q5,63,15.49
IN,JKTYRE,2023-11-06,,0.0,PEAD_Q5,63,49.82
IN,LINCOLN,2023-11-06,,0.0,PEAD_Q5,63,19.95
IN,JAYNECOIND,2023-11-07,,0.0,PEAD_Q5,63,59.92
IN,ORIENTCER,2023-11-07,,0.0,PEAD_Q5,63,23.49
IN,TI,2023-11-07,,0.0,PEAD_Q5,63,-0.93
IN,PFOCUS,2023-11-07,,0.0,PEAD_Q5,63,22.3
IN,JSWINFRA,2023-11-07,,0.0,PEAD_Q5,63,2.11
IN,CONCOR,2023-11-07,,0.0,PEAD_Q5,63,26.97
IN,PONNIERODE,2023-11-07,,0.0,PEAD_Q5,63,4.14
IN,TRACXN,2023-11-07,,0.0,PEAD_Q5,63,32.2
IN,BIKAJI,2023-11-08,,0.0,PEAD_Q5,63,5.19
IN,REPCOHOME,2023-11-08,,0.0,PEAD_Q5,63,-2.87
IN,GREENPLY,2023-11-08,,0.0,PEAD_Q5,63,20.65
IN,AARTIIND,2023-11-08,,0.0,PEAD_Q5,63,30.89
IN,CHEMBOND,2023-11-08,,0.0,PEAD_Q5,63,8.59
IN,JKCEMENT,2023-11-08,,0.0,PEAD_Q5,63,23.15
IN,ARVINDFASN,2023-11-09,,0.0,PEAD_Q5,63,20.12
IN,JYOTHYLAB,2023-11-09,,0.0,PEAD_Q5,63,3.79
IN,PRINCEPIPE,2023-11-09,,0.0,PEAD_Q5,63,-16.15
IN,ZYDUSLIFE,2023-11-09,,0.0,PEAD_Q5,63,40.06
IN,RRKABEL,2023-11-09,,0.0,PEAD_Q5,63,-12.22
IN,HINDPETRO,2023-11-09,,0.0,PEAD_Q5,63,67.8
IN,CSLFINANCE,2023-11-09,,0.0,PEAD_Q5,63,25.19
IN,ALKEM,2023-11-09,,0.0,PEAD_Q5,63,23.6
IN,NEULANDLAB,2023-11-09,,0.0,PEAD_Q5,63,22.03
IN,PRESTIGE,2023-11-10,,0.0,PEAD_Q5,63,26.07
IN,WELCORP,2023-11-10,,0.0,PEAD_Q5,63,14.92
IN,ARIHANTSUP,2023-11-10,,0.0,PEAD_Q5,63,61.84
IN,GPPL,2023-11-10,,0.0,PEAD_Q5,63,28.85
IN,KICL,2023-11-10,,0.0,PEAD_Q5,63,34.52
IN,GENUSPAPER,2023-11-10,,0.0,PEAD_Q5,63,7.78
IN,HPL,2023-11-10,,0.0,PEAD_Q5,63,52.58
IN,PFC,2023-11-13,,0.0,PEAD_Q5,63,41.61
IN,AWHCL,2023-11-13,,0.0,PEAD_Q5,63,-2.52
IN,BASF,2023-11-13,,0.0,PEAD_Q5,63,17.74
IN,MEDANTA,2023-11-13,,0.0,PEAD_Q5,63,52.6
IN,CARTRADE,2023-11-13,,0.0,PEAD_Q5,63,-18.17
IN,VENUSREM,2023-11-13,,0.0,PEAD_Q5,63,3.22
IN,WELENT,2023-11-13,,0.0,PEAD_Q5,63,12.68
IN,KOTHARIPET,2023-11-13,,0.0,PEAD_Q5,63,-15.52
IN,NESCO,2023-11-13,,0.0,PEAD_Q5,63,12.43
IN,COALINDIA,2023-11-15,,0.0,PEAD_Q5,63,36.91
IN,BSE,2023-11-15,,0.0,PEAD_Q5,63,0.06
IN,NCC,2023-11-15,,0.0,PEAD_Q5,63,36.41
IN,ASHIANA,2023-11-15,,0.0,PEAD_Q5,63,16.56
IN,RISHABH,2023-11-15,,0.0,PEAD_Q5,63,1.84
IN,FORTIS,2023-11-15,,0.0,PEAD_Q5,63,20.9
IN,PTC,2023-11-15,,0.0,PEAD_Q5,63,23.41
IN,HINDCOPPER,2023-11-15,,0.0,PEAD_Q5,63,61.19
IN,CAPLIPOINT,2023-11-15,,0.0,PEAD_Q5,63,19.74
IN,MARKSANS,2023-11-15,,0.0,PEAD_Q5,63,25.07
IN,JINDALPHOT,2023-11-15,,0.0,PEAD_Q5,63,-1.36
IN,GOLDIAM,2023-11-15,,0.0,PEAD_Q5,63,42.66
IN,ACE,2023-11-15,,0.0,PEAD_Q5,63,35.06
IN,BECTORFOOD,2023-11-15,,0.0,PEAD_Q5,63,-21.49
IN,EICHERMOT,2023-11-16,,0.0,PEAD_Q5,63,1.72
IN,PIXTRANS,2023-11-16,,0.0,PEAD_Q5,63,0.42
IN,KNRCON,2023-11-17,,0.0,PEAD_Q5,63,-3.92
IN,MANAPPURAM,2023-11-17,,0.0,PEAD_Q5,63,18.88
IN,INTLCONV,2023-11-17,,0.0,PEAD_Q5,63,2.36
IN,EMSLIMITED,2023-11-17,,0.0,PEAD_Q5,63,21.57
IN,DCMSRIND,2023-11-17,,0.0,PEAD_Q5,63,48.43
IN,CAPACITE,2023-11-17,,0.0,PEAD_Q5,63,2.22
IN,WOCKPHARMA,2023-11-17,,0.0,PEAD_Q5,63,77.26
IN,HONASA,2023-11-24,,0.0,PEAD_Q5,63,-9.24
IN,FEDFINA,2023-12-13,,0.0,PEAD_Q5,63,-20.51
IN,WIPRO,2024-01-16,,0.0,PEAD_Q5,63,-4.72
IN,BIRLAMONEY,2024-01-16,,0.0,PEAD_Q5,63,-2.17
IN,SDBL,2024-01-19,,0.0,PEAD_Q5,63,8.36
IN,OFSS,2024-01-19,,0.0,PEAD_Q5,63,8.92
IN,GOACARBON,2024-01-19,,0.0,PEAD_Q5,63,30.69
IN,TV18BRDCST,2024-01-19,,0.0,PEAD_Q5,63,-29.29
IN,NETWORK18,2024-01-19,,0.0,PEAD_Q5,63,-28.72
IN,SWSOLAR,2024-01-23,,0.0,PEAD_Q5,63,27.0
IN,SOUTHBANK,2024-01-23,,0.0,PEAD_Q5,63,0.98
IN,SUPREMEIND,2024-01-24,,0.0,PEAD_Q5,63,23.36
IN,CIPLA,2024-01-25,,0.0,PEAD_Q5,63,3.68
IN,SIGACHI,2024-01-25,,0.0,PEAD_Q5,63,-15.02
IN,IREDA,2024-01-25,,0.0,PEAD_Q5,63,6.83
IN,PERSISTENT,2024-01-25,,0.0,PEAD_Q5,63,-18.66
IN,KARURVYSYA,2024-01-25,,0.0,PEAD_Q5,63,12.54
IN,IDBI,2024-01-25,,0.0,PEAD_Q5,63,9.1
IN,MONARCH,2024-01-25,,0.0,PEAD_Q5,63,1.92
IN,SARLAPOLY,2024-01-29,,0.0,PEAD_Q5,63,6.89
IN,MOTILALOFS,2024-01-29,,0.0,PEAD_Q5,63,38.14
IN,RECLTD,2024-01-29,,0.0,PEAD_Q5,63,11.63
IN,BAJAJ-AUTO,2024-01-29,,0.0,PEAD_Q5,63,20.62
IN,ACC,2024-01-30,,0.0,PEAD_Q5,63,-0.94
IN,IFBIND,2024-01-30,,0.0,PEAD_Q5,63,12.02
IN,SBC,2024-01-30,,0.0,PEAD_Q5,63,-7.16
IN,ISMTLTD,2024-01-30,,0.0,PEAD_Q5,63,-2.01
IN,MUTHOOTMF,2024-01-31,,0.0,PEAD_Q5,63,-7.07
IN,DODLA,2024-01-31,,0.0,PEAD_Q5,63,-6.36
IN,VOLTAMP,2024-01-31,,0.0,PEAD_Q5,63,22.09
IN,ZENTEC,2024-01-31,,0.0,PEAD_Q5,63,16.87
IN,URJA,2024-02-01,,0.0,PEAD_Q5,63,-42.67
IN,POLICYBZR,2024-02-01,,0.0,PEAD_Q5,63,24.63
IN,IMFA,2024-02-01,,0.0,PEAD_Q5,63,8.76
IN,KPITTECH,2024-02-01,,0.0,PEAD_Q5,63,-1.67
IN,UTIAMC,2024-02-01,,0.0,PEAD_Q5,63,-0.18
IN,PDMJEPAPER,2024-02-01,,0.0,PEAD_Q5,63,15.21
IN,MOREPENLAB,2024-02-02,,0.0,PEAD_Q5,63,-13.72
IN,MARUTI,2024-02-02,,0.0,PEAD_Q5,63,17.35
IN,GODREJCP,2024-02-02,,0.0,PEAD_Q5,63,7.6
IN,PSB,2024-02-02,,0.0,PEAD_Q5,63,-11.83
IN,VIMTALABS,2024-02-02,,0.0,PEAD_Q5,63,1.58
IN,MAXHEALTH,2024-02-02,,0.0,PEAD_Q5,63,3.88
IN,DOLATALGO,2024-02-02,,0.0,PEAD_Q5,63,54.29
IN,MSUMI,2024-02-02,,0.0,PEAD_Q5,63,-1.22
IN,BANKBARODA,2024-02-02,,0.0,PEAD_Q5,63,2.9
IN,RATNAVEER,2024-02-02,,0.0,PEAD_Q5,63,-9.23
IN,NIITMTS,2024-02-02,,0.0,PEAD_Q5,63,1.08
IN,PRICOLLTD,2024-02-05,,0.0,PEAD_Q5,63,6.93
IN,KITEX,2024-02-05,,0.0,PEAD_Q5,63,-26.26
IN,MAHLIFE,2024-02-06,,0.0,PEAD_Q5,63,1.19
IN,MHRIL,2024-02-06,,0.0,PEAD_Q5,63,-6.58
IN,RATEGAIN,2024-02-06,,0.0,PEAD_Q5,63,-21.58
IN,RITES,2024-02-06,,0.0,PEAD_Q5,63,-16.16
IN,SALASAR,2024-02-07,,0.0,PEAD_Q5,63,-41.24
IN,EMUDHRA,2024-02-07,,0.0,PEAD_Q5,63,60.3
IN,SMCGLOBAL,2024-02-07,,0.0,PEAD_Q5,63,25.95
IN,TRITURBINE,2024-02-07,,0.0,PEAD_Q5,63,18.52
IN,KSL,2024-02-07,,0.0,PEAD_Q5,63,12.43
IN,TAJGVK,2024-02-07,,0.0,PEAD_Q5,63,17.56
IN,METROPOLIS,2024-02-07,,0.0,PEAD_Q5,63,4.33
IN,GHCLTEXTIL,2024-02-07,,0.0,PEAD_Q5,63,-10.96
IN,CHAMBLFERT,2024-02-08,,0.0,PEAD_Q5,63,10.38
IN,POCL,2024-02-08,,0.0,PEAD_Q5,63,-8.92
IN,AJMERA,2024-02-08,,0.0,PEAD_Q5,63,18.29
IN,MFSL,2024-02-08,,0.0,PEAD_Q5,63,0.45
IN,AGI,2024-02-08,,0.0,PEAD_Q5,63,-16.87
IN,IDEAFORGE,2024-02-08,,0.0,PEAD_Q5,63,-8.71
IN,GOCOLORS,2024-02-08,,0.0,PEAD_Q5,63,-13.17
IN,BLUEJET,2024-02-08,,0.0,PEAD_Q5,63,2.87
IN,PARAGMILK,2024-02-09,,0.0,PEAD_Q5,63,-18.38
IN,VADILALIND,2024-02-09,,0.0,PEAD_Q5,63,41.97
IN,EIHOTEL,2024-02-09,,0.0,PEAD_Q5,63,18.2
IN,EMIL,2024-02-09,,0.0,PEAD_Q5,63,-1.93
IN,SHK,2024-02-09,,0.0,PEAD_Q5,63,-6.86
IN,ZAGGLE,2024-02-09,,0.0,PEAD_Q5,63,7.4
IN,KOPRAN,2024-02-09,,0.0,PEAD_Q5,63,-9.35
IN,TRENT,2024-02-09,,0.0,PEAD_Q5,63,22.27
IN,DOLLAR,2024-02-09,,0.0,PEAD_Q5,63,20.92
IN,AZAD,2024-02-09,,0.0,PEAD_Q5,63,41.64
IN,SANGHVIMOV,2024-02-09,,0.0,PEAD_Q5,63,26.19
IN,SANDHAR,2024-02-12,,0.0,PEAD_Q5,63,11.51
IN,SMSPHARMA,2024-02-12,,0.0,PEAD_Q5,63,41.14
IN,SUPRIYA,2024-02-12,,0.0,PEAD_Q5,63,13.91
IN,WINDLAS,2024-02-12,,0.0,PEAD_Q5,63,12.14
IN,CUMMINSIND,2024-02-12,,0.0,PEAD_Q5,63,47.64
IN,GRWRHITECH,2024-02-12,,0.0,PEAD_Q5,63,-10.11
IN,SALZERELEC,2024-02-12,,0.0,PEAD_Q5,63,48.46
IN,JLHL,2024-02-13,,0.0,PEAD_Q5,63,-0.69
IN,AMRUTANJAN,2024-02-13,,0.0,PEAD_Q5,63,14.17
IN,ZYDUSLIFE,2024-02-13,,0.0,PEAD_Q5,63,26.88
IN,KCP,2024-02-13,,0.0,PEAD_Q5,63,-12.33
IN,APOLLOHOSP,2024-02-13,,0.0,PEAD_Q5,63,-11.47
IN,DSSL,2024-02-13,,0.0,PEAD_Q5,63,58.33
IN,ORCHPHARMA,2024-02-14,,0.0,PEAD_Q5,63,-3.66
IN,AUTOIND,2024-02-14,,0.0,PEAD_Q5,63,-24.92
IN,ADVENZYMES,2024-02-14,,0.0,PEAD_Q5,63,-8.89
IN,BOROLTD,2024-02-15,,0.0,PEAD_Q5,63,-9.12
IN,MARKSANS,2024-02-15,,0.0,PEAD_Q5,63,4.35
IN,HINDCOPPER,2024-02-15,,0.0,PEAD_Q5,63,45.94
IN,NATIONALUM,2024-02-15,,0.0,PEAD_Q5,63,21.56
IN,BOSCHLTD,2024-02-15,,0.0,PEAD_Q5,63,10.4
IN,XCHANGING,2024-02-15,,0.0,PEAD_Q5,63,-24.34
IN,VLSFINANCE,2024-02-15,,0.0,PEAD_Q5,63,-9.92
IN,NUVAMA,2024-02-15,,0.0,PEAD_Q5,63,16.11
IN,SHAILY,2024-02-15,,0.0,PEAD_Q5,63,43.36
IN,TIMETECHNO,2024-02-15,,0.0,PEAD_Q5,63,32.99
IN,OPTIEMUS,2024-02-15,,0.0,PEAD_Q5,63,-10.23
IN,GANESHBE,2024-02-15,,0.0,PEAD_Q5,63,-23.27
IN,SHANKARA,2024-02-15,,0.0,PEAD_Q5,63,-13.59
IN,LUMAXTECH,2024-02-15,,0.0,PEAD_Q5,63,8.83
IN,KIOCL,2024-02-15,,0.0,PEAD_Q5,63,-7.04
IN,TFCILTD,2024-02-16,,0.0,PEAD_Q5,63,-18.72
IN,AHLADA,2024-02-16,,0.0,PEAD_Q5,63,-5.31
IN,ESTER,2024-02-16,,0.0,PEAD_Q5,63,28.61
IN,ZUARIIND,2024-02-16,,0.0,PEAD_Q5,63,17.9
IN,M&M,2024-02-16,,0.0,PEAD_Q5,63,40.54
IN,LIBAS,2024-02-16,,0.0,PEAD_Q5,63,-21.1
IN,KPIGREEN,2024-02-16,,0.0,PEAD_Q5,63,26.26
IN,RKEC,2024-02-16,,0.0,PEAD_Q5,63,-9.24
IN,TEXMOPIPES,2024-02-16,,0.0,PEAD_Q5,63,-17.25
IN,PROZONER,2024-02-16,,0.0,PEAD_Q5,63,-21.97
IN,PCJEWELLER,2024-02-16,,0.0,PEAD_Q5,63,-12.49
IN,OIL,2024-02-16,,0.0,PEAD_Q5,63,15.38
IN,HINDOILEXP,2024-02-16,,0.0,PEAD_Q5,63,-6.67
IN,INOXINDIA,2024-02-16,,0.0,PEAD_Q5,63,7.49
IN,AHLUCONT,2024-02-16,,0.0,PEAD_Q5,63,25.68
IN,ENIL,2024-02-16,,0.0,PEAD_Q5,63,-24.27
IN,AVTNPL,2024-02-16,,0.0,PEAD_Q5,63,-6.46
IN,COFFEEDAY,2024-02-16,,0.0,PEAD_Q5,63,-12.0
IN,NBCC,2024-02-16,,0.0,PEAD_Q5,63,8.28
IN,HPL,2024-02-16,,0.0,PEAD_Q5,63,11.26
IN,PVP,2024-02-16,,0.0,PEAD_Q5,63,27.05
IN,HARDWYN,2024-02-19,,0.0,PEAD_Q5,63,-37.66
IN,CONFIPET,2024-02-19,,0.0,PEAD_Q5,63,-25.13
IN,ARIES,2024-02-19,,0.0,PEAD_Q5,63,-19.74
IN,NSLNISP,2024-02-19,,0.0,PEAD_Q5,63,-1.7
IN,CRISIL,2024-02-20,,0.0,PEAD_Q5,63,-16.99
IN,ABB,2024-02-23,,0.0,PEAD_Q5,63,54.26
IN,KRYSTAL,2024-04-15,,0.0,PEAD_Q5,63,-20.43
IN,ANANDRATHI,2024-04-16,,0.0,PEAD_Q5,63,-6.69
IN,JUSTDIAL,2024-04-22,,0.0,PEAD_Q5,63,14.29
IN,SWSOLAR,2024-04-24,,0.0,PEAD_Q5,63,6.7
IN,TEJASNET,2024-04-25,,0.0,PEAD_Q5,63,23.23
IN,HATSUN,2024-04-25,,0.0,PEAD_Q5,63,9.59
IN,DCBBANK,2024-04-26,,0.0,PEAD_Q5,63,-8.53
IN,TECHM,2024-04-29,,0.0,PEAD_Q5,63,20.66
IN,KIRLPNU,2024-04-29,,0.0,PEAD_Q5,63,29.89
IN,SPLPETRO,2024-04-29,,0.0,PEAD_Q5,63,27.6
IN,SUPREMEIND,2024-04-30,,0.0,PEAD_Q5,63,3.6
IN,MAHABANK,2024-04-30,,0.0,PEAD_Q5,63,-5.69
IN,COROMANDEL,2024-04-30,,0.0,PEAD_Q5,63,35.26
IN,KFINTECH,2024-05-02,,0.0,PEAD_Q5,63,5.16
IN,JSFB,2024-05-02,,0.0,PEAD_Q5,63,-3.69
IN,GEOJITFSL,2024-05-03,,0.0,PEAD_Q5,63,-1.72
IN,INDIAMART,2024-05-03,,0.0,PEAD_Q5,63,-4.73
IN,NEWGEN,2024-05-03,,0.0,PEAD_Q5,63,-6.51
IN,AJANTPHARM,2024-05-06,,0.0,PEAD_Q5,63,15.49
IN,UGROCAP,2024-05-06,,0.0,PEAD_Q5,63,-8.31
IN,CHOLAFIN,2024-05-06,,0.0,PEAD_Q5,63,0.71
IN,RECLTD,2024-05-06,,0.0,PEAD_Q5,63,9.46
IN,IFCI,2024-05-06,,0.0,PEAD_Q5,63,39.11
IN,NETWEB,2024-05-06,,0.0,PEAD_Q5,63,12.52
IN,MANGLMCEM,2024-05-06,,0.0,PEAD_Q5,63,-4.5
IN,GODREJPROP,2024-05-07,,0.0,PEAD_Q5,63,7.08
IN,RBL,2024-05-07,,0.0,PEAD_Q5,63,-10.79
IN,BLUEDART,2024-05-07,,0.0,PEAD_Q5,63,13.09
IN,CARTRADE,2024-05-08,,0.0,PEAD_Q5,63,-4.2
IN,MARICO,2024-05-08,,0.0,PEAD_Q5,63,9.5
IN,GODREJCP,2024-05-08,,0.0,PEAD_Q5,63,8.41
IN,KOTAKBANK,2024-05-08,,0.0,PEAD_Q5,63,7.55
IN,BRITANNIA,2024-05-08,,0.0,PEAD_Q5,63,9.87
IN,ANUP,2024-05-08,,0.0,PEAD_Q5,63,-11.37
IN,SASKEN,2024-05-09,,0.0,PEAD_Q5,63,4.48
IN,HEROMOTOCO,2024-05-10,,0.0,PEAD_Q5,63,8.91
IN,VIJAYA,2024-05-10,,0.0,PEAD_Q5,63,2.73
IN,SKFINDIA,2024-05-10,,0.0,PEAD_Q5,63,6.05
IN,BHARATFORG,2024-05-10,,0.0,PEAD_Q5,63,14.01
IN,SHARDACROP,2024-05-14,,0.0,PEAD_Q5,63,39.94
IN,LALPATHLAB,2024-05-14,,0.0,PEAD_Q5,63,28.74
IN,SPENCERS,2024-05-14,,0.0,PEAD_Q5,63,-3.29
IN,TVSHLTD,2024-05-14,,0.0,PEAD_Q5,63,28.08
IN,POLYCAB,2024-05-14,,0.0,PEAD_Q5,63,1.42
IN,ALEMBICLTD,2024-05-15,,0.0,PEAD_Q5,63,43.07
IN,DLINKINDIA,2024-05-15,,0.0,PEAD_Q5,63,23.71
IN,BEML,2024-05-15,,0.0,PEAD_Q5,63,-1.21
IN,DYCL,2024-05-16,,0.0,PEAD_Q5,63,-7.79
IN,BASF,2024-05-16,,0.0,PEAD_Q5,63,38.42
IN,AARTIPHARM,2024-05-16,,0.0,PEAD_Q5,63,-1.86
IN,MANALIPETC,2024-05-16,,0.0,PEAD_Q5,63,19.37
IN,TEXINFRA,2024-05-16,,0.0,PEAD_Q5,63,27.57
IN,OBEROIRLTY,2024-05-17,,0.0,PEAD_Q5,63,0.72
IN,HONAUT,2024-05-17,,0.0,PEAD_Q5,63,-1.69
IN,KIRLOSBROS,2024-05-17,,0.0,PEAD_Q5,63,4.56
IN,CROMPTON,2024-05-21,,0.0,PEAD_Q5,63,19.8
IN,TITAGARH,2024-05-21,,0.0,PEAD_Q5,63,15.24
IN,TRITURBINE,2024-05-21,,0.0,PEAD_Q5,63,29.52
IN,KAYNES,2024-05-21,,0.0,PEAD_Q5,63,51.77
IN,M&M,2024-05-21,,0.0,PEAD_Q5,63,9.78
IN,NCC,2024-05-21,,0.0,PEAD_Q5,63,11.21
IN,SOMANYCERA,2024-05-21,,0.0,PEAD_Q5,63,1.73
IN,MOIL,2024-05-21,,0.0,PEAD_Q5,63,-25.22
IN,HAL,2024-05-21,,0.0,PEAD_Q5,63,-1.07
IN,TEXRAIL,2024-05-21,,0.0,PEAD_Q5,63,24.08
IN,BALKRISIND,2024-05-22,,0.0,PEAD_Q5,63,-7.83
IN,SUDARSCHEM,2024-05-22,,0.0,PEAD_Q5,63,25.99
IN,RVNL,2024-05-22,,0.0,PEAD_Q5,63,67.18
IN,GLAXO,2024-05-22,,0.0,PEAD_Q5,63,22.95
IN,ZYDUSLIFE,2024-05-22,,0.0,PEAD_Q5,63,11.97
IN,POKARNA,2024-05-22,,0.0,PEAD_Q5,63,53.48
IN,SOLARINDS,2024-05-22,,0.0,PEAD_Q5,63,4.52
IN,VINATIORGA,2024-05-22,,0.0,PEAD_Q5,63,12.2
IN,SJS,2024-05-23,,0.0,PEAD_Q5,63,39.43
IN,MOREPENLAB,2024-05-23,,0.0,PEAD_Q5,63,60.86
IN,BEL,2024-05-23,,0.0,PEAD_Q5,63,6.07
IN,SHANKARA,2024-05-23,,0.0,PEAD_Q5,63,-12.96
IN,BBL,2024-05-23,,0.0,PEAD_Q5,63,6.37
IN,APOLLOPIPE,2024-05-23,,0.0,PEAD_Q5,63,-14.39
IN,KCP,2024-05-23,,0.0,PEAD_Q5,63,33.27
IN,WINDLAS,2024-05-23,,0.0,PEAD_Q5,63,31.2
IN,PATELENG,2024-05-23,,0.0,PEAD_Q5,63,-14.26
IN,DBCORP,2024-05-24,,0.0,PEAD_Q5,63,13.86
IN,GULFOILLUB,2024-05-24,,0.0,PEAD_Q5,63,37.83
IN,GRSE,2024-05-24,,0.0,PEAD_Q5,63,22.58
IN,SAREGAMA,2024-05-27,,0.0,PEAD_Q5,63,7.2
IN,PGEL,2024-05-27,,0.0,PEAD_Q5,63,95.97
IN,PENIND,2024-05-27,,0.0,PEAD_Q5,63,29.37
IN,GLENMARK,2024-05-28,,0.0,PEAD_Q5,63,47.17
IN,ASTRAMICRO,2024-05-28,,0.0,PEAD_Q5,63,1.34
IN,FINCABLES,2024-05-28,,0.0,PEAD_Q5,63,2.17
IN,PPL,2024-05-28,,0.0,PEAD_Q5,63,59.82
IN,PANAMAPET,2024-05-29,,0.0,PEAD_Q5,63,9.48
IN,GARFIBRES,2024-05-29,,0.0,PEAD_Q5,63,2.0
IN,ZFCVINDIA,2024-05-29,,0.0,PEAD_Q5,63,-6.96
IN,ASHOKLEY,2024-05-29,,0.0,PEAD_Q5,63,14.5
IN,DIVISLAB,2024-05-29,,0.0,PEAD_Q5,63,12.69
IN,CAMPUS,2024-05-30,,0.0,PEAD_Q5,63,-1.4
IN,JUBLINDS,2024-05-30,,0.0,PEAD_Q5,63,41.16
IN,ICEMAKE,2024-05-31,,0.0,PEAD_Q5,63,1.32
IN,LINDEINDIA,2024-05-31,,0.0,PEAD_Q5,63,-17.38
IN,MOTHERSON,2024-05-31,,0.0,PEAD_Q5,63,27.75
IN,MAZDOCK,2024-05-31,,0.0,PEAD_Q5,63,31.9
IN,SUPRAJIT,2024-05-31,,0.0,PEAD_Q5,63,18.91
IN,SIGNPOST,2024-05-31,,0.0,PEAD_Q5,63,-15.42
IN,GRWRHITECH,2024-05-31,,0.0,PEAD_Q5,63,79.95
IN,RAMKY,2024-05-31,,0.0,PEAD_Q5,63,36.66
IN,KNRCON,2024-06-03,,0.0,PEAD_Q5,63,2.71
IN,VENUSREM,2024-06-03,,0.0,PEAD_Q5,63,7.7
IN,EMAMILTD,2024-06-03,,0.0,PEAD_Q5,63,29.69
IN,RHIM,2024-06-03,,0.0,PEAD_Q5,63,-15.11
IN,AIIL,2024-06-04,,0.0,PEAD_Q5,63,101.86
IN,BLKASHYAP,2024-06-04,,0.0,PEAD_Q5,63,60.84
IN,IXIGO,2024-07-08,,0.0,PEAD_Q5,63,-15.16
IN,TCS,2024-07-15,,0.0,PEAD_Q5,63,-1.26
IN,STYRENIX,2024-07-18,,0.0,PEAD_Q5,63,-0.72
IN,MONARCH,2024-07-18,,0.0,PEAD_Q5,63,61.3
IN,KERNEX,2024-07-18,,0.0,PEAD_Q5,63,48.71
IN,INDHOTEL,2024-07-23,,0.0,PEAD_Q5,63,5.23
IN,SUZLON,2024-07-24,,0.0,PEAD_Q5,63,13.39
IN,DODLA,2024-07-24,,0.0,PEAD_Q5,63,2.45
IN,NITINSPIN,2024-07-24,,0.0,PEAD_Q5,63,-7.53
IN,POCL,2024-07-24,,0.0,PEAD_Q5,63,47.83
IN,GRAVITA,2024-07-24,,0.0,PEAD_Q5,63,25.59
IN,SCHAEFFLER,2024-07-25,,0.0,PEAD_Q5,63,-8.53
IN,ABDL,2024-07-25,,0.0,PEAD_Q5,63,0.19
IN,TIRUMALCHM,2024-07-26,,0.0,PEAD_Q5,63,-13.93
IN,RML,2024-07-26,,0.0,PEAD_Q5,63,-1.48
IN,CGPOWER,2024-07-26,,0.0,PEAD_Q5,63,1.52
IN,TTML,2024-07-26,,0.0,PEAD_Q5,63,-32.42
IN,GOCOLORS,2024-07-26,,0.0,PEAD_Q5,63,3.53
IN,EPIGRAL,2024-07-26,,0.0,PEAD_Q5,63,12.88
IN,THYROCARE,2024-07-26,,0.0,PEAD_Q5,63,13.93
IN,PETRONET,2024-07-26,,0.0,PEAD_Q5,63,-9.36
IN,BANDHANBNK,2024-07-30,,0.0,PEAD_Q5,63,-18.49
IN,NUVAMA,2024-07-30,,0.0,PEAD_Q5,63,3.52
IN,SHRIRAMFIN,2024-07-30,,0.0,PEAD_Q5,63,12.15
IN,ADANIENSOL,2024-07-31,,0.0,PEAD_Q5,63,-16.88
IN,KANSAINER,2024-07-31,,0.0,PEAD_Q5,63,-7.03
IN,COLPAL,2024-07-31,,0.0,PEAD_Q5,63,-9.41
IN,VOLTAMP,2024-07-31,,0.0,PEAD_Q5,63,-19.74
IN,PFIZER,2024-07-31,,0.0,PEAD_Q5,63,-9.79
IN,MANGCHEFER,2024-07-31,,0.0,PEAD_Q5,63,-2.52
IN,ZENTEC,2024-07-31,,0.0,PEAD_Q5,63,6.03
IN,SKIPPER,2024-08-01,,0.0,PEAD_Q5,63,31.23
IN,TCPLPACK,2024-08-01,,0.0,PEAD_Q5,63,0.37
IN,TORNTPOWER,2024-08-01,,0.0,PEAD_Q5,63,-0.3
IN,JINDRILL,2024-08-01,,0.0,PEAD_Q5,63,0.12
IN,JINDALSAW,2024-08-01,,0.0,PEAD_Q5,63,-2.2
IN,GRANULES,2024-08-01,,0.0,PEAD_Q5,63,-9.8
IN,BALUFORGE,2024-08-01,,0.0,PEAD_Q5,63,48.21
IN,GREENPANEL,2024-08-01,,0.0,PEAD_Q5,63,4.83
IN,GREENPLY,2024-08-02,,0.0,PEAD_Q5,63,-6.15
IN,TVTODAY,2024-08-05,,0.0,PEAD_Q5,63,-24.09
IN,NEULANDLAB,2024-08-05,,0.0,PEAD_Q5,63,34.37
IN,GHCL,2024-08-05,,0.0,PEAD_Q5,63,-2.01
IN,ASTERDM,2024-08-05,,0.0,PEAD_Q5,63,19.09
IN,BANSALWIRE,2024-08-05,,0.0,PEAD_Q5,63,11.73
IN,RUSHIL,2024-08-06,,0.0,PEAD_Q5,63,-0.89
IN,FAIRCHEMOR,2024-08-07,,0.0,PEAD_Q5,63,-28.78
IN,INDRAMEDCO,2024-08-07,,0.0,PEAD_Q5,63,32.59
IN,CENTENKA,2024-08-07,,0.0,PEAD_Q5,63,-10.55
IN,ARROWGREEN,2024-08-07,,0.0,PEAD_Q5,63,18.53
IN,SYMPHONY,2024-08-08,,0.0,PEAD_Q5,63,-4.9
IN,IMAGICAA,2024-08-08,,0.0,PEAD_Q5,63,-11.86
IN,MUFTI,2024-08-08,,0.0,PEAD_Q5,63,7.62
IN,SALZERELEC,2024-08-08,,0.0,PEAD_Q5,63,20.34
IN,BLS,2024-08-08,,0.0,PEAD_Q5,63,4.76
IN,BSE,2024-08-09,,0.0,PEAD_Q5,63,77.09
IN,SAKSOFT,2024-08-09,,0.0,PEAD_Q5,63,26.6
IN,GPPL,2024-08-09,,0.0,PEAD_Q5,63,-20.47
IN,ELIN,2024-08-09,,0.0,PEAD_Q5,63,4.41
IN,CLSEL,2024-08-09,,0.0,PEAD_Q5,63,39.08
IN,SAFARI,2024-08-09,,0.0,PEAD_Q5,63,-3.18
IN,YUKEN,2024-08-09,,0.0,PEAD_Q5,63,-9.46
IN,VENKEYS,2024-08-09,,0.0,PEAD_Q5,63,-24.67
IN,JGCHEM,2024-08-12,,0.0,PEAD_Q5,63,0.34
IN,MAYURUNIQ,2024-08-12,,0.0,PEAD_Q5,63,-9.19
IN,INDOAMIN,2024-08-12,,0.0,PEAD_Q5,63,11.17
IN,PRUDENT,2024-08-12,,0.0,PEAD_Q5,63,25.31
IN,AGARIND,2024-08-12,,0.0,PEAD_Q5,63,-12.79
IN,IGARASHI,2024-08-12,,0.0,PEAD_Q5,63,11.69
IN,COSMOFIRST,2024-08-12,,0.0,PEAD_Q5,63,-18.14
IN,JUBLFOOD,2024-08-13,,0.0,PEAD_Q5,63,-1.14
IN,SURYAROSNI,2024-08-13,,0.0,PEAD_Q5,63,5.48
IN,MPSLTD,2024-08-13,,0.0,PEAD_Q5,63,-1.57
IN,VLSFINANCE,2024-08-13,,0.0,PEAD_Q5,63,14.25
IN,INOXGREEN,2024-08-13,,0.0,PEAD_Q5,63,-14.5
IN,IWEL,2024-08-13,,0.0,PEAD_Q5,63,11.11
IN,INOXWIND,2024-08-13,,0.0,PEAD_Q5,63,-7.31
IN,STARCEMENT,2024-08-13,,0.0,PEAD_Q5,63,-9.68
IN,JAYSREETEA,2024-08-13,,0.0,PEAD_Q5,63,6.83
IN,SPIC,2024-08-13,,0.0,PEAD_Q5,63,-8.5
IN,TRENT,2024-08-13,,0.0,PEAD_Q5,63,2.3
IN,INSECTICID,2024-08-13,,0.0,PEAD_Q5,63,-10.79
IN,OIL,2024-08-13,,0.0,PEAD_Q5,63,-27.74
IN,HITECH,2024-08-14,,0.0,PEAD_Q5,63,-2.42
IN,HERANBA,2024-08-14,,0.0,PEAD_Q5,63,4.57
IN,AVADHSUGAR,2024-08-14,,0.0,PEAD_Q5,63,-10.14
IN,TIMETECHNO,2024-08-14,,0.0,PEAD_Q5,63,-4.3
IN,OLECTRA,2024-08-14,,0.0,PEAD_Q5,63,-13.18
IN,SUPRIYA,2024-08-14,,0.0,PEAD_Q5,63,21.44
IN,HARIOMPIPE,2024-08-14,,0.0,PEAD_Q5,63,-17.49
IN,VOLTAS,2024-08-14,,0.0,PEAD_Q5,63,8.71
IN,STOVEKRAFT,2024-08-14,,0.0,PEAD_Q5,63,1.11
IN,KHAICHEM,2024-08-14,,0.0,PEAD_Q5,63,-21.92
IN,SHK,2024-08-16,,0.0,PEAD_Q5,63,32.66
IN,EPL,2024-08-16,,0.0,PEAD_Q5,63,6.82
IN,DSSL,2024-08-16,,0.0,PEAD_Q5,63,-8.16
IN,SINDHUTRAD,2024-08-16,,0.0,PEAD_Q5,63,5.0
IN,CREST,2024-08-19,,0.0,PEAD_Q5,63,-2.11
IN,KIRLOSIND,2024-08-19,,0.0,PEAD_Q5,63,-23.92
IN,VISHNU,2024-08-19,,0.0,PEAD_Q5,63,-4.1
IN,JINDALPOLY,2024-08-19,,0.0,PEAD_Q5,63,-8.14
IN,OLAELEC,2024-08-19,,0.0,PEAD_Q5,63,-52.91
IN,POLYPLEX,2024-08-19,,0.0,PEAD_Q5,63,-7.15
IN,MARKSANS,2024-08-19,,0.0,PEAD_Q5,63,40.52
IN,TIIL,2024-08-19,,0.0,PEAD_Q5,63,-32.73
IN,KITEX,2024-08-19,,0.0,PEAD_Q5,63,63.6
IN,GMRP&UI,2024-08-20,,0.0,PEAD_Q5,63,-10.56
IN,SALASAR,2024-08-20,,0.0,PEAD_Q5,63,-16.0
IN,NAGAFERT,2024-09-18,,0.0,PEAD_Q5,63,-13.66
IN,ARKADE,2024-10-14,,0.0,PEAD_Q5,63,5.36
IN,ANGELONE,2024-10-16,,0.0,PEAD_Q5,63,-23.19
IN,NETWORK18,2024-10-16,,0.0,PEAD_Q5,63,-34.1
IN,SWSOLAR,2024-10-17,,0.0,PEAD_Q5,63,-33.73
IN,HDFCAMC,2024-10-17,,0.0,PEAD_Q5,63,-14.76
IN,SOUTHBANK,2024-10-18,,0.0,PEAD_Q5,63,8.04
IN,STYLAMIND,2024-10-18,,0.0,PEAD_Q5,63,-10.52
IN,RALLIS,2024-10-18,,0.0,PEAD_Q5,63,-24.28
IN,KARURVYSYA,2024-10-21,,0.0,PEAD_Q5,63,2.1
IN,MPHASIS,2024-10-21,,0.0,PEAD_Q5,63,-7.1
IN,TEJASNET,2024-10-22,,0.0,PEAD_Q5,63,-13.62
IN,CUB,2024-10-23,,0.0,PEAD_Q5,63,1.85
IN,PERSISTENT,2024-10-24,,0.0,PEAD_Q5,63,11.76
IN,MFSL,2024-10-24,,0.0,PEAD_Q5,63,-19.22
IN,VBL,2024-10-24,,0.0,PEAD_Q5,63,-11.09
IN,SONACOMS,2024-10-25,,0.0,PEAD_Q5,63,-26.74
IN,PPLPHARMA,2024-10-25,,0.0,PEAD_Q5,63,-8.4
IN,MANORAMA,2024-10-25,,0.0,PEAD_Q5,63,9.37
IN,AMBER,2024-10-25,,0.0,PEAD_Q5,63,7.46
IN,COFORGE,2024-10-25,,0.0,PEAD_Q5,63,13.72
IN,CIGNITITEC,2024-10-25,,0.0,PEAD_Q5,63,4.47
IN,DYCL,2024-10-25,,0.0,PEAD_Q5,63,28.82
IN,CARERATING,2024-10-28,,0.0,PEAD_Q5,63,-14.84
IN,ORIENTELEC,2024-10-29,,0.0,PEAD_Q5,63,-10.43
IN,SHARDACROP,2024-10-29,,0.0,PEAD_Q5,63,-20.61
IN,KIRLPNU,2024-10-29,,0.0,PEAD_Q5,63,-29.05
IN,JSWINFRA,2024-10-30,,0.0,PEAD_Q5,63,-14.71
IN,SUMICHEM,2024-10-30,,0.0,PEAD_Q5,63,-8.16
IN,JKIL,2024-10-30,,0.0,PEAD_Q5,63,-7.44
IN,FEDERALBNK,2024-10-30,,0.0,PEAD_Q5,63,-8.99
IN,GILLETTE,2024-10-30,,0.0,PEAD_Q5,63,-10.98
IN,MOTILALOFS,2024-10-30,,0.0,PEAD_Q5,63,-30.11
IN,PDMJEPAPER,2024-10-30,,0.0,PEAD_Q5,63,18.38
IN,INDIANB,2024-10-30,,0.0,PEAD_Q5,63,-7.18
IN,PARADEEP,2024-10-30,,0.0,PEAD_Q5,63,10.37
IN,SERVOTECH,2024-10-30,,0.0,PEAD_Q5,63,-23.57
IN,SYRMA,2024-10-30,,0.0,PEAD_Q5,63,6.13
IN,ARVSMART,2024-10-30,,0.0,PEAD_Q5,63,-16.52
IN,ASALCBR,2024-10-30,,0.0,PEAD_Q5,63,40.33
IN,BHEL,2024-10-30,,0.0,PEAD_Q5,63,-17.0
IN,RECLTD,2024-10-30,,0.0,PEAD_Q5,63,-17.58
IN,ANUP,2024-10-30,,0.0,PEAD_Q5,63,-3.74
IN,SBFC,2024-10-30,,0.0,PEAD_Q5,63,1.77
IN,MANYAVAR,2024-10-31,,0.0,PEAD_Q5,63,-33.38
IN,DEEPAKFERT,2024-10-31,,0.0,PEAD_Q5,63,-9.24
IN,UDS,2024-10-31,,0.0,PEAD_Q5,63,-16.87
IN,FORCEMOT,2024-10-31,,0.0,PEAD_Q5,63,-19.74
IN,RPTECH,2024-10-31,,0.0,PEAD_Q5,63,-12.95
IN,NILAINFRA,2024-10-31,,0.0,PEAD_Q5,63,-2.12
IN,JISLJALEQS,2024-10-31,,0.0,PEAD_Q5,63,9.81
IN,SJS,2024-10-31,,0.0,PEAD_Q5,63,-18.58
IN,MAHSEAMLES,2024-10-31,,0.0,PEAD_Q5,63,-0.89
IN,GENESYS,2024-10-31,,0.0,PEAD_Q5,63,5.97
IN,DLINKINDIA,2024-11-01,,0.0,PEAD_Q5,63,-15.05
IN,LXCHEM,2024-11-01,,0.0,PEAD_Q5,63,-21.22
IN,PDSL,2024-11-01,,0.0,PEAD_Q5,63,-11.67
IN,REDINGTON,2024-11-01,,0.0,PEAD_Q5,63,5.34
IN,ATL,2024-11-01,,0.0,PEAD_Q5,63,-25.57
IN,TDPOWERSYS,2024-11-01,,0.0,PEAD_Q5,63,-16.02
IN,MUTHOOTCAP,2024-11-01,,0.0,PEAD_Q5,63,-23.92
IN,APARINDS,2024-11-01,,0.0,PEAD_Q5,63,-28.14
IN,ASAHIINDIA,2024-11-01,,0.0,PEAD_Q5,63,-11.44
IN,MTARTECH,2024-11-01,,0.0,PEAD_Q5,63,-6.36
IN,VTL,2024-11-01,,0.0,PEAD_Q5,63,-6.38
IN,GHCLTEXTIL,2024-11-01,,0.0,PEAD_Q5,63,-14.55
IN,LT,2024-11-04,,0.0,PEAD_Q5,63,-3.79
IN,PGHL,2024-11-06,,0.0,PEAD_Q5,63,-6.19
IN,GLAND,2024-11-06,,0.0,PEAD_Q5,63,-18.28
IN,SHANKARA,2024-11-06,,0.0,PEAD_Q5,63,3.7
IN,ECLERX,2024-11-07,,0.0,PEAD_Q5,63,-3.05
IN,HATSUN,2024-11-07,,0.0,PEAD_Q5,63,-10.65
IN,TI,2024-11-07,,0.0,PEAD_Q5,63,3.08
IN,ZUARI,2024-11-08,,0.0,PEAD_Q5,63,0.16
IN,GAIL,2024-11-08,,0.0,PEAD_Q5,63,-17.67
IN,AVALON,2024-11-11,,0.0,PEAD_Q5,63,-14.39
IN,APOLLOHOSP,2024-11-11,,0.0,PEAD_Q5,63,-11.71
IN,INNOVACAP,2024-11-11,,0.0,PEAD_Q5,63,-9.26
IN,INDHOTEL,2024-11-11,,0.0,PEAD_Q5,63,2.5
IN,VIJAYA,2024-11-11,,0.0,PEAD_Q5,63,0.65
IN,PAGEIND,2024-11-11,,0.0,PEAD_Q5,63,-11.05
IN,JLHL,2024-11-12,,0.0,PEAD_Q5,63,-0.13
IN,VIMTALABS,2024-11-12,,0.0,PEAD_Q5,63,56.8
IN,SANDHAR,2024-11-13,,0.0,PEAD_Q5,63,-23.85
IN,MAITHANALL,2024-11-13,,0.0,PEAD_Q5,63,-18.25
IN,PIXTRANS,2024-11-13,,0.0,PEAD_Q5,63,-9.23
IN,PAKKA,2024-11-13,,0.0,PEAD_Q5,63,-25.24
IN,AVL,2024-11-14,,0.0,PEAD_Q5,63,-11.68
IN,UNOMINDA,2024-11-14,,0.0,PEAD_Q5,63,-8.93
IN,ORIENTTECH,2024-11-14,,0.0,PEAD_Q5,63,-16.08
IN,DEEDEV,2024-11-14,,0.0,PEAD_Q5,63,-10.83
IN,KIRIINDUS,2024-11-18,,0.0,PEAD_Q5,63,5.72
IN,BANCOINDIA,2024-11-18,,0.0,PEAD_Q5,63,-36.04
IN,EXCELINDUS,2024-11-18,,0.0,PEAD_Q5,63,-44.72
IN,KNRCON,2024-11-18,,0.0,PEAD_Q5,63,-22.9
IN,DHUNINV,2024-11-19,,0.0,PEAD_Q5,63,-28.65
IN,AVANTIFEED,2024-11-19,,0.0,PEAD_Q5,63,6.73
IN,DIVGIITTS,2024-11-19,,0.0,PEAD_Q5,63,-27.66
IN,EXPLEOSOL,2024-11-19,,0.0,PEAD_Q5,63,-24.4
IN,EKC,2024-11-19,,0.0,PEAD_Q5,63,-37.69
IN,TOLINS,2024-11-19,,0.0,PEAD_Q5,63,-31.0
IN,DCAL,2024-11-19,,0.0,PEAD_Q5,63,-4.01
IN,SINDHUTRAD,2024-11-19,,0.0,PEAD_Q5,63,-30.46
IN,GRWRHITECH,2024-11-19,,0.0,PEAD_Q5,63,-22.1
IN,JGCHEM,2024-11-19,,0.0,PEAD_Q5,63,-24.1
IN,TRANSWORLD,2024-11-19,,0.0,PEAD_Q5,63,-31.85
IN,GARFIBRES,2024-11-19,,0.0,PEAD_Q5,63,-20.2
IN,IGARASHI,2024-11-19,,0.0,PEAD_Q5,63,-26.28
IN,MUTHOOTFIN,2024-11-21,,0.0,PEAD_Q5,63,19.2
IN,SAMMAANCAP,2024-11-21,,0.0,PEAD_Q5,63,-23.14
IN,NSIL,2024-11-21,,0.0,PEAD_Q5,63,-42.97
IN,FIRSTCRY,2024-11-21,,0.0,PEAD_Q5,63,-30.46
IN,PENINLAND,2024-11-21,,0.0,PEAD_Q5,63,-48.41
IN,SWIGGY,2024-12-06,,0.0,PEAD_Q5,63,-33.73
IN,MOBIKWIK,2025-01-09,,0.0,PEAD_Q5,63,-51.59
IN,AEROFLEX,2025-01-17,,0.0,PEAD_Q5,63,-25.81
IN,LTTS,2025-01-17,,0.0,PEAD_Q5,63,-16.67
IN,SWARAJENG,2025-01-21,,0.0,PEAD_Q5,63,26.85
IN,RADHIKAJWE,2025-01-21,,0.0,PEAD_Q5,63,-19.6
IN,VIDHIING,2025-01-22,,0.0,PEAD_Q5,63,-16.89
IN,KOTAKBANK,2025-01-22,,0.0,PEAD_Q5,63,14.99
IN,JSFB,2025-01-23,,0.0,PEAD_Q5,63,15.7
IN,NIITMTS,2025-01-24,,0.0,PEAD_Q5,63,-19.83
IN,COFORGE,2025-01-27,,0.0,PEAD_Q5,63,-14.83
IN,KFINTECH,2025-01-27,,0.0,PEAD_Q5,63,-3.89
IN,MPSLTD,2025-01-27,,0.0,PEAD_Q5,63,-9.99
IN,ZENSARTECH,2025-01-27,,0.0,PEAD_Q5,63,-12.72
IN,RPGLIFE,2025-01-28,,0.0,PEAD_Q5,63,-10.09
IN,SYRMA,2025-01-30,,0.0,PEAD_Q5,63,-10.83
IN,KRN,2025-01-30,,0.0,PEAD_Q5,63,-5.12
IN,TVSMOTOR,2025-01-30,,0.0,PEAD_Q5,63,9.79
IN,SRF,2025-01-31,,0.0,PEAD_Q5,63,6.92
IN,ARVSMART,2025-01-31,,0.0,PEAD_Q5,63,-22.3
IN,POWERINDIA,2025-01-31,,0.0,PEAD_Q5,63,17.23
IN,3IINFOLTD,2025-01-31,,0.0,PEAD_Q5,63,-20.57
IN,BRIGADE,2025-01-31,,0.0,PEAD_Q5,63,-13.2
IN,GABRIEL,2025-01-31,,0.0,PEAD_Q5,63,23.93
IN,ACMESOLAR,2025-01-31,,0.0,PEAD_Q5,63,-1.28
IN,OLECTRA,2025-01-31,,0.0,PEAD_Q5,63,-25.3
IN,CGPOWER,2025-01-31,,0.0,PEAD_Q5,63,-3.98
IN,JBMA,2025-01-31,,0.0,PEAD_Q5,63,-22.56
IN,SIS,2025-01-31,,0.0,PEAD_Q5,63,-2.83
IN,BLUEJET,2025-01-31,,0.0,PEAD_Q5,63,-3.3
IN,KPITTECH,2025-01-31,,0.0,PEAD_Q5,63,-11.71
IN,CARTRADE,2025-01-31,,0.0,PEAD_Q5,63,-3.43
IN,STAR,2025-02-03,,0.0,PEAD_Q5,63,-1.82
IN,WAAREEENER,2025-02-03,,0.0,PEAD_Q5,63,14.75
IN,POKARNA,2025-02-03,,0.0,PEAD_Q5,63,-28.99
IN,BEL,2025-02-03,,0.0,PEAD_Q5,63,17.75
IN,UPL,2025-02-04,,0.0,PEAD_Q5,63,0.93
IN,UNIECOM,2025-02-04,,0.0,PEAD_Q5,63,-11.83
IN,VMM,2025-02-04,,0.0,PEAD_Q5,63,3.44
IN,PARAGMILK,2025-02-04,,0.0,PEAD_Q5,63,13.39
IN,KALYANKJIL,2025-02-04,,0.0,PEAD_Q5,63,-1.65
IN,PHOENIXLTD,2025-02-04,,0.0,PEAD_Q5,63,-13.77
IN,DIVISLAB,2025-02-05,,0.0,PEAD_Q5,63,1.5
IN,JYOTISTRUC,2025-02-05,,0.0,PEAD_Q5,63,-25.99
IN,TAJGVK,2025-02-05,,0.0,PEAD_Q5,63,-6.86
IN,CHOLAFIN,2025-02-05,,0.0,PEAD_Q5,63,15.03
IN,SKYGOLD,2025-02-05,,0.0,PEAD_Q5,63,-12.68
IN,NEOGEN,2025-02-05,,0.0,PEAD_Q5,63,-28.54
IN,ADSL,2025-02-05,,0.0,PEAD_Q5,63,-25.9
IN,MEDANTA,2025-02-06,,0.0,PEAD_Q5,63,6.4
IN,SCILAL,2025-02-06,,0.0,PEAD_Q5,63,-17.04
IN,DOMS,2025-02-06,,0.0,PEAD_Q5,63,0.22
IN,AJMERA,2025-02-06,,0.0,PEAD_Q5,63,-16.84
IN,VRLLOG,2025-02-07,,0.0,PEAD_Q5,63,-0.74
IN,HIKAL,2025-02-07,,0.0,PEAD_Q5,63,3.12
IN,ERIS,2025-02-07,,0.0,PEAD_Q5,63,-0.97
IN,HINDOILEXP,2025-02-07,,0.0,PEAD_Q5,63,-11.64
IN,MINDTECK,2025-02-07,,0.0,PEAD_Q5,63,-5.77
IN,JKLAKSHMI,2025-02-10,,0.0,PEAD_Q5,63,7.68
IN,ZFCVINDIA,2025-02-10,,0.0,PEAD_Q5,63,16.47
IN,EIEL,2025-02-10,,0.0,PEAD_Q5,63,-16.65
IN,KPIGREEN,2025-02-10,,0.0,PEAD_Q5,63,7.67
IN,AARTIPHARM,2025-02-10,,0.0,PEAD_Q5,63,15.72
IN,BLACKBUCK,2025-02-10,,0.0,PEAD_Q5,63,-7.1
IN,REDINGTON,2025-02-10,,0.0,PEAD_Q5,63,15.79
IN,GULFOILLUB,2025-02-11,,0.0,PEAD_Q5,63,4.33
IN,TRANSRAILL,2025-02-12,,0.0,PEAD_Q5,63,-2.76
IN,SHREEPUSHK,2025-02-13,,0.0,PEAD_Q5,63,-7.79
IN,TVSSCS,2025-02-13,,0.0,PEAD_Q5,63,-10.13
IN,SCHNEIDER,2025-02-13,,0.0,PEAD_Q5,63,0.74
IN,ASHOKLEY,2025-02-14,,0.0,PEAD_Q5,63,12.05
IN,SAIL,2025-02-14,,0.0,PEAD_Q5,63,19.12
IN,PNGJL,2025-02-14,,0.0,PEAD_Q5,63,-12.67
IN,FINCABLES,2025-02-14,,0.0,PEAD_Q5,63,3.54
IN,PATELENG,2025-02-14,,0.0,PEAD_Q5,63,-6.06
IN,TIIL,2025-02-14,,0.0,PEAD_Q5,63,9.04
IN,PGIL,2025-02-14,,0.0,PEAD_Q5,63,-7.97
IN,ICIL,2025-02-14,,0.0,PEAD_Q5,63,1.85
IN,BAJAJHCARE,2025-02-14,,0.0,PEAD_Q5,63,-2.81
IN,HONASA,2025-02-14,,0.0,PEAD_Q5,63,48.13
IN,GODFRYPHLP,2025-02-17,,0.0,PEAD_Q5,63,17.6
IN,ETHOSLTD,2025-02-18,,0.0,PEAD_Q5,63,13.96
IN,GLAXO,2025-02-18,,0.0,PEAD_Q5,63,22.92
IN,INGERRAND,2025-02-18,,0.0,PEAD_Q5,63,22.16
IN,SANDUMA,2025-02-19,,0.0,PEAD_Q5,63,26.98
IN,PENIND,2025-02-19,,0.0,PEAD_Q5,63,34.9
