market,symbol,evict_date,rsi_at_evict,drift_at_evict,outcome,days,exit_ret_pct
IN,ICICIBANK,2016-05-26,,0.0,PEAD_Q5,63,2.41
IN,TATAPOWER,2016-05-26,,0.0,PEAD_Q5,63,2.72
IN,OMAXE,2016-05-26,,0.0,PEAD_Q5,63,3.59
IN,MANAPPURAM,2016-05-26,,0.0,PEAD_Q5,63,56.05
IN,ASHOKA,2016-05-26,,0.0,PEAD_Q5,63,10.55
IN,FEDERALBNK,2016-05-26,,0.0,PEAD_Q5,63,26.64
IN,UCOBANK,2016-05-26,,0.0,PEAD_Q5,63,19.94
IN,TECHM,2016-05-27,,0.0,PEAD_Q5,63,-14.17
IN,KEC,2016-05-27,,0.0,PEAD_Q5,63,-2.14
IN,ASHOKLEY,2016-05-27,,0.0,PEAD_Q5,63,-17.88
IN,SRF,2016-05-27,,0.0,PEAD_Q5,63,32.85
IN,JAICORPLTD,2016-05-27,,0.0,PEAD_Q5,63,3.75
IN,KSL,2016-05-30,,0.0,PEAD_Q5,63,109.29
IN,INDIACEM,2016-05-30,,0.0,PEAD_Q5,63,55.2
IN,BYKE,2016-05-30,,0.0,PEAD_Q5,63,-8.5
IN,KRBL,2016-05-30,,0.0,PEAD_Q5,63,-3.37
IN,BLISSGVS,2016-05-30,,0.0,PEAD_Q5,63,59.44
IN,EQUITAS,2016-05-30,,0.0,PEAD_Q5,63,11.22
IN,BAJAJHLDNG,2016-05-30,,0.0,PEAD_Q5,63,18.06
IN,BAJAJ-AUTO,2016-05-30,,0.0,PEAD_Q5,63,10.77
IN,BANKINDIA,2016-05-30,,0.0,PEAD_Q5,63,28.95
IN,GLAXO,2016-05-30,,0.0,PEAD_Q5,63,-16.6
IN,PRICOL,2016-05-31,,0.0,PEAD_Q5,63,106.48
IN,TNPL,2016-05-31,,0.0,PEAD_Q5,63,13.51
IN,EROSMEDIA,2016-05-31,,0.0,PEAD_Q5,63,9.32
IN,BPCL,2016-05-31,,0.0,PEAD_Q5,63,24.07
IN,JSWENERGY,2016-05-31,,0.0,PEAD_Q5,63,9.56
IN,NATCOPHARM,2016-05-31,,0.0,PEAD_Q5,63,42.1
IN,CONCOR,2016-05-31,,0.0,PEAD_Q5,63,-4.59
IN,NTPC,2016-06-01,,0.0,PEAD_Q5,63,10.13
IN,TANLA,2016-06-01,,0.0,PEAD_Q5,63,-6.44
IN,CANBK,2016-06-01,,0.0,PEAD_Q5,63,42.05
IN,HINDALCO,2016-06-01,,0.0,PEAD_Q5,63,54.46
IN,MUTHOOTFIN,2016-06-01,,0.0,PEAD_Q5,63,53.74
IN,BAJAJHIND,2016-06-01,,0.0,PEAD_Q5,63,-8.83
IN,BATAINDIA,2016-06-01,,0.0,PEAD_Q5,63,-6.23
IN,SBIN,2016-06-01,,0.0,PEAD_Q5,63,27.36
IN,FIEMIND,2016-06-01,,0.0,PEAD_Q5,63,30.47
IN,RECLTD,2016-06-01,,0.0,PEAD_Q5,63,44.45
IN,FINCABLES,2016-06-01,,0.0,PEAD_Q5,63,27.61
IN,COALINDIA,2016-06-01,,0.0,PEAD_Q5,63,12.21
IN,MPHASIS,2016-06-01,,0.0,PEAD_Q5,63,5.67
IN,MERCATOR,2016-06-01,,0.0,PEAD_Q5,63,84.03
IN,NATIONALUM,2016-06-01,,0.0,PEAD_Q5,63,12.28
IN,KOPRAN,2016-06-02,,0.0,PEAD_Q5,63,-9.12
IN,AUROPHARMA,2016-06-02,,0.0,PEAD_Q5,63,-1.96
IN,MONSANTO,2016-06-03,,0.0,PEAD_Q5,63,-5.24
IN,ANANTRAJ,2016-06-06,,0.0,PEAD_Q5,63,16.43
IN,ABGSHIP,2016-06-06,,0.0,PEAD_Q5,63,-1.56
IN,ALBK,2016-06-22,,0.0,PEAD_Q5,63,34.46
IN,LICHSGFIN,2016-07-19,,0.0,PEAD_Q5,63,18.02
IN,BHARATFIN,2016-08-01,,0.0,PEAD_Q5,63,-12.39
IN,YESBANK,2016-08-04,,0.0,PEAD_Q5,63,-1.01
IN,MANGALAM,2016-08-05,,0.0,PEAD_Q5,63,-11.33
IN,BANCOINDIA,2016-08-05,,0.0,PEAD_Q5,63,-2.27
IN,SUNDARMFIN,2016-08-05,,0.0,PEAD_Q5,63,-9.66
IN,SPARC,2016-08-05,,0.0,PEAD_Q5,63,-18.63
IN,CAPF,2016-08-09,,0.0,PEAD_Q5,63,-28.94
IN,CHOLAFIN,2016-08-09,,0.0,PEAD_Q5,63,-20.47
IN,NIITLTD,2016-08-10,,0.0,PEAD_Q5,63,-13.82
IN,NAVINFLUOR,2016-08-10,,0.0,PEAD_Q5,63,-1.16
IN,RPGLIFE,2016-08-10,,0.0,PEAD_Q5,63,7.4
IN,TREEHOUSE,2016-08-10,,0.0,PEAD_Q5,63,-22.13
IN,ATULAUTO,2016-08-16,,0.0,PEAD_Q5,63,-0.54
IN,J&KBANK,2016-08-17,,0.0,PEAD_Q5,63,-16.56
IN,JMFINANCIL,2016-08-17,,0.0,PEAD_Q5,63,-12.17
IN,CARERATING,2016-08-17,,0.0,PEAD_Q5,63,12.41
IN,NOCIL,2016-08-17,,0.0,PEAD_Q5,63,5.07
IN,JAMNAAUTO,2016-08-17,,0.0,PEAD_Q5,63,-25.25
IN,UNIONBANK,2016-08-18,,0.0,PEAD_Q5,63,11.73
IN,SREINFRA,2016-08-18,,0.0,PEAD_Q5,63,-0.4
IN,NEULANDLAB,2016-08-18,,0.0,PEAD_Q5,63,5.83
IN,VADILALIND,2016-08-18,,0.0,PEAD_Q5,63,-19.75
IN,KESORAMIND,2016-08-18,,0.0,PEAD_Q5,63,-5.85
IN,CENTRALBK,2016-08-18,,0.0,PEAD_Q5,63,-22.59
IN,KIRIINDUS,2016-08-18,,0.0,PEAD_Q5,63,-25.56
IN,TALWALKARS,2016-08-18,,0.0,PEAD_Q5,63,-9.39
IN,THYROCARE,2016-08-18,,0.0,PEAD_Q5,63,14.26
IN,LAKSHVILAS,2016-08-18,,0.0,PEAD_Q5,63,-5.52
IN,PFC,2016-08-18,,0.0,PEAD_Q5,63,6.15
IN,IFCI,2016-08-18,,0.0,PEAD_Q5,63,-19.38
IN,INDIANB,2016-08-18,,0.0,PEAD_Q5,63,7.39
IN,SHILPI,2016-08-29,,0.0,PEAD_Q5,63,3.94
IN,MAHASTEEL,2016-08-30,,0.0,PEAD_Q5,63,-52.85
IN,ORIENTBANK,2016-08-31,,0.0,PEAD_Q5,63,-5.61
IN,PGHH,2016-09-14,,0.0,PEAD_Q5,63,1.47
IN,DHAMPURSUG,2016-09-14,,0.0,PEAD_Q5,63,5.45
IN,ASIANTILES,2016-09-14,,0.0,PEAD_Q5,63,-16.39
IN,BOMDYEING,2016-09-14,,0.0,PEAD_Q5,63,-18.02
IN,UPERGANGES,2016-09-14,,0.0,PEAD_Q5,63,-31.02
IN,RPPINFRA,2016-09-15,,0.0,PEAD_Q5,63,-1.89
IN,RUSHIL,2016-09-15,,0.0,PEAD_Q5,63,18.57
IN,SALZERELEC,2016-09-16,,0.0,PEAD_Q5,63,-16.99
IN,JAYSREETEA,2016-09-16,,0.0,PEAD_Q5,63,-10.92
IN,PRESTIGE,2016-09-22,,0.0,PEAD_Q5,63,-17.79
IN,KWALITY,2016-09-22,,0.0,PEAD_Q5,63,-16.58
IN,ICIL,2016-09-22,,0.0,PEAD_Q5,63,-5.5
IN,AKSHOPTFBR,2016-09-23,,0.0,PEAD_Q5,63,9.84
IN,CENTENKA,2016-09-23,,0.0,PEAD_Q5,63,-4.11
IN,MOREPENLAB,2016-09-23,,0.0,PEAD_Q5,63,-22.71
IN,GITANJALI,2016-09-23,,0.0,PEAD_Q5,63,-16.58
IN,TVSMOTOR,2016-09-23,,0.0,PEAD_Q5,63,0.33
IN,MIRZAINT,2016-09-26,,0.0,PEAD_Q5,63,-11.49
IN,JUBLFOOD,2016-09-26,,0.0,PEAD_Q5,63,-13.38
IN,IGL,2016-09-27,,0.0,PEAD_Q5,63,15.0
IN,GODREJIND,2016-09-27,,0.0,PEAD_Q5,63,1.5
IN,GODFRYPHLP,2016-09-27,,0.0,PEAD_Q5,63,-21.77
IN,CUMMINSIND,2016-09-28,,0.0,PEAD_Q5,63,-9.3
IN,BIRLACORPN,2016-09-29,,0.0,PEAD_Q5,63,-6.49
IN,BALKRISIND,2016-09-29,,0.0,PEAD_Q5,63,19.02
IN,ONMOBILE,2016-09-29,,0.0,PEAD_Q5,63,-17.54
IN,BASF,2016-09-29,,0.0,PEAD_Q5,63,-3.39
IN,CEATLTD,2016-09-30,,0.0,PEAD_Q5,63,-10.02
IN,AIAENG,2016-10-03,,0.0,PEAD_Q5,63,-0.87
IN,ORIENTCEM,2016-10-03,,0.0,PEAD_Q5,63,-42.89
IN,M&M,2016-10-03,,0.0,PEAD_Q5,63,-15.37
IN,HINDZINC,2016-10-04,,0.0,PEAD_Q5,63,3.95
IN,UPL,2016-10-04,,0.0,PEAD_Q5,63,-0.28
IN,ENGINERSIN,2016-10-04,,0.0,PEAD_Q5,63,22.22
IN,GAIL,2016-10-04,,0.0,PEAD_Q5,63,9.86
IN,MRPL,2016-10-04,,0.0,PEAD_Q5,63,23.27
IN,HINDOILEXP,2016-10-04,,0.0,PEAD_Q5,63,17.77
IN,JYOTHYLAB,2016-10-04,,0.0,PEAD_Q5,63,-7.24
IN,CENTURYPLY,2016-10-04,,0.0,PEAD_Q5,63,-30.82
IN,MANGLMCEM,2016-10-04,,0.0,PEAD_Q5,63,-21.67
IN,TINPLATE,2016-10-05,,0.0,PEAD_Q5,63,-7.67
IN,TATASTEEL,2016-10-05,,0.0,PEAD_Q5,63,7.38
IN,FRETAIL,2016-10-05,,0.0,PEAD_Q5,63,-4.37
IN,SHILPAMED,2016-10-05,,0.0,PEAD_Q5,63,15.78
IN,GSFC,2016-10-05,,0.0,PEAD_Q5,63,16.76
IN,TV18BRDCST,2016-10-05,,0.0,PEAD_Q5,63,-19.49
IN,PETRONET,2016-10-05,,0.0,PEAD_Q5,63,0.93
IN,PATELENG,2016-10-05,,0.0,PEAD_Q5,63,-20.86
IN,INTELLECT,2016-10-05,,0.0,PEAD_Q5,63,-19.51
IN,RTNPOWER,2016-10-05,,0.0,PEAD_Q5,63,-19.44
IN,TRENT,2016-10-05,,0.0,PEAD_Q5,63,-8.78
IN,NBCC,2016-10-05,,0.0,PEAD_Q5,63,-10.65
IN,NAUKRI,2016-10-05,,0.0,PEAD_Q5,63,-7.05
IN,ADANIPORTS,2016-10-05,,0.0,PEAD_Q5,63,7.76
IN,MPHASIS,2016-10-05,,0.0,PEAD_Q5,63,-3.81
IN,UNICHEMLAB,2016-10-05,,0.0,PEAD_Q5,63,-3.02
IN,OBEROIRLTY,2016-10-05,,0.0,PEAD_Q5,63,-2.24
IN,ONGC,2016-10-05,,0.0,PEAD_Q5,63,13.94
IN,FORTIS,2016-10-05,,0.0,PEAD_Q5,63,9.62
IN,METALFORGE,2016-10-05,,0.0,PEAD_Q5,63,-19.69
IN,WSTCSTPAPR,2016-10-05,,0.0,PEAD_Q5,63,11.13
IN,TATAPOWER,2016-10-06,,0.0,PEAD_Q5,63,-3.35
IN,RAYMOND,2016-10-06,,0.0,PEAD_Q5,63,-9.8
IN,RAMCOIND,2016-10-06,,0.0,PEAD_Q5,63,12.28
IN,REDINGTON,2016-10-06,,0.0,PEAD_Q5,63,-7.63
IN,RENUKA,2016-10-06,,0.0,PEAD_Q5,63,-7.85
IN,IOC,2016-10-06,,0.0,PEAD_Q5,63,5.44
IN,COROMANDEL,2016-10-06,,0.0,PEAD_Q5,63,27.93
IN,HEIDELBERG,2016-10-06,,0.0,PEAD_Q5,63,-21.35
IN,EXIDEIND,2016-10-06,,0.0,PEAD_Q5,63,-3.86
IN,ROLTA,2016-10-07,,0.0,PEAD_Q5,63,0.55
IN,TTKPRESTIG,2016-10-14,,0.0,PEAD_Q5,63,4.04
IN,ABAN,2016-10-17,,0.0,PEAD_Q5,63,-12.87
IN,CYIENT,2016-10-17,,0.0,PEAD_Q5,63,-1.28
IN,DCBBANK,2016-10-19,,0.0,PEAD_Q5,63,-6.94
IN,ORICONENT,2016-10-19,,0.0,PEAD_Q5,63,-9.69
IN,SUMEETINDS,2016-10-20,,0.0,PEAD_Q5,63,-5.01
IN,GMBREW,2016-10-20,,0.0,PEAD_Q5,63,-16.41
IN,QUESS,2016-10-21,,0.0,PEAD_Q5,63,6.9
IN,SYNGENE,2016-10-24,,0.0,PEAD_Q5,63,2.53
IN,RBLBANK,2016-10-26,,0.0,PEAD_Q5,63,10.36
IN,KOTAKBANK,2016-10-27,,0.0,PEAD_Q5,63,-2.67
IN,PIIND,2016-10-27,,0.0,PEAD_Q5,63,3.1
IN,TIRUMALCHM,2016-10-27,,0.0,PEAD_Q5,63,8.04
IN,HCL-INSYS,2016-10-27,,0.0,PEAD_Q5,63,12.71
IN,APTECHT,2016-10-27,,0.0,PEAD_Q5,63,-11.2
IN,VGUARD,2016-10-27,,0.0,PEAD_Q5,63,-7.33
IN,ITC,2016-10-28,,0.0,PEAD_Q5,63,5.35
IN,KIRLOSBROS,2016-10-28,,0.0,PEAD_Q5,63,11.08
IN,IIFL,2016-11-01,,0.0,PEAD_Q5,63,-6.41
IN,SONATSOFTW,2016-11-07,,0.0,PEAD_Q5,63,18.48
IN,PNB,2016-11-09,,0.0,PEAD_Q5,63,5.41
IN,KELLTONTEC,2016-11-09,,0.0,PEAD_Q5,63,9.65
IN,SBT,2016-11-09,,0.0,PEAD_Q5,63,4.44
IN,BHARATFIN,2016-11-09,,0.0,PEAD_Q5,63,6.16
IN,MOTILALOFS,2016-11-09,,0.0,PEAD_Q5,63,12.1
IN,DENABANK,2016-11-11,,0.0,PEAD_Q5,63,5.14
IN,ALBK,2016-11-11,,0.0,PEAD_Q5,63,-0.07
IN,MANALIPETC,2016-11-11,,0.0,PEAD_Q5,63,5.15
IN,VOLTAMP,2016-11-11,,0.0,PEAD_Q5,63,12.94
IN,MAXINDIA,2016-11-11,,0.0,PEAD_Q5,63,0.91
IN,KITEX,2016-11-11,,0.0,PEAD_Q5,63,7.25
IN,WABAG,2016-11-11,,0.0,PEAD_Q5,63,-4.39
IN,PFS,2016-11-11,,0.0,PEAD_Q5,63,7.68
IN,JKTYRE,2016-11-11,,0.0,PEAD_Q5,63,-14.71
IN,KEC,2016-11-11,,0.0,PEAD_Q5,63,16.23
IN,BHARATFORG,2016-11-11,,0.0,PEAD_Q5,63,17.23
IN,CUB,2016-11-15,,0.0,PEAD_Q5,63,10.25
IN,RECLTD,2016-11-15,,0.0,PEAD_Q5,63,15.29
IN,EIDPARRY,2016-11-15,,0.0,PEAD_Q5,63,15.19
IN,FEDERALBNK,2016-11-15,,0.0,PEAD_Q5,63,13.75
IN,SUNPHARMA,2016-11-15,,0.0,PEAD_Q5,63,-4.07
IN,TATACOMM,2016-11-15,,0.0,PEAD_Q5,63,22.81
IN,JSWSTEEL,2016-11-15,,0.0,PEAD_Q5,63,10.84
IN,GNFC,2016-11-16,,0.0,PEAD_Q5,63,29.01
IN,POWERGRID,2016-11-16,,0.0,PEAD_Q5,63,6.55
IN,CIPLA,2016-11-16,,0.0,PEAD_Q5,63,7.04
IN,NATCOPHARM,2016-11-17,,0.0,PEAD_Q5,63,15.25
IN,EKC,2016-11-17,,0.0,PEAD_Q5,63,11.53
IN,MHRIL,2016-11-17,,0.0,PEAD_Q5,63,3.76
IN,SBIN,2016-11-17,,0.0,PEAD_Q5,63,-3.06
IN,KRBL,2016-11-18,,0.0,PEAD_Q5,63,49.57
IN,BANKBARODA,2016-11-21,,0.0,PEAD_Q5,63,3.13
IN,CORPBANK,2016-11-21,,0.0,PEAD_Q5,63,3.93
IN,VIPIND,2016-11-21,,0.0,PEAD_Q5,63,29.82
IN,APOLLOHOSP,2016-11-21,,0.0,PEAD_Q5,63,10.83
IN,OMKARCHEM,2016-11-22,,0.0,PEAD_Q5,63,4.06
IN,THERMAX,2016-11-23,,0.0,PEAD_Q5,63,2.68
IN,VOLTAS,2016-11-23,,0.0,PEAD_Q5,63,20.75
IN,HCG,2016-11-23,,0.0,PEAD_Q5,63,-4.9
IN,SIGNET,2016-11-23,,0.0,PEAD_Q5,63,-13.29
IN,CHAMBLFERT,2016-11-23,,0.0,PEAD_Q5,63,44.46
IN,NITCO,2016-11-24,,0.0,PEAD_Q5,63,16.14
IN,SARDAEN,2016-11-24,,0.0,PEAD_Q5,63,12.82
IN,FIEMIND,2016-11-24,,0.0,PEAD_Q5,63,-10.47
IN,NILKAMAL,2016-11-24,,0.0,PEAD_Q5,63,35.31
IN,SUDARSCHEM,2016-11-24,,0.0,PEAD_Q5,63,12.13
IN,RCF,2016-11-25,,0.0,PEAD_Q5,63,32.8
IN,NCLIND,2016-11-28,,0.0,PEAD_Q5,63,42.62
IN,TIMKEN,2016-11-30,,0.0,PEAD_Q5,63,8.52
IN,SUVEN,2016-11-30,,0.0,PEAD_Q5,63,-5.4
IN,COX&KINGS,2016-12-05,,0.0,PEAD_Q5,63,15.07
IN,ECLERX,2016-12-05,,0.0,PEAD_Q5,63,-10.76
IN,BGRENERGY,2016-12-07,,0.0,PEAD_Q5,63,13.57
IN,ASHOKA,2016-12-07,,0.0,PEAD_Q5,63,21.52
IN,A2ZINFRA,2016-12-07,,0.0,PEAD_Q5,63,-0.25
IN,IL&FSTRANS,2016-12-12,,0.0,PEAD_Q5,63,-0.54
IN,JISLJALEQS,2016-12-12,,0.0,PEAD_Q5,63,5.15
IN,HFCL,2016-12-12,,0.0,PEAD_Q5,63,6.45
IN,JKIL,2016-12-14,,0.0,PEAD_Q5,63,22.44
IN,SUNTECK,2016-12-15,,0.0,PEAD_Q5,63,55.59
IN,CASTEXTECH,2016-12-19,,0.0,PEAD_Q5,63,-3.45
IN,JAGRAN,2016-12-20,,0.0,PEAD_Q5,63,-0.53
IN,DLF,2016-12-23,,0.0,PEAD_Q5,63,29.71
IN,INDUSINDBK,2017-01-13,,0.0,PEAD_Q5,63,16.94
IN,MASTEK,2017-01-19,,0.0,PEAD_Q5,63,43.4
IN,HINDOILEXP,2017-01-20,,0.0,PEAD_Q5,63,13.8
IN,DBCORP,2017-01-23,,0.0,PEAD_Q5,63,5.26
IN,RBL,2017-01-24,,0.0,PEAD_Q5,63,2.84
IN,YESBANK,2017-01-24,,0.0,PEAD_Q5,63,19.97
IN,SUMEETINDS,2017-01-25,,0.0,PEAD_Q5,63,-10.15
IN,DLINKINDIA,2017-01-25,,0.0,PEAD_Q5,63,12.47
IN,QUESS,2017-01-27,,0.0,PEAD_Q5,63,11.23
IN,TRENT,2017-01-27,,0.0,PEAD_Q5,63,3.16
IN,KOTAKBANK,2017-01-30,,0.0,PEAD_Q5,63,16.74
IN,IRB,2017-01-30,,0.0,PEAD_Q5,63,13.51
IN,PNBHOUSING,2017-01-30,,0.0,PEAD_Q5,63,50.92
IN,PNBGILTS,2017-02-01,,0.0,PEAD_Q5,63,-3.63
IN,BHARTIARTL,2017-02-01,,0.0,PEAD_Q5,63,1.8
IN,VGUARD,2017-02-02,,0.0,PEAD_Q5,63,42.09
IN,INDIACEM,2017-02-02,,0.0,PEAD_Q5,63,31.22
IN,CAPF,2017-02-02,,0.0,PEAD_Q5,63,14.11
IN,HIMATSEIDE,2017-02-03,,0.0,PEAD_Q5,63,-7.13
IN,EMAMILTD,2017-02-03,,0.0,PEAD_Q5,63,-5.53
IN,CENTURYPLY,2017-02-03,,0.0,PEAD_Q5,63,19.29
IN,SYNDIBANK,2017-02-03,,0.0,PEAD_Q5,63,24.33
IN,ICICIBANK,2017-02-03,,0.0,PEAD_Q5,63,6.07
IN,IOC,2017-02-06,,0.0,PEAD_Q5,63,8.97
IN,SANGHIIND,2017-02-06,,0.0,PEAD_Q5,63,27.05
IN,UCOBANK,2017-02-06,,0.0,PEAD_Q5,63,11.99
IN,OIL,2017-02-06,,0.0,PEAD_Q5,63,-8.79
IN,CUMMINSIND,2017-02-06,,0.0,PEAD_Q5,63,14.71
IN,KEI,2017-02-07,,0.0,PEAD_Q5,63,28.35
IN,SUNDRMFAST,2017-02-07,,0.0,PEAD_Q5,63,14.99
IN,GODREJPROP,2017-02-07,,0.0,PEAD_Q5,63,35.84
IN,RENUKA,2017-02-07,,0.0,PEAD_Q5,63,-12.42
IN,KMSUGAR,2017-02-07,,0.0,PEAD_Q5,63,-36.54
IN,ANDHRSUGAR,2017-02-08,,0.0,PEAD_Q5,63,20.31
IN,JKCEMENT,2017-02-08,,0.0,PEAD_Q5,63,33.4
IN,INDHOTEL,2017-02-08,,0.0,PEAD_Q5,63,18.64
IN,J&KBANK,2017-02-08,,0.0,PEAD_Q5,63,14.12
IN,CENTRALBK,2017-02-09,,0.0,PEAD_Q5,63,32.11
IN,GRASIM,2017-02-09,,0.0,PEAD_Q5,63,19.69
IN,BEPL,2017-02-09,,0.0,PEAD_Q5,63,86.85
IN,DHANUKA,2017-02-10,,0.0,PEAD_Q5,63,16.17
IN,HEXAWARE,2017-02-10,,0.0,PEAD_Q5,63,22.5
IN,MANAPPURAM,2017-02-13,,0.0,PEAD_Q5,63,-7.31
IN,MAXVIL,2017-02-13,,0.0,PEAD_Q5,63,2.37
IN,POLARIS,2017-02-13,,0.0,PEAD_Q5,63,29.87
IN,ENDURANCE,2017-02-14,,0.0,PEAD_Q5,63,18.58
IN,NTPC,2017-02-14,,0.0,PEAD_Q5,63,-6.88
IN,TIMETECHNO,2017-02-15,,0.0,PEAD_Q5,63,42.04
IN,COFFEEDAY,2017-02-15,,0.0,PEAD_Q5,63,7.71
IN,GSPL,2017-02-15,,0.0,PEAD_Q5,63,6.66
IN,EROSMEDIA,2017-02-15,,0.0,PEAD_Q5,63,9.72
IN,BHARATFORG,2017-02-15,,0.0,PEAD_Q5,63,4.44
IN,GAIL,2017-02-16,,0.0,PEAD_Q5,63,0.83
IN,MAXINDIA,2017-02-16,,0.0,PEAD_Q5,63,-5.61
IN,MMTC,2017-02-16,,0.0,PEAD_Q5,63,-7.47
IN,BYKE,2017-02-16,,0.0,PEAD_Q5,63,4.4
IN,ADANIENT,2017-02-17,,0.0,PEAD_Q5,63,21.11
IN,MUTHOOTFIN,2017-02-20,,0.0,PEAD_Q5,63,11.13
IN,JAYSREETEA,2017-02-21,,0.0,PEAD_Q5,63,-10.48
IN,PNCINFRA,2017-02-21,,0.0,PEAD_Q5,63,41.91
IN,TEXRAIL,2017-02-21,,0.0,PEAD_Q5,63,0.27
IN,PRABHAT,2017-02-21,,0.0,PEAD_Q5,63,-10.97
IN,AMTEKAUTO,2017-02-21,,0.0,PEAD_Q5,63,1.4
IN,PARAGMILK,2017-02-21,,0.0,PEAD_Q5,63,10.74
IN,SUNPHARMA,2017-02-21,,0.0,PEAD_Q5,63,-15.68
IN,FCONSUMER,2017-02-21,,0.0,PEAD_Q5,63,11.7
IN,PFS,2017-02-21,,0.0,PEAD_Q5,63,7.37
IN,REPCOHOME,2017-02-21,,0.0,PEAD_Q5,63,16.19
IN,EDELWEISS,2017-02-21,,0.0,PEAD_Q5,63,43.85
IN,IPCALAB,2017-02-21,,0.0,PEAD_Q5,63,-9.36
IN,GREAVESCOT,2017-02-21,,0.0,PEAD_Q5,63,-2.48
IN,TATASTEEL,2017-02-22,,0.0,PEAD_Q5,63,4.89
IN,JINDALSTEL,2017-02-23,,0.0,PEAD_Q5,63,5.92
IN,NATCOPHARM,2017-02-27,,0.0,PEAD_Q5,63,13.4
IN,GMDCLTD,2017-02-28,,0.0,PEAD_Q5,63,12.43
IN,VIKASECO,2017-03-02,,0.0,PEAD_Q5,63,11.75
IN,SANOFI,2017-03-02,,0.0,PEAD_Q5,63,-4.91
IN,ORIENTPPR,2017-03-03,,0.0,PEAD_Q5,63,17.43
IN,RANASUG,2017-03-06,,0.0,PEAD_Q5,63,-19.25
IN,BASF,2017-05-17,,0.0,PEAD_Q5,63,2.94
IN,NEULANDLAB,2017-05-18,,0.0,PEAD_Q5,63,-10.04
IN,WIPRO,2017-05-19,,0.0,PEAD_Q5,63,10.86
IN,TCS,2017-05-19,,0.0,PEAD_Q5,63,0.27
IN,TINPLATE,2017-05-19,,0.0,PEAD_Q5,63,51.1
IN,BHARATFORG,2017-05-29,,0.0,PEAD_Q5,63,-0.55
IN,HIMATSEIDE,2017-05-29,,0.0,PEAD_Q5,63,-9.17
IN,VOLTAS,2017-05-29,,0.0,PEAD_Q5,63,7.32
IN,CHAMBLFERT,2017-05-30,,0.0,PEAD_Q5,63,24.06
IN,ASTEC,2017-05-30,,0.0,PEAD_Q5,63,2.48
IN,SUVEN,2017-05-30,,0.0,PEAD_Q5,63,-13.06
IN,AIAENG,2017-05-30,,0.0,PEAD_Q5,63,-10.39
IN,SUPREMEIND,2017-05-30,,0.0,PEAD_Q5,63,1.23
IN,3MINDIA,2017-05-30,,0.0,PEAD_Q5,63,5.26
IN,DHANUKA,2017-05-31,,0.0,PEAD_Q5,63,-21.35
IN,HEROMOTOCO,2017-05-31,,0.0,PEAD_Q5,63,6.67
IN,BIRLACORPN,2017-05-31,,0.0,PEAD_Q5,63,14.1
IN,PERSISTENT,2017-05-31,,0.0,PEAD_Q5,63,2.63
IN,PCJEWELLER,2017-05-31,,0.0,PEAD_Q5,63,42.27
IN,LIBERTSHOE,2017-05-31,,0.0,PEAD_Q5,63,4.96
IN,CUPID,2017-05-31,,0.0,PEAD_Q5,63,-1.59
IN,AJMERA,2017-05-31,,0.0,PEAD_Q5,63,-13.16
IN,BODALCHEM,2017-05-31,,0.0,PEAD_Q5,63,1.48
IN,GODREJIND,2017-05-31,,0.0,PEAD_Q5,63,1.29
IN,MAXVIL,2017-06-01,,0.0,PEAD_Q5,63,-11.84
IN,TAKE,2017-06-01,,0.0,PEAD_Q5,63,13.57
IN,MIC,2017-06-01,,0.0,PEAD_Q5,63,-28.9
IN,MANAPPURAM,2017-06-01,,0.0,PEAD_Q5,63,16.28
IN,PNCINFRA,2017-06-01,,0.0,PEAD_Q5,63,-5.79
IN,CGPOWER,2017-06-01,,0.0,PEAD_Q5,63,-2.33
IN,DIVISLAB,2017-06-01,,0.0,PEAD_Q5,63,18.26
IN,INDHOTEL,2017-06-02,,0.0,PEAD_Q5,63,-13.4
IN,A2ZINFRA,2017-06-06,,0.0,PEAD_Q5,63,-8.46
IN,ESCORTS,2017-06-07,,0.0,PEAD_Q5,63,-12.58
IN,ANANTRAJ,2017-06-07,,0.0,PEAD_Q5,63,-3.43
IN,APARINDS,2017-06-07,,0.0,PEAD_Q5,63,-7.12
IN,ASIANTILES,2017-06-07,,0.0,PEAD_Q5,63,15.03
IN,APOLLOHOSP,2017-06-07,,0.0,PEAD_Q5,63,-15.52
IN,ECLERX,2017-06-07,,0.0,PEAD_Q5,63,-4.49
IN,NATHBIOGEN,2017-06-09,,0.0,PEAD_Q5,63,21.21
IN,STCINDIA,2017-06-12,,0.0,PEAD_Q5,63,-3.39
IN,HINDOILEXP,2017-06-12,,0.0,PEAD_Q5,63,36.92
IN,HINDZINC,2017-06-12,,0.0,PEAD_Q5,63,28.33
IN,IFCI,2017-06-12,,0.0,PEAD_Q5,63,-4.97
IN,REPCOHOME,2017-06-13,,0.0,PEAD_Q5,63,-26.65
IN,TALWALKARS,2017-06-13,,0.0,PEAD_Q5,63,0.55
IN,SUPRAJIT,2017-06-13,,0.0,PEAD_Q5,63,2.86
IN,KOLTEPATIL,2017-06-14,,0.0,PEAD_Q5,63,8.54
IN,KWALITY,2017-06-14,,0.0,PEAD_Q5,63,-16.09
IN,LUPIN,2017-06-14,,0.0,PEAD_Q5,63,-14.97
IN,OIL,2017-06-14,,0.0,PEAD_Q5,63,8.12
IN,JSL,2017-06-14,,0.0,PEAD_Q5,63,57.29
IN,SATIN,2017-06-14,,0.0,PEAD_Q5,63,13.23
IN,SCI,2017-06-15,,0.0,PEAD_Q5,63,7.81
IN,SANGHIIND,2017-06-15,,0.0,PEAD_Q5,63,-0.22
IN,MADHUCON,2017-06-15,,0.0,PEAD_Q5,63,-24.42
IN,MMTC,2017-06-16,,0.0,PEAD_Q5,63,-2.05
IN,MHRIL,2017-06-16,,0.0,PEAD_Q5,63,-12.35
IN,MCLEODRUSS,2017-06-16,,0.0,PEAD_Q5,63,-5.35
IN,MANINDS,2017-06-16,,0.0,PEAD_Q5,63,11.62
IN,GINNIFILA,2017-06-19,,0.0,PEAD_Q5,63,-17.27
IN,IGARASHI,2017-06-19,,0.0,PEAD_Q5,63,-7.62
IN,J&KBANK,2017-06-19,,0.0,PEAD_Q5,63,-15.27
IN,GABRIEL,2017-06-19,,0.0,PEAD_Q5,63,40.37
IN,EVERESTIND,2017-06-19,,0.0,PEAD_Q5,63,-6.99
IN,AXISCADES,2017-06-19,,0.0,PEAD_Q5,63,-9.73
IN,GRAPHITE,2017-06-20,,0.0,PEAD_Q5,63,162.27
IN,ZUARI,2017-06-20,,0.0,PEAD_Q5,63,19.42
IN,NBCC,2017-06-20,,0.0,PEAD_Q5,63,6.38
IN,WABAG,2017-06-20,,0.0,PEAD_Q5,63,-11.69
IN,KARURVYSYA,2017-06-20,,0.0,PEAD_Q5,63,6.39
IN,VRLLOG,2017-06-20,,0.0,PEAD_Q5,63,12.48
IN,SUNTV,2017-06-20,,0.0,PEAD_Q5,63,-0.44
IN,PRABHAT,2017-06-21,,0.0,PEAD_Q5,63,3.76
IN,GOACARBON,2017-06-21,,0.0,PEAD_Q5,63,75.95
IN,KCP,2017-06-21,,0.0,PEAD_Q5,63,9.89
IN,GRAVITA,2017-06-21,,0.0,PEAD_Q5,63,67.29
IN,BIL,2017-06-21,,0.0,PEAD_Q5,63,8.3
IN,TRF,2017-06-21,,0.0,PEAD_Q5,63,3.48
IN,TATASTEEL,2017-06-21,,0.0,PEAD_Q5,63,32.73
IN,THOMASCOOK,2017-06-21,,0.0,PEAD_Q5,63,5.56
IN,RPPINFRA,2017-06-21,,0.0,PEAD_Q5,63,8.33
IN,SREINFRA,2017-06-21,,0.0,PEAD_Q5,63,-11.34
IN,TVSSRICHAK,2017-06-21,,0.0,PEAD_Q5,63,-20.78
IN,KRIDHANINF,2017-06-21,,0.0,PEAD_Q5,63,14.31
IN,NIITLTD,2017-06-21,,0.0,PEAD_Q5,63,16.83
IN,HINDALCO,2017-06-21,,0.0,PEAD_Q5,63,24.42
IN,HEG,2017-06-21,,0.0,PEAD_Q5,63,213.26
IN,GUFICBIO,2017-06-21,,0.0,PEAD_Q5,63,2.53
IN,GULFOILLUB,2017-06-21,,0.0,PEAD_Q5,63,-3.72
IN,VINATIORGA,2017-06-21,,0.0,PEAD_Q5,63,-2.1
IN,VISAKAIND,2017-06-21,,0.0,PEAD_Q5,63,12.68
IN,VOLTAMP,2017-06-21,,0.0,PEAD_Q5,63,-10.76
IN,ORIENTPPR,2017-06-22,,0.0,PEAD_Q5,63,18.19
IN,VETO,2017-06-23,,0.0,PEAD_Q5,63,8.6
IN,CYIENT,2017-06-27,,0.0,PEAD_Q5,63,3.22
IN,INFY,2017-07-19,,0.0,PEAD_Q5,63,-5.4
IN,JUBLFOOD,2017-07-19,,0.0,PEAD_Q5,63,18.58
IN,BEPL,2017-07-19,,0.0,PEAD_Q5,63,39.0
IN,NTPC,2017-08-03,,0.0,PEAD_Q5,63,3.88
IN,SYNGENE,2017-08-03,,0.0,PEAD_Q5,63,6.84
IN,EXIDEIND,2017-08-03,,0.0,PEAD_Q5,63,-8.6
IN,NAUKRI,2017-08-07,,0.0,PEAD_Q5,63,16.79
IN,EQUITAS,2017-08-07,,0.0,PEAD_Q5,63,-18.47
IN,JMFINANCIL,2017-08-07,,0.0,PEAD_Q5,63,26.58
IN,IMFA,2017-08-07,,0.0,PEAD_Q5,63,12.87
IN,AMBUJACEM,2017-08-08,,0.0,PEAD_Q5,63,-1.15
IN,BATAINDIA,2017-08-08,,0.0,PEAD_Q5,63,27.02
IN,RADICO,2017-08-08,,0.0,PEAD_Q5,63,43.91
IN,JPINFRATEC,2017-08-08,,0.0,PEAD_Q5,63,-39.42
IN,SUNDARMFIN,2017-08-08,,0.0,PEAD_Q5,63,8.16
IN,BANCOINDIA,2017-08-09,,0.0,PEAD_Q5,63,-1.08
IN,JKPAPER,2017-08-09,,0.0,PEAD_Q5,63,34.61
IN,BEL,2017-08-09,,0.0,PEAD_Q5,63,11.66
IN,HEXAWARE,2017-08-09,,0.0,PEAD_Q5,63,30.36
IN,MRPL,2017-08-09,,0.0,PEAD_Q5,63,-6.03
IN,BERGEPAINT,2017-08-10,,0.0,PEAD_Q5,63,0.69
IN,BAJAJHLDNG,2017-08-21,,0.0,PEAD_Q5,63,8.98
IN,EICHERMOT,2017-08-22,,0.0,PEAD_Q5,63,-2.58
IN,INOXWIND,2017-08-22,,0.0,PEAD_Q5,63,8.7
IN,CHENNPETRO,2017-08-22,,0.0,PEAD_Q5,63,2.99
IN,VBL,2017-08-22,,0.0,PEAD_Q5,63,-9.03
IN,SRIPIPES,2017-08-22,,0.0,PEAD_Q5,63,6.03
IN,PAGEIND,2017-08-22,,0.0,PEAD_Q5,63,30.79
IN,HUBTOWN,2017-08-22,,0.0,PEAD_Q5,63,9.69
IN,KOHINOOR,2017-08-22,,0.0,PEAD_Q5,63,5.63
IN,DCMSHRIRAM,2017-08-22,,0.0,PEAD_Q5,63,38.82
IN,APTECHT,2017-08-22,,0.0,PEAD_Q5,63,29.3
IN,EIHOTEL,2017-08-22,,0.0,PEAD_Q5,63,14.76
IN,TECHM,2017-08-22,,0.0,PEAD_Q5,63,9.84
IN,KAYA,2017-08-22,,0.0,PEAD_Q5,63,2.82
IN,JSLHISAR,2017-08-23,,0.0,PEAD_Q5,63,17.66
IN,TTKPRESTIG,2017-08-23,,0.0,PEAD_Q5,63,6.45
IN,BPCL,2017-08-23,,0.0,PEAD_Q5,63,-0.89
IN,SUNTECK,2017-08-23,,0.0,PEAD_Q5,63,49.82
IN,NH,2017-08-23,,0.0,PEAD_Q5,63,-2.4
IN,JAGRAN,2017-08-23,,0.0,PEAD_Q5,63,-5.94
IN,GUJALKALI,2017-08-23,,0.0,PEAD_Q5,63,90.09
IN,WELCORP,2017-08-23,,0.0,PEAD_Q5,63,4.85
IN,HINDPETRO,2017-08-23,,0.0,PEAD_Q5,63,-7.2
IN,RAIN,2017-08-24,,0.0,PEAD_Q5,63,125.4
IN,BALAJITELE,2017-08-24,,0.0,PEAD_Q5,63,-0.86
IN,HDIL,2017-08-24,,0.0,PEAD_Q5,63,1.06
IN,SUNFLAG,2017-08-28,,0.0,PEAD_Q5,63,25.48
IN,RKFORGE,2017-08-28,,0.0,PEAD_Q5,63,37.88
IN,DOLLAR,2017-08-29,,0.0,PEAD_Q5,63,1.05
IN,GOKEX,2017-08-29,,0.0,PEAD_Q5,63,46.14
IN,SADBHAV,2017-08-29,,0.0,PEAD_Q5,63,37.11
IN,ATULAUTO,2017-08-29,,0.0,PEAD_Q5,63,-4.42
IN,UNITECH,2017-08-29,,0.0,PEAD_Q5,63,-14.29
IN,NLCINDIA,2017-09-04,,0.0,PEAD_Q5,63,6.46
IN,MOIL,2017-09-05,,0.0,PEAD_Q5,63,17.08
IN,GREAVESCOT,2017-09-05,,0.0,PEAD_Q5,63,-23.96
IN,RAMKY,2017-09-05,,0.0,PEAD_Q5,63,153.93
IN,RBL,2017-09-05,,0.0,PEAD_Q5,63,-3.35
IN,SURYAROSNI,2017-09-05,,0.0,PEAD_Q5,63,16.49
IN,SNOWMAN,2017-09-05,,0.0,PEAD_Q5,63,5.64
IN,SCHAND,2017-09-05,,0.0,PEAD_Q5,63,-4.09
IN,DBREALTY,2017-09-05,,0.0,PEAD_Q5,63,-11.66
IN,LEEL,2017-09-05,,0.0,PEAD_Q5,63,22.93
IN,BOMDYEING,2017-09-05,,0.0,PEAD_Q5,63,45.0
IN,UJAAS,2017-09-05,,0.0,PEAD_Q5,63,1.85
IN,TVTODAY,2017-09-05,,0.0,PEAD_Q5,63,45.0
IN,EMKAY,2017-09-05,,0.0,PEAD_Q5,63,-20.42
IN,HFCL,2017-09-05,,0.0,PEAD_Q5,63,28.1
IN,KIRIINDUS,2017-09-05,,0.0,PEAD_Q5,63,34.78
IN,BODALCHEM,2017-09-05,,0.0,PEAD_Q5,63,-9.44
IN,BOSCHLTD,2017-09-05,,0.0,PEAD_Q5,63,-10.53
IN,NATIONALUM,2017-09-05,,0.0,PEAD_Q5,63,5.75
IN,JAMNAAUTO,2017-09-05,,0.0,PEAD_Q5,63,25.53
IN,SAIL,2017-09-05,,0.0,PEAD_Q5,63,25.6
IN,OFSS,2017-09-05,,0.0,PEAD_Q5,63,7.01
IN,NMDC,2017-09-05,,0.0,PEAD_Q5,63,-2.11
IN,BBTC,2017-09-05,,0.0,PEAD_Q5,63,41.85
IN,COALINDIA,2017-09-05,,0.0,PEAD_Q5,63,4.49
IN,CASTEXTECH,2017-09-05,,0.0,PEAD_Q5,63,-14.52
IN,CASTROLIND,2017-09-05,,0.0,PEAD_Q5,63,0.61
IN,HPL,2017-09-06,,0.0,PEAD_Q5,63,-4.72
IN,INDIAGLYCO,2017-09-06,,0.0,PEAD_Q5,63,87.69
IN,SAREGAMA,2017-09-06,,0.0,PEAD_Q5,63,56.78
IN,SHANKARA,2017-09-07,,0.0,PEAD_Q5,63,29.96
IN,RANEHOLDIN,2017-09-07,,0.0,PEAD_Q5,63,15.48
IN,MUKTAARTS,2017-09-07,,0.0,PEAD_Q5,63,4.17
IN,AJMERA,2017-09-07,,0.0,PEAD_Q5,63,67.04
IN,MAYURUNIQ,2017-09-07,,0.0,PEAD_Q5,63,37.38
IN,TNPL,2017-09-11,,0.0,PEAD_Q5,63,19.73
IN,JBMA,2017-09-11,,0.0,PEAD_Q5,63,2.37
IN,CEREBRAINT,2017-09-22,,0.0,PEAD_Q5,63,-2.5
IN,ORICONENT,2017-09-22,,0.0,PEAD_Q5,63,-4.98
IN,AIFL,2017-09-25,,0.0,PEAD_Q5,63,-5.49
IN,BFUTILITIE,2017-09-27,,0.0,PEAD_Q5,63,21.07
IN,HINDALCO,2017-09-28,,0.0,PEAD_Q5,63,14.72
IN,SKIPPER,2017-09-28,,0.0,PEAD_Q5,63,32.56
IN,PSPPROJECT,2017-10-05,,0.0,PEAD_Q5,63,46.48
IN,KTKBANK,2017-10-06,,0.0,PEAD_Q5,63,7.5
IN,MUKANDLTD,2017-10-06,,0.0,PEAD_Q5,63,-5.85
IN,SOUTHBANK,2017-10-13,,0.0,PEAD_Q5,63,1.08
IN,GOACARBON,2017-10-16,,0.0,PEAD_Q5,63,62.79
IN,NETWORK18,2017-10-17,,0.0,PEAD_Q5,63,13.47
IN,ATUL,2017-10-19,,0.0,PEAD_Q5,63,22.05
IN,RELIANCE,2017-10-19,,0.0,PEAD_Q5,63,1.08
IN,ULTRACEMCO,2017-10-26,,0.0,PEAD_Q5,63,-4.48
IN,AXISBANK,2017-10-26,,0.0,PEAD_Q5,63,25.53
IN,CHAMBLFERT,2017-10-30,,0.0,PEAD_Q5,63,4.48
IN,VGUARD,2017-10-31,,0.0,PEAD_Q5,63,5.98
IN,RAYMOND,2017-10-31,,0.0,PEAD_Q5,63,20.92
IN,ENGINERSIN,2017-10-31,,0.0,PEAD_Q5,63,-6.79
IN,PIIND,2017-10-31,,0.0,PEAD_Q5,63,11.45
IN,EMAMILTD,2017-10-31,,0.0,PEAD_Q5,63,-9.19
IN,COROMANDEL,2017-10-31,,0.0,PEAD_Q5,63,2.75
IN,HCL-INSYS,2017-11-01,,0.0,PEAD_Q5,63,13.41
IN,EDELWEISS,2017-11-01,,0.0,PEAD_Q5,63,-0.57
IN,GLAXO,2017-11-02,,0.0,PEAD_Q5,63,-6.6
IN,HINDOILEXP,2017-11-02,,0.0,PEAD_Q5,63,31.4
IN,TATAMETALI,2017-11-02,,0.0,PEAD_Q5,63,8.8
IN,MUNJALSHOW,2017-11-02,,0.0,PEAD_Q5,63,-9.11
IN,TATACOMM,2017-11-02,,0.0,PEAD_Q5,63,-8.46
IN,LUPIN,2017-11-03,,0.0,PEAD_Q5,63,-19.16
IN,ALEMBICLTD,2017-11-03,,0.0,PEAD_Q5,63,41.77
IN,ICICIBANK,2017-11-03,,0.0,PEAD_Q5,63,6.08
IN,AUBANK,2017-11-03,,0.0,PEAD_Q5,63,3.95
IN,CHOLAFIN,2017-11-03,,0.0,PEAD_Q5,63,2.67
IN,JSWSTEEL,2017-11-03,,0.0,PEAD_Q5,63,12.15
IN,HDFC,2017-11-03,,0.0,PEAD_Q5,63,7.18
IN,WOCKPHARMA,2017-11-03,,0.0,PEAD_Q5,63,8.67
IN,SYMPHONY,2017-11-03,,0.0,PEAD_Q5,63,13.35
IN,REDINGTON,2017-11-06,,0.0,PEAD_Q5,63,-16.23
IN,SANOFI,2017-11-06,,0.0,PEAD_Q5,63,7.74
IN,DIVISLAB,2017-11-06,,0.0,PEAD_Q5,63,-1.37
IN,ZEEMEDIA,2017-11-07,,0.0,PEAD_Q5,63,-6.05
IN,UJJIVAN,2017-11-07,,0.0,PEAD_Q5,63,-4.64
IN,MAXVIL,2017-11-07,,0.0,PEAD_Q5,63,-7.32
IN,RAMCOCEM,2017-11-07,,0.0,PEAD_Q5,63,2.76
IN,APOLLOTYRE,2017-11-07,,0.0,PEAD_Q5,63,5.95
IN,CERA,2017-11-08,,0.0,PEAD_Q5,63,-1.17
IN,HEG,2017-11-08,,0.0,PEAD_Q5,63,40.04
IN,APARINDS,2017-11-08,,0.0,PEAD_Q5,63,-4.34
IN,TVSMOTOR,2017-11-08,,0.0,PEAD_Q5,63,-6.52
IN,TANLA,2017-11-08,,0.0,PEAD_Q5,63,-2.03
IN,KITEX,2017-11-09,,0.0,PEAD_Q5,63,-5.66
IN,TITAN,2017-11-10,,0.0,PEAD_Q5,63,1.89
IN,VRLLOG,2017-11-10,,0.0,PEAD_Q5,63,8.62
IN,GULFOILLUB,2017-11-10,,0.0,PEAD_Q5,63,22.21
IN,GSKCONS,2017-11-10,,0.0,PEAD_Q5,63,0.43
IN,INDIANB,2017-11-10,,0.0,PEAD_Q5,63,-16.28
IN,LTTS,2017-11-13,,0.0,PEAD_Q5,63,59.81
IN,VIPIND,2017-11-13,,0.0,PEAD_Q5,63,12.77
IN,PRESTIGE,2017-11-13,,0.0,PEAD_Q5,63,6.45
IN,BHEL,2017-11-13,,0.0,PEAD_Q5,63,9.06
IN,PIDILITIND,2017-11-14,,0.0,PEAD_Q5,63,8.92
IN,MAHSEAMLES,2017-11-14,,0.0,PEAD_Q5,63,11.23
IN,CUB,2017-11-14,,0.0,PEAD_Q5,63,1.94
IN,BALKRISIND,2017-11-14,,0.0,PEAD_Q5,63,13.85
IN,BAJAJELEC,2017-11-15,,0.0,PEAD_Q5,63,23.41
IN,JINDALSTEL,2017-11-15,,0.0,PEAD_Q5,63,64.71
IN,ALKEM,2017-11-15,,0.0,PEAD_Q5,63,6.92
IN,ENDURANCE,2017-11-15,,0.0,PEAD_Q5,63,5.52
IN,IGARASHI,2017-11-17,,0.0,PEAD_Q5,63,-4.86
IN,INDIACEM,2017-11-17,,0.0,PEAD_Q5,63,-9.4
IN,BRFL,2017-11-22,,0.0,PEAD_Q5,63,-62.39
IN,AHLUCONT,2017-11-22,,0.0,PEAD_Q5,63,-0.13
IN,FEL,2017-11-23,,0.0,PEAD_Q5,63,-20.04
IN,GITANJALI,2017-11-23,,0.0,PEAD_Q5,63,-72.86
IN,GILLETTE,2017-11-23,,0.0,PEAD_Q5,63,4.74
IN,AVANTIFEED,2017-11-23,,0.0,PEAD_Q5,63,-10.13
IN,BGRENERGY,2017-11-23,,0.0,PEAD_Q5,63,-13.43
IN,PRICOLLTD,2017-11-23,,0.0,PEAD_Q5,63,-13.21
IN,JPASSOCIAT,2017-11-23,,0.0,PEAD_Q5,63,2.13
IN,OIL,2017-11-23,,0.0,PEAD_Q5,63,-5.27
IN,JISLJALEQS,2017-11-23,,0.0,PEAD_Q5,63,4.94
IN,JINDALPOLY,2017-11-23,,0.0,PEAD_Q5,63,-10.88
IN,JAICORPLTD,2017-11-23,,0.0,PEAD_Q5,63,0.71
IN,VMART,2017-11-23,,0.0,PEAD_Q5,63,22.14
IN,TRENT,2017-11-23,,0.0,PEAD_Q5,63,-9.34
IN,TIMKEN,2017-11-23,,0.0,PEAD_Q5,63,-0.58
IN,SATIN,2017-11-23,,0.0,PEAD_Q5,63,20.18
IN,APOLLOHOSP,2017-11-23,,0.0,PEAD_Q5,63,8.08
IN,ASHOKA,2017-11-23,,0.0,PEAD_Q5,63,-6.0
IN,ACE,2017-11-23,,0.0,PEAD_Q5,63,27.92
IN,COX&KINGS,2017-11-23,,0.0,PEAD_Q5,63,-6.02
IN,CEATLTD,2017-11-23,,0.0,PEAD_Q5,63,-10.79
IN,SHILPAMED,2017-11-23,,0.0,PEAD_Q5,63,-32.48
IN,PURVA,2017-11-23,,0.0,PEAD_Q5,63,-1.51
IN,PARAGMILK,2017-11-23,,0.0,PEAD_Q5,63,20.35
IN,PRABHAT,2017-11-23,,0.0,PEAD_Q5,63,10.08
IN,VLSFINANCE,2017-11-23,,0.0,PEAD_Q5,63,-12.1
IN,SUNPHARMA,2017-11-23,,0.0,PEAD_Q5,63,4.57
IN,SUNTV,2017-11-23,,0.0,PEAD_Q5,63,5.62
IN,GENUSPOWER,2017-11-23,,0.0,PEAD_Q5,63,8.94
IN,PENIND,2017-11-23,,0.0,PEAD_Q5,63,-8.34
IN,FDC,2017-11-23,,0.0,PEAD_Q5,63,37.08
IN,MOREPENLAB,2017-11-24,,0.0,PEAD_Q5,63,62.11
IN,MASFIN,2017-11-24,,0.0,PEAD_Q5,63,-3.24
IN,BEL,2017-11-24,,0.0,PEAD_Q5,63,-15.95
IN,AUTOAXLES,2017-11-24,,0.0,PEAD_Q5,63,16.78
IN,SRF,2017-11-24,,0.0,PEAD_Q5,63,4.23
IN,ROLTA,2017-11-24,,0.0,PEAD_Q5,63,21.04
IN,KOLTEPATIL,2017-11-24,,0.0,PEAD_Q5,63,8.97
IN,KWALITY,2017-11-24,,0.0,PEAD_Q5,63,-19.86
IN,MANINDS,2017-11-24,,0.0,PEAD_Q5,63,12.17
IN,VIKASECO,2017-11-24,,0.0,PEAD_Q5,63,37.1
IN,RENUKA,2017-11-24,,0.0,PEAD_Q5,63,-10.7
IN,PCJEWELLER,2017-11-24,,0.0,PEAD_Q5,63,-13.05
IN,PANACEABIO,2017-11-24,,0.0,PEAD_Q5,63,9.75
IN,JKPAPER,2017-11-24,,0.0,PEAD_Q5,63,14.89
IN,JKIL,2017-11-24,,0.0,PEAD_Q5,63,9.03
IN,INDHOTEL,2017-11-24,,0.0,PEAD_Q5,63,10.02
IN,IFCI,2017-11-24,,0.0,PEAD_Q5,63,-5.08
IN,FCONSUMER,2017-11-27,,0.0,PEAD_Q5,63,-3.7
IN,BANCOINDIA,2017-11-27,,0.0,PEAD_Q5,63,-10.87
IN,TCI,2017-11-27,,0.0,PEAD_Q5,63,-9.76
IN,BAJAJHIND,2017-11-27,,0.0,PEAD_Q5,63,-17.26
IN,ARROWGREEN,2017-11-27,,0.0,PEAD_Q5,63,-23.16
IN,JHS,2017-11-27,,0.0,PEAD_Q5,63,-9.49
IN,GENESYS,2017-11-27,,0.0,PEAD_Q5,63,-20.3
IN,ZENTEC,2017-11-27,,0.0,PEAD_Q5,63,3.56
IN,KAMATHOTEL,2017-11-27,,0.0,PEAD_Q5,63,-13.06
IN,SIS,2017-11-28,,0.0,PEAD_Q5,63,1.76
IN,ASIANTILES,2017-11-28,,0.0,PEAD_Q5,63,-3.06
IN,ORISSAMINE,2017-11-28,,0.0,PEAD_Q5,63,-15.93
IN,VIDEOIND,2017-11-28,,0.0,PEAD_Q5,63,4.27
IN,BBL,2017-11-29,,0.0,PEAD_Q5,63,52.97
IN,KAKATCEM,2017-12-04,,0.0,PEAD_Q5,63,-32.54
IN,SETCO,2017-12-06,,0.0,PEAD_Q5,63,10.46
IN,BPL,2017-12-14,,0.0,PEAD_Q5,63,-13.92
IN,TALWALKARS,2017-12-20,,0.0,PEAD_Q5,63,-20.65
IN,SPMLINFRA,2017-12-20,,0.0,PEAD_Q5,63,-39.72
IN,BODALCHEM,2017-12-20,,0.0,PEAD_Q5,63,-29.77
IN,NILAINFRA,2017-12-20,,0.0,PEAD_Q5,63,-27.73
IN,EKC,2017-12-20,,0.0,PEAD_Q5,63,-40.35
IN,AXISCADES,2017-12-20,,0.0,PEAD_Q5,63,-33.73
IN,ASHAPURMIN,2017-12-20,,0.0,PEAD_Q5,63,-36.75
IN,GUFICBIO,2017-12-28,,0.0,PEAD_Q5,63,-11.74
IN,JPINFRATEC,2017-12-28,,0.0,PEAD_Q5,63,-59.35
IN,DIAMONDYD,2017-12-28,,0.0,PEAD_Q5,63,5.21
IN,GMBREW,2018-01-09,,0.0,PEAD_Q5,63,-6.47
IN,PRAKASH,2018-01-11,,0.0,PEAD_Q5,63,-10.83
IN,DCMSHRIRAM,2018-01-24,,0.0,PEAD_Q5,63,-44.2
IN,LUXIND,2018-01-24,,0.0,PEAD_Q5,63,21.91
IN,HCLTECH,2018-01-25,,0.0,PEAD_Q5,63,-0.9
IN,HAVELLS,2018-01-25,,0.0,PEAD_Q5,63,-6.46
IN,DEN,2018-01-25,,0.0,PEAD_Q5,63,-10.49
IN,DELTACORP,2018-01-25,,0.0,PEAD_Q5,63,-29.79
IN,DEEPAKNTR,2018-01-29,,0.0,PEAD_Q5,63,-6.56
IN,NUCLEUS,2018-01-29,,0.0,PEAD_Q5,63,0.81
IN,KIRLOSBROS,2018-01-31,,0.0,PEAD_Q5,63,-20.39
IN,ELGIEQUIP,2018-02-01,,0.0,PEAD_Q5,63,-16.14
IN,IDFC,2018-02-01,,0.0,PEAD_Q5,63,0.99
IN,INOXLEISUR,2018-02-01,,0.0,PEAD_Q5,63,5.77
IN,MPHASIS,2018-02-01,,0.0,PEAD_Q5,63,10.22
IN,CROMPTON,2018-02-01,,0.0,PEAD_Q5,63,-1.34
IN,PFIZER,2018-02-01,,0.0,PEAD_Q5,63,4.98
IN,SHANKARA,2018-02-06,,0.0,PEAD_Q5,63,14.14
IN,SASKEN,2018-02-06,,0.0,PEAD_Q5,63,50.13
IN,SHAKTIPUMP,2018-02-06,,0.0,PEAD_Q5,63,27.1
IN,TECHM,2018-02-06,,0.0,PEAD_Q5,63,9.85
IN,LAKSHVILAS,2018-02-06,,0.0,PEAD_Q5,63,-24.39
IN,SAREGAMA,2018-02-06,,0.0,PEAD_Q5,63,16.39
IN,JAGRAN,2018-02-06,,0.0,PEAD_Q5,63,1.41
IN,ROHLTD,2018-02-07,,0.0,PEAD_Q5,63,5.61
IN,POWERGRID,2018-02-07,,0.0,PEAD_Q5,63,6.93
IN,PENINLAND,2018-02-14,,0.0,PEAD_Q5,63,-35.91
IN,PIIND,2018-02-14,,0.0,PEAD_Q5,63,2.68
IN,SICAL,2018-02-14,,0.0,PEAD_Q5,63,-14.24
IN,RAMCOCEM,2018-02-14,,0.0,PEAD_Q5,63,14.35
IN,RECLTD,2018-02-14,,0.0,PEAD_Q5,63,-27.5
IN,RPGLIFE,2018-02-14,,0.0,PEAD_Q5,63,-22.62
IN,RTNPOWER,2018-02-14,,0.0,PEAD_Q5,63,-28.91
IN,RUSHIL,2018-02-14,,0.0,PEAD_Q5,63,-26.0
IN,SDBL,2018-02-14,,0.0,PEAD_Q5,63,5.6
IN,VINDHYATEL,2018-02-14,,0.0,PEAD_Q5,63,-7.44
IN,SRIPIPES,2018-02-14,,0.0,PEAD_Q5,63,-16.09
IN,SUBEX,2018-02-14,,0.0,PEAD_Q5,63,-30.96
IN,SUNDRMFAST,2018-02-14,,0.0,PEAD_Q5,63,11.78
IN,UNIONBANK,2018-02-14,,0.0,PEAD_Q5,63,-31.31
IN,USHAMART,2018-02-14,,0.0,PEAD_Q5,63,-0.22
IN,UBL,2018-02-14,,0.0,PEAD_Q5,63,7.36
IN,WIPRO,2018-02-15,,0.0,PEAD_Q5,63,-9.45
IN,QUICKHEAL,2018-02-15,,0.0,PEAD_Q5,63,-2.9
IN,OCL,2018-02-15,,0.0,PEAD_Q5,63,-5.13
IN,SYNGENE,2018-02-15,,0.0,PEAD_Q5,63,0.15
IN,SYMPHONY,2018-02-15,,0.0,PEAD_Q5,63,-6.04
IN,SUVEN,2018-02-15,,0.0,PEAD_Q5,63,-8.55
IN,RAMKY,2018-02-16,,0.0,PEAD_Q5,63,-22.12
IN,PRESTIGE,2018-02-16,,0.0,PEAD_Q5,63,-15.92
IN,TVTODAY,2018-02-16,,0.0,PEAD_Q5,63,-3.92
IN,GUJALKALI,2018-02-16,,0.0,PEAD_Q5,63,-18.1
IN,PAGEIND,2018-02-16,,0.0,PEAD_Q5,63,5.36
IN,GESHIP,2018-02-16,,0.0,PEAD_Q5,63,-13.97
IN,MANAPPURAM,2018-02-16,,0.0,PEAD_Q5,63,3.82
IN,HUDCO,2018-02-19,,0.0,PEAD_Q5,63,-30.56
IN,HINDALCO,2018-02-19,,0.0,PEAD_Q5,63,-7.11
IN,IDBI,2018-02-20,,0.0,PEAD_Q5,63,0.98
IN,IGARASHI,2018-02-20,,0.0,PEAD_Q5,63,-4.08
IN,ZUARI,2018-02-21,,0.0,PEAD_Q5,63,-23.46
IN,POWERMECH,2018-02-23,,0.0,PEAD_Q5,63,3.04
IN,PGEL,2018-02-23,,0.0,PEAD_Q5,63,-14.07
IN,SUNFLAG,2018-02-26,,0.0,PEAD_Q5,63,-18.27
IN,SUNPHARMA,2018-02-26,,0.0,PEAD_Q5,63,-11.04
IN,SUPRAJIT,2018-02-26,,0.0,PEAD_Q5,63,1.81
IN,SURYAROSNI,2018-02-26,,0.0,PEAD_Q5,63,-16.22
IN,SSWL,2018-02-26,,0.0,PEAD_Q5,63,32.71
IN,SYNDIBANK,2018-02-26,,0.0,PEAD_Q5,63,-18.41
IN,GDL,2018-02-27,,0.0,PEAD_Q5,63,-11.4
IN,GODFRYPHLP,2018-02-27,,0.0,PEAD_Q5,63,-14.83
IN,GENESYS,2018-02-27,,0.0,PEAD_Q5,63,-13.72
IN,WELENT,2018-02-27,,0.0,PEAD_Q5,63,11.22
IN,VIDHIING,2018-02-27,,0.0,PEAD_Q5,63,-7.68
IN,VIKASECO,2018-02-27,,0.0,PEAD_Q5,63,-25.71
IN,FINPIPE,2018-02-27,,0.0,PEAD_Q5,63,-4.53
IN,NCC,2018-02-28,,0.0,PEAD_Q5,63,-8.81
IN,SANOFI,2018-02-28,,0.0,PEAD_Q5,63,-2.12
IN,NITCO,2018-02-28,,0.0,PEAD_Q5,63,-34.0
IN,MOHITIND,2018-02-28,,0.0,PEAD_Q5,63,-55.66
IN,MONNETISPA,2018-02-28,,0.0,PEAD_Q5,63,-33.89
IN,VADILALIND,2018-02-28,,0.0,PEAD_Q5,63,-15.57
IN,MAXVIL,2018-02-28,,0.0,PEAD_Q5,63,-13.18
IN,MERCATOR,2018-02-28,,0.0,PEAD_Q5,63,-33.33
IN,INDIANB,2018-03-05,,0.0,PEAD_Q5,63,8.0
IN,HONDAPOWER,2018-03-05,,0.0,PEAD_Q5,63,-11.06
IN,JSLHISAR,2018-03-05,,0.0,PEAD_Q5,63,-10.85
IN,INFINITE,2018-03-05,,0.0,PEAD_Q5,63,-14.74
IN,INOXWIND,2018-03-05,,0.0,PEAD_Q5,63,-31.7
IN,IPCALAB,2018-03-05,,0.0,PEAD_Q5,63,-5.18
IN,ISFT,2018-03-05,,0.0,PEAD_Q5,63,-39.23
IN,ITI,2018-03-05,,0.0,PEAD_Q5,63,-35.67
IN,JAMNAAUTO,2018-03-05,,0.0,PEAD_Q5,63,7.31
IN,JKTYRE,2018-03-05,,0.0,PEAD_Q5,63,-22.07
IN,RAIN,2018-03-09,,0.0,PEAD_Q5,63,-41.61
IN,DOLPHINOFF,2018-03-14,,0.0,PEAD_Q5,63,-15.93
IN,CHAMBLFERT,2018-03-14,,0.0,PEAD_Q5,63,-0.28
IN,CGPOWER,2018-03-14,,0.0,PEAD_Q5,63,-31.03
IN,CAPACITE,2018-03-14,,0.0,PEAD_Q5,63,-11.43
IN,CAMLINFINE,2018-03-14,,0.0,PEAD_Q5,63,-14.49
IN,WEBELSOLAR,2018-03-14,,0.0,PEAD_Q5,63,-45.01
IN,BLKASHYAP,2018-03-14,,0.0,PEAD_Q5,63,-0.95
IN,BUTTERFLY,2018-03-14,,0.0,PEAD_Q5,63,-24.18
IN,ABAN,2018-03-15,,0.0,PEAD_Q5,63,-22.34
IN,BFUTILITIE,2018-03-15,,0.0,PEAD_Q5,63,-14.68
IN,AARTIIND,2018-03-15,,0.0,PEAD_Q5,63,10.89
IN,BALRAMCHIN,2018-03-15,,0.0,PEAD_Q5,63,-14.95
IN,BFINVEST,2018-03-15,,0.0,PEAD_Q5,63,-10.48
IN,63MOONS,2018-03-15,,0.0,PEAD_Q5,63,-19.03
IN,AVTNPL,2018-03-15,,0.0,PEAD_Q5,63,-14.77
IN,BAJAJELEC,2018-03-15,,0.0,PEAD_Q5,63,-12.22
IN,BALAMINES,2018-03-15,,0.0,PEAD_Q5,63,-4.35
IN,AVANTIFEED,2018-03-15,,0.0,PEAD_Q5,63,-22.14
IN,AJANTPHARM,2018-03-20,,0.0,PEAD_Q5,63,-23.71
IN,AHLUCONT,2018-03-20,,0.0,PEAD_Q5,63,-10.43
IN,ALEMBICLTD,2018-03-20,,0.0,PEAD_Q5,63,-30.47
IN,APLLTD,2018-03-20,,0.0,PEAD_Q5,63,-3.62
IN,COCHINSHIP,2018-03-20,,0.0,PEAD_Q5,63,-8.59
IN,EXCELINDUS,2018-03-20,,0.0,PEAD_Q5,63,55.93
IN,LASA,2018-03-20,,0.0,PEAD_Q5,63,-60.42
IN,CRISIL,2018-03-20,,0.0,PEAD_Q5,63,-10.8
IN,KHADIM,2018-03-20,,0.0,PEAD_Q5,63,17.94
IN,APARINDS,2018-03-20,,0.0,PEAD_Q5,63,-3.78
IN,ADVENZYMES,2018-03-20,,0.0,PEAD_Q5,63,1.56
IN,ESTER,2018-03-20,,0.0,PEAD_Q5,63,-30.22
IN,ASHOKA,2018-03-20,,0.0,PEAD_Q5,63,-4.56
IN,DHANBANK,2018-03-22,,0.0,PEAD_Q5,63,-14.73
IN,DALMIASUG,2018-03-22,,0.0,PEAD_Q5,63,-22.04
IN,DHAMPURSUG,2018-03-22,,0.0,PEAD_Q5,63,-41.19
IN,TATAMETALI,2018-04-04,,0.0,PEAD_Q5,63,-10.41
IN,KIOCL,2018-04-04,,0.0,PEAD_Q5,63,-32.99
IN,ARIHANTSUP,2018-04-04,,0.0,PEAD_Q5,63,-44.38
IN,ASTRON,2018-04-04,,0.0,PEAD_Q5,63,-8.19
IN,ESCORTS,2018-04-04,,0.0,PEAD_Q5,63,-0.67
IN,INDUSINDBK,2018-05-22,,0.0,PEAD_Q5,63,4.57
IN,TVSMOTOR,2018-05-29,,0.0,PEAD_Q5,63,-4.38
IN,MANALIPETC,2018-05-29,,0.0,PEAD_Q5,63,-8.88
IN,CARBORUNIV,2018-05-29,,0.0,PEAD_Q5,63,6.32
IN,SYNDIBANK,2018-05-29,,0.0,PEAD_Q5,63,-21.7
IN,MOREPENLAB,2018-05-29,,0.0,PEAD_Q5,63,-7.96
IN,JSWENERGY,2018-05-29,,0.0,PEAD_Q5,63,-10.44
IN,HCC,2018-05-29,,0.0,PEAD_Q5,63,-7.99
IN,SUBEX,2018-05-29,,0.0,PEAD_Q5,63,-8.06
IN,ELECON,2018-05-29,,0.0,PEAD_Q5,63,-7.23
IN,ZEEMEDIA,2018-05-29,,0.0,PEAD_Q5,63,-9.3
IN,WELCORP,2018-05-29,,0.0,PEAD_Q5,63,20.58
IN,JINDALPOLY,2018-05-29,,0.0,PEAD_Q5,63,22.95
IN,TIRUMALCHM,2018-05-29,,0.0,PEAD_Q5,63,-7.84
IN,IOC,2018-05-29,,0.0,PEAD_Q5,63,-9.8
IN,ANDHRABANK,2018-05-29,,0.0,PEAD_Q5,63,-12.53
IN,WOCKPHARMA,2018-05-29,,0.0,PEAD_Q5,63,-6.3
IN,RIIL,2018-05-29,,0.0,PEAD_Q5,63,7.14
IN,HINDPETRO,2018-05-29,,0.0,PEAD_Q5,63,-18.46
IN,HTMEDIA,2018-05-30,,0.0,PEAD_Q5,63,-34.78
IN,INDIAGLYCO,2018-05-30,,0.0,PEAD_Q5,63,-11.94
IN,JBMA,2018-05-30,,0.0,PEAD_Q5,63,-13.62
IN,MAHLOG,2018-05-30,,0.0,PEAD_Q5,63,-3.73
IN,TATAPOWER,2018-05-30,,0.0,PEAD_Q5,63,-6.73
IN,VBL,2018-05-30,,0.0,PEAD_Q5,63,8.78
IN,LUPIN,2018-05-30,,0.0,PEAD_Q5,63,13.85
IN,MAITHANALL,2018-05-30,,0.0,PEAD_Q5,63,-13.04
IN,JUSTDIAL,2018-05-30,,0.0,PEAD_Q5,63,-5.17
IN,GRANULES,2018-05-30,,0.0,PEAD_Q5,63,40.76
IN,TRIVENI,2018-05-30,,0.0,PEAD_Q5,63,-16.56
IN,AVADHSUGAR,2018-05-30,,0.0,PEAD_Q5,63,-4.46
IN,JKPAPER,2018-05-30,,0.0,PEAD_Q5,63,23.43
IN,SCHNEIDER,2018-05-30,,0.0,PEAD_Q5,63,2.56
IN,TBZ,2018-05-30,,0.0,PEAD_Q5,63,-24.46
IN,GREAVESCOT,2018-05-30,,0.0,PEAD_Q5,63,11.56
IN,NAVKARCORP,2018-05-30,,0.0,PEAD_Q5,63,-21.8
IN,JMFINANCIL,2018-05-30,,0.0,PEAD_Q5,63,-10.74
IN,MRF,2018-05-30,,0.0,PEAD_Q5,63,-4.93
IN,MOTILALOFS,2018-05-30,,0.0,PEAD_Q5,63,-7.23
IN,EDELWEISS,2018-05-30,,0.0,PEAD_Q5,63,-16.34
IN,NRBBEARING,2018-05-30,,0.0,PEAD_Q5,63,5.57
IN,RADICO,2018-05-30,,0.0,PEAD_Q5,63,-1.04
IN,JINDWORLD,2018-05-30,,0.0,PEAD_Q5,63,-17.22
IN,NFL,2018-05-30,,0.0,PEAD_Q5,63,-6.31
IN,KTKBANK,2018-05-30,,0.0,PEAD_Q5,63,-1.03
IN,ENDURANCE,2018-05-30,,0.0,PEAD_Q5,63,16.81
IN,ASTEC,2018-05-30,,0.0,PEAD_Q5,63,-12.27
IN,MGL,2018-05-30,,0.0,PEAD_Q5,63,0.25
IN,ASTRAL,2018-05-31,,0.0,PEAD_Q5,63,8.87
IN,ECLERX,2018-05-31,,0.0,PEAD_Q5,63,-18.31
IN,EROSMEDIA,2018-05-31,,0.0,PEAD_Q5,63,-25.39
IN,INTELLECT,2018-06-08,,0.0,PEAD_Q5,63,27.73
IN,CYIENT,2018-06-08,,0.0,PEAD_Q5,63,9.1
IN,SASKEN,2018-06-11,,0.0,PEAD_Q5,63,-2.99
IN,PFIZER,2018-06-11,,0.0,PEAD_Q5,63,35.21
IN,HINDOILEXP,2018-06-12,,0.0,PEAD_Q5,63,17.1
IN,IEX,2018-06-12,,0.0,PEAD_Q5,63,6.06
IN,DCMSHRIRAM,2018-06-19,,0.0,PEAD_Q5,63,58.64
IN,EICHERMOT,2018-06-19,,0.0,PEAD_Q5,63,-5.14
IN,BLUEDART,2018-06-19,,0.0,PEAD_Q5,63,-15.9
IN,PGHH,2018-06-20,,0.0,PEAD_Q5,63,-3.0
IN,GHCL,2018-06-20,,0.0,PEAD_Q5,63,-17.84
IN,BALKRISIND,2018-06-21,,0.0,PEAD_Q5,63,-1.51
IN,JAICORPLTD,2018-06-22,,0.0,PEAD_Q5,63,-23.06
IN,KEI,2018-06-22,,0.0,PEAD_Q5,63,-22.03
IN,INOXWIND,2018-06-25,,0.0,PEAD_Q5,63,5.15
IN,KARURVYSYA,2018-06-25,,0.0,PEAD_Q5,63,-14.98
IN,HDFC,2018-06-25,,0.0,PEAD_Q5,63,-6.67
IN,CANFINHOME,2018-06-25,,0.0,PEAD_Q5,63,-31.4
IN,SARDAEN,2018-06-25,,0.0,PEAD_Q5,63,-11.63
IN,ASTRAMICRO,2018-06-25,,0.0,PEAD_Q5,63,-11.76
IN,SDBL,2018-06-25,,0.0,PEAD_Q5,63,-15.76
IN,ZENTEC,2018-06-25,,0.0,PEAD_Q5,63,-30.25
IN,WINDMACHIN,2018-06-26,,0.0,PEAD_Q5,63,-34.02
IN,RAMKY,2018-06-26,,0.0,PEAD_Q5,63,-5.32
IN,M&M,2018-06-26,,0.0,PEAD_Q5,63,-2.29
IN,RCF,2018-06-26,,0.0,PEAD_Q5,63,-12.55
IN,PAGEIND,2018-06-27,,0.0,PEAD_Q5,63,18.19
IN,BEML,2018-06-27,,0.0,PEAD_Q5,63,-27.47
IN,VAKRANGEE,2018-06-27,,0.0,PEAD_Q5,63,-53.29
IN,ANDHRSUGAR,2018-06-27,,0.0,PEAD_Q5,63,-2.29
IN,GRASIM,2018-06-27,,0.0,PEAD_Q5,63,-0.41
IN,AUROPHARMA,2018-06-28,,0.0,PEAD_Q5,63,28.14
IN,IPCALAB,2018-06-28,,0.0,PEAD_Q5,63,-2.52
IN,THOMASCOOK,2018-06-29,,0.0,PEAD_Q5,63,-19.6
IN,DBREALTY,2018-06-29,,0.0,PEAD_Q5,63,-49.4
IN,IZMO,2018-07-02,,0.0,PEAD_Q5,63,-8.28
IN,EKC,2018-07-03,,0.0,PEAD_Q5,63,-8.66
IN,EIHOTEL,2018-07-03,,0.0,PEAD_Q5,63,-7.46
IN,DATAMATICS,2018-07-03,,0.0,PEAD_Q5,63,1.41
IN,MANPASAND,2018-07-04,,0.0,PEAD_Q5,63,-42.41
IN,TORNTPHARM,2018-07-04,,0.0,PEAD_Q5,63,10.09
IN,BHARATFIN,2018-07-04,,0.0,PEAD_Q5,63,-17.24
IN,BOSCHLTD,2018-07-06,,0.0,PEAD_Q5,63,4.57
IN,TCS,2018-07-12,,0.0,PEAD_Q5,63,-0.46
IN,DBL,2018-07-26,,0.0,PEAD_Q5,63,-41.92
IN,TALWGYM,2018-08-02,,0.0,PEAD_Q5,63,-22.03
IN,BAJAJHLDNG,2018-08-03,,0.0,PEAD_Q5,63,-5.87
IN,ABAN,2018-08-03,,0.0,PEAD_Q5,63,-29.54
IN,ISEC,2018-08-03,,0.0,PEAD_Q5,63,-28.77
IN,SYMPHONY,2018-08-03,,0.0,PEAD_Q5,63,-13.16
IN,GNA,2018-08-06,,0.0,PEAD_Q5,63,-8.5
IN,EQUITAS,2018-08-06,,0.0,PEAD_Q5,63,-26.44
IN,BASF,2018-08-06,,0.0,PEAD_Q5,63,-18.1
IN,GLAXO,2018-08-06,,0.0,PEAD_Q5,63,-14.23
IN,GOACARBON,2018-08-06,,0.0,PEAD_Q5,63,-13.05
IN,BALMLAWRIE,2018-08-06,,0.0,PEAD_Q5,63,-10.37
IN,ONMOBILE,2018-08-06,,0.0,PEAD_Q5,63,-17.88
IN,APTECHT,2018-08-06,,0.0,PEAD_Q5,63,-34.68
IN,RALLIS,2018-08-06,,0.0,PEAD_Q5,63,-15.88
IN,RKFORGE,2018-08-06,,0.0,PEAD_Q5,63,-11.69
IN,JUBLFOOD,2018-08-07,,0.0,PEAD_Q5,63,-22.79
IN,INDIGO,2018-08-07,,0.0,PEAD_Q5,63,-6.84
IN,JSL,2018-08-07,,0.0,PEAD_Q5,63,-21.52
IN,IDFC,2018-08-07,,0.0,PEAD_Q5,63,-22.73
IN,EVEREADY,2018-08-07,,0.0,PEAD_Q5,63,-22.56
IN,DCBBANK,2018-08-07,,0.0,PEAD_Q5,63,-5.02
IN,SBIN,2018-08-07,,0.0,PEAD_Q5,63,-8.55
IN,IRB,2018-08-07,,0.0,PEAD_Q5,63,-28.39
IN,IMFA,2018-08-07,,0.0,PEAD_Q5,63,-16.19
IN,IFBIND,2018-08-07,,0.0,PEAD_Q5,63,-23.03
IN,NAUKRI,2018-08-09,,0.0,PEAD_Q5,63,-6.08
IN,TEJASNET,2018-08-09,,0.0,PEAD_Q5,63,-6.22
IN,INOXLEISUR,2018-08-09,,0.0,PEAD_Q5,63,-8.35
IN,NELCO,2018-08-09,,0.0,PEAD_Q5,63,-31.01
IN,HAVELLS,2018-08-09,,0.0,PEAD_Q5,63,-0.18
IN,HEXAWARE,2018-08-09,,0.0,PEAD_Q5,63,-31.82
IN,RNAVAL,2018-08-09,,0.0,PEAD_Q5,63,-28.35
IN,KRBL,2018-08-09,,0.0,PEAD_Q5,63,-8.86
IN,AJANTPHARM,2018-08-09,,0.0,PEAD_Q5,63,-6.2
IN,VIJAYABANK,2018-08-10,,0.0,PEAD_Q5,63,-31.92
IN,SOLARA,2018-08-10,,0.0,PEAD_Q5,63,27.95
IN,ORIENTBANK,2018-08-10,,0.0,PEAD_Q5,63,16.07
IN,ORIENTELEC,2018-08-10,,0.0,PEAD_Q5,63,-12.58
IN,SPARC,2018-08-10,,0.0,PEAD_Q5,63,-26.13
IN,AUBANK,2018-08-14,,0.0,PEAD_Q5,63,-13.74
IN,IIFL,2018-08-14,,0.0,PEAD_Q5,63,-34.95
IN,KPRMILL,2018-08-14,,0.0,PEAD_Q5,63,-5.83
IN,VMART,2018-08-14,,0.0,PEAD_Q5,63,-15.13
IN,DRREDDY,2018-08-16,,0.0,PEAD_Q5,63,10.55
IN,KEC,2018-08-23,,0.0,PEAD_Q5,63,-9.31
IN,JAMNAAUTO,2018-08-23,,0.0,PEAD_Q5,63,-17.71
IN,MFSL,2018-08-23,,0.0,PEAD_Q5,63,-9.67
IN,FSL,2018-08-23,,0.0,PEAD_Q5,63,-26.48
IN,GSKCONS,2018-08-23,,0.0,PEAD_Q5,63,-3.92
IN,SUNTECK,2018-08-27,,0.0,PEAD_Q5,63,-34.15
IN,BIRLACORPN,2018-08-27,,0.0,PEAD_Q5,63,-21.64
IN,SANDHAR,2018-08-27,,0.0,PEAD_Q5,63,-18.66
IN,ASIANTILES,2018-08-27,,0.0,PEAD_Q5,63,-16.53
IN,STAR,2018-08-27,,0.0,PEAD_Q5,63,0.92
IN,FEL,2018-08-27,,0.0,PEAD_Q5,63,-5.59
IN,JINDALSTEL,2018-08-28,,0.0,PEAD_Q5,63,-22.46
IN,APOLLOHOSP,2018-08-28,,0.0,PEAD_Q5,63,10.19
IN,LALPATHLAB,2018-08-28,,0.0,PEAD_Q5,63,-15.4
IN,NMDC,2018-08-28,,0.0,PEAD_Q5,63,-11.08
IN,BALRAMCHIN,2018-08-28,,0.0,PEAD_Q5,63,38.77
IN,SHREEPUSHK,2018-08-28,,0.0,PEAD_Q5,63,-19.74
IN,DIXON,2018-08-28,,0.0,PEAD_Q5,63,-28.42
IN,CAPLIPOINT,2018-08-28,,0.0,PEAD_Q5,63,-6.95
IN,FCONSUMER,2018-08-28,,0.0,PEAD_Q5,63,-7.38
IN,ZYDUSWELL,2018-08-28,,0.0,PEAD_Q5,63,-22.88
IN,BIRLACABLE,2018-08-28,,0.0,PEAD_Q5,63,18.7
IN,NATIONALUM,2018-08-28,,0.0,PEAD_Q5,63,-9.67
IN,ERIS,2018-08-28,,0.0,PEAD_Q5,63,-16.65
IN,ZENSARTECH,2018-08-28,,0.0,PEAD_Q5,63,-28.47
IN,VIPIND,2018-08-28,,0.0,PEAD_Q5,63,-14.01
IN,MPHASIS,2018-08-28,,0.0,PEAD_Q5,63,-20.02
IN,MCLEODRUSS,2018-08-29,,0.0,PEAD_Q5,63,-13.75
IN,SORILINFRA,2018-08-29,,0.0,PEAD_Q5,63,-44.46
IN,BLISSGVS,2018-08-29,,0.0,PEAD_Q5,63,-26.81
IN,JISLJALEQS,2018-08-29,,0.0,PEAD_Q5,63,-21.16
IN,SUNDARMFIN,2018-08-29,,0.0,PEAD_Q5,63,-12.91
IN,SUNDRMFAST,2018-08-30,,0.0,PEAD_Q5,63,-22.38
IN,JKIL,2018-08-30,,0.0,PEAD_Q5,63,-54.05
IN,AKSHOPTFBR,2018-08-30,,0.0,PEAD_Q5,63,-23.17
IN,BHARATFORG,2018-08-30,,0.0,PEAD_Q5,63,-20.56
IN,CAMLINFINE,2018-09-03,,0.0,PEAD_Q5,63,-27.95
IN,WALCHANNAG,2018-09-03,,0.0,PEAD_Q5,63,-38.43
IN,POLYPLEX,2018-09-04,,0.0,PEAD_Q5,63,-15.87
IN,BODALCHEM,2018-09-04,,0.0,PEAD_Q5,63,-11.18
IN,SUNPHARMA,2018-09-04,,0.0,PEAD_Q5,63,-39.12
IN,MAHSEAMLES,2018-09-04,,0.0,PEAD_Q5,63,-2.26
IN,EROSMEDIA,2018-09-04,,0.0,PEAD_Q5,63,-23.46
IN,COX&KINGS,2018-09-04,,0.0,PEAD_Q5,63,-31.63
IN,ASHOKA,2018-09-04,,0.0,PEAD_Q5,63,-6.64
IN,RAJESHEXPO,2018-09-06,,0.0,PEAD_Q5,63,-15.53
IN,NAVINFLUOR,2018-09-07,,0.0,PEAD_Q5,63,-6.22
IN,MUTHOOTFIN,2018-09-07,,0.0,PEAD_Q5,63,3.05
IN,SUVEN,2018-09-07,,0.0,PEAD_Q5,63,-23.73
IN,RITES,2018-09-10,,0.0,PEAD_Q5,63,-0.59
IN,PFC,2018-09-18,,0.0,PEAD_Q5,63,19.42
IN,GLOBUSSPR,2018-10-17,,0.0,PEAD_Q5,63,-9.08
IN,SOUTHBANK,2018-10-22,,0.0,PEAD_Q5,63,-0.7
IN,J&KBANK,2018-10-22,,0.0,PEAD_Q5,63,-5.49
IN,MUTHOOTCAP,2018-10-24,,0.0,PEAD_Q5,63,12.75
IN,CANFINHOME,2018-10-26,,0.0,PEAD_Q5,63,-4.35
IN,ASIANPAINT,2018-10-26,,0.0,PEAD_Q5,63,15.9
IN,SETCO,2018-10-29,,0.0,PEAD_Q5,63,-14.64
IN,TATAMETALI,2018-10-29,,0.0,PEAD_Q5,63,-6.81
IN,SASKEN,2018-10-29,,0.0,PEAD_Q5,63,-5.0
IN,WIPRO,2018-10-29,,0.0,PEAD_Q5,63,9.07
IN,TTKPRESTIG,2018-10-29,,0.0,PEAD_Q5,63,17.94
IN,KAJARIACER,2018-10-30,,0.0,PEAD_Q5,63,38.58
IN,MASTEK,2018-10-30,,0.0,PEAD_Q5,63,-10.17
IN,VGUARD,2018-10-30,,0.0,PEAD_Q5,63,13.6
IN,JMFINANCIL,2018-10-31,,0.0,PEAD_Q5,63,2.04
IN,BIOCON,2018-10-31,,0.0,PEAD_Q5,63,-1.62
IN,RAYMOND,2018-10-31,,0.0,PEAD_Q5,63,0.24
IN,PRAJIND,2018-10-31,,0.0,PEAD_Q5,63,18.88
IN,AAVAS,2018-11-01,,0.0,PEAD_Q5,63,27.0
IN,EDELWEISS,2018-11-01,,0.0,PEAD_Q5,63,-13.74
IN,PIIND,2018-11-01,,0.0,PEAD_Q5,63,7.05
IN,COROMANDEL,2018-11-01,,0.0,PEAD_Q5,63,8.83
IN,QUESS,2018-11-01,,0.0,PEAD_Q5,63,-16.77
IN,CROMPTON,2018-11-01,,0.0,PEAD_Q5,63,-0.63
IN,SUBROS,2018-11-01,,0.0,PEAD_Q5,63,-14.48
IN,LIBERTSHOE,2018-11-01,,0.0,PEAD_Q5,63,0.59
IN,YESBANK,2018-11-01,,0.0,PEAD_Q5,63,-9.04
IN,VINATIORGA,2018-11-01,,0.0,PEAD_Q5,63,-0.09
IN,HCL-INSYS,2018-11-01,,0.0,PEAD_Q5,63,-27.19
IN,BANKBARODA,2018-11-06,,0.0,PEAD_Q5,63,-1.13
IN,MEGH,2018-11-07,,0.0,PEAD_Q5,63,-27.89
IN,REDINGTON,2018-11-09,,0.0,PEAD_Q5,63,-26.72
IN,VAKRANGEE,2018-11-09,,0.0,PEAD_Q5,63,81.89
IN,TEAMLEASE,2018-11-13,,0.0,PEAD_Q5,63,1.34
IN,JSLHISAR,2018-11-13,,0.0,PEAD_Q5,63,-17.4
IN,NOCIL,2018-11-13,,0.0,PEAD_Q5,63,-31.26
IN,CREDITACC,2018-11-13,,0.0,PEAD_Q5,63,10.21
IN,DCMSHRIRAM,2018-11-13,,0.0,PEAD_Q5,63,-19.07
IN,IDFC,2018-11-13,,0.0,PEAD_Q5,63,-5.8
IN,IRB,2018-11-14,,0.0,PEAD_Q5,63,-12.97
IN,SHRIRAMCIT,2018-11-14,,0.0,PEAD_Q5,63,-1.1
IN,TAKE,2018-11-14,,0.0,PEAD_Q5,63,-25.89
IN,TECHM,2018-11-14,,0.0,PEAD_Q5,63,15.63
IN,EMAMILTD,2018-11-14,,0.0,PEAD_Q5,63,-18.24
IN,CARERATING,2018-11-21,,0.0,PEAD_Q5,63,-4.71
IN,WINDMACHIN,2018-11-21,,0.0,PEAD_Q5,63,-14.77
IN,GSPL,2018-11-21,,0.0,PEAD_Q5,63,-16.44
IN,MINDACORP,2018-11-22,,0.0,PEAD_Q5,63,-8.51
IN,ALEMBICLTD,2018-11-22,,0.0,PEAD_Q5,63,-7.71
IN,CAPACITE,2018-11-22,,0.0,PEAD_Q5,63,-12.56
IN,VMART,2018-11-22,,0.0,PEAD_Q5,63,8.8
IN,MRF,2018-11-22,,0.0,PEAD_Q5,63,-19.08
IN,IEX,2018-11-22,,0.0,PEAD_Q5,63,2.96
IN,BPCL,2018-11-22,,0.0,PEAD_Q5,63,4.75
IN,SOBHA,2018-11-22,,0.0,PEAD_Q5,63,-4.19
IN,CASTROLIND,2018-11-22,,0.0,PEAD_Q5,63,1.61
IN,BEML,2018-11-22,,0.0,PEAD_Q5,63,4.74
IN,TITAN,2018-11-22,,0.0,PEAD_Q5,63,13.84
IN,MARICO,2018-11-26,,0.0,PEAD_Q5,63,-5.71
IN,ADANIGREEN,2018-11-26,,0.0,PEAD_Q5,63,-31.73
IN,RICOAUTO,2018-11-26,,0.0,PEAD_Q5,63,-11.16
IN,FILATEX,2018-11-26,,0.0,PEAD_Q5,63,-19.88
IN,ADANIPOWER,2018-11-26,,0.0,PEAD_Q5,63,-21.09
IN,CENTURYPLY,2018-11-26,,0.0,PEAD_Q5,63,-4.14
IN,TCI,2018-11-26,,0.0,PEAD_Q5,63,0.05
IN,ASTRON,2018-11-26,,0.0,PEAD_Q5,63,-9.7
IN,DABUR,2018-11-26,,0.0,PEAD_Q5,63,3.9
IN,ORIENTPPR,2018-11-26,,0.0,PEAD_Q5,63,-26.97
IN,SATIN,2018-11-27,,0.0,PEAD_Q5,63,21.31
IN,GODREJPROP,2018-11-27,,0.0,PEAD_Q5,63,7.68
IN,VINDHYATEL,2018-11-27,,0.0,PEAD_Q5,63,-25.48
IN,GODREJCP,2018-11-27,,0.0,PEAD_Q5,63,-11.79
IN,RAMKY,2018-11-27,,0.0,PEAD_Q5,63,-26.41
IN,ALBK,2018-11-28,,0.0,PEAD_Q5,63,-6.58
IN,TRIVENI,2018-11-28,,0.0,PEAD_Q5,63,11.4
IN,PNBHOUSING,2018-11-28,,0.0,PEAD_Q5,63,-5.96
IN,TRENT,2018-11-28,,0.0,PEAD_Q5,63,-4.4
IN,ASTRAL,2018-11-28,,0.0,PEAD_Q5,63,2.73
IN,ASIANTILES,2018-11-28,,0.0,PEAD_Q5,63,-13.29
IN,APOLLOTYRE,2018-11-28,,0.0,PEAD_Q5,63,-11.28
IN,MFSL,2018-11-29,,0.0,PEAD_Q5,63,-10.86
IN,IOLCP,2018-11-29,,0.0,PEAD_Q5,63,6.0
IN,IRCON,2018-11-29,,0.0,PEAD_Q5,63,-10.89
IN,KSCL,2018-11-29,,0.0,PEAD_Q5,63,-21.76
IN,LINCOLN,2018-11-29,,0.0,PEAD_Q5,63,-31.98
IN,FEDERALBNK,2018-11-30,,0.0,PEAD_Q5,63,-1.7
IN,INDIANB,2018-12-03,,0.0,PEAD_Q5,63,-0.02
IN,IDBI,2018-12-06,,0.0,PEAD_Q5,63,-26.89
IN,MUTHOOTFIN,2018-12-11,,0.0,PEAD_Q5,63,26.24
IN,UNIONBANK,2018-12-12,,0.0,PEAD_Q5,63,7.2
IN,BFINVEST,2018-12-13,,0.0,PEAD_Q5,63,8.3
IN,UCOBANK,2018-12-13,,0.0,PEAD_Q5,63,-2.59
IN,KWALITY,2018-12-21,,0.0,PEAD_Q5,63,-20.12
IN,GOACARBON,2019-01-18,,0.0,PEAD_Q5,63,-14.03
IN,DCBBANK,2019-01-21,,0.0,PEAD_Q5,63,16.25
IN,RELIANCE,2019-01-21,,0.0,PEAD_Q5,63,12.26
IN,INFY,2019-01-23,,0.0,PEAD_Q5,63,0.87
IN,KOTAKBANK,2019-01-23,,0.0,PEAD_Q5,63,8.05
IN,LTTS,2019-01-24,,0.0,PEAD_Q5,63,3.36
IN,JUSTDIAL,2019-01-24,,0.0,PEAD_Q5,63,20.0
IN,SHREECEM,2019-01-25,,0.0,PEAD_Q5,63,26.56
IN,INDIGO,2019-01-28,,0.0,PEAD_Q5,63,34.7
IN,HAVELLS,2019-01-28,,0.0,PEAD_Q5,63,10.25
IN,SYNGENE,2019-01-28,,0.0,PEAD_Q5,63,6.57
IN,OBEROIRLTY,2019-01-28,,0.0,PEAD_Q5,63,16.82
IN,MPHASIS,2019-01-30,,0.0,PEAD_Q5,63,-4.54
IN,JYOTHYLAB,2019-01-30,,0.0,PEAD_Q5,63,-7.82
IN,JINDALSAW,2019-01-30,,0.0,PEAD_Q5,63,-5.1
IN,SUPREMEIND,2019-01-30,,0.0,PEAD_Q5,63,3.8
IN,AUTOAXLES,2019-01-31,,0.0,PEAD_Q5,63,-4.51
IN,CUB,2019-01-31,,0.0,PEAD_Q5,63,3.35
IN,BEPL,2019-01-31,,0.0,PEAD_Q5,63,15.32
IN,BANKINDIA,2019-02-01,,0.0,PEAD_Q5,63,-11.28
IN,KANSAINER,2019-02-04,,0.0,PEAD_Q5,63,-9.57
IN,TVSMOTOR,2019-02-04,,0.0,PEAD_Q5,63,-4.9
IN,BAJAJ-AUTO,2019-02-04,,0.0,PEAD_Q5,63,12.25
IN,JUBLFOOD,2019-02-04,,0.0,PEAD_Q5,63,-9.45
IN,HDFC,2019-02-05,,0.0,PEAD_Q5,63,-1.44
IN,CHOLAFIN,2019-02-05,,0.0,PEAD_Q5,63,0.84
IN,BAJAJHLDNG,2019-02-05,,0.0,PEAD_Q5,63,6.07
IN,HEXAWARE,2019-02-05,,0.0,PEAD_Q5,63,-4.9
IN,JINDALSTEL,2019-02-08,,0.0,PEAD_Q5,63,21.57
IN,CHAMBLFERT,2019-02-08,,0.0,PEAD_Q5,63,-16.05
IN,IDFCFIRSTB,2019-02-08,,0.0,PEAD_Q5,63,-7.01
IN,PARAGMILK,2019-02-08,,0.0,PEAD_Q5,63,11.56
IN,JAMNAAUTO,2019-02-11,,0.0,PEAD_Q5,63,-0.79
IN,HEROMOTOCO,2019-02-11,,0.0,PEAD_Q5,63,-9.22
IN,GICHSGFIN,2019-02-11,,0.0,PEAD_Q5,63,13.55
IN,RNAVAL,2019-02-13,,0.0,PEAD_Q5,63,0.6
IN,FRETAIL,2019-02-13,,0.0,PEAD_Q5,63,0.34
IN,INSECTICID,2019-02-13,,0.0,PEAD_Q5,63,3.82
IN,NRBBEARING,2019-02-13,,0.0,PEAD_Q5,63,-7.03
IN,SREINFRA,2019-02-13,,0.0,PEAD_Q5,63,-8.07
IN,SPARC,2019-02-13,,0.0,PEAD_Q5,63,-8.99
IN,ADANIPORTS,2019-02-14,,0.0,PEAD_Q5,63,10.56
IN,JSL,2019-02-14,,0.0,PEAD_Q5,63,26.64
IN,MANAPPURAM,2019-02-14,,0.0,PEAD_Q5,63,18.06
IN,BALRAMCHIN,2019-02-14,,0.0,PEAD_Q5,63,26.21
IN,DLF,2019-02-15,,0.0,PEAD_Q5,63,14.29
IN,SKFINDIA,2019-02-15,,0.0,PEAD_Q5,63,-4.88
IN,JKLAKSHMI,2019-02-15,,0.0,PEAD_Q5,63,17.11
IN,VISAKAIND,2019-02-15,,0.0,PEAD_Q5,63,1.2
IN,SUNTV,2019-02-15,,0.0,PEAD_Q5,63,0.16
IN,SHANKARA,2019-02-15,,0.0,PEAD_Q5,63,20.76
IN,TCNSBRANDS,2019-02-20,,0.0,PEAD_Q5,63,-4.71
IN,BAJAJHIND,2019-02-21,,0.0,PEAD_Q5,63,13.29
IN,ITI,2019-02-21,,0.0,PEAD_Q5,63,1.81
IN,PFC,2019-02-21,,0.0,PEAD_Q5,63,9.6
IN,EROSMEDIA,2019-02-21,,0.0,PEAD_Q5,63,-7.22
IN,RITES,2019-02-21,,0.0,PEAD_Q5,63,30.8
IN,TFCILTD,2019-02-21,,0.0,PEAD_Q5,63,-13.46
IN,INDHOTEL,2019-02-21,,0.0,PEAD_Q5,63,4.98
IN,HCC,2019-02-21,,0.0,PEAD_Q5,63,1.98
IN,PTC,2019-02-21,,0.0,PEAD_Q5,63,-11.31
IN,JSWSTEEL,2019-02-21,,0.0,PEAD_Q5,63,1.26
IN,RECLTD,2019-02-21,,0.0,PEAD_Q5,63,13.09
IN,INDIACEM,2019-02-21,,0.0,PEAD_Q5,63,28.71
IN,GESHIP,2019-02-21,,0.0,PEAD_Q5,63,0.5
IN,UNIVCABLES,2019-02-21,,0.0,PEAD_Q5,63,17.84
IN,JKIL,2019-02-21,,0.0,PEAD_Q5,63,31.9
IN,HINDCOPPER,2019-02-21,,0.0,PEAD_Q5,63,2.01
IN,JPASSOCIAT,2019-02-21,,0.0,PEAD_Q5,63,-16.95
IN,KRBL,2019-02-21,,0.0,PEAD_Q5,63,11.18
IN,GNFC,2019-02-21,,0.0,PEAD_Q5,63,22.15
IN,SHAKTIPUMP,2019-02-21,,0.0,PEAD_Q5,63,18.74
IN,SPENCERS,2019-02-21,,0.0,PEAD_Q5,63,-16.12
IN,GRAPHITE,2019-02-22,,0.0,PEAD_Q5,63,4.14
IN,AMBUJACEM,2019-02-22,,0.0,PEAD_Q5,63,10.45
IN,SUNPHARMA,2019-02-22,,0.0,PEAD_Q5,63,-4.12
IN,NLCINDIA,2019-02-22,,0.0,PEAD_Q5,63,0.62
IN,UFLEX,2019-02-25,,0.0,PEAD_Q5,63,30.94
IN,GRASIM,2019-02-25,,0.0,PEAD_Q5,63,13.8
IN,GODREJIND,2019-02-28,,0.0,PEAD_Q5,63,-0.45
IN,FINCABLES,2019-02-28,,0.0,PEAD_Q5,63,14.26
IN,BHARATFORG,2019-02-28,,0.0,PEAD_Q5,63,-10.25
IN,ASHOKLEY,2019-02-28,,0.0,PEAD_Q5,63,5.55
IN,GSS,2019-02-28,,0.0,PEAD_Q5,63,25.91
IN,BOSCHLTD,2019-02-28,,0.0,PEAD_Q5,63,-9.24
IN,SCHAEFFLER,2019-03-01,,0.0,PEAD_Q5,63,-5.84
IN,MIDHANI,2019-03-01,,0.0,PEAD_Q5,63,11.18
IN,MTNL,2019-03-01,,0.0,PEAD_Q5,63,-27.34
IN,NCC,2019-03-01,,0.0,PEAD_Q5,63,9.06
IN,REPCOHOME,2019-03-01,,0.0,PEAD_Q5,63,8.59
IN,SADBHAV,2019-03-01,,0.0,PEAD_Q5,63,25.96
IN,LEMONTREE,2019-03-01,,0.0,PEAD_Q5,63,-10.05
IN,QUICKHEAL,2019-03-01,,0.0,PEAD_Q5,63,-15.38
IN,REDINGTON,2019-03-01,,0.0,PEAD_Q5,63,12.63
IN,LUXIND,2019-03-01,,0.0,PEAD_Q5,63,14.05
IN,VIKASECO,2019-03-05,,0.0,PEAD_Q5,63,3.56
IN,SURYAROSNI,2019-03-05,,0.0,PEAD_Q5,63,2.33
IN,TRIVENI,2019-03-05,,0.0,PEAD_Q5,63,25.58
IN,TNPL,2019-03-05,,0.0,PEAD_Q5,63,-8.83
IN,UBL,2019-03-05,,0.0,PEAD_Q5,63,-2.78
IN,ACC,2019-03-06,,0.0,PEAD_Q5,63,2.27
IN,BIRLACORPN,2019-03-06,,0.0,PEAD_Q5,63,15.72
IN,CENTURYPLY,2019-03-06,,0.0,PEAD_Q5,63,-12.94
IN,SUVEN,2019-03-06,,0.0,PEAD_Q5,63,8.53
IN,ABCAPITAL,2019-03-06,,0.0,PEAD_Q5,63,-2.81
IN,HINDPETRO,2019-03-06,,0.0,PEAD_Q5,63,25.24
IN,ADANIENT,2019-03-06,,0.0,PEAD_Q5,63,10.31
IN,COFFEEDAY,2019-03-06,,0.0,PEAD_Q5,63,-19.51
IN,VENKEYS,2019-03-06,,0.0,PEAD_Q5,63,-12.9
IN,INDIAGLYCO,2019-03-06,,0.0,PEAD_Q5,63,-17.82
IN,TIINDIA,2019-03-06,,0.0,PEAD_Q5,63,3.41
IN,GMBREW,2019-03-06,,0.0,PEAD_Q5,63,-16.19
IN,VOLTAS,2019-03-06,,0.0,PEAD_Q5,63,2.95
IN,BOMDYEING,2019-03-06,,0.0,PEAD_Q5,63,-2.0
IN,RAIN,2019-03-08,,0.0,PEAD_Q5,63,-1.84
IN,APEX,2019-03-08,,0.0,PEAD_Q5,63,-21.33
IN,ABB,2019-03-11,,0.0,PEAD_Q5,63,19.37
IN,AVANTIFEED,2019-03-11,,0.0,PEAD_Q5,63,-21.93
IN,BAJAJCON,2019-04-15,,0.0,PEAD_Q5,63,-9.31
IN,MAHLIFE,2019-04-25,,0.0,PEAD_Q5,63,4.25
IN,AUBANK,2019-04-26,,0.0,PEAD_Q5,63,2.99
IN,BEPL,2019-05-08,,0.0,PEAD_Q5,63,-23.91
IN,PERSISTENT,2019-05-08,,0.0,PEAD_Q5,63,-12.77
IN,ORIENTELEC,2019-05-09,,0.0,PEAD_Q5,63,-4.17
IN,ATUL,2019-05-09,,0.0,PEAD_Q5,63,2.06
IN,CARBORUNIV,2019-05-09,,0.0,PEAD_Q5,63,-16.98
IN,KANSAINER,2019-05-09,,0.0,PEAD_Q5,63,7.98
IN,LTTS,2019-05-09,,0.0,PEAD_Q5,63,-9.45
IN,RAYMOND,2019-05-09,,0.0,PEAD_Q5,63,-22.92
IN,CASTROLIND,2019-05-09,,0.0,PEAD_Q5,63,-18.94
IN,ZENSARTECH,2019-05-09,,0.0,PEAD_Q5,63,-12.19
IN,INTELLECT,2019-05-09,,0.0,PEAD_Q5,63,-4.55
IN,TVSMOTOR,2019-05-09,,0.0,PEAD_Q5,63,-23.98
IN,SHOPERSTOP,2019-05-09,,0.0,PEAD_Q5,63,-18.17
IN,HEXAWARE,2019-05-09,,0.0,PEAD_Q5,63,3.15
IN,AJANTPHARM,2019-05-10,,0.0,PEAD_Q5,63,-10.72
IN,TITAN,2019-05-13,,0.0,PEAD_Q5,63,-6.79
IN,BRIGADE,2019-05-13,,0.0,PEAD_Q5,63,16.74
IN,ASTRAMICRO,2019-05-13,,0.0,PEAD_Q5,63,-7.8
IN,LAURUSLABS,2019-05-13,,0.0,PEAD_Q5,63,-9.56
IN,EIDPARRY,2019-05-13,,0.0,PEAD_Q5,63,-14.93
IN,GODREJCP,2019-05-13,,0.0,PEAD_Q5,63,2.01
IN,FSL,2019-05-13,,0.0,PEAD_Q5,63,-6.15
IN,VIPIND,2019-05-13,,0.0,PEAD_Q5,63,-6.4
IN,DCMSHRIRAM,2019-05-13,,0.0,PEAD_Q5,63,-15.51
IN,BRITANNIA,2019-05-13,,0.0,PEAD_Q5,63,-3.3
IN,GMDCLTD,2019-05-14,,0.0,PEAD_Q5,63,-10.3
IN,GSKCONS,2019-05-14,,0.0,PEAD_Q5,63,9.21
IN,KAJARIACER,2019-05-14,,0.0,PEAD_Q5,63,-19.58
IN,HIKAL,2019-05-14,,0.0,PEAD_Q5,63,-13.55
IN,LINDEINDIA,2019-05-15,,0.0,PEAD_Q5,63,-4.88
IN,MOTILALOFS,2019-05-15,,0.0,PEAD_Q5,63,-21.52
IN,SRF,2019-05-16,,0.0,PEAD_Q5,63,4.38
IN,J&KBANK,2019-05-17,,0.0,PEAD_Q5,63,-34.02
IN,JUBLFOOD,2019-05-17,,0.0,PEAD_Q5,63,-9.27
IN,CHAMBLFERT,2019-05-20,,0.0,PEAD_Q5,63,-14.72
IN,MAHSCOOTER,2019-05-20,,0.0,PEAD_Q5,63,-2.14
IN,SEAMECLTD,2019-05-20,,0.0,PEAD_Q5,63,-27.67
IN,POLYPLEX,2019-05-21,,0.0,PEAD_Q5,63,-21.79
IN,ENGINERSIN,2019-05-21,,0.0,PEAD_Q5,63,-13.46
IN,CESC,2019-05-21,,0.0,PEAD_Q5,63,7.77
IN,SOBHA,2019-05-21,,0.0,PEAD_Q5,63,-8.34
IN,BANKINDIA,2019-05-21,,0.0,PEAD_Q5,63,-26.16
IN,ASTRON,2019-05-22,,0.0,PEAD_Q5,63,-17.11
IN,JKCEMENT,2019-05-22,,0.0,PEAD_Q5,63,3.11
IN,PURVA,2019-05-22,,0.0,PEAD_Q5,63,-28.81
IN,APLAPOLLO,2019-05-22,,0.0,PEAD_Q5,63,-20.24
IN,SHREECEM,2019-05-22,,0.0,PEAD_Q5,63,-8.75
IN,PIIND,2019-05-22,,0.0,PEAD_Q5,63,1.57
IN,BFUTILITIE,2019-05-22,,0.0,PEAD_Q5,63,-16.72
IN,ESCORTS,2019-05-22,,0.0,PEAD_Q5,63,-27.21
IN,VRLLOG,2019-05-22,,0.0,PEAD_Q5,63,-1.31
IN,ANUP,2019-05-23,,0.0,PEAD_Q5,63,-22.25
IN,JINDALSAW,2019-05-24,,0.0,PEAD_Q5,63,-18.62
IN,SOMANYCERA,2019-05-24,,0.0,PEAD_Q5,63,-32.47
IN,APTECHT,2019-05-24,,0.0,PEAD_Q5,63,-12.96
IN,KEI,2019-05-24,,0.0,PEAD_Q5,63,-4.04
IN,IFCI,2019-05-24,,0.0,PEAD_Q5,63,-32.87
IN,JBCHEPHARM,2019-05-24,,0.0,PEAD_Q5,63,-0.29
IN,RAMCOCEM,2019-05-24,,0.0,PEAD_Q5,63,-9.61
IN,BAJAJHIND,2019-05-27,,0.0,PEAD_Q5,63,-44.56
IN,EROSMEDIA,2019-05-27,,0.0,PEAD_Q5,63,-83.11
IN,CANBK,2019-05-27,,0.0,PEAD_Q5,63,-18.3
IN,DWARKESH,2019-05-27,,0.0,PEAD_Q5,63,-19.57
IN,ALLCARGO,2019-05-27,,0.0,PEAD_Q5,63,-19.19
IN,THERMAX,2019-05-27,,0.0,PEAD_Q5,63,-3.94
IN,CIPLA,2019-05-27,,0.0,PEAD_Q5,63,-19.59
IN,INDUSINDBK,2019-05-27,,0.0,PEAD_Q5,63,-14.06
IN,CUMMINSIND,2019-05-27,,0.0,PEAD_Q5,63,-27.93
IN,JSWSTEEL,2019-05-28,,0.0,PEAD_Q5,63,-29.77
IN,CHENNPETRO,2019-05-28,,0.0,PEAD_Q5,63,-19.1
IN,BSOFT,2019-05-28,,0.0,PEAD_Q5,63,-30.87
IN,MEGH,2019-05-28,,0.0,PEAD_Q5,63,-34.96
IN,SYNGENE,2019-05-28,,0.0,PEAD_Q5,63,-11.16
IN,HEIDELBERG,2019-05-28,,0.0,PEAD_Q5,63,-5.56
IN,ADVENZYMES,2019-05-28,,0.0,PEAD_Q5,63,-29.28
IN,GVKPIL,2019-05-28,,0.0,PEAD_Q5,63,-38.62
IN,LIBERTSHOE,2019-05-28,,0.0,PEAD_Q5,63,-39.85
IN,GHCL,2019-05-28,,0.0,PEAD_Q5,63,-27.2
IN,SBIN,2019-05-28,,0.0,PEAD_Q5,63,-20.87
IN,GRASIM,2019-05-28,,0.0,PEAD_Q5,63,-21.68
IN,NATCOPHARM,2019-05-29,,0.0,PEAD_Q5,63,2.7
IN,NIITLTD,2019-05-29,,0.0,PEAD_Q5,63,-16.15
IN,PNCINFRA,2019-05-29,,0.0,PEAD_Q5,63,-7.2
IN,VARROC,2019-05-29,,0.0,PEAD_Q5,63,-17.25
IN,IGL,2019-05-29,,0.0,PEAD_Q5,63,-0.05
IN,FEL,2019-05-30,,0.0,PEAD_Q5,63,-31.0
IN,ADANIPOWER,2019-05-31,,0.0,PEAD_Q5,63,14.0
IN,TALWALKARS,2019-05-31,,0.0,PEAD_Q5,63,-86.24
IN,TCNSBRANDS,2019-05-31,,0.0,PEAD_Q5,63,-19.24
IN,NAUKRI,2019-05-31,,0.0,PEAD_Q5,63,-0.82
IN,NAVKARCORP,2019-05-31,,0.0,PEAD_Q5,63,-7.46
IN,MFSL,2019-05-31,,0.0,PEAD_Q5,63,-7.18
IN,APOLLOHOSP,2019-06-03,,0.0,PEAD_Q5,63,10.29
IN,MAXINDIA,2019-06-03,,0.0,PEAD_Q5,63,-6.18
IN,BERGEPAINT,2019-06-04,,0.0,PEAD_Q5,63,11.88
IN,INDIACEM,2019-06-25,,0.0,PEAD_Q5,63,-19.01
IN,ITI,2019-06-25,,0.0,PEAD_Q5,63,-7.28
IN,LAKSHVILAS,2019-06-25,,0.0,PEAD_Q5,63,-42.98
IN,VGUARD,2019-06-25,,0.0,PEAD_Q5,63,-5.12
IN,ASHOKA,2019-06-27,,0.0,PEAD_Q5,63,-30.73
IN,ALBK,2019-06-28,,0.0,PEAD_Q5,63,-44.23
IN,TATAPOWER,2019-06-28,,0.0,PEAD_Q5,63,-13.99
IN,TATASTEEL,2019-06-28,,0.0,PEAD_Q5,63,-30.3
IN,SORILINFRA,2019-06-28,,0.0,PEAD_Q5,63,-34.32
IN,EIHOTEL,2019-07-01,,0.0,PEAD_Q5,63,-2.92
IN,RATNAMANI,2019-07-01,,0.0,PEAD_Q5,63,-6.32
IN,HFCL,2019-07-15,,0.0,PEAD_Q5,63,-10.93
IN,INFY,2019-07-16,,0.0,PEAD_Q5,63,-18.0
IN,DMART,2019-07-17,,0.0,PEAD_Q5,63,29.85
IN,WIPRO,2019-07-19,,0.0,PEAD_Q5,63,-4.42
IN,COLPAL,2019-07-22,,0.0,PEAD_Q5,63,29.94
IN,RELIANCE,2019-07-23,,0.0,PEAD_Q5,63,16.14
IN,INDIGO,2019-07-23,,0.0,PEAD_Q5,63,-0.75
IN,COROMANDEL,2019-07-24,,0.0,PEAD_Q5,63,23.51
IN,AVANTIFEED,2019-07-24,,0.0,PEAD_Q5,63,40.78
IN,FLFL,2019-07-24,,0.0,PEAD_Q5,63,-9.82
IN,HINDZINC,2019-07-24,,0.0,PEAD_Q5,63,-2.79
IN,HINDUNILVR,2019-07-25,,0.0,PEAD_Q5,63,25.49
IN,TORNTPHARM,2019-07-25,,0.0,PEAD_Q5,63,10.94
IN,ASIANPAINT,2019-07-26,,0.0,PEAD_Q5,63,17.0
IN,JKPAPER,2019-07-26,,0.0,PEAD_Q5,63,3.01
IN,MPHASIS,2019-07-30,,0.0,PEAD_Q5,63,-4.54
IN,TIRUMALCHM,2019-07-30,,0.0,PEAD_Q5,63,9.39
IN,NAVINFLUOR,2019-07-31,,0.0,PEAD_Q5,63,36.73
IN,STAR,2019-07-31,,0.0,PEAD_Q5,63,3.53
IN,BEL,2019-08-01,,0.0,PEAD_Q5,63,10.84
IN,TRENT,2019-08-02,,0.0,PEAD_Q5,63,15.29
IN,APOLLOTYRE,2019-08-02,,0.0,PEAD_Q5,63,10.58
IN,HEROMOTOCO,2019-08-02,,0.0,PEAD_Q5,63,8.0
IN,VAIBHAVGBL,2019-08-02,,0.0,PEAD_Q5,63,-6.09
IN,EICHERMOT,2019-08-02,,0.0,PEAD_Q5,63,26.45
IN,IOC,2019-08-02,,0.0,PEAD_Q5,63,0.26
IN,GULFOILLUB,2019-08-02,,0.0,PEAD_Q5,63,8.62
IN,SYMPHONY,2019-08-05,,0.0,PEAD_Q5,63,-0.47
IN,INDIAMART,2019-08-05,,0.0,PEAD_Q5,63,68.17
IN,TATACOMM,2019-08-06,,0.0,PEAD_Q5,63,-23.38
IN,BATAINDIA,2019-08-06,,0.0,PEAD_Q5,63,21.78
IN,MARICO,2019-08-06,,0.0,PEAD_Q5,63,-5.6
IN,PRESTIGE,2019-08-06,,0.0,PEAD_Q5,63,11.16
IN,DALBHARAT,2019-08-06,,0.0,PEAD_Q5,63,-16.47
IN,BHARTIARTL,2019-08-06,,0.0,PEAD_Q5,63,-1.61
IN,INDHOTEL,2019-08-07,,0.0,PEAD_Q5,63,10.54
IN,GSPL,2019-08-07,,0.0,PEAD_Q5,63,1.43
IN,CAMLINFINE,2019-08-07,,0.0,PEAD_Q5,63,-2.13
IN,TRIDENT,2019-08-07,,0.0,PEAD_Q5,63,11.44
IN,FORTIS,2019-08-08,,0.0,PEAD_Q5,63,15.4
IN,JSWENERGY,2019-08-08,,0.0,PEAD_Q5,63,0.28
IN,ASIANTILES,2019-08-08,,0.0,PEAD_Q5,63,4.96
IN,TORNTPOWER,2019-08-08,,0.0,PEAD_Q5,63,0.03
IN,VENKEYS,2019-08-08,,0.0,PEAD_Q5,63,26.62
IN,PETRONET,2019-08-09,,0.0,PEAD_Q5,63,14.0
IN,PTC,2019-08-09,,0.0,PEAD_Q5,63,-7.91
IN,HCLTECH,2019-08-09,,0.0,PEAD_Q5,63,4.45
IN,DBL,2019-08-09,,0.0,PEAD_Q5,63,3.04
IN,ADANIENT,2019-08-13,,0.0,PEAD_Q5,63,57.87
IN,RVNL,2019-08-13,,0.0,PEAD_Q5,63,-2.23
IN,GPPL,2019-08-13,,0.0,PEAD_Q5,63,6.69
IN,BAJAJELEC,2019-08-13,,0.0,PEAD_Q5,63,-18.31
IN,SONATSOFTW,2019-08-13,,0.0,PEAD_Q5,63,-9.49
IN,AUROPHARMA,2019-08-13,,0.0,PEAD_Q5,63,-26.21
IN,ASTERDM,2019-08-13,,0.0,PEAD_Q5,63,22.28
IN,HIMATSEIDE,2019-08-14,,0.0,PEAD_Q5,63,-0.59
IN,CENTURYPLY,2019-08-14,,0.0,PEAD_Q5,63,28.73
IN,ENDURANCE,2019-08-14,,0.0,PEAD_Q5,63,30.06
IN,GREAVESCOT,2019-08-14,,0.0,PEAD_Q5,63,14.4
IN,PFIZER,2019-08-14,,0.0,PEAD_Q5,63,36.98
IN,LALPATHLAB,2019-08-16,,0.0,PEAD_Q5,63,34.61
IN,BLISSGVS,2019-08-16,,0.0,PEAD_Q5,63,41.88
IN,GAIL,2019-08-16,,0.0,PEAD_Q5,63,-5.63
IN,SUNTECK,2019-08-16,,0.0,PEAD_Q5,63,-18.48
IN,KSCL,2019-08-16,,0.0,PEAD_Q5,63,2.69
IN,JAICORPLTD,2019-08-16,,0.0,PEAD_Q5,63,28.27
IN,GODFRYPHLP,2019-08-16,,0.0,PEAD_Q5,63,15.81
IN,FCONSUMER,2019-08-16,,0.0,PEAD_Q5,63,-32.18
IN,TIMKEN,2019-08-16,,0.0,PEAD_Q5,63,19.17
IN,MTEDUCARE,2019-08-19,,0.0,PEAD_Q5,63,-47.61
IN,JINDALSTEL,2019-08-19,,0.0,PEAD_Q5,63,47.71
IN,REDINGTON,2019-08-19,,0.0,PEAD_Q5,63,24.39
IN,SPENCERS,2019-08-19,,0.0,PEAD_Q5,63,-9.38
IN,SUVEN,2019-08-20,,0.0,PEAD_Q5,63,25.27
IN,KNRCON,2019-08-20,,0.0,PEAD_Q5,63,-4.25
IN,PGHH,2019-08-23,,0.0,PEAD_Q5,63,10.69
IN,ISEC,2019-08-29,,0.0,PEAD_Q5,63,53.64
IN,CGPOWER,2019-09-05,,0.0,PEAD_Q5,63,-7.85
IN,UJJIVAN,2019-09-06,,0.0,PEAD_Q5,63,6.01
IN,HUDCO,2019-09-06,,0.0,PEAD_Q5,63,0.56
IN,RELCAPITAL,2019-09-06,,0.0,PEAD_Q5,63,-70.5
IN,BHEL,2019-09-06,,0.0,PEAD_Q5,63,-12.74
IN,AAVAS,2019-09-06,,0.0,PEAD_Q5,63,22.0
IN,TEAMLEASE,2019-09-06,,0.0,PEAD_Q5,63,-16.64
IN,GSFC,2019-09-06,,0.0,PEAD_Q5,63,-10.84
IN,DREDGECORP,2019-09-09,,0.0,PEAD_Q5,63,0.64
IN,RBLBANK,2019-09-12,,0.0,PEAD_Q5,63,-7.19
IN,ORIENTBANK,2019-09-12,,0.0,PEAD_Q5,63,-19.3
IN,YESBANK,2019-09-12,,0.0,PEAD_Q5,63,-29.95
IN,KTKBANK,2019-09-12,,0.0,PEAD_Q5,63,-8.27
IN,IFCI,2019-09-12,,0.0,PEAD_Q5,63,-12.67
IN,ABCAPITAL,2019-09-12,,0.0,PEAD_Q5,63,3.13
IN,FEDERALBNK,2019-09-12,,0.0,PEAD_Q5,63,0.23
IN,BANKBARODA,2019-09-12,,0.0,PEAD_Q5,63,1.09
IN,PNB,2019-09-12,,0.0,PEAD_Q5,63,0.23
IN,BFINVEST,2019-09-12,,0.0,PEAD_Q5,63,14.63
IN,DLF,2019-09-12,,0.0,PEAD_Q5,63,43.96
IN,ANDHRABANK,2019-09-12,,0.0,PEAD_Q5,63,-9.33
IN,UNIONBANK,2019-09-12,,0.0,PEAD_Q5,63,-1.52
IN,SBIN,2019-09-12,,0.0,PEAD_Q5,63,15.97
IN,BANKINDIA,2019-09-12,,0.0,PEAD_Q5,63,4.4
IN,INDUSINDBK,2019-09-12,,0.0,PEAD_Q5,63,7.37
IN,RIIL,2019-10-17,,0.0,PEAD_Q5,63,65.68
IN,ACC,2019-10-17,,0.0,PEAD_Q5,63,-2.45
IN,DELTACORP,2019-10-17,,0.0,PEAD_Q5,63,10.2
IN,TVSMOTOR,2019-10-22,,0.0,PEAD_Q5,63,2.87
IN,JUSTDIAL,2019-10-24,,0.0,PEAD_Q5,63,-5.3
IN,COROMANDEL,2019-10-24,,0.0,PEAD_Q5,63,29.7
IN,JUBLFOOD,2019-10-24,,0.0,PEAD_Q5,63,17.55
IN,GRANULES,2019-10-24,,0.0,PEAD_Q5,63,24.37
IN,JYOTHYLAB,2019-10-24,,0.0,PEAD_Q5,63,-6.32
IN,SHREECEM,2019-10-24,,0.0,PEAD_Q5,63,13.94
IN,AVANTIFEED,2019-10-24,,0.0,PEAD_Q5,63,60.06
IN,ARVINDFASN,2019-10-25,,0.0,PEAD_Q5,63,-10.54
IN,TORNTPHARM,2019-10-25,,0.0,PEAD_Q5,63,16.25
IN,WELCORP,2019-10-25,,0.0,PEAD_Q5,63,24.34
IN,PIIND,2019-10-29,,0.0,PEAD_Q5,63,12.01
IN,POLYCAB,2019-10-29,,0.0,PEAD_Q5,63,20.52
IN,CASTROLIND,2019-10-29,,0.0,PEAD_Q5,63,-11.72
IN,INOXLEISUR,2019-10-29,,0.0,PEAD_Q5,63,14.13
IN,NIITLTD,2019-10-29,,0.0,PEAD_Q5,63,5.76
IN,TATAMTRDVR,2019-10-30,,0.0,PEAD_Q5,63,-3.0
IN,AXISBANK,2019-10-30,,0.0,PEAD_Q5,63,-1.63
IN,IDFCFIRSTB,2019-10-30,,0.0,PEAD_Q5,63,3.65
IN,TATASTLBSL,2019-10-30,,0.0,PEAD_Q5,63,18.39
IN,MARUTI,2019-10-30,,0.0,PEAD_Q5,63,-7.23
IN,TATACOFFEE,2019-10-31,,0.0,PEAD_Q5,63,17.04
IN,LICHSGFIN,2019-11-04,,0.0,PEAD_Q5,63,-6.95
IN,GRSE,2019-11-04,,0.0,PEAD_Q5,63,-26.88
IN,QUESS,2019-11-04,,0.0,PEAD_Q5,63,26.18
IN,JKTYRE,2019-11-04,,0.0,PEAD_Q5,63,-4.75
IN,RAMCOCEM,2019-11-04,,0.0,PEAD_Q5,63,-1.61
IN,JKLAKSHMI,2019-11-05,,0.0,PEAD_Q5,63,17.11
IN,TIINDIA,2019-11-05,,0.0,PEAD_Q5,63,16.98
IN,VBL,2019-11-06,,0.0,PEAD_Q5,63,6.58
IN,RELAXO,2019-11-06,,0.0,PEAD_Q5,63,29.51
IN,MIDHANI,2019-11-06,,0.0,PEAD_Q5,63,-3.98
IN,SPARC,2019-11-07,,0.0,PEAD_Q5,63,15.56
IN,DABUR,2019-11-07,,0.0,PEAD_Q5,63,6.69
IN,FORTIS,2019-11-08,,0.0,PEAD_Q5,63,7.63
IN,GODREJCP,2019-11-08,,0.0,PEAD_Q5,63,-11.94
IN,TORNTPOWER,2019-11-08,,0.0,PEAD_Q5,63,4.39
IN,GESHIP,2019-11-13,,0.0,PEAD_Q5,63,6.49
IN,CHAMBLFERT,2019-11-13,,0.0,PEAD_Q5,63,-0.42
IN,NH,2019-11-13,,0.0,PEAD_Q5,63,16.41
IN,ASHOKLEY,2019-11-13,,0.0,PEAD_Q5,63,2.85
IN,KEC,2019-11-13,,0.0,PEAD_Q5,63,23.52
IN,TRIVENI,2019-11-13,,0.0,PEAD_Q5,63,17.96
IN,BSOFT,2019-11-13,,0.0,PEAD_Q5,63,32.99
IN,IGL,2019-11-13,,0.0,PEAD_Q5,63,19.87
IN,THOMASCOOK,2019-11-13,,0.0,PEAD_Q5,63,-67.14
IN,IPCALAB,2019-11-13,,0.0,PEAD_Q5,63,14.56
IN,GREENPANEL,2019-11-13,,0.0,PEAD_Q5,63,13.75
IN,INDHOTEL,2019-11-14,,0.0,PEAD_Q5,63,-11.14
IN,APLAPOLLO,2019-11-14,,0.0,PEAD_Q5,63,35.23
IN,AFFLE,2019-11-14,,0.0,PEAD_Q5,63,16.71
IN,MEGH,2019-11-14,,0.0,PEAD_Q5,63,5.62
IN,ASIANTILES,2019-11-15,,0.0,PEAD_Q5,63,7.04
IN,NILKAMAL,2019-11-15,,0.0,PEAD_Q5,63,8.16
IN,LEMONTREE,2019-11-15,,0.0,PEAD_Q5,63,-8.0
IN,ASTRON,2019-11-15,,0.0,PEAD_Q5,63,-0.9
IN,MGL,2019-11-15,,0.0,PEAD_Q5,63,18.97
IN,ASTRAZEN,2019-11-15,,0.0,PEAD_Q5,63,6.25
IN,BRITANNIA,2019-11-15,,0.0,PEAD_Q5,63,-1.89
IN,EDELWEISS,2019-11-15,,0.0,PEAD_Q5,63,-30.04
IN,JAMNAAUTO,2019-11-18,,0.0,PEAD_Q5,63,-5.19
IN,BHARTIARTL,2019-11-18,,0.0,PEAD_Q5,63,38.07
IN,APEX,2019-11-18,,0.0,PEAD_Q5,63,24.8
IN,RVNL,2019-11-18,,0.0,PEAD_Q5,63,-6.13
IN,DIXON,2019-11-18,,0.0,PEAD_Q5,63,34.23
IN,LUXIND,2019-11-18,,0.0,PEAD_Q5,63,26.0
IN,FINEORG,2019-11-18,,0.0,PEAD_Q5,63,9.92
IN,RAJESHEXPO,2019-11-19,,0.0,PEAD_Q5,63,1.34
IN,PNCINFRA,2019-11-19,,0.0,PEAD_Q5,63,10.1
IN,BALKRISIND,2019-11-19,,0.0,PEAD_Q5,63,53.01
IN,HINDALCO,2019-11-19,,0.0,PEAD_Q5,63,-1.09
IN,MFSL,2019-11-21,,0.0,PEAD_Q5,63,1.9
IN,RECLTD,2019-11-21,,0.0,PEAD_Q5,63,-0.9
IN,ISEC,2019-12-05,,0.0,PEAD_Q5,63,29.05
IN,CHOLAHLDNG,2019-12-05,,0.0,PEAD_Q5,63,2.97
IN,ITI,2020-01-09,,0.0,PEAD_Q5,63,-9.62
IN,INFY,2020-01-14,,0.0,PEAD_Q5,63,-15.77
IN,TATAELXSI,2020-01-15,,0.0,PEAD_Q5,63,-23.52
IN,SATIN,2020-01-15,,0.0,PEAD_Q5,63,-70.66
IN,TV18BRDCST,2020-01-16,,0.0,PEAD_Q5,63,-25.14
IN,RALLIS,2020-01-21,,0.0,PEAD_Q5,63,-10.77
IN,CYIENT,2020-01-21,,0.0,PEAD_Q5,63,-55.11
IN,JINDALSTEL,2020-01-22,,0.0,PEAD_Q5,63,-53.17
IN,CHENNPETRO,2020-01-22,,0.0,PEAD_Q5,63,-56.46
IN,INDIAMART,2020-01-23,,0.0,PEAD_Q5,63,-3.46
IN,LT,2020-01-27,,0.0,PEAD_Q5,63,-36.92
IN,RADICO,2020-01-27,,0.0,PEAD_Q5,63,-18.57
IN,SONATSOFTW,2020-01-28,,0.0,PEAD_Q5,63,-41.9
IN,ULTRACEMCO,2020-01-28,,0.0,PEAD_Q5,63,-28.74
IN,SUPREMEIND,2020-01-28,,0.0,PEAD_Q5,63,-26.29
IN,GMMPFAUDLR,2020-01-28,,0.0,PEAD_Q5,63,40.65
IN,BEPL,2020-01-29,,0.0,PEAD_Q5,63,-34.95
IN,NAVINFLUOR,2020-01-29,,0.0,PEAD_Q5,63,23.81
IN,WOCKPHARMA,2020-01-29,,0.0,PEAD_Q5,63,-26.73
IN,DRREDDY,2020-01-29,,0.0,PEAD_Q5,63,22.37
IN,PRESTIGE,2020-01-29,,0.0,PEAD_Q5,63,-57.24
IN,MAHSCOOTER,2020-01-30,,0.0,PEAD_Q5,63,-53.75
IN,JUBLFOOD,2020-01-31,,0.0,PEAD_Q5,63,-17.11
IN,ORIENTELEC,2020-01-31,,0.0,PEAD_Q5,63,-31.85
IN,CROMPTON,2020-02-03,,0.0,PEAD_Q5,63,-25.66
IN,BIRLACORPN,2020-02-03,,0.0,PEAD_Q5,63,-48.28
IN,BAJAJ-AUTO,2020-02-03,,0.0,PEAD_Q5,63,-21.87
IN,PIDILITIND,2020-02-03,,0.0,PEAD_Q5,63,-11.92
IN,STAR,2020-02-03,,0.0,PEAD_Q5,63,-7.86
IN,CASTROLIND,2020-02-04,,0.0,PEAD_Q5,63,-21.3
IN,HINDUNILVR,2020-02-04,,0.0,PEAD_Q5,63,-6.68
IN,PERSISTENT,2020-02-04,,0.0,PEAD_Q5,63,-27.21
IN,BAJAJHLDNG,2020-02-04,,0.0,PEAD_Q5,63,-48.49
IN,AMBER,2020-02-04,,0.0,PEAD_Q5,63,-33.2
IN,THYROCARE,2020-02-05,,0.0,PEAD_Q5,63,-16.63
IN,HONAUT,2020-02-05,,0.0,PEAD_Q5,63,-17.99
IN,ESCORTS,2020-02-05,,0.0,PEAD_Q5,63,-5.03
IN,SCI,2020-02-06,,0.0,PEAD_Q5,63,-32.0
IN,WELCORP,2020-02-06,,0.0,PEAD_Q5,63,-69.17
IN,SHANKARA,2020-02-07,,0.0,PEAD_Q5,63,-43.03
IN,GREAVESCOT,2020-02-07,,0.0,PEAD_Q5,63,-47.04
IN,HIKAL,2020-02-07,,0.0,PEAD_Q5,63,-13.12
IN,AVADHSUGAR,2020-02-07,,0.0,PEAD_Q5,63,-51.27
IN,ADANIENT,2020-02-07,,0.0,PEAD_Q5,63,-41.11
IN,JBCHEPHARM,2020-02-07,,0.0,PEAD_Q5,63,12.85
IN,LICHSGFIN,2020-02-10,,0.0,PEAD_Q5,63,-48.78
IN,IDFCFIRSTB,2020-02-10,,0.0,PEAD_Q5,63,-51.88
IN,GPPL,2020-02-10,,0.0,PEAD_Q5,63,-37.72
IN,MINDACORP,2020-02-10,,0.0,PEAD_Q5,63,-50.54
IN,TRENT,2020-02-10,,0.0,PEAD_Q5,63,-40.42
IN,SBIN,2020-02-10,,0.0,PEAD_Q5,63,-51.24
IN,AJANTPHARM,2020-02-10,,0.0,PEAD_Q5,63,0.57
IN,VMART,2020-02-10,,0.0,PEAD_Q5,63,-31.12
IN,GLOBUSSPR,2020-02-11,,0.0,PEAD_Q5,63,-38.96
IN,FDC,2020-02-11,,0.0,PEAD_Q5,63,-7.18
IN,SYMPHONY,2020-02-11,,0.0,PEAD_Q5,63,-41.88
IN,ALKEM,2020-02-11,,0.0,PEAD_Q5,63,-9.96
IN,GODFRYPHLP,2020-02-11,,0.0,PEAD_Q5,63,-31.13
IN,CAPLIPOINT,2020-02-11,,0.0,PEAD_Q5,63,-5.78
IN,AUROPHARMA,2020-02-11,,0.0,PEAD_Q5,63,20.84
IN,ALKYLAMINE,2020-02-11,,0.0,PEAD_Q5,63,12.17
IN,MAXINDIA,2020-02-11,,0.0,PEAD_Q5,63,-39.76
IN,REDINGTON,2020-02-11,,0.0,PEAD_Q5,63,-31.86
IN,VBL,2020-02-11,,0.0,PEAD_Q5,63,-23.93
IN,UPL,2020-02-12,,0.0,PEAD_Q5,63,-37.87
IN,INOXLEISUR,2020-02-12,,0.0,PEAD_Q5,63,-57.6
IN,DREDGECORP,2020-02-13,,0.0,PEAD_Q5,63,-33.05
IN,ARVINDFASN,2020-02-13,,0.0,PEAD_Q5,63,-69.77
IN,BALRAMCHIN,2020-02-13,,0.0,PEAD_Q5,63,-47.64
IN,INDIAGLYCO,2020-02-13,,0.0,PEAD_Q5,63,-18.75
IN,GAIL,2020-02-13,,0.0,PEAD_Q5,63,-32.5
IN,AMRUTANJAN,2020-02-14,,0.0,PEAD_Q5,63,-34.56
IN,NBCC,2020-02-14,,0.0,PEAD_Q5,63,-47.03
IN,IRCTC,2020-02-14,,0.0,PEAD_Q5,63,-8.65
IN,ASTERDM,2020-02-14,,0.0,PEAD_Q5,63,-47.83
IN,IRCON,2020-02-14,,0.0,PEAD_Q5,63,-25.63
IN,TORNTPOWER,2020-02-17,,0.0,PEAD_Q5,63,-5.36
IN,AARTIIND,2020-02-17,,0.0,PEAD_Q5,63,2.0
IN,VAKRANGEE,2020-02-17,,0.0,PEAD_Q5,63,-42.27
IN,STARPAPER,2020-02-17,,0.0,PEAD_Q5,63,-22.91
IN,IPCALAB,2020-02-17,,0.0,PEAD_Q5,63,19.05
IN,MIDHANI,2020-02-17,,0.0,PEAD_Q5,63,-6.58
IN,MSTCLTD,2020-02-17,,0.0,PEAD_Q5,63,-37.68
IN,LUXIND,2020-02-18,,0.0,PEAD_Q5,63,-43.3
IN,IGARASHI,2020-02-18,,0.0,PEAD_Q5,63,-38.11
IN,GSPL,2020-02-18,,0.0,PEAD_Q5,63,-17.76
IN,SUVEN,2020-02-18,,0.0,PEAD_Q5,63,-27.69
IN,POLYPLEX,2020-02-18,,0.0,PEAD_Q5,63,-21.54
IN,LEMONTREE,2020-02-18,,0.0,PEAD_Q5,63,-70.51
IN,AMBUJACEM,2020-02-26,,0.0,PEAD_Q5,63,-12.1
IN,EDELWEISS,2020-02-26,,0.0,PEAD_Q5,63,-52.6
IN,MUTHOOTFIN,2020-02-26,,0.0,PEAD_Q5,63,-1.82
IN,SANOFI,2020-02-28,,0.0,PEAD_Q5,63,11.4
IN,CAMLINFINE,2020-02-28,,0.0,PEAD_Q5,63,-38.47
IN,MASFIN,2020-02-28,,0.0,PEAD_Q5,63,-40.22
IN,IIFL,2020-03-18,,0.0,PEAD_Q5,63,-27.34
IN,CHOLAHLDNG,2020-03-18,,0.0,PEAD_Q5,63,-30.5
IN,IOB,2020-03-18,,0.0,PEAD_Q5,63,49.66
IN,BANKINDIA,2020-03-19,,0.0,PEAD_Q5,63,55.15
IN,HDFCBANK,2020-04-22,,0.0,PEAD_Q5,63,21.3
IN,RIIL,2020-04-24,,0.0,PEAD_Q5,63,56.58
IN,RELIANCE,2020-05-05,,0.0,PEAD_Q5,63,37.54
IN,POWERINDIA,2020-05-06,,0.0,PEAD_Q5,63,11.36
IN,MARICO,2020-05-07,,0.0,PEAD_Q5,63,21.51
IN,PERSISTENT,2020-05-08,,0.0,PEAD_Q5,63,82.99
IN,ADANIPORTS,2020-05-08,,0.0,PEAD_Q5,63,13.59
IN,SKFINDIA,2020-05-12,,0.0,PEAD_Q5,63,2.59
IN,GODREJCP,2020-05-15,,0.0,PEAD_Q5,63,30.49
IN,AXISBANK,2020-05-15,,0.0,PEAD_Q5,63,15.33
IN,SYNGENE,2020-05-15,,0.0,PEAD_Q5,63,44.18
IN,J&KBANK,2020-05-15,,0.0,PEAD_Q5,63,32.31
IN,HAVELLS,2020-05-15,,0.0,PEAD_Q5,63,25.81
IN,MARUTI,2020-05-18,,0.0,PEAD_Q5,63,39.55
IN,MPHASIS,2020-05-18,,0.0,PEAD_Q5,63,49.05
IN,LTTS,2020-05-19,,0.0,PEAD_Q5,63,37.35
IN,BIOCON,2020-05-19,,0.0,PEAD_Q5,63,16.24
IN,OFSS,2020-05-19,,0.0,PEAD_Q5,63,26.38
IN,ACCELYA,2020-05-19,,0.0,PEAD_Q5,63,11.14
IN,IEX,2020-05-19,,0.0,PEAD_Q5,63,13.59
IN,CIPLA,2020-05-20,,0.0,PEAD_Q5,63,23.23
IN,CDSL,2020-05-20,,0.0,PEAD_Q5,63,50.24
IN,BHARTIARTL,2020-05-21,,0.0,PEAD_Q5,63,-9.87
IN,ESCORTS,2020-05-21,,0.0,PEAD_Q5,63,31.64
IN,BAJAJ-AUTO,2020-05-22,,0.0,PEAD_Q5,63,18.92
IN,BSOFT,2020-05-22,,0.0,PEAD_Q5,63,143.23
IN,JKLAKSHMI,2020-05-22,,0.0,PEAD_Q5,63,31.32
IN,AJANTPHARM,2020-05-26,,0.0,PEAD_Q5,63,8.27
IN,MAHLOG,2020-05-26,,0.0,PEAD_Q5,63,43.69
IN,VSTIND,2020-05-26,,0.0,PEAD_Q5,63,10.44
IN,GODREJIND,2020-05-27,,0.0,PEAD_Q5,63,32.92
IN,ORIENTCEM,2020-05-27,,0.0,PEAD_Q5,63,72.71
IN,SUPREMEIND,2020-05-27,,0.0,PEAD_Q5,63,40.47
IN,JINDALSTEL,2020-05-28,,0.0,PEAD_Q5,63,86.4
IN,JSWSTEEL,2020-05-28,,0.0,PEAD_Q5,63,54.71
IN,BIRLACORPN,2020-05-28,,0.0,PEAD_Q5,63,12.21
IN,TRENT,2020-05-28,,0.0,PEAD_Q5,63,39.75
IN,TIINDIA,2020-05-29,,0.0,PEAD_Q5,63,70.3
IN,KPITTECH,2020-05-29,,0.0,PEAD_Q5,63,86.19
IN,QUESS,2020-06-01,,0.0,PEAD_Q5,63,67.49
IN,RAIN,2020-06-01,,0.0,PEAD_Q5,63,67.17
IN,CEATLTD,2020-06-01,,0.0,PEAD_Q5,63,11.4
IN,KEC,2020-06-02,,0.0,PEAD_Q5,63,53.5
IN,IDFCFIRSTB,2020-06-02,,0.0,PEAD_Q5,63,41.09
IN,SRIPIPES,2020-06-03,,0.0,PEAD_Q5,63,15.77
IN,POLYCAB,2020-06-03,,0.0,PEAD_Q5,63,18.34
IN,AMBER,2020-06-03,,0.0,PEAD_Q5,63,15.32
IN,KEI,2020-06-03,,0.0,PEAD_Q5,63,24.51
IN,LEMONTREE,2020-06-03,,0.0,PEAD_Q5,63,37.35
IN,KSCL,2020-06-03,,0.0,PEAD_Q5,63,15.86
IN,NCC,2020-06-03,,0.0,PEAD_Q5,63,29.71
IN,RCF,2020-06-03,,0.0,PEAD_Q5,63,8.22
IN,DBL,2020-06-03,,0.0,PEAD_Q5,63,31.06
IN,VOLTAS,2020-06-03,,0.0,PEAD_Q5,63,11.79
IN,GRANULES,2020-06-04,,0.0,PEAD_Q5,63,75.45
IN,INDIGO,2020-06-04,,0.0,PEAD_Q5,63,7.74
IN,ORIENTELEC,2020-06-04,,0.0,PEAD_Q5,63,5.24
IN,MARKSANS,2020-06-04,,0.0,PEAD_Q5,63,53.14
IN,DHAMPURSUG,2020-06-05,,0.0,PEAD_Q5,63,19.36
IN,BPCL,2020-06-08,,0.0,PEAD_Q5,63,4.9
IN,JYOTHYLAB,2020-06-09,,0.0,PEAD_Q5,63,19.49
IN,CREDITACC,2020-06-09,,0.0,PEAD_Q5,63,37.05
IN,HFCL,2020-06-10,,0.0,PEAD_Q5,63,20.28
IN,GPPL,2020-06-12,,0.0,PEAD_Q5,63,6.16
IN,DHANUKA,2020-06-12,,0.0,PEAD_Q5,63,9.98
IN,INDHOTEL,2020-06-12,,0.0,PEAD_Q5,63,11.32
IN,MGL,2020-06-15,,0.0,PEAD_Q5,63,-16.21
IN,DWARKESH,2020-06-15,,0.0,PEAD_Q5,63,10.46
IN,DIXON,2020-06-16,,0.0,PEAD_Q5,63,74.23
IN,M&M,2020-06-16,,0.0,PEAD_Q5,63,21.21
IN,TATACOMM,2020-06-17,,0.0,PEAD_Q5,63,49.83
IN,HINDALCO,2020-06-17,,0.0,PEAD_Q5,63,18.78
IN,SUPRAJIT,2020-06-17,,0.0,PEAD_Q5,63,31.34
IN,CCL,2020-06-18,,0.0,PEAD_Q5,63,16.66
IN,ASHOKA,2020-06-18,,0.0,PEAD_Q5,63,14.07
IN,HINDPETRO,2020-06-19,,0.0,PEAD_Q5,63,-12.63
IN,TRIVENI,2020-06-19,,0.0,PEAD_Q5,63,34.3
IN,CANFINHOME,2020-06-22,,0.0,PEAD_Q5,63,18.01
IN,JKCEMENT,2020-06-22,,0.0,PEAD_Q5,63,13.36
IN,IIFL,2020-06-22,,0.0,PEAD_Q5,63,19.04
IN,PTC,2020-06-23,,0.0,PEAD_Q5,63,7.79
IN,CAMLINFINE,2020-06-24,,0.0,PEAD_Q5,63,96.02
IN,POWERGRID,2020-06-24,,0.0,PEAD_Q5,63,-4.48
IN,BERGEPAINT,2020-06-25,,0.0,PEAD_Q5,63,7.78
IN,FINPIPE,2020-06-25,,0.0,PEAD_Q5,63,7.62
IN,PAGEIND,2020-06-25,,0.0,PEAD_Q5,63,-9.44
IN,GAIL,2020-06-26,,0.0,PEAD_Q5,63,-18.5
IN,ASTRAMICRO,2020-06-26,,0.0,PEAD_Q5,63,18.81
IN,SWSOLAR,2020-06-26,,0.0,PEAD_Q5,63,18.29
IN,HAL,2020-06-29,,0.0,PEAD_Q5,63,2.28
IN,FACT,2020-06-29,,0.0,PEAD_Q5,63,-15.81
IN,TTKPRESTIG,2020-06-30,,0.0,PEAD_Q5,63,12.0
IN,ENGINERSIN,2020-06-30,,0.0,PEAD_Q5,63,-14.72
IN,GALAXYSURF,2020-06-30,,0.0,PEAD_Q5,63,23.04
IN,CESC,2020-07-01,,0.0,PEAD_Q5,63,-2.71
IN,AVANTIFEED,2020-07-01,,0.0,PEAD_Q5,63,1.81
IN,MSTCLTD,2020-07-02,,0.0,PEAD_Q5,63,17.06
IN,SPENCERS,2020-07-02,,0.0,PEAD_Q5,63,-19.07
IN,BDL,2020-07-02,,0.0,PEAD_Q5,63,-9.37
IN,RITES,2020-07-03,,0.0,PEAD_Q5,63,-3.5
IN,APLAPOLLO,2020-07-03,,0.0,PEAD_Q5,63,63.43
IN,BODALCHEM,2020-07-08,,0.0,PEAD_Q5,63,-4.81
IN,NBCC,2020-07-09,,0.0,PEAD_Q5,63,-12.08
IN,SADBHAV,2020-07-14,,0.0,PEAD_Q5,63,-5.21
IN,WIPRO,2020-07-16,,0.0,PEAD_Q5,63,33.81
IN,INFY,2020-07-17,,0.0,PEAD_Q5,63,22.71
IN,BAJAJCON,2020-07-20,,0.0,PEAD_Q5,63,4.31
IN,EDELWEISS,2020-07-21,,0.0,PEAD_Q5,63,-19.87
IN,HINDZINC,2020-07-23,,0.0,PEAD_Q5,63,12.39
IN,INDIAMART,2020-07-23,,0.0,PEAD_Q5,63,103.02
IN,REPCOHOME,2020-07-27,,0.0,PEAD_Q5,63,45.95
IN,AMBUJACEM,2020-07-28,,0.0,PEAD_Q5,63,13.08
IN,ASIANPAINT,2020-07-28,,0.0,PEAD_Q5,63,18.23
IN,ATUL,2020-07-28,,0.0,PEAD_Q5,63,17.65
IN,ZENSARTECH,2020-07-28,,0.0,PEAD_Q5,63,23.42
IN,TECHM,2020-07-29,,0.0,PEAD_Q5,63,22.51
IN,AARTIDRUGS,2020-07-29,,0.0,PEAD_Q5,63,62.36
IN,TCIEXP,2020-07-29,,0.0,PEAD_Q5,63,10.9
IN,WELCORP,2020-07-30,,0.0,PEAD_Q5,63,35.06
IN,APTECHT,2020-07-30,,0.0,PEAD_Q5,63,6.22
IN,ULTRACEMCO,2020-07-30,,0.0,PEAD_Q5,63,7.55
IN,COLPAL,2020-07-31,,0.0,PEAD_Q5,63,7.14
IN,SUNTECK,2020-07-31,,0.0,PEAD_Q5,63,40.02
IN,SNOWMAN,2020-07-31,,0.0,PEAD_Q5,63,24.2
IN,TATACOFFEE,2020-07-31,,0.0,PEAD_Q5,63,12.04
IN,DRREDDY,2020-07-31,,0.0,PEAD_Q5,63,9.31
IN,CASTROLIND,2020-07-31,,0.0,PEAD_Q5,63,1.15
IN,SANOFI,2020-07-31,,0.0,PEAD_Q5,63,3.14
IN,TORNTPHARM,2020-08-03,,0.0,PEAD_Q5,63,-5.91
IN,MASTEK,2020-08-03,,0.0,PEAD_Q5,63,33.86
IN,PHOENIXLTD,2020-08-03,,0.0,PEAD_Q5,63,-4.91
IN,GESHIP,2020-08-03,,0.0,PEAD_Q5,63,-10.37
IN,LAURUSLABS,2020-08-03,,0.0,PEAD_Q5,63,58.65
IN,CARBORUNIV,2020-08-03,,0.0,PEAD_Q5,63,16.5
IN,BBTC,2020-08-03,,0.0,PEAD_Q5,63,-8.53
IN,OMAXE,2020-08-03,,0.0,PEAD_Q5,63,-16.6
IN,PRINCEPIPE,2020-08-04,,0.0,PEAD_Q5,63,93.96
IN,VAKRANGEE,2020-08-04,,0.0,PEAD_Q5,63,-13.18
IN,JUSTDIAL,2020-08-04,,0.0,PEAD_Q5,63,59.75
IN,RPGLIFE,2020-08-04,,0.0,PEAD_Q5,63,-1.94
IN,TEAMLEASE,2020-08-04,,0.0,PEAD_Q5,63,17.04
IN,DABUR,2020-08-04,,0.0,PEAD_Q5,63,-0.14
IN,ZYDUSWELL,2020-08-04,,0.0,PEAD_Q5,63,4.56
IN,DEEPAKFERT,2020-08-04,,0.0,PEAD_Q5,63,-8.01
IN,ALOKINDS,2020-08-05,,0.0,PEAD_Q5,63,-47.39
IN,RAJESHEXPO,2020-08-05,,0.0,PEAD_Q5,63,-5.1
IN,SOLARA,2020-08-05,,0.0,PEAD_Q5,63,26.05
IN,RELAXO,2020-08-05,,0.0,PEAD_Q5,63,8.72
IN,WABAG,2020-08-05,,0.0,PEAD_Q5,63,51.97
IN,VBL,2020-08-06,,0.0,PEAD_Q5,63,-14.63
IN,SPARC,2020-08-07,,0.0,PEAD_Q5,63,-6.47
IN,INTELLECT,2020-08-07,,0.0,PEAD_Q5,63,31.94
IN,VISAKAIND,2020-08-07,,0.0,PEAD_Q5,63,12.76
IN,STAR,2020-08-07,,0.0,PEAD_Q5,63,26.73
IN,ASTRAL,2020-08-07,,0.0,PEAD_Q5,63,9.48
IN,THOMASCOOK,2020-08-07,,0.0,PEAD_Q5,63,-12.38
IN,PIIND,2020-08-07,,0.0,PEAD_Q5,63,18.42
IN,ADANIPOWER,2020-08-10,,0.0,PEAD_Q5,63,0.13
IN,HONAUT,2020-08-10,,0.0,PEAD_Q5,63,-5.36
IN,MAITHANALL,2020-08-10,,0.0,PEAD_Q5,63,-3.79
IN,JAMNAAUTO,2020-08-10,,0.0,PEAD_Q5,63,39.45
IN,APOLLOTYRE,2020-08-10,,0.0,PEAD_Q5,63,20.45
IN,SOBHA,2020-08-11,,0.0,PEAD_Q5,63,28.38
IN,NUCLEUS,2020-08-11,,0.0,PEAD_Q5,63,34.12
IN,SCI,2020-08-11,,0.0,PEAD_Q5,63,-14.09
IN,EMAMILTD,2020-08-11,,0.0,PEAD_Q5,63,13.49
IN,ALKEM,2020-08-11,,0.0,PEAD_Q5,63,-0.48
IN,GSPL,2020-08-11,,0.0,PEAD_Q5,63,-12.85
IN,PIDILITIND,2020-08-11,,0.0,PEAD_Q5,63,15.6
IN,PFC,2020-08-11,,0.0,PEAD_Q5,63,9.38
IN,ADANIENT,2020-08-11,,0.0,PEAD_Q5,63,82.74
IN,TORNTPOWER,2020-08-11,,0.0,PEAD_Q5,63,-6.93
IN,BEML,2020-08-11,,0.0,PEAD_Q5,63,-7.86
IN,COCHINSHIP,2020-08-12,,0.0,PEAD_Q5,63,-3.77
IN,QUICKHEAL,2020-08-12,,0.0,PEAD_Q5,63,12.34
IN,BALRAMCHIN,2020-08-12,,0.0,PEAD_Q5,63,4.53
IN,BAJAJHIND,2020-08-12,,0.0,PEAD_Q5,63,-25.0
IN,DIVISLAB,2020-08-12,,0.0,PEAD_Q5,63,4.7
IN,SHILPAMED,2020-08-12,,0.0,PEAD_Q5,63,-33.85
IN,AFFLE,2020-08-12,,0.0,PEAD_Q5,63,32.04
IN,RAMCOSYS,2020-08-12,,0.0,PEAD_Q5,63,167.59
IN,BAJAJELEC,2020-08-13,,0.0,PEAD_Q5,63,18.49
IN,BOSCHLTD,2020-08-13,,0.0,PEAD_Q5,63,-14.99
IN,DLINKINDIA,2020-08-13,,0.0,PEAD_Q5,63,1.25
IN,ECLERX,2020-08-14,,0.0,PEAD_Q5,63,4.84
IN,TATAPOWER,2020-08-14,,0.0,PEAD_Q5,63,1.18
IN,SUNDRMFAST,2020-08-14,,0.0,PEAD_Q5,63,8.79
IN,SHK,2020-08-14,,0.0,PEAD_Q5,63,37.17
IN,BHARATFORG,2020-08-14,,0.0,PEAD_Q5,63,0.36
IN,VSTTILLERS,2020-08-14,,0.0,PEAD_Q5,63,21.63
IN,SUVEN,2020-08-14,,0.0,PEAD_Q5,63,-5.03
IN,METROPOLIS,2020-08-14,,0.0,PEAD_Q5,63,11.75
IN,ADANIPORTS,2020-08-14,,0.0,PEAD_Q5,63,5.73
IN,SHOPERSTOP,2020-08-17,,0.0,PEAD_Q5,63,11.58
IN,VENKEYS,2020-08-17,,0.0,PEAD_Q5,63,11.68
IN,BRIGADE,2020-08-17,,0.0,PEAD_Q5,63,35.43
IN,SUBROS,2020-08-17,,0.0,PEAD_Q5,63,28.13
IN,CHALET,2020-08-17,,0.0,PEAD_Q5,63,4.57
IN,ASHOKLEY,2020-08-17,,0.0,PEAD_Q5,63,44.42
IN,CUMMINSIND,2020-08-17,,0.0,PEAD_Q5,63,4.82
IN,TANLA,2020-08-17,,0.0,PEAD_Q5,63,129.44
IN,SUNTV,2020-08-18,,0.0,PEAD_Q5,63,-4.15
IN,NTPC,2020-08-18,,0.0,PEAD_Q5,63,-6.68
IN,FINCABLES,2020-08-18,,0.0,PEAD_Q5,63,-2.71
IN,ENDURANCE,2020-08-18,,0.0,PEAD_Q5,63,0.49
IN,EIHOTEL,2020-08-18,,0.0,PEAD_Q5,63,8.0
IN,HEROMOTOCO,2020-08-18,,0.0,PEAD_Q5,63,3.66
IN,REDINGTON,2020-08-18,,0.0,PEAD_Q5,63,5.32
IN,UFLEX,2020-08-20,,0.0,PEAD_Q5,63,-3.06
IN,KNRCON,2020-08-20,,0.0,PEAD_Q5,63,14.85
IN,GIPCL,2020-08-21,,0.0,PEAD_Q5,63,-6.02
IN,ASIANTILES,2020-08-21,,0.0,PEAD_Q5,63,506.11
IN,LINCOLN,2020-08-24,,0.0,PEAD_Q5,63,-6.24
IN,JKIL,2020-08-24,,0.0,PEAD_Q5,63,1.75
IN,MAHSEAMLES,2020-08-25,,0.0,PEAD_Q5,63,2.97
IN,BLISSGVS,2020-08-25,,0.0,PEAD_Q5,63,3.09
IN,GLOBUSSPR,2020-08-27,,0.0,PEAD_Q5,63,67.13
IN,NOCIL,2020-08-27,,0.0,PEAD_Q5,63,6.47
IN,RENUKA,2020-09-03,,0.0,PEAD_Q5,63,-1.97
IN,JUBLFOOD,2020-09-04,,0.0,PEAD_Q5,63,13.41
IN,ARVINDFASN,2020-09-04,,0.0,PEAD_Q5,63,5.15
IN,AVTNPL,2020-09-07,,0.0,PEAD_Q5,63,8.73
IN,HINDCOPPER,2020-09-14,,0.0,PEAD_Q5,63,38.09
IN,KELLTONTEC,2020-09-15,,0.0,PEAD_Q5,63,45.59
IN,ADANIGREEN,2020-09-15,,0.0,PEAD_Q5,63,51.97
IN,RVNL,2020-09-15,,0.0,PEAD_Q5,63,11.74
IN,ARVSMART,2020-09-15,,0.0,PEAD_Q5,63,32.26
IN,WSTCSTPAPR,2020-09-15,,0.0,PEAD_Q5,63,-2.91
IN,MAXIND,2020-09-17,,0.0,PEAD_Q5,63,-2.56
IN,JBCHEPHARM,2020-09-17,,0.0,PEAD_Q5,63,-0.43
IN,JISLJALEQS,2020-09-18,,0.0,PEAD_Q5,63,9.35
IN,HDFC,2020-10-01,,0.0,PEAD_Q5,63,44.0
IN,SHALBY,2020-10-14,,0.0,PEAD_Q5,63,20.43
IN,GNA,2020-10-14,,0.0,PEAD_Q5,63,47.56
IN,TATASTLLP,2020-10-15,,0.0,PEAD_Q5,63,114.65
IN,TATAELXSI,2020-10-19,,0.0,PEAD_Q5,63,79.43
IN,TATASTLBSL,2020-10-19,,0.0,PEAD_Q5,63,84.03
IN,DCBBANK,2020-10-20,,0.0,PEAD_Q5,63,50.47
IN,TATACOMM,2020-10-20,,0.0,PEAD_Q5,63,9.52
IN,MUTHOOTFIN,2020-10-20,,0.0,PEAD_Q5,63,-1.51
IN,CYIENT,2020-10-20,,0.0,PEAD_Q5,63,23.93
IN,BANKBARODA,2020-10-20,,0.0,PEAD_Q5,63,89.84
IN,SBIN,2020-10-20,,0.0,PEAD_Q5,63,49.0
IN,ICICIBANK,2020-10-20,,0.0,PEAD_Q5,63,32.9
IN,MAHABANK,2020-10-20,,0.0,PEAD_Q5,63,38.53
IN,BORORENEW,2020-10-21,,0.0,PEAD_Q5,63,151.5
IN,DMART,2020-10-21,,0.0,PEAD_Q5,63,30.64
IN,OBEROIRLTY,2020-10-21,,0.0,PEAD_Q5,63,20.57
IN,CRISIL,2020-10-23,,0.0,PEAD_Q5,63,-1.7
IN,CHENNPETRO,2020-10-23,,0.0,PEAD_Q5,63,55.53
IN,NEWGEN,2020-10-23,,0.0,PEAD_Q5,63,16.99
IN,HINDZINC,2020-10-23,,0.0,PEAD_Q5,63,11.85
IN,TIINDIA,2020-10-26,,0.0,PEAD_Q5,63,26.83
IN,TEJASNET,2020-10-26,,0.0,PEAD_Q5,63,52.97
IN,PRICOLLTD,2020-10-26,,0.0,PEAD_Q5,63,-11.26
IN,JKTYRE,2020-10-26,,0.0,PEAD_Q5,63,82.23
IN,GMMPFAUDLR,2020-10-26,,0.0,PEAD_Q5,63,-1.16
IN,ICIL,2020-10-26,,0.0,PEAD_Q5,63,-18.54
IN,CROMPTON,2020-10-27,,0.0,PEAD_Q5,63,41.2
IN,POLYCAB,2020-10-28,,0.0,PEAD_Q5,63,30.46
IN,ROSSARI,2020-10-29,,0.0,PEAD_Q5,63,10.83
IN,ROUTE,2020-10-30,,0.0,PEAD_Q5,63,12.23
IN,ASTEC,2020-11-02,,0.0,PEAD_Q5,63,-0.59
IN,NAVINFLUOR,2020-11-02,,0.0,PEAD_Q5,63,17.33
IN,SAREGAMA,2020-11-02,,0.0,PEAD_Q5,63,59.88
IN,SIS,2020-11-03,,0.0,PEAD_Q5,63,5.81
IN,DIXON,2020-11-03,,0.0,PEAD_Q5,63,69.11
IN,HAVELLS,2020-11-03,,0.0,PEAD_Q5,63,44.78
IN,BLUEDART,2020-11-03,,0.0,PEAD_Q5,63,12.15
IN,KOPRAN,2020-11-03,,0.0,PEAD_Q5,63,-3.06
IN,TVSMOTOR,2020-11-03,,0.0,PEAD_Q5,63,40.21
IN,MASTEK,2020-11-03,,0.0,PEAD_Q5,63,35.81
IN,CHOLAFIN,2020-11-04,,0.0,PEAD_Q5,63,53.62
IN,BHARTIARTL,2020-11-04,,0.0,PEAD_Q5,63,28.26
IN,PRSMJOHNSN,2020-11-05,,0.0,PEAD_Q5,63,36.68
IN,NILKAMAL,2020-11-06,,0.0,PEAD_Q5,63,28.24
IN,CARERATING,2020-11-06,,0.0,PEAD_Q5,63,19.81
IN,SRF,2020-11-06,,0.0,PEAD_Q5,63,11.28
IN,BASF,2020-11-06,,0.0,PEAD_Q5,63,13.55
IN,EQUITAS,2020-11-09,,0.0,PEAD_Q5,63,88.03
IN,INDUSINDBK,2020-11-09,,0.0,PEAD_Q5,63,31.9
IN,DALBHARAT,2020-11-09,,0.0,PEAD_Q5,63,50.86
IN,JSLHISAR,2020-11-09,,0.0,PEAD_Q5,63,16.53
IN,HINDPETRO,2020-11-09,,0.0,PEAD_Q5,63,8.1
IN,KSB,2020-11-10,,0.0,PEAD_Q5,63,34.21
IN,VOLTAS,2020-11-10,,0.0,PEAD_Q5,63,44.27
IN,ABB,2020-11-10,,0.0,PEAD_Q5,63,50.02
IN,SOMANYCERA,2020-11-10,,0.0,PEAD_Q5,63,86.12
IN,AUBANK,2020-11-11,,0.0,PEAD_Q5,63,29.76
IN,CUB,2020-11-11,,0.0,PEAD_Q5,63,-9.55
IN,ACE,2020-11-11,,0.0,PEAD_Q5,63,119.2
IN,UBL,2020-11-11,,0.0,PEAD_Q5,63,20.59
IN,ASTRAL,2020-11-11,,0.0,PEAD_Q5,63,64.95
IN,LEMONTREE,2020-11-11,,0.0,PEAD_Q5,63,40.37
IN,PGHH,2020-11-12,,0.0,PEAD_Q5,63,25.43
IN,DELTACORP,2020-11-12,,0.0,PEAD_Q5,63,19.32
IN,RECLTD,2020-11-12,,0.0,PEAD_Q5,63,28.79
IN,VIPIND,2020-11-12,,0.0,PEAD_Q5,63,29.88
IN,HINDALCO,2020-11-13,,0.0,PEAD_Q5,63,43.77
IN,ITI,2020-11-13,,0.0,PEAD_Q5,63,-1.26
IN,IGPL,2020-11-13,,0.0,PEAD_Q5,63,9.07
IN,NCC,2020-11-13,,0.0,PEAD_Q5,63,113.11
IN,FIEMIND,2020-11-13,,0.0,PEAD_Q5,63,5.29
IN,KIRIINDUS,2020-11-13,,0.0,PEAD_Q5,63,-10.47
IN,DYNPRO,2020-11-13,,0.0,PEAD_Q5,63,48.86
IN,EXIDEIND,2020-11-13,,0.0,PEAD_Q5,63,25.27
IN,ASTERDM,2020-11-13,,0.0,PEAD_Q5,63,-8.01
IN,SHREDIGCEM,2020-11-13,,0.0,PEAD_Q5,63,-7.54
IN,MAYURUNIQ,2020-11-13,,0.0,PEAD_Q5,63,61.5
IN,OIL,2020-11-13,,0.0,PEAD_Q5,63,28.67
IN,SANGHIIND,2020-11-13,,0.0,PEAD_Q5,63,32.64
IN,LUXIND,2020-11-13,,0.0,PEAD_Q5,63,21.12
IN,NAUKRI,2020-11-13,,0.0,PEAD_Q5,63,32.0
IN,LAOPALA,2020-11-17,,0.0,PEAD_Q5,63,-0.95
IN,TIRUMALCHM,2020-11-17,,0.0,PEAD_Q5,63,11.3
IN,EICHERMOT,2020-11-17,,0.0,PEAD_Q5,63,6.05
IN,GRASIM,2020-11-17,,0.0,PEAD_Q5,63,46.93
IN,PETRONET,2020-11-17,,0.0,PEAD_Q5,63,-7.35
IN,APOLLOHOSP,2020-11-17,,0.0,PEAD_Q5,63,40.2
IN,HSCL,2020-11-17,,0.0,PEAD_Q5,63,-1.11
IN,NRBBEARING,2020-11-17,,0.0,PEAD_Q5,63,55.9
IN,MAZDOCK,2020-11-17,,0.0,PEAD_Q5,63,16.75
IN,PGHL,2020-11-17,,0.0,PEAD_Q5,63,21.46
IN,GALAXYSURF,2020-11-17,,0.0,PEAD_Q5,63,13.51
IN,HINDOILEXP,2020-11-17,,0.0,PEAD_Q5,63,19.11
IN,AUROPHARMA,2020-11-17,,0.0,PEAD_Q5,63,7.78
IN,GABRIEL,2020-11-17,,0.0,PEAD_Q5,63,4.71
IN,SHK,2020-11-17,,0.0,PEAD_Q5,63,-7.41
IN,AMRUTANJAN,2020-11-17,,0.0,PEAD_Q5,63,17.93
IN,ASHOKA,2020-11-17,,0.0,PEAD_Q5,63,60.38
IN,FLUOROCHEM,2020-11-18,,0.0,PEAD_Q5,63,5.6
IN,TATASTEEL,2020-11-18,,0.0,PEAD_Q5,63,34.91
IN,SADBHAV,2020-11-18,,0.0,PEAD_Q5,63,53.36
IN,ROHLTD,2020-11-18,,0.0,PEAD_Q5,63,-5.08
IN,PHOENIXLTD,2020-11-18,,0.0,PEAD_Q5,63,26.86
IN,MANGALAM,2020-11-18,,0.0,PEAD_Q5,63,-30.97
IN,FORTIS,2020-11-18,,0.0,PEAD_Q5,63,14.65
IN,METROPOLIS,2020-11-18,,0.0,PEAD_Q5,63,-1.69
IN,EKC,2020-11-18,,0.0,PEAD_Q5,63,109.83
IN,DCAL,2020-11-18,,0.0,PEAD_Q5,63,-14.85
IN,EVEREADY,2020-11-19,,0.0,PEAD_Q5,63,26.87
IN,APEX,2020-11-19,,0.0,PEAD_Q5,63,-13.14
IN,IDFC,2020-11-24,,0.0,PEAD_Q5,63,36.83
IN,J&KBANK,2020-11-24,,0.0,PEAD_Q5,63,16.63
IN,HUDCO,2020-11-25,,0.0,PEAD_Q5,63,35.94
IN,BEPL,2021-01-13,,0.0,PEAD_Q5,63,1.17
IN,KTKBANK,2021-01-14,,0.0,PEAD_Q5,63,-11.38
IN,CESC,2021-01-15,,0.0,PEAD_Q5,63,-16.04
IN,TATASTLLP,2021-01-18,,0.0,PEAD_Q5,63,3.87
IN,CEATLTD,2021-01-21,,0.0,PEAD_Q5,63,-2.7
IN,GDL,2021-01-22,,0.0,PEAD_Q5,63,35.92
IN,CONFIPET,2021-01-25,,0.0,PEAD_Q5,63,48.86
IN,SBICARD,2021-01-25,,0.0,PEAD_Q5,63,-3.65
IN,BAJAJ-AUTO,2021-01-25,,0.0,PEAD_Q5,63,-8.04
IN,GLAND,2021-01-27,,0.0,PEAD_Q5,63,25.58
IN,VMART,2021-01-27,,0.0,PEAD_Q5,63,14.39
IN,CYIENT,2021-01-27,,0.0,PEAD_Q5,63,17.52
IN,KAJARIACER,2021-01-27,,0.0,PEAD_Q5,63,8.95
IN,AARTIDRUGS,2021-01-28,,0.0,PEAD_Q5,63,3.52
IN,UCOBANK,2021-01-28,,0.0,PEAD_Q5,63,-10.59
IN,MAHLIFE,2021-01-28,,0.0,PEAD_Q5,63,25.26
IN,SUPREMEIND,2021-01-28,,0.0,PEAD_Q5,63,19.51
IN,NAM-INDIA,2021-01-29,,0.0,PEAD_Q5,63,5.26
IN,MARICO,2021-01-29,,0.0,PEAD_Q5,63,9.55
IN,KPITTECH,2021-02-01,,0.0,PEAD_Q5,63,48.04
IN,ORIENTCEM,2021-02-01,,0.0,PEAD_Q5,63,31.97
IN,IRCTC,2021-02-01,,0.0,PEAD_Q5,63,18.17
IN,COLPAL,2021-02-01,,0.0,PEAD_Q5,63,-6.0
IN,DBCORP,2021-02-01,,0.0,PEAD_Q5,63,-2.02
IN,ECLERX,2021-02-01,,0.0,PEAD_Q5,63,30.19
IN,TEAMLEASE,2021-02-01,,0.0,PEAD_Q5,63,20.21
IN,AXISBANK,2021-02-01,,0.0,PEAD_Q5,63,0.9
IN,QUESS,2021-02-01,,0.0,PEAD_Q5,63,4.99
IN,SRIPIPES,2021-02-01,,0.0,PEAD_Q5,63,27.11
IN,JKPAPER,2021-02-01,,0.0,PEAD_Q5,63,10.83
IN,DATAMATICS,2021-02-01,,0.0,PEAD_Q5,63,22.42
IN,ADFFOODS,2021-02-02,,0.0,PEAD_Q5,63,34.07
IN,ORIENTELEC,2021-02-02,,0.0,PEAD_Q5,63,0.15
IN,DLF,2021-02-02,,0.0,PEAD_Q5,63,-12.41
IN,UNIONBANK,2021-02-02,,0.0,PEAD_Q5,63,4.54
IN,IIFL,2021-02-02,,0.0,PEAD_Q5,63,37.56
IN,SHRIRAMCIT,2021-02-02,,0.0,PEAD_Q5,63,34.87
IN,LICHSGFIN,2021-02-02,,0.0,PEAD_Q5,63,-4.13
IN,LGBBROSLTD,2021-02-02,,0.0,PEAD_Q5,63,-7.5
IN,CUMMINSIND,2021-02-02,,0.0,PEAD_Q5,63,10.32
IN,SHREECEM,2021-02-03,,0.0,PEAD_Q5,63,5.06
IN,ICICIBANK,2021-02-03,,0.0,PEAD_Q5,63,-1.46
IN,INTELLECT,2021-02-04,,0.0,PEAD_Q5,63,89.57
IN,NEULANDLAB,2021-02-04,,0.0,PEAD_Q5,63,70.13
IN,FINPIPE,2021-02-04,,0.0,PEAD_Q5,63,15.59
IN,ONMOBILE,2021-02-04,,0.0,PEAD_Q5,63,58.05
IN,PANAMAPET,2021-02-05,,0.0,PEAD_Q5,63,48.09
IN,THERMAX,2021-02-05,,0.0,PEAD_Q5,63,20.43
IN,PRINCEPIPE,2021-02-05,,0.0,PEAD_Q5,63,42.71
IN,HINDCOPPER,2021-02-05,,0.0,PEAD_Q5,63,147.68
IN,PIIND,2021-02-05,,0.0,PEAD_Q5,63,19.23
IN,BUTTERFLY,2021-02-05,,0.0,PEAD_Q5,63,5.88
IN,ESCORTS,2021-02-05,,0.0,PEAD_Q5,63,-16.47
IN,CARBORUNIV,2021-02-05,,0.0,PEAD_Q5,63,22.95
IN,GSFC,2021-02-05,,0.0,PEAD_Q5,63,40.74
IN,BAJAJCON,2021-02-05,,0.0,PEAD_Q5,63,3.83
IN,SONATSOFTW,2021-02-08,,0.0,PEAD_Q5,63,39.34
IN,SBIN,2021-02-08,,0.0,PEAD_Q5,63,-9.22
IN,BRIGADE,2021-02-08,,0.0,PEAD_Q5,63,-14.54
IN,MANGCHEFER,2021-02-08,,0.0,PEAD_Q5,63,62.68
IN,DOLLAR,2021-02-08,,0.0,PEAD_Q5,63,-6.62
IN,PRAJIND,2021-02-08,,0.0,PEAD_Q5,63,137.43
IN,APOLLOTYRE,2021-02-08,,0.0,PEAD_Q5,63,-16.4
IN,PNCINFRA,2021-02-08,,0.0,PEAD_Q5,63,-14.72
IN,M&M,2021-02-09,,0.0,PEAD_Q5,63,-15.8
IN,KIRLOSENG,2021-02-09,,0.0,PEAD_Q5,63,50.38
IN,SKFINDIA,2021-02-09,,0.0,PEAD_Q5,63,0.6
IN,DALBHARAT,2021-02-09,,0.0,PEAD_Q5,63,31.81
IN,PNBGILTS,2021-02-09,,0.0,PEAD_Q5,63,6.51
IN,BAJAJELEC,2021-02-09,,0.0,PEAD_Q5,63,7.01
IN,CONCOR,2021-02-09,,0.0,PEAD_Q5,63,12.91
IN,TBZ,2021-02-10,,0.0,PEAD_Q5,63,-11.65
IN,ELGIEQUIP,2021-02-10,,0.0,PEAD_Q5,63,26.81
IN,CAMLINFINE,2021-02-10,,0.0,PEAD_Q5,63,52.2
IN,VRLLOG,2021-02-10,,0.0,PEAD_Q5,63,17.33
IN,CGPOWER,2021-02-10,,0.0,PEAD_Q5,63,91.27
IN,MANGLMCEM,2021-02-10,,0.0,PEAD_Q5,63,16.32
IN,NILKAMAL,2021-02-11,,0.0,PEAD_Q5,63,24.37
IN,BASF,2021-02-11,,0.0,PEAD_Q5,63,27.5
IN,MANALIPETC,2021-02-11,,0.0,PEAD_Q5,63,66.77
IN,ELECON,2021-02-11,,0.0,PEAD_Q5,63,52.91
IN,BALAMINES,2021-02-11,,0.0,PEAD_Q5,63,65.53
IN,MFSL,2021-02-11,,0.0,PEAD_Q5,63,8.21
IN,REDINGTON,2021-02-11,,0.0,PEAD_Q5,63,15.49
IN,FRETAIL,2021-02-11,,0.0,PEAD_Q5,63,-41.68
IN,TFCILTD,2021-02-12,,0.0,PEAD_Q5,63,11.05
IN,POLYPLEX,2021-02-12,,0.0,PEAD_Q5,63,23.75
IN,HAPPSTMNDS,2021-02-12,,0.0,PEAD_Q5,63,87.29
IN,MUTHOOTFIN,2021-02-12,,0.0,PEAD_Q5,63,-3.94
IN,ENIL,2021-02-15,,0.0,PEAD_Q5,63,-6.11
IN,JBCHEPHARM,2021-02-15,,0.0,PEAD_Q5,63,16.04
IN,ZEEMEDIA,2021-02-15,,0.0,PEAD_Q5,63,72.57
IN,GREENPLY,2021-02-15,,0.0,PEAD_Q5,63,30.34
IN,CAPACITE,2021-02-15,,0.0,PEAD_Q5,63,-1.68
IN,XCHANGING,2021-02-15,,0.0,PEAD_Q5,63,3.0
IN,WABAG,2021-02-15,,0.0,PEAD_Q5,63,13.31
IN,GREAVESCOT,2021-02-15,,0.0,PEAD_Q5,63,39.57
IN,SUPRAJIT,2021-02-15,,0.0,PEAD_Q5,63,8.11
IN,TTKPRESTIG,2021-02-15,,0.0,PEAD_Q5,63,-0.95
IN,MARINE,2021-02-15,,0.0,PEAD_Q5,63,59.88
IN,STARPAPER,2021-02-15,,0.0,PEAD_Q5,63,6.11
IN,TARC,2021-02-15,,0.0,PEAD_Q5,63,-10.58
IN,CRISIL,2021-02-16,,0.0,PEAD_Q5,63,-4.35
IN,MAYURUNIQ,2021-02-16,,0.0,PEAD_Q5,63,3.41
IN,DEEPAKNTR,2021-02-16,,0.0,PEAD_Q5,63,40.3
IN,TIINDIA,2021-02-16,,0.0,PEAD_Q5,63,16.69
IN,HARRMALAYA,2021-02-16,,0.0,PEAD_Q5,63,53.07
IN,GOLDIAM,2021-02-16,,0.0,PEAD_Q5,63,33.41
IN,HAL,2021-02-16,,0.0,PEAD_Q5,63,-0.23
IN,INDIAGLYCO,2021-02-17,,0.0,PEAD_Q5,63,0.55
IN,ONGC,2021-02-17,,0.0,PEAD_Q5,63,12.08
IN,APOLLOHOSP,2021-02-17,,0.0,PEAD_Q5,63,-1.09
IN,GICHSGFIN,2021-02-17,,0.0,PEAD_Q5,63,-8.75
IN,DBL,2021-02-17,,0.0,PEAD_Q5,63,-4.3
IN,SCHAEFFLER,2021-02-19,,0.0,PEAD_Q5,63,0.1
IN,KSB,2021-03-02,,0.0,PEAD_Q5,63,39.15
IN,LINDEINDIA,2021-03-04,,0.0,PEAD_Q5,63,-9.45
IN,RAILTEL,2021-03-24,,0.0,PEAD_Q5,63,7.68
IN,WIPRO,2021-04-19,,0.0,PEAD_Q5,63,21.37
IN,GTPL,2021-04-20,,0.0,PEAD_Q5,63,37.71
IN,TATASTLBSL,2021-04-26,,0.0,PEAD_Q5,63,43.19
IN,SWARAJENG,2021-04-26,,0.0,PEAD_Q5,63,25.1
IN,NETWORK18,2021-04-26,,0.0,PEAD_Q5,63,26.14
IN,TV18BRDCST,2021-04-26,,0.0,PEAD_Q5,63,12.54
IN,ISEC,2021-04-26,,0.0,PEAD_Q5,63,52.23
IN,TATAELXSI,2021-04-27,,0.0,PEAD_Q5,63,31.52
IN,SBICARD,2021-04-29,,0.0,PEAD_Q5,63,2.77
IN,HATHWAY,2021-04-30,,0.0,PEAD_Q5,63,11.09
IN,TVSMOTOR,2021-04-30,,0.0,PEAD_Q5,63,-8.18
IN,MASTEK,2021-05-03,,0.0,PEAD_Q5,63,63.14
IN,UTIAMC,2021-05-03,,0.0,PEAD_Q5,63,58.58
IN,COROMANDEL,2021-05-03,,0.0,PEAD_Q5,63,25.2
IN,NELCO,2021-05-03,,0.0,PEAD_Q5,63,84.37
IN,KPRMILL,2021-05-03,,0.0,PEAD_Q5,63,34.62
IN,TATACOFFEE,2021-05-04,,0.0,PEAD_Q5,63,46.06
IN,MARICO,2021-05-04,,0.0,PEAD_Q5,63,18.05
IN,PERSISTENT,2021-05-04,,0.0,PEAD_Q5,63,39.17
IN,VBL,2021-05-05,,0.0,PEAD_Q5,63,18.92
IN,HOMEFIRST,2021-05-06,,0.0,PEAD_Q5,63,13.23
IN,IDBI,2021-05-06,,0.0,PEAD_Q5,63,-8.14
IN,COFORGE,2021-05-10,,0.0,PEAD_Q5,63,48.96
IN,TATASTEEL,2021-05-10,,0.0,PEAD_Q5,63,16.1
IN,CRAFTSMAN,2021-05-10,,0.0,PEAD_Q5,63,30.37
IN,GRINDWELL,2021-05-11,,0.0,PEAD_Q5,63,-2.39
IN,SORILINFRA,2021-05-12,,0.0,PEAD_Q5,63,-12.7
IN,RELCAPITAL,2021-05-12,,0.0,PEAD_Q5,63,28.94
IN,DCBBANK,2021-05-12,,0.0,PEAD_Q5,63,-9.11
IN,CSBBANK,2021-05-12,,0.0,PEAD_Q5,63,15.78
IN,GODREJCP,2021-05-14,,0.0,PEAD_Q5,63,16.32
IN,CHAMBLFERT,2021-05-14,,0.0,PEAD_Q5,63,19.8
IN,VENKEYS,2021-05-14,,0.0,PEAD_Q5,63,28.8
IN,KEC,2021-05-17,,0.0,PEAD_Q5,63,3.73
IN,ERIS,2021-05-18,,0.0,PEAD_Q5,63,2.65
IN,EQUITAS,2021-05-18,,0.0,PEAD_Q5,63,42.18
IN,BALKRISIND,2021-05-18,,0.0,PEAD_Q5,63,7.88
IN,GOKEX,2021-05-18,,0.0,PEAD_Q5,63,74.03
IN,POLYCAB,2021-05-18,,0.0,PEAD_Q5,63,14.75
IN,UPL,2021-05-18,,0.0,PEAD_Q5,63,0.44
IN,PRINCEPIPE,2021-05-18,,0.0,PEAD_Q5,63,2.74
IN,ASIANPAINT,2021-05-18,,0.0,PEAD_Q5,63,5.3
IN,BIRLACORPN,2021-05-18,,0.0,PEAD_Q5,63,11.85
IN,HGINFRA,2021-05-18,,0.0,PEAD_Q5,63,64.73
IN,QUICKHEAL,2021-05-19,,0.0,PEAD_Q5,63,-1.75
IN,MRPL,2021-05-19,,0.0,PEAD_Q5,63,-13.39
IN,AUTOAXLES,2021-05-19,,0.0,PEAD_Q5,63,4.5
IN,MINDACORP,2021-05-20,,0.0,PEAD_Q5,63,15.56
IN,KSL,2021-05-20,,0.0,PEAD_Q5,63,-0.61
IN,SHAKTIPUMP,2021-05-20,,0.0,PEAD_Q5,63,-0.55
IN,ORIENTCEM,2021-05-20,,0.0,PEAD_Q5,63,17.18
IN,GLAND,2021-05-20,,0.0,PEAD_Q5,63,28.87
IN,MANINFRA,2021-05-21,,0.0,PEAD_Q5,63,51.69
IN,BRIGADE,2021-05-21,,0.0,PEAD_Q5,63,17.09
IN,TCIEXP,2021-05-24,,0.0,PEAD_Q5,63,2.71
IN,CONCOR,2021-05-25,,0.0,PEAD_Q5,63,-2.95
IN,BSOFT,2021-05-25,,0.0,PEAD_Q5,63,33.74
IN,JKLAKSHMI,2021-05-25,,0.0,PEAD_Q5,63,32.18
IN,HINDPETRO,2021-05-25,,0.0,PEAD_Q5,63,-13.33
IN,KNRCON,2021-05-25,,0.0,PEAD_Q5,63,29.07
IN,CCL,2021-05-26,,0.0,PEAD_Q5,63,13.39
IN,DCW,2021-05-26,,0.0,PEAD_Q5,63,-10.64
IN,TVSELECT,2021-05-26,,0.0,PEAD_Q5,63,9.2
IN,KABRAEXTRU,2021-05-26,,0.0,PEAD_Q5,63,27.07
IN,SHOPERSTOP,2021-05-26,,0.0,PEAD_Q5,63,4.35
IN,CROMPTON,2021-05-26,,0.0,PEAD_Q5,63,15.97
IN,INDOCO,2021-05-27,,0.0,PEAD_Q5,63,15.18
IN,VGUARD,2021-05-28,,0.0,PEAD_Q5,63,-10.93
IN,TCI,2021-05-28,,0.0,PEAD_Q5,63,-6.08
IN,TIRUMALCHM,2021-05-28,,0.0,PEAD_Q5,63,52.28
IN,LUXIND,2021-05-28,,0.0,PEAD_Q5,63,19.63
IN,ASTRAMICRO,2021-05-28,,0.0,PEAD_Q5,63,14.27
IN,SOLARINDS,2021-06-01,,0.0,PEAD_Q5,63,17.04
IN,ELECON,2021-06-01,,0.0,PEAD_Q5,63,44.81
IN,REDINGTON,2021-06-01,,0.0,PEAD_Q5,63,25.1
IN,JINDALSAW,2021-06-01,,0.0,PEAD_Q5,63,9.02
IN,KIOCL,2021-06-01,,0.0,PEAD_Q5,63,-1.71
IN,IRB,2021-06-01,,0.0,PEAD_Q5,63,42.4
IN,METROPOLIS,2021-06-01,,0.0,PEAD_Q5,63,12.93
IN,NH,2021-06-02,,0.0,PEAD_Q5,63,3.15
IN,CLSEL,2021-06-03,,0.0,PEAD_Q5,63,-10.81
IN,RUPA,2021-06-03,,0.0,PEAD_Q5,63,-9.01
IN,LASA,2021-06-03,,0.0,PEAD_Q5,63,5.89
IN,CHEMCON,2021-06-03,,0.0,PEAD_Q5,63,-5.06
IN,MAXHEALTH,2021-06-04,,0.0,PEAD_Q5,63,54.65
IN,RADICO,2021-06-04,,0.0,PEAD_Q5,63,37.95
IN,MUTHOOTFIN,2021-06-07,,0.0,PEAD_Q5,63,0.78
IN,NRBBEARING,2021-06-07,,0.0,PEAD_Q5,63,1.0
IN,JAICORPLTD,2021-06-08,,0.0,PEAD_Q5,63,18.73
IN,NIITLTD,2021-06-08,,0.0,PEAD_Q5,63,4.85
IN,MOIL,2021-06-08,,0.0,PEAD_Q5,63,-8.74
IN,BHARATFORG,2021-06-08,,0.0,PEAD_Q5,63,2.58
IN,GSPL,2021-06-08,,0.0,PEAD_Q5,63,14.7
IN,CENTRALBK,2021-06-09,,0.0,PEAD_Q5,63,-5.54
IN,PGEL,2021-06-09,,0.0,PEAD_Q5,63,-21.11
IN,WABAG,2021-06-09,,0.0,PEAD_Q5,63,12.01
IN,FAIRCHEMOR,2021-06-10,,0.0,PEAD_Q5,63,47.51
IN,SANGHIIND,2021-06-14,,0.0,PEAD_Q5,63,23.93
IN,BATAINDIA,2021-06-14,,0.0,PEAD_Q5,63,9.28
IN,SAIL,2021-06-15,,0.0,PEAD_Q5,63,-12.05
IN,LIKHITHA,2021-06-15,,0.0,PEAD_Q5,63,-8.21
IN,COCHINSHIP,2021-06-15,,0.0,PEAD_Q5,63,-9.83
IN,LGBBROSLTD,2021-06-15,,0.0,PEAD_Q5,63,1.8
IN,CARERATING,2021-06-16,,0.0,PEAD_Q5,63,2.07
IN,JPPOWER,2021-06-17,,0.0,PEAD_Q5,63,-22.32
IN,WHIRLPOOL,2021-06-17,,0.0,PEAD_Q5,63,-0.08
IN,SATIN,2021-06-17,,0.0,PEAD_Q5,63,-15.29
IN,BLS,2021-06-18,,0.0,PEAD_Q5,63,100.0
IN,KHADIM,2021-06-22,,0.0,PEAD_Q5,63,-4.2
IN,J&KBANK,2021-06-22,,0.0,PEAD_Q5,63,-8.49
IN,NTPC,2021-06-23,,0.0,PEAD_Q5,63,7.63
IN,BEL,2021-06-25,,0.0,PEAD_Q5,63,16.57
IN,ALLCARGO,2021-06-28,,0.0,PEAD_Q5,63,64.0
IN,IGL,2021-06-29,,0.0,PEAD_Q5,63,-5.69
IN,MSTCLTD,2021-06-29,,0.0,PEAD_Q5,63,11.47
IN,GODFRYPHLP,2021-06-29,,0.0,PEAD_Q5,63,15.94
IN,APOLLOHOSP,2021-06-29,,0.0,PEAD_Q5,63,23.18
IN,KCP,2021-06-29,,0.0,PEAD_Q5,63,-8.99
IN,ASHOKLEY,2021-06-29,,0.0,PEAD_Q5,63,4.69
IN,INDIAGLYCO,2021-06-30,,0.0,PEAD_Q5,63,25.86
IN,NATIONALUM,2021-06-30,,0.0,PEAD_Q5,63,19.21
IN,ZEEMEDIA,2021-06-30,,0.0,PEAD_Q5,63,16.32
IN,APEX,2021-06-30,,0.0,PEAD_Q5,63,0.36
IN,PNCINFRA,2021-06-30,,0.0,PEAD_Q5,63,32.73
IN,FINPIPE,2021-06-30,,0.0,PEAD_Q5,63,13.51
IN,UFLEX,2021-07-01,,0.0,PEAD_Q5,63,-1.71
IN,GICHSGFIN,2021-07-01,,0.0,PEAD_Q5,63,-21.51
IN,GRAPHITE,2021-07-01,,0.0,PEAD_Q5,63,-9.96
IN,HPL,2021-07-01,,0.0,PEAD_Q5,63,-7.52
IN,ISGEC,2021-07-01,,0.0,PEAD_Q5,63,-7.76
IN,FLFL,2021-07-01,,0.0,PEAD_Q5,63,-21.88
IN,VLSFINANCE,2021-07-02,,0.0,PEAD_Q5,63,2.64
IN,GSCLCEMENT,2021-07-02,,0.0,PEAD_Q5,63,5.08
IN,VINDHYATEL,2021-07-02,,0.0,PEAD_Q5,63,-3.76
IN,JISLJALEQS,2021-07-06,,0.0,PEAD_Q5,63,21.68
IN,KIMS,2021-07-07,,0.0,PEAD_Q5,63,9.14
IN,LIBAS,2021-07-13,,0.0,PEAD_Q5,63,-27.94
IN,LTTS,2021-07-16,,0.0,PEAD_Q5,63,51.07
IN,TINPLATE,2021-07-19,,0.0,PEAD_Q5,63,25.77
IN,CYIENT,2021-07-20,,0.0,PEAD_Q5,63,19.93
IN,MANGLMCEM,2021-07-22,,0.0,PEAD_Q5,63,-9.15
IN,ACC,2021-07-23,,0.0,PEAD_Q5,63,-5.52
IN,JUBLINGREA,2021-07-26,,0.0,PEAD_Q5,63,6.19
IN,SCHAEFFLER,2021-07-26,,0.0,PEAD_Q5,63,5.07
IN,MAHSCOOTER,2021-07-26,,0.0,PEAD_Q5,63,9.21
IN,JUBLFOOD,2021-07-26,,0.0,PEAD_Q5,63,4.39
IN,MPHASIS,2021-07-27,,0.0,PEAD_Q5,63,29.08
IN,SKFINDIA,2021-07-27,,0.0,PEAD_Q5,63,7.87
IN,RKFORGE,2021-07-28,,0.0,PEAD_Q5,63,35.6
IN,KPITTECH,2021-07-28,,0.0,PEAD_Q5,63,10.32
IN,POWERINDIA,2021-07-28,,0.0,PEAD_Q5,63,16.74
IN,ZENSARTECH,2021-07-29,,0.0,PEAD_Q5,63,9.16
IN,ANUP,2021-07-29,,0.0,PEAD_Q5,63,-2.68
IN,MAHLOG,2021-07-30,,0.0,PEAD_Q5,63,-14.89
IN,SRF,2021-07-30,,0.0,PEAD_Q5,63,22.54
IN,MOLDTKPAC,2021-07-30,,0.0,PEAD_Q5,63,26.82
IN,EPL,2021-08-02,,0.0,PEAD_Q5,63,-16.5
IN,PRIVISCL,2021-08-02,,0.0,PEAD_Q5,63,-5.13
IN,DEEPAKNTR,2021-08-02,,0.0,PEAD_Q5,63,10.95
IN,SHRIRAMCIT,2021-08-02,,0.0,PEAD_Q5,63,18.78
IN,LAURUSLABS,2021-08-02,,0.0,PEAD_Q5,63,-24.93
IN,GOODLUCK,2021-08-02,,0.0,PEAD_Q5,63,-2.55
IN,SHREDIGCEM,2021-08-02,,0.0,PEAD_Q5,63,-14.02
IN,NRAIL,2021-08-02,,0.0,PEAD_Q5,63,-11.95
IN,MPSLTD,2021-08-02,,0.0,PEAD_Q5,63,-5.56
IN,GHCL,2021-08-02,,0.0,PEAD_Q5,63,17.17
IN,TECHM,2021-08-02,,0.0,PEAD_Q5,63,23.12
IN,KSB,2021-08-03,,0.0,PEAD_Q5,63,12.11
IN,OBEROIRLTY,2021-08-03,,0.0,PEAD_Q5,63,43.89
IN,GRAVITA,2021-08-03,,0.0,PEAD_Q5,63,8.16
IN,PPL,2021-08-03,,0.0,PEAD_Q5,63,-14.15
IN,UTIAMC,2021-08-03,,0.0,PEAD_Q5,63,4.59
IN,LODHA,2021-08-03,,0.0,PEAD_Q5,63,28.27
IN,ASAHIINDIA,2021-08-03,,0.0,PEAD_Q5,63,14.8
IN,SUNPHARMA,2021-08-03,,0.0,PEAD_Q5,63,-0.86
IN,ROSSARI,2021-08-03,,0.0,PEAD_Q5,63,-2.92
IN,UFO,2021-08-03,,0.0,PEAD_Q5,63,7.27
IN,NURECA,2021-08-04,,0.0,PEAD_Q5,63,-2.55
IN,BLISSGVS,2021-08-04,,0.0,PEAD_Q5,63,-11.19
IN,NAHARPOLY,2021-08-04,,0.0,PEAD_Q5,63,-15.02
IN,SURYAROSNI,2021-08-04,,0.0,PEAD_Q5,63,11.38
IN,FEL,2021-08-04,,0.0,PEAD_Q5,63,-16.74
IN,CHOLAFIN,2021-08-04,,0.0,PEAD_Q5,63,19.05
IN,PIIND,2021-08-04,,0.0,PEAD_Q5,63,-11.84
IN,LYKALABS,2021-08-06,,0.0,PEAD_Q5,63,6.47
IN,ABCAPITAL,2021-08-09,,0.0,PEAD_Q5,63,-7.85
IN,NAVKARCORP,2021-08-09,,0.0,PEAD_Q5,63,-1.76
IN,HIKAL,2021-08-09,,0.0,PEAD_Q5,63,-17.91
IN,ACCELYA,2021-08-09,,0.0,PEAD_Q5,63,-16.63
IN,CAPLIPOINT,2021-08-09,,0.0,PEAD_Q5,63,-5.8
IN,SONATSOFTW,2021-08-09,,0.0,PEAD_Q5,63,-1.84
IN,IPCALAB,2021-08-09,,0.0,PEAD_Q5,63,-3.6
IN,ALKEM,2021-08-10,,0.0,PEAD_Q5,63,-0.76
IN,EMKAY,2021-08-10,,0.0,PEAD_Q5,63,3.79
IN,PATELENG,2021-08-10,,0.0,PEAD_Q5,63,39.03
IN,DCMNVL,2021-08-10,,0.0,PEAD_Q5,63,38.48
IN,JUBLINDS,2021-08-10,,0.0,PEAD_Q5,63,13.73
IN,VRLLOG,2021-08-11,,0.0,PEAD_Q5,63,60.09
IN,VINYLINDIA,2021-08-11,,0.0,PEAD_Q5,63,52.53
IN,IFBAGRO,2021-08-11,,0.0,PEAD_Q5,63,11.83
IN,TIMKEN,2021-08-11,,0.0,PEAD_Q5,63,30.15
IN,BASF,2021-08-11,,0.0,PEAD_Q5,63,-22.28
IN,AUBANK,2021-08-11,,0.0,PEAD_Q5,63,-5.59
IN,SONACOMS,2021-08-11,,0.0,PEAD_Q5,63,36.29
IN,HONDAPOWER,2021-08-12,,0.0,PEAD_Q5,63,10.78
IN,LXCHEM,2021-08-12,,0.0,PEAD_Q5,63,30.56
IN,SAKSOFT,2021-08-12,,0.0,PEAD_Q5,63,45.41
IN,AWHCL,2021-08-13,,0.0,PEAD_Q5,63,-16.79
IN,RPSGVENT,2021-08-13,,0.0,PEAD_Q5,63,8.16
IN,ANDHRSUGAR,2021-08-13,,0.0,PEAD_Q5,63,14.47
IN,KIRLOSENG,2021-08-13,,0.0,PEAD_Q5,63,-15.31
IN,GUFICBIO,2021-08-13,,0.0,PEAD_Q5,63,-10.9
IN,DVL,2021-08-13,,0.0,PEAD_Q5,63,-10.68
IN,PUNJABCHEM,2021-08-13,,0.0,PEAD_Q5,63,-8.88
IN,LEMONTREE,2021-08-13,,0.0,PEAD_Q5,63,45.93
IN,POWERGRID,2021-08-13,,0.0,PEAD_Q5,63,1.54
IN,SARLAPOLY,2021-08-13,,0.0,PEAD_Q5,63,23.35
IN,HERANBA,2021-08-13,,0.0,PEAD_Q5,63,-18.61
IN,KMSUGAR,2021-08-13,,0.0,PEAD_Q5,63,-7.48
IN,KOLTEPATIL,2021-08-13,,0.0,PEAD_Q5,63,32.35
IN,AMBIKCO,2021-08-13,,0.0,PEAD_Q5,63,39.32
IN,NELCAST,2021-08-16,,0.0,PEAD_Q5,63,-13.4
IN,TDPOWERSYS,2021-08-16,,0.0,PEAD_Q5,63,52.83
IN,SUNDRMFAST,2021-08-16,,0.0,PEAD_Q5,63,5.53
IN,HCC,2021-08-16,,0.0,PEAD_Q5,63,2.05
IN,TRIDENT,2021-08-16,,0.0,PEAD_Q5,63,104.51
IN,INDOSTAR,2021-08-16,,0.0,PEAD_Q5,63,-26.56
IN,ALBERTDAVD,2021-08-16,,0.0,PEAD_Q5,63,2.78
IN,AVTNPL,2021-08-16,,0.0,PEAD_Q5,63,0.72
IN,HESTERBIO,2021-08-16,,0.0,PEAD_Q5,63,-3.73
IN,VIPIND,2021-08-16,,0.0,PEAD_Q5,63,26.1
IN,SUPRAJIT,2021-08-16,,0.0,PEAD_Q5,63,33.26
IN,RGL,2021-08-16,,0.0,PEAD_Q5,63,17.97
IN,IRCON,2021-08-16,,0.0,PEAD_Q5,63,10.01
IN,TRITURBINE,2021-08-17,,0.0,PEAD_Q5,63,33.65
IN,PURVA,2021-08-17,,0.0,PEAD_Q5,63,36.8
IN,STARCEMENT,2021-08-17,,0.0,PEAD_Q5,63,-15.66
IN,TIINDIA,2021-08-17,,0.0,PEAD_Q5,63,36.13
IN,MAXVIL,2021-08-17,,0.0,PEAD_Q5,63,32.41
IN,FORTIS,2021-08-17,,0.0,PEAD_Q5,63,6.99
IN,DEEPINDS,2021-08-17,,0.0,PEAD_Q5,63,18.33
IN,SHREEPUSHK,2021-08-17,,0.0,PEAD_Q5,63,27.23
IN,TVTODAY,2021-08-17,,0.0,PEAD_Q5,63,34.28
IN,TIIL,2021-08-17,,0.0,PEAD_Q5,63,11.53
IN,ELECTCAST,2021-08-17,,0.0,PEAD_Q5,63,-8.08
IN,AROGRANITE,2021-08-17,,0.0,PEAD_Q5,63,-8.69
IN,FIEMIND,2021-08-18,,0.0,PEAD_Q5,63,8.16
IN,WEBELSOLAR,2021-08-18,,0.0,PEAD_Q5,63,-0.36
IN,VSTTILLERS,2021-08-18,,0.0,PEAD_Q5,63,13.07
IN,TRIVENI,2021-08-18,,0.0,PEAD_Q5,63,4.91
IN,BANCOINDIA,2021-08-18,,0.0,PEAD_Q5,63,-5.66
IN,AMRUTANJAN,2021-08-18,,0.0,PEAD_Q5,63,29.17
IN,ITDC,2021-08-26,,0.0,PEAD_Q5,63,-0.22
IN,PGHH,2021-08-30,,0.0,PEAD_Q5,63,9.55
IN,GMBREW,2021-10-14,,0.0,PEAD_Q5,63,-10.75
IN,WIPRO,2021-10-18,,0.0,PEAD_Q5,63,-8.89
IN,SVPGLOB,2021-10-20,,0.0,PEAD_Q5,63,-38.62
IN,CYIENT,2021-10-20,,0.0,PEAD_Q5,63,-18.54
IN,SHOPERSTOP,2021-10-25,,0.0,PEAD_Q5,63,6.15
IN,GLAND,2021-10-26,,0.0,PEAD_Q5,63,-4.58
IN,TANLA,2021-10-26,,0.0,PEAD_Q5,63,48.48
IN,TVSMOTOR,2021-10-26,,0.0,PEAD_Q5,63,-0.83
IN,STLTECH,2021-10-26,,0.0,PEAD_Q5,63,-27.83
IN,JAGRAN,2021-10-27,,0.0,PEAD_Q5,63,8.14
IN,RAMCOCEM,2021-10-27,,0.0,PEAD_Q5,63,-18.05
IN,VARDHACRLC,2021-10-27,,0.0,PEAD_Q5,63,-15.2
IN,ICICIBANK,2021-10-27,,0.0,PEAD_Q5,63,-4.83
IN,VIMTALABS,2021-10-27,,0.0,PEAD_Q5,63,10.01
IN,TATVA,2021-10-27,,0.0,PEAD_Q5,63,-9.16
IN,ORIENTELEC,2021-10-27,,0.0,PEAD_Q5,63,0.01
IN,MAHLIFE,2021-10-28,,0.0,PEAD_Q5,63,-10.03
IN,CERA,2021-10-28,,0.0,PEAD_Q5,63,-10.9
IN,HOMEFIRST,2021-10-28,,0.0,PEAD_Q5,63,11.53
IN,SKFINDIA,2021-10-29,,0.0,PEAD_Q5,63,9.51
IN,ZENSARTECH,2021-10-29,,0.0,PEAD_Q5,63,-10.0
IN,ABB,2021-10-29,,0.0,PEAD_Q5,63,8.55
IN,AMBUJACEM,2021-10-29,,0.0,PEAD_Q5,63,-9.79
IN,BSOFT,2021-10-29,,0.0,PEAD_Q5,63,17.01
IN,GREAVESCOT,2021-10-29,,0.0,PEAD_Q5,63,55.58
IN,SANOFI,2021-10-29,,0.0,PEAD_Q5,63,-9.41
IN,GREENPANEL,2021-10-29,,0.0,PEAD_Q5,63,35.17
IN,VGUARD,2021-11-01,,0.0,PEAD_Q5,63,-16.22
IN,SCHAEFFLER,2021-11-01,,0.0,PEAD_Q5,63,24.14
IN,ESABINDIA,2021-11-01,,0.0,PEAD_Q5,63,31.49
IN,PRSMJOHNSN,2021-11-01,,0.0,PEAD_Q5,63,14.17
IN,INDIGO,2021-11-01,,0.0,PEAD_Q5,63,-10.48
IN,MARUTI,2021-11-01,,0.0,PEAD_Q5,63,12.39
IN,IIFL,2021-11-01,,0.0,PEAD_Q5,63,-3.07
IN,ASTEC,2021-11-01,,0.0,PEAD_Q5,63,25.15
IN,KOKUYOCMLN,2021-11-01,,0.0,PEAD_Q5,63,-8.16
IN,DALBHARAT,2021-11-01,,0.0,PEAD_Q5,63,-5.64
IN,GOKEX,2021-11-02,,0.0,PEAD_Q5,63,75.18
IN,EXIDEIND,2021-11-02,,0.0,PEAD_Q5,63,-2.37
IN,VOLTAMP,2021-11-02,,0.0,PEAD_Q5,63,27.68
IN,BBL,2021-11-02,,0.0,PEAD_Q5,63,22.13
IN,RPGLIFE,2021-11-02,,0.0,PEAD_Q5,63,-16.3
IN,GESHIP,2021-11-02,,0.0,PEAD_Q5,63,-7.04
IN,DRREDDY,2021-11-02,,0.0,PEAD_Q5,63,-6.97
IN,NACLIND,2021-11-02,,0.0,PEAD_Q5,63,17.41
IN,EMAMILTD,2021-11-02,,0.0,PEAD_Q5,63,-8.9
IN,GNFC,2021-11-02,,0.0,PEAD_Q5,63,-5.07
IN,CCL,2021-11-02,,0.0,PEAD_Q5,63,31.3
IN,VBL,2021-11-02,,0.0,PEAD_Q5,63,2.46
IN,BLUESTARCO,2021-11-02,,0.0,PEAD_Q5,63,-11.64
IN,NEULANDLAB,2021-11-02,,0.0,PEAD_Q5,63,-18.61
IN,APOLLOTYRE,2021-11-03,,0.0,PEAD_Q5,63,1.97
IN,IDFCFIRSTB,2021-11-03,,0.0,PEAD_Q5,63,-4.25
IN,ALLCARGO,2021-11-03,,0.0,PEAD_Q5,63,0.06
IN,MOLDTKPAC,2021-11-03,,0.0,PEAD_Q5,63,3.18
IN,KPITTECH,2021-11-03,,0.0,PEAD_Q5,63,80.36
IN,LUXIND,2021-11-03,,0.0,PEAD_Q5,63,-24.33
IN,POKARNA,2021-11-03,,0.0,PEAD_Q5,63,21.52
IN,DOLLAR,2021-11-03,,0.0,PEAD_Q5,63,33.48
IN,DEVYANI,2021-11-03,,0.0,PEAD_Q5,63,31.17
IN,SARDAEN,2021-11-03,,0.0,PEAD_Q5,63,2.97
IN,GLAXO,2021-11-03,,0.0,PEAD_Q5,63,-5.54
IN,GSFC,2021-11-03,,0.0,PEAD_Q5,63,-4.05
IN,VENUSREM,2021-11-03,,0.0,PEAD_Q5,63,-38.01
IN,LGBBROSLTD,2021-11-03,,0.0,PEAD_Q5,63,32.06
IN,DCBBANK,2021-11-03,,0.0,PEAD_Q5,63,-12.44
IN,JINDWORLD,2021-11-03,,0.0,PEAD_Q5,63,155.03
IN,OBEROIRLTY,2021-11-03,,0.0,PEAD_Q5,63,-8.29
IN,BANDHANBNK,2021-11-03,,0.0,PEAD_Q5,63,7.96
IN,BLKASHYAP,2021-11-04,,0.0,PEAD_Q5,63,1.25
IN,MINDACORP,2021-11-04,,0.0,PEAD_Q5,63,16.6
IN,CENTURYPLY,2021-11-04,,0.0,PEAD_Q5,63,-0.36
IN,TRENT,2021-11-04,,0.0,PEAD_Q5,63,-3.37
IN,BANKINDIA,2021-11-04,,0.0,PEAD_Q5,63,-10.46
IN,PRINCEPIPE,2021-11-04,,0.0,PEAD_Q5,63,-6.45
IN,ECLERX,2021-11-04,,0.0,PEAD_Q5,63,2.92
IN,TATAMTRDVR,2021-11-04,,0.0,PEAD_Q5,63,-10.44
IN,RANEHOLDIN,2021-11-04,,0.0,PEAD_Q5,63,-4.01
IN,PRIVISCL,2021-11-04,,0.0,PEAD_Q5,63,18.64
IN,GODREJPROP,2021-11-04,,0.0,PEAD_Q5,63,-37.99
IN,LAOPALA,2021-11-04,,0.0,PEAD_Q5,63,10.49
IN,PHOENIXLTD,2021-11-04,,0.0,PEAD_Q5,63,-2.58
IN,RTNINDIA,2021-11-08,,0.0,PEAD_Q5,63,24.75
IN,MANORG,2021-11-08,,0.0,PEAD_Q5,63,-1.84
IN,BATAINDIA,2021-11-09,,0.0,PEAD_Q5,63,-13.02
IN,EICHERMOT,2021-11-09,,0.0,PEAD_Q5,63,-4.96
IN,GRINDWELL,2021-11-09,,0.0,PEAD_Q5,63,5.35
IN,ELGIEQUIP,2021-11-10,,0.0,PEAD_Q5,63,81.92
IN,SMCGLOBAL,2021-11-10,,0.0,PEAD_Q5,63,0.0
IN,MUTHOOTFIN,2021-11-10,,0.0,PEAD_Q5,63,-12.9
IN,IDFC,2021-11-11,,0.0,PEAD_Q5,63,15.2
IN,EIDPARRY,2021-11-11,,0.0,PEAD_Q5,63,-6.89
IN,HEG,2021-11-11,,0.0,PEAD_Q5,63,-30.4
IN,M&M,2021-11-11,,0.0,PEAD_Q5,63,-7.75
IN,SIRCA,2021-11-11,,0.0,PEAD_Q5,63,19.5
IN,KARURVYSYA,2021-11-11,,0.0,PEAD_Q5,63,-4.32
IN,PRICOLLTD,2021-11-11,,0.0,PEAD_Q5,63,10.05
IN,AUROPHARMA,2021-11-11,,0.0,PEAD_Q5,63,-0.31
IN,NIITLTD,2021-11-12,,0.0,PEAD_Q5,63,20.52
IN,THERMAX,2021-11-12,,0.0,PEAD_Q5,63,21.26
IN,NH,2021-11-12,,0.0,PEAD_Q5,63,18.12
IN,MONTECARLO,2021-11-12,,0.0,PEAD_Q5,63,1.89
IN,AFFLE,2021-11-12,,0.0,PEAD_Q5,63,4.62
IN,TIMKEN,2021-11-12,,0.0,PEAD_Q5,63,-1.57
IN,MANALIPETC,2021-11-12,,0.0,PEAD_Q5,63,-9.59
IN,REDINGTON,2021-11-12,,0.0,PEAD_Q5,63,14.03
IN,SANSERA,2021-11-15,,0.0,PEAD_Q5,63,-16.86
IN,BRIGADE,2021-11-15,,0.0,PEAD_Q5,63,-5.05
IN,PENIND,2021-11-15,,0.0,PEAD_Q5,63,21.46
IN,CRISIL,2021-11-15,,0.0,PEAD_Q5,63,-15.54
IN,MAXHEALTH,2021-11-16,,0.0,PEAD_Q5,63,1.82
IN,NLCINDIA,2021-11-16,,0.0,PEAD_Q5,63,-1.05
IN,RELIGARE,2021-11-16,,0.0,PEAD_Q5,63,-28.5
IN,BSE,2021-11-16,,0.0,PEAD_Q5,63,40.65
IN,ISFT,2021-11-16,,0.0,PEAD_Q5,63,17.4
IN,FINEORG,2021-11-16,,0.0,PEAD_Q5,63,4.41
IN,TIMETECHNO,2021-11-16,,0.0,PEAD_Q5,63,-2.91
IN,SPAL,2021-11-16,,0.0,PEAD_Q5,63,3.33
IN,SOMANYCERA,2021-11-16,,0.0,PEAD_Q5,63,-10.95
IN,MAYURUNIQ,2021-11-16,,0.0,PEAD_Q5,63,-0.72
IN,IFCI,2021-11-16,,0.0,PEAD_Q5,63,4.62
IN,JBMA,2021-11-16,,0.0,PEAD_Q5,63,47.28
IN,WABAG,2021-11-17,,0.0,PEAD_Q5,63,-12.79
IN,HEROMOTOCO,2021-11-17,,0.0,PEAD_Q5,63,1.36
IN,THYROCARE,2021-11-17,,0.0,PEAD_Q5,63,-28.58
IN,SUULD,2021-11-17,,0.0,PEAD_Q5,63,-4.78
IN,SHALPAINTS,2021-11-17,,0.0,PEAD_Q5,63,23.59
IN,OPTIEMUS,2021-11-17,,0.0,PEAD_Q5,63,-12.04
IN,CAMS,2021-11-17,,0.0,PEAD_Q5,63,-18.43
IN,MIRZAINT,2021-11-17,,0.0,PEAD_Q5,63,95.0
IN,BAJAJELEC,2021-11-17,,0.0,PEAD_Q5,63,5.03
IN,PIIND,2021-11-17,,0.0,PEAD_Q5,63,-10.38
IN,APOLLOHOSP,2021-11-17,,0.0,PEAD_Q5,63,-20.04
IN,FINCABLES,2021-11-17,,0.0,PEAD_Q5,63,-19.5
IN,HONDAPOWER,2021-11-17,,0.0,PEAD_Q5,63,-7.38
IN,TCNSBRANDS,2021-11-17,,0.0,PEAD_Q5,63,-23.0
IN,ANGELONE,2022-01-19,,0.0,PEAD_Q5,63,28.99
IN,GNA,2022-01-19,,0.0,PEAD_Q5,63,-5.02
IN,METROBRAND,2022-01-19,,0.0,PEAD_Q5,63,-6.89
IN,TV18BRDCST,2022-01-20,,0.0,PEAD_Q5,63,31.61
IN,TATAELXSI,2022-01-21,,0.0,PEAD_Q5,63,10.83
IN,DCMSHRIRAM,2022-01-21,,0.0,PEAD_Q5,63,8.01
IN,JUSTDIAL,2022-01-21,,0.0,PEAD_Q5,63,-2.33
IN,ALOKINDS,2022-01-21,,0.0,PEAD_Q5,63,-12.04
IN,VINYLINDIA,2022-01-25,,0.0,PEAD_Q5,63,-3.16
IN,SHOPERSTOP,2022-01-25,,0.0,PEAD_Q5,63,35.73
IN,BIOCON,2022-01-25,,0.0,PEAD_Q5,63,-1.56
IN,SHARDACROP,2022-01-27,,0.0,PEAD_Q5,63,11.62
IN,RAYMOND,2022-01-28,,0.0,PEAD_Q5,63,4.16
IN,CIPLA,2022-01-28,,0.0,PEAD_Q5,63,2.71
IN,LODHA,2022-01-28,,0.0,PEAD_Q5,63,-20.41
IN,TEAMLEASE,2022-01-28,,0.0,PEAD_Q5,63,-9.08
IN,FEDERALBNK,2022-01-28,,0.0,PEAD_Q5,63,-5.74
IN,SBICARD,2022-01-28,,0.0,PEAD_Q5,63,-9.61
IN,CHENNPETRO,2022-01-28,,0.0,PEAD_Q5,63,173.39
IN,AXISBANK,2022-01-28,,0.0,PEAD_Q5,63,-7.52
IN,HOMEFIRST,2022-01-31,,0.0,PEAD_Q5,63,5.21
IN,RBLBANK,2022-01-31,,0.0,PEAD_Q5,63,-19.93
IN,ROUTE,2022-01-31,,0.0,PEAD_Q5,63,-11.01
IN,GMDCLTD,2022-01-31,,0.0,PEAD_Q5,63,75.96
IN,PSPPROJECT,2022-01-31,,0.0,PEAD_Q5,63,-13.58
IN,INTELLECT,2022-01-31,,0.0,PEAD_Q5,63,-7.27
IN,LICHSGFIN,2022-01-31,,0.0,PEAD_Q5,63,-3.97
IN,FILATEX,2022-01-31,,0.0,PEAD_Q5,63,-1.95
IN,ICRA,2022-01-31,,0.0,PEAD_Q5,63,7.9
IN,LAURUSLABS,2022-01-31,,0.0,PEAD_Q5,63,14.61
IN,CANBK,2022-01-31,,0.0,PEAD_Q5,63,-11.15
IN,NAUKRI,2022-02-01,,0.0,PEAD_Q5,63,-22.04
IN,HTMEDIA,2022-02-01,,0.0,PEAD_Q5,63,-10.66
IN,ARVSMART,2022-02-01,,0.0,PEAD_Q5,63,-23.75
IN,DEEPAKFERT,2022-02-01,,0.0,PEAD_Q5,63,4.31
IN,MFSL,2022-02-01,,0.0,PEAD_Q5,63,-23.52
IN,BSOFT,2022-02-01,,0.0,PEAD_Q5,63,-16.35
IN,COFORGE,2022-02-01,,0.0,PEAD_Q5,63,-18.48
IN,TIRUMALCHM,2022-02-01,,0.0,PEAD_Q5,63,-5.31
IN,OLECTRA,2022-02-02,,0.0,PEAD_Q5,63,-29.3
IN,SIYSIL,2022-02-02,,0.0,PEAD_Q5,63,21.1
IN,SUNPHARMA,2022-02-02,,0.0,PEAD_Q5,63,-0.59
IN,DLF,2022-02-02,,0.0,PEAD_Q5,63,-18.11
IN,UBL,2022-02-02,,0.0,PEAD_Q5,63,-12.22
IN,AMBER,2022-02-02,,0.0,PEAD_Q5,63,0.24
IN,AUBANK,2022-02-02,,0.0,PEAD_Q5,63,-8.42
IN,CHEMPLASTS,2022-02-02,,0.0,PEAD_Q5,63,-1.46
IN,NAVINFLUOR,2022-02-03,,0.0,PEAD_Q5,63,-8.4
IN,VRLLOG,2022-02-04,,0.0,PEAD_Q5,63,-2.55
IN,IOB,2022-02-04,,0.0,PEAD_Q5,63,-22.09
IN,MASFIN,2022-02-04,,0.0,PEAD_Q5,63,-14.53
IN,SBCL,2022-02-04,,0.0,PEAD_Q5,63,-19.23
IN,BLUESTARCO,2022-02-04,,0.0,PEAD_Q5,63,-0.94
IN,VIPIND,2022-02-04,,0.0,PEAD_Q5,63,-0.62
IN,SONACOMS,2022-02-04,,0.0,PEAD_Q5,63,-17.48
IN,MANGCHEFER,2022-02-04,,0.0,PEAD_Q5,63,14.92
IN,AVADHSUGAR,2022-02-04,,0.0,PEAD_Q5,63,-6.58
IN,SUMICHEM,2022-02-07,,0.0,PEAD_Q5,63,-1.2
IN,CENTENKA,2022-02-07,,0.0,PEAD_Q5,63,-20.89
IN,BALAMINES,2022-02-07,,0.0,PEAD_Q5,63,-10.27
IN,NAHARPOLY,2022-02-07,,0.0,PEAD_Q5,63,-17.92
IN,NITINSPIN,2022-02-07,,0.0,PEAD_Q5,63,-32.64
IN,DABUR,2022-02-07,,0.0,PEAD_Q5,63,-12.06
IN,ADANIGREEN,2022-02-07,,0.0,PEAD_Q5,63,20.36
IN,TRIVENI,2022-02-07,,0.0,PEAD_Q5,63,-11.57
IN,BALRAMCHIN,2022-02-07,,0.0,PEAD_Q5,63,-14.07
IN,WINDLAS,2022-02-07,,0.0,PEAD_Q5,63,-22.68
IN,DHANUKA,2022-02-07,,0.0,PEAD_Q5,63,-14.88
IN,AMBIKCO,2022-02-07,,0.0,PEAD_Q5,63,-35.29
IN,SAKSOFT,2022-02-07,,0.0,PEAD_Q5,63,-30.32
IN,VADILALIND,2022-02-08,,0.0,PEAD_Q5,63,77.51
IN,IPL,2022-02-08,,0.0,PEAD_Q5,63,-24.46
IN,INDIGO,2022-02-08,,0.0,PEAD_Q5,63,-25.56
IN,TATASTEEL,2022-02-08,,0.0,PEAD_Q5,63,-10.05
IN,CREDITACC,2022-02-08,,0.0,PEAD_Q5,63,27.33
IN,EVEREADY,2022-02-08,,0.0,PEAD_Q5,63,8.39
IN,CMSINFO,2022-02-08,,0.0,PEAD_Q5,63,-12.97
IN,PAYTM,2022-02-08,,0.0,PEAD_Q5,63,-42.09
IN,HCC,2022-02-08,,0.0,PEAD_Q5,63,-16.0
IN,ADANIPOWER,2022-02-08,,0.0,PEAD_Q5,63,135.46
IN,HGINFRA,2022-02-08,,0.0,PEAD_Q5,63,-18.38
IN,BUTTERFLY,2022-02-09,,0.0,PEAD_Q5,63,12.58
IN,CAMLINFINE,2022-02-09,,0.0,PEAD_Q5,63,-31.85
IN,PRAKASH,2022-02-09,,0.0,PEAD_Q5,63,-3.47
IN,GNFC,2022-02-09,,0.0,PEAD_Q5,63,14.14
IN,BANKBARODA,2022-02-09,,0.0,PEAD_Q5,63,-13.06
IN,JAGRAN,2022-02-10,,0.0,PEAD_Q5,63,-21.21
IN,DYNAMATECH,2022-02-10,,0.0,PEAD_Q5,63,-13.44
IN,RPSGVENT,2022-02-11,,0.0,PEAD_Q5,63,-24.15
IN,NDTV,2022-02-11,,0.0,PEAD_Q5,63,9.31
IN,ZEEMEDIA,2022-02-14,,0.0,PEAD_Q5,63,-9.97
IN,KIMS,2022-02-14,,0.0,PEAD_Q5,63,-3.78
IN,RHIM,2022-02-14,,0.0,PEAD_Q5,63,19.15
IN,AUROPHARMA,2022-02-14,,0.0,PEAD_Q5,63,-23.16
IN,GULFOILLUB,2022-02-14,,0.0,PEAD_Q5,63,-17.13
IN,PETRONET,2022-02-14,,0.0,PEAD_Q5,63,1.67
IN,USHAMART,2022-02-15,,0.0,PEAD_Q5,63,36.92
IN,UFLEX,2022-02-15,,0.0,PEAD_Q5,63,5.11
IN,FORTIS,2022-02-15,,0.0,PEAD_Q5,63,-9.53
IN,NHPC,2022-02-15,,0.0,PEAD_Q5,63,7.2
IN,SAPPHIRE,2022-02-15,,0.0,PEAD_Q5,63,-25.4
IN,SCHNEIDER,2022-02-15,,0.0,PEAD_Q5,63,-2.89
IN,DIVISLAB,2022-02-15,,0.0,PEAD_Q5,63,-0.49
IN,MOIL,2022-02-15,,0.0,PEAD_Q5,63,-5.54
IN,CUMMINSIND,2022-02-15,,0.0,PEAD_Q5,63,6.03
IN,BDL,2022-02-16,,0.0,PEAD_Q5,63,67.54
IN,DREDGECORP,2022-02-16,,0.0,PEAD_Q5,63,-10.27
IN,ISFT,2022-02-16,,0.0,PEAD_Q5,63,-16.41
IN,FAIRCHEMOR,2022-02-16,,0.0,PEAD_Q5,63,-24.36
IN,MAITHANALL,2022-02-16,,0.0,PEAD_Q5,63,-10.62
IN,TECHNOE,2022-02-17,,0.0,PEAD_Q5,63,8.52
IN,OMAXE,2022-02-17,,0.0,PEAD_Q5,63,-7.67
IN,ALICON,2022-02-17,,0.0,PEAD_Q5,63,-16.75
IN,SUULD,2022-02-17,,0.0,PEAD_Q5,63,-53.27
IN,JINDALPHOT,2022-02-17,,0.0,PEAD_Q5,63,-44.83
IN,COFFEEDAY,2022-02-17,,0.0,PEAD_Q5,63,-33.44
IN,LOKESHMACH,2022-02-17,,0.0,PEAD_Q5,63,11.53
IN,ALPA,2022-02-17,,0.0,PEAD_Q5,63,-10.43
IN,SADBHAV,2022-02-17,,0.0,PEAD_Q5,63,-28.59
IN,RESPONIND,2022-02-17,,0.0,PEAD_Q5,63,-31.15
IN,MTNL,2022-02-17,,0.0,PEAD_Q5,63,-13.89
IN,DHANI,2022-02-17,,0.0,PEAD_Q5,63,-57.83
IN,SPIC,2022-02-17,,0.0,PEAD_Q5,63,15.02
IN,CRISIL,2022-02-18,,0.0,PEAD_Q5,63,24.03
IN,SCHAEFFLER,2022-02-21,,0.0,PEAD_Q5,63,13.23
IN,KSB,2022-03-02,,0.0,PEAD_Q5,63,28.23
IN,HUHTAMAKI,2022-03-03,,0.0,PEAD_Q5,63,-0.74
IN,SWSOLAR,2022-04-12,,0.0,PEAD_Q5,63,-17.27
IN,GTPL,2022-04-12,,0.0,PEAD_Q5,63,-24.84
IN,MANYAVAR,2022-04-13,,0.0,PEAD_Q5,63,4.5
IN,ANANDRATHI,2022-04-19,,0.0,PEAD_Q5,63,-3.77
IN,DEN,2022-04-19,,0.0,PEAD_Q5,63,-25.26
IN,ANGELONE,2022-04-22,,0.0,PEAD_Q5,63,-26.74
IN,TATAELXSI,2022-04-25,,0.0,PEAD_Q5,63,4.71
IN,CYIENT,2022-04-26,,0.0,PEAD_Q5,63,-14.14
IN,MAHLOG,2022-04-29,,0.0,PEAD_Q5,63,-8.16
IN,KPITTECH,2022-04-29,,0.0,PEAD_Q5,63,-3.22
IN,DLINKINDIA,2022-04-29,,0.0,PEAD_Q5,63,14.19
IN,VBL,2022-05-02,,0.0,PEAD_Q5,63,19.84
IN,CHENNPETRO,2022-05-02,,0.0,PEAD_Q5,63,-10.14
IN,PERSISTENT,2022-05-02,,0.0,PEAD_Q5,63,-12.4
IN,INDHOTEL,2022-05-02,,0.0,PEAD_Q5,63,0.44
IN,HINDUNILVR,2022-05-02,,0.0,PEAD_Q5,63,18.24
IN,SUPREMEIND,2022-05-04,,0.0,PEAD_Q5,63,-4.92
IN,GOKEX,2022-05-04,,0.0,PEAD_Q5,63,-19.6
IN,SHRIRAMCIT,2022-05-04,,0.0,PEAD_Q5,63,19.68
IN,MOL,2022-05-05,,0.0,PEAD_Q5,63,-3.18
IN,GHCL,2022-05-05,,0.0,PEAD_Q5,63,-2.02
IN,CANFINHOME,2022-05-05,,0.0,PEAD_Q5,63,6.57
IN,KOTAKBANK,2022-05-06,,0.0,PEAD_Q5,63,4.27
IN,SOLARINDS,2022-05-06,,0.0,PEAD_Q5,63,-6.32
IN,RAIN,2022-05-06,,0.0,PEAD_Q5,63,10.51
IN,ACCELYA,2022-05-06,,0.0,PEAD_Q5,63,5.53
IN,20MICRONS,2022-05-06,,0.0,PEAD_Q5,63,7.63
IN,HOMEFIRST,2022-05-06,,0.0,PEAD_Q5,63,9.68
IN,SYMPHONY,2022-05-06,,0.0,PEAD_Q5,63,-17.22
IN,NEWGEN,2022-05-06,,0.0,PEAD_Q5,63,-18.85
IN,JBMA,2022-05-06,,0.0,PEAD_Q5,63,-18.32
IN,ANDHRAPAP,2022-05-09,,0.0,PEAD_Q5,63,14.98
IN,HAPPSTMNDS,2022-05-09,,0.0,PEAD_Q5,63,-1.5
IN,EQUITASBNK,2022-05-09,,0.0,PEAD_Q5,63,-16.11
IN,OFSS,2022-05-09,,0.0,PEAD_Q5,63,-6.85
IN,ABB,2022-05-09,,0.0,PEAD_Q5,63,15.73
IN,SATIN,2022-05-09,,0.0,PEAD_Q5,63,-6.12
IN,PNBGILTS,2022-05-10,,0.0,PEAD_Q5,63,1.27
IN,FACT,2022-05-10,,0.0,PEAD_Q5,63,-1.33
IN,INDUSTOWER,2022-05-10,,0.0,PEAD_Q5,63,-3.75
IN,GRINDWELL,2022-05-10,,0.0,PEAD_Q5,63,15.32
IN,CSBBANK,2022-05-10,,0.0,PEAD_Q5,63,0.02
IN,CEATLTD,2022-05-10,,0.0,PEAD_Q5,63,20.42
IN,BASF,2022-05-11,,0.0,PEAD_Q5,63,21.52
IN,DCBBANK,2022-05-11,,0.0,PEAD_Q5,63,4.15
IN,CRAFTSMAN,2022-05-12,,0.0,PEAD_Q5,63,24.16
IN,PRSMJOHNSN,2022-05-13,,0.0,PEAD_Q5,63,5.63
IN,KALYANKJIL,2022-05-13,,0.0,PEAD_Q5,63,13.53
IN,ZENSARTECH,2022-05-13,,0.0,PEAD_Q5,63,-23.4
IN,CERA,2022-05-13,,0.0,PEAD_Q5,63,25.01
IN,POLYCAB,2022-05-13,,0.0,PEAD_Q5,63,-4.85
IN,AJANTPHARM,2022-05-13,,0.0,PEAD_Q5,63,11.2
IN,RBLBANK,2022-05-16,,0.0,PEAD_Q5,63,-15.83
IN,AVANTIFEED,2022-05-16,,0.0,PEAD_Q5,63,3.98
IN,VIMTALABS,2022-05-16,,0.0,PEAD_Q5,63,11.96
IN,INDIANB,2022-05-16,,0.0,PEAD_Q5,63,17.94
IN,SOUTHBANK,2022-05-16,,0.0,PEAD_Q5,63,-1.88
IN,POONAWALLA,2022-05-16,,0.0,PEAD_Q5,63,20.07
IN,BRIGADE,2022-05-16,,0.0,PEAD_Q5,63,19.92
IN,KSL,2022-05-16,,0.0,PEAD_Q5,63,-1.85
IN,SPENCERS,2022-05-16,,0.0,PEAD_Q5,63,-5.14
IN,SKFINDIA,2022-05-16,,0.0,PEAD_Q5,63,41.04
IN,MAGADSUGAR,2022-05-16,,0.0,PEAD_Q5,63,-5.77
IN,NITINSPIN,2022-05-16,,0.0,PEAD_Q5,63,-10.18
IN,CHOLAHLDNG,2022-05-16,,0.0,PEAD_Q5,63,4.29
IN,SHARDACROP,2022-05-17,,0.0,PEAD_Q5,63,-26.02
IN,WELENT,2022-05-17,,0.0,PEAD_Q5,63,43.78
IN,ESCORTS,2022-05-17,,0.0,PEAD_Q5,63,13.82
IN,ELGIEQUIP,2022-05-17,,0.0,PEAD_Q5,63,32.25
IN,BALKRISIND,2022-05-17,,0.0,PEAD_Q5,63,3.73
IN,UNIONBANK,2022-05-17,,0.0,PEAD_Q5,63,8.94
IN,TIINDIA,2022-05-17,,0.0,PEAD_Q5,63,31.28
IN,HAL,2022-05-17,,0.0,PEAD_Q5,63,37.43
IN,BANKBARODA,2022-05-17,,0.0,PEAD_Q5,63,18.99
IN,CAPLIPOINT,2022-05-17,,0.0,PEAD_Q5,63,13.01
IN,GREAVESCOT,2022-05-17,,0.0,PEAD_Q5,63,13.58
IN,TATAMTRDVR,2022-05-17,,0.0,PEAD_Q5,63,19.1
IN,UJJIVANSFB,2022-05-17,,0.0,PEAD_Q5,63,22.38
IN,APOLLOTYRE,2022-05-17,,0.0,PEAD_Q5,63,16.4
IN,MATRIMONY,2022-05-17,,0.0,PEAD_Q5,63,2.31
IN,HCC,2022-05-17,,0.0,PEAD_Q5,63,-14.53
IN,CREDITACC,2022-05-17,,0.0,PEAD_Q5,63,3.83
IN,ICRA,2022-05-17,,0.0,PEAD_Q5,63,-2.36
IN,UTTAMSUGAR,2022-05-18,,0.0,PEAD_Q5,63,-8.28
IN,CENTURYPLY,2022-05-18,,0.0,PEAD_Q5,63,24.74
IN,DMART,2022-05-18,,0.0,PEAD_Q5,63,20.05
IN,VINATIORGA,2022-05-18,,0.0,PEAD_Q5,63,8.01
IN,AFFLE,2022-05-18,,0.0,PEAD_Q5,63,8.84
IN,JKPAPER,2022-05-18,,0.0,PEAD_Q5,63,19.73
IN,EICHERMOT,2022-05-18,,0.0,PEAD_Q5,63,26.02
IN,MINDACORP,2022-05-19,,0.0,PEAD_Q5,63,12.65
IN,SHYAMCENT,2022-05-19,,0.0,PEAD_Q5,63,-14.0
IN,STARCEMENT,2022-05-19,,0.0,PEAD_Q5,63,8.22
IN,GLOBE,2022-05-19,,0.0,PEAD_Q5,63,3.62
IN,RAYMOND,2022-05-19,,0.0,PEAD_Q5,63,15.33
IN,INDOCO,2022-05-19,,0.0,PEAD_Q5,63,-4.89
IN,PIIND,2022-05-20,,0.0,PEAD_Q5,63,26.82
IN,ITC,2022-05-20,,0.0,PEAD_Q5,63,11.43
IN,BAJAJHCARE,2022-05-20,,0.0,PEAD_Q5,63,14.73
IN,ORIENTBELL,2022-05-20,,0.0,PEAD_Q5,63,8.37
IN,NUCLEUS,2022-05-20,,0.0,PEAD_Q5,63,-4.1
IN,GALAXYSURF,2022-05-20,,0.0,PEAD_Q5,63,7.07
IN,NOCIL,2022-05-20,,0.0,PEAD_Q5,63,4.63
IN,EXPLEOSOL,2022-05-23,,0.0,PEAD_Q5,63,-0.36
IN,DRREDDY,2022-05-23,,0.0,PEAD_Q5,63,-2.06
IN,JKLAKSHMI,2022-05-23,,0.0,PEAD_Q5,63,-3.01
IN,RATNAMANI,2022-05-23,,0.0,PEAD_Q5,63,2.62
IN,ZYDUSLIFE,2022-05-24,,0.0,PEAD_Q5,63,4.27
IN,INDIGOPNTS,2022-05-24,,0.0,PEAD_Q5,63,0.37
IN,PAYTM,2022-05-24,,0.0,PEAD_Q5,63,20.07
IN,KIRLOSENG,2022-05-24,,0.0,PEAD_Q5,63,21.36
IN,SURYAROSNI,2022-05-24,,0.0,PEAD_Q5,63,-9.39
IN,BOSCHLTD,2022-05-24,,0.0,PEAD_Q5,63,23.0
IN,ENDURANCE,2022-05-24,,0.0,PEAD_Q5,63,10.04
IN,JAMNAAUTO,2022-05-25,,0.0,PEAD_Q5,63,1.61
IN,KSCL,2022-05-25,,0.0,PEAD_Q5,63,-17.77
IN,POWERMECH,2022-05-25,,0.0,PEAD_Q5,63,28.06
IN,SPAL,2022-05-25,,0.0,PEAD_Q5,63,39.79
IN,COCHINSHIP,2022-05-25,,0.0,PEAD_Q5,63,5.64
IN,SHILPAMED,2022-05-26,,0.0,PEAD_Q5,63,-11.29
IN,TORNTPHARM,2022-05-27,,0.0,PEAD_Q5,63,5.4
IN,AIAENG,2022-05-27,,0.0,PEAD_Q5,63,22.9
IN,INDIGO,2022-05-27,,0.0,PEAD_Q5,63,8.39
IN,SANGHVIMOV,2022-05-27,,0.0,PEAD_Q5,63,41.73
IN,STAR,2022-05-27,,0.0,PEAD_Q5,63,2.05
IN,ASTERDM,2022-05-27,,0.0,PEAD_Q5,63,8.64
IN,DEEPAKFERT,2022-05-27,,0.0,PEAD_Q5,63,49.48
IN,ITI,2022-05-30,,0.0,PEAD_Q5,63,20.92
IN,POLYPLEX,2022-05-30,,0.0,PEAD_Q5,63,-5.86
IN,APOLLOHOSP,2022-05-30,,0.0,PEAD_Q5,63,9.24
IN,MSUMI,2022-05-30,,0.0,PEAD_Q5,63,21.3
IN,PAGEIND,2022-05-30,,0.0,PEAD_Q5,63,9.65
IN,TIRUMALCHM,2022-05-30,,0.0,PEAD_Q5,63,-6.07
IN,AARTIIND,2022-05-31,,0.0,PEAD_Q5,63,9.19
IN,TIIL,2022-05-31,,0.0,PEAD_Q5,63,-11.76
IN,FINEORG,2022-05-31,,0.0,PEAD_Q5,63,26.96
IN,ARVINDFASN,2022-05-31,,0.0,PEAD_Q5,63,3.43
IN,CUB,2022-05-31,,0.0,PEAD_Q5,63,28.44
IN,WELCORP,2022-05-31,,0.0,PEAD_Q5,63,0.02
IN,KTKBANK,2022-05-31,,0.0,PEAD_Q5,63,11.39
IN,TIMKEN,2022-05-31,,0.0,PEAD_Q5,63,32.28
IN,HUDCO,2022-05-31,,0.0,PEAD_Q5,63,12.8
IN,CROMPTON,2022-05-31,,0.0,PEAD_Q5,63,12.71
IN,TARSONS,2022-05-31,,0.0,PEAD_Q5,63,5.95
IN,BEML,2022-05-31,,0.0,PEAD_Q5,63,30.4
IN,ASTRAZEN,2022-05-31,,0.0,PEAD_Q5,63,2.27
IN,SJS,2022-05-31,,0.0,PEAD_Q5,63,9.75
IN,WONDERLA,2022-05-31,,0.0,PEAD_Q5,63,51.92
IN,SHALPAINTS,2022-05-31,,0.0,PEAD_Q5,63,16.36
IN,GODREJIND,2022-05-31,,0.0,PEAD_Q5,63,0.26
IN,AWHCL,2022-05-31,,0.0,PEAD_Q5,63,14.92
IN,ALLCARGO,2022-05-31,,0.0,PEAD_Q5,63,11.9
IN,UNICHEMLAB,2022-05-31,,0.0,PEAD_Q5,63,18.65
IN,PANAMAPET,2022-06-01,,0.0,PEAD_Q5,63,15.9
IN,ICIL,2022-06-01,,0.0,PEAD_Q5,63,10.01
IN,SHRIRAMPPS,2022-06-01,,0.0,PEAD_Q5,63,17.11
IN,ROHLTD,2022-06-01,,0.0,PEAD_Q5,63,72.77
IN,MONTECARLO,2022-06-01,,0.0,PEAD_Q5,63,52.17
IN,JKIL,2022-06-01,,0.0,PEAD_Q5,63,20.09
IN,MAYURUNIQ,2022-06-01,,0.0,PEAD_Q5,63,27.19
IN,JUBLFOOD,2022-06-01,,0.0,PEAD_Q5,63,11.24
IN,FIEMIND,2022-06-01,,0.0,PEAD_Q5,63,45.35
IN,IFCI,2022-06-01,,0.0,PEAD_Q5,63,18.27
IN,CAPACITE,2022-06-01,,0.0,PEAD_Q5,63,40.51
IN,NAUKRI,2022-06-01,,0.0,PEAD_Q5,63,4.35
IN,63MOONS,2022-06-01,,0.0,PEAD_Q5,63,7.44
IN,TIMETECHNO,2022-06-01,,0.0,PEAD_Q5,63,16.23
IN,VRLLOG,2022-06-01,,0.0,PEAD_Q5,63,-4.99
IN,EKC,2022-06-01,,0.0,PEAD_Q5,63,-38.26
IN,3MINDIA,2022-06-01,,0.0,PEAD_Q5,63,7.98
IN,HINDCOPPER,2022-06-01,,0.0,PEAD_Q5,63,12.76
IN,CONFIPET,2022-06-01,,0.0,PEAD_Q5,63,18.05
IN,M&M,2022-06-01,,0.0,PEAD_Q5,63,25.27
IN,GAEL,2022-06-01,,0.0,PEAD_Q5,63,-16.9
IN,GOACARBON,2022-06-01,,0.0,PEAD_Q5,63,-0.31
IN,IONEXCHANG,2022-06-01,,0.0,PEAD_Q5,63,7.36
IN,SATIA,2022-06-01,,0.0,PEAD_Q5,63,-1.57
IN,OIL,2022-06-01,,0.0,PEAD_Q5,63,-21.4
IN,DELHIVERY,2022-06-02,,0.0,PEAD_Q5,63,-1.07
IN,COFFEEDAY,2022-06-02,,0.0,PEAD_Q5,63,2.21
IN,SRHHYPOLTD,2022-06-02,,0.0,PEAD_Q5,63,64.93
IN,KNRCON,2022-06-02,,0.0,PEAD_Q5,63,1.69
IN,MIRZAINT,2022-06-02,,0.0,PEAD_Q5,63,32.67
IN,SUULD,2022-06-02,,0.0,PEAD_Q5,63,-46.04
IN,NATCOPHARM,2022-06-02,,0.0,PEAD_Q5,63,-12.99
IN,TECHNOE,2022-06-02,,0.0,PEAD_Q5,63,2.43
IN,DBL,2022-06-02,,0.0,PEAD_Q5,63,2.05
IN,RGL,2022-06-02,,0.0,PEAD_Q5,63,-16.04
IN,HINDOILEXP,2022-06-02,,0.0,PEAD_Q5,63,-7.06
IN,NRBBEARING,2022-06-02,,0.0,PEAD_Q5,63,28.38
IN,RICOAUTO,2022-06-02,,0.0,PEAD_Q5,63,37.34
IN,RVNL,2022-06-02,,0.0,PEAD_Q5,63,-1.35
IN,HONDAPOWER,2022-06-09,,0.0,PEAD_Q5,63,-3.81
IN,RAJESHEXPO,2022-06-15,,0.0,PEAD_Q5,63,2.56
IN,NELCO,2022-07-21,,0.0,PEAD_Q5,63,32.41
IN,GSFC,2022-07-26,,0.0,PEAD_Q5,63,-21.57
IN,SDBL,2022-07-26,,0.0,PEAD_Q5,63,23.09
IN,JYOTHYLAB,2022-07-27,,0.0,PEAD_Q5,63,19.54
IN,EMUDHRA,2022-07-27,,0.0,PEAD_Q5,63,-2.37
IN,NAVINFLUOR,2022-07-27,,0.0,PEAD_Q5,63,6.26
IN,SHOPERSTOP,2022-07-28,,0.0,PEAD_Q5,63,30.17
IN,LAURUSLABS,2022-07-29,,0.0,PEAD_Q5,63,-8.67
IN,LALPATHLAB,2022-08-01,,0.0,PEAD_Q5,63,13.34
IN,TVSMOTOR,2022-08-01,,0.0,PEAD_Q5,63,22.45
IN,MOLDTKPAC,2022-08-01,,0.0,PEAD_Q5,63,13.99
IN,AGI,2022-08-01,,0.0,PEAD_Q5,63,15.1
IN,GESHIP,2022-08-02,,0.0,PEAD_Q5,63,7.51
IN,SUNDRMFAST,2022-08-02,,0.0,PEAD_Q5,63,14.91
IN,GREENPOWER,2022-08-02,,0.0,PEAD_Q5,63,-18.4
IN,ROUTE,2022-08-02,,0.0,PEAD_Q5,63,-11.11
IN,CIGNITITEC,2022-08-02,,0.0,PEAD_Q5,63,12.93
IN,APARINDS,2022-08-02,,0.0,PEAD_Q5,63,19.35
IN,GMMPFAUDLR,2022-08-02,,0.0,PEAD_Q5,63,13.53
IN,EVEREADY,2022-08-03,,0.0,PEAD_Q5,63,-5.95
IN,KANSAINER,2022-08-03,,0.0,PEAD_Q5,63,-9.62
IN,TRITURBINE,2022-08-03,,0.0,PEAD_Q5,63,51.95
IN,ZENTEC,2022-08-03,,0.0,PEAD_Q5,63,7.45
IN,CHOLAFIN,2022-08-03,,0.0,PEAD_Q5,63,-1.21
IN,IDFCFIRSTB,2022-08-03,,0.0,PEAD_Q5,63,32.79
IN,CDSL,2022-08-03,,0.0,PEAD_Q5,63,6.24
IN,NAVNETEDUL,2022-08-05,,0.0,PEAD_Q5,63,-4.47
IN,DEVYANI,2022-08-05,,0.0,PEAD_Q5,63,-7.05
IN,DATAPATTNS,2022-08-05,,0.0,PEAD_Q5,63,62.14
IN,SCHNEIDER,2022-08-05,,0.0,PEAD_Q5,63,39.11
IN,GANECOS,2022-08-08,,0.0,PEAD_Q5,63,33.63
IN,DALBHARAT,2022-08-08,,0.0,PEAD_Q5,63,4.03
IN,REDINGTON,2022-08-08,,0.0,PEAD_Q5,63,3.73
IN,LUPIN,2022-08-08,,0.0,PEAD_Q5,63,12.05
IN,AGSTRA,2022-08-10,,0.0,PEAD_Q5,63,-10.93
IN,FDC,2022-08-10,,0.0,PEAD_Q5,63,10.74
IN,MANAPPURAM,2022-08-10,,0.0,PEAD_Q5,63,9.69
IN,THOMASCOOK,2022-08-10,,0.0,PEAD_Q5,63,9.08
IN,MAPMYINDIA,2022-08-11,,0.0,PEAD_Q5,63,-10.94
IN,RUSHIL,2022-08-11,,0.0,PEAD_Q5,63,-20.84
IN,VISHNU,2022-08-11,,0.0,PEAD_Q5,63,-5.12
IN,WSTCSTPAPR,2022-08-11,,0.0,PEAD_Q5,63,12.2
IN,NMDC,2022-08-11,,0.0,PEAD_Q5,63,-5.87
IN,PRESTIGE,2022-08-12,,0.0,PEAD_Q5,63,2.36
IN,BFUTILITIE,2022-08-12,,0.0,PEAD_Q5,63,4.49
IN,ACE,2022-08-12,,0.0,PEAD_Q5,63,41.36
IN,CUMMINSIND,2022-08-12,,0.0,PEAD_Q5,63,9.36
IN,SALASAR,2022-08-12,,0.0,PEAD_Q5,63,5.1
IN,PPL,2022-08-12,,0.0,PEAD_Q5,63,-8.08
IN,MTARTECH,2022-08-12,,0.0,PEAD_Q5,63,0.07
IN,EIDPARRY,2022-08-12,,0.0,PEAD_Q5,63,9.02
IN,UFLEX,2022-08-12,,0.0,PEAD_Q5,63,-4.4
IN,POLICYBZR,2022-08-12,,0.0,PEAD_Q5,63,-34.14
IN,NAVA,2022-08-12,,0.0,PEAD_Q5,63,-9.18
IN,RHIM,2022-08-12,,0.0,PEAD_Q5,63,13.86
IN,MAZDOCK,2022-08-12,,0.0,PEAD_Q5,63,178.61
IN,GRINFRA,2022-08-12,,0.0,PEAD_Q5,63,-17.66
IN,IGL,2022-08-12,,0.0,PEAD_Q5,63,-1.87
IN,RAINBOW,2022-08-12,,0.0,PEAD_Q5,63,47.13
IN,GMRP&UI,2022-08-12,,0.0,PEAD_Q5,63,-9.89
IN,CHEMCON,2022-08-12,,0.0,PEAD_Q5,63,-25.85
IN,NH,2022-08-12,,0.0,PEAD_Q5,63,9.9
IN,SBCL,2022-08-12,,0.0,PEAD_Q5,63,24.28
IN,CANTABIL,2022-08-12,,0.0,PEAD_Q5,63,-16.16
IN,HARIOMPIPE,2022-08-16,,0.0,PEAD_Q5,63,10.34
IN,GRSE,2022-08-16,,0.0,PEAD_Q5,63,78.3
IN,BHARATFORG,2022-08-16,,0.0,PEAD_Q5,63,7.5
IN,SAPPHIRE,2022-08-16,,0.0,PEAD_Q5,63,4.17
IN,TRENT,2022-08-16,,0.0,PEAD_Q5,63,-0.94
IN,TARC,2022-08-16,,0.0,PEAD_Q5,63,12.75
IN,HIKAL,2022-08-16,,0.0,PEAD_Q5,63,12.37
IN,NAVKARCORP,2022-08-16,,0.0,PEAD_Q5,63,-22.88
IN,REPCOHOME,2022-08-17,,0.0,PEAD_Q5,63,29.11
IN,ONGC,2022-08-17,,0.0,PEAD_Q5,63,1.5
IN,FAIRCHEMOR,2022-08-17,,0.0,PEAD_Q5,63,-24.55
IN,PHOENIXLTD,2022-08-17,,0.0,PEAD_Q5,63,11.42
IN,KSB,2022-08-17,,0.0,PEAD_Q5,63,7.12
IN,OPTIEMUS,2022-08-17,,0.0,PEAD_Q5,63,-19.79
IN,MAITHANALL,2022-08-18,,0.0,PEAD_Q5,63,-10.13
IN,JISLJALEQS,2022-08-18,,0.0,PEAD_Q5,63,-13.7
IN,KPIGREEN,2022-08-18,,0.0,PEAD_Q5,63,1.32
IN,PARAGMILK,2022-08-18,,0.0,PEAD_Q5,63,2.82
IN,HONAUT,2022-08-18,,0.0,PEAD_Q5,63,-5.63
IN,MARKSANS,2022-08-18,,0.0,PEAD_Q5,63,10.23
IN,BCG,2022-08-18,,0.0,PEAD_Q5,63,-16.23
IN,ARMANFIN,2022-08-18,,0.0,PEAD_Q5,63,6.28
IN,VERANDA,2022-08-18,,0.0,PEAD_Q5,63,-3.27
IN,APOLLOTYRE,2022-08-18,,0.0,PEAD_Q5,63,5.23
IN,AXITA,2022-08-18,,0.0,PEAD_Q5,63,14.88
IN,FINCABLES,2022-08-18,,0.0,PEAD_Q5,63,20.95
IN,HCLTECH,2022-10-14,,0.0,PEAD_Q5,63,7.51
IN,INFY,2022-10-17,,0.0,PEAD_Q5,63,2.39
IN,ANGELONE,2022-10-17,,0.0,PEAD_Q5,63,-19.05
IN,JUSTDIAL,2022-10-19,,0.0,PEAD_Q5,63,13.3
IN,RPGLIFE,2022-10-20,,0.0,PEAD_Q5,63,1.77
IN,ACCELYA,2022-10-21,,0.0,PEAD_Q5,63,36.62
IN,CANBK,2022-10-24,,0.0,PEAD_Q5,63,19.43
IN,UNIONBANK,2022-10-24,,0.0,PEAD_Q5,63,66.84
IN,ICRA,2022-10-24,,0.0,PEAD_Q5,63,3.82
IN,CLEAN,2022-10-24,,0.0,PEAD_Q5,63,-18.06
IN,RALLIS,2022-10-24,,0.0,PEAD_Q5,63,-5.43
IN,ARIHANTCAP,2022-10-25,,0.0,PEAD_Q5,63,-17.64
IN,CARTRADE,2022-10-25,,0.0,PEAD_Q5,63,-17.26
IN,VIPIND,2022-10-25,,0.0,PEAD_Q5,63,-0.68
IN,MOTILALOFS,2022-10-25,,0.0,PEAD_Q5,63,3.53
IN,GARFIBRES,2022-10-25,,0.0,PEAD_Q5,63,-16.78
IN,AXISBANK,2022-10-25,,0.0,PEAD_Q5,63,0.81
IN,J&KBANK,2022-10-25,,0.0,PEAD_Q5,63,49.46
IN,DLINKINDIA,2022-10-27,,0.0,PEAD_Q5,63,-20.4
IN,IIFL,2022-10-31,,0.0,PEAD_Q5,63,11.93
IN,SPLPETRO,2022-11-01,,0.0,PEAD_Q5,63,98.96
IN,KECL,2022-11-02,,0.0,PEAD_Q5,63,10.41
IN,JSWENERGY,2022-11-02,,0.0,PEAD_Q5,63,-30.36
IN,AGI,2022-11-02,,0.0,PEAD_Q5,63,-1.08
IN,VSTTILLERS,2022-11-02,,0.0,PEAD_Q5,63,-1.02
IN,PDMJEPAPER,2022-11-02,,0.0,PEAD_Q5,63,-13.62
IN,CMSINFO,2022-11-03,,0.0,PEAD_Q5,63,-10.85
IN,SUNPHARMA,2022-11-03,,0.0,PEAD_Q5,63,-3.51
IN,SAREGAMA,2022-11-03,,0.0,PEAD_Q5,63,-10.53
IN,KTKBANK,2022-11-03,,0.0,PEAD_Q5,63,14.78
IN,VBL,2022-11-03,,0.0,PEAD_Q5,63,-2.95
IN,SUPREMEIND,2022-11-03,,0.0,PEAD_Q5,63,15.79
IN,SPAL,2022-11-03,,0.0,PEAD_Q5,63,-19.78
IN,PRUDENT,2022-11-04,,0.0,PEAD_Q5,63,14.03
IN,GREENPOWER,2022-11-04,,0.0,PEAD_Q5,63,4.05
IN,CHOLAFIN,2022-11-04,,0.0,PEAD_Q5,63,2.3
IN,PNB,2022-11-04,,0.0,PEAD_Q5,63,23.92
IN,MAHABANK,2022-11-04,,0.0,PEAD_Q5,63,26.59
IN,KABRAEXTRU,2022-11-04,,0.0,PEAD_Q5,63,35.33
IN,BANKINDIA,2022-11-07,,0.0,PEAD_Q5,63,11.96
IN,NELCAST,2022-11-07,,0.0,PEAD_Q5,63,4.09
IN,MASFIN,2022-11-07,,0.0,PEAD_Q5,63,-11.02
IN,GMMPFAUDLR,2022-11-09,,0.0,PEAD_Q5,63,-16.74
IN,CUB,2022-11-09,,0.0,PEAD_Q5,63,-17.58
IN,UCOBANK,2022-11-09,,0.0,PEAD_Q5,63,72.06
IN,MINDACORP,2022-11-09,,0.0,PEAD_Q5,63,0.22
IN,ADANIENT,2022-11-09,,0.0,PEAD_Q5,63,-54.89
IN,TRF,2022-11-09,,0.0,PEAD_Q5,63,1.34
IN,SIYSIL,2022-11-09,,0.0,PEAD_Q5,63,-10.62
IN,ELECON,2022-11-10,,0.0,PEAD_Q5,63,-15.11
IN,JKLAKSHMI,2022-11-10,,0.0,PEAD_Q5,63,16.3
IN,GOACARBON,2022-11-10,,0.0,PEAD_Q5,63,-11.92
IN,VASCONEQ,2022-11-10,,0.0,PEAD_Q5,63,2.34
IN,UJJIVANSFB,2022-11-10,,0.0,PEAD_Q5,63,-3.07
IN,COALINDIA,2022-11-10,,0.0,PEAD_Q5,63,-15.02
IN,VINATIORGA,2022-11-10,,0.0,PEAD_Q5,63,-8.09
IN,ABCAPITAL,2022-11-10,,0.0,PEAD_Q5,63,14.82
IN,SBIN,2022-11-10,,0.0,PEAD_Q5,63,-9.24
IN,SOLARINDS,2022-11-10,,0.0,PEAD_Q5,63,-6.85
IN,POLYMED,2022-11-10,,0.0,PEAD_Q5,63,-10.83
IN,CHEMPLASTS,2022-11-10,,0.0,PEAD_Q5,63,16.17
IN,BRITANNIA,2022-11-10,,0.0,PEAD_Q5,63,11.13
IN,BANKBARODA,2022-11-10,,0.0,PEAD_Q5,63,1.54
IN,APTUS,2022-11-11,,0.0,PEAD_Q5,63,-17.19
IN,REFEX,2022-11-11,,0.0,PEAD_Q5,63,30.75
IN,PRAKASH,2022-11-11,,0.0,PEAD_Q5,63,15.01
IN,PIIND,2022-11-11,,0.0,PEAD_Q5,63,-7.01
IN,CARERATING,2022-11-11,,0.0,PEAD_Q5,63,18.24
IN,IGARASHI,2022-11-11,,0.0,PEAD_Q5,63,-3.69
IN,3MINDIA,2022-11-11,,0.0,PEAD_Q5,63,-0.64
IN,RUSHIL,2022-11-11,,0.0,PEAD_Q5,63,-25.03
IN,ENDURANCE,2022-11-11,,0.0,PEAD_Q5,63,-5.46
IN,HONDAPOWER,2022-11-11,,0.0,PEAD_Q5,63,1.03
IN,CEATLTD,2022-11-11,,0.0,PEAD_Q5,63,-11.59
IN,BOSCHLTD,2022-11-11,,0.0,PEAD_Q5,63,4.51
IN,SPECIALITY,2022-11-11,,0.0,PEAD_Q5,63,13.99
IN,BLS,2022-11-11,,0.0,PEAD_Q5,63,0.56
IN,RUCHIRA,2022-11-11,,0.0,PEAD_Q5,63,-7.18
IN,MSTCLTD,2022-11-11,,0.0,PEAD_Q5,63,5.62
IN,TCPLPACK,2022-11-11,,0.0,PEAD_Q5,63,-4.59
IN,FIEMIND,2022-11-14,,0.0,PEAD_Q5,63,-13.87
IN,TVSSRICHAK,2022-11-14,,0.0,PEAD_Q5,63,-3.41
IN,SAKSOFT,2022-11-14,,0.0,PEAD_Q5,63,28.44
IN,NEULANDLAB,2022-11-14,,0.0,PEAD_Q5,63,-26.96
IN,SURYAROSNI,2022-11-14,,0.0,PEAD_Q5,63,38.9
IN,LIBERTSHOE,2022-11-14,,0.0,PEAD_Q5,63,-24.75
IN,ALLCARGO,2022-11-14,,0.0,PEAD_Q5,63,-13.23
IN,GPPL,2022-11-14,,0.0,PEAD_Q5,63,5.89
IN,LUPIN,2022-11-14,,0.0,PEAD_Q5,63,-2.94
IN,VIPCLOTHNG,2022-11-14,,0.0,PEAD_Q5,63,7.52
IN,SANGHVIMOV,2022-11-14,,0.0,PEAD_Q5,63,40.2
IN,IONEXCHANG,2022-11-14,,0.0,PEAD_Q5,63,29.4
IN,NAUKRI,2022-11-15,,0.0,PEAD_Q5,63,-16.63
IN,MUTHOOTCAP,2022-11-15,,0.0,PEAD_Q5,63,-4.53
IN,FACT,2022-11-15,,0.0,PEAD_Q5,63,98.62
IN,TIPSFILMS,2022-11-15,,0.0,PEAD_Q5,63,-19.52
IN,LUMAXIND,2022-11-15,,0.0,PEAD_Q5,63,0.8
IN,KRBL,2022-11-15,,0.0,PEAD_Q5,63,-4.29
IN,GESHIP,2022-11-15,,0.0,PEAD_Q5,63,-7.4
IN,HINDALCO,2022-11-15,,0.0,PEAD_Q5,63,-6.39
IN,HEG,2022-11-15,,0.0,PEAD_Q5,63,-1.94
IN,CAPACITE,2022-11-15,,0.0,PEAD_Q5,63,-9.39
IN,FORTIS,2022-11-15,,0.0,PEAD_Q5,63,-9.7
IN,MEDPLUS,2022-11-15,,0.0,PEAD_Q5,63,6.27
IN,INGERRAND,2022-11-15,,0.0,PEAD_Q5,63,-4.83
IN,IRCON,2022-11-15,,0.0,PEAD_Q5,63,-4.04
IN,RVNL,2022-11-15,,0.0,PEAD_Q5,63,14.18
IN,KIRLOSBROS,2022-11-15,,0.0,PEAD_Q5,63,-6.55
IN,COCHINSHIP,2022-11-15,,0.0,PEAD_Q5,63,-30.28
IN,SIRCA,2022-11-15,,0.0,PEAD_Q5,63,-1.36
IN,LAOPALA,2022-11-15,,0.0,PEAD_Q5,63,-13.19
IN,JINDALSTEL,2022-11-15,,0.0,PEAD_Q5,63,11.61
IN,KCP,2022-11-15,,0.0,PEAD_Q5,63,-24.97
IN,APOLLOHOSP,2022-11-15,,0.0,PEAD_Q5,63,-5.49
IN,VARROC,2022-11-16,,0.0,PEAD_Q5,63,-5.77
IN,REDINGTON,2022-11-16,,0.0,PEAD_Q5,63,9.42
IN,PANAMAPET,2022-11-16,,0.0,PEAD_Q5,63,-9.55
IN,CAPLIPOINT,2022-11-16,,0.0,PEAD_Q5,63,-7.3
IN,JKCEMENT,2022-11-16,,0.0,PEAD_Q5,63,-6.32
IN,STAR,2022-11-16,,0.0,PEAD_Q5,63,-13.01
IN,KNRCON,2022-11-16,,0.0,PEAD_Q5,63,5.09
IN,ROSSELLIND,2022-11-16,,0.0,PEAD_Q5,63,-26.79
IN,BALKRISIND,2022-11-16,,0.0,PEAD_Q5,63,2.01
IN,PGEL,2022-11-16,,0.0,PEAD_Q5,63,16.88
IN,ALEMBICLTD,2022-11-16,,0.0,PEAD_Q5,63,-10.93
IN,MCLEODRUSS,2022-11-16,,0.0,PEAD_Q5,63,-33.45
IN,DYNPRO,2022-11-16,,0.0,PEAD_Q5,63,-41.45
IN,GLENMARK,2022-11-16,,0.0,PEAD_Q5,63,0.03
IN,ARIHANTSUP,2022-11-16,,0.0,PEAD_Q5,63,-4.74
IN,DCAL,2022-11-16,,0.0,PEAD_Q5,63,-4.81
IN,KIMS,2022-11-16,,0.0,PEAD_Q5,63,-9.93
IN,VADILALIND,2022-11-16,,0.0,PEAD_Q5,63,16.02
IN,WABAG,2022-11-16,,0.0,PEAD_Q5,63,6.83
IN,AETHER,2022-11-16,,0.0,PEAD_Q5,63,-9.03
IN,BANCOINDIA,2022-11-16,,0.0,PEAD_Q5,63,13.21
IN,HINDCOPPER,2022-11-16,,0.0,PEAD_Q5,63,-8.85
IN,MANAPPURAM,2022-11-16,,0.0,PEAD_Q5,63,-3.22
IN,GODFRYPHLP,2022-11-16,,0.0,PEAD_Q5,63,-4.49
IN,COSMOFIRST,2022-11-17,,0.0,PEAD_Q5,63,-6.93
IN,GICHSGFIN,2022-11-17,,0.0,PEAD_Q5,63,16.55
IN,FMGOETZE,2022-11-17,,0.0,PEAD_Q5,63,-10.4
IN,HUDCO,2022-11-17,,0.0,PEAD_Q5,63,-8.59
IN,NBCC,2022-11-17,,0.0,PEAD_Q5,63,-9.34
IN,GANECOS,2022-11-17,,0.0,PEAD_Q5,63,-1.88
IN,ATULAUTO,2022-11-18,,0.0,PEAD_Q5,63,14.94
IN,BIKAJI,2022-12-09,,0.0,PEAD_Q5,63,-6.61
IN,ANANDRATHI,2023-01-17,,0.0,PEAD_Q5,63,5.4
IN,PERSISTENT,2023-01-20,,0.0,PEAD_Q5,63,6.01
IN,TATAMETALI,2023-01-20,,0.0,PEAD_Q5,63,-9.65
IN,METROBRAND,2023-01-20,,0.0,PEAD_Q5,63,1.49
IN,SWSOLAR,2023-01-23,,0.0,PEAD_Q5,63,10.96
IN,DATAMATICS,2023-01-23,,0.0,PEAD_Q5,63,10.84
IN,STYLAMIND,2023-01-23,,0.0,PEAD_Q5,63,3.55
IN,CCL,2023-01-23,,0.0,PEAD_Q5,63,10.5
IN,COFORGE,2023-01-24,,0.0,PEAD_Q5,63,-4.47
IN,CANFINHOME,2023-01-24,,0.0,PEAD_Q5,63,11.3
IN,GRAVITA,2023-01-25,,0.0,PEAD_Q5,63,9.4
IN,POONAWALLA,2023-01-25,,0.0,PEAD_Q5,63,8.83
IN,AMBER,2023-01-25,,0.0,PEAD_Q5,63,-8.85
IN,ROUTE,2023-01-25,,0.0,PEAD_Q5,63,1.01
IN,CHEMBOND,2023-01-25,,0.0,PEAD_Q5,63,-5.96
IN,SHAKTIPUMP,2023-01-25,,0.0,PEAD_Q5,63,1.05
IN,MARUTI,2023-01-27,,0.0,PEAD_Q5,63,0.72
IN,JYOTHYLAB,2023-01-30,,0.0,PEAD_Q5,63,-2.87
IN,DRREDDY,2023-01-30,,0.0,PEAD_Q5,63,14.18
IN,JINDALSAW,2023-01-30,,0.0,PEAD_Q5,63,26.62
IN,TATASTLLP,2023-01-30,,0.0,PEAD_Q5,63,-6.29
IN,SHANTIGEAR,2023-01-30,,0.0,PEAD_Q5,63,4.63
IN,TATAMTRDVR,2023-01-30,,0.0,PEAD_Q5,63,10.18
IN,CHENNPETRO,2023-01-30,,0.0,PEAD_Q5,63,24.34
IN,BAJAJ-AUTO,2023-01-30,,0.0,PEAD_Q5,63,16.19
IN,SOUTHBANK,2023-01-30,,0.0,PEAD_Q5,63,-5.52
IN,CARTRADE,2023-01-30,,0.0,PEAD_Q5,63,-11.49
IN,TRIVENI,2023-01-30,,0.0,PEAD_Q5,63,3.5
IN,TVSMOTOR,2023-01-30,,0.0,PEAD_Q5,63,17.53
IN,SHARDACROP,2023-01-30,,0.0,PEAD_Q5,63,1.69
IN,SONACOMS,2023-01-30,,0.0,PEAD_Q5,63,13.28
IN,HOMEFIRST,2023-01-30,,0.0,PEAD_Q5,63,-7.08
IN,SDBL,2023-01-30,,0.0,PEAD_Q5,63,47.61
IN,ISMTLTD,2023-01-30,,0.0,PEAD_Q5,63,20.56
IN,AIAENG,2023-01-31,,0.0,PEAD_Q5,63,-0.3
IN,MPSLTD,2023-01-31,,0.0,PEAD_Q5,63,-13.09
IN,NAM-INDIA,2023-02-01,,0.0,PEAD_Q5,63,-0.29
IN,GREENPANEL,2023-02-01,,0.0,PEAD_Q5,63,5.3
IN,RECLTD,2023-02-01,,0.0,PEAD_Q5,63,12.35
IN,MAZDOCK,2023-02-01,,0.0,PEAD_Q5,63,2.48
IN,RADIANTCMS,2023-02-01,,0.0,PEAD_Q5,63,-3.76
IN,HITECH,2023-02-01,,0.0,PEAD_Q5,63,-22.53
IN,STLTECH,2023-02-01,,0.0,PEAD_Q5,63,-4.87
IN,GAEL,2023-02-01,,0.0,PEAD_Q5,63,7.86
IN,AXITA,2023-02-01,,0.0,PEAD_Q5,63,-42.29
IN,ZENTEC,2023-02-01,,0.0,PEAD_Q5,63,60.68
IN,KAYNES,2023-02-02,,0.0,PEAD_Q5,63,19.67
IN,BLUESTARCO,2023-02-02,,0.0,PEAD_Q5,63,6.03
IN,SHRIRAMFIN,2023-02-02,,0.0,PEAD_Q5,63,7.0
IN,PARADEEP,2023-02-02,,0.0,PEAD_Q5,63,-7.74
IN,IIFL,2023-02-02,,0.0,PEAD_Q5,63,-13.98
IN,GODREJCP,2023-02-02,,0.0,PEAD_Q5,63,2.42
IN,ANDHRAPAP,2023-02-02,,0.0,PEAD_Q5,63,2.89
IN,ADFFOODS,2023-02-02,,0.0,PEAD_Q5,63,12.77
IN,MANGCHEFER,2023-02-02,,0.0,PEAD_Q5,63,20.73
IN,ORIENTELEC,2023-02-02,,0.0,PEAD_Q5,63,-19.2
IN,GNA,2023-02-02,,0.0,PEAD_Q5,63,-3.82
IN,NIITLTD,2023-02-02,,0.0,PEAD_Q5,63,16.75
IN,KPIGREEN,2023-02-02,,0.0,PEAD_Q5,63,0.44
IN,TRIDENT,2023-02-02,,0.0,PEAD_Q5,63,-3.17
IN,IDFC,2023-02-03,,0.0,PEAD_Q5,63,1.47
IN,KEC,2023-02-03,,0.0,PEAD_Q5,63,16.67
IN,APARINDS,2023-02-03,,0.0,PEAD_Q5,63,32.98
IN,TEGA,2023-02-03,,0.0,PEAD_Q5,63,4.0
IN,KPITTECH,2023-02-03,,0.0,PEAD_Q5,63,15.34
IN,INDHOTEL,2023-02-03,,0.0,PEAD_Q5,63,14.86
IN,MANINFRA,2023-02-06,,0.0,PEAD_Q5,63,8.28
IN,DEEPAKFERT,2023-02-06,,0.0,PEAD_Q5,63,-12.06
IN,CERA,2023-02-06,,0.0,PEAD_Q5,63,25.87
IN,CLEAN,2023-02-06,,0.0,PEAD_Q5,63,1.44
IN,MAHLIFE,2023-02-06,,0.0,PEAD_Q5,63,-5.7
IN,KTKBANK,2023-02-06,,0.0,PEAD_Q5,63,-12.6
IN,AAVAS,2023-02-06,,0.0,PEAD_Q5,63,-26.54
IN,ZUARI,2023-02-06,,0.0,PEAD_Q5,63,-14.8
IN,FSL,2023-02-06,,0.0,PEAD_Q5,63,11.11
IN,MAYURUNIQ,2023-02-07,,0.0,PEAD_Q5,63,23.13
IN,ELGIEQUIP,2023-02-07,,0.0,PEAD_Q5,63,16.58
IN,TVTODAY,2023-02-07,,0.0,PEAD_Q5,63,-30.98
IN,STARCEMENT,2023-02-07,,0.0,PEAD_Q5,63,10.98
IN,BANDHANBNK,2023-02-07,,0.0,PEAD_Q5,63,4.28
IN,TITAN,2023-02-07,,0.0,PEAD_Q5,63,13.59
IN,ZYDUSLIFE,2023-02-07,,0.0,PEAD_Q5,63,7.99
IN,NAVA,2023-02-07,,0.0,PEAD_Q5,63,-8.22
IN,PGHL,2023-02-08,,0.0,PEAD_Q5,63,2.99
IN,CLSEL,2023-02-08,,0.0,PEAD_Q5,63,32.47
IN,HUHTAMAKI,2023-02-08,,0.0,PEAD_Q5,63,12.67
IN,SHANKARA,2023-02-08,,0.0,PEAD_Q5,63,2.03
IN,VBL,2023-02-08,,0.0,PEAD_Q5,63,20.11
IN,MONTECARLO,2023-02-08,,0.0,PEAD_Q5,63,11.52
IN,QUESS,2023-02-08,,0.0,PEAD_Q5,63,-0.54
IN,DALMIASUG,2023-02-08,,0.0,PEAD_Q5,63,6.77
IN,VOLTAMP,2023-02-08,,0.0,PEAD_Q5,63,13.09
IN,DLINKINDIA,2023-02-08,,0.0,PEAD_Q5,63,-7.45
IN,FLUOROCHEM,2023-02-09,,0.0,PEAD_Q5,63,8.15
IN,RAMCOCEM,2023-02-09,,0.0,PEAD_Q5,63,8.97
IN,THERMAX,2023-02-09,,0.0,PEAD_Q5,63,16.13
IN,NDTV,2023-02-09,,0.0,PEAD_Q5,63,-20.04
IN,ADANIPORTS,2023-02-09,,0.0,PEAD_Q5,63,17.57
IN,ACE,2023-02-09,,0.0,PEAD_Q5,63,17.25
IN,NUVOCO,2023-02-09,,0.0,PEAD_Q5,63,-12.55
IN,WONDERLA,2023-02-09,,0.0,PEAD_Q5,63,18.21
IN,SAFARI,2023-02-10,,0.0,PEAD_Q5,63,18.57
IN,DREAMFOLKS,2023-02-10,,0.0,PEAD_Q5,63,24.95
IN,SYMPHONY,2023-02-10,,0.0,PEAD_Q5,63,-14.0
IN,UNOMINDA,2023-02-10,,0.0,PEAD_Q5,63,5.28
IN,TRENT,2023-02-10,,0.0,PEAD_Q5,63,12.18
IN,CREDITACC,2023-02-10,,0.0,PEAD_Q5,63,24.65
IN,EVERESTIND,2023-02-10,,0.0,PEAD_Q5,63,5.9
IN,SBCL,2023-02-10,,0.0,PEAD_Q5,63,24.01
IN,TI,2023-02-10,,0.0,PEAD_Q5,63,26.43
IN,SEPC,2023-02-13,,0.0,PEAD_Q5,63,-30.31
IN,PFIZER,2023-02-13,,0.0,PEAD_Q5,63,0.25
IN,ASHAPURMIN,2023-02-13,,0.0,PEAD_Q5,63,38.87
IN,VOLTAS,2023-02-13,,0.0,PEAD_Q5,63,-6.05
IN,CUMMINSIND,2023-02-13,,0.0,PEAD_Q5,63,2.79
IN,TDPOWERSYS,2023-02-13,,0.0,PEAD_Q5,63,50.87
IN,ESCORTS,2023-02-13,,0.0,PEAD_Q5,63,-1.03
IN,AWL,2023-02-13,,0.0,PEAD_Q5,63,-2.45
IN,PENIND,2023-02-13,,0.0,PEAD_Q5,63,7.4
IN,SYRMA,2023-02-13,,0.0,PEAD_Q5,63,22.62
IN,EQUITASBNK,2023-02-13,,0.0,PEAD_Q5,63,35.45
IN,HGINFRA,2023-02-13,,0.0,PEAD_Q5,63,21.53
IN,PURVA,2023-02-14,,0.0,PEAD_Q5,63,-5.52
IN,UGARSUGAR,2023-02-14,,0.0,PEAD_Q5,63,8.78
IN,ACI,2023-02-14,,0.0,PEAD_Q5,63,-15.21
IN,ESABINDIA,2023-02-14,,0.0,PEAD_Q5,63,-11.99
IN,LEMONTREE,2023-02-14,,0.0,PEAD_Q5,63,21.4
IN,RATEGAIN,2023-02-14,,0.0,PEAD_Q5,63,3.75
IN,POLICYBZR,2023-02-14,,0.0,PEAD_Q5,63,23.12
IN,VIPCLOTHNG,2023-02-14,,0.0,PEAD_Q5,63,7.63
IN,AUROPHARMA,2023-02-14,,0.0,PEAD_Q5,63,27.49
IN,SUDARSCHEM,2023-02-14,,0.0,PEAD_Q5,63,7.66
IN,KOPRAN,2023-02-14,,0.0,PEAD_Q5,63,11.34
IN,MTARTECH,2023-02-14,,0.0,PEAD_Q5,63,7.86
IN,NCLIND,2023-02-14,,0.0,PEAD_Q5,63,15.38
IN,SANGHVIMOV,2023-02-14,,0.0,PEAD_Q5,63,11.6
IN,MARKSANS,2023-02-15,,0.0,PEAD_Q5,63,6.18
IN,SPARC,2023-02-15,,0.0,PEAD_Q5,63,-5.1
IN,GRINFRA,2023-02-15,,0.0,PEAD_Q5,63,-6.3
IN,NEULANDLAB,2023-02-15,,0.0,PEAD_Q5,63,65.48
IN,KDDL,2023-02-15,,0.0,PEAD_Q5,63,-6.08
IN,OIL,2023-02-15,,0.0,PEAD_Q5,63,8.69
IN,GALAXYSURF,2023-02-15,,0.0,PEAD_Q5,63,5.93
IN,NEOGEN,2023-02-15,,0.0,PEAD_Q5,63,20.45
IN,EXPLEOSOL,2023-02-16,,0.0,PEAD_Q5,63,12.14
IN,UNIPARTS,2023-02-16,,0.0,PEAD_Q5,63,3.98
IN,CESC,2023-02-16,,0.0,PEAD_Q5,63,-9.88
IN,BCLIND,2023-02-16,,0.0,PEAD_Q5,63,8.21
IN,PFC,2023-02-16,,0.0,PEAD_Q5,63,10.82
IN,SUPRAJIT,2023-02-16,,0.0,PEAD_Q5,63,11.91
IN,ONGC,2023-02-17,,0.0,PEAD_Q5,63,6.0
IN,PIIND,2023-02-17,,0.0,PEAD_Q5,63,3.66
IN,JWL,2023-02-17,,0.0,PEAD_Q5,63,21.55
IN,APOLLOHOSP,2023-02-17,,0.0,PEAD_Q5,63,-1.01
IN,PRESTIGE,2023-02-17,,0.0,PEAD_Q5,63,15.98
IN,GMDCLTD,2023-02-17,,0.0,PEAD_Q5,63,13.3
IN,NMDC,2023-02-17,,0.0,PEAD_Q5,63,-13.94
IN,DBREALTY,2023-02-17,,0.0,PEAD_Q5,63,11.1
IN,EICHERMOT,2023-02-17,,0.0,PEAD_Q5,63,11.16
IN,STEELXIND,2023-02-17,,0.0,PEAD_Q5,63,0.68
IN,TORNTPOWER,2023-02-17,,0.0,PEAD_Q5,63,9.63
IN,SHILPAMED,2023-02-17,,0.0,PEAD_Q5,63,-17.37
IN,SCHAEFFLER,2023-02-21,,0.0,PEAD_Q5,63,-5.23
IN,CRISIL,2023-02-22,,0.0,PEAD_Q5,63,16.07
IN,SANOFI,2023-02-28,,0.0,PEAD_Q5,63,22.54
IN,ACCELYA,2023-04-20,,0.0,PEAD_Q5,63,-2.3
IN,MASTEK,2023-04-21,,0.0,PEAD_Q5,63,21.5
IN,CYIENT,2023-04-25,,0.0,PEAD_Q5,63,26.69
IN,NELCO,2023-04-27,,0.0,PEAD_Q5,63,23.88
IN,DBOL,2023-04-28,,0.0,PEAD_Q5,63,0.03
IN,SYNGENE,2023-05-02,,0.0,PEAD_Q5,63,14.58
IN,BAJAJHLDNG,2023-05-02,,0.0,PEAD_Q5,63,9.47
IN,CANFINHOME,2023-05-02,,0.0,PEAD_Q5,63,19.78
IN,INDUSTOWER,2023-05-02,,0.0,PEAD_Q5,63,9.94
IN,LTTS,2023-05-02,,0.0,PEAD_Q5,63,6.06
IN,COFORGE,2023-05-02,,0.0,PEAD_Q5,63,13.87
IN,SHOPERSTOP,2023-05-02,,0.0,PEAD_Q5,63,16.11
IN,MPHASIS,2023-05-03,,0.0,PEAD_Q5,63,23.87
IN,CARTRADE,2023-05-03,,0.0,PEAD_Q5,63,18.85
IN,HSCL,2023-05-03,,0.0,PEAD_Q5,63,20.22
IN,DATAMATICS,2023-05-03,,0.0,PEAD_Q5,63,33.83
IN,AARTIDRUGS,2023-05-04,,0.0,PEAD_Q5,63,32.09
IN,GRAVITA,2023-05-04,,0.0,PEAD_Q5,63,20.09
IN,SPANDANA,2023-05-04,,0.0,PEAD_Q5,63,26.73
IN,NEWGEN,2023-05-04,,0.0,PEAD_Q5,63,53.77
IN,FINOPB,2023-05-04,,0.0,PEAD_Q5,63,51.66
IN,PARAGMILK,2023-05-04,,0.0,PEAD_Q5,63,79.22
IN,EMUDHRA,2023-05-04,,0.0,PEAD_Q5,63,52.16
IN,INDIAMART,2023-05-04,,0.0,PEAD_Q5,63,0.43
IN,IDFCFIRSTB,2023-05-04,,0.0,PEAD_Q5,63,36.52
IN,ABB,2023-05-05,,0.0,PEAD_Q5,63,17.59
IN,BAJAJCON,2023-05-05,,0.0,PEAD_Q5,63,27.78
IN,CHOLAFIN,2023-05-08,,0.0,PEAD_Q5,63,8.32
IN,CEATLTD,2023-05-08,,0.0,PEAD_Q5,63,43.94
IN,AGI,2023-05-08,,0.0,PEAD_Q5,63,22.78
IN,KEC,2023-05-08,,0.0,PEAD_Q5,63,29.37
IN,MRF,2023-05-08,,0.0,PEAD_Q5,63,13.88
IN,HAVELLS,2023-05-08,,0.0,PEAD_Q5,63,4.46
IN,AMBUJACEM,2023-05-08,,0.0,PEAD_Q5,63,16.34
IN,APLLTD,2023-05-09,,0.0,PEAD_Q5,63,38.68
IN,PAYTM,2023-05-09,,0.0,PEAD_Q5,63,20.25
IN,MARICO,2023-05-09,,0.0,PEAD_Q5,63,7.25
IN,GOCOLORS,2023-05-09,,0.0,PEAD_Q5,63,11.22
IN,TVSMOTOR,2023-05-09,,0.0,PEAD_Q5,63,8.97
IN,SUNDRMFAST,2023-05-09,,0.0,PEAD_Q5,63,13.8
IN,DENORA,2023-05-09,,0.0,PEAD_Q5,63,49.9
IN,ZENTEC,2023-05-10,,0.0,PEAD_Q5,63,141.48
IN,MGL,2023-05-10,,0.0,PEAD_Q5,63,-2.51
IN,APOLLOPIPE,2023-05-10,,0.0,PEAD_Q5,63,14.91
IN,STYLAMIND,2023-05-10,,0.0,PEAD_Q5,63,13.63
IN,OLECTRA,2023-05-10,,0.0,PEAD_Q5,63,60.72
IN,MANINFRA,2023-05-11,,0.0,PEAD_Q5,63,65.41
IN,JMFINANCIL,2023-05-11,,0.0,PEAD_Q5,63,14.75
IN,BSOFT,2023-05-11,,0.0,PEAD_Q5,63,48.37
IN,CRAFTSMAN,2023-05-11,,0.0,PEAD_Q5,63,39.19
IN,RELAXO,2023-05-12,,0.0,PEAD_Q5,63,6.29
IN,GODREJCP,2023-05-12,,0.0,PEAD_Q5,63,2.71
IN,CERA,2023-05-12,,0.0,PEAD_Q5,63,16.6
IN,SCI,2023-05-12,,0.0,PEAD_Q5,63,3.98
IN,EVEREADY,2023-05-12,,0.0,PEAD_Q5,63,7.7
IN,RATNAMANI,2023-05-15,,0.0,PEAD_Q5,63,11.35
IN,ASIANPAINT,2023-05-15,,0.0,PEAD_Q5,63,1.7
IN,LALPATHLAB,2023-05-15,,0.0,PEAD_Q5,63,14.39
IN,SOUTHBANK,2023-05-15,,0.0,PEAD_Q5,63,23.46
IN,SHANKARA,2023-05-15,,0.0,PEAD_Q5,63,17.03
IN,POLYCAB,2023-05-16,,0.0,PEAD_Q5,63,38.48
IN,DLF,2023-05-16,,0.0,PEAD_Q5,63,-0.17
IN,VSTTILLERS,2023-05-16,,0.0,PEAD_Q5,63,9.2
IN,GESHIP,2023-05-16,,0.0,PEAD_Q5,63,3.47
IN,KIRLOSBROS,2023-05-16,,0.0,PEAD_Q5,63,61.07
IN,UJJIVANSFB,2023-05-16,,0.0,PEAD_Q5,63,46.32
IN,ZENSARTECH,2023-05-16,,0.0,PEAD_Q5,63,42.91
IN,SHARDACROP,2023-05-16,,0.0,PEAD_Q5,63,-17.15
IN,INTELLECT,2023-05-16,,0.0,PEAD_Q5,63,30.41
IN,RAINBOW,2023-05-17,,0.0,PEAD_Q5,63,13.7
IN,CANTABIL,2023-05-17,,0.0,PEAD_Q5,63,3.56
IN,VASCONEQ,2023-05-17,,0.0,PEAD_Q5,63,35.29
IN,SONATSOFTW,2023-05-17,,0.0,PEAD_Q5,63,7.4
IN,CHOLAHLDNG,2023-05-17,,0.0,PEAD_Q5,63,15.33
IN,MPSLTD,2023-05-18,,0.0,PEAD_Q5,63,44.09
IN,CREDITACC,2023-05-18,,0.0,PEAD_Q5,63,18.71
IN,IOC,2023-05-18,,0.0,PEAD_Q5,63,7.27
IN,KAYNES,2023-05-18,,0.0,PEAD_Q5,63,54.02
IN,ASTRAL,2023-05-18,,0.0,PEAD_Q5,63,18.26
IN,SURYODAY,2023-05-18,,0.0,PEAD_Q5,63,40.58
IN,PGHL,2023-05-18,,0.0,PEAD_Q5,63,4.49
IN,PATELENG,2023-05-18,,0.0,PEAD_Q5,63,91.88
IN,HONDAPOWER,2023-05-18,,0.0,PEAD_Q5,63,-3.01
IN,SKIPPER,2023-05-18,,0.0,PEAD_Q5,63,61.39
IN,SJS,2023-05-18,,0.0,PEAD_Q5,63,30.66
IN,COROMANDEL,2023-05-18,,0.0,PEAD_Q5,63,13.46
IN,TI,2023-05-19,,0.0,PEAD_Q5,63,35.19
IN,ANUP,2023-05-19,,0.0,PEAD_Q5,63,50.29
IN,SIYSIL,2023-05-19,,0.0,PEAD_Q5,63,-7.13
IN,HONAUT,2023-05-19,,0.0,PEAD_Q5,63,2.83
IN,CHEMPLASTS,2023-05-19,,0.0,PEAD_Q5,63,-2.8
IN,MAXHEALTH,2023-05-19,,0.0,PEAD_Q5,63,-2.16
IN,CCL,2023-05-19,,0.0,PEAD_Q5,63,1.54
IN,AMBER,2023-05-19,,0.0,PEAD_Q5,63,34.51
IN,RAMCOCEM,2023-05-22,,0.0,PEAD_Q5,63,-2.64
IN,TASTYBITE,2023-05-22,,0.0,PEAD_Q5,63,68.1
IN,HCC,2023-05-22,,0.0,PEAD_Q5,63,41.09
IN,RBA,2023-05-22,,0.0,PEAD_Q5,63,4.22
IN,JINDALSAW,2023-05-22,,0.0,PEAD_Q5,63,72.58
IN,RAMCOSYS,2023-05-22,,0.0,PEAD_Q5,63,27.73
IN,MUTHOOTFIN,2023-05-23,,0.0,PEAD_Q5,63,11.3
IN,REFEX,2023-05-23,,0.0,PEAD_Q5,63,32.35
IN,ELGIEQUIP,2023-05-23,,0.0,PEAD_Q5,63,-13.51
IN,NLCINDIA,2023-05-24,,0.0,PEAD_Q5,63,43.8
IN,BEPL,2023-05-24,,0.0,PEAD_Q5,63,-6.5
IN,VRLLOG,2023-05-24,,0.0,PEAD_Q5,63,-0.66
IN,DIVISLAB,2023-05-24,,0.0,PEAD_Q5,63,9.49
IN,VALIANTORG,2023-05-24,,0.0,PEAD_Q5,63,-16.95
IN,ROUTE,2023-05-24,,0.0,PEAD_Q5,63,7.26
IN,CROMPTON,2023-05-24,,0.0,PEAD_Q5,63,11.84
IN,SYRMA,2023-05-24,,0.0,PEAD_Q5,63,32.44
IN,SHAREINDIA,2023-05-24,,0.0,PEAD_Q5,63,1.73
IN,NH,2023-05-24,,0.0,PEAD_Q5,63,18.89
IN,GABRIEL,2023-05-25,,0.0,PEAD_Q5,63,62.34
IN,KIRLOSIND,2023-05-25,,0.0,PEAD_Q5,63,35.13
IN,FUSION,2023-05-25,,0.0,PEAD_Q5,63,19.92
IN,METROBRAND,2023-05-25,,0.0,PEAD_Q5,63,6.27
IN,MAITHANALL,2023-05-26,,0.0,PEAD_Q5,63,3.25
IN,KINGFA,2023-05-26,,0.0,PEAD_Q5,63,22.56
IN,HINDWAREAP,2023-05-26,,0.0,PEAD_Q5,63,9.81
IN,APTECHT,2023-05-26,,0.0,PEAD_Q5,63,9.77
IN,SUDARSCHEM,2023-05-26,,0.0,PEAD_Q5,63,8.16
IN,DREAMFOLKS,2023-05-26,,0.0,PEAD_Q5,63,-14.43
IN,JSWENERGY,2023-05-26,,0.0,PEAD_Q5,63,35.83
IN,AVANTIFEED,2023-05-26,,0.0,PEAD_Q5,63,11.99
IN,DIXON,2023-05-26,,0.0,PEAD_Q5,63,32.74
IN,SCHNEIDER,2023-05-26,,0.0,PEAD_Q5,63,43.26
IN,PRAJIND,2023-05-29,,0.0,PEAD_Q5,63,23.41
IN,PRINCEPIPE,2023-05-29,,0.0,PEAD_Q5,63,8.83
IN,KOLTEPATIL,2023-05-29,,0.0,PEAD_Q5,63,44.08
IN,VOLTAMP,2023-05-29,,0.0,PEAD_Q5,63,38.43
IN,PHOENIXLTD,2023-05-29,,0.0,PEAD_Q5,63,21.55
IN,BECTORFOOD,2023-05-29,,0.0,PEAD_Q5,63,40.35
IN,ESABINDIA,2023-05-29,,0.0,PEAD_Q5,63,51.16
IN,WONDERLA,2023-05-29,,0.0,PEAD_Q5,63,30.45
IN,CUMMINSIND,2023-05-29,,0.0,PEAD_Q5,63,-1.5
IN,VENUSPIPES,2023-05-29,,0.0,PEAD_Q5,63,46.56
IN,JBCHEPHARM,2023-05-29,,0.0,PEAD_Q5,63,38.99
IN,SALZERELEC,2023-05-29,,0.0,PEAD_Q5,63,20.8
IN,PPLPHARMA,2023-05-29,,0.0,PEAD_Q5,63,22.78
IN,MANAKSIA,2023-05-30,,0.0,PEAD_Q5,63,-13.08
IN,NAUKRI,2023-05-30,,0.0,PEAD_Q5,63,4.82
IN,KTKBANK,2023-05-30,,0.0,PEAD_Q5,63,47.05
IN,GRWRHITECH,2023-05-30,,0.0,PEAD_Q5,63,70.76
IN,BBL,2023-05-30,,0.0,PEAD_Q5,63,24.26
IN,EDELWEISS,2023-05-30,,0.0,PEAD_Q5,63,-20.37
IN,BFINVEST,2023-05-30,,0.0,PEAD_Q5,63,20.94
IN,BDL,2023-05-30,,0.0,PEAD_Q5,63,6.72
IN,TRIVENI,2023-05-30,,0.0,PEAD_Q5,63,10.45
IN,NUCLEUS,2023-05-30,,0.0,PEAD_Q5,63,-4.88
IN,PGEL,2023-05-30,,0.0,PEAD_Q5,63,17.29
IN,MEDPLUS,2023-05-30,,0.0,PEAD_Q5,63,9.66
IN,CENTUM,2023-05-31,,0.0,PEAD_Q5,63,56.55
IN,PTC,2023-05-31,,0.0,PEAD_Q5,63,38.62
IN,ISGEC,2023-05-31,,0.0,PEAD_Q5,63,18.94
IN,KRSNAA,2023-05-31,,0.0,PEAD_Q5,63,6.17
IN,AHLUCONT,2023-05-31,,0.0,PEAD_Q5,63,23.63
IN,DYNAMATECH,2023-05-31,,0.0,PEAD_Q5,63,10.55
IN,BAJAJHIND,2023-05-31,,0.0,PEAD_Q5,63,65.42
IN,TIMETECHNO,2023-05-31,,0.0,PEAD_Q5,63,65.5
IN,MONTECARLO,2023-05-31,,0.0,PEAD_Q5,63,-5.6
IN,AUROPHARMA,2023-05-31,,0.0,PEAD_Q5,63,26.78
IN,JKCEMENT,2023-05-31,,0.0,PEAD_Q5,63,2.62
IN,TCIEXP,2023-05-31,,0.0,PEAD_Q5,63,-11.19
IN,INOXWIND,2023-05-31,,0.0,PEAD_Q5,63,50.68
IN,PFC,2023-05-31,,0.0,PEAD_Q5,63,49.59
IN,INOXGREEN,2023-05-31,,0.0,PEAD_Q5,63,43.34
IN,DYNPRO,2023-06-01,,0.0,PEAD_Q5,63,19.37
IN,HLEGLAS,2023-06-01,,0.0,PEAD_Q5,63,-5.4
IN,MAZDOCK,2023-06-01,,0.0,PEAD_Q5,63,126.77
IN,ASTRAZEN,2023-06-01,,0.0,PEAD_Q5,63,21.61
IN,IMFA,2023-06-01,,0.0,PEAD_Q5,63,29.85
IN,SUZLON,2023-06-01,,0.0,PEAD_Q5,63,120.18
IN,TORNTPHARM,2023-06-01,,0.0,PEAD_Q5,63,3.81
IN,WELCORP,2023-06-01,,0.0,PEAD_Q5,63,25.88
IN,TEGA,2023-06-01,,0.0,PEAD_Q5,63,12.77
IN,RICOAUTO,2023-06-01,,0.0,PEAD_Q5,63,3.29
IN,LAOPALA,2023-06-01,,0.0,PEAD_Q5,63,10.97
IN,MAWANASUG,2023-06-01,,0.0,PEAD_Q5,63,3.07
IN,VADILALIND,2023-06-01,,0.0,PEAD_Q5,63,1.09
IN,HIKAL,2023-06-01,,0.0,PEAD_Q5,63,-4.64
IN,NRBBEARING,2023-06-02,,0.0,PEAD_Q5,63,54.57
IN,APOLLOHOSP,2023-06-02,,0.0,PEAD_Q5,63,-2.56
IN,GRAPHITE,2023-06-02,,0.0,PEAD_Q5,63,26.93
IN,SHK,2023-06-02,,0.0,PEAD_Q5,63,50.25
IN,PRESTIGE,2023-06-02,,0.0,PEAD_Q5,63,36.38
IN,ALLCARGO,2023-06-02,,0.0,PEAD_Q5,63,-1.99
IN,GMDCLTD,2023-06-02,,0.0,PEAD_Q5,63,49.06
IN,BCG,2023-06-02,,0.0,PEAD_Q5,63,-21.41
IN,MANKIND,2023-06-02,,0.0,PEAD_Q5,63,17.07
IN,MARKSANS,2023-06-02,,0.0,PEAD_Q5,63,34.56
IN,FAIRCHEMOR,2023-06-02,,0.0,PEAD_Q5,63,-15.24
IN,ARVINDFASN,2023-06-02,,0.0,PEAD_Q5,63,9.07
IN,HARIOMPIPE,2023-06-02,,0.0,PEAD_Q5,63,-4.01
IN,LUXIND,2023-06-02,,0.0,PEAD_Q5,63,-2.7
IN,HIMATSEIDE,2023-06-02,,0.0,PEAD_Q5,63,44.71
IN,ICIL,2023-06-02,,0.0,PEAD_Q5,63,27.32
IN,3MINDIA,2023-06-02,,0.0,PEAD_Q5,63,18.65
IN,ACE,2023-06-02,,0.0,PEAD_Q5,63,53.39
IN,DOLLAR,2023-06-02,,0.0,PEAD_Q5,63,17.8
IN,RAJESHEXPO,2023-06-05,,0.0,PEAD_Q5,63,-15.4
IN,ORISSAMINE,2023-07-11,,0.0,PEAD_Q5,63,59.71
IN,ANANDRATHI,2023-07-17,,0.0,PEAD_Q5,63,75.84
IN,DEN,2023-07-18,,0.0,PEAD_Q5,63,42.71
IN,RALLIS,2023-07-19,,0.0,PEAD_Q5,63,0.89
IN,TV18BRDCST,2023-07-21,,0.0,PEAD_Q5,63,5.04
IN,TANLA,2023-07-24,,0.0,PEAD_Q5,63,-25.37
IN,HATSUN,2023-07-24,,0.0,PEAD_Q5,63,10.17
IN,DBCORP,2023-07-24,,0.0,PEAD_Q5,63,30.22
IN,MAHABANK,2023-07-24,,0.0,PEAD_Q5,63,23.15
IN,RKFORGE,2023-07-25,,0.0,PEAD_Q5,63,11.45
IN,DODLA,2023-07-25,,0.0,PEAD_Q5,63,-11.05
IN,PONNIERODE,2023-07-25,,0.0,PEAD_Q5,63,-3.62
IN,ASHOKLEY,2023-07-25,,0.0,PEAD_Q5,63,-8.89
IN,UNIONBANK,2023-07-25,,0.0,PEAD_Q5,63,7.67
IN,FOCUS,2023-07-26,,0.0,PEAD_Q5,63,12.4
IN,TMB,2023-07-26,,0.0,PEAD_Q5,63,27.0
IN,PAISALO,2023-07-26,,0.0,PEAD_Q5,63,42.7
IN,GNA,2023-07-26,,0.0,PEAD_Q5,63,68.58
IN,TITAGARH,2023-07-26,,0.0,PEAD_Q5,63,9.03
IN,JYOTHYLAB,2023-07-27,,0.0,PEAD_Q5,63,19.98
IN,TATAMTRDVR,2023-07-27,,0.0,PEAD_Q5,63,-0.04
IN,JKPAPER,2023-07-27,,0.0,PEAD_Q5,63,18.61
IN,ISMTLTD,2023-07-28,,0.0,PEAD_Q5,63,-6.45
IN,GODFRYPHLP,2023-07-28,,0.0,PEAD_Q5,63,9.21
IN,COLPAL,2023-07-28,,0.0,PEAD_Q5,63,3.15
IN,PNB,2023-07-28,,0.0,PEAD_Q5,63,17.84
IN,CIPLA,2023-07-28,,0.0,PEAD_Q5,63,1.88
IN,AJMERA,2023-07-28,,0.0,PEAD_Q5,63,-1.33
IN,LT,2023-07-28,,0.0,PEAD_Q5,63,10.55
IN,DELTACORP,2023-07-28,,0.0,PEAD_Q5,63,-34.94
IN,BEL,2023-07-31,,0.0,PEAD_Q5,63,1.3
IN,PSPPROJECT,2023-07-31,,0.0,PEAD_Q5,63,-8.43
IN,FOSECOIND,2023-07-31,,0.0,PEAD_Q5,63,1.92
IN,AJANTPHARM,2023-07-31,,0.0,PEAD_Q5,63,7.68
IN,LODHA,2023-07-31,,0.0,PEAD_Q5,63,5.87
IN,INDIANB,2023-07-31,,0.0,PEAD_Q5,63,24.24
IN,JSL,2023-07-31,,0.0,PEAD_Q5,63,11.67
IN,WESTLIFE,2023-07-31,,0.0,PEAD_Q5,63,-13.98
IN,RECLTD,2023-07-31,,0.0,PEAD_Q5,63,39.37
IN,RPGLIFE,2023-08-01,,0.0,PEAD_Q5,63,36.31
IN,LXCHEM,2023-08-01,,0.0,PEAD_Q5,63,-6.05
IN,LATENTVIEW,2023-08-01,,0.0,PEAD_Q5,63,4.78
IN,ZFCVINDIA,2023-08-01,,0.0,PEAD_Q5,63,15.37
IN,MONARCH,2023-08-01,,0.0,PEAD_Q5,63,24.88
IN,SDBL,2023-08-02,,0.0,PEAD_Q5,63,-0.05
IN,CONTROLPR,2023-08-02,,0.0,PEAD_Q5,63,26.37
IN,PFS,2023-08-02,,0.0,PEAD_Q5,63,47.17
IN,NTPC,2023-08-02,,0.0,PEAD_Q5,63,6.96
IN,DLINKINDIA,2023-08-02,,0.0,PEAD_Q5,63,-5.53
IN,SARDAEN,2023-08-02,,0.0,PEAD_Q5,63,14.53
IN,ESCORTS,2023-08-03,,0.0,PEAD_Q5,63,20.8
IN,NAVINFLUOR,2023-08-03,,0.0,PEAD_Q5,63,-19.26
IN,PVRINOX,2023-08-03,,0.0,PEAD_Q5,63,2.68
IN,KAMOPAINTS,2023-08-04,,0.0,PEAD_Q5,63,-17.47
IN,GATEWAY,2023-08-04,,0.0,PEAD_Q5,63,15.27
IN,ORIENTELEC,2023-08-04,,0.0,PEAD_Q5,63,-9.04
IN,AIAENG,2023-08-04,,0.0,PEAD_Q5,63,4.08
IN,VAIBHAVGBL,2023-08-04,,0.0,PEAD_Q5,63,10.61
IN,PRICOLLTD,2023-08-04,,0.0,PEAD_Q5,63,26.04
IN,WELENT,2023-08-04,,0.0,PEAD_Q5,63,-0.71
IN,DEEPINDS,2023-08-04,,0.0,PEAD_Q5,63,4.36
IN,LUPIN,2023-08-07,,0.0,PEAD_Q5,63,12.02
IN,PUNJABCHEM,2023-08-07,,0.0,PEAD_Q5,63,15.36
IN,LICHSGFIN,2023-08-07,,0.0,PEAD_Q5,63,2.94
IN,NEULANDLAB,2023-08-07,,0.0,PEAD_Q5,63,28.76
IN,NELCAST,2023-08-07,,0.0,PEAD_Q5,63,36.94
IN,DHANUKA,2023-08-07,,0.0,PEAD_Q5,63,10.67
IN,KSB,2023-08-07,,0.0,PEAD_Q5,63,20.41
IN,REPCOHOME,2023-08-08,,0.0,PEAD_Q5,63,27.59
IN,EVERESTIND,2023-08-08,,0.0,PEAD_Q5,63,12.55
IN,STEELCAS,2023-08-08,,0.0,PEAD_Q5,63,15.94
IN,GANECOS,2023-08-08,,0.0,PEAD_Q5,63,-22.23
IN,GULFOILLUB,2023-08-08,,0.0,PEAD_Q5,63,3.5
IN,RATEGAIN,2023-08-09,,0.0,PEAD_Q5,63,28.98
IN,EMAMILTD,2023-08-09,,0.0,PEAD_Q5,63,-0.41
IN,RUSTOMJEE,2023-08-09,,0.0,PEAD_Q5,63,-9.5
IN,BANCOINDIA,2023-08-09,,0.0,PEAD_Q5,63,31.38
IN,GLAND,2023-08-09,,0.0,PEAD_Q5,63,-2.67
IN,ONMOBILE,2023-08-09,,0.0,PEAD_Q5,63,5.74
IN,POLYMED,2023-08-09,,0.0,PEAD_Q5,63,0.61
IN,MAPMYINDIA,2023-08-09,,0.0,PEAD_Q5,63,28.46
IN,NITINSPIN,2023-08-09,,0.0,PEAD_Q5,63,21.9
IN,ETHOSLTD,2023-08-09,,0.0,PEAD_Q5,63,19.1
IN,CSLFINANCE,2023-08-09,,0.0,PEAD_Q5,63,9.59
IN,SANGHVIMOV,2023-08-09,,0.0,PEAD_Q5,63,7.06
IN,MOREPENLAB,2023-08-09,,0.0,PEAD_Q5,63,6.35
IN,IRCON,2023-08-10,,0.0,PEAD_Q5,63,49.62
IN,MANGLMCEM,2023-08-10,,0.0,PEAD_Q5,63,19.09
IN,DATAPATTNS,2023-08-10,,0.0,PEAD_Q5,63,-11.98
IN,INDIAGLYCO,2023-08-10,,0.0,PEAD_Q5,63,-0.64
IN,CAPLIPOINT,2023-08-10,,0.0,PEAD_Q5,63,18.71
IN,SUVEN,2023-08-10,,0.0,PEAD_Q5,63,27.77
IN,PENINLAND,2023-08-10,,0.0,PEAD_Q5,63,18.35
IN,RELIGARE,2023-08-10,,0.0,PEAD_Q5,63,0.43
IN,JWL,2023-08-10,,0.0,PEAD_Q5,63,35.14
IN,JKIL,2023-08-10,,0.0,PEAD_Q5,63,7.78
IN,SAFARI,2023-08-11,,0.0,PEAD_Q5,63,26.42
IN,BHARATFORG,2023-08-11,,0.0,PEAD_Q5,63,9.31
IN,RTNINDIA,2023-08-11,,0.0,PEAD_Q5,63,25.59
IN,VMART,2023-08-11,,0.0,PEAD_Q5,63,-27.57
IN,MFSL,2023-08-11,,0.0,PEAD_Q5,63,12.71
IN,THOMASCOOK,2023-08-11,,0.0,PEAD_Q5,63,46.22
IN,VARROC,2023-08-11,,0.0,PEAD_Q5,63,23.61
IN,VGUARD,2023-08-11,,0.0,PEAD_Q5,63,-5.04
IN,RADIANTCMS,2023-08-11,,0.0,PEAD_Q5,63,-12.19
IN,VIJAYA,2023-08-11,,0.0,PEAD_Q5,63,27.3
IN,JISLJALEQS,2023-08-11,,0.0,PEAD_Q5,63,27.01
IN,WINDLAS,2023-08-11,,0.0,PEAD_Q5,63,8.15
IN,63MOONS,2023-08-11,,0.0,PEAD_Q5,63,16.8
IN,TRENT,2023-08-11,,0.0,PEAD_Q5,63,35.39
IN,BLKASHYAP,2023-08-11,,0.0,PEAD_Q5,63,52.56
IN,OMAXE,2023-08-14,,0.0,PEAD_Q5,63,59.36
IN,GENUSPOWER,2023-08-14,,0.0,PEAD_Q5,63,6.02
IN,ALEMBICLTD,2023-08-14,,0.0,PEAD_Q5,63,3.33
IN,RPSGVENT,2023-08-14,,0.0,PEAD_Q5,63,-4.01
IN,KIRLOSENG,2023-08-14,,0.0,PEAD_Q5,63,8.38
IN,LINCOLN,2023-08-14,,0.0,PEAD_Q5,63,28.26
IN,BOMDYEING,2023-08-14,,0.0,PEAD_Q5,63,20.15
IN,PENIND,2023-08-14,,0.0,PEAD_Q5,63,31.74
IN,FDC,2023-08-14,,0.0,PEAD_Q5,63,-1.8
IN,IMAGICAA,2023-08-14,,0.0,PEAD_Q5,63,-16.08
IN,PAGEIND,2023-08-14,,0.0,PEAD_Q5,63,-8.7
IN,IRCTC,2023-08-14,,0.0,PEAD_Q5,63,4.62
IN,IRFC,2023-08-16,,0.0,PEAD_Q5,63,50.05
IN,TIIL,2023-08-16,,0.0,PEAD_Q5,63,3.6
IN,ROTO,2023-08-16,,0.0,PEAD_Q5,63,27.86
IN,GRSE,2023-08-16,,0.0,PEAD_Q5,63,-0.07
IN,KPIGREEN,2023-08-16,,0.0,PEAD_Q5,63,29.81
IN,ACI,2023-08-16,,0.0,PEAD_Q5,63,-3.21
IN,DBREALTY,2023-08-16,,0.0,PEAD_Q5,63,75.95
IN,TRU,2023-08-16,,0.0,PEAD_Q5,63,30.79
IN,COCHINSHIP,2023-08-16,,0.0,PEAD_Q5,63,33.87
IN,ELIN,2023-08-16,,0.0,PEAD_Q5,63,4.62
IN,GMMPFAUDLR,2023-08-16,,0.0,PEAD_Q5,63,6.47
IN,CAMPUS,2023-08-16,,0.0,PEAD_Q5,63,-11.86
IN,WSTCSTPAPR,2023-08-16,,0.0,PEAD_Q5,63,25.8
IN,RHIM,2023-08-16,,0.0,PEAD_Q5,63,-2.01
IN,NCLIND,2023-08-16,,0.0,PEAD_Q5,63,-2.73
IN,DREDGECORP,2023-08-16,,0.0,PEAD_Q5,63,15.36
IN,PAKKA,2023-08-17,,0.0,PEAD_Q5,63,50.97
IN,AGARIND,2023-08-17,,0.0,PEAD_Q5,63,14.74
IN,ARMANFIN,2023-08-17,,0.0,PEAD_Q5,63,-9.4
IN,ZOTA,2023-08-17,,0.0,PEAD_Q5,63,-10.89
IN,COFFEEDAY,2023-08-17,,0.0,PEAD_Q5,63,0.0
IN,DCW,2023-08-17,,0.0,PEAD_Q5,63,5.38
IN,PITTIENG,2023-08-17,,0.0,PEAD_Q5,63,43.24
IN,KDDL,2023-08-17,,0.0,PEAD_Q5,63,54.24
IN,PROZONER,2023-08-17,,0.0,PEAD_Q5,63,14.83
IN,TNPL,2023-08-17,,0.0,PEAD_Q5,63,4.56
IN,SATIA,2023-08-17,,0.0,PEAD_Q5,63,-13.74
IN,EMIL,2023-08-17,,0.0,PEAD_Q5,63,67.12
IN,PTCIL,2023-08-17,,0.0,PEAD_Q5,63,-7.58
IN,SPCENET,2023-08-17,,0.0,PEAD_Q5,63,2.95
IN,SHAKTIPUMP,2023-08-18,,0.0,PEAD_Q5,63,45.86
IN,CONFIPET,2023-08-18,,0.0,PEAD_Q5,63,7.97
IN,YATHARTH,2023-08-22,,0.0,PEAD_Q5,63,8.01
IN,MMTC,2023-09-26,,0.0,PEAD_Q5,63,2.57
IN,JTLIND,2023-10-16,,0.0,PEAD_Q5,63,-1.85
IN,HDFCAMC,2023-10-16,,0.0,PEAD_Q5,63,16.65
IN,ZAGGLE,2023-10-16,,0.0,PEAD_Q5,63,-8.86
IN,BIRLAMONEY,2023-10-17,,0.0,PEAD_Q5,63,36.71
IN,KARURVYSYA,2023-10-18,,0.0,PEAD_Q5,63,15.52
IN,CYIENTDLM,2023-10-19,,0.0,PEAD_Q5,63,-7.6
IN,BAJAJ-AUTO,2023-10-20,,0.0,PEAD_Q5,63,31.4
IN,PERSISTENT,2023-10-20,,0.0,PEAD_Q5,63,43.48
IN,HUHTAMAKI,2023-10-20,,0.0,PEAD_Q5,63,13.79
IN,TATAELXSI,2023-10-20,,0.0,PEAD_Q5,63,2.7
IN,CREDITACC,2023-10-25,,0.0,PEAD_Q5,63,4.36
IN,STYRENIX,2023-10-25,,0.0,PEAD_Q5,63,14.18
IN,UBL,2023-10-25,,0.0,PEAD_Q5,63,13.01
IN,BALKRISIND,2023-10-26,,0.0,PEAD_Q5,63,-4.06
IN,DODLA,2023-10-26,,0.0,PEAD_Q5,63,38.19
IN,SONACOMS,2023-10-27,,0.0,PEAD_Q5,63,12.16
IN,SHAREINDIA,2023-10-27,,0.0,PEAD_Q5,63,29.78
IN,SHANTIGEAR,2023-10-27,,0.0,PEAD_Q5,63,18.12
IN,SWARAJENG,2023-10-27,,0.0,PEAD_Q5,63,12.35
IN,SONATSOFTW,2023-10-27,,0.0,PEAD_Q5,63,30.44
IN,VOLTAMP,2023-10-30,,0.0,PEAD_Q5,63,64.02
IN,SHRIRAMFIN,2023-10-30,,0.0,PEAD_Q5,63,26.69
IN,UGROCAP,2023-10-30,,0.0,PEAD_Q5,63,-5.51
IN,HOMEFIRST,2023-10-30,,0.0,PEAD_Q5,63,5.85
IN,CANBK,2023-10-30,,0.0,PEAD_Q5,63,31.08
IN,RAILTEL,2023-10-30,,0.0,PEAD_Q5,63,90.15
IN,AXISBANK,2023-10-30,,0.0,PEAD_Q5,63,9.61
IN,RALLIS,2023-10-30,,0.0,PEAD_Q5,63,20.18
IN,DBCORP,2023-10-30,,0.0,PEAD_Q5,63,4.02
IN,PAISALO,2023-10-30,,0.0,PEAD_Q5,63,61.08
IN,ISMTLTD,2023-10-30,,0.0,PEAD_Q5,63,31.44
IN,IRB,2023-10-31,,0.0,PEAD_Q5,63,99.25
IN,SHALBY,2023-10-31,,0.0,PEAD_Q5,63,7.8
IN,FOCUS,2023-10-31,,0.0,PEAD_Q5,63,13.05
IN,INOXWIND,2023-10-31,,0.0,PEAD_Q5,63,134.72
IN,NUVAMA,2023-10-31,,0.0,PEAD_Q5,63,16.35
IN,OBEROIRLTY,2023-10-31,,0.0,PEAD_Q5,63,12.95
IN,UNIONBANK,2023-10-31,,0.0,PEAD_Q5,63,46.46
IN,NLCINDIA,2023-10-31,,0.0,PEAD_Q5,63,98.21
IN,TRF,2023-10-31,,0.0,PEAD_Q5,63,4.1
IN,VENUSPIPES,2023-10-31,,0.0,PEAD_Q5,63,3.59
IN,PNB,2023-10-31,,0.0,PEAD_Q5,63,71.78
IN,JINDALSAW,2023-10-31,,0.0,PEAD_Q5,63,11.82
IN,SATIN,2023-10-31,,0.0,PEAD_Q5,63,4.02
IN,NAM-INDIA,2023-11-01,,0.0,PEAD_Q5,63,27.74
IN,DLF,2023-11-01,,0.0,PEAD_Q5,63,36.84
IN,ADANIGREEN,2023-11-01,,0.0,PEAD_Q5,63,89.57
IN,KPITTECH,2023-11-01,,0.0,PEAD_Q5,63,31.35
IN,BPCL,2023-11-01,,0.0,PEAD_Q5,63,61.04
IN,ANUP,2023-11-01,,0.0,PEAD_Q5,63,22.54
IN,INTELLECT,2023-11-01,,0.0,PEAD_Q5,63,39.75
IN,GOODLUCK,2023-11-01,,0.0,PEAD_Q5,63,25.72
IN,HITECH,2023-11-01,,0.0,PEAD_Q5,63,44.95
IN,PPLPHARMA,2023-11-01,,0.0,PEAD_Q5,63,30.91
IN,LODHA,2023-11-01,,0.0,PEAD_Q5,63,41.46
IN,CDSL,2023-11-01,,0.0,PEAD_Q5,63,21.69
IN,ZEEMEDIA,2023-11-02,,0.0,PEAD_Q5,63,2.77
IN,IOC,2023-11-02,,0.0,PEAD_Q5,63,94.11
IN,PARADEEP,2023-11-02,,0.0,PEAD_Q5,63,17.17
IN,AJANTPHARM,2023-11-02,,0.0,PEAD_Q5,63,23.98
IN,NIITLTD,2023-11-02,,0.0,PEAD_Q5,63,-0.21
IN,DCXINDIA,2023-11-02,,0.0,PEAD_Q5,63,24.68
IN,LGBBROSLTD,2023-11-02,,0.0,PEAD_Q5,63,17.34
IN,DENORA,2023-11-02,,0.0,PEAD_Q5,63,-15.21
IN,PGHH,2023-11-02,,0.0,PEAD_Q5,63,-6.0
IN,MANGCHEFER,2023-11-02,,0.0,PEAD_Q5,63,8.16
IN,ARVSMART,2023-11-03,,0.0,PEAD_Q5,63,79.1
IN,SAREGAMA,2023-11-03,,0.0,PEAD_Q5,63,10.09
IN,MASFIN,2023-11-03,,0.0,PEAD_Q5,63,10.46
IN,RESPONIND,2023-11-03,,0.0,PEAD_Q5,63,-7.63
IN,RECLTD,2023-11-03,,0.0,PEAD_Q5,63,67.52
IN,SUNPHARMA,2023-11-03,,0.0,PEAD_Q5,63,31.12
IN,BSOFT,2023-11-03,,0.0,PEAD_Q5,63,41.76
IN,GRAVITA,2023-11-03,,0.0,PEAD_Q5,63,-16.47
IN,GEOJITFSL,2023-11-03,,0.0,PEAD_Q5,63,24.77
IN,TRITURBINE,2023-11-03,,0.0,PEAD_Q5,63,19.64
IN,KEI,2023-11-03,,0.0,PEAD_Q5,63,28.22
IN,GODREJPROP,2023-11-06,,0.0,PEAD_Q5,63,21.57
IN,BLISSGVS,2023-11-06,,0.0,PEAD_Q5,63,20.01
IN,DIAMONDYD,2023-11-06,,0.0,PEAD_Q5,63,49.64
IN,LALPATHLAB,2023-11-06,,0.0,PEAD_Q5,63,-8.64
IN,JKLAKSHMI,2023-11-06,,0.0,PEAD_Q5,63,15.49
IN,AJMERA,2023-11-06,,0.0,PEAD_Q5,63,71.44
IN,XCHANGING,2023-11-06,,0.0,PEAD_Q5,63,38.9
IN,IGL,2023-11-06,,0.0,PEAD_Q5,63,9.66
IN,JKTYRE,2023-11-06,,0.0,PEAD_Q5,63,49.82
IN,SHK,2023-11-07,,0.0,PEAD_Q5,63,35.71
IN,JAYNECOIND,2023-11-07,,0.0,PEAD_Q5,63,59.92
IN,ORIENTCER,2023-11-07,,0.0,PEAD_Q5,63,23.49
IN,TI,2023-11-07,,0.0,PEAD_Q5,63,-0.93
IN,PRSMJOHNSN,2023-11-07,,0.0,PEAD_Q5,63,19.88
IN,PFOCUS,2023-11-07,,0.0,PEAD_Q5,63,22.3
IN,JSWINFRA,2023-11-07,,0.0,PEAD_Q5,63,2.11
IN,REPRO,2023-11-07,,0.0,PEAD_Q5,63,8.7
IN,SOLARINDS,2023-11-07,,0.0,PEAD_Q5,63,15.98
IN,CONCOR,2023-11-07,,0.0,PEAD_Q5,63,26.97
IN,PONNIERODE,2023-11-07,,0.0,PEAD_Q5,63,4.14
IN,TRACXN,2023-11-07,,0.0,PEAD_Q5,63,32.2
IN,GSPL,2023-11-08,,0.0,PEAD_Q5,63,27.88
IN,UJJIVAN,2023-11-08,,0.0,PEAD_Q5,63,-0.46
IN,EXIDEIND,2023-11-08,,0.0,PEAD_Q5,63,23.2
IN,DIVISLAB,2023-11-08,,0.0,PEAD_Q5,63,7.14
IN,NYKAA,2023-11-08,,0.0,PEAD_Q5,63,-2.48
IN,BIKAJI,2023-11-08,,0.0,PEAD_Q5,63,5.19
IN,REPCOHOME,2023-11-08,,0.0,PEAD_Q5,63,-2.87
IN,BORORENEW,2023-11-08,,0.0,PEAD_Q5,63,13.04
IN,GREENPLY,2023-11-08,,0.0,PEAD_Q5,63,20.65
IN,AARTIIND,2023-11-08,,0.0,PEAD_Q5,63,30.89
IN,IKIO,2023-11-08,,0.0,PEAD_Q5,63,-14.62
IN,CIGNITITEC,2023-11-08,,0.0,PEAD_Q5,63,-7.52
IN,GMRP&UI,2023-11-08,,0.0,PEAD_Q5,63,38.38
IN,VBL,2023-11-08,,0.0,PEAD_Q5,63,37.72
IN,BANKINDIA,2023-11-08,,0.0,PEAD_Q5,63,23.68
IN,EPIGRAL,2023-11-08,,0.0,PEAD_Q5,63,7.65
IN,CHEMBOND,2023-11-08,,0.0,PEAD_Q5,63,8.59
IN,JKCEMENT,2023-11-08,,0.0,PEAD_Q5,63,23.15
IN,ZUARI,2023-11-08,,0.0,PEAD_Q5,63,36.21
IN,UNOMINDA,2023-11-09,,0.0,PEAD_Q5,63,0.14
IN,ARVINDFASN,2023-11-09,,0.0,PEAD_Q5,63,20.12
IN,JYOTHYLAB,2023-11-09,,0.0,PEAD_Q5,63,3.79
IN,PRINCEPIPE,2023-11-09,,0.0,PEAD_Q5,63,-16.15
IN,ZYDUSLIFE,2023-11-09,,0.0,PEAD_Q5,63,40.06
IN,APOLLOTYRE,2023-11-09,,0.0,PEAD_Q5,63,22.24
IN,RRKABEL,2023-11-09,,0.0,PEAD_Q5,63,-12.22
IN,NAUKRI,2023-11-09,,0.0,PEAD_Q5,63,16.91
IN,ADVENZYMES,2023-11-09,,0.0,PEAD_Q5,63,25.91
IN,HINDPETRO,2023-11-09,,0.0,PEAD_Q5,63,67.8
IN,QUESS,2023-11-09,,0.0,PEAD_Q5,63,6.91
IN,SHRIPISTON,2023-11-09,,0.0,PEAD_Q5,63,66.51
IN,CSLFINANCE,2023-11-09,,0.0,PEAD_Q5,63,25.19
IN,REDINGTON,2023-11-09,,0.0,PEAD_Q5,63,28.79
IN,ALKEM,2023-11-09,,0.0,PEAD_Q5,63,23.6
IN,NEULANDLAB,2023-11-09,,0.0,PEAD_Q5,63,22.03
IN,VSTTILLERS,2023-11-09,,0.0,PEAD_Q5,63,-15.67
IN,ICIL,2023-11-09,,0.0,PEAD_Q5,63,-6.69
IN,ELGIEQUIP,2023-11-10,,0.0,PEAD_Q5,63,26.13
IN,PRESTIGE,2023-11-10,,0.0,PEAD_Q5,63,26.07
IN,WELCORP,2023-11-10,,0.0,PEAD_Q5,63,14.92
IN,DOLLAR,2023-11-10,,0.0,PEAD_Q5,63,8.23
IN,BRIGADE,2023-11-10,,0.0,PEAD_Q5,63,36.92
IN,ARIHANTSUP,2023-11-10,,0.0,PEAD_Q5,63,61.84
IN,GPPL,2023-11-10,,0.0,PEAD_Q5,63,28.85
IN,JBCHEPHARM,2023-11-10,,0.0,PEAD_Q5,63,11.55
IN,KICL,2023-11-10,,0.0,PEAD_Q5,63,34.52
IN,CUMMINSIND,2023-11-10,,0.0,PEAD_Q5,63,44.93
IN,GENUSPAPER,2023-11-10,,0.0,PEAD_Q5,63,7.78
IN,HPL,2023-11-10,,0.0,PEAD_Q5,63,52.58
IN,SKIPPER,2023-11-10,,0.0,PEAD_Q5,63,22.52
IN,LUXIND,2023-11-10,,0.0,PEAD_Q5,63,-17.49
IN,MOIL,2023-11-10,,0.0,PEAD_Q5,63,22.1
IN,DCAL,2023-11-13,,0.0,PEAD_Q5,63,27.45
IN,PFC,2023-11-13,,0.0,PEAD_Q5,63,41.61
IN,HPAL,2023-11-13,,0.0,PEAD_Q5,63,13.08
IN,TORNTPOWER,2023-11-13,,0.0,PEAD_Q5,63,47.3
IN,AWHCL,2023-11-13,,0.0,PEAD_Q5,63,-2.52
IN,BASF,2023-11-13,,0.0,PEAD_Q5,63,17.74
IN,PIIND,2023-11-13,,0.0,PEAD_Q5,63,-2.81
IN,MEDANTA,2023-11-13,,0.0,PEAD_Q5,63,52.6
IN,CARTRADE,2023-11-13,,0.0,PEAD_Q5,63,-18.17
IN,ECLERX,2023-11-13,,0.0,PEAD_Q5,63,-0.03
IN,VENUSREM,2023-11-13,,0.0,PEAD_Q5,63,3.22
IN,WELENT,2023-11-13,,0.0,PEAD_Q5,63,12.68
IN,KOTHARIPET,2023-11-13,,0.0,PEAD_Q5,63,-15.52
IN,ENGINERSIN,2023-11-13,,0.0,PEAD_Q5,63,47.47
IN,EMUDHRA,2023-11-13,,0.0,PEAD_Q5,63,-0.88
IN,NESCO,2023-11-13,,0.0,PEAD_Q5,63,12.43
IN,ELECTCAST,2023-11-13,,0.0,PEAD_Q5,63,63.81
IN,ARTEMISMED,2023-11-13,,0.0,PEAD_Q5,63,7.79
IN,MINDTECK,2023-11-13,,0.0,PEAD_Q5,63,24.58
IN,POKARNA,2023-11-13,,0.0,PEAD_Q5,63,-15.37
IN,TIMETECHNO,2023-11-15,,0.0,PEAD_Q5,63,23.98
IN,COALINDIA,2023-11-15,,0.0,PEAD_Q5,63,36.91
IN,BSE,2023-11-15,,0.0,PEAD_Q5,63,0.06
IN,NCC,2023-11-15,,0.0,PEAD_Q5,63,36.41
IN,ASHIANA,2023-11-15,,0.0,PEAD_Q5,63,16.56
IN,SIGNATURE,2023-11-15,,0.0,PEAD_Q5,63,88.46
IN,BFUTILITIE,2023-11-15,,0.0,PEAD_Q5,63,12.79
IN,TECHNOE,2023-11-15,,0.0,PEAD_Q5,63,35.77
IN,RISHABH,2023-11-15,,0.0,PEAD_Q5,63,1.84
IN,EDELWEISS,2023-11-15,,0.0,PEAD_Q5,63,12.78
IN,FORTIS,2023-11-15,,0.0,PEAD_Q5,63,20.9
IN,PTC,2023-11-15,,0.0,PEAD_Q5,63,23.41
IN,HINDCOPPER,2023-11-15,,0.0,PEAD_Q5,63,61.19
IN,CAPLIPOINT,2023-11-15,,0.0,PEAD_Q5,63,19.74
IN,JPASSOCIAT,2023-11-15,,0.0,PEAD_Q5,63,23.08
IN,MARKSANS,2023-11-15,,0.0,PEAD_Q5,63,25.07
IN,JINDALPHOT,2023-11-15,,0.0,PEAD_Q5,63,-1.36
IN,GOLDIAM,2023-11-15,,0.0,PEAD_Q5,63,42.66
IN,SUBROS,2023-11-15,,0.0,PEAD_Q5,63,50.62
IN,ACE,2023-11-15,,0.0,PEAD_Q5,63,35.06
IN,BECTORFOOD,2023-11-15,,0.0,PEAD_Q5,63,-21.49
IN,NRBBEARING,2023-11-16,,0.0,PEAD_Q5,63,20.1
IN,HARIOMPIPE,2023-11-16,,0.0,PEAD_Q5,63,-23.12
IN,EICHERMOT,2023-11-16,,0.0,PEAD_Q5,63,1.72
IN,PIXTRANS,2023-11-16,,0.0,PEAD_Q5,63,0.42
IN,KNRCON,2023-11-17,,0.0,PEAD_Q5,63,-3.92
IN,MANAPPURAM,2023-11-17,,0.0,PEAD_Q5,63,18.88
IN,INTLCONV,2023-11-17,,0.0,PEAD_Q5,63,2.36
IN,EMSLIMITED,2023-11-17,,0.0,PEAD_Q5,63,21.57
IN,NH,2023-11-17,,0.0,PEAD_Q5,63,10.86
IN,DCMSRIND,2023-11-17,,0.0,PEAD_Q5,63,48.43
IN,CAPACITE,2023-11-17,,0.0,PEAD_Q5,63,2.22
IN,WOCKPHARMA,2023-11-17,,0.0,PEAD_Q5,63,77.26
IN,DPWIRES,2023-11-20,,0.0,PEAD_Q5,63,-25.37
IN,HONASA,2023-11-24,,0.0,PEAD_Q5,63,-9.24
IN,CELLO,2023-11-30,,0.0,PEAD_Q5,63,2.77
IN,FEDFINA,2023-12-13,,0.0,PEAD_Q5,63,-20.51
IN,TCS,2024-01-15,,0.0,PEAD_Q5,63,-1.0
IN,INFY,2024-01-15,,0.0,PEAD_Q5,63,-13.28
IN,WIPRO,2024-01-16,,0.0,PEAD_Q5,63,-4.72
IN,HCLTECH,2024-01-16,,0.0,PEAD_Q5,63,-4.42
IN,PCBL,2024-01-17,,0.0,PEAD_Q5,63,-4.91
IN,SDBL,2024-01-19,,0.0,PEAD_Q5,63,8.36
IN,OFSS,2024-01-19,,0.0,PEAD_Q5,63,8.92
IN,GOACARBON,2024-01-19,,0.0,PEAD_Q5,63,30.69
IN,TV18BRDCST,2024-01-19,,0.0,PEAD_Q5,63,-29.29
IN,NETWORK18,2024-01-19,,0.0,PEAD_Q5,63,-28.72
IN,LTTS,2024-01-19,,0.0,PEAD_Q5,63,-11.3
IN,SWSOLAR,2024-01-23,,0.0,PEAD_Q5,63,27.0
IN,POONAWALLA,2024-01-23,,0.0,PEAD_Q5,63,1.28
IN,SOUTHBANK,2024-01-23,,0.0,PEAD_Q5,63,0.98
IN,SHREDIGCEM,2024-01-24,,0.0,PEAD_Q5,63,-4.38
IN,SUPREMEIND,2024-01-24,,0.0,PEAD_Q5,63,23.36
IN,INDBANK,2024-01-25,,0.0,PEAD_Q5,63,16.28
IN,CIPLA,2024-01-25,,0.0,PEAD_Q5,63,3.68
IN,SIGACHI,2024-01-25,,0.0,PEAD_Q5,63,-15.02
IN,IREDA,2024-01-25,,0.0,PEAD_Q5,63,6.83
IN,PERSISTENT,2024-01-25,,0.0,PEAD_Q5,63,-18.66
IN,KARURVYSYA,2024-01-25,,0.0,PEAD_Q5,63,12.54
IN,IDBI,2024-01-25,,0.0,PEAD_Q5,63,9.1
IN,MONARCH,2024-01-25,,0.0,PEAD_Q5,63,1.92
IN,DALBHARAT,2024-01-29,,0.0,PEAD_Q5,63,-20.4
IN,IOB,2024-01-29,,0.0,PEAD_Q5,63,36.74
IN,SARLAPOLY,2024-01-29,,0.0,PEAD_Q5,63,6.89
IN,MOTILALOFS,2024-01-29,,0.0,PEAD_Q5,63,38.14
IN,REDTAPE,2024-01-29,,0.0,PEAD_Q5,63,23.24
IN,KOLTEPATIL,2024-01-29,,0.0,PEAD_Q5,63,3.49
IN,LLOYDSENGG,2024-01-29,,0.0,PEAD_Q5,63,35.4
IN,BAJAJ-AUTO,2024-01-29,,0.0,PEAD_Q5,63,20.62
IN,CYIENTDLM,2024-01-29,,0.0,PEAD_Q5,63,3.22
IN,INDUSTOWER,2024-01-29,,0.0,PEAD_Q5,63,51.11
IN,CMSINFO,2024-01-29,,0.0,PEAD_Q5,63,7.0
IN,ACC,2024-01-30,,0.0,PEAD_Q5,63,-0.94
IN,IFBIND,2024-01-30,,0.0,PEAD_Q5,63,12.02
IN,SHRIRAMFIN,2024-01-30,,0.0,PEAD_Q5,63,3.86
IN,SBC,2024-01-30,,0.0,PEAD_Q5,63,-7.16
IN,ISMTLTD,2024-01-30,,0.0,PEAD_Q5,63,-2.01
IN,KRITI,2024-01-30,,0.0,PEAD_Q5,63,-3.92
IN,XPROINDIA,2024-01-31,,0.0,PEAD_Q5,63,-17.0
IN,MUTHOOTMF,2024-01-31,,0.0,PEAD_Q5,63,-7.07
IN,DODLA,2024-01-31,,0.0,PEAD_Q5,63,-6.36
IN,VOLTAMP,2024-01-31,,0.0,PEAD_Q5,63,22.09
IN,SYNGENE,2024-01-31,,0.0,PEAD_Q5,63,-10.85
IN,ZENTEC,2024-01-31,,0.0,PEAD_Q5,63,16.87
IN,DRREDDY,2024-02-01,,0.0,PEAD_Q5,63,1.05
IN,URJA,2024-02-01,,0.0,PEAD_Q5,63,-42.67
IN,POLICYBZR,2024-02-01,,0.0,PEAD_Q5,63,24.63
IN,SRF,2024-02-01,,0.0,PEAD_Q5,63,1.33
IN,BLUESTARCO,2024-02-01,,0.0,PEAD_Q5,63,21.1
IN,IMFA,2024-02-01,,0.0,PEAD_Q5,63,8.76
IN,MOL,2024-02-01,,0.0,PEAD_Q5,63,-3.44
IN,KPITTECH,2024-02-01,,0.0,PEAD_Q5,63,-1.67
IN,UTIAMC,2024-02-01,,0.0,PEAD_Q5,63,-0.18
IN,PDMJEPAPER,2024-02-01,,0.0,PEAD_Q5,63,15.21
IN,MOREPENLAB,2024-02-02,,0.0,PEAD_Q5,63,-13.72
IN,DIXON,2024-02-02,,0.0,PEAD_Q5,63,32.56
IN,WELSPUNLIV,2024-02-02,,0.0,PEAD_Q5,63,-10.98
IN,MARUTI,2024-02-02,,0.0,PEAD_Q5,63,17.35
IN,GODREJCP,2024-02-02,,0.0,PEAD_Q5,63,7.6
IN,PSB,2024-02-02,,0.0,PEAD_Q5,63,-11.83
IN,ARE&M,2024-02-02,,0.0,PEAD_Q5,63,22.06
IN,SHREECEM,2024-02-02,,0.0,PEAD_Q5,63,-10.38
IN,UTTAMSUGAR,2024-02-02,,0.0,PEAD_Q5,63,-10.7
IN,VIMTALABS,2024-02-02,,0.0,PEAD_Q5,63,1.58
IN,KEC,2024-02-02,,0.0,PEAD_Q5,63,10.48
IN,APARINDS,2024-02-02,,0.0,PEAD_Q5,63,20.44
IN,ADFFOODS,2024-02-02,,0.0,PEAD_Q5,63,14.61
IN,MAXHEALTH,2024-02-02,,0.0,PEAD_Q5,63,3.88
IN,DOLATALGO,2024-02-02,,0.0,PEAD_Q5,63,54.29
IN,MSUMI,2024-02-02,,0.0,PEAD_Q5,63,-1.22
IN,BANKBARODA,2024-02-02,,0.0,PEAD_Q5,63,2.9
IN,POLYMED,2024-02-02,,0.0,PEAD_Q5,63,4.62
IN,RATNAVEER,2024-02-02,,0.0,PEAD_Q5,63,-9.23
IN,NIITMTS,2024-02-02,,0.0,PEAD_Q5,63,1.08
IN,ABCAPITAL,2024-02-05,,0.0,PEAD_Q5,63,21.32
IN,PRICOLLTD,2024-02-05,,0.0,PEAD_Q5,63,6.93
IN,VGUARD,2024-02-05,,0.0,PEAD_Q5,63,12.73
IN,ADANIPORTS,2024-02-05,,0.0,PEAD_Q5,63,0.65
IN,ORIENTELEC,2024-02-05,,0.0,PEAD_Q5,63,-4.68
IN,KITEX,2024-02-05,,0.0,PEAD_Q5,63,-26.26
IN,DBREALTY,2024-02-05,,0.0,PEAD_Q5,63,-24.01
IN,MAHLIFE,2024-02-06,,0.0,PEAD_Q5,63,1.19
IN,SATIN,2024-02-06,,0.0,PEAD_Q5,63,-8.2
IN,NAVA,2024-02-06,,0.0,PEAD_Q5,63,-1.91
IN,MHRIL,2024-02-06,,0.0,PEAD_Q5,63,-6.58
IN,RATEGAIN,2024-02-06,,0.0,PEAD_Q5,63,-21.58
IN,TATAMTRDVR,2024-02-06,,0.0,PEAD_Q5,63,4.24
IN,RITES,2024-02-06,,0.0,PEAD_Q5,63,-16.16
IN,INDIGO,2024-02-06,,0.0,PEAD_Q5,63,30.09
IN,TORNTPHARM,2024-02-06,,0.0,PEAD_Q5,63,-0.24
IN,SUNDARMFIN,2024-02-07,,0.0,PEAD_Q5,63,21.88
IN,SALASAR,2024-02-07,,0.0,PEAD_Q5,63,-41.24
IN,SMCGLOBAL,2024-02-07,,0.0,PEAD_Q5,63,25.95
IN,TRITURBINE,2024-02-07,,0.0,PEAD_Q5,63,18.52
IN,KSL,2024-02-07,,0.0,PEAD_Q5,63,12.43
IN,TAJGVK,2024-02-07,,0.0,PEAD_Q5,63,17.56
IN,KAMOPAINTS,2024-02-07,,0.0,PEAD_Q5,63,-24.96
IN,RITCO,2024-02-07,,0.0,PEAD_Q5,63,6.36
IN,TCI,2024-02-07,,0.0,PEAD_Q5,63,-7.57
IN,METROPOLIS,2024-02-07,,0.0,PEAD_Q5,63,4.33
IN,GHCLTEXTIL,2024-02-07,,0.0,PEAD_Q5,63,-10.96
IN,CHAMBLFERT,2024-02-08,,0.0,PEAD_Q5,63,10.38
IN,POCL,2024-02-08,,0.0,PEAD_Q5,63,-8.92
IN,AJMERA,2024-02-08,,0.0,PEAD_Q5,63,18.29
IN,CCL,2024-02-08,,0.0,PEAD_Q5,63,-15.58
IN,MFSL,2024-02-08,,0.0,PEAD_Q5,63,0.45
IN,AGI,2024-02-08,,0.0,PEAD_Q5,63,-16.87
IN,IDEAFORGE,2024-02-08,,0.0,PEAD_Q5,63,-8.71
IN,GOCOLORS,2024-02-08,,0.0,PEAD_Q5,63,-13.17
IN,BLUEJET,2024-02-08,,0.0,PEAD_Q5,63,2.87
IN,PARAGMILK,2024-02-09,,0.0,PEAD_Q5,63,-18.38
IN,VADILALIND,2024-02-09,,0.0,PEAD_Q5,63,41.97
IN,EIHOTEL,2024-02-09,,0.0,PEAD_Q5,63,18.2
IN,FSL,2024-02-09,,0.0,PEAD_Q5,63,-3.21
IN,EMIL,2024-02-09,,0.0,PEAD_Q5,63,-1.93
IN,SHK,2024-02-09,,0.0,PEAD_Q5,63,-6.86
IN,STARCEMENT,2024-02-09,,0.0,PEAD_Q5,63,10.71
IN,HUHTAMAKI,2024-02-09,,0.0,PEAD_Q5,63,-12.3
IN,BIRLACORPN,2024-02-09,,0.0,PEAD_Q5,63,-15.57
IN,ANANTRAJ,2024-02-09,,0.0,PEAD_Q5,63,8.64
IN,DEEPINDS,2024-02-09,,0.0,PEAD_Q5,63,14.97
IN,ZAGGLE,2024-02-09,,0.0,PEAD_Q5,63,7.4
IN,KOPRAN,2024-02-09,,0.0,PEAD_Q5,63,-9.35
IN,PGHL,2024-02-09,,0.0,PEAD_Q5,63,-13.2
IN,EPL,2024-02-09,,0.0,PEAD_Q5,63,-2.01
IN,TRENT,2024-02-09,,0.0,PEAD_Q5,63,22.27
IN,HEMIPROP,2024-02-09,,0.0,PEAD_Q5,63,-10.58
IN,AZAD,2024-02-09,,0.0,PEAD_Q5,63,41.64
IN,SANGHVIMOV,2024-02-09,,0.0,PEAD_Q5,63,26.19
IN,SAFARI,2024-02-09,,0.0,PEAD_Q5,63,-2.9
IN,HCC,2024-02-12,,0.0,PEAD_Q5,63,-9.15
IN,SANDHAR,2024-02-12,,0.0,PEAD_Q5,63,11.51
IN,NEULANDLAB,2024-02-12,,0.0,PEAD_Q5,63,-2.98
IN,SMSPHARMA,2024-02-12,,0.0,PEAD_Q5,63,41.14
IN,EXPLEOSOL,2024-02-12,,0.0,PEAD_Q5,63,-2.52
IN,SUPRIYA,2024-02-12,,0.0,PEAD_Q5,63,13.91
IN,WINDLAS,2024-02-12,,0.0,PEAD_Q5,63,12.14
IN,CUMMINSIND,2024-02-12,,0.0,PEAD_Q5,63,47.64
IN,GRWRHITECH,2024-02-12,,0.0,PEAD_Q5,63,-10.11
IN,GREAVESCOT,2024-02-12,,0.0,PEAD_Q5,63,-11.71
IN,SALZERELEC,2024-02-12,,0.0,PEAD_Q5,63,48.46
IN,JLHL,2024-02-13,,0.0,PEAD_Q5,63,-0.69
IN,AMRUTANJAN,2024-02-13,,0.0,PEAD_Q5,63,14.17
IN,TEGA,2024-02-13,,0.0,PEAD_Q5,63,30.51
IN,ZYDUSLIFE,2024-02-13,,0.0,PEAD_Q5,63,26.88
IN,KCP,2024-02-13,,0.0,PEAD_Q5,63,-12.33
IN,APOLLOHOSP,2024-02-13,,0.0,PEAD_Q5,63,-11.47
IN,GRASIM,2024-02-13,,0.0,PEAD_Q5,63,18.53
IN,DSSL,2024-02-13,,0.0,PEAD_Q5,63,58.33
IN,MEDICAMEQ,2024-02-14,,0.0,PEAD_Q5,63,-0.05
IN,ORCHPHARMA,2024-02-14,,0.0,PEAD_Q5,63,-3.66
IN,YATHARTH,2024-02-14,,0.0,PEAD_Q5,63,-6.7
IN,AUTOIND,2024-02-14,,0.0,PEAD_Q5,63,-24.92
IN,ADVENZYMES,2024-02-14,,0.0,PEAD_Q5,63,-8.89
IN,BOROLTD,2024-02-15,,0.0,PEAD_Q5,63,-9.12
IN,MARKSANS,2024-02-15,,0.0,PEAD_Q5,63,4.35
IN,ITI,2024-02-15,,0.0,PEAD_Q5,63,0.98
IN,PFOCUS,2024-02-15,,0.0,PEAD_Q5,63,-20.4
IN,HINDCOPPER,2024-02-15,,0.0,PEAD_Q5,63,45.94
IN,NATIONALUM,2024-02-15,,0.0,PEAD_Q5,63,21.56
IN,BOSCHLTD,2024-02-15,,0.0,PEAD_Q5,63,10.4
IN,BLAL,2024-02-15,,0.0,PEAD_Q5,63,-11.92
IN,XCHANGING,2024-02-15,,0.0,PEAD_Q5,63,-24.34
IN,VLSFINANCE,2024-02-15,,0.0,PEAD_Q5,63,-9.92
IN,NUVAMA,2024-02-15,,0.0,PEAD_Q5,63,16.11
IN,GRSE,2024-02-15,,0.0,PEAD_Q5,63,75.03
IN,PPL,2024-02-15,,0.0,PEAD_Q5,63,-16.41
IN,SHAILY,2024-02-15,,0.0,PEAD_Q5,63,43.36
IN,TIMETECHNO,2024-02-15,,0.0,PEAD_Q5,63,32.99
IN,BCLIND,2024-02-15,,0.0,PEAD_Q5,63,-33.67
IN,OPTIEMUS,2024-02-15,,0.0,PEAD_Q5,63,-10.23
IN,ORISSAMINE,2024-02-15,,0.0,PEAD_Q5,63,-15.26
IN,RADHIKAJWE,2024-02-15,,0.0,PEAD_Q5,63,-9.55
IN,GANESHBE,2024-02-15,,0.0,PEAD_Q5,63,-23.27
IN,BFUTILITIE,2024-02-15,,0.0,PEAD_Q5,63,37.84
IN,TAKE,2024-02-15,,0.0,PEAD_Q5,63,-19.9
IN,SHANKARA,2024-02-15,,0.0,PEAD_Q5,63,-13.59
IN,LUMAXTECH,2024-02-15,,0.0,PEAD_Q5,63,8.83
IN,KIOCL,2024-02-15,,0.0,PEAD_Q5,63,-7.04
IN,TFCILTD,2024-02-16,,0.0,PEAD_Q5,63,-18.72
IN,AHLADA,2024-02-16,,0.0,PEAD_Q5,63,-5.31
IN,ESTER,2024-02-16,,0.0,PEAD_Q5,63,28.61
IN,ZUARIIND,2024-02-16,,0.0,PEAD_Q5,63,17.9
IN,M&M,2024-02-16,,0.0,PEAD_Q5,63,40.54
IN,NRL,2024-02-16,,0.0,PEAD_Q5,63,-42.07
IN,NECLIFE,2024-02-16,,0.0,PEAD_Q5,63,-22.71
IN,PTC,2024-02-16,,0.0,PEAD_Q5,63,18.92
IN,LIBAS,2024-02-16,,0.0,PEAD_Q5,63,-21.1
IN,KPIGREEN,2024-02-16,,0.0,PEAD_Q5,63,26.26
IN,RKEC,2024-02-16,,0.0,PEAD_Q5,63,-9.24
IN,TEXMOPIPES,2024-02-16,,0.0,PEAD_Q5,63,-17.25
IN,PROZONER,2024-02-16,,0.0,PEAD_Q5,63,-21.97
IN,GSPL,2024-02-16,,0.0,PEAD_Q5,63,-21.68
IN,PCJEWELLER,2024-02-16,,0.0,PEAD_Q5,63,-12.49
IN,OIL,2024-02-16,,0.0,PEAD_Q5,63,15.38
IN,HINDOILEXP,2024-02-16,,0.0,PEAD_Q5,63,-6.67
IN,NESCO,2024-02-16,,0.0,PEAD_Q5,63,-2.27
IN,INDOBORAX,2024-02-16,,0.0,PEAD_Q5,63,-4.12
IN,INOXINDIA,2024-02-16,,0.0,PEAD_Q5,63,7.49
IN,AHLUCONT,2024-02-16,,0.0,PEAD_Q5,63,25.68
IN,ENIL,2024-02-16,,0.0,PEAD_Q5,63,-24.27
IN,AVTNPL,2024-02-16,,0.0,PEAD_Q5,63,-6.46
IN,IRCTC,2024-02-16,,0.0,PEAD_Q5,63,17.9
IN,COFFEEDAY,2024-02-16,,0.0,PEAD_Q5,63,-12.0
IN,KELLTONTEC,2024-02-16,,0.0,PEAD_Q5,63,-6.62
IN,NBCC,2024-02-16,,0.0,PEAD_Q5,63,8.28
IN,HPL,2024-02-16,,0.0,PEAD_Q5,63,11.26
IN,VETO,2024-02-16,,0.0,PEAD_Q5,63,-3.44
IN,PVP,2024-02-16,,0.0,PEAD_Q5,63,27.05
IN,GENESYS,2024-02-19,,0.0,PEAD_Q5,63,0.33
IN,HARDWYN,2024-02-19,,0.0,PEAD_Q5,63,-37.66
IN,GENCON,2024-02-19,,0.0,PEAD_Q5,63,-25.58
IN,CONFIPET,2024-02-19,,0.0,PEAD_Q5,63,-25.13
IN,CAPACITE,2024-02-19,,0.0,PEAD_Q5,63,17.01
IN,DCAL,2024-02-19,,0.0,PEAD_Q5,63,-7.95
IN,ARIES,2024-02-19,,0.0,PEAD_Q5,63,-19.74
IN,NFL,2024-02-19,,0.0,PEAD_Q5,63,2.46
IN,JYOTICNC,2024-02-19,,0.0,PEAD_Q5,63,38.8
IN,NSLNISP,2024-02-19,,0.0,PEAD_Q5,63,-1.7
IN,EPACK,2024-02-20,,0.0,PEAD_Q5,63,-4.32
IN,CRISIL,2024-02-20,,0.0,PEAD_Q5,63,-16.99
IN,ABB,2024-02-23,,0.0,PEAD_Q5,63,54.26
IN,JUNIPER,2024-03-21,,0.0,PEAD_Q5,63,-16.19
IN,GPTHEALTH,2024-03-21,,0.0,PEAD_Q5,63,-12.65
IN,KRYSTAL,2024-04-15,,0.0,PEAD_Q5,63,-20.43
IN,ANANDRATHI,2024-04-16,,0.0,PEAD_Q5,63,-6.69
IN,DEN,2024-04-19,,0.0,PEAD_Q5,63,5.3
IN,HATHWAY,2024-04-22,,0.0,PEAD_Q5,63,2.52
IN,SURANASOL,2024-04-22,,0.0,PEAD_Q5,63,-4.15
IN,JUSTDIAL,2024-04-22,,0.0,PEAD_Q5,63,14.29
IN,SWSOLAR,2024-04-24,,0.0,PEAD_Q5,63,6.7
IN,TEJASNET,2024-04-25,,0.0,PEAD_Q5,63,23.23
IN,HATSUN,2024-04-25,,0.0,PEAD_Q5,63,9.59
IN,MASFIN,2024-04-26,,0.0,PEAD_Q5,63,-5.0
IN,DCBBANK,2024-04-26,,0.0,PEAD_Q5,63,-8.53
IN,TECHM,2024-04-29,,0.0,PEAD_Q5,63,20.66
IN,KIRLPNU,2024-04-29,,0.0,PEAD_Q5,63,29.89
IN,AXISBANK,2024-04-29,,0.0,PEAD_Q5,63,0.59
IN,SPLPETRO,2024-04-29,,0.0,PEAD_Q5,63,27.6
IN,SUPREMEIND,2024-04-30,,0.0,PEAD_Q5,63,3.6
IN,MAHABANK,2024-04-30,,0.0,PEAD_Q5,63,-5.69
IN,PONNIERODE,2024-04-30,,0.0,PEAD_Q5,63,22.58
IN,COROMANDEL,2024-04-30,,0.0,PEAD_Q5,63,35.26
IN,ZENSARTECH,2024-04-30,,0.0,PEAD_Q5,63,26.68
IN,SCHAEFFLER,2024-04-30,,0.0,PEAD_Q5,63,12.84
IN,MPHASIS,2024-04-30,,0.0,PEAD_Q5,63,23.33
IN,GILLETTE,2024-05-02,,0.0,PEAD_Q5,63,17.87
IN,KFINTECH,2024-05-02,,0.0,PEAD_Q5,63,5.16
IN,JSFB,2024-05-02,,0.0,PEAD_Q5,63,-3.69
IN,GEOJITFSL,2024-05-03,,0.0,PEAD_Q5,63,-1.72
IN,INDIAMART,2024-05-03,,0.0,PEAD_Q5,63,-4.73
IN,NEWGEN,2024-05-03,,0.0,PEAD_Q5,63,-6.51
IN,AURUM,2024-05-03,,0.0,PEAD_Q5,63,26.18
IN,CANFINHOME,2024-05-03,,0.0,PEAD_Q5,63,1.71
IN,COALINDIA,2024-05-06,,0.0,PEAD_Q5,63,8.47
IN,AJANTPHARM,2024-05-06,,0.0,PEAD_Q5,63,15.49
IN,JBMA,2024-05-06,,0.0,PEAD_Q5,63,-5.81
IN,UGROCAP,2024-05-06,,0.0,PEAD_Q5,63,-8.31
IN,CHOLAFIN,2024-05-06,,0.0,PEAD_Q5,63,0.71
IN,RECLTD,2024-05-06,,0.0,PEAD_Q5,63,9.46
IN,IFCI,2024-05-06,,0.0,PEAD_Q5,63,39.11
IN,NETWEB,2024-05-06,,0.0,PEAD_Q5,63,12.52
IN,MANGLMCEM,2024-05-06,,0.0,PEAD_Q5,63,-4.5
IN,GODREJPROP,2024-05-07,,0.0,PEAD_Q5,63,7.08
IN,RBL,2024-05-07,,0.0,PEAD_Q5,63,-10.79
IN,BLUEDART,2024-05-07,,0.0,PEAD_Q5,63,13.09
IN,CARTRADE,2024-05-08,,0.0,PEAD_Q5,63,-4.2
IN,CGPOWER,2024-05-08,,0.0,PEAD_Q5,63,16.62
IN,MARICO,2024-05-08,,0.0,PEAD_Q5,63,9.5
IN,ARVSMART,2024-05-08,,0.0,PEAD_Q5,63,1.05
IN,GRINDWELL,2024-05-08,,0.0,PEAD_Q5,63,11.1
IN,GODREJCP,2024-05-08,,0.0,PEAD_Q5,63,8.41
IN,KOTAKBANK,2024-05-08,,0.0,PEAD_Q5,63,7.55
IN,BRITANNIA,2024-05-08,,0.0,PEAD_Q5,63,9.87
IN,ANUP,2024-05-08,,0.0,PEAD_Q5,63,-11.37
IN,CARBORUNIV,2024-05-08,,0.0,PEAD_Q5,63,3.25
IN,SASKEN,2024-05-09,,0.0,PEAD_Q5,63,4.48
IN,GHCLTEXTIL,2024-05-09,,0.0,PEAD_Q5,63,32.82
IN,INDIASHLTR,2024-05-10,,0.0,PEAD_Q5,63,22.59
IN,HEROMOTOCO,2024-05-10,,0.0,PEAD_Q5,63,8.91
IN,VIJAYA,2024-05-10,,0.0,PEAD_Q5,63,2.73
IN,SKFINDIA,2024-05-10,,0.0,PEAD_Q5,63,6.05
IN,JWL,2024-05-10,,0.0,PEAD_Q5,63,16.36
IN,TVSMOTOR,2024-05-10,,0.0,PEAD_Q5,63,24.93
IN,BHARATFORG,2024-05-10,,0.0,PEAD_Q5,63,14.01
IN,VAKRANGEE,2024-05-13,,0.0,PEAD_Q5,63,-17.13
IN,CAMS,2024-05-13,,0.0,PEAD_Q5,63,31.9
IN,SHARDACROP,2024-05-14,,0.0,PEAD_Q5,63,39.94
IN,LALPATHLAB,2024-05-14,,0.0,PEAD_Q5,63,28.74
IN,PPLPHARMA,2024-05-14,,0.0,PEAD_Q5,63,22.72
IN,SPENCERS,2024-05-14,,0.0,PEAD_Q5,63,-3.29
IN,TVSHLTD,2024-05-14,,0.0,PEAD_Q5,63,28.08
IN,NCLIND,2024-05-14,,0.0,PEAD_Q5,63,5.46
IN,POLYCAB,2024-05-14,,0.0,PEAD_Q5,63,1.42
IN,SMCGLOBAL,2024-05-15,,0.0,PEAD_Q5,63,-12.22
IN,ALEMBICLTD,2024-05-15,,0.0,PEAD_Q5,63,43.07
IN,ETHOSLTD,2024-05-15,,0.0,PEAD_Q5,63,36.73
IN,DLINKINDIA,2024-05-15,,0.0,PEAD_Q5,63,23.71
IN,BEML,2024-05-15,,0.0,PEAD_Q5,63,-1.21
IN,ITDC,2024-05-15,,0.0,PEAD_Q5,63,7.7
IN,PATANJALI,2024-05-16,,0.0,PEAD_Q5,63,29.18
IN,THYROCARE,2024-05-16,,0.0,PEAD_Q5,63,36.1
IN,BHARTIHEXA,2024-05-16,,0.0,PEAD_Q5,63,19.81
IN,REPCOHOME,2024-05-16,,0.0,PEAD_Q5,63,-4.41
IN,DYCL,2024-05-16,,0.0,PEAD_Q5,63,-7.79
IN,JINDALSTEL,2024-05-16,,0.0,PEAD_Q5,63,-5.12
IN,MAPMYINDIA,2024-05-16,,0.0,PEAD_Q5,63,13.1
IN,BASF,2024-05-16,,0.0,PEAD_Q5,63,38.42
IN,AARTIPHARM,2024-05-16,,0.0,PEAD_Q5,63,-1.86
IN,MANALIPETC,2024-05-16,,0.0,PEAD_Q5,63,19.37
IN,ZYDUSWELL,2024-05-16,,0.0,PEAD_Q5,63,27.89
IN,BLSE,2024-05-16,,0.0,PEAD_Q5,63,-13.26
IN,TEXINFRA,2024-05-16,,0.0,PEAD_Q5,63,27.57
IN,SURYAROSNI,2024-05-16,,0.0,PEAD_Q5,63,18.34
IN,PRICOLLTD,2024-05-17,,0.0,PEAD_Q5,63,13.24
IN,OBEROIRLTY,2024-05-17,,0.0,PEAD_Q5,63,0.72
IN,HONAUT,2024-05-17,,0.0,PEAD_Q5,63,-1.69
IN,EDELWEISS,2024-05-17,,0.0,PEAD_Q5,63,10.35
IN,RUSTOMJEE,2024-05-17,,0.0,PEAD_Q5,63,5.27
IN,PARADEEP,2024-05-17,,0.0,PEAD_Q5,63,24.42
IN,JUBLINGREA,2024-05-17,,0.0,PEAD_Q5,63,20.78
IN,KIRLOSBROS,2024-05-17,,0.0,PEAD_Q5,63,4.56
IN,CROMPTON,2024-05-21,,0.0,PEAD_Q5,63,19.8
IN,TITAGARH,2024-05-21,,0.0,PEAD_Q5,63,15.24
IN,NLCINDIA,2024-05-21,,0.0,PEAD_Q5,63,10.91
IN,CMSINFO,2024-05-21,,0.0,PEAD_Q5,63,31.7
IN,TRITURBINE,2024-05-21,,0.0,PEAD_Q5,63,29.52
IN,KAYNES,2024-05-21,,0.0,PEAD_Q5,63,51.77
IN,M&M,2024-05-21,,0.0,PEAD_Q5,63,9.78
IN,TCI,2024-05-21,,0.0,PEAD_Q5,63,14.26
IN,NCC,2024-05-21,,0.0,PEAD_Q5,63,11.21
IN,NAUKRI,2024-05-21,,0.0,PEAD_Q5,63,15.65
IN,SOMANYCERA,2024-05-21,,0.0,PEAD_Q5,63,1.73
IN,MOIL,2024-05-21,,0.0,PEAD_Q5,63,-25.22
IN,HAL,2024-05-21,,0.0,PEAD_Q5,63,-1.07
IN,TEXRAIL,2024-05-21,,0.0,PEAD_Q5,63,24.08
IN,PRAKASH,2024-05-22,,0.0,PEAD_Q5,63,21.55
IN,JSWSTEEL,2024-05-22,,0.0,PEAD_Q5,63,1.91
IN,BALKRISIND,2024-05-22,,0.0,PEAD_Q5,63,-7.83
IN,POLYMED,2024-05-22,,0.0,PEAD_Q5,63,19.4
IN,NHPC,2024-05-22,,0.0,PEAD_Q5,63,-7.39
IN,UNIVCABLES,2024-05-22,,0.0,PEAD_Q5,63,11.77
IN,SUDARSCHEM,2024-05-22,,0.0,PEAD_Q5,63,25.99
IN,RVNL,2024-05-22,,0.0,PEAD_Q5,63,67.18
IN,GLAXO,2024-05-22,,0.0,PEAD_Q5,63,22.95
IN,VARROC,2024-05-22,,0.0,PEAD_Q5,63,4.46
IN,ZYDUSLIFE,2024-05-22,,0.0,PEAD_Q5,63,11.97
IN,POKARNA,2024-05-22,,0.0,PEAD_Q5,63,53.48
IN,RATNAMANI,2024-05-22,,0.0,PEAD_Q5,63,5.72
IN,TCNSBRANDS,2024-05-22,,0.0,PEAD_Q5,63,13.92
IN,SOLARINDS,2024-05-22,,0.0,PEAD_Q5,63,4.52
IN,JKPAPER,2024-05-22,,0.0,PEAD_Q5,63,27.85
IN,CONCOR,2024-05-22,,0.0,PEAD_Q5,63,-8.59
IN,VINATIORGA,2024-05-22,,0.0,PEAD_Q5,63,12.2
IN,SJS,2024-05-23,,0.0,PEAD_Q5,63,39.43
IN,IRFC,2024-05-23,,0.0,PEAD_Q5,63,-1.66
IN,MOREPENLAB,2024-05-23,,0.0,PEAD_Q5,63,60.86
IN,BEL,2024-05-23,,0.0,PEAD_Q5,63,6.07
IN,IRCON,2024-05-23,,0.0,PEAD_Q5,63,-5.3
IN,SHANKARA,2024-05-23,,0.0,PEAD_Q5,63,-12.96
IN,PHOENIXLTD,2024-05-23,,0.0,PEAD_Q5,63,11.17
IN,BBL,2024-05-23,,0.0,PEAD_Q5,63,6.37
IN,APOLLOPIPE,2024-05-23,,0.0,PEAD_Q5,63,-14.39
IN,KCP,2024-05-23,,0.0,PEAD_Q5,63,33.27
IN,WINDLAS,2024-05-23,,0.0,PEAD_Q5,63,31.2
IN,PATELENG,2024-05-23,,0.0,PEAD_Q5,63,-14.26
IN,MAXESTATES,2024-05-24,,0.0,PEAD_Q5,63,78.63
IN,DBCORP,2024-05-24,,0.0,PEAD_Q5,63,13.86
IN,GULFOILLUB,2024-05-24,,0.0,PEAD_Q5,63,37.83
IN,GRSE,2024-05-24,,0.0,PEAD_Q5,63,22.58
IN,SAREGAMA,2024-05-27,,0.0,PEAD_Q5,63,7.2
IN,PGEL,2024-05-27,,0.0,PEAD_Q5,63,95.97
IN,PENIND,2024-05-27,,0.0,PEAD_Q5,63,29.37
IN,TAJGVK,2024-05-27,,0.0,PEAD_Q5,63,-8.85
IN,COCHINSHIP,2024-05-28,,0.0,PEAD_Q5,63,5.41
IN,GLENMARK,2024-05-28,,0.0,PEAD_Q5,63,47.17
IN,AFFLE,2024-05-28,,0.0,PEAD_Q5,63,39.74
IN,ASTRAMICRO,2024-05-28,,0.0,PEAD_Q5,63,1.34
IN,FINCABLES,2024-05-28,,0.0,PEAD_Q5,63,2.17
IN,BIKAJI,2024-05-28,,0.0,PEAD_Q5,63,49.58
IN,PPL,2024-05-28,,0.0,PEAD_Q5,63,59.82
IN,NIITLTD,2024-05-28,,0.0,PEAD_Q5,63,65.13
IN,PANAMAPET,2024-05-29,,0.0,PEAD_Q5,63,9.48
IN,AUTOIND,2024-05-29,,0.0,PEAD_Q5,63,25.16
IN,GARFIBRES,2024-05-29,,0.0,PEAD_Q5,63,2.0
IN,RKSWAMY,2024-05-29,,0.0,PEAD_Q5,63,-6.89
IN,ZFCVINDIA,2024-05-29,,0.0,PEAD_Q5,63,-6.96
IN,ASHOKLEY,2024-05-29,,0.0,PEAD_Q5,63,14.5
IN,DIVISLAB,2024-05-29,,0.0,PEAD_Q5,63,12.69
IN,DOMS,2024-05-29,,0.0,PEAD_Q5,63,30.44
IN,CAMPUS,2024-05-30,,0.0,PEAD_Q5,63,-1.4
IN,JUBLINDS,2024-05-30,,0.0,PEAD_Q5,63,41.16
IN,VPRPL,2024-05-30,,0.0,PEAD_Q5,63,38.6
IN,AGARIND,2024-05-30,,0.0,PEAD_Q5,63,39.06
IN,ICEMAKE,2024-05-31,,0.0,PEAD_Q5,63,1.32
IN,LINDEINDIA,2024-05-31,,0.0,PEAD_Q5,63,-17.38
IN,FMGOETZE,2024-05-31,,0.0,PEAD_Q5,63,12.56
IN,MOTHERSON,2024-05-31,,0.0,PEAD_Q5,63,27.75
IN,MAZDOCK,2024-05-31,,0.0,PEAD_Q5,63,31.9
IN,DEEPAKFERT,2024-05-31,,0.0,PEAD_Q5,63,89.14
IN,SUPRAJIT,2024-05-31,,0.0,PEAD_Q5,63,18.91
IN,SIGNPOST,2024-05-31,,0.0,PEAD_Q5,63,-15.42
IN,GRWRHITECH,2024-05-31,,0.0,PEAD_Q5,63,79.95
IN,SPCENET,2024-05-31,,0.0,PEAD_Q5,63,0.08
IN,RAMKY,2024-05-31,,0.0,PEAD_Q5,63,36.66
IN,KNRCON,2024-06-03,,0.0,PEAD_Q5,63,2.71
IN,VENUSREM,2024-06-03,,0.0,PEAD_Q5,63,7.7
IN,EMAMILTD,2024-06-03,,0.0,PEAD_Q5,63,29.69
IN,RHIM,2024-06-03,,0.0,PEAD_Q5,63,-15.11
IN,BFINVEST,2024-06-03,,0.0,PEAD_Q5,63,2.32
IN,AIIL,2024-06-04,,0.0,PEAD_Q5,63,101.86
IN,BLKASHYAP,2024-06-04,,0.0,PEAD_Q5,63,60.84
IN,IXIGO,2024-07-08,,0.0,PEAD_Q5,63,-15.16
IN,TCS,2024-07-15,,0.0,PEAD_Q5,63,-1.26
IN,GNA,2024-07-15,,0.0,PEAD_Q5,63,-1.49
IN,STYRENIX,2024-07-18,,0.0,PEAD_Q5,63,-0.72
IN,MONARCH,2024-07-18,,0.0,PEAD_Q5,63,61.3
IN,KERNEX,2024-07-18,,0.0,PEAD_Q5,63,48.71
IN,BEPL,2024-07-18,,0.0,PEAD_Q5,63,5.79
IN,INFY,2024-07-22,,0.0,PEAD_Q5,63,2.31
IN,KARURVYSYA,2024-07-22,,0.0,PEAD_Q5,63,5.46
IN,SWARAJENG,2024-07-22,,0.0,PEAD_Q5,63,0.85
IN,RPGLIFE,2024-07-23,,0.0,PEAD_Q5,63,36.67
IN,INDHOTEL,2024-07-23,,0.0,PEAD_Q5,63,5.23
IN,LTTS,2024-07-23,,0.0,PEAD_Q5,63,0.79
IN,ATUL,2024-07-23,,0.0,PEAD_Q5,63,2.01
IN,SUZLON,2024-07-24,,0.0,PEAD_Q5,63,13.39
IN,DODLA,2024-07-24,,0.0,PEAD_Q5,63,2.45
IN,NITINSPIN,2024-07-24,,0.0,PEAD_Q5,63,-7.53
IN,POCL,2024-07-24,,0.0,PEAD_Q5,63,47.83
IN,SUMMITSEC,2024-07-24,,0.0,PEAD_Q5,63,56.93
IN,JKCEMENT,2024-07-24,,0.0,PEAD_Q5,63,-5.25
IN,GRAVITA,2024-07-24,,0.0,PEAD_Q5,63,25.59
IN,UNITDSPR,2024-07-25,,0.0,PEAD_Q5,63,1.1
IN,TORNTPHARM,2024-07-25,,0.0,PEAD_Q5,63,7.65
IN,COFORGE,2024-07-25,,0.0,PEAD_Q5,63,21.79
IN,ABDL,2024-07-25,,0.0,PEAD_Q5,63,0.19
IN,KAJARIACER,2024-07-25,,0.0,PEAD_Q5,63,-15.87
IN,POWERINDIA,2024-07-26,,0.0,PEAD_Q5,63,15.26
IN,WELSPUNLIV,2024-07-26,,0.0,PEAD_Q5,63,-19.29
IN,TIRUMALCHM,2024-07-26,,0.0,PEAD_Q5,63,-13.93
IN,RML,2024-07-26,,0.0,PEAD_Q5,63,-1.48
IN,FEDERALBNK,2024-07-26,,0.0,PEAD_Q5,63,-5.94
IN,TTML,2024-07-26,,0.0,PEAD_Q5,63,-32.42
IN,GOCOLORS,2024-07-26,,0.0,PEAD_Q5,63,3.53
IN,EPIGRAL,2024-07-26,,0.0,PEAD_Q5,63,12.88
IN,IEX,2024-07-26,,0.0,PEAD_Q5,63,2.32
IN,PETRONET,2024-07-26,,0.0,PEAD_Q5,63,-9.36
IN,KTKBANK,2024-07-26,,0.0,PEAD_Q5,63,-11.2
IN,AGSTRA,2024-07-26,,0.0,PEAD_Q5,63,-9.91
IN,RAMCOCEM,2024-07-29,,0.0,PEAD_Q5,63,4.7
IN,MGL,2024-07-29,,0.0,PEAD_Q5,63,-23.06
IN,JYOTHYLAB,2024-07-29,,0.0,PEAD_Q5,63,-10.48
IN,VSTIND,2024-07-29,,0.0,PEAD_Q5,63,-20.03
IN,SYNGENE,2024-07-29,,0.0,PEAD_Q5,63,9.43
IN,ADANIGREEN,2024-07-29,,0.0,PEAD_Q5,63,-12.15
IN,PRIMESECU,2024-07-29,,0.0,PEAD_Q5,63,21.58
IN,BANDHANBNK,2024-07-30,,0.0,PEAD_Q5,63,-18.49
IN,NUVAMA,2024-07-30,,0.0,PEAD_Q5,63,3.52
IN,CUB,2024-07-30,,0.0,PEAD_Q5,63,2.34
IN,PSB,2024-07-30,,0.0,PEAD_Q5,63,-25.43
IN,SHRIRAMFIN,2024-07-30,,0.0,PEAD_Q5,63,12.15
IN,MANYAVAR,2024-07-31,,0.0,PEAD_Q5,63,16.87
IN,ADANIENSOL,2024-07-31,,0.0,PEAD_Q5,63,-16.88
IN,STAR,2024-07-31,,0.0,PEAD_Q5,63,42.68
IN,WHIRLPOOL,2024-07-31,,0.0,PEAD_Q5,63,-5.17
IN,KANSAINER,2024-07-31,,0.0,PEAD_Q5,63,-7.03
IN,COLPAL,2024-07-31,,0.0,PEAD_Q5,63,-9.41
IN,INDIANB,2024-07-31,,0.0,PEAD_Q5,63,-3.4
IN,VOLTAMP,2024-07-31,,0.0,PEAD_Q5,63,-19.74
IN,PFIZER,2024-07-31,,0.0,PEAD_Q5,63,-9.79
IN,HINDPETRO,2024-07-31,,0.0,PEAD_Q5,63,-3.72
IN,MANGCHEFER,2024-07-31,,0.0,PEAD_Q5,63,-2.52
IN,ASKAUTOLTD,2024-07-31,,0.0,PEAD_Q5,63,9.23
IN,ZENTEC,2024-07-31,,0.0,PEAD_Q5,63,6.03
IN,ASALCBR,2024-07-31,,0.0,PEAD_Q5,63,10.74
IN,ANANTRAJ,2024-07-31,,0.0,PEAD_Q5,63,24.8
IN,PNB,2024-07-31,,0.0,PEAD_Q5,63,-19.35
IN,J&KBANK,2024-07-31,,0.0,PEAD_Q5,63,-8.48
IN,SKIPPER,2024-08-01,,0.0,PEAD_Q5,63,31.23
IN,TCPLPACK,2024-08-01,,0.0,PEAD_Q5,63,0.37
IN,GAIL,2024-08-01,,0.0,PEAD_Q5,63,-16.32
IN,FORCEMOT,2024-08-01,,0.0,PEAD_Q5,63,-14.36
IN,DIXON,2024-08-01,,0.0,PEAD_Q5,63,20.49
IN,SAPPHIRE,2024-08-01,,0.0,PEAD_Q5,63,-5.33
IN,TORNTPOWER,2024-08-01,,0.0,PEAD_Q5,63,-0.3
IN,SHYAMMETL,2024-08-01,,0.0,PEAD_Q5,63,14.69
IN,JINDRILL,2024-08-01,,0.0,PEAD_Q5,63,0.12
IN,JINDALSAW,2024-08-01,,0.0,PEAD_Q5,63,-2.2
IN,GRANULES,2024-08-01,,0.0,PEAD_Q5,63,-9.8
IN,BALUFORGE,2024-08-01,,0.0,PEAD_Q5,63,48.21
IN,GREENPANEL,2024-08-01,,0.0,PEAD_Q5,63,4.83
IN,OSWALGREEN,2024-08-02,,0.0,PEAD_Q5,63,22.56
IN,GREENPLY,2024-08-02,,0.0,PEAD_Q5,63,-6.15
IN,TVTODAY,2024-08-05,,0.0,PEAD_Q5,63,-24.09
IN,NEULANDLAB,2024-08-05,,0.0,PEAD_Q5,63,34.37
IN,GHCL,2024-08-05,,0.0,PEAD_Q5,63,-2.01
IN,ASTERDM,2024-08-05,,0.0,PEAD_Q5,63,19.09
IN,BANSALWIRE,2024-08-05,,0.0,PEAD_Q5,63,11.73
IN,AEROFLEX,2024-08-06,,0.0,PEAD_Q5,63,22.83
IN,SAMHI,2024-08-06,,0.0,PEAD_Q5,63,-0.14
IN,RUSHIL,2024-08-06,,0.0,PEAD_Q5,63,-0.89
IN,FAIRCHEMOR,2024-08-07,,0.0,PEAD_Q5,63,-28.78
IN,INDRAMEDCO,2024-08-07,,0.0,PEAD_Q5,63,32.59
IN,CENTENKA,2024-08-07,,0.0,PEAD_Q5,63,-10.55
IN,RAMRAT,2024-08-07,,0.0,PEAD_Q5,63,36.34
IN,DEVYANI,2024-08-07,,0.0,PEAD_Q5,63,-2.05
IN,ARROWGREEN,2024-08-07,,0.0,PEAD_Q5,63,18.53
IN,SYMPHONY,2024-08-08,,0.0,PEAD_Q5,63,-4.9
IN,IMAGICAA,2024-08-08,,0.0,PEAD_Q5,63,-11.86
IN,KRSNAA,2024-08-08,,0.0,PEAD_Q5,63,33.17
IN,MUFTI,2024-08-08,,0.0,PEAD_Q5,63,7.62
IN,SALZERELEC,2024-08-08,,0.0,PEAD_Q5,63,20.34
IN,SCHNEIDER,2024-08-08,,0.0,PEAD_Q5,63,-4.33
IN,GRAPHITE,2024-08-08,,0.0,PEAD_Q5,63,2.44
IN,ONGC,2024-08-08,,0.0,PEAD_Q5,63,-17.82
IN,BLS,2024-08-08,,0.0,PEAD_Q5,63,4.76
IN,DOLATALGO,2024-08-08,,0.0,PEAD_Q5,63,-3.71
IN,AXISCADES,2024-08-08,,0.0,PEAD_Q5,63,-1.11
IN,BSE,2024-08-09,,0.0,PEAD_Q5,63,77.09
IN,SAKSOFT,2024-08-09,,0.0,PEAD_Q5,63,26.6
IN,KIRLOSENG,2024-08-09,,0.0,PEAD_Q5,63,-3.67
IN,RSYSTEMS,2024-08-09,,0.0,PEAD_Q5,63,4.45
IN,GPPL,2024-08-09,,0.0,PEAD_Q5,63,-20.47
IN,CHAMBLFERT,2024-08-09,,0.0,PEAD_Q5,63,-7.63
IN,CUMMINSIND,2024-08-09,,0.0,PEAD_Q5,63,-1.61
IN,ELIN,2024-08-09,,0.0,PEAD_Q5,63,4.41
IN,CLSEL,2024-08-09,,0.0,PEAD_Q5,63,39.08
IN,PFC,2024-08-09,,0.0,PEAD_Q5,63,-10.24
IN,PIDILITIND,2024-08-09,,0.0,PEAD_Q5,63,-0.24
IN,SAFARI,2024-08-09,,0.0,PEAD_Q5,63,-3.18
IN,YUKEN,2024-08-09,,0.0,PEAD_Q5,63,-9.46
IN,VENKEYS,2024-08-09,,0.0,PEAD_Q5,63,-24.67
IN,PIIND,2024-08-09,,0.0,PEAD_Q5,63,1.67
IN,AADHARHFC,2024-08-12,,0.0,PEAD_Q5,63,3.34
IN,JGCHEM,2024-08-12,,0.0,PEAD_Q5,63,0.34
IN,GALAXYSURF,2024-08-12,,0.0,PEAD_Q5,63,0.93
IN,MAYURUNIQ,2024-08-12,,0.0,PEAD_Q5,63,-9.19
IN,INDOAMIN,2024-08-12,,0.0,PEAD_Q5,63,11.17
IN,PRUDENT,2024-08-12,,0.0,PEAD_Q5,63,25.31
IN,EICHERMOT,2024-08-12,,0.0,PEAD_Q5,63,-0.32
IN,IGARASHI,2024-08-12,,0.0,PEAD_Q5,63,11.69
IN,BHARATFORG,2024-08-12,,0.0,PEAD_Q5,63,-12.3
IN,COSMOFIRST,2024-08-12,,0.0,PEAD_Q5,63,-18.14
IN,KOPRAN,2024-08-12,,0.0,PEAD_Q5,63,12.69
IN,CARYSIL,2024-08-12,,0.0,PEAD_Q5,63,-1.81
IN,JUBLFOOD,2024-08-13,,0.0,PEAD_Q5,63,-1.14
IN,MPSLTD,2024-08-13,,0.0,PEAD_Q5,63,-1.57
IN,EXCELINDUS,2024-08-13,,0.0,PEAD_Q5,63,3.75
IN,VLSFINANCE,2024-08-13,,0.0,PEAD_Q5,63,14.25
IN,INOXGREEN,2024-08-13,,0.0,PEAD_Q5,63,-14.5
IN,IWEL,2024-08-13,,0.0,PEAD_Q5,63,11.11
IN,INOXWIND,2024-08-13,,0.0,PEAD_Q5,63,-7.31
IN,STARCEMENT,2024-08-13,,0.0,PEAD_Q5,63,-9.68
IN,SCI,2024-08-13,,0.0,PEAD_Q5,63,-15.95
IN,JAYSREETEA,2024-08-13,,0.0,PEAD_Q5,63,6.83
IN,PIXTRANS,2024-08-13,,0.0,PEAD_Q5,63,36.97
IN,SPIC,2024-08-13,,0.0,PEAD_Q5,63,-8.5
IN,TRENT,2024-08-13,,0.0,PEAD_Q5,63,2.3
IN,INSECTICID,2024-08-13,,0.0,PEAD_Q5,63,-10.79
IN,OIL,2024-08-13,,0.0,PEAD_Q5,63,-27.74
IN,HITECH,2024-08-14,,0.0,PEAD_Q5,63,-2.42
IN,KRYSTAL,2024-08-14,,0.0,PEAD_Q5,63,-7.99
IN,BAJAJHIND,2024-08-14,,0.0,PEAD_Q5,63,-22.15
IN,HINDCOPPER,2024-08-14,,0.0,PEAD_Q5,63,-12.37
IN,HERANBA,2024-08-14,,0.0,PEAD_Q5,63,4.57
IN,NATCOPHARM,2024-08-14,,0.0,PEAD_Q5,63,-6.3
IN,AVADHSUGAR,2024-08-14,,0.0,PEAD_Q5,63,-10.14
IN,TIMETECHNO,2024-08-14,,0.0,PEAD_Q5,63,-4.3
IN,OLECTRA,2024-08-14,,0.0,PEAD_Q5,63,-13.18
IN,BALRAMCHIN,2024-08-14,,0.0,PEAD_Q5,63,8.98
IN,SENCO,2024-08-14,,0.0,PEAD_Q5,63,-3.69
IN,RESPONIND,2024-08-14,,0.0,PEAD_Q5,63,-3.61
IN,DVL,2024-08-14,,0.0,PEAD_Q5,63,-7.82
IN,SUBROS,2024-08-14,,0.0,PEAD_Q5,63,-9.78
IN,SUPRIYA,2024-08-14,,0.0,PEAD_Q5,63,21.44
IN,MAWANASUG,2024-08-14,,0.0,PEAD_Q5,63,-5.33
IN,HARIOMPIPE,2024-08-14,,0.0,PEAD_Q5,63,-17.49
IN,VOLTAS,2024-08-14,,0.0,PEAD_Q5,63,8.71
IN,STOVEKRAFT,2024-08-14,,0.0,PEAD_Q5,63,1.11
IN,PNCINFRA,2024-08-14,,0.0,PEAD_Q5,63,-32.73
IN,KHAICHEM,2024-08-14,,0.0,PEAD_Q5,63,-21.92
IN,AUROPHARMA,2024-08-14,,0.0,PEAD_Q5,63,-17.78
IN,EKC,2024-08-16,,0.0,PEAD_Q5,63,-2.23
IN,SHK,2024-08-16,,0.0,PEAD_Q5,63,32.66
IN,EPL,2024-08-16,,0.0,PEAD_Q5,63,6.82
IN,DSSL,2024-08-16,,0.0,PEAD_Q5,63,-8.16
IN,RGL,2024-08-16,,0.0,PEAD_Q5,63,91.16
IN,INDOBORAX,2024-08-16,,0.0,PEAD_Q5,63,-9.67
IN,UGARSUGAR,2024-08-16,,0.0,PEAD_Q5,63,-10.21
IN,SINDHUTRAD,2024-08-16,,0.0,PEAD_Q5,63,5.0
IN,CREST,2024-08-19,,0.0,PEAD_Q5,63,-2.11
IN,KIRLOSIND,2024-08-19,,0.0,PEAD_Q5,63,-23.92
IN,VISHNU,2024-08-19,,0.0,PEAD_Q5,63,-4.1
IN,JINDALPOLY,2024-08-19,,0.0,PEAD_Q5,63,-8.14
IN,OLAELEC,2024-08-19,,0.0,PEAD_Q5,63,-52.91
IN,POLYPLEX,2024-08-19,,0.0,PEAD_Q5,63,-7.15
IN,PITTIENG,2024-08-19,,0.0,PEAD_Q5,63,-1.76
IN,JPOLYINVST,2024-08-19,,0.0,PEAD_Q5,63,12.25
IN,MARKSANS,2024-08-19,,0.0,PEAD_Q5,63,40.52
IN,AWFIS,2024-08-19,,0.0,PEAD_Q5,63,-7.92
IN,TIIL,2024-08-19,,0.0,PEAD_Q5,63,-32.73
IN,BOROLTD,2024-08-19,,0.0,PEAD_Q5,63,0.96
IN,ISGEC,2024-08-19,,0.0,PEAD_Q5,63,-14.5
IN,KITEX,2024-08-19,,0.0,PEAD_Q5,63,63.6
IN,ETHOSLTD,2024-08-19,,0.0,PEAD_Q5,63,-10.77
IN,NBCC,2024-08-19,,0.0,PEAD_Q5,63,-26.9
IN,INTLCONV,2024-08-20,,0.0,PEAD_Q5,63,-3.0
IN,GMRP&UI,2024-08-20,,0.0,PEAD_Q5,63,-10.56
IN,SALASAR,2024-08-20,,0.0,PEAD_Q5,63,-16.0
IN,SSDL,2024-09-11,,0.0,PEAD_Q5,63,-18.94
IN,INTERARCH,2024-09-17,,0.0,PEAD_Q5,63,36.77
IN,ORIENTTECH,2024-09-17,,0.0,PEAD_Q5,63,46.46
IN,NAGAFERT,2024-09-18,,0.0,PEAD_Q5,63,-13.66
IN,WCIL,2024-10-11,,0.0,PEAD_Q5,63,-31.68
IN,ARKADE,2024-10-14,,0.0,PEAD_Q5,63,5.36
IN,HATHWAY,2024-10-15,,0.0,PEAD_Q5,63,-27.51
IN,ANGELONE,2024-10-16,,0.0,PEAD_Q5,63,-23.19
IN,GOPAL,2024-10-16,,0.0,PEAD_Q5,63,-30.23
IN,NETWORK18,2024-10-16,,0.0,PEAD_Q5,63,-34.1
IN,SWSOLAR,2024-10-17,,0.0,PEAD_Q5,63,-33.73
IN,HDFCAMC,2024-10-17,,0.0,PEAD_Q5,63,-14.76
IN,SOUTHBANK,2024-10-18,,0.0,PEAD_Q5,63,8.04
IN,STYLAMIND,2024-10-18,,0.0,PEAD_Q5,63,-10.52
IN,RALLIS,2024-10-18,,0.0,PEAD_Q5,63,-24.28
IN,CENTRALBK,2024-10-21,,0.0,PEAD_Q5,63,-6.23
IN,MPHASIS,2024-10-21,,0.0,PEAD_Q5,63,-7.1
IN,WIPRO,2024-10-21,,0.0,PEAD_Q5,63,8.87
IN,OBEROIRLTY,2024-10-22,,0.0,PEAD_Q5,63,-9.6
IN,TEJASNET,2024-10-22,,0.0,PEAD_Q5,63,-13.62
IN,AXISBANK,2024-10-22,,0.0,PEAD_Q5,63,-18.41
IN,HDFCBANK,2024-10-23,,0.0,PEAD_Q5,63,-4.08
IN,PAYTM,2024-10-24,,0.0,PEAD_Q5,63,5.62
IN,PERSISTENT,2024-10-24,,0.0,PEAD_Q5,63,11.76
IN,MFSL,2024-10-24,,0.0,PEAD_Q5,63,-19.22
IN,VBL,2024-10-24,,0.0,PEAD_Q5,63,-11.09
IN,SONACOMS,2024-10-25,,0.0,PEAD_Q5,63,-26.74
IN,PPLPHARMA,2024-10-25,,0.0,PEAD_Q5,63,-8.4
IN,MANORAMA,2024-10-25,,0.0,PEAD_Q5,63,9.37
IN,AMBER,2024-10-25,,0.0,PEAD_Q5,63,7.46
IN,ZENSARTECH,2024-10-25,,0.0,PEAD_Q5,63,19.15
IN,COFORGE,2024-10-25,,0.0,PEAD_Q5,63,13.72
IN,CIGNITITEC,2024-10-25,,0.0,PEAD_Q5,63,4.47
IN,DYCL,2024-10-25,,0.0,PEAD_Q5,63,28.82
IN,ATGL,2024-10-28,,0.0,PEAD_Q5,63,-13.49
IN,LAURUSLABS,2024-10-28,,0.0,PEAD_Q5,63,3.77
IN,CARERATING,2024-10-28,,0.0,PEAD_Q5,63,-14.84
IN,DCBBANK,2024-10-28,,0.0,PEAD_Q5,63,-1.59
IN,TEXINFRA,2024-10-29,,0.0,PEAD_Q5,63,14.47
IN,ORIENTELEC,2024-10-29,,0.0,PEAD_Q5,63,-10.43
IN,SHARDACROP,2024-10-29,,0.0,PEAD_Q5,63,-20.61
IN,MAXESTATES,2024-10-29,,0.0,PEAD_Q5,63,-9.38
IN,LODHA,2024-10-29,,0.0,PEAD_Q5,63,-4.39
IN,PSPPROJECT,2024-10-29,,0.0,PEAD_Q5,63,4.06
IN,TCI,2024-10-29,,0.0,PEAD_Q5,63,-1.6
IN,LTFOODS,2024-10-29,,0.0,PEAD_Q5,63,-1.17
IN,KIRLPNU,2024-10-29,,0.0,PEAD_Q5,63,-29.05
IN,LMW,2024-10-30,,0.0,PEAD_Q5,63,-5.7
IN,JSWINFRA,2024-10-30,,0.0,PEAD_Q5,63,-14.71
IN,SUMICHEM,2024-10-30,,0.0,PEAD_Q5,63,-8.16
IN,CARTRADE,2024-10-30,,0.0,PEAD_Q5,63,55.85
IN,JKIL,2024-10-30,,0.0,PEAD_Q5,63,-7.44
IN,STYRENIX,2024-10-30,,0.0,PEAD_Q5,63,4.1
IN,FEDERALBNK,2024-10-30,,0.0,PEAD_Q5,63,-8.99
IN,KPIL,2024-10-30,,0.0,PEAD_Q5,63,-18.5
IN,GILLETTE,2024-10-30,,0.0,PEAD_Q5,63,-10.98
IN,SHRIPISTON,2024-10-30,,0.0,PEAD_Q5,63,-2.18
IN,MOTILALOFS,2024-10-30,,0.0,PEAD_Q5,63,-30.11
IN,PDMJEPAPER,2024-10-30,,0.0,PEAD_Q5,63,18.38
IN,PARADEEP,2024-10-30,,0.0,PEAD_Q5,63,10.37
IN,LICHSGFIN,2024-10-30,,0.0,PEAD_Q5,63,-7.69
IN,SERVOTECH,2024-10-30,,0.0,PEAD_Q5,63,-23.57
IN,SYRMA,2024-10-30,,0.0,PEAD_Q5,63,6.13
IN,ICICIBANK,2024-10-30,,0.0,PEAD_Q5,63,-4.31
IN,YESBANK,2024-10-30,,0.0,PEAD_Q5,63,-8.54
IN,NLCINDIA,2024-10-30,,0.0,PEAD_Q5,63,-15.69
IN,ARVSMART,2024-10-30,,0.0,PEAD_Q5,63,-16.52
IN,BHEL,2024-10-30,,0.0,PEAD_Q5,63,-17.0
IN,NILKAMAL,2024-10-30,,0.0,PEAD_Q5,63,-12.34
IN,PARACABLES,2024-10-30,,0.0,PEAD_Q5,63,-3.95
IN,RECLTD,2024-10-30,,0.0,PEAD_Q5,63,-17.58
IN,JKCEMENT,2024-10-30,,0.0,PEAD_Q5,63,10.72
IN,ANUP,2024-10-30,,0.0,PEAD_Q5,63,-3.74
IN,SBFC,2024-10-30,,0.0,PEAD_Q5,63,1.77
IN,MANYAVAR,2024-10-31,,0.0,PEAD_Q5,63,-33.38
IN,BHARATWIRE,2024-10-31,,0.0,PEAD_Q5,63,-20.51
IN,HCC,2024-10-31,,0.0,PEAD_Q5,63,-21.27
IN,DEEPAKFERT,2024-10-31,,0.0,PEAD_Q5,63,-9.24
IN,UDS,2024-10-31,,0.0,PEAD_Q5,63,-16.87
IN,KIRLOSBROS,2024-10-31,,0.0,PEAD_Q5,63,-3.82
IN,ADANIPORTS,2024-10-31,,0.0,PEAD_Q5,63,-20.1
IN,ENGINERSIN,2024-10-31,,0.0,PEAD_Q5,63,-12.16
IN,RPTECH,2024-10-31,,0.0,PEAD_Q5,63,-12.95
IN,MANGCHEFER,2024-10-31,,0.0,PEAD_Q5,63,21.45
IN,AFIL,2024-10-31,,0.0,PEAD_Q5,63,-15.47
IN,RENUKA,2024-10-31,,0.0,PEAD_Q5,63,-11.98
IN,KTKBANK,2024-10-31,,0.0,PEAD_Q5,63,-11.68
IN,LGBBROSLTD,2024-10-31,,0.0,PEAD_Q5,63,3.56
IN,AJMERA,2024-10-31,,0.0,PEAD_Q5,63,4.77
IN,NILAINFRA,2024-10-31,,0.0,PEAD_Q5,63,-2.12
IN,JISLJALEQS,2024-10-31,,0.0,PEAD_Q5,63,9.81
IN,GMDCLTD,2024-10-31,,0.0,PEAD_Q5,63,-13.07
IN,SSWL,2024-10-31,,0.0,PEAD_Q5,63,-5.39
IN,SJS,2024-10-31,,0.0,PEAD_Q5,63,-18.58
IN,SIS,2024-10-31,,0.0,PEAD_Q5,63,-16.63
IN,IGL,2024-10-31,,0.0,PEAD_Q5,63,-3.94
IN,NORTHARC,2024-10-31,,0.0,PEAD_Q5,63,-18.93
IN,NESCO,2024-10-31,,0.0,PEAD_Q5,63,-2.88
IN,VASCONEQ,2024-10-31,,0.0,PEAD_Q5,63,-10.64
IN,MAHSEAMLES,2024-10-31,,0.0,PEAD_Q5,63,-0.89
IN,GENESYS,2024-10-31,,0.0,PEAD_Q5,63,5.97
IN,DLINKINDIA,2024-11-01,,0.0,PEAD_Q5,63,-15.05
IN,LXCHEM,2024-11-01,,0.0,PEAD_Q5,63,-21.22
IN,PDSL,2024-11-01,,0.0,PEAD_Q5,63,-11.67
IN,PAISALO,2024-11-01,,0.0,PEAD_Q5,63,-10.01
IN,REDINGTON,2024-11-01,,0.0,PEAD_Q5,63,5.34
IN,TATAPOWER,2024-11-01,,0.0,PEAD_Q5,63,-20.33
IN,ATL,2024-11-01,,0.0,PEAD_Q5,63,-25.57
IN,VAKRANGEE,2024-11-01,,0.0,PEAD_Q5,63,-19.79
IN,3IINFOLTD,2024-11-01,,0.0,PEAD_Q5,63,0.56
IN,DCMSHRIRAM,2024-11-01,,0.0,PEAD_Q5,63,3.21
IN,GRINDWELL,2024-11-01,,0.0,PEAD_Q5,63,-16.57
IN,TDPOWERSYS,2024-11-01,,0.0,PEAD_Q5,63,-16.02
IN,MUTHOOTCAP,2024-11-01,,0.0,PEAD_Q5,63,-23.92
IN,ADANIENT,2024-11-01,,0.0,PEAD_Q5,63,-23.31
IN,FLUOROCHEM,2024-11-01,,0.0,PEAD_Q5,63,-16.23
IN,APARINDS,2024-11-01,,0.0,PEAD_Q5,63,-28.14
IN,ASKAUTOLTD,2024-11-01,,0.0,PEAD_Q5,63,-0.71
IN,EMUDHRA,2024-11-01,,0.0,PEAD_Q5,63,-24.43
IN,CONCOR,2024-11-01,,0.0,PEAD_Q5,63,-14.81
IN,ASAHIINDIA,2024-11-01,,0.0,PEAD_Q5,63,-11.44
IN,GLAXO,2024-11-01,,0.0,PEAD_Q5,63,-27.5
IN,MTARTECH,2024-11-01,,0.0,PEAD_Q5,63,-6.36
IN,STLTECH,2024-11-01,,0.0,PEAD_Q5,63,-10.9
IN,UFO,2024-11-01,,0.0,PEAD_Q5,63,-22.52
IN,VTL,2024-11-01,,0.0,PEAD_Q5,63,-6.38
IN,GHCLTEXTIL,2024-11-01,,0.0,PEAD_Q5,63,-14.55
IN,LT,2024-11-04,,0.0,PEAD_Q5,63,-3.79
IN,PGHL,2024-11-06,,0.0,PEAD_Q5,63,-6.19
IN,GLAND,2024-11-06,,0.0,PEAD_Q5,63,-18.28
IN,SHANKARA,2024-11-06,,0.0,PEAD_Q5,63,3.7
IN,TAJGVK,2024-11-06,,0.0,PEAD_Q5,63,32.4
IN,ECLERX,2024-11-07,,0.0,PEAD_Q5,63,-3.05
IN,MAZDOCK,2024-11-07,,0.0,PEAD_Q5,63,4.79
IN,HATSUN,2024-11-07,,0.0,PEAD_Q5,63,-10.65
IN,TI,2024-11-07,,0.0,PEAD_Q5,63,3.08
IN,ZUARI,2024-11-08,,0.0,PEAD_Q5,63,0.16
IN,CCL,2024-11-08,,0.0,PEAD_Q5,63,-7.58
IN,GAIL,2024-11-08,,0.0,PEAD_Q5,63,-17.67
IN,GRANULES,2024-11-08,,0.0,PEAD_Q5,63,-2.64
IN,POLICYBZR,2024-11-08,,0.0,PEAD_Q5,63,-1.01
IN,SONATSOFTW,2024-11-08,,0.0,PEAD_Q5,63,-24.63
IN,AVALON,2024-11-11,,0.0,PEAD_Q5,63,-14.39
IN,APOLLOHOSP,2024-11-11,,0.0,PEAD_Q5,63,-11.71
IN,NRBBEARING,2024-11-11,,0.0,PEAD_Q5,63,-26.63
IN,AGI,2024-11-11,,0.0,PEAD_Q5,63,-29.06
IN,INNOVACAP,2024-11-11,,0.0,PEAD_Q5,63,-9.26
IN,INDHOTEL,2024-11-11,,0.0,PEAD_Q5,63,2.5
IN,VIJAYA,2024-11-11,,0.0,PEAD_Q5,63,0.65
IN,PAGEIND,2024-11-11,,0.0,PEAD_Q5,63,-11.05
IN,PFC,2024-11-12,,0.0,PEAD_Q5,63,-19.97
IN,JLHL,2024-11-12,,0.0,PEAD_Q5,63,-0.13
IN,VIMTALABS,2024-11-12,,0.0,PEAD_Q5,63,56.8
IN,INOXINDIA,2024-11-12,,0.0,PEAD_Q5,63,-23.98
IN,ASHOKLEY,2024-11-12,,0.0,PEAD_Q5,63,-0.8
IN,KCP,2024-11-12,,0.0,PEAD_Q5,63,-20.17
IN,IMFA,2024-11-12,,0.0,PEAD_Q5,63,-14.99
IN,LATENTVIEW,2024-11-12,,0.0,PEAD_Q5,63,-13.77
IN,BANSALWIRE,2024-11-13,,0.0,PEAD_Q5,63,-11.16
IN,TRITURBINE,2024-11-13,,0.0,PEAD_Q5,63,-12.26
IN,JUBLFOOD,2024-11-13,,0.0,PEAD_Q5,63,5.9
IN,SANDHAR,2024-11-13,,0.0,PEAD_Q5,63,-23.85
IN,RAMCOCEM,2024-11-13,,0.0,PEAD_Q5,63,-2.5
IN,MAITHANALL,2024-11-13,,0.0,PEAD_Q5,63,-18.25
IN,GOODLUCK,2024-11-13,,0.0,PEAD_Q5,63,-21.75
IN,BBOX,2024-11-13,,0.0,PEAD_Q5,63,-9.81
IN,PIXTRANS,2024-11-13,,0.0,PEAD_Q5,63,-9.23
IN,RAMCOIND,2024-11-13,,0.0,PEAD_Q5,63,-16.53
IN,PAKKA,2024-11-13,,0.0,PEAD_Q5,63,-25.24
IN,HIKAL,2024-11-14,,0.0,PEAD_Q5,63,-15.38
IN,AVL,2024-11-14,,0.0,PEAD_Q5,63,-11.68
IN,HMAAGRO,2024-11-14,,0.0,PEAD_Q5,63,-16.21
IN,HLEGLAS,2024-11-14,,0.0,PEAD_Q5,63,-27.16
IN,SYNCOMF,2024-11-14,,0.0,PEAD_Q5,63,-15.23
IN,UNOMINDA,2024-11-14,,0.0,PEAD_Q5,63,-8.93
IN,DEEDEV,2024-11-14,,0.0,PEAD_Q5,63,-10.83
IN,KIRIINDUS,2024-11-18,,0.0,PEAD_Q5,63,5.72
IN,EICHERMOT,2024-11-18,,0.0,PEAD_Q5,63,-2.68
IN,COSMOFIRST,2024-11-18,,0.0,PEAD_Q5,63,-11.37
IN,EMMBI,2024-11-18,,0.0,PEAD_Q5,63,-20.07
IN,DEEPAKNTR,2024-11-18,,0.0,PEAD_Q5,63,-26.11
IN,BANCOINDIA,2024-11-18,,0.0,PEAD_Q5,63,-36.04
IN,PATELENG,2024-11-18,,0.0,PEAD_Q5,63,-15.74
IN,SHALPAINTS,2024-11-18,,0.0,PEAD_Q5,63,17.73
IN,MEDPLUS,2024-11-18,,0.0,PEAD_Q5,63,0.96
IN,EXCELINDUS,2024-11-18,,0.0,PEAD_Q5,63,-44.72
IN,OAL,2024-11-18,,0.0,PEAD_Q5,63,-43.17
IN,ASHOKA,2024-11-18,,0.0,PEAD_Q5,63,-9.77
IN,UNICHEMLAB,2024-11-18,,0.0,PEAD_Q5,63,-23.74
IN,KNRCON,2024-11-18,,0.0,PEAD_Q5,63,-22.9
IN,DHUNINV,2024-11-19,,0.0,PEAD_Q5,63,-28.65
IN,ASHAPURMIN,2024-11-19,,0.0,PEAD_Q5,63,58.44
IN,AVANTIFEED,2024-11-19,,0.0,PEAD_Q5,63,6.73
IN,DIVGIITTS,2024-11-19,,0.0,PEAD_Q5,63,-27.66
IN,EXPLEOSOL,2024-11-19,,0.0,PEAD_Q5,63,-24.4
IN,ARTEMISMED,2024-11-19,,0.0,PEAD_Q5,63,-9.92
IN,EKC,2024-11-19,,0.0,PEAD_Q5,63,-37.69
IN,TOLINS,2024-11-19,,0.0,PEAD_Q5,63,-31.0
IN,DCAL,2024-11-19,,0.0,PEAD_Q5,63,-4.01
IN,HIMATSEIDE,2024-11-19,,0.0,PEAD_Q5,63,-23.96
IN,SINDHUTRAD,2024-11-19,,0.0,PEAD_Q5,63,-30.46
IN,GRWRHITECH,2024-11-19,,0.0,PEAD_Q5,63,-22.1
IN,JGCHEM,2024-11-19,,0.0,PEAD_Q5,63,-24.1
IN,PITTIENG,2024-11-19,,0.0,PEAD_Q5,63,-26.83
IN,TRANSWORLD,2024-11-19,,0.0,PEAD_Q5,63,-31.85
IN,BRIGADE,2024-11-19,,0.0,PEAD_Q5,63,-15.26
IN,JASH,2024-11-19,,0.0,PEAD_Q5,63,-9.45
IN,UGARSUGAR,2024-11-19,,0.0,PEAD_Q5,63,-40.5
IN,MEDANTA,2024-11-19,,0.0,PEAD_Q5,63,2.7
IN,GARFIBRES,2024-11-19,,0.0,PEAD_Q5,63,-20.2
IN,IGARASHI,2024-11-19,,0.0,PEAD_Q5,63,-26.28
IN,APOLLOTYRE,2024-11-19,,0.0,PEAD_Q5,63,-15.25
IN,SHILPAMED,2024-11-19,,0.0,PEAD_Q5,63,-27.07
IN,RITCO,2024-11-19,,0.0,PEAD_Q5,63,-31.44
IN,BAJEL,2024-11-19,,0.0,PEAD_Q5,63,-28.44
IN,ASMS,2024-11-19,,0.0,PEAD_Q5,63,-19.09
IN,IPCALAB,2024-11-19,,0.0,PEAD_Q5,63,-6.44
IN,MUTHOOTFIN,2024-11-21,,0.0,PEAD_Q5,63,19.2
IN,HEROMOTOCO,2024-11-21,,0.0,PEAD_Q5,63,-18.64
IN,SAMMAANCAP,2024-11-21,,0.0,PEAD_Q5,63,-23.14
IN,NSIL,2024-11-21,,0.0,PEAD_Q5,63,-42.97
IN,NAVA,2024-11-21,,0.0,PEAD_Q5,63,-9.44
IN,JYOTICNC,2024-11-21,,0.0,PEAD_Q5,63,-25.48
IN,VADILALIND,2024-11-21,,0.0,PEAD_Q5,63,3.47
IN,FIRSTCRY,2024-11-21,,0.0,PEAD_Q5,63,-30.46
IN,PENINLAND,2024-11-21,,0.0,PEAD_Q5,63,-48.41
IN,CAPACITE,2024-11-21,,0.0,PEAD_Q5,63,-7.41
IN,EIDPARRY,2024-11-21,,0.0,PEAD_Q5,63,-15.03
IN,AFCONS,2024-11-27,,0.0,PEAD_Q5,63,-9.53
IN,SWIGGY,2024-12-06,,0.0,PEAD_Q5,63,-33.73
IN,MOBIKWIK,2025-01-09,,0.0,PEAD_Q5,63,-51.59
IN,TCS,2025-01-13,,0.0,PEAD_Q5,63,-23.12
IN,AIIL,2025-01-17,,0.0,PEAD_Q5,63,2.03
IN,AEROFLEX,2025-01-17,,0.0,PEAD_Q5,63,-25.81
IN,LTTS,2025-01-17,,0.0,PEAD_Q5,63,-16.67
IN,RELIANCE,2025-01-20,,0.0,PEAD_Q5,63,-0.39
IN,CEWATER,2025-01-21,,0.0,PEAD_Q5,63,-28.73
IN,AETHER,2025-01-21,,0.0,PEAD_Q5,63,-3.72
IN,SWARAJENG,2025-01-21,,0.0,PEAD_Q5,63,26.85
IN,RADHIKAJWE,2025-01-21,,0.0,PEAD_Q5,63,-19.6
IN,WIPRO,2025-01-21,,0.0,PEAD_Q5,63,-19.39
IN,VIDHIING,2025-01-22,,0.0,PEAD_Q5,63,-16.89
IN,KARURVYSYA,2025-01-22,,0.0,PEAD_Q5,63,-2.75
IN,KOTAKBANK,2025-01-22,,0.0,PEAD_Q5,63,14.99
IN,GULFPETRO,2025-01-22,,0.0,PEAD_Q5,63,-24.29
IN,JSFB,2025-01-23,,0.0,PEAD_Q5,63,15.7
IN,DALBHARAT,2025-01-23,,0.0,PEAD_Q5,63,6.25
IN,PERSISTENT,2025-01-24,,0.0,PEAD_Q5,63,-14.7
IN,NIITMTS,2025-01-24,,0.0,PEAD_Q5,63,-19.83
IN,COFORGE,2025-01-27,,0.0,PEAD_Q5,63,-14.83
IN,KFINTECH,2025-01-27,,0.0,PEAD_Q5,63,-3.89
IN,ULTRACEMCO,2025-01-27,,0.0,PEAD_Q5,63,3.83
IN,MPSLTD,2025-01-27,,0.0,PEAD_Q5,63,-9.99
IN,PIDILITIND,2025-01-27,,0.0,PEAD_Q5,63,5.84
IN,ZENSARTECH,2025-01-27,,0.0,PEAD_Q5,63,-12.72
IN,BANKINDIA,2025-01-28,,0.0,PEAD_Q5,63,-0.4
IN,RPGLIFE,2025-01-28,,0.0,PEAD_Q5,63,-10.09
IN,TORNTPHARM,2025-01-28,,0.0,PEAD_Q5,63,-1.35
IN,DCBBANK,2025-01-28,,0.0,PEAD_Q5,63,13.88
IN,EPIGRAL,2025-01-29,,0.0,PEAD_Q5,63,-2.4
IN,AWL,2025-01-29,,0.0,PEAD_Q5,63,-0.82
IN,GAEL,2025-01-29,,0.0,PEAD_Q5,63,-8.65
IN,LODHA,2025-01-29,,0.0,PEAD_Q5,63,14.66
IN,JSWINFRA,2025-01-30,,0.0,PEAD_Q5,63,6.57
IN,IXIGO,2025-01-30,,0.0,PEAD_Q5,63,1.33
IN,SYRMA,2025-01-30,,0.0,PEAD_Q5,63,-10.83
IN,PPLPHARMA,2025-01-30,,0.0,PEAD_Q5,63,-10.91
IN,JINDRILL,2025-01-30,,0.0,PEAD_Q5,63,-33.09
IN,KRN,2025-01-30,,0.0,PEAD_Q5,63,-5.12
IN,TVSMOTOR,2025-01-30,,0.0,PEAD_Q5,63,9.79
IN,PFS,2025-01-30,,0.0,PEAD_Q5,63,-12.97
IN,UNIONBANK,2025-01-30,,0.0,PEAD_Q5,63,4.08
IN,KALAMANDIR,2025-01-30,,0.0,PEAD_Q5,63,-32.98
IN,SUZLON,2025-01-30,,0.0,PEAD_Q5,63,-4.06
IN,SRF,2025-01-31,,0.0,PEAD_Q5,63,6.92
IN,USHAMART,2025-01-31,,0.0,PEAD_Q5,63,-13.32
IN,ARVSMART,2025-01-31,,0.0,PEAD_Q5,63,-22.3
IN,POWERINDIA,2025-01-31,,0.0,PEAD_Q5,63,17.23
IN,GABRIEL,2025-01-31,,0.0,PEAD_Q5,63,23.93
IN,JSL,2025-01-31,,0.0,PEAD_Q5,63,-11.28
IN,ACMESOLAR,2025-01-31,,0.0,PEAD_Q5,63,-1.28
IN,INDIANB,2025-01-31,,0.0,PEAD_Q5,63,-0.67
IN,OLECTRA,2025-01-31,,0.0,PEAD_Q5,63,-25.3
IN,BLISSGVS,2025-01-31,,0.0,PEAD_Q5,63,-25.26
IN,CGPOWER,2025-01-31,,0.0,PEAD_Q5,63,-3.98
IN,JUBLINGREA,2025-01-31,,0.0,PEAD_Q5,63,-0.55
IN,JBMA,2025-01-31,,0.0,PEAD_Q5,63,-22.56
IN,SIS,2025-01-31,,0.0,PEAD_Q5,63,-2.83
IN,BLUEJET,2025-01-31,,0.0,PEAD_Q5,63,-3.3
IN,KPITTECH,2025-01-31,,0.0,PEAD_Q5,63,-11.71
IN,CARTRADE,2025-01-31,,0.0,PEAD_Q5,63,-3.43
IN,MASFIN,2025-01-31,,0.0,PEAD_Q5,63,2.27
IN,CLEAN,2025-02-03,,0.0,PEAD_Q5,63,-16.72
IN,STAR,2025-02-03,,0.0,PEAD_Q5,63,-1.82
IN,TATACONSUM,2025-02-03,,0.0,PEAD_Q5,63,10.55
IN,ASAHIINDIA,2025-02-03,,0.0,PEAD_Q5,63,11.53
IN,WAAREEENER,2025-02-03,,0.0,PEAD_Q5,63,14.75
IN,POKARNA,2025-02-03,,0.0,PEAD_Q5,63,-28.99
IN,BEL,2025-02-03,,0.0,PEAD_Q5,63,17.75
IN,VOLTAMP,2025-02-03,,0.0,PEAD_Q5,63,9.96
IN,DODLA,2025-02-03,,0.0,PEAD_Q5,63,-5.69
IN,FLAIR,2025-02-04,,0.0,PEAD_Q5,63,15.55
IN,JYOTHYLAB,2025-02-04,,0.0,PEAD_Q5,63,-19.06
IN,APTUS,2025-02-04,,0.0,PEAD_Q5,63,-0.45
IN,UPL,2025-02-04,,0.0,PEAD_Q5,63,0.93
IN,NESTLEIND,2025-02-04,,0.0,PEAD_Q5,63,3.08
IN,UNIECOM,2025-02-04,,0.0,PEAD_Q5,63,-11.83
IN,VMM,2025-02-04,,0.0,PEAD_Q5,63,3.44
IN,GODREJAGRO,2025-02-04,,0.0,PEAD_Q5,63,-6.9
IN,PARAGMILK,2025-02-04,,0.0,PEAD_Q5,63,13.39
IN,NAVINFLUOR,2025-02-04,,0.0,PEAD_Q5,63,2.94
IN,PANAMAPET,2025-02-04,,0.0,PEAD_Q5,63,3.82
IN,KALYANKJIL,2025-02-04,,0.0,PEAD_Q5,63,-1.65
IN,PHOENIXLTD,2025-02-04,,0.0,PEAD_Q5,63,-13.77
IN,INDUSINDBK,2025-02-04,,0.0,PEAD_Q5,63,-26.46
IN,PRESTIGE,2025-02-04,,0.0,PEAD_Q5,63,-5.21
IN,MHRIL,2025-02-04,,0.0,PEAD_Q5,63,1.85
IN,XCHANGING,2025-02-04,,0.0,PEAD_Q5,63,-16.47
IN,DIVISLAB,2025-02-05,,0.0,PEAD_Q5,63,1.5
IN,JYOTISTRUC,2025-02-05,,0.0,PEAD_Q5,63,-25.99
IN,CASTROLIND,2025-02-05,,0.0,PEAD_Q5,63,6.32
IN,EQUITASBNK,2025-02-05,,0.0,PEAD_Q5,63,-10.88
IN,CHOLAFIN,2025-02-05,,0.0,PEAD_Q5,63,15.03
IN,SKYGOLD,2025-02-05,,0.0,PEAD_Q5,63,-12.68
IN,NEOGEN,2025-02-05,,0.0,PEAD_Q5,63,-28.54
IN,ADSL,2025-02-05,,0.0,PEAD_Q5,63,-25.9
IN,VMART,2025-02-06,,0.0,PEAD_Q5,63,-2.14
IN,JKIL,2025-02-06,,0.0,PEAD_Q5,63,-8.89
IN,SCILAL,2025-02-06,,0.0,PEAD_Q5,63,-17.04
IN,KEC,2025-02-06,,0.0,PEAD_Q5,63,-1.31
IN,DOMS,2025-02-06,,0.0,PEAD_Q5,63,0.22
IN,AJMERA,2025-02-06,,0.0,PEAD_Q5,63,-16.84
IN,PYRAMID,2025-02-06,,0.0,PEAD_Q5,63,-15.88
IN,NLCINDIA,2025-02-06,,0.0,PEAD_Q5,63,5.99
IN,ZYDUSLIFE,2025-02-07,,0.0,PEAD_Q5,63,-9.2
IN,GVT&D,2025-02-07,,0.0,PEAD_Q5,63,9.78
IN,NAUKRI,2025-02-07,,0.0,PEAD_Q5,63,-3.98
IN,MEDICO,2025-02-07,,0.0,PEAD_Q5,63,-29.53
IN,KANSAINER,2025-02-07,,0.0,PEAD_Q5,63,5.87
IN,WELCORP,2025-02-07,,0.0,PEAD_Q5,63,-2.48
IN,VEEDOL,2025-02-07,,0.0,PEAD_Q5,63,5.78
IN,VRLLOG,2025-02-07,,0.0,PEAD_Q5,63,-0.74
IN,ERIS,2025-02-07,,0.0,PEAD_Q5,63,-0.97
IN,HINDOILEXP,2025-02-07,,0.0,PEAD_Q5,63,-11.64
IN,MINDTECK,2025-02-07,,0.0,PEAD_Q5,63,-5.77
IN,PCJEWELLER,2025-02-07,,0.0,PEAD_Q5,63,-14.82
IN,JKLAKSHMI,2025-02-10,,0.0,PEAD_Q5,63,7.68
IN,SURYAROSNI,2025-02-10,,0.0,PEAD_Q5,63,13.77
IN,ZFCVINDIA,2025-02-10,,0.0,PEAD_Q5,63,16.47
IN,PGEL,2025-02-10,,0.0,PEAD_Q5,63,-3.5
IN,ZUARI,2025-02-10,,0.0,PEAD_Q5,63,2.02
IN,EIEL,2025-02-10,,0.0,PEAD_Q5,63,-16.65
IN,INDIASHLTR,2025-02-10,,0.0,PEAD_Q5,63,27.71
IN,KPIGREEN,2025-02-10,,0.0,PEAD_Q5,63,7.67
IN,AARTIPHARM,2025-02-10,,0.0,PEAD_Q5,63,15.72
IN,BLACKBUCK,2025-02-10,,0.0,PEAD_Q5,63,-7.1
IN,SKIPPER,2025-02-10,,0.0,PEAD_Q5,63,9.26
IN,REDINGTON,2025-02-10,,0.0,PEAD_Q5,63,15.79
IN,BHARTIHEXA,2025-02-11,,0.0,PEAD_Q5,63,22.87
IN,CHAMBLFERT,2025-02-11,,0.0,PEAD_Q5,63,14.62
IN,GULFOILLUB,2025-02-11,,0.0,PEAD_Q5,63,4.33
IN,KRBL,2025-02-11,,0.0,PEAD_Q5,63,22.15
IN,MSTCLTD,2025-02-12,,0.0,PEAD_Q5,63,-7.99
IN,CRISIL,2025-02-12,,0.0,PEAD_Q5,63,0.77
IN,TRANSRAILL,2025-02-12,,0.0,PEAD_Q5,63,-2.76
IN,ICRA,2025-02-12,,0.0,PEAD_Q5,63,0.59
IN,SHREEPUSHK,2025-02-13,,0.0,PEAD_Q5,63,-7.79
IN,TVSSCS,2025-02-13,,0.0,PEAD_Q5,63,-10.13
IN,SPAL,2025-02-13,,0.0,PEAD_Q5,63,-3.62
IN,CAMPUS,2025-02-13,,0.0,PEAD_Q5,63,-6.43
IN,SCHNEIDER,2025-02-13,,0.0,PEAD_Q5,63,0.74
IN,BODALCHEM,2025-02-13,,0.0,PEAD_Q5,63,16.67
IN,ASHOKLEY,2025-02-14,,0.0,PEAD_Q5,63,12.05
IN,SAIL,2025-02-14,,0.0,PEAD_Q5,63,19.12
IN,PNGJL,2025-02-14,,0.0,PEAD_Q5,63,-12.67
IN,FINCABLES,2025-02-14,,0.0,PEAD_Q5,63,3.54
IN,VENTIVE,2025-02-14,,0.0,PEAD_Q5,63,12.93
IN,IMAGICAA,2025-02-14,,0.0,PEAD_Q5,63,-4.43
IN,ROHLTD,2025-02-14,,0.0,PEAD_Q5,63,10.83
IN,TIIL,2025-02-14,,0.0,PEAD_Q5,63,9.04
IN,PGIL,2025-02-14,,0.0,PEAD_Q5,63,-7.97
IN,ICIL,2025-02-14,,0.0,PEAD_Q5,63,1.85
IN,MADRASFERT,2025-02-14,,0.0,PEAD_Q5,63,20.31
IN,BAJAJHCARE,2025-02-14,,0.0,PEAD_Q5,63,-2.81
IN,SUPRAJIT,2025-02-14,,0.0,PEAD_Q5,63,4.85
IN,HONASA,2025-02-14,,0.0,PEAD_Q5,63,48.13
IN,VALIANTORG,2025-02-17,,0.0,PEAD_Q5,63,43.68
IN,GODFRYPHLP,2025-02-17,,0.0,PEAD_Q5,63,17.6
IN,IGPL,2025-02-17,,0.0,PEAD_Q5,63,8.65
IN,BHAGCHEM,2025-02-17,,0.0,PEAD_Q5,63,1.55
IN,ETHOSLTD,2025-02-18,,0.0,PEAD_Q5,63,13.96
IN,GLAXO,2025-02-18,,0.0,PEAD_Q5,63,22.92
IN,CAMLINFINE,2025-02-18,,0.0,PEAD_Q5,63,74.65
IN,INGERRAND,2025-02-18,,0.0,PEAD_Q5,63,22.16
IN,DENTA,2025-02-19,,0.0,PEAD_Q5,63,-3.2
IN,SANDUMA,2025-02-19,,0.0,PEAD_Q5,63,26.98
IN,DBEIL,2025-02-19,,0.0,PEAD_Q5,63,-0.8
IN,PENIND,2025-02-19,,0.0,PEAD_Q5,63,34.9
IN,HCG,2025-02-24,,0.0,PEAD_Q5,63,7.6
IN,KSB,2025-03-04,,0.0,PEAD_Q5,63,42.61
