symbol,region,ticker,currency,description,exponent,hermes_id,pyth_lazer_id
DEPRECATED FEED - Equity.US.SATS/USD,US,SATS,USD,ECHOSTAR CORP,-5,4a161e7f0a0aa807545fa83871ebcf15c1d4c74b28c8833b770d8644be80ac2a,2850
Equity.BR.BOVA11/BRL,BR,BOVA11,BRL,ISHARES IBOVESPA FUNDO DE INDICE / BRAZILIAN REAL,-5,,3447
Equity.CA.HODL/CAD,CA,HODL,CAD,SOL STRATEGIES INC / CANADIAN DOLLAR,-5,23737149f4345926c2ffc29209fff08ef6bcb193e5933e0e9bc869744ed4494d,1603
Equity.CN.510310/CNY,CN,510310,CNY,HS 300 ETF / CHINESE YUAN,-5,150436e6b1b3e104c4bcc850950a659d06445b3abdcf088c31897bfcaf6967f9,1604
Equity.CN.510330/CNY,CN,510330,CNY,CHINAAMC 300 / CHINESE YUAN,-5,20999d58c48bc25fc2db78aa45a13d16677afd7f152d9a8af5cc62d3f26079a1,1605
Equity.CN.600519/CNY,CN,600519,CNY,KWEICHOW MOUTAI CO LTD / CHINESE YUAN,-5,,3309
Equity.CN.600584/CNY,CN,600584,CNY,JCET GROUP CO LTD / CHINESE YUAN,-5,,3369
Equity.CN.601398/CNY,CN,601398,CNY,INDUSTRIAL AND COMMERICAL BANK OF CHINA / CHINESE YUAN,-5,,3308
Equity.CN.601857/CNY,CN,601857,CNY,PETROCHINA CO LTD / CHINESE YUAN,-5,,3310
Equity.CN.603986/CNY,CN,603986,CNY,GIGADEVICE SEMICONDUCTOR INC / CHINESE YUAN,-5,,3339
Equity.CN.688008/CNY,CN,688008,CNY,MONTAGE TECHNOLOGY CO LTD / CHINESE YUAN,-5,,3341
Equity.CN.688012/CNY,CN,688012,CNY,ADVANCED MICRO-FABRICATION EQUIPMENT INC CHINA / CHINESE YUAN,-5,,3371
Equity.CN.688041/CNY,CN,688041,CNY,HYGON INFORMATION TECHNOLOGY CO LTD / CHINESE YUAN,-5,,3368
Equity.CN.688048/CNY,CN,688048,CNY,SUZHOU EVERBRIGHT PHOTONICS CO LTD / CHINESE YUAN,-5,,3370
Equity.CN.688256/CNY,CN,688256,CNY,CAMBRICORD TECHNOLOGIES CORP LTD / CHINESE YUAN,-5,,3340
Equity.CN.688521/CNY,CN,688521,CNY,VERISILICON MICROELECTRONICS SHANGHAI CO LTD / CHINESE YUAN,-5,,3372
Equity.CN.688525/CNY,CN,688525,CNY,BIWIN STORAGE TECHNOLOGY CO LTD / CHINESE YUAN,-5,,3373
Equity.CN.688825/CNY,CN,688825,CNY,CHANGXIN MEMORY TECHNOLOGIES / CHINESE YUAN,-5,,3520
Equity.CN.688981/CNY,CN,688981,CNY,SEMICONDUCTOR MANUFACTURING INTL CORP / CHINESE YUAN,-5,,3367
Equity.DE.ADS/EUR,DE,ADS,EUR,ADIDAS AG / EURO,-5,f4c712446fba2250f2092913dae9d0d636eb73a6b59fb1567390da82079e00fb,1857
Equity.DE.ALV/EUR,DE,ALV,EUR,ALLIANZ SE / EURO,-5,ebcb454b9a9a0f592164531e09d854cba56fd1b96b51a7eeabc45e62578b7905,1858
Equity.DE.BAS/EUR,DE,BAS,EUR,BASF SE / EURO,-5,46a5df70fd0293480b3a8fd210a401e00099d8145136e6ad6f8ac052deba4f70,1859
Equity.DE.BAYN/EUR,DE,BAYN,EUR,BAYER AG / EURO,-5,09cbc7aa0140571776096c05d1a437eba39ae209e708db956a1dd3d2f2ed5c7e,1860
Equity.DE.BEI/EUR,DE,BEI,EUR,BEIERSDORF AG / EURO,-5,b7e7516de1d6d62de2b9e1aec15f46243eef30d0e8effa687a14f817dce759a8,1861
Equity.DE.BMW/EUR,DE,BMW,EUR,BAY MOTOREN WERKE AG ST / EURO,-5,eb13b0aa7c1c079c0817e7340772e34a080d76f2bada76618a47468e244a0a3e,1862
Equity.DE.BNR/EUR,DE,BNR,EUR,BRENNTAG SE / EURO,-5,212c7aec26135c00c46df278385b79cd1f9e6bf4d3acee0f361f6cdadaff740b,1863
Equity.DE.CBK/EUR,DE,CBK,EUR,COMMERZBANK AG / EURO,-5,b6d70f140303cf639be7f265964604d3557f94c1cc6f307fee30e3fd136cfde1,1864
Equity.DE.CON/EUR,DE,CON,EUR,CONTINENTAL AG / EURO,-5,7f6b3ee0f1e8b78ae58426fe29ee01c7a02edb7a0ab260973e81d4745c3fce25,1865
Equity.DE.DB1/EUR,DE,DB1,EUR,DEUTSCHE BOERSE AG / EURO,-5,3792d937b0d283267c7805c8bf7547a41cb52fb11919874ed89327b04c2fac49,1866
Equity.DE.DBK/EUR,DE,DBK,EUR,DEUTSCHE BANK AG / EURO,-5,42e6ef56906c50242705224072fa4fec4e63e94927b4b54d931dff396577fb09,1867
Equity.DE.DHL/EUR,DE,DHL,EUR,DEUTSCHE POST AG / EURO,-5,9766f63071ed37c6b31de67c20c2e9eca35b836e423c3348bd9c6a6cb2099e35,1868
Equity.DE.DN3/EUR,DE,DN3,EUR,METAPLANET INC / EURO,-5,f44b6f827ea717487c499c5197bb1a41d6510e3a7dac39d11d0ea0666e8ba136,1869
Equity.DE.DTE/EUR,DE,DTE,EUR,DT TELEKOM AG / EURO,-5,53600f87e208ecd0752a2a96b73266a527ff9e85b8e75bcac531f072286aca48,1870
Equity.DE.DTG/EUR,DE,DTG,EUR,DAIMLER TRUCK HLDG JGE / EURO,-5,75683db2a19ee11508c48d6a060412aba145847f272a92b414216144603138bd,1871
Equity.DE.ENR/EUR,DE,ENR,EUR,SIEMENS ENERGY AG / EURO,-5,f85df433f0d1959d4fb9111da3ff89f8c74239d6c8c29f0032d94c2d31f27166,1872
Equity.DE.EOAN/EUR,DE,EOAN,EUR,E ON SE / EURO,-5,0de3f28242024f863d844d698ec69fc7246ce00fb63f7d49a74419863475b2f5,1873
Equity.DE.FME/EUR,DE,FME,EUR,FRESEN MED CARE KGAA / EURO,-5,60f2aeeba5e9fd5392cc54603650fc44b541b725ac3d78e7212adb88941893a1,1874
Equity.DE.FRE/EUR,DE,FRE,EUR,FRESENIUS SE CO KGAA / EURO,-5,d9270ea8675d9377bf8d63d6cdb918960da8705ba76d9c4120c670576d6c4127,1875
Equity.DE.HEI/EUR,DE,HEI,EUR,HEIDELBERG MATERIALS / EURO,-5,c21d15fc417bfeab61940ac801ebaaf03ef65454cae360c1aa08c0099ecfe2fc,1876
Equity.DE.HEN3/EUR,DE,HEN3,EUR,HENKEL AG+CO KGAA VZO / EURO,-5,a335efad7ebba8688fda455fb7245354104d1fcbe939c5b78234c8a30b81b234,1877
Equity.DE.HNR1/EUR,DE,HNR1,EUR,HANNOVER RUECK SE / EURO,-5,c8ccba353936a3d1ce7c6d767d5b3e86315af2c13d4ed113a7f18d43ebb19cdb,1878
Equity.DE.IFX/EUR,DE,IFX,EUR,INFINEON TECH AG / EURO,-5,72d3bf568c275097936b3814c9ce1239133da3fcd600b5c7e1b2aa5b0177ae71,1879
Equity.DE.MBG/EUR,DE,MBG,EUR,MERCEDES-BENZ GROUP AG / EURO,-5,62ef69b911e25d3ceef32cd47d5fdeafb0a160821b6695c0a5954e2e797f57c2,1880
Equity.DE.MRK/EUR,DE,MRK,EUR,MERCK KGAA / EURO,-5,4c462059d3d171f225b9994c1a5fd730723650a3b205acfdf2abc06a18bd2bde,1881
Equity.DE.MTX/EUR,DE,MTX,EUR,MTU AERO ENGINES AG / EURO,-5,05172a8a2ab9b576156bbd2b67e85b0a0b7d1f02d61264ae7033b745657ead88,1882
Equity.DE.MUV2/EUR,DE,MUV2,EUR,MUENCH RUECKVERS VNA / EURO,-5,98939fcf369970ec0dca8175c9fab4cfcd8280f3a4c55b34a0af90c001b22998,1883
Equity.DE.P911/EUR,DE,P911,EUR,PORSCHE AG VZ / EURO,-5,78cbd5130f1aab8120fa38d87c73852c1a2e59cf875b02e8bdca8b1960237c7b,1884
Equity.DE.PAH3/EUR,DE,PAH3,EUR,PORSCHE AUTOMOBIL HOLDING SE / EURO,-5,f1e80fefa9ddd73b9116eb4da4dc5370721500b107f276cb42b5bdb8c6dda11a,1885
Equity.DE.RHM/EUR,DE,RHM,EUR,RHEINMETALL AG / EURO,-5,e549836c2eb0015f4423da6e596599a2ae2692e4457d1f53264258dc5f920490,1886
Equity.DE.RWE/EUR,DE,RWE,EUR,RWE AG / EURO,-5,81165e8a1b77d53aa56051a795b76ec1e1520ef392ec6d71b1b54354a49f309c,1887
Equity.DE.SAP/EUR,DE,SAP,EUR,SAP SE / EURO,-5,dbe0bd1a848c1dff366af72ee5fa05f903afa852283dee38130d0fd544dee496,1888
Equity.DE.SHL/EUR,DE,SHL,EUR,SIEMENS HEALTHINEERS AG / EURO,-5,5c8a3e00b3f52f9e3742fe8d486013c6b2fd6c2aa40f71afc698d80a6620ae10,1889
Equity.DE.SIE/EUR,DE,SIE,EUR,SIEMENS AG / EURO,-5,9e5eb8bade643c8b760f609d6605fda09b3889b766d5ef454e120ddbc4415379,1890
Equity.DE.SRT3/EUR,DE,SRT3,EUR,SARTORIUS AG / EURO,-5,0eb4da9cc67c17903e603c8caf21c553239756dcbd0191ae8bc79365e9313d15,1891
Equity.DE.SY1/EUR,DE,SY1,EUR,SYMRISE AG / EURO,-5,4e100b5aeb1eb842ce6aca88cb5ec1a691a4b279d7b3cc481928c4237196076a,1892
Equity.DE.VNA/EUR,DE,VNA,EUR,VONOVIA SE / EURO,-5,2584464d38a15d9096798e130a7cd529940a7320c816d335e6aefcd4697db8f9,1893
Equity.DE.VOW3/EUR,DE,VOW3,EUR,VOLKSWAGEN AG VZO / EURO,-5,8f67141cdb49258b2fecce3bfacdde3b17327b97e735501264eae28006f3488c,1894
Equity.DE.ZAL/EUR,DE,ZAL,EUR,ZALANDO SE / EURO,-5,1e1d6a7784633bccbae69fa25d73bfd9d908943939686e0b7490f84d792810e9,1895
Equity.FR.AC/EUR,FR,AC,EUR,ACCOR / EURO,-5,54bbd063d404dd1af1ac5b22f71ebb4426eab6a75dce09a2020f13bbb64bbce2,1896
Equity.FR.ACA/EUR,FR,ACA,EUR,CREDIT AGRICOLE / EURO,-5,0ee7d04a619a931489a450d42670f11e3e6b26e3b5b73cbb7a21b323c127e3b3,1897
Equity.FR.AI/EUR,FR,AI,EUR,AIR LIQUIDE / EURO,-5,461187ef2715a03fe4a53c343c681c9c2a130437faa31d9818c72d7d5deb9dcf,1898
Equity.FR.AM/EUR,FR,AM,EUR,DASSAULT AVIATION SA / EURO,-5,3711e73d334af3cfde2b5e9f5ec23b0678d8ce77b5a4430bcbce63f444640103,1899
Equity.FR.BN/EUR,FR,BN,EUR,DANONE / EURO,-5,9250b97610610a0089fe1dc2607e30bafa798a3c8a14294c07bc154cdc55f8e0,1900
Equity.FR.BNP/EUR,FR,BNP,EUR,BNP PARIBAS ACTA / EURO,-5,2cbb7654e2988d7c716adeee1e07627735686cf93d0b1b54a2ce546a0a48b56e,1901
Equity.FR.BVI/EUR,FR,BVI,EUR,BUREAU VERITAS / EURO,-5,baf7dc4fa6e8943cd6ff6d048d177d8cbfbdc2c4a32351516b1e5d1d632c5df2,1902
Equity.FR.C3M/EUR,FR,C3M,EUR,AMUNDI ETF GOVIES 0-6 MONTHS EURO INVESTMENT GRADE UCITS ETF DR / EURO,-5,5372f717fd6845e363b0268d0a0bee8f479c3aa23f1152a507557d9f2b2d0546,779
Equity.FR.CA/EUR,FR,CA,EUR,CARREFOUR / EURO,-5,4cbccb4fce8e809a44b8cfa8329e4f6360557d68c25b69e360a23f347685660e,1903
Equity.FR.CAP/EUR,FR,CAP,EUR,CAPGEMINI / EURO,-5,e8a4a9eb9223fea8726222259f0fa104eb4af4fa553e8ab791d50ca4ea3edc03,1904
Equity.FR.CS/EUR,FR,CS,EUR,AXA / EURO,-5,d9a82f36fdbd14da1fd99a5cfe8934017293e0e735c2fb604c8bec6d1ffeb8fb,1905
Equity.FR.DG/EUR,FR,DG,EUR,VINCI / EURO,-5,ca7cd667bb5d9b761cee478c0a13c6588f31a0a01b835094440f2e42735cd408,1906
Equity.FR.DSY/EUR,FR,DSY,EUR,DASSAULT SYSTEMES / EURO,-5,59656667085fef56ca1ef7de5db26d7e4302713ba3085d9992969ad84a4533c4,1907
Equity.FR.EDEN/EUR,FR,EDEN,EUR,EDENRED / EURO,-5,3a22893d1c8f3f0d795b8bec1cb905cce23f95a5bfe8ba2983c6910ef87729d6,1908
Equity.FR.EL/EUR,FR,EL,EUR,ESSILORLUXOTTICA / EURO,-5,55138109b07935fa75ac13ad5406ed6686b72259f2e648043b812cf2421fa686,1909
Equity.FR.EN/EUR,FR,EN,EUR,BOUYGUES / EURO,-5,67810c2dfeed3252ae81a4359815d97627ead190699008fbf47f3e61db43992c,1910
Equity.FR.ENGI/EUR,FR,ENGI,EUR,ENGIE / EURO,-5,63535c6de2554bde1e25fcc726a534f0ee5ae201ae4b752f25fc4bd957eed622,1911
Equity.FR.GLE/EUR,FR,GLE,EUR,SOCIETE GENERALE / EURO,-5,2a10b6db00f02b6ad96c15187319c13fef415f0103ee9ff5285979644c000ebb,1912
Equity.FR.HO/EUR,FR,HO,EUR,THALES / EURO,-5,2a24f9bf70d9a9ff2397c99a47d1c5df919d7c1533252c5dd7406e41a550c258,1913
Equity.FR.KER/EUR,FR,KER,EUR,KERING / EURO,-5,7563f17567427f18848c77f0b541f579baf1ac20852ecff67c2394d674b46404,1914
Equity.FR.LR/EUR,FR,LR,EUR,LEGRAND / EURO,-5,09d6b6cf7d9ed113eed92398ec7c83a554739d08f0948660578d202927838b8f,1915
Equity.FR.MC/EUR,FR,MC,EUR,LVMH / EURO,-5,5da4bd70379a662beb356be5e62d1a375d760b1ecfb8199059c17fdc0b2d1dbd,1916
Equity.FR.ML/EUR,FR,ML,EUR,MICHELIN / EURO,-5,06cf18e74482ad69ed6edaaa6219d3d167c13a8867362ca111c5f9c32d3332cc,1917
Equity.FR.OR/EUR,FR,OR,EUR,L'OREAL / EURO,-5,4406726402cea1fe47506298f4c263f4ba7def97ad48e3f29b468e7b27027f61,1918
Equity.FR.ORA/EUR,FR,ORA,EUR,ORANGE / EURO,-5,85e3386a9894a59f9c516f9958247a5443688d784188b4df187a006ee80cc530,1919
Equity.FR.PUB/EUR,FR,PUB,EUR,PUBLICIS GROUPE SA / EURO,-5,af14357130b5e9dfd6fc4067fbb51f736b093fdaa182d96fa920c7c43c0ea8ac,1920
Equity.FR.RI/EUR,FR,RI,EUR,PERNOD RICARD / EURO,-5,43604114c9ea070d183986a5cecbfa2763739264e72b55450c0e96d2d6f72dd9,1921
Equity.FR.RMS/EUR,FR,RMS,EUR,HERMES INTL / EURO,-5,093e06eed2ef428b95a4ad50a7d569c91177aff668a83f4b37bd25a0bea01a7c,1922
Equity.FR.RNO/EUR,FR,RNO,EUR,RENAULT / EURO,-5,0f09f87641096d66f46cca991c58f258598a055c761c8825904c9a5663511329,1923
Equity.FR.SAF/EUR,FR,SAF,EUR,SAFRAN / EURO,-5,a88b18efe275b943cb220d18391389cf5f184463496f205b2277f44d97739354,1924
Equity.FR.SAN/EUR,FR,SAN,EUR,SANOFI / EURO,-5,5c41f90cf0574fd28fa31f12362e52333d43023146026420a8865c3d10b274f5,1925
Equity.FR.SGO/EUR,FR,SGO,EUR,SAINT GOBAIN / EURO,-5,c4b3ed9c6672ae4a9b3721522d20c232c6ae4513560a8f3c36e83ce79cba25d9,1926
Equity.FR.SU/EUR,FR,SU,EUR,SCHNEIDER ELECTRIC SE / EURO,-5,31198925a9b2b4f241100a65ec8a4ab785af40aa555f3ee4c74123172eaafc04,1927
Equity.FR.TEP/EUR,FR,TEP,EUR,TELEPERFORMANCE / EURO,-5,e4fc94b99d3665f7e79cb9a29539ba83b32d7ac9bf270749ae24eb4772542acf,1928
Equity.FR.TTE/EUR,FR,TTE,EUR,TOTALENERGIES / EURO,-5,0a95b77e60cf7f6dbcb902225259741fe6a3aebe07221390e79fcb05bbfdabb8,1929
Equity.FR.URW/EUR,FR,URW,EUR,UNIBAIL-RODAMCO-WESTFIELD / EURO,-5,e1f30a023dbe13ebc3e4c777b898a0eebc8599a469a4573e5bba222d139c6012,1930
Equity.FR.VIE/EUR,FR,VIE,EUR,VEOLIA ENVIRON / EURO,-5,f1b15faa42f33b43041b4781de53a644dd840058947b843f99540876890e2236,1931
Equity.GB.AAF/GBP,GB,AAF,GBP,AIRTEL AFRICA PLC / BRITISH POUND,-5,7afd29f3c35f70a59fb5f491026f1a3e1dad2578932c0cf12e5d6875df6fda4d,780
Equity.GB.AAL/GBP,GB,AAL,GBP,ANGLO AMERICAN / BRITISH POUND,-5,6933a1dfe481cefd8f6d96c53e8d3260af5848f6793bc2c2bf0f9ef9a9ecd999,781
Equity.GB.ABF/GBP,GB,ABF,GBP,ASSOCIATED BRITISH FOODS PLC / BRITISH POUND,-5,72bd42358798e4c7b20e608f0d4dd704db6566ac889fe709161ad6ad01f416d3,782
Equity.GB.ADM/GBP,GB,ADM,GBP,ADMIRAL GROUP / BRITISH POUND,-5,733fe4ffe6704fc2bc69981e1db69699250c0c561bb129d41599d22908d0d2a4,783
Equity.GB.AHT/GBP,GB,AHT,GBP,ASHTEAD GROUP PLC / BRITISH POUND,-5,040bdbbf8d4cf58e053ebe527aed51a6f7b9a3ebd9fe07d2884e537417b51f82,784
Equity.GB.ALW/GBP,GB,ALW,GBP,ALLIANCE WITAN PLC / BRITISH POUND,-5,9fd3794898be3dfe3951ed9ec2306d317cfb714ad7239bf189b47a96d679f114,785
Equity.GB.ANTO/GBP,GB,ANTO,GBP,ANTOFAGASTA PLC / BRITISH POUND,-5,cb6b4b7241ca3f475a0b342b2fa1056edb3bbe85b833de87a91964cb97c6c7ab,786
Equity.GB.AUTO/GBP,GB,AUTO,GBP,AUTO TRADER GROUP PLC / BRITISH POUND,-5,a2226626945592475e25a17bc769508a07e95a6378b836c538c7cee4867ab28e,787
Equity.GB.AV/GBP,GB,AV,GBP,AVIVA PLC / BRITISH POUND,-5,c04c79e6ba7d90eefa087a70f606fdc3bfecadbbb2dacc9dbc5d68e26ba13002,788
Equity.GB.AZN/GBP,GB,AZN,GBP,ASTRAZENECA PLC / BRITISH POUND,-5,a637b76c2fc7f928fab462a999fc65ecd8493142d8d6e1c67b96a352d0d20b08,789
Equity.GB.BA/GBP,GB,BA,GBP,BAE SYSTEMS PLC / BRITISH POUND,-5,6f107ff8ec8d9c02b6180538be5167196eb0d7bcc42d7e737ee84524b2be191e,790
Equity.GB.BAB/GBP,GB,BAB,GBP,BABCOCK INTERNATIONAL GROUP / BRITISH POUND,-5,f7fdf991bfd062bc5f851803df39a0dbc7d925f40810eff43645a1c3962775e0,1606
Equity.GB.BARC/GBP,GB,BARC,GBP,BARCLAYS PLC / BRITISH POUND,-5,a60cc52c5587ceab4a122a9a76f52edcfed73509a076441bad681dc04a0ebb59,791
Equity.GB.BATS/GBP,GB,BATS,GBP,BRITISH AMERICAN TOBACCO PLC / BRITISH POUND,-5,d702a51d5b5179e0d207051e8f133e0cf16b026fb8b363ac039fa65d6c8ea6eb,792
Equity.GB.BEZ/GBP,GB,BEZ,GBP,BEAZLEY PLC / BRITISH POUND,-5,6fcc8aa358c7643b3c81ffd016ac80776addedd99eb643ce81826a27739b4750,793
Equity.GB.BKG/GBP,GB,BKG,GBP,BERKELEY GROUP HOLDINGS PLC / BRITISH POUND,-5,ad47427cedeb8fcfef5b44c9e36ad34098fbaeb374a545b1a3f37f6ce39deae7,794
Equity.GB.BLND/GBP,GB,BLND,GBP,BRITISH LAND CO PLC / BRITISH POUND,-5,a7e208af4e00879b57e9ea4a10288ae4f6ee93abc33eefad9ea23484ddf87211,795
Equity.GB.BNZL/GBP,GB,BNZL,GBP,BUNZL PLC / BRITISH POUND,-5,ea48f26a559f137aa0f530a5bbf9467b2c0a5a44df7819c56717464e7bef0ec2,796
Equity.GB.BP/GBP,GB,BP,GBP,BP PLC / BRITISH POUND,-5,1fb5b82a43cafadad1e148ebc874bbdba1dd1ece9fe6f5559ccfbae1669e79c9,797
Equity.GB.BTA/GBP,GB,BTA,GBP,BT GROUP PLC / BRITISH POUND,-5,96295040b6801e18e480904a28fb6efb1b859a2683b804505ac188361b4db223,798
Equity.GB.BTRW/GBP,GB,BTRW,GBP,BARRATT REDROW PLC / BRITISH POUND,-5,d689e62fae0e72002ff44db79937dc66627d237b571345607fe746ad01d866fe,799
Equity.GB.CCEP/GBP,GB,CCEP,GBP,COCA-COLA EUROPACIFIC PARTNERS / BRITISH POUND,-5,f50e884587834629a52cea8fad32696a757e8cb14bb5adac4fd94efcb4ad95ce,1607
Equity.GB.CCH/GBP,GB,CCH,GBP,COCA-COLA HBC AG / BRITISH POUND,-5,6a62a570cde075c5d1d728c7e8ffb876d3d943fb7da3b2f72f6e32c8ce454181,800
Equity.GB.CNA/GBP,GB,CNA,GBP,CENTRICA PLC / BRITISH POUND,-5,af4096a8c681312295ae72d877a4e6a627ea5ebd5928b1eb754caf55a75e2f92,801
Equity.GB.CPG/GBP,GB,CPG,GBP,COMPASS GROUP PLC / BRITISH POUND,-5,5c1d2b8d904d8076cadda4310c5d0cb9dd41eef03850e07b16a7bec7cb256590,802
Equity.GB.CRDA/GBP,GB,CRDA,GBP,CRODA INTERNATIONAL PLC / BRITISH POUND,-5,bd01f61828479cdb79344c29cc27cff529cc6ac03595762df4db668e0edb69ee,803
Equity.GB.CSPX/USD,GB,CSPX,USD,ISHARES CORE S&P 500 UCITS ETF / US DOLLAR,-5,6d881ecf489bb24aa10468ca332e3ea262a9bf3a8fb9db1eadac9cce544b16b1,804
Equity.GB.CTEC/GBP,GB,CTEC,GBP,CONVATEC GROUP PLC / BRITISH POUND,-5,2c43b5ffda4ddef90f9261d6705f00fe9e7440670eea3adca9c8c7675471d4d5,805
Equity.GB.DCC/GBP,GB,DCC,GBP,DCC PLC / BRITISH POUND,-5,683b07c0113c6eb7cb1dcaa72ca7d2775235a8fb2bb052e951c4fe72a2f9c15f,806
Equity.GB.DGE/GBP,GB,DGE,GBP,DIAGEO PLC / BRITISH POUND,-5,fe4b5108a2382891f862ca80628acb316abaf0d1c110c2ca9c87ba27670ba83b,807
Equity.GB.DPLM/GBP,GB,DPLM,GBP,DIPLOMA PLC / BRITISH POUND,-5,034d1f6d28b211c84e7902b24eb209e463ffb798ee940943c2835366b5320cab,808
Equity.GB.EDV/GBP,GB,EDV,GBP,ENDEAVOUR MINING PLC / BRITISH POUND,-5,9a01dced50be45e47b6e22144a6706dbc8226128248fd5ae4096cf8d1c2ac90d,809
Equity.GB.ENT/GBP,GB,ENT,GBP,ENTAIN PLC / BRITISH POUND,-5,2956b3738f8f1a0007008b5f490ec230ccf1c1a0998bdfb8ad230ea5957c5e2a,810
Equity.GB.EXPN/GBP,GB,EXPN,GBP,EXPERIAN PLC / BRITISH POUND,-5,a23381e9a952b39dfea3593e84c41e412ad4dfedac29981d348eb1742263f6d1,811
Equity.GB.EZJ/GBP,GB,EZJ,GBP,EASYJET PLC / BRITISH POUND,-5,0d54f44453f2068ee0910a7abf931af611c675049f3c2ece1a7084aac69c4593,812
Equity.GB.FCIT/GBP,GB,FCIT,GBP,F&C INVESTMENT TRUST PLC / BRITISH POUND,-5,e7718a55c812787267b06ff8f7f42a7d82a5f92406b343fcf09db8d095360832,813
Equity.GB.FRES/GBP,GB,FRES,GBP,FRESNILLO / BRITISH POUND,-5,98309bfbdd38714f62daae9fa0f145ea11445b8c8648ec0003b19bbd13585785,814
Equity.GB.GAW/GBP,GB,GAW,GBP,GAMES WORKSHOP GROUP / BRITISH POUND,-5,ab5ac3a797d02f0159cea2097c4576ebb29afd60f7b7a6845617e8295a206d20,815
Equity.GB.GLEN/GBP,GB,GLEN,GBP,GLENCORE PLC / BRITISH POUND,-5,8f9c6d4c66c67ad15b0a872e06ac223753ebda26f84b48a501f760d49fad0631,816
Equity.GB.GSK/GBP,GB,GSK,GBP,GSK PLC / BRITISH POUND,-5,755cd5b667d6abd763ce30327fd98681689cb27e2337ab3296ea54f82e059f2e,817
Equity.GB.HIK/GBP,GB,HIK,GBP,HIKMA PHARMACEUTICALS / BRITISH POUND,-5,5a4159cbc9d623070fd6f70b9edb7bc4fdc9dcd1d9be2a30e9bb02fdce8eb09a,818
Equity.GB.HL/GBP,GB,HL,GBP,HARGREAVES LANSDOWN PLC / BRITISH POUND,-5,,819
Equity.GB.HLMA/GBP,GB,HLMA,GBP,HALMA PLC / BRITISH POUND,-5,3146b6ae143235d85a3cdff8be210b2a4629dd1c20ed634fa046a2e63b184c42,820
Equity.GB.HLN/GBP,GB,HLN,GBP,HALEON PLC / BRITISH POUND,-5,0a9ad2666c0bf241cf67a83ee8f3ac7ae38dfbc24d83bc00675fee5569f72074,821
Equity.GB.HSBA/GBP,GB,HSBA,GBP,HSBC HOLDINGS PLC / BRITISH POUND,-5,23ae36a89ccacc8ed0d3a933546fb2db0065bf4c8d56161293cb7e3521a8c331,822
Equity.GB.HSX/GBP,GB,HSX,GBP,HISCOX LTD / BRITISH POUND,-5,2c294be2b538a817e375ce2727ed6d3a027d728e3627bb03c97d554d940ba55c,823
Equity.GB.HWDN/GBP,GB,HWDN,GBP,HOWDEN JOINERY GROUP PLC / BRITISH POUND,-5,0270c75fbb9d695c30a09cd5c247675d80f75340274252c6742eea62d11c317c,824
Equity.GB.IAG/GBP,GB,IAG,GBP,INTERNATIONAL CONSOLIDATED AIRLINES GROUP SA / BRITISH POUND,-5,99f0d376ff77efbabfa09202bf6f19a8716a1c43657b32c921e1bbd852b629c3,825
Equity.GB.IB01/USD,GB,IB01,USD,ISHARES $ TREASURY BOND 0-1YR UCITS ETF / US DOLLAR,-5,45b05d03edb6081e7ae536b94b450a42f43e6342791c560a481030b41f9b945d,826
Equity.GB.IBTA/USD,GB,IBTA,USD,ISHARES $ TREASURY BOND 1-3YR UCITS ETF / US DOLLAR,-5,8086320540b3d7b9b4b564e6756a29a9cb91a7cd97d5fafff63841959d3a09a0,827
Equity.GB.ICG/GBP,GB,ICG,GBP,INTERMEDIATE CAPITAL GROUP PLC / BRITISH POUND,-5,6b989b5fcc1e1d81808f2a85486af2ba82a0ef9023cfefc1c269c9d47ec57081,828
Equity.GB.IHG/GBP,GB,IHG,GBP,INTERCONTINENTAL HOTELS GROUP PLC / BRITISH POUND,-5,3c6a628b82864989754205afbafd0f69c756cb1af351af8bc744ecfbceb85c6f,829
Equity.GB.III/GBP,GB,III,GBP,3I GROUP PLC / BRITISH POUND,-5,07b9c356e71df39385d541c0d7564c00825e25a5d9cb38e983f7711bb319695c,830
Equity.GB.IMB/GBP,GB,IMB,GBP,IMPERIAL BRANDS GROUP / BRITISH POUND,-5,968825d1093b823a437448576bda4c54c691c681a7e84605386043ea969caa6d,831
Equity.GB.IMI/GBP,GB,IMI,GBP,IMI PLC / BRITISH POUND,-5,963bc79ec349e0a95fe4c0f62d0a4ff1c2c2ae7bad6dbac0eff05b7ebdc4bc24,832
Equity.GB.INF/GBP,GB,INF,GBP,INFORMA PLC / BRITISH POUND,-5,597813341c4bc9f3c6c5538fa03dbabb1c1a971de9df3367409c9b6b648efa90,833
Equity.GB.ISF/GBP,GB,ISF,GBP,ISHARES CORE FTSE 100 UCITS ETF DIST / BRITISH POUND,-5,11aca907d2bdfcd7b4d62fd15ac40fb9cb73760322d0f9ab0386503f4745c445,834
Equity.GB.ITRK/GBP,GB,ITRK,GBP,INTERTEK GROUP PLC / BRITISH POUND,-5,7678cd55ad35547dd012c118b95be15a1b6e60e6a0095301941472a729d66bf1,835
Equity.GB.JD/GBP,GB,JD,GBP,JD SPORTS FASHION PLC / BRITISH POUND,-5,5364ca7da542969c6977f06dbb21386d39184e9b556d2e5ca9e6c67f1766bd1e,836
Equity.GB.KGF/GBP,GB,KGF,GBP,KINGFISHER / BRITISH POUND,-5,379581431238c4848597628126b5c1ffabe1911e151508ecd00e0a31957187c0,837
Equity.GB.LAND/GBP,GB,LAND,GBP,LAND SECURITIES GROUP PLC / BRITISH POUND,-5,bec4c1932e5db9ade321ce7934b5f31d532ec70922034b5b2f75b4985ce8de4c,838
Equity.GB.LGEN/GBP,GB,LGEN,GBP,LEGAL & GENERAL GROUP PLC / BRITISH POUND,-5,4a5717b6ac4ac00479bc9edadbdb420a257f662674d0443b65b9f2f68d38b648,839
Equity.GB.LLOY/GBP,GB,LLOY,GBP,LLOYDS BANKING GROUP PLC / BRITISH POUND,-5,3d3b5f16b89d24f26daf0fdfdf98278a1e03b89ed8468e068a1dd58fd396c815,840
Equity.GB.LMP/GBP,GB,LMP,GBP,LONDONMETRIC PROPERTY PLC / BRITISH POUND,-5,45d6ece82e3596f017a815fafa768ee201275589e0342389cfaeb7966582ad74,841
Equity.GB.LSEG/GBP,GB,LSEG,GBP,LONDON STOCK EXCHANGE GROUP PLC / BRITISH POUND,-5,ab429f879290f2c0fd37e84a6b8e0c3a3d5fbfc106bac7e71664cf44d84e4f91,842
Equity.GB.MKS/GBP,GB,MKS,GBP,MARKS & SPENCER GROUP PLC / BRITISH POUND,-5,ac3eaae8586a3bb2c644021309963f09065f8f878bea83768eb7d60561d8fefe,843
Equity.GB.MNDI/GBP,GB,MNDI,GBP,MONDI PLC / BRITISH POUND,-5,1d2c2dbf3b483a0895f24f0295103cd74fa841f743da32d78085dc02ee4a4156,844
Equity.GB.MNG/GBP,GB,MNG,GBP,M&G PLC / BRITISH POUND,-5,178d0d973d4cabb0323fb50aa043e9f9d384d904d70340a4e794e20e6d5986e6,845
Equity.GB.MRO/GBP,GB,MRO,GBP,MELROSE INDUSTRIES PLC / BRITISH POUND,-5,73fd681bf8a157d8cd5e9aed978a474d7fed699402e370d863e8020516a83444,846
Equity.GB.NG/GBP,GB,NG,GBP,NATIONAL GRID / BRITISH POUND,-5,0c1b04494d698f8f5d772822c47248153a32aea9fc07fd542c376d487efa30d8,847
Equity.GB.NWG/GBP,GB,NWG,GBP,NATWEST GROUP PLC / BRITISH POUND,-5,aa8aa008443dd20c6f569c653fb0f44bb3fdeed6f26084cb6a0a4785c95c0f62,848
Equity.GB.NXT/GBP,GB,NXT,GBP,NEXT PLC / BRITISH POUND,-5,4242a7777bc209a5f05cce7611ee3ab037281baf8bee7848ae96b6ec1840483d,849
Equity.GB.PCT/GBP,GB,PCT,GBP,POLAR CAPITAL TECHNOLOGY TRUST PLC / BRITISH POUND,-5,21d6ddf71f8e8083a498b4b71eff45bb8586d81e8e5d312137be4cb2ba352aa4,1608
Equity.GB.PHNX/GBP,GB,PHNX,GBP,PHOENIX GROUP HOLDINGS PLC / BRITISH POUND,-5,420c0521619ff01100f053cdfd27b06f25c59a98256bf9d10b97b5f500e3488c,850
Equity.GB.PRU/GBP,GB,PRU,GBP,PRUDENTIAL PLC / BRITISH POUND,-5,db30d3be7afb5b4c472a02502c43a48a5c0c295d8d4b1a850114c491f297133c,851
Equity.GB.PSH/GBP,GB,PSH,GBP,PERSHING SQUARE HOLDINGS LTD / BRITISH POUND,-5,2ad321b77e925225e0000e3a618ac75076f290257533847287b53e6b51eab6bc,852
Equity.GB.PSN/GBP,GB,PSN,GBP,PERSIMMON PLC / BRITISH POUND,-5,5f0be72c8df13ed6bc403ed1f0395c5323d7ec148e5d57cbd5a8c7000be7d5e2,853
Equity.GB.PSON/GBP,GB,PSON,GBP,PEARSON PLC / BRITISH POUND,-5,8fe8b63b83c0961c059c24dcbb03ac9966b586662a0146e0321df923dde60818,854
Equity.GB.REL/GBP,GB,REL,GBP,RELX PLC / BRITISH POUND,-5,6c6e7b3af79a3843cbd07181d1e5ae3de8757b587afac09df94b239630db4d5c,855
Equity.GB.RIO/GBP,GB,RIO,GBP,RIO TINTO PLC / BRITISH POUND,-5,d21c420077ba3c132b9f9f5615786db26cf5dcd334fab5475d600416b194eda2,856
Equity.GB.RKT/GBP,GB,RKT,GBP,RECKITT BENCKISER GROUP PLC / BRITISH POUND,-5,095a86c0a5767f8b5372b4c85a117ef07fc3bb59b6981ace5186fdc0558b2669,857
Equity.GB.RMV/GBP,GB,RMV,GBP,RIGHTMOVE PLC / BRITISH POUND,-5,6be78abf6e4da7a4f4381f306c4accaa87aa7a969f7fea3782981adf3f838384,858
Equity.GB.RR/GBP,GB,RR,GBP,ROLLS ROYCE HOLDINGS PLC / BRITISH POUND,-5,e54d0c3cef618e85839218bd7c79712d2b2b479b4e5905a31e9a45f0c25c2af3,859
Equity.GB.RTO/GBP,GB,RTO,GBP,RENTOKIL INITIAL PLC / BRITISH POUND,-5,4342f2527ffb83124666d7d5a8176c93261a5c1c55a31a817bd78c6a117449c9,860
Equity.GB.SBRY/GBP,GB,SBRY,GBP,SAINSBURY J PLC / BRITISH POUND,-5,882883b2c3ccf9fc413967f4ea1938dfc9fed358654459a61f1616eabf1ece80,861
Equity.GB.SDR/GBP,GB,SDR,GBP,SCHRODERS PLC / BRITISH POUND,-5,3af52229ecfae9740e9de7cb2350af8103011bc3a4aaed9093f0c63dc7d5d106,862
Equity.GB.SGE/GBP,GB,SGE,GBP,SAGE GROUP PLC / BRITISH POUND,-5,4838fb4b15b5f3bef939c8e3d423c6b5fb191e40a481cbe3eb8bf64cae712583,863
Equity.GB.SGRO/GBP,GB,SGRO,GBP,SEGRO PLC / BRITISH POUND,-5,85a3293cca41e75c2f0dafe18cc0e6694e9a9ecc92395a97e4a395825cd18c88,864
Equity.GB.SHEL/GBP,GB,SHEL,GBP,SHELL PLC / BRITISH POUND,-5,c972c864b4247e56c9b040862e87b19d5f9d1ad2afda2af49506300fb4c269de,865
Equity.GB.SMDS/GBP,GB,SMDS,GBP,SMITH DS / BRITISH POUND,-5,,866
Equity.GB.SMIN/GBP,GB,SMIN,GBP,SMITHS GROUP PLC / BRITISH POUND,-5,8da11d224f395cea6d99b5bce91950bc81a95d8791600a2637790fb333f99e67,867
Equity.GB.SMT/GBP,GB,SMT,GBP,SCOTTISH MORTGAGE INVESTMENT TRUST PLC / BRITISH POUND,-5,fbceeec3e08fa0907cd5790f1ca32ebfa31dc45d619fecd6186b1dab0ff7c4a3,868
Equity.GB.SN/GBP,GB,SN,GBP,SMITH & NEPHEW PLC / BRITISH POUND,-5,46c71d965035a8d8659de74885f0f3fe805287bac7b50b65b8eb3f3ef41c74ee,869
Equity.GB.SPX/GBP,GB,SPX,GBP,SPIRAX GROUP PLC / BRITISH POUND,-5,c9854722061e0d255f8eff067019a9f74b4f92d9b8b8c08151fa882885edbb84,870
Equity.GB.SSE/GBP,GB,SSE,GBP,SSE PLC / BRITISH POUND,-5,1ce91489704e9636877742cc68cdd30bf9541c638aa1c111641ea2718546179f,871
Equity.GB.STAN/GBP,GB,STAN,GBP,STANDARD CHARTERED PLC / BRITISH POUND,-5,3c38ca8a994518101b0c0f716f1cd8c9a6539ec685ac2dcab732e795a1d22f94,872
Equity.GB.STJ/GBP,GB,STJ,GBP,ST JAMES'S PLACE PLC / BRITISH POUND,-5,c204f66d8fc6a1e08b207970cfc237b2f4610fff10d2af17fb3809b3ac33ffde,873
Equity.GB.SVT/GBP,GB,SVT,GBP,SEVERN TRENT PLC / BRITISH POUND,-5,1a0ab11f6df1b2ff257776a746782243a1dc9bb0597cfc8c4a07ac772b03dc5e,874
Equity.GB.TSCO/GBP,GB,TSCO,GBP,TESCO PLC / BRITISH POUND,-5,16368d5be7aa57db21860c4692c82449556fdc2490af15c13dd0e190170d7a1b,875
Equity.GB.TW/GBP,GB,TW,GBP,TAYLOR WIMPEY PLC / BRITISH POUND,-5,8be4ab9f8e5864fc5802e376de48d1d5a9d80873657f8dd9175b66d7ab0cb89b,876
Equity.GB.ULVR/GBP,GB,ULVR,GBP,UNILEVER PLC / BRITISH POUND,-5,e2fd4ae39decd0a3e91aab639c506124feadaf6573776d4838be31e053f34bcf,877
Equity.GB.UTG/GBP,GB,UTG,GBP,UNITE GROUP / BRITISH POUND,-5,9116f5730a120f668848a858a2f2563a629b816ce78c37c3a85b5d4a6e031dc8,878
Equity.GB.UU/GBP,GB,UU,GBP,UNITED UTILITIES GROUP PLC / BRITISH POUND,-5,9089a28f8cc25753d75676afc2f96ecf35703a33d495a8d0583d0160c379af1a,879
Equity.GB.VOD/GBP,GB,VOD,GBP,VODAFONE GROUP PLC / BRITISH POUND,-5,8a88e69ffd466c12b429fe65d8c45fbdc181b340bc23fcc623ef7c8a637e92d1,880
Equity.GB.WEIR/GBP,GB,WEIR,GBP,WEIR GROUP PLC / BRITISH POUND,-5,16191e61f0ae3ebbdaf568d9617ac572ca3ce3f4fd6c4759d5c2ddfb312b350f,881
Equity.GB.WPP/GBP,GB,WPP,GBP,WPP PLC / BRITISH POUND,-5,62ecc2c34d56b195828e851e3f25c907452ce0c8c1324dede50e663b400d22d5,882
Equity.GB.WTB/GBP,GB,WTB,GBP,WHITBREAD PLC / BRITISH POUND,-5,1388513a22827940d404bfb2440679ae78747d52f7a6ec1f1c3880fee2d408ef,883
Equity.HK.0001/HKD,HK,0001,HKD,CK HUTCHISON HOLDINGS LIMITED / HONG KONG DOLLAR,-5,cba74f5272910fb8cde476312382af0ec5da0a91eab248e16ba990f670968f4e,1609
Equity.HK.0002/HKD,HK,0002,HKD,CLP HOLDINGS / HONG KONG DOLLAR,-5,b360fcd1e6f90694e6d20640c90f20b09fb76b6dcd4fd890b4c7361b8b93ce82,884
Equity.HK.0003/HKD,HK,0003,HKD,HK & CHINA GAS / HONG KONG DOLLAR,-5,fb4eca232d42a8f4687f4af997ef279857b8d44d9b84d79b6854872212ebbc37,885
Equity.HK.0005/HKD,HK,0005,HKD,HSBC HOLDINGS PLC / HONG KONG DOLLAR,-5,6d726c65fc24263017ac4314ecbe80d3fef07f0762677a12f294b994f544880b,1610
Equity.HK.0006/HKD,HK,0006,HKD,POWER ASSETS HOLDINGS LTD / HONG KONG DOLLAR,-5,7604df2c4ac31ded66e3b404057220d117eeb0a5262f473ebcdc2e2b3e9f1d4a,1611
Equity.HK.0011/HKD,HK,0011,HKD,HANG SENG BANK / HONG KONG DOLLAR,-5,306476ed1d61f4fb50afac4b868f1af2af52dca015f6835cbd0727f4ceee040b,1612
Equity.HK.0012/HKD,HK,0012,HKD,HENDERSON LAND / HONG KONG DOLLAR,-5,69f6626a3c359ca9475ef892f18113d724b15c348f603c66889fd5beb0907bb5,886
Equity.HK.0016/HKD,HK,0016,HKD,SUN HUNG KAI PROPERTIES LTD / HONG KONG DOLLAR,-5,40f79e9da551a37339d4cbc45d8758d06559e8d6b4700b61b0fba2720f5d1420,1613
Equity.HK.0017/HKD,HK,0017,HKD,NEW WORLD DEV / HONG KONG DOLLAR,-5,add612726e57b1dbb7fdbb9a85de4ccb1e52edf1ce7c35fc672c5543db8c1a34,887
Equity.HK.0027/HKD,HK,0027,HKD,GALAXY ENT / HONG KONG DOLLAR,-5,35601ad68cf21b0bc2e8a3d8795fc81af7d7066ad096dbddd0d10a0744293ec4,888
Equity.HK.0066/HKD,HK,0066,HKD,MTR CORPORATION LTD / HONG KONG DOLLAR,-5,774123846b1756c8faef2ab9522417a65acd58694e8729df0c1f637c2a491120,1614
Equity.HK.0100/HKD,HK,0100,HKD,MINIMAX GROUP INC / HONG KONG DOLLAR,-5,,3257
Equity.HK.0101/HKD,HK,0101,HKD,HANG LUNG PPT / HONG KONG DOLLAR,-5,2d47ac295f7156b2b3a724d31034b230ed7e74414ea3e642e2c7f4425cc0a8f4,889
Equity.HK.0175/HKD,HK,0175,HKD,GEELY AUTOMOBILE HOLDINGS LIMITED / HONG KONG DOLLAR,-5,092ba46bc8c0bfdf74cc083a14a4ea0a7e3b5b0303be3ad1159f078ee1f4bf18,1615
Equity.HK.0241/HKD,HK,0241,HKD,ALI HEALTH / HONG KONG DOLLAR,-5,b71f8dd03a414bf0e9a97bfa2cc230779b02f6e72eb134c67c1ae4c0ccce40ff,890
Equity.HK.0267/HKD,HK,0267,HKD,CITIC / HONG KONG DOLLAR,-5,d4556a535e854e23f4df33b569aba1da65f45278e340ce9dede8436c02d3da39,891
Equity.HK.0285/HKD,HK,0285,HKD,BYD ELECTRONIC INTERNATIONAL CO LT / HONG KONG DOLLAR,-5,b5a7eb5f0f725303bce41a323bde1031c91d46d407249f3392e03e8e41197625,1616
Equity.HK.0288/HKD,HK,0288,HKD,WH GROUP LIMITED / HONG KONG DOLLAR,-5,c665a56549fc9126cdae692c12049c71b63dbf86f658ddcc942d3b953482be92,1617
Equity.HK.0291/HKD,HK,0291,HKD,CHINA RESOURCES BEER HOLDINGS CO / HONG KONG DOLLAR,-5,361da8f11f78e79312dc4035d3df2df1514edfbeb08965374ded1cd937fceabf,1618
Equity.HK.0300/HKD,HK,0300,HKD,MIDEA GROUP / HONG KONG DOLLAR,-5,ab8450432cba5da20f949ea65fea137316b5ae8f72b179c0aa5468adc4a171b3,1932
Equity.HK.0316/HKD,HK,0316,HKD,ORIENT OVERSEAS INT / HONG KONG DOLLAR,-5,0516760918c4499c31cc9d99467c6e1ed9271c2722fbccb06ae9bd1d58be3799,1619
Equity.HK.0322/HKD,HK,0322,HKD,TINGYICAYMAN ISLANDSHLDG CORP / HONG KONG DOLLAR,-5,9a7d7c6a726541f3587becf957645a6f76f35ba1133c4fd4cfe594f43ccf1f0c,1620
Equity.HK.0386/HKD,HK,0386,HKD,CHINA PETROLEUM & CHEMICAL CORP / HONG KONG DOLLAR,-5,ebe5edfc5f77d2d47605ecaa54e16463fb4d7adb3fbea54e7718198fea2c866b,1621
Equity.HK.0388/HKD,HK,0388,HKD,HONG KONG EXCHANGES & CLEARING / HONG KONG DOLLAR,-5,1f7983cbd3c3f592b0990c80c6d3c217d09379770b557a7544c47be185562707,1622
Equity.HK.0668/HKD,HK,0668,HKD,ANKER INNOVATIONS TECHNOLOGY CO LTD / HONG KONG DOLLAR,-5,,3374
Equity.HK.0669/HKD,HK,0669,HKD,TECHTRONIC IND / HONG KONG DOLLAR,-5,b58705ca9d9a6eb06a68e05ace82fdf69bd71073cae5d3a8e1a13d85ce9aa328,892
Equity.HK.0688/HKD,HK,0688,HKD,CHINA OVERSEAS LAND & INVESTMNTS / HONG KONG DOLLAR,-5,10e4af9cc5cd45b6488101937bb4e0e86e243e3e01d3498719b8c7e6769a4de5,1623
Equity.HK.0700/HKD,HK,0700,HKD,TENCENT HOLDINGS LTD / HONG KONG DOLLAR,-5,2229ed6410e4f9e0a91b74a2f08c3048cfb6c2c80b3f1a4dbbfb8765b653cef1,893
Equity.HK.0762/HKD,HK,0762,HKD,CHINA UNICOM HONG KONG LIMITED / HONG KONG DOLLAR,-5,3e019442cf65af715e41b1cd2e27cfdf70982fb04de0dbd1abd38de61b719fa6,1624
Equity.HK.0823/HKD,HK,0823,HKD,LINK REAL ESTATE INVESTMENT TRUSTDREI / HONG KONG DOLLAR,-5,edf7c41c95dfd314b20198a16810bb4b955292191e10d8690ac03508b72a5a8b,1625
Equity.HK.0836/HKD,HK,0836,HKD,CHINA RESOURCES POWER HLDGS CO / HONG KONG DOLLAR,-5,80479fd6b675291a98863fe279052697bd19d6eba82cae03b18070d2497037bb,1626
Equity.HK.0857/HKD,HK,0857,HKD,PETROCHINA CO / HONG KONG DOLLAR,-5,a01e6ad91ca2031431b4a2b7e2294ec4d75802646e42e3b4d3dc7b883ce14d5f,1627
Equity.HK.0868/HKD,HK,0868,HKD,XINYI GLASS HLDGS / HONG KONG DOLLAR,-5,298e333692ea33a7cdaf823b6519e8ca6cdc7456d05861d3b66a071775f01034,1628
Equity.HK.0881/HKD,HK,0881,HKD,ZHONGSHENG GROUP HOLDINGS LIMITED / HONG KONG DOLLAR,-5,a605667f22f1fac0962911c83a040f15698a1e3f91d36b735f7db110989b4373,1629
Equity.HK.0883/HKD,HK,0883,HKD,CNOOC / HONG KONG DOLLAR,-5,6fc494c3a1b707ba9d391a94b34d4b3ce5b1131be304feca614acd38136de3eb,894
Equity.HK.0939/HKD,HK,0939,HKD,CONSTRUCTION BANK / HONG KONG DOLLAR,-5,2eb638879348c112357d8dae148bc1e162aa7a372b118235b92b675274fbcdf5,895
Equity.HK.0941/HKD,HK,0941,HKD,CHINA MOBILE LTD / HONG KONG DOLLAR,-5,ea6176f06bcd2615b3b60d004f61f1a05ef656523d41797de0b8ceead86e2b6f,1630
Equity.HK.0960/HKD,HK,0960,HKD,LONGFOR GROUP HLDGS LTD / HONG KONG DOLLAR,-5,ebddb194ad0b6dedf1e17ed4fe4f594f119f9b58ab4076264b81224c15d1ff80,1631
Equity.HK.0968/HKD,HK,0968,HKD,XINYI SOLAR HOLDINGS LIMITED / HONG KONG DOLLAR,-5,e7fe428cfd1ad59fc28095c520b605d5846d260a001616f64edb0d052dde8143,1632
Equity.HK.0981/HKD,HK,0981,HKD,SEMICONDUCTOR MANUFACTURING INTL CO / HONG KONG DOLLAR,-5,155d8e7ffcc9c67eb227d4adbd153ba69cfef803eeb077c902f9095bf1afae64,1633
Equity.HK.0992/HKD,HK,0992,HKD,LENOVO GROUP / HONG KONG DOLLAR,-5,edee2a6a61d87da880ddcb04244cf1f6e78c3a8c80f7f35f1445e900439fb681,896
Equity.HK.1024/HKD,HK,1024,HKD,KUAISHOU TECHNOLOGY / HONG KONG DOLLAR,-5,6c1cfa413bf864a8887a74319e7e1c6df33656971f0393a5e7afac87d95b0839,1634
Equity.HK.1038/HKD,HK,1038,HKD,CKI HOLDINGS / HONG KONG DOLLAR,-5,d61292575b7bbf7c8e8c64be4b4b88e4a23b653265392c76a8a10ec8073d9c6a,897
Equity.HK.1044/HKD,HK,1044,HKD,HENGAN INT'L / HONG KONG DOLLAR,-5,ec026006000639cbac4a83bcbf6e236c0770979fd49fe6d72bb47debf72d1099,898
Equity.HK.1088/HKD,HK,1088,HKD,CHINA SHENHUA ENERGY COMPANY LTD / HONG KONG DOLLAR,-5,3d8e4858c117ac1d9a25aa3f852b3c5a8cb428fa8be25260c1cd91957c456e81,1635
Equity.HK.1093/HKD,HK,1093,HKD,CSPC PHARMA / HONG KONG DOLLAR,-5,701eda42f3c80db841fc613051f2e92c5703ccccccd73e53eaa6e73b82a9098a,899
Equity.HK.1099/HKD,HK,1099,HKD,SINOPHARM GROUP CO LTD / HONG KONG DOLLAR,-5,cabd766cfb33f046742796349f44c66e54bfd60d2a63f4367a58325e260f124d,1636
Equity.HK.1109/HKD,HK,1109,HKD,CHINA RES LAND / HONG KONG DOLLAR,-5,da8c958bc21eb6c80a56a144b47d8e17d4a2f587825f740d01fce88f52db9dd5,900
Equity.HK.1113/HKD,HK,1113,HKD,CK ASSET HOLDINGS LTD / HONG KONG DOLLAR,-5,5081eb0965c00c8252ed87cf9ba1738dd49fcc59acf45ee22e5218fee62d6de7,1637
Equity.HK.1177/HKD,HK,1177,HKD,SINO BIOPHARMACEUTICAL / HONG KONG DOLLAR,-5,4db4dcafd17670137daa7d56ce6808f1cf697dce9644b71436299dd2b8c59ccc,1638
Equity.HK.1209/HKD,HK,1209,HKD,CHINA RES MIXC / HONG KONG DOLLAR,-5,ce0aab65ecf9314d3952e4c053704861e33ec665b05746d0a0d4edd4c02f37cd,901
Equity.HK.1211/HKD,HK,1211,HKD,BYD ORD SHS H / HONG KONG DOLLAR,-5,491d2a4356b490d041a34730ad7fe54f7ed0483e6eb7a279feca7fe4b61fa4da,902
Equity.HK.1299/HKD,HK,1299,HKD,AIA GROUP LIMITED / HONG KONG DOLLAR,-5,3ceeb3d64434b959b6e0c5ab2632ec25001347ac6325851a25e210611e4b70e1,1639
Equity.HK.1378/HKD,HK,1378,HKD,CHINA HONGQIAO GROUP LTD / HONG KONG DOLLAR,-5,be87871e4bc002b1dc576b9642c43681317264af86ed507a6138d8b2f4a4fc10,1640
Equity.HK.1398/HKD,HK,1398,HKD,ICBC / HONG KONG DOLLAR,-5,aef44626f9307dab733b34f31e95cde3e461664aa06d46daf6c8548f376bb7fe,903
Equity.HK.1606/HKD,HK,1606,HKD,CDB FINANCIAL LEASING CO LTD / HONG KONG DOLLAR,-5,f5f7459ea44c65a9fa9c6fb62faf19a8053e3c86d63df3f0441692c6844c74fc,1933
Equity.HK.1810/HKD,HK,1810,HKD,XIAOMI-W / HONG KONG DOLLAR,-5,f4481e13c8640b78f48407c2db150f42a2e6861e173bb54ed50abe142d5cf62d,904
Equity.HK.1876/HKD,HK,1876,HKD,BUDWEISER BREWING COMPANY APAC LTD / HONG KONG DOLLAR,-5,d2a57755cd77a11ae2dc2c69aae02f4dff1143fad8761eb2ff72f308ab98d496,1641
Equity.HK.1928/HKD,HK,1928,HKD,SANDS CHINA LTD / HONG KONG DOLLAR,-5,a77bba9b27a363d88a132fb62ce903aff4fc888bb266e5f0d29aea0d13d9f2c9,1642
Equity.HK.1929/HKD,HK,1929,HKD,CHOW TAI FOOK JEWELLERY GROUP LTD / HONG KONG DOLLAR,-5,5f8b52ce2924e73ad7469a5a285fa20e26b306b34b8cf6d5ac7fa502a94d2702,1643
Equity.HK.1997/HKD,HK,1997,HKD,WHARF REAL ESTATE INVESTMENT CO LTD / HONG KONG DOLLAR,-5,3d8c4f6b0a8803577f22c358f8d6ff35c5218dd41889443ea87aaeb37739eba5,1644
Equity.HK.2015/HKD,HK,2015,HKD,LI AUTO INC / HONG KONG DOLLAR,-5,51d6595b72b9771f8b84e62cb5f6a97013776527af037ea6dd7a62c446ce5c56,905
Equity.HK.2020/HKD,HK,2020,HKD,ANTA SPORTS PRODUCTS LIMITED / HONG KONG DOLLAR,-5,fcc9259faab5496bd9a840e91dca556f456dd97a629310a686b5da19eb03095f,906
Equity.HK.2057/HKD,HK,2057,HKD,ZTO EXPRESS CAYMAN INC / HONG KONG DOLLAR,-5,86d7544952bd74ea3a09d5fb2dcd7e42b2a0ee0806dc171a4c51740c84067769,1934
Equity.HK.2269/HKD,HK,2269,HKD,WUXI BIOLOGICS CAYMAN INC / HONG KONG DOLLAR,-5,a79471b8128c37e8193306b255521d2c8b5d7b3dd76673aad38abb3c7e42c825,907
Equity.HK.2313/HKD,HK,2313,HKD,SHENZHOU INTERNATIONAL GROUP HLDGS / HONG KONG DOLLAR,-5,8c8f4a82e83c2965290df9cff704b924f15c5b64cb3ecd3b765d8c18e6e1bc5b,1645
Equity.HK.2318/HKD,HK,2318,HKD,PING AN INSURANCEGROUPCOOF CHINA / HONG KONG DOLLAR,-5,8a6a69373c72a42788524054762ce0a99cd4d0423449dd66a02386d329ccd1a5,1646
Equity.HK.2319/HKD,HK,2319,HKD,CHINA MENGNIU DAIRY COMPANY LIMITED / HONG KONG DOLLAR,-5,e91f9916ed39b71f95cf6ecfea5c64b4ea5d6500f914c76b92061c03ca9376f3,908
Equity.HK.2331/HKD,HK,2331,HKD,LI NING COMPANY LIMITED / HONG KONG DOLLAR,-5,a0f6917a0b53d31a33709c79237ea251ed4b3fcac27d9a65da225a7861bd87ff,909
Equity.HK.2359/HKD,HK,2359,HKD,WUXI APPTEC CO LTD / HONG KONG DOLLAR,-5,07b599b07053a1c37009eb2de3a9246ed32301c54ac6797ccfaacef923367ef1,1647
Equity.HK.2382/HKD,HK,2382,HKD,SUNNY OPTICAL TECHNOLOGY GROUP / HONG KONG DOLLAR,-5,197a2508fa860c35d51ac848057e21650f0794abde44eef16abbd967a06fc5bf,1648
Equity.HK.2388/HKD,HK,2388,HKD,BOC HONG KONGHLDGS LTD / HONG KONG DOLLAR,-5,671c6a66544bb62192c2c4d7e4534a8fd1e443fd0d46d16cd2bdd1b2253e18fe,1649
Equity.HK.2476/HKD,HK,2476,HKD,VICTORY GIANT TECHNO (HUIZHOU) CO LTD / HONG KONG DOLLAR,-5,,3359
Equity.HK.2513/HKD,HK,2513,HKD,KNOWLEDGE ATLAS TECHNOLOGY JSC LTD / HONG KONG DOLLAR,-5,,3258
Equity.HK.2628/HKD,HK,2628,HKD,CHINA LIFE INSURANCE COMPANY LIMITED / HONG KONG DOLLAR,-5,1acf9ce68f57d72a7c463a4127ea4bd9bdf5879c177062054b16918b6ec7df65,910
Equity.HK.2688/HKD,HK,2688,HKD,ENN ENERGY HOLDINGS LIMITED / HONG KONG DOLLAR,-5,612b8601b4023a6e8ad521db8b9b3a8755eda09b24d5c223a1d7574f7e86f713,911
Equity.HK.2823/HKD,HK,2823,HKD,ISHARES FTSE CHINA A50 ETF / HONG KONG DOLLAR,-5,a7829d8a4204b7cadef75695c0d76aef67b76392466a240af00dbb7d5f99217f,2997
Equity.HK.2899/HKD,HK,2899,HKD,ZIJIN MINING GROUP COLTD / HONG KONG DOLLAR,-5,6bf754da85dac27487d4ce580993e7bae608ef6f8fa071c5aa174f156147df83,1650
Equity.HK.3188/HKD,HK,3188,HKD,CHINAAMC CSI 300 INDEX ETF / HONG KONG DOLLAR,-5,24b89eaca342e7caca8c6d59ff754cfcd82af34ca852aec9a7993ee034c5b91c,2996
Equity.HK.3690/HKD,HK,3690,HKD,MEITUAN / HONG KONG DOLLAR,-5,319b800060fb51b527409057632a5d8d60fc84f59ea0892cb23d91a1fb8b25c4,912
Equity.HK.3692/HKD,HK,3692,HKD,HANSOH PHARMACEUTICAL GROUP CO LTD / HONG KONG DOLLAR,-5,5dee900ddc531c0bc0f0d16784551f56c0df574123b8210d515d097ea67ae98a,1651
Equity.HK.3968/HKD,HK,3968,HKD,CHINA MERCHANTS BANK CO LTD / HONG KONG DOLLAR,-5,f82b37f0940c7ed2a7c12fb9ab44fa840f0b71135e4bcd9a244378234ec4a4ee,1652
Equity.HK.3986/HKD,HK,3986,HKD,GIGADEVICE SEMICONDUCTOR INC / HONG KONG DOLLAR,-5,,3360
Equity.HK.3988/HKD,HK,3988,HKD,BANK OF CHINA LTD / HONG KONG DOLLAR,-5,ef2774aa8f403a885a88b4b26d2223a8e508279876b8ab8f81d6e1eda6ee8295,1653
Equity.HK.6618/HKD,HK,6618,HKD,JD HEALTH INTERNATIONAL INC / HONG KONG DOLLAR,-5,bdb48cfef204f1388ca8cddeb15b7f09fe4c8bbf47385600a873fbe510b61028,1654
Equity.HK.6690/HKD,HK,6690,HKD,HAIER SMART HOME CO LTD / HONG KONG DOLLAR,-5,1146c2a0a350b59854b5dfa9e9764654848b36936deeab01b521c296cadd2b62,913
Equity.HK.6809/HKD,HK,6809,HKD,MONTAGE TECHNOLOGY CO LTD / HONG KONG DOLLAR,-5,,3358
Equity.HK.6862/HKD,HK,6862,HKD,HAIDILAO INTL HLDG LTD / HONG KONG DOLLAR,-5,8e903923e626102f307fd407ac7c95969ff5bc6e72ef083c5515038dca77def5,1655
Equity.HK.7709/HKD,HK,7709,HKD,CSOP SK HYNIX DAILY 2X LEVERAGED PRODUCT / HONG KONG DOLLAR,-5,,3305
Equity.HK.7747/HKD,HK,7747,HKD,CSOP SAMSUNG ELECTRONICS DAILY 2X LEVERAGED PRODUCT / HONG KONG DOLLAR,-5,,3306
Equity.HK.9618/HKD,HK,9618,HKD,JDCOM INC / HONG KONG DOLLAR,-5,560cce1d2a2ab99b1d0cc828d970ba631598fe7d69b0998959b61a188b82c17b,914
Equity.HK.9633/HKD,HK,9633,HKD,NONGFU SPRING CO LTD / HONG KONG DOLLAR,-5,7ba7dce08b4c8a42335b12df281268b75b6180158ce3978c617f5bf3d400f2cc,915
Equity.HK.9660/HKD,HK,9660,HKD,HORIZON ROBOTICS / HONG KONG DOLLAR,-5,,3259
Equity.HK.9880/HKD,HK,9880,HKD,UBTECH ROBOTICS CORP LTD / HONG KONG DOLLAR,-5,,3260
Equity.HK.9888/HKD,HK,9888,HKD,BAIDU INC / HONG KONG DOLLAR,-5,0df0e9628ac319fd8b7f64e3529f35642d568173e1e42009740424408f7e36a8,916
Equity.HK.9901/HKD,HK,9901,HKD,NEW ORIENTAL ED & TECHNOLOGY GP INC / HONG KONG DOLLAR,-5,f38ac11a5dfa8759701fb7c3479ec866e144948dd9b3602a912d1753fc3cc17a,1656
Equity.HK.9961/HKD,HK,9961,HKD,TRIP COM GROUP LTD / HONG KONG DOLLAR,-5,6cd8876a9592b559eaca64041d2804d7f48b0ad820916806b7738b0c22a2e9f9,1657
Equity.HK.9988/HKD,HK,9988,HKD,ALIBABA GROUP HOLDING LIMITED / HONG KONG DOLLAR,-5,2920e88a90a1b49ee633abc4bc0c4b399f01764d51fcfae8b93da6d2aa0fcb58,917
Equity.HK.9992/HKD,HK,9992,HKD,POP MART INTL GROUP / HONG KONG DOLLAR,-5,984f446492ec7a3543d4ebe4a3783369708072088aebb82bce3f211ab4a09cdc,1935
Equity.HK.9999/HKD,HK,9999,HKD,NETEASE INC / HONG KONG DOLLAR,-5,088415ee575b594758152ed1142774e878d70ef9b5b2b9a41202fb7a4fbb0f3a,1658
Equity.HK.HKHF6/HKD,HK,HKHF6,HKD,DEPRECATED FEED - HKH F6 29 JANUARY 2026 / HONG KONG DOLLAR,-5,7ae937c05fa6253145b8fc494a88a1de0ea48bdce86466fd491e84000b4cb5fa,2919
Equity.HK.HKHG6/HKD,HK,HKHG6,HKD,DEPRECATED FEED - HKH G6 29 FEBRUARY 2026 / HONG KONG DOLLAR,-5,de41393d78804e2bd7c1c9c695eff06c7110600badf4ccca662363f37c2a0467,2920
Equity.HK.HKHH6/HKD,HK,HKHH6,HKD,DEPRECATED FEED - HKH H6 MARCH 2026 / HONG KONG DOLLAR,-5,539fa4855c858f0282b530cea381460085ea512978eb6ecc5ace8a7c51626280,2954
Equity.HK.HKHJ6/HKD,HK,HKHJ6,HKD,DEPRECATED FEED - HKH J6 APRIL 2026 / HONG KONG DOLLAR,-5,1db3cd0678b3544e54dad0fd8892cfc90c54f7753791ae55ea33821cbcb6b6d1,2955
Equity.HK.HKHZ5/HKD,HK,HKHZ5,HKD,DEPRECATED FEED - HKH Z5 30 DECEMBER 2025 / HONG KONG DOLLAR,-5,68cb4a22c5a4187efbe816033df2a6cc3b0e67af215fc0dd35b2b573646621b4,2918
Equity.IE.CSP1/GBP,IE,CSP1,GBP,ISHARES VII CORE S&P 500 ETF (ACC) / BRITISH POUND,-5,b2b6cb3dbbfabe4c37b99e11e3e068da037b5455bc58aac5924f2b96d5accf02,1659
Equity.IE.EUE/EUR,IE,EUE,EUR,ISHARES CORE EURO STOXX 50 UCITS ETF EUR / EURO,-5,dd08f0a40e21ce42178b25bdd9461a2beebccbaa2a781a6e02b323576c4072ab,918
Equity.IE.VUSA/CHF,IE,VUSA,CHF,VANGUARD FUNDS S&P 500 UCITS ETF USD DIS / SWISS FRANC,-5,f48024e7b8df89c416073b2a67c8a586ab0cb8409471a5daa52812ae48594772,1660
Equity.IE.VUSA/EUR,IE,VUSA,EUR,VANGUARD FUNDS S&P 500 UCITS ETF USD DIS / EURO,-5,9cecbb4f3744f4201aab46431e5587a931dfb6e02567f7c3d73f93b3c9fdeead,1661
Equity.IE.VUSA/GBP,IE,VUSA,GBP,VANGUARD FUNDS VANGUARD S&P 500 UCITS ETF / BRITISH POUND,-5,ccdeebc019c8cd28b81f47a03999f9e905e87cd9320c268908649e411be0bf2a,1662
Equity.IE.VUSD/USD,IE,VUSD,USD,VANGUARD FUNDS VANGUARD S&P 500 UCITS ETF / US DOLLAR,-5,d3d665a78af7009400ed7ee20a9dfbac60fd19ba6d30ab67ef1289cdc4635b13,1663
Equity.IN.NIFTYBEES/INR,IN,NIFTYBEES,INR,NIPPON INDIA ETF NIFTY 50 BEES / INDIAN RUPEE,-5,,3363
Equity.Index.AAPL/USD,Index,AAPL,USD,PYTH PRICE IN USD FOR AAPL 24/7,-5,,3191
Equity.Index.AMZN/USD,Index,AMZN,USD,PYTH PRICE IN USD FOR AMZN 24/7,-5,,3192
Equity.Index.COIN/USD,Index,COIN,USD,PYTH PRICE IN USD FOR COIN 24/7,-5,,3190
Equity.Index.CRCL/USD,Index,CRCL,USD,PYTH PRICE IN USD FOR CRCL 24/7,-5,,3186
Equity.Index.DRAM/USD,Index,DRAM,USD,PYTH PRICE IN USD FOR DRAM 24/7,-5,,3268
Equity.Index.EWY/USD,Index,EWY,USD,PYTH PRICE IN USD FOR EWY 24/7,-5,,3267
Equity.Index.GOOGL/USD,Index,GOOGL,USD,PYTH PRICE IN USD FOR GOOGL 24/7,-5,,3194
Equity.Index.HOOD/USD,Index,HOOD,USD,PYTH PRICE IN USD FOR HOOD 24/7,-5,,3189
Equity.Index.INTC/USD,Index,INTC,USD,PYTH PRICE IN USD FOR INTC 24/7,-5,,3261
Equity.Index.JP225/JPY,Index,JP225,JPY,PYTH PRICE IN JPY FOR JP225 24/7,-5,,3449
Equity.Index.KR200/KRW,Index,KR200,KRW,PYTH PRICE IN KRW FOR KR200 24/7,-5,,3448
Equity.Index.META/USD,Index,META,USD,PYTH PRICE IN USD FOR META 24/7,-5,,3262
Equity.Index.MSFT/USD,Index,MSFT,USD,PYTH PRICE IN USD FOR MSFT 24/7,-5,,3196
Equity.Index.MSTR/USD,Index,MSTR,USD,PYTH PRICE IN USD FOR MSTR 24/7,-5,,3187
Equity.Index.MU/USD,Index,MU,USD,PYTH PRICE IN USD FOR MU 24/7,-5,,3263
Equity.Index.NVDA/USD,Index,NVDA,USD,PYTH PRICE IN USD FOR NVDA 24/7,-5,,3188
Equity.Index.ORCL/USD,Index,ORCL,USD,PYTH PRICE IN USD FOR ORCL 24/7,-5,,3195
Equity.Index.PLTR/USD,Index,PLTR,USD,PYTH PRICE IN USD FOR PLTR 24/7,-5,,3193
Equity.Index.SNDK/USD,Index,SNDK,USD,PYTH PRICE IN USD FOR SNDK 24/7,-5,,3264
Equity.Index.SPCX/USD,Index,SPCX,USD,PYTH PRICE IN USD FOR SPCX 24/7,-5,,3316
Equity.Index.TSLA/USD,Index,TSLA,USD,PYTH PRICE IN USD FOR TSLA 24/7,-5,,3185
Equity.Index.US100/USD,Index,US100,USD,PYTH PRICE IN USD FOR US100 24/7,-5,,3291
Equity.Index.US30/USD,Index,US30,USD,PYTH PRICE IN USD FOR US30 24/7,-5,,3292
Equity.Index.US500/USD,Index,US500,USD,PYTH PRICE IN USD FOR US500 24/7,-5,,3290
Equity.JP.1305/JPY,JP,1305,JPY,DAIWA IFREEETF TOPIX (YEARLY DIV TYPE) / JAPANESE YEN,-5,296a14172d63e3a49376dec43593483d048eba72504d08c50de03977e22cbc38,1664
Equity.JP.1306/JPY,JP,1306,JPY,NOMURA NEXT FUNDS TOPIX ETF / JAPANESE YEN,-5,c133ee357791942e1002f0b09590a285c66bdf26ecb8e7103e819aa2e1dbd5d2,1665
Equity.JP.1308/JPY,JP,1308,JPY,NIKKO EXCHANGE TRADED INDEX TOPIX / JAPANESE YEN,-5,9a13e9f0b074e0c5cd78c9bc2375068b61d9e086f669fe150f0a8c0ae047153b,1666
Equity.JP.1320/JPY,JP,1320,JPY,DAIWA IFREEETF NIKKEI225 (YEARLY DIV TYPE) / JAPANESE YEN,-5,a711d77befd0fd9109f8d7605a45b44402959b953ae5dcd883614087a73d417b,1667
Equity.JP.1321-JP/JPY,JP,1321-JP,JPY,NEXT FUNDS NIKKEI 225 ETF / JAPANESE YEN,-5,,919
Equity.JP.1321/JPY,JP,1321,JPY,NOMURA NEXT FUNDS NIKKEI 225 ETF / JAPANESE YEN,-5,62454bd808fe2f611fa91a09749537ed9cee6023ac737461ae17ab54b184e44c,1668
Equity.JP.1330/JPY,JP,1330,JPY,NIKKO EXCHANGE TRADED INDEX FUND 225 / JAPANESE YEN,-5,775e348785da6800e0a3b0f7d893c50cd764478e55f2ddd4e9bc02081f23ad24,1669
Equity.JP.1332/JPY,JP,1332,JPY,NISSUI CORPORATION / JAPANESE YEN,-5,5d3e9b9a9bfc9429d7862b94768400bb10b8349d134725a16a450d133d5bf089,1936
Equity.JP.1605/JPY,JP,1605,JPY,INPEX CORPORATION / JAPANESE YEN,-5,122e5ab7dc55aeef614e394c4a7868130679059899a35b8f48b4a5638aa19acb,1937
Equity.JP.1721/JPY,JP,1721,JPY,COMSYS HOLDINGS CORP / JAPANESE YEN,-5,8368fd46956427525d67309c0580395d44d36a1e5dc4f529ca12da11a54ef32b,1938
Equity.JP.1801/JPY,JP,1801,JPY,TAISEI CORP / JAPANESE YEN,-5,b436a74ddfa3d7b8cd3f43c257d24b27da439a1ec60c113fa18b45cbdb5425de,1939
Equity.JP.1802/JPY,JP,1802,JPY,OBAYASHI CORP / JAPANESE YEN,-5,32675d74af6aac2e3398d7ab3abcbc0efd16b526ee6c2d3e4d1f4f79fd153a6c,1940
Equity.JP.1803/JPY,JP,1803,JPY,SHIMIZU CORP / JAPANESE YEN,-5,bb39043b7904d422202b3ff7f1cf1bc33f3b97a3b43e3b319759dafe2ab69fa4,1941
Equity.JP.1808/JPY,JP,1808,JPY,HASEKO CORPORATION / JAPANESE YEN,-5,2a0472dd3b862791e43a3f3fbbf1330e238e0701a15c1d14a10063a5ac95b5d2,1942
Equity.JP.1812/JPY,JP,1812,JPY,KAJIMA CORP / JAPANESE YEN,-5,0f81b74a23de357395a0155ff21aff3f07c65d222a7412eb32b76a005f856e18,1943
Equity.JP.1925/JPY,JP,1925,JPY,DAIWA HOUSE INDUSTRY CO / JAPANESE YEN,-5,9e2687e197834025650f3d0a308706eb14952bc804b052486afe9d098f50bf49,1944
Equity.JP.1928/JPY,JP,1928,JPY,SEKISUI HOUSE / JAPANESE YEN,-5,6cfa0e4debd4b28df9e90d50092c54a268452cb91a3a5dc0851d6a55ef971f3c,1945
Equity.JP.1963/JPY,JP,1963,JPY,JGC HOLDINGS CORPORATION / JAPANESE YEN,-5,3a0e71eabf1a2bd57ca9f32703e2f2a92059e737519b3ec5892098a427ec8be3,1946
Equity.JP.2002/JPY,JP,2002,JPY,NISSHIN SEIFUN GROUP INC / JAPANESE YEN,-5,163fd1f89cf9fd9ac0c06e7928c66751145903ca702795d41398b435b31899a4,1947
Equity.JP.2269/JPY,JP,2269,JPY,MEIJI HOLDINGS CO LTD / JAPANESE YEN,-5,ff09ca694c1bf379b06b556b9a7d2b2d96fd0f16f012e68056390c7db19816ec,1948
Equity.JP.2282/JPY,JP,2282,JPY,NH FOODS LTD / JAPANESE YEN,-5,fcce0a038c2ae73393c358c9b5eb2b458c3723de90b5279b3668fe362209339d,1949
Equity.JP.2413/JPY,JP,2413,JPY,M3 INC / JAPANESE YEN,-5,03259bdd8db7eed49482503408281de06c17c609947fec9dbc95775ad22d1300,1950
Equity.JP.2432/JPY,JP,2432,JPY,DENA CO LTD / JAPANESE YEN,-5,150b7743c4b735d6654cb765ce7d45251569625f74d32e670e89e8f1d0017409,1951
Equity.JP.2501/JPY,JP,2501,JPY,SAPPORO HOLDINGS LIMITED / JAPANESE YEN,-5,ee5c5494719472fe880d8ed351bf89eb72b415347bbd1c279ba697ff5d89032e,1952
Equity.JP.2502/JPY,JP,2502,JPY,ASAHI GROUP HLDGS / JAPANESE YEN,-5,6007d109ad675ff66169ae7508efe3c0bf6cbe8036164d06b737fc04f2fd24f3,1953
Equity.JP.2503/JPY,JP,2503,JPY,KIRIN HOLDINGS COMPANY LIMITED / JAPANESE YEN,-5,8df6f60445a5d6769fd28f099049ea00d4a40f379093ad4955041b2279434ab7,1954
Equity.JP.2768/JPY,JP,2768,JPY,SOJITZ CORPORATION / JAPANESE YEN,-5,0eee83c767b5c82645a6bb3b5da79df4845b4546dd1f6dd1e5f69ac5712e1945,1955
Equity.JP.2801/JPY,JP,2801,JPY,KIKKOMAN CORP / JAPANESE YEN,-5,6a24f8797609e645aa6a9763a0edb0d05ba049e59866aa03a415186dc7f5315d,1956
Equity.JP.2802/JPY,JP,2802,JPY,AJINOMOTO CO INC / JAPANESE YEN,-5,04d503017a3c604e90c29defcad264f907cfefe0212ec50dca82da8ac3cdb184,1957
Equity.JP.285A/JPY,JP,285A,JPY,KIOXIA HOLDINGS CORP / JAPANESE YEN,-5,,3337
Equity.JP.2871/JPY,JP,2871,JPY,NICHIREI CORP / JAPANESE YEN,-5,6a9afad93d11833d0a1d3ab486a42b77b40dca63e00a96e5b5d8d52b83571b43,1958
Equity.JP.2914/JPY,JP,2914,JPY,JAPAN TOBACCO INC / JAPANESE YEN,-5,e90c38fae3251c5e163ef46ca0a954b61f0d0f52cdfd293a59c951d0010d7ad2,1959
Equity.JP.3086/JPY,JP,3086,JPY,J FRONT RETAILING CO LTD / JAPANESE YEN,-5,f899ebe64d2670489812df943f19265f879d00cdd2762f4e20b7baf37ef77ef4,1960
Equity.JP.3092/JPY,JP,3092,JPY,ZOZO INC / JAPANESE YEN,-5,7afa3a341f30d25b0d3828f2be2476c4ff91c0c32591ae1c0a778f15178f4a06,1961
Equity.JP.3099/JPY,JP,3099,JPY,ISETAN MITSUKOSHI HOLDINGS LTD / JAPANESE YEN,-5,bcbb501142b2039c3c1667539e89a72e2a98190c84d8162b5ef6c803af20f8b3,1962
Equity.JP.3289/JPY,JP,3289,JPY,TOKYU FUDOSAN HOLDINGS CORPORATION / JAPANESE YEN,-5,71cf03bd7d7aebbbf237263b97844de634ab38a1fc14e4903c609e1319825795,1963
Equity.JP.3350/JPY,JP,3350,JPY,METAPLANET INC / JAPANESE YEN,-5,d08bfd9eb84ceb85124e63a4d1817ec3635a9f95361d3f489f25d04cc79a26a9,1964
Equity.JP.3382/JPY,JP,3382,JPY,SEVEN & I HOLDINGS CO LTD / JAPANESE YEN,-5,3c0d13cb9c8b9f9bc05c3b5335a9b2e5de451aadf4864b397fb47f6fadac9953,1965
Equity.JP.3401/JPY,JP,3401,JPY,TEIJIN LTD / JAPANESE YEN,-5,8fb80dce6642a0c5e499d00d346a71494be82f416b179ef3faf2609441dd4b43,1966
Equity.JP.3402/JPY,JP,3402,JPY,TORAY INDUSTRIES INC / JAPANESE YEN,-5,e47136e4600a8ff63cbb50ed85e7a11be1b32eeb6eb4e1a2a4a9742dcc64d37c,1967
Equity.JP.3405/JPY,JP,3405,JPY,KURARAY CO / JAPANESE YEN,-5,41707f5496274864e6beba9f0daf44f75a95988606ae4944cddcba1a7cfedc26,1968
Equity.JP.3407/JPY,JP,3407,JPY,ASAHI KASEI CORP / JAPANESE YEN,-5,f9cf9413f3c388355a3e34e6e5b3f762c89e8a00b6628569f74c2289a428dd6d,1969
Equity.JP.3436/JPY,JP,3436,JPY,SUMCO CORPORATION / JAPANESE YEN,-5,1115ca893318fdfe57bf241f4f195deb4fcc538130cc2dabd877ce6605011883,1970
Equity.JP.3659/JPY,JP,3659,JPY,NEXON CO LTD / JAPANESE YEN,-5,70c5c34940772fd3400ef62f3ab2e8aa06c14334dd74b8cab761ad0a1e538e61,1971
Equity.JP.3861/JPY,JP,3861,JPY,OJI HOLDINGS CORP / JAPANESE YEN,-5,a7dfbf1273fde65a4a0d32f367309ef113c66c1d0838213819e39489db0f9d66,1972
Equity.JP.4004/JPY,JP,4004,JPY,RESONAC HOLDINGS CORPORATION / JAPANESE YEN,-5,a53c267b4ee2a9d1662822909e6f7007e5ce2974facb6181c31b5c5a331fa76a,1973
Equity.JP.4005/JPY,JP,4005,JPY,SUMITOMO CHEMICAL COMPANY / JAPANESE YEN,-5,1fc731a56d53796daf719f1eaa65173cb390bc4f85edd37f5589b5107cd1064e,1974
Equity.JP.4021/JPY,JP,4021,JPY,NISSAN CHEMICAL CORPORATION / JAPANESE YEN,-5,ba59501e95d5f1383095f94ce0d82087707de591c9904b6dffbc2fc167cee79e,1975
Equity.JP.4042/JPY,JP,4042,JPY,TOSOH CORP / JAPANESE YEN,-5,d8b5542748fc145bc2ff84b09b6fc675e84b801bde54025923d57f0c8ba138ef,1976
Equity.JP.4043/JPY,JP,4043,JPY,TOKUYAMA CORP / JAPANESE YEN,-5,192f88b7e444d8468f4eddb5e6094e4d287fa74f98d2202614c0fac249acc436,1977
Equity.JP.4061/JPY,JP,4061,JPY,DENKA COMPANY LIMITED / JAPANESE YEN,-5,8073e4919eb8fe4adb8fb2d7720db2608d258c3d8a16a6943acad745918e8007,1978
Equity.JP.4062/JPY,JP,4062,JPY,IBIDEN CO LTD / JAPANESE YEN,-5,,3338
Equity.JP.4063/JPY,JP,4063,JPY,SHIN-ETSU CHEMICAL CO / JAPANESE YEN,-5,76801a2db0107f42d4c8b46b4dea16e59574ae7df48377364866f353c8510491,1979
Equity.JP.4151/JPY,JP,4151,JPY,KYOWA KIRIN CO LTD / JAPANESE YEN,-5,1bbf91790c2f58e400c4794925f1dde46e217048e03dbab9b9c24ea00627ca17,1980
Equity.JP.4183/JPY,JP,4183,JPY,MITSUI CHEMICALS INC / JAPANESE YEN,-5,1c6173846b80789f181fa67b0cd149f3103eef48e770bd3224516763974b379c,1981
Equity.JP.4188/JPY,JP,4188,JPY,MITSUBISHI CHEMICAL GROUP CORP / JAPANESE YEN,-5,12a308016d9f5056a90a1def7a7a9256d686f87b5b709346715da94c76dd175d,1982
Equity.JP.4208/JPY,JP,4208,JPY,UBE CORPORATION / JAPANESE YEN,-5,7c0b00407e719bf867b33edb594a9bba5e8d4482d4db3c78575fb33a61d5e0c5,1983
Equity.JP.4307/JPY,JP,4307,JPY,NOMURA RESEARCH INSTITUTE / JAPANESE YEN,-5,7e1f6c9981144f22f3dc90916272a5c33cbc52a8211ab2eb07953ab9ca0d458f,1984
Equity.JP.4324/JPY,JP,4324,JPY,DENTSU GROUP INC / JAPANESE YEN,-5,15b88f15dd1174a11ab9fb37ff8f737177986302602d75c62db5c93881dae63a,1985
Equity.JP.4385/JPY,JP,4385,JPY,MERCARI INC / JAPANESE YEN,-5,70cfb713a04c0e9d155491b8d9dae87dcf1a8ced03bbe089c19c4cc3b147964b,1986
Equity.JP.4452/JPY,JP,4452,JPY,KAO CORP / JAPANESE YEN,-5,01c1f4b14e3c72a315309126b2051b69d484f4564a611083008aa00da866f12a,1987
Equity.JP.4502/JPY,JP,4502,JPY,TAKEDA PHARMACEUTICAL CO LTD / JAPANESE YEN,-5,93a3ac3f90d1a8e3a83a90b6f9d1789a3bf1a413581d243d9c69f41cbd54d2e1,1988
Equity.JP.4503/JPY,JP,4503,JPY,ASTELLAS PHARMA / JAPANESE YEN,-5,04295259113c097c8b596f08274cced61a7b4869c87d3a6a35ccd6cbad09ffa3,1989
Equity.JP.4506/JPY,JP,4506,JPY,SUMITOMO PHARMA CO LTD / JAPANESE YEN,-5,7e72d7343d85063513bb1b6d4dc3dbbaae88ead9ada3795aaa7a9e3804e650dc,1990
Equity.JP.4507/JPY,JP,4507,JPY,SHIONOGI & CO / JAPANESE YEN,-5,be460c9ed4577b945ab18f8919cc99be6ea946fb1c9ed166aa499658b2b78733,1991
Equity.JP.4519/JPY,JP,4519,JPY,CHUGAI PHARMACEUTICAL CO / JAPANESE YEN,-5,9c1937e4f8bab76afe49b114963e7504d0adf24a2e7a64a8d05e05fbf9ff6f50,1992
Equity.JP.4523/JPY,JP,4523,JPY,EISAI CO LTD / JAPANESE YEN,-5,ee914f22ab97fe3f15bc7cd6e2a08864347918b504e0c10e92a913962d618e38,1993
Equity.JP.4543/JPY,JP,4543,JPY,TERUMO CORP / JAPANESE YEN,-5,e72b7a60778139ba60941bf44b3a2df757168603be976b39e2f455d6326ae440,1994
Equity.JP.4568/JPY,JP,4568,JPY,DAIICHI SANKYO COMPANY LIMITED / JAPANESE YEN,-5,2ff0d9ae0e67e5e12f137a9af4c1744046c6a8238c70ba2eb2639e4ac44dff9c,1995
Equity.JP.4578/JPY,JP,4578,JPY,OTSUKA HLDGS CO LTD / JAPANESE YEN,-5,257aae8db53e15b186938c5123be52e2b9e0586359eea2e6bf3d417b1590acce,1996
Equity.JP.4661/JPY,JP,4661,JPY,ORIENTAL LAND CO / JAPANESE YEN,-5,bb7dfe47ad388ab7042daa3904280137c131fb98d37ad43ad76319283660ef3d,1997
Equity.JP.4689/JPY,JP,4689,JPY,LY CORPORATION / JAPANESE YEN,-5,47ee711ce40b574f33bebd8b6cef7f56d961e5d593a5dfdfcd8a45bb56fbbfe1,1998
Equity.JP.4704/JPY,JP,4704,JPY,TREND MICRO INC / JAPANESE YEN,-5,e0091e703fb7a273fa5f28b77d001cde5b3fae70457148e57456fe4b4735daca,1999
Equity.JP.4751/JPY,JP,4751,JPY,CYBER AGENT / JAPANESE YEN,-5,19e96bf8bd6cd4dd2569c82396a577289189608ae22b432a92ed1740c8c52b99,2000
Equity.JP.4755/JPY,JP,4755,JPY,RAKUTEN GROUP INC / JAPANESE YEN,-5,c4e2159c76b334532eaf9527ad9484f338df47cb530aa4b81a74afb956550791,2001
Equity.JP.4901/JPY,JP,4901,JPY,FUJIFILM HOLDINGS CORPORATION / JAPANESE YEN,-5,5a9c467fbc6508cd581c56b7b64f9d8971346bf7d121fbb25dcabaf5b80ab588,2002
Equity.JP.4902/JPY,JP,4902,JPY,KONICA MINOLTA INC / JAPANESE YEN,-5,2be46155482b30d4b85659a0ac2c0c8a7b61bdc7facfdace697de26df3f9309f,2003
Equity.JP.4911/JPY,JP,4911,JPY,SHISEIDO COMPANY LIMITED / JAPANESE YEN,-5,e0ab35890c78af0490bfb54d0f4c3e4ce1d72e5af85fee8273cb04b3d19db9c7,2004
Equity.JP.5019/JPY,JP,5019,JPY,IDEMITSU KOSAN COLTD / JAPANESE YEN,-5,ac5e7645bbd75a27e8ac7e7b77694e6c0306a7f70096db290d24c5168fe55e50,2005
Equity.JP.5020/JPY,JP,5020,JPY,ENEOS HOLDINGS INC / JAPANESE YEN,-5,26ec6e84058de831c6e149a337c4ecf152fa8e1ce3f9291fdaad8695e48d13ff,2006
Equity.JP.5101/JPY,JP,5101,JPY,YOKOHAMA RUBBER CO / JAPANESE YEN,-5,b3c3d603ad7db556bd1a0e04766548d407a9f5d5340b0dbbfde7691b087a3472,2007
Equity.JP.5108/JPY,JP,5108,JPY,BRIDGESTONE CORP / JAPANESE YEN,-5,3d62c57781ffd439f1e50f175563dff64d344272b029061d7311e2ded52b0e76,2008
Equity.JP.5201/JPY,JP,5201,JPY,AGC INC / JAPANESE YEN,-5,aae30251356ebea0d558d4d4dfb99847daeb6605e21842064a53a5e2055f3863,2009
Equity.JP.5214/JPY,JP,5214,JPY,NIPPON ELECTRIC GLASS / JAPANESE YEN,-5,072f9190b57a0d7d6f0a1ffeacaf7c075f7eea4ffebb88c4757942f17ce439c5,2010
Equity.JP.5233/JPY,JP,5233,JPY,TAIHEIYO CEMENT CORP / JAPANESE YEN,-5,342b11e2d5caddf432a45970ee9284a428ba1fc05ebc356b703af459d6dcaa34,2011
Equity.JP.5301/JPY,JP,5301,JPY,TOKAI CARBON CO / JAPANESE YEN,-5,3a0cf4c69abacc83fd6d7f7da1595646bddb6232b059c82ef182a3ac85c3557e,2012
Equity.JP.5332/JPY,JP,5332,JPY,TOTO LTD / JAPANESE YEN,-5,7667043c65bbf911899b88d5433c3ed8a496feed6c924b247fcda4904fe794cb,2013
Equity.JP.5333/JPY,JP,5333,JPY,NGK INSULATORS / JAPANESE YEN,-5,6a5b195413104705ba598a1f31a578f2bf7fa22768eb85ccf79c50655652cfc8,2014
Equity.JP.5401/JPY,JP,5401,JPY,NIPPON STEEL CORPORATION / JAPANESE YEN,-5,74375fc02738fa50173c02f7ff5f9924bc93117dad7c91b6db08a1a0a054d870,2015
Equity.JP.5406/JPY,JP,5406,JPY,KOBE STEEL / JAPANESE YEN,-5,6d54fcb9b4942cfcb93ceb64fcc866959220e6aacfb130cecbf63b045264fd26,2016
Equity.JP.5411/JPY,JP,5411,JPY,JFE HOLDINGS INC / JAPANESE YEN,-5,1f2d8d1621fd6e73169fb43efb1c1c54217124c0d845b3d8474bee3e0c5c4a25,2017
Equity.JP.5631/JPY,JP,5631,JPY,JAPAN STEEL WORKS / JAPANESE YEN,-5,a0164ffbaaa32ddc2a7e7e36a3e93103ec91a27a5211565011a5c9268ab0a7fa,2018
Equity.JP.5706/JPY,JP,5706,JPY,MITSUI MINING & SMELTING CO / JAPANESE YEN,-5,9c7abd2e6bc29dc56b4c95802001ae628caf2e99b1efb674c703649c5aecb168,2019
Equity.JP.5711/JPY,JP,5711,JPY,MITSUBISHI MATERIALS CORP / JAPANESE YEN,-5,f179cbceba78a7bc852f11b0a255730aa0750c95cad1407b5f36d455486a13ee,2020
Equity.JP.5713/JPY,JP,5713,JPY,SUMITOMO METAL MINING CO / JAPANESE YEN,-5,bd5b3352d64424fb2a48080182d8f3b389778c31e2b631156cc8b32972d7d583,2021
Equity.JP.5714/JPY,JP,5714,JPY,DOWA HOLDINGS / JAPANESE YEN,-5,5af253694307f8484a52dc83dcea5f0849594fb58803f161871f816b93cc301f,2022
Equity.JP.5801/JPY,JP,5801,JPY,FURUKAWA ELECTRIC CO / JAPANESE YEN,-5,209dfe19bd6bc6e94b0df8a3fa41e5577e893a81aa922c540a8eca3c799885d4,2023
Equity.JP.5802/JPY,JP,5802,JPY,SUMITOMO ELECTRIC INDUSTRIES / JAPANESE YEN,-5,df9bc96f70bc01825ff2b6cfc8e8de066e198bfaac57b3ec18df328cae2e7e81,2024
Equity.JP.5803/JPY,JP,5803,JPY,FUJIKURA LTD / JAPANESE YEN,-5,578f15913d2feeb75978f60c684adbe6ab0d0d375b1821d93096b92175bf78e7,2025
Equity.JP.5831/JPY,JP,5831,JPY,SHIZUOKA FINANCIAL GROUP INC / JAPANESE YEN,-5,ef73b824a095ec32b63ce7b9b3af0e69c229d7d1472170165b47af40a3775592,2026
Equity.JP.6098/JPY,JP,6098,JPY,RECRUIT HOLDINGS CO LTD / JAPANESE YEN,-5,3e45f921833571b7b068f0d7b735ebd108b15e5daeda6c03d2b6c6f331971bff,2027
Equity.JP.6103/JPY,JP,6103,JPY,OKUMA CORPORATION / JAPANESE YEN,-5,b4f3cd662f0d438dfcc694bc4ab1b4af16461335bff7596d7ce9445d7aa17dac,2028
Equity.JP.6113/JPY,JP,6113,JPY,AMADA CO LTD / JAPANESE YEN,-5,c0513bd76127ffbd3c3e17678b89da1081f68a181f45d4599313d47b5d60b51a,2029
Equity.JP.6146/JPY,JP,6146,JPY,DISCO CORPORATION / JAPANESE YEN,-5,dd4e81fa91b0c0241bba8820a08f21a534250697fd45df97d85072cbac1dd584,2030
Equity.JP.6178/JPY,JP,6178,JPY,JAPAN POST HLDGS CO LTD / JAPANESE YEN,-5,fefeb4568f800505a30d94d993b4da44d4d6fff7ec24a83533495da4f2b48e2c,2031
Equity.JP.6273/JPY,JP,6273,JPY,SMC CORP / JAPANESE YEN,-5,2b15558960416fe4729569264c03522a94a03e380ab9a80a761be6f9609d73e3,2032
Equity.JP.6301/JPY,JP,6301,JPY,KOMATSU / JAPANESE YEN,-5,f0fba7a8dba7f278d2472869794a29ce44611ac93c74c61b2b241358aff5b6ce,2033
Equity.JP.6302/JPY,JP,6302,JPY,SUMITOMO HEAVY INDUSTRIES / JAPANESE YEN,-5,6f52bdfe71fc265a02d3aff8692b0fc022a4b3becd00c4f05f993ff48a2c46bb,2034
Equity.JP.6305/JPY,JP,6305,JPY,HITACHI CONSTRUCTION MACHINERY / JAPANESE YEN,-5,19b300f265caafb81ea548e732009e799afaeb43fb729f9b20ed5e09bf8977dd,2035
Equity.JP.6326/JPY,JP,6326,JPY,KUBOTA CORP / JAPANESE YEN,-5,9ab68eef94558975fe427a26fa40a65cac0ef8fe1e10a1309c8377a37bc0094b,2036
Equity.JP.6361/JPY,JP,6361,JPY,EBARA CORP / JAPANESE YEN,-5,01d763b670ca8edc4ea68eaa63a3e634e15fb9f2c5a11e3fee65f0daa3f51ab3,2037
Equity.JP.6367/JPY,JP,6367,JPY,DAIKIN INDUSTRIES / JAPANESE YEN,-5,7477b9d6a7e3d0e80048b80d0dcf05f6aeec8090c0d8e02e74556239b8e3b73c,2038
Equity.JP.6471/JPY,JP,6471,JPY,NSK / JAPANESE YEN,-5,9819ca3221c8ed02b7ab21251ec2369b74c202a82d56249740a61cf9d91776b9,2039
Equity.JP.6472/JPY,JP,6472,JPY,NTN CORP / JAPANESE YEN,-5,6f0f8d3e2cf653548e482ba05e8c34146c7d9379ec7b124d2173b43627f8e3e4,2040
Equity.JP.6473/JPY,JP,6473,JPY,JTEKT CORPORATION / JAPANESE YEN,-5,69c1209d3a1f43c02a81c610c122434e4c5f1a31f41fbcdfb1f84c39b38dcfc0,2041
Equity.JP.6479/JPY,JP,6479,JPY,MINEBEA MITSUMI INC / JAPANESE YEN,-5,97fce37565b01868575defa5bdc520795c46820525e05e2a442c8eb3fbf71526,2042
Equity.JP.6501/JPY,JP,6501,JPY,HITACHI / JAPANESE YEN,-5,21ad343dde35499a4ed28a671ff8117e8ca3ac4d70507d9f330bf42c65238e40,2043
Equity.JP.6503/JPY,JP,6503,JPY,MITSUBISHI ELECTRIC CORP / JAPANESE YEN,-5,2bd3a22bd5246d612f94179ea7c08bd076fcc8c64cdd9184354dee0e63bf81ce,2044
Equity.JP.6504/JPY,JP,6504,JPY,FUJI ELECTRIC CO LTD / JAPANESE YEN,-5,07c47a0a5706429ff4f78392d242793dd5ef902f533e581cecf52d4e77dd0df4,2045
Equity.JP.6506/JPY,JP,6506,JPY,YASKAWA ELECTRIC CORP / JAPANESE YEN,-5,ef044e23c46dc523d2d97ba8968420553af0bfb64bbb4687c436607d67e158d2,2046
Equity.JP.6526/JPY,JP,6526,JPY,SOCIONEXT INC / JAPANESE YEN,-5,46fff1ecbf80ef6e33ee09846033ad5977ee715cef6c9b6742d083894ae3223c,2047
Equity.JP.6532/JPY,JP,6532,JPY,BAYCURRENT INC / JAPANESE YEN,-5,54b2be56d2b691b1866d8d28886130ff6cb02162db2f6e453f938e052b50b091,2048
Equity.JP.6594/JPY,JP,6594,JPY,NIDEC CORPORATION / JAPANESE YEN,-5,795954f1103e7e0e37d40b3384afb8afab324c3ca1eb53def93b791918ff5bce,2049
Equity.JP.6645/JPY,JP,6645,JPY,OMRON CORP / JAPANESE YEN,-5,306740344da3af9d411f889eb68f04b25eb39aad8e3771b9c2947b9ff993e2e5,2050
Equity.JP.6674/JPY,JP,6674,JPY,GS YUASA CORP / JAPANESE YEN,-5,c95aee2012d6c7d0f29bd3bd70127bece561e2734ea9a15fa036b0e5792b7fad,2051
Equity.JP.6701/JPY,JP,6701,JPY,NEC CORP / JAPANESE YEN,-5,282836cf2e296095c7f20d569423beec13f934be05db83dfd307fcc339f351c0,2052
Equity.JP.6702/JPY,JP,6702,JPY,FUJITSU / JAPANESE YEN,-5,68e806c37c06c554b18598f204a1f97ec826750e8f7541e482c7c7895bfbc566,2053
Equity.JP.6723/JPY,JP,6723,JPY,RENESAS ELECTRONICS CORP / JAPANESE YEN,-5,8c242b1092457afd82c7426ef7b832ebd37406f4c52f49abdf3b36611b1f3dbc,2054
Equity.JP.6724/JPY,JP,6724,JPY,SEIKO EPSON CORP / JAPANESE YEN,-5,59fccea0896f4f51137a4427b573ab8b002cdc468724e1327ac827ffcfbfcc99,2055
Equity.JP.6752/JPY,JP,6752,JPY,PANASONIC HOLDINGS CORP / JAPANESE YEN,-5,688e97730cf9fda04ddfffd680167f8c2181fe270552b27318320a5463cbfa68,2056
Equity.JP.6753/JPY,JP,6753,JPY,SHARP CORP / JAPANESE YEN,-5,c024605e7c71c85c830600629cda4865a94588ff4d6cf063e0b58988bbb1a081,2057
Equity.JP.6758/JPY,JP,6758,JPY,SONY GROUP CORPORATION / JAPANESE YEN,-5,9516f9e32a5f8715afc0dafd3f81c5045d9838dd1ba56f66ec8e4e9073bfa0d4,2058
Equity.JP.6762/JPY,JP,6762,JPY,TDK CORP / JAPANESE YEN,-5,4bb2c468b4852a7b1d4af80353e3a07451075ffdb8715fea11d7f3a4694f1136,2059
Equity.JP.6770/JPY,JP,6770,JPY,ALPS ALPINE CO LTD / JAPANESE YEN,-5,f0add9287391ad128f2887add9f9802e432aa8ae58a2ec6d59f3ef64e502c4b8,2060
Equity.JP.6841/JPY,JP,6841,JPY,YOKOGAWA ELECTRIC CORP / JAPANESE YEN,-5,0a93dff71f0b996b77b56e82c3f0a32a84d139126ca219cd41d4f38b1ec4ea4d,2061
Equity.JP.6857/JPY,JP,6857,JPY,ADVANTEST CORP / JAPANESE YEN,-5,647408ce0414cbcc4952fc99317a70fc49dd85cd310be96f50e2c1ff35259652,2062
Equity.JP.6861/JPY,JP,6861,JPY,KEYENCE CORP / JAPANESE YEN,-5,acc21d4c4a14c7699d0aa1a84a02b8962fdcdc7522f7fbeb6923d5145235069d,2063
Equity.JP.6902/JPY,JP,6902,JPY,DENSO CORP / JAPANESE YEN,-5,65334bda4777195084989792d8816063d32d96fb9164564d7a31056e85b26898,2064
Equity.JP.6920/JPY,JP,6920,JPY,LASERTEC CORPORATION / JAPANESE YEN,-5,e6e93d16b9c4b8f2b401d27e0d7bf84be5fd7194c8a3987d229dfc546c13b325,2065
Equity.JP.6952/JPY,JP,6952,JPY,CASIO COMPUTER CO / JAPANESE YEN,-5,10c9d56a576abdf0162abeac1a4922df56b6ae711eeb02f51a16f171de858307,2066
Equity.JP.6954/JPY,JP,6954,JPY,FANUC CORPORATION / JAPANESE YEN,-5,953bb03af51907b07043de95de1295fe5aa8bb7530db70434acf4489f0c8be63,2067
Equity.JP.6963/JPY,JP,6963,JPY,ROHM CO LTD / JAPANESE YEN,-5,afbfc2cd5bbe791ee1a23fda77718335aa026b7a15599f0ec22045874ebc5965,2068
Equity.JP.6971/JPY,JP,6971,JPY,KYOCERA CORP / JAPANESE YEN,-5,c04f8927512ca403dbefc1fa581c52a493966d7eee924d4bad41bfd7fb832a34,2069
Equity.JP.6976/JPY,JP,6976,JPY,TAIYO YUDEN CO LTD / JAPANESE YEN,-5,5930dd672abfa92451b3ddc0c78d8ba4b34bf9f9844aaaaec9f4b9d5b3902086,2070
Equity.JP.6981/JPY,JP,6981,JPY,MURATA MANUFACTURING CO / JAPANESE YEN,-5,b1c83a8ccff0a1a79a174f94c58bc5a4932ad408ce4c2ac3137a02e5230021c1,2071
Equity.JP.6988/JPY,JP,6988,JPY,NITTO DENKO CORP / JAPANESE YEN,-5,07c1d8e7efd2318d857e6feccb77abd3b206b4ea17a80484f58acda7c6169de9,2072
Equity.JP.7004/JPY,JP,7004,JPY,KANADEVIA CORPORATION / JAPANESE YEN,-5,c63f12b2efab0de9bc9b8f28458eca14f73ccadb494e833b608807a4c6eaa794,2073
Equity.JP.7011/JPY,JP,7011,JPY,MITSUBISHI HEAVY INDUSTRIES LTD / JAPANESE YEN,-5,0284274de61d55ee2c4811bcd2f650d4452994c92083373fa7dbe6d5d68318eb,2074
Equity.JP.7012/JPY,JP,7012,JPY,KAWASAKI HEAVY INDUSTRIES / JAPANESE YEN,-5,d41463d6e31faa28aec9e299952ba1a0acececaabdf5ae8ccc05f53c8a5c9af4,2075
Equity.JP.7013/JPY,JP,7013,JPY,IHI CORPORATION / JAPANESE YEN,-5,1ee8d2d0ec862ea17678ee16b49c6c82f8a3cdce985f5d57711aa02401da1f74,2076
Equity.JP.7186/JPY,JP,7186,JPY,CONCORDIA FINANCIAL GROUP LTD / JAPANESE YEN,-5,fd986c5e3ab94ecca751f3281ee1f88a1118c21e664ae35c8a47d2da0838a096,2077
Equity.JP.7201/JPY,JP,7201,JPY,NISSAN MOTOR CO / JAPANESE YEN,-5,548b5b9277412b2b03ca17abea02313e7b7bd1ae40b5d8c9d42715119e17d647,2078
Equity.JP.7202/JPY,JP,7202,JPY,ISUZU MOTORS / JAPANESE YEN,-5,cb290dc195bb0ae1fcdf1b23e9e57bada79d38ee27b9b140ed634008c22bc34c,2079
Equity.JP.7203/JPY,JP,7203,JPY,TOYOTA MOTOR CORPORATION / JAPANESE YEN,-5,7909557e51732bff437c6a72c5ac1ae7d6fa521edbce767b26017072dd85e991,2080
Equity.JP.7205/JPY,JP,7205,JPY,HINO MOTORS / JAPANESE YEN,-5,46e8e7759ebd7b9ca9bfbb2ca2a6ab5bbd31f0c5b2a7576fe82c28c5030a7911,2081
Equity.JP.7211/JPY,JP,7211,JPY,MITSUBISHI MOTOR CORP / JAPANESE YEN,-5,8906ed56da3177e91d5e80124ce6e57ba541b34fbf3896498dee320d93ea25b8,2082
Equity.JP.7261/JPY,JP,7261,JPY,MAZDA MOTOR CORP / JAPANESE YEN,-5,0b160324cab37b77201868eb63c67772362dda35fc48874816f9fe745dda9078,2083
Equity.JP.7267/JPY,JP,7267,JPY,HONDA MOTOR CO / JAPANESE YEN,-5,5e8119d118301c69a6cbbf9e013c20a953506bd3834a8ad89a1382b2974bfce0,2084
Equity.JP.7269/JPY,JP,7269,JPY,SUZUKI MOTOR CORP / JAPANESE YEN,-5,051e0f95c6e6066f9c879ce7bc1a089dd80736b537ec082ad4154c235fc8b0b2,2085
Equity.JP.7270/JPY,JP,7270,JPY,SUBARU CORPORATION / JAPANESE YEN,-5,539df3aa7719001d8ce51a17c85ffbc14021fc413bc8dade6197b4a4fda10955,2086
Equity.JP.7272/JPY,JP,7272,JPY,YAMAHA MOTOR CO / JAPANESE YEN,-5,16d91298bedced5e5a02252e1536c6c589b1007ac06cb02b87f0209128cf6e4d,2087
Equity.JP.7453/JPY,JP,7453,JPY,RYOHIN KEIKAKU CO / JAPANESE YEN,-5,97864351f7b9c652ae45ce45a96d4c9475d5d531caebb11c35f86dac4b0cad08,2088
Equity.JP.7731/JPY,JP,7731,JPY,NIKON CORP / JAPANESE YEN,-5,0e52c4f0b0a56a11cb6ed4418fd34df93897af4ec935bf44eca1f71976ca8358,2089
Equity.JP.7733/JPY,JP,7733,JPY,OLYMPUS CORPORATION / JAPANESE YEN,-5,1146b35198d9d69ffdb4f8ca6677178bc0117a10edcef30de8a4fe3d53a43efb,2090
Equity.JP.7735/JPY,JP,7735,JPY,SCREEN HOLDINGS CO LTD / JAPANESE YEN,-5,86a5e41e666846c3740b0be974f7adebe90c4304d59ed7a192b5500ae0ce0b06,2091
Equity.JP.7741/JPY,JP,7741,JPY,HOYA CORP / JAPANESE YEN,-5,400d537589dc759c1daef0fa49dcad2f0cbecc354fa6e41cebaef17b1568db29,2092
Equity.JP.7751/JPY,JP,7751,JPY,CANON INC / JAPANESE YEN,-5,431c8109e07c49c09cd6b53a06eba03a2c73ee2140ee145a76759692e9ec31b1,2093
Equity.JP.7752/JPY,JP,7752,JPY,RICOH CO / JAPANESE YEN,-5,c97a7ee3768a4b3f25455a95effde1adcbfe7fc88107bd6352d4ee6f735da7dd,2094
Equity.JP.7762/JPY,JP,7762,JPY,CITIZEN WATCH CO LTD / JAPANESE YEN,-5,94011abd4faccd3df6176be8abab51b374c2cdaf8905d7d106afde6c69a3e2c9,2095
Equity.JP.7832/JPY,JP,7832,JPY,BANDAI NAMCO HOLDINGS INC / JAPANESE YEN,-5,4ed4281616dfaa0fb9d02423842b17c7313a832b4e84ede075c96806c4077648,2096
Equity.JP.7911/JPY,JP,7911,JPY,TOPPAN HOLDINGS INC / JAPANESE YEN,-5,7ff9e1cfb7175326d900c200b706fbfffb0aae7be21920d3d48a4a748f62d755,2097
Equity.JP.7912/JPY,JP,7912,JPY,DAI NIPPON PRINTING CO / JAPANESE YEN,-5,08e5bcc790876ce48f0b911385c15cc31768955e2700920e841c2ed6d197f2d6,2098
Equity.JP.7951/JPY,JP,7951,JPY,YAMAHA CORP / JAPANESE YEN,-5,84981567319029f78660d114bae42df7325ac30786e4dc47772d535ecfc1df30,2099
Equity.JP.7974/JPY,JP,7974,JPY,NINTENDO CO LTD / JAPANESE YEN,-5,671a121a8f83e67fb6bcd784136d086d25941fad095e85e7f62139e4a1e71730,2100
Equity.JP.8001/JPY,JP,8001,JPY,ITOCHU CORP / JAPANESE YEN,-5,5e11c0428b366963a5c2d22d090de0b9439c39694b7b82c843f049ea4b665039,2101
Equity.JP.8002/JPY,JP,8002,JPY,MARUBENI CORP / JAPANESE YEN,-5,5b5c4809385f0cf849e7c2a4eb32d7830ea7708d2fcfd93811dd9fef49372ee9,2102
Equity.JP.8015/JPY,JP,8015,JPY,TOYOTA TSUSHO CORP / JAPANESE YEN,-5,2902b4f29f297b43819acb28711cd8054dfa716aa1ed145e8423aa67408d5dcd,2103
Equity.JP.8031/JPY,JP,8031,JPY,MITSUI & CO / JAPANESE YEN,-5,f351f44cd7a22c3a023893a541a287dbf880e73d0089a42229ca0ce09ffe186f,2104
Equity.JP.8035/JPY,JP,8035,JPY,TOKYO ELECTRON / JAPANESE YEN,-5,1dcf3e46a48b9ca084f57b5345cc94aefcdf1b635e263224ef67aace457eef7b,2105
Equity.JP.8053/JPY,JP,8053,JPY,SUMITOMO CORP / JAPANESE YEN,-5,4a9fa0a484bb7839e8e5e5ac0ee215cb723992d3cc4736f68abfc6d434ab1d6e,2106
Equity.JP.8058/JPY,JP,8058,JPY,MITSUBISHI CORP / JAPANESE YEN,-5,0b26c5677fdfadf315a1e306ea49790a797886816d0f8a2c336fc7145cfaf308,2107
Equity.JP.8136/JPY,JP,8136,JPY,SANRIO COMPANY LTD / JAPANESE YEN,-5,d5c84df5c9179c9740e47b9a4c4a0045e80dfda735ab596958abcd9ea72dcf9a,2108
Equity.JP.8233/JPY,JP,8233,JPY,TAKASHIMAYA CO / JAPANESE YEN,-5,061e40b146a88776a7c22b98a23dfd5cd7383e17ee45e3b14d0c9e803b745d72,2109
Equity.JP.8252/JPY,JP,8252,JPY,MARUI GROUP CO LTD / JAPANESE YEN,-5,3f9032e5b17bce6a070abfe7d047fef4dda2a2998fbedc61868d0bd22ddf1ec8,2110
Equity.JP.8253/JPY,JP,8253,JPY,CREDIT SAISON CO / JAPANESE YEN,-5,eed90db1640c49b4043bc1249a69c7be84bc77a739782e156c4061d5c7c022d6,2111
Equity.JP.8267/JPY,JP,8267,JPY,AEON CO LTD / JAPANESE YEN,-5,0fca08871aeca420a9321f89fc1deb21cf704c48838fa49a10fa64498fbbdcf1,2112
Equity.JP.8304/JPY,JP,8304,JPY,AOZORA BANK / JAPANESE YEN,-5,ae63f8e813cbd410c3cd370ea945ba5ab57f53f739ef329378a06a073fc64a26,2113
Equity.JP.8306/JPY,JP,8306,JPY,MITSUBISHI UFJ FINANCIAL GROUP INC / JAPANESE YEN,-5,60cacb48961333acbce07ab761d3d1925306df8916c6470135c69f45de3a8885,2114
Equity.JP.8308/JPY,JP,8308,JPY,RESONA HOLDINGS / JAPANESE YEN,-5,eb21a074c86f457f0ed0c4ae0c3278afb1b00b0d582025123a9d13eb788595e4,2115
Equity.JP.8309/JPY,JP,8309,JPY,SUMITOMO MITSUI TRUST GP INC / JAPANESE YEN,-5,29bd8cd3577c5cc1ca4030fb037b00984d4a2fb3d9ecf35077a718aab16b4e18,2116
Equity.JP.8316/JPY,JP,8316,JPY,SUMITOMO MITSUI FINANCIAL GROUP INC / JAPANESE YEN,-5,a7c8181cf4be902eb4d0c0825e94115be3b716f3c66c58f0bbf09c384c432ace,2117
Equity.JP.8331/JPY,JP,8331,JPY,CHIBA BANK / JAPANESE YEN,-5,93163cfb2a5761dc4c7d4726c568688b1ae142849ff6f8d4dd7e004dee1a2e00,2118
Equity.JP.8354/JPY,JP,8354,JPY,FUKUOKA FINANCIAL GROUP INC / JAPANESE YEN,-5,66e871fb5c5895a2ef39f281fddb57e24e4ea2f8891fb87b6037a7652c0d5c42,2119
Equity.JP.8411/JPY,JP,8411,JPY,MIZUHO FINANCIAL GROUP / JAPANESE YEN,-5,8eb403ee57559d916ea5039d0d06eb2cd0e96d02649d023ec6436a232ddac4b4,2120
Equity.JP.8591/JPY,JP,8591,JPY,ORIX CORPORATION / JAPANESE YEN,-5,f29714210f130f56a4c8047aa5397244639a08f1e9c0864afeddc9cfc6024bca,2121
Equity.JP.8601/JPY,JP,8601,JPY,DAIWA SECURITIES GROUP / JAPANESE YEN,-5,4057d9380c94669ab9a1a8a726c5995160a8b86db4efdf3c90f2792a6cb8a890,2122
Equity.JP.8604/JPY,JP,8604,JPY,NOMURA HOLDINGS INC / JAPANESE YEN,-5,a622b261542754d0911b19c056f4b5454250a0645cbc130edcf0cb3a2a9b1e7c,2123
Equity.JP.8630/JPY,JP,8630,JPY,SOMPO HOLDINGS INC / JAPANESE YEN,-5,dd46d4af27ab159b99094f91f40a259fdc3c7de86001657d9ab31c3ad90baac7,2124
Equity.JP.8697/JPY,JP,8697,JPY,JAPAN EXCHANGE GROUP / JAPANESE YEN,-5,30709573128be74dbeeb7d04013b3c343384d1426ccc08cf784a424d35a85b25,2125
Equity.JP.8725/JPY,JP,8725,JPY,MS&AD INS GP HLDGS / JAPANESE YEN,-5,7f66a34c1fb906fa33290556c4cdcc8b196794f6eecfdf033ce2946426162932,2126
Equity.JP.8750/JPY,JP,8750,JPY,DAI-ICHI LIFE HOLDINGS INC / JAPANESE YEN,-5,78940d7d0c366915018ae7c11942a9e85f7fcd60de33142af3cb015501cb26d1,2127
Equity.JP.8766/JPY,JP,8766,JPY,TOKIO MARINE HOLDINGS INC / JAPANESE YEN,-5,4f51eac95423152089ed3a919107cf01132c9b06ac4f081a9376f6f4bcf83674,2128
Equity.JP.8795/JPY,JP,8795,JPY,T&D HOLDINGS INC / JAPANESE YEN,-5,17617f1d80aefe84ade7399ca3db31c48c5bf20ac62d4f897a3c88def454b3f1,2129
Equity.JP.8801/JPY,JP,8801,JPY,MITSUI FUDOSAN / JAPANESE YEN,-5,d7a28394622d4d938601fb39e26d658c4ced10e21676d068b05dff9af6f2b991,2130
Equity.JP.8802/JPY,JP,8802,JPY,MITSUBISHI ESTATE CO / JAPANESE YEN,-5,d3e5e44dd99d1ac76091dab8beaf65fcd1a8aeb22bf89e285288302d54e22b44,2131
Equity.JP.8804/JPY,JP,8804,JPY,TOKYO TATEMONO CO / JAPANESE YEN,-5,4d824ad5fbfc5032eceb277113c591d6a4799ff3bea09528715ecef21dc85a15,2132
Equity.JP.8830/JPY,JP,8830,JPY,SUMITOMO REALTY & DEVELOPMENT CO / JAPANESE YEN,-5,9c73dae23f5ab9323a573d171896d9ff359d2e31275d732f707d5c055ad34f85,2133
Equity.JP.9001/JPY,JP,9001,JPY,TOBU RAILWAY CO / JAPANESE YEN,-5,d17ef839c8df98ad36be27b4c74b183ad00b2997cb649d01b2d9dfd72500f818,2134
Equity.JP.9005/JPY,JP,9005,JPY,TOKYU CORP / JAPANESE YEN,-5,9a9a734f22497caed26b4ae5438dc8d954daf592e2d9cfe4d7c49c9f94fa611d,2135
Equity.JP.9007/JPY,JP,9007,JPY,ODAKYU ELECTRIC RAILWAY CO / JAPANESE YEN,-5,c5d197f9a87872998b30a271eb9094d66c1668fd5bb20889a50ed3cc07e74b96,2136
Equity.JP.9008/JPY,JP,9008,JPY,KEIO CORPORATION / JAPANESE YEN,-5,1ce3ea77ef5f79a8d0ff402fa5b7ac18268969707bd3a6bb3c6ad0cb422765af,2137
Equity.JP.9009/JPY,JP,9009,JPY,KEISEI ELECTRIC RAILWAY CO / JAPANESE YEN,-5,b12ff615c24c39fc08c4c38a9e684ae97f066ddc17e796e3e677f0de75538459,2138
Equity.JP.9020/JPY,JP,9020,JPY,EAST JAPAN RAILWAY CO / JAPANESE YEN,-5,e3368c251cc659291fa80672399bdefe0e806ee694a8b3640f3e9ee18d765a63,2139
Equity.JP.9021/JPY,JP,9021,JPY,WEST JAPAN RAILWAY CO / JAPANESE YEN,-5,e4f608ea639a4f5e34a8fb5652a3f816481978371a04040f0c2db8be5b6d6a2e,2140
Equity.JP.9022/JPY,JP,9022,JPY,CENTRAL JAPAN RAILWAY CO / JAPANESE YEN,-5,719f9dbca109e356690cfe78f87bdc1840c1a906a15d8923c9bd47a85aff693b,2141
Equity.JP.9064/JPY,JP,9064,JPY,YAMATO HOLDINGS CO LTD / JAPANESE YEN,-5,4dc04e160395acdfd3692278f3bda3f44d0d1c95ddcb8d789d10c80a81211325,2142
Equity.JP.9101/JPY,JP,9101,JPY,NIPPON YUSEN KABUSHIKI KAISHA / JAPANESE YEN,-5,1114b2e99d595c169802581cd1bf825dcd737b5217ffe2b003db6421c3b8d4d2,2143
Equity.JP.9104/JPY,JP,9104,JPY,MITSUI OSK LINES LTD / JAPANESE YEN,-5,da82e7067ce4b0838f03107e5189a7aa5aaab3c35ed253490ac38c9aaf236972,2144
Equity.JP.9107/JPY,JP,9107,JPY,KAWASAKI KISEN KAISHA / JAPANESE YEN,-5,aae1f5b2838cb49b2447eb074d45171e8fd69f76928e2f5d6a88c4e2c8dd6381,2145
Equity.JP.9147/JPY,JP,9147,JPY,NIPPON EXPRESS HLDGS INC / JAPANESE YEN,-5,6cd53676d796fef4fb354b183be8dc069c6396a9d79c0b8741a5fa0c77f79399,2146
Equity.JP.9201/JPY,JP,9201,JPY,JAPAN AIRLINES CO LTD / JAPANESE YEN,-5,d0a54deb29ead4f227a8e76edba7814849691d3b874d26193fb3acf24e093a87,2147
Equity.JP.9202/JPY,JP,9202,JPY,ANA HOLDINGS INC / JAPANESE YEN,-5,1fabbdd1b428e37ea525b20df480fc1e9706b7e6f572a82dd715ae2e08fccaba,2148
Equity.JP.9432/JPY,JP,9432,JPY,NTT INC / JAPANESE YEN,-5,20e075bae9b2385d223a6f50029f543ee7bf61f9e435674007c6039e4ec714ba,2149
Equity.JP.9433/JPY,JP,9433,JPY,KDDI CORPORATION / JAPANESE YEN,-5,a094cf05bfd2472dc9170e744b8d33797205aba3c188d84b3bbc311005be2747,2150
Equity.JP.9434/JPY,JP,9434,JPY,SOFTBANK CORP / JAPANESE YEN,-5,2bf6d003a800876acea333df0123f31c5c7d137801a5e18251d1ec8721b62560,2151
Equity.JP.9501/JPY,JP,9501,JPY,TOKYO ELEC POWER CO HLDGS INC / JAPANESE YEN,-5,7a8075c6313fc8c712c4ef2d776a8c966b7e3968d405b17d06c8a2d74d27544d,2152
Equity.JP.9502/JPY,JP,9502,JPY,CHUBU ELECTRIC POWER CO INC / JAPANESE YEN,-5,7c90a1bd719f2aa079a5dbbd9e4b57c248acbaa1e861bacf2eae76aba3b752eb,2153
Equity.JP.9503/JPY,JP,9503,JPY,KANSAI ELECTRIC POWER CO INC / JAPANESE YEN,-5,02aa0026973e59d94d53bfd36bf97004a06e21e7788f8efa8369a7c5d2eb7d6f,2154
Equity.JP.9531/JPY,JP,9531,JPY,TOKYO GAS CO / JAPANESE YEN,-5,97faaf335c865fd05eb4af62ef95b0ac4ab499781a3af9735e706b9023e5ab5e,2155
Equity.JP.9532/JPY,JP,9532,JPY,OSAKA GAS CO / JAPANESE YEN,-5,fffc6beb56f5b3bae7b82a1611ec2c3059cdfe3c9ae333871eac09026121b0e9,2156
Equity.JP.9602/JPY,JP,9602,JPY,TOHO CO LTD / JAPANESE YEN,-5,bab031da8ecc5fb2d7732c645f50e6649a7b0efc8094ddcb166a0dfbc6752a65,2157
Equity.JP.9735/JPY,JP,9735,JPY,SECOM CO / JAPANESE YEN,-5,c32997521ce307b9eb7deae941439429d0ecfeb04ff10f239bb2758afc2df4fb,2158
Equity.JP.9766/JPY,JP,9766,JPY,KONAMI GROUP CORPORATION / JAPANESE YEN,-5,db72ba7ccc360b102f83727c63c8292952fc937bae5757969adebe94db59e8a7,2159
Equity.JP.9843/JPY,JP,9843,JPY,NITORI HOLDINGS CO LTD / JAPANESE YEN,-5,c4944b800476ed99f9c181e92689bef8c6a7109fb2442a20d19642f0bf53b1de,2160
Equity.JP.9983/JPY,JP,9983,JPY,FAST RETAILING CO LTD / JAPANESE YEN,-5,a5f7c3ebcf2630dd81492b2122012d35120f5447c35fbb0640c8750cc5aa51f8,2161
Equity.JP.9984/JPY,JP,9984,JPY,SOFTBANK GROUP CORP / JAPANESE YEN,-5,07055494bc693ea7cc99f0f2c91d32d588d3af5caaa455d7575c4abe0d496a97,2162
Equity.KR.000100/KRW,KR,000100,KRW,YUHAN / SOUTH KOREAN WON,-5,8cf7e3962b6553fb0583f815e525aa02c816e55e08890548169377692be7f675,2163
Equity.KR.000150/KRW,KR,000150,KRW,DOOSAN / SOUTH KOREAN WON,-5,2fe105fe0c22e0db260e1b2c01d412f8c5719dc2d672570cc208abdabe890855,2164
Equity.KR.000270/KRW,KR,000270,KRW,KIA CORPORATION / SOUTH KOREAN WON,-5,b1b86b3ba0acc503a847cbca52bbf42af8df165c9a9060ba624445aaeceb2ab7,2165
Equity.KR.000660/KRW,KR,000660,KRW,SK HYNIX / SOUTH KOREAN WON,-5,189f0b6276a37a09fa9d4305525d074d753b30d83f1d748ae12330b9c86622c2,2166
Equity.KR.000720/KRW,KR,000720,KRW,HYUNDAI ENGINEERING & CONSTRUCTION / SOUTH KOREAN WON,-5,e8c3e0605e85b567435a87db2cab928b888ddd215acc659b0ce95ea3be11fc1a,2167
Equity.KR.000810/KRW,KR,000810,KRW,SAMSUNG FIRE & MARINE INSURANCE / SOUTH KOREAN WON,-5,b994b66e706fc62d7b853e92ba55c822241a66f3af8a8452813207393888bdbe,2168
Equity.KR.000880/KRW,KR,000880,KRW,HANWHA / SOUTH KOREAN WON,-5,56549ca76a16efc3267bea47388abb916c56e677a59edd305185eefa31f7cc72,2169
Equity.KR.001040/KRW,KR,001040,KRW,CJ CORP  / SOUTH KOREAN WON,-5,8bb3d08d73a151f49e4c4c5e6cae4c90dace77c2bac54378bfb7c98dd4858aef,2170
Equity.KR.003230/KRW,KR,003230,KRW,SAMYANG FOOD / SOUTH KOREAN WON,-5,eec8a56b088eee3f20c98c82f3838496c7edffff91641b10d0b14b314c71c685,2171
Equity.KR.003490/KRW,KR,003490,KRW,KOREAN AIRLINES / SOUTH KOREAN WON,-5,56ce460ed7a6c6d6806aff871786e4d55a208c36a40316e67075d67365ea7a12,2172
Equity.KR.003550/KRW,KR,003550,KRW,LG CORP  / SOUTH KOREAN WON,-5,595b1f205756f823c5606c0e2295d375ea51921cfe2dabd57257cd4dd7e31eb7,2173
Equity.KR.003670/KRW,KR,003670,KRW,POSCO FUTURE M / SOUTH KOREAN WON,-5,9b924c163d8886422296ceb02cb24bf3b43c18a1af359ce025689cbc3b8f2862,2174
Equity.KR.004020/KRW,KR,004020,KRW,HYUNDAI STEEL / SOUTH KOREAN WON,-5,5f9998ce20ac601054f56755e258605a1054488e0e0404b6614dfc57a48adc91,2175
Equity.KR.005380/KRW,KR,005380,KRW,HYUNDAI MOTOR / SOUTH KOREAN WON,-5,24ee596816f1bd1b141c3498e079d7ae7dc6ad1f864c79a08768bfd08a735092,2176
Equity.KR.005490/KRW,KR,005490,KRW,POSCO HOLDINGS INC  / SOUTH KOREAN WON,-5,e1469c5df9b47a2e090019e8c6f67325c94ac505a32ee768b53511bd281f21e6,2177
Equity.KR.005830/KRW,KR,005830,KRW,DB INSURANCE / SOUTH KOREAN WON,-5,397afb448ce37d8481b5bda07b4923b6424a6f95ceadae1ac498d96687b6ba91,2178
Equity.KR.005930/KRW,KR,005930,KRW,SAMSUNG ELECTRONICS / SOUTH KOREAN WON,-5,58082ed1358b8e7ce7c598f9bba441f9671dd7e6fa891b3f93fac8f9bc2f9865,2179
Equity.KR.005940/KRW,KR,005940,KRW,NH INVESTMENT & SECURITIES / SOUTH KOREAN WON,-5,3703d9af630958543ee7226eeebfbf112ced2ebeb5401448a4209e33e8b0b604,2180
Equity.KR.006260/KRW,KR,006260,KRW,LS / SOUTH KOREAN WON,-5,8e0c477920bf25af7d0245ebd70ddd63f58b44d2c4b444eaee4ee0281f3df038,2181
Equity.KR.006400/KRW,KR,006400,KRW,SAMSUNG SDI CO LTD  / SOUTH KOREAN WON,-5,c315a9beae70ac84d3278987c4422a740cd8d28427d01e119b49892083ad105d,2182
Equity.KR.006800/KRW,KR,006800,KRW,MIRAE ASSET SECURITIES / SOUTH KOREAN WON,-5,e3d85ed99184544b279f3b0da70601fa74162a541d0ea65aea96c730b56e8b23,2183
Equity.KR.007660/KRW,KR,007660,KRW,ISUPETASYS / SOUTH KOREAN WON,-5,d25fdb8d52820bcdde623b6d1441dfe6fda8a98b66bb23b3e7139455736b24f2,2184
Equity.KR.009150/KRW,KR,009150,KRW,SAMSUNG ELECTROMECHANICS / SOUTH KOREAN WON,-5,cad40ad24c0d3ba0f7bb62e9605aa2b7c51e11ab1e8e07a4ebd5b722d4f6101c,2185
Equity.KR.009540/KRW,KR,009540,KRW,HD KOREA SHIPBUILDING & OFFSHORE ENGINEERING / SOUTH KOREAN WON,-5,1fb1bdbb80c665feb1ba0ab8e97cef9805b7f614dcba6863e9ccf84f19e3ad05,2186
Equity.KR.009830/KRW,KR,009830,KRW,HANWHA SOLUTIONS / SOUTH KOREAN WON,-5,abee5f9ed48a472b70871cf20418fe33c96274f492db9ac891647b44f8912077,2187
Equity.KR.010120/KRW,KR,010120,KRW,LS ELECTRIC / SOUTH KOREAN WON,-5,edb9c5d8343d08e0e51e22e3b6979484b9513ed106cae59bc37149556c513f4a,2188
Equity.KR.010130/KRW,KR,010130,KRW,KOREA ZINC / SOUTH KOREAN WON,-5,7b1db5694bba34b19d2181c5ff8fa216f932474706ea0dee8a00069a0d6e6ef0,2189
Equity.KR.010140/KRW,KR,010140,KRW,SAMSUNG HEAVY INDUSTRIES / SOUTH KOREAN WON,-5,1bf3035ff79eed0f00a42100ea2d448868e898357fcfff654b54973d93ae2042,2190
Equity.KR.010620/KRW,KR,010620,KRW,HD HYUNDAI MIPO / SOUTH KOREAN WON,-5,5a8cf706b46b63822bcaa9f38178f750435e148b40c0ec04c83b05e51f27ef75,2191
Equity.KR.010950/KRW,KR,010950,KRW,S-OILCORPORATION / SOUTH KOREAN WON,-5,9e4861042419e4141f77fca7bf8a656b3325e13ed4d901b4bbe306ed722b8ab4,2192
Equity.KR.011200/KRW,KR,011200,KRW,HYUNDAI MERC MAR / SOUTH KOREAN WON,-5,eedf369deb761f27365fd17e8310ab2df2af074068d4f436d14382a02eff5d8a,2193
Equity.KR.012330/KRW,KR,012330,KRW,HYUNDAI MOBIS / SOUTH KOREAN WON,-5,f13d49c597099f3e5ea2f71a8da1b0cf5fefa08144c03df6a16f16e028e05aeb,2194
Equity.KR.012450/KRW,KR,012450,KRW,HANWHA AEROSPACE / SOUTH KOREAN WON,-5,b2ee28d2a40437db3b236ac8186a0bac7df038452d0c6e680b3ffad8a4ea4c9c,2195
Equity.KR.015760/KRW,KR,015760,KRW,KOREA ELECTRIC POWER / SOUTH KOREAN WON,-5,fd56608887f89e91fb00176e7b0eeb6eb1c048c9afc0d615709295c65e893d5d,2196
Equity.KR.016360/KRW,KR,016360,KRW,SAMSUNG SECURITIES / SOUTH KOREAN WON,-5,e9f09f1e719216e195544e24dbbbff2b973fb5478c9978afa1c399162d9c3632,2197
Equity.KR.017670/KRW,KR,017670,KRW,SK TELECOM / SOUTH KOREAN WON,-5,ec5dc29532c9f225923f7f69457af9b0e3d59723e7399822685e3029d8500dbc,2198
Equity.KR.018260/KRW,KR,018260,KRW,SAMSUNG SDS CO  LTD  / SOUTH KOREAN WON,-5,79aa84152b80a295952c841f1a5eb0337b8e1b94fb47e51907175bfb29e82402,2199
Equity.KR.021240/KRW,KR,021240,KRW,COWAY / SOUTH KOREAN WON,-5,275195d3277e14bd58df6944845ad25b9d24925d98fd2a5de4bbd82a5d86ac45,2200
Equity.KR.024110/KRW,KR,024110,KRW,INDUSTRIAL BANK OF KOREA / SOUTH KOREAN WON,-5,3f7797cd5c5f39759dd80a9e50c69fbd41da3aa2123c4c695c85783dbe6fbf88,2201
Equity.KR.028050/KRW,KR,028050,KRW,SAMSUNG E & A / SOUTH KOREAN WON,-5,0fc7d86f5ef6ca08c45698434a4e5d94977d361c122c81a2bf01ee554e52fa7e,2202
Equity.KR.028260/KRW,KR,028260,KRW,SAMSUNG C&T CORPORATION / SOUTH KOREAN WON,-5,8deddcd16a150f73c07fd8e221cc0558ae6ab270fb7c755c75eaeae375babddd,2203
Equity.KR.029780/KRW,KR,029780,KRW,SAMSUNG CARD CO  LTD  / SOUTH KOREAN WON,-5,2449a6fecaa7d09f7189293c7a3bc5b0cdf64505a51b31174f70766983f9bb54,2204
Equity.KR.030200/KRW,KR,030200,KRW,KT CORPORATION / SOUTH KOREAN WON,-5,c241fdb71d1c9b6d9560152ef5e55cfc829dceb761447d388d0eef02b56e9b3f,2205
Equity.KR.032640/KRW,KR,032640,KRW,LG UPLUS / SOUTH KOREAN WON,-5,33ee823ccf1e7a42a46beb3981135455ae63fd7eba3d163cb0187a12bce11fb7,2206
Equity.KR.032830/KRW,KR,032830,KRW,SAMSUNG LIFE INSURANCE / SOUTH KOREAN WON,-5,d895421296509fb0437e9f1bd97a54cd45e02ee90850ec1d571ba6038c4f2687,2207
Equity.KR.033780/KRW,KR,033780,KRW,KT&G CORPORATION / SOUTH KOREAN WON,-5,1eea81c47cb84b55068f8f20cb9e4d94c7a4e988b67de151a14294ad01ef79c2,2208
Equity.KR.034020/KRW,KR,034020,KRW,DOOSAN ENERBILITY / SOUTH KOREAN WON,-5,416610c69c2632f945e1e179d09b074c7d547b357490aa3b3f34befb702fe6b4,2209
Equity.KR.034220/KRW,KR,034220,KRW,LG DISPLAY / SOUTH KOREAN WON,-5,a95d9e49adfb8158009f41a115ce764f4f9cfec7f22a8fcbc05e199662dc962b,2210
Equity.KR.034730/KRW,KR,034730,KRW,SK / SOUTH KOREAN WON,-5,19be52c9619e7a37fc5f3456a6910a62d4b0e9100deb65449b1c5ed4b8350eb9,2211
Equity.KR.035250/KRW,KR,035250,KRW,KANGWON LAND INC  / SOUTH KOREAN WON,-5,d0532cba8fd00ea533863c5d3e6f5154fa928996323861bd26e3293141a4d474,2212
Equity.KR.035420/KRW,KR,035420,KRW,NAVER / SOUTH KOREAN WON,-5,24b692660b2d419d1f632fba44fd94ec3ff02a6c94b059f4da580d7383c2b486,2213
Equity.KR.035720/KRW,KR,035720,KRW,KAKAO / SOUTH KOREAN WON,-5,ee045c053ae51ed1e7ea63cca4a1ac5d0c27cfea0f663e4f3c8176a814764bc9,2214
Equity.KR.036570/KRW,KR,036570,KRW,NC SOFT CORPORATION / SOUTH KOREAN WON,-5,9852ed27fa92275e568c5bf6f248f632a4cb174537c87ee22a5d53b222f9b61f,2215
Equity.KR.039490/KRW,KR,039490,KRW,KIWOOM SECURITIES / SOUTH KOREAN WON,-5,e328971cb46ba37291cfcec4ec44f46030d817bb4181225115907cf2f1d55575,2216
Equity.KR.042660/KRW,KR,042660,KRW,HANWHA OCEAN / SOUTH KOREAN WON,-5,e5ea907c6d8c6e432ca5ac6df7d7a448a4fe2e6610ead99a8c0e20595c11efbb,2217
Equity.KR.042700/KRW,KR,042700,KRW,HANMI SEMICONDUCTOR CO  LTD  / SOUTH KOREAN WON,-5,bef7e23b216c76a964aafa2b4f156aa10b0b22b9bc86f1807c0d924392b1be16,2218
Equity.KR.047050/KRW,KR,047050,KRW,POSCO INTERNATIONAL / SOUTH KOREAN WON,-5,d5b48f11b0ac5728ef279c61b0ea5a2cd7acc7570a038eb39a5b221b922619ab,2219
Equity.KR.047810/KRW,KR,047810,KRW,KOREA AEROSPACE INDUSTRIES / SOUTH KOREAN WON,-5,5a6adda937aa507f81104d99f5c7d4abe1d21ac6e165d9a86bd443c4305ff502,2220
Equity.KR.051900/KRW,KR,051900,KRW,LG H&H / SOUTH KOREAN WON,-5,af85050f176afceb724af830645be327403cc9ad026939ba479bc3f4ad75b2c9,2221
Equity.KR.051910/KRW,KR,051910,KRW,LG CHEM LTD / SOUTH KOREAN WON,-5,f5825985d10068026b2490514024c9e0e6d7673aaaffaa23abe18f1ac2a0a4bd,2222
Equity.KR.055550/KRW,KR,055550,KRW,SHINHAN FINANCIAL GROUP CO  LTD  / SOUTH KOREAN WON,-5,b9c6684b26517029821d6712bc2b288586c4eea42402fa58169a6a11c3743ba4,2223
Equity.KR.064350/KRW,KR,064350,KRW,HYUNDAI ROTEM / SOUTH KOREAN WON,-5,1c9209f519147c221df2dc2394828f5d07196543d01d2bb783ac67b278a335cf,2224
Equity.KR.064400/KRW,KR,064400,KRW,LG CNS / SOUTH KOREAN WON,-5,fb0a20531eb07a352a129013b832e20903c47a0582c77d6e949b79ab07081e49,2225
Equity.KR.066570/KRW,KR,066570,KRW,LG ELECTRONICS INC  / SOUTH KOREAN WON,-5,f94293ebdba48e59d5e21fb276bd6d0e196e29e4ba62213a83ad32a6308c666d,2226
Equity.KR.068270/KRW,KR,068270,KRW,CELLTRION / SOUTH KOREAN WON,-5,93e81db6a38f46deedb831550b15b910247b1314f911c3db24c0d97bb2ce52db,2227
Equity.KR.069500/KRW,KR,069500,KRW,SAMSUNG KODEX 200 ETF / SOUTH KOREAN WON,-5,,3364
Equity.KR.071050/KRW,KR,071050,KRW,KOREA INVESTMENT HOLDINGS / SOUTH KOREAN WON,-5,b4ec3f1af97a831caad4872ec6316ee227308879595bbff3e076cc532944b15f,2228
Equity.KR.078930/KRW,KR,078930,KRW,GS HOLDINGS / SOUTH KOREAN WON,-5,7007af871980b9fec56310123fc69ea3da5b815db3be102c69463419991a6c48,2229
Equity.KR.079550/KRW,KR,079550,KRW,LIG NEX1 CO  LTD  / SOUTH KOREAN WON,-5,e9fac6d3bebd07dc6cc54257ace884bbedf44c990c5768db704a208d08c253ee,2230
Equity.KR.086280/KRW,KR,086280,KRW,HYUNDAI GLOVIS CO  LTD / SOUTH KOREAN WON,-5,120019c9a18e419a6a00a71448efa5ccf27eb4bd129392f487c2d6f4fc43513f,2231
Equity.KR.086790/KRW,KR,086790,KRW,HANA FINANCIAL GROUP INC  / SOUTH KOREAN WON,-5,e1deba593cfc0d9a86e005900736f7557825da17c9a828e07d1cd56f7f297cae,2232
Equity.KR.088980/KRW,KR,088980,KRW,MACQUARIE KOREA INFRASTRUCTURE FUND / SOUTH KOREAN WON,-5,6cb3fb72d973df2ce9c0253a174801851488e058595ff26f320e96f3f856ad0b,2233
Equity.KR.090430/KRW,KR,090430,KRW,AMOREPACIFIC CORPORATION / SOUTH KOREAN WON,-5,9c7989c3a422b8236767a4e7db6505a1d534bf859d8281eeab27787230373f87,2234
Equity.KR.096770/KRW,KR,096770,KRW,SK INNOVATION / SOUTH KOREAN WON,-5,4635fb9f39fb033f4da165cdfe347d097eb9c611eb403952ba58f799dbb6123a,2235
Equity.KR.097950/KRW,KR,097950,KRW,CJ CHEILJEDANG CORP / SOUTH KOREAN WON,-5,a9e8701f9793ea7c4ccb1fe54bf544b1d0b467b510f999ed3a78829e09b751f7,2236
Equity.KR.105560/KRW,KR,105560,KRW,KB FINANCIAL GROUP / SOUTH KOREAN WON,-5,f80561d3694b85a3fb4677521f8204308966c66bdd12b4897be512aa1a40e0c7,2237
Equity.KR.138040/KRW,KR,138040,KRW,MERITZ FINANCIAL GROUP / SOUTH KOREAN WON,-5,e9568f472bfa3005416d14a35d5fbdc640752e5020d0a99dfafce2edb5783d83,2238
Equity.KR.138930/KRW,KR,138930,KRW,BNK FINANCIAL GROUP INC  / SOUTH KOREAN WON,-5,41876502ca40a452063997adeceb075f7ce6e56f2f463d9d9bf78975ffd3e7e6,2239
Equity.KR.161390/KRW,KR,161390,KRW,HANKOOK TIRE & TECHNOLOGY / SOUTH KOREAN WON,-5,8439fe4b82c1688cc569842d64786d5225adb46dfa99e0827d5779ce042b80b7,2240
Equity.KR.175330/KRW,KR,175330,KRW,JB FINANCIAL GROUP CO  LTD  / SOUTH KOREAN WON,-5,f24b2f86097d361a6d61634bfbc348602b93ac82ce4a870508993375781e5391,2241
Equity.KR.180640/KRW,KR,180640,KRW,HANJINKAL / SOUTH KOREAN WON,-5,650b6c3c843f3ab09a65b8b21d8a716e0d2f98eaad1aa1ec3263f28e30fa7e64,2242
Equity.KR.207940/KRW,KR,207940,KRW,SAMSUNG BIOLOGICS / SOUTH KOREAN WON,-5,2d07bc4562ee7e079f01eef874858f4075b1db99461be987650e6c57611481cd,2243
Equity.KR.241560/KRW,KR,241560,KRW,DOOSAN BOBCAT / SOUTH KOREAN WON,-5,902c92e4323d9c6bdeb0c318e4d7495826010959e50dd29263fbf0da6d28f675,2244
Equity.KR.251270/KRW,KR,251270,KRW,NETMARBLE CORPORATION / SOUTH KOREAN WON,-5,ef2babaa6806e10f557082bfddf3d794422b23cb4e6ca8e5a34737d2145de6e6,2245
Equity.KR.259960/KRW,KR,259960,KRW,KRAFTON / SOUTH KOREAN WON,-5,fd65dff2657b6e2f7842135d9a46b19fcf556784ebe1129eb522a4b032d6c32d,2246
Equity.KR.267250/KRW,KR,267250,KRW,HD HYUNDAI / SOUTH KOREAN WON,-5,9b74e08055c0b6b10a7a3fa172c2932bef258dffd2028160780b01e8f4d00be0,2247
Equity.KR.267260/KRW,KR,267260,KRW,HD HYUNDAI ELECTRIC / SOUTH KOREAN WON,-5,63d51c1a599f7b7ad7f5ea8490718a801467f9e9ed63a305e82a4a4d362a161d,2248
Equity.KR.271560/KRW,KR,271560,KRW,ORION / SOUTH KOREAN WON,-5,1b534f7cd21d90dbdbe6ad32cacd0638a454c431c5fb6df7ff672d436e0a7455,2249
Equity.KR.272210/KRW,KR,272210,KRW,HANWHA SYSTEMS / SOUTH KOREAN WON,-5,665f54df22edf9b7a1523e17b4f3818356698be2ff144263c2f1fcb980616dbe,2250
Equity.KR.278470/KRW,KR,278470,KRW,APR / SOUTH KOREAN WON,-5,cfd6e834c59eff68160f9ba02659050a31bb03dc015d365c5f00c5686b06b39a,2251
Equity.KR.298040/KRW,KR,298040,KRW,HYOSUNG HEAVY INDUSTRIES / SOUTH KOREAN WON,-5,a68d31cd83155a7139662dcf3542170d799778e524fbb25a2841dfa4e1427727,2252
Equity.KR.307950/KRW,KR,307950,KRW,HYUNDAIAUTOEVER / SOUTH KOREAN WON,-5,ba13c5c38ce15067ffa501a122304977e03a9d6a77cef685041f5ef8fe2076a7,2253
Equity.KR.316140/KRW,KR,316140,KRW,WOORIFINANCIALGROUP / SOUTH KOREAN WON,-5,321a1e673bc9a4a9f529d5e2daad96c43f9e65a2e9dbd8559b05e0df0f2b2745,2254
Equity.KR.323410/KRW,KR,323410,KRW,KAKAOBANK CORP  / SOUTH KOREAN WON,-5,4856bc2c35c993b0275161927bc2c0b3bb86f6fec27d0b2b70ebb794521315c6,2255
Equity.KR.326030/KRW,KR,326030,KRW,SK BIOPHARMACEUTICALS / SOUTH KOREAN WON,-5,29d791d343bf0744b54b1c36a4814453f18e8fdd2ca032a9f2a142128a0c94bd,2256
Equity.KR.329180/KRW,KR,329180,KRW,HD HYUNDAI HEAVY INDUSTRIES / SOUTH KOREAN WON,-5,f9871bd54e01c6ab236a290f829d14c3791bb3340777e5975a2fdafde92406c9,2257
Equity.KR.352820/KRW,KR,352820,KRW,HYBE / SOUTH KOREAN WON,-5,fe9dc190a935c61b215171a202ffa506cab387ba76bbc6c60ba713d73730e78f,2258
Equity.KR.373220/KRW,KR,373220,KRW,LG ENERGY SOLUTION / SOUTH KOREAN WON,-5,1af3de0f3771a78aa553a36ae1d39d67e6f483c719266df167fde9c3d16f4a84,2259
Equity.KR.377300/KRW,KR,377300,KRW,KAKAOPAY / SOUTH KOREAN WON,-5,b4156c7538443143fddb98158c4f3b717f61ea81892cf2fc4a635cbca8f36081,2260
Equity.KR.402340/KRW,KR,402340,KRW,SKSQUARE / SOUTH KOREAN WON,-5,38897dddf8d037afcae61a5ed4a546924a3f717121158c45abf7b539f2bf9c13,2261
Equity.KR.443060/KRW,KR,443060,KRW,HD HYUNDAI MARINE SOLUTION CO  LTD / SOUTH KOREAN WON,-5,d6a137f78a305a5232fa462f302776612a81856d2b1e59611467a43b6a539912,2262
Equity.KR.KQH6/KRW,KR,KQH6,KRW,KSDQ 150 12 MARCH 2026 / SOUTH KOREAN WON,-5,,3002
Equity.KR.KQM6/KRW,KR,KQM6,KRW,KSDQ 150 11 JUNE 2026 / SOUTH KOREAN WON,-5,,3003
Equity.KR.KQU6/KRW,KR,KQU6,KRW,KSDQ 150 10 SEPTEMBER 2026 / SOUTH KOREAN WON,-5,,3004
Equity.KR.KSH6/KRW,KR,KSH6,KRW,KSPI 200 12 MARCH 2026 / SOUTH KOREAN WON,-5,,2993
Equity.KR.KSM6/KRW,KR,KSM6,KRW,KSPI 200 11 JUNE 2026 / SOUTH KOREAN WON,-5,,2994
Equity.KR.KSU6/KRW,KR,KSU6,KRW,KSPI 200 10 SEPTEMBER 2026 / SOUTH KOREAN WON,-5,,2995
Equity.LU.ERF/EUR,LU,ERF,EUR,EUROFINS SCIENT / EURO,-5,2d7f59647de2409151a60364d6f17224c6fba47f71be6fe7243bd41270f6d7c1,2263
Equity.LU.MT/EUR,LU,MT,EUR,ARCELORMITTAL SA / EURO,-5,4f374653aba252156110e96a3f4e072a388f918bcbe05a8b91eb0608ded8700b,2264
Equity.NL.AIR/EUR,NL,AIR,EUR,AIRBUS SE / EURO,-5,8325df67f89d76ca0e3b367475ddeca0e281fe0e44c9520d62571df66d75c57c,2265
Equity.NL.BCOIN/USD,NL,BCOIN,USD,JACOBI FT WILSHIRE BITCOIN ETF / US DOLLAR,-5,b9721b762f3cc58b68222092d35d540dd7418d9c4deea0c3fa6f14fb98ee7ed4,920
Equity.NL.QIA/EUR,NL,QIA,EUR,QIAGEN NV / EURO,-5,079a652113822c84c19c8e226d50dd02795ee90b20615e405057f350098a4a29,2266
Equity.NL.STLAP/EUR,NL,STLAP,EUR,STELLANTIS NV / EURO,-5,f5256d54617f33c2c87d954b6e1085a349959a2c81377bf1c00ad12508a64894,2267
Equity.NL.STMPA/EUR,NL,STMPA,EUR,STMICROELECTRONICS / EURO,-5,0d265e1482231945fac53bf7fc6418ce6e21d5f6bea8481bba483d42fbb6f01e,2268
Equity.US.1211-SR/USD,US,1211-SR,USD,MA'ADEN / US DOLLAR,-5,9375ffc7008b87c3fcf4b732d27ba8e91c7b147695ea1bfe22cd75e7e6fb246b,1670
Equity.US.A/USD,US,A,USD,AGILENT TECHNOLOGIES INC / US DOLLAR,-5,95924710b36b19bdf82353dc921cb512a89b8213eecddf362a5212677d72a54c,921
Equity.US.AA/USD,US,AA,USD,ALCOA CORP COM / US DOLLAR,-5,,3459
Equity.US.AAAU/USD,US,AAAU,USD,GOLDMAN SACHS PHYSICAL GOLD ETF,-5,4c2f64c1436b79bfd35345c41253947dfbbf5b84bb18abeeaead4c31c0f9570c,2702
Equity.US.AAL/USD,US,AAL,USD,AMERICAN AIRLINES GROUP INC / US DOLLAR,-5,d5399c95ddc3219ab8b03bd51ca81560bc92a648950bf964eef67bfd9783654a,2269
Equity.US.AAL/USD.EXT,US,AAL,USD,DEPRECATED FEED - AMERICAN AIRLINES GROUP INC / US DOLLAR - EXTENDED HOURS,-5,dd54aa94e354713f0e2292625b57fd7589e9aedcbcc7da9975bb983fc5eda236,2270
Equity.US.AAOI/USD,US,AAOI,USD,APPLIED OPTOELECTRONICS INC / US DOLLAR,-5,ff68be691d07c6513247fd4e93a6d52b31e0ef7e4899acc43e59cb5c95b3fa76,3287
Equity.US.AAPL/USD,US,AAPL,USD,APPLE INC / US DOLLAR,-5,49f6b65cb1de6b10eaf75e7c03ca029c306d0357e91b5311b175084a5ad55688,922
Equity.US.AAPL/USD.EXT,US,AAPL,USD,DEPRECATED FEED - APPLE INC / US DOLLAR - EXTENDED HOURS,-5,208ae3135dc9815834e2bbbcfe8825fa1f25209238958d6b31ff32ac0c75a83a,1671
Equity.US.AAPX/USD,US,AAPX,USD,T-REX 2X LONG APPLE DAILY TARGET ETF,-5,0aaebf7616ea5b63f5121d97b38a097f2c3499ddc002f03b3e483de20f52ddb0,2703
Equity.US.ABBV/USD,US,ABBV,USD,ABBVIE INC / US DOLLAR,-5,019ae7cb58ee716ebdd1288b057373d60224fc98a9a43ee373c6b0df1f3ffdf5,923
Equity.US.ABCL/USD,US,ABCL,USD,ABCELLERA BIOLOGICS INC / US DOLLAR,-5,,3299
Equity.US.ABNB/USD,US,ABNB,USD,AIRBNB INC / US DOLLAR,-5,ccab508da0999d36e1ac429391d67b3ac5abf1900978ea1a56dab6b1b932168e,924
Equity.US.ABT/USD,US,ABT,USD,ABBOTT LABORATORIES / US DOLLAR,-5,4aac40f432e039ab06236eb9bd3c58347f953d8f05b29aaac295b99cc47ee429,925
Equity.US.ACGL/USD,US,ACGL,USD,ARCH CAPITAL GROUP LTD / US DOLLAR,-5,01ccca2a0ba40cfa1e9ea3c81c5ebae0169e32c42603ed9c112e58769d187474,926
Equity.US.ACN/USD,US,ACN,USD,ACCENTURE PLC / US DOLLAR,-5,68848984b74a7766ad23cdccd8e78e9ef339dcfb86b7e96990f27447c20967ed,927
Equity.US.ACWI/USD,US,ACWI,USD,ISHARES MSCI ACWI ETF / US DOLLAR,-5,,3101
Equity.US.ACWX/USD,US,ACWX,USD,ISHARES MSCI ACWI EX U.S. ETF / US DOLLAR,-5,,3107
Equity.US.ADBE/USD,US,ADBE,USD,ADOBE INC / US DOLLAR,-5,df82dc88ea742bb42bdb845e5fc3ca4eef2354c67357d338221e8a696891b4ca,928
Equity.US.ADI/USD,US,ADI,USD,ANALOG DEVICES INC / US DOLLAR,-5,a388977cbd7b063e456a31267919d86395af058a7558e892dde3c6b38c6240bb,929
Equity.US.ADM/USD,US,ADM,USD,ARCHER-DANIELS-MIDLAND COMPANY / US DOLLAR,-5,0c4659250a9acd91536227c64e4d8dd65074ec21c3537ca554ea2aaeee00dd95,930
Equity.US.ADP/USD,US,ADP,USD,AUTOMATIC DATA PROCESSING INC / US DOLLAR,-5,147e4b877552f9832b87f04038b21da4a3054fd2ae654bed4cb92548bb33f4b4,931
Equity.US.ADSK/USD,US,ADSK,USD,AUTODESK INC / US DOLLAR,-5,3d3b04f0e32bd28246e6fd6d0e863e621827a6da9e979e7a7df5516aa28e9591,932
Equity.US.AEE/USD,US,AEE,USD,AMEREN CORPORATION / US DOLLAR,-5,3ba9d201026abdc250a275d59f722abeef1bdcdc7364fedbaecef61c7da788b9,933
Equity.US.AEHR/USD,US,AEHR,USD,AEHR TEST SYSTEMS / US DOLLAR,-5,aa27f6a84dd364fd2956e350b12f4d698b57793f9a1d7ab5e8b575b3cfa50d8d,3285
Equity.US.AEM/USD,US,AEM,USD,AGNICO EAGLE MINES / US DOLLAR,-5,b8c2409078c3ff289b21835cd62cdc24233f430395397004874aff6265e8baa4,1672
Equity.US.AEP/USD,US,AEP,USD,AMERICAN ELECTRIC POWER COMPANY INC / US DOLLAR,-5,ef333b80d26fb3630c870da74de7a52b4c5f40ead3cfd841a9d0fa6bb4186b5b,934
Equity.US.AES/USD,US,AES,USD,THE AES CORPORATION / US DOLLAR,-5,c336f7bf37b7379ebaa84a51e5002560dfe0d341c516c05c50a80fc836e2ac32,935
Equity.US.AFL/USD,US,AFL,USD,AFLAC INCORPORATED / US DOLLAR,-5,f8b4d7aa681488438f9e51351567f3977480736923a4b75d326625f36f025836,936
Equity.US.AFRM/USD,US,AFRM,USD,AFFIRM HOLDINGS INC,-5,137b11f6e570f46d5cbcf1ebe05ba1bbc677d419ba6eefb5e7f0786c11adae06,2704
Equity.US.AGG/USD,US,AGG,USD,ISHARES CORE US AGGREGATE BOND ETF / US DOLLAR,-5,66e2456d8f7fae8b1421538b10c868b89a6e23b727f290ac062cc6809c96ea9a,1673
Equity.US.AGRI/USD,US,AGRI,USD,AGRIFORCE GROWING SYSTEMS LTD / US DOLLAR,-5,e57b036dbc5ff804219bebc4f949b9da316d93fb2a03b6332f51777d19b6c68a,2407
Equity.US.AGRO/USD,US,AGRO,USD,ADECOAGRO SA / US DOLLAR,-5,,3224
Equity.US.AI/USD,US,AI,USD,C3.AI INC / US DOLLAR,-5,afb12c5ccf50495c7a7b04447410d7feb4b3218a663ecbd96aa82e676d3c4f1e,937
Equity.US.AIG/USD,US,AIG,USD,AMERICAN INTERNATIONAL GROUP INC / US DOLLAR,-5,9140533c3a5bd8c00b087c2d6e3b396f2767910484e61349a643f2e32a69f753,938
Equity.US.AIQ/USD,US,AIQ,USD,GLOBAL X AI & TECHNOLOGY ETF / US DOLLAR,-5,0e55d7b951e87860cf6188aea1626dc8dafb0d37ab716f815677bd5188d3a5b7,2929
Equity.US.AIZ/USD,US,AIZ,USD,ASSURANT INC / US DOLLAR,-5,0807c53eeceb8d3cb15096905d94839971f34cb2cffcda0358c0a8294cfa72ff,939
Equity.US.AJG/USD,US,AJG,USD,ARTHUR J GALLAGHER & CO / US DOLLAR,-5,e26394da01c493bf0606d33395ad72c97a9d0e0cd68b31ace8832c6451a1f5ff,940
Equity.US.AKAM/USD,US,AKAM,USD,AKAMAI TECHNOLOGIES INC / US DOLLAR,-5,acaab0049c5381f27cec309af76efc0d6f375922183d2df23a20768780ee652d,941
Equity.US.ALAB/USD,US,ALAB,USD,ASTERA LABS INC,-5,a2c896238e03d8126369b445ed0157a9cfaccf095510a68b9100beb8885c0e47,2705
Equity.US.ALB/USD,US,ALB,USD,ALBEMARLE CORPORATION / US DOLLAR,-5,4db91e379e36addcdb1cc75dcb03022bd95d5d95148c41d268348d12cbd27c18,942
Equity.US.ALGEF/USD,US,ALGEF,USD,ALLIGATOR ENERGY LTD / US DOLLAR,-5,,3295
Equity.US.ALGN/USD,US,ALGN,USD,ALIGN TECHNOLOGY INC / US DOLLAR,-5,973f5dc5c6c960f20c98c0d14d76c050fdf31b393059ca724fbfd746aa5b44dc,943
Equity.US.ALL/USD,US,ALL,USD,THE ALLSTATE CORPORATION / US DOLLAR,-5,e99bb427a3e84a107c6e3108cd81608bfb1c54bba024374cae15da93da756c02,944
Equity.US.ALLE/USD,US,ALLE,USD,ALLEGION PLC / US DOLLAR,-5,f063ce6db3f3c237f248e51fe80cc4910fef79a8f0f3fc056b0d5b6a2bd450ba,945
Equity.US.ALLY/USD,US,ALLY,USD,ALLY FINL INC COM / US DOLLAR,-5,,3460
Equity.US.ALNY/USD,US,ALNY,USD,ALNYLAM PHARMACEUTICALS INC / US DOLLAR,-5,,3227
Equity.US.AMAT/USD,US,AMAT,USD,APPLIED MATERIALS INC / US DOLLAR,-5,b9bc74cc1243b706efacf664ed206d08ab1dda79e8b87752c7c44b3bdf1b9e08,946
Equity.US.AMBA/USD,US,AMBA,USD,AMBARELLA INC / US DOLLAR,-5,,3298
Equity.US.AMC/USD,US,AMC,USD,AMC ENTERTAINMENT HOLDINGS INC / US DOLLAR,-5,5b1703d7eb9dc8662a61556a2ca2f9861747c3fc803e01ba5a8ce35cb50a13a1,947
Equity.US.AMCR/USD,US,AMCR,USD,AMCOR PLC / US DOLLAR,-5,ca8c4a0ace217ae153dbdcaf27d9f5e29a8ddfe4385979c4b364db9588a65cd0,948
Equity.US.AMD/USD,US,AMD,USD,ADVANCED MICRO DEVICES INC / US DOLLAR,-5,3622e381dbca2efd1859253763b1adc63f7f9abb8e76da1aa8e638a57ccde93e,949
Equity.US.AMD/USD.EXT,US,AMD,USD,DEPRECATED FEED - ADVANCED MICRO DEVICES INC / US DOLLAR - EXTENDED HOURS,-5,24e9852dbca406e43c7a76dd1414f7db1284bd1240354b589879c7461a7410f9,1674
Equity.US.AME/USD,US,AME,USD,AMETEK INC / US DOLLAR,-5,79adceba85771f08b71af57b027e0cf98a040738bca2a70ed3f89736a718f77c,950
Equity.US.AMGN/USD,US,AMGN,USD,"AMGEN, INC. / US DOLLAR",-5,10946973bfcc936b423d52ee2c5a538d96427626fe6d1a7dae14b1c401d1e794,951
Equity.US.AMP/USD,US,AMP,USD,AMERIPRISE FINANCIAL INC / US DOLLAR,-5,a63586143073186f23c7f8439ab75b558b9be60f37f395feae47d4329f509ee2,952
Equity.US.AMPG/USD,US,AMPG,USD,AMPLITECH GROUP INC / US DOLLAR,-5,,3315
Equity.US.AMT/USD,US,AMT,USD,AMERICAN TOWER CORPORATION / US DOLLAR,-5,8a80397a6e962b6e260d620e3c68d08ab94bdc82fd27d2c506d41b8a52280364,953
Equity.US.AMZN/USD,US,AMZN,USD,"AMAZON.COM, INC. / US DOLLAR",-5,b5d0e0fa58a1f8b81498ae670ce93c872d14434b72c364885d4fa1b257cbb07a,954
Equity.US.AMZN/USD.EXT,US,AMZN,USD,"DEPRECATED FEED - AMAZON.COM, INC. / US DOLLAR - EXTENDED HOURS",-5,91a4039b35c137f1af5e048910c7c535d6faa9bc3084d9f62d395b9f75a22001,1675
Equity.US.ANET/USD,US,ANET,USD,ARISTA NETWORKS INC / US DOLLAR,-5,31cc7558642dc348a3e2894146a998031438de8ccc56b7af2171bcd5e5d83eda,955
Equity.US.ANSS/USD,US,ANSS,USD,ANSYS INC / US DOLLAR,-5,052e079ee2b39cbe89698781ce80a8cd725e64418d2fa83f3a4934e185571ebb,956
Equity.US.AON/USD,US,AON,USD,AON PLC / US DOLLAR,-5,7b1525d880bf2d40d273c738036f3806bf9b0aef6688e16b246d7e37ec2923ed,957
Equity.US.AOS/USD,US,AOS,USD,A O SMITH CORPORATION / US DOLLAR,-5,7d981711db3d6a0b628823af5f51d8b94837b452aac6ed7da13fdbc227f6d9a8,958
Equity.US.APA/USD,US,APA,USD,APA CORPORATION / US DOLLAR,-5,bb118ccad2f8d1df2d4f173abacaed772b8443abfcf6eacee1207a5e5d9c105c,959
Equity.US.APD/USD,US,APD,USD,AIR PRODUCTS AND CHEMICALS INC / US DOLLAR,-5,3a4d69933f6e8e251a730e1d04ae7fdd53a2b20a1d111bbccf263209375646a0,960
Equity.US.APH/USD,US,APH,USD,AMPHENOL CORPORATION / US DOLLAR,-5,d0723436221cd8ca5f2f11c38920271d77950e7ed0cec1a764459b465cb88651,961
Equity.US.APLD/USD,US,APLD,USD,APPLIED DIGITAL CORP,-5,7fc1e64946aff450748e8f60644d052ae787e5708dc48c6c73c546ee94218cc3,2706
Equity.US.APLX/USD,US,APLX,USD,TRADR 2X LONG APLD DAILY ETF,-5,dbec5dc635ad506f5e1d82a8453391f1c95c2cfa6a7397c4f599adfb16495a3f,2707
Equity.US.APO/USD,US,APO,USD,APOLLO GLOBAL MANAGEMENT INC / US DOLLAR,-5,40176a5dd12a53bb1f31e848c9363863dd6f8e755f35ef56d2182fc7f1d03853,962
Equity.US.APP/USD,US,APP,USD,APPLOVIN CORPORATION / US DOLLAR,-5,54f128939505878cf4412abc5a533255ce07e85833849170deb67deff0533aa7,963
Equity.US.APTV/USD,US,APTV,USD,APTIV PLC / US DOLLAR,-5,169b68eb05ce4bac2eac0a70b7eafd1abf78bd5d8c6f769e1668bf011308e4e8,964
Equity.US.ARCC/USD,US,ARCC,USD,ARES CAPITAL CORP COM / US DOLLAR,-5,,3461
Equity.US.ARE/USD,US,ARE,USD,ALEXANDRIA REAL ESTATE EQUITIES INC / US DOLLAR,-5,59463a118f866f6061a89a9c3456f7c5824b74f5a55de944cb1e81a8a46b1827,965
Equity.US.ARES/USD,US,ARES,USD,ARES MANAGEMENT CORPORATION CL A COM STK / US DOLLAR,-5,,3462
Equity.US.ARGX/USD,US,ARGX,USD,ARGENX SE ADR / US DOLLAR,-5,,3222
Equity.US.ARKB/USD,US,ARKB,USD,ARK 21SHARES BITCOIN ETF / US DOLLAR,-5,8f1c7775f51f7b7990953ad43c336778b8aa1bc3be8d8c1db68a020e078e8a2c,966
Equity.US.ARKF/USD,US,ARKF,USD,ARK FINTECH INNOVATION ETF,-5,60a2f5372a890ea26f1564b01378944d22b322490a060ad4060a94040e725c30,2708
Equity.US.ARKG/USD,US,ARKG,USD,ARK GENOMIC REVOLUTION UCITS ETF USD ACC ETF,-5,2acb17e433f5d7b90a66c4e3cbcfa37795bead4f7616fb80ff40bcd9b20f2fac,2709
Equity.US.ARKK/USD,US,ARKK,USD,ARK INNOVATION ETF / US DOLLAR,-5,b2fe0af6c828efefda3ffda664f919825a535aa28a0f19fc238945c7aff540b1,967
Equity.US.ARKQ/USD,US,ARKQ,USD,ARK AUTONOMOUS TECHNOLOGY & ROBOTICS ETF,-5,954577a53bf2074e6b0fb124f0aac1c331de1cb6af075ca3768374a456948e95,2710
Equity.US.ARKW/USD,US,ARKW,USD,ARK NEXT GENERATION INTERNET ETF,-5,dc3b51c6236a8f302bc5acc531035fb9a13bc3f61c0478fa23f88d7cc93dacc4,2711
Equity.US.ARKX/USD,US,ARKX,USD,ARK SPACE EXPLORATION & INNOVATION ETF,-5,41cbe622a37429994ff090a3e2376477982e4f966dd5fec98ac0c4b5fbeb90ba,2712
Equity.US.ARM/USD,US,ARM,USD,ARM HOLDINGS PLC / US DOLLAR,-5,957bf692b35cc62f222dbf4dc6929130df42fe17c9f03373f44c01f78b05391e,968
Equity.US.ASML/USD,US,ASML,USD,ASML HOLDING NV / US DOLLAR,-5,1a6e324589a0e355919fb1c0389edc3fdf4c46034626bd82aad4e47714cfa94f,969
Equity.US.ASTS/USD,US,ASTS,USD,AST SPACEMOBILE INC / US DOLLAR,-5,,3141
Equity.US.ASTX/USD,US,ASTX,USD,21SHARES STACKS STAKING ETP,-5,c4cfba287028af977205e11ec2b4dcc347ab2f3fc091e0a6ad06ec1464e29493,2713
Equity.US.ATI/USD,US,ATI,USD,ATI INC COM / US DOLLAR,-5,,3463
Equity.US.ATO/USD,US,ATO,USD,ATMOS ENERGY CORPORATION / US DOLLAR,-5,e045f185730daa0a656655aed1317710b047bda0a7e74d74b24f112d37bcde53,970
Equity.US.AVAV/USD,US,AVAV,USD,AEROVIRONMENT INC,-5,a86055b68b5bc660f10d21532af5d5402200013f3f3596b1ce9be84632277010,2714
Equity.US.AVB/USD,US,AVB,USD,AVALONBAY COMMUNITIES INC / US DOLLAR,-5,aafa1b2ed24a90e5f3fb7dd6b8e546a6068e4432039cc6adf1e6d6a92ff6ecdf,971
Equity.US.AVEX/USD,US,AVEX,USD,AEVEX CORP / US DOLLAR,-5,6ccda94e937130c6232d7ba045ce0f8394f30d23348aa7e875513e2608c05f59,3284
Equity.US.AVGO/USD,US,AVGO,USD,BROADCOM INC / US DOLLAR,-5,d0c9aef79b28308b256db7742a0a9b08aaa5009db67a52ea7fa30ed6853f243b,972
Equity.US.AVY/USD,US,AVY,USD,AVERY DENNISON CORPORATION / US DOLLAR,-5,d302d0bf304b2a9a186d58733a2fd9d29a9f4ed7c91b74df44071c614f81363c,973
Equity.US.AWK/USD,US,AWK,USD,AMERICAN WATER WORKS COMPANY INC / US DOLLAR,-5,36f47f658e232e48e4d922d9cdb9d553f71795d05e2655312e11ab853189484c,974
Equity.US.AXON/USD,US,AXON,USD,AXON ENTERPRISE INC / US DOLLAR,-5,9e2f2b1adb8ac673c4a8dd6f4e4bc7d289df5f1527efd593c69ffd866faaba44,975
Equity.US.AXP/USD,US,AXP,USD,AMERICAN EXPRESS COMPANY / US DOLLAR,-5,9ff7b9a93df40f6d7edc8184173c50f4ae72152c6142f001e8202a26f951d710,976
Equity.US.AXTI/USD,US,AXTI,USD,AXT INC / US DOLLAR,-5,56b6d6619fbd0b81ae09dbb8ccca77877b78aebf098b2fb95432a926af8e384c,3286
Equity.US.AZN/USD,US,AZN,USD,ASTRAZENECA PLC / US DOLLAR,-5,7fb3b27d9039f8ca0a435fe0fdf724a3a5a2309ab62ad07ca775e5ab2100c1be,977
Equity.US.AZO/USD,US,AZO,USD,AUTOZONE INC / US DOLLAR,-5,3b9f8ee08c4dedaf70133256945518df1f037449c9d81cc678907694bdad3f0f,978
Equity.US.BA/USD,US,BA,USD,BOEING CO / US DOLLAR,-5,8419416ba640c8bbbcf2d464561ed7dd860db1e38e51cec9baf1e34c4be839ae,979
Equity.US.BA/USD.EXT,US,BA,USD,DEPRECATED FEED - BOEING CO / US DOLLAR - EXTENDED HOURS,-5,118078076c999aaf6a31a5884ee701afd2df34eaf29f0eee119cecdf102d2a42,1676
Equity.US.BABA/USD,US,BABA,USD,ALIBABA GROUP LIMITED / US DOLLAR,-5,72bc23b1d0afb1f8edef20b7fb60982298993161bc0fd749587d6f60cd1ee9a3,2271
Equity.US.BABA/USD.EXT,US,BABA,USD,DEPRECATED FEED - ALIBABA GROUP LIMITED / US DOLLAR - EXTENDED HOURS,-5,aa37696eaf72638f7ac627f3cf5adc577763a26f3cbb8d7f821588436eed71d6,2272
Equity.US.BAC/USD,US,BAC,USD,BANK OF AMERICA CORPORATION / US DOLLAR,-5,21debc1718a4b76ff74dadf801c261d76c46afaafb74d9645b65e00b80f5ee3e,980
Equity.US.BALL/USD,US,BALL,USD,BALL CORPORATION / US DOLLAR,-5,906e8ef631023ae858c46e558604401c827c69f503795b4603d29f69e57afbef,981
Equity.US.BAX/USD,US,BAX,USD,BAXTER INTERNATIONAL INC / US DOLLAR,-5,72c3b869b1188eaaacd19da9fac87253d8d4adfa651e5b1b4fd371168445a108,982
Equity.US.BB/USD,US,BB,USD,BLACKBERRY LTD / US DOLLAR,-5,638b83fde383839d7e4287c84fe1049f38045f543eabdf2fa23ee440bcae4838,3165
Equity.US.BBAI/USD,US,BBAI,USD,BIGBEARAI HOLDINGS INC,-5,d66fd5fb5d53b65340d1772cf658d451eb9dd8f528f6433743cd87f51f43638c,2715
Equity.US.BBAX/USD,US,BBAX,USD,JPMORGAN BETABUILDERS DEV ASIA PACIFIC EX-JAPAN,-5,ac783281e62a89f38d38894a084f86a752c03d2f1b72100287f9023abe0e07ab,2716
Equity.US.BBCA/USD,US,BBCA,USD,JPMORGAN BETABUILDERS CANADA ETF,-5,a8c53c3ff9afa1f2ff6b87d3afdf7c1db5c0c777ba179fafbde67bbfd116e04f,2717
Equity.US.BBEU/USD,US,BBEU,USD,JPMORGAN BETABUILDERS EUROPE ETF,-5,e0a498089f3101f4e5edb4003f788b718644b21bfc5572b2bacd01cac6339221,2718
Equity.US.BBJP/USD,US,BBJP,USD,JPMORGAN BETABUILDERS JAPAN ETF,-5,3ae14f24eadf2ede73e7bb124bb3a54de07beb85dcdc54506826c3ed4420550a,2719
Equity.US.BBUS/USD,US,BBUS,USD,JPM BETABUILDERS US EQUITY UCITS ETF USD ACC,-5,23b0060386ee6fc043545c0a0740b41c08ec9d1d683252c9dca55260206e7aaa,2720
Equity.US.BBY/USD,US,BBY,USD,BEST BUY CO INC / US DOLLAR,-5,1de9dba93a2de170417a6e113204ec0a7fcb594643a14e590a3d6ba1adef0017,983
Equity.US.BDX/USD,US,BDX,USD,BECTON DICKINSON AND COMPANY / US DOLLAR,-5,97ee6da593bd5e1e73b1edccc05f901a89b698abcb56d31221e73bb9684a4ede,984
Equity.US.BE/USD,US,BE,USD,BLOOM ENERGY CORP,-5,a955f59cec6006d55ac21ab009c92662f2d9250bc22b86fcce16e7962c129c4f,2721
Equity.US.BEKE/USD,US,BEKE,USD,KE HOLDINGS INC SPONSORED ADS / US DOLLAR,-5,,3233
Equity.US.BEN/USD,US,BEN,USD,FRANKLIN RESOURCES INC / US DOLLAR,-5,da588e138c2bfac1d3961703edce382c431c77406a68427153b9ac08f5a1b9e4,985
Equity.US.BF-B/USD,US,BF-B,USD,BROWN-FORMAN CORPORATION / US DOLLAR,-5,1aa595ffc8426246994eedd6c6622b092ac0140f429c15c7fb93778644786ba1,986
Equity.US.BG/USD,US,BG,USD,BUNGE GLOBAL SA / US DOLLAR,-5,e39d2f3aa68f677f9782542e6142dc43bd7a9cd002c8af87aecad19758a76874,987
Equity.US.BHP/USD,US,BHP,USD,BHP GROUP / US DOLLAR,-5,191d7aac7f589ecdf86e05e349c58873eebe0c6b0101615af3a22b366a51d87d,1677
Equity.US.BIDU/USD,US,BIDU,USD,BAIDU INC,-5,9bdee8cb689424d01f6eaf7217adfcff65b51a30774a77fff8006c21c7059350,2722
Equity.US.BIIB/USD,US,BIIB,USD,BIOGEN INC / US DOLLAR,-5,1fba752348cffe265d87fd24eb641664234a089ff11947ac8d1bcfaa9430c453,988
Equity.US.BIL/USD,US,BIL,USD,SPDR BLOOMBERG 1-3 MONTH T-BILL ETF / US DOLLAR,-5,6050efb3d94369697e5cdebf4b7a14f0f503bf8cd880e24ef85f9fbc0a68feb2,1678
Equity.US.BILI/USD,US,BILI,USD,BILIBILI INC ADR / US DOLLAR,-5,006d336e4cd222530a057ed307c619af1379a4dedfc4839dcbab413df956fbaa,3280
Equity.US.BIRD/USD,US,BIRD,USD,ALLBIRDS INC / US DOLLAR,-5,,3170
Equity.US.BITB/USD,US,BITB,USD,BITWISE BITCOIN ETF TRUST / US DOLLAR,-5,b2f5fb947fb6846c9d9860159179f206193a47bab3cd7ade2d3754c25051c0e1,989
Equity.US.BITF/USD,US,BITF,USD,BITFARMS LTD,-5,8214e6c6846bdb0d10fc608c4e77be509853a75143d3f26367853c1ecea2f4b5,2723
Equity.US.BITO/USD,US,BITO,USD,PROSHARES BITCOIN ETF / US DOLLAR,-5,,3518
Equity.US.BITS/USD,US,BITS,USD,GLOBAL X BLOCKCHAIN & BITCOIN STRATEGY ETF / US DOLLAR,-5,c5676e71c8c76379bb2298934b26e2e848b196716362ea32d66dbcc228607027,990
Equity.US.BITX/USD,US,BITX,USD,2X BITCOIN STRATEGY ETF,-5,6acec4867e7c4b0610d0422ff34cdd368552e846ea9df4fc2bbb4681126f724f,2724
Equity.US.BJ/USD,US,BJ,USD,BJS WHSL CLUB HLDGS INC COM / US DOLLAR,-5,,3464
Equity.US.BK/USD,US,BK,USD,THE BANK OF NEW YORK MELLON CORPORATION / US DOLLAR,-5,388d6ab5c18ec14b9339a718669dc6d5a366c159e21617498c97870d18aeb207,991
Equity.US.BKNG/USD,US,BKNG,USD,BOOKING HOLDINGS INC / US DOLLAR,-5,e90b679a7e4ca0d591abb634959d38a535c2036c6b121c520a82cff111ff7d12,992
Equity.US.BKR/USD,US,BKR,USD,BAKER HUGHES COMPANY / US DOLLAR,-5,2792f57bf9f228b8e0d12053938e5eb1002f00c4fd76e0f21679b0b5ea576428,993
Equity.US.BLDR/USD,US,BLDR,USD,BUILDERS FIRSTSOURCE INC / US DOLLAR,-5,7840cb9a07395e891dd3fe4d5dc9e5e32166c16b4081a05a65f7464c1d779f13,994
Equity.US.BLK/USD,US,BLK,USD,BLACKROCK INC / US DOLLAR,-5,68d038affb5895f357d7b3527a6d3cd6a54edd0fe754a1248fb3462e47828b08,995
Equity.US.BLSH/USD,US,BLSH,USD,BULLISH / US DOLLAR,-5,df68956522c14482f38841a1105220f9e32c35e48a3fd517cc955a4580ab1cae,2352
Equity.US.BMNR/USD,US,BMNR,USD,BITMINE IMMERSION TECHNOLOGIES INC / US DOLLAR,-5,54e2e127c93950de5a710100fd1cd387aba1ec8920850efdb05da5fee57d2e32,2353
Equity.US.BMY/USD,US,BMY,USD,BRISTOL-MYERS SQUIBB COMPANY / US DOLLAR,-5,01d1d77d2d98cb38f163ecb6c1c0e3b8d60bbd5aa23c915b282f0228ac7d9967,996
Equity.US.BNC/USD,US,BNC,USD,BNB NETWORK COMPANY / US DOLLAR,-5,9b2dd7950d861f18404f6cc3dc1378bda24bd1a1ccbb0b4232552cde929fb93e,2273
Equity.US.BND/USD,US,BND,USD,VANGUARD TOTAL BOND MKT ETF / US DOLLAR,-5,ed8fb53acc8e6fada0885e9fca7b8bd15727ef6913fe10141d5cc51f73f6fc81,1679
Equity.US.BNDX/USD,US,BNDX,USD,VANGUARD TOTAL INTL BOND ETF / US DOLLAR,-5,80642d572babc523158d2bfad90f32ef236cd43150b44790c8aa88865007c07b,1680
Equity.US.BNKK/USD,US,BNKK,USD,BONK INC / US DOLLAR,-5,40e8ff325448543e5f3b4ddb97d754522357f4c56fc662f15a1568415f4b3000,2408
Equity.US.BOT/USD,US,BOT,USD,ROBOSTRATEGY INC / US DOLLAR,-5,0aa20f6c96a0f30e7c78e4c4f45a0db36ee9126b1ae34851a2c37720e075a500,3164
Equity.US.BOTZ/USD,US,BOTZ,USD,GLOBAL X ROBOTICS & ARTIFICIAL INTELLIGENCE ETF,-5,38e8dd9b74943ce63b08b4b3f897f128ece558ea61cd7e00c9c77a6d64cd8265,2274
Equity.US.BOXX/USD,US,BOXX,USD,ALPHA ARCHITECT 1-3 MONTH BOX ETF,-5,2d5da7d577bea713a8d865c288a22275de7ab2c71e8affc57e1c12d090aebae0,2725
Equity.US.BR/USD,US,BR,USD,BROADRIDGE FINANCIAL SOLUTIONS INC / US DOLLAR,-5,945c4b4ca2c3526335c4b559f7948620d54c80323a56db7b70f5333671fd2416,997
Equity.US.BRK-A/USD,US,BRK-A,USD,BERKSHIRE HATHAWAY INC CLASS A / US DOLLAR,-5,886691e862ed9774a276051443d25f0b4745e2bc077450bf3aee5aba4c96b013,998
Equity.US.BRK-B/USD,US,BRK-B,USD,BERKSHIRE HATHAWAY INC CLASS B / US DOLLAR,-5,e21c688b7fc65b4606a50f3635f466f6986db129bf16979875d160f9c508e8c7,999
Equity.US.BRO/USD,US,BRO,USD,BROWN & BROWN INC / US DOLLAR,-5,ccf32dd36514b9028f6d5af01976fcf20e7a5d6a0adb040af5b6c84f1c76c600,1000
Equity.US.BRRR/USD,US,BRRR,USD,VALKYRIE BITCOIN FUND / US DOLLAR,-5,b40b427690447a6fd5f75aa4b35dca20ed9b2e42d8eaa80ecf4d81406db68cd8,1001
Equity.US.BSP/USD,US,BSP,USD,BENDING SPOONS S.P.A. / US DOLLAR,-5,,3420
Equity.US.BSV/USD,US,BSV,USD,VANGUARD SHORT-TERM BOND ETF / US DOLLAR,-5,c9ae586dc9d73ff6353f20c2c2a2c9efacf697e0abd30d7e8042e3c789054ebf,1681
Equity.US.BSX/USD,US,BSX,USD,BOSTON SCIENTIFIC CORPORATION / US DOLLAR,-5,d699ec7e73369362480f83d2a6f6ec778fa2947a45f1e94309cf893689d35262,1002
Equity.US.BTBT/USD,US,BTBT,USD,BIT DIGITAL INC / US DOLLAR,-5,ff62267568a8f48ec7b1805eb989a8c96da713b335caf20275def485da7984c9,2275
Equity.US.BTCI/USD,US,BTCI,USD,NEOS BITCOIN HIGH INCOME ETF,-5,0e372d374ac64a8a6b87ea1fad9f77afb793d2a9a0bf1e039258e3eecc427849,2726
Equity.US.BTCL/USD,US,BTCL,USD,T-REX 2X LONG BITCOIN DAILY TARGET ETF,-5,723bb60381609b7064a5c35966c74e9aeaf18a633c908b7610f93bec56710724,2727
Equity.US.BTCO/USD,US,BTCO,USD,INVESCO GALAXY BITCOIN ETF / US DOLLAR,-5,f8a4a02d7b060a41879eaaab1f729bc2d68a4da491fb66d3446ba9dd6606e97d,1003
Equity.US.BTCS/USD,US,BTCS,USD,BTCS INC / US DOLLAR,-5,93a0e03158ee629acf61a9c36484c07ab0e89eefc05038116826fb757280a70a,2409
Equity.US.BTCW/USD,US,BTCW,USD,WISDOMTREE BITCOIN TRUST / US DOLLAR,-5,7e9582ecb9f1cb90400e897fb364ea35ed4193b47ce19a7eff8e392f695550be,1004
Equity.US.BTDR/USD,US,BTDR,USD,BITDEER / US DOLLAR,-5,eda74e4c405a1f8d8d1c6004a197c20e620f5580e855ec66cf167f8d5f5ec7a3,2276
Equity.US.BTF/USD,US,BTF,USD,VALKYRIE BITCOIN STRATEGY ETF / US DOLLAR,-5,5d72edffd1b1f72506018204afe1cdf9f31b97e6a30ba1d079bcb242c874529c,1005
Equity.US.BTGO/USD,US,BTGO,USD,BITGO HOLDINGS INC / US DOLLAR,-5,6540ed0004047d446b252bc49bff9e23e667c5c7d0437ad0db8e120e7b19c311,2942
Equity.US.BTOG/USD,US,BTOG,USD,BIT ORIGIN LIMITED CLASS A ORDINARY SHARES / US DOLLAR,-5,7861dbe95bc33d091d60db731dbcf3c91f4461d24c00bb5a59b145abf79263e2,2354
Equity.US.BUFR/USD,US,BUFR,USD,FT VEST LADDERED BUFFER ETF,-5,afef79c29868f73f0690ef3fb2114ba52fe8dc18aff5b2682c83c1a4bfd9d211,2728
Equity.US.BURL/USD,US,BURL,USD,BURLINGTON STORES INC COM / US DOLLAR,-5,,3465
Equity.US.BWA/USD,US,BWA,USD,BORGWARNER INC / US DOLLAR,-5,20e3150670edc7674cf130f844934de184fb497c271499d6c4b9ffad3c41ff0f,1006
Equity.US.BWET/USD,US,BWET,USD,BREAKWAVE TANKER SHIPPING ETF / US DOLLAR,-5,,3150
Equity.US.BWXT/USD,US,BWXT,USD,BWX TECHNOLOGIES INC COM / US DOLLAR,-5,,3466
Equity.US.BX/USD,US,BX,USD,BLACKSTONE INC / US DOLLAR,-5,9b25e42163e85658664651dac0915b2e0474fe6f5e19541e48ba2356f11a9f32,1007
Equity.US.BXP/USD,US,BXP,USD,BXP INC / US DOLLAR,-5,294d4d287de3c867bffe0cfe548f44c9cbdea280906de0ba6074094e6558d87a,1008
Equity.US.BYND/USD,US,BYND,USD,BEYOND MEAT INC / US DOLLAR,-5,a4bd17109f2fbee701b0901eda1a67ceca3cdddefa509a5a3bebdde4bd458991,2410
Equity.US.C/USD,US,C,USD,CITIGROUP INC / US DOLLAR,-5,e7e7aac1ac0524cd3666fae4ecafae5e1fee880c11f3a7b4b7ea61bd6e434a63,1009
Equity.US.CAG/USD,US,CAG,USD,CONAGRA BRANDS INC / US DOLLAR,-5,246401ffdc5ec97b405e871267c73e6e744d1cdcd96b1fe8526da993111c580e,1010
Equity.US.CAH/USD,US,CAH,USD,CARDINAL HEALTH INC / US DOLLAR,-5,970e53ff78966bd9cbd5c4fba2254484b2e7b5e117403b635b0ca482d7346ff0,1011
Equity.US.CALF/USD,US,CALF,USD,PACER US SMALL CAP CASH COWS INDEX,-5,ec28396c862e02b7ad599856a9550f3218b59c0cf3e6222b985e3b58cec66c02,2729
Equity.US.CANG/USD,US,CANG,USD,CANGO INC / US DOLLAR,-5,2ad21b845aafc10e9de5e1057ef74f4ca8b7d03595d81f35b61b458c04d21621,1012
Equity.US.CARR/USD,US,CARR,USD,CARRIER GLOBAL CORPORATION / US DOLLAR,-5,98057002daf66705e7542c2934f246bed459c2deeacc465f2f2b137649faa5be,1013
Equity.US.CASY/USD,US,CASY,USD,CASEYS GENERAL STORES INC / US DOLLAR,-5,840dae98f316481c4438892b8bc5b5df09ba1e8befe2d529000c70aa2c8c324c,3168
Equity.US.CAT/USD,US,CAT,USD,CATERPILLAR INC. / US DOLLAR,-5,ad04597ba688c350a97265fcb60585d6a80ebd37e147b817c94f101a32e58b4c,1014
Equity.US.CB/USD,US,CB,USD,CHUBB LIMITED / US DOLLAR,-5,ff65ec3cf0931c4c489baecd95da35d3db5aa0278150d0d09a3fdc25970fc690,1015
Equity.US.CBOE/USD,US,CBOE,USD,CBOE GLOBAL MARKETS INC / US DOLLAR,-5,566241bb0d53283a8a1765b759341490dbf69e7fa7653c4b5f86aabf37567595,1016
Equity.US.CBRE/USD,US,CBRE,USD,CBRE GROUP INC / US DOLLAR,-5,c153deece90e57f0c4b2bd1b693deed41e32a8117fd6eb8269a49e71d5080292,1017
Equity.US.CBRS/USD,US,CBRS,USD,CEREBRAS SYSTEMS / US DOLLAR,-5,7b6809a00a53228f74622e4909750c0d86a2081032955e02c8e3503b1b93829a,3246
Equity.US.CCEP/USD,US,CCEP,USD,COCA-COLA EUROPACIFIC PARTNERS PLC / US DOLLAR,-5,fd06662626076e1bd5c6cac35a92d1466f4d11b243e6c28fbc4a96c456275d93,1018
Equity.US.CCI/USD,US,CCI,USD,CROWN CASTLE INC / US DOLLAR,-5,d346bf2b5a30cbcb8092c1eed6afe9e747bb5a6a63ed7c008164cb280c64754c,1019
Equity.US.CCJ/USD,US,CCJ,USD,CAMECO CORP / US DOLLAR,-5,8c92b96bf7ec66766d7400f91eee36370df38ec751ec48933396760f8c73cc78,2355
Equity.US.CCK/USD,US,CCK,USD,CROWN HLDGS INC COM / US DOLLAR,-5,,3467
Equity.US.CCL/USD,US,CCL,USD,CARNIVAL CORPORATION & PLC / US DOLLAR,-5,2e92206274d7a8d2fe094d7ef448724608bdb231b3096ceac004fc44e12975db,1020
Equity.US.CCUP/USD,US,CCUP,USD,T-REX 2X LONG CRCL DAILY TARGET ETF,-5,e929532c3b24ebe0123afeea7c50e0350c8fa68f6cb24164bf8d4bf1a7184d64,2730
Equity.US.CDE/USD,US,CDE,USD,COEUR MNG INC COM NEW / US DOLLAR,-5,,3468
Equity.US.CDNS/USD,US,CDNS,USD,CADENCE DESIGN SYSTEMS INC / US DOLLAR,-5,a2168b2c613dcd4b8c0f50e255b61a1c5dfdf750eddaf09bade719b9ceb573a0,1021
Equity.US.CDW/USD,US,CDW,USD,CDW CORPORATION / US DOLLAR,-5,3cb1afe7c1f9633ec2245e2ae902d431989d86e67fe69a999ea4736365226049,1022
Equity.US.CE/USD,US,CE,USD,CELANESE CORPORATION / US DOLLAR,-5,6463830f5008818cb88359ee283973c92ef1edd8ea025aa75a5c75032a63e186,1023
Equity.US.CEG/USD,US,CEG,USD,CONSTELLATION ENERGY CORPORATION / US DOLLAR,-5,a541bc5c4b69961442e45e9198c7cce151ff9c2a1003f620c6d4a9785c77a4d9,1024
Equity.US.CELH/USD,US,CELH,USD,CELSIUS HOLDINGS INC,-5,56954c7f2b1af2edc80212cb56924cfb0f5e076bba6bd0aeb8a78a67cb2b82ef,2731
Equity.US.CF/USD,US,CF,USD,CF INDUSTRIES HOLDINGS INC / US DOLLAR,-5,e2bad4d409637556216267dbb29fcb27d23e263ae12ab5acbb68b309ba17783d,1025
Equity.US.CFG/USD,US,CFG,USD,CITIZENS FINANCIAL GROUP INC / US DOLLAR,-5,c7c24c987c84f7c76bde1a1d50ff04624422d9ac68bd8f039a57a30e24dc524b,1026
Equity.US.CG/USD,US,CG,USD,CARLYLE GROUP INC COM / US DOLLAR,-5,,3469
Equity.US.CHD/USD,US,CHD,USD,CHURCH & DWIGHT CO INC / US DOLLAR,-5,29f6892fec85377d66086b3c323e298c2a0bf133551e9a0a91c150b95517aec5,1027
Equity.US.CHRW/USD,US,CHRW,USD,CH ROBINSON WORLDWIDE INC / US DOLLAR,-5,f2df0a854dc8f45e9c6f93bb7e4e2720c920b2a5208afba18075a87fb5a6f6ed,1028
Equity.US.CHTR/USD,US,CHTR,USD,CHARTER COMMUNICATIONS INC / US DOLLAR,-5,1585a2b6467e2bf7788d6c58ab4b0f2259610d5997f8aa7b6c160417250c71f8,1029
Equity.US.CI/USD,US,CI,USD,THE CIGNA GROUP / US DOLLAR,-5,50792163ea9ceb6e4142a4ae35845e4ca4c559b89bbf6cb3d426f79534717401,1030
Equity.US.CIEN/USD,US,CIEN,USD,CIENA CORP / US DOLLAR,-5,,3357
Equity.US.CINF/USD,US,CINF,USD,CINCINNATI FINANCIAL CORPORATION / US DOLLAR,-5,2bdf663a6dacfbb4f986adc98d833cbdd206ab64d6f5fb0cd5470e91bb3985a0,1031
Equity.US.CL/USD,US,CL,USD,COLGATE-PALMOLIVE COMPANY / US DOLLAR,-5,89b83912f0fe0c5091de834750cac3de2ff16b74b6a99bab7cbae25dd6585f4c,1032
Equity.US.CLS/USD,US,CLS,USD,CELESTICA INC,-5,5b1adfefbe3f69cf8c5dc02d521a9f49eb5887d19f4bf1f4170959428d9d6a21,2732
Equity.US.CLSK/USD,US,CLSK,USD,CLEANSPARK INC,-5,,3352
Equity.US.CLX/USD,US,CLX,USD,THE CLOROX COMPANY / US DOLLAR,-5,772e16ce4ffa670ed237b51edf04a153137998d06162517f75ad0baa45e118c4,1033
Equity.US.CMCSA/USD,US,CMCSA,USD,COMCAST CORPORATION / US DOLLAR,-5,1bd6720eea4df323c076c9bbc1e98e8f5fe4bd16584e56468c5fb6b1a6072725,1034
Equity.US.CME/USD,US,CME,USD,CME GROUP INC / US DOLLAR,-5,8773fef6b95d156416c3025d3a7b6f90b4a88b206038dde8000b1acddb714906,1035
Equity.US.CMG/USD,US,CMG,USD,CHIPOTLE MEXICAN GRILL INC / US DOLLAR,-5,c1046358a2b78d92a2ad45b9d3c271350ab9335b478df21a390b8924cad91563,1036
Equity.US.CMI/USD,US,CMI,USD,CUMMINS INC / US DOLLAR,-5,069463ea9b6c8741e39498539365f385d4fdf0acea213d1efdb6ddc30101d0dd,1037
Equity.US.CMS/USD,US,CMS,USD,CMS ENERGY CORPORATION / US DOLLAR,-5,25be29dc1eae3448537076cf0d14ef2c43dbfd5de043256ead46fa01a19b425b,1038
Equity.US.CNC/USD,US,CNC,USD,CENTENE CORPORATION / US DOLLAR,-5,46c5fc6eefc5becf2f8dc3656357c21ef585feaf74bc94f0fc58f6f33fae1205,1039
Equity.US.CNP/USD,US,CNP,USD,CENTERPOINT ENERGY INC / US DOLLAR,-5,bf3a21d6b8dbb4df9e75df58c124be8248239c005d117fdb9e0f0ff434d1dfa8,1040
Equity.US.COF/USD,US,COF,USD,CAPITAL ONE FINANCIAL CORPORATION / US DOLLAR,-5,857c3a552953250d5b19db7341f3deaed12ff623f2db451e30581c266b23ab58,1041
Equity.US.COHR/USD,US,COHR,USD,COHERENT CORP / US DOLLAR,-5,fae9f16801d1249999bf7a9e6e57ae7b512f88cce663251da2dee9fadddfc31a,3288
Equity.US.COIN/USD,US,COIN,USD,COINBASE GLOBAL INC / US DOLLAR,-5,fee33f2a978bf32dd6b662b65ba8083c6773b494f8401194ec1870c640860245,1042
Equity.US.COIN/USD.EXT,US,COIN,USD,DEPRECATED FEED - COINBASE GLOBAL INC / US DOLLAR - EXTENDED HOURS,-5,96dd3870a92103bb95a41ed9a7f3a09c8c530a7ce679f9a89a5bdef4ffba8c65,1682
Equity.US.COIW/USD,US,COIW,USD,ROUNDHILL COIN WEEKLYPAY ETF,-5,97cfae75580f5d710354804c2f6430342b7f156986b3ec13a5bd2ef66ff54af4,2733
Equity.US.COO/USD,US,COO,USD,THE COOPER COMPANIES INC / US DOLLAR,-5,ed5a005efa0f84a8acfab450ce4429c3dd57f7cd3284d04eb0c65820e062e85f,1043
Equity.US.COP/USD,US,COP,USD,CONOCOPHILLIPS / US DOLLAR,-5,d54d8d4e3774ea53660e660ecd03aa9daa31eed9b7e67d1a2aed3095b3e6720d,1044
Equity.US.COR/USD,US,COR,USD,CENCORA INC / US DOLLAR,-5,ec3594578eb750e3b9393433e983263baa18018db14e1d220c6845bf2fe480a3,1045
Equity.US.COST/USD,US,COST,USD,COSTCO WHOLESALE CORPORATION / US DOLLAR,-5,163f6a6406d65305e8e27965b9081ac79b0cf9529f0fcdc14fe37e65e3b6b5cb,1046
Equity.US.COWZ/USD,US,COWZ,USD,PACER US CASH COWS 100 INDEX,-5,2f5db35d0b402a783e63b3a1607cd369150867599b647136805bd0a343d959da,2734
Equity.US.CPAY/USD,US,CPAY,USD,CORPAY INC / US DOLLAR,-5,221834e0bb6002d75833e2aa4dcc4fdd26b8300a40e4546978946c3dff272c29,1047
Equity.US.CPB/USD,US,CPB,USD,THE CAMPBELL'S COMPANY / US DOLLAR,-5,9b826f23dd771b0b4dfdcb76ff40db3b51c86e06fc2b62c1d4e5d69cf2942669,1048
Equity.US.CPER/USD,US,CPER,USD,UNITED STATES COPPER INDEX FUND / US DOLLAR,-5,34b7613ec0b7388fc491162ef6d2b211ef311ea90d35863a7f03017d259c3cd4,2943
Equity.US.CPNG/USD,US,CPNG,USD,COUPANG INC - CLASS A / US DOLLAR,-5,5557d206aa0dd037fc082f03bbd78653f01465d280ea930bc93251f0eb60c707,1049
Equity.US.CPRT/USD,US,CPRT,USD,COPART INC / US DOLLAR,-5,9bffd1e8d7b5f6c4890216b89d30393cf7284c540a9e0843c92490b58167302a,1050
Equity.US.CPT/USD,US,CPT,USD,CAMDEN PROPERTY TRUST / US DOLLAR,-5,d71412c0ef13b400c49514108d5236f47c5c30906ac8ae7c65b40bca8a6a984b,1051
Equity.US.CRCL/USD,US,CRCL,USD,CIRCLE INTERNET GROUP INC / US DOLLAR,-5,92b8527aabe59ea2b12230f7b532769b133ffb118dfbd48ff676f14b273f1365,1683
Equity.US.CRCL/USD.EXT,US,CRCL,USD,DEPRECATED FEED - CIRCLE INTERNET GROUP INC / US DOLLAR - EXTENDED HOURS,-5,246de6fa9db3ea920d7965a99affbd89539532638fef00d875a57bc1d7f80fc8,1684
Equity.US.CRDO/USD,US,CRDO,USD,CREDO TECHNOLOGY GROUP HOLDING LTD,-5,70223a069575a95493bd4a473c47554ac8b333af557e2264eb0d0236e2838fc2,2735
Equity.US.CRL/USD,US,CRL,USD,CHARLES RIVER LABORATORIES INTERNATIONAL INC / US DOLLAR,-5,ffd5fb797551c47a8afbe371a3223489615969197332e02a412d79cd59a8423f,1052
Equity.US.CRM/USD,US,CRM,USD,SALESFORCE INC / US DOLLAR,-5,feff234600320f4d6bb5a01d02570a9725c1e424977f2b823f7231e6857bdae8,1053
Equity.US.CRS/USD,US,CRS,USD,CARPENTER TECHNOLOGY CORP COM / US DOLLAR,-5,,3470
Equity.US.CRWD/USD,US,CRWD,USD,CROWDSTRIKE HOLDINGS INC / US DOLLAR,-5,baed936d3c6c2e34104e92c6b015b97ce96adc5ab4f04230c1270e1162e7a270,1054
Equity.US.CRWU/USD,US,CRWU,USD,T-REX 2X LONG CRWV DAILY TARGET ETF,-5,402de410f7dc19c976a4d10916c254985544decd9023cec6c3a13d5628978ae4,2736
Equity.US.CRWV/USD,US,CRWV,USD,COREWEAVE INC,-5,2a78b78189d6d6eff30a825e4698fd14a0b1ca659bb0079bb7e80521c0e8c75d,2737
Equity.US.CSCO/USD,US,CSCO,USD,CISCO SYSTEMS INC / US DOLLAR,-5,3f4b77dd904e849f70e1e812b7811de57202b49bc47c56391275c0f45f2ec481,1055
Equity.US.CSGP/USD,US,CSGP,USD,COSTAR GROUP INC / US DOLLAR,-5,c858b58bd00ea15770243cf7410c5fbcd09b4ff12775d6279464a2508d660932,1056
Equity.US.CSL/USD,US,CSL,USD,CARLISLE COS INC COM / US DOLLAR,-5,,3471
Equity.US.CSX/USD,US,CSX,USD,CSX CORPORATION / US DOLLAR,-5,74f3621e920f9a9d78595ed957c9090007d19e82f7c0edbe89a392bafec62c64,1057
Equity.US.CTAS/USD,US,CTAS,USD,CINTAS CORPORATION / US DOLLAR,-5,3aac822069ed803b272ade5510441f32b97501963cad9598ae61238bd8843aa5,1058
Equity.US.CTRA/USD,US,CTRA,USD,COTERRA ENERGY INC / US DOLLAR,-5,5f28e3b079837ccba948864610ef7a436235aaed53d3b3c72e1c2b2d2d825407,1059
Equity.US.CTSH/USD,US,CTSH,USD,COGNIZANT TECHNOLOGY SOLUTIONS CORPORATION / US DOLLAR,-5,440045c78d204a0ec4aba5fdeebcc10a7eb9cd3a3df4a89e3aa917653db8ef04,1060
Equity.US.CTVA/USD,US,CTVA,USD,CORTEVA INC / US DOLLAR,-5,5fcafa59eadb26d764ed8de3d1ce071a4a9337dddf093ee8a7bace713aed7f22,1061
Equity.US.CVNA/USD,US,CVNA,USD,CARVANA CO CL A / US DOLLAR,-5,,3472
Equity.US.CVS/USD,US,CVS,USD,CVS HEALTH CORPORATION / US DOLLAR,-5,016eb8866d4455bcce669bc745835fd1f00be9c9205602abb3a2b3cc31e993ff,1062
Equity.US.CVX/USD,US,CVX,USD,CHEVRON CORPORATION / US DOLLAR,-5,f464e36fd4ef2f1c3dc30801a9ab470dcdaaa0af14dd3cf6ae17a7fca9e051c5,1063
Equity.US.CW/USD,US,CW,USD,CURTISS-WRIGHT CORP / US DOLLAR,-5,65f91a39f65476a2bc5cbf915d2325bf22d55d97097e71f483407c0d85f3718d,3169
Equity.US.CWVX/USD,US,CWVX,USD,TRADR 2X LONG CRWV DAILY ETF,-5,92e61549d5fd97566d1f2629decc123d160e2226389be1d5064c929bdf0d035c,2738
Equity.US.CZR/USD,US,CZR,USD,CAESARS ENTERTAINMENT INC / US DOLLAR,-5,806724043f1c85300d24b61da4e03ea9840c059d2cb8ea248f005e6314d27052,1064
Equity.US.D/USD,US,D,USD,DOMINION ENERGY INC / US DOLLAR,-5,a4102a6d0a6a6e5bf66fa3599411d688f8b253d38db982a266c5eec6ba042c8a,1065
Equity.US.DAL/USD,US,DAL,USD,DELTA AIR LINES INC / US DOLLAR,-5,8af4d43c43e35e6849f686e831f8201d3e868e921ac22de97d6acebde95d2829,1066
Equity.US.DAPP/USD,US,DAPP,USD,VANECK DIGITAL TRANSFORMATION ETF / US DOLLAR,-5,52aecdd5d1fddac8285207431c00a59ad9f4c5a8615b592f5a1417b7f6483a95,2277
Equity.US.DASH/USD,US,DASH,USD,DOORDASH INC / US DOLLAR,-5,af9f76555c0147ec660100ff1639eb128e48c4f16b0aec229b736c04e082de23,1067
Equity.US.DAY/USD,US,DAY,USD,DEPRECATED FEED - DAYFORCE INC / US DOLLAR,-5,a5339e81ef1422dc856798fb93c93d57b2be1dcd4ec02a0d562b12f213c2d666,1068
Equity.US.DD/USD,US,DD,USD,DUPONT DE NEMOURS INC / US DOLLAR,-5,9f740601dfd8fc74556b8b90e807240f7dff3c3bb91c44f131a8306361220c7e,1069
Equity.US.DDOG/USD,US,DDOG,USD,DATADOG INC / US DOLLAR,-5,5c49964b5e5420d84e445a2f5e9e3965cf3a82a275d83f8efc30cdeeaf2d062f,1070
Equity.US.DE/USD,US,DE,USD,DEERE & COMPANY / US DOLLAR,-5,c2d23f236142a519929b147c4dbe8720475724918c8b8473db0283f8cf044184,1071
Equity.US.DECK/USD,US,DECK,USD,DECKERS OUTDOOR CORPORATION / US DOLLAR,-5,d31cf7d2e7a6a971b74c72815830c642d10a3c4cb170163b30833db9fb1d3d60,1072
Equity.US.DEFI/USD,US,DEFI,USD,HASHDEX BITCOIN ETF / US DOLLAR,-5,78c13ca4415e910dcb9516b811e630e6fa8f98999615eb66955cbef4337c1d3f,1073
Equity.US.DEFT/USD,US,DEFT,USD,DEFI TECHNOLOGIES INC / US DOLLAR,-5,1eb4f34fa6841c045fdb48db289fd300ce4d0a1c1e709e2594d650560852045a,2739
Equity.US.DELL/USD,US,DELL,USD,DELL TECHNOLOGIES INC / US DOLLAR,-5,a2950270a22ce39a22cb3488ba91e60474cd93c6d01da2ecc5a97c1dd40f4995,1074
Equity.US.DFAC/USD,US,DFAC,USD,DIMENSIONAL US CORE EQUITY 2 ETF / US DOLLAR,-5,3f2248ef2d37b8f3cad014b64fb1d7506254feaed383220219e73406bd458b6b,1685
Equity.US.DFDV/USD,US,DFDV,USD,DEFI DEVELOPMENT CORP / US DOLLAR,-5,02a0c5a149bbb9e33a75eb56b8ecd36953b9e1725a821568271948412870e109,2411
Equity.US.DFIC/USD,US,DFIC,USD,DFA DIMENSIONAL INTERNATIONAL CORE EQUITY 2 ETF,-5,9fe0918f2fc67f77ba4fadd1a3836e2309fc376b18787519a790bf9f0dd9fe88,2740
Equity.US.DFS/USD,US,DFS,USD,DISCOVER FINANCIAL SERVICES / US DOLLAR,-5,,1075
Equity.US.DG/USD,US,DG,USD,DOLLAR GENERAL CORPORATION / US DOLLAR,-5,df48fe2e8442694202366ab9de55554ecc68c9e0cfa385fc692c6905a3887d34,1076
Equity.US.DGRO/USD,US,DGRO,USD,ISHARES CORE DIV GROWTH ETF / US DOLLAR,-5,1519a1216a7556cda9e89554706127a1f39c36d96d5471889bbeaf2f78eaf5bd,1686
Equity.US.DGX/USD,US,DGX,USD,QUEST DIAGNOSTICS INCORPORATED / US DOLLAR,-5,eccf190dca034f378b3b3051e70da93e882c08c665befbf01bacd866c1976fef,1077
Equity.US.DHI/USD,US,DHI,USD,DR HORTON INC / US DOLLAR,-5,a2c9466d7558768573d83ad57735177d8448098d0a87aca9ca2ae9a9585bbdcc,1078
Equity.US.DHR/USD,US,DHR,USD,DANAHER CORPORATION / US DOLLAR,-5,725ae6c67201359f9601d6ee8228c821f0abc93fef5cc509acfcee3f7bc2a388,1079
Equity.US.DIA/USD,US,DIA,USD,DIA / US DOLLAR,-5,57cff3a9a4d4c87b595a2d1bd1bac0240400a84677366d632ab838bbbe56f763,1080
Equity.US.DIHP/USD,US,DIHP,USD,DFA DIMENSIONAL INTERNATL HIGH PROFITABILITY ETF,-5,8a78100e6ff70c0c8a9d220dd0af7009bbb5bfafaadbd87a591b459dd9a21199,2741
Equity.US.DIS/USD,US,DIS,USD,WALT DISNEY CO / US DOLLAR,-5,703e36203020ae6761e6298975764e266fb869210db9b35dd4e4225fa68217d0,1081
Equity.US.DIVB/USD,US,DIVB,USD,ISHARES CORE DIVIDEND ETF,-5,1a940b1bcfa743b2245ceb3910cb06c92cc622220bb23323a7fe6c17d7d33663,2742
Equity.US.DJTA/USD,US,DJTA,USD,DOW JONES TRANSPORTATION AVERAGE / US DOLLAR,-5,c938032d77814046034961163a44bce3e13589f6e345c72fd58726e2f613a634,2278
Equity.US.DKNG/USD,US,DKNG,USD,DRAFTKINGS INC / US DOLLAR,-5,,3175
Equity.US.DLR/USD,US,DLR,USD,DIGITAL REALTY TRUST INC / US DOLLAR,-5,5af7f961ea231d5f4bd19dc99d1fd43f6de67ab57b73779f9ebe65a6a4ab64d5,1082
Equity.US.DLTR/USD,US,DLTR,USD,DOLLAR TREE INC / US DOLLAR,-5,5d9f295f1afeaa993f9e07600158a1b8566c27e003a929d123f9b6c97164da0e,1083
Equity.US.DMAX/USD,US,DMAX,USD,ISHARES LARGE CAP MAX BUFFER DEC ETF,-5,c4bdd127627aca6f432dc6cdc705a23dd45ef3b1358787b8899f531f437318e0,2743
Equity.US.DMH6/USD,US,DMH6,USD,DEPRECATED FEED - PYTH PRICE IN USD FOR DJ INDEX FUTURES 20 MARCH 2026,-5,9297f135ea97d8f7fa6ee79998bf00c3344328a59beaa984621b659d5afafb26,2279
Equity.US.DMM6/USD,US,DMM6,USD,DEPRECATED FEED - PYTH PRICE IN USD FOR DJ INDEX FUTURES 18 JUNE 2026,-5,6e22a5245cb127b570610baad354dc9969214b81fa41510538f6cf47ce403356,3033
Equity.US.DMU5/USD,US,DMU5,USD,DM U5 19 SEPTEMBER 2025 / US DOLLAR,-5,50c7975cb8b0fbdf5d3ef951204a8b481f0717aa04f33ee4411744b49266ce84,2280
Equity.US.DMU6/USD,US,DMU6,USD,PYTH PRICE IN USD FOR DJ INDEX FUTURES 18 SEPTEMBER 2026,-5,a0c8478ea45f8d0ba73d0dae1f052221b0d0b20e24a88001c7afd8f8ec78c14e,3144
Equity.US.DMZ5/USD,US,DMZ5,USD,PYTH US30 19 DECEMBER 2025 / US DOLLAR,-5,7d4bf8266cd493e9d012dcbe0d43221fc731abc6050cf6df62437b83942a5fc6,2281
Equity.US.DMZ6/USD,US,DMZ6,USD,PYTH PRICE IN USD FOR DJ INDEX FUTURES 18 DECEMBER 2026,-5,a0c8478ea45f8d0ba73d0dae1f052221b0d0b20e24a88001c7afd8f8ec78c14e,3335
Equity.US.DOC/USD,US,DOC,USD,HEALTHPEAK PROPERTIES INC / US DOLLAR,-5,0adae539549d8495edc5cfc14dfed8974fe440a8c195df187d1a75bb3bb7b441,1084
Equity.US.DOCU/USD,US,DOCU,USD,DOCUSIGN INC COM / US DOLLAR,-5,,3473
Equity.US.DOV/USD,US,DOV,USD,DOVER CORPORATION / US DOLLAR,-5,b9a51a477586da4fca62f1c20002b1f72d715733aa242cda5e99ca37beffdf0e,1085
Equity.US.DOW/USD,US,DOW,USD,DOW INC / US DOLLAR,-5,f3b50961ff387a3d68217e2715637d0add6013e7ecb83c36ae8062f97c46929e,1086
Equity.US.DPZ/USD,US,DPZ,USD,DOMINO'S PIZZA INC / US DOLLAR,-5,ac8965f0ed1f9003909d9826d3fe783a45c5021bce71a40341d0ba06140c6431,1087
Equity.US.DRAM/USD,US,DRAM,USD,ROUNDHILL MEMORY ETF / US DOLLAR,-5,,3240
Equity.US.DRI/USD,US,DRI,USD,DARDEN RESTAURANTS INC / US DOLLAR,-5,f2f92d342955b934fa72137c7ed461dfd3e3112a7b962070440190b8184a7ab5,1088
Equity.US.DT/USD,US,DT,USD,DYNATRACE INC COM NEW / US DOLLAR,-5,,3474
Equity.US.DTE/USD,US,DTE,USD,DTE ENERGY COMPANY / US DOLLAR,-5,a751259432cd627edc50b32f22010b355486a5743fff310ad8d9946d45c48d4b,1089
Equity.US.DUK/USD,US,DUK,USD,DUKE ENERGY CORPORATION / US DOLLAR,-5,914c7f24178681e916139175ca651271ea14c340c4ba5e0c7787162020a9e79b,1090
Equity.US.DUOL/USD,US,DUOL,USD,DUOLINGO INC,-5,fc1a193150860e172240515c79b72bfea0f5381971b1bdb730c1f2c559ac1bc0,2744
Equity.US.DVA/USD,US,DVA,USD,DAVITA INC / US DOLLAR,-5,316c3f180861da3a9c8f0254d961dbebc2055491d469f459170337233de2e0e9,1091
Equity.US.DVN/USD,US,DVN,USD,DEVON ENERGY CORPORATION / US DOLLAR,-5,ba9e386c7cff73f68e17ee14f3f8a190afa842621527ec5f542968c516759df4,1092
Equity.US.DXCM/USD,US,DXCM,USD,DEXCOM INC / US DOLLAR,-5,7afba60a06a553edc3339b53c2e46c2700b076b3f9c9067b88b93f0a12213fbf,1093
Equity.US.EA/USD,US,EA,USD,ELECTRONIC ARTS INC / US DOLLAR,-5,4a6538143c76292692d430d939d868cc15ca22b9c551cf683f1c59374b38594b,1094
Equity.US.EBAY/USD,US,EBAY,USD,EBAY INC / US DOLLAR,-5,6264a259e2cc90dfd3207f5831949eced2da6bf53965834c9160e4ceb9240947,1095
Equity.US.ECHO/USD,US,ECHO,USD,ECHOSTAR CORP,-5,,3409
Equity.US.ECL/USD,US,ECL,USD,ECOLAB INC / US DOLLAR,-5,60bd1ddb5b55fc99af50cba723ceeecc68067a8e23cc2df420df5b36873744e2,1096
Equity.US.ED/USD,US,ED,USD,CONSOLIDATED EDISON INC / US DOLLAR,-5,04fefda6091b212f5445fd4286eacfa417f58c10e42fded88fabb17beb208fea,1097
Equity.US.EDU/USD,US,EDU,USD,NEW ORIENTAL ED & TECHNOLOGY GROUP ADR / US DOLLAR ,-5,6c409f638d764e93701e076bb41a20a46324f8533401b1b3cc4cd754c04d5dc4,3279
Equity.US.EEM/USD,US,EEM,USD,ISHARES MSCI EMERGING MARKETS ETF / US DOLLAR,-5,d407e68cec58205be82a6140a668dc42f8d9079bcf3be4aa4b41f41f7b983035,1098
Equity.US.EEMV/USD,US,EEMV,USD,ISHARES MSCI EMERGING MARKETS MIN VOL FACTOR ETF,-5,bfd05d7d75454840a781998a83f429afe082ba84b6ad269299ff166e90dd10c4,2745
Equity.US.EFA/USD,US,EFA,USD,ISHARES MSCI EAFE ETF / US DOLLAR,-5,3b7ef6c95ceedbffbb66bff3d6135a200c5d0a0466b0c90812510ceaedebaf04,1099
Equity.US.EFAV/USD,US,EFAV,USD,ISHARES MSCI EAFE MIN VOL FACTOR ETF,-5,f6768859d8246e5099f35a454e107175ce24c26da105da6d80f66ac0768d9fa2,2746
Equity.US.EFG/USD,US,EFG,USD,ISHARES MSCI EAFE GROWTH ETF,-5,29d507d2d7afba966cb8a2ee54a5cffbefdc5394f0f0e5748f058828fe414c64,2747
Equity.US.EFV/USD,US,EFV,USD,ISHARES MSCI EAFE VALUE ETF,-5,21fff87cf866f73c13887a254ec2395e178967fcc8c6a5a6471c26392119c82d,2748
Equity.US.EFX/USD,US,EFX,USD,EQUIFAX INC / US DOLLAR,-5,efd52d85fdad1aec47798b6955efd22fccd1e88ec942d3dfb3cbddb8ea2a577b,1100
Equity.US.EG/USD,US,EG,USD,EVEREST GROUP LTD / US DOLLAR,-5,1ebf3dd05546ce87c5a2892404717bca81a7b191f893244ad27f6ced751ae38d,1101
Equity.US.EIX/USD,US,EIX,USD,EDISON INTERNATIONAL / US DOLLAR,-5,920b1e06e2f2920c682534620a82c7991accd0637b1fb58a5631357ce42a4e29,1102
Equity.US.EL/USD,US,EL,USD,THE ESTEE LAUDER COMPANIES INC / US DOLLAR,-5,ce8211e981a578b4ba9f2f7eb01c40643dc1d0860f57178d76c9bec95c88462f,1103
Equity.US.ELF/USD,US,ELF,USD,E.L.F. BEAUTY INC.,-5,,3344
Equity.US.ELV/USD,US,ELV,USD,ELEVANCE HEALTH INC / US DOLLAR,-5,5fc195aa6556b6b2ce09bd3308c6b872bf9b85682d54ec92ed910172b319a9f0,1104
Equity.US.EMB/USD,US,EMB,USD,ISHARES JPMORGAN USD EMERGING MARKETS BOND ETF,-5,6c4de52144cf838f21d32ea62a5efa657e5e6c41ebed7231d5f4a2f3081d5a18,2749
Equity.US.EME/USD,US,EME,USD,EMCOR GROUP INC COM / US DOLLAR,-5,,3475
Equity.US.EMGF/USD,US,EMGF,USD,ISHARES EMERGING MARKETS EQUITY FACTOR ETF,-5,f015d3db58cadf50afa972333f67b2d208d4929feefbbbf5f90370d84aee053a,2750
Equity.US.EMH6/USD,US,EMH6,USD,DEPRECATED FEED - PYTH PRICE IN USD FOR S&P 500 INDEX E-MINI FUTURES 20 MARCH 20,-5,7742d1d4650d34baec571c9a610345335cdc7eb88dc9a8b3ff810dc717a6c182,2282
Equity.US.EMHY/USD,US,EMHY,USD,ISHARES JP MORGAN EM HIGH YIELD BOND ETF,-5,217f0e15030352edfbc708ca4f1498e53533fa11a4633e50fc9697814e00366e,2751
Equity.US.EMM6/USD,US,EMM6,USD,DEPRECATED FEED - PYTH PRICE IN USD FOR S&P 500 INDEX E-MINI FUTURES 18 JUNE 202,-5,04cc691c76057c7756eb6e479e8c4754e0c3ae39ba079ff58e5e7ab77e303c91,3034
Equity.US.EMN/USD,US,EMN,USD,EASTMAN CHEMICAL COMPANY / US DOLLAR,-5,7caa8b2689bd66b4ff025a0f2bef623b356f4904fc4b4323453126b0ba77f104,1105
Equity.US.EMR/USD,US,EMR,USD,EMERSON ELECTRIC CO / US DOLLAR,-5,e1c0e5aaf1842d3efb806d14a7cd21160d4b7c0f96746e0fa1227ae961bf3929,1106
Equity.US.EMU5/USD,US,EMU5,USD,EM U5 19 SEPTEMBER 2025 / US DOLLAR,-5,5e2e8fcd3c2b6f4d56265feca3106aa22fc4f7998857a6b6191321eeead2f2fb,2283
Equity.US.EMU6/USD,US,EMU6,USD,PYTH PRICE IN USD FOR S&P 500 INDEX E-MINI FUTURES 18 SEPTEMBER 2026,-5,d2b78de5e07d7d29ea1a26a9cfc0a1dd3fb22619616cae0d9ad7debdd49d31e3,3145
Equity.US.EMXC/USD,US,EMXC,USD,ISHARES MSCI EMERGING MARKETS EX CHINA ETF,-5,c57e2259f8a83562b76826ce6aafa54309995b0121dd8be6050352170815dedc,2752
Equity.US.EMZ5/USD,US,EMZ5,USD,PYTH PRICE IN USD FOR S&P 500 INDEX E-MINI FUTURES 19 DECEMBER 2025,-5,2f007d2339327f9be181b61354ca0ec579d8c4ed37d575bb66921109ebffc2c9,2284
Equity.US.EMZ6/USD,US,EMZ6,USD,PYTH PRICE IN USD FOR S&P 500 INDEX E-MINI FUTURES 18 DECEMBER 2026,-5,,3333
Equity.US.ENHA/USD,US,ENHA,USD,A PARADISE ACQUISITION CORP / US DOLLAR,-5,f62897653d1692c3533370daf1b75dbce8cc2bf155dd782cc5da87a9cbb5dfce,3166
Equity.US.ENPH/USD,US,ENPH,USD,ENPHASE ENERGY INC / US DOLLAR,-5,5ec583659f690a921cd7a5be9dd2730d67b2541528ca5b1ff99df3e5d44bbedb,1107
Equity.US.ENTG/USD,US,ENTG,USD,ENTEGRIS INC COM / US DOLLAR,-5,,3476
Equity.US.EOG/USD,US,EOG,USD,EOG RESOURCES INC / US DOLLAR,-5,8a6a338e7cd256a83e4f27d7cf7ebe4983cae694a00762ef25c6c7da5607124e,1108
Equity.US.EPAM/USD,US,EPAM,USD,EPAM SYSTEMS INC / US DOLLAR,-5,71964eba24eb7fb3b8be60d8c2a4809f1eb6574cba978cab0795b65ba6f32646,1109
Equity.US.EQIX/USD,US,EQIX,USD,EQUINIX INC / US DOLLAR,-5,66eb6cfa3a28e8e7cad538a55872ac0e41a2741ca66a29c1dc5540f2b1fb6fb6,1110
Equity.US.EQR/USD,US,EQR,USD,EQUITY RESIDENTIAL / US DOLLAR,-5,788fd7744aac2f3ec325be7a944aa6620102f961dac93ca28f752f0b442b4874,1111
Equity.US.EQT/USD,US,EQT,USD,EQT CORPORATION / US DOLLAR,-5,ad81a87631f8ab7f09897d7001e46e206afa727c419d93f31591a8edefdf37cb,1112
Equity.US.ERIC/USD,US,ERIC,USD,TELEFONAKTIEBOLAGET LM ERICSSON ADR / US DOLLAR,-5,,3226
Equity.US.ERIE/USD,US,ERIE,USD,ERIE INDEMNITY COMPANY / US DOLLAR,-5,4b2dcf7c46475fe5a08554af8528a9fdcf2596ce3db92c29aacdf2004795a72d,1113
Equity.US.ES/USD,US,ES,USD,EVERSOURCE ENERGY / US DOLLAR,-5,e0b9598e00ab485a49941feceb653d02e7b50f8e0074d5fab1d561add4f8c125,1114
Equity.US.ESGD/USD,US,ESGD,USD,ISHARES ESG AWARE MSCI EAFE ETF / US DOLLAR,-5,,3105
Equity.US.ESGE/USD,US,ESGE,USD,ISHARES ESG AWARE MSCI EM ETF / US DOLLAR,-5,,3111
Equity.US.ESGV/USD,US,ESGV,USD,VANGUARD ESG US STOCK ETF,-5,e5a1073121dae72c9a60bfd80ef294efb9197da16348fa1919f141bd346b07d0,2753
Equity.US.ESLT/USD,US,ESLT,USD,ELBIT SYSTEMS / US DOLLAR,-5,9b0641170ce2cb1173874fb5077ef377aa3726e91b8a8309eb57d1840506d473,2285
Equity.US.ESS/USD,US,ESS,USD,ESSEX PROPERTY TRUST INC / US DOLLAR,-5,cac64835d33852ea56d0da42bc2057a1e5baa66360ba368630e0cabc1b9fa2bc,1115
Equity.US.ETHA/USD,US,ETHA,USD,ISHARES ETHEREUM TRUST ETF,-5,188bdefa94c2f8b3878ebcd98f65551dbc2091f250ae6780719184821b1a0e1c,2754
Equity.US.ETHU/USD,US,ETHU,USD,2X ETHER ETF,-5,e849742f9ed6edd3fd1385db445afad7de2b7f7786d16ca44994320102cf25ed,2755
Equity.US.ETHV/USD,US,ETHV,USD,VANECK ETHEREUM ETF,-5,6c17516f75b27a628cd9df33f0bc7614a84fff85733d6a8c1945a7c6d4072234,2756
Equity.US.ETN/USD,US,ETN,USD,EATON CORPORATION PLC / US DOLLAR,-5,b1cf984febc32fbd98f0c5d31fed29d050d56a272406bae9de64dd94ba7e5e1e,1116
Equity.US.ETOR/USD,US,ETOR,USD,ETORO GROUP LTD / US DOLLAR,-5,6e9f57aa7280286e0b0c6f5fe7a71dc3f78785548e351107067772a5f63bf971,2356
Equity.US.ETR/USD,US,ETR,USD,ENTERGY CORPORATION / US DOLLAR,-5,dd3baa1ebafa53b0a8b1e208f2e8df9dfed597f8b93d0fead0e84d8f4a0336d9,1117
Equity.US.ETU/USD,US,ETU,USD,E2GOLD INC,-5,f72ae2014e74651238cf0d94af7192a1f6dfcc30132d45ad848adbe95a789d6f,2757
Equity.US.EUAD/USD,US,EUAD,USD,SELECT STOXX EUROPE AEROSPACE & DEFENSE ETF,-5,51988caf6104feb1033c404a6ce0d3f952181476eaaf532b8e0c59bffb4a44c0,2758
Equity.US.EVRG/USD,US,EVRG,USD,EVERGY INC / US DOLLAR,-5,8fa90a86d593ae81e23fe16272b1d572d971d4f7a749e01841b91fec6d24e10e,1118
Equity.US.EVUS/USD,US,EVUS,USD,ISHARES ESG AWARE MSCI USA VALUE ETF,-5,f9c1f752686aa0342289756a99cbfab749e52833fec5c8b5cbeeb26234d34c92,2759
Equity.US.EW/USD,US,EW,USD,EDWARDS LIFESCIENCES CORPORATION / US DOLLAR,-5,54a39d1072d96389f124055a1da65d20f3b130719a2b615009ef30afecc7146a,1119
Equity.US.EWG/USD,US,EWG,USD,ISHARES MSCI GERMANY ETF / US DOLLAR,-5,,3113
Equity.US.EWH/USD,US,EWH,USD,ISHARES MSCI HONG KONG ETF / US DOLLAR,-5,5c7e5c28ac515e94b0e4c3addeddd10b997d5e389cc6ded138510fe2987f94ec,1120
Equity.US.EWJ/USD,US,EWJ,USD,ISHARES MSCI JAPAN ETF / US DOLLAR,-5,73560d1ee6daf7f322314d58dd8d0eed720fffcab390c1c1d54b5088d92497a2,2971
Equity.US.EWT/USD,US,EWT,USD,ISHARES MSCI TAIWAN ETF / US DOLLAR,-5,,3055
Equity.US.EWY/USD,US,EWY,USD,ISHARES MSCI SOUTH KOREA ETF / US DOLLAR,-5,7be2b3f9f9d02b1ffcf61fc26ad5cc6aff4dd02044f9abc22ee57f37b3b5d2e5,2944
Equity.US.EWZ/USD,US,EWZ,USD,ISHARES MSCI BRAZIL ETF,-5,2b196f0db8ac6805b970154cf4b69365e496830a6d17c17f46f3c682dad47b33,2760
Equity.US.EXC/USD,US,EXC,USD,EXELON CORPORATION / US DOLLAR,-5,9beecfa17137405edde62ca98241e24c86d217282f8e193ee6c8fc40aae01092,1121
Equity.US.EXE/USD,US,EXE,USD,EXPAND ENERGY INC / US DOLLAR,-5,4133729094ce33b46a9f0ac2341333489282512991d786ce1e10ad270f3d9e31,2286
Equity.US.EXOD/USD,US,EXOD,USD,EXODUS MOVEMENT INC / US DOLLAR,-5,eb177413dfa4a455737b1427643ad43842f054625f85379eb154a3c790745d18,2946
Equity.US.EXPD/USD,US,EXPD,USD,EXPEDITORS INTERNATIONAL OF WASHINGTON INC / US DOLLAR,-5,6aae0b67e75b4ebd942e31b61020aa08489b33787256e66e63c7f5085eba47e6,1122
Equity.US.EXPE/USD,US,EXPE,USD,EXPEDIA GROUP INC / US DOLLAR,-5,1aed988d2a3349d64e8a34c0d71535e01d17bf6b80c4d99138288af251822552,1123
Equity.US.EXR/USD,US,EXR,USD,EXTRA SPACE STORAGE INC / US DOLLAR,-5,0b47051e9531b81dc79bfdaa7f2483d23a7eb2f99b6816c815284a6fdef83346,1124
Equity.US.EZBC/USD,US,EZBC,USD,FRANKLIN BITCOIN ETF / US DOLLAR,-5,337611acbeb14ef4ea0d754226bc8b900ff5fd2e469e762a4b135034c3ed9897,1125
Equity.US.EZET/USD,US,EZET,USD,FRANKLIN ETHEREUM ETF,-5,e6b6240dcc08a274faaec4e124315610db24cd2bf5e73688a58ae0744223d2ba,2761
Equity.US.EZU/USD,US,EZU,USD,ISHARES MSCI EUROZONE ETF,-5,40f73542415a46944f1288a02e2f6ab171e76932cd44fc131088b415856cbafc,2762
Equity.US.F/USD,US,F,USD,FORD MOTOR COMPANY / US DOLLAR,-5,6c267962d46cec4a5baf6105de67ef08e1306f75973ce6eb8db8527f06e28f33,1126
Equity.US.FANG/USD,US,FANG,USD,DIAMONDBACK ENERGY INC / US DOLLAR,-5,d3d57d3634cff1c062a1b87cc93a92b8dacc6537f9f7d155e81ed48bb9fd75f9,1127
Equity.US.FAST/USD,US,FAST,USD,FASTENAL COMPANY / US DOLLAR,-5,f5d11dd2f66a2cc27fa25caf2c7fd45caa33045e8e3d55dc825ca830c68397b5,1128
Equity.US.FBCG/USD,US,FBCG,USD,FIDELITY BLUE CHIP GROWTH ETF,-5,7c7d386fadaa65675c85071250a443a19ab520f8c7bc3a84cb34a83741a00dfb,2763
Equity.US.FBTC/USD,US,FBTC,USD,FIDELITY WISE ORIGIN BITCOIN TRUST / US DOLLAR,-5,b3a76e70a55517e0405cc90a2545de4c30413c13c532caf96a734103ec4259e9,1129
Equity.US.FCDH6/USD,US,FCDH6,USD,DEPRECATED FEED - FCD H6 30 MARCH 2026 / US DOLLAR,-5,7bdbdf81701816941e28e581a7789fbbc36153ec4a4d6abaa0622381cef0ccc5,2915
Equity.US.FCDM6/USD,US,FCDM6,USD,FCD M6 29 JUNE 2026 / US DOLLAR,-5,cd1e6e9da2f301a64debfc04138914ac95247542dd44f9542ff2031977fd3603,2916
Equity.US.FCDU6/USD,US,FCDU6,USD,FCD U6 29 SEPTEMBER 2026 / US DOLLAR,-5,f584db2cce5b309a8767f852d4b4a67d96cadf8da10c064e77319a42c8fd0362,2917
Equity.US.FCNCA/USD,US,FCNCA,USD,FIRST CITIZENS BANCSHARES INC DELAWARE CLASS A,-5,97ef77ead4c77fb95010b1361387272a6813de89cffe615aea7274f10f1bfcc5,2764
Equity.US.FCX/USD,US,FCX,USD,FREEPORT-MCMORAN INC / US DOLLAR,-5,2b5735ead9b057b3fb96a422740ab26bdfcb1f2b5d4cd9d052f45311ef0f2952,1130
Equity.US.FDS/USD,US,FDS,USD,FACTSET RESEARCH SYSTEMS INC / US DOLLAR,-5,071301c678e65e5e0530e6f8ff4eb655e23ff0252bb7f4112c89b2496329ab15,1131
Equity.US.FDX/USD,US,FDX,USD,FEDEX CORPORATION / US DOLLAR,-5,1d36f0faa0688b4250f12560718e9989138e20a3a8a77c0b4144792e363a6cb0,1132
Equity.US.FDXF/USD,US,FDXF,USD,FEDEX FREIGHT HOLDING COMPANY INC / US DOLLAR,-5,1d36f0faa0688b4250f12560718e9989138e20a3a8a77c0b4144792e363a6cb0,3312
Equity.US.FE/USD,US,FE,USD,FIRSTENERGY CORP / US DOLLAR,-5,0c1b5aa4ee8447c6251ddf07225edf15d4e6b9796a59afc349a3a9c4575e2c1f,1133
Equity.US.FERG/USD,US,FERG,USD,FERGUSON ENTERPRISES INC,-5,0662e765a145ce6d7bfa0251da10c9d2c7125916ecd1e2174f65ffe50c4fa83c,2765
Equity.US.FETH/USD,US,FETH,USD,FIDELITY ETHEREUM FUND,-5,f3aef4816a431a20179df60ce8d55d7b72eab4a407a2936d36c73b6f8168c98e,2766
Equity.US.FFIV/USD,US,FFIV,USD,F5 INC / US DOLLAR,-5,730aa1975c578f652b6f48667a8bc4ab1e499273cb4742198075b5494b47a29e,1134
Equity.US.FGI/USD,US,FGI,USD,FGI INDUSTRIES LTD,-5,1099ffa538740f90d3ee9ad20569db9e1b4cbac1c3617f8ca8dc966e0fa7b5f7,2767
Equity.US.FICO/USD,US,FICO,USD,FAIR ISAAC CORPORATION / US DOLLAR,-5,84df202649f46e6362e38abcf5cd6947bc7e4379e8e281f1d02b382355c13aa3,1136
Equity.US.FIG/USD,US,FIG,USD,FIGMA INC / US DOLLAR,-5,e6af4d828b88cd3b40cb34686e61157d3fa37c1aa20ca2b99453aae62619b351,2287
Equity.US.FIGR/USD,US,FIGR,USD,FIGURE TECHNOLOGY SOLUTIONS INC / US DOLLAR,-5,ed3eb3353fd34a90ee3613defda80c11ae2b58c04ddcfd4ff351c3c66e9629b3,2357
Equity.US.FIS/USD,US,FIS,USD,FIDELITY NATIONAL INFORMATION SERVICES INC / US DOLLAR,-5,50e1734e9f300ebe0af038055c76c1495a3b7a6389edce24eedcb1df9061120d,1137
Equity.US.FISV/USD,US,FISV,USD,FISERV INC / US DOLLAR,-5,4ba8ac75eba39c9cc1851bc880d4274262e621df32284ab23064865b7dc5ab44,1135
Equity.US.FITB/USD,US,FITB,USD,FIFTH THIRD BANCORP / US DOLLAR,-5,46a08c0ec7e78c610b835e7e6268f1f6aea10788890b2d72057f7a62a646ab2d,1138
Equity.US.FIX/USD,US,FIX,USD,COMFORT SYS USA INC COM / US DOLLAR,-5,,3477
Equity.US.FLD/USD,US,FLD,USD,FOLD HOLDINGS INC / US DOLLAR,-5,b61992ed4b3c601ffac3d708d0497d0e8ec656e7d53604bfa1ce5eb0467df7a2,2358
Equity.US.FLEX/USD,US,FLEX,USD,FLEXTRONICS INTERNATIONAL LTD / US DOLLAR,-5,68799c6196bad6e233c747cfa4a92897a88375268b406a81ca47df277e839d50,3277
Equity.US.FLNC/USD,US,FLNC,USD,FLUENCE ENERGY INC / US DOLLAR,-5,,3303
Equity.US.FLOT/USD,US,FLOT,USD,ISHARES $ FLOATING RATE BD UCITS ETF USD DIST,-5,a521273e173ca6170ebe2cb1800eadcf12ad44680af61e6b6d45d87d8ccea4c4,2768
Equity.US.FLUT/USD,US,FLUT,USD,FLUTTER ENTERTAINMENT PLC,-5,28b4e628c91cbfe3e02bef0ffc4b0d2a0ee22f9f4d8f7c0fd2bb4763b1df36e3,2769
Equity.US.FLY/USD,US,FLY,USD,FIREFLY AEROSPACE INC / US DOLLAR,-5,,3140
Equity.US.FMC/USD,US,FMC,USD,FMC CORPORATION / US DOLLAR,-5,44955964544081c152e716f67f166083123d902d9436d2ea555e001ce2645860,1139
Equity.US.FNF/USD,US,FNF,USD,FIDELITY NATL FINL INC COM SHS / US DOLLAR,-5,,3478
Equity.US.FORD/USD,US,FORD,USD,FORWARD INDSUTRIES INC / US DOLLAR,-5,,2359
Equity.US.FOX/USD,US,FOX,USD,FOX CORPORATION / US DOLLAR,-5,a39fde03881da4314af515f7ab59e66e111552935e3fe9727a721491105d1f3f,1140
Equity.US.FOXA/USD,US,FOXA,USD,FOX CORPORATION / US DOLLAR,-5,31b0d22a8ef589d5cd9541d598d95ccc4b7a15fc427fa710e9214bfb3a8bf57b,1141
Equity.US.FRDM/USD,US,FRDM,USD,FREEDOM 100 EMERGING MARKETS ETF,-5,100565abd1ea8c54119f8d65449661e24d2ab56fae22cebe8376321076e15b31,2770
Equity.US.FRT/USD,US,FRT,USD,FEDERAL REALTY INVESTMENT TRUST / US DOLLAR,-5,5626d50ed29cdc5774f52ebef13b61df4767c871bba385d44fb1a2875977eb8b,1142
Equity.US.FSLR/USD,US,FSLR,USD,FIRST SOLAR INC / US DOLLAR,-5,787a166618ea8831a100371b51be91328b0171d0ac57265007b30f10e03de4e6,1143
Equity.US.FTAI/USD,US,FTAI,USD,FTAI AVIATION LTD SHS / US DOLLAR,-5,,3479
Equity.US.FTI/USD,US,FTI,USD,TECHNIPFMC PLC COM / US DOLLAR,-5,,3480
Equity.US.FTNT/USD,US,FTNT,USD,FORTINET INC / US DOLLAR,-5,7c09a3b332c3efc8c9a90da4ab26bb9eca53e1f147a0960cf458980d1aba97ef,1144
Equity.US.FTV/USD,US,FTV,USD,FORTIVE CORPORATION / US DOLLAR,-5,8872d930ce5c58a3a4dab23a34e4bcdb6b0793573723c9a1945bcdd6e097b83c,1145
Equity.US.FUTU/USD,US,FUTU,USD,FUTU HOLDINGS LTD / US DOLLAR,-5,e6d51d83a2d18919bf5c57604bf3bf581d65efe34d232ba1d0ef33eca03c983f,2771
Equity.US.FWDI/USD,US,FWDI,USD,FORWARD INDUSTRIES INC / US DOLLAR,-5,a41c677511649aaf529a1e5c30294849749e7b218c23bbcdaba602f9246e0c50,2948
Equity.US.FWONA/USD,US,FWONA,USD,LIBERTY MEDIA CORP SERIES A LIBERTY FORMULA ONE / US DOLLAR,-5,cc22d3595e52bc70aced61fa245254dc417dd365b7c5150e1b2e5d4f5cbfba8a,2360
Equity.US.FWONK/USD,US,FWONK,USD,LIBERTY MEDIA CORP DEL COM LBTY ONE S C / US DOLLAR,-5,,3481
Equity.US.FXI/USD,US,FXI,USD,ISHARES CHINA LARGE-CAP ETF / US DOLLAR,-5,,3074
Equity.US.GAME/USD,US,GAME,USD,GAMESQUARE HOLDINGS INC / US DOLLAR,-5,4129141c028853883609ea6207591feded61d132bd1c51995d6fa3e5d5ccbe4c,2412
Equity.US.GBTC/USD,US,GBTC,USD,GRAYSCALE BITCOIN TRUST / US DOLLAR,-5,dc1498a077fef2b6e139e6212da2849c6c64a60f3ce9e13634aea9cf7ff7cae5,1146
Equity.US.GD/USD,US,GD,USD,GENERAL DYNAMICS CORPORATION / US DOLLAR,-5,894e9c429f83fe4f35fda679568348418bafe5a0a68e1cccc8e51a137e879ce9,1147
Equity.US.GDDY/USD,US,GDDY,USD,GODADDY INC / US DOLLAR,-5,db81d5006b97f915f7f34bd396df8cc84c436e4e76f3849ae6e70ad2585fdf0d,1148
Equity.US.GDMN/USD,US,GDMN,USD,WISDOMTREE EFFICIENT GOLD PLUS GOLD MINERS STR FD,-5,7e28a7eb98b192e9ea5d17365b7542b132ac5338ed534b94c6072d07aa2961b8,2772
Equity.US.GDX/USD,US,GDX,USD,VANECK GOLD MINERS ETF,-5,be25a3ca6904edff6de0a1c3ad5a9eaf12a87bced4d1c7823d7afe16160001f6,2773
Equity.US.GDXJ/USD,US,GDXJ,USD,VANECK JUNIOR GOLD MINERS ETF,-5,7f07da3d8355f59f3a465e9e6e0f458cfbd1ec8708135375eacc454560793e63,2774
Equity.US.GE/USD,US,GE,USD,GENERAL ELECTRIC COMPANY / US DOLLAR,-5,e1d3115c6e7ac649faca875b3102f1000ab5e06b03f6903e0d699f0f5315ba86,1149
Equity.US.GEHC/USD,US,GEHC,USD,GE HEALTHCARE TECHNOLOGIES INC / US DOLLAR,-5,673e1dd093b996eeec37946467e9ad79dc4a613ba8c1c9c06ce2a0ae605051f3,1150
Equity.US.GEMI/USD,US,GEMI,USD,GEMINI SPACE STATION INC / US DOLLAR,-5,de1fdd2dcc39d01c5913c60f9d03f5da8070ac14f1f04074e94eddaf04d9dbb1,2361
Equity.US.GEN/USD,US,GEN,USD,GEN DIGITAL INC / US DOLLAR,-5,1112194b9abe505c202d243be6f5de5a9c80e40a09082e07f06b6805d04ae54d,1151
Equity.US.GENI/USD,US,GENI,USD,GENIUS SPORTS LTD / US DOLLAR,-5,cf48105b97cb001e2d51955f21a7519a462a0f756460747fd4da71ac70caf098,2362
Equity.US.GEV/USD,US,GEV,USD,GE VERNOVA INC / US DOLLAR,-5,57e28b0f0ab18923f5c987629c0c714b9b46c87e729ed95ed6e23e466e8d1e0c,1152
Equity.US.GEVX/USD,US,GEVX,USD,TRADR 2X LONG GEV DAILY ETF,-5,f6281863cd367f37a1b11a67b6ea28f64fabfd765adf422d186d7871d45eb49e,2775
Equity.US.GFS/USD,US,GFS,USD,GLOBALFOUNDRIES INC / US DOLLAR,-5,8cbec525dd085e025e7a4cb0fa5041a9db203ff0ed5919d9f14e61fff8bfe062,1153
Equity.US.GGG/USD,US,GGG,USD,GRACO INC COM / US DOLLAR,-5,,3482
Equity.US.GILD/USD,US,GILD,USD,GILEAD SCIENCES INC / US DOLLAR,-5,29148f7de5819fe7467e99f5f0b22e8fb124d958d8f668c3c17e607d7ed1eb09,1154
Equity.US.GIS/USD,US,GIS,USD,GENERAL MILLS INC / US DOLLAR,-5,771e3685ccdb5ea732fc6e562b72d9f9217823d7ab4884acb2d085c4ee0bc8a0,1155
Equity.US.GL/USD,US,GL,USD,GLOBE LIFE INC / US DOLLAR,-5,d7e307b27dd075c7296b0e75e14a481b3adb588be47ca032403e1d721e3e352c,1156
Equity.US.GLCNF/USD,US,GLCNF,USD,DEPRECATED FEED - GLENCORE / US DOLLAR,-5,63ef768807de89d4b21c1efbb938923813cb6e043759c4019540f5d94825698e,1687
Equity.US.GLD/USD,US,GLD,USD,SPDR GOLD SHARES ETF / US DOLLAR,-5,e190f467043db04548200354889dfe0d9d314c08b8d4e62fabf4d5a3140fecca,1157
Equity.US.GLPI/USD,US,GLPI,USD,GAMING & LEISURE P COM / US DOLLAR,-5,,3483
Equity.US.GLW/USD,US,GLW,USD,CORNING INCORPORATED / US DOLLAR,-5,6ef62b860055ef6819af274064e5aa597aa9d0963ce3109c51d996264844776e,1158
Equity.US.GLXY/USD,US,GLXY,USD,GALAXY DIGITAL / US DOLLAR,-5,67e031d1723e5c89e4a826d80b2f3b41a91b05ef6122d523b8829a02e0f563aa,2288
Equity.US.GM/USD,US,GM,USD,GENERAL MOTORS COMPANY / US DOLLAR,-5,df8109bbec79e2b24ce326c3be5ca0036a88ed20800ec0aa54ccc2bc7811bd3b,1159
Equity.US.GMBXF/USD,US,GMBXF,USD,DEPRECATED FEED - GRUPO MEXICO / US DOLLAR,-5,a54d01262b4a82334e828d835eb4975a772303ad39e2ff20a146fc1d80bb4e45,1688
Equity.US.GME/USD,US,GME,USD,GAMESTOP CORP. / US DOLLAR,-5,6f9cd89ef1b7fd39f667101a91ad578b6c6ace4579d5f7f285a4b06aa4504be6,1160
Equity.US.GMEU/USD,US,GMEU,USD,T-REX 2X LONG GME DAILY TARGET ETF,-5,8d0227ea7fbda5e4bafaa3fde50e3320577ea288d7285b9c4f25af330571af80,2776
Equity.US.GNRC/USD,US,GNRC,USD,GENERAC HOLDINGS INC / US DOLLAR,-5,27514c8e57a0fad5e095546852c0903319b66ab07f7526b5ac1540886d6d944e,1161
Equity.US.GOOG/USD,US,GOOG,USD,ALPHABET INC CLASS C / US DOLLAR,-5,e65ff435be42630439c96396653a342829e877e2aafaeaf1a10d0ee5fd2cf3f2,1162
Equity.US.GOOGL/USD,US,GOOGL,USD,ALPHABET INC CLASS A / US DOLLAR,-5,5a48c03e9b9cb337801073ed9d166817473697efff0d138874e0f6a33d6d5aa6,1163
Equity.US.GOOGL/USD.EXT,US,GOOGL,USD,DEPRECATED FEED - ALPHABET INC CLASS A / US DOLLAR - EXTENDED HOURS,-5,f3926e605ff67ccbc8089cdc5569dacbc417e2df85c35c1a06c9af053ec51231,1689
Equity.US.GOOX/USD,US,GOOX,USD,T-REX 2X LONG ALPHABET DAILY TARGET ETF,-5,695d1048d93791a8276492608d423fdac591168d39faad92a9ee8f0f5bb14c7c,2777
Equity.US.GOVT/USD,US,GOVT,USD,ISHARES US TREASURY BOND ETF / US DOLLAR,-5,e0f87bbde799f33615b83a601b66415e850788000cd7286a3e7295f23c1bb353,1164
Equity.US.GOVZ/USD,US,GOVZ,USD,ISHARES 25+ YEAR TREASURY STRIPS BOND ETF,-5,9f37d08138cead58949ed13a23e8d01f1c4049e8d9ec74a677a5bc8f7a823321,2778
Equity.US.GPC/USD,US,GPC,USD,GENUINE PARTS COMPANY / US DOLLAR,-5,045d3f99bd576f475f195276d699ad1dbeedfcab92f29f1b8159f02bd9ee07d7,1165
Equity.US.GPN/USD,US,GPN,USD,GLOBAL PAYMENTS INC / US DOLLAR,-5,cb179114c1a25a33def036ff8a3bf7260cd8035b7e3225e84754953f91e7e2f5,1166
Equity.US.GRAB/USD,US,GRAB,USD,GRAB HOLDINGS LTD,-5,be0e2b42aa0859682609decb790cd51832700fef549f59b5eb595221b6c3833c,2779
Equity.US.GRMN/USD,US,GRMN,USD,GARMIN LTD / US DOLLAR,-5,14226b55af532f2fdea5928cff806c6073f67da5b9333672f709e7cf1e5ee7c6,1167
Equity.US.GRND/USD,US,GRND,USD,GRINDR INC / US DOLLAR,-5,ca320d73da49ed89083480db02fbe5cd352d8bd98c9c7310336c82c32f9dbbd6,1690
Equity.US.GS/USD,US,GS,USD,GOLDMAN SACHS GROUP INC / US DOLLAR,-5,9c68c0c6999765cf6e27adf75ed551b34403126d3b0d5b686a2addb147ed4554,1168
Equity.US.GSST/USD,US,GSST,USD,GOLDMAN SACHS ULTRA SHORT BOND ETF,-5,35065cbc26a8b22b069f91e4e4ddd07a8539065c6036d6b3ce72cfaf5690f0e0,2780
Equity.US.GVI/USD,US,GVI,USD,ISHARES INTERMEDIATE GOVT/CREDIT BOND ETF,-5,957b009189819dd65747ab75119523d4ee36fcd9fd5c2e6a9440fcfeaec22a17,2781
Equity.US.GWW/USD,US,GWW,USD,WW GRAINGER INC / US DOLLAR,-5,bf20e149c45ec15b78eb4a61d0bbae625acc0dadacf9c3b76c3bb8de9346d3ec,1169
Equity.US.HAL/USD,US,HAL,USD,HALLIBURTON COMPANY / US DOLLAR,-5,8ecca7012d5cd82620c1222acd6296cb4a34fea7dae4bf93bc51ddc471830a53,1170
Equity.US.HAS/USD,US,HAS,USD,HASBRO INC / US DOLLAR,-5,ab3a0f9d8e8565e58225a4e8bbe6bdf0ae8894aa3a1081aec1cf728fa61d7e4f,1171
Equity.US.HBAN/USD,US,HBAN,USD,HUNTINGTON BANCSHARES INCORPORATED / US DOLLAR,-5,92594609a3d435e8e880e36f6ac87794edbe9d3ac3df18fbfdab3b5dd33425db,1172
Equity.US.HCA/USD,US,HCA,USD,HCA HEALTHCARE INC / US DOLLAR,-5,dc85ae0ea74bb56972b162f1c9c48727015b774c25fd0e3c150cc18ce28bf2e5,1173
Equity.US.HD/USD,US,HD,USD,HOME DEPOT INC / US DOLLAR,-5,b3a83dbe70b62241b0f916212e097465a1b31085fa30da3342dd35468ca17ca5,1174
Equity.US.HEFA/USD,US,HEFA,USD,ISHARES CURRENCY HEDGED MSCI EAFE ETF,-5,5cb302308aa29c49bc3044764e4cdd8ffae053913a6f6ee5a3953cab65aab7ce,2782
Equity.US.HEIa/USD,US,HEIa,USD,HEICO CORP NEW CL A / US DOLLAR,-5,,3484
Equity.US.HES/USD,US,HES,USD,HESS CORPORATION / US DOLLAR,-5,1c4a7344f8bd0e536c5430c55af295a31748ced0f0a4ebe13a491bf282d7c499,1175
Equity.US.HIG/USD,US,HIG,USD,THE HARTFORD FINANCIAL SERVICES GROUP INC / US DOLLAR,-5,b8a84e7acb92be6f24b60cec80e87b84ec46780774e15d9791fc018b7ad49492,1176
Equity.US.HII/USD,US,HII,USD,HUNTINGTON INGALLS INDUSTRIES INC / US DOLLAR,-5,659c675091db659251f2077293bf9e71aef2c978dd729c2be66cec0d41c1d671,1177
Equity.US.HIMS/USD,US,HIMS,USD,HIMS & HERS HEALTH INC,-5,2132cbc333161e94b91da745ed73b1450410fdc870f2235bf628c28da358b652,2289
Equity.US.HIMU/USD,US,HIMU,USD,ISHARES HIGH YIELD MUNI ACTIVE ETF,-5,818611145438d1a5dd0a010e64f160f87d97d700b8f8409c6d89d2bd1e08fa56,2783
Equity.US.HLT/USD,US,HLT,USD,HILTON WORLDWIDE HOLDINGS INC / US DOLLAR,-5,02e83f2c834b9f2e495066b17da13c7caa5551a8378c6dff7f217166d9194588,1178
Equity.US.HODL/USD,US,HODL,USD,VANECK BITCOIN TRUST / US DOLLAR,-5,69f766aa85e9273ab49eaafcfbf054dc12fdba781e4029ebd1c3993d5d5246c2,1179
Equity.US.HOLX/USD,US,HOLX,USD,DEPRECATED FEED - HOLOGIC INC / US DOLLAR,-5,7c19118ae1715b2b289d122ef5983fd31231e31e410937cbb64aa307ac91dcea,1180
Equity.US.HON/USD,US,HON,USD,HONEYWELL INTERNATIONAL INC / US DOLLAR,-5,107918baaaafb79cd9df1c8369e44ac21136d95f3ca33f2373b78f24ba1e3e6a,1181
Equity.US.HONA/USD,US,HONA,USD,HONEYWELL AEROSPACE / US DOLLAR,-5,,3362
Equity.US.HOOD/USD,US,HOOD,USD,ROBINHOOD MARKETS INC / US DOLLAR,-5,306736a4035846ba15a3496eed57225b64cc19230a50d14f3ed20fd7219b7849,1182
Equity.US.HOOD/USD.EXT,US,HOOD,USD,DEPRECATED FEED - ROBINHOOD MARKETS INC / US DOLLAR - EXTENDED HOURS,-5,8e3f6ab83aaabb0b7e565d3e89c323903083cd5f127fd033246ac5b69de6518e,1691
Equity.US.HOOW/USD,US,HOOW,USD,ROUNDHILL HOOD WEEKLYPAY ETF,-5,a5c65e9d0db2c02d7f41806068328cf80e9ea53f847b258ce7e72512a214c0ab,2784
Equity.US.HPE/USD,US,HPE,USD,HEWLETT PACKARD ENTERPRISE COMPANY / US DOLLAR,-5,069b87074893c37fd250990df7409d7e19cd649bea8e28904a0fd49915f4e53a,1183
Equity.US.HPQ/USD,US,HPQ,USD,HP INC / US DOLLAR,-5,d1d6eb75702d0e80582c2d5a2df1849b9c83d7afbe99a2d474317f1f356e5659,1184
Equity.US.HRL/USD,US,HRL,USD,HORMEL FOODS CORPORATION / US DOLLAR,-5,b0dd9f829e915a1c103427394ff479da7f1de2b0e8fdad3d3b46012c37b05ac9,1185
Equity.US.HSDT/USD,US,HSDT,USD,SOLANA CO / US DOLLAR,-5,0f62d775396f303a630eec361709b5eb3126a89e6a73820f3c356d3a9b33dd8f,2945
Equity.US.HSIC/USD,US,HSIC,USD,HENRY SCHEIN INC / US DOLLAR,-5,8397ec3fb0eb764ecc05f530d6fcaa72731517fe919714f43f3bbf9387b1e669,1186
Equity.US.HST/USD,US,HST,USD,HOST HOTELS & RESORTS INC / US DOLLAR,-5,ae35d2d68b05a98d8041dae04fed0a3a6e5a3a1007a5d5d10d62169d208271b8,1187
Equity.US.HSY/USD,US,HSY,USD,THE HERSHEY COMPANY / US DOLLAR,-5,824852f734257f78f21791d6082fa7d3380da95a16d248d50a6e9706d0a0fbec,1188
Equity.US.HUBB/USD,US,HUBB,USD,HUBBELL INCORPORATED / US DOLLAR,-5,492f2b794efb3721b4243406d73cf68f34097b103ba690d0dbcafddb5a10cb7e,1189
Equity.US.HUM/USD,US,HUM,USD,HUMANA INC / US DOLLAR,-5,6469e80c4a4a3bed520e0882051c6f0dbc8d57c217b16662db6cfd3f6288de2c,1190
Equity.US.HWM/USD,US,HWM,USD,HOWMET AEROSPACE INC / US DOLLAR,-5,b8f2bb034ab00c83a9a4e4bc4f8254c139631f56f11deb6f99f00c34ce032478,1191
Equity.US.HYBL/USD,US,HYBL,USD,SPDR BLACKSTONE HIGH INCOME ETF,-5,ddc44bc4aebb695c058a47adc94a37d82fa530d0091cd83c958aa2d38b73b645,2785
Equity.US.HYD/USD,US,HYD,USD,HYDRIX LTD,-5,61dd268ef2c982010e34d919349964496ac773431664565c31236598244bcf45,2786
Equity.US.HYDB/USD,US,HYDB,USD,ISHARES HIGH YIELD SYSTEMATIC BOND ETF,-5,8f34213f987d9adb26c8a2fdbb6e10912d205235155e2183ce49de494e84935a,2787
Equity.US.HYG/USD,US,HYG,USD,ISHARES IBOXX $ HIGH YIELD CORPORATE BOND ETF / US DOLLAR,-5,2077043ee3b67b9a70949c8396c110f6cf43de8e6d9e6efdcbd557a152cf2c6e,1192
Equity.US.HYPD/USD,US,HYPD,USD,HYPERION DEFI INC / US DOLLAR,-5,9c933c8c9c1d11797d31d03b38b19c1b695f7675e5d5dec10ba4c58417181242,2413
Equity.US.IAGG/USD,US,IAGG,USD,ISHARES CORE INTERNATIONAL AGGREGATE BOND ETF,-5,3389f21f2bdfd473ea010bbf7a8cd94418c8fcf0eb1c0afc730c54bb0503b5ff,2788
Equity.US.IAU/USD,US,IAU,USD,ISHARES GOLD TRUST / US DOLLAR,-5,f703fbded84f7da4bd9ff4661b5d1ffefa8a9c90b7fa12f247edc8251efac914,1193
Equity.US.IAUI/USD,US,IAUI,USD,NEOS GOLD HIGH INCOME ETF,-5,b930e2852905154effb904dcb76a351108ab9aab1d4f6e5c41a8d292b8b9179b,2789
Equity.US.IBIT/USD,US,IBIT,USD,ISHARES BITCOIN TRUST / US DOLLAR,-5,9db6bc1e6e9e5e60f6884e1cd8e4399cca9d0454c6e7234ad79680cf139748f5,1194
Equity.US.IBKR/USD,US,IBKR,USD,INTERACTIVE BROKERS GROUP INC / US DOLLAR,-5,7bc24437f08b048cd40716de5193f1aaaf4679040122d0b185841dc67f46781f,3282
Equity.US.IBM/USD,US,IBM,USD,INTERNATIONAL BUSINESS MACHINES CORP / US DOLLAR,-5,cfd44471407f4da89d469242546bb56f5c626d5bef9bd8b9327783065b43c3ef,1195
Equity.US.ICE/USD,US,ICE,USD,INTERCONTINENTAL EXCHANGE INC / US DOLLAR,-5,b2e33e4daa44d9b0c0783ededd335520a0f7eeed7608ff60c93c7c2294b2d813,1196
Equity.US.ICSH/USD,US,ICSH,USD,ISHARES ULTRA SHORT DURATION BOND ACTIVE ETF,-5,8bc234389b5320e00f5c4230bd11f9a34dc93da47821ec469580373ba1990ce5,2790
Equity.US.ICVT/USD,US,ICVT,USD,ISHARES CONVERTIBLE BOND ETF,-5,592adeba677d5607678fb24cedaa4c4868c18a9aa436f342d6a0e57880dd402f,2791
Equity.US.IDEV/USD,US,IDEV,USD,ISHARES CORE MSCI INTERNATIONAL DEVELOPED MARKETS ETF / US DOLLAR,-5,,3102
Equity.US.IDV/USD,US,IDV,USD,ISHARES INTERNATIONAL SELECT DIVIDEND ETF,-5,d69fdba2f246ed5a7567e825fb0009016e7124cd109cd1f1384598bf1386e5f0,2792
Equity.US.IDXX/USD,US,IDXX,USD,IDEXX LABORATORIES INC / US DOLLAR,-5,b28cc2e71cd5b1638c7aeefae54ceed579be828e52a56de0431fd428cca67791,1197
Equity.US.IEF/USD,US,IEF,USD,ISHARES 7-10 YEAR TREASURY BOND ETF / US DOLLAR,-5,034626d18bc711c55c71e27319f8851f483bc08a7f97be2dee9ea8f7ccd59248,1692
Equity.US.IEFA/USD,US,IEFA,USD,ISHARES CORE MSCI EAFE ETF / US DOLLAR,-5,3e959410e8daa7941a4d2179332a3ab1d38e78dd8d83134996e65a3f4352f828,1693
Equity.US.IEMG/USD,US,IEMG,USD,ISHARES CORE MSCI EMERGING MKTS ETF / US DOLLAR,-5,96b1207c795f31283f5e44c527a1db18cacfb68de745a0de326611b0b5af3fc3,1694
Equity.US.IEO/USD,US,IEO,USD,ISHARES US OIL & GAS EXPLORATION & PRODUCTION ETF,-5,3593beb9ef42b2f6cfab0e01647cfbecddeff69f4320675b282125e65e876bcb,2793
Equity.US.IEUR/USD,US,IEUR,USD,ISHARES CORE MSCI EUROPE ETF / US DOLLAR,-5,,3108
Equity.US.IEX/USD,US,IEX,USD,IDEX CORPORATION / US DOLLAR,-5,9e7c3edfc8ebb80bf14d7d9d2ffa589387859b20c401476bbcf69566512c097b,1198
Equity.US.IFF/USD,US,IFF,USD,INTERNATIONAL FLAVORS & FRAGRANCES INC / US DOLLAR,-5,970222a3ff77f133b83c49989d8d8fcbad034fcc601f457e4a45cee6bfe5be36,1199
Equity.US.IFRA/USD,US,IFRA,USD,VANECK FTSE GLOBAL INFRASTRUCTURE HEDGED ETF,-5,9cbe2fe666d6aff31385ab40201543e8a251a0dca437d6eff865c489fdf9301c,2794
Equity.US.IGE/USD,US,IGE,USD,ISHARES NORTH AMERICAN NATURAL RESOURCES ETF,-5,c0948c8763aafa254159835fac7d9cc1f65cb2c370791d7fa52493e0bfe974bd,2795
Equity.US.IGEB/USD,US,IGEB,USD,ISHARES INVESTMENT GRADE SYSTEMATIC BOND ETF,-5,bb3bf79b043e09da5afc161b0e061971f020c6a31983308a3028bde5675e701a,2796
Equity.US.IGF/USD,US,IGF,USD,ISHARES GLOBAL INFRASTRUCTURE ETF / US DOLLAR,-5,,3106
Equity.US.IGV/USD,US,IGV,USD,ISHARES EXPANDED TECH-SOFTWARE SECTOR ETF,-5,43b0e3663be6fe9e5f098eb3b2826f053d182682944717cb0f8c57b04db90867,2797
Equity.US.IJH/USD,US,IJH,USD,ISHARES CORE S&P MID-CAP ETF / US DOLLAR,-5,ab4b0a2fad7f23125a7a94eec46204fcf1ba69bb81d32778db0ba3e66df6772a,1695
Equity.US.IJR/USD,US,IJR,USD,ISHARES CORE S&P SMALL-CAP ETF / US DOLLAR,-5,ca0bac9d1826b4a222320f58d47ed66bdc95722124578ed50803674ccd99a775,1696
Equity.US.ILMN/USD,US,ILMN,USD,ILLUMINA INC COM / US DOLLAR,-5,,3485
Equity.US.INCY/USD,US,INCY,USD,INCYTE CORPORATION / US DOLLAR,-5,7815579f89646eef8d679057e84ffa69158e3f5f1bfa5b5cbd9a65e38a4c2a3a,1200
Equity.US.INDA/USD,US,INDA,USD,ISHARES MSCI INDIA ETF,-5,207d13ab09f413c8855f5c14b7650a2235f37c60eb6274b8a3eb80c2b85fb81c,2798
Equity.US.INOD/USD,US,INOD,USD,INNODATA INC.,-5,,3346
Equity.US.INSM/USD,US,INSM,USD,INSMED INC / US DOLLAR,-5,,3228
Equity.US.INTC/USD,US,INTC,USD,INTEL CORPORATION / US DOLLAR,-5,c1751e085ee292b8b3b9dd122a135614485a201c35dfc653553f0e28c1baf3ff,1201
Equity.US.INTU/USD,US,INTU,USD,INTUIT INC / US DOLLAR,-5,43ef64ff6af44e0648f0328ee56e88fee57943b0aa077c24ef175bb9ecd37133,1202
Equity.US.INTW/USD,US,INTW,USD,GRANITESHARES 2X LONG INTC DAILY ETF / US DOLLAR,-5,,3439
Equity.US.INVH/USD,US,INVH,USD,INVITATION HOMES INC / US DOLLAR,-5,3238d1e2df1760cacca8510e997cf6d45076a1b066e4e201d18881bf27aaf4ba,1203
Equity.US.IONQ/USD,US,IONQ,USD,IONQ INC,-5,6af68a227de372e5d19183679911e468e06d85c013f56c376a78a4d942f8f269,2799
Equity.US.IOO/USD,US,IOO,USD,ISHARES GLOBAL 100 ETF / US DOLLAR,-5,,3109
Equity.US.IOT/USD,US,IOT,USD,SAMSARA INC,-5,,3238
Equity.US.IOVA/USD,US,IOVA,USD,IOVANCE BIOTHERAPEUTICS INC / US DOLLAR,-5,,3297
Equity.US.IP/USD,US,IP,USD,INTERNATIONAL PAPER COMPANY / US DOLLAR,-5,d7b753e70cea474508a2f0cd0ae5b7ac67662eb648a88afe68f04759464ccc8d,1204
Equity.US.IPG/USD,US,IPG,USD,THE INTERPUBLIC GROUP OF COMPANIES INC / US DOLLAR,-5,18044a8755f961d11132e5d46e403143fcae8f789665a941cb5685dcc6c9ff0c,1205
Equity.US.IQLT/USD,US,IQLT,USD,ISHARES MSCI INTL QUALITY FACTOR ETF / US DOLLAR,-5,,3104
Equity.US.IQV/USD,US,IQV,USD,IQVIA HOLDINGS INC / US DOLLAR,-5,eab2a462fdee81002bc99e22cbaceb1b0fcbeceed8fa28a6d2f567880eb24e4d,1206
Equity.US.IR/USD,US,IR,USD,INGERSOLL RAND INC / US DOLLAR,-5,2abd60bfdf45bf74d29e1d4bcc815f0f1a81093cd51f49040e2856b1115fcd08,1207
Equity.US.IREN/USD,US,IREN,USD,IREN LTD / US DOLLAR,-5,ba20f6d5532c07da494da803db2523719d339226e69ade6436e7d2f1047138a5,2363
Equity.US.IRM/USD,US,IRM,USD,IRON MOUNTAIN INCORPORATED / US DOLLAR,-5,dcc697370beafb46fade6467328cd2f268b4b4e41c23b2189e649e21d120d76d,1208
Equity.US.ISRG/USD,US,ISRG,USD,INTUITIVE SURGICAL INC / US DOLLAR,-5,ad4dc1db82c47e0822afef9d9eca7bf693cdad20dd61fcd5aa1b6895b1b90190,1209
Equity.US.IT/USD,US,IT,USD,GARTNER INC / US DOLLAR,-5,22eb56a8faa26639943a3f96ab2b0b5fee3fb9c888789da4107d56ffe0471503,1210
Equity.US.ITA/USD,US,ITA,USD,ISHARES US AEROSPACE & DEFENSE ETF / US DOLLAR,-5,79f7f0b79a6b7fdc0d7d9e8b6337fd709b8eea9dc6f57b6174c84816cae88bfd,1211
Equity.US.ITB/USD,US,ITB,USD,ISHARES US HOME CONSTRUCTION ETF,-5,d1479da5f7df5c248eb764619aa000736647e4adf46c03352df303831b7466b9,2800
Equity.US.ITM/USD,US,ITM,USD,ITM POWER PLC,-5,2387573afb555570706329369316ac17007cbe1651a9bd5bdfd4ddcb10b7602d,2801
Equity.US.ITOT/USD,US,ITOT,USD,ISHARES CORE S&P TOTAL US STOCK MKT ETF / US DOLLAR,-5,de7279ce7d805c43c4893239b77aa07525df93c9f8ede0bd8b3d87609dd80415,1697
Equity.US.ITW/USD,US,ITW,USD,ILLINOIS TOOL WORKS INC / US DOLLAR,-5,2b610a0d95397c20582741b53d61d5e79bab7bebbd5793546e90662f8f6ce0b9,1212
Equity.US.IUSB/USD,US,IUSB,USD,ISHARES CORE TOTAL USD BOND MKT ETF / US DOLLAR,-5,9e530d43756213889ebee4ac3aa0b96f6c7d5f4771e8fb777b76eb5905543d5c,1698
Equity.US.IVE/USD,US,IVE,USD,ISHARES S&P 500 VALUE ETF / US DOLLAR,-5,032a22cf23ae07db0f787cdd9f69b7f41110c0cf3f29923edccbe0d567f99cbb,1699
Equity.US.IVV/USD,US,IVV,USD,ISHARES CORE S&P 500 ETF / US DOLLAR,-5,5967c196ca33171a0b2d140ddc6334b998dd71c2ddd85ba7920c35fd6ed20fe9,1213
Equity.US.IVW/USD,US,IVW,USD,ISHARES S&P 500 GROWTH ETF / US DOLLAR,-5,1b79d5b75253c291cc72d40cc874f468d07c1e6c149ee298a00d8075cb10c2c0,1700
Equity.US.IVZ/USD,US,IVZ,USD,INVESCO LTD / US DOLLAR,-5,45b4d37b660364a2bf23a9bdc0ed53b12b84fb85a334b711ba77d6a6533a3bff,1214
Equity.US.IWB/USD,US,IWB,USD,ISHARES RUSSELL 1000 ETF / US DOLLAR,-5,1154bf293d452777db2e1b96649df3375d068bb0bce604c8c10b02472bd158f4,1701
Equity.US.IWD/USD,US,IWD,USD,ISHARES RUSSELL 1000 VALUE ETF / US DOLLAR,-5,a156d1ca2a4b99c27d8402ec0dd4cad5568d12d3e37764254ab10cc55a8d870c,1702
Equity.US.IWDA/USD,US,IWDA,USD,ISHARES III CORE MSCI WORLD ETF (ACC) / US DOLLAR,-5,043cfcce46f77fb2bc7ab360e7250aa6ab966781bea1cbf6bc5b8ac3e15e6e32,1703
Equity.US.IWF/USD,US,IWF,USD,ISHARES RUSSELL 1000 GROWTH ETF / US DOLLAR,-5,efc46125a2063f8662815a3c5d78f20aa0c4e6dde0862364a6f5d2f47d862ac1,1704
Equity.US.IWM/USD,US,IWM,USD,ISHARES RUSSELL 2000 ETF / US DOLLAR,-5,eff690a187797aa225723345d4612abec0bf0cec1ae62347c0e7b1905d730879,1215
Equity.US.IWMI/USD,US,IWMI,USD,NEOS RUSSELL 2000 HIGH INCOME ETF,-5,a6bf69f08b694f6e1c57f2f537bb6cc8b8187488f29c457d31c6cc7cfbe023cb,2802
Equity.US.IWR/USD,US,IWR,USD,ISHARES RUSSELL MID-CAP ETF / US DOLLAR,-5,216f5e294659837328cfe78f262ab628b83e1f436941b5e43500b48869e4e28e,1705
Equity.US.IXCO/USD,US,IXCO,USD,NASDAQ COMPUTER INDEX / US DOLLAR,-5,053a55af459b1507132903272588d4f3d684150968e7f4e974902ee80e492cec,2290
Equity.US.IXN/USD,US,IXN,USD,ISHARES GLOBAL TECH ETF / US DOLLAR,-5,,3110
Equity.US.IXUS/USD,US,IXUS,USD,ISHARES CORE MSCI TOTAL INTL STOCK ETF / US DOLLAR,-5,65d24596a828114c481bf8632dc1a182b545337dc696538857a54933c2576e8a,1706
Equity.US.IYR/USD,US,IYR,USD,ISHARES US REAL ESTATE ETF,-5,d6cd2561704c5e0b17a40b6875be8035e0271398e4f6bdd6054793e82711dfda,2803
Equity.US.IYRI/USD,US,IYRI,USD,NEOS REAL ESTATE HIGH INCOME ETF,-5,86e8fe580c67dddce4c98afee1d92b8f311d0cf10ec3746bec843929b5c742fc,2804
Equity.US.IYT/USD,US,IYT,USD,ISHARES US TRANSPORTATION ETF,-5,0c405c6a99cee96f0276aafe8f8aaf15b80d6ba0891def95fbb636f131869347,2805
Equity.US.IYW/USD,US,IYW,USD,ISHARES US TECHNOLOGY ETF,-5,b4279985dec1ff91bc9bd6d8b44ed96da6f0446cfca6bc613d23296182f4fdcf,2806
Equity.US.IYZ/USD,US,IYZ,USD,ISHARES US TELECOMMUNICATIONS ETF,-5,dfd5d7a4755a709efeb4a51ff2b80617ca4e8d56bbd490a74d7d6360f65630d4,2807
Equity.US.J/USD,US,J,USD,JACOBS SOLUTIONS INC / US DOLLAR,-5,04ac3a2e7287b5fe9733a415bc7c81d4d4ffdfebc3b7d726b9552623444f8036,1216
Equity.US.JAZZ/USD,US,JAZZ,USD,JAZZ PHARMACEUTICALS PLC SHS USD / US DOLLAR,-5,,3486
Equity.US.JBBB/USD,US,JBBB,USD,JANUS HENDERSON B-BBB CLO ETF,-5,ab86730367d5b90ced16735901fd82e7fdb815f3f04318311e52f994ac266b98,2808
Equity.US.JBHT/USD,US,JBHT,USD,JB HUNT TRANSPORT SERVICES INC / US DOLLAR,-5,27af75b9414384273378f90ccc53bec01dc8adf3662c4f7e6ec0645622af55bb,1217
Equity.US.JBL/USD,US,JBL,USD,JABIL INC / US DOLLAR,-5,d8226a5920c7fbfe9bf9b159ab25855fb07c66b28c0941c1d36b247e382add95,1218
Equity.US.JCI/USD,US,JCI,USD,JOHNSON CONTROLS INTERNATIONAL PLC / US DOLLAR,-5,f6207ac0b3f712a3021a91f87ff0f03279e5df5126f4e9657f3e4cb3e18ab0f0,1219
Equity.US.JCPB/USD,US,JCPB,USD,JPMORGAN CORE PLUS BOND ETF,-5,9b14134df1812e63a79f0a69eff85705cecbfa9b96010d0185068b3082f9a391,2809
Equity.US.JD/USD,US,JD,USD,JD.COM INC / US DOLLAR,-5,4c45e26d5253283ab4736b4f4ba9d0e6517679f8425ef07722dacc4b6da90750,2364
Equity.US.JEPI/USD,US,JEPI,USD,JPMORGAN EQUITY PREMIUM INCOME ETF / US DOLLAR,-5,bb3ba10444c2f231868444856a0c6bd97b92fc868f5272fb1ad5b90c2c40d800,1707
Equity.US.JEPQ/USD,US,JEPQ,USD,JPMORGAN NASDAQ EQUITY PREMIUM INCOME ETF / US DOLLAR,-5,32f8189b4ee26ea708553cf99a70163e6877c6681e5ba61673fdee89a671daff,1708
Equity.US.JKHY/USD,US,JKHY,USD,JACK HENRY & ASSOCIATES INC / US DOLLAR,-5,87ea4968e650693b61926526d4b3cb7ee32f4f71217b0e181732ba6e14f9d124,1220
Equity.US.JMUB/USD,US,JMUB,USD,JPMORGAN MUNICIPAL ETF,-5,a06846657f1dd57d0c08cb059c272a907e72a5131465e126f0c145f5ceb0da47,2810
Equity.US.JNJ/USD,US,JNJ,USD,JOHNSON & JOHNSON / US DOLLAR,-5,12848738d5db3aef52f51d78d98fc8b8b8450ffb19fb3aeeb67d38f8c147ff63,1221
Equity.US.JNPR/USD,US,JNPR,USD,JUNIPER NETWORKS INC / US DOLLAR,-5,4417bd557ab521fd4419ff46a604f5bda29c74082bbb28bd610f6d0c9873aa63,1222
Equity.US.JOBX/USD,US,JOBX,USD,TRADR 2X LONG JOBY DAILY ETF,-5,36d0c407363c1f4192cbcceecf4d7492d82bbca81900a261e83c2ca4686e69a3,2811
Equity.US.JPLD/USD,US,JPLD,USD,JPMORGAN LIMITED DURATION BOND ETF,-5,d7f8ed09ff4f0a4cfd9f3f5fcc243bc3b9004db3d4bba3407266fc5a6231eecd,2812
Equity.US.JPM/USD,US,JPM,USD,JPMORGAN CHASE & CO / US DOLLAR,-5,7f4f157e57bfcccd934c566df536f34933e74338fe241a5425ce561acdab164e,1223
Equity.US.JPM/USD.EXT,US,JPM,USD,DEPRECATED FEED - JPMORGAN CHASE & CO / US DOLLAR - EXTENDED HOURS,-5,646d68ff489445cbde217c41ad6a5ed5670b883f93e528a20997e19e879024bd,1709
Equity.US.JPST/USD,US,JPST,USD,JPMORGAN ULTRA-SHORT INCOME ETF / US DOLLAR,-5,52734824218d0361974ca000862f511aefdb51d608b762f16d59e372754b8909,1710
Equity.US.K/USD,US,K,USD,KELLANOVA / US DOLLAR,-5,ecca4c7d5406b31d7734ff3ac7f2aad3b7ff6a8bfbeca1585aa35114ea7f979e,1224
Equity.US.KDP/USD,US,KDP,USD,KEURIG DR PEPPER INC / US DOLLAR,-5,7b4b63935159e95489a446817966b95798bf92730d5a2439a9b164022c55671b,1225
Equity.US.KEY/USD,US,KEY,USD,KEYCORP / US DOLLAR,-5,2f7524ff6f342a9ee55328570d30a64eadd3ef6b8673fcb9015ed11845130e43,1226
Equity.US.KEYS/USD,US,KEYS,USD,KEYSIGHT TECHNOLOGIES INC / US DOLLAR,-5,0a89d9c67435e8563fbf1bd1d3da9578fd07edfc2af55e92acf532cc9951a90a,1227
Equity.US.KHC/USD,US,KHC,USD,THE KRAFT HEINZ COMPANY / US DOLLAR,-5,4e9e00488e093d440381d5cc21ac74da5d78f13d83665b7d140cbc84760cc95c,1228
Equity.US.KIM/USD,US,KIM,USD,KIMCO REALTY CORPORATION / US DOLLAR,-5,f3d7864c65d3a6c00bd148c1daf95361de93ee36619180b194f656b053d6e80e,1229
Equity.US.KKR/USD,US,KKR,USD,KKR & CO INC / US DOLLAR,-5,aef0db13545e411bfc9d17e7eba913b0a5376c6af415a33240b546f773b25105,1230
Equity.US.KLAC/USD,US,KLAC,USD,KLA CORPORATION / US DOLLAR,-5,9c27675f282bfe54b5d0a7b187b29b09184d32d4462de7e3060629c7b8895aad,1231
Equity.US.KMB/USD,US,KMB,USD,KIMBERLY-CLARK CORPORATION / US DOLLAR,-5,894f78037ec2465fbbd50c75abb95a5059d5d9ca5f092e2e6736685885569322,1232
Equity.US.KMI/USD,US,KMI,USD,KINDER MORGAN INC / US DOLLAR,-5,f709b8c2869054ca5c3cef0a3a1a97ff4960aff3f3b4eb611022079b1ff73e50,1233
Equity.US.KMX/USD,US,KMX,USD,CARMAX INC / US DOLLAR,-5,d15031bc3bf24bc63cc48cf6d24a7a83b242a628be400b3db58fef089a4da854,1234
Equity.US.KNG/USD,US,KNG,USD,KINGSMEN RESOURCES LTD,-5,aa8d814c51662bf173219651cabb567a2bd8e654d26cf87f785e5629732ea298,2813
Equity.US.KO/USD,US,KO,USD,COCA-COLA CO / US DOLLAR,-5,9aa471dccea36b90703325225ac76189baf7e0cc286b8843de1de4f31f9caa7d,1235
Equity.US.KORU/USD,US,KORU,USD,DIREXION DAILY MSCI SOUTH KOREA BULL 3X ETF / US DOLLAR,-5,,3054
Equity.US.KR/USD,US,KR,USD,THE KROGER CO / US DOLLAR,-5,ff6a38e7adcdaf6d9e02c4c597defcdd328c1e4fe98977c8cc6b27a2673e4f8b,1236
Equity.US.KRE/USD,US,KRE,USD,SPDR S&P REGIONAL BANKING ETF / US DOLLAR,-5,22e1659c12192de5eb81db0c9bffb6646df2bcc05c9c04dbc0726bc491b7ac88,2291
Equity.US.KRKNF/USD,US,KRKNF,USD,KRAKEN ROBOTICS INC. / US DOLLAR,-5,3748ae6df392a3fbd97870dc45acfcf40dddff9e73d791f29e6c746ba9a4e240,3283
Equity.US.KSTR/USD,US,KSTR,USD,KRANESHARES SSE STAR MARKET 50 INDEX ETF / US DOLLAR,-5,,3361
Equity.US.KTOS/USD,US,KTOS,USD,KRATOS DEFENSE & SECURITY SOLUTIONS INC,-5,cfb40f97941f8fdafea7ae631b75316b323297ce4ee04148f31ea7cc7974815d,2814
Equity.US.KVUE/USD,US,KVUE,USD,KENVUE INC / US DOLLAR,-5,a31b64345bf1601d1cf1cfdb7a1f628982fab0a4365947b3c4fa2230faea971d,1237
Equity.US.KWEB/USD,US,KWEB,USD,KRANESHARES CSI CHINA INTERNET ETF,-5,8a11c9ba1c8a59571188ff14ca1cc096520eae277de4ff8bc5a6b58939efb096,2815
Equity.US.L/USD,US,L,USD,LOEWS CORPORATION / US DOLLAR,-5,dbceeed2f816d22ae5371206fa28c8da7615537eced46373185f4bde8af54d27,1238
Equity.US.LABX/USD,US,LABX,USD,TRADR 2X LONG ALAB DAILY ETF,-5,f087d13ab5c0c5fee8cd7f18e75c6b02b928b85297ea0ecc317956d8838e3001,2816
Equity.US.LDOS/USD,US,LDOS,USD,LEIDOS HOLDINGS INC / US DOLLAR,-5,df36d39cf7b927c357284441fde4115922d0d6180d4813e525047ea3a3c57f4b,1239
Equity.US.LEN/USD,US,LEN,USD,LENNAR CORPORATION / US DOLLAR,-5,8cac856141272010adc7a18017523804afef935e0fb8b80f58cb120133c6ed34,1240
Equity.US.LGHL/USD,US,LGHL,USD,LION GROUP HOLDING LTD ADR / US DOLLAR,-5,18c5b5e79ba83b16e6181c78635389df47365f5b97a3922a322bd91b7b413354,2414
Equity.US.LH/USD,US,LH,USD,LABCORP HOLDINGS INC / US DOLLAR,-5,e9288bb7d4d9a5910030e83e4333777c9a9cba3fbb0e4c04d32ede572f865971,1241
Equity.US.LHX/USD,US,LHX,USD,L3HARRIS TECHNOLOGIES INC / US DOLLAR,-5,87039ec0fdfba15a4cfc68d257f509182baa1281bf9e79cbb6eca09dbe694e7a,1242
Equity.US.LI/USD,US,LI,USD,LI AUTO INC SPONSORED ADS / US DOLLAR,-5,,3232
Equity.US.LII/USD,US,LII,USD,LENNOX INTERNATIONAL INC / US DOLLAR,-5,ea444ab0d128898102e59ad785374bb37b93fc1e2ae232591de288474df84d07,1243
Equity.US.LIN/USD,US,LIN,USD,LINDE PLC / US DOLLAR,-5,9146c5c900d9aea9579819cf50d1ae18b54dea58eea3c9a198102e4e458e652b,1244
Equity.US.LITE/USD,US,LITE,USD,LUMENTUM HLDGS INC COM,-5,,3237
Equity.US.LKQ/USD,US,LKQ,USD,LKQ CORPORATION / US DOLLAR,-5,c20e777da34a153d8aed2eb01da6790b7586997825035991099201cc7888c842,1245
Equity.US.LLY/USD,US,LLY,USD,ELI LILLY AND COMPANY / US DOLLAR,-5,70dcf5fd56553d0023693e4b590336a8c9bcfd0d98dd9f093b1f697820d98325,1246
Equity.US.LMT/USD,US,LMT,USD,LOCKHEED MARTIN CORP / US DOLLAR,-5,880d96a272d5ccbb3cd6f6aacb881a996cb4976b3f252b58c595cd2a418b6ea9,1247
Equity.US.LMT/USD.EXT,US,LMT,USD,DEPRECATED FEED - LOCKHEED MARTIN CORP / US DOLLAR - EXTENDED HOURS,-5,ad14695d7b8cb6dc31a858e74f6d55e6e05650a9c0bf4a5b637d28dd81888095,1711
Equity.US.LNG/USD,US,LNG,USD,CHENIERE ENERGY INC COM NEW / US DOLLAR,-5,,3487
Equity.US.LNT/USD,US,LNT,USD,ALLIANT ENERGY CORPORATION / US DOLLAR,-5,0cfd0022c6dce91015449034e1189551e6037a51b60b820ddc9a255e9782c3c0,1248
Equity.US.LOGI/USD,US,LOGI,USD,LOGITECH INTERNATIONAL SA / US DOLLAR,-5,1efdebbd98b5157fc08d5564fd058d87ff5d7007ff03981627648ca71edeccc7,3289
Equity.US.LOW/USD,US,LOW,USD,LOWE'S COMPANIES INC / US DOLLAR,-5,ab31ec9dbcacacfb26e5ea6c249d69f5ae8b9c691aac6ccc5919b6107efa1c3a,1249
Equity.US.LPLA/USD,US,LPLA,USD,LPL FINL HLDGS INC COM / US DOLLAR,-5,,3488
Equity.US.LPTH/USD,US,LPTH,USD,LIGHTPATH TECHNOLOGIES INC / US DOLLAR,-5,,3300
Equity.US.LQD/USD,US,LQD,USD,ISHARES IBOXX INVESTMENT GRADE CORP BOND ETF / US DOLLAR,-5,e4ff71a60c3d5d5d37c1bba559c2e92745c1501ebd81a97d150cf7cd5119aa9c,1712
Equity.US.LRCX/USD,US,LRCX,USD,LAM RESEARCH CORPORATION / US DOLLAR,-5,01a67883f58bd0f0e9cf8f52f21d7cf78c144d7e7ae32ce9256420834b33fb75,1250
Equity.US.LULU/USD,US,LULU,USD,LULULEMON ATHLETICA INC / US DOLLAR,-5,13a19eb6a936a8c7020fe675687979b44e991efbfb4d3d2ca91425ce57b9e6f8,1251
Equity.US.LUNR/USD,US,LUNR,USD,INTUITIVE MACHINES INC / US DOLLAR,-5,,3142
Equity.US.LUV/USD,US,LUV,USD,SOUTHWEST AIRLINES CO / US DOLLAR,-5,f8554a560dd9f59f36aff9ea5536d1c281141907ebc010b2fa94f411f912e30b,1252
Equity.US.LVHI/USD,US,LVHI,USD,FRANKLIN INTL LOW VOLATILITY HIGH DIVIDEND INDEX,-5,11fd39a5190ef6b07c711e2665075fd0b29650bc1e7ea2bddf4a3a441132ccbc,2817
Equity.US.LVS/USD,US,LVS,USD,LAS VEGAS SANDS CORP / US DOLLAR,-5,aa0eed91fe7b824ad9931f8601647bec51870c76f7a5d6ead18c3df9ecb3c553,1253
Equity.US.LW/USD,US,LW,USD,LAMB WESTON HOLDINGS INC / US DOLLAR,-5,06b275656e26bc5a36b4777b95463c9fc65855d34f3d9d4da99418472bb857f1,1254
Equity.US.LYB/USD,US,LYB,USD,LYONDELLBASELL INDUSTRIES NV / US DOLLAR,-5,9b02cd30bda06e851c8a18bddd0bda152856de8b5c429f0f16232b6678d26afc,1255
Equity.US.LYFT/USD,US,LYFT,USD,LYFT INC,-5,76432b180fc368bfc48be955bee5e73906ed230e73b1eea94d31e2317e5b221c,2818
Equity.US.LYV/USD,US,LYV,USD,LIVE NATION ENTERTAINMENT INC / US DOLLAR,-5,f75c8eea6033c8100271292fa6f77d50347a8cd010959116fa0ac3ba7315e9b8,1256
Equity.US.MA/USD,US,MA,USD,MASTERCARD INCORPORATED / US DOLLAR,-5,639db3fe6951d2465bd722768242e68eb0285f279cb4fa97f677ee8f80f1f1c0,1257
Equity.US.MAA/USD,US,MAA,USD,MID-AMERICA APARTMENT COMMUNITIES INC / US DOLLAR,-5,8b624894cc6534a0442a22cce2324c3950fc74c848e7f10faf028ae160a762d6,1258
Equity.US.MAGS/USD,US,MAGS,USD,ROUNDHILL MAGNIFICENT SEVEN ETF / US DOLLAR,-5,d15a61d3d79889976bcd6073904bd6f8087d13a1a8a738928a6a51aba34fde6f,1713
Equity.US.MAGX/USD,US,MAGX,USD,ROUNDHILL DAILY 2X LONG MAGNIFICENT SEVEN ETF,-5,8cc753e9d1609b9a5d3e0e0aa10176cee5568671b934addaffaaa4d40945874d,2819
Equity.US.MAR/USD,US,MAR,USD,MARRIOTT INTERNATIONAL INC / US DOLLAR,-5,b530350ede7b5d1876f37fe416799e8f15beaca77c82295a3857f02c913df0f2,1259
Equity.US.MARA/USD,US,MARA,USD,MARATHON DIGITAL HOLDINGS INC / US DOLLAR,-5,0fc2ad77a9ab75bcbc3ebd7a9ff60facd08c517309e2d684baa979c910a0e43e,1260
Equity.US.MAS/USD,US,MAS,USD,MASCO CORPORATION / US DOLLAR,-5,40dc86c2c74546803ea869c71c0aebd332d83ca417e7c60f41b71919f8d8421e,1261
Equity.US.MBB/USD,US,MBB,USD,ISHARES MBS ETF / US DOLLAR,-5,200171a4fb486c9f441fae51a19a4103ca70cc66d97f081ce032e137801b3830,1714
Equity.US.MBGL/USD,US,MBGL,USD,MOBILITY GLOBAL INC  / US DOLLAR,-5,,3421
Equity.US.MCD/USD,US,MCD,USD,MCDONALD'S CORP / US DOLLAR,-5,d3178156b7c0f6ce10d6da7d347952a672467b51708baaf1a57ffe1fb005824a,1262
Equity.US.MCHI/USD,US,MCHI,USD,ISHARES MSCI CHINA ETF / US DOLLAR,-5,33e3853fe3382522aec843bcc3e795bc62ef9d48a47fe2ea7e777926a7ac70f7,1263
Equity.US.MCHP/USD,US,MCHP,USD,MICROCHIP TECHNOLOGY INCORPORATED / US DOLLAR,-5,1f1a9da5ed94f81694aaf250155adc7c6cde842e4a3ee6e6b4cb6fc23c85667b,1264
Equity.US.MCK/USD,US,MCK,USD,MCKESSON CORPORATION / US DOLLAR,-5,374c080d60c3d055199df45e3c54accd5f04f190f61cd050dae28dd2519871a6,1265
Equity.US.MCO/USD,US,MCO,USD,MOODY'S CORPORATION / US DOLLAR,-5,81ec776dd73898187779458dcd0c282a91322c7bd5fcb38b565f1b94bd8adff0,1266
Equity.US.MDB/USD,US,MDB,USD,MONGODB INC / US DOLLAR,-5,91fc07facc1b1ec2e8336dfa66e2b5f0892af06f491c606f67690bf4c55aaee6,1267
Equity.US.MDLN/USD,US,MDLN,USD,MEDLINE INC COM CL A / US DOLLAR,-5,,3239
Equity.US.MDLZ/USD,US,MDLZ,USD,MONDELEZ INTERNATIONAL INC / US DOLLAR,-5,67af944e59c35746d41b15c061fa2552ea958accfc6169a69f1e05033c507fd2,1268
Equity.US.MDT/USD,US,MDT,USD,MEDTRONIC PLC / US DOLLAR,-5,1d762c633d4166a8d061518e187047afda1868cc524990262d8144e39dbb815f,1269
Equity.US.MEAR/USD,US,MEAR,USD,ISHARES SHORT MATURITY MUNICIPAL BOND ACTIVE ETF,-5,6acfdae119fec435249995cc786985d4c16e29c00e8cdb051812e7e07832022c,2820
Equity.US.MELI/USD,US,MELI,USD,MERCADOLIBRE INC / US DOLLAR,-5,5c149158ad0cca240ab13e45d93f43d7eb747a25acf5a9313b5b03c0aa87251b,1270
Equity.US.MET/USD,US,MET,USD,METLIFE INC / US DOLLAR,-5,a1603db75317c40a21301cc11d58ffd69bea273f3473bfed479b4325300fc721,1271
Equity.US.META/USD,US,META,USD,META PLATFORMS INC / US DOLLAR,-5,78a3e3b8e676a8f73c439f5d749737034b139bbbe899ba5775216fba596607fe,1272
Equity.US.META/USD.EXT,US,META,USD,DEPRECATED FEED - META PLATFORMS INC / US DOLLAR - EXTENDED HOURS,-5,5c39e9f112397fb3d0c90af89f8a255af99dfab4708d83a7da70a3c1db313bc0,1715
Equity.US.MGM/USD,US,MGM,USD,MGM RESORTS INTERNATIONAL / US DOLLAR,-5,3600d9719b640ae821b323d2aecb55534136f5b4a8711245ac9a8e088ae3ae56,1273
Equity.US.MHK/USD,US,MHK,USD,MOHAWK INDUSTRIES INC / US DOLLAR,-5,11a23693e76395d2f0d2b0300d27e3e342732420ab79e2ea9f586985330e3ecb,1274
Equity.US.MINT/USD,US,MINT,USD,PIMCO ENHANCED SHORT MATURITY ACTIVE ETF / US DOLLAR,-5,58f4ee3a0fc4de834a2e96274a696d0f3d8ec45fc76131a6a49fcd18d3ca9812,1275
Equity.US.MKC/USD,US,MKC,USD,MCCORMICK & COMPANY INCORPORATED / US DOLLAR,-5,f84d53799267676ca75d07bae921233dcc9d856d1b7616a728fdad0a71ed6159,1276
Equity.US.MKL/USD,US,MKL,USD,MARKEL GROUP INC COM / US DOLLAR,-5,,3489
Equity.US.MKTX/USD,US,MKTX,USD,MARKETAXESS HOLDINGS INC / US DOLLAR,-5,088802f5582891ff3b0f7f853ec4a609a715f2ce5b4f61ba3769784b165ca3fd,1277
Equity.US.MLM/USD,US,MLM,USD,MARTIN MARIETTA MATERIALS INC / US DOLLAR,-5,58dfd9c50639f1a6c7ea8a1a94d07d69989b51a4265801420895c292fd68e7d4,1278
Equity.US.MMC/USD,US,MMC,USD,MARSH & MCLENNAN COMPANIES INC / US DOLLAR,-5,0226ff84f3cf3752d80319b0fc4b5dc4d039408e7c5f7bf44bb642f8be2fdc8d,1279
Equity.US.MMM/USD,US,MMM,USD,3M CO / US DOLLAR,-5,fd05a384ba19863cbdfc6575bed584f041ef50554bab3ab482eabe4ea58d9f81,1280
Equity.US.MNDY/USD,US,MNDY,USD,MONDAY.COM LTD / US DOLLAR,-5,,3047
Equity.US.MNST/USD,US,MNST,USD,MONSTER BEVERAGE CORPORATION / US DOLLAR,-5,579e60cbba314226de0f602f770113aa007bf1786ee37b923800028dc203d1e5,1281
Equity.US.MO/USD,US,MO,USD,ALTRIA GROUP INC / US DOLLAR,-5,ad17639d5c5f937b0069f09a455c613c5b6feb8cf0ffb725de3942af96c0434b,1282
Equity.US.MOAT/USD,US,MOAT,USD,VANECK MRNSTR US ESG WIDE MOAT UCITS ETF USD A,-5,2f7f923604ffd6c4a71fa2fb7dd15439ec8c61f699d0a097c4cc4c40212a3b3b,2821
Equity.US.MOH/USD,US,MOH,USD,MOLINA HEALTHCARE INC / US DOLLAR,-5,f9754453fb83c7fdbae0d515438ca2a5cc6458bdb191a4df649bfbbe9c2ff29c,1283
Equity.US.MOS/USD,US,MOS,USD,THE MOSAIC COMPANY / US DOLLAR,-5,1521ce20ce13ff348ed80f54bc37127d2755caf524b9ad65e8ce881f85ed5054,1284
Equity.US.MP/USD,US,MP,USD,MP MATERIALS CORP / US DOLLAR,-5,92e03dac647ec6733f61f208a89115ecee4442653736a66008032f4ae588f304,2415
Equity.US.MPC/USD,US,MPC,USD,MARATHON PETROLEUM CORPORATION / US DOLLAR,-5,f324ae399346b21a3f40e9a07984750dfde9a9d7b40999fb1c6d98a4243f5eed,1285
Equity.US.MPWR/USD,US,MPWR,USD,MONOLITHIC POWER SYSTEMS INC / US DOLLAR,-5,e51d5a490b7ff684e72104f092096d33ad8f6d0bbc617fbe893e23358f8e1c72,1286
Equity.US.MRK/USD,US,MRK,USD,MERCK & CO INC / US DOLLAR,-5,c81114e16ec3cbcdf20197ac974aed5a254b941773971260ce09e7caebd6af46,1287
Equity.US.MRNA/USD,US,MRNA,USD,MODERNA INC / US DOLLAR,-5,4083b0b1471123cf4d3e8edee7890940cafad866f06cadae638c23e555a1f4fc,1288
Equity.US.MRSH/USD,US,MRSH,USD,MARSH & MCLENNAN COS INC COM / US DOLLAR,-5,,3490
Equity.US.MRVL/USD,US,MRVL,USD,MARVELL TECHNOLOGY INC / US DOLLAR,-5,7aef4e90557add5289266340ccd1e1aa7a225f1220206b07aaf98e53101ce116,1289
Equity.US.MS/USD,US,MS,USD,MORGAN STANLEY / US DOLLAR,-5,97b55381ff94c6c0a22f3e0c8cdc2186a3561bf3dfe3cfaebf4786c9318b770f,1290
Equity.US.MSBT/USD,US,MSBT,USD,MORGAN STANLEY BITCOIN TRUST ETP / US DOLLAR,-5,,3151
Equity.US.MSCI/USD,US,MSCI,USD,MSCI INC / US DOLLAR,-5,cb9be05a0205676c4959845ada37452d3b9613d6602addd0ec223bdb33d81c8b,1291
Equity.US.MSFT/USD,US,MSFT,USD,MICROSOFT CORP / US DOLLAR,-5,d0ca23c1cc005e004ccf1db5bf76aeb6a49218f43dac3d4b275e92de12ded4d1,1292
Equity.US.MSFT/USD.EXT,US,MSFT,USD,DEPRECATED FEED - MICROSOFT CORP / US DOLLAR - EXTENDED HOURS,-5,f99c1416f24429cc2c39b8f9dd93fbfa5a7a3f4f3f04cce4361141ed3f2f182d,1716
Equity.US.MSFX/USD,US,MSFX,USD,T-REX 2X LONG MICROSOFT DAILY TARGET ETF,-5,5d3437c70968c8b070fb933ddd815fef22220ff31fedbf9986bad6c6b5151870,2822
Equity.US.MSI/USD,US,MSI,USD,MOTOROLA SOLUTIONS INC / US DOLLAR,-5,cc7851b525bd7f0d8ce00e409d59d6cd5ecdfbc5a2df1aaee3c4948426976100,1293
Equity.US.MSTR/USD,US,MSTR,USD,MICROSTRATEGY INC. - CLASS A / US DOLLAR,-5,e1e80251e5f5184f2195008382538e847fafc36f751896889dd3d1b1f6111f09,1294
Equity.US.MSTR/USD.EXT,US,MSTR,USD,DEPRECATED FEED - MICROSTRATEGY INC. - CLASS A / US DOLLAR - EXTENDED HOURS,-5,0446241ed14baa4e589de3face643bdb0333a76e35eaf2ea68033c73a9691b89,1717
Equity.US.MSTU/USD,US,MSTU,USD,T-REX 2X LONG MSTR DAILY TARGET ETF,-5,ad791f791b25e4b56a2f2c07c8d8d0e397fb015ac6f5736b4c1d5c297014333a,2823
Equity.US.MSTW/USD,US,MSTW,USD,ROUNDHILL MSTR WEEKLYPAY ETF,-5,dd3323977f1ee26417becfd08f33b8cb1d07e896b0909420c39807fea6f5b103,2824
Equity.US.MSTX/USD,US,MSTX,USD,DEFIANCE DAILY TARGET 2X LONG MSTR ETF / US DOLLAR,-5,,3456
Equity.US.MSTY/USD,US,MSTY,USD,YIELDMAX MSTR OPTION INCOME STGY ETF / US DOLLAR,-5,d980ecfbab838437f5ccf7e4e0bf1b657cb5c75af42d48503b7ec0b7436cf29a,2292
Equity.US.MSTZ/USD,US,MSTZ,USD,T-REX 2X INVERSE MSTR DAILY TARGET ETF / US DOLLAR,-5,d23ab5dea38077d895493a6ed91374116dfd5353699e1dadc1bab44bb502b3bd,2365
Equity.US.MTB/USD,US,MTB,USD,M&T BANK CORPORATION / US DOLLAR,-5,1525917fe1d100b6af40bb6f40f71059a6a4c52a1849c964ef33a06412bc9f46,1295
Equity.US.MTCH/USD,US,MTCH,USD,MATCH GROUP INC / US DOLLAR,-5,17106e7bc45a7a3c48db3eff47617a7eac3c67bd2e15dbee5285db744d3f2cd7,1296
Equity.US.MTD/USD,US,MTD,USD,METTLER-TOLEDO INTERNATIONAL INC / US DOLLAR,-5,3d35ab79cabfe67134efe88b5526ff9340121f4641d3f33728fb6801afdb07f2,1297
Equity.US.MTSI/USD,US,MTSI,USD,MACOM TECH SOLUTIONS HLDGS INC COM / US DOLLAR,-5,,3491
Equity.US.MTUM/USD,US,MTUM,USD,BETASHARES AUSTRALIAN MOMENTUM ETF,-5,b94cf8843a70d67710a8281e22291dd03dfd3f39cb05f87e5afcabdb48143241,2825
Equity.US.MTZ/USD,US,MTZ,USD,MASTEC INC COM / US DOLLAR,-5,,3492
Equity.US.MU/USD,US,MU,USD,MICRON TECHNOLOGY INC / US DOLLAR,-5,152244dc24665ca7dd3f257b8f442dc449b6346f48235b7b229268cb770dda2d,1298
Equity.US.MUB/USD,US,MUB,USD,ISHARES NATIONAL MUNI BOND ETF / US DOLLAR,-5,dac5c8793675731b9467af853b644280b5bc5119421d5a271dcbd69aabb77983,1718
Equity.US.MUU/USD,US,MUU,USD,DIREXION DAILY MU BULL 2X ETF / US DOLLAR,-5,,3318
Equity.US.MVLL/USD,US,MVLL,USD,GRANITESHARES 2X LONG MRVL DAILY ETF / US DOLLAR,-5,,3319
Equity.US.MXL/USD,US,MXL,USD,MAXLINEAR INC.,-5,,3345
Equity.US.NA/USD,US,NA,USD,NANO LABS / US DOLLAR,-5,18c38429e26e7db76621772d3cdfe7956c988d4bb55059abbfd96bdc916083b9,2293
Equity.US.NAKA/USD,US,NAKA,USD,KINDLY MD INC / US DOLLAR,-5,55b134457d2142152e5ccb93695628d9d84d25b166ca7f813e560fb113c7d6db,2416
Equity.US.NBIS/USD,US,NBIS,USD,NEBIUS GROUP NV,-5,691630d65fbbc8d987717df10453c01907bee8caa60a4aaba4dafca64ea16dc4,2826
Equity.US.NCLH/USD,US,NCLH,USD,NORWEGIAN CRUISE LINE HOLDINGS LTD / US DOLLAR,-5,a57ad8d2031a938779bcda698f28eebfac20c3d0b9b88a7e8452a84b34fa6be2,1299
Equity.US.NDAQ/USD,US,NDAQ,USD,NASDAQ INC / US DOLLAR,-5,1d4ad1c94a6828b41d3165abd4ee59491a9cc9194e2b8a672fc0aa2ad228ab47,1300
Equity.US.NDSN/USD,US,NDSN,USD,NORDSON CORPORATION / US DOLLAR,-5,6727509d8f206c8615b61a01039caa23b45271196e603daebb0366d5e864666f,1301
Equity.US.NEAR/USD,US,NEAR,USD,21SHARES NEAR PROTOCOL STAKING ETP,-5,27cddf2ada1dea4dd2bec25f96826ee71b68478b1b6d2ac74869a7ad656761e9,2827
Equity.US.NEBX/USD,US,NEBX,USD,TRADR 2X LONG NBIS DAILY ETF,-5,15c26e91c9d24fa7b5b790e186ac92a03f301e1c4ccc89815080206496aa6d6a,2828
Equity.US.NEE/USD,US,NEE,USD,NEXTERA ENERGY INC / US DOLLAR,-5,b058f7874b57f820aa7ff6034a8515add8095b5831e83fc8d02c1dccd4ac099c,1302
Equity.US.NEM/USD,US,NEM,USD,NEWMONT CORPORATION / US DOLLAR,-5,29caf4d900d3080e56306ac41a9856735b89cb4df6813dd7b83e9eb96c04700d,1303
Equity.US.NET/USD,US,NET,USD,CLOUDFLARE INC,-5,d3a9e76862950b2f21a7037fd64df913794b14d0e2938a9d383b0b7387ca0081,2829
Equity.US.NFLU/USD,US,NFLU,USD,T-REX 2X LONG NFLX DAILY TARGET ETF,-5,3e0c41600700396006593efe5061cbb0e97614a8924fa4bdb83efc2d2fb37577,2830
Equity.US.NFLX/USD,US,NFLX,USD,NETFLIX INC / US DOLLAR,-5,8376cfd7ca8bcdf372ced05307b24dced1f15b1afafdeff715664598f15a3dd2,1304
Equity.US.NFLX/USD.EXT,US,NFLX,USD,DEPRECATED FEED - NETFLIX INC / US DOLLAR - EXTENDED HOURS,-5,2e3a38065d41840121ca02a8904cfc018eb244b77b5bbb3852e8648bb417ed2c,1719
Equity.US.NI/USD,US,NI,USD,NISOURCE INC / US DOLLAR,-5,e526b83aaac81d79736671ff6b948326194290a0c2f34a711df3e34b8afa6000,1305
Equity.US.NIDH6/USD,US,NIDH6,USD,PYTH PRICE IN USD FOR NIKKEI USD FUTURES 12 MARCH 2026,-5,b3d3d2d7ed79dbbb036feead2310d5f6c6e63a70609a1243314ab5dfab4ae427,2912
Equity.US.NIDM6/USD,US,NIDM6,USD,DEPRECATED FEED - PYTH PRICE IN USD FOR NIKKEI USD FUTURES 11 JUNE 2026,-5,a782aa53a79a0aaa311e50f6631577bdc972781fdc75ab95f357ba8fb61d2d0d,2913
Equity.US.NIDU6/USD,US,NIDU6,USD,PYTH PRICE IN USD FOR NIKKEI USD FUTURES 10 SEPTEMBER 2026,-5,7561853a241258b29ccb3aeeb176834feb168566319f7455a9dc6f05e2511268,2914
Equity.US.NIDZ6/USD,US,NIDZ6,USD,PYTH PRICE IN USD FOR NIKKEI USD FUTURES 10 DECEMBER 2026,-5,7561853a241258b29ccb3aeeb176834feb168566319f7455a9dc6f05e2511268,3336
Equity.US.NIO/USD,US,NIO,USD,NIO INC / US DOLLAR,-5,c8916a12ca17ed0883e37a10c8962370fbd2878a35bb70f6902a0f52be73338c,2366
Equity.US.NKE/USD,US,NKE,USD,NIKE INC / US DOLLAR,-5,67649450b4ca4bfff97cbaf96d2fd9e40f6db148cb65999140154415e4378e14,1306
Equity.US.NLR/USD,US,NLR,USD,VANECK URANIUM & NUCLEAR ETF / US DOLLAR,-5,7c95b744797b88e94ddfc81e1f6833c18c78b9e086285b7bc778b4ef840f372e,2928
Equity.US.NMH6/USD,US,NMH6,USD,DEPRECATED FEED - PYTH PRICE IN USD FOR NASDAQ E-MINI INDEX FUTURES 20 MARCH 202,-5,3f25534247e93c87271d0b65b475b0c139b6cb3a734f3800a658e287a1283b2c,2294
Equity.US.NMM6/USD,US,NMM6,USD,DEPRECATED FEED - PYTH PRICE IN USD FOR NASDAQ E-MINI INDEX FUTURES 18 JUNE 2026,-5,56a457b9a6e6c8d5805a9beebe0f34ee78fc0f779c07cc1e996f8a05f4c9c849,3035
Equity.US.NMU5/USD,US,NMU5,USD,NM U5 19 SEPTEMBER 2025 / US DOLLAR,-5,1aa551ff44cbfa58850c3dcaed6644314e9c7115583670b601a68c842062c86b,2295
Equity.US.NMU6/USD,US,NMU6,USD,PYTH PRICE IN USD FOR NASDAQ E-MINI INDEX FUTURES 18 SEPTEMBER 2026,-5,3d79439c08ceecb2ecc182dabcb79212d8d8f10780671ef012daecd905923361,3146
Equity.US.NMZ5/USD,US,NMZ5,USD,PYTH PRICE IN USD FOR NASDAQ E-MINI INDEX FUTURES 19 DECEMBER 2025,-5,c9a251e28c660c08796f005a4d61769829c81fd4474dbd91d934fa9d36398e08,2296
Equity.US.NMZ6/USD,US,NMZ6,USD,PYTH PRICE IN USD FOR NASDAQ E-MINI INDEX FUTURES 18 DECEMBER 2026,-5,,3334
Equity.US.NNE/USD,US,NNE,USD,NANO NUCLEAR ENERGY INC.,-5,,3343
Equity.US.NOBL/USD,US,NOBL,USD,NOBLE PLAINS URANIUM CORP,-5,f6060d0d75d9f820a45121e91e045d6836aecdabb967030a378487ece76270cc,2831
Equity.US.NOC/USD,US,NOC,USD,NORTHROP GRUMMAN CORPORATION / US DOLLAR,-5,5f848f61c44e1c9b21ddac0fcac5536344e80ad21df3271c2f069f57229fab81,1307
Equity.US.NOK/USD,US,NOK,USD,NOKIA OYJ / US DOLLAR,-5,,3302
Equity.US.NOW/USD,US,NOW,USD,SERVICENOW INC / US DOLLAR,-5,69d2eebcc3c62889f1c0105ff347f296eb435cba8d2e4705a486fd47a8fe1a1b,1308
Equity.US.NRG/USD,US,NRG,USD,NRG ENERGY INC / US DOLLAR,-5,cbb7674d9eebacf3a81a54109dca655d805f04d902bc61b2157e8a2d95b00492,1309
Equity.US.NSC/USD,US,NSC,USD,NORFOLK SOUTHERN CORPORATION / US DOLLAR,-5,337129e71cdd78ee403dcde32b49632c088baa665aac6302dce0f4d3d1339196,1310
Equity.US.NTAP/USD,US,NTAP,USD,NETAPP INC / US DOLLAR,-5,5d929fdc829ffa55be5b1fd8b4d140ab555b1c71ec098c3ed5bce70d5911d753,1311
Equity.US.NTES/USD,US,NTES,USD,NETEASE INC ADR / US DOLLAR,-5,,3235
Equity.US.NTRA/USD,US,NTRA,USD,NATERA INC / US DOLLAR,-5,b21a229944b7008c9e0efeb591030198acd5a676e7c84c3a13927af9764456b0,3167
Equity.US.NTRS/USD,US,NTRS,USD,NORTHERN TRUST CORPORATION / US DOLLAR,-5,f10492d0a522ca19f17cf8d54267abb2cca8ddb80d4bd528750223e3156a8aef,1312
Equity.US.NU/USD,US,NU,USD,NU HOLDINGS LTD.,-5,,3351
Equity.US.NUE/USD,US,NUE,USD,NUCOR CORPORATION / US DOLLAR,-5,7e535de06269b98ea0dfd8b238b80254a41be0092acf72c4464b269cd500716e,1313
Equity.US.NULV/USD,US,NULV,USD,NUVEEN ESG LARGE-CAP VALUE ETF,-5,1a5c0eaaacbd537c9aca38576209a68c67365d8b36bccbedab69443b47e20183,2832
Equity.US.NVD/USD,US,NVD,USD,GRANITESHARES 2X SHORT NVDA DAILY ETF / US DOLLAR,-5,8c38f23204d5512edec10372e9cc9da8d27d15bc49c90794106e3c853541bf98,2367
Equity.US.NVDA/USD,US,NVDA,USD,NVIDIA CORP / US DOLLAR,-5,b1073854ed24cbc755dc527418f52b7d271f6cc967bbf8d8129112b18860a593,1314
Equity.US.NVDA/USD.EXT,US,NVDA,USD,DEPRECATED FEED - NVIDIA CORP / US DOLLAR - EXTENDED HOURS,-5,e3d244e4ccf1a047bae83d54bf2327a7ce939a5acfe85727dc223c5cedffb5cc,1720
Equity.US.NVDL/USD,US,NVDL,USD,GRANITESHARES 2X LONG NVDA DAILY ETF / US DOLLAR,-5,9d11836b6b6feb5c2c455d3e332b91411f247e9e002b671ec35440774ddc5277,2368
Equity.US.NVDQ/USD,US,NVDQ,USD,T-REX 2X INVERSE NVIDIA DAILY TARGET ETF,-5,a1077e132d8f09d266c22319edf5c2321ff870941b7bfd826da35c0ba19fbeac,2833
Equity.US.NVDW/USD,US,NVDW,USD,ROUNDHILL NVDA WEEKLYPAY ETF,-5,75d3938bd00764be2b2f007939dd9302c45ec129823ff882f34d1b7854c56ec7,2834
Equity.US.NVDX/USD,US,NVDX,USD,T-REX 2X LONG NVIDIA DAILY TARGET ETF,-5,5aaf8192e79d5989eee903b7d7b62d47776d649f9184baf5499561d6a099f7ea,2835
Equity.US.NVO/USD,US,NVO,USD,NOVO NORDISK AS / US DOLLAR,-5,8dde322496e031d942b9eee8ca769d618cd2e69b18196644369379f5a1e7c23d,1721
Equity.US.NVR/USD,US,NVR,USD,NVR INC / US DOLLAR,-5,b8b6c23723982492c9e893684e2686af4c38eef7f58dc74a030b49a7c07996b7,1315
Equity.US.NVT/USD,US,NVT,USD,NVENT ELEC PLC SHS / US DOLLAR,-5,,3493
Equity.US.NVTS/USD,US,NVTS,USD,NAVITAS SEMICONDUCTOR CORPORATION,-5,,3353
Equity.US.NVVE/USD,US,NVVE,USD,NUVVE HOLDING CORP / US DOLLAR,-5,31273c7ad75ab53927a6393fc89129e77eb84e047b966ad15d0893401b3a83f5,2417
Equity.US.NWS/USD,US,NWS,USD,NEWS CORPORATION / US DOLLAR,-5,843ea585a43ae9d0acff8176ab6e5090aaa214c37902404a66082eb5eb4267a9,1316
Equity.US.NWSA/USD,US,NWSA,USD,NEWS CORPORATION / US DOLLAR,-5,e3a1aa2fe470ff336c23daa1184f79764a15ac3af2e99ac31ac05942f0befcde,1317
Equity.US.NXPI/USD,US,NXPI,USD,NXP SEMICONDUCTORS NV / US DOLLAR,-5,3d739102be847ba442365931b384aeba9b48eda30c25553d30b5ec697da29c41,1318
Equity.US.NXT/USD,US,NXT,USD,NEXTPOWER INC CLASS A COM / US DOLLAR,-5,,3494
Equity.US.O/USD,US,O,USD,REALTY INCOME CORPORATION / US DOLLAR,-5,d2f530f73cad1b04094adbc1ef8d4525f67f2c812bae70af63e8027a9787d75c,1319
Equity.US.ODFL/USD,US,ODFL,USD,OLD DOMINION FREIGHT LINE INC / US DOLLAR,-5,4b8faa3f61c5764a6662179f8aa41c0cb36cb84d796be6d953944ecae87fdc94,1320
Equity.US.OKE/USD,US,OKE,USD,ONEOK INC / US DOLLAR,-5,878b4560531e95bf028235e52d0e7116a022d3529326adc99c2d3a20994eb733,1321
Equity.US.OKLO/USD,US,OKLO,USD,OKLO INC / US DOLLAR,-5,0d283a095e94dff4d4e607614ed686eb53e548238fb3af231148c276ecefe83e,2418
Equity.US.OKTA/USD,US,OKTA,USD,OKTA INC CL A / US DOLLAR,-5,,3495
Equity.US.OMC/USD,US,OMC,USD,OMNICOM GROUP INC / US DOLLAR,-5,113967e03bb7a347e3669bcb49cf0c6cd27ddc38439c9f009dec0bf9f0edb137,1322
Equity.US.OMFL/USD,US,OMFL,USD,INVESCO RUSSELL 1000 DYNAMIC MULTIFACTOR ETF,-5,e57e381fa6eb5ce3f18df9a67cb9aa3deea7f47bbbf76504235804d93ba86842,2836
Equity.US.ON/USD,US,ON,USD,ON SEMICONDUCTOR CORPORATION / US DOLLAR,-5,35f08f92f05ab4fd2117f8d857238f5eb25213fefe95e7ba042babea512a0a5b,1323
Equity.US.ONDS/USD,US,ONDS,USD,ONDAS INC / US DOLLAR,-5,,3048
Equity.US.OPEN/USD,US,OPEN,USD,OPENDOOR TECHNOLOGIES INC / US DOLLAR,-5,b4ef19d348a726dad5a655bcac5fe6e09c83af142bf1006b45d0f9ca4d5a46b5,2689
Equity.US.ORCL/USD,US,ORCL,USD,ORACLE CORPORATION / US DOLLAR,-5,e47ff732eaeb6b4163902bdee61572659ddf326511917b1423bae93fcdf3153c,1324
Equity.US.ORLY/USD,US,ORLY,USD,O'REILLY AUTOMOTIVE INC / US DOLLAR,-5,d06528b28300de3b1a83a3acb383096ecad3e25c320f6d4a6a2745b70f7b1462,1325
Equity.US.OTIS/USD,US,OTIS,USD,OTIS WORLDWIDE CORPORATION / US DOLLAR,-5,34df4b686b9b9b24d6c2d149e3b6d73df825ae85933c1c74965cc48bb10943f2,1326
Equity.US.OXY/USD,US,OXY,USD,OCCIDENTAL PETROLEUM CORPORATION / US DOLLAR,-5,54ba7b095dfa286f556cd41d4bfefe956ebd4df3d9eec8fe0188d0727f07e344,1327
Equity.US.P/USD,US,P,USD,"EVERPURE, INC.",-5,,3236
Equity.US.PALL/USD,US,PALL,USD,ABERDEEN PHYSICAL PALLADIUM SHARES ETF / US DOLLAR,-5,feeb371f721e75853604c47104967f0ab3fa92b988837013f5004f749a8a0599,1328
Equity.US.PANW/USD,US,PANW,USD,PALO ALTO NETWORKS INC / US DOLLAR,-5,3b00df0661ccb3109d11ff301c1aa4e88b8d647cb477b089ba225149e6e1b7bb,1329
Equity.US.PARA/USD,US,PARA,USD,PARAMOUNT GLOBAL / US DOLLAR,-5,,1330
Equity.US.PAVE/USD,US,PAVE,USD,GLOBAL X US INFRA DEVELOPMENTS UCITS ETF USD ACC,-5,4c2e4cf5dc8426f6e54d0de8020d2a7e9b6754b7089bd71a75cf6b3da46e747e,2837
Equity.US.PAYC/USD,US,PAYC,USD,PAYCOM SOFTWARE INC / US DOLLAR,-5,2145839221f46430e99f5be8f32942291f56e248c142c42efcd978f35ddfdbb3,1331
Equity.US.PAYP/USD,US,PAYP,USD,PAYPAY CORP / US DOLLAR,-5,,3066
Equity.US.PAYX/USD,US,PAYX,USD,PAYCHEX INC / US DOLLAR,-5,31df914d63247bdda62c7c423c497729ef50d89eeab208eb1db42503271713fa,1332
Equity.US.PCAR/USD,US,PCAR,USD,PACCAR INC / US DOLLAR,-5,6262b2695c0ea3371d0a0a3fb3c34ff12fdbf7a61046ec94db3665d47bbaf829,1333
Equity.US.PCG/USD,US,PCG,USD,PG&E CORPORATION / US DOLLAR,-5,026e4a35b33c438e4c75b2bf8f5f8298b26165eff133b1da2b4559985ecab11e,1334
Equity.US.PDD/USD,US,PDD,USD,PDD HOLDINGS INC / US DOLLAR,-5,ae69f62081eb15ae4f077397871a1cf29cacf75e7b1db740aed9074c1efd3fa4,1335
Equity.US.PEG/USD,US,PEG,USD,PUBLIC SERVICE ENTERPRISE GROUP INCORPORATED / US DOLLAR,-5,b0d68bb7055327a5ec773094129a00f6794ae064b9286a1b55eb2b975bc17dc0,1336
Equity.US.PENG/USD,US,PENG,USD,PENGUIN SOLUTIONS INC.,-5,,3342
Equity.US.PEP/USD,US,PEP,USD,PEPSICO INC / US DOLLAR,-5,be230eddb16aad5ad273a85e581e74eb615ebf67d378f885768d9b047df0c843,1337
Equity.US.PFE/USD,US,PFE,USD,PFIZER INC / US DOLLAR,-5,0704ad7547b3dfee329266ee53276349d48e4587cb08264a2818288f356efd1d,1338
Equity.US.PFG/USD,US,PFG,USD,PRINCIPAL FINANCIAL GROUP INC / US DOLLAR,-5,f2be31eeb67f9e2bb7228aaab13fd3a7b836cfc3e6832b876d488363c21dd24a,1339
Equity.US.PG/USD,US,PG,USD,PROCTER & GAMBLE CO / US DOLLAR,-5,ad2fda41998f4e7be99a2a7b27273bd16f183d9adfc014a4f5e5d3d6cd519bf4,1340
Equity.US.PGR/USD,US,PGR,USD,THE PROGRESSIVE CORPORATION / US DOLLAR,-5,1ab9bd7ed68a12736e9feb89044e6ab23b1abfa7b66e06f85653752ec0a890e1,1341
Equity.US.PH/USD,US,PH,USD,PARKER-HANNIFIN CORPORATION / US DOLLAR,-5,9c86a3b6d84699fcc4c0f2e76f34d4b70c6c8230803cb35ae89278de9c6932a9,1342
Equity.US.PHM/USD,US,PHM,USD,PULTEGROUP INC / US DOLLAR,-5,a8bf7d55b95d25528cfe20141ade2952147a135208ca590fcc2ccf756d9b5119,1343
Equity.US.PKG/USD,US,PKG,USD,PACKAGING CORPORATION OF AMERICA / US DOLLAR,-5,84ce9993f3e19e52be7d567c8bf7714407cab2afa0d3a752ac09bc49b0153663,1344
Equity.US.PLD/USD,US,PLD,USD,PROLOGIS INC / US DOLLAR,-5,627b06aefb92e6b71c4a92f867c7df2718f73c25de2da7b3be1089cc1fe0e9b8,1345
Equity.US.PLTR/USD,US,PLTR,USD,PALANTIR TECHNOLOGIES INC / US DOLLAR,-5,11a70634863ddffb71f2b11f2cff29f73f3db8f6d0b78c49f2b5f4ad36e885f0,1346
Equity.US.PLTR/USD.EXT,US,PLTR,USD,DEPRECATED FEED - PALANTIR TECHNOLOGIES INC / US DOLLAR - EXTENDED HOURS,-5,096c40152960b352035013855b1344e393f92ae2e9ea791c6141ae009d30cdd8,1722
Equity.US.PLTW/USD,US,PLTW,USD,ROUNDHILL PLTR WEEKLYPAY ETF,-5,409bf4a8fb938dc4792c5180831d4ae2783596c1fcdd746d397050268731d2bd,2838
Equity.US.PM/USD,US,PM,USD,PHILIP MORRIS INTERNATIONAL INC / US DOLLAR,-5,a32f875eb39e23f087ea0db141b00857630c2c5011bfbe53a2a4d186f37cb583,1347
Equity.US.PNC/USD,US,PNC,USD,THE PNC FINANCIAL SERVICES GROUP INC / US DOLLAR,-5,424c3c551dcb2c25f9a9de69ebb83586ccd6dd2a79fd2c62650803b1acac3105,1348
Equity.US.PNFP/USD,US,PNFP,USD,PINNACLE FINL PARTNERS INC COM / US DOLLAR,-5,,3496
Equity.US.PNR/USD,US,PNR,USD,PENTAIR PLC / US DOLLAR,-5,47c6ca824cb9b240f65ca58190a42df41cbc20dcee3803f313445828fe1b24b0,1349
Equity.US.PNW/USD,US,PNW,USD,PINNACLE WEST CAPITAL CORPORATION / US DOLLAR,-5,735a2411c6c532f7f871e5b7370e9e62bac91784a9a620992f5f9de8dcf366b2,1350
Equity.US.POCT/USD,US,POCT,USD,INNOVATOR US EQUITY POWER BUFFER ETF - OCTOBER,-5,a786433a0d69e1b2dcee44dc0b85026a00c8d14dd6fdb84df9431fa98bec0bef,2839
Equity.US.PODD/USD,US,PODD,USD,INSULET CORPORATION / US DOLLAR,-5,365e9f0db7d3ece432d6882cd1b8f0b6211888f87094a7ec68946099efd684cb,1351
Equity.US.POET/USD,US,POET,USD,POET TECHNOLOGIES INC.,-5,,3355
Equity.US.POOL/USD,US,POOL,USD,POOL CORPORATION / US DOLLAR,-5,6c7af6afdee5b983466211bcc8f5a2e3b92e0685a57a7537703fc02dfb1dd4cf,1352
Equity.US.PPG/USD,US,PPG,USD,PPG INDUSTRIES INC / US DOLLAR,-5,0a2d049aa48d4b77c4db199ae38a10a1e3d5130abd27b5cab7db548409da74d5,1353
Equity.US.PPL/USD,US,PPL,USD,PPL CORPORATION / US DOLLAR,-5,1542f78dd90dfacbc39b00223999d5b6790a2f976d251d11c47b4c06e39eb06c,1354
Equity.US.PPLT/USD,US,PPLT,USD,ABERDEEN PHYSICAL PLATINUM SHARES ETF / US DOLLAR,-5,782410278b6c8aa2d437812281526012808404aa14c243f73fb9939eeb88d430,1355
Equity.US.PR/USD,US,PR,USD,PERMIAN RESOURCES CORPORATION,-5,,3347
Equity.US.PRU/USD,US,PRU,USD,PRUDENTIAL FINANCIAL INC / US DOLLAR,-5,6987f2cab2c2be6cb897220d99dd5665835e6d204f022d4b6d0701d9351b3138,1356
Equity.US.PSA/USD,US,PSA,USD,PUBLIC STORAGE / US DOLLAR,-5,4b0077352f8790088c9e9c76d8490b06b94f75501c0027783ef310e378348d95,1357
Equity.US.PSKY/USD,US,PSKY,USD,PARAMOUNT SKYDANCE CORPORATION / US DOLLAR,-5,d31273eefefa4e9a3458c593f2a9a284f011db9884867c682d02c84e70b55ec2,2369
Equity.US.PSX/USD,US,PSX,USD,PHILLIPS 66 / US DOLLAR,-5,16b28b05e3491528ff9ece996c65075c3d2af3027131b11da425c6930b1e5932,1358
Equity.US.PTC/USD,US,PTC,USD,PTC INC / US DOLLAR,-5,8890509a8bea0d0ec4791ea315042061eac7fbde3a77a91a2b33564d799348f5,1359
Equity.US.PURR/USD,US,PURR,USD,HYPERLIQUID STRATEGIES INC,-5,b95c77565b8fcf080abfaee5fbd966e6732d9bb05ed7e839222c6352066929d8,2911
Equity.US.PWR/USD,US,PWR,USD,QUANTA SERVICES INC / US DOLLAR,-5,a189b9eee6d023e3b79a726804aeb748d54e52cf6ebcebe0f7d5c8dae4988357,1360
Equity.US.PYPL/USD,US,PYPL,USD,PAYPAL HOLDINGS INC / US DOLLAR,-5,773c3b11f6be58e8151966a9f5832696d8cd08884ccc43ac8965a7ebea911533,1361
Equity.US.Q/USD,US,Q,USD,QNITY ELECTRONICS INC COMMON STOCK / US DOLLAR,-5,,3497
Equity.US.QBTS/USD,US,QBTS,USD,D-WAVE QUANTUM INC / US DOLLAR,-5,517ad3e4bd0c7851b9526172474625575529328c330d558df03a336d5ec6c082,2690
Equity.US.QBTX/USD,US,QBTX,USD,TRADR 2X LONG QBTS DAILY ETF,-5,cdd5f4ec34ccbecbda7b70f5ddf64e393a3501b30975498e9d1a447e65a12358,2840
Equity.US.QCOM/USD,US,QCOM,USD,QUALCOMM INCORPORATED / US DOLLAR,-5,54350ebf587c3f14857efcfec50e5c4f6e10220770c2266e9fe85bd5e42e4022,1362
Equity.US.QDTE/USD,US,QDTE,USD,ROUNDHILL INNOV-100 0DTE COVERED CALL STRAT ETF,-5,72159f8f978e2e1a141dcf5497c86f6ece3bf06abd4638a511ea55d4ce2ee8b3,2841
Equity.US.QETH/USD,US,QETH,USD,BETASHARES ETHEREUM ETF,-5,bcda7dfe6e0d4a3abda9f61709da878e41b5c52f84e373f5e3e0c566aa02f9d5,2842
Equity.US.QNT/USD,US,QNT,USD,QUANTINUUM INC / US DOLLAR,-5,,3311
Equity.US.QQQ/USD,US,QQQ,USD,INVESCO QQQ TRUST SERIES 1 / US DOLLAR,-5,9695e2b96ea7b3859da9ed25b7a46a920a776e2fdae19a7bcfdf2b219230452d,1363
Equity.US.QQQM/USD,US,QQQM,USD,INVESCO NASDAQ 100 ETF / US DOLLAR,-5,433b196b3b026f46f76b5e901c84c575a7280dcba0f4272edefe0529b599ad64,1723
Equity.US.QS/USD,US,QS,USD,QUANTUMSCAPE CORPORATION / US DOLLAR,-5,9e09e1e18d52bf8655a9a5869915f3c4f9b36cfdbf783dbac2b090084985ef90,2297
Equity.US.QSR/USD,US,QSR,USD,RESTAURANT BRANDS INTL INC COM / US DOLLAR,-5,,3498
Equity.US.QUAL/USD,US,QUAL,USD,ISHARES MSCI USA QUALITY FACTOR ETF / US DOLLAR,-5,74fbfe71e79f767d749c991af7415894fb2f543495729d9bd184f00493862343,1724
Equity.US.QUBT/USD,US,QUBT,USD,QUANTUM COMPUTING INC.,-5,,3356
Equity.US.QUBX/USD,US,QUBX,USD,TRADR 2X LONG QUBT DAILY ETF,-5,b63dcd228e5b869ad6dbba57bae7cf0a843af74296f35620de54036c6ca9a4c3,2843
Equity.US.RBLU/USD,US,RBLU,USD,T-REX 2X LONG RBLX DAILY TARGET ETF,-5,986686aa3d044d9351a9dea64b42e1a36bf582e9c65cdfb59448d1f57face9be,2844
Equity.US.RBLX/USD,US,RBLX,USD,ROBLOX CORP / US DOLLAR,-5,d62134a195739141d0649991f11fe0f9cd9eb83fd890bc3ba41dfdd18c1a49f4,1364
Equity.US.RCL/USD,US,RCL,USD,ROYAL CARIBBEAN CRUISES LTD / US DOLLAR,-5,d6782c6281afd154d34ebeb4a162352884dd1889ef09a430c10f98ee361019a3,1365
Equity.US.RDDT/USD,US,RDDT,USD,REDDIT INC / US DOLLAR,-5,c0ece6b9254797f4384bda1ba3f2c33259f552c7849a86b3029e811be5ea9227,1366
Equity.US.RDW/USD,US,RDW,USD,REDWIRE  CORP / US DOLLAR,-5,,3143
Equity.US.REET/USD,US,REET,USD,ISHARES GLOBAL REIT ETF / US DOLLAR,-5,,3112
Equity.US.REG/USD,US,REG,USD,REGENCY CENTERS CORPORATION / US DOLLAR,-5,6ae7403d57a08b736dfa40ee8294e6d5108f69280cbd9fe452ed445eb45e08c0,1367
Equity.US.REGN/USD,US,REGN,USD,REGENERON PHARMACEUTICALS INC / US DOLLAR,-5,2a45d16204f3588259fddf5a81a1129efab873571a4cef38641e16bfeac364ef,1368
Equity.US.REM/USD,US,REM,USD,REMSENSE TECHNOLOGIES LTD,-5,bcd1d986067b2cbf65856ae1adc3d0b45c27bc02e0668382b92f664ba81e259f,2845
Equity.US.RF/USD,US,RF,USD,REGIONS FINANCIAL CORPORATION / US DOLLAR,-5,14f4bd2b349f33dcc150c1874b863be7b1b39b190e508d9fc54a37397b29a1c4,1369
Equity.US.RGC/USD,US,RGC,USD,REGENCELL BIOSCIENCE HOLDINGS LTD / US DOLLAR,-5,0bc05671e3fcc55b1dcc3d08238fbee71287f6324b8f92fd85efa031755d81c1,3278
Equity.US.RGLD/USD,US,RGLD,USD,ROYAL GOLD INC COM / US DOLLAR,-5,,3499
Equity.US.RGTI/USD,US,RGTI,USD,RIGETTI COMPUTING INC / US DOLLAR,-5,20aead6dcd4da8321806ce377107952863632fb25f43ec03c36ffd575ac7e708,2370
Equity.US.RGTU/USD,US,RGTU,USD,TRADR 2X LONG RGTI DAILY ETF,-5,a1375129332ffd39c3dc8e333e942df5e9cc57dad04b87b9e1d6594a7b350b6d,2846
Equity.US.RIO/USD,US,RIO,USD,RIO TINTO GROUP / US DOLLAR,-5,55e9d82de00129d0fb368bc89d1ee59146b80a8772f8a972febac3f65ed3151f,1370
Equity.US.RIOT/USD,US,RIOT,USD,RIOT PLATFORMS INC / US DOLLAR,-5,46417522a59b245c5af35c33c13426d991b36514c4c85aaefe1cf787e7daad90,1371
Equity.US.RIV/USD,US,RIV,USD,RIVERNORTH OPPORTUNITIES FUND INC / US DOLLAR,-5,702f2b98a1736127be1f76b0ec895971ad263eb792285fc5fac9c7f287b267b9,3281
Equity.US.RIVN/USD,US,RIVN,USD,RIVIAN AUTOMOTIVE INC / US DOLLAR,-5,1e59e3164331ce560683eae0c69efe9650ff1bc834225772ddb330aa808f72f0,2371
Equity.US.RJF/USD,US,RJF,USD,RAYMOND JAMES FINANCIAL INC / US DOLLAR,-5,96bccfb1661326a6a9717d248fa743762d65da0798656b24108ea48d4982758f,1372
Equity.US.RKLB/USD,US,RKLB,USD,ROCKET LAB USA INC / US DOLLAR,-5,40589e289317e4fbd997b1a267606e20a1cc7c3e4689f9e5a5992957917816c8,1373
Equity.US.RL/USD,US,RL,USD,RALPH LAUREN CORPORATION / US DOLLAR,-5,80f271ae66ee740f4a8f2c2d33575592a6daf7f881133e4d8c0a4df0fc67315a,1374
Equity.US.RMD/USD,US,RMD,USD,RESMED INC / US DOLLAR,-5,e9f11baaade6cf979251d4c9e6c30657ed29275952a04b125915e475c31a5e63,1375
Equity.US.ROBN/USD,US,ROBN,USD,T-REX 2X LONG HOOD DAILY TARGET ETF,-5,2ebacf4788516dd8a0eb89b639f26cb830ca5812e1dc9f0cc802ea19e1f91f22,2847
Equity.US.ROK/USD,US,ROK,USD,ROCKWELL AUTOMATION INC / US DOLLAR,-5,c531c5d85ae89ad23e0f455be0a9170e2924a4b6922d62d5b1e076023f7b7235,1376
Equity.US.ROKU/USD,US,ROKU,USD,ROKU INC,-5,b7113dfc953e2884fed9d8eef5154d696b8296bbf7267caf5ad218e49f97ea4e,2848
Equity.US.ROL/USD,US,ROL,USD,ROLLINS INC / US DOLLAR,-5,0991357d942869150d5d10750b3e066855a56b1459b25dca044b59b9a3fbc779,1377
Equity.US.ROP/USD,US,ROP,USD,ROPER TECHNOLOGIES INC / US DOLLAR,-5,375d3fff7889b3bfdee5cfccdc5d4d3e67eed3b7d9599e29cea59b1baaa0b83a,1378
Equity.US.ROST/USD,US,ROST,USD,ROSS STORES INC / US DOLLAR,-5,093d0ce5cbf3150e271db36706a0cf42b9dd7e62b1bc70fef09c0e2ee80434d5,1379
Equity.US.RPM/USD,US,RPM,USD,RPM INTL INC COM / US DOLLAR,-5,,3500
Equity.US.RPRX/USD,US,RPRX,USD,ROYALTY PHARMA PLC SHS CLASS A / US DOLLAR,-5,,3501
Equity.US.RS/USD,US,RS,USD,"RELIANCE, INC. COM / US DOLLAR",-5,,3502
Equity.US.RSG/USD,US,RSG,USD,REPUBLIC SERVICES INC / US DOLLAR,-5,e3f0d3e53a6f645cd1d7e2927708a17d8bfb12b00c61b99d441f9ad590d2d8fe,1380
Equity.US.RSP/USD,US,RSP,USD,INVESCO S&P 500 EQUAL WEIGHT ETF / US DOLLAR,-5,a62d605821e58128b42cd0d711319400c4e7a3a19400a3ee5a06222e0a3b9269,1725
Equity.US.RTX/USD,US,RTX,USD,RTX CORPORATION / US DOLLAR,-5,97c483cc4172de7ac1a3cc0814f442e4747e64008723f2705d6e9fdff3ba4d3d,1381
Equity.US.RVI/USD,US,RVI,USD,ROBINHOOD VENTURES FUND I / US DOLLAR,-5,1d36f0faa0688b4250f12560718e9989138e20a3a8a77c0b4144792e363a6cb0,3313
Equity.US.RVMD/USD,US,RVMD,USD,REVOLUTION MEDICINES INC / US DOLLAR,-5,f4697df8967eb74851423fcae625f9dead9ecc4ed29f923da35952c39c097691,3276
Equity.US.RVTY/USD,US,RVTY,USD,REVVITY INC / US DOLLAR,-5,4da5b5fc2f6dfde7d47fac2370940217dd0ce5c37e650f770e6611a974aab96c,1382
Equity.US.SAP/USD,US,SAP,USD,SAP SE,-5,0ee2e3f1c7689e1abf957009f747228a30b47678c8e5844cb033cbcf790fa20b,2849
Equity.US.SATA/USD,US,SATA,USD,STRIVE INC / US DOLLAR,-5,,3365
Equity.US.SBAC/USD,US,SBAC,USD,SBA COMMUNICATIONS CORPORATION / US DOLLAR,-5,15d10cdf550966316121a3e07b86eec98be08afa1f3abc634818156d32094b31,1383
Equity.US.SBET/USD,US,SBET,USD,SHARPLINK GAMING INC / US DOLLAR,-5,6b5bedda9e9d6354c5b93659cba6747d21b527437022da6e5f32e3b53e485a04,1726
Equity.US.SBUX/USD,US,SBUX,USD,STARBUCKS CORPORATION / US DOLLAR,-5,86cd9abb315081b136afc72829058cf3aaf1100d4650acb2edb6a8e39f03ef75,1384
Equity.US.SCCO/USD,US,SCCO,USD,SOUTHERN COPPER / US DOLLAR,-5,a00be224b07426d688475926b6a7a8b007f1420734629b596ae6132c75bc5976,1727
Equity.US.SCHB/USD,US,SCHB,USD,SCHWAB US BROAD MKT ETF / US DOLLAR,-5,cd45d98122b6f79cbb55cb68472b937e362072efa2698b9a7e7f93f0d78262a1,1728
Equity.US.SCHD/USD,US,SCHD,USD,SCHWAB US DIV EQUITY ETF / US DOLLAR,-5,47157bf302bcc58e21f552687e7b04f0c84a3ad1b8090ba1babefdb297a4b7d1,1729
Equity.US.SCHF/USD,US,SCHF,USD,SCHWAB INTL EQUITY ETF / US DOLLAR,-5,601671d8a16a9f456d9a16d0bf203dd80d5076cc95ddca29cb5c7f8024dbeba6,1730
Equity.US.SCHG/USD,US,SCHG,USD,SCHWAB US LARGE-CAP GROWTH ETF / US DOLLAR,-5,d822a0f4895f73990a04bec51fffdb477d5eff4b14cd2c5ddcb24ee72befc966,1731
Equity.US.SCHW/USD,US,SCHW,USD,THE CHARLES SCHWAB CORPORATION / US DOLLAR,-5,d437b2f1470d5f007f18a5565eaab1ed182d97204d80b7dd3dac29839f61c9e6,1385
Equity.US.SCHX/USD,US,SCHX,USD,SCHWAB US LARGE-CAP ETF / US DOLLAR,-5,0abe02fc6a8e3e580236a2fa684297d2f1d3633d87b37ccd4782ab703581f8b3,1732
Equity.US.SCZ/USD,US,SCZ,USD,ISHARES MSCI EAFE SMALL-CAP ETF / US DOLLAR,-5,,3103
Equity.US.SE/USD,US,SE,USD,SEA LTD,-5,7f3831ed20d0e832986fa3e839571a3e40c9675b2dc53dbcab2152a9c6d81f0f,2851
Equity.US.SECZ/USD,US,SECZ,USD,SECURITIZE CORP,-5,,3422
Equity.US.SFM/USD,US,SFM,USD,SPROUTS FARMERS MARKET INC,-5,2c5f61268bc35d4c249ae8b2c67ef83d8566f8922a415dd5152d7572826466b5,2852
Equity.US.SGML/USD,US,SGML,USD,SIGMA LITHIUM / US DOLLAR,-5,860ec6bd0af204b8062322bd788857c9fe48d2b44239759a9f578997b1f4f38c,1733
Equity.US.SGOV/USD,US,SGOV,USD,ISHARES 0-3 MONTH TREASURY BOND ETF / US DOLLAR,-5,8d6a29bb5ed522931d711bb12c4bbf92af986936e52af582032913b5ffcbf4d5,1734
Equity.US.SH/USD,US,SH,USD,PROSHARES SHORT S&P500 / US DOLLAR,-5,cea38e1fad0f4f2a2e5e8cc9d3a88613826f9340efadf9464eb3353a8cce3a7a,1735
Equity.US.SHAZ/USD,US,SHAZ,USD,SHARONAI HOLDINGS INC,-5,,3436
Equity.US.SHLD/USD,US,SHLD,USD,GLOBAL X DEFENSE TECH ETF / US DOLLAR,-5,6b971ce35cfc0f144200bf5aa184863af1522312fad078fc6d5b7743501eae51,2930
Equity.US.SHOP/USD,US,SHOP,USD,SHOPIFY INC / US DOLLAR,-5,c9034e8c405ba92888887bc76962b619d0f8e8bf3e12aba972af0cf64e814d5d,2298
Equity.US.SHV/USD,US,SHV,USD,ISHARES SHORT TREASURY BOND ETF / US DOLLAR,-5,765f416f2d676848b5016428bc9295fda3e71d5e97b16df75179a378cef040ec,1386
Equity.US.SHW/USD,US,SHW,USD,THE SHERWIN-WILLIAMS COMPANY / US DOLLAR,-5,5418e711244ca3c599e0f6a2b3b217833e81f110ae53afadd4a0809808c7baae,1387
Equity.US.SHY/USD,US,SHY,USD,ISHARES 1-3 YEAR TREASURY BOND ETF / US DOLLAR,-5,a48b0216da455c8f33edc75d5c82290f63180a41646df873b393450bb3218c0c,1736
Equity.US.SILJ/USD,US,SILJ,USD,AMPLIFY JUNIOR SILVER MINERS ETF / US DOLLAR,-5,,3025
Equity.US.SIRI/USD,US,SIRI,USD,SIRIUSXM HOLDINGS INC / US DOLLAR,-5,,3294
Equity.US.SIVR/USD,US,SIVR,USD,ABERDEEN STANDARD PHYSICAL SILVER SHARES ETF / US DOLLAR,-5,0a5ee42b0f7287a777926d08bc185a6a60f42f40a9b63d78d85d4a03ee2e3737,1388
Equity.US.SJM/USD,US,SJM,USD,THE J M SMUCKER COMPANY / US DOLLAR,-5,9794052f000f3bc2bfa29662035ca0fa65d316ab901e2b4d4238a2bc30637ee6,1389
Equity.US.SKHY/USD,US,SKHY,USD,SK HYNIX INC / US DOLLAR,-5,,3437
Equity.US.SKHYV/USD,US,SKHYV,USD,DEPRECATED FEED - SK HYNIX INC / US DOLLAR,-5,,3438
Equity.US.SKYA/USD,US,SKYA,USD,SKYAI INC / US DOLLAR,-5,8f630c9a4ca6c2129a7c6a30ce164cda74880bd179eaf0f8c557ba85a6fe20c8,2422
Equity.US.SLB/USD,US,SLB,USD,SCHLUMBERGER LIMITED / US DOLLAR,-5,8042b087e06b64b7a40056782d48c8add189943d8354c56726e655f46e65320f,1390
Equity.US.SLS/USD,US,SLS,USD,SELLAS LIFE SCIENCES GROUP INC / US DOLLAR,-5,a101cb5e22cc9b5e18f384fbcaa1776b640036458ef7f4229a7005796a52f5dc,2299
Equity.US.SLV/USD,US,SLV,USD,ISHARES SILVER TRUST,-5,6fc08c9963d266069cbd9780d98383dabf2668322a5bef0b9491e11d67e5d7e7,2853
Equity.US.SMCI/USD,US,SMCI,USD,SUPER MICRO COMPUTER INC / US DOLLAR,-5,8f34132a42f8bb7a47568d77a910f97174a30719e16904e9f2915d5b2c6c2d52,1391
Equity.US.SMH/USD,US,SMH,USD,VANECK SEMICONDUCTOR UCITS ETF / US DOLLAR,-5,2487b620e66468404ba251bfaa6b8382774010cbb5d504ac48ec263e0b1934aa,2372
Equity.US.SMIN/USD,US,SMIN,USD,SMITHS GROUP PLC,-5,835729056ca01908b62d9e5a2bd1c83cd7aa3cc7047af2db09d6fca3fa8b65bb,2854
Equity.US.SMR/USD,US,SMR,USD,NUSCALE POWER CORP,-5,69155365daba71df19c2c0416467b64581052cfa75f44b77f352a92698b81639,2855
Equity.US.SMU/USD,US,SMU,USD,TRADR 2X LONG SMR DAILY ETF,-5,af2e41d84122408d8e6e2622d6284b6134ccd53ff7708f41bae63862cd13c005,2856
Equity.US.SMUP/USD,US,SMUP,USD,T-REX 2X LONG SMR DAILY TARGET ETF,-5,a2227c884b4c9b3e078994db1fe5f3b8ea1258a306522bd50f84d8bde3b7f44c,2857
Equity.US.SNA/USD,US,SNA,USD,SNAP-ON INCORPORATED / US DOLLAR,-5,40ee2e8a06ac2de84d6cea61c4519a35755d59c255c545db964c5e2ed840a1e8,1392
Equity.US.SNAP/USD,US,SNAP,USD,SNAP INC / US DOLLAR,-5,a23dd397c4f7a2187d00c1973e58ff6e8a681658b1105d1bd42a8fccbbd068f7,1737
Equity.US.SNDK/USD,US,SNDK,USD,SANDISK CORP,-5,c86a1f20cd7d5d07932baea30bcd8e479b775c4f51f82526bf1de6dc79fa3f76,2858
Equity.US.SNOU/USD,US,SNOU,USD,T-REX 2X LONG SNOW DAILY TARGET ETF,-5,88eaba5ebb411a48fe800047ecef5b854b03ed75cdf0b78633bf44dcedcb2aac,2859
Equity.US.SNOW/USD,US,SNOW,USD,SNOWFLAKE INC,-5,14291d2651ecf1f9105729bdc59553c1ce73fb3d6c931dd98a9d2adddc37e00f,2860
Equity.US.SNPS/USD,US,SNPS,USD,SYNOPSYS INC / US DOLLAR,-5,af00c68cb77107c1f4e8ff5c7e8a28892931fd2790ff9ca54969625d27b66e63,1393
Equity.US.SNX/USD,US,SNX,USD,TD SYNNEX CORP COM / US DOLLAR,-5,,3503
Equity.US.SNXX/USD,US,SNXX,USD,TRADR 2X LONG SNDK DAILY ETF / US DOLLAR,-5,,3440
Equity.US.SNY/USD,US,SNY,USD,SANOFI SA ADR / US DOLLAR,-5,,3225
Equity.US.SO/USD,US,SO,USD,THE SOUTHERN COMPANY / US DOLLAR,-5,650293cd51d63cac28ecb03823af05d8192dad724156af6ed4a90b1708057bf2,1394
Equity.US.SOFI/USD,US,SOFI,USD,SOFI TECHNOLOGIES INC,-5,72fae0e0683c186f5ce9444afac9909cf5d60b499f4f9569dd75442f19c625c8,2861
Equity.US.SOLS/USD,US,SOLS,USD,SOLSTICE ADVANCED MATLS INC COM SHS / US DOLLAR,-5,,3504
Equity.US.SOLV/USD,US,SOLV,USD,SOLVENTUM CORPORATION / US DOLLAR,-5,d96aa551f05f1e84366a7b32afb363aadbcf5357d2caca43bcefdb3e65eccb11,1395
Equity.US.SONY/USD,US,SONY,USD,SONY GROUP CORP ADR / US DOLLAR,-5,b4e9d5fc0e0dbf10b138cbbdcb0c211dd6a56676bcf16d09760be7967bd204f9,2373
Equity.US.SOUN/USD,US,SOUN,USD,SOUNDHOUND AI INC,-5,88232bfe2ca44449224f24fc862d4b4fed9144e53f6cf9f0a939f88b82b4f8cd,2862
Equity.US.SOXL/USD,US,SOXL,USD,DIREXION DAILY SEMICONDUCTOR BULL 3X SHARES,-5,53008e9cb71db278f91d7ee0011434af626548018b5f9d4c11000c387eac46fb,2863
Equity.US.SOXS/USD,US,SOXS,USD,DIREXION DAILY SEMICONDUCTOR BEAR 3X SHARES / US DOLLAR,-5,7cf66aa378a88b0637d1e8dae8ca0d558ba997338af670399e984a995c496200,1738
Equity.US.SOXX/USD,US,SOXX,USD,ISHARES SEMICONDUCTOR ETF / US DOLLAR,-5,3c3973e95c24fab3808a8fd9f25fb06ee92422fea20d814c1a850b307cbf31b9,1739
Equity.US.SPCH/USD,US,SPCH,USD,SPCH LEVERAGE SHARES 2X LONG SPCX DAILY ETF / US DOLLAR,-5,,3332
Equity.US.SPCX/USD,US,SPCX,USD,SPACE EXPLORATION TECHNOLOGY CORP / US DOLLAR,-5,,3314
Equity.US.SPDW/USD,US,SPDW,USD,SPDR PORTFOLIO DEVELOPED WORLD EX-US ETF / US DOLLAR,-5,12e4e2cd0563c32e153dc2e4b843c4f8389c187297a2b1e25651c20c0491e07d,1740
Equity.US.SPG/USD,US,SPG,USD,SIMON PROPERTY GROUP INC / US DOLLAR,-5,e5b009001bb93e2c5405c6c1f24a2ea178f378997cfd2e3fa8103bcc8df66985,1396
Equity.US.SPGI/USD,US,SPGI,USD,S&P GLOBAL INC / US DOLLAR,-5,e7268062e142570f97cfba327f14e3153d1d4d8f6a4f84e59b72940ee87ecdb9,1397
Equity.US.SPLG/USD,US,SPLG,USD,DEPRECATED FEED - SPLG / US DOLLAR,-5,4dfbf28d72ab41a878afcd4c6d5e9593dca7cf65a0da739cbad9b7414004f82d,1741
Equity.US.SPMO/USD,US,SPMO,USD,INVESCO S&P 500 MOMENTUM ETF,-5,,3349
Equity.US.SPOT/USD,US,SPOT,USD,SPOTIFY TECHNOLOGY SA,-5,547ef6a2ea7db9baf50788876d3c062facaecfc896d898f37ba12efd0a13383a,2864
Equity.US.SPXL/USD,US,SPXL,USD,DIREXION DAILY S&P 500 BULL 3X SHARES,-5,29b2a56191843fb428aaaa910383b7aa615ae6d32657acc0a6a9cc35a94bf02f,2865
Equity.US.SPY/USD,US,SPY,USD,SPY / US DOLLAR,-5,19e09bb805456ada3979a7d1cbb4b6d63babc3a0f8e8a9509f68afa5c4c11cd5,1398
Equity.US.SPYG/USD,US,SPYG,USD,SPYG / US DOLLAR,-5,39d6113025efb65b116726281dc70b917fd43391e26a5e06c76b9e9e606b5da9,1742
Equity.US.SPYI/USD,US,SPYI,USD,NEOS S&P 500 HIGH INCOME ETF,-5,284fc7f6e9062c1a6b2b23841c6aa88076e99fd660ff7683640a9f2e97f7b93e,2866
Equity.US.SPYM/USD,US,SPYM,USD,SPYM / US DOLLAR,-5,2e5723d0391f26ff4004f8d276a7286cc52ad8ceb98c62ba64e10b0309ede63b,3036
Equity.US.SPYV/USD,US,SPYV,USD,SPYV / US DOLLAR,-5,da3768a335fe3d4e6a3a540300229909deec4ba07bab6f05d945b9dec67b6856,1743
Equity.US.SQQQ/USD,US,SQQQ,USD,PROSHARES ULTRAPRO SHORT QQQ / US DOLLAR,-5,f207c5d325e44579b12965394d9a4dd988567de635a494694bfb0b46c20a06ec,1744
Equity.US.SRE/USD,US,SRE,USD,SEMPRA / US DOLLAR,-5,2b6b8daa571caf41933359e3fa3e1497db49fa39bb0964f02e4fee4e3035b22a,1399
Equity.US.SSK/USD,US,SSK,USD,REX-OSPREY SOL + STAKING ETF / US DOLLAR,-5,2f57e10123680b3eccb8de3440d8fcb95302ea6c1ab087db55d111b9ffbd759e,2300
Equity.US.SSNC/USD,US,SSNC,USD,SS&C TECH HLDGS COM / US DOLLAR,-5,,3505
Equity.US.SSPC/USD,US,SSPC,USD,SSPC LEVERAGE SHARES 2X SHORT SPCX DAILY ETF / US DOLLAR,-5,,3331
Equity.US.STE/USD,US,STE,USD,STERIS PLC / US DOLLAR,-5,c8688938e7493b4849467d88d1cac1518f13d9cee69742982120439acdf2c83a,1400
Equity.US.STKE/USD,US,STKE,USD,SOL STRATEGIES INC / US DOLLAR,-5,d108cc6c42b7fd7c624e2222d2deaeac277bd76fdd64f0275b6160c58b15ac0b,2374
Equity.US.STLD/USD,US,STLD,USD,STEEL DYNAMICS INC / US DOLLAR,-5,3bc436e6c024059b3493e4332b32d0cbdd2b8ecf84544261838137eb1f299525,1401
Equity.US.STRC/USD,US,STRC,USD,STRATEGY INC VARIABLE RATE SERIES A PERPETUAL STRETCH PREFERRED STOCK / US DOLLA,-5,27c7bbc9755d847f7fc63620c2edcc6a91d2c0c67a28c7999907b59c505b3c17,2419
Equity.US.STRD/USD,US,STRD,USD,STRATEGY INC 10.00% SERIES A PERPETUAL STRIDE PREFERRED STOCK / US DOLLAR,-5,e05f73b509d11fd3da19389e862ad2dc16312124484b6c67a01439627995045b,2420
Equity.US.STRF/USD,US,STRF,USD,STRATEGY INC 10.00% SERIES A PERPETUAL STRIFE PREFERRED STOCK / US DOLLAR,-5,74954ebfadaddf3a51f1d9c85a5d1966f3efb43b8fef32e2486d48c86a90fca4,2421
Equity.US.STRK/USD,US,STRK,USD,MICROSTRATEGY INCORPORATED / US DOLLAR,-5,cdea273301806de445b481e91a8dbe292ba23fcff8f7dec2053311555a0656c3,1402
Equity.US.STRL/USD,US,STRL,USD,STERLING INFRASTRUCTURE INC COM / US DOLLAR,-5,,3506
Equity.US.STT/USD,US,STT,USD,STATE STREET CORPORATION / US DOLLAR,-5,a72ff152372a1a9b75e40c7da828be1e53129bfb0338436afab007bad29aa42c,1403
Equity.US.STX/USD,US,STX,USD,SEAGATE TECHNOLOGY HOLDINGS PLC / US DOLLAR,-5,0b7fc35cea4acfa65e49a718292e0b31b453072e3af39afbfd2925da5c3ab65d,1404
Equity.US.STZ/USD,US,STZ,USD,CONSTELLATION BRANDS INC / US DOLLAR,-5,bcbe7f4f918381ad7891595dabea1c1a0b662e48cc533d48f308aa4883a0802d,1405
Equity.US.SUI/USD,US,SUI,USD,SUN CMNTYS INC COM / US DOLLAR,-5,,3507
Equity.US.SUIG/USD,US,SUIG,USD,SUI GROUP HOLDINGS LTD / US DOLLAR,-5,24cca4d8e798e70a7feba076fdf89c1032b735570eab83125b8e7f8d8ac63c95,2423
Equity.US.SVIX/USD,US,SVIX,USD,-1X SHORT VIX FUTURES ETF,-5,d9aa4184ac9f5c051c869efc5c87c3156c1793b54e4281a012a2358800990641,2867
Equity.US.SVXY/USD,US,SVXY,USD,PROSHARES SHORT VIX SHORT-TERM FUTURES ETF,-5,b512a263b7582ea4f19e64389ecd906a7d7773a67d6ddc0cc70113d441cf48cb,2868
Equity.US.SW/USD,US,SW,USD,SMURFIT WESTROCK PLC / US DOLLAR,-5,c7ba1f80f10774038310eb30adc31c69103f9e3030262ef4e0a6ce9d6c44488f,1406
Equity.US.SWDA/USD,US,SWDA,USD,ISHARES CORE MSCI WORLD UCITS ETF / US DOLLAR,-5,fd80c93ce3a12d18aa3597382020843761ebfdbfc2cb386783a6091c9bc23e7b,1407
Equity.US.SWK/USD,US,SWK,USD,STANLEY BLACK & DECKER INC / US DOLLAR,-5,cc7233f28c816dae39aa0bd524029f89e5951bd308523228ecac6891d7a18a7b,1408
Equity.US.SWKS/USD,US,SWKS,USD,SKYWORKS SOLUTIONS INC / US DOLLAR,-5,431349b17e1ee2605695615baffd31e44290477089c02536bb2926dfa36850b8,1409
Equity.US.SYF/USD,US,SYF,USD,SYNCHRONY FINANCIAL / US DOLLAR,-5,19182efb2c0ed89266ee1db3a1e8d3e46c9af1542232ed168e88bcb38db3b64f,1410
Equity.US.SYK/USD,US,SYK,USD,STRYKER CORPORATION / US DOLLAR,-5,1e2fea8c5028e09489fbcb31014e9e7833e08eea78922eaa69d96cf1b37206c2,1411
Equity.US.SYY/USD,US,SYY,USD,SYSCO CORPORATION / US DOLLAR,-5,da937ffe337d2111782ba3910b7b4191764724c3adc69e3074d5da7e25a7dfb4,1412
Equity.US.T/USD,US,T,USD,AT&T INC / US DOLLAR,-5,63e9f918ab91507c3574cca011da4dccda30cf54d46124d03b70279142ff81f3,1413
Equity.US.TAP/USD,US,TAP,USD,MOLSON COORS BEVERAGE COMPANY / US DOLLAR,-5,05e6a47abeb8086932fffaca66b028aac114c26310f2279ef924362fdd4128e7,1414
Equity.US.TBT/USD,US,TBT,USD,PROSHARES ULTRASHORT 20+ YEAR TREASURY / US DOLLAR,-5,,3458
Equity.US.TCOM/USD,US,TCOM,USD,TRIPCOM GROUP LTD,-5,37527d726792538d5b968b8d5777044cda4413f7814e24978d9a3a9094157c2b,2869
Equity.US.TDG/USD,US,TDG,USD,TRANSDIGM GROUP INCORPORATED / US DOLLAR,-5,d381a4fd877aab599ca1270f5a099d8583ee60159b66c6b6b1ad3018ae89c8fe,1415
Equity.US.TDY/USD,US,TDY,USD,TELEDYNE TECHNOLOGIES INCORPORATED / US DOLLAR,-5,ce974508b0d8eafcb71d4acca8df29adccc8af76844d7fa7f2e10d459d65b8fc,1416
Equity.US.TEAM/USD,US,TEAM,USD,ATLASSIAN CORPORATION / US DOLLAR,-5,2bb7815db4d6081ddfda9befcacac28c63a3f4349fdd5b35accf47b52f35a746,1417
Equity.US.TECH/USD,US,TECH,USD,BIO-TECHNE CORPORATION / US DOLLAR,-5,dd73e30fcfa3278a6995202c4b74cf92fc0a5aa9829bd5a1b17e6dd881eb1c29,1418
Equity.US.TEL/USD,US,TEL,USD,TE CONNECTIVITY PLC / US DOLLAR,-5,5cbf183213af0c63f896b908770e684cb0dfb6634e42bd6e8ea7b273eb61a342,1419
Equity.US.TEM/USD,US,TEM,USD,TEMPUS AI INC / US DOLLAR,-5,79c4582b9dd2d5f9a32c54654f3db995353a0e57a8094bacb8fb55a7190ca9a3,2375
Equity.US.TEMT/USD,US,TEMT,USD,TRADR 2X LONG TEM DAILY ETF,-5,30ecd3c76d829b3540379f6a33379d324aad1bcf0a9fd2c301673ab7b9353f58,2870
Equity.US.TER/USD,US,TER,USD,TERADYNE INC / US DOLLAR,-5,58ab181e7512766728d2cc3581839bbb913e6cd24457ba422cbe2a33df64416e,1420
Equity.US.TETH/USD,US,TETH,USD,21SHARES ETHEREUM ETF,-5,4bafda97365d70deddc8914586a80c64926811d8a9b92872a8d1744675a3d983,2871
Equity.US.TFC/USD,US,TFC,USD,TRUIST FINANCIAL CORPORATION / US DOLLAR,-5,d39e81603a92c5b911f9a46432c50de459c6ab6d854e53b00ad65354e14728d7,1421
Equity.US.TFX/USD,US,TFX,USD,TELEFLEX INCORPORATED / US DOLLAR,-5,8ee55f6d832a1416ffba3344e92528b4e46fb8cfb931b318d6ccd7d80b06815b,1422
Equity.US.TGT/USD,US,TGT,USD,TARGET CORPORATION / US DOLLAR,-5,13537ceb2df5af0b8cdf8032561b0a71430b51297375bbfdc6ed209df1da0d65,1423
Equity.US.TJX/USD,US,TJX,USD,THE TJX COMPANIES INC / US DOLLAR,-5,1e0192ac474db72a6937c45460929dcef6efebf4d4b493685d020d1bc3b265a2,1424
Equity.US.TKO/USD,US,TKO,USD,TKO GROUP HOLDINGS INC / US DOLLAR,-5,6b4b77a7d5582a28d508e5dc6774384551767ae333cdeffb24af61277725e9b1,2301
Equity.US.TLT/USD,US,TLT,USD,ISHARES 20+ YEAR TREASURY BOND ETF / US DOLLAR,-5,9f383d612ac09c7e6ffda24deca1502fce72e0ba58ff473fea411d9727401cc1,1425
Equity.US.TLTW/USD,US,TLTW,USD,ISHARES 20+ YEAR TREASURY BOND BUYWRITE STRAT ETF,-5,c59a226858a1faf11b467b30b9a27046ee831c79719180dccb71845607d075d2,2872
Equity.US.TME/USD,US,TME,USD,TENCENT MUSIC ENTERTAINMENT GROUP SPON ADS / US DOLLAR,-5,,3234
Equity.US.TMF/USD,US,TMF,USD,DIREXION DAILY 20+ YEAR TREASURY BULL 3X ETF / US DOLLAR,-5,,3457
Equity.US.TMFC/USD,US,TMFC,USD,MOTLEY FOOL 100 INDEX ETF,-5,617fdfa160c56d624cadf36f93ae041bf96be6afec66b8dd1f69bae448d58a8b,2873
Equity.US.TMO/USD,US,TMO,USD,THERMO FISHER SCIENTIFIC INC / US DOLLAR,-5,244fdf268ed7ecfad2cf84529c46d0fcef7a643428ff4ef8b16e8dbb63e0f2d9,1426
Equity.US.TMUS/USD,US,TMUS,USD,T-MOBILE US INC / US DOLLAR,-5,0b231ca4307d25e4600067bfb06f576474bcabd74fb50eeaa0906ac1b457f365,1427
Equity.US.TNA/USD,US,TNA,USD,DIREXION DAILY SMALL CAP BULL 3X SHARES,-5,a7c667022a45f8b7f92f78823062aa3ab3f14d4ed6fb196e7d8631973e1865a7,2874
Equity.US.TONX/USD,US,TONX,USD,TON STRATEGY COMPANY / US DOLLAR,-5,e9988572f440d07b8a602f57a0a5a916e60ab85baad5ce1cffef5e98b2841caf,2376
Equity.US.TOST/USD,US,TOST,USD,TOAST INC CL A / US DOLLAR,-5,,3508
Equity.US.TPL/USD,US,TPL,USD,TEXAS PACIFIC LAND CORPORATION / US DOLLAR,-5,5b839599042f75b23fab4ced6a448aa6d1c367879e25a77b87f4a9dfa98bf4bd,1428
Equity.US.TPR/USD,US,TPR,USD,TAPESTRY INC / US DOLLAR,-5,86fcbb7f5166af4a0e298643e725f8af62e93b96891d478dd347165e3c7716a2,1429
Equity.US.TQQQ/USD,US,TQQQ,USD,PROSHARES ULTRAPRO QQQ / US DOLLAR,-5,5aa9f82dc2e0f5f8271fd163e980010101517da59f4b72b71c7056a5950b2f9d,1745
Equity.US.TRGP/USD,US,TRGP,USD,TARGA RESOURCES CORP / US DOLLAR,-5,e3fdb99fc6ce4b1b118b16abafb68242e7feef6e8e75f2ad435072ab83b5c3f7,1430
Equity.US.TRI/USD,US,TRI,USD,THOMSON REUTERS CORP / US DOLLAR,-5,,3231
Equity.US.TRMB/USD,US,TRMB,USD,TRIMBLE INC / US DOLLAR,-5,9016be1a1eed6240724a40e2629a02c08ef6d87fafc772b856ebdbe3d174e6ba,1431
Equity.US.TROW/USD,US,TROW,USD,T ROWE PRICE GROUP INC / US DOLLAR,-5,c58e1fe6b3a7df2a45f72bb291914f509d949951a76be1920b66fff1d1681f46,1432
Equity.US.TRU/USD,US,TRU,USD,TRANSUNION COM / US DOLLAR,-5,,3509
Equity.US.TRV/USD,US,TRV,USD,TRAVELERS COMPANIES INC / US DOLLAR,-5,d45392f678a1287b8412ed2aaa326def204a5c234df7cb5552d756c332283d81,1433
Equity.US.TSCO/USD,US,TSCO,USD,TRACTOR SUPPLY COMPANY / US DOLLAR,-5,17739c3c2b2888751a75bada52253281c29b5ec25b39a8aecdbe63e11283e219,1434
Equity.US.TSEM/USD,US,TSEM,USD,TOWER SEMICONDUCTOR LTD.,-5,,3348
Equity.US.TSLA/USD,US,TSLA,USD,TESLA INC / US DOLLAR,-5,16dad506d7db8da01c87581c87ca897a012a153557d4d578c3b9c9e1bc0632f1,1435
Equity.US.TSLA/USD.EXT,US,TSLA,USD,DEPRECATED FEED - TESLA INC / US DOLLAR - EXTENDED HOURS,-5,82c4d954fce9132f936100aa0b51628d7ac01888e4b46728d5d3f5778eb4c1d2,1746
Equity.US.TSLL/USD,US,TSLL,USD,DIREXION DAILY TSLA BULL 2X SHARES / US DOLLAR,-5,a773b1d62be85f3e67304462dfd7c7afad5f1d84a75b7ff2166d977ca7990358,2377
Equity.US.TSLQ/USD,US,TSLQ,USD,TRADR 2X SHORT TSLA DAILY ETF / US DOLLAR,-5,508439d4bbfac7632f640c74c6b7ace7f42c699393a588cb3bb236cfed001723,1747
Equity.US.TSLT/USD,US,TSLT,USD,T-REX 2X LONG TESLA DAILY TARGET ETF,-5,ea369d74d496643c7256c7d345b5df83d2f8eea734c1a48b8f25eb9582b856dd,2875
Equity.US.TSLW/USD,US,TSLW,USD,ROUNDHILL TSLA WEEKLYPAY ETF,-5,06458a035e9690c320fed9f538df732d8c3df65fe9b6d47822dc6171f2f752e6,2876
Equity.US.TSLZ/USD,US,TSLZ,USD,T-REX 2X INVERSE TESLA DAILY TARGET ETF,-5,32043fb1510a001f06c867325812ed10babe246cf4f9e2568e0f1514c8b31f9d,2877
Equity.US.TSM/USD,US,TSM,USD,TAIWAN SEMICONDUCTOR MANUFACTURING CO LIMITED / US DOLLAR,-5,e722560a66e4ab00522ef20a38fa2ba5d1b41f1c5404723ed895d202a7af7cc4,1436
Equity.US.TSN/USD,US,TSN,USD,TYSON FOODS INC / US DOLLAR,-5,0e83585b37891c7ed22e02b3319c0dc85e1315eccc85deba649c86525c880b36,1437
Equity.US.TT/USD,US,TT,USD,TRANE TECHNOLOGIES PLC / US DOLLAR,-5,0c9385e9109703f9cef4872dc1d6abaa7a630c1b524757141f79d42159768307,1438
Equity.US.TTD/USD,US,TTD,USD,THE TRADE DESK INC / US DOLLAR,-5,0ad2003fcf837c63f83ce1238efaadce0976ef93d4b3b0befbbf5e196945c385,1439
Equity.US.TTWO/USD,US,TTWO,USD,TAKE-TWO INTERACTIVE SOFTWARE INC / US DOLLAR,-5,782a6a261306f01ab2ad004062a2832107360eefdcf8c83223e0ff7ca7ebde8d,1440
Equity.US.TURB/USD,US,TURB,USD,TURBO ENERGY SA,-5,99cdd2129a8ae8e69fdaa40b471a73443660ee54d6566f413dae938186e0b602,2878
Equity.US.TW/USD,US,TW,USD,TRADEWEB MKTS INC CL A / US DOLLAR,-5,,3510
Equity.US.TXN/USD,US,TXN,USD,TEXAS INSTRUMENTS INCORPORATED / US DOLLAR,-5,c5b94c7ece9c3ac984e1439a8fac86270d0f988bbbcc838b456e2d7311754bdc,1441
Equity.US.TXT/USD,US,TXT,USD,TEXTRON INC / US DOLLAR,-5,2fc0a41f1d62126539e3b1ca29029e66d991724b2189f63059a5f5682129ab28,1442
Equity.US.TYL/USD,US,TYL,USD,TYLER TECHNOLOGIES INC / US DOLLAR,-5,d78290ea68a7d23aa44291bf9075a7bdeda18f7aabb32b095cdf175ec5cee785,1443
Equity.US.TZA/USD,US,TZA,USD,DIREXION DAILY SMALL CAP BEAR 3X ETF / US DOLLAR,-5,,3320
Equity.US.UAE/USD,US,UAE,USD,ISHARES MSCI UAE ETF / US DOLLAR,-5,,3067
Equity.US.UAL/USD,US,UAL,USD,UNITED AIRLINES HOLDINGS INC / US DOLLAR,-5,cba6d204bc8c77c733d1f1acc5288d00dc4361046fe4559f2f6fb750321b0afa,1444
Equity.US.UBER/USD,US,UBER,USD,UBER TECHNOLOGIES INC / US DOLLAR,-5,c04665f62a0eabf427a834bb5da5f27773ef7422e462d40c7468ef3e4d39d8f1,1445
Equity.US.UDR/USD,US,UDR,USD,UDR INC / US DOLLAR,-5,22bc4962a6ab104d6e5f25665cabfca04730bfa959ebfc3def3ba43b19d0ba03,1446
Equity.US.UFO/USD,US,UFO,USD,PROCURE SPACE ETF / US DOLLAR,-5,acd810ab7cc7a23f690a3bc3a641c424f22c6ab42544fdac43aa947f4a895a03,2302
Equity.US.UHS/USD,US,UHS,USD,UNIVERSAL HEALTH SERVICES INC / US DOLLAR,-5,b364fe14ebb6fa10f5897532a4c38f1839fe262c9c8db2d8d41deac85837f79b,1447
Equity.US.ULTA/USD,US,ULTA,USD,ULTA BEAUTY INC / US DOLLAR,-5,6187f28a5c56dfd380dfa2b718b4062f8c3ae8a0e32f7c11078e76b31269f49c,1448
Equity.US.UMC/USD,US,UMC,USD,UNITED MICROELECTRONICS CORPORATION,-5,,3354
Equity.US.UNH/USD,US,UNH,USD,UNITEDHEALTH GROUP INC / US DOLLAR,-5,05380f8817eb1316c0b35ac19c3caa92c9aa9ea6be1555986c46dce97fed6afd,1449
Equity.US.UNP/USD,US,UNP,USD,UNION PACIFIC CORPORATION / US DOLLAR,-5,b095647f688415d4102a858e1b25c1af15750f0e516a0d561cb35ebe30deb183,1450
Equity.US.UPS/USD,US,UPS,USD,UNITED PARCEL SERVICE INC / US DOLLAR,-5,c446b836e3e1bf1610f29c51f9102e1d5ea2db1da64c39fcdc797d99df097bcc,1451
Equity.US.UPST/USD,US,UPST,USD,UPSTART HOLDINGS INC / US DOLLAR,-5,2eb2da822ce9c90742c9133bc0aa94fa601210402ade6a35f0420865a378f876,1452
Equity.US.UPSX/USD,US,UPSX,USD,TRADR 2X LONG UPST DAILY ETF,-5,266a4351f0ac17c0b47778511a62fb7161a206a858810a23d025fbd5d2478fd7,2879
Equity.US.UPXI/USD,US,UPXI,USD,UPEXI INC / US DOLLAR,-5,6f337bb156872e43df75fdbb630c7a8f6c36d70185d9ccf36f763010cb37fa7a,2303
Equity.US.URA/USD,US,URA,USD,GLOBAL X URANIUM ETF / US DOLLAR,-5,,3223
Equity.US.URI/USD,US,URI,USD,UNITED RENTALS INC / US DOLLAR,-5,111dca3c1265a35337c6b2ed06245c5b504c255f92c5ba0c03a67d8913d3e83f,1453
Equity.US.URNM/USD,US,URNM,USD,SPROTT URANIUM MINERS ETF/ US DOLLAR,-5,,3163
Equity.US.URTH/USD,US,URTH,USD,ISHARES MSCI WORLD ETF / US DOLLAR,-5,1bf8ff9fafb834c10731e4cfec4e8042ee3b5b573f01a50bc766436ea5c28c4c,1454
Equity.US.US1001M/USD,US,US1001M,USD,PYTH US 100 1 MONTH / US DOLLAR,-5,,1455
Equity.US.US1002M/USD,US,US1002M,USD,PYTH US 100 2 MONTH / US DOLLAR,-5,,1456
Equity.US.US1003M/USD,US,US1003M,USD,PYTH US 100 3 MONTH / US DOLLAR,-5,,1457
Equity.US.US100H6/USD,US,US100H6,USD,PYTH US100 20 MARCH 2026 / US DOLLAR,-5,,1538
Equity.US.US100M5/USD,US,US100M5,USD,PYTH US100 20 JUNE 2025 / US DOLLAR,-5,c08b05c2977790750d32f6c36ba86362639b3b8640433075dc4ceaeeaf6c11d6,1539
Equity.US.US100U5/USD,US,US100U5,USD,DEPRECATED FEED - PYTH US100U5 19 SEPTEMBER 2025 / US DOLLAR,-5,519fb1ca86223314ae22ce7e0346197c994c3d61940ce0c099e338ab0510a7a2,1540
Equity.US.US100Z5/USD,US,US100Z5,USD,PYTH US100 19 DECEMBER 2025 / US DOLLAR,-5,,1541
Equity.US.US301M/USD,US,US301M,USD,PYTH US 30 1 MONTH / US DOLLAR,-5,,1458
Equity.US.US302M/USD,US,US302M,USD,PYTH US 30 2 MONTH / US DOLLAR,-5,,1459
Equity.US.US303M/USD,US,US303M,USD,PYTH US 30 3 MONTH / US DOLLAR,-5,,1460
Equity.US.US30H6/USD,US,US30H6,USD,PYTH US30 20 MARCH 2026 / US DOLLAR,-5,,1542
Equity.US.US30M5/USD,US,US30M5,USD,PYTH US30 20 JUNE 2025 / US DOLLAR,-5,631c56d422c709f895d3f91dc4d4406c2caa7a9af6d8e20a24192ae2f437c8b7,1543
Equity.US.US30U5/USD,US,US30U5,USD,DEPRECATED FEED - PYTH US30U5 19 SEPTEMBER 2025 / US DOLLAR,-5,3e7d0dd3be36c4f0ee0efa7600ed5a5dcf5c4e0a1460d8c3fc46169bbd9d78db,1544
Equity.US.US30Z5/USD,US,US30Z5,USD,PYTH US30 19 DECEMBER 2025 / US DOLLAR,-5,,1545
Equity.US.US5001M/USD,US,US5001M,USD,PYTH US 500 1 MONTH / US DOLLAR,-5,,1461
Equity.US.US5002M/USD,US,US5002M,USD,PYTH US 500 2 MONTH / US DOLLAR,-5,,1462
Equity.US.US5003M/USD,US,US5003M,USD,PYTH US 500 3 MONTH / US DOLLAR,-5,,1463
Equity.US.US500H6/USD,US,US500H6,USD,PYTH US500 20 MARCH 2026 / US DOLLAR,-5,,1546
Equity.US.US500M5/USD,US,US500M5,USD,PYTH US500 20 JUNE 2025 / US DOLLAR,-5,28db166ac107eb63bf590e41615eca10f11f6ef823a6214ec89429e52c0f946a,1547
Equity.US.US500U5/USD,US,US500U5,USD,DEPRECATED FEED - PYTH US500U5 19 SEPTEMBER 2025 / US DOLLAR,-5,770571aab619609cb5c28d5b891d36c64b8d6d373977ba37de3ef5a46743eeef,1548
Equity.US.US500Z5/USD,US,US500Z5,USD,PYTH US500 19 DECEMBER 2025 / US DOLLAR,-5,,1549
Equity.US.USAR/USD,US,USAR,USD,USA RARE EARTH INC / US DOLLAR,-5,1bf5216f1a4ec4beb87e22110dbca2a62825bb1216d24a17e913164e4f8ec602,3307
Equity.US.USB/USD,US,USB,USD,US BANCORP / US DOLLAR,-5,3490a2ca9b5db045ea37d86c2d5dd69f893417fb3b9937b4bcd61d17f0bf0c20,1464
Equity.US.USFR/USD,US,USFR,USD,WISDOMTREE FLOATING RATE TREASURY FUND / US DOLLAR,-5,98b3bc80a9e8ea755e29ef29575c3de9d5ae8213450c66e8f0759d5a7c0d8aad,1465
Equity.US.USHY/USD,US,USHY,USD,AMUNDI USD HIGH YIELD CORPORATE BOND ESG UCITS ETF DIST,-5,2f906df6bed62ce06e44e8791479ece108c9a30c3ed2d08363cea9450d41b653,2880
Equity.US.USMV/USD,US,USMV,USD,ISHARES MSCI USA MIN VOL FACTOR ETF / US DOLLAR,-5,c4dade380e68e849be91e356f791df7ef051eace71813f70562be483c4f82550,1748
Equity.US.USO/USD,US,USO,USD,UNITED STATES OIL FUND LP / US DOLLAR,-5,d00bd77d97dc5769de77f96d0e1a79cbf1364e14d0dbf046e221bce2e89710dd,1466
Equity.US.UTHR/USD,US,UTHR,USD,UNITED THERAPEUTICS CORP DEL COM / US DOLLAR,-5,,3511
Equity.US.UVIX/USD,US,UVIX,USD,2X LONG VIX FUTURES ETF,-5,bb0d8349772cdc4443ef9a27e7ade1ca562395c2c688c98203580895c4d48613,2881
Equity.US.UVXY/USD,US,UVXY,USD,PROSHARES ULTRA VIX SHORT-TERM FUTURES ETF,-5,7d9c04b949c64bef946910c9cdf4390737731fca2c5356aa5fe36844bab1cb16,2882
Equity.US.V/USD,US,V,USD,VISA INC / US DOLLAR,-5,c719eb7bab9b2bc060167f1d1680eb34a29c490919072513b545b9785b73ee90,1467
Equity.US.VALE/USD,US,VALE,USD,VALE / US DOLLAR,-5,89dd5fb5c30324f3cb11920e3e5ca7de7732abf3889f93bf3757f9509715a89f,1749
Equity.US.VB/USD,US,VB,USD,VANGUARD SMALL-CAP ETF / US DOLLAR,-5,8923035238b1b11706cf29526dd50a384a9ee86d31733cee7ac22bdd5994d9d0,1750
Equity.US.VBR/USD,US,VBR,USD,VANGUARD SMALL-CAP VALUE ETF / US DOLLAR,-5,050f926c4a78049bbad8b8f87487f469a1ebbeb3264317e7380ae87939d0b344,1751
Equity.US.VCIT/USD,US,VCIT,USD,VANGUARD INTERMEDIATE-TERM CORP BOND ETF / US DOLLAR,-5,ef2a78123eb57856322c1f087bdd06c70cdda22707e934037a5ee4a67376b881,1752
Equity.US.VCRM/USD,US,VCRM,USD,VANGUARD CORE TAX-EXEMPT BOND ETF,-5,2c9e333b9ddb2d7e68d6945176ba379a8718b209ca990b5446516b9e37b709d2,2883
Equity.US.VCSH/USD,US,VCSH,USD,VANGUARD SHORT-TERM CORP BOND ETF / US DOLLAR,-5,bc1c102bd52c76bf5d17b60b249983fcf44dcfef227eb25d578fae74e93f926b,1753
Equity.US.VEA/USD,US,VEA,USD,VANGUARD FTSE DEVELOPED MKTS ETF / US DOLLAR,-5,11e972f7dcdb6158ae9812d60e37a227a27d3f3aab5982f35d3208b9cd3748c5,1754
Equity.US.VEEV/USD,US,VEEV,USD,VEEVA SYS INC CL A COM / US DOLLAR,-5,,3512
Equity.US.VERB/USD,US,VERB,USD,VERB TECHNOLOGY COMPANY INC,-5,,2304
Equity.US.VEU/USD,US,VEU,USD,VANGUARD FTSE ALL WORLD EX US ETF / US DOLLAR,-5,845910208473d9a712bf420ec34dbfd21752794633e45765373e29fb925d854b,1755
Equity.US.VGIT/USD,US,VGIT,USD,VANGUARD INTERMEDIATE-TERM TREASURY ETF / US DOLLAR,-5,8f0e642a4f4c7163ad0b2a665d388c8c89bc792c5da0e395a4c310327a6795e3,1756
Equity.US.VGK/USD,US,VGK,USD,VANGUARD FTSE EUROPEAN ETF / US DOLLAR,-5,0648195b6826d833f3c4eb261c81223a90ceb3a26e86e9b18f6e11f0212cad18,1757
Equity.US.VGNT/USD,US,VGNT,USD,VERSIGENT / US DOLLAR,-5,91b8671f881dcf968dec8b7eca1501bd5423e3eea934caae201529c7de9149fa,3126
Equity.US.VGT/USD,US,VGT,USD,VANGUARD INFORMATION TECH ETF / US DOLLAR,-5,2cc2801a33b56932e19e5b20b22dcaa72baddbc7ea7c3589edbae7579a9af697,1758
Equity.US.VICI/USD,US,VICI,USD,VICI PROPERTIES INC / US DOLLAR,-5,952cd0607b5624c28971ade6d2e6a26bbbbfcc857ba1d41b85945a425524f4cc,1468
Equity.US.VIG/USD,US,VIG,USD,VANGUARD DIV APPRECIATION ETF / US DOLLAR,-5,70e046461c0ceb770c63a7fc15ac1fc54944dd3a10007bc23e43461858c3df89,1759
Equity.US.VIXY/USD,US,VIXY,USD,PROSHARES VIX SHORT-TERM FUTURES ETF,-5,6db82288cc5f3e1e2c6be0111fcd989ac93d161fb586a70651dccad2ac52c840,2884
Equity.US.VLO/USD,US,VLO,USD,VALERO ENERGY CORPORATION / US DOLLAR,-5,216f728010a42b2b21bbd9c5971ea682d3424c88b1449b405ba6cbf7b7ebcab5,1469
Equity.US.VLTO/USD,US,VLTO,USD,VERALTO CORPORATION / US DOLLAR,-5,d5d2e23ef78e6c8601b8154c882af2f62b87cc18e38e1c3af04f7301d1b20977,1470
Equity.US.VLUE/USD,US,VLUE,USD,VANECK MSCI INTERNATIONAL VALUE ETF,-5,827e8289c653923daa50fc7e9fff94288a7021f7e3d1969782e69860e7a23272,2885
Equity.US.VMC/USD,US,VMC,USD,VULCAN MATERIALS COMPANY / US DOLLAR,-5,564701856b900a263842e4d8b12cb312b9e4de0f2fb102c83fa07d1055c6d81b,1471
Equity.US.VNGDF/USD,US,VNGDF,USD,VANGUARD S&P 500 UCITS ETF USD DIS / US DOLLAR,-5,632984a551503ebd4c3a4bed364f4229833ea4ba4ba92d7fce1025ad8a82a49a,1760
Equity.US.VNM/USD,US,VNM,USD,VANECK VIETNAM ETF,-5,e8a9308c6120eb14aa832eba9aefe84a0082a6869771b54eb0f7499d34107505,2886
Equity.US.VNQ/USD,US,VNQ,USD,VANGUARD REAL ESTATE ETF / US DOLLAR,-5,1feb5bc35d3a601d1e39c4d1dd65de285a04f5e7923fdaba1d87359d8c14a9ae,1761
Equity.US.VO/USD,US,VO,USD,VANGUARD MID-CAP ETF / US DOLLAR,-5,19295d28e0021523cd14ed26afa1e23e1c99fa531b7a71dc3aace5287c012ac7,1762
Equity.US.VOD/USD,US,VOD,USD,VODAFONE GROUP PLC ADR / US DOLLAR,-5,,3229
Equity.US.VONG/USD,US,VONG,USD,VANGUARD RUSSELL 1000 GROWTH ETF / US DOLLAR,-5,727de92cc0313c873c2171e26c4148de1763e65bed81739061ec861d788cce51,1763
Equity.US.VOO/USD,US,VOO,USD,VANGUARD S&P 500 ETF / US DOLLAR,-5,236b30dd09a9c00dfeec156c7b1efd646c0f01825a1758e3e4a0679e3bdff179,1472
Equity.US.VRSK/USD,US,VRSK,USD,VERISK ANALYTICS INC / US DOLLAR,-5,15681a80c2f4913251886bc5b5dd9f92aaf47b072e3eef68b5c618036067e06c,1473
Equity.US.VRSN/USD,US,VRSN,USD,VERISIGN INC / US DOLLAR,-5,c7ae3c077945639c2e0ed7199d1e6655f8c76027e07bccea53d9b6f79d8075fd,1474
Equity.US.VRT/USD,US,VRT,USD,VERTIV HOLDINGS CO,-5,84dad6b760396a7904d04a3d83039a3fc18f10819fd97d023ac5535997d70108,2887
Equity.US.VRTX/USD,US,VRTX,USD,VERTEX PHARMACEUTICALS INCORPORATED / US DOLLAR,-5,ac9de86ae3dcff03514bde733f5793f1446b2cd31f1539a1c449acc3e76cacc1,1475
Equity.US.VST/USD,US,VST,USD,VISTRA CORP / US DOLLAR,-5,665d46c8142ca4486ebcdcfc0bbb913dee5255e0be63b6f971933620a7f69045,1476
Equity.US.VT/USD,US,VT,USD,VANGUARD TOTAL WORLD STOCK INDEX ETF / US DOLLAR,-5,b167b163565d841b1477cb942bf3b2d28214f3eedf343de7536d6e5b6250d45b,1764
Equity.US.VTEB/USD,US,VTEB,USD,VANGUARD TAX-EXEMPT BOND ETF / US DOLLAR,-5,07dbe1fb1d79d1902f57f5a3fa3f4c01824c8789bba45f85eabd850cc8940972,1765
Equity.US.VTI/USD,US,VTI,USD,VANGUARD TOTAL STOCK MKT ETF / US DOLLAR,-5,26c67e91769aeba33a09469c705a1863794014dac416e4270661f489309ae862,1766
Equity.US.VTR/USD,US,VTR,USD,VENTAS INC / US DOLLAR,-5,c80a26da95814c361751e40849861cada3bd51641c57e1e89bb629c1cce92f1c,1477
Equity.US.VTRS/USD,US,VTRS,USD,VIATRIS INC / US DOLLAR,-5,42431247c835486c45f19e180981765e3e6cca8ff603a34fe7de85368c861639,1478
Equity.US.VTV/USD,US,VTV,USD,VANGUARD VALUE ETF / US DOLLAR,-5,1105e1af4587e6555349533492904782f6a4d0dc6b828938e98e1715b6b32315,1767
Equity.US.VUG/USD,US,VUG,USD,VANGUARD GROWTH ETF / US DOLLAR,-5,8c64b089d95170429ba39ec229a0a6fc36b267e09c3210fbb9d9eb2d4c203bc5,1768
Equity.US.VUSB/USD,US,VUSB,USD,VANGUARD ULTRA-SHORT BOND ETF,-5,307b6dcf75bac418ddefe0200ab1a76151dcbb706c2f74d05e3f3ef0142df044,2888
Equity.US.VV/USD,US,VV,USD,VANGUARD LARGE-CAP ETF / US DOLLAR,-5,64dae9f2193f0f679a5b7304d6e6211676b17d79ec282d0ca1771ef62d2ac14d,1769
Equity.US.VWO/USD,US,VWO,USD,VANGUARD FTSE EMERGING MKTS ETF / US DOLLAR,-5,2f91d775954c0c828d4563448d253cf09df218b620825242775d878d1d5956c7,1770
Equity.US.VXJ6,US,VXJ6,,DEPRECATED FEED - PYTH PRICE FOR VIX INDEX FUTURE 15 APRIL 2026,-5,a3473ac2f72fb1eb85ec8ad36b6df3c7448d67cf23cb29fe2813c5f17d0cb341,3117
Equity.US.VXK6,US,VXK6,,DEPRECATED FEED - PYTH PRICE FOR VIX INDEX FUTURE 19 MAY 2026,-5,e7d1376c713bcbfec0614551eb689175fa179eaaafee059df19c6ee652dd57a2,3118
Equity.US.VXM6,US,VXM6,,DEPRECATED FEED - PYTH PRICE FOR VIX INDEX FUTURE 17 JUNE 2026,-5,7e8b79b0ef4e6244d4e738efc0417f69ae2c88427e940856dfe5c72010d8794e,3119
Equity.US.VXN6,US,VXN6,,PYTH PRICE FOR VIX INDEX FUTURE 22 JULY 2026,-5,d3db308bb4553b65be8ee78869811cbd0676c3004c85ca76cc4cb733e0ec4629,3120
Equity.US.VXQ6,US,VXQ6,,PYTH PRICE FOR VIX INDEX FUTURE 19 AUGUST 2026,-5,1f1f78ea60af59767a28cdd954f3088aa8895b5d60d2f8f18bb604e6e60439ed,3121
Equity.US.VXU6,US,VXU6,,PYTH PRICE FOR VIX INDEX FUTURE 16 SEPTEMBER 2026,-5,a4feb92c5206fb4738f9c7dae6768e373b3dcea18d395270b712b7b338429d8d,3122
Equity.US.VXUS/USD,US,VXUS,USD,VANGUARD TOTAL INTL STOCK ETF / US DOLLAR,-5,48a13d42218646bba8cc114cd394a283b11c0e07dd14a885efd5caec640c5289,1771
Equity.US.VXV6,US,VXV6,,PYTH PRICE FOR VIX INDEX FUTURE 21 OCTOBER 2026,-5,e54670a9fdeded6d5c3000515050418fa284c64182f0317e8abd05c951697c2e,3123
Equity.US.VXX/USD,US,VXX,USD,IPATH S&P 500 VIX SHORT-TERM FUTURES ETN / US DOLLAR,-5,ae2603642690e2eab388e4c91edbf4eb248012b878a177d0b2c9ec8c7d891487,1772
Equity.US.VXX6,US,VXX6,,PYTH PRICE FOR VIX INDEX FUTURE 18 NOVEMBER 2026,-5,8942a8ddfa622f1383079acd91e2e27e53d63e16be2010a7b91debc4187e97a8,3124
Equity.US.VXZ6,US,VXZ6,,PYTH PRICE FOR VIX INDEX FUTURE 16 DECEMBER 2026,-5,57d57fdb0faf083ab1ae5f66d301d3362d0563a26bf35f824c115c4f75aa9a7d,3125
Equity.US.VYM/USD,US,VYM,USD,VANGUARD HIGH DIV YIELD ETF / US DOLLAR,-5,d03592924a9c69d12bea32e1015da2b7458a086e4ada217b724785f5789de6cb,1773
Equity.US.VZ/USD,US,VZ,USD,VERIZON COMMUNICATIONS INC / US DOLLAR,-5,6672325a220c0ee1166add709d5ba2e51c185888360c01edc76293257ef68b58,1479
Equity.US.WAB/USD,US,WAB,USD,WESTINGHOUSE AIR BRAKE TECHNOLOGIES CORPORATION / US DOLLAR,-5,6168b785e90c735e2c546abe61198534877802f639f829dcba65ecb332d2a097,1480
Equity.US.WAT/USD,US,WAT,USD,WATERS CORPORATION / US DOLLAR,-5,7e388b88e025d2b0eb8bcb72118ac8679890aa93e19e8e55e6784483796e4e64,1481
Equity.US.WBA/USD,US,WBA,USD,WALGREENS BOOTS ALLIANCE INC / US DOLLAR,-5,ed5c2a2711e2a638573add9a8aded37028aea4ac69f1431a1ced9d9db61b2225,1482
Equity.US.WBD/USD,US,WBD,USD,WARNER BROS DISCOVERY INC / US DOLLAR,-5,0cb5822ffa7443a58afb6f9d483a9c1a9a1f89737b4b851523ab2bf86d049755,1483
Equity.US.WDAY/USD,US,WDAY,USD,WORKDAY INC / US DOLLAR,-5,a3ae4e6fb2cef300b62c34b4611048dfd64e148faa08e912b31e17f1da61d875,1484
Equity.US.WDC/USD,US,WDC,USD,WESTERN DIGITAL CORPORATION / US DOLLAR,-5,37a782cf9bb6061d4cca34a419fb1ae5a8edf71ae8843206ea88b4ba696d4706,1485
Equity.US.WEC/USD,US,WEC,USD,WEC ENERGY GROUP INC / US DOLLAR,-5,cfcacb3755c77aec69ff8f89f4dfe735ca478ad7290766bd4f7bc04f5af1ab68,1486
Equity.US.WEEK/USD,US,WEEK,USD,ROUNDHILL WEEKLY T BILL ETF,-5,a746d0593677452a8ac613156c4e343ca2b520fe86b1ac18b026b74a3465cf32,2889
Equity.US.WELL/USD,US,WELL,USD,WELLTOWER INC / US DOLLAR,-5,b80f709aba6c306d3c61b6b9f9dc652d61d8a9a458580f7d4b5195b4f4a674c5,1487
Equity.US.WEN/USD,US,WEN,USD,WENDY'S CO / US DOLLAR,-5,,3366
Equity.US.WFC/USD,US,WFC,USD,WELLS FARGO & COMPANY / US DOLLAR,-5,67ac585d05128c7b6a88660be04acd18b2bddd6308e98b71b9f3ba0f0e781296,1488
Equity.US.WGRX/USD,US,WGRX,USD,WELLGISTICS HEALTH INC / US DOLLAR,-5,5aa3efbf4e618d3a95725de9e5f833f5602a8b4f98b8b881eae51179dfef71d5,2424
Equity.US.WIX/USD,US,WIX,USD,WIXCOM LTD,-5,08737ff301366cae496cd92c59f5aaa1d7b154d1e07e7ced28fa20a5c5ef0134,2890
Equity.US.WM/USD,US,WM,USD,WASTE MANAGEMENT INC / US DOLLAR,-5,7f78c101ca799a5b63f5e5c1e56a43b3a361233900160c172e2ec2980e91b4eb,1489
Equity.US.WMB/USD,US,WMB,USD,THE WILLIAMS COMPANIES INC / US DOLLAR,-5,6921035babdc51587962f9a1350a2c2ca5840b64bbf9057ab75a20cc663b32c3,1490
Equity.US.WMT/USD,US,WMT,USD,WALMART INC / US DOLLAR,-5,327ae981719058e6fb44e132fb4adbf1bd5978b43db0661bfdaefd9bea0c82dc,1491
Equity.US.WOLF/USD,US,WOLF,USD,WOLFSPEED INC / US DOLLAR,-5,,3293
Equity.US.WPAY/USD,US,WPAY,USD,ROUNDHILL WEEKLYPAY UNIVERSE ETF,-5,dd0d982bc5e98b61607250459f1ab0a81dbf6d8e9ca82f6d0bf722e830a41869,2891
Equity.US.WPC/USD,US,WPC,USD,WP CAREY INC COM / US DOLLAR,-5,,3513
Equity.US.WRB/USD,US,WRB,USD,W R BERKLEY CORPORATION / US DOLLAR,-5,30f0fb9ca84c9dfdbfdbcb57d59e7d4ef6a5c1581acea44577f9a89af396e1b7,1492
Equity.US.WSM/USD,US,WSM,USD,WILLIAMS SONOMA INC / US DOLLAR,-5,1e8a3f5c885a4749a611ea8081185b6c3b614556ec2f5469ff031701c12ff319,2305
Equity.US.WSO/USD,US,WSO,USD,WATSCO INC COM / US DOLLAR,-5,,3514
Equity.US.WST/USD,US,WST,USD,WEST PHARMACEUTICAL SERVICES INC / US DOLLAR,-5,8d6c09c254828092b322966daafb6cadb58b697f696d37bdb53379e060b8974e,1493
Equity.US.WTRG/USD,US,WTRG,USD,ESSENTIAL UTILS INC COM / US DOLLAR,-5,,3515
Equity.US.WTW/USD,US,WTW,USD,WILLIS TOWERS WATSON PUBLIC LIMITED COMPANY / US DOLLAR,-5,fdc34922e57ee32f16296243d400188a789c48e863904957a47c569ba578fa0c,1494
Equity.US.WWD/USD,US,WWD,USD,WOODWARD INC COM / US DOLLAR,-5,,3516
Equity.US.WY/USD,US,WY,USD,WEYERHAEUSER COMPANY / US DOLLAR,-5,5fbd1cf24b414fee1a0f112d82315f10fd0de1eb6c916831f6f2cfdc7a32a0a6,1495
Equity.US.WYNN/USD,US,WYNN,USD,WYNN RESORTS LIMITED / US DOLLAR,-5,77236d3447ae89ca0e7a4f766e08a18ccc931801917f307d9455eba62144ba3e,1496
Equity.US.XBI/USD,US,XBI,USD,SPDR S&P BIOTECH ETF,-5,d99fb1c964d9a2a731d34357e3abd4911c52470da6895b8c53c35fcf2ca77b23,2892
Equity.US.XEL/USD,US,XEL,USD,XCEL ENERGY INC / US DOLLAR,-5,5522f751cd656ddd88a22959a35dd63fe6dbf82aeba4fc9b8edef367b8c7e208,1497
Equity.US.XLB/USD,US,XLB,USD,MATERIALS SELECT SECTOR SPDR FUND,-5,65b88b123175b89c9067ab41d1ed234fdcd6d71338078da54f0b665142fa0900,2893
Equity.US.XLC/USD,US,XLC,USD,COMMUNICATION SERVICES SELECT SECTOR SPDR FUND,-5,822a3226b8aae561108f2714695d68f14e898173e1f13586d4c6e3953e060c24,2894
Equity.US.XLE/USD,US,XLE,USD,SPDR SELECT SECTOR FUND - ENERGY / US DOLLAR,-5,8bf649e08e5a86129c57990556c8eec30e296069b524f4639549282bc5c07bb4,1498
Equity.US.XLF/USD,US,XLF,USD,SPDR SELECT SECTOR FUND - FINANCIAL / US DOLLAR,-5,06b884220ac5ac16fedfb03f84ec62b6e311241bc0af40ebfe4aedf462c18825,1774
Equity.US.XLI/USD,US,XLI,USD,INDUSTRIAL SELECT SECTOR SPDR FUND,-5,eb1b3f975062611aa0d67251d576ca30a100a55f3cbf72bfb2d0a27286cf374c,2895
Equity.US.XLK/USD,US,XLK,USD,SPDR SELECT SECTOR FUND - TECHNOLOGY / US DOLLAR,-5,343e151bf5a9055e075f84ec102186c5902ec4fd11db83cd4d8d8de5af756343,1775
Equity.US.XLP/USD,US,XLP,USD,CONSUMER STAPLES SELECT SECTOR SPDR FUND,-5,7a86ffacf2ae07167fa810214e87a137ef1fa17a8b7b9416d3f1df48a32e9132,2896
Equity.US.XLU/USD,US,XLU,USD,UTILITIES SELECT SECTOR SPDR FUND,-5,4a4549dfbf45564b7af462bca6560e0d2cfb868a1d1935abf79e880e4138cdc9,2897
Equity.US.XLV/USD,US,XLV,USD,SPDR SELECT SECTOR FUND - HEALTH CARE / US DOLLAR,-5,0bf68c2bd425e68b471239b29de7968667b210774aa252b9813f8d8edf5b62d9,1776
Equity.US.XLY/USD,US,XLY,USD,CONSUMER DISCRETIONARY SELECT SECTOR SPDR FUND,-5,37efa438e252fc5f37536294ea307db140ad4146fea5e552daaed24ab0ef2f39,2898
Equity.US.XNDU/USD,US,XNDU,USD,XANADU QUANTUM TECHNOLOGIES LIMITED,-5,,3350
Equity.US.XOM/USD,US,XOM,USD,EXXON MOBIL CORPORATION / US DOLLAR,-5,4a1a12070192e8db9a89ac235bb032342a390dde39389b4ee1ba8e41e7eae5d8,1499
Equity.US.XOM/USD.EXT,US,XOM,USD,DEPRECATED FEED - EXXON MOBIL CORPORATION / US DOLLAR - EXTENDED HOURS,-5,4eb42429615ae2d71553130877532401bd6c7b8cfdbfbf34f2a79d9983e2de3b,1777
Equity.US.XOP/USD,US,XOP,USD,SPDR S&P OIL & GAS EXPLORATION & PRODUCTION ETF,-5,c706cce81639eed699bf23a427ea8742ac6e7cc775b2a8a8e70cba8a49393e42,2899
Equity.US.XPEV/USD,US,XPEV,USD,XPENG INC / US DOLLAR,-5,9898aa7f08a1ed39d930640595a03f4aaf638c1875763fb94eab70cc0c6d3ed5,2378
Equity.US.XPRO/USD,US,XPRO,USD,XPRO GROUP HOLDINGS / US DOLLAR,-5,,3296
Equity.US.XYL/USD,US,XYL,USD,XYLEM INC / US DOLLAR,-5,fb22c42b25ae97f3c8cbca53b892684cbd7f48d44da6f8f411e134e5791b30f9,1500
Equity.US.XYZ/USD,US,XYZ,USD,BLOCK INC / US DOLLAR,-5,6d64b1981512c242162d6ba54f6bda35c59f726f2e075a42994fc9a33c6c2d55,2306
Equity.US.YANG/USD,US,YANG,USD,DIREXION DAILY FTSE CHINA BEAR 3X SHARES / US DOLLAR,-5,217c597afb75963cdb297d67acbd27a11e4f99ebb84eb446e1f5438726101a85,1778
Equity.US.YBTC/USD,US,YBTC,USD,ROUNDHILL BITCOIN COVERED CALL STRATEGY ETF,-5,bb50210d29ebba3a2e5d84277afc3e2f032e3d0a8e194b36e82a6d05dfcfc378,2900
Equity.US.YETH/USD,US,YETH,USD,ROUNDHILL ETHER COVERED CALL STRATEGY ETF,-5,e8f183ff82daaea45b042834df6ed7323531d93480c163070ba44e92148d2601,2901
Equity.US.YINN/USD,US,YINN,USD,DIREXION DAILY FTSE CHINA BULL 3X SHARES / US DOLLAR,-5,a8ec3b03abe6bf25c7a551001199fc54b3f7f4a534626696af2de6338ac09008,1779
Equity.US.YUM/USD,US,YUM,USD,YUM! BRANDS INC / US DOLLAR,-5,39763876ae1b3c2402f6d1e2f40d33fb4493ddd97d9edc42e64bd61f718b0eb7,1501
Equity.US.YUMC/USD,US,YUMC,USD,YUM CHINA HLDGS INC COM / US DOLLAR,-5,,3517
Equity.US.ZBH/USD,US,ZBH,USD,ZIMMER BIOMET HOLDINGS INC / US DOLLAR,-5,222e85396bf2545e6591fdfbbb326e5d334781ede02749dcf1b81472e4128807,1502
Equity.US.ZBRA/USD,US,ZBRA,USD,ZEBRA TECHNOLOGIES CORPORATION / US DOLLAR,-5,be758135d2cea02b8c821e609cdc84d9c5c0e9d82a81b9534d3444b39fbf70bd,1503
Equity.US.ZM/USD,US,ZM,USD,ZOOM VIDEO COMMUNICATIONS INC / US DOLLAR,-5,,3230
Equity.US.ZS/USD,US,ZS,USD,ZSCALER INC / US DOLLAR,-5,16164a6568478238fc3102145ad51d973598850073ace86ceda7c89cb7b74598,1504
Equity.US.ZTS/USD,US,ZTS,USD,ZOETIS INC / US DOLLAR,-5,c79170bfddf87b4c4ef6f1cefbe92b23eaac21ce29cbffc2bb24cab51dcf10d6,1505
Pyth.HL.SPCX/USDC,HL,SPCX,USDC,PYTH HL SPCX / USDC,-4,,99934
