market,symbol,year,days_to_trigger,rsi_evict,drift_evict,bounce_pct,drawdown_evict,excess63
IN,ACC,2020,7,47.3,-33.3,5.36,-7.5,20.78
IN,ACC,2021,3,37.7,-2.5,5.09,-10.7,22.19
IN,ACC,2021,32,37.0,-26.0,5.31,-9.2,8.55
IN,ACC,2023,34,36.5,-55.4,6.95,-29.2,35.5
IN,ACC,2024,5,47.7,-55.1,6.3,-8.4,4.17
IN,ADANIENSOL,2023,60,29.0,-42.3,6.77,,27.78
IN,ADANIENSOL,2024,4,47.5,-50.5,8.31,-14.3,-4.37
IN,ADANIENSOL,2024,27,43.2,-44.3,5.29,-18.4,-1.3
IN,ADANIENSOL,2024,68,37.8,-33.9,6.84,-21.0,-18.94
IN,ADANIENT,2021,7,49.9,-49.5,8.2,-16.5,11.34
IN,ADANIENT,2021,8,46.8,-5.5,5.44,-13.7,21.83
IN,ADANIENT,2023,67,40.7,-18.2,22.6,-42.0,12.74
IN,ADANIENT,2024,56,54.6,-27.0,5.95,-3.9,-4.91
IN,ADANIENT,2024,32,41.6,-21.0,5.52,-17.2,-11.54
IN,ADANIGREEN,2021,6,47.6,-26.7,7.27,-16.6,9.5
IN,ADANIGREEN,2021,6,35.7,-119.5,7.92,-22.4,16.09
IN,ADANIGREEN,2021,5,44.7,-43.5,6.59,-15.8,23.27
IN,ADANIGREEN,2023,6,37.8,-39.5,8.34,-61.9,55.4
IN,ADANIGREEN,2023,28,43.8,-100.9,15.48,-58.9,85.55
IN,ADANIGREEN,2024,60,47.7,-6.4,5.14,-7.3,2.06
IN,ADANIPORTS,2021,62,41.0,-97.2,6.34,-19.9,6.45
IN,ADANIPORTS,2023,28,42.0,-54.5,6.75,-13.5,58.48
IN,ADANIPOWER,2024,17,27.4,-88.5,5.36,-27.7,-15.3
IN,ADANIPOWER,2025,68,28.9,-156.6,5.29,-79.2,40.75
IN,AMBUJACEM,2020,7,50.1,-39.0,5.69,-7.2,25.84
IN,AMBUJACEM,2021,3,38.4,-1.8,7.17,-10.0,30.23
IN,AMBUJACEM,2021,39,39.3,-5.1,7.38,-9.4,-0.31
IN,AMBUJACEM,2023,11,39.7,-5.7,5.25,-27.1,18.71
IN,AMBUJACEM,2023,66,41.9,-47.7,11.71,-27.7,32.55
IN,ANGELONE,2023,8,43.2,-9.5,10.38,-14.3,62.31
IN,ANGELONE,2024,19,39.4,-150.7,8.08,-44.1,19.88
IN,APOLLOHOSP,2021,7,48.8,-3.5,6.72,-10.3,22.08
IN,APOLLOHOSP,2023,11,38.3,-48.2,5.85,-10.0,11.57
IN,APOLLOHOSP,2023,3,37.5,-35.0,6.92,-9.9,21.9
IN,APOLLOHOSP,2025,88,36.6,-51.9,5.25,-8.4,9.8
IN,ASHOKLEY,2021,8,40.4,-118.0,8.15,-16.5,5.32
IN,ASHOKLEY,2021,27,46.0,-57.8,6.23,-13.1,3.31
IN,ASHOKLEY,2024,86,52.8,-20.2,5.17,-6.9,40.52
IN,ASIANPAINT,2021,60,33.5,-33.0,7.09,-15.5,20.18
IN,ATGL,2023,61,32.6,-33.9,19.45,-84.4,43.36
IN,ATGL,2024,5,41.0,-90.4,5.36,-21.0,-5.35
IN,AUBANK,2021,45,39.6,-108.9,6.54,-22.7,8.56
IN,AUBANK,2023,13,30.8,-60.8,9.06,-15.3,-17.58
IN,AUBANK,2024,30,48.1,-18.4,6.6,-19.4,-9.63
IN,AUROPHARMA,2021,40,34.8,-74.2,5.82,-14.4,8.73
IN,AUROPHARMA,2023,7,39.8,-20.4,6.24,-7.7,13.16
IN,AUROPHARMA,2024,4,43.6,-49.4,6.11,-11.4,19.34
IN,AXISBANK,2021,54,41.9,-42.9,6.27,-12.2,1.48
IN,AXISBANK,2021,5,32.8,-24.2,6.33,-10.7,4.8
IN,AXISBANK,2023,44,45.9,-2.1,6.35,-3.4,11.33
IN,AXISBANK,2023,15,46.0,-23.4,6.06,-5.7,5.31
IN,AXISBANK,2024,35,44.3,-31.1,5.36,-6.1,10.31
IN,AXISBANK,2024,28,43.3,-36.6,7.62,-7.9,7.26
IN,AXISBANK,2024,47,29.9,-37.8,5.57,-11.5,-1.77
IN,BAJAJ-AUTO,2021,28,44.9,-90.8,5.97,-13.4,-2.62
IN,BAJAJ-AUTO,2023,14,42.8,-35.2,5.0,-6.4,34.28
IN,BAJAJFINSV,2023,25,43.2,-51.7,5.94,-91.4,9.75
IN,BAJAJFINSV,2024,69,47.4,-41.3,5.11,-6.1,-3.24
IN,BAJAJFINSV,2024,46,34.7,-36.6,5.3,-11.8,20.09
IN,BAJFINANCE,2021,3,40.6,-31.0,6.84,-11.2,18.97
IN,BAJFINANCE,2021,29,40.5,-34.0,6.51,-10.9,15.9
IN,BAJFINANCE,2023,18,48.7,-19.3,5.38,-8.9,0.77
IN,BAJFINANCE,2024,57,32.8,-53.6,5.57,-16.0,2.55
IN,BAJFINANCE,2024,7,43.6,-29.5,7.37,-18.0,5.09
IN,BAJFINANCE,2024,30,43.2,-44.2,5.78,-16.7,-1.71
IN,BANDHANBNK,2021,5,28.1,-223.1,10.79,-34.8,-4.17
IN,BANDHANBNK,2021,59,49.3,-65.8,5.14,-22.1,-13.93
IN,BANDHANBNK,2021,6,29.3,-83.6,5.82,-31.2,0.79
IN,BANDHANBNK,2023,30,28.9,-121.1,5.58,-20.9,-8.26
IN,BANDHANBNK,2024,5,32.2,-138.9,7.28,-32.9,9.2
IN,BANDHANBNK,2024,19,51.0,-12.2,6.41,-23.2,-17.51
IN,BANDHANBNK,2025,70,39.4,-82.4,5.77,-20.7,30.89
IN,BANKBARODA,2021,4,43.2,-153.7,5.47,-30.2,16.61
IN,BANKBARODA,2021,48,45.5,-44.4,6.97,-16.0,7.33
IN,BANKBARODA,2023,8,40.3,-35.3,5.69,-10.5,15.08
IN,BANKBARODA,2023,34,42.5,-52.5,6.55,-9.9,36.38
IN,BANKBARODA,2024,3,50.1,-0.5,12.1,-6.2,-11.61
IN,BEL,2021,30,39.7,-115.6,5.32,-18.2,39.36
IN,BHARATFORG,2021,34,47.3,-54.6,6.02,-9.1,27.77
IN,BHARATFORG,2021,11,42.5,-31.7,7.67,-10.9,5.54
IN,BHARATFORG,2023,6,34.4,-47.8,5.53,-10.1,21.22
IN,BHARATFORG,2024,55,45.1,-70.1,6.17,-12.4,41.32
IN,BHARTIARTL,2021,9,39.5,-86.3,5.4,-15.0,0.7
IN,BHARTIARTL,2021,28,42.7,-14.6,8.04,-13.7,27.43
IN,BHARTIARTL,2023,13,41.2,-19.9,6.86,-4.3,9.99
IN,BHEL,2021,14,37.4,-160.8,10.37,-31.8,18.4
IN,BHEL,2023,2,44.3,-49.6,5.96,-16.8,83.04
IN,BIOCON,2021,6,21.9,-153.4,10.25,-23.1,4.08
IN,BIOCON,2021,39,34.6,-23.4,6.01,-21.5,-9.31
IN,BIOCON,2023,20,18.9,-174.5,6.99,-23.6,19.27
IN,BPCL,2021,40,46.0,-9.3,6.02,-8.8,-0.69
IN,BPCL,2021,28,34.7,-35.7,5.79,-8.6,-13.64
IN,BPCL,2021,11,41.5,-92.0,5.14,-13.2,-5.32
IN,BPCL,2023,8,31.8,-71.3,6.28,-13.4,26.96
IN,BPCL,2024,35,52.1,-6.3,5.35,-8.4,-41.86
IN,BPCL,2024,31,18.4,-634.6,11.17,-54.4,-1.71
IN,BRITANNIA,2021,66,34.0,-9.3,5.69,-12.1,-1.34
IN,BRITANNIA,2021,6,38.0,-40.6,5.48,-13.2,7.87
IN,BRITANNIA,2023,7,31.5,-11.9,5.17,-14.4,8.81
IN,BRITANNIA,2024,69,48.1,-37.6,5.3,-7.4,14.72
IN,BRITANNIA,2025,7,41.8,-10.9,5.5,-7.4,-1.87
IN,CANBK,2021,10,46.8,-108.2,6.05,-17.7,4.71
IN,CANBK,2023,3,48.2,-25.4,5.52,-10.4,22.48
IN,CANBK,2023,4,39.8,-14.9,5.04,-7.1,32.76
IN,CHOLAFIN,2021,7,49.1,-6.5,5.61,-7.3,0.45
IN,CHOLAFIN,2021,36,33.7,-60.0,5.14,-13.4,23.2
IN,CHOLAFIN,2023,44,39.0,-19.8,8.05,-9.7,-7.92
IN,CHOLAFIN,2024,28,39.9,-104.0,6.19,-16.2,26.46
IN,CIPLA,2020,17,47.7,-36.1,5.86,-8.4,5.42
IN,CIPLA,2021,39,39.0,-34.4,6.24,-8.8,19.0
IN,CIPLA,2021,55,41.7,-46.0,5.22,-6.1,3.22
IN,CIPLA,2023,49,43.8,-29.0,5.33,-6.3,18.86
IN,CIPLA,2024,22,46.0,-52.6,5.88,-6.9,11.25
IN,COALINDIA,2021,5,33.2,-34.6,9.02,-34.9,16.65
IN,COALINDIA,2021,40,36.1,-82.5,12.81,-16.5,-3.0
IN,COALINDIA,2021,45,43.5,-41.0,7.89,-11.9,3.5
IN,COALINDIA,2023,66,52.8,-35.6,7.27,-9.7,45.36
IN,COALINDIA,2025,25,43.8,-27.1,6.45,-10.9,23.34
IN,COFORGE,2021,10,37.3,-58.8,8.85,-17.0,38.14
IN,COFORGE,2023,15,41.6,-61.9,7.2,-11.4,27.42
IN,DABUR,2020,31,41.0,-20.2,5.05,-5.3,9.44
IN,DABUR,2021,10,37.2,-45.6,5.08,-8.4,13.76
IN,DIVISLAB,2021,5,28.6,-66.3,9.21,-13.1,21.98
IN,DIVISLAB,2021,4,36.0,-12.9,8.79,-7.9,-2.72
IN,DIVISLAB,2023,17,23.6,-81.0,6.27,-13.4,5.78
IN,DIVISLAB,2024,86,43.9,-50.1,9.42,-9.2,25.75
IN,DIXON,2021,28,15.7,-1601.2,13.64,-82.4,5.03
IN,DIXON,2021,17,35.3,-69.6,6.71,-80.7,1.47
IN,DIXON,2021,23,48.9,-93.8,5.67,-80.1,32.76
IN,DIXON,2023,3,46.3,-24.6,7.8,-11.5,21.85
IN,DIXON,2024,6,43.0,-44.1,6.13,-8.8,34.88
IN,DLF,2021,10,40.1,-173.4,7.6,-24.2,28.2
IN,DLF,2021,2,49.1,-32.6,5.72,-9.7,19.07
IN,DLF,2024,3,38.6,-68.2,6.56,-14.0,1.48
IN,DMART,2021,48,41.9,-59.1,6.9,-13.0,19.22
IN,DMART,2024,41,46.4,-61.4,6.3,-8.3,28.78
IN,DMART,2024,5,32.6,-23.8,13.02,-10.5,10.51
IN,DRREDDY,2020,20,48.1,-36.0,5.05,-9.5,-8.67
IN,DRREDDY,2021,73,24.2,-45.0,8.57,-15.0,8.37
IN,DRREDDY,2021,47,22.8,-91.2,5.34,-15.5,-0.14
IN,DRREDDY,2025,28,34.1,-23.2,5.11,-81.8,8.49
IN,EICHERMOT,2021,12,32.3,-94.7,6.95,-88.7,10.26
IN,EICHERMOT,2021,18,44.8,-78.6,6.2,-89.1,-2.62
IN,EICHERMOT,2021,6,31.4,-57.7,7.98,-88.6,4.15
IN,EICHERMOT,2023,6,36.1,-12.0,6.54,-14.4,10.45
IN,EICHERMOT,2024,68,52.8,-69.0,9.54,-8.2,18.19
IN,ESCORTS,2020,8,39.8,-74.2,7.03,-12.0,1.14
IN,ESCORTS,2021,4,35.7,-61.1,10.65,-15.8,-3.18
IN,ESCORTS,2021,34,30.3,-142.0,8.71,-22.4,9.76
IN,ESCORTS,2021,11,52.8,-28.1,7.23,-17.9,23.51
IN,ESCORTS,2024,21,49.5,-41.4,5.85,-11.1,-16.0
IN,FEDERALBNK,2021,30,37.8,-83.4,5.67,-16.4,8.39
IN,FEDERALBNK,2021,16,44.2,-80.7,5.72,-10.4,7.68
IN,FEDERALBNK,2023,10,40.9,-31.3,6.54,-6.7,2.41
IN,FEDERALBNK,2024,15,47.3,-56.9,6.31,-6.4,8.11
IN,GAIL,2021,34,46.8,-53.6,6.09,-12.1,-1.1
IN,GAIL,2021,77,37.9,-8.7,5.01,-11.1,-10.34
IN,GODREJCP,2021,32,33.7,-88.9,5.84,-14.3,25.21
IN,GODREJCP,2021,12,41.6,-0.6,26.18,-13.6,13.08
IN,GODREJCP,2025,3,38.3,-71.6,5.36,-14.0,2.56
IN,GRASIM,2021,8,51.4,-45.6,5.09,-5.8,18.13
IN,GRASIM,2023,13,46.4,-6.5,7.93,-3.5,10.92
IN,GRASIM,2025,73,44.1,-37.9,6.82,-7.4,6.68
IN,HAL,2021,64,42.6,-33.1,5.44,-23.1,33.45
IN,HAL,2023,49,9.9,-306.6,10.26,-53.0,43.57
IN,HAVELLS,2021,12,38.5,-38.8,6.36,-19.4,39.45
IN,HAVELLS,2023,31,29.8,-89.6,5.32,-14.1,21.75
IN,HAVELLS,2024,13,35.8,-28.4,5.27,-10.7,41.16
IN,HCLTECH,2021,5,39.4,-43.3,6.14,-14.4,8.07
IN,HCLTECH,2021,26,32.0,-57.8,5.21,-15.4,23.74
IN,HCLTECH,2023,16,43.7,-29.9,5.41,-6.5,14.54
IN,HDFC,2021,26,42.5,-19.4,6.09,-15.4,6.82
IN,HDFC,2021,35,42.9,-10.2,8.11,-13.5,13.27
IN,HDFCAMC,2021,28,40.7,-49.3,6.97,-16.3,3.73
IN,HDFCAMC,2021,28,42.0,-32.8,6.17,-13.9,-9.27
IN,HDFCAMC,2025,74,5.8,-440.9,5.38,-54.6,-0.22
IN,HDFCBANK,2021,10,37.5,-43.7,5.43,-12.3,8.33
IN,HDFCBANK,2023,15,35.6,-49.9,5.75,-9.1,3.16
IN,HDFCBANK,2023,74,33.2,-47.5,7.1,-11.7,-4.85
IN,HDFCBANK,2024,65,33.6,-124.9,5.95,-15.4,8.32
IN,HDFCBANK,2024,50,47.8,-9.5,5.74,-8.6,10.62
IN,HDFCLIFE,2021,17,45.6,-26.9,5.17,-10.0,9.5
IN,HDFCLIFE,2021,27,39.8,-38.0,5.24,-10.3,5.68
IN,HDFCLIFE,2023,17,44.0,-38.1,5.41,-9.1,-7.12
IN,HDFCLIFE,2024,69,34.8,-46.9,6.38,-17.5,18.77
IN,HDFCLIFE,2025,12,40.4,-32.5,7.0,-10.1,-7.0
IN,HEROMOTOCO,2023,15,41.9,-39.4,5.11,-9.0,27.94
IN,HEROMOTOCO,2024,43,50.9,-9.0,5.73,-5.6,-15.23
IN,HINDALCO,2021,4,36.6,-27.2,12.84,-17.1,66.76
IN,HINDALCO,2021,7,44.5,-38.7,5.81,-12.6,24.51
IN,HINDALCO,2024,7,34.2,-122.2,6.52,-18.3,31.55
IN,HINDALCO,2024,26,47.7,-33.3,6.31,-5.3,-0.5
IN,HINDPETRO,2021,37,48.4,-18.3,7.23,-7.1,4.76
IN,HINDPETRO,2021,35,31.8,-95.3,5.67,-15.5,17.76
IN,HINDPETRO,2023,11,28.3,-91.9,7.13,-18.9,44.68
IN,HINDPETRO,2024,32,45.2,-91.8,6.31,-17.3,-18.98
IN,HINDPETRO,2024,27,21.7,-387.8,12.54,-43.0,14.02
IN,HINDUNILVR,2021,18,33.0,-77.0,5.25,-14.3,17.61
IN,HINDUNILVR,2021,18,46.3,-18.8,6.1,-5.5,16.17
IN,HINDUNILVR,2021,18,34.7,-35.7,6.45,-7.2,1.84
IN,IBREALEST,2021,40,37.7,-77.3,5.36,-32.5,66.52
IN,IBREALEST,2021,1,45.9,-27.8,5.76,-19.8,26.08
IN,IBREALEST,2023,17,44.1,-60.4,13.27,-35.3,20.86
IN,IBREALEST,2023,3,41.5,-70.8,5.87,-19.7,49.37
IN,IBREALEST,2024,5,53.1,-1.7,9.27,-7.5,22.05
IN,IBULHSGFIN,2021,4,35.6,-12.8,11.92,-44.7,-6.15
IN,IBULHSGFIN,2021,18,44.3,-158.3,5.97,-27.0,32.91
IN,IBULHSGFIN,2021,14,35.8,-197.4,6.83,-27.4,17.91
IN,IBULHSGFIN,2023,7,40.4,-127.6,6.73,-18.8,9.02
IN,IBULHSGFIN,2024,4,43.3,-149.2,6.83,-27.5,-1.44
IN,IBULHSGFIN,2024,12,39.6,-41.9,8.31,-32.1,-2.72
IN,ICICIBANK,2021,28,45.5,-57.7,6.74,-13.6,9.46
IN,ICICIBANK,2023,24,51.6,-7.0,6.14,-2.1,-3.6
IN,ICICIGI,2021,6,24.2,-61.3,11.76,-18.4,10.5
IN,ICICIGI,2021,28,43.3,-30.3,5.55,-8.4,0.13
IN,ICICIGI,2023,50,41.3,-28.7,5.67,-7.2,12.01
IN,ICICIGI,2024,10,34.6,-46.0,6.28,-8.5,31.55
IN,ICICIPRULI,2021,5,36.3,-47.4,6.21,-12.3,24.91
IN,ICICIPRULI,2021,20,45.3,-107.1,7.26,-15.3,25.69
IN,ICICIPRULI,2023,15,54.8,-30.9,5.52,-5.7,-10.96
IN,ICICIPRULI,2023,17,43.1,-78.5,6.59,-12.8,-4.15
IN,ICICIPRULI,2023,73,50.7,-33.8,12.24,-11.2,6.51
IN,ICICIPRULI,2024,45,44.5,-9.0,7.12,-8.9,25.11
IN,IDEA,2021,65,35.1,-204.1,5.41,-32.2,-23.72
IN,IDEA,2021,2,39.7,-311.0,17.21,-55.3,117.76
IN,IDEA,2024,4,43.3,-137.7,5.66,-24.5,28.24
IN,IDFCFIRSTB,2021,24,49.1,-111.2,8.32,-19.8,-28.73
IN,IDFCFIRSTB,2021,7,35.5,-197.6,8.03,-37.0,13.87
IN,IDFCFIRSTB,2023,15,28.9,-93.4,5.02,-16.6,-1.93
IN,IDFCFIRSTB,2024,18,39.3,-41.8,6.62,-23.0,-7.12
IN,IGL,2021,10,36.2,-39.2,7.55,-13.5,8.21
IN,IGL,2021,14,58.6,-31.0,7.54,-5.7,-8.25
IN,IGL,2023,78,40.1,-17.7,5.26,-8.6,-7.36
IN,IGL,2023,35,27.0,-160.4,5.62,-24.5,9.97
IN,INDIGO,2021,6,37.6,-44.6,8.05,-12.1,9.66
IN,INDIGO,2021,27,35.3,-38.8,6.1,-9.7,16.25
IN,INDIGO,2023,42,40.1,-51.2,6.04,-10.8,23.56
IN,INDUSINDBK,2021,3,41.6,-41.5,14.71,-36.6,4.98
IN,INDUSINDBK,2021,51,39.7,-65.5,6.45,-14.0,-2.23
IN,INDUSINDBK,2021,10,40.2,-26.8,6.3,-11.6,3.9
IN,INDUSTOWER,2021,8,44.9,-27.5,7.65,-11.7,-4.87
IN,INDUSTOWER,2021,8,42.5,-46.5,6.23,-12.7,-4.07
IN,INDUSTOWER,2021,39,40.1,-81.5,8.8,-19.9,21.03
IN,INDUSTOWER,2023,2,40.0,-57.1,10.3,-15.2,18.24
IN,INFY,2021,5,41.1,-17.1,7.2,-9.6,13.04
IN,INFY,2023,16,32.8,-59.0,5.59,-17.4,20.31
IN,IOC,2021,40,37.2,-60.6,7.95,-11.8,4.87
IN,IOC,2021,32,29.4,-59.4,7.46,-11.6,16.52
IN,IOC,2023,8,31.4,-48.5,5.5,-10.8,30.62
IN,IOC,2024,32,50.7,-39.4,5.37,-12.8,6.23
IN,IOC,2024,3,44.3,-17.1,7.94,-15.6,4.44
IN,IRCTC,2024,5,51.3,-19.1,7.97,-5.5,5.61
IN,IRCTC,2024,10,44.0,-33.4,5.7,-12.1,-11.9
IN,IREDA,2024,5,44.9,-181.9,10.19,-35.1,56.19
IN,IRFC,2021,68,29.2,-86.8,7.86,,-4.63
IN,IRFC,2021,80,37.3,-53.1,5.87,-11.2,7.37
IN,IRFC,2024,28,50.4,-73.5,5.55,-18.7,33.41
IN,IRFC,2025,28,35.8,-50.1,13.67,-28.7,-19.63
IN,ITC,2021,28,38.2,-43.3,5.08,-13.5,-1.6
IN,ITC,2021,36,38.6,-27.4,6.19,-13.5,11.67
IN,ITC,2024,39,45.0,-0.1,6.13,-13.3,13.04
IN,JINDALSTEL,2021,59,47.1,-33.1,7.47,-16.9,1.34
IN,JINDALSTEL,2021,7,41.1,-81.5,6.08,-23.1,4.96
IN,JINDALSTEL,2023,28,33.4,-66.3,5.46,-11.2,16.35
IN,JINDALSTEL,2024,47,47.9,-69.4,5.55,-8.3,-2.85
IN,JINDALSTEL,2025,61,47.7,-2.0,7.18,-4.0,15.39
IN,JIOFIN,2023,34,45.8,-91.1,5.07,,43.16
IN,JIOFIN,2024,18,39.2,-36.7,5.47,-11.2,-0.26
IN,JIOFIN,2024,34,34.1,-69.2,6.61,-15.3,4.5
IN,JSWSTEEL,2023,7,43.9,-20.8,5.09,-6.2,7.55
IN,JSWSTEEL,2023,21,34.6,-60.4,5.36,-11.4,9.49
IN,JSWSTEEL,2024,61,48.3,-31.5,6.51,-7.1,11.68
IN,JSWSTEEL,2025,60,50.7,-13.6,5.32,-4.1,5.76
IN,JUBLFOOD,2021,55,49.3,-13.6,5.6,-9.1,22.05
IN,JUBLFOOD,2023,4,49.9,-33.6,8.08,-25.1,0.81
IN,JUBLFOOD,2023,16,37.0,-37.6,5.27,-19.2,-3.17
IN,JUBLFOOD,2024,39,42.5,-72.8,5.3,-22.8,32.35
IN,KALYANKJIL,2021,25,10.6,-218.5,13.27,,-6.49
IN,KALYANKJIL,2021,69,32.7,-80.9,12.68,-17.8,-1.75
IN,KALYANKJIL,2024,10,41.3,-36.2,5.35,-10.4,59.35
IN,KAYNES,2024,17,49.9,-46.1,15.61,-17.1,73.03
IN,KOTAKBANK,2021,4,26.4,-84.0,8.66,-15.1,5.33
IN,KOTAKBANK,2021,41,34.7,-25.8,6.3,-15.5,17.01
IN,KOTAKBANK,2023,20,44.4,-48.8,5.98,-8.3,-7.37
IN,KPITTECH,2024,85,51.7,-103.9,6.89,-14.0,7.53
IN,KPITTECH,2024,9,35.3,-77.6,6.97,-12.9,-10.46
IN,KPITTECH,2025,12,45.5,-30.1,6.65,-24.7,-25.09
IN,L&TFH,2021,13,37.7,-11.7,9.24,-34.6,5.37
IN,L&TFH,2021,76,41.0,-68.8,6.85,-21.4,-7.29
IN,L&TFH,2023,29,50.2,-40.2,6.61,-9.1,28.0
IN,LICHSGFIN,2021,10,49.1,-55.2,5.48,-15.3,-5.43
IN,LICHSGFIN,2021,55,24.0,-99.4,7.41,-22.6,-9.88
IN,LICHSGFIN,2024,7,51.2,-66.9,5.39,-7.3,23.2
IN,LICHSGFIN,2024,3,44.5,-3.1,7.63,-6.1,5.89
IN,LICHSGFIN,2024,14,43.4,-100.6,7.25,-17.4,-7.53
IN,LICI,2023,24,27.4,-67.5,12.52,-18.6,56.18
IN,LICI,2024,4,43.9,-117.7,5.94,-17.1,7.46
IN,LODHA,2023,5,43.1,-53.2,9.64,-40.3,28.19
IN,LODHA,2024,51,35.6,-80.1,6.65,-17.9,10.1
IN,LT,2021,14,42.2,-65.7,5.6,-14.4,14.71
IN,LT,2024,34,46.7,-2.3,8.43,-6.3,-1.35
IN,LTF,2024,7,30.3,-80.5,10.13,,1.61
IN,LTF,2024,14,47.6,-42.0,5.05,-10.9,-11.28
IN,LTIM,2023,14,45.2,-27.2,6.17,-6.8,9.61
IN,LTIM,2023,15,39.4,-29.4,6.74,-8.6,5.99
IN,LUPIN,2020,10,41.4,-95.2,8.48,-17.9,13.66
IN,LUPIN,2021,42,45.6,-20.4,6.0,-7.9,10.17
IN,LUPIN,2024,34,43.1,-7.8,11.17,-7.8,28.45
IN,M&M,2021,18,37.8,-65.0,6.0,-18.9,0.54
IN,M&M,2023,9,30.5,-36.1,6.41,-11.1,8.78
IN,M&M,2024,15,52.8,-13.6,6.87,-4.8,51.98
IN,M&M,2024,21,53.4,-7.3,5.18,-5.3,5.52
IN,M&MFIN,2021,4,33.2,-28.9,11.18,-61.1,-0.52
IN,M&MFIN,2021,38,35.5,-203.5,5.47,-29.5,0.61
IN,M&MFIN,2021,31,43.4,-76.3,5.48,-31.4,6.49
IN,M&MFIN,2023,9,24.1,-121.4,10.82,-28.6,8.06
IN,M&MFIN,2024,5,52.6,-53.6,6.19,-18.9,4.88
IN,M&MFIN,2024,36,34.5,-68.9,5.04,-24.0,21.32
IN,MANAPPURAM,2020,6,45.5,-7.0,5.11,-13.3,-3.28
IN,MANAPPURAM,2021,4,36.1,-70.5,8.74,-18.3,-0.45
IN,MANAPPURAM,2021,48,31.9,-123.9,7.41,-18.3,6.48
IN,MANAPPURAM,2021,22,33.2,-171.2,6.83,-24.6,6.2
IN,MANAPPURAM,2023,15,45.6,-66.5,9.49,-11.1,26.53
IN,MANAPPURAM,2024,4,49.5,-46.0,5.05,-8.9,17.95
IN,MANAPPURAM,2024,6,36.1,-83.7,5.4,-16.1,17.76
IN,MANAPPURAM,2025,26,35.2,-32.8,6.79,-9.0,6.12
IN,MANKIND,2024,77,45.4,-89.0,7.53,-10.8,18.77
IN,MARICO,2021,42,37.3,-2.0,5.8,-7.6,29.97
IN,MARICO,2023,28,49.1,-4.4,8.17,-4.6,-3.06
IN,MARUTI,2021,59,33.1,-25.4,6.1,-15.2,7.56
IN,MARUTI,2023,39,46.6,-26.3,5.27,-4.5,21.8
IN,MARUTI,2024,11,36.6,-40.7,6.6,-7.4,3.88
IN,MARUTI,2024,31,50.7,-12.2,6.73,-7.2,-8.4
IN,MARUTI,2025,26,50.9,-4.7,5.05,-3.2,-12.25
IN,MAXHEALTH,2024,5,36.2,-26.8,9.37,-16.4,9.03
IN,MAXHEALTH,2024,13,43.5,-52.5,5.95,-9.8,35.06
IN,MAZDOCK,2021,11,43.5,-74.6,6.47,-14.1,13.2
IN,MAZDOCK,2021,3,46.0,-80.0,7.4,-13.5,10.47
IN,MAZDOCK,2023,36,43.3,-65.4,7.51,-13.4,2.1
IN,MAZDOCK,2024,34,42.7,-69.5,7.28,-12.7,152.86
IN,MAZDOCK,2024,5,37.8,-145.7,12.57,-26.2,7.74
IN,MCDOWELL-N,2021,77,27.8,-98.5,5.64,-23.9,16.06
IN,MCDOWELL-N,2021,19,44.9,-2.0,13.06,-6.2,34.06
IN,MINDTREE,2021,4,39.0,-40.0,8.44,-10.7,46.66
IN,MOTHERSON,2023,41,39.7,-42.1,5.44,-10.2,20.48
IN,MOTHERSUMI,2021,4,32.5,-36.2,7.83,-14.4,51.01
IN,MOTHERSUMI,2021,75,46.1,-28.0,8.26,-12.9,1.15
IN,MUTHOOTFIN,2020,19,46.6,-30.8,5.69,-15.5,9.0
IN,MUTHOOTFIN,2021,11,32.2,-56.8,7.3,-18.8,12.2
IN,MUTHOOTFIN,2021,48,41.5,-40.5,5.17,-11.5,16.56
IN,MUTHOOTFIN,2021,69,53.2,-31.2,9.6,-5.6,-3.61
IN,MUTHOOTFIN,2023,15,42.9,-23.5,5.17,-7.7,12.33
IN,MUTHOOTFIN,2023,31,45.4,-30.4,5.99,-8.3,4.57
IN,MUTHOOTFIN,2024,55,44.0,-43.6,6.32,-8.1,22.96
IN,NATIONALUM,2023,14,43.1,-3.5,8.84,-4.6,14.63
IN,NATIONALUM,2024,26,53.1,-36.9,6.9,-11.5,16.35
IN,NAUKRI,2021,7,36.8,-126.6,9.6,-22.5,18.19
IN,NAUKRI,2021,3,40.4,-69.5,5.39,-21.3,39.19
IN,NAUKRI,2023,70,47.2,-71.5,5.49,-11.4,19.58
IN,NESTLEIND,2023,41,43.3,-24.7,5.53,-5.0,-86.26
IN,NESTLEIND,2024,5,30.7,-34.1,6.58,-91.4,1.14
IN,NESTLEIND,2024,49,33.1,-18.5,5.73,-91.0,-10.89
IN,NMDC,2021,6,35.4,-25.4,10.79,-18.3,78.49
IN,NMDC,2023,12,37.4,-25.0,6.64,-23.2,44.67
IN,NMDC,2024,5,38.2,-140.6,6.91,-18.3,20.34
IN,NMDC,2025,14,44.9,-23.9,5.44,-69.7,9.53
IN,NTPC,2021,5,30.8,-65.6,8.99,-23.9,20.6
IN,NTPC,2021,15,49.7,-31.3,7.12,-4.5,9.8
IN,NTPC,2025,40,42.4,-34.7,6.86,-12.4,19.06
IN,NYKAA,2023,6,40.3,-77.3,6.78,-90.4,22.4
IN,NYKAA,2023,6,39.9,-36.1,5.74,-88.2,5.0
IN,NYKAA,2024,68,42.6,-48.0,9.83,-15.7,2.62
IN,NYKAA,2024,18,41.4,-29.6,6.57,-15.2,16.8
IN,ONGC,2021,6,37.9,-8.1,10.59,-24.9,30.45
IN,ONGC,2021,16,40.1,-21.6,5.04,-14.2,8.95
IN,ONGC,2021,35,44.4,-49.1,6.76,-9.0,26.1
IN,ONGC,2024,3,38.7,-12.0,7.47,-7.6,17.37
IN,ONGC,2025,61,40.7,-10.5,10.41,-10.3,10.68
IN,PAGEIND,2021,9,43.1,-22.0,6.22,-7.6,22.06
IN,PAGEIND,2023,41,38.1,-56.5,6.44,-30.0,-4.25
IN,PATANJALI,2024,19,33.4,-161.5,5.24,-20.5,16.69
IN,PATANJALI,2024,21,29.8,-76.9,5.47,-14.5,13.38
IN,PAYTM,2023,7,46.5,-36.0,6.28,-10.6,8.67
IN,PAYTM,2023,17,29.5,-313.1,12.39,-35.7,-42.87
IN,PEL,2021,4,31.7,-7.2,14.45,-23.0,20.92
IN,PEL,2021,27,44.6,-87.7,7.63,-15.7,43.64
IN,PEL,2024,28,45.8,-71.7,6.9,-24.6,16.86
IN,PEL,2024,11,36.0,-77.4,5.73,-29.5,27.07
IN,PFC,2021,3,36.8,-14.2,6.01,-17.0,3.19
IN,PFC,2021,58,36.5,-93.3,5.93,-18.1,6.5
IN,PFC,2023,41,46.2,-75.7,10.08,-17.7,54.32
IN,PFC,2024,4,41.7,-37.1,5.2,-14.6,20.07
IN,PFC,2024,6,45.6,-95.7,6.92,-16.8,35.14
IN,PFC,2024,67,42.6,-76.8,5.27,-14.5,-10.35
IN,PFC,2025,61,29.5,-89.2,5.61,-29.9,22.01
IN,PIDILITIND,2021,25,39.2,-10.4,6.06,-8.0,24.3
IN,PIDILITIND,2024,7,36.5,-24.4,6.43,-9.4,15.48
IN,PIDILITIND,2024,14,53.4,-11.0,5.98,-2.2,2.42
IN,PNB,2021,54,40.0,-89.1,8.59,-16.3,-7.01
IN,PNB,2021,48,42.8,-57.2,5.82,-10.2,-0.6
IN,PNB,2023,13,49.0,-18.0,8.36,-12.3,65.57
IN,PNB,2024,3,53.6,-18.4,5.83,-8.2,-11.66
IN,POLICYBZR,2023,10,39.9,-88.6,6.54,-12.3,28.76
IN,POLYCAB,2021,31,45.5,-21.8,9.88,-8.1,22.55
IN,POLYCAB,2023,16,38.6,-37.1,7.05,-10.0,-6.82
IN,POLYCAB,2024,15,37.8,-215.8,5.11,-23.7,49.66
IN,POLYCAB,2025,40,44.7,-9.8,5.72,-4.8,5.18
IN,POONAWALLA,2023,62,44.5,-88.5,7.63,-14.8,16.41
IN,POONAWALLA,2024,20,32.6,-128.9,8.32,-26.7,-4.5
IN,POWERGRID,2021,4,35.9,-10.6,5.29,-10.1,20.16
IN,POWERGRID,2021,60,15.8,-138.9,7.48,-31.2,20.21
IN,POWERGRID,2023,7,47.4,-6.7,5.09,-8.1,-6.65
IN,POWERGRID,2023,41,33.9,-216.9,5.03,-24.9,31.49
IN,POWERGRID,2024,28,52.6,-16.0,5.92,-6.1,20.17
IN,POWERGRID,2024,26,49.0,-16.5,7.81,-6.6,-8.01
IN,POWERGRID,2025,68,38.0,-41.1,7.21,-21.2,11.6
IN,RBLBANK,2021,3,34.1,-35.2,10.78,-37.1,-12.21
IN,RBLBANK,2021,17,39.2,-195.7,6.06,-31.0,-10.25
IN,RBLBANK,2021,14,36.0,-195.7,5.95,-38.5,15.74
IN,RBLBANK,2023,7,38.5,-52.4,5.53,-13.8,13.73
IN,RBLBANK,2024,3,43.4,-18.9,6.33,-16.7,-9.51
IN,RECLTD,2021,41,37.7,-86.2,7.82,-15.1,5.77
IN,RECLTD,2024,4,43.4,-23.7,5.18,-13.3,14.77
IN,RECLTD,2025,35,46.4,-41.1,5.47,-36.7,-0.15
IN,RELCAPITAL,2021,3,48.8,-22.4,8.91,-27.1,53.89
IN,RELCAPITAL,2021,6,48.7,-120.8,6.34,-26.0,49.39
IN,RELCAPITAL,2021,7,40.9,-269.1,10.51,-50.6,-1.51
IN,RELIANCE,2020,12,40.4,-80.7,5.03,-17.0,12.73
IN,RELIANCE,2021,10,36.6,-20.0,5.94,-20.8,8.82
IN,RELIANCE,2021,61,42.9,-16.9,7.85,-13.8,6.72
IN,RELIANCE,2021,14,38.3,-38.3,5.42,-12.4,21.84
IN,RELIANCE,2024,59,51.3,-2.3,6.71,-2.7,0.42
IN,SAIL,2021,3,38.0,-32.3,10.32,-27.3,119.82
IN,SAIL,2021,48,44.0,-95.1,6.09,-16.9,-8.14
IN,SAIL,2023,1,56.5,-26.3,6.89,-5.1,5.8
IN,SAIL,2023,10,35.5,-98.7,5.07,-18.4,42.23
IN,SAIL,2024,10,46.5,-75.8,5.27,-14.7,-11.64
IN,SAIL,2024,28,45.0,-79.9,5.12,-23.3,-12.57
IN,SAMMAANCAP,2024,25,52.3,-4.7,5.77,,-3.03
IN,SBICARD,2021,28,35.6,-96.7,7.0,-16.4,1.63
IN,SBICARD,2021,30,40.6,-55.8,6.84,-12.6,8.77
IN,SBICARD,2021,5,43.4,-25.2,6.52,-9.7,-5.95
IN,SBICARD,2024,69,34.8,-44.9,5.14,-22.9,1.59
IN,SBICARD,2024,13,33.5,-34.5,5.05,-25.4,13.67
IN,SBILIFE,2021,12,41.5,-2.5,5.43,-14.2,15.52
IN,SBILIFE,2024,16,47.1,-19.8,7.66,-5.4,-0.63
IN,SBILIFE,2024,66,42.1,-37.2,6.46,-7.5,21.74
IN,SBIN,2021,47,45.6,-40.7,5.16,-12.3,12.89
IN,SBIN,2023,20,51.3,-23.0,6.49,-8.4,-5.5
IN,SBIN,2023,11,37.4,-40.4,5.41,-10.3,8.73
IN,SBIN,2023,34,43.9,-48.8,5.15,-9.6,35.18
IN,SBIN,2024,69,45.2,-41.8,5.39,-9.9,-5.01
IN,SHRIRAMFIN,2024,6,50.2,-18.2,8.33,-5.0,13.22
IN,SHRIRAMFIN,2024,3,45.5,-38.9,6.59,-9.1,34.35
IN,SONACOMS,2023,12,48.3,-13.2,5.23,-13.5,5.47
IN,SONACOMS,2023,15,43.4,-73.6,8.63,-11.4,7.04
IN,SONACOMS,2024,34,38.0,-24.3,5.31,-11.4,11.9
IN,SRF,2023,66,31.9,-72.8,5.33,-19.0,4.6
IN,SRF,2023,62,37.6,-29.2,5.25,-14.2,4.62
IN,SRF,2024,36,48.3,-64.3,5.37,-10.1,2.67
IN,SRF,2024,10,30.3,-118.6,6.48,-17.1,10.63
IN,SRF,2025,21,54.0,-50.4,5.57,-10.9,-9.13
IN,SRTRANSFIN,2021,18,46.9,-10.8,7.82,-11.1,-10.25
IN,SRTRANSFIN,2021,6,37.3,-37.1,5.29,-11.3,-4.6
IN,SRTRANSFIN,2021,49,57.0,-56.8,5.53,-10.6,-7.25
IN,SUNPHARMA,2023,6,35.5,-20.6,5.64,-6.2,32.41
IN,SUNPHARMA,2024,70,40.5,-47.4,5.55,-7.8,26.19
IN,SWIGGY,2025,5,37.2,-80.4,6.6,-36.7,-18.49
IN,TATACONSUM,2021,6,37.1,-10.6,5.05,-11.0,18.61
IN,TATACONSUM,2023,6,44.9,-12.4,5.34,-4.5,11.47
IN,TATACONSUM,2024,25,36.3,-41.0,6.82,-13.1,8.59
IN,TATACONSUM,2024,5,38.2,-37.4,7.75,-16.0,5.39
IN,TATAELXSI,2023,79,32.9,-46.0,6.28,-33.0,11.96
IN,TATAELXSI,2024,63,21.4,-108.8,5.16,-16.3,-8.76
IN,TATAELXSI,2024,23,27.9,-78.2,5.17,-22.4,-0.16
IN,TATAELXSI,2024,87,34.1,-24.0,10.64,-23.6,-6.69
IN,TATAELXSI,2025,24,38.8,-38.8,5.82,-30.3,-12.34
IN,TATAMOTORS,2021,9,46.9,-58.0,5.43,-13.4,0.19
IN,TATAMOTORS,2021,47,35.0,-129.3,6.12,-17.4,64.92
IN,TATAMOTORS,2023,11,41.9,-19.4,5.63,-6.7,16.7
IN,TATAMOTORS,2024,7,36.1,-61.5,5.15,-11.8,9.95
IN,TATAPOWER,2021,10,50.7,-51.3,11.23,-12.7,19.68
IN,TATAPOWER,2023,8,36.8,-72.6,6.52,-12.0,44.55
IN,TATAPOWER,2024,25,55.3,-14.3,7.85,-6.4,-6.82
IN,TATASTEEL,2021,13,39.9,-94.1,5.07,-15.2,-1.23
IN,TATASTEEL,2023,16,33.9,-53.1,5.01,-10.0,16.51
IN,TATASTEEL,2025,33,39.6,-43.4,7.22,-9.3,21.06
IN,TCS,2021,12,33.1,-55.7,6.1,-12.5,13.09
IN,TCS,2021,11,38.7,-22.4,5.26,-6.3,8.35
IN,TCS,2023,12,43.2,-4.5,6.67,-5.7,9.6
IN,TCS,2023,36,36.2,-44.2,6.99,-7.4,17.46
IN,TECHM,2021,5,37.6,-34.7,6.22,-14.7,16.25
IN,TECHM,2021,27,42.7,-25.8,6.18,-10.9,43.82
IN,TECHM,2023,16,32.6,-94.0,6.53,-13.2,11.19
IN,TITAGARH,2023,13,48.7,-13.5,7.39,-9.8,18.67
IN,TITAGARH,2024,53,37.8,-85.1,5.84,-15.8,68.79
IN,TITAGARH,2025,28,37.2,-52.9,8.59,-38.2,-20.63
IN,TITAN,2021,3,37.1,-11.4,5.72,-9.7,5.87
IN,TITAN,2021,14,38.5,-55.4,5.37,-10.5,22.53
IN,TITAN,2024,6,47.8,-13.2,5.14,-6.3,-6.53
IN,TVSMOTOR,2021,88,39.9,-70.2,8.04,-11.3,10.23
IN,TVSMOTOR,2024,17,52.6,-56.1,6.04,-9.7,24.95
IN,ULTRACEMCO,2021,18,43.6,-55.7,5.96,-9.9,10.76
IN,ULTRACEMCO,2021,32,37.5,-14.1,5.12,-7.9,6.98
IN,ULTRACEMCO,2024,24,48.3,-23.0,5.84,-5.7,2.15
IN,ULTRACEMCO,2025,39,39.4,-38.7,5.21,-9.9,2.19
IN,UNIONBANK,2021,4,48.9,-3.3,6.44,-40.1,14.22
IN,UNIONBANK,2021,7,39.7,-65.9,8.08,-19.0,4.24
IN,UNIONBANK,2021,74,49.5,-29.7,7.6,-12.4,23.23
IN,UPL,2020,5,38.6,-101.2,5.81,-30.9,42.63
IN,UPL,2021,76,39.4,-98.2,5.77,-13.2,6.25
IN,UPL,2023,29,23.6,-86.7,5.47,-32.7,-14.25
IN,UPL,2024,7,39.6,-70.1,8.1,-39.4,17.78
IN,VEDL,2021,5,44.1,-27.3,5.34,-14.5,18.94
IN,VEDL,2023,71,31.7,-134.4,5.57,-30.1,16.7
IN,VEDL,2024,5,49.9,-3.2,6.58,-13.0,60.15
IN,VEDL,2024,56,51.4,-24.1,6.46,-8.3,0.94
IN,VOLTAS,2021,11,45.3,-53.9,5.55,-13.2,-0.37
IN,VOLTAS,2021,1,48.7,-50.9,5.02,-10.4,26.88
IN,VOLTAS,2023,33,35.1,-60.2,5.45,-27.8,7.63
IN,VOLTAS,2023,49,45.7,-44.4,7.12,-8.8,26.62
IN,VOLTAS,2025,38,49.9,-4.3,7.3,-25.0,-2.98
IN,WIPRO,2021,5,39.8,-8.2,6.14,-10.6,34.3
IN,WIPRO,2023,17,51.2,-23.2,6.71,-12.2,1.27
IN,WIPRO,2023,23,30.1,-88.6,5.42,-13.4,35.07
IN,YESBANK,2021,7,35.8,-73.8,7.3,-73.9,-11.79
IN,YESBANK,2021,7,44.2,-71.3,11.48,-55.9,-24.86
IN,YESBANK,2021,14,22.4,-175.3,15.28,-47.2,17.63
IN,YESBANK,2023,4,44.5,-12.4,10.71,-29.9,11.12
IN,YESBANK,2023,7,29.5,-81.8,5.33,-33.4,88.92
IN,YESBANK,2024,4,44.9,-101.7,5.39,-26.1,1.33
IN,YESBANK,2024,35,45.3,-66.3,15.83,-26.8,-15.36
IN,ZEEL,2021,3,39.7,-90.9,7.89,-20.2,8.65
IN,ZEEL,2021,24,40.2,-106.2,6.71,-25.6,-12.03
IN,ZEEL,2021,9,30.0,-184.9,6.61,-31.2,102.85
IN,ZEEL,2023,6,38.5,-76.3,6.77,-37.1,39.48
IN,ZEEL,2024,8,29.2,-441.0,11.67,-40.4,-27.53
IN,ZOMATO,2024,18,40.5,-32.2,5.28,-11.0,46.47
IN,ZYDUSLIFE,2023,69,46.5,-46.1,6.98,-7.0,55.05
IN,ZYDUSLIFE,2024,6,48.9,-19.4,7.05,-6.2,26.16
JP,1605.T,2018,71,42.1,-79.0,11.23,-13.9,-7.18
JP,1605.T,2021,59,43.7,-46.4,10.58,-10.6,25.85
JP,1605.T,2023,54,48.2,-50.9,11.17,-19.4,29.62
JP,1605.T,2024,4,41.4,-93.7,11.76,-23.9,-4.85
JP,1605.T,2025,46,38.3,-40.0,10.24,-25.0,6.11
JP,1801.T,2018,71,52.0,-39.5,11.09,-17.5,-3.7
JP,1801.T,2020,68,46.7,-25.2,11.25,-20.4,-2.2
JP,1801.T,2023,27,44.5,-76.2,10.74,-12.1,14.24
JP,1801.T,2023,63,46.8,-53.2,10.95,-9.4,0.49
JP,1801.T,2023,17,41.5,-72.0,10.85,-12.1,0.3
JP,1801.T,2024,6,35.4,-93.3,10.18,-15.8,19.61
JP,1801.T,2026,41,41.7,-87.8,10.25,-20.4,-22.54
JP,1802.T,2020,68,43.0,-55.4,10.34,-27.6,-1.12
JP,1802.T,2022,85,51.8,-1.3,10.55,-2.3,-1.93
JP,1802.T,2024,69,47.8,-30.6,10.18,-9.1,4.16
JP,1812.T,2021,11,38.8,-9.9,10.82,-10.8,2.86
JP,1812.T,2022,85,47.1,-4.3,10.13,-6.1,4.66
JP,1812.T,2023,47,45.5,-46.7,12.56,-9.1,11.66
JP,1812.T,2025,18,56.7,-15.5,10.69,-10.2,21.56
JP,1812.T,2026,28,41.9,-116.5,10.02,-22.1,-13.21
JP,1878.T,2020,29,49.4,-36.1,10.06,-26.7,12.11
JP,1878.T,2021,73,37.9,-27.0,12.39,-11.7,6.83
JP,1878.T,2021,13,41.8,-31.4,10.76,-11.0,5.91
JP,1925.T,2020,48,46.6,-51.0,10.02,-12.5,-1.13
JP,1925.T,2025,75,39.9,-29.6,10.14,-6.9,-1.04
JP,1928.T,2021,46,40.5,-10.9,10.32,-8.6,6.11
JP,1928.T,2025,51,57.2,-41.5,11.57,-21.2,-2.04
JP,2267.T,2018,57,33.8,-60.9,15.22,-24.7,12.75
JP,2267.T,2020,50,36.9,-51.6,10.35,-32.0,-4.82
JP,2267.T,2021,17,41.6,-51.8,11.28,-24.3,11.67
JP,2267.T,2022,81,49.5,-1.2,10.19,-4.2,7.57
JP,2267.T,2025,13,35.3,-25.6,18.04,-29.3,-10.78
JP,2269.T,2023,69,35.2,-14.1,16.8,-9.6,-5.73
JP,2269.T,2025,26,39.2,-22.6,11.37,-16.2,16.16
JP,2413.T,2018,23,34.5,-63.1,10.49,-15.5,6.96
JP,2413.T,2021,35,35.9,-44.6,10.52,-32.4,-20.89
JP,2413.T,2023,6,32.3,-177.1,11.86,-51.1,-26.72
JP,2413.T,2024,44,46.3,-57.3,18.75,-43.7,20.49
JP,2413.T,2025,7,46.0,-49.2,17.52,-13.7,-5.55
JP,2413.T,2025,13,44.4,-60.6,21.2,-10.2,-45.23
JP,2413.T,2026,7,47.5,-89.5,11.66,-47.3,12.58
JP,2502.T,2021,17,44.4,-24.0,10.25,-9.5,5.46
JP,2502.T,2021,41,38.8,-48.8,10.49,-9.9,-9.52
JP,2502.T,2024,76,33.4,-43.9,13.21,-12.7,-1.58
JP,2503.T,2018,43,41.5,-7.2,10.22,-6.3,1.91
JP,2503.T,2021,39,42.9,-35.2,11.39,-15.8,-8.49
JP,2503.T,2023,84,52.4,-26.4,10.48,-11.3,-6.46
JP,2503.T,2025,82,44.8,-37.1,10.87,-13.4,-11.58
JP,2503.T,2026,79,49.0,-27.4,10.28,-7.9,2.95
JP,2768.T,2021,13,48.1,-36.6,11.46,-8.5,2.26
JP,2768.T,2023,80,46.0,-36.5,10.98,-10.1,14.89
JP,2801.T,2018,58,46.8,-56.8,11.83,-10.3,17.8
JP,2801.T,2021,58,40.6,-86.0,10.62,-13.9,13.44
JP,2801.T,2021,6,33.8,-41.8,11.08,-12.7,27.08
JP,2801.T,2023,87,45.7,-62.1,18.23,-25.0,-0.74
JP,2801.T,2023,33,38.2,-16.9,11.97,-8.6,3.36
JP,2801.T,2023,14,40.9,-52.5,10.1,-12.1,-0.66
JP,2801.T,2024,60,41.4,-99.8,10.72,-18.3,-11.78
JP,2801.T,2025,73,37.8,-14.4,10.02,-29.3,1.51
JP,2801.T,2026,61,44.5,-3.3,10.72,-14.2,9.5
JP,2801.T,2026,11,44.2,-40.8,11.45,-11.9,-0.39
JP,2802.T,2021,24,27.8,-71.0,10.48,-15.4,27.03
JP,2802.T,2021,11,42.4,-28.6,10.22,-12.1,27.21
JP,2802.T,2023,3,44.4,-17.3,10.85,-11.9,32.48
JP,2802.T,2023,30,48.7,-15.9,10.1,-5.8,-7.14
JP,2802.T,2024,71,37.4,-20.6,11.38,-10.8,-4.49
JP,2802.T,2024,70,49.3,-56.4,13.65,-10.7,0.01
JP,2802.T,2025,70,38.6,-153.5,13.14,-18.4,33.12
JP,2914.T,2018,61,43.2,-14.4,10.79,-26.4,3.47
JP,2914.T,2021,21,32.6,-68.6,10.42,-10.5,10.26
JP,2914.T,2021,89,43.4,-0.8,10.74,-5.6,3.12
JP,2914.T,2023,87,52.9,-7.6,10.11,-2.9,5.75
JP,2914.T,2025,37,49.2,-15.1,10.38,-4.7,17.98
JP,2914.T,2026,19,49.7,-20.7,10.03,-4.5,1.41
JP,3038.T,2018,29,51.7,-31.6,11.02,-26.3,9.84
JP,3038.T,2021,14,35.7,-66.0,14.69,-24.1,24.63
JP,3038.T,2021,35,31.1,-87.8,10.57,-20.6,-5.28
JP,3038.T,2022,15,45.4,-98.1,11.13,-27.2,1.07
JP,3038.T,2023,83,52.2,-31.6,12.35,-6.8,-12.66
JP,3038.T,2023,38,41.1,-33.4,10.41,-16.2,-5.48
JP,3038.T,2024,41,35.4,-53.5,10.77,-9.8,-14.67
JP,3038.T,2025,19,33.3,-93.3,10.43,-23.9,-13.17
JP,3038.T,2026,7,20.3,-240.3,5.52,-43.0,-8.14
JP,3064.T,2018,30,44.7,-35.8,10.89,-11.7,31.48
JP,3064.T,2020,35,42.0,-73.4,17.71,-17.5,-21.22
JP,3064.T,2023,59,37.9,-51.7,10.58,-35.5,-18.71
JP,3064.T,2023,6,29.5,-273.3,21.2,-51.9,-6.56
JP,3064.T,2024,16,37.2,-50.4,10.1,-31.6,5.44
JP,3064.T,2024,14,45.6,-128.8,12.58,-19.0,32.85
JP,3064.T,2024,5,46.8,-29.5,12.69,-8.6,4.39
JP,3064.T,2025,5,56.7,-16.3,12.46,-5.9,0.92
JP,3064.T,2025,76,23.1,-170.1,10.02,-30.6,-23.07
JP,3064.T,2026,27,32.6,-167.4,10.73,-44.7,-1.33
JP,3088.T,2019,15,42.2,-23.6,10.2,-10.1,-2.62
JP,3088.T,2020,62,39.3,-38.5,10.68,-12.4,6.52
JP,3088.T,2021,33,35.2,-90.9,14.03,-14.1,3.29
JP,3088.T,2022,25,47.0,-34.4,10.56,-12.9,5.16
JP,3088.T,2022,35,35.8,-79.2,10.15,-16.4,12.42
JP,3088.T,2023,25,46.1,-31.6,10.35,-18.1,-17.95
JP,3092.T,2020,52,45.1,-133.1,12.71,-18.2,18.3
JP,3092.T,2021,28,50.7,-30.5,15.44,-9.3,3.46
JP,3092.T,2024,35,43.3,-81.3,11.6,-14.0,24.06
JP,3092.T,2026,12,36.7,-75.4,12.15,-35.5,-1.9
JP,3099.T,2021,45,35.7,-59.1,10.31,-16.5,4.98
JP,3099.T,2022,41,52.6,-8.3,11.03,-7.4,11.39
JP,3099.T,2023,62,41.5,-22.6,12.38,-7.1,10.14
JP,3099.T,2024,15,39.9,-25.7,19.39,-12.3,-0.7
JP,3099.T,2024,28,34.9,-282.5,14.77,-39.5,12.88
JP,3099.T,2025,81,36.8,-105.4,10.33,-16.7,19.9
JP,3099.T,2026,8,49.6,-0.8,15.3,-8.1,20.26
JP,3197.T,2021,62,40.3,-51.9,11.11,-17.8,-1.6
JP,3197.T,2023,57,52.9,-25.2,10.23,-7.8,3.23
JP,3197.T,2023,45,36.1,-1.0,15.27,-8.1,11.61
JP,3197.T,2023,14,37.7,-69.6,11.86,-10.4,-2.62
JP,3197.T,2024,27,41.1,-67.5,10.47,-13.4,-5.84
JP,3197.T,2024,28,42.1,-73.4,10.05,-17.9,3.47
JP,3197.T,2025,13,31.3,-64.7,12.41,-14.9,11.45
JP,3197.T,2026,14,36.9,-65.2,12.92,-15.5,-13.55
JP,3382.T,2021,87,43.0,-40.3,10.02,-9.2,10.84
JP,3382.T,2022,74,46.8,-32.6,10.59,-7.8,-7.41
JP,3382.T,2024,19,40.4,-107.0,19.36,-18.8,22.57
JP,3402.T,2021,33,43.7,-37.1,13.16,-9.4,-0.88
JP,3402.T,2024,74,41.8,-55.2,14.62,-16.6,2.59
JP,3407.T,2021,35,34.6,-55.6,10.51,-15.3,-8.66
JP,3407.T,2023,76,54.0,-24.5,10.33,-6.4,-0.38
JP,3407.T,2024,41,43.8,-38.9,10.29,-7.2,-4.53
JP,3407.T,2026,43,41.2,-95.3,15.97,-18.8,6.64
JP,3436.T,2018,13,51.8,-54.1,10.13,-12.8,-16.66
JP,3436.T,2020,14,40.1,-3.7,10.11,-9.0,2.85
JP,3436.T,2021,43,49.1,-75.8,10.84,-10.7,-16.82
JP,3436.T,2021,10,45.0,-133.9,12.96,-17.8,-5.57
JP,3436.T,2021,48,36.2,-29.0,10.26,-20.4,-14.79
JP,3436.T,2023,87,45.2,-15.8,11.39,-8.6,-7.76
JP,3436.T,2023,76,45.6,-42.7,10.79,-7.9,1.27
JP,3436.T,2025,7,39.2,-275.0,11.88,-28.9,16.33
JP,3563.T,2022,16,31.9,-80.5,12.57,-58.6,16.13
JP,3563.T,2023,48,35.9,-29.7,10.04,-31.0,7.25
JP,3563.T,2024,10,42.1,-15.6,11.3,-17.6,-17.33
JP,3563.T,2026,8,41.7,-48.2,13.51,-9.8,3.84
JP,3659.T,2019,43,35.0,-78.6,11.14,-26.0,30.58
JP,3659.T,2021,6,35.0,-100.5,10.35,-45.8,4.41
JP,3659.T,2021,20,35.4,-179.0,10.4,-51.2,8.86
JP,3659.T,2023,50,41.0,-11.8,10.43,-9.5,-19.39
JP,3659.T,2023,42,41.1,-43.1,13.33,-17.8,-19.24
JP,3659.T,2023,38,32.2,-115.4,13.35,-20.9,-11.06
JP,3659.T,2025,53,33.2,-70.2,10.31,-40.2,30.38
JP,3659.T,2025,14,53.7,-16.9,17.02,-15.1,12.52
JP,3659.T,2025,12,48.1,-66.7,17.68,-7.8,-18.52
JP,3697.T,2021,21,46.8,-92.8,14.51,-28.8,8.04
JP,3697.T,2023,42,43.1,-93.1,14.72,-23.5,-5.37
JP,3697.T,2024,14,19.8,-472.1,11.04,-59.2,-30.38
JP,3769.T,2018,8,45.5,-49.7,11.37,-10.3,14.62
JP,3769.T,2019,7,46.3,-98.1,10.24,-18.9,-3.59
JP,3769.T,2021,30,47.7,-68.0,10.12,-19.1,-3.64
JP,3769.T,2023,2,28.0,-323.4,11.44,-54.2,28.55
JP,3769.T,2024,27,48.2,-15.4,10.34,-26.5,-28.96
JP,3769.T,2024,16,32.1,-260.9,10.87,-38.5,3.32
JP,3769.T,2024,4,30.8,-126.5,10.78,-43.1,26.78
JP,3769.T,2026,47,45.6,-210.5,10.99,-21.2,12.98
JP,3769.T,2026,18,37.7,-3.1,12.78,-24.2,7.31
JP,4004.T,2018,9,36.5,-175.0,10.67,-32.2,38.54
JP,4004.T,2021,14,28.0,-239.6,14.3,-33.9,-1.55
JP,4004.T,2023,16,45.8,-8.6,10.98,-5.8,25.47
JP,4004.T,2024,70,44.5,-2.2,12.49,-11.7,4.8
JP,4005.T,2021,28,46.6,-2.1,10.05,-4.6,-7.55
JP,4005.T,2024,34,45.5,-66.6,12.35,-25.8,25.29
JP,4005.T,2025,16,44.2,-39.7,10.75,-8.0,11.12
JP,4005.T,2026,8,50.2,-44.3,11.29,-14.3,0.15
JP,4021.T,2018,40,54.4,-83.8,11.37,-10.0,11.97
JP,4021.T,2020,12,47.9,-5.6,10.58,-23.1,6.88
JP,4021.T,2021,21,46.9,-24.5,11.24,-16.9,19.89
JP,4021.T,2021,19,47.0,-15.9,10.43,-9.7,-1.63
JP,4021.T,2023,43,30.7,-139.5,11.16,-19.4,-8.99
JP,4021.T,2024,4,25.1,-223.9,10.39,-33.8,9.69
JP,4021.T,2026,10,45.7,-2.1,10.26,-3.8,33.34
JP,4021.T,2026,21,46.0,-26.7,13.14,-13.8,18.01
JP,4062.T,2018,25,40.0,-69.8,13.01,-22.0,3.22
JP,4062.T,2021,20,33.4,-75.0,14.32,-17.0,27.4
JP,4062.T,2023,31,45.7,-96.2,12.98,-24.4,55.89
JP,4062.T,2023,6,28.0,-179.1,12.43,-31.4,1.39
JP,4062.T,2024,9,43.0,-131.3,11.39,-47.3,-6.11
JP,4062.T,2026,3,41.4,-57.0,11.37,-25.3,143.85
JP,4063.T,2019,68,45.6,-12.8,11.83,-5.5,9.72
JP,4063.T,2021,35,37.0,-21.5,11.25,-11.7,2.97
JP,4063.T,2021,39,43.5,-52.4,11.75,-9.9,4.8
JP,4063.T,2023,21,36.8,-1.2,10.61,-9.6,6.2
JP,4063.T,2024,78,46.3,-43.2,10.04,-9.2,-2.54
JP,4063.T,2025,61,38.9,-22.9,11.65,-34.4,1.03
JP,4063.T,2025,67,39.7,-2.8,12.27,-19.2,25.52
JP,4151.T,2020,30,56.4,-12.9,10.16,-5.0,10.87
JP,4151.T,2021,38,33.2,-29.1,11.53,-11.7,-12.83
JP,4151.T,2023,41,49.2,-24.3,14.24,-22.9,-1.96
JP,4151.T,2024,65,46.7,-43.3,12.06,-12.2,-3.56
JP,4151.T,2024,10,19.0,-140.5,5.5,-24.0,-9.98
JP,4151.T,2025,52,25.1,-119.1,11.7,-27.6,5.54
JP,4183.T,2021,13,38.2,-66.4,10.07,-14.3,-13.06
JP,4183.T,2022,31,41.0,-62.8,12.63,-28.3,0.03
JP,4183.T,2022,8,41.2,-57.1,11.25,-19.5,3.44
JP,4183.T,2023,85,49.5,-16.8,10.75,-8.3,-6.75
JP,4183.T,2024,41,48.5,-43.5,11.14,-7.1,-1.84
JP,4183.T,2026,8,38.3,-161.6,12.56,-21.0,3.33
JP,4188.T,2020,4,42.8,-22.7,10.18,-30.7,26.8
JP,4188.T,2021,24,46.8,-5.8,11.53,-6.2,7.53
JP,4188.T,2023,6,38.6,-75.0,14.18,-12.1,-14.23
JP,4188.T,2023,84,33.3,-82.5,10.3,-11.2,-4.37
JP,4188.T,2024,31,42.6,-102.8,10.5,-13.1,7.01
JP,4188.T,2025,42,37.3,-10.2,12.03,-7.8,-0.02
JP,4188.T,2026,8,40.4,-150.8,11.74,-21.2,19.15
JP,4307.T,2018,58,48.9,-100.1,18.31,-13.2,5.55
JP,4307.T,2024,90,30.7,-58.8,10.65,-15.2,11.4
JP,4307.T,2026,47,45.2,-349.4,12.81,-31.8,6.88
JP,4324.T,2018,24,50.1,-49.9,10.28,-27.2,3.5
JP,4324.T,2020,29,37.9,-51.8,11.09,-18.4,-0.49
JP,4324.T,2021,68,38.2,-11.2,10.28,-12.7,8.83
JP,4324.T,2023,78,34.2,-100.0,10.59,-18.3,-1.98
JP,4324.T,2024,88,47.4,-16.0,12.39,-12.2,-14.14
JP,4324.T,2025,53,48.3,-34.7,11.29,-37.4,0.56
JP,4324.T,2025,17,42.9,-15.5,11.14,-36.2,-22.24
JP,4385.T,2020,5,34.9,-152.6,10.71,-44.7,50.7
JP,4385.T,2020,7,54.2,-6.4,10.38,-21.4,-1.37
JP,4385.T,2021,85,43.2,-52.5,12.15,-18.5,4.78
JP,4385.T,2021,8,47.4,-90.6,11.03,-13.2,12.68
JP,4385.T,2023,62,36.5,-145.1,10.96,-36.3,32.29
JP,4385.T,2024,34,49.2,-95.7,11.15,-49.5,20.33
JP,4385.T,2024,39,36.5,-97.3,28.67,-34.0,1.18
JP,4452.T,2023,33,27.2,-49.0,10.4,-21.4,3.98
JP,4452.T,2024,50,49.4,-23.5,10.13,-5.1,10.31
JP,4452.T,2024,73,38.6,-11.3,10.19,-6.1,-6.84
JP,4502.T,2021,11,37.7,-16.0,10.25,-12.6,-0.26
JP,4502.T,2023,45,42.3,-37.4,10.69,-6.3,-11.65
JP,4502.T,2025,39,37.7,-14.6,10.71,-7.5,0.75
JP,4502.T,2025,49,38.2,-20.7,10.86,-8.6,26.12
JP,4503.T,2021,33,44.9,-52.9,12.77,-14.6,1.24
JP,4503.T,2021,39,25.5,-18.4,10.47,-13.5,-0.25
JP,4503.T,2022,85,41.0,-53.2,10.1,-9.7,-10.0
JP,4503.T,2023,90,38.2,-54.3,11.19,-12.5,-4.13
JP,4507.T,2023,77,42.3,-3.5,11.14,-17.7,9.44
JP,4507.T,2023,62,41.0,-31.0,10.09,-6.1,-2.41
JP,4519.T,2021,38,37.8,-41.6,10.62,-31.3,-8.57
JP,4519.T,2023,32,41.9,-51.3,10.18,-22.1,15.04
JP,4519.T,2023,22,49.0,-4.7,10.76,-5.9,17.93
JP,4519.T,2024,56,39.2,-157.6,11.62,-22.5,34.26
JP,4519.T,2025,38,47.1,-112.4,11.22,-23.2,15.55
JP,4523.T,2018,41,37.5,-36.8,11.2,-12.5,20.91
JP,4523.T,2021,39,38.9,-24.7,29.77,-29.6,-1.01
JP,4523.T,2022,28,37.3,-57.0,19.08,-37.2,29.26
JP,4523.T,2024,75,34.8,-121.1,10.87,-41.5,-8.01
JP,4523.T,2025,26,43.6,-68.6,10.09,-12.8,-4.89
JP,4523.T,2025,57,51.6,-5.6,10.92,-11.0,-17.64
JP,4528.T,2018,23,31.1,-237.8,10.34,-24.9,11.43
JP,4528.T,2021,38,38.4,-56.4,11.07,-26.9,15.11
JP,4528.T,2022,85,40.1,-78.6,10.86,-15.3,-22.45
JP,4528.T,2025,74,49.1,-58.2,10.03,-28.5,18.77
JP,4528.T,2026,13,36.9,-55.2,10.71,-12.4,-5.55
JP,4543.T,2021,10,43.2,-9.0,12.18,-9.4,-9.03
JP,4543.T,2021,71,47.3,-69.0,11.85,-12.6,15.56
JP,4543.T,2021,33,43.6,-32.5,10.79,-7.7,4.22
JP,4543.T,2026,18,36.0,-15.6,14.12,-28.5,-5.87
JP,4568.T,2018,32,38.6,-49.2,10.89,-11.7,23.38
JP,4568.T,2018,7,32.6,-39.8,10.67,-15.5,20.52
JP,4568.T,2021,19,26.0,-96.2,10.3,-22.5,-18.27
JP,4568.T,2023,37,40.5,-10.3,10.75,-15.9,14.05
JP,4568.T,2023,12,42.8,-11.8,12.58,-8.7,-22.4
JP,4568.T,2023,71,43.5,-29.4,12.29,-24.7,3.4
JP,4568.T,2025,31,42.1,-82.3,10.55,-44.5,-9.57
JP,4568.T,2025,3,37.7,-66.7,12.46,-32.6,-8.76
JP,4578.T,2018,26,41.0,-9.0,10.63,-10.2,4.1
JP,4578.T,2021,17,31.3,-11.8,10.58,-13.1,5.91
JP,4578.T,2021,39,32.8,-81.1,10.76,-13.6,8.41
JP,4578.T,2021,35,37.3,-28.8,13.37,-8.9,-11.75
JP,4578.T,2023,87,41.9,-44.8,10.65,-15.9,13.59
JP,4578.T,2023,13,45.0,-27.7,10.95,-7.1,7.28
JP,4578.T,2024,41,55.8,-18.4,12.2,-4.0,29.62
JP,4578.T,2024,18,49.5,-0.7,11.95,-7.0,-9.38
JP,4587.T,2018,43,31.5,-167.9,11.71,-22.8,-10.15
JP,4587.T,2019,87,35.2,-86.4,10.33,-16.9,-10.89
JP,4587.T,2023,84,41.7,-73.9,10.33,-20.9,-13.22
JP,4587.T,2023,2,19.8,-340.3,8.48,-56.7,6.45
JP,4587.T,2024,25,50.5,-15.2,13.98,-43.5,63.72
JP,4587.T,2024,35,55.7,-38.6,10.78,-11.6,-12.04
JP,4587.T,2025,10,39.5,-71.7,14.3,-49.7,0.02
JP,4612.T,2021,74,33.2,-104.5,10.44,-55.5,-16.83
JP,4612.T,2022,14,42.2,-86.5,10.42,-28.7,17.79
JP,4612.T,2023,6,22.6,-103.4,10.08,-14.9,-4.83
JP,4612.T,2024,58,39.2,-99.2,11.24,-25.4,1.35
JP,4612.T,2025,26,41.2,-22.4,11.91,-16.4,-1.1
JP,4612.T,2026,17,49.2,-13.1,17.91,-21.9,-7.52
JP,4612.T,2026,77,36.2,-102.2,11.61,-25.5,-0.06
JP,4661.T,2018,69,44.8,-9.9,10.38,-6.3,11.11
JP,4661.T,2021,27,35.5,-53.5,10.1,-18.6,13.64
JP,4661.T,2025,15,47.5,-23.4,12.55,-31.7,-12.89
JP,4684.T,2021,25,30.4,-52.0,10.93,-17.8,0.44
JP,4684.T,2023,73,41.0,-19.1,12.68,-11.7,2.98
JP,4684.T,2026,54,52.2,-148.5,10.42,-24.6,-8.73
JP,4689.T,2023,42,36.2,-50.8,11.7,-28.8,4.75
JP,4689.T,2023,73,45.9,-10.0,12.25,-6.8,-17.78
JP,4689.T,2024,42,48.6,-4.1,10.19,-24.3,11.89
JP,4704.T,2018,78,30.9,-56.5,10.37,-11.3,6.55
JP,4704.T,2018,85,45.7,-36.3,11.17,-6.8,-2.81
JP,4704.T,2020,77,43.0,-96.9,10.25,-17.0,-5.96
JP,4704.T,2021,89,26.5,-46.1,10.35,-23.1,7.37
JP,4704.T,2023,42,29.9,-84.8,21.47,-26.1,37.81
JP,4704.T,2024,74,31.6,-84.9,16.35,-19.4,-0.6
JP,4704.T,2024,57,43.0,-60.1,10.12,-10.9,19.17
JP,4704.T,2026,48,37.0,-179.4,15.35,-54.9,8.22
JP,4751.T,2019,62,53.1,-68.9,12.3,-27.6,26.66
JP,4751.T,2021,19,38.6,-56.5,11.53,-15.4,38.82
JP,4751.T,2021,39,29.1,-79.3,10.85,-18.8,-2.84
JP,4751.T,2021,19,29.9,-84.1,10.47,-21.1,-23.45
JP,4751.T,2022,6,45.8,-0.7,11.2,-42.1,-20.88
JP,4751.T,2023,20,28.6,-134.5,10.17,-33.6,-27.32
JP,4751.T,2023,22,48.7,-48.4,12.55,-40.1,16.6
JP,4751.T,2026,19,38.5,-58.0,11.01,-31.0,0.55
JP,4755.T,2020,37,42.2,-95.2,11.07,-20.0,16.92
JP,4755.T,2021,83,45.7,-133.5,10.16,-25.4,-18.12
JP,4755.T,2023,18,38.7,-75.9,11.73,-39.9,-24.78
JP,4755.T,2023,14,34.7,-204.7,12.51,-30.8,2.6
JP,4755.T,2023,59,43.0,-53.5,12.79,-22.2,34.34
JP,4755.T,2024,34,41.2,-103.6,10.02,-15.7,28.44
JP,4755.T,2025,81,45.0,-20.3,11.68,-25.2,5.77
JP,4755.T,2026,8,29.4,-159.3,10.98,-31.5,3.6
JP,4901.T,2018,1,19.0,-28.0,12.12,-12.9,1.94
JP,4901.T,2020,9,45.4,-37.8,11.84,-11.0,9.77
JP,4901.T,2023,56,31.4,-62.1,10.04,-17.0,14.74
JP,4901.T,2023,45,48.2,-47.0,10.16,-6.9,-1.98
JP,4901.T,2023,73,38.4,-48.2,12.58,-9.7,11.3
JP,4901.T,2025,39,51.7,-11.9,10.73,-19.5,-2.92
JP,4901.T,2026,42,48.0,-36.7,11.24,-20.4,10.68
JP,4911.T,2020,41,49.8,-16.2,10.66,-10.1,1.76
JP,4911.T,2021,77,38.7,-59.4,11.41,-10.0,-3.73
JP,4911.T,2021,40,29.8,-65.9,11.98,-12.5,-11.69
JP,4911.T,2022,75,40.1,-20.6,12.05,-35.2,4.96
JP,4911.T,2023,62,47.4,-47.4,10.38,-7.9,-14.39
JP,4911.T,2023,16,39.3,-5.3,12.09,-8.5,-23.04
JP,4911.T,2024,26,28.8,-301.0,12.57,-45.4,-25.0
JP,4911.T,2025,45,45.2,-38.1,10.41,-48.7,-13.4
JP,4911.T,2025,78,49.7,-26.2,10.2,-47.4,-4.47
JP,4911.T,2025,46,34.6,-157.6,12.07,-24.3,31.82
JP,4922.T,2018,18,41.8,-31.8,10.07,-14.1,-2.83
JP,4922.T,2021,73,30.3,-232.8,10.52,-27.9,-4.95
JP,4922.T,2023,20,55.3,-17.1,10.39,-10.8,-12.66
JP,4922.T,2023,24,32.6,-121.1,10.33,-39.0,-26.1
JP,4922.T,2024,70,35.6,-163.8,18.02,-48.1,13.22
JP,4922.T,2025,56,40.3,-155.9,10.26,-27.3,3.85
JP,5019.T,2018,28,35.8,-78.0,10.53,-20.4,50.4
JP,5019.T,2021,46,41.4,-31.7,10.41,-11.9,14.34
JP,5019.T,2023,54,35.5,-33.5,10.06,-29.7,16.55
JP,5020.T,2018,51,39.8,-102.0,10.39,-16.3,12.71
JP,5020.T,2023,55,40.8,-4.0,10.5,-16.0,12.92
JP,5020.T,2023,90,50.6,-26.8,10.02,-10.9,17.87
JP,5032.T,2022,26,60.8,-95.7,13.68,,52.41
JP,5032.T,2023,17,32.1,-225.2,22.01,-65.7,53.72
JP,5032.T,2023,24,34.8,-148.0,13.18,-26.8,-36.78
JP,5032.T,2024,44,30.9,-224.7,30.48,-48.4,-9.12
JP,5032.T,2024,42,43.7,-113.6,10.53,-43.1,44.39
JP,5032.T,2026,15,30.6,-323.1,12.11,-56.8,-21.77
JP,5108.T,2020,15,40.7,-61.3,15.25,-16.3,12.29
JP,5108.T,2021,39,46.1,-38.2,10.83,-7.2,-0.88
JP,5108.T,2023,33,48.3,-4.8,10.34,-4.5,7.16
JP,5108.T,2025,39,52.2,-10.2,11.0,-3.9,9.64
JP,5201.T,2023,90,48.0,-18.8,10.9,-5.5,4.53
JP,5201.T,2024,46,45.8,-0.1,10.44,-5.7,-8.25
JP,5201.T,2025,70,46.7,-25.3,11.0,-19.7,14.05
JP,5201.T,2026,43,40.5,-113.3,10.31,-20.7,7.77
JP,5332.T,2020,6,40.7,-30.8,10.39,-8.4,-2.33
JP,5332.T,2021,3,42.0,-18.8,12.44,-7.5,-10.59
JP,5332.T,2021,34,43.3,-32.4,11.17,-21.8,-9.5
JP,5332.T,2022,14,26.7,-75.8,11.65,-24.7,-4.12
JP,5332.T,2023,63,51.9,-33.4,11.93,-24.7,-1.33
JP,5332.T,2024,62,39.0,-69.5,15.4,-11.8,4.52
JP,5332.T,2025,56,50.0,-31.3,12.32,-32.4,2.83
JP,5332.T,2026,8,38.3,-42.0,12.16,-18.8,44.68
JP,5401.T,2021,7,32.3,-61.3,10.6,-29.9,71.05
JP,5401.T,2021,36,45.0,-85.1,12.38,-18.9,-6.24
JP,5401.T,2023,90,43.0,-23.4,10.99,-9.2,6.25
JP,5401.T,2023,90,43.7,-74.7,10.77,-12.1,0.03
JP,5406.T,2018,25,53.8,-69.0,10.69,-20.6,-8.24
JP,5406.T,2019,10,45.0,-38.0,12.16,-41.6,-17.8
JP,5406.T,2021,7,30.5,-64.2,10.47,-17.3,51.91
JP,5406.T,2023,66,42.5,-87.2,10.56,-16.6,1.04
JP,5406.T,2025,39,44.6,-51.9,10.96,-19.2,9.79
JP,5411.T,2018,25,38.7,-127.7,10.12,-22.4,-4.81
JP,5411.T,2021,7,34.4,-64.5,10.45,-40.1,63.78
JP,5411.T,2021,41,43.7,-113.8,10.53,-24.6,6.07
JP,5411.T,2023,66,45.9,-59.9,10.82,-12.6,7.13
JP,5411.T,2025,24,51.4,-12.0,10.32,-26.7,-6.03
JP,5713.T,2019,14,42.7,-30.5,10.37,-10.6,-14.64
JP,5713.T,2021,40,50.0,-36.9,10.55,-12.9,-16.2
JP,5713.T,2023,12,30.3,-159.2,10.05,-20.3,-7.24
JP,5713.T,2024,50,43.7,-29.7,12.63,-22.2,13.65
JP,5713.T,2026,8,44.3,-85.8,16.94,-31.0,-26.23
JP,5802.T,2018,49,49.5,-46.5,10.32,-16.6,8.5
JP,5802.T,2023,6,31.6,-106.8,14.82,-15.3,12.85
JP,5802.T,2023,33,51.4,-5.3,10.05,-5.0,26.46
JP,5831.T,2023,83,40.9,-133.8,10.99,-14.6,17.32
JP,5831.T,2023,55,42.0,-28.7,11.33,-8.3,11.76
JP,5831.T,2024,45,43.8,-31.7,14.6,-19.5,13.59
JP,5831.T,2026,8,45.6,-63.4,11.77,-17.3,18.01
JP,5838.T,2023,14,43.0,-43.5,10.34,-11.7,13.17
JP,5838.T,2023,26,36.9,-178.4,11.03,-23.1,37.0
JP,5838.T,2024,46,40.5,-135.6,10.92,-17.3,13.83
JP,5838.T,2025,74,46.8,-140.6,13.33,-15.6,-13.7
JP,5838.T,2026,7,33.7,-196.1,10.48,-37.9,-6.04
JP,5838.T,2026,14,29.8,-245.4,13.05,-48.8,3.33
JP,6098.T,2021,24,41.3,-44.5,10.67,-10.3,19.71
JP,6098.T,2023,78,28.4,-127.5,10.37,-34.2,18.23
JP,6098.T,2023,48,33.2,-54.8,10.96,-13.5,12.35
JP,6098.T,2025,79,40.6,-83.9,11.13,-31.7,-28.54
JP,6098.T,2026,52,43.9,-280.2,11.27,-32.0,62.52
JP,6146.T,2018,11,27.8,-120.0,11.93,-31.0,-4.97
JP,6146.T,2021,34,41.1,-30.5,11.35,-12.7,-2.05
JP,6146.T,2021,14,48.0,-37.5,10.13,-19.2,4.94
JP,6146.T,2022,21,55.7,-3.1,10.68,-9.0,14.84
JP,6146.T,2023,13,55.9,-4.3,10.66,-3.8,25.18
JP,6146.T,2024,7,34.6,-106.6,10.5,-19.8,-7.09
JP,6146.T,2024,30,47.1,-135.2,20.89,-45.1,-2.12
JP,6146.T,2025,11,40.6,-144.5,13.58,-22.5,39.53
JP,6146.T,2026,8,37.9,-80.9,10.14,-23.0,11.09
JP,6146.T,2026,6,43.5,-68.3,10.94,-18.2,-5.38
JP,6178.T,2021,70,38.9,-86.5,10.58,-16.2,1.08
JP,6178.T,2023,24,44.8,-35.6,10.48,-6.9,8.8
JP,6178.T,2025,43,46.3,-21.5,10.6,-18.0,0.88
JP,6178.T,2026,48,45.6,-59.8,14.81,-13.3,17.89
JP,6201.T,2021,33,29.9,-69.9,10.86,-13.7,-2.32
JP,6201.T,2021,39,42.8,-44.2,10.07,-9.8,-3.21
JP,6201.T,2023,47,49.0,-128.7,10.48,-13.8,22.4
JP,6201.T,2023,14,57.4,-6.2,11.65,-2.8,5.75
JP,6201.T,2023,17,48.4,-30.2,10.72,-11.5,21.57
JP,6201.T,2023,24,47.3,-48.4,10.17,-11.8,15.42
JP,6273.T,2021,13,46.3,-0.3,12.76,-5.9,-2.1
JP,6273.T,2021,21,50.8,-45.0,13.51,-14.0,-8.08
JP,6273.T,2023,21,46.4,-9.1,10.61,-6.2,-9.87
JP,6273.T,2026,8,38.8,-98.3,11.59,-20.6,16.63
JP,6301.T,2021,52,44.3,-47.8,10.21,-23.5,4.52
JP,6301.T,2023,17,27.5,-130.1,10.19,-21.9,8.67
JP,6301.T,2023,33,49.3,-4.9,15.1,-16.8,12.03
JP,6301.T,2025,49,46.2,-46.0,10.82,-12.7,27.72
JP,6301.T,2026,8,37.8,-120.2,12.69,-21.8,-2.11
JP,6305.T,2021,28,48.6,-49.4,11.33,-11.5,-14.95
JP,6305.T,2024,47,39.4,-64.2,11.48,-12.2,-16.07
JP,6305.T,2025,24,51.1,-11.3,10.26,-5.1,6.81
JP,6305.T,2025,42,46.7,-62.2,10.67,-12.2,15.34
JP,6326.T,2021,70,37.1,-95.8,10.1,-16.6,8.8
JP,6326.T,2023,76,52.8,-37.2,10.26,-20.1,3.98
JP,6326.T,2023,72,33.6,-114.3,10.35,-16.3,14.11
JP,6326.T,2026,14,38.5,-113.2,11.88,-24.2,2.72
JP,6367.T,2021,27,46.6,-23.8,11.02,-14.6,13.97
JP,6367.T,2021,74,31.3,-29.9,10.02,-16.6,-14.31
JP,6367.T,2023,20,37.0,-117.2,10.26,-30.4,-14.17
JP,6367.T,2024,71,37.0,-93.0,17.31,-31.9,-17.55
JP,6367.T,2024,28,44.0,-146.5,12.09,-28.3,-6.88
JP,6367.T,2025,37,34.0,-96.3,12.97,-15.4,-10.21
JP,6367.T,2026,25,37.2,-52.2,10.12,-10.5,21.2
JP,6367.T,2026,10,45.3,-7.1,10.44,-9.2,22.8
JP,6383.T,2021,34,30.0,-164.2,10.37,-24.2,-5.86
JP,6383.T,2021,29,32.8,-135.5,10.98,-31.2,2.45
JP,6383.T,2024,34,25.8,-169.1,10.41,-24.2,2.85
JP,6383.T,2025,17,48.4,-15.1,13.62,-9.5,0.85
JP,6383.T,2025,39,55.1,-1.3,21.55,-7.5,13.08
JP,6383.T,2026,8,41.4,-52.3,13.78,-16.2,15.39
JP,6479.T,2020,22,43.1,-28.3,11.28,-13.6,21.33
JP,6479.T,2021,28,45.6,-9.8,10.18,-5.6,-4.44
JP,6479.T,2023,6,42.4,-53.6,18.05,-16.4,4.84
JP,6479.T,2024,49,47.6,-26.3,10.2,-6.1,2.4
JP,6479.T,2025,54,43.6,-17.7,17.16,-44.6,23.72
JP,6479.T,2026,10,33.5,-193.6,12.25,-26.9,48.01
JP,6501.T,2021,14,45.6,-38.3,10.06,-10.9,4.24
JP,6501.T,2025,38,41.2,-46.0,11.2,-13.8,11.87
JP,6501.T,2026,8,34.4,-81.0,10.1,-22.8,-0.86
JP,6503.T,2021,14,39.5,-8.0,10.81,-9.2,4.83
JP,6503.T,2023,52,46.0,-2.5,11.01,-11.1,12.26
JP,6503.T,2024,63,54.0,-56.5,12.61,-15.4,-11.34
JP,6503.T,2025,42,44.3,-16.3,11.06,-10.1,7.15
JP,6503.T,2026,8,39.8,-49.1,12.65,-16.3,7.22
JP,6504.T,2021,40,35.7,-29.5,10.92,-10.7,22.27
JP,6504.T,2023,6,26.2,-117.0,14.6,-18.9,24.97
JP,6504.T,2023,21,51.0,-8.0,11.2,-13.4,43.81
JP,6504.T,2024,11,45.8,-38.9,10.26,-23.6,-21.31
JP,6504.T,2026,21,40.0,-7.2,14.42,-13.6,27.8
JP,6504.T,2026,14,41.5,-75.8,10.44,-23.2,10.37
JP,6506.T,2019,46,46.5,-14.9,11.32,-7.2,-3.23
JP,6506.T,2021,67,35.2,-72.1,11.71,-16.2,-5.57
JP,6506.T,2021,27,38.9,-111.7,10.16,-19.9,-8.98
JP,6506.T,2022,11,45.8,-84.1,10.53,-28.8,11.81
JP,6506.T,2023,32,50.2,-2.3,10.34,-4.5,-10.88
JP,6506.T,2023,6,33.1,-106.1,12.12,-27.2,-4.34
JP,6506.T,2025,38,43.8,-26.7,28.13,-41.6,29.76
JP,6506.T,2025,6,52.5,-17.6,18.07,-12.0,-5.15
JP,6506.T,2026,8,33.5,-174.0,15.9,-27.1,53.16
JP,6525.T,2024,73,54.9,-101.4,10.12,-16.2,-23.36
JP,6525.T,2024,8,41.4,-152.5,12.49,-63.1,-9.31
JP,6525.T,2025,14,38.7,-136.0,18.84,-32.0,36.06
JP,6525.T,2025,11,45.3,-139.3,13.48,-27.4,9.14
JP,6525.T,2026,8,38.5,-146.7,15.76,-28.1,90.35
JP,6526.T,2023,1,49.3,-244.6,13.32,-39.3,-25.83
JP,6526.T,2026,70,43.5,-100.1,10.27,-42.0,17.52
JP,6532.T,2019,16,50.7,-21.4,22.04,-6.7,24.65
JP,6532.T,2021,4,45.9,-153.7,11.3,-24.5,-14.15
JP,6532.T,2023,13,36.1,-106.7,11.37,-18.9,-13.42
JP,6532.T,2023,32,35.4,-146.3,12.31,-21.2,-5.69
JP,6532.T,2023,6,31.1,-238.4,14.66,-35.2,-31.19
JP,6532.T,2024,13,45.7,-31.5,10.57,-10.6,27.79
JP,6532.T,2025,17,47.5,-58.4,14.04,-12.7,-14.79
JP,6532.T,2026,47,41.1,-363.0,24.02,-49.7,20.13
JP,6586.T,2022,17,37.4,-82.8,11.4,-52.1,14.19
JP,6586.T,2023,28,49.0,-31.8,16.46,-19.2,15.77
JP,6586.T,2024,19,41.2,-55.4,13.88,-10.2,6.27
JP,6586.T,2025,34,47.6,-5.3,17.05,-8.6,-18.56
JP,6586.T,2026,10,40.2,-84.5,10.44,-14.7,1.97
JP,6594.T,2021,46,39.6,-12.8,11.36,-18.5,8.36
JP,6594.T,2023,6,14.9,-219.1,6.12,-39.2,-7.98
JP,6594.T,2024,61,40.3,-98.8,10.6,-25.6,-20.77
JP,6594.T,2025,5,22.7,-243.2,8.34,-42.5,8.92
JP,6594.T,2025,52,37.5,-193.6,20.87,-39.9,2.53
JP,6594.T,2026,3,31.7,-116.1,11.09,-40.0,23.14
JP,6645.T,2023,2,22.6,-139.7,5.03,-41.9,-4.89
JP,6645.T,2024,31,38.7,-24.3,10.28,-43.7,23.96
JP,6645.T,2025,70,49.4,-93.9,13.33,-23.8,31.14
JP,6645.T,2026,16,45.8,-62.1,12.36,-19.2,9.71
JP,6701.T,2019,68,35.9,-21.1,10.35,-8.7,8.3
JP,6701.T,2020,33,50.8,-12.8,16.06,-10.6,-3.33
JP,6701.T,2021,30,29.5,-212.1,11.94,-24.1,8.0
JP,6701.T,2023,16,36.8,-66.3,11.99,-13.8,16.24
JP,6701.T,2025,15,39.7,-58.9,11.83,-12.6,-25.14
JP,6702.T,2021,40,43.4,-3.9,10.11,-9.4,31.86
JP,6702.T,2022,77,40.7,-69.1,10.36,-24.1,-3.03
JP,6702.T,2024,5,51.8,-11.9,12.57,-6.3,1.3
JP,6702.T,2024,27,36.4,-70.2,10.43,-12.4,25.93
JP,6702.T,2024,45,49.9,-19.7,11.06,-11.3,7.29
JP,6702.T,2025,39,51.1,-40.2,10.32,-6.0,14.2
JP,6723.T,2019,42,48.0,-9.4,15.15,-8.1,-18.06
JP,6723.T,2020,13,35.9,-5.7,11.39,-13.4,-10.64
JP,6723.T,2021,3,37.1,-69.5,13.82,-17.4,2.56
JP,6723.T,2023,6,29.6,-100.9,18.13,-31.0,8.84
JP,6723.T,2025,53,45.1,-50.8,12.93,-35.6,15.8
JP,6723.T,2025,6,49.5,-11.8,15.07,-32.5,22.67
JP,6723.T,2026,8,33.8,-175.5,21.36,-30.7,85.9
JP,6724.T,2021,12,44.0,-37.6,10.93,-9.7,-6.0
JP,6724.T,2023,59,48.8,-35.4,12.79,-17.1,11.63
JP,6724.T,2026,8,42.6,-41.9,10.45,-20.1,38.94
JP,6752.T,2025,6,60.5,-8.4,11.21,-2.8,-5.87
JP,6753.T,2018,20,28.2,-114.5,11.01,-24.9,-16.69
JP,6753.T,2021,26,46.3,-41.9,10.4,-20.2,-25.51
JP,6753.T,2023,68,22.8,-148.1,14.01,-26.7,11.47
JP,6753.T,2024,83,31.5,-213.1,14.36,-27.7,7.21
JP,6753.T,2024,23,36.7,-78.3,15.98,-22.1,1.47
JP,6753.T,2025,74,37.9,-149.6,15.5,-27.4,-2.54
JP,6758.T,2018,90,45.3,-32.5,11.27,-10.0,17.42
JP,6758.T,2024,20,49.3,-8.2,10.81,-11.1,27.31
JP,6758.T,2025,44,51.5,-8.0,10.72,-6.0,14.1
JP,6762.T,2018,83,55.5,-19.5,10.63,-8.3,12.47
JP,6762.T,2021,41,39.2,-31.5,10.55,-16.3,-15.43
JP,6762.T,2022,4,50.6,-16.8,14.18,-12.8,4.88
JP,6762.T,2023,47,57.4,-20.0,10.15,-7.6,25.21
JP,6762.T,2024,67,49.0,-27.7,10.86,-8.0,23.72
JP,6762.T,2024,6,48.1,-7.7,12.65,-17.1,-15.41
JP,6762.T,2025,50,39.9,-106.7,10.06,-17.3,56.81
JP,6762.T,2026,8,39.3,-76.3,11.9,-25.7,57.56
JP,6770.T,2020,44,34.7,-109.3,13.15,-49.3,-10.71
JP,6770.T,2024,32,48.4,-126.0,11.12,-20.4,26.66
JP,6770.T,2025,27,50.5,-24.0,11.9,-16.5,16.71
JP,6857.T,2021,19,47.9,-83.6,13.08,-18.1,-5.57
JP,6857.T,2023,13,37.2,-12.9,11.39,-13.3,55.16
JP,6857.T,2024,16,29.0,-220.9,10.43,-32.1,20.1
JP,6857.T,2024,1,49.3,-24.1,13.83,-18.1,36.73
JP,6857.T,2026,1,35.5,-156.4,10.67,-28.9,32.84
JP,6861.T,2025,20,45.4,-16.6,11.45,-21.8,-8.31
JP,6861.T,2025,47,35.6,-87.3,10.71,-22.5,9.21
JP,6861.T,2026,8,37.7,-55.0,10.32,-17.9,30.7
JP,6869.T,2019,7,55.0,-0.1,12.56,-17.5,2.03
JP,6869.T,2019,39,46.4,-10.2,10.11,-6.9,17.03
JP,6869.T,2021,31,28.3,-88.1,10.15,-16.1,13.98
JP,6869.T,2021,53,38.4,-17.9,13.55,-17.1,18.92
JP,6869.T,2021,6,53.3,-56.8,12.7,-6.9,9.98
JP,6869.T,2023,49,41.2,-28.7,11.97,-14.4,0.34
JP,6869.T,2024,20,44.7,-40.6,10.13,-22.4,17.97
JP,6902.T,2021,34,49.4,-12.4,11.57,-8.0,0.81
JP,6902.T,2023,15,34.5,-74.6,10.46,-14.4,7.81
JP,6902.T,2023,25,41.5,-93.5,10.04,-17.3,22.87
JP,6902.T,2025,48,43.0,-69.9,10.44,-11.0,-11.42
JP,6920.T,2021,31,41.7,-2.6,10.41,-14.7,56.56
JP,6920.T,2024,1,36.4,-176.2,14.88,-20.1,-33.65
JP,6920.T,2025,15,38.2,-69.7,12.15,-46.6,55.9
JP,6920.T,2026,14,56.2,-33.8,11.56,-14.2,43.98
JP,6920.T,2026,17,49.2,-12.1,20.36,-12.3,-6.97
JP,6954.T,2021,74,38.1,-42.0,11.52,-12.7,-10.24
JP,6954.T,2021,46,35.8,-48.9,10.68,-15.4,-0.34
JP,6954.T,2021,48,35.8,-36.8,10.82,-21.8,-9.0
JP,6954.T,2022,79,34.8,-70.8,11.16,-20.5,4.09
JP,6954.T,2023,39,49.7,-4.7,11.53,-5.2,-22.72
JP,6954.T,2023,17,28.6,-75.3,10.68,-29.6,0.83
JP,6954.T,2026,8,32.9,-141.9,11.73,-24.7,24.31
JP,6963.T,2021,18,53.4,-27.0,11.66,-11.9,-12.88
JP,6963.T,2023,20,37.2,-18.1,15.52,-9.5,2.46
JP,6963.T,2023,15,21.6,-131.7,11.97,-31.6,-4.49
JP,6963.T,2024,3,47.6,-99.6,14.32,-43.8,-13.25
JP,6963.T,2025,39,45.5,-108.6,10.53,-16.0,57.67
JP,6971.T,2018,58,41.4,-152.3,11.28,-22.0,-5.16
JP,6971.T,2021,48,43.9,-32.0,10.92,-9.8,-4.23
JP,6971.T,2023,24,49.1,-14.1,11.19,-6.6,4.45
JP,6971.T,2025,43,56.1,-5.3,10.76,-10.5,9.05
JP,6971.T,2026,16,41.9,-67.0,13.54,-13.5,37.9
JP,6976.T,2018,41,49.8,-32.2,11.59,-11.0,66.56
JP,6976.T,2021,17,41.4,-166.1,11.83,-24.5,-14.15
JP,6976.T,2023,6,30.9,-169.3,12.32,-26.3,-6.37
JP,6976.T,2024,13,46.2,-80.2,15.12,-25.0,-15.43
JP,6976.T,2025,5,42.0,-142.2,13.5,-27.3,7.22
JP,6976.T,2026,10,35.7,-57.5,20.36,-27.7,91.73
JP,6976.T,2026,3,39.8,-44.7,18.03,-27.2,276.64
JP,6981.T,2021,42,44.5,-76.9,10.07,-23.0,-3.52
JP,6981.T,2021,68,43.6,-101.2,10.27,-19.0,-15.01
JP,6981.T,2023,76,53.4,-17.0,10.26,-5.8,-4.28
JP,6981.T,2024,75,40.5,-44.0,10.67,-8.6,-5.87
JP,6988.T,2021,39,44.4,-30.1,10.62,-19.0,0.93
JP,7011.T,2023,6,41.5,-55.6,10.83,-14.8,18.11
JP,7011.T,2024,14,54.0,-9.3,12.94,-4.5,23.24
JP,7011.T,2025,46,42.6,-75.5,13.4,-15.2,3.58
JP,7011.T,2026,2,36.6,-72.3,11.56,-18.5,-11.71
JP,7012.T,2018,27,42.2,-140.6,10.76,-24.5,-9.16
JP,7012.T,2021,12,43.4,-68.8,10.14,-19.8,-16.97
JP,7012.T,2025,38,27.2,-135.4,12.39,-19.6,20.05
JP,7012.T,2025,10,39.6,-64.6,10.91,-21.8,48.62
JP,7012.T,2026,8,39.0,-67.6,13.32,-20.7,-11.82
JP,7013.T,2021,61,45.4,-61.3,14.25,-16.8,-13.02
JP,7013.T,2023,6,37.5,-6.5,13.36,-22.1,-2.16
JP,7013.T,2025,26,41.1,-24.2,14.48,-10.8,11.01
JP,7013.T,2025,39,46.5,-51.0,11.72,-13.4,9.22
JP,7182.T,2021,47,32.0,-74.0,10.8,-18.2,9.9
JP,7182.T,2025,31,46.3,-53.1,11.4,-9.8,43.43
JP,7182.T,2026,8,43.4,-94.3,11.22,-18.0,19.98
JP,7201.T,2021,90,36.9,-77.1,14.64,-16.1,-6.84
JP,7201.T,2021,76,49.9,-31.2,12.15,-11.4,-0.46
JP,7201.T,2022,45,43.6,-30.1,10.05,-21.9,-15.09
JP,7201.T,2023,89,57.4,-26.1,10.94,-10.5,21.52
JP,7201.T,2023,9,34.0,-99.5,12.0,-19.5,-16.21
JP,7201.T,2023,40,43.8,-57.3,10.81,-21.4,-4.14
JP,7201.T,2026,16,34.9,-181.7,11.05,-28.2,-8.02
JP,7202.T,2018,67,19.8,-88.5,12.2,-25.8,-0.3
JP,7202.T,2020,35,45.9,-10.3,12.86,-26.7,3.67
JP,7202.T,2021,14,44.3,-27.6,17.72,-7.8,17.13
JP,7202.T,2021,41,46.6,-69.3,12.65,-12.0,3.29
JP,7202.T,2022,24,40.5,-28.7,11.28,-12.0,15.9
JP,7202.T,2023,13,30.8,-83.7,12.32,-16.1,10.87
JP,7202.T,2023,20,47.0,-29.8,10.41,-8.3,-0.16
JP,7202.T,2024,62,50.4,-38.5,11.0,-5.5,-1.53
JP,7202.T,2024,74,41.8,-40.4,10.23,-12.6,-5.17
JP,7202.T,2025,44,40.1,-10.4,20.99,-10.6,18.48
JP,7203.T,2021,10,32.5,-26.0,10.1,-8.9,11.2
JP,7203.T,2021,76,49.1,-40.8,10.85,-6.2,8.54
JP,7203.T,2023,15,46.7,-9.8,10.42,-9.1,15.86
JP,7203.T,2023,18,44.2,-75.0,10.19,-10.4,28.28
JP,7203.T,2025,23,40.4,-67.7,14.5,-24.0,7.31
JP,7211.T,2018,41,47.6,-69.1,12.75,-17.6,5.82
JP,7211.T,2020,15,39.5,-96.3,10.64,-62.2,47.65
JP,7211.T,2021,35,45.3,-53.2,11.15,-14.9,-12.95
JP,7211.T,2021,34,44.7,-87.5,15.3,-17.1,9.49
JP,7211.T,2022,4,44.5,-128.5,23.2,-20.3,-17.98
JP,7211.T,2024,40,41.9,-104.2,12.86,-34.1,-9.75
JP,7211.T,2024,62,51.0,-56.0,12.5,-37.2,-19.19
JP,7211.T,2026,45,26.0,-212.6,12.96,-31.9,6.44
JP,7259.T,2020,64,40.0,-49.0,10.5,-25.5,28.58
JP,7259.T,2022,21,34.7,-15.5,10.04,-17.0,-8.58
JP,7259.T,2023,20,42.2,-100.1,10.38,-15.3,14.36
JP,7259.T,2024,72,46.1,-7.9,10.34,-22.9,7.12
JP,7259.T,2026,30,31.4,-199.6,14.78,-28.7,-7.23
JP,7261.T,2021,28,42.4,-52.0,14.66,-12.4,0.06
JP,7261.T,2021,48,45.2,-89.8,10.89,-14.0,-3.46
JP,7261.T,2022,21,48.7,-109.7,10.17,-19.2,5.93
JP,7261.T,2023,8,31.8,-103.5,16.78,-22.0,2.71
JP,7261.T,2023,13,46.0,-47.9,12.47,-16.6,5.93
JP,7261.T,2025,23,51.2,-18.5,14.34,-42.2,11.68
JP,7261.T,2026,59,35.5,-151.8,10.54,-23.1,-0.28
JP,7267.T,2021,12,39.5,-48.6,13.22,-10.9,10.8
JP,7267.T,2025,23,45.9,-16.6,18.32,-18.6,-5.2
JP,7267.T,2026,45,30.3,-170.1,13.72,-23.7,8.2
JP,7269.T,2019,18,36.2,-53.3,10.07,-21.9,-12.37
JP,7269.T,2020,13,32.9,-84.3,11.17,-16.0,-12.33
JP,7269.T,2021,33,35.2,-37.8,10.44,-19.2,-0.77
JP,7269.T,2021,21,25.7,-114.0,11.96,-26.3,1.22
JP,7269.T,2021,13,41.2,-49.9,10.72,-21.3,5.19
JP,7269.T,2023,62,52.5,-13.2,10.94,-10.4,15.0
JP,7269.T,2023,9,46.9,-11.5,11.1,-7.4,0.25
JP,7269.T,2024,73,49.3,-24.1,13.34,-17.5,3.51
JP,7269.T,2025,49,52.6,-17.2,12.79,-9.9,18.56
JP,7269.T,2026,11,31.2,-89.9,13.27,-14.1,-17.45
JP,7270.T,2021,35,38.8,-28.9,10.06,-21.6,-7.11
JP,7270.T,2021,80,49.3,-46.7,11.01,-6.6,-1.99
JP,7270.T,2022,40,45.9,-10.4,11.09,-10.9,-12.32
JP,7270.T,2023,52,54.0,-29.3,10.95,-17.5,12.57
JP,7270.T,2023,72,32.7,-83.3,12.17,-15.9,25.15
JP,7270.T,2024,28,46.7,-58.8,10.17,-29.9,-1.24
JP,7270.T,2025,23,47.3,-39.5,16.82,-27.2,9.32
JP,7272.T,2021,41,39.0,-132.6,10.5,-17.5,2.39
JP,7272.T,2024,61,40.7,-0.1,10.19,-8.9,-2.45
JP,7272.T,2024,69,46.1,-104.0,11.09,-21.2,-14.72
JP,7272.T,2026,45,47.7,-49.0,17.77,-12.0,0.22
JP,7309.T,2018,39,45.9,-49.9,10.11,-19.7,13.77
JP,7309.T,2021,32,38.1,-1.4,11.47,-10.4,6.48
JP,7309.T,2021,63,37.7,-1.3,10.4,-7.5,11.19
JP,7309.T,2023,35,37.4,-45.1,11.12,-25.0,0.18
JP,7309.T,2023,38,38.8,-24.6,10.42,-18.5,-10.38
JP,7309.T,2024,47,40.9,-25.1,10.91,-6.8,-22.96
JP,7309.T,2025,68,54.9,-64.6,10.27,-26.5,-2.12
JP,7453.T,2018,13,45.1,-8.9,11.08,-6.2,-14.06
JP,7453.T,2020,7,54.4,-49.8,10.45,-18.7,9.48
JP,7453.T,2021,35,57.0,-0.1,10.51,-21.0,-20.18
JP,7453.T,2022,62,52.1,-3.2,11.62,-48.5,-4.02
JP,7453.T,2023,40,38.0,-7.3,22.17,-12.2,8.19
JP,7453.T,2024,65,47.1,-6.7,10.2,-8.4,7.21
JP,7453.T,2024,13,47.0,-92.4,11.46,-12.5,42.32
JP,7453.T,2025,16,34.6,-71.7,16.25,-24.8,24.79
JP,7453.T,2026,10,42.8,-7.4,12.48,-11.5,17.06
JP,7532.T,2019,68,47.2,-11.3,12.66,-10.3,28.36
JP,7532.T,2020,6,41.8,-36.5,17.94,-8.5,16.64
JP,7532.T,2020,44,49.4,-31.6,10.47,-8.4,-10.95
JP,7532.T,2021,30,34.0,-94.4,10.54,-22.3,-25.87
JP,7532.T,2023,36,34.3,-35.9,10.62,-12.2,16.44
JP,7532.T,2023,13,47.6,-63.2,10.82,-8.9,6.07
JP,7532.T,2024,14,42.7,-30.5,13.97,-6.6,4.35
JP,7532.T,2026,25,46.7,-19.3,11.75,-16.8,-7.81
JP,7701.T,2018,37,54.3,-15.6,10.31,-6.1,13.23
JP,7701.T,2021,54,36.7,-13.5,10.98,-13.1,23.01
JP,7701.T,2023,8,30.0,-125.8,10.52,-22.7,-6.02
JP,7701.T,2024,74,36.4,-20.6,10.74,-10.5,-1.81
JP,7731.T,2018,63,29.7,-53.6,11.27,-24.4,9.17
JP,7731.T,2021,7,37.9,-135.4,12.83,-17.7,5.8
JP,7731.T,2023,41,47.6,-17.6,10.39,-26.6,12.81
JP,7731.T,2024,39,46.3,-33.7,10.64,-10.3,1.31
JP,7731.T,2025,89,54.2,-18.3,19.71,-25.6,7.5
JP,7731.T,2026,42,44.4,-1.4,14.38,-4.7,3.87
JP,7733.T,2018,5,44.6,-47.7,10.1,-15.7,12.67
JP,7733.T,2021,17,31.2,-102.6,22.47,-20.2,-1.14
JP,7733.T,2021,69,38.9,-13.1,10.19,-9.3,8.54
JP,7733.T,2023,49,36.5,-55.9,10.52,-27.8,-14.47
JP,7733.T,2023,16,37.3,-103.4,10.3,-32.9,-16.0
JP,7733.T,2023,78,45.1,-160.0,11.06,-37.5,-3.04
JP,7733.T,2023,21,42.6,-34.2,10.51,-18.9,-2.77
JP,7733.T,2025,86,37.5,-78.2,10.23,-39.2,5.05
JP,7733.T,2026,75,32.1,-265.4,23.23,-27.8,-6.5
JP,7735.T,2018,11,45.1,-84.8,10.1,-18.0,-8.42
JP,7735.T,2020,4,23.2,-73.7,5.78,-27.9,5.79
JP,7735.T,2021,46,46.5,-99.8,10.05,-12.8,18.39
JP,7735.T,2023,2,42.8,-3.3,15.58,-15.9,100.39
JP,7735.T,2025,26,50.1,-60.9,16.06,-14.6,26.4
JP,7735.T,2026,8,39.0,-90.3,12.14,-23.8,84.56
JP,7741.T,2018,19,41.9,-20.6,10.57,-17.6,13.66
JP,7741.T,2021,18,36.5,-2.3,11.5,-13.9,25.17
JP,7741.T,2021,19,43.9,-31.7,10.34,-13.5,-13.34
JP,7741.T,2023,34,46.5,-21.7,10.09,-12.3,13.96
JP,7741.T,2023,15,37.5,-74.5,12.49,-21.5,11.18
JP,7751.T,2021,48,36.0,-6.8,11.14,-11.9,6.11
JP,7751.T,2023,33,47.2,-10.6,12.71,-4.4,6.65
JP,7751.T,2024,90,44.3,-31.5,13.54,-6.9,15.29
JP,7752.T,2020,16,43.3,-37.8,13.44,-45.7,53.03
JP,7752.T,2023,28,50.4,-44.6,13.12,-14.1,9.77
JP,7752.T,2023,14,47.1,-46.0,10.9,-6.9,-12.79
JP,7752.T,2026,49,41.4,-52.8,11.76,-18.3,6.25
JP,7832.T,2021,33,31.5,-82.0,10.86,-25.9,22.31
JP,7832.T,2024,71,44.4,-31.1,10.48,-16.9,7.44
JP,7832.T,2025,26,43.8,-47.5,10.05,-11.4,-10.46
JP,7936.T,2018,12,48.2,-57.7,12.29,-19.5,-6.35
JP,7936.T,2021,48,46.7,-73.5,10.32,-14.5,33.09
JP,7936.T,2021,14,40.7,-62.8,10.84,-14.4,7.15
JP,7936.T,2022,14,44.6,-89.7,26.4,-24.0,4.35
JP,7936.T,2023,17,44.5,-100.5,13.13,-16.6,15.13
JP,7936.T,2023,46,38.3,-115.3,24.04,-21.4,49.79
JP,7936.T,2024,13,49.7,-6.4,29.44,-7.4,11.72
JP,7936.T,2024,25,46.7,-46.3,11.31,-12.2,14.65
JP,7936.T,2026,14,37.3,-5.6,18.33,-12.1,8.63
JP,7936.T,2026,16,41.2,-26.1,14.46,-14.2,4.55
JP,7951.T,2021,63,40.2,-40.4,12.6,-9.3,-7.06
JP,7951.T,2025,75,42.7,-40.0,10.42,-23.6,6.87
JP,7951.T,2026,9,45.8,-38.4,10.2,-8.8,-0.04
JP,7974.T,2019,5,44.6,-73.2,10.64,-9.2,-3.21
JP,7974.T,2021,18,36.8,-5.2,12.81,-10.4,-0.01
JP,7974.T,2022,69,40.7,-22.5,10.39,-13.1,-15.34
JP,7974.T,2023,49,32.8,-50.7,11.15,-21.0,12.94
JP,7974.T,2023,70,52.5,-25.4,15.59,-4.9,21.66
JP,7974.T,2024,16,48.1,-73.2,11.4,-12.4,-1.08
JP,7974.T,2024,58,45.4,-25.7,11.67,-15.7,30.91
JP,7974.T,2025,37,41.6,-48.5,10.15,-12.3,-44.1
JP,7974.T,2026,12,45.6,-166.6,10.42,-38.4,-21.48
JP,8001.T,2023,45,45.0,-4.2,13.34,-7.6,18.48
JP,8001.T,2023,76,46.1,-25.1,11.72,-6.9,5.91
JP,8002.T,2023,17,45.0,-34.9,10.39,-14.0,10.43
JP,8002.T,2025,47,55.7,-0.9,11.67,-24.7,15.21
JP,8015.T,2021,69,41.8,-103.1,10.09,-11.1,0.49
JP,8015.T,2023,6,38.4,-83.6,13.33,-12.7,0.95
JP,8015.T,2026,9,43.0,-52.6,11.01,-15.3,-5.3
JP,8031.T,2018,53,48.6,-41.8,10.1,-8.3,-0.07
JP,8031.T,2022,26,47.3,-48.9,10.17,-16.7,26.05
JP,8031.T,2023,34,45.8,-4.4,10.47,-6.2,16.11
JP,8031.T,2024,38,48.6,-111.9,11.94,-25.3,-7.66
JP,8035.T,2021,38,41.3,-62.2,11.71,-11.3,31.2
JP,8035.T,2023,19,50.3,-22.4,12.42,-20.2,16.15
JP,8035.T,2023,45,48.1,-28.0,10.45,-6.9,53.9
JP,8035.T,2024,68,44.1,-43.3,15.81,-40.3,-19.45
JP,8035.T,2025,18,33.1,-224.8,11.37,-26.2,34.76
JP,8035.T,2026,8,39.9,-73.6,13.91,-18.7,75.5
JP,8053.T,2018,32,54.5,-31.3,10.33,-9.7,-1.37
JP,8053.T,2023,71,58.3,-15.4,11.14,-5.0,4.19
JP,8053.T,2026,31,48.2,-65.6,18.34,-13.1,-5.95
JP,8058.T,2022,19,45.1,-55.7,10.18,-18.1,3.83
JP,8058.T,2023,78,46.4,-33.7,10.04,-8.2,36.93
JP,8058.T,2025,46,45.6,-30.3,10.12,-30.4,7.56
JP,8058.T,2025,14,45.4,-35.3,10.96,-6.6,27.98
JP,8058.T,2026,12,46.9,-81.7,10.22,-12.6,-10.73
JP,8113.T,2021,60,47.3,-82.0,10.63,-12.9,-11.14
JP,8113.T,2022,11,42.8,-46.5,11.1,-10.4,3.09
JP,8113.T,2023,57,52.0,-25.7,11.29,-6.4,-6.44
JP,8113.T,2023,70,48.5,-24.0,10.39,-4.9,-15.11
JP,8113.T,2025,81,36.5,-50.3,11.28,-30.8,-28.31
JP,8113.T,2025,70,38.5,-60.5,10.29,-31.7,-2.51
JP,8267.T,2018,75,39.5,-6.6,10.43,-4.2,14.02
JP,8306.T,2021,35,46.9,-25.9,10.1,-10.5,-3.02
JP,8306.T,2021,86,44.7,-22.2,11.36,-7.1,2.89
JP,8306.T,2023,48,45.0,-128.4,11.53,-13.4,15.82
JP,8306.T,2023,26,45.8,-44.5,14.24,-7.5,14.34
JP,8306.T,2024,68,47.8,-77.4,14.2,-16.4,10.77
JP,8306.T,2026,8,44.7,-63.1,10.96,-14.1,23.48
JP,8308.T,2020,40,44.0,-38.2,12.46,-22.5,22.57
JP,8308.T,2021,45,35.8,-70.3,10.34,-15.3,7.5
JP,8308.T,2021,69,39.0,-8.8,10.05,-9.8,18.98
JP,8308.T,2024,73,44.4,-42.9,11.75,-12.0,5.11
JP,8308.T,2025,14,40.8,-18.4,12.73,-8.2,17.02
JP,8308.T,2026,8,45.0,-52.2,11.61,-20.0,25.0
JP,8309.T,2018,56,40.1,-54.5,10.55,-9.8,1.19
JP,8309.T,2023,40,43.7,-72.8,10.5,-13.3,4.15
JP,8309.T,2023,26,50.0,-28.2,10.05,-8.8,11.76
JP,8309.T,2026,15,45.8,-51.5,10.93,-13.3,21.43
JP,8316.T,2021,59,40.0,-49.4,11.39,-12.9,5.81
JP,8316.T,2021,68,38.4,-18.6,10.05,-10.1,0.84
JP,8316.T,2023,75,46.8,-98.7,10.97,-13.1,23.09
JP,8316.T,2023,26,45.1,-66.9,12.01,-10.2,16.63
JP,8316.T,2024,68,45.2,-61.6,11.28,-15.1,6.23
JP,8316.T,2026,8,41.9,-91.4,12.29,-18.1,24.74
JP,8411.T,2020,14,42.8,-37.7,10.1,-19.2,8.08
JP,8411.T,2021,19,45.7,-35.4,10.75,-8.3,-4.05
JP,8411.T,2023,47,44.7,-105.4,10.86,-13.6,7.83
JP,8411.T,2023,26,47.8,-52.3,11.63,-9.3,14.11
JP,8411.T,2024,67,46.9,-60.2,10.32,-15.6,28.05
JP,8411.T,2026,8,44.2,-94.1,14.11,-21.7,23.11
JP,8473.T,2018,44,52.0,-27.3,12.99,-11.8,3.74
JP,8473.T,2019,63,45.3,-30.2,13.42,-16.9,4.14
JP,8473.T,2020,8,32.3,-80.1,11.07,-18.4,13.63
JP,8473.T,2025,9,49.2,-1.9,19.72,-7.5,-5.18
JP,8591.T,2021,28,41.8,-51.3,11.01,-9.6,7.65
JP,8591.T,2023,48,45.9,-81.7,11.72,-10.0,5.67
JP,8591.T,2026,16,41.3,-85.0,10.03,-16.9,30.39
JP,8601.T,2021,72,43.2,-16.6,12.83,-5.8,4.1
JP,8601.T,2023,70,54.3,-18.5,11.84,-11.3,19.8
JP,8601.T,2026,78,46.8,-20.6,10.1,-10.8,13.05
JP,8604.T,2023,50,46.4,-39.5,11.3,-9.9,45.64
JP,8604.T,2024,78,46.5,-14.5,10.67,-7.6,-8.2
JP,8604.T,2024,70,50.6,-51.4,10.19,-14.8,14.99
JP,8604.T,2026,8,43.4,-95.1,10.84,-17.7,19.14
JP,8630.T,2018,57,43.1,-76.0,11.15,-13.1,3.38
JP,8630.T,2021,81,40.5,-12.4,10.53,-7.5,11.77
JP,8630.T,2021,27,39.4,-37.7,11.32,-7.7,13.48
JP,8630.T,2024,50,48.2,-4.0,11.34,-8.9,20.6
JP,8630.T,2025,80,46.5,-46.6,10.21,-8.5,-3.91
JP,8630.T,2025,63,47.6,-7.5,11.04,-3.8,12.4
JP,8630.T,2026,19,45.6,-20.6,11.01,-7.4,7.1
JP,8697.T,2018,54,42.4,-78.0,10.05,-13.1,6.95
JP,8697.T,2021,13,35.4,-90.5,10.75,-23.4,5.64
JP,8697.T,2023,57,60.5,-18.2,11.51,-5.1,8.79
JP,8697.T,2024,27,44.2,-66.1,12.83,-20.0,-2.45
JP,8697.T,2025,46,30.3,-58.2,14.76,-24.9,5.24
JP,8697.T,2025,48,44.1,-37.0,10.5,-8.6,14.73
JP,8697.T,2026,55,44.7,-9.5,10.74,-14.3,10.79
JP,8725.T,2018,51,31.2,-119.8,10.22,-15.2,-0.71
JP,8725.T,2021,48,34.9,-10.9,12.42,-16.8,3.05
JP,8725.T,2021,35,40.1,-23.4,10.02,-7.9,11.11
JP,8725.T,2021,43,43.2,-32.0,10.1,-7.1,8.12
JP,8725.T,2023,39,46.9,-51.8,11.18,-9.1,9.82
JP,8725.T,2024,69,51.4,-35.3,11.83,-14.9,-11.36
JP,8725.T,2025,56,44.3,-49.8,10.31,-15.5,-6.72
JP,8725.T,2025,46,46.5,-36.9,11.42,-14.3,-5.29
JP,8725.T,2025,73,49.8,-10.5,10.76,-5.4,7.89
JP,8725.T,2026,49,50.8,-6.6,11.68,-6.0,6.53
JP,8750.T,2018,79,39.3,-94.1,11.01,-13.9,-4.05
JP,8750.T,2020,8,41.6,-71.1,11.37,-13.2,16.74
JP,8750.T,2021,64,41.5,-64.2,10.4,-12.2,9.76
JP,8750.T,2023,82,44.7,-185.6,10.16,-18.7,11.97
JP,8750.T,2023,11,53.1,-27.8,11.01,-9.5,7.42
JP,8750.T,2023,49,46.2,-54.2,13.07,-8.4,17.95
JP,8750.T,2024,28,55.5,-21.1,11.87,-5.6,5.73
JP,8750.T,2024,38,45.6,-105.8,15.89,-21.5,1.1
JP,8750.T,2025,76,45.0,-29.6,11.02,-6.6,7.58
JP,8750.T,2026,45,50.5,-32.4,13.86,-9.9,16.22
JP,8766.T,2018,79,44.9,-50.8,12.4,-9.5,4.33
JP,8766.T,2021,69,45.5,-34.0,10.88,-8.7,14.26
JP,8766.T,2023,50,54.6,-15.7,10.0,-4.1,4.85
JP,8766.T,2023,20,47.9,-20.2,10.59,-7.0,13.92
JP,8766.T,2023,33,48.6,-25.9,11.36,-6.7,30.78
JP,8766.T,2024,70,51.3,-44.1,10.09,-16.5,-15.04
JP,8766.T,2025,45,37.7,-78.2,10.64,-20.6,6.82
JP,8795.T,2018,79,36.5,-100.4,10.88,-13.9,-8.6
JP,8795.T,2021,18,45.4,-69.6,12.85,-10.5,-4.0
JP,8795.T,2021,79,47.3,-4.3,10.38,-6.9,0.0
JP,8795.T,2021,70,40.6,-2.5,10.6,-8.4,7.06
JP,8795.T,2023,46,42.2,-246.0,14.81,-22.9,17.43
JP,8795.T,2023,48,29.8,-136.0,10.47,-19.7,5.22
JP,8795.T,2024,90,47.4,-104.2,17.19,-19.7,11.44
JP,8795.T,2025,23,45.5,-1.9,12.65,-8.1,-7.52
JP,8795.T,2026,66,56.3,-9.5,10.97,-4.5,13.05
JP,8801.T,2018,58,41.8,-61.5,10.01,-13.0,1.02
JP,8801.T,2019,36,40.3,-15.2,10.68,-5.8,-16.73
JP,8801.T,2021,28,42.8,-53.4,10.36,-10.5,-1.45
JP,8801.T,2025,70,49.6,-15.9,12.16,-10.3,10.77
JP,8802.T,2018,75,39.3,-85.5,14.25,-17.2,-7.28
JP,8802.T,2019,59,41.3,-33.8,12.76,-5.8,-2.78
JP,8802.T,2020,40,43.1,-69.1,10.44,-25.4,2.54
JP,8802.T,2023,17,46.7,-8.4,10.99,-5.6,34.79
JP,8802.T,2026,8,40.6,-65.2,10.44,-18.2,-8.91
JP,8830.T,2018,58,45.0,-35.2,11.88,-10.5,-0.77
JP,8830.T,2020,40,40.8,-49.8,13.2,-23.9,1.49
JP,8830.T,2021,40,44.2,-56.8,13.49,-10.2,-3.51
JP,8830.T,2021,40,31.8,-88.9,11.43,-14.9,-6.59
JP,8830.T,2022,85,42.2,-33.8,10.63,-18.0,-14.86
JP,8830.T,2023,42,47.4,-66.5,13.08,-20.3,10.82
JP,8830.T,2023,7,58.2,-3.3,10.91,-2.6,8.46
JP,8830.T,2023,13,49.9,-35.2,10.15,-8.6,10.1
JP,8830.T,2024,88,42.8,-40.1,11.57,-22.0,5.87
JP,8830.T,2026,8,39.5,-74.3,12.82,-17.3,-20.56
JP,9020.T,2021,34,47.0,-67.0,12.6,-13.9,-17.29
JP,9020.T,2024,87,45.9,-48.8,10.34,-9.0,3.16
JP,9020.T,2025,63,41.6,-22.2,10.36,-7.1,13.8
JP,9021.T,2018,62,28.9,-105.1,12.14,-13.6,-0.71
JP,9021.T,2022,33,54.0,-10.6,11.49,-20.6,6.42
JP,9021.T,2023,83,43.0,-28.8,10.92,-9.8,-6.88
JP,9021.T,2023,36,51.5,-34.0,10.2,-7.5,-3.64
JP,9022.T,2018,58,44.1,-37.9,10.51,-6.7,9.26
JP,9022.T,2021,34,48.7,-70.3,10.04,-15.2,-9.67
JP,9022.T,2021,61,37.1,-69.2,11.3,-13.1,-5.88
JP,9022.T,2023,77,45.8,-83.0,10.25,-12.5,-3.56
JP,9022.T,2025,25,24.9,-39.8,11.44,-13.4,3.43
JP,9022.T,2026,20,50.7,-21.1,11.56,-4.8,-20.1
JP,9023.T,2024,45,45.4,-65.3,11.82,,5.62
JP,9064.T,2019,24,28.0,-87.0,14.36,-53.0,-5.41
JP,9064.T,2020,7,43.3,-47.9,10.99,-41.0,16.76
JP,9064.T,2020,71,47.8,-22.8,11.0,-8.1,7.0
JP,9064.T,2023,68,36.0,-62.5,11.15,-10.8,-22.62
JP,9064.T,2025,31,42.6,-37.4,13.73,-7.3,0.19
JP,9101.T,2023,12,44.9,-21.6,10.07,-10.5,-5.58
JP,9101.T,2023,34,39.0,-81.2,10.51,-14.6,20.7
JP,9101.T,2023,34,39.1,-51.2,10.2,-14.8,8.99
JP,9101.T,2024,62,47.8,-32.1,10.47,-9.9,-1.1
JP,9104.T,2021,19,39.1,-54.4,12.01,-13.9,52.3
JP,9104.T,2021,39,51.8,-157.5,13.83,-24.8,43.88
JP,9104.T,2023,24,45.7,-8.1,12.95,-7.1,-5.57
JP,9104.T,2023,27,44.6,-53.1,10.55,-10.9,23.06
JP,9104.T,2023,48,39.5,-37.3,13.13,-13.5,0.91
JP,9104.T,2024,46,39.3,-85.3,10.85,-12.3,2.12
JP,9104.T,2024,6,45.9,-42.7,10.0,-8.4,1.74
JP,9107.T,2021,24,39.0,-40.2,12.78,-21.1,39.5
JP,9107.T,2021,4,57.7,-2.5,11.69,-6.9,24.29
JP,9107.T,2024,42,37.2,-111.7,13.63,-20.0,-4.25
JP,9107.T,2025,13,40.5,-84.1,10.14,-27.2,2.37
JP,9107.T,2025,46,47.2,-21.1,10.57,-22.8,-5.2
JP,9147.T,2024,49,43.0,-33.8,13.33,-15.7,-1.45
JP,9147.T,2026,28,42.7,-32.5,18.57,-7.9,33.61
JP,9201.T,2021,33,50.3,-88.2,12.02,-15.4,-8.17
JP,9201.T,2021,56,38.3,-83.4,11.83,-16.8,-7.12
JP,9201.T,2022,33,53.8,-15.8,11.24,-13.6,6.74
JP,9201.T,2026,76,39.5,-122.7,10.31,-19.2,-0.91
JP,9202.T,2020,50,47.1,-112.9,10.63,-38.5,1.3
JP,9202.T,2021,34,53.4,-48.1,10.0,-12.4,-3.93
JP,9202.T,2021,59,42.6,-52.4,12.17,-11.7,-9.38
JP,9202.T,2022,46,52.4,-14.6,11.52,-15.7,6.24
JP,9202.T,2023,73,40.5,-20.3,10.11,-8.3,10.22
JP,9432.T,2021,35,37.3,-20.3,10.87,-5.6,7.2
JP,9432.T,2023,50,47.0,-23.0,11.11,-7.5,-0.19
JP,9433.T,2021,18,38.5,-28.2,11.46,-7.1,-6.23
JP,9433.T,2021,76,42.9,-42.1,10.97,-7.6,-2.47
JP,9433.T,2023,45,34.6,-34.6,10.68,-7.9,1.91
JP,9433.T,2023,76,50.8,-4.0,11.19,-3.9,-12.57
JP,9433.T,2024,52,49.3,-25.7,10.06,-14.8,9.26
JP,9433.T,2025,41,33.4,-50.7,11.57,-10.3,-3.65
JP,9434.T,2023,85,37.0,-16.2,10.47,-3.7,11.2
JP,9434.T,2023,20,52.7,-13.5,10.46,-3.3,-3.14
JP,9434.T,2025,18,50.9,-13.4,12.9,-2.9,-5.01
JP,9501.T,2018,50,44.1,-82.3,10.92,-14.2,17.92
JP,9501.T,2020,39,38.5,-18.2,10.66,-44.8,16.1
JP,9501.T,2021,33,39.2,-141.7,11.46,-25.9,-19.26
JP,9501.T,2021,41,26.1,-87.3,10.27,-33.0,-1.19
JP,9501.T,2023,37,49.5,-17.4,20.09,-11.7,2.24
JP,9501.T,2025,18,43.8,-56.1,11.25,-60.7,52.72
JP,9501.T,2025,9,49.9,-31.5,14.74,-9.9,-15.82
JP,9501.T,2025,7,44.0,-153.8,15.62,-29.6,-13.57
JP,9501.T,2026,13,35.4,-122.3,14.8,-37.8,-10.54
JP,9502.T,2018,56,39.4,-10.7,11.24,-10.5,11.71
JP,9502.T,2020,69,50.9,-22.0,12.47,-18.8,1.11
JP,9502.T,2022,53,33.5,-95.6,10.73,-13.5,2.5
JP,9502.T,2023,41,47.1,-62.2,13.31,-12.4,-5.09
JP,9502.T,2026,11,48.6,-43.5,13.67,-8.1,15.91
JP,9503.T,2018,62,35.6,-18.0,10.1,-16.6,12.78
JP,9503.T,2020,43,34.5,-21.6,10.65,-23.5,3.93
JP,9503.T,2021,45,38.2,-20.3,10.04,-15.8,2.61
JP,9503.T,2022,53,39.9,-95.5,11.54,-18.0,-0.95
JP,9503.T,2024,15,47.2,-4.3,10.73,-17.5,31.07
JP,9503.T,2024,8,45.1,-23.0,11.65,-17.0,-34.02
JP,9503.T,2025,54,45.5,-34.8,11.24,-41.6,22.55
JP,9503.T,2025,44,47.2,-9.0,11.75,-8.0,-8.22
JP,9531.T,2020,59,24.1,-79.5,11.19,-20.9,-8.91
JP,9531.T,2021,56,42.5,-9.0,11.09,-14.0,-10.01
JP,9531.T,2021,76,50.6,-89.5,10.11,-22.8,8.85
JP,9531.T,2023,28,46.7,-41.7,11.82,-11.8,15.52
JP,9531.T,2024,23,39.6,-51.6,10.27,-18.6,24.13
JP,9531.T,2024,31,44.0,-25.9,12.95,-16.9,17.59
JP,9531.T,2025,41,37.6,-32.5,10.56,-9.2,27.54
JP,9532.T,2018,56,43.0,-29.8,10.49,-8.0,1.78
JP,9532.T,2021,46,35.2,-46.4,10.55,-13.0,3.99
JP,9532.T,2025,21,29.9,-70.5,11.78,-14.5,8.64
JP,9684.T,2021,79,44.5,-63.4,10.09,-19.2,4.07
JP,9684.T,2021,26,35.8,-31.1,10.25,-16.2,-7.11
JP,9684.T,2023,16,34.1,-4.0,10.78,-10.7,-27.72
JP,9684.T,2024,83,34.2,-209.7,11.02,-37.1,18.55
JP,9684.T,2026,49,46.5,-35.5,11.08,-33.0,-11.24
JP,9697.T,2018,9,36.8,-92.1,12.13,-16.8,31.02
JP,9697.T,2019,42,34.0,-20.7,13.32,-11.6,37.73
JP,9697.T,2021,25,41.0,-22.4,10.34,-11.1,-3.62
JP,9697.T,2023,11,39.2,-91.1,10.1,-29.8,4.94
JP,9697.T,2024,31,43.3,-117.1,10.62,-18.6,14.07
JP,9697.T,2024,13,39.3,-15.8,12.34,-11.4,13.24
JP,9697.T,2025,18,28.5,-73.6,10.58,-21.4,-9.69
JP,9735.T,2018,85,46.8,-0.5,12.13,-8.3,7.17
JP,9735.T,2023,73,57.2,-22.0,10.43,-3.1,5.64
JP,9735.T,2023,17,46.2,-28.0,10.04,-5.9,-1.62
JP,9735.T,2025,37,39.3,-16.5,10.69,-6.5,-6.45
JP,9735.T,2025,75,43.3,-52.4,10.32,-9.9,7.59
JP,9735.T,2026,19,35.8,-38.1,10.99,-6.6,4.2
JP,9766.T,2018,21,39.0,-55.1,11.55,-21.5,-19.44
JP,9766.T,2018,40,51.3,-84.3,10.34,-30.7,-1.53
JP,9766.T,2021,69,42.3,-62.8,11.68,-11.4,-0.36
JP,9766.T,2021,24,37.9,-102.6,10.76,-18.8,-8.95
JP,9766.T,2024,14,48.7,-67.5,12.94,-9.2,17.35
JP,9766.T,2025,3,51.0,-43.4,14.14,-8.1,25.35
JP,9766.T,2025,1,50.3,-28.6,10.04,-10.1,10.81
JP,9766.T,2025,31,42.7,-71.6,20.56,-16.3,-32.33
JP,9766.T,2026,20,45.7,-10.3,10.16,-24.3,-13.5
JP,9843.T,2022,72,40.8,-26.0,15.68,-40.6,5.62
JP,9843.T,2023,49,29.7,-67.5,12.16,-11.5,-4.79
JP,9843.T,2023,36,57.4,-30.7,11.15,-13.7,28.34
JP,9843.T,2024,69,29.3,-229.6,14.68,-27.7,-15.12
JP,9843.T,2025,26,41.8,-77.6,10.46,-38.2,3.79
JP,9843.T,2026,11,49.0,-29.3,10.66,-29.9,-11.06
JP,9962.T,2021,55,44.7,-28.8,10.42,-10.9,25.23
JP,9962.T,2024,61,51.8,-110.8,13.79,-35.8,7.79
JP,9962.T,2025,56,35.4,-99.8,10.55,-33.0,9.58
JP,9962.T,2025,14,49.5,-53.9,14.22,-20.3,7.57
JP,9962.T,2026,8,40.9,-79.6,12.45,-16.4,38.79
JP,9983.T,2018,43,42.1,-99.6,10.17,-16.0,8.23
JP,9983.T,2023,76,49.3,-45.8,10.22,-9.6,9.5
JP,9983.T,2023,14,43.2,-10.9,11.29,-7.0,5.52
JP,9983.T,2025,10,38.2,-35.6,14.34,-16.8,15.7
JP,9983.T,2026,10,40.2,-46.5,22.57,-10.7,7.75
JP,9984.T,2019,80,28.9,-106.1,10.92,-28.8,5.2
JP,9984.T,2021,7,29.1,-154.3,12.33,-41.7,-15.01
JP,9984.T,2021,11,43.9,-21.2,10.45,-41.7,-14.97
JP,9984.T,2024,23,42.5,-125.6,10.3,-14.3,2.03
JP,9984.T,2024,46,46.6,-116.0,12.95,-29.5,0.88
JP,9984.T,2025,7,36.9,-287.9,14.62,-38.4,-24.41
JP,9984.T,2026,14,43.1,-110.7,19.32,-47.9,42.25
KR,000100.KS,2021,54,34.5,-120.4,10.48,-21.7,-0.34
KR,000100.KS,2025,48,39.4,-72.6,30.2,-36.0,-2.0
KR,000100.KS,2025,77,46.3,-2.4,10.13,-30.4,-4.66
KR,000150.KS,2021,48,31.9,-105.0,10.61,-20.9,131.46
KR,000150.KS,2025,23,42.7,-117.9,15.24,-23.3,84.59
KR,000270.KS,2021,28,33.3,-42.4,10.0,-24.1,12.09
KR,000270.KS,2025,16,40.1,-30.3,10.53,-8.8,47.27
KR,000270.KS,2026,21,40.7,-33.8,10.19,-26.4,27.18
KR,000720.KS,2021,28,41.3,-20.9,10.68,-12.7,31.91
KR,000720.KS,2025,15,31.6,-133.4,13.05,-32.9,73.72
KR,000810.KS,2021,38,27.7,-59.9,11.9,-19.1,18.64
KR,000810.KS,2025,6,41.9,-14.8,11.78,-14.8,12.38
KR,000810.KS,2026,14,41.9,-104.5,11.12,-27.2,57.89
KR,000880.KS,2021,53,37.3,-25.5,10.56,-18.8,3.09
KR,000880.KS,2021,57,49.2,-9.9,10.24,-12.2,8.24
KR,000880.KS,2025,17,47.7,-122.8,10.98,-23.0,-1.49
KR,000880.KS,2025,42,38.7,-130.0,15.11,-27.0,47.13
KR,000880.KS,2026,8,40.7,-94.5,15.59,-22.3,6.31
KR,000990.KS,2021,4,40.3,-90.2,11.43,-27.6,18.44
KR,000990.KS,2026,3,40.2,-130.0,15.41,-29.8,54.19
KR,001040.KS,2021,73,39.8,-46.7,14.35,-20.4,8.45
KR,001040.KS,2025,20,45.7,-40.6,10.9,-17.3,19.91
KR,001040.KS,2025,16,45.3,-37.6,10.47,-16.7,21.98
KR,001040.KS,2026,16,45.7,-14.0,12.96,-17.2,-2.47
KR,001040.KS,2026,3,31.9,-217.8,13.17,-29.1,-9.76
KR,001450.KS,2021,78,52.2,-3.8,11.27,-8.8,7.78
KR,001450.KS,2025,27,43.9,-17.5,10.44,-11.4,13.58
KR,001450.KS,2026,11,48.6,-60.0,17.05,-10.5,36.12
KR,001450.KS,2026,45,46.3,-21.3,10.61,-22.3,41.8
KR,002790.KS,2025,83,39.3,-135.3,13.79,-19.8,8.86
KR,002790.KS,2025,35,43.9,-20.6,11.36,-20.8,4.42
KR,002790.KS,2026,27,48.0,-56.8,10.85,-20.0,12.51
KR,003490.KS,2021,49,39.6,-58.6,10.2,-13.3,7.51
KR,003490.KS,2023,19,37.9,-35.6,10.41,-22.6,10.92
KR,003550.KS,2021,48,40.7,-31.5,16.61,-18.7,-8.66
KR,003550.KS,2025,59,46.8,-78.3,13.0,-12.2,18.43
KR,003550.KS,2026,8,41.2,-78.7,10.87,-21.3,39.93
KR,003670.KS,2021,42,40.6,-65.5,11.38,-16.4,19.62
KR,003670.KS,2025,13,50.9,-149.4,10.64,-59.2,12.04
KR,003670.KS,2025,23,37.0,-60.7,16.04,-23.8,23.3
KR,003670.KS,2026,17,48.3,-75.4,15.23,-17.5,-3.25
KR,004020.KS,2021,10,46.0,-41.1,11.76,-14.5,19.23
KR,004020.KS,2023,61,32.3,-56.4,10.89,-19.4,8.93
KR,004020.KS,2025,10,42.1,-62.2,10.44,-14.6,-1.14
KR,004020.KS,2026,8,45.8,-8.4,12.48,-26.6,2.56
KR,004170.KS,2025,48,35.2,-50.5,11.35,-13.1,43.27
KR,004170.KS,2025,7,41.6,-20.4,10.54,-13.4,89.23
KR,004170.KS,2026,9,40.9,-36.6,15.31,-18.9,94.49
KR,005070.KS,2021,7,44.9,-63.5,11.35,-18.3,51.88
KR,005070.KS,2023,48,42.0,-59.6,11.61,-36.3,-3.71
KR,005070.KS,2025,6,40.9,-220.2,10.99,-81.6,25.34
KR,005070.KS,2025,14,36.5,-42.7,19.87,-70.7,3.8
KR,005070.KS,2025,10,49.6,-75.3,10.37,-27.7,-0.16
KR,005070.KS,2025,23,33.6,-105.7,10.62,-29.2,40.12
KR,005070.KS,2026,17,51.8,-18.9,10.66,-15.7,-0.21
KR,005290.KQ,2021,18,32.5,-24.2,10.03,-19.1,-2.04
KR,005290.KQ,2021,27,41.8,-64.0,11.73,-18.3,-14.42
KR,005290.KQ,2025,19,46.2,-24.9,10.95,-35.9,29.69
KR,005290.KQ,2025,12,44.2,-38.0,10.68,-11.3,18.47
KR,005290.KQ,2025,3,49.0,-181.9,11.07,-22.8,40.7
KR,005290.KQ,2026,10,42.0,-94.0,11.86,-21.0,25.33
KR,005380.KS,2021,65,37.7,-89.9,10.78,-18.5,2.56
KR,005380.KS,2025,16,45.2,-2.7,12.56,-11.6,83.82
KR,005380.KS,2026,8,38.8,-70.5,14.03,-33.9,19.48
KR,005490.KS,2021,12,35.5,-37.5,10.39,-16.6,50.87
KR,005490.KS,2023,22,43.4,-37.9,10.0,-15.0,68.01
KR,005490.KS,2025,32,50.1,-64.4,10.4,-35.6,12.65
KR,005490.KS,2025,56,38.9,-34.0,14.01,-24.1,21.76
KR,005490.KS,2026,9,43.5,-71.7,10.38,-19.5,15.26
KR,005830.KS,2021,25,24.9,-101.1,10.6,-25.5,32.71
KR,005830.KS,2023,79,39.5,-21.7,10.68,-13.3,11.06
KR,005830.KS,2025,10,34.0,-61.1,10.73,-12.9,27.82
KR,006260.KS,2023,16,40.9,-54.4,15.1,-15.4,20.99
KR,006260.KS,2025,81,46.0,-32.3,13.79,-17.9,22.48
KR,006260.KS,2025,31,40.3,-85.6,15.71,-19.6,46.38
KR,006360.KS,2021,17,37.8,-79.7,11.0,-18.3,10.75
KR,006360.KS,2026,11,47.0,-25.5,14.01,-22.3,70.06
KR,006400.KS,2025,52,47.0,-77.3,10.01,-60.7,65.98
KR,006400.KS,2025,14,36.2,-89.6,11.32,-20.1,68.41
KR,006800.KS,2021,41,38.3,-17.7,10.28,-11.0,-1.5
KR,006800.KS,2025,40,42.4,-14.8,15.24,-18.6,7.48
KR,006800.KS,2025,35,44.8,-74.4,12.81,-20.5,169.03
KR,007390.KQ,2021,45,31.3,-54.4,10.11,-29.9,60.16
KR,007390.KQ,2025,12,52.6,-60.4,12.5,-21.8,-10.61
KR,007390.KQ,2025,14,41.0,-319.6,15.68,-44.3,2.48
KR,007390.KQ,2025,62,41.1,-50.3,14.41,-41.3,-8.96
KR,007390.KQ,2026,13,39.2,-205.9,17.27,-54.2,55.11
KR,008770.KS,2021,67,45.5,-4.7,10.78,-8.0,12.06
KR,008770.KS,2023,71,36.2,-16.9,12.44,-11.6,-6.35
KR,008770.KS,2025,48,33.9,-42.1,11.94,-11.2,-2.22
KR,008770.KS,2026,9,48.9,-49.3,11.25,-22.0,28.61
KR,009150.KS,2021,35,44.9,-116.5,10.26,-21.4,11.7
KR,009420.KS,2021,46,22.6,-411.0,10.43,-46.7,1.13
KR,009420.KS,2021,72,46.4,-53.2,11.79,-46.7,3.56
KR,009420.KS,2025,48,44.4,-76.7,15.44,-48.0,24.65
KR,009540.KS,2021,17,29.7,-64.6,13.83,-23.9,53.77
KR,009540.KS,2025,46,43.1,-28.5,12.8,-14.5,-1.12
KR,009540.KS,2026,8,33.5,-134.5,13.23,-26.8,19.43
KR,009830.KS,2021,33,34.3,-94.9,11.21,-21.2,-5.82
KR,009830.KS,2025,56,36.1,-167.3,13.23,-27.4,-0.97
KR,009830.KS,2025,68,47.8,-75.2,30.41,-28.4,28.34
KR,009830.KS,2026,10,38.6,-84.8,10.23,-36.5,6.7
KR,010060.KS,2021,68,45.9,-66.8,18.3,-18.7,-0.71
KR,010060.KS,2023,8,20.7,-48.6,11.48,-31.5,9.85
KR,010060.KS,2025,10,42.6,-4.6,11.54,-17.2,15.62
KR,010060.KS,2025,21,46.5,-16.2,10.28,-19.1,70.75
KR,010130.KS,2021,14,44.1,-32.9,10.66,-10.4,46.69
KR,010130.KS,2023,55,35.3,-90.3,14.33,-25.9,9.65
KR,010130.KS,2026,8,38.3,-146.2,11.46,-32.8,-3.34
KR,010140.KS,2021,54,30.8,-58.6,10.14,-16.6,1.4
KR,010140.KS,2021,4,40.7,-187.6,16.2,-22.1,2.81
KR,010140.KS,2023,77,51.1,-6.7,16.26,-15.5,9.02
KR,010140.KS,2026,1,36.0,-100.5,10.22,-23.2,18.19
KR,010950.KS,2021,33,48.3,-20.1,10.71,-10.0,19.68
KR,010950.KS,2025,42,45.8,-21.9,10.78,-9.0,41.46
KR,011070.KS,2021,46,36.4,-3.0,11.44,-12.6,17.72
KR,011070.KS,2026,24,32.7,-51.7,10.61,-16.8,311.09
KR,011170.KS,2025,48,48.7,-4.4,13.39,-36.6,14.7
KR,011200.KS,2023,8,29.9,-128.1,10.48,-44.4,1.68
KR,011200.KS,2025,74,41.6,-86.2,10.76,-26.2,16.78
KR,011200.KS,2026,10,41.3,-57.4,10.63,-22.3,24.33
KR,011200.KS,2026,18,40.4,-44.0,13.24,-22.3,7.7
KR,011210.KS,2021,64,41.1,-85.5,10.89,-28.9,21.97
KR,011210.KS,2025,20,36.9,-33.7,10.74,-11.0,72.97
KR,011210.KS,2026,16,41.1,-80.7,12.38,-23.9,3.75
KR,011780.KS,2023,20,32.3,-65.5,12.77,-22.1,8.94
KR,011780.KS,2025,75,41.8,-78.2,10.13,-29.0,29.59
KR,011780.KS,2026,8,39.4,-98.8,10.18,-23.1,22.13
KR,011790.KS,2021,14,40.8,-51.2,10.2,-14.4,38.8
KR,011790.KS,2023,5,41.4,-90.6,10.22,-42.3,3.54
KR,011790.KS,2025,18,39.5,-118.7,17.17,-54.4,7.47
KR,011790.KS,2025,14,39.0,-64.4,10.98,-46.2,13.59
KR,011790.KS,2025,23,41.5,-66.4,11.21,-40.2,15.59
KR,011790.KS,2026,8,34.2,-141.3,12.62,-36.7,23.33
KR,012330.KS,2025,65,40.1,-12.6,16.42,-8.0,32.19
KR,012330.KS,2026,16,40.0,-111.4,12.96,-27.7,55.89
KR,012450.KS,2021,14,42.9,-34.9,12.05,-13.5,29.72
KR,012450.KS,2025,13,48.6,-16.9,13.69,-11.4,-1.9
KR,012450.KS,2025,11,36.5,-137.2,12.68,-23.0,59.77
KR,014680.KS,2021,22,46.1,-7.6,15.07,-8.4,37.35
KR,014680.KS,2025,18,56.1,-1.4,12.46,-3.9,23.85
KR,014680.KS,2025,8,51.7,-21.5,10.77,-8.3,23.16
KR,014680.KS,2026,1,38.6,-76.2,13.27,-24.6,17.14
KR,015760.KS,2025,48,43.1,-6.1,10.59,-13.5,52.05
KR,015760.KS,2026,17,32.1,-247.9,10.2,-38.7,11.62
KR,016360.KS,2021,68,34.7,-7.5,10.73,-16.1,12.0
KR,016360.KS,2021,61,50.0,-7.0,10.46,-5.3,13.36
KR,016360.KS,2025,24,48.3,-53.2,10.9,-14.6,17.29
KR,016360.KS,2026,8,45.3,-10.0,12.99,-19.3,35.97
KR,017670.KS,2025,25,46.0,-69.6,10.29,-13.3,9.03
KR,018260.KS,2025,90,41.5,-0.1,13.02,-17.5,7.85
KR,018260.KS,2026,15,38.3,-104.4,18.99,-23.0,42.43
KR,018880.KS,2021,4,36.4,-69.4,11.97,-18.0,2.6
KR,018880.KS,2021,45,33.9,-58.3,11.73,-13.7,4.41
KR,018880.KS,2025,34,34.0,-128.6,11.59,-42.8,5.16
KR,018880.KS,2025,16,32.2,-114.1,11.8,-36.1,3.3
KR,018880.KS,2025,23,28.7,-231.2,14.67,-37.8,33.48
KR,018880.KS,2026,17,43.0,-38.7,11.23,-29.0,23.35
KR,020150.KS,2021,28,43.3,-75.5,10.35,-18.9,66.49
KR,020150.KS,2025,52,52.6,-68.3,19.95,-61.5,16.56
KR,020150.KS,2025,16,33.1,-89.5,14.82,-47.7,41.57
KR,020150.KS,2025,15,35.3,-120.2,11.29,-28.6,64.5
KR,021240.KS,2021,76,29.2,-75.6,18.39,-25.8,9.75
KR,024110.KS,2021,35,22.8,-81.1,10.47,-24.4,30.68
KR,028050.KS,2021,39,32.8,-23.4,10.12,-31.2,58.08
KR,028050.KS,2023,42,38.9,-17.1,13.25,-10.7,9.63
KR,028050.KS,2025,23,38.6,-16.4,13.06,-10.7,1.7
KR,028050.KS,2025,87,37.4,-17.4,14.9,-14.4,98.27
KR,028260.KS,2021,46,35.5,-117.5,11.52,-20.8,6.51
KR,028260.KS,2025,13,54.1,-19.4,11.14,-9.0,41.83
KR,028260.KS,2026,8,37.2,-131.1,21.89,-29.6,48.59
KR,028300.KQ,2021,7,37.3,-350.9,16.62,-43.6,-12.15
KR,028300.KQ,2021,76,34.3,-130.2,12.24,-45.5,49.14
KR,028300.KQ,2025,53,29.5,-259.6,21.32,-59.2,20.54
KR,028300.KQ,2026,45,45.8,-33.0,12.55,-44.0,-7.5
KR,028670.KS,2021,32,48.0,-8.2,10.07,-13.9,-13.1
KR,028670.KS,2023,7,30.8,-134.6,10.83,-40.2,2.09
KR,028670.KS,2023,41,37.6,-132.8,16.06,-43.4,15.76
KR,030200.KS,2026,13,31.8,-122.0,13.64,-21.8,1.1
KR,032640.KS,2025,28,39.5,-17.6,10.87,-9.2,10.59
KR,032640.KS,2026,10,52.8,-14.0,12.11,-10.5,13.05
KR,032830.KS,2021,24,33.6,-5.0,11.9,-16.8,16.98
KR,034020.KS,2021,19,33.7,-187.8,11.79,-38.0,111.17
KR,034020.KS,2023,8,46.2,-52.8,11.38,-29.0,9.87
KR,034020.KS,2025,39,48.3,-28.9,12.43,-20.7,30.95
KR,034220.KS,2025,87,41.7,-122.8,11.32,-19.7,24.8
KR,034220.KS,2026,8,40.9,-89.0,11.61,-31.5,17.31
KR,034230.KS,2023,71,34.0,-65.5,18.87,-21.6,-0.33
KR,034230.KS,2025,68,47.7,-112.3,18.7,-27.9,-9.75
KR,034730.KS,2021,42,35.7,-81.9,11.62,-26.1,2.55
KR,034730.KS,2025,7,51.6,-23.1,12.09,-8.2,35.04
KR,034730.KS,2026,8,40.2,-48.5,13.62,-27.3,102.23
KR,035250.KS,2021,61,44.6,-48.2,11.0,-11.9,-2.15
KR,035250.KS,2026,21,38.5,-36.2,11.18,-15.1,5.65
KR,035420.KS,2020,39,42.3,-42.6,12.59,-18.1,35.07
KR,035420.KS,2021,49,32.0,-30.3,10.71,-10.9,17.76
KR,035420.KS,2025,17,47.4,-30.8,11.73,-18.8,22.45
KR,035420.KS,2025,60,46.3,-16.8,16.81,-19.1,4.59
KR,035420.KS,2025,59,42.7,-10.7,11.68,-16.0,-8.37
KR,035420.KS,2026,59,32.2,-155.8,16.13,-29.9,8.97
KR,035720.KS,2026,16,34.1,-171.3,10.48,-34.9,5.91
KR,035760.KQ,2021,69,37.4,-97.5,12.0,-20.0,16.37
KR,035760.KQ,2021,82,33.8,-38.1,12.81,-13.7,-11.54
KR,035760.KQ,2025,11,40.3,-94.5,14.33,-19.8,0.23
KR,035900.KQ,2021,18,31.3,-67.1,12.15,-24.6,15.31
KR,035900.KQ,2021,61,50.4,-1.6,11.24,-17.4,25.87
KR,035900.KQ,2025,35,43.8,-149.8,13.97,-20.1,-6.73
KR,036460.KS,2025,52,40.5,-17.9,16.03,-14.6,1.8
KR,036460.KS,2026,28,37.8,-128.4,11.73,-24.0,19.08
KR,036570.KS,2025,46,47.7,-41.4,17.38,-13.3,17.57
KR,036930.KQ,2025,18,45.4,-82.7,10.4,-42.0,3.74
KR,036930.KQ,2025,4,39.5,-131.2,10.97,-35.6,145.25
KR,039030.KQ,2021,46,33.4,-23.8,16.77,-21.3,-0.71
KR,039030.KQ,2023,22,54.7,-26.1,20.27,-15.3,34.4
KR,041510.KQ,2021,77,45.7,-9.8,11.31,-23.5,110.18
KR,041510.KQ,2025,11,52.1,-55.8,10.67,-7.9,-17.85
KR,041510.KQ,2025,25,49.9,-164.1,18.13,-28.4,-12.98
KR,042660.KS,2021,17,31.3,-41.5,10.84,-17.3,46.39
KR,042660.KS,2021,28,42.6,-45.8,11.79,-13.9,31.83
KR,042660.KS,2025,25,33.8,-74.5,14.47,-23.5,13.97
KR,042660.KS,2026,22,41.9,-96.0,12.31,-19.8,-2.79
KR,047050.KS,2021,27,44.5,-17.4,10.67,-14.6,28.74
KR,047050.KS,2025,49,44.2,-6.9,10.21,-17.5,28.49
KR,047050.KS,2025,15,36.2,-63.2,11.29,-17.1,46.17
KR,047810.KS,2023,19,45.5,-3.7,11.26,-16.5,5.17
KR,048410.KQ,2021,18,28.6,-152.7,10.05,-45.4,-22.01
KR,048410.KQ,2025,7,28.9,-198.8,21.06,-56.5,10.98
KR,048410.KQ,2025,64,40.8,-26.2,14.66,-43.8,160.06
KR,051900.KS,2026,34,47.8,-58.7,13.16,-28.8,22.19
KR,051910.KS,2021,13,34.5,-59.3,13.0,-19.2,-10.75
KR,051910.KS,2021,14,40.5,-146.3,11.43,-21.7,3.16
KR,051910.KS,2025,32,45.6,-146.1,16.07,-50.2,33.22
KR,051910.KS,2025,57,37.4,-118.2,16.37,-20.6,21.58
KR,051910.KS,2026,8,45.0,-66.7,15.22,-28.3,7.37
KR,055550.KS,2021,27,34.6,-5.0,11.26,-20.1,30.67
KR,055550.KS,2025,42,42.3,-18.1,10.26,-8.3,20.53
KR,055550.KS,2026,8,42.1,-14.9,10.26,-16.5,44.9
KR,055550.KS,2026,7,43.8,-23.9,14.85,-10.3,12.28
KR,062040.KS,2025,15,42.1,-76.5,11.22,-22.1,45.81
KR,062040.KS,2026,10,42.2,-0.2,13.79,-21.0,48.23
KR,064350.KS,2025,13,56.4,-52.3,10.62,-10.2,-3.67
KR,064350.KS,2025,35,33.5,-205.7,10.07,-28.1,26.07
KR,064350.KS,2026,1,37.2,-181.9,11.45,-31.7,33.85
KR,064350.KS,2026,18,42.2,-84.1,12.97,-25.5,-14.21
KR,066570.KS,2021,36,47.7,-51.9,11.84,-17.8,-5.47
KR,066570.KS,2025,20,39.8,-11.0,11.1,-34.1,25.18
KR,066570.KS,2026,8,41.9,-39.7,10.51,-27.5,90.8
KR,066970.KS,2021,32,41.5,-40.8,10.56,-17.9,27.53
KR,066970.KS,2025,3,42.3,-116.8,11.36,-69.4,46.26
KR,066970.KS,2025,10,28.7,-184.7,13.13,-35.2,71.22
KR,067160.KQ,2020,43,43.0,-21.7,14.9,-21.7,40.25
KR,067160.KQ,2023,7,42.3,-22.8,10.37,-31.6,26.04
KR,067630.KQ,2021,6,41.3,-430.6,13.74,-47.2,1.56
KR,067630.KQ,2025,17,24.8,-177.0,12.32,-62.7,-17.45
KR,067630.KQ,2025,53,21.5,-301.6,12.22,-70.3,13.21
KR,067630.KQ,2026,45,41.1,-79.5,11.07,-66.4,-12.89
KR,068270.KS,2021,3,45.1,-68.6,14.51,-18.1,-21.67
KR,068270.KS,2021,31,40.4,-120.4,11.09,-24.8,-14.48
KR,068270.KS,2021,12,37.0,-27.6,11.64,-35.9,-0.1
KR,068270.KS,2025,76,39.0,-23.1,16.41,-10.6,29.71
KR,068270.KS,2025,3,46.1,-4.5,11.88,-7.3,12.26
KR,068760.KQ,2021,12,31.5,-71.0,12.37,-44.9,5.79
KR,068760.KQ,2025,25,42.4,-5.9,11.8,-29.6,16.91
KR,068760.KQ,2025,6,38.3,-10.3,10.34,-10.9,2.77
KR,071050.KS,2021,7,45.4,-23.4,10.28,-9.4,9.14
KR,071050.KS,2025,12,48.9,-93.1,11.76,-17.8,20.72
KR,071050.KS,2025,48,47.7,-26.8,10.35,-12.0,61.46
KR,071050.KS,2026,1,41.6,-57.3,10.62,-28.5,41.63
KR,078600.KQ,2021,46,28.5,-133.9,10.53,-25.8,26.75
KR,078600.KQ,2021,21,45.5,-16.6,11.52,-15.8,79.56
KR,078600.KQ,2023,9,51.1,-127.0,12.99,-28.3,2.48
KR,078600.KQ,2025,56,38.8,-39.5,18.18,-45.0,1.74
KR,079550.KS,2021,48,48.8,-7.4,12.25,-10.1,52.3
KR,079550.KS,2025,18,38.9,-150.6,10.73,-22.4,-11.37
KR,079550.KS,2025,31,35.3,-199.6,12.53,-39.3,116.03
KR,079550.KS,2026,18,41.8,-22.5,25.09,-21.5,-15.19
KR,086280.KS,2021,83,42.5,-49.8,10.67,-17.6,2.51
KR,086280.KS,2025,31,35.3,-4.6,14.15,-13.0,39.9
KR,086280.KS,2025,10,49.2,-42.6,10.77,-13.5,33.89
KR,086280.KS,2026,16,39.5,-122.6,10.36,-26.7,20.82
KR,086520.KQ,2021,9,44.1,-139.1,11.01,-18.2,-27.79
KR,086520.KQ,2021,45,9.6,-137.5,12.56,-45.7,98.51
KR,086520.KQ,2023,7,48.8,-68.9,17.58,-26.8,79.96
KR,086520.KQ,2025,25,42.3,-203.0,14.25,-59.3,12.26
KR,086520.KQ,2025,16,38.2,-69.6,21.6,-47.5,71.99
KR,086520.KQ,2026,20,42.8,-63.3,11.54,-24.5,-13.92
KR,086790.KS,2025,17,43.4,-52.4,10.58,-13.9,14.69
KR,086790.KS,2026,10,43.1,-52.6,12.1,-17.9,46.99
KR,086790.KS,2026,17,42.3,-17.2,12.34,-10.6,17.7
KR,086900.KQ,2021,3,24.3,-369.7,5.82,-63.0,42.12
KR,086900.KQ,2021,48,35.3,-37.2,10.78,-32.2,-1.82
KR,086900.KQ,2025,29,46.6,-25.0,14.24,-32.8,-12.56
KR,090430.KS,2023,63,24.1,-132.4,14.45,-36.9,36.25
KR,090430.KS,2025,83,33.9,-97.1,12.05,-20.1,20.16
KR,090430.KS,2025,24,41.7,-40.5,11.55,-18.0,19.76
KR,090460.KS,2025,29,34.7,-24.1,10.81,-14.9,90.09
KR,093370.KS,2021,48,29.6,-132.8,10.4,-25.7,25.18
KR,093370.KS,2021,38,44.1,-68.6,10.45,-26.1,119.84
KR,093370.KS,2025,11,49.0,-63.8,13.9,-47.2,25.98
KR,093370.KS,2025,29,43.6,-89.8,12.22,-24.6,78.21
KR,093370.KS,2026,3,45.3,-87.2,27.07,-29.7,51.19
KR,096770.KS,2021,1,42.7,-248.6,10.27,-31.0,17.01
KR,096770.KS,2025,19,47.5,-133.3,12.96,-34.5,13.64
KR,096770.KS,2025,48,38.4,-71.7,14.97,-26.2,2.37
KR,096770.KS,2025,84,45.4,-31.9,10.96,-16.1,16.25
KR,096770.KS,2026,6,44.8,-60.9,13.34,-21.1,11.08
KR,097950.KS,2021,74,39.0,-14.4,11.69,-13.7,18.43
KR,097950.KS,2025,76,30.2,-83.1,10.02,-23.9,16.59
KR,105560.KS,2021,7,28.9,-45.4,10.05,-14.8,42.14
KR,105560.KS,2025,14,44.7,-35.9,10.26,-10.6,17.2
KR,105560.KS,2026,10,41.5,-14.8,11.56,-15.1,47.04
KR,105560.KS,2026,7,43.4,-13.2,13.94,-9.3,18.15
KR,112610.KS,2025,14,46.1,-70.2,10.98,-19.8,60.17
KR,112610.KS,2026,5,48.6,-36.0,10.33,-19.5,45.03
KR,122870.KQ,2021,7,45.7,-27.2,10.07,-22.1,3.3
KR,122870.KQ,2021,54,36.0,-43.5,10.22,-24.2,30.62
KR,122870.KQ,2025,11,50.0,-53.8,22.56,-10.6,-27.39
KR,122870.KQ,2025,52,36.5,-381.8,10.07,-39.6,-14.56
KR,128940.KS,2021,5,52.8,-39.5,12.85,-20.1,-6.66
KR,128940.KS,2023,8,41.6,-31.5,10.09,-12.8,5.8
KR,128940.KS,2025,33,44.0,-37.1,10.55,-20.0,45.4
KR,137400.KQ,2021,23,44.1,-112.9,10.8,-22.3,52.52
KR,137400.KQ,2023,12,51.0,-33.0,10.69,-15.7,37.65
KR,137400.KQ,2025,62,28.9,-250.1,11.13,-62.8,37.95
KR,137400.KQ,2025,15,31.5,-51.2,10.4,-44.6,11.4
KR,137400.KQ,2025,59,50.9,-38.2,16.77,-16.8,30.68
KR,137400.KQ,2026,16,46.8,-18.6,12.05,-13.5,-10.76
KR,139480.KS,2021,71,47.7,-75.5,11.32,-15.9,11.06
KR,139480.KS,2025,20,21.5,-214.9,12.31,-28.1,18.62
KR,139480.KS,2025,12,38.0,-38.6,10.25,-27.4,53.82
KR,139480.KS,2026,24,51.2,-14.1,10.14,-23.0,13.63
KR,141080.KQ,2021,28,40.9,-146.2,13.22,-25.6,-11.31
KR,141080.KQ,2021,62,40.1,-43.9,17.77,-29.1,1.61
KR,141080.KQ,2025,35,41.3,-0.3,12.03,-12.4,24.03
KR,145020.KQ,2020,15,48.5,-73.0,15.5,-14.6,-3.39
KR,145020.KQ,2021,49,35.6,-112.0,10.35,-25.2,49.63
KR,145020.KQ,2023,83,39.9,-76.2,13.6,-34.7,35.86
KR,145020.KQ,2023,49,51.2,-6.4,13.45,-10.3,34.86
KR,145020.KQ,2025,12,43.2,-18.8,11.45,-10.8,1.41
KR,145020.KQ,2025,55,43.0,-167.1,11.6,-41.1,13.28
KR,145020.KQ,2026,17,43.8,-24.4,12.06,-38.0,19.11
KR,160190.KQ,2025,25,37.3,-116.9,12.13,-30.9,69.89
KR,160190.KQ,2026,9,27.2,-545.2,10.0,-59.0,-28.05
KR,161390.KS,2021,8,50.0,-19.1,11.66,-8.6,-0.9
KR,161390.KS,2025,34,46.4,-29.8,11.95,-14.0,3.09
KR,161390.KS,2025,53,39.2,-93.8,11.68,-15.1,59.73
KR,161390.KS,2026,8,40.5,-161.3,13.68,-26.8,45.09
KR,161890.KS,2023,9,38.1,-66.8,10.64,-16.1,45.35
KR,161890.KS,2025,75,41.9,-130.7,10.19,-38.9,47.16
KR,178320.KQ,2021,20,29.6,-88.2,11.96,-24.6,-2.48
KR,178320.KQ,2021,19,39.5,-91.2,11.37,-26.3,-0.6
KR,178320.KQ,2023,18,53.2,-30.1,10.53,-13.6,32.06
KR,178320.KQ,2025,11,50.2,-47.5,10.45,-19.6,82.56
KR,180640.KS,2021,47,39.1,-37.8,14.98,-47.6,8.9
KR,180640.KS,2025,8,33.9,-120.1,11.36,-29.5,-5.92
KR,180640.KS,2025,28,34.3,-101.6,11.94,-35.2,12.3
KR,180640.KS,2025,14,51.0,-17.3,30.47,-33.9,10.33
KR,180640.KS,2026,21,39.8,-113.5,10.39,-37.5,20.94
KR,180640.KS,2026,17,45.3,-19.8,16.35,-36.2,-5.07
KR,192820.KS,2020,53,32.8,-136.8,15.95,-24.4,31.15
KR,192820.KS,2025,24,44.9,-142.7,12.47,-23.2,-20.78
KR,192820.KS,2025,49,40.7,-216.4,12.83,-41.1,24.91
KR,195940.KQ,2025,27,42.5,-18.5,12.27,-11.2,14.52
KR,195940.KQ,2025,8,40.2,-3.4,11.16,-6.8,1.13
KR,195940.KQ,2026,27,43.5,-27.9,11.11,-14.2,5.16
KR,196170.KQ,2021,42,32.7,-146.7,12.7,-40.4,-20.46
KR,196170.KQ,2021,24,42.5,-196.1,10.82,-51.0,13.72
KR,196170.KQ,2025,5,43.5,-101.7,15.45,-25.9,32.97
KR,196170.KQ,2025,10,44.6,-147.1,13.68,-19.5,-20.7
KR,196170.KQ,2026,27,41.6,-92.5,10.98,-38.9,7.77
KR,204320.KS,2021,20,38.1,-71.8,15.04,-21.9,-4.48
KR,204320.KS,2021,10,28.7,-93.5,13.25,-27.4,8.67
KR,204320.KS,2025,22,37.4,-26.5,11.9,-26.7,91.52
KR,204320.KS,2026,21,39.5,-139.0,10.7,-30.3,19.59
KR,207940.KS,2025,30,41.1,-35.5,10.69,-16.3,24.89
KR,207940.KS,2025,47,39.0,-29.2,12.59,-15.5,24.69
KR,207940.KS,2025,17,22.3,-36.2,10.27,-15.2,2.06
KR,222800.KQ,2021,19,41.6,-46.4,18.72,-14.1,-0.96
KR,222800.KQ,2025,29,43.9,-86.9,20.97,-25.1,58.73
KR,237690.KQ,2021,6,49.9,-14.6,11.17,-25.2,-6.3
KR,237690.KQ,2025,20,43.7,-20.5,18.1,-23.1,27.03
KR,240810.KQ,2026,6,39.8,-72.2,20.0,-25.1,7.74
KR,241560.KS,2025,48,42.6,-14.2,10.86,-13.0,16.79
KR,241560.KS,2025,14,44.3,-48.7,12.86,-15.7,14.31
KR,241560.KS,2026,1,42.7,-38.5,10.02,-14.4,34.65
KR,247540.KQ,2021,45,30.6,-88.7,11.21,-17.8,36.49
KR,247540.KQ,2021,16,50.1,-8.4,10.76,-11.0,140.54
KR,247540.KQ,2023,13,54.3,-53.6,13.65,-15.9,20.02
KR,247540.KQ,2025,21,44.1,-142.8,13.71,-59.6,29.07
KR,247540.KQ,2025,15,39.7,-55.3,10.8,-41.5,31.57
KR,247540.KQ,2025,10,51.8,-11.3,15.61,-13.9,21.76
KR,247540.KQ,2026,21,47.7,-18.7,14.72,-21.8,-15.1
KR,253450.KQ,2021,40,44.2,-20.9,10.81,-11.9,-4.67
KR,253450.KQ,2025,35,44.2,-113.9,17.25,-29.1,-11.64
KR,257720.KQ,2023,12,43.3,-80.6,12.06,-25.2,60.24
KR,257720.KQ,2025,10,37.8,-119.2,12.94,-37.5,17.25
KR,257720.KQ,2026,9,47.8,-114.1,12.84,-37.8,16.97
KR,259960.KS,2023,33,44.7,-19.9,12.86,-11.2,24.98
KR,263750.KQ,2021,45,30.3,-60.7,13.83,-29.9,42.73
KR,263750.KQ,2025,27,40.4,-205.7,12.23,-27.9,19.14
KR,267250.KS,2021,10,28.7,-91.3,12.55,-21.7,52.13
KR,267250.KS,2023,19,39.2,-7.7,11.03,-10.5,29.72
KR,267250.KS,2025,13,42.5,-66.2,20.95,-16.2,21.66
KR,267250.KS,2026,22,40.7,-41.5,10.67,-19.8,18.23
KR,267260.KS,2021,26,43.2,-75.2,11.89,-17.1,14.93
KR,267260.KS,2026,8,39.0,-50.0,17.79,-25.1,12.24
KR,267270.KS,2025,13,48.6,-49.7,12.58,-18.4,39.11
KR,267270.KS,2026,1,45.6,-1.2,16.55,-13.4,15.09
KR,271560.KS,2021,47,45.4,-10.2,10.21,-25.2,4.36
KR,271560.KS,2025,40,32.7,-70.1,10.14,-13.0,-4.99
KR,271560.KS,2025,77,34.6,-55.9,10.07,-21.7,35.98
KR,272210.KS,2021,49,42.6,-28.7,14.08,-13.1,-0.6
KR,272210.KS,2025,18,42.7,-90.0,17.09,-25.8,6.81
KR,272210.KS,2025,14,31.7,-171.8,14.94,-32.7,169.14
KR,277810.KQ,2021,29,36.9,-134.7,11.57,-36.4,4.55
KR,277810.KQ,2025,24,42.5,-42.1,15.5,-36.6,12.01
KR,277810.KQ,2026,8,32.1,-239.4,16.31,-40.8,0.24
KR,278280.KQ,2021,46,27.0,-93.9,11.86,-22.2,40.42
KR,278280.KQ,2021,11,46.4,-50.8,12.07,-18.7,55.75
KR,278280.KQ,2025,16,41.5,-39.1,18.67,-36.4,8.36
KR,278280.KQ,2025,10,46.4,-62.2,12.59,-28.0,-13.71
KR,278280.KQ,2025,27,35.4,-171.7,14.34,-38.1,28.02
KR,278280.KQ,2026,8,48.4,-49.9,11.16,-39.0,1.46
KR,278470.KS,2025,22,42.0,-31.7,11.04,-16.3,84.26
KR,293490.KQ,2020,33,50.2,-58.0,10.43,-43.3,13.17
KR,293490.KQ,2021,14,49.4,-53.4,10.52,-35.5,43.0
KR,293490.KQ,2025,29,33.4,-59.5,15.44,-36.6,-20.29
KR,295310.KQ,2025,15,37.2,-141.0,12.07,-30.7,181.66
KR,295310.KQ,2025,38,37.5,-111.5,12.07,-35.3,310.54
KR,298040.KS,2021,42,37.1,-34.3,10.98,-20.0,15.1
KR,298040.KS,2023,15,38.1,-148.6,11.8,-23.3,76.82
KR,298040.KS,2025,13,42.1,-94.2,13.03,-23.2,57.11
KR,298380.KQ,2021,19,30.0,-264.6,10.34,-45.2,-2.97
KR,298380.KQ,2021,31,45.3,-104.3,13.6,-43.5,2.4
KR,298380.KQ,2021,34,39.1,-67.6,12.44,-45.7,22.11
KR,298380.KQ,2025,18,44.1,-23.0,10.57,-18.6,26.83
KR,302440.KS,2025,43,41.2,-15.8,14.54,-24.0,8.53
KR,302440.KS,2026,17,40.1,-122.8,11.75,-30.6,5.43
KR,307950.KS,2021,79,42.6,-54.6,13.56,-17.2,-1.9
KR,307950.KS,2025,29,41.2,-30.7,13.95,-19.1,71.06
KR,307950.KS,2025,31,34.3,-23.5,33.27,-19.8,120.91
KR,307950.KS,2026,8,36.9,-122.5,15.9,-28.7,37.17
KR,310210.KQ,2023,50,49.0,-2.4,19.54,-19.3,-7.2
KR,316140.KS,2021,27,28.5,-49.2,11.59,-13.1,19.29
KR,316140.KS,2021,77,41.6,-30.6,10.14,-8.0,46.15
KR,316140.KS,2025,32,46.4,-1.9,15.04,-5.0,27.06
KR,316140.KS,2026,15,44.9,-30.9,10.3,-19.9,22.06
KR,316140.KS,2026,18,34.4,-100.8,11.28,-25.3,7.59
KR,326030.KS,2025,48,45.6,-110.3,10.86,-27.3,16.05
KR,326030.KS,2026,15,41.3,-143.6,11.5,-32.6,8.62
KR,328130.KQ,2025,24,42.2,-85.9,10.81,-43.1,-10.45
KR,328130.KQ,2025,7,30.1,-203.9,13.25,-54.5,-3.28
KR,328130.KQ,2026,10,38.9,-84.1,13.63,-41.5,-14.39
KR,329180.KS,2025,9,42.7,-69.7,14.34,-18.4,-8.88
KR,329180.KS,2026,17,30.9,-144.4,10.54,-27.8,26.99
KR,336260.KS,2021,7,53.3,-117.5,11.38,-31.1,21.73
KR,336260.KS,2025,47,44.2,-116.2,16.04,-27.6,33.71
KR,347850.KQ,2026,1,38.2,-154.5,11.06,-38.4,31.04
KR,348340.KQ,2025,25,37.2,-83.0,11.26,-33.9,15.39
KR,348340.KQ,2025,33,42.7,-36.1,10.28,-34.6,35.18
KR,348340.KQ,2026,16,38.4,-224.8,11.85,-50.8,-18.65
KR,348370.KQ,2025,22,40.5,-139.2,10.73,-81.2,69.26
KR,348370.KQ,2025,27,41.5,-108.0,15.9,-59.3,-25.34
KR,348370.KQ,2026,21,36.6,-560.3,20.27,-58.2,-26.87
KR,352820.KS,2020,21,29.3,-104.0,10.0,,56.61
KR,352820.KS,2025,8,40.7,-128.8,12.14,-17.2,14.73
KR,352820.KS,2025,27,34.5,-35.5,16.35,-15.2,31.26
KR,352820.KS,2025,32,52.0,-15.2,10.18,-12.6,-1.96
KR,353200.KS,2021,19,45.5,-63.2,15.71,-16.7,9.81
KR,357780.KQ,2021,19,43.4,-16.3,13.67,-10.5,12.36
KR,357780.KQ,2025,21,37.6,-113.6,15.23,-53.0,67.32
KR,357780.KQ,2025,3,51.0,-115.7,12.79,-10.6,74.54
KR,357780.KQ,2026,8,40.3,-45.3,13.19,-26.9,6.64
KR,358570.KQ,2025,12,35.7,-202.8,12.78,-37.1,-7.01
KR,358570.KQ,2026,10,40.6,-74.2,10.06,-47.4,-13.69
KR,361610.KS,2025,19,46.5,-77.9,13.11,-60.8,26.97
KR,361610.KS,2025,14,37.6,-29.1,10.57,-30.4,-6.64
KR,361610.KS,2026,16,42.6,-155.2,11.29,-38.0,-7.16
KR,373220.KS,2025,34,40.6,-171.0,11.36,-34.5,37.11
KR,373220.KS,2025,10,39.4,-19.3,10.66,-20.6,-5.32
KR,373220.KS,2025,23,32.0,-144.7,13.16,-28.3,19.45
KR,373220.KS,2026,21,52.3,-1.6,21.17,-23.2,3.47
KR,375500.KS,2021,19,39.6,-135.7,10.81,,17.04
KR,375500.KS,2023,13,45.4,-3.7,13.04,-5.8,-4.26
KR,375500.KS,2025,14,47.9,-48.9,12.05,-30.8,62.47
KR,375500.KS,2026,18,40.3,-117.7,16.86,-25.4,-15.5
KR,377300.KS,2026,15,35.3,-162.7,11.36,-47.9,10.21
KR,383220.KS,2025,11,34.6,-41.8,18.43,-25.9,10.07
KR,383220.KS,2026,21,43.0,-92.4,10.44,-23.0,43.48
KR,399720.KQ,2025,6,43.6,-50.9,11.68,-54.9,16.86
KR,399720.KQ,2025,20,56.9,-29.0,10.31,-21.1,5.13
KR,399720.KQ,2025,41,54.3,-150.3,28.34,-16.4,5.27
KR,399720.KQ,2026,1,39.7,-39.4,10.23,-23.5,-3.35
KR,402340.KS,2025,41,45.0,-27.6,14.6,-20.9,72.75
KR,402340.KS,2026,8,38.6,-23.5,23.9,-31.3,132.88
KR,403870.KQ,2025,31,45.3,-165.7,11.55,-18.4,42.19
KR,417200.KQ,2025,14,42.4,-58.4,12.04,-67.0,-0.86
KR,417200.KQ,2025,90,45.3,-7.3,13.41,-53.7,44.21
KR,437730.KQ,2025,25,29.7,-116.8,11.34,-20.7,210.53
KR,437730.KQ,2026,2,38.6,-141.7,11.33,-38.5,-5.4
KR,440110.KQ,2025,20,42.3,-33.7,12.69,-56.3,74.95
KR,440110.KQ,2025,35,36.5,-157.9,29.88,-25.8,277.65
KR,450080.KS,2025,34,40.0,-229.9,19.29,-66.6,0.87
KR,450080.KS,2025,16,36.5,-49.9,34.04,-64.9,-2.84
KR,450080.KS,2025,11,47.9,-52.8,12.59,-42.5,7.97
KR,450080.KS,2025,21,34.5,-88.3,18.04,-48.4,36.62
KR,454910.KS,2025,13,42.0,-52.2,10.59,-55.3,31.12
KR,454910.KS,2026,8,36.4,-185.5,11.57,-34.2,10.79
KR,457190.KS,2025,27,46.5,-67.9,11.23,-36.7,20.21
KR,457190.KS,2025,10,49.4,-47.3,14.42,-18.8,64.04
KR,457190.KS,2026,8,45.9,-74.6,11.2,-26.9,-6.81
KR,466100.KQ,2025,24,37.5,-47.6,12.38,-21.5,60.71
KR,475150.KS,2025,13,31.7,-129.7,20.29,-29.2,-1.47
KR,475960.KQ,2025,32,51.2,-82.1,14.03,-16.5,24.17
KR,475960.KQ,2026,4,44.1,-77.4,10.5,-27.1,20.82
KR,489790.KS,2025,55,37.4,-33.4,14.59,-18.6,-2.13
KR,489790.KS,2025,12,42.9,-48.2,11.63,-23.1,-27.04
KR,489790.KS,2026,6,38.8,-163.0,18.48,-27.6,-26.8
US,ADBE,2020,6,34.3,-43.6,11.04,-16.2,-10.16
US,ADBE,2021,73,40.5,-44.1,10.3,-14.1,18.11
US,ADBE,2021,19,24.2,-82.2,10.48,-13.6,-14.14
US,ADBE,2024,45,33.6,-97.4,13.5,-27.1,-0.52
US,ADI,2020,19,33.0,-34.5,12.88,-11.1,10.12
US,ADI,2020,73,45.0,-39.9,10.37,-7.8,20.18
US,ADI,2023,76,38.8,-31.2,10.75,-8.8,-6.29
US,ADI,2024,82,48.3,-46.3,11.3,-10.0,-2.86
US,ADI,2025,22,36.7,-16.6,12.27,-8.6,-5.43
US,ADI,2025,26,43.3,-25.0,10.16,-8.0,37.24
US,ADP,2018,70,47.4,-19.9,10.77,-6.7,9.37
US,ADP,2020,69,28.9,-61.7,11.35,-25.8,10.92
US,ADP,2021,39,45.3,-52.3,10.86,-7.9,9.37
US,ADP,2021,27,44.6,-39.7,11.02,-7.3,-3.8
US,ADSK,2018,24,39.6,-24.6,22.39,-9.1,-11.02
US,ADSK,2019,13,53.0,-0.9,10.31,-5.1,1.13
US,ADSK,2020,16,48.4,-52.4,12.54,-11.6,12.47
US,ADSK,2021,7,36.9,-18.7,10.25,-13.3,-6.59
US,ADSK,2021,62,52.3,-2.5,12.12,-10.7,-2.7
US,ADSK,2021,28,39.6,-81.8,11.2,-16.7,-17.22
US,ADSK,2022,63,47.5,-6.7,10.02,-29.0,-4.52
US,ADSK,2023,48,46.8,-47.9,13.68,-16.8,-1.49
US,ADSK,2024,48,28.1,-167.6,13.0,-20.2,11.18
US,AFRM,2021,26,43.3,-339.6,10.25,,-22.52
US,AFRM,2021,14,52.8,-187.0,11.79,-56.6,83.28
US,AFRM,2021,3,39.8,-81.4,14.9,-59.8,151.63
US,AFRM,2024,7,46.1,-5.8,10.12,-21.2,-27.68
US,AFRM,2024,6,43.6,-100.8,12.99,-38.0,-28.5
US,AFRM,2024,11,41.1,-113.5,15.48,-43.0,20.81
US,AFRM,2024,23,45.5,-102.8,11.21,-45.0,109.97
US,AFRM,2026,6,29.8,-356.7,11.75,-49.0,31.67
US,ALAB,2025,10,48.6,-196.2,11.53,-37.4,-27.44
US,AMAT,2020,5,38.1,-0.5,10.02,-9.2,4.56
US,AMAT,2020,66,43.1,-0.8,13.56,-8.6,42.64
US,AMAT,2021,65,52.3,-23.2,11.1,-5.2,-2.23
US,AMAT,2023,19,46.4,-58.4,11.21,-8.9,10.12
US,AMAT,2024,20,47.3,-31.4,10.72,-6.7,-3.28
US,AMAT,2025,19,34.5,-135.8,10.8,-24.1,49.01
US,AMD,2019,21,40.0,-56.1,10.49,-15.7,58.9
US,AMD,2020,61,55.8,-23.9,13.01,-11.1,-18.13
US,AMD,2021,32,56.2,-26.3,11.79,-17.7,15.86
US,AMD,2021,18,46.0,-31.6,13.15,-13.4,17.49
US,AMD,2023,18,48.6,-43.0,13.55,-17.7,5.04
US,AMD,2023,71,45.7,-76.6,12.17,-18.2,40.67
US,AMD,2024,69,43.6,-156.5,12.82,-25.1,-4.72
US,AMD,2024,56,38.5,-146.8,12.14,-31.6,-19.26
US,AMD,2025,24,29.4,-132.6,14.01,-52.8,24.09
US,AMD,2025,54,45.7,-58.4,14.83,-17.7,22.86
US,AMD,2026,26,42.0,-109.4,10.02,-24.3,141.13
US,AMGN,2019,31,42.2,-15.3,10.2,-7.2,2.39
US,AMGN,2020,11,29.3,-111.5,11.37,-16.3,-9.66
US,AMGN,2021,24,33.3,-38.9,11.01,-12.4,-2.27
US,AMGN,2024,64,30.4,-76.6,13.68,-15.0,9.74
US,AMGN,2024,34,31.6,-107.7,10.83,-22.1,1.93
US,AMGN,2025,36,51.0,-36.3,13.35,-12.3,21.56
US,AMT,2018,32,46.1,-17.3,10.77,-3.4,6.75
US,AMT,2023,77,47.1,-50.2,10.92,-29.5,-8.03
US,AMT,2024,56,33.2,-113.1,11.09,-23.2,9.22
US,AMZN,2021,59,37.4,-25.9,10.22,-12.4,9.81
US,AMZN,2021,39,45.9,-21.0,14.04,-8.7,-10.94
US,AMZN,2021,49,36.4,-14.5,12.51,-12.0,-10.13
US,AMZN,2024,57,43.9,-8.0,10.63,-7.4,-0.81
US,AMZN,2025,31,40.6,-30.2,11.23,-9.3,-0.77
US,AMZN,2026,41,42.6,-120.5,11.26,-17.3,5.41
US,ARM,2024,13,40.3,-257.2,15.83,-32.1,9.08
US,ARM,2024,13,44.7,-80.3,10.21,-28.0,-14.45
US,ARM,2024,3,35.9,-87.5,14.36,-33.8,-27.66
US,ARM,2025,37,21.7,-260.5,13.16,-39.2,73.87
US,ASML,2020,6,41.0,-11.9,10.67,-10.8,32.03
US,ASML,2021,34,29.9,-16.0,11.68,-16.2,-14.86
US,ASML,2023,24,49.1,-31.2,10.02,-8.4,-3.84
US,ASML,2024,28,39.4,-81.9,13.68,-16.5,-9.33
US,ASML,2024,67,32.6,-166.6,14.27,-38.5,-11.85
US,ASML,2025,27,35.1,-88.3,10.84,-25.6,34.01
US,AVGO,2018,51,43.9,-117.4,11.27,-19.3,9.27
US,AVGO,2020,24,38.7,-6.6,10.69,-8.6,14.46
US,AVGO,2024,15,50.1,-15.2,10.45,-7.2,19.14
US,AVGO,2024,7,39.1,-75.4,10.77,-12.8,14.51
US,AXP,2020,10,31.3,-71.8,28.64,-32.4,1.06
US,AXP,2021,52,49.7,-29.6,13.01,-4.4,-8.29
US,AXP,2024,52,50.3,-26.7,10.04,-4.7,13.55
US,AXP,2025,29,40.4,-4.3,10.68,-8.8,13.73
US,AZO,2019,71,39.9,-3.1,15.25,-8.1,3.86
US,AZO,2020,69,37.1,-32.6,10.37,-9.7,15.12
US,AZO,2021,38,31.2,-11.0,10.97,-12.8,11.19
US,AZO,2021,35,36.1,-19.1,10.16,-8.3,10.19
US,AZO,2021,29,38.1,-10.9,12.13,-6.7,22.54
US,BA,2019,42,39.5,-27.4,12.94,-22.1,-8.68
US,BA,2019,25,37.7,-86.7,10.41,-21.9,-15.37
US,BA,2020,5,37.4,-75.1,10.3,-58.7,-8.52
US,BA,2020,41,51.4,-67.7,14.18,-55.6,3.31
US,BA,2021,11,35.6,-84.5,10.78,-43.8,8.31
US,BA,2021,17,32.6,-47.6,12.59,-23.1,0.19
US,BA,2024,17,37.7,-110.6,10.19,-36.5,-0.19
US,BA,2024,73,37.6,-102.0,10.33,-42.5,0.97
US,BA,2025,20,40.4,-138.2,10.2,-20.4,-1.68
US,BABA,2020,20,35.2,-144.1,14.08,-26.6,-12.98
US,BABA,2023,75,37.7,-70.7,10.99,-30.8,-2.45
US,BABA,2024,35,45.8,-22.6,11.01,-29.1,0.39
US,BABA,2024,14,37.1,-65.4,10.62,-27.0,38.9
US,BABA,2024,61,40.2,-154.8,10.7,-25.7,28.62
US,BABA,2025,75,37.6,-19.5,13.32,-22.9,28.26
US,BABA,2025,55,44.7,-82.4,12.64,-16.9,-24.14
US,BAC,2019,28,42.2,-47.8,10.0,-11.9,2.19
US,BAC,2019,14,48.3,-76.9,10.39,-10.9,15.42
US,BAC,2020,40,43.7,-66.9,15.23,-31.0,10.97
US,BAC,2026,18,51.2,-11.6,10.73,-9.4,8.44
US,BIDU,2019,69,48.9,-46.4,16.66,-54.7,7.32
US,BIDU,2021,49,48.8,-124.7,14.0,-53.8,-9.05
US,BIDU,2023,18,33.2,-193.6,10.01,-24.7,-2.17
US,BIDU,2025,39,37.1,-45.6,10.23,-28.9,58.65
US,BIDU,2025,63,46.5,-5.6,24.35,-16.6,-23.56
US,BIDU,2026,68,27.9,-117.8,12.98,-23.4,-22.46
US,BIIB,2019,53,35.6,-59.5,28.27,-38.2,-0.84
US,BIIB,2020,5,29.0,-63.4,23.81,-20.2,17.32
US,BIIB,2020,38,40.2,-147.4,14.26,-21.9,9.7
US,BIIB,2020,5,34.1,-99.8,41.08,-26.4,-35.3
US,BIIB,2021,38,48.9,-14.3,48.08,-24.8,-15.41
US,BIIB,2025,46,44.1,-0.1,10.36,-47.0,20.85
US,BKNG,2020,40,44.4,-81.2,23.82,-18.0,-7.46
US,BKNG,2021,12,38.9,-62.0,10.15,-14.8,4.91
US,BKNG,2024,10,42.7,-21.8,10.25,-11.3,-5.4
US,BKNG,2024,54,38.4,-42.6,10.54,-9.8,26.79
US,BKNG,2025,17,47.0,-63.5,11.26,-15.4,-16.74
US,BKNG,2026,49,41.6,-206.1,13.49,-26.8,-6.01
US,BLK,2019,25,51.4,-1.5,10.92,-20.8,1.67
US,BLK,2019,59,45.2,-98.7,11.3,-12.4,14.98
US,BLK,2020,13,51.9,-46.0,13.38,-6.8,15.92
US,BLK,2021,25,31.1,-65.7,10.26,-11.8,-6.61
US,BLK,2024,72,37.6,-68.4,10.03,-10.4,17.9
US,BMY,2019,42,46.1,-34.9,10.88,-28.0,27.1
US,BMY,2024,87,22.5,-118.4,16.56,-33.7,7.85
US,BMY,2024,69,46.7,-5.3,12.81,-5.6,-21.31
US,BMY,2025,43,44.5,-59.4,10.32,-26.8,25.85
US,BRK-B,2020,29,45.3,-24.8,10.03,-22.5,7.38
US,BRK-B,2020,11,34.0,-45.0,13.16,-12.3,-3.4
US,BRK-B,2024,77,36.6,-23.1,10.63,-5.7,6.89
US,BSX,2019,74,39.7,-15.0,10.81,-6.4,-6.54
US,BSX,2020,29,46.1,-59.1,13.39,-23.2,-7.4
US,BSX,2024,30,39.1,-18.8,10.71,-6.0,11.07
US,C,2019,18,47.3,-20.5,11.4,-15.6,2.67
US,C,2019,46,47.8,-86.5,10.68,-11.5,13.26
US,C,2020,40,35.4,-182.7,11.88,-45.9,26.11
US,C,2021,11,39.4,-87.3,11.13,-23.3,-19.12
US,C,2023,76,28.7,-107.5,10.11,-19.3,20.02
US,CAT,2019,12,46.6,-108.0,11.84,-22.8,8.13
US,CAT,2021,39,36.4,-70.0,12.22,-21.2,1.76
US,CAT,2024,21,33.3,-78.2,10.22,-13.0,-19.89
US,CCL,2019,33,28.5,-76.1,10.06,-23.2,-14.18
US,CCL,2020,10,41.4,-164.4,11.24,-72.9,-8.09
US,CCL,2020,10,44.2,-130.7,40.41,-73.3,0.16
US,CCL,2021,6,38.8,-74.4,12.75,-57.2,23.39
US,CCL,2021,12,38.3,-192.8,10.81,-30.9,0.26
US,CCL,2021,7,39.6,-95.0,11.87,-29.2,-5.75
US,CCL,2023,48,54.7,-113.9,11.13,-49.8,38.59
US,CCL,2024,35,45.3,-70.2,14.31,-23.2,-3.37
US,CCL,2025,83,34.2,-23.6,11.38,-11.0,-16.75
US,CEG,2023,35,48.4,-15.4,10.97,-7.4,52.88
US,CEG,2024,50,46.8,-184.2,10.06,-17.8,12.23
US,CEG,2024,3,37.2,-84.7,12.82,-21.5,-19.12
US,CEG,2025,24,39.6,-41.1,12.71,-13.1,6.16
US,CEG,2026,25,30.0,-216.5,11.39,-30.4,-1.96
US,CHTR,2020,17,43.8,-14.6,10.71,-6.8,12.29
US,CHTR,2020,33,47.9,-57.3,10.49,-7.3,-10.76
US,CHTR,2021,90,41.3,-22.0,10.27,-10.8,7.54
US,CHTR,2024,32,42.8,-68.0,13.09,-28.7,-4.13
US,CHTR,2024,64,33.3,-94.9,10.4,-16.0,5.03
US,CHTR,2025,68,32.4,-213.0,12.02,-53.2,-29.12
US,CI,2019,53,42.6,-98.1,10.66,-31.5,23.17
US,CI,2020,6,36.3,-3.8,10.13,-9.7,11.7
US,CI,2020,35,49.4,-77.6,24.33,-23.9,-13.26
US,CI,2021,78,38.4,-46.3,10.27,-24.4,14.84
US,CI,2023,43,41.5,-24.5,10.93,-17.8,-3.57
US,CI,2023,11,24.7,-85.5,15.41,-21.5,13.35
US,CI,2024,27,34.5,-155.6,10.71,-24.4,15.2
US,CMCSA,2020,10,37.6,-45.9,11.7,-9.5,3.75
US,CMCSA,2021,35,48.8,-18.8,11.14,-5.0,3.63
US,CMCSA,2025,73,30.1,-99.3,11.38,-36.0,0.75
US,CMG,2019,63,39.7,-49.8,10.28,-8.6,4.43
US,CMG,2020,77,48.4,-1.1,12.62,-9.8,-1.6
US,CMG,2024,76,43.3,-184.5,10.11,-20.8,0.91
US,CMG,2025,41,18.1,-91.6,10.03,-52.1,0.04
US,COIN,2021,73,35.7,-291.6,18.57,,19.62
US,COIN,2021,6,37.2,-102.5,10.07,-33.5,-4.3
US,COIN,2023,11,36.5,-164.2,11.94,-58.7,38.9
US,COIN,2023,68,47.7,-115.3,11.9,-27.7,44.26
US,COIN,2024,9,43.4,-159.6,10.76,-31.2,43.13
US,COIN,2024,2,40.9,-84.0,12.22,-27.1,-8.79
US,COIN,2024,18,45.6,-22.5,13.17,-20.5,-19.84
US,COIN,2024,14,50.7,-75.1,10.2,-36.3,43.36
US,COIN,2024,6,38.0,-71.9,15.89,-27.7,-36.85
US,COIN,2025,20,40.7,-145.0,12.67,-27.5,-25.13
US,COIN,2025,5,30.5,-182.7,12.73,-46.1,-28.57
US,COIN,2026,5,46.3,-220.1,18.81,-58.1,-20.57
US,COP,2018,34,44.4,-35.7,10.53,-10.0,14.06
US,COP,2020,12,38.7,-79.7,11.42,-42.2,-12.54
US,COP,2020,47,36.9,-127.8,17.38,-49.2,20.36
US,COP,2021,7,47.8,-40.4,11.65,-14.5,1.34
US,COP,2021,54,45.3,-50.6,11.06,-10.2,16.89
US,COP,2025,13,40.4,-49.3,10.94,-24.5,-3.37
US,COP,2025,66,46.6,-62.2,12.67,-19.9,36.58
US,COST,2019,50,46.1,-15.7,10.13,-3.7,18.35
US,COST,2020,35,51.5,-17.2,12.31,-6.2,11.62
US,COST,2024,27,42.9,-32.4,10.57,-7.2,6.1
US,COST,2024,35,32.6,-7.6,11.52,-7.9,3.67
US,COST,2025,14,39.8,-49.0,10.28,-19.6,5.6
US,CRM,2020,6,36.2,-31.9,12.03,-17.4,-17.8
US,CRM,2020,47,39.4,-80.6,11.71,-20.9,-11.29
US,CRM,2024,33,30.1,-104.5,11.31,-25.9,7.18
US,CRM,2025,7,41.7,-82.0,13.03,-37.0,-23.48
US,CRWD,2019,7,35.2,-364.4,17.96,-41.5,-21.98
US,CRWD,2019,15,40.7,-297.3,19.72,-49.9,10.2
US,CRWD,2019,6,47.8,-62.0,10.51,-50.0,35.99
US,CRWD,2020,5,32.6,-36.8,10.08,-19.0,54.13
US,CRWD,2021,8,41.8,-182.4,11.47,-24.7,30.01
US,CRWD,2021,13,41.5,-44.8,10.03,-14.2,-28.14
US,CRWD,2023,10,37.9,-25.2,10.3,-42.0,9.0
US,CRWD,2024,14,40.8,-74.3,12.65,-12.6,-18.63
US,CRWD,2024,14,17.8,-407.2,10.46,-40.8,32.57
US,CRWD,2025,49,39.1,-45.8,10.57,-11.6,-2.78
US,CRWD,2026,6,38.2,-190.5,14.57,-33.3,69.55
US,CSCO,2019,75,40.4,-47.6,11.01,-21.4,10.83
US,CSCO,2021,76,31.2,-35.6,10.85,-8.6,-1.99
US,CSCO,2023,49,38.3,-59.1,10.2,-9.0,10.74
US,CSX,2018,49,45.0,-22.0,13.57,-9.0,13.43
US,CSX,2021,54,38.1,-43.6,10.14,-10.7,-0.48
US,CSX,2021,14,31.7,-78.4,12.41,-13.0,13.15
US,CSX,2023,75,53.2,-49.8,10.92,-19.0,-4.24
US,CSX,2025,31,33.2,-44.2,10.21,-10.6,6.46
US,CVS,2020,7,37.7,-18.9,15.8,-24.4,4.15
US,CVS,2021,17,36.5,-39.4,10.04,-10.1,15.09
US,CVS,2023,19,28.8,-93.8,10.46,-35.7,3.9
US,CVS,2024,35,45.7,-17.8,12.84,-27.6,-25.42
US,CVS,2024,13,32.9,-251.9,14.77,-42.6,41.86
US,CVS,2025,80,51.3,-63.5,10.77,-7.8,13.79
US,CVS,2026,89,40.7,-26.0,13.58,-11.1,29.38
US,CVX,2018,49,39.5,-106.1,10.63,-15.4,-1.05
US,CVX,2020,40,30.5,-153.1,10.28,-38.3,9.67
US,CVX,2021,81,49.1,-46.8,11.19,-7.7,21.39
US,CVX,2024,82,50.6,-29.3,10.16,-9.7,0.14
US,CVX,2024,16,36.3,-92.1,10.04,-10.9,-5.82
US,CVX,2025,47,47.8,-16.6,10.66,-7.2,15.25
US,DAL,2020,10,41.1,-97.5,17.5,-59.5,9.49
US,DAL,2021,10,42.3,-25.2,13.91,-35.7,6.54
US,DAL,2021,63,39.4,-87.9,13.73,-22.7,-12.17
US,DAL,2021,7,34.9,-63.5,13.19,-24.2,-0.12
US,DAL,2023,69,49.7,-135.8,12.0,-21.9,6.66
US,DAL,2024,10,45.5,-16.8,10.66,-8.0,-32.28
US,DAL,2025,21,41.0,-24.3,10.15,-17.1,12.49
US,DAL,2026,7,40.8,-31.5,14.36,-8.9,-0.95
US,DASH,2021,12,38.9,-269.9,12.74,-39.1,19.36
US,DASH,2021,13,38.4,-7.5,16.75,-12.6,-50.82
US,DASH,2024,29,43.9,-12.9,10.75,-7.1,8.97
US,DASH,2025,5,37.4,-264.3,12.15,-29.6,-17.87
US,DDOG,2020,22,47.9,-45.9,11.8,-13.3,7.26
US,DDOG,2021,13,45.6,-193.7,13.04,-29.3,13.32
US,DDOG,2024,71,41.7,-39.2,11.72,-14.5,9.94
US,DDOG,2026,7,42.8,-139.0,12.32,-43.9,87.09
US,DE,2019,42,50.9,-49.6,10.86,-9.1,0.87
US,DE,2020,21,28.7,-61.0,11.89,-11.4,3.68
US,DE,2023,54,42.3,-49.4,10.2,-14.7,-1.22
US,DE,2024,27,41.0,-72.4,12.49,-17.6,-3.6
US,DG,2021,52,43.6,-45.4,10.71,-8.6,-6.11
US,DG,2025,24,43.7,-47.0,11.22,-54.9,33.42
US,DG,2025,7,37.7,-40.0,10.23,-13.9,-12.31
US,DG,2025,65,41.9,-72.2,21.96,-11.2,18.24
US,DHR,2023,89,39.9,-36.0,11.93,-21.4,-8.56
US,DHR,2024,32,42.2,-19.3,10.14,-6.7,-9.72
US,DHR,2025,75,47.0,-28.1,10.31,-32.1,4.87
US,DHR,2025,21,55.2,-69.5,11.35,-28.3,10.75
US,DIA,2020,89,52.6,-15.1,10.05,-4.6,8.62
US,DIS,2019,14,47.2,-24.7,17.14,-5.9,12.01
US,DIS,2019,88,50.2,-36.6,10.48,-6.2,-13.97
US,DIS,2020,36,44.3,-20.9,14.44,-26.0,0.51
US,DIS,2020,40,41.1,-36.4,14.92,-17.7,24.42
US,DIS,2022,56,50.9,-35.8,10.47,-38.0,-3.48
US,DIS,2023,76,40.0,-42.1,12.25,-28.1,15.83
US,DKNG,2020,5,29.8,-260.5,11.47,-44.5,52.02
US,DKNG,2021,11,49.4,-173.5,10.71,-30.6,15.64
US,DKNG,2021,13,48.4,-18.9,12.6,-32.6,-24.84
US,DKNG,2023,31,47.2,-1.5,13.22,-9.6,10.15
US,DKNG,2024,15,43.5,-64.8,11.04,-14.6,-22.93
US,DKNG,2024,12,27.7,-144.6,10.7,-27.8,0.9
US,DKNG,2024,7,38.0,-40.4,10.36,-27.4,14.31
US,DKNG,2024,21,35.6,-91.7,11.59,-23.6,-12.7
US,DKNG,2025,31,29.3,-243.1,10.72,-42.8,-24.52
US,EA,2023,71,37.5,-85.2,10.67,-13.9,0.85
US,EA,2024,37,48.1,-30.3,10.12,-5.5,-13.41
US,EA,2025,34,29.8,-240.7,11.45,-26.7,10.25
US,EBAY,2020,4,34.4,-18.2,11.47,-18.7,32.97
US,EBAY,2020,13,47.6,-61.5,10.54,-11.8,-9.7
US,EBAY,2020,47,33.0,-27.2,12.99,-19.4,8.61
US,EBAY,2021,10,33.5,-10.1,10.13,-14.1,7.07
US,EBAY,2021,22,38.1,-20.0,15.67,-10.0,-19.24
US,EBAY,2024,28,42.5,-12.7,16.61,-18.6,12.12
US,EBAY,2024,25,21.8,-31.0,13.01,-14.4,3.65
US,EBAY,2025,66,30.6,-2.1,11.66,-19.1,9.19
US,EBAY,2026,46,57.0,-43.9,10.87,-9.2,13.32
US,ELV,2019,50,45.2,-135.7,10.98,-16.9,-12.34
US,ELV,2019,77,38.2,-124.2,14.25,-17.2,2.07
US,ELV,2020,12,28.2,-62.5,11.58,-15.5,16.82
US,ELV,2020,12,54.5,-62.2,11.16,-11.8,5.93
US,ELV,2021,35,37.0,-39.0,12.33,-12.3,17.95
US,ELV,2025,19,32.9,-259.0,10.22,-48.9,9.54
US,ELV,2026,59,37.0,-72.5,11.98,-28.2,10.53
US,EOG,2018,49,36.5,-52.4,11.46,-14.4,9.61
US,EOG,2018,33,44.9,-50.4,10.28,-9.0,-21.49
US,EOG,2019,43,43.0,-14.6,12.03,-28.7,-15.77
US,EOG,2019,17,39.7,-139.5,15.43,-43.4,-11.64
US,EOG,2020,40,32.2,-201.8,13.29,-58.9,41.73
US,EOG,2021,59,40.2,-118.0,12.28,-15.4,16.57
US,EOG,2024,21,52.0,-2.4,10.15,-14.2,1.18
US,EOG,2024,44,47.5,-13.1,10.08,-9.7,-0.1
US,EOG,2024,14,43.0,-79.0,10.76,-10.2,-14.25
US,EOG,2025,12,39.8,-20.1,10.45,-20.1,-0.96
US,EOG,2025,35,46.6,-36.3,10.24,-21.3,19.43
US,ETHA,2024,69,30.6,-218.7,15.94,,-8.02
US,ETHA,2025,6,47.7,-23.1,13.58,-13.9,-28.14
US,ETHA,2025,12,41.2,-285.8,10.63,-37.3,-35.07
US,ETHA,2026,5,36.8,-362.3,11.91,-60.3,-15.13
US,F,2020,8,44.2,-35.1,10.36,-29.0,16.39
US,F,2021,21,41.6,-45.0,15.51,-13.7,-4.73
US,F,2021,74,46.8,-48.8,12.11,-12.8,58.75
US,F,2024,12,55.1,-5.4,10.75,-21.6,0.72
US,F,2024,72,40.6,-8.9,12.21,-16.5,-18.6
US,FBTC,2024,15,38.4,-52.2,11.94,-19.8,-10.68
US,FBTC,2024,21,37.7,-80.7,12.24,-18.5,-0.01
US,FBTC,2024,27,45.1,-29.8,10.5,-20.5,50.21
US,FBTC,2025,54,31.9,-131.8,11.1,-21.2,25.19
US,FBTC,2025,34,39.2,-35.6,11.81,-12.0,-22.2
US,FBTC,2026,5,37.1,-252.9,11.43,-47.8,-9.33
US,FCX,2019,11,39.5,-187.9,10.12,-36.1,19.78
US,FCX,2020,5,33.3,-102.3,11.8,-20.7,-5.62
US,FCX,2021,14,47.3,-31.8,10.51,-13.5,-4.32
US,FCX,2021,13,43.5,-86.8,10.11,-27.2,28.67
US,FCX,2024,44,49.7,-15.6,12.4,-10.4,11.21
US,FCX,2024,84,29.0,-139.0,13.38,-30.2,-0.11
US,FCX,2025,26,37.5,-5.8,10.21,-21.3,-3.7
US,FCX,2025,9,40.4,-119.4,10.43,-22.5,33.84
US,FDX,2019,12,49.7,-64.5,10.11,-37.3,-9.43
US,FDX,2019,35,37.0,-90.2,13.24,-38.7,-9.04
US,FDX,2020,89,31.7,-69.9,10.42,-13.7,3.1
US,FDX,2021,35,15.3,-183.6,11.73,-30.1,7.26
US,FDX,2024,50,37.1,-39.9,10.32,-14.4,-0.5
US,FDX,2024,26,45.6,-63.6,17.27,-12.3,-10.76
US,FDX,2024,56,45.0,-74.2,11.5,-12.3,-9.8
US,FISV,2019,45,47.7,-11.8,10.15,-4.7,6.83
US,FISV,2020,10,39.5,-47.2,14.28,-22.9,-8.28
US,FISV,2021,10,32.5,-75.7,10.43,-17.1,3.9
US,FISV,2024,36,46.3,-20.4,11.74,-7.7,-15.84
US,GE,2019,11,38.4,-220.4,10.79,-36.7,19.91
US,GE,2020,11,34.6,-60.6,10.87,-53.8,31.12
US,GE,2024,63,45.5,-10.8,10.03,-5.9,4.69
US,GE,2024,84,35.4,-34.5,17.08,-11.6,3.64
US,GE,2025,82,48.3,-28.2,10.56,-5.0,-11.31
US,GEV,2025,40,45.5,-61.1,23.56,-11.9,13.77
US,GILD,2020,21,41.0,-30.5,10.28,-7.2,29.17
US,GILD,2020,77,27.3,-77.6,10.14,-29.4,5.78
US,GILD,2021,49,34.1,-7.7,10.15,-24.6,4.78
US,GILD,2021,62,39.8,-0.3,10.05,-18.1,4.62
US,GILD,2021,47,32.8,-48.8,10.87,-10.3,-12.08
US,GILD,2023,35,51.4,-31.0,11.29,-11.1,-16.68
US,GILD,2024,77,28.3,-91.0,11.22,-24.5,21.92
US,GLD,2024,61,52.3,-3.1,10.28,-2.1,8.11
US,GLD,2024,76,50.8,-17.3,10.07,-4.6,14.14
US,GLD,2025,39,43.1,-6.2,10.52,-4.2,18.3
US,GM,2020,41,44.4,-2.7,10.59,-36.0,36.32
US,GM,2021,34,36.7,-136.9,10.14,-23.3,14.23
US,GM,2024,27,37.3,-39.4,11.12,-11.2,22.78
US,GOOG,2019,28,42.3,-38.0,15.68,-16.1,3.53
US,GOOG,2020,23,44.1,-75.8,11.66,-15.0,9.42
US,GOOG,2020,33,50.2,-0.9,10.03,-4.2,21.53
US,GOOG,2021,29,31.7,-25.4,11.26,-8.6,-2.69
US,GOOG,2024,32,42.6,-33.9,11.96,-9.7,22.4
US,GOOG,2026,59,44.6,-57.8,11.99,-9.7,-1.01
US,GOOGL,2019,28,42.3,-40.4,15.0,-16.5,3.8
US,GOOGL,2020,23,44.2,-76.8,11.42,-14.7,9.42
US,GOOGL,2021,29,34.1,-18.0,10.75,-7.9,-2.81
US,GOOGL,2024,32,42.5,-32.4,12.3,-9.8,22.2
US,GOOGL,2026,56,45.3,-56.1,10.55,-9.3,0.21
US,GS,2020,10,33.5,-32.8,13.7,-22.9,33.77
US,GS,2021,26,38.5,-38.6,10.47,-9.5,-10.54
US,GS,2024,21,47.3,-10.7,10.85,-5.4,-11.0
US,GS,2026,52,38.1,-29.6,10.14,-11.9,18.25
US,HD,2019,74,37.2,-55.4,10.28,-7.7,21.53
US,HD,2020,83,42.7,-14.7,10.9,-8.0,5.74
US,HD,2024,77,34.3,-104.5,11.21,-15.4,15.32
US,HON,2019,70,50.2,-56.0,10.08,-7.2,-0.93
US,HON,2021,42,33.7,-43.0,10.24,-9.0,6.76
US,HON,2025,47,46.4,-29.5,10.85,-14.2,9.88
US,HOOD,2023,47,33.5,-34.0,12.43,-28.2,7.85
US,HOOD,2024,12,42.9,-60.3,11.82,-19.0,42.61
US,HOOD,2024,15,41.7,-35.5,12.31,-18.1,8.66
US,HOOD,2026,47,38.1,-323.3,15.12,-50.2,22.11
US,HUM,2019,69,47.7,-1.2,11.51,-19.5,11.97
US,HUM,2020,12,32.7,-29.1,11.19,-10.3,27.18
US,HUM,2020,64,54.9,-21.6,10.32,-5.4,-6.31
US,HUM,2021,56,37.8,-39.0,10.57,-15.1,3.6
US,HUM,2021,50,34.8,-81.0,12.3,-14.0,-10.25
US,HUM,2023,13,45.1,-10.9,10.26,-13.5,-19.54
US,HUM,2023,38,32.6,-141.8,10.63,-20.2,1.47
US,HUM,2024,9,31.3,-84.5,10.79,-43.2,9.05
US,HUM,2024,13,41.8,-110.7,13.26,-45.4,5.28
US,HUM,2025,61,42.6,-129.6,12.57,-41.8,12.12
US,HUM,2025,6,42.2,-91.8,13.46,-17.2,-1.48
US,HUM,2025,17,46.6,-154.6,11.79,-21.0,-34.96
US,IBIT,2024,15,38.0,-53.5,12.21,-20.0,-10.63
US,IBIT,2024,21,37.5,-80.9,12.48,-18.6,-0.12
US,IBIT,2024,27,45.1,-30.2,10.4,-20.5,50.19
US,IBIT,2025,54,32.2,-131.5,11.06,-21.1,25.14
US,IBIT,2025,34,39.3,-35.8,11.93,-12.0,-22.21
US,IBIT,2026,5,37.1,-252.9,11.43,-47.8,-9.41
US,IBM,2020,25,38.0,-100.8,13.04,-26.2,-6.69
US,IBM,2021,48,39.0,-25.3,10.65,-20.1,13.57
US,IBM,2021,55,26.1,-90.1,10.68,-16.4,6.0
US,IBM,2024,73,23.3,-103.3,11.1,-16.0,30.27
US,IBM,2024,25,30.2,-25.5,10.25,-12.1,15.99
US,IBM,2025,56,25.8,-74.4,11.93,-14.1,12.12
US,IBM,2026,90,35.0,-217.6,10.8,-23.3,-21.46
US,INTC,2019,12,51.9,-48.8,11.35,-18.4,7.73
US,INTC,2020,33,21.3,-184.4,10.21,-29.6,-5.12
US,INTC,2020,32,25.6,-99.6,12.74,-34.2,14.9
US,INTC,2021,68,35.0,-85.4,10.7,-27.3,-6.67
US,INTC,2024,69,21.4,-256.9,12.01,-39.8,-33.48
US,INTC,2024,68,46.2,-301.8,13.66,-56.0,-18.21
US,INTC,2024,43,40.8,-150.4,12.12,-59.0,-0.78
US,INTC,2025,11,39.9,-20.0,12.94,-43.6,10.96
US,INTC,2025,12,32.3,-44.7,10.15,-35.2,77.25
US,INTC,2025,7,46.9,-43.3,15.53,-15.7,46.69
US,INTU,2020,40,54.6,-10.6,10.6,-7.9,1.92
US,INTU,2021,49,49.2,-40.8,10.11,-9.3,27.19
US,INTU,2022,64,54.9,-24.4,11.16,-39.5,2.64
US,INTU,2026,6,39.6,-362.2,14.12,-49.2,-34.3
US,ISRG,2019,49,52.8,-40.4,10.74,-12.7,4.41
US,ISRG,2020,20,33.9,-24.9,10.45,-9.0,12.24
US,ISRG,2020,7,35.2,-5.9,10.01,-12.8,-3.56
US,ISRG,2021,82,41.1,-28.7,19.23,-8.7,6.15
US,ISRG,2021,36,38.8,-26.3,10.13,-8.2,-14.49
US,ISRG,2023,78,40.5,-73.3,21.52,-19.6,15.14
US,ISRG,2024,36,40.9,-44.5,12.58,-7.5,15.67
US,ISRG,2024,15,41.4,-8.7,11.14,-5.2,-9.99
US,ISRG,2025,22,45.9,-68.2,17.84,-26.7,1.17
US,JD,2019,16,37.5,-28.1,10.74,-12.4,24.67
US,JD,2021,40,41.6,-186.5,11.73,-34.4,-25.11
US,JD,2023,48,39.0,-172.8,11.87,-45.5,-18.83
US,JD,2024,35,36.5,-154.2,10.47,-62.1,29.03
US,JD,2024,13,27.2,-131.3,10.8,-35.7,50.96
US,JD,2024,10,51.5,-101.7,10.41,-20.6,6.41
US,JD,2024,17,41.0,-58.2,12.49,-26.4,-2.59
US,JD,2025,47,41.1,-3.9,10.23,-31.1,-13.47
US,JD,2026,26,33.0,-68.6,12.14,-39.6,-12.96
US,JNJ,2020,64,43.0,-46.9,10.11,-8.9,-4.35
US,JPM,2019,14,43.1,-30.8,10.7,-13.4,2.93
US,JPM,2019,46,52.0,-42.6,10.07,-6.0,13.08
US,JPM,2020,42,44.6,-13.0,11.45,-32.2,14.98
US,JPM,2020,40,46.2,-52.1,22.56,-29.9,11.76
US,JPM,2023,76,46.4,-82.5,10.67,-9.4,6.87
US,JPM,2024,76,52.9,-0.9,10.16,-3.7,7.63
US,JPM,2024,37,49.4,-13.7,17.89,-6.2,13.15
US,JPM,2024,21,49.9,-3.1,10.3,-4.2,-3.21
US,JPM,2026,18,45.8,-17.8,10.63,-10.1,5.19
US,KLAC,2019,34,45.2,-1.1,11.42,-7.9,3.9
US,KLAC,2020,12,54.5,-60.2,10.74,-10.6,29.63
US,KLAC,2024,15,52.9,-16.4,10.44,-4.7,13.36
US,KLAC,2024,77,37.3,-128.5,12.47,-25.2,-8.19
US,KO,2018,66,33.1,-7.1,10.17,-6.5,3.32
US,KO,2019,77,38.8,-61.1,10.31,-10.0,11.94
US,KO,2020,59,44.1,-25.3,11.53,-24.4,5.33
US,KO,2020,11,38.1,-12.9,12.32,-18.0,-14.42
US,KO,2021,56,35.9,-81.2,11.07,-17.2,2.34
US,KO,2021,74,27.4,-51.8,10.94,-8.0,10.12
US,KO,2025,35,47.0,-5.7,10.64,-3.7,4.2
US,KVUE,2024,39,40.1,-50.5,14.74,-28.4,9.11
US,KVUE,2024,52,32.6,-83.7,10.31,-12.0,6.01
US,LIN,2020,18,38.5,-5.8,10.05,-5.1,10.18
US,LIN,2020,41,44.2,-46.8,10.04,-8.5,-11.38
US,LIN,2021,45,39.0,-29.0,10.09,-9.6,10.0
US,LIN,2021,32,32.0,-23.8,10.09,-7.1,5.84
US,LIN,2024,22,47.2,-7.6,10.42,-5.1,-1.04
US,LLY,2020,5,28.2,-105.5,13.9,-22.5,26.65
US,LLY,2021,68,42.3,-92.5,19.64,-11.8,17.33
US,LLY,2021,29,40.1,-120.0,10.26,-15.3,2.43
US,LLY,2023,80,40.7,-54.0,12.3,-8.2,18.11
US,LLY,2024,9,34.5,-80.5,10.87,-15.4,-13.0
US,LLY,2024,70,47.5,-124.8,10.43,-17.0,-12.04
US,LLY,2025,13,45.3,-100.2,10.08,-22.7,-8.56
US,LMT,2019,25,53.9,-10.8,10.97,-14.0,8.29
US,LMT,2021,48,28.4,-67.8,12.24,-25.0,7.92
US,LMT,2021,73,32.0,-15.9,10.21,-15.1,33.43
US,LMT,2025,36,32.1,-106.9,11.0,-30.1,0.26
US,LMT,2025,38,40.5,-64.4,12.58,-11.1,26.06
US,LOW,2020,87,35.7,-0.4,10.51,-10.7,14.45
US,LOW,2021,21,35.1,-13.6,12.36,-10.8,5.72
US,LOW,2024,27,46.5,-4.3,10.59,-8.5,-6.05
US,LOW,2025,70,39.4,-46.7,12.21,-12.4,-5.38
US,LRCX,2020,42,38.1,-20.2,10.47,-12.6,38.79
US,LRCX,2021,90,50.5,-49.8,12.8,-9.3,-14.15
US,LRCX,2024,41,42.9,-58.1,12.15,-9.9,-25.18
US,LRCX,2024,83,43.4,-50.5,12.31,-33.8,-13.61
US,LULU,2018,20,40.9,-10.0,13.94,-7.5,1.9
US,LULU,2020,58,50.5,-106.1,10.94,-17.3,-18.15
US,LULU,2021,25,51.4,-3.8,11.13,-18.9,20.47
US,LULU,2023,57,43.3,-64.1,17.65,-24.2,0.78
US,LULU,2024,75,33.0,-162.8,10.86,-49.4,34.69
US,LULU,2025,73,47.8,-103.2,15.2,-57.8,-20.15
US,MA,2019,81,45.8,-20.3,10.08,-7.0,10.13
US,MA,2021,25,38.3,-50.4,10.79,-13.4,7.8
US,MAR,2019,88,39.5,-79.4,11.52,-12.1,-3.15
US,MAR,2020,41,44.3,-63.5,13.3,-43.8,9.37
US,MAR,2020,37,42.3,-39.8,12.22,-39.3,12.54
US,MAR,2021,7,34.9,-66.7,11.32,-22.6,13.27
US,MAR,2021,23,47.3,-37.7,10.93,-14.2,11.29
US,MAR,2024,57,35.1,-16.4,10.61,-11.9,17.35
US,MAR,2025,38,44.5,-12.4,11.8,-13.8,23.84
US,MCD,2021,59,42.4,-12.2,10.06,-9.0,0.71
US,MDB,2018,14,35.3,-30.2,11.14,-15.5,40.46
US,MDB,2019,7,37.5,-158.5,13.48,-30.8,-0.02
US,MDB,2019,9,48.3,-24.8,13.94,-24.4,18.83
US,MDB,2021,6,33.6,-314.3,10.87,-36.8,23.29
US,MDB,2022,7,43.7,-195.0,16.77,-72.7,12.15
US,MDB,2023,90,53.8,-76.6,10.28,-11.6,0.67
US,MDB,2024,63,44.9,-295.0,16.33,-50.1,11.12
US,MDB,2024,21,28.9,-246.7,10.76,-53.5,-34.32
US,MDLZ,2020,17,27.9,-47.0,10.47,-9.8,-9.86
US,MDLZ,2021,89,38.2,-18.3,10.39,-5.6,5.87
US,MDLZ,2023,83,49.0,-26.1,10.34,-3.8,2.72
US,MDLZ,2025,21,47.3,-46.8,11.52,-22.5,6.33
US,MDLZ,2025,34,41.6,-35.3,10.48,-22.6,5.13
US,MDT,2019,41,55.4,-42.0,10.07,-9.7,11.82
US,MDT,2020,43,45.5,-63.4,11.33,-23.4,13.98
US,MDT,2022,64,44.3,-70.9,11.79,-29.0,11.85
US,MDT,2024,54,39.6,-32.2,11.22,-9.9,-1.59
US,MDT,2025,53,46.7,-26.8,11.37,-11.5,4.78
US,MDT,2025,18,31.9,-24.9,11.14,-7.9,-4.29
US,MDT,2026,6,30.9,-84.9,11.0,-28.8,1.16
US,MDY,2020,40,49.0,-39.4,12.18,-10.8,12.7
US,MDY,2021,36,41.4,-13.8,10.12,-4.7,-2.02
US,MELI,2020,9,51.5,-70.2,10.84,-11.7,40.76
US,MELI,2021,26,44.9,-177.2,10.25,-25.8,-1.02
US,MELI,2021,25,40.5,-118.7,10.77,-31.5,24.51
US,MELI,2023,34,44.4,-67.4,11.69,-11.6,5.71
US,MELI,2024,81,39.2,-32.5,12.06,-12.2,15.01
US,MELI,2024,39,53.2,-7.0,10.16,-9.6,11.58
US,MELI,2024,28,34.9,-138.4,11.47,-20.5,25.47
US,MELI,2025,60,46.9,-91.1,10.77,-20.7,-20.42
US,META,2020,36,49.2,-55.1,12.52,-13.8,-19.15
US,META,2023,41,49.6,-40.3,10.79,-9.1,8.38
US,META,2024,9,29.1,-102.9,10.52,-18.4,12.98
US,META,2024,13,45.4,-73.0,11.31,-12.1,8.4
US,META,2024,12,52.5,-14.7,10.16,-3.6,0.75
US,META,2025,90,27.1,-47.4,13.97,-17.9,-15.88
US,MMM,2020,13,40.1,-6.0,10.23,-15.5,4.07
US,MMM,2024,42,30.8,-90.8,12.13,-16.8,20.15
US,MMM,2024,78,42.0,-45.3,10.36,-7.9,-2.65
US,MPC,2018,20,38.7,-38.8,11.55,-11.8,4.82
US,MPC,2019,11,52.3,-108.2,10.71,-40.9,7.68
US,MPC,2020,40,36.4,-187.3,24.3,-54.6,29.98
US,MPC,2021,55,45.0,-104.7,13.04,-13.8,5.84
US,MPC,2024,23,41.7,-127.6,10.62,-35.4,-5.21
US,MPC,2025,14,23.7,-157.6,11.35,-18.3,27.2
US,MRK,2018,48,38.3,-67.3,10.27,-17.4,6.26
US,MRK,2019,64,52.3,-65.7,11.14,-5.5,-2.03
US,MRK,2025,40,44.3,-60.5,10.03,-40.8,4.19
US,MRNA,2021,13,44.8,-161.3,14.33,-29.6,57.25
US,MRNA,2024,8,46.9,-56.7,11.7,-42.5,49.77
US,MRNA,2024,39,41.9,-285.2,10.38,-74.2,-37.73
US,MRNA,2025,5,38.8,-159.8,13.73,-81.4,-20.25
US,MRNA,2025,33,50.6,-9.0,14.01,-82.8,-10.39
US,MRNA,2025,24,33.5,-180.9,10.25,-69.7,30.92
US,MRVL,2019,66,44.3,-59.0,12.1,-12.3,-3.75
US,MRVL,2021,39,43.0,-27.6,12.21,-16.8,21.52
US,MRVL,2023,55,55.1,-27.6,14.42,-40.3,7.6
US,MRVL,2024,16,44.9,-58.8,10.88,-22.5,-1.98
US,MRVL,2025,19,31.7,-47.1,12.9,-50.0,21.94
US,MRVL,2025,84,46.4,-29.2,15.93,-32.4,185.18
US,MS,2019,54,52.2,-59.5,10.65,-14.5,18.43
US,MS,2020,40,44.6,-77.4,16.72,-14.0,24.8
US,MS,2024,28,47.7,-22.2,10.2,-6.9,-10.42
US,MS,2026,46,40.9,-56.6,10.11,-12.4,20.44
US,MSFT,2021,21,32.2,-24.3,10.23,-7.6,1.98
US,MSFT,2024,21,34.1,-46.0,10.4,-9.3,1.51
US,MSFT,2025,69,37.4,-63.0,10.37,-14.6,19.52
US,MSFT,2026,54,36.6,-137.4,10.23,-27.2,-8.81
US,MU,2020,16,44.4,-112.7,10.33,-24.1,41.14
US,MU,2021,80,47.6,-62.5,12.82,-22.9,17.1
US,MU,2023,27,39.9,-9.0,12.82,-14.6,1.25
US,MU,2024,27,38.8,-120.3,14.17,-37.2,-15.37
US,MU,2024,17,42.5,-46.4,10.53,-36.0,-0.54
US,MU,2024,6,34.0,-152.3,17.94,-45.0,-23.37
US,MU,2025,11,40.9,-44.9,13.36,-14.6,93.0
US,NBIS,2025,5,42.6,-132.5,10.9,-38.2,29.18
US,NEE,2020,16,46.0,-2.2,11.75,-14.4,12.09
US,NEE,2021,49,29.9,-70.6,10.15,-15.0,-2.14
US,NEE,2021,69,43.2,-44.1,10.51,-15.3,5.96
US,NEE,2021,28,33.6,-49.4,10.06,-9.2,-8.5
US,NEE,2024,57,46.2,-33.1,10.0,-24.2,15.9
US,NEE,2024,34,41.4,-19.1,10.7,-10.9,1.97
US,NEE,2025,62,42.5,-3.0,11.57,-14.9,6.57
US,NEE,2025,34,43.0,-39.1,10.64,-7.0,10.2
US,NEM,2018,50,48.1,-10.1,10.19,-8.1,-11.49
US,NEM,2019,35,27.2,-75.3,10.62,-19.9,19.44
US,NEM,2019,25,53.9,-5.3,10.24,-6.0,41.37
US,NEM,2021,17,31.5,-81.2,14.05,-21.9,16.02
US,NEM,2021,78,39.3,-69.1,10.17,-25.7,33.15
US,NEM,2024,64,31.6,-148.7,10.16,-33.7,22.47
US,NEM,2024,15,30.3,-140.2,11.15,-36.2,43.08
US,NEM,2025,11,44.7,-10.6,11.09,-17.6,32.52
US,NET,2019,15,45.9,-11.9,10.49,-18.6,61.38
US,NET,2021,13,47.1,-128.9,10.46,-24.8,37.41
US,NET,2021,5,36.2,-25.5,11.49,-17.8,-7.52
US,NET,2023,19,27.1,-17.9,15.2,-50.6,7.96
US,NET,2024,12,27.7,-182.8,11.42,-37.3,6.23
US,NET,2024,54,45.4,-13.8,10.46,-28.2,34.99
US,NET,2026,14,42.7,-86.8,10.43,-30.0,2.75
US,NET,2026,6,45.1,-63.9,11.68,-32.0,40.5
US,NFLX,2018,57,31.7,-103.7,11.98,-19.5,-23.43
US,NFLX,2019,46,37.2,-128.1,10.24,-30.5,30.59
US,NFLX,2020,13,53.1,-32.8,10.81,-10.2,-15.09
US,NFLX,2020,47,39.7,-30.6,10.32,-14.5,-5.48
US,NFLX,2024,7,35.8,-93.4,10.05,-13.4,5.45
US,NFLX,2024,20,38.6,-54.2,11.17,-9.0,21.45
US,NIO,2019,4,32.6,-383.4,10.59,-78.0,-50.47
US,NIO,2019,11,41.0,-109.9,16.08,-75.3,-33.59
US,NIO,2019,4,36.0,-388.8,17.93,-85.7,156.33
US,NIO,2023,24,37.8,-141.1,11.69,-67.3,23.16
US,NIO,2024,41,27.8,-305.8,10.14,-63.6,-24.75
US,NIO,2024,5,36.9,-146.1,17.07,-73.1,47.8
US,NIO,2024,10,40.7,-192.9,15.62,-52.5,-2.21
US,NIO,2025,42,35.5,-47.4,10.17,-50.9,89.83
US,NIO,2026,24,45.4,-84.8,12.55,-40.4,-0.48
US,NKE,2021,21,26.6,-116.3,11.67,-16.3,-5.16
US,NKE,2024,49,18.3,-29.5,10.43,-38.1,-9.05
US,NOC,2019,42,44.5,-45.6,11.57,-23.9,25.27
US,NOC,2020,42,41.4,-75.5,11.19,-19.5,-10.16
US,NOC,2021,48,36.6,-24.6,10.41,-22.2,17.94
US,NOC,2021,19,54.2,-13.3,10.87,-4.2,5.67
US,NOC,2023,42,47.8,-27.9,10.21,-19.9,-4.06
US,NOC,2024,73,37.2,-27.8,11.29,-7.2,3.25
US,NOC,2025,25,49.0,-53.5,10.21,-14.7,-0.71
US,NOC,2025,75,41.1,-13.3,12.4,-8.5,4.98
US,NOW,2021,15,50.0,-102.0,11.85,-15.9,0.37
US,NOW,2021,20,43.8,-82.1,11.93,-20.3,25.03
US,NOW,2024,17,34.1,-67.6,10.34,-14.7,11.54
US,NOW,2024,14,32.0,-41.8,10.91,-19.2,22.7
US,NU,2023,13,32.6,-111.1,10.22,-16.3,9.47
US,NU,2024,6,42.7,-67.3,10.5,-11.3,-3.4
US,NU,2024,15,30.4,-265.7,10.14,-34.8,1.69
US,NU,2025,19,32.1,-60.2,11.16,-32.3,5.05
US,NU,2025,20,38.8,-20.6,11.46,-23.1,15.39
US,NVDA,2020,5,41.1,-3.8,10.05,-12.6,-11.29
US,NVDA,2020,39,46.3,-22.0,10.6,-10.3,0.31
US,NVDA,2021,25,41.8,-4.1,11.83,-9.3,3.02
US,NVDA,2024,21,52.0,-36.1,10.4,-9.1,37.21
US,NVDA,2024,6,45.2,-32.1,11.27,-9.8,-25.03
US,NVDA,2025,10,38.8,-85.0,11.24,-19.6,-4.55
US,NVDA,2025,89,41.5,-51.4,10.49,-14.5,10.05
US,NXPI,2019,7,44.6,-25.6,11.04,-25.8,-2.5
US,NXPI,2021,34,35.6,-28.1,10.16,-13.7,-0.52
US,NXPI,2023,28,38.1,-72.9,10.65,-16.0,9.93
US,NXPI,2024,9,44.1,-3.4,10.91,-9.6,14.17
US,NXPI,2025,40,41.7,-57.7,10.85,-13.7,-14.96
US,ORCL,2020,46,32.9,-35.2,10.25,-8.7,5.29
US,ORCL,2021,32,41.7,-10.7,10.31,-7.1,20.54
US,ORCL,2021,7,44.3,-20.7,10.6,-8.0,8.84
US,ORCL,2023,34,42.9,-63.7,10.0,-16.5,2.71
US,ORCL,2024,38,35.7,-57.8,10.7,-11.7,13.16
US,ORCL,2024,22,36.8,-89.4,10.82,-13.4,-22.42
US,ORCL,2025,12,38.5,-27.2,45.2,-11.8,-29.53
US,ORCL,2025,12,30.7,-303.0,10.43,-38.4,-27.92
US,ORCL,2026,12,38.3,-182.6,12.19,-55.5,24.73
US,ORLY,2018,72,42.6,-49.9,10.41,-11.5,18.74
US,ORLY,2020,73,37.1,-30.7,10.82,-9.5,6.2
US,ORLY,2021,38,33.8,-31.6,11.15,-14.1,10.74
US,ORLY,2023,17,41.4,-52.5,10.18,-8.4,15.55
US,ORLY,2023,35,46.3,-20.7,10.23,-4.6,-0.92
US,ORLY,2024,90,25.7,-55.7,10.36,-13.2,8.58
US,ORLY,2024,30,36.6,-21.9,10.49,-6.7,12.93
US,ORLY,2025,66,49.7,-10.4,11.19,-5.2,-7.26
US,OXY,2018,42,28.6,-103.9,10.57,-15.5,17.66
US,OXY,2019,17,37.4,-145.1,11.88,-45.6,-19.63
US,OXY,2019,67,37.4,-48.9,13.53,-41.8,-40.46
US,OXY,2020,8,32.1,-266.4,11.69,-78.1,73.64
US,OXY,2020,6,37.0,-162.8,14.68,-80.1,133.59
US,OXY,2021,32,49.4,-65.9,12.26,-18.8,-10.92
US,OXY,2025,90,39.3,-102.5,10.88,-20.6,35.18
US,PANW,2018,24,37.6,-12.6,13.7,-9.2,-21.62
US,PANW,2019,56,43.4,-78.5,10.33,-20.1,5.65
US,PANW,2020,47,48.0,-44.8,13.79,-10.2,34.2
US,PANW,2021,12,38.6,-129.3,10.34,-18.9,8.84
US,PANW,2023,26,38.0,-17.1,11.98,-9.3,11.08
US,PANW,2024,17,50.8,-4.0,10.05,-9.3,0.82
US,PANW,2024,44,37.1,-42.5,10.95,-10.3,-0.49
US,PANW,2025,28,30.7,-39.8,10.03,-16.7,0.32
US,PANW,2026,7,35.0,-203.3,10.83,-32.7,65.75
US,PDD,2019,34,44.6,-47.2,14.69,-17.4,18.99
US,PDD,2020,67,35.3,-52.4,15.36,-19.1,120.66
US,PDD,2020,12,32.9,-158.5,14.25,-23.9,93.52
US,PDD,2021,6,38.3,-287.0,10.64,-34.0,-23.65
US,PDD,2021,4,45.9,-72.8,11.58,-38.4,-31.48
US,PDD,2021,25,42.1,-17.3,11.0,-55.3,-34.24
US,PDD,2024,49,34.2,-31.8,12.29,-15.6,-25.14
US,PDD,2024,25,28.4,-267.3,18.41,-39.0,-8.26
US,PDD,2024,10,26.3,-215.2,14.26,-38.7,14.12
US,PDD,2025,25,32.4,-13.2,11.04,-37.4,17.25
US,PEP,2019,65,37.0,-18.0,10.52,-4.9,-3.85
US,PEP,2020,35,36.6,-4.3,10.2,-7.3,-12.54
US,PEP,2021,36,35.0,-20.4,10.36,-4.7,11.64
US,PEP,2023,84,39.1,-62.9,11.68,-8.0,-0.99
US,PEP,2024,77,44.3,-5.3,10.75,-13.2,-1.9
US,PEP,2025,48,43.9,-59.1,11.86,-24.9,4.16
US,PEP,2025,34,39.8,-9.3,13.47,-5.7,-2.88
US,PFE,2019,64,46.4,-61.9,10.3,-11.4,-17.7
US,PFE,2020,17,36.4,-124.4,10.86,-23.4,1.32
US,PFE,2020,61,50.5,-35.6,11.16,-7.1,-14.66
US,PFE,2021,36,35.2,-66.6,14.01,-14.7,17.74
US,PFE,2024,8,39.5,-60.3,10.34,-33.8,8.5
US,PFE,2025,88,48.3,-16.8,11.23,-9.9,1.42
US,PG,2021,70,37.1,-9.8,10.35,-4.0,0.04
US,PG,2023,80,39.4,-56.1,10.3,-11.1,-2.51
US,PG,2023,54,48.1,-29.2,10.15,-6.1,6.9
US,PG,2025,35,45.1,-17.2,10.24,-17.1,-3.95
US,PINS,2019,46,34.0,-242.7,10.42,-46.7,5.69
US,PINS,2021,6,52.6,-85.9,12.51,-17.0,-3.6
US,PINS,2021,20,52.6,-116.4,12.01,-26.8,-24.6
US,PINS,2023,49,28.6,-11.3,10.26,-21.0,2.32
US,PINS,2024,62,50.2,-45.9,10.3,-10.6,-22.89
US,PINS,2024,59,47.0,-69.5,10.42,-32.6,-16.69
US,PINS,2026,4,35.4,-348.0,11.5,-56.3,10.01
US,PLTR,2021,13,38.2,-139.3,11.84,-38.7,-8.33
US,PLTR,2021,13,40.9,-102.6,14.65,-44.3,-9.58
US,PLTR,2023,11,40.4,-32.5,23.23,-32.3,58.51
US,PLTR,2023,36,46.0,-111.3,10.88,-25.1,-4.71
US,PLTR,2023,39,41.8,-65.5,27.37,-19.5,-0.62
US,PLTR,2024,6,46.5,-79.9,14.75,-17.0,9.9
US,PLTR,2025,12,45.5,-119.4,11.55,-18.7,-17.33
US,PM,2018,38,31.1,-52.4,10.53,-31.5,-14.6
US,PM,2019,35,29.7,-99.7,10.38,-19.4,9.82
US,PM,2020,27,45.1,-13.6,12.1,-19.2,-3.81
US,PM,2020,69,40.5,-28.5,10.2,-12.1,1.28
US,PM,2021,42,43.0,-6.6,10.13,-6.1,15.44
US,PM,2024,84,38.0,-21.7,10.51,-9.0,15.8
US,PM,2024,37,35.8,-54.4,20.75,-8.5,23.92
US,PM,2025,52,29.8,-73.9,10.65,-20.6,8.49
US,PYPL,2020,65,57.3,-30.1,10.53,-6.5,7.08
US,PYPL,2021,12,47.3,-90.0,10.78,-20.3,12.12
US,PYPL,2021,25,56.2,-4.9,10.28,-14.7,-3.67
US,PYPL,2022,64,40.8,-62.2,10.9,-60.3,-8.38
US,PYPL,2024,26,50.9,-34.2,10.49,-22.0,-8.98
US,PYPL,2024,80,47.4,-41.1,10.22,-16.9,23.96
US,PYPL,2025,69,35.5,-3.4,10.72,-25.1,-20.17
US,PYPL,2026,49,48.4,-172.2,10.29,-40.8,10.74
US,QCOM,2021,62,52.9,-17.2,12.8,-18.0,-11.66
US,QCOM,2021,35,25.9,-96.2,21.03,-20.6,22.72
US,QCOM,2023,75,50.8,-75.7,11.2,-15.6,19.82
US,QCOM,2024,13,49.6,-19.7,11.07,-5.6,-4.14
US,QCOM,2024,55,43.8,-71.8,10.56,-29.8,-9.97
US,QCOM,2026,61,40.9,-104.2,10.28,-23.8,13.56
US,QQQ,2020,68,53.0,-21.8,10.59,-8.2,-3.07
US,QQQ,2021,56,55.5,-2.4,10.39,-2.4,2.8
US,QQQ,2021,35,32.1,-23.3,11.25,-6.2,-2.66
US,QQQ,2024,42,43.4,-32.6,10.23,-4.9,2.04
US,QQQ,2026,62,47.1,-19.0,10.09,-4.4,6.81
US,RBLX,2021,10,40.2,-109.9,11.08,-22.9,-9.35
US,RBLX,2021,21,37.7,-64.4,10.11,-24.3,-10.6
US,RBLX,2023,13,29.5,-140.9,12.02,-30.4,-26.62
US,RBLX,2023,41,35.1,-338.5,12.27,-39.3,29.25
US,RBLX,2024,7,40.1,-63.7,15.28,-17.2,-11.24
US,RBLX,2024,27,47.2,-101.2,10.71,-28.2,20.19
US,RBLX,2026,10,30.7,-160.8,11.69,-53.5,-42.29
US,REGN,2020,5,31.2,-84.7,10.13,-23.1,73.89
US,REGN,2020,19,39.1,-83.6,10.51,-26.6,-4.07
US,REGN,2021,19,27.6,-97.9,10.09,-31.5,6.67
US,REGN,2021,70,32.2,-40.0,10.0,-11.1,2.64
US,REGN,2024,14,34.8,-70.6,10.55,-10.3,21.11
US,REGN,2025,33,32.4,-22.3,11.72,-59.1,8.15
US,REGN,2025,28,46.3,-4.3,16.4,-46.3,16.59
US,RIVN,2023,12,42.4,-165.2,10.06,-68.0,54.1
US,RIVN,2024,7,31.6,-394.3,10.51,-59.0,-3.32
US,RIVN,2024,2,40.3,-216.9,10.45,-67.8,51.63
US,RIVN,2024,67,35.1,-198.5,15.86,-53.9,-8.89
US,RIVN,2025,14,43.6,-65.6,11.7,-30.6,16.53
US,RIVN,2025,32,41.5,-99.6,12.16,-34.6,-2.58
US,RIVN,2026,14,27.3,-210.0,20.2,-34.3,-20.35
US,ROKU,2018,7,42.1,-130.0,12.48,-28.2,-19.45
US,ROKU,2019,9,31.8,-259.1,15.75,-40.1,11.42
US,ROKU,2021,6,41.4,-245.0,10.31,-30.6,21.09
US,ROKU,2023,39,39.9,-92.2,12.04,-48.9,38.76
US,ROKU,2024,12,46.6,-46.0,11.94,-17.6,-36.99
US,ROKU,2024,46,43.8,-50.8,12.77,-46.3,20.06
US,ROKU,2024,6,31.6,-1.1,12.78,-40.0,19.93
US,ROKU,2024,3,45.4,-82.6,11.62,-34.4,8.14
US,ROKU,2026,74,31.0,-55.1,11.91,-17.0,35.69
US,RTX,2020,10,34.8,-60.6,13.32,-41.8,-5.74
US,RTX,2020,40,39.3,-49.0,12.95,-40.5,3.75
US,RTX,2021,21,42.5,-51.5,11.28,-30.5,17.91
US,RTX,2024,27,30.7,-30.7,13.03,-7.4,14.01
US,RTX,2024,28,42.6,-33.0,10.91,-8.5,3.6
US,SBUX,2020,56,43.7,-44.7,13.02,-24.3,16.76
US,SBUX,2021,28,35.5,-21.6,12.06,-9.5,5.1
US,SBUX,2021,23,49.1,-4.1,12.66,-5.1,-8.57
US,SBUX,2023,77,45.8,-31.0,10.63,-14.1,-15.71
US,SBUX,2024,28,40.4,-91.9,10.04,-11.0,-9.89
US,SCHW,2019,26,40.5,-91.4,10.18,-24.9,-4.39
US,SCHW,2019,12,49.7,-86.2,11.73,-25.5,15.43
US,SCHW,2021,12,43.6,-64.2,10.1,-10.6,7.75
US,SCHW,2024,49,40.7,-31.8,11.17,-21.2,8.37
US,SCHW,2024,76,38.0,-125.4,10.83,-17.4,8.63
US,SCHW,2024,23,34.9,-57.8,10.9,-10.7,2.18
US,SCHW,2025,38,48.7,-26.2,11.87,-5.8,-7.01
US,SE,2021,6,49.9,-142.2,10.66,-20.3,11.6
US,SE,2023,10,42.9,-26.0,10.71,-15.5,-33.19
US,SE,2023,27,26.2,-480.7,11.85,-57.3,-9.06
US,SE,2023,8,39.9,-142.9,10.44,-58.9,42.44
US,SE,2024,13,36.4,-106.3,13.93,-13.9,28.16
US,SHOP,2019,14,38.9,-166.4,10.47,-23.4,26.36
US,SHOP,2021,8,44.9,-153.5,10.5,-24.9,20.23
US,SHOP,2021,21,32.9,-83.2,10.39,-17.5,-34.52
US,SHOP,2024,12,39.2,-198.4,10.68,-34.8,10.59
US,SHOP,2024,8,44.3,-65.1,12.01,-32.5,16.95
US,SHOP,2026,6,44.5,-174.7,11.65,-32.6,-13.1
US,SHW,2021,66,32.3,-14.4,11.24,-7.5,7.3
US,SHW,2021,42,45.0,-31.0,10.97,-5.4,6.89
US,SHW,2021,25,30.9,-53.6,10.72,-9.4,1.8
US,SHW,2024,84,29.4,-96.5,15.24,-13.7,12.73
US,SHW,2024,25,36.4,-36.5,11.62,-7.9,-5.75
US,SHW,2025,12,41.5,-33.0,10.37,-13.4,-4.87
US,SLB,2018,77,38.7,-101.8,11.38,-17.8,-13.24
US,SLB,2019,10,37.9,-170.2,13.47,-47.3,2.79
US,SLB,2020,40,31.9,-161.7,17.29,-60.8,38.17
US,SLB,2021,70,42.9,-118.9,10.3,-21.1,13.77
US,SLB,2024,14,45.6,-24.7,10.14,-21.4,-14.6
US,SLB,2024,17,37.8,-121.5,13.67,-29.2,-12.5
US,SLV,2020,78,37.8,-115.0,11.6,-19.9,-3.61
US,SLV,2021,36,37.7,-74.9,11.76,-15.9,-7.8
US,SLV,2021,25,38.7,-80.1,10.82,-23.3,3.47
US,SLV,2023,18,41.5,-57.8,10.05,-12.7,-4.76
US,SLV,2024,44,46.5,-36.1,10.14,-12.7,20.33
US,SLV,2024,88,47.2,-13.6,10.58,-9.2,-4.78
US,SNAP,2018,7,41.3,-79.9,53.48,-50.1,-45.35
US,SNAP,2021,7,41.9,-165.1,15.18,-25.8,7.96
US,SNAP,2023,20,32.5,-94.9,11.25,-71.1,-4.88
US,SNAP,2024,8,33.6,-377.9,12.43,-36.8,29.03
US,SNAP,2024,25,33.9,-307.4,13.17,-46.5,9.89
US,SNAP,2024,3,37.3,-49.6,11.14,-38.3,-25.91
US,SNAP,2025,19,36.1,-243.1,11.9,-44.5,-4.34
US,SNAP,2025,10,48.1,-20.2,11.41,-39.3,-42.22
US,SNOW,2021,4,40.3,-125.6,10.37,-30.1,-27.98
US,SNOW,2022,58,44.9,-126.2,11.52,-61.5,-0.63
US,SNOW,2023,90,48.9,-106.6,11.78,-20.8,3.29
US,SNOW,2024,75,39.1,-102.2,14.44,-51.6,49.21
US,SOFI,2021,54,43.8,-180.3,15.34,-33.5,-26.66
US,SOFI,2021,11,39.5,-234.1,10.04,-40.1,33.29
US,SOFI,2021,7,40.8,-141.9,11.71,-45.0,3.48
US,SOFI,2022,43,44.4,-118.2,10.97,-71.5,15.56
US,SOFI,2024,27,46.1,-78.2,16.86,-31.6,-22.68
US,SOFI,2024,17,45.5,-81.9,10.89,-42.3,24.08
US,SOFI,2025,5,43.7,-53.5,11.84,-18.7,-42.27
US,SPGI,2019,66,39.1,-20.2,11.08,-8.5,4.37
US,SPGI,2020,6,24.2,-78.2,10.31,-14.7,-18.01
US,SPGI,2020,88,52.3,-46.2,10.3,-13.0,12.3
US,SPGI,2021,28,33.3,-9.9,10.5,-6.4,-6.01
US,SPOT,2019,28,27.5,-200.1,22.98,-37.0,0.18
US,SPOT,2020,13,47.0,-97.8,10.05,-16.9,23.27
US,SPOT,2021,15,43.3,-192.1,11.86,-26.5,-16.71
US,SPOT,2021,34,34.8,-88.3,11.09,-37.3,-5.7
US,SPOT,2021,18,41.8,-7.7,10.42,-38.2,-11.07
US,SPOT,2023,85,42.1,-28.6,14.2,-16.9,18.21
US,SPOT,2025,8,36.9,-85.9,12.66,-19.2,-11.85
US,SPY,2020,65,51.5,-21.5,10.44,-6.0,1.19
US,SPY,2021,84,34.6,-20.1,10.05,-5.0,0.73
US,SPY,2024,64,43.2,-20.4,10.21,-4.1,3.22
US,SPY,2026,90,48.5,-2.4,10.3,-1.4,-0.03
US,T,2020,69,41.3,-49.6,10.71,-23.5,-6.93
US,T,2021,32,37.6,-0.9,10.18,-19.8,-5.96
US,TEM,2024,4,43.5,-134.2,10.94,-37.6,33.01
US,TEM,2024,3,32.7,-471.1,13.3,-56.5,21.15
US,TEM,2025,12,42.0,-59.2,17.23,-36.7,9.16
US,TEM,2025,6,28.1,-203.0,17.76,-42.8,-29.78
US,TJX,2020,41,43.9,-9.4,11.79,-21.0,-2.16
US,TJX,2020,10,32.2,-52.8,19.88,-20.6,4.5
US,TJX,2021,25,39.5,-20.1,10.08,-8.8,-3.76
US,TJX,2021,84,44.0,-26.6,10.02,-8.1,-1.38
US,TJX,2021,48,30.9,-27.5,11.89,-13.0,-3.69
US,TJX,2024,30,42.5,-32.1,10.28,-7.2,14.2
US,TJX,2024,25,39.1,-23.8,10.75,-6.0,3.89
US,TJX,2025,51,43.1,-41.9,12.32,-8.5,8.49
US,TJX,2026,69,40.5,-30.9,10.45,-5.3,-7.58
US,TMO,2024,32,36.1,-37.5,11.22,-7.6,-8.63
US,TMO,2025,54,41.7,-84.2,15.98,-35.3,19.25
US,TMUS,2019,28,45.5,-8.6,13.64,-5.3,-0.6
US,TMUS,2019,74,46.7,-28.6,20.29,-6.8,24.62
US,TMUS,2020,7,40.1,-29.1,12.77,-9.9,-9.04
US,TMUS,2024,37,37.5,-62.8,11.98,-10.6,4.98
US,TSLA,2018,2,41.8,-85.1,17.24,-22.6,0.12
US,TSLA,2019,45,49.8,-79.2,13.9,-40.1,107.55
US,TSLA,2020,6,39.4,-20.3,12.9,-22.1,87.47
US,TSLA,2021,31,48.4,-120.6,10.16,-29.2,16.25
US,TSLA,2023,24,40.1,-159.6,14.95,-48.3,23.87
US,TSLA,2025,17,52.5,-59.2,10.49,-10.4,-14.56
US,TSM,2020,12,36.0,-18.5,10.55,-10.6,12.22
US,TSM,2023,27,39.9,-73.5,19.75,-13.5,-8.05
US,TSM,2024,14,50.4,-20.5,10.64,-7.6,15.83
US,TSM,2024,6,44.7,-34.3,10.64,-10.3,-10.01
US,TSM,2025,12,44.6,-4.5,12.81,-6.0,19.74
US,TSM,2025,38,53.9,-27.8,10.84,-4.5,10.17
US,TTD,2018,9,37.4,-7.0,10.64,-13.3,43.84
US,TTD,2019,15,29.6,-244.5,13.04,-32.7,32.72
US,TTD,2021,6,43.0,-94.0,11.49,-21.1,-28.19
US,TTD,2021,13,40.5,-185.9,10.94,-32.9,5.99
US,TTD,2021,26,48.7,-185.3,11.18,-39.4,17.3
US,TTD,2021,15,41.9,-94.3,11.61,-27.6,-0.85
US,TTD,2024,15,47.5,-29.2,10.64,-25.0,24.56
US,TTD,2024,6,49.7,-11.3,10.27,-9.2,-2.76
US,TTD,2024,9,39.0,-57.0,10.48,-11.5,30.91
US,TTD,2025,8,44.8,-190.1,10.32,-64.9,-27.9
US,TTD,2026,6,25.9,-321.9,25.06,-73.5,-28.59
US,TXN,2019,70,36.3,-61.6,11.31,-9.7,7.83
US,TXN,2023,76,35.1,-47.4,10.36,-10.1,-8.41
US,TXN,2025,20,29.7,-74.2,10.89,-17.6,-18.04
US,U,2021,21,51.2,-33.1,11.18,-45.2,30.58
US,U,2023,13,39.1,-92.0,20.36,-61.4,11.42
US,U,2026,5,29.4,-734.8,11.79,-63.1,44.68
US,UAL,2019,19,41.1,-91.6,11.86,-17.5,6.6
US,UAL,2019,67,45.6,-73.9,10.45,-12.8,-13.94
US,UAL,2020,10,44.8,-62.5,19.63,-66.5,-5.21
US,UAL,2020,10,44.8,-36.4,22.03,-63.9,-2.62
US,UAL,2021,10,40.2,-71.8,10.9,-51.4,23.3
US,UAL,2021,33,49.0,-52.5,10.83,-12.9,-22.5
US,UAL,2021,7,42.5,-24.9,14.24,-26.1,-8.25
US,UAL,2023,67,43.4,-156.9,10.26,-18.4,0.99
US,UAL,2025,64,36.6,-4.2,12.41,-12.7,-13.53
US,UAL,2026,7,36.8,-44.8,13.28,-12.9,-12.62
US,UBER,2019,39,52.6,-54.5,10.84,-36.2,7.02
US,UBER,2020,37,43.9,-80.8,11.68,-30.2,21.41
US,UBER,2020,5,41.6,-31.5,22.69,-19.0,33.07
US,UBER,2021,21,32.7,-134.4,13.34,-38.1,-7.25
US,UBER,2023,32,48.6,-69.2,15.21,-13.9,26.39
US,UBER,2024,43,28.9,-124.7,10.38,-18.6,-5.24
US,UBER,2024,13,39.1,-77.2,10.22,-20.8,-1.22
US,UBER,2024,15,32.4,-156.1,11.11,-30.1,16.04
US,UBER,2025,22,41.3,-9.8,10.3,-10.0,-8.95
US,UNH,2019,69,42.5,-86.3,10.12,-17.6,12.14
US,UNH,2020,12,32.4,-16.2,11.39,-9.4,18.01
US,UNH,2021,52,38.1,-13.2,10.37,-8.6,9.74
US,UNH,2021,20,30.7,-37.1,11.35,-8.7,12.11
US,UNH,2023,36,33.6,-15.6,10.55,-13.2,-2.49
US,UNH,2024,11,43.3,-37.5,10.76,-6.8,-12.28
US,UNP,2018,79,46.7,-10.9,10.4,-7.8,5.09
US,UNP,2019,87,45.0,-61.6,11.08,-9.4,-3.21
US,UNP,2020,10,32.4,-93.3,11.74,-15.6,-5.31
US,UNP,2021,56,39.4,-16.1,13.41,-9.8,-1.11
US,UNP,2021,8,29.3,-87.3,10.44,-13.8,20.92
US,UNP,2024,88,36.6,-52.6,10.26,-9.4,-10.83
US,UPS,2018,72,30.2,-162.9,10.57,-21.5,4.56
US,UPS,2019,86,37.3,-27.6,12.39,-13.3,0.72
US,UPS,2020,25,37.3,-11.0,10.59,-11.0,-11.58
US,UPS,2021,61,36.6,-59.2,10.37,-11.7,21.69
US,UPS,2021,22,31.6,-47.9,11.92,-15.4,7.2
US,UPS,2024,40,27.6,-31.1,10.28,-25.4,-6.84
US,UPS,2025,89,25.5,-71.4,13.95,-35.4,13.84
US,UVXY,2019,7,36.8,-244.6,33.12,-63.9,-18.68
US,UVXY,2019,1,48.2,-237.7,11.6,-69.4,-34.33
US,UVXY,2019,2,45.1,-173.7,17.43,-70.4,-62.28
US,UVXY,2019,4,27.4,-356.5,17.45,-83.2,71.93
US,UVXY,2020,3,49.4,-247.9,27.59,-79.5,-63.52
US,UVXY,2020,14,31.3,-443.4,10.85,-89.9,-51.68
US,UVXY,2020,4,40.8,-166.6,12.96,-90.4,-58.86
US,UVXY,2021,12,39.2,-353.2,30.89,-90.3,-62.45
US,UVXY,2021,8,36.4,-345.9,10.4,-91.9,-25.73
US,UVXY,2021,20,38.3,-205.2,25.22,-92.5,-38.71
US,UVXY,2021,28,35.5,-319.6,28.83,-92.4,-11.34
US,UVXY,2021,18,38.2,-270.5,10.06,-91.5,-8.19
US,UVXY,2023,10,28.2,-349.3,11.0,-78.1,-29.62
US,UVXY,2023,6,35.2,-285.8,16.01,-81.7,-55.76
US,UVXY,2023,26,34.4,-107.2,24.5,-89.3,-54.31
US,UVXY,2024,43,38.0,-124.0,11.98,-89.5,-43.07
US,UVXY,2024,4,43.2,-194.4,29.64,-78.0,-33.42
US,UVXY,2024,19,36.3,-258.0,30.78,-68.8,-22.09
US,UVXY,2025,1,31.9,-257.1,12.63,-75.0,-40.29
US,UVXY,2025,48,32.1,-309.4,14.01,-74.7,-47.1
US,UVXY,2025,20,28.8,-342.4,15.53,-84.9,-3.05
US,V,2019,87,39.0,-27.4,10.15,-7.4,13.56
US,V,2021,26,33.1,-62.4,13.72,-11.6,7.1
US,VLO,2018,42,45.5,-13.3,10.94,-7.8,6.29
US,VLO,2019,13,44.1,-85.4,11.18,-34.7,11.92
US,VLO,2020,10,39.6,-172.6,29.71,-59.8,25.81
US,VLO,2021,63,41.8,-168.3,11.51,-20.6,5.03
US,VLO,2023,87,29.4,-127.5,10.64,-23.0,12.44
US,VLO,2024,15,38.2,-128.6,12.5,-31.7,-14.65
US,VLO,2025,5,38.5,-61.4,10.92,-11.7,42.84
US,VRTX,2019,13,37.0,-44.3,10.38,-14.4,10.42
US,VRTX,2019,22,40.8,-46.7,12.77,-13.0,20.76
US,VRTX,2020,32,30.0,-248.5,10.53,-31.3,-13.28
US,VRTX,2021,62,31.1,-73.9,13.02,-34.3,18.75
US,VRTX,2023,67,48.9,-0.7,10.74,-3.9,4.09
US,VRTX,2024,67,51.2,-17.5,12.48,-6.3,2.68
US,VRTX,2024,39,43.0,-35.3,11.11,-8.0,-9.39
US,VRTX,2024,27,31.2,-149.2,10.23,-22.1,17.0
US,VRTX,2025,75,40.2,-128.0,11.04,-24.3,13.82
US,VXX,2018,12,37.0,-105.0,27.15,-51.6,18.42
US,VXX,2019,7,37.8,-156.2,22.0,-48.0,-10.12
US,VXX,2019,5,49.3,-153.1,24.21,-52.3,-35.76
US,VXX,2019,2,46.0,-103.3,11.42,-52.0,-47.08
US,VXX,2019,4,27.9,-232.3,11.31,-66.5,52.14
US,VXX,2019,55,38.0,-167.4,16.87,-68.3,115.62
US,VXX,2020,34,38.2,-168.1,11.19,-58.7,-47.86
US,VXX,2020,28,43.2,-51.1,11.37,-63.9,-32.72
US,VXX,2020,58,31.0,-282.5,17.87,-75.1,-54.38
US,VXX,2021,12,40.1,-228.5,20.51,-75.9,-46.29
US,VXX,2021,19,36.6,-218.1,18.5,-79.1,-35.91
US,VXX,2021,20,38.8,-126.0,16.67,-79.9,-23.79
US,VXX,2021,28,36.4,-204.0,22.01,-79.8,-2.41
US,VXX,2021,20,38.7,-152.0,14.62,-78.0,20.29
US,VXX,2023,21,28.4,-225.1,11.13,-60.7,-24.2
US,VXX,2023,6,35.9,-179.4,11.09,-66.2,-41.01
US,VXX,2024,46,38.5,-74.3,15.12,-75.8,-35.18
US,VXX,2024,63,39.7,-151.6,35.91,-64.5,-8.08
US,VXX,2024,19,36.6,-161.0,21.45,-51.2,-11.04
US,VXX,2025,48,33.0,-197.8,10.2,-57.5,-32.7
US,VXX,2025,20,27.6,-222.2,10.99,-69.0,2.69
US,VZ,2018,32,46.3,-2.6,10.18,-2.9,-4.98
US,VZ,2019,76,39.9,-11.0,10.69,-7.3,-3.0
US,WDAY,2019,13,48.5,-15.5,10.62,-26.7,7.18
US,WDAY,2020,26,45.9,-8.0,18.07,-9.3,-1.85
US,WDAY,2020,48,43.4,-1.6,14.13,-13.8,4.54
US,WDAY,2021,4,48.3,-6.4,13.29,-11.7,-8.6
US,WDAY,2023,28,42.4,-20.0,16.08,-13.6,8.74
US,WDAY,2024,46,24.4,-148.9,11.44,-31.2,4.99
US,WDAY,2026,6,28.7,-339.9,10.03,-51.3,1.31
US,WFC,2020,50,44.2,-40.0,11.78,-55.3,36.18
US,WFC,2021,41,51.0,-23.7,10.06,-5.4,2.34
US,WFC,2023,17,35.9,-198.9,10.49,-22.9,9.97
US,WFC,2024,21,45.7,-18.9,10.83,-9.2,-7.84
US,WMT,2020,66,39.7,-26.7,10.6,-5.6,-5.75
US,WMT,2020,14,46.0,-33.3,10.21,-9.1,7.64
US,WMT,2023,82,39.8,-38.2,13.37,-8.3,11.5
US,WMT,2024,21,45.6,-3.2,10.15,-3.4,18.29
US,XOM,2020,47,30.1,-161.8,13.84,-49.9,32.61
US,XOM,2021,77,42.6,-69.4,10.37,-11.0,19.33
US,XOM,2024,85,34.8,-102.4,10.93,-13.5,-4.04
US,XOM,2025,18,40.0,-33.0,11.44,-16.2,-0.87
US,XYZ,2019,87,36.1,-171.7,10.37,-37.5,23.26
US,XYZ,2019,15,40.6,-36.6,12.47,-24.0,7.99
US,XYZ,2021,8,49.7,-107.1,13.79,-17.9,-8.15
US,XYZ,2021,31,50.7,-110.6,10.82,-19.5,6.02
US,XYZ,2021,21,38.6,-61.4,10.52,-14.9,-48.9
US,XYZ,2024,23,45.1,-62.1,21.4,-26.5,-13.32
US,XYZ,2024,17,46.9,-78.5,11.74,-24.8,-2.12
US,XYZ,2025,8,40.2,-22.2,12.23,-26.9,-10.38
US,ZM,2019,76,47.4,-176.9,10.09,-32.0,121.82
US,ZM,2020,14,28.9,-186.0,13.61,-40.6,-13.29
US,ZM,2021,72,43.1,-177.9,14.04,-43.5,-16.39
US,ZM,2022,69,45.2,-52.4,12.24,-62.2,-17.78
US,ZM,2023,19,32.7,-122.1,10.45,-49.9,-3.29
US,ZM,2024,55,46.3,-69.8,14.95,-20.2,16.31
US,ZM,2025,70,28.0,-87.2,10.33,-17.2,-14.03
US,ZM,2025,79,47.5,-31.8,10.67,-12.4,5.28
US,ZM,2026,34,28.7,-72.3,11.39,-23.2,2.74
US,ZS,2019,58,26.1,-407.0,10.16,-46.4,7.96
US,ZS,2021,13,39.6,-171.0,14.55,-24.2,15.7
US,ZS,2023,10,27.7,-177.4,19.78,-57.8,27.34
US,ZS,2024,21,39.7,-28.2,11.78,-29.6,2.48
US,ZS,2024,10,45.7,-58.4,14.37,-32.9,-0.75
US,ZS,2024,28,36.3,-91.0,13.45,-29.2,14.51
US,ZS,2025,70,42.4,-42.5,10.38,-9.8,-28.39
US,ZS,2026,6,32.8,-292.9,10.18,-56.3,-15.67
