market,h,ret,excess,rsi_evict
IN,21,3.494000645407347,4.86055924790505,47.3
IN,63,10.640420101504988,20.776968135192206,47.3
IN,21,5.123260850218037,6.210565548998426,37.7
IN,63,12.507045596131583,22.18561637770936,37.7
IN,21,-4.618203259908182,-0.6582443398428617,37.0
IN,63,-1.7584130059385972,8.54665549684077,37.0
IN,21,12.909135924733839,14.327997319345432,36.5
IN,63,32.149046793760824,35.502283478902136,36.5
IN,21,-6.008721424121721,-5.162608256485557,47.7
IN,63,0.7871934759216881,4.166785402761331,47.7
IN,21,18.20020806843139,19.619069463042983,29.0
IN,63,24.430701652988084,27.7839383381294,29.0
IN,21,-4.5368705035971235,-3.690757335960959,47.5
IN,63,-7.747302158273395,-4.367710231433753,47.5
IN,21,0.3047183735656711,2.333604291867075,43.2
IN,63,-7.027567490358521,-1.3035437733408646,43.2
IN,21,-25.350738641642657,-23.658999358282717,37.8
IN,63,-28.165938864628824,-18.935620783925856,37.8
IN,21,1.3958936647902709,3.167942629770104,49.9
IN,63,6.429570819640129,11.344767096276975,49.9
IN,21,6.973964726403503,9.414163601673797,46.8
IN,63,13.224368499257055,21.828415793413946,46.8
IN,21,1.3161674016253677,2.73502879623696,40.7
IN,63,9.279064659469128,12.744457734398896,40.7
IN,21,-5.6888967614324155,-4.2971620422246,54.6
IN,63,-9.179877778761858,-4.907683358359593,54.6
IN,21,-7.496625969053072,-3.001951901980471,41.6
IN,63,-18.467719155079887,-11.535440274073995,41.6
IN,21,8.789424860853433,10.434507916595592,47.6
IN,63,-0.004638218923924686,9.503569920848966,47.6
IN,21,15.028192069843582,14.136946448788802,35.7
IN,63,11.754274281556931,16.089490535561666,35.7
IN,21,-1.783668793978066,0.6565300812922281,44.7
IN,63,14.518900343642605,23.272714361577698,44.7
IN,21,-6.674286850213695,-4.518091294574777,37.8
IN,63,52.07235861246397,55.40083194073206,37.8
IN,21,48.27127659574468,49.69013799035627,43.8
IN,63,82.19509878419456,85.54833546933587,43.8
IN,21,-8.043534594454528,-6.651799875246712,47.7
IN,63,-2.2130085514382003,2.0591858689640645,47.7
IN,21,-1.3898169183482523,-0.4323877080776084,41.0
IN,63,-1.2294534277696,6.4465575020434045,41.0
IN,21,21.397875134296296,22.81673652890789,42.0
IN,63,55.12713381878953,58.48037050393084,42.0
IN,21,-6.0289811547413645,-4.502824929392247,27.4
IN,63,-21.225317216007213,-15.298080198349064,27.4
IN,21,-10.49649043724643,-6.883743747804882,28.9
IN,63,34.99259450061176,40.74921890946392,28.9
IN,21,4.315589353612181,5.682147956109884,50.1
IN,63,15.703422053231941,25.83997008691916,50.1
IN,21,6.9018404907975395,7.989145189577929,38.4
IN,63,20.552147239263796,30.23071802084157,38.4
IN,21,-12.286212914485173,-8.164007490174107,39.3
IN,63,-10.959860383944164,-0.31353536383782554,39.3
IN,21,-1.175426923929912,0.8281292280716501,39.7
IN,63,15.380350410290532,18.70882373855862,39.7
IN,21,12.97018227794753,14.389043672559122,41.9
IN,63,29.196080497313236,32.54931718245455,41.9
IN,21,7.6484420928865315,7.6484420928865315,43.2
IN,63,58.97707231040563,62.30554563867372,43.2
IN,21,9.251665812403909,9.251665812403909,39.4
IN,63,14.003502477362062,19.8767656461336,39.4
IN,21,7.292271934921546,11.92705970161313,48.8
IN,63,18.516366453612232,22.081966497373863,48.8
IN,21,-2.0035518401868013,4.311814760793453e-06,38.3
IN,63,8.240857936204238,11.569331264472327,38.3
IN,21,7.566172475355137,7.566172475355137,37.5
IN,63,19.88570208802298,21.89978758590564,37.5
IN,21,-2.221358720290134,7.1331716121700985,36.6
IN,63,4.779483194093648,9.8041807430169,36.6
IN,21,-5.702647657841142,-1.067859891149558,40.4
IN,63,1.7515274949083448,5.317127538669975,40.4
IN,21,8.780674846625747,10.89408942765301,46.0
IN,63,-5.674846625766872,3.3137296620117667,46.0
IN,21,19.81081081081082,20.99242887384797,52.8
IN,63,37.07567567567567,40.52000268553747,52.8
IN,21,0.15903492950097853,4.390758987666444,33.5
IN,63,17.204864141502284,20.180219933866315,33.5
IN,21,34.86451436761997,36.28337576223156,32.6
IN,63,40.0109207562624,43.36415744140371,32.6
IN,21,-6.05377720870679,-5.207664041070625,41.0
IN,63,-8.727272727272728,-5.347680800433086,41.0
IN,21,10.4392523364486,10.564534220688136,39.6
IN,63,5.981308411214958,8.556122834974122,39.6
IN,21,4.145255224391908,4.145255224391908,30.8
IN,63,-20.26036313806099,-17.58421065029916,30.8
IN,21,7.477856831711915,7.477856831711915,48.1
IN,63,-15.551038187890232,-9.625212273436045,48.1
IN,21,15.795580110497243,20.43036787718883,34.8
IN,63,5.165745856353587,8.731345900115217,34.8
IN,21,12.725056783557708,12.725056783557708,39.8
IN,63,11.14619688659908,13.160282384481736,39.8
IN,21,3.006691722431021,4.501312022288584,43.6
IN,63,14.510954257952147,19.336422294383084,43.6
IN,21,-0.24286581663630624,-1.0830131654081532,41.9
IN,63,-0.681373541118524,1.4769366246669469,41.9
IN,21,5.863624303528803,7.635673268508636,32.8
IN,63,-0.11276200583707485,4.802434270799772,32.8
IN,21,-0.9512543742914992,-0.5175356528243524,45.9
IN,63,9.551973976046124,11.331834160029286,45.9
IN,21,7.586306237096085,7.586306237096085,46.0
IN,63,2.6311998847649676,5.307352372526797,46.0
IN,21,-4.0000000000000036,-2.619825784441354,44.3
IN,63,5.5911111111111245,10.306002927833358,44.3
IN,21,5.004436557231595,6.186054620268743,43.3
IN,63,3.8198757763975077,7.264202786259311,43.3
IN,21,-6.323869867186538,-4.79771364183742,29.9
IN,63,-7.700743267942,-1.7735062502838517,29.9
IN,21,7.963236711870936,7.495430761990307,44.9
IN,63,-1.8317372581785452,-2.6198736920249988,44.9
IN,21,6.12550314789968,6.5592218693668265,42.8
IN,63,32.50077407369181,34.28063425767497,42.8
IN,21,-1.1030810193990215,1.2202537905283695,43.2
IN,63,6.580448839863062,9.753916669429207,43.2
IN,21,-7.591791393826009,-5.4333799323261776,47.4
IN,63,-6.61541159962582,-3.2358196727861777,47.4
IN,21,-3.7060047839458155,-0.7830877102123712,34.7
IN,63,15.687614550650796,20.09207956885077,34.7
IN,21,5.094294864191662,6.1815995629720515,40.6
IN,63,9.295061874827027,18.973632656404803,40.6
IN,21,2.609004804142301,2.1411988542616722,40.5
IN,63,16.686873843405014,15.89873740955856,40.5
IN,21,3.8801640028349516,4.313882724302099,48.7
IN,63,-2.404403436376046,0.7690643931900998,48.7
IN,21,-5.003968117042201,-5.201932075985294,32.8
IN,63,0.18701908146716573,2.5492110731888284,32.8
IN,21,-1.7152432071641077,-1.7171007174540454,43.6
IN,63,2.1699529994159805,5.091066856344895,43.6
IN,21,6.98388228023028,6.98388228023028,43.2
IN,63,-7.631785448914263,-1.705959534460077,43.2
IN,21,4.243838413300272,5.33114311208066,28.1
IN,63,-13.679451655242826,-4.171243515469936,28.1
IN,21,-14.609172194981246,-14.09220705160611,49.3
IN,63,-17.32044995673493,-13.933897495613934,49.3
IN,21,-7.365347177157688,-5.593298212177855,29.3
IN,63,-4.120700843608038,0.7944954330288088,29.3
IN,21,7.9610791685094995,9.379940563121092,28.9
IN,63,-11.609907120743035,-8.25667043560172,28.9
IN,21,-3.2366649404453662,-2.390551772809202,32.2
IN,63,5.815639564992248,9.19523149183189,32.2
IN,21,-9.932904799887387,-8.177149280316309,51.0
IN,63,-23.441092291089948,-17.5138552734318,51.0
IN,21,14.600100603621735,18.823708122639115,39.4
IN,63,25.15090543259557,30.894987470461423,39.4
IN,21,16.193181818181813,15.425922823507788,43.2
IN,63,17.400568181818187,16.612431747971733,43.2
IN,21,8.323632130384162,9.102284137063233,45.5
IN,63,-1.1641443538998875,7.330494206429462,45.5
IN,21,4.752275025278041,6.755831177279603,40.3
IN,63,11.75429726996966,15.08277059823775,40.3
IN,21,11.384836163597223,12.803697558208816,42.5
IN,63,33.03037550825161,36.38361219339292,42.5
IN,21,-9.79962956726721,-8.727489956324298,50.1
IN,63,-15.575012628388619,-11.611293695454773,50.1
IN,21,11.537001897533194,11.069195947652567,39.7
IN,63,40.1518026565465,39.36366622270005,39.7
IN,21,10.145615701171252,9.378356706497227,47.3
IN,63,28.553339664450796,27.765203230604342,47.3
IN,21,-1.5050377833753181,0.935161091894976,42.5
IN,63,-3.060453400503771,5.543593893653121,42.5
IN,21,8.241145300734388,8.241145300734388,34.4
IN,63,19.20609835455982,21.220183852442478,34.4
IN,21,28.641571194762694,29.823189257799843,45.1
IN,63,37.880523731587566,41.32485074144937,45.1
IN,21,3.0261348005502064,7.660922567241791,39.5
IN,63,-2.8610729023383796,0.7045271414232501,39.5
IN,21,4.7983799964782525,6.7983730644118445,42.7
IN,63,21.456242296178907,27.433621583610368,42.7
IN,21,3.431131508495877,3.864850229963024,41.2
IN,63,8.206304977326129,9.986165161309291,41.2
IN,21,31.465517241379317,32.244169248058384,37.4
IN,63,11.206896551724132,18.397047800953615,37.4
IN,21,37.99297149550955,37.99297149550955,44.3
IN,63,81.02303787582974,83.0371233737124,44.3
IN,21,-3.7326177116369763,-2.0875346558948182,21.9
IN,63,-5.428153208099539,4.0800549316733505,21.9
IN,21,-2.571748043235178,-2.9886701798325643,34.6
IN,63,-11.355447881724434,-9.309539354740814,34.6
IN,21,3.234042553191485,4.931269405744876,18.9
IN,63,16.595744680851055,19.271897168612885,18.9
IN,21,6.909852325325105,6.209051185390879,46.0
IN,63,-0.26449195503636114,-0.6850413287521895,46.0
IN,21,-8.847867600254611,-7.945310413997554,34.7
IN,63,-21.493740717165288,-13.64092296010646,34.7
IN,21,-6.404049295774639,-3.963850420504345,41.5
IN,63,-13.919454225352112,-5.31540693119522,41.5
IN,21,-5.359856333747748,-3.356300181746186,31.8
IN,63,23.635861306810348,26.964334635078437,31.8
IN,21,4.963365634601757,6.4623954945155155,52.1
IN,63,-45.30843772157882,-41.86411071171702,52.1
IN,21,3.0334418467002022,5.062327765001607,18.4
IN,63,-8.138502515537137,-1.7061343393835129,18.4
IN,21,-6.7101760644263315,-1.8958508042409168,34.0
IN,63,-4.900887753861117,-1.3352877100994869,34.0
IN,21,12.957091231325201,14.729140196305034,38.0
IN,63,2.9505836090995885,7.865779885736435,38.0
IN,21,6.165148650970953,6.165148650970953,31.5
IN,63,6.794552328578796,8.808637826461451,31.5
IN,21,4.497551832300517,6.713106648670452,48.1
IN,63,9.873957616096707,14.716446327239774,48.1
IN,21,-5.034510759236699,-3.1431401008810593,41.8
IN,63,-5.107592367032076,-1.867080562771228,41.8
IN,21,5.844376486578318,5.143575346644091,46.8
IN,63,5.13081889228677,4.710269518570942,46.8
IN,21,6.954474097331231,6.954474097331231,48.2
IN,63,20.70643642072214,22.476731843467313,48.2
IN,21,10.325360273362062,11.954936390490479,39.8
IN,63,29.430990937453583,32.759464265721675,39.8
IN,21,-10.153421823823471,-10.570343960420857,49.1
IN,63,-1.5945526633339036,0.45135586364971614,49.1
IN,21,5.781525062540549,7.553574027520382,33.7
IN,63,18.28036690447512,23.195563181111964,33.7
IN,21,4.01578647570997,5.434647870321562,39.0
IN,63,-14.036943608104814,-7.924290598552598,39.0
IN,21,12.536745633754109,12.338781674811017,39.9
IN,63,24.096489711222556,26.45868170294422,39.9
IN,21,6.638793867984294,8.752751302089024,47.7
IN,63,0.3800836183960543,5.420012103279681,47.7
IN,21,5.5911020749865425,10.405427335171957,39.0
IN,63,15.433833642289073,18.999433686050704,39.0
IN,21,-6.843301311847949,-4.226397985876339,41.7
IN,63,-6.17704782563785,3.216057911028214,41.7
IN,21,-0.9844725468224902,-0.9844725468224902,43.8
IN,63,16.187770129662237,18.863922617424066,43.8
IN,21,3.9971665654725763,5.388901284680392,46.0
IN,63,6.9823922282938655,11.25458664869613,46.0
IN,21,10.783242258652104,11.870546957432493,33.2
IN,63,7.140255009107466,16.648463148880356,33.2
IN,21,6.358381502890165,5.6575803629559385,36.1
IN,63,-2.584155049302961,-3.004704423018789,36.1
IN,21,25.032341526520074,25.810993533199145,43.5
IN,63,-3.6869340232858927,3.503217225943589,43.5
IN,21,16.76755447941889,18.397130596547306,52.8
IN,63,42.02986279257463,45.35833612084272,52.8
IN,21,4.495504495504488,8.631219222958375,43.8
IN,63,11.151348651348659,23.337362892436044,43.8
IN,21,-0.8388843030733506,0.8061987526688075,37.3
IN,63,28.598852053058966,38.141249143336324,37.3
IN,21,20.523089879754842,20.523089879754842,41.6
IN,63,24.744303560567072,27.4204560483289,41.6
IN,21,0.46662222645463824,2.0475111726592443,41.0
IN,63,2.4664317684030213,9.442794158338252,41.0
IN,21,6.024780100255378,9.547926293794252,37.2
IN,63,6.91383713231819,13.760257507609674,37.2
IN,21,-3.445418110182741,-2.3581134114023516,28.6
IN,63,12.473337409143404,21.981545548916294,28.6
IN,21,-1.5428965464401312,1.5719791460385157,36.0
IN,63,-11.473557185817995,-2.7197431678829034,36.0
IN,21,3.417248705166842,3.417248705166842,23.6
IN,63,3.107599594540189,5.783752082302018,23.6
IN,21,10.747320328158661,11.92893839119581,43.9
IN,63,22.308812727974427,25.75313973783623,43.9
IN,21,-4.222533759900315,-4.690339709780944,15.7
IN,63,5.818565249170216,5.030428815323762,15.7
IN,21,8.07485200562903,8.200133889868566,35.3
IN,63,-1.2572252654594385,1.4720716395170474,35.3
IN,21,9.89240952619248,12.50931285216409,48.9
IN,63,23.362827832495505,32.75593356916157,48.9
IN,21,15.295891613309776,15.295891613309776,46.3
IN,63,18.519810503336444,21.848283831604533,46.3
IN,21,12.487909979476463,13.96904896197354,43.0
IN,63,29.946292786877528,34.88425746499404,43.0
IN,21,11.931604659902284,11.230803519968058,40.1
IN,63,28.617061255167208,28.19651188145138,40.1
IN,21,25.228681026851586,26.007333033530657,49.1
IN,63,11.094718205960463,19.06888010270391,49.1
IN,21,-3.221538284530867,-2.1493986735879544,38.6
IN,63,-2.4794339297014245,1.4842850032324217,38.6
IN,21,8.31397441350652,7.347334155365903,41.9
IN,63,18.8855806039983,19.222062311039945,41.9
IN,21,16.248728824069268,17.50961223298427,46.4
IN,63,24.991938884341614,28.77749046052146,46.4
IN,21,-0.1881844824926704,-1.819458731319079,32.6
IN,63,9.170651447375189,10.509975065820576,32.6
IN,21,-0.40904028307559015,2.9146700866159225,48.1
IN,63,-15.738687325665069,-8.672924703265862,48.1
IN,21,4.000440268563832,4.714863314550133,24.2
IN,63,8.808373107595635,8.371708985233317,24.2
IN,21,-0.07858783702092698,0.7000641696581433,22.8
IN,63,-7.360053197920447,-0.13688528246870213,22.8
IN,21,0.5560851604702988,1.916303643015238,34.1
IN,63,2.8280902446774725,8.490662525251757,34.1
IN,21,-6.677768214646573,0.19641281578444136,32.3
IN,63,3.412790480110761,10.259210855402245,32.3
IN,21,6.578921787818115,5.612281529677499,44.8
IN,63,-2.9550712522114386,-2.6185895451697916,44.8
IN,21,4.126786596636345,5.898835561616178,31.4
IN,63,-0.7649653203521067,4.15023095628474,31.4
IN,21,16.521169484042787,16.521169484042787,36.1
IN,63,8.440735413492085,10.45482091137474,36.1
IN,21,10.749569042382468,12.9079805038823,52.8
IN,63,14.810675860429168,18.19026778726881,52.8
IN,21,5.808005930318738,7.174564532816441,39.8
IN,63,-8.51742031134174,1.1404410400257632,39.8
IN,21,0.547164861522309,1.6344695603026982,35.7
IN,63,-12.858374245774474,-3.179803464196697,35.7
IN,21,-1.0772583364170751,-1.6177360359172388,30.3
IN,63,7.836848813782327,9.762232108035606,30.3
IN,21,8.342519685039385,8.88319575530443,52.8
IN,63,19.78740157480314,23.510627045060428,52.8
IN,21,-9.990807133664282,-6.219146646436536,49.5
IN,63,-22.936814365385793,-16.0045354843799,49.5
IN,21,7.053682896379532,6.585876946498903,37.8
IN,63,9.176029962546828,8.387893528700374,37.8
IN,21,10.942956926658898,11.721608933337968,44.2
IN,63,-0.8149010477299212,7.679737512599428,44.2
IN,21,1.6683350016683418,1.6683350016683418,40.9
IN,63,-0.2669336002669387,2.4092188874948905,40.9
IN,21,-5.906768837803322,-2.375773496339606,47.3
IN,63,3.9591315453384457,8.112804329559708,47.3
IN,21,12.03478260869566,11.267523614021636,46.8
IN,63,-0.313043478260866,-1.1011799121073196,46.8
IN,21,1.8453706649697699,2.62402267164884,37.9
IN,63,-17.562838052815778,-10.339670137364033,37.9
IN,21,-2.4019270474879617,1.8297970106775034,33.7
IN,63,22.236751548520296,25.212107340884327,33.7
IN,21,3.058944835882449,1.810948761274478,41.6
IN,63,12.252964426877465,13.075688561219266,41.6
IN,21,-4.912608179195644,-3.6090844026285156,38.3
IN,63,-1.9429832004072556,2.5613597644638664,38.3
IN,21,1.401661698484169,2.1803137051632393,51.4
IN,63,10.940572080928511,18.13072333015799,51.4
IN,21,2.1055354371443347,2.5392541586114814,46.4
IN,63,9.143817899637874,10.923678083621036,46.4
IN,21,-6.5167617810887535,-1.6034262906140073,44.1
IN,63,0.2562963469227242,6.679156749788939,44.1
IN,21,1.7586502716614216,1.218172572161258,42.6
IN,63,31.527023162710897,33.45240645696418,42.6
IN,21,31.112417685794913,31.112417685794913,9.9
IN,63,40.888993414863606,43.56514590262543,9.9
IN,21,18.633093525179856,20.555416203167066,38.5
IN,63,36.235011990407685,39.44717194694586,38.5
IN,21,5.154482075507638,6.57334347011923,29.8
IN,63,18.400700979084927,21.753937664226243,29.8
IN,21,11.323524015704688,14.854519357168405,35.8
IN,63,37.001431035115395,41.15510381933666,35.8
IN,21,6.542346542346555,10.609535144568493,39.4
IN,63,0.20202020202020332,8.073891731051429,39.4
IN,21,4.641573271304722,3.801425922532875,32.0
IN,63,22.050116303658275,23.737647191768176,32.0
IN,21,9.043027651531222,10.619703420050541,43.7
IN,63,11.213524189780411,14.5419975180485,43.7
IN,21,-3.1216529376253632,-3.96180028639721,42.5
IN,63,5.12940351697142,6.816934405081321,42.5
IN,21,3.084770463930031,4.856819428909864,42.9
IN,63,8.357467162422205,13.272663439059052,42.9
IN,21,0.11448775149422996,-0.725659597277617,40.7
IN,63,2.038892162639949,3.7264230507498497,40.7
IN,21,1.4536514536514389,2.356208639908497,42.0
IN,63,-17.12701712701713,-9.274199369958302,42.0
IN,21,-13.767395626242552,-8.854060135767806,5.8
IN,63,-6.805595001420062,-0.22387760464375184,5.8
IN,21,4.820799255269637,6.59284822024947,37.5
IN,63,3.4144557483875237,8.32965202502437,37.5
IN,21,-8.545208364675794,-8.111489643208648,35.6
IN,63,-0.2858432375507758,3.1610355340053076,35.6
IN,21,0.8809494677596952,2.2998108623712876,33.2
IN,63,-10.95986785757983,-4.8472148480276145,33.2
IN,21,-6.5857829692491325,-4.427371507749301,33.6
IN,63,4.940143912748862,8.319735839588505,33.6
IN,21,1.182323675738961,3.2323576989201075,47.8
IN,63,3.687445127304656,10.619724008310548,47.8
IN,21,-0.32843067256889125,-0.2031487883293548,45.6
IN,63,6.775667571041,9.504964476017486,45.6
IN,21,3.169492738069679,4.072049924326738,39.8
IN,63,-2.1750017886527973,5.677815968406031,39.8
IN,21,2.1862534519791366,2.1862534519791366,44.0
IN,63,-9.795949677815264,-7.1197971900534345,44.0
IN,21,12.135609598969243,14.823870924754244,34.8
IN,63,14.366242551135455,18.770707569335432,34.8
IN,21,-1.0088111352317686,0.8825595231238714,40.4
IN,63,-10.266888009194219,-7.003626930781458,40.4
IN,21,2.881054537742478,3.3147732592096246,41.9
IN,63,24.49222637323196,27.939105144788044,41.9
IN,21,-4.270094689952863,-2.7439384646037452,50.9
IN,63,-21.155751617655927,-15.228514599997778,50.9
IN,21,40.72841198355199,41.81571668233238,36.6
IN,63,57.07851967887214,66.75709046044992,36.6
IN,21,12.320589356026934,13.013422951137388,44.5
IN,63,21.300647783564088,24.51280774010226,44.5
IN,21,12.362586174771728,13.742760390330378,34.2
IN,63,26.830631637786475,31.545523454508707,34.2
IN,21,0.8428742010254897,0.8428742010254897,47.7
IN,63,-6.426915782819409,-0.5010898683652227,47.7
IN,21,20.20282362298669,19.311578001931906,48.4
IN,63,5.36886060847086,4.7588998156616436,48.4
IN,21,13.951802862837482,14.730454869516553,31.8
IN,63,10.18300416742164,17.763659689094748,31.8
IN,21,-2.784048156508667,-0.7804920045071051,28.3
IN,63,41.34687735139202,44.675350679660106,28.3
IN,21,5.6956392761791985,7.194669136092957,45.2
IN,63,-22.426579649955503,-18.9822526400937,45.2
IN,21,8.374581939799342,10.403467858100745,21.7
IN,63,8.294314381270906,14.018338098288563,21.7
IN,21,8.582696463982531,16.86584902382612,33.0
IN,63,10.643702234798692,17.60682716988059,33.0
IN,21,-2.9904547102178936,-2.9904547102178936,46.3
IN,63,12.785452495066242,16.172004956187237,46.3
IN,21,9.600209356630952,11.057670870454052,34.7
IN,63,-3.3980191641839186,1.8401375841852525,34.7
IN,21,23.112931538911653,22.412130398977425,37.7
IN,63,66.93973083674665,66.51918146303082,37.7
IN,21,5.615251299826696,6.57268051009734,45.9
IN,63,18.405545927209708,26.08155685702271,45.9
IN,21,-6.44216691068814,-6.24544559921274,44.1
IN,63,18.66764275256223,20.863978794100824,44.1
IN,21,5.225806451612902,5.225806451612902,41.5
IN,63,47.35483870967742,49.36892420756008,41.5
IN,21,-5.485398579321233,-4.639285411685068,53.1
IN,63,18.666140489344897,22.04573241618454,53.1
IN,21,16.104868913857672,17.19217361263806,35.6
IN,63,-15.823970037453172,-6.145399255875395,35.6
IN,21,55.746677091477736,54.78003683333712,44.3
IN,63,32.57753453218661,32.91401623922826,44.3
IN,21,-1.2536564981195153,-0.475004491440445,35.8
IN,63,10.718763058921855,17.90891430815134,35.8
IN,21,16.319444444444443,16.319444444444443,40.4
IN,63,7.002314814814814,9.01640031269747,40.4
IN,21,-6.535038932146831,-5.688925764510667,43.3
IN,63,-4.8164627363737615,-1.4368708095341192,43.3
IN,21,-1.5182601559294184,-1.520117666219356,39.6
IN,63,-3.628583152588072,-2.7178780463018803,39.6
IN,21,3.4923955902470327,3.024589640366404,45.5
IN,63,10.251870926209051,9.463734492362597,45.5
IN,21,-2.5352822580645085,-2.3385609465891077,51.6
IN,63,-7.651209677419358,-3.598709334541983,51.6
IN,21,1.7207957830301046,3.3658788387722627,24.2
IN,63,0.9896276143513072,10.497835754124196,24.2
IN,21,0.304936765744368,1.207493952001426,43.3
IN,63,-7.726134685754649,0.12668307130417933,43.3
IN,21,4.39073587148362,5.742741234373727,41.3
IN,63,8.66981234016495,12.008672656993157,41.3
IN,21,11.764180703529558,11.76232319323962,34.6
IN,63,28.62924825903219,31.550362115961107,34.6
IN,21,-8.50673194614443,-4.439543343922493,36.3
IN,63,17.03386372909017,24.905735258121396,36.3
IN,21,14.00774139554346,13.413637833064506,45.3
IN,63,26.540433099696624,25.68839340321265,45.3
IN,21,-12.436974789915967,-12.00325606844882,54.8
IN,63,-14.403361344537814,-10.95648257298173,54.8
IN,21,-7.126908993480397,-7.126908993480397,43.1
IN,63,-6.823256229347152,-4.1471037415853225,43.1
IN,21,4.780942861902382,5.710617697123643,50.7
IN,63,2.232217224720978,6.5118427869096385,50.7
IN,21,6.6237575362555035,6.621900025965566,44.5
IN,63,22.1932540329151,25.114367889844015,44.5
IN,21,-6.666666666666665,-7.207144366166829,35.1
IN,63,-25.64102564102564,-23.71564234677236,35.1
IN,21,59.44055944055944,60.21921144723851,39.7
IN,63,109.79020979020979,117.76437168695324,39.7
IN,21,-5.714285714285716,-4.868172546649552,43.3
IN,63,24.85714285714287,28.23673478398251,43.3
IN,21,-1.940928270042197,-2.781075618814044,49.1
IN,63,-30.886075949367086,-28.727765783581617,49.1
IN,21,3.0172413793103425,3.795893385989413,35.5
IN,63,6.68103448275863,13.871185731988112,35.5
IN,21,3.62694300518136,3.62694300518136,28.9
IN,63,-4.6056419113413956,-1.9294894235795663,28.9
IN,21,-4.5666584826908885,-4.568515992980826,39.3
IN,63,-10.041738276454693,-7.120624419525779,39.3
IN,21,2.5326025326025237,6.055748726141397,36.2
IN,63,1.3608013608013447,8.20722173609283,36.2
IN,21,-12.180579216354348,-11.401927209675277,58.6
IN,63,-15.442930153321976,-8.252778904092494,58.6
IN,21,-20.26874551236024,-18.916740149470133,40.1
IN,63,-10.144630218483941,-7.35950872662805,40.1
IN,21,5.088522966447928,6.50738436105952,27.0
IN,63,6.499938095827651,9.96533117075742,27.0
IN,21,4.164798038688078,5.809881094430236,37.6
IN,63,0.15546984781895645,9.663677987591846,37.6
IN,21,19.12690239157797,20.02945957783503,35.3
IN,63,8.393408856848605,16.24622661390743,35.3
IN,21,-1.6033461136284455,-0.25134075073833806,40.1
IN,63,20.812516943573065,23.564200618927643,40.1
IN,21,10.58623531835976,11.67354001714015,41.6
IN,63,-4.703276323923344,4.975294457654433,41.6
IN,21,-0.8316929133858286,-1.6718402621576756,39.7
IN,63,-3.59744094488188,-2.2281766648562074,39.7
IN,21,-4.142692750287679,-2.370643785307846,40.2
IN,63,-1.0164940544687306,3.898702222168116,40.2
IN,21,-2.7488151658767723,1.8859726008148119,44.9
IN,63,-8.43601895734597,-4.8704189135843405,44.9
IN,21,-8.663558663558657,-9.080480800156042,42.5
IN,63,-6.118881118881103,-4.072972591897484,42.5
IN,21,26.73287812952616,27.51153013620523,40.1
IN,63,13.8423339540658,21.03248520329528,40.1
IN,21,-2.2087825400999295,-2.2087825400999295,40.0
IN,63,16.224033657638692,18.23811915552135,40.0
IN,21,5.024003572624758,9.091192174846697,41.1
IN,63,5.165419969483831,13.037291498515057,41.1
IN,21,8.267008097446183,8.267008097446183,32.8
IN,63,17.637898816527088,20.314051304288917,32.8
IN,21,15.935451336359051,15.234650196424825,37.2
IN,63,5.295007564296528,4.874458190580699,37.2
IN,21,13.035633739287334,13.993062949557977,29.4
IN,63,8.840775823184499,16.516786752997504,29.4
IN,21,-4.574468085106376,-2.5709119331048136,31.4
IN,63,27.287234042553198,30.615707370821287,31.4
IN,21,-8.373408769448377,-6.874378909534618,50.7
IN,63,2.783592644978783,6.227919654840585,50.7
IN,21,-3.41699942954935,-2.3448598186064373,44.3
IN,63,0.47347404449513686,4.4371929774289836,44.3
IN,21,1.833034469017747,2.6791476366539113,51.3
IN,63,2.231520223152028,5.611112149991671,51.3
IN,21,-10.97456006120886,-8.286298735423859,44.0
IN,63,-16.306426931905115,-11.901961913705138,44.0
IN,21,15.025041736227053,15.871154903863218,44.9
IN,63,52.81469115191988,56.194283078759526,44.9
IN,21,-2.631578947368418,-3.0485010839658044,29.2
IN,63,-6.680161943319829,-4.634253416336209,29.2
IN,21,-1.4373716632443578,1.0302188267544699,37.3
IN,63,-1.2320328542094527,7.372014439947439,37.3
IN,21,19.966722129783697,21.148340192820847,50.4
IN,63,29.963394342762072,33.407721352623874,50.4
IN,21,-10.094283148757842,-6.568608038634093,35.8
IN,63,-31.165818617180484,-19.62950640462543,35.8
IN,21,-4.3682480037576354,-5.208395352529482,38.2
IN,63,-3.2879286049788625,-1.600397716868962,38.2
IN,21,-2.764227642276418,-0.9921786772965846,38.6
IN,63,6.759581881533117,11.674778158169964,38.6
IN,21,9.31285903667698,12.00112036246198,45.0
IN,63,8.6389748121962,13.043439830396176,45.0
IN,21,-12.831352833638032,-10.885654183658556,47.1
IN,63,-4.638939670932363,1.3384396164990982,47.1
IN,21,1.9382268350631504,2.7168788417422207,41.1
IN,63,-2.2258346880080104,4.964316561221471,41.1
IN,21,10.166068222621183,11.584929617232776,33.4
IN,63,12.993716337522443,16.346953022663758,33.4
IN,21,-7.942670884862424,-6.416514659513306,47.9
IN,63,-8.78151663311283,-2.854279615454681,47.9
IN,21,12.649633732356612,12.232958489178735,47.7
IN,63,12.667500446667844,15.393878113232738,47.7
IN,21,1.9122120817036015,3.331073476315194,45.8
IN,63,39.808778791829646,43.16201547697096,45.8
IN,21,-7.213656387665191,-7.2155138979551285,39.2
IN,63,-3.180066079295163,-0.2589522223662488,39.2
IN,21,-1.3135351227869685,-0.7204242885341605,34.1
IN,63,-1.4277555682467136,4.498070346207472,34.1
IN,21,-5.785426583668984,-3.7818704316674223,43.9
IN,63,4.217014524594176,7.545487852862265,43.9
IN,21,8.520237174529521,9.939098569141114,34.6
IN,63,6.812322763598866,9.488475251360695,34.6
IN,21,0.25804231894031027,1.1041554865764747,48.3
IN,63,8.303228396123629,11.682820322963272,48.3
IN,21,4.337152209492645,3.2814678716894363,50.7
IN,63,3.649754500818325,5.757124127257562,50.7
IN,21,4.775614437450182,3.935467088678335,49.3
IN,63,20.366303941183173,22.053834829293073,49.3
IN,21,3.1228850430242705,3.1228850430242705,49.9
IN,63,-2.5137774340133423,0.8146958942547466,49.9
IN,21,6.02066938465915,6.02066938465915,37.0
IN,63,-5.850004740684556,-3.1738522529227264,37.0
IN,21,12.260657992171797,16.379834946034922,42.5
IN,63,26.467788003808312,32.348541047820135,42.5
IN,21,19.159911569638922,18.319764220867075,10.6
IN,63,-8.179808400884303,-6.492277512774402,10.6
IN,21,-1.6260162601625994,0.8141826151076947,32.7
IN,63,-10.506566604127588,-1.7527525861924964,32.7
IN,21,23.127672571777637,23.1258150614877,41.3
IN,63,56.43249847281613,59.35361232974504,41.3
IN,21,25.30069634944081,26.692431068648624,49.9
IN,63,68.75517392504098,73.02736834544325,49.9
IN,21,2.0523290173534603,3.1396337161338495,26.4
IN,63,-4.349110836512116,5.329459945065661,26.4
IN,21,0.2536881290500448,0.7943641993150896,34.7
IN,63,13.2827795395009,17.006005009758187,34.7
IN,21,-10.043947059124136,-9.847225747648736,44.4
IN,63,-9.571260667382099,-7.374924625843505,44.4
IN,21,12.950432730133743,13.918747522038888,51.7
IN,63,4.610542879622348,7.5316567365512626,51.7
IN,21,-17.22603427980822,-14.402144557478701,35.3
IN,63,-17.880623582440926,-10.463535469622332,35.3
IN,21,-0.9483243590773904,0.9430462992782496,45.5
IN,63,-28.353291006991878,-25.090029928579117,45.5
IN,21,9.366684406599246,11.011767462341403,37.7
IN,63,-3.8850452368281108,5.370996524848669,37.7
IN,21,-12.13566507684154,-9.668074586842714,41.0
IN,63,-15.89825119236884,-7.294203898211947,41.0
IN,21,-0.9391435011269711,0.8407166828561907,50.2
IN,63,24.83095416979715,28.004421999363295,50.2
IN,21,-1.8579562481270573,-1.0118430804908929,48.4
IN,63,-1.8579562481270573,-1.0118430804908929,48.4
IN,21,18.67040542119407,17.96960428125984,49.1
IN,63,-5.012267788293023,-5.432817162008852,49.1
IN,21,-8.993988885108317,-6.377085559136708,24.0
IN,63,-19.269592832029048,-9.876487095362984,24.0
IN,21,-1.2813543527219085,-0.08910766260081804,51.2
IN,63,19.81828065543216,23.197872582271803,51.2
IN,21,17.41684411483955,18.48898372578246,44.5
IN,63,1.9237829502900317,5.887501883223878,44.5
IN,21,-13.459145582745736,-11.932989357396618,43.4
IN,63,-13.459145582745736,-7.531908565087587,43.4
IN,21,21.21301556850881,22.6318769631204,27.4
IN,63,53.501069873828676,56.17722236159051,27.4
IN,21,0.880898413352571,1.7270115809887354,43.9
IN,63,4.07995054605399,7.459542472893633,43.9
IN,21,6.000408191033402,7.629984308161819,43.1
IN,63,24.865637118171314,28.194110446439403,43.1
IN,21,-22.416448758820785,-18.64478827159304,35.6
IN,63,3.162947308091857,10.095226189097751,35.6
IN,21,7.082303073119034,5.796039759328031,42.2
IN,63,14.690921935711776,14.711905789480085,42.2
IN,21,-7.256584940276878,-6.184445329333965,46.7
IN,63,-5.311573842423312,-1.3478549094894654,46.7
IN,21,9.23716236271892,9.235304852428982,30.3
IN,63,-1.3119620065301207,1.6091518503987934,30.3
IN,21,-5.542128042268557,-4.015971816919439,47.6
IN,63,-17.205328536900677,-11.278091519242528,47.6
IN,21,6.658579323358937,8.235255091878258,45.2
IN,63,6.281169968998523,9.609643297266611,45.2
IN,21,13.470883896587171,13.470883896587171,39.4
IN,63,3.3091740486703047,5.985326536432134,39.4
IN,21,3.42653367099075,5.58756075433855,41.4
IN,63,8.57925474184713,13.664845888547982,41.4
IN,21,12.302561489647502,16.937349256339086,45.6
IN,63,6.605215619065263,10.170815662826893,45.6
IN,21,10.740067072130955,14.152924174172943,43.1
IN,63,24.950264309668626,28.448956079814337,43.1
IN,21,1.0592954744891525,0.09265521634853613,37.8
IN,63,0.20057665789141588,0.5370583649330629,37.8
IN,21,5.3703166779420775,5.3703166779420775,30.5
IN,63,6.101607551303112,8.77776003906494,30.5
IN,21,5.15566131271068,8.686656654174396,52.8
IN,63,47.82584062774424,51.979513411965506,52.8
IN,21,-2.157005608553475,1.614654878674271,53.4
IN,63,-1.4080688615144665,5.524210019491427,53.4
IN,21,24.382446963092107,25.469751661872497,33.2
IN,63,-10.200523103748916,-0.5219523221711384,33.2
IN,21,-5.594610427650837,-6.011532564248223,35.5
IN,63,-1.4352665495020456,0.6106419774815741,35.5
IN,21,14.902943018159064,15.860372228429707,43.4
IN,63,-1.4088916718847821,6.494949625774615,43.4
IN,21,-0.40456050018388146,-0.40456050018388146,24.1
IN,63,5.388010297903656,8.064162785665484,24.1
IN,21,-12.210775206890734,-11.364662039254569,52.6
IN,63,1.5031244722175208,4.882716399057163,52.6
IN,21,9.551585854903388,7.92031160607698,34.5
IN,63,19.978126139263573,21.31744975770896,34.5
IN,21,1.6958896234550158,3.0624482259527186,45.5
IN,63,-9.686691578039664,-3.279697249380809,45.5
IN,21,3.2695139911634863,4.356818689943875,36.1
IN,63,-10.132547864506625,-0.45397708292884786,36.1
IN,21,4.648985959438368,3.682345701297751,31.9
IN,63,6.146645865834621,6.483127572876269,31.9
IN,21,16.545083163116423,18.380733086984765,33.2
IN,63,-3.1222643711701137,6.198964785841409,33.2
IN,21,14.584717607973419,14.584717607973419,45.6
IN,63,23.85382059800665,26.52997308576848,45.6
IN,21,8.30126443100605,9.147377598642215,49.5
IN,63,14.573941726223193,17.953533653062834,49.5
IN,21,16.258790436005622,15.62634934932985,36.1
IN,63,15.44866385372714,17.75762556928856,36.1
IN,21,8.877692842251573,10.085483615285286,35.2
IN,63,1.824183460736628,6.117937070631807,35.2
IN,21,6.751705854230949,6.751705854230949,45.4
IN,63,12.897127211091309,18.770390379862846,45.4
IN,21,11.459819305753683,16.094607072445267,37.3
IN,63,26.402757964812153,29.968358008573784,37.3
IN,21,-2.0632018803865226,-1.866480568911122,49.1
IN,63,-6.581352833638032,-3.0627060102780157,49.1
IN,21,-0.6375406060687872,1.4758739749584748,33.1
IN,63,-1.431764920408729,7.556811367369909,33.1
IN,21,6.659382103025857,8.140521085522934,46.6
IN,63,16.865147973462058,21.803112651578573,46.6
IN,21,-4.746369185434651,-2.0581078596496494,36.6
IN,63,-0.522307194586713,3.8821578236132637,36.6
IN,21,-14.968650853603261,-10.47397678653066,50.7
IN,63,-15.33237649191721,-8.400097610911317,50.7
IN,21,-8.728970843561035,-4.593256116107147,50.9
IN,63,-26.324612345087704,-12.251771413055334,50.9
IN,21,11.134083307996345,9.502809059169937,36.2
IN,63,7.692307692307687,9.031631310753074,36.2
IN,21,3.660538411030867,5.186694636379984,43.5
IN,63,29.136572554169394,35.06380957182754,43.5
IN,21,28.323563892145366,27.075567817537394,43.5
IN,63,12.379835873388046,13.202560007729847,43.5
IN,21,0.4123306499116408,1.1909826565907111,46.0
IN,63,2.886314549381508,10.466970071054615,46.0
IN,21,6.939846779532766,8.358708174144358,43.3
IN,63,-1.3690532488413787,2.096339826088389,43.3
IN,21,-3.265972191174482,-2.0737255010533917,42.7
IN,63,149.4813788170072,152.86097074384685,42.7
IN,21,-14.648781100779097,-14.055670266526288,37.8
IN,63,1.8168300242942026,7.742655938748388,37.8
IN,21,14.58517601273661,13.298912698945607,27.8
IN,63,16.035733238988172,16.05671709275648,27.8
IN,21,1.8703844295672623,4.1163170179038815,44.9
IN,63,26.985989371247143,34.063924297367166,44.9
IN,21,20.38622279867417,24.45341140089611,39.0
IN,63,38.79233318922033,46.664204718251554,39.0
IN,21,12.583806085611137,14.00266748022273,39.7
IN,63,13.66683857658586,20.48072488316216,39.7
IN,21,49.07229686500318,50.15960156378357,32.5
IN,63,41.33077415227127,51.00934493384904,32.5
IN,21,-7.213243988963336,-4.745653498964509,46.1
IN,63,-7.44974379188017,1.154303502276722,46.1
IN,21,-1.195022791671796,1.2159471562171231,46.6
IN,63,1.9301055398135647,8.995868162212773,46.6
IN,21,9.96966121692231,11.614744272664467,32.2
IN,63,2.94539019046014,12.20143195213692,32.2
IN,21,19.423637940550353,18.456997682409735,41.5
IN,63,16.218560277536874,16.55504198457852,41.5
IN,21,-9.545618898397013,-5.423413474085947,53.2
IN,63,-14.252139327467761,-3.605814307361422,53.2
IN,21,-5.6429406661385855,-5.209221944671439,42.9
IN,63,8.883105126174051,12.329983897730134,42.9
IN,21,11.677154376577858,11.677154376577858,45.4
IN,63,2.5547307735785063,4.568816271461163,45.4
IN,21,14.472575262111032,14.27461130316794,44.0
IN,63,20.59468024137814,22.9568722330998,44.0
IN,21,1.511758118701012,1.7084794301764128,43.1
IN,63,12.430011198208302,14.626347239746895,43.1
IN,21,12.126024590163942,16.620698657236545,53.1
IN,63,9.421106557377069,16.35338543838296,53.1
IN,21,-1.5432493498742317,3.0915384168173525,36.8
IN,63,14.622500746045963,18.188100789807592,36.8
IN,21,17.145758048844396,16.605280349344234,40.4
IN,63,37.26868783912136,39.19407113337464,40.4
IN,21,4.791972160819413,4.791972160819413,47.2
IN,63,16.90704952835351,19.58320201611534,47.2
IN,21,4.030462825483094,5.382468188373202,43.3
IN,63,-89.01131581045641,-86.25963213510184,43.3
IN,21,2.5619060900053947,0.930631841178986,30.7
IN,63,-0.1972229416100535,1.1421006768353337,30.7
IN,21,-9.506574514371524,-7.750818994800445,33.1
IN,63,-16.816510405636954,-10.889273387978806,33.1
IN,21,14.028314028314037,15.673397084056194,35.4
IN,63,68.98326898326899,78.49147712304188,35.4
IN,21,1.8817204301075252,2.078441741582926,37.4
IN,63,42.4731182795699,44.669454321108496,37.4
IN,21,24.89568845618915,25.741801623825314,38.2
IN,63,16.958738989337043,20.338330916176684,38.2
IN,21,5.363099820374662,6.765922162315386,44.9
IN,63,1.6422889402104124,9.532683288787368,44.9
IN,21,14.28571428571428,15.373018984494669,30.8
IN,63,11.088189788550796,20.596397928323686,30.8
IN,21,20.28985507246377,21.06850707914284,49.7
IN,63,2.5764895330112836,9.799657448463028,49.7
IN,21,3.7408628350293682,5.42692551830185,42.4
IN,63,12.541206822416505,19.058905213601264,42.4
IN,21,3.1206171107994507,5.276812666438369,40.3
IN,63,19.074333800841536,22.402807129109625,40.3
IN,21,17.543264336613507,17.543264336613507,39.9
IN,63,2.986087546657612,5.000173044540269,39.9
IN,21,-5.242610150585614,-3.0841986890857824,42.6
IN,63,-0.7585052983826057,2.6210866284570367,42.6
IN,21,3.263230083438118,3.26137257314818,41.4
IN,63,13.875871528174644,16.796985385103557,41.4
IN,21,17.716333845366105,19.361416901108264,37.9
IN,63,20.942140296978984,30.450348436751874,37.9
IN,21,7.0829450139795025,8.010806353550182,40.1
IN,63,8.853681267474368,8.949190660717877,40.1
IN,21,32.94069861900895,33.719350625688016,44.4
IN,63,18.52152721364746,26.102182735320568,44.4
IN,21,-3.308694121788114,-2.236554510845201,38.7
IN,63,13.410770855332622,17.37448978826647,38.7
IN,21,4.289224811974091,3.872549568796213,40.7
IN,63,7.956660957629014,10.683038624193909,40.7
IN,21,2.5019253552140963,4.424248033201305,43.1
IN,63,18.843606943715873,22.055766900254046,43.1
IN,21,4.041629078967257,4.041629078967257,38.1
IN,63,-7.578927930187318,-4.250454601919229,38.1
IN,21,-0.5928292509762123,0.5887888120609364,33.4
IN,63,13.191338303159394,16.691801972098798,33.4
IN,21,-1.0531651272809084,2.903744763009708,29.8
IN,63,3.2749493129083262,13.380232620735843,29.8
IN,21,5.6541671564593665,5.6541671564593665,46.5
IN,63,5.3426589867168195,8.67113231498491,46.5
IN,21,-54.48753850462056,-53.21215143673218,29.5
IN,63,-47.11565387846542,-42.871032279403195,29.5
IN,21,32.79365713904989,33.88096183783028,31.7
IN,63,11.24325404757145,20.921824829149227,31.7
IN,21,33.99413846494139,33.15399111616955,44.6
IN,63,41.95144879451449,43.63897968262439,44.6
IN,21,-9.769260421829395,-8.587642358792246,45.8
IN,63,13.41483561870147,16.859162628563272,45.8
IN,21,11.18514992860542,11.183292418315482,36.0
IN,63,24.149214659685846,27.07032851661476,36.0
IN,21,11.340206185566991,12.427510884347381,36.8
IN,63,-6.486254295532657,3.1923164860451205,36.8
IN,21,3.0290456431535384,2.1888982943816915,36.5
IN,63,4.81327800829876,6.50080889640866,36.5
IN,21,40.53371799495131,40.53371799495131,46.2
IN,63,51.64082221420843,54.31697470197025,46.2
IN,21,-1.1267939746174793,0.36782632524008374,41.7
IN,63,15.241371130352267,20.066839166783204,41.7
IN,21,1.0305572198921586,2.222803910013249,45.6
IN,63,31.755542240862788,35.13513416770243,45.6
IN,21,-13.128953771289531,-10.151508106022044,42.6
IN,63,-21.927007299270073,-10.351670344437679,42.6
IN,21,9.802897794021682,9.386222550843804,29.5
IN,63,19.27946743245006,22.00584509901495,29.5
IN,21,2.522300830513702,8.688346491280253,39.2
IN,63,19.36187466793435,24.296928109961634,39.2
IN,21,6.305988834690357,7.787127817187434,36.5
IN,63,10.679377561807968,15.480660665054756,36.5
IN,21,-4.418429003021151,-2.892272777672033,53.4
IN,63,-3.509063444108762,2.4181735735493866,53.4
IN,21,3.7688442211055273,2.9286968723336804,40.0
IN,63,-9.170854271356777,-7.0125441055713065,40.0
IN,21,10.047846889952151,10.826498896631222,42.8
IN,63,-9.090909090909083,-0.5962705305797336,42.8
IN,21,13.653603034134033,13.653603034134033,49.0
IN,63,62.89506953223767,65.5712220199995,49.0
IN,21,-11.211678832116789,-10.139539221173877,53.6
IN,63,-15.627737226277372,-11.664018293343526,53.6
IN,21,6.509945750452073,6.509945750452073,39.9
IN,63,26.07996785211977,28.756120339881598,39.9
IN,21,14.973814265693019,15.931243475963662,45.5
IN,63,14.649258685549892,22.55309998320929,45.5
IN,21,7.777640706402611,7.777640706402611,38.6
IN,63,-9.496199432524499,-6.8200469447626695,38.6
IN,21,5.048248064053262,8.579243405516978,37.8
IN,63,45.50323661814477,49.65690940236603,37.8
IN,21,-1.3802709889831566,0.30579169428932573,44.7
IN,63,-1.342281879194629,5.175416511990128,44.7
IN,21,7.011971658929883,8.430833053541475,44.5
IN,63,13.058881016369405,16.41211770151072,44.5
IN,21,-0.8505315822388892,-0.8505315822388892,32.6
IN,63,-10.36898061288305,-4.495717444111513,32.6
IN,21,17.147270854788886,18.234575553569275,35.9
IN,63,10.478887744593223,20.157458526171,35.9
IN,21,1.0600706713780994,4.244814700975086,15.8
IN,63,11.22587659690133,20.214452884679968,15.8
IN,21,-22.97665369649806,-20.9730975444965,47.4
IN,63,-9.98054474708171,-6.652071418813621,47.4
IN,21,10.271687321258337,10.271687321258337,33.9
IN,63,28.81315538608198,31.48930787384381,33.9
IN,21,6.648482782134324,7.830100845171472,52.6
IN,63,16.72349130583022,20.16781831569202,52.6
IN,21,-13.182130584192443,-8.687456517119841,49.0
IN,63,-14.94158075601375,-8.009301875007857,49.0
IN,21,3.3690393918452077,6.9817860812867565,38.0
IN,63,5.839668279198351,11.596292688050514,38.0
IN,21,-0.04222081486172646,1.0450838839186627,34.1
IN,63,-21.891492505805367,-12.21292172422759,34.1
IN,21,11.446700507614228,10.480060249473611,39.2
IN,63,-10.583756345177664,-10.247274638136016,39.2
IN,21,10.26518391787854,11.04383592455761,36.0
IN,63,8.554319931565434,15.744471180794916,36.0
IN,21,15.065549108102294,15.065549108102294,38.5
IN,63,11.712873415001068,13.726958912883724,38.5
IN,21,3.177033492822967,4.24917310376588,43.4
IN,63,-13.477511961722488,-9.513793028788642,43.4
IN,21,15.487977369165495,14.239981294557523,37.7
IN,63,4.950495049504955,5.773219183846756,37.7
IN,21,1.4302613184213442,2.9248816182789072,43.4
IN,63,9.947306161952895,14.77277419838383,43.4
IN,21,0.24957309864706012,2.630647854044399,46.4
IN,63,-8.892683567581761,-0.15224631263154365,46.4
IN,21,2.2727272727272707,5.933733840547539,48.8
IN,63,45.90909090909092,53.894179950440225,48.8
IN,21,54.58715596330277,53.69591034224799,48.7
IN,63,50.0,49.39003920719078,48.7
IN,21,39.570552147239255,40.34920415391832,40.9
IN,63,-22.085889570552155,-1.5141771466342107,40.9
IN,21,-4.600508152643135,-2.4394810692953355,40.4
IN,63,7.646957251042186,12.732548397743038,40.4
IN,21,12.27804965538446,13.92313271112662,36.6
IN,63,-0.7251018473442894,8.817295242933065,36.6
IN,21,-3.3560153682358984,-4.196162717007745,42.9
IN,63,5.089570892931539,6.722634251342563,42.9
IN,21,10.842868128539141,12.143827269433729,38.3
IN,63,17.349055064898742,21.83506043665414,38.3
IN,21,-3.3378050338571663,-2.427099927570975,51.3
IN,63,-2.505749329244933,0.41536452768398124,51.3
IN,21,23.899371069182386,24.986675767962776,38.0
IN,63,110.14150943396226,119.82008021554003,38.0
IN,21,-11.899224806201547,-9.431634316202718,44.0
IN,63,-16.744186046511622,-8.14013875235473,44.0
IN,21,-7.942238267148016,-6.312662150019599,56.5
IN,63,2.4755028365136544,5.803976164781743,56.5
IN,21,17.196367763904654,17.196367763904654,35.5
IN,63,39.55732122587969,42.233473713641516,35.5
IN,21,-9.490030674846627,-6.801769349061626,46.5
IN,63,-16.046779141104285,-11.642314122904308,46.5
IN,21,-17.667567952184427,-13.172893885111826,45.0
IN,63,-19.503344243631705,-12.571065362625813,45.0
IN,21,-18.69923450008766,-14.927574012859914,52.3
IN,63,-9.96318588207794,-3.0309070010720474,52.3
IN,21,5.431663730178715,4.9638577802980866,35.6
IN,63,2.416310093128615,1.6281736592821616,35.6
IN,21,10.012056908608624,11.9577555585881,40.6
IN,63,3.0335182059320065,8.773206107674469,40.6
IN,21,2.1792650679310466,4.619463943201341,43.4
IN,63,-14.707759642564067,-5.953945624628975,43.4
IN,21,-4.168328679696853,-2.0099172181970215,34.8
IN,63,-1.7883260204760054,1.591265906363637,34.8
IN,21,1.5817344061618943,1.5798768958719567,33.5
IN,63,10.748916855787094,13.670030712716008,33.5
IN,21,0.31272288363417555,1.9578059393763336,41.5
IN,63,6.265430405442474,15.521472167119253,41.5
IN,21,-3.1224104212933868,0.40858492017032955,47.1
IN,63,-4.786370115018734,-0.6326973307974715,47.1
IN,21,9.487380672159018,12.900237774201006,42.1
IN,63,16.905322348633444,21.735646351061543,42.1
IN,21,12.111720177499329,11.145079919358713,45.6
IN,63,12.555468546071502,12.89195025311315,45.6
IN,21,-6.286369969674599,-6.089648658199199,51.3
IN,63,-7.69609048438652,-5.499754442847927,51.3
IN,21,-0.9548757816461251,1.048680370355437,37.4
IN,63,5.399695791786363,8.728169120054453,37.4
IN,21,8.197410459054977,9.61627185366657,43.9
IN,63,31.822767782075,35.176004467216316,43.9
IN,21,0.919032107957185,2.6107713913171238,45.2
IN,63,-14.239181014425306,-5.008862933722336,45.2
IN,21,-2.7635979581059567,-1.5713512679848662,50.2
IN,63,9.843728608030666,13.22332053487031,50.2
IN,21,13.602215889843162,14.674355500786074,45.5
IN,63,30.386784369208698,34.35050330214254,45.5
IN,21,3.2237266279819377,3.4204479394573384,48.3
IN,63,3.269779865524547,5.46611590706314,48.3
IN,21,-6.02634934126648,-6.02634934126648,43.4
IN,63,4.360390990225249,7.036543477987078,43.4
IN,21,1.8601472932958885,2.932286904238801,38.0
IN,63,7.934097638751814,11.89781657168566,38.0
IN,21,-6.226544195401096,-4.5969680782726785,31.9
IN,63,1.2751663936635627,4.603639721931652,31.9
IN,21,4.236715383965528,5.655576778577121,37.6
IN,63,1.2651009546337688,4.618337639775083,37.6
IN,21,7.9794289912450855,9.359603206803735,48.3
IN,63,-2.0468970021019994,2.6679948146202332,48.3
IN,21,1.9238528019026147,1.921995291612677,30.3
IN,63,7.708151954642939,10.629265811571853,30.3
IN,21,-13.37734200563052,-9.82606139116503,54.0
IN,63,-20.02070996343398,-9.130370678405786,54.0
IN,21,-1.127430699213916,-2.0940709573545324,46.9
IN,63,-10.588194731761135,-10.251713024719487,46.9
IN,21,-5.779365472358789,-5.086531877248335,37.3
IN,63,-7.813107912142325,-4.60094795560415,37.3
IN,21,12.186066061858568,14.419993172012411,57.0
IN,63,-15.660793723072608,-7.249120887837391,57.0
IN,21,7.765217391304335,7.765217391304335,35.5
IN,63,30.399999999999984,32.41408549788264,35.5
IN,21,9.565409360413767,12.253670686198769,40.5
IN,63,21.78945376561119,26.193918783811164,40.5
IN,21,-3.9801611903285794,-3.097116301200009,37.2
IN,63,-25.232486050836954,-18.49381043556508,37.2
IN,21,5.883853413825357,7.528936469567515,37.1
IN,63,9.10636850607942,18.61457664585231,37.1
IN,21,0.19911252702240478,2.3553080826613226,44.9
IN,63,8.140857890545018,11.469331218813107,44.9
IN,21,-4.526239378282593,-3.3446213152454445,36.3
IN,63,5.149664802083764,8.593991811945568,36.3
IN,21,-0.43767507002800965,-2.0689493188544184,38.2
IN,63,4.048494397759095,5.387818016204482,38.2
IN,21,8.88170431994113,10.233709682831238,32.9
IN,63,9.178724914245162,11.963846406101053,32.9
IN,21,-10.753447780042258,-9.561201089921168,21.4
IN,63,-12.139436602108045,-8.759844675268402,21.4
IN,21,-2.236874039317216,-0.8451393201094004,27.9
IN,63,-4.428579133295585,-0.15638471289332045,27.9
IN,21,3.0873155843057054,3.0873155843057054,34.1
IN,63,-12.616083456439831,-6.690257541985646,34.1
IN,21,0.10076028212879784,3.432632048199036,38.8
IN,63,-22.810295868828433,-12.34230961222993,38.8
IN,21,2.4512884978001193,7.0860762644917035,46.9
IN,63,-3.378378378378377,0.18722166538325258,46.9
IN,21,59.512742426670954,60.29139443335002,35.0
IN,63,57.70155473633596,64.9247226517877,35.0
IN,21,0.33078680003151284,2.334342952033075,41.9
IN,63,13.373237772702208,16.701711100970297,41.9
IN,21,4.580113343637304,4.578255833347367,36.1
IN,63,7.027305512622362,9.948419369551276,36.1
IN,21,13.369713506139158,12.668912366204932,50.7
IN,63,20.10004547521602,19.67949610150019,50.7
IN,21,30.868797803490878,30.868797803490878,36.8
IN,63,41.87095508923318,44.547107576995,36.8
IN,21,-6.559999999999999,-2.788339512772253,55.3
IN,63,-13.749333333333336,-6.817054452327443,55.3
IN,21,-8.037362475079368,-5.56977198508054,39.9
IN,63,-9.831647345492122,-1.22760005133523,39.9
IN,21,9.54290296712108,9.54290296712108,33.9
IN,63,13.833199679230134,16.509352166991963,33.9
IN,21,4.681252776543743,8.440185884358298,39.6
IN,63,10.023322967569959,21.06091424303905,39.6
IN,21,1.0778423614842492,7.952023391915263,33.1
IN,63,6.245624318207721,13.092044693499204,33.1
IN,21,13.722667146585078,14.263343216850123,38.7
IN,63,4.628213203755349,8.351438674012634,38.7
IN,21,-0.27787086684540885,0.1558478546217379,43.2
IN,63,7.825067024128685,9.604927208111846,43.2
IN,21,3.712438611581259,5.131300006192852,36.2
IN,63,13.997946782830684,17.463339857760452,36.2
IN,21,1.5727459016393386,5.6399345038612765,37.6
IN,63,8.376024590163933,16.24789611919516,37.6
IN,21,6.834673465385377,5.99452611661353,42.7
IN,63,42.13571288487938,43.82324377298928,42.7
IN,21,7.003810470510263,7.003810470510263,32.6
IN,63,8.515573227302852,11.191725715064681,32.6
IN,21,23.24245017728328,23.24245017728328,48.7
IN,63,15.992175082528437,18.668327570290266,48.7
IN,21,26.418707791553263,27.600325854590412,37.8
IN,63,65.34623525854248,68.79056226840429,37.8
IN,21,-9.067112225006957,-5.541437114883207,37.2
IN,63,-32.163742690058484,-20.62743047750343,37.2
IN,21,-2.024574606240215,-0.9372699074598256,37.1
IN,63,-3.8060670640338246,5.872503717543953,37.1
IN,21,3.780775716694773,10.654956747125787,38.5
IN,63,15.679595278246206,22.52601565353769,38.5
IN,21,-3.4481401298956937,-2.0679659143370444,47.8
IN,63,-11.243193597060941,-6.528301780338708,47.8
IN,21,8.132289503115508,11.980062938725023,39.9
IN,63,-0.8308036427544185,10.231670750802081,39.9
IN,21,11.595596145482844,12.987330864690659,52.6
IN,63,20.680262766371406,24.95245718677367,52.6
IN,21,-0.9860213437547061,-1.9526616018953225,43.6
IN,63,10.426123553284228,10.762605260325875,43.6
IN,21,-5.812143895255373,-1.852184975190052,37.5
IN,63,-3.3292176306414123,6.975850872137956,37.5
IN,21,-10.106963271345625,-6.3353027841178795,48.3
IN,63,-4.779281143282288,2.152997737723605,48.3
IN,21,4.24450999672239,6.638574629065119,39.4
IN,63,-5.752212389380529,2.186364083314662,39.4
IN,21,20.574886535552217,21.662191234332607,48.9
IN,63,4.53857791225416,14.217148693831938,48.9
IN,21,-6.249999999999989,-1.6152122333084051,39.7
IN,63,0.6793478260869623,4.244947869848592,39.7
IN,21,26.103404791929385,28.54360366719968,49.5
IN,63,14.627994955863821,23.23204225002071,49.5
IN,21,6.188482860052047,7.576801065745309,38.6
IN,63,38.839235207602684,42.632696913147946,38.6
IN,21,-5.624641285632281,-1.5293627835948786,39.4
IN,63,-7.952298960525461,6.254618651975575,39.4
IN,21,3.0172791860363146,4.436140580647907,23.6
IN,63,-17.603718972019987,-14.250482286878672,23.6
IN,21,-3.063190993001308,-1.8709443028802175,39.6
IN,63,14.40308347702608,17.78267540386572,39.6
IN,21,3.036303630363024,5.476502505633318,44.1
IN,63,10.181518151815183,18.935332169750275,44.1
IN,21,3.3027522935779707,3.3027522935779707,31.7
IN,63,14.026503567787962,16.70265605554979,31.7
IN,21,13.160658032901651,14.655278332759213,49.9
IN,63,55.32026601330067,60.1457340497316,49.9
IN,21,-5.095342294467031,-0.6006682273944293,51.4
IN,63,-5.991455663228096,0.9408232177777975,51.4
IN,21,4.449393714427119,3.201397639819148,45.3
IN,63,-1.1927740658252861,-0.37004993148348486,45.3
IN,21,16.202906865557477,17.16033607582812,48.7
IN,63,19.20061197169631,26.876622901509315,48.7
IN,21,8.600137302627475,8.600137302627475,35.1
IN,63,4.30630967983523,7.634783008103319,35.1
IN,21,15.511091294170098,16.963848782284973,45.7
IN,63,20.828224278229857,26.617984295486874,45.7
IN,21,-3.3856988082340167,-0.9916341758912872,49.9
IN,63,-10.915492957746487,-2.976916485051296,49.9
IN,21,-1.9173363949483435,2.1498522072735944,39.8
IN,63,26.429391504018373,34.3012630330496,39.8
IN,21,0.8187838651414703,1.015505176616871,51.2
IN,63,-0.9271523178807972,1.2691837236577963,51.2
IN,21,16.795031055900633,18.213892450512226,30.1
IN,63,32.39751552795032,35.073668015712144,30.1
IN,21,-3.8461538461538436,-2.2010707904116855,35.8
IN,63,-21.301775147928982,-11.793567008156092,35.8
IN,21,-11.295681063122931,-11.712603199720316,44.2
IN,63,-26.910299003322258,-24.864390476338638,44.2
IN,21,6.425702811244993,7.204354817924063,22.4
IN,63,10.441767068273089,17.63191831750257,22.4
IN,21,-7.795698924731198,-6.166122807602781,44.5
IN,63,7.795698924731176,11.124172252999266,44.5
IN,21,18.45238095238093,18.45238095238093,29.5
IN,63,86.90476190476188,88.91884740264454,29.5
IN,21,2.0449897750511203,2.8911029426872847,44.9
IN,63,-2.0449897750511203,1.334602151788522,44.9
IN,21,-12.725225225225223,-9.312368123183235,45.3
IN,63,-20.195195195195193,-15.364871192767094,45.3
IN,21,-3.504726769656441,0.15627979816382753,39.7
IN,63,0.6686649757897234,8.653754017139025,39.7
IN,21,10.14895228477657,9.308804936004723,40.2
IN,63,-14.188336278717506,-12.030026112932035,40.2
IN,21,67.34972677595627,68.12837878263534,30.0
IN,63,95.65573770491804,102.84588895414753,30.0
IN,21,23.765513599154996,23.962234910630396,38.5
IN,63,37.65513599155004,39.47822769664475,38.5
IN,21,-19.27056389032592,-17.341433183100875,29.2
IN,63,-32.33316088980859,-27.5318777865618,29.2
IN,21,16.97152855097821,16.969671040688272,40.5
IN,63,43.55018291713058,46.47129677405949,40.5
IN,21,8.017326544570258,9.43618793918185,46.5
IN,63,51.143703928869975,55.04806579216825,46.5
IN,21,2.7332843497428483,6.852461303605972,48.9
IN,63,20.274308106784233,26.155061150796055,48.9
JP,21,-16.494148616582095,-15.669949571712639,42.1
JP,63,-13.69911504014355,-7.1814986497166,42.1
JP,21,15.16918645118761,18.104967948432925,43.7
JP,63,17.852977604690203,25.847980070848998,43.7
JP,21,4.764965688556888,3.1392359134015724,48.2
JP,63,31.099277249128264,29.6205587924758,48.2
JP,21,-6.740527736577895,-4.409871963239487,41.4
JP,63,-7.6044634839989245,-4.8538191141228815,41.4
JP,21,-12.515157841281344,-6.462207496142924,38.3
JP,63,4.511278336940316,6.111681356943565,38.3
JP,21,2.8475868406443894,3.671785885513845,52.0
JP,63,-10.21778049301798,-3.70016410259103,52.0
JP,21,7.508687789442003,5.158524503745143,46.7
JP,63,-3.2678378310222467,-2.202957566343444,46.7
JP,21,-2.205075566372383,-1.7144688916394646,44.5
JP,63,18.76515442350275,14.23761779809043,44.5
JP,21,-7.517685060319746,-7.731530674462384,46.8
JP,63,4.056566962961394,0.48671705011322786,46.8
JP,21,-10.570632467334928,-10.370350988441356,41.5
JP,63,0.19342299379379035,0.2954265239387466,41.5
JP,21,9.214664876895217,9.85680583190107,35.4
JP,63,17.348699437557393,19.60892678036399,35.4
JP,21,-24.80225988700565,-21.512918334066466,41.7
JP,63,-22.768361581920903,-22.53805699665665,41.7
JP,21,5.361182865807135,3.0110195801102746,43.0
JP,63,-2.186764461253421,-1.1218841965746185,43.0
JP,21,-3.4482719377961213,0.9927596630375235,51.8
JP,63,-2.4904178779252217,-1.9333727271191758,51.8
JP,21,4.451640354177822,5.276159935709734,47.8
JP,63,3.55633314789614,4.1593710091986535,47.8
JP,21,5.8763371267068765,3.907095069745714,38.8
JP,63,0.6129031494702675,2.8555824586171674,38.8
JP,21,-4.861116543341993,-0.42008494250834794,47.1
JP,63,4.103533279410843,4.660578430216889,47.1
JP,21,1.5779391269923115,2.2433060380351533,45.5
JP,63,10.879998052758966,11.656084531694022,45.5
JP,21,3.458402312097264,2.594926053673219,56.7
JP,63,19.42942518322386,21.558925801443152,56.7
JP,21,-15.048468995230035,-11.90766134699871,41.9
JP,63,-13.494383751346362,-13.214114320317517,41.9
JP,21,9.613566654283744,9.393738238466831,49.4
JP,63,11.281873186381564,12.114264718013024,49.4
JP,21,-6.125568511772251,-4.935173820128513,37.9
JP,63,4.571131723998367,6.825027872367729,37.9
JP,21,2.0701870007596934,6.496854867627421,41.8
JP,63,-1.200320944756128,5.911698570061231,41.8
JP,21,2.7884922660076583,0.07738175947045178,46.6
JP,63,-4.306525354105595,-1.1299333208528277,46.6
JP,21,1.7334552197716624,0.11707896003883,39.9
JP,63,-1.0017600484533373,-1.0368879876319292,39.9
JP,21,2.1397156903563364,5.885452058046248,40.5
JP,63,-1.0279055977931661,6.107175148694266,40.5
JP,21,-1.9009243185260982,-2.777580758932674,57.2
JP,63,-2.7649782159128056,-2.0353232688249623,57.2
JP,21,-3.3939441157960326,0.27036417037410443,33.8
JP,63,4.227067182696098,12.752004702735631,33.8
JP,21,3.6429833107450182,2.455876276759006,36.9
JP,63,-3.5765430533063025,-4.817991987153869,36.9
JP,21,12.162148187043176,10.677496357132043,41.6
JP,63,9.121631373824224,11.66847689524575,41.6
JP,21,1.7621128111338757,-0.8761431621931104,49.5
JP,63,10.981699664453327,7.567065676989749,49.5
JP,21,-11.474799637503242,-12.049543937393238,35.3
JP,63,-5.0753916220564355,-10.775893399249824,35.3
JP,21,1.8082138742330445,-0.7349667297925411,35.2
JP,63,-7.0607944799469635,-5.730873701815775,35.2
JP,21,5.787875497832018,5.123915217490493,39.2
JP,63,20.121208731191565,16.162100071437504,39.2
JP,21,0.982532493353272,4.364104691251535,34.5
JP,63,-2.94758623775474,6.964532358997278,34.5
JP,21,-8.439088884951651,-5.944015920963208,35.9
JP,63,-24.936546669029003,-20.890729857373834,35.9
JP,21,-11.106814311099988,-11.518044470354738,32.3
JP,63,-24.299786922371545,-26.715606758567155,32.3
JP,21,5.786622540495179,6.090080623667216,46.3
JP,63,18.96831217243029,20.49258898934886,46.3
JP,21,9.321260238971307,6.810826476658116,46.0
JP,63,-5.633494773790737,-5.548033133122354,46.0
JP,21,-20.66932859791558,-21.244072897805577,44.4
JP,63,-39.53222972649273,-45.23273150368612,44.4
JP,21,19.654088050314456,17.654090721866034,47.5
JP,63,14.905660377358497,12.58146822166679,47.5
JP,21,9.378082253360231,7.893430423449099,44.4
JP,63,2.912060088901103,5.4589056103226286,44.4
JP,21,0.497585817677515,3.1050514311134148,38.8
JP,63,-15.16771433355647,-9.522772614369412,38.8
JP,21,-3.390111859053202,-2.4217206507793465,33.4
JP,63,-9.453660227016691,-1.577719958731005,33.4
JP,21,1.5005196654904074,3.177033029728349,41.5
JP,63,1.267105961988091,1.908518937273107,41.5
JP,21,-4.916175121654554,-3.444347904554135,42.9
JP,63,-8.53736713379516,-8.490029900917717,42.9
JP,21,-5.614662353018152,-5.838946159677882,52.4
JP,63,-3.1753443543683146,-6.456004710862951,52.4
JP,21,-4.361799929683086,-6.214114587929176,44.8
JP,63,-6.66757648433991,-11.577284878684813,44.8
JP,21,5.877704053537824,4.4427814414161215,49.0
JP,63,5.386349978349525,2.9502709489695356,49.0
JP,21,9.420361240336872,13.8470291072046,48.1
JP,63,-4.851872248320177,2.2601472664971816,48.1
JP,21,9.457491339160274,7.985803290552297,46.0
JP,63,14.731703038987188,14.885839617049468,46.0
JP,21,4.636470647428159,4.788566475822876,46.8
JP,63,12.961022401471233,17.80213772662491,46.8
JP,21,1.9204436679490344,1.862642543989823,40.6
JP,63,11.522626330449071,13.435253652528935,40.6
JP,21,21.69811825043042,19.240059305842404,33.8
JP,63,27.527040340931453,27.082015136062854,33.8
JP,21,4.234130610444375,5.6971212442351815,45.7
JP,63,2.9140812608129396,-0.7378287020442853,45.7
JP,21,1.29795891234199,0.16180254913016334,38.2
JP,63,7.05908583911119,3.3616504842259642,38.2
JP,21,-1.9671799247140687,-3.0539208471971113,40.9
JP,63,1.142804152863297,-0.6553542842276494,40.9
JP,21,-6.3312193510409065,-6.10399322634656,41.4
JP,63,-12.773019014731224,-11.781579736825964,41.4
JP,21,2.594590625221427,1.6340055407601417,37.8
JP,63,7.459455826473849,1.511533806747778,37.8
JP,21,-5.874630784378077,-3.808153939209236,44.5
JP,63,7.088939940925498,9.504557193941721,44.5
JP,21,8.405797101449286,5.837370947507159,44.2
JP,63,2.7697262479871254,-0.3933552745623681,44.2
JP,21,-6.643097239773221,-2.8350267723492246,27.8
JP,63,20.282236997870264,27.0262123473089,27.8
JP,21,9.813295295126512,9.966478832533731,42.4
JP,63,24.771796258180203,27.213649886877015,42.4
JP,21,6.083805409096765,6.096891994897402,44.4
JP,63,33.04043869027171,32.48408359853712,44.4
JP,21,-4.84257041370717,-5.281535590493269,48.7
JP,63,-8.656138791330282,-7.13816130644992,48.7
JP,21,-3.1368016326358883,-2.575666602819615,37.4
JP,63,-15.946783512691853,-4.492305697668831,37.4
JP,21,3.4357254906280055,3.8540235646476795,49.3
JP,63,0.079173897788265,0.009972106610756093,49.3
JP,21,9.00219890922176,9.608067264008236,38.6
JP,63,29.22819980871292,33.11700899005332,38.6
JP,21,-6.423178268010544,-3.775451739945446,43.2
JP,63,-8.438286502581793,3.4741177091276665,43.2
JP,21,-0.49400851645922117,2.347994311254531,32.6
JP,63,3.6226642339858506,10.25750359349874,32.6
JP,21,-3.8925618988706057,-2.7126721948387944,43.4
JP,63,2.162537637993789,3.121531796460697,43.4
JP,21,4.7032649379119995,6.166255571702806,52.9
JP,63,9.399997109745929,5.748087146888704,52.9
JP,21,1.13030929036404,-1.1697876726976197,49.2
JP,63,18.17018383668585,17.976295809343902,49.2
JP,21,-5.919720119520832,-3.904048051500874,49.7
JP,63,1.9384073328265528,1.410396002063763,49.7
JP,21,10.971774805799495,9.595059757659241,51.7
JP,63,7.418999636090984,9.83871637823528,51.7
JP,21,21.293369183311484,21.540389272967488,35.7
JP,63,26.65614894770174,24.625565119695914,35.7
JP,21,1.2437732094853438,6.81929536678183,31.1
JP,63,-12.313436514472386,-5.275036022464218,31.1
JP,21,-2.2253115274674107,-2.6815667279926902,45.4
JP,63,1.8080751445435306,1.072631757268372,45.4
JP,21,-10.537622426110971,-11.292282395060916,52.2
JP,63,-12.951005029911833,-12.657536538310877,52.2
JP,21,5.431394082055463,5.020163922800713,41.1
JP,63,-3.0665253905686862,-5.482345226764296,41.1
JP,21,-14.367813638079085,-15.563014187960155,35.4
JP,63,-16.211684102634173,-14.66695547488981,35.4
JP,21,-2.936708860759496,-5.171422310708196,33.3
JP,63,-5.240506329113925,-13.171936916269722,33.3
JP,21,-8.660303994344288,-6.208131647182092,20.3
JP,63,-8.324496288441141,-8.139522899633878,20.3
JP,21,0.13088258572286904,-0.6312028290014648,44.7
JP,63,28.61104391330049,31.4818163592798,44.7
JP,21,-2.2653667519559773,-1.9010787278377683,42.0
JP,63,-22.49189010459952,-21.21783293864977,42.0
JP,21,-6.103515640154078,-4.640525006363272,37.9
JP,63,-15.061390513583305,-18.71330047644053,37.9
JP,21,0.9622051897717476,0.550975030516998,29.5
JP,63,-4.14379518097967,-6.55961501717528,29.5
JP,21,13.229569664972708,11.134035997376124,37.2
JP,63,4.928653121377957,5.44459578408214,37.2
JP,21,13.69739670593695,12.024137465512009,45.6
JP,63,24.464191087902964,32.850728017828224,45.6
JP,21,5.035414525526538,4.860839766588887,46.8
JP,63,4.535792505036285,4.385774455058522,46.8
JP,21,-19.07783865096525,-19.48953687688758,56.7
JP,63,0.6014139284509001,0.9199042877853336,56.7
JP,21,-1.9780224613624275,-5.9766404679184815,23.1
JP,63,-25.777597513271377,-23.067808098279674,23.1
JP,21,2.0127129783769293,3.703465152100993,32.6
JP,63,-0.8517534835153162,-1.3327065257259463,32.6
JP,21,-0.9490037709001475,-1.9536275815113635,42.2
JP,63,-8.066440568021328,-2.621435082016877,42.2
JP,21,1.9371342514741263,-1.1364433688285436,39.3
JP,63,5.245435422360822,6.516290740007491,39.3
JP,21,0.0,0.6440369474886576,35.2
JP,63,1.9999939793100552,3.292326470734197,35.2
JP,21,7.747753296234183,10.085028766128579,47.0
JP,63,5.73161859412421,5.161765450514055,47.0
JP,21,10.2177575975287,12.997417008680946,35.8
JP,63,15.912894363565,12.416294885915068,35.8
JP,21,-2.6855431777670247,-3.4249193338149575,46.1
JP,63,-18.188747254710837,-17.954656621490717,46.1
JP,21,-3.6590189873417667,-4.238783531759028,34.2
JP,63,-3.6590189873417667,-4.238783531759028,34.2
JP,21,22.316871060907673,21.39098702197475,45.1
JP,63,18.383360995293117,18.303077413949385,45.1
JP,21,2.3841215738240606,3.068109212196679,50.7
JP,63,1.1920607869120303,3.4561102618569928,50.7
JP,21,8.63156965308014,7.0592816446083395,43.3
JP,63,19.315791438548157,24.059370423742553,43.3
JP,21,5.7631697433588425,3.1947435894167153,36.7
JP,63,1.2606933813597454,-1.902388141189748,36.7
JP,21,3.5590397514874805,7.9857076183552085,35.7
JP,63,-2.1323674844804352,4.979652030336924,35.7
JP,21,10.923895590465582,12.931358186052355,52.6
JP,63,10.75325960278104,11.388894256738634,52.6
JP,21,5.160479447412092,5.088051623070733,41.5
JP,63,7.2568666623660905,10.13683141863485,41.5
JP,21,23.949501690627883,24.91789289890174,39.9
JP,63,-8.573584898376541,-0.6976446300908554,39.9
JP,21,-6.142124557926831,-2.994484345777326,34.9
JP,63,10.517859099648597,12.881304788983028,34.9
JP,21,12.336445641245586,10.42125601011399,36.8
JP,63,16.898048356472728,19.901219282251294,36.8
JP,21,-2.7355623100303927,0.2467601267792996,49.6
JP,63,16.747720364741635,20.264406861119454,49.6
JP,21,-5.9146366797869,-3.5309317945482426,40.3
JP,63,-7.140861850913849,-1.6047564123259583,40.3
JP,21,6.400466955014861,5.567751581770031,52.9
JP,63,7.457429504639634,3.2283435600055643,52.9
JP,21,0.915434335034937,-1.443542000072373,36.1
JP,63,10.190313869468138,11.610540372289003,36.1
JP,21,4.610381929454599,3.5236410069715562,37.7
JP,63,-0.8224940907925027,-2.620652527883449,37.7
JP,21,-7.197683809460942,-3.7304797295104946,41.1
JP,63,-7.363270391728715,-5.842058280670026,41.1
JP,21,1.7169334774592704,3.2957357673910392,42.1
JP,63,0.19812407200929805,3.4735278867945363,42.1
JP,21,11.837907146420235,11.26316284653024,31.3
JP,63,17.15296275785956,11.452460980666169,31.3
JP,21,-4.4431957361703684,-0.9155694611537419,36.9
JP,63,-19.361645171237065,-13.5490971228038,36.9
JP,21,7.945248862959398,9.654739677538949,43.0
JP,63,8.846876350415256,10.842053821346976,43.0
JP,21,-1.6118449479415098,-4.033667845211397,46.8
JP,63,-3.320445401793004,-7.405427331918746,46.8
JP,21,0.5177009608789973,1.7322093195628052,40.4
JP,63,21.331372451973717,22.57473171817457,40.4
JP,21,-3.304706235330912,-2.6606692878422544,43.7
JP,63,-2.172788581504592,-0.8804560900804503,43.7
JP,21,-0.716294832949349,-0.04478244738795878,41.8
JP,63,-7.9943769025452855,2.5916498130940333,41.8
JP,21,-2.789787533503252,-2.247643918317521,34.6
JP,63,-9.076620704884364,-8.657040978172681,34.6
JP,21,-0.24509172443891725,0.7166752336672744,54.0
JP,63,3.137259737457354,-0.37547467961329684,54.0
JP,21,-5.263155771587547,-3.974619802999602,43.8
JP,63,-5.218920259322912,-4.530132293763711,43.8
JP,21,0.5714285714285783,4.206095669973619,41.2
JP,63,6.45714285714285,6.642833001076398,41.2
JP,21,-16.661411542842718,-14.553453480402544,51.8
JP,63,-17.73228343500175,-16.65695184734367,51.8
JP,21,-35.386224454448964,-7.272618549785999,40.1
JP,63,-13.883082401885815,2.8492509008818843,40.1
JP,21,-18.97107158099959,-15.913868090763694,49.1
JP,63,-18.363719388494882,-16.815702709356074,49.1
JP,21,-18.483244201508096,-14.470571591092428,45.0
JP,63,-12.46191060245736,-5.565043750044052,45.0
JP,21,-9.387591144477403,-6.74062357438554,36.2
JP,63,-20.309758992278482,-14.78965344837041,36.2
JP,21,0.09555455563858839,-1.50272617837639,45.2
JP,63,-5.385248324863023,-7.761779541574088,45.2
JP,21,1.437192244839891,2.3989592029460827,45.6
JP,63,4.787037771642555,1.274303354571904,45.6
JP,21,10.629568985057336,7.501806829560564,39.2
JP,63,18.476936930707023,16.325335817366682,39.2
JP,21,-1.0295906657532106,-0.7743708111087377,31.9
JP,63,13.740894428873741,16.128758583269576,31.9
JP,21,3.5965950290763438,4.461242412106414,35.9
JP,63,10.970544970178464,7.247685689192629,35.9
JP,21,-4.9734133064217705,-4.155667860352519,42.1
JP,63,-17.782296107260397,-17.325542197345488,42.1
JP,21,-5.485436893203888,-2.165466618592049,41.7
JP,63,3.689320388349504,3.835784893433314,41.7
JP,21,3.088532379719555,2.8432281387665848,35.0
JP,63,25.60723918839727,30.57552107709839,35.0
JP,21,-22.94859028018156,-19.915150893482338,35.0
JP,63,0.09018198237944475,4.409369383827022,35.0
JP,21,27.568931084187632,29.299209366865256,35.4
JP,63,1.9791111115949223,8.85834790871456,35.4
JP,21,-5.674836084084667,-6.8987193843428,41.0
JP,63,-16.722563828979776,-19.39377139179842,41.0
JP,21,0.13200867693627938,0.5831111705146497,41.1
JP,63,-17.66943631299004,-19.236003592718966,41.1
JP,21,-13.424892805317668,-13.385176059707938,32.2
JP,63,-11.793991883300436,-11.059771710106736,32.2
JP,21,-2.213791955973232,1.85544682963048,33.2
JP,63,28.35418068391966,30.383643524006565,33.2
JP,21,4.621072856144459,2.700260047829439,53.7
JP,63,12.538505480683249,12.515603987606983,53.7
JP,21,3.075260616846953,2.8870352379801067,48.1
JP,63,-13.24234380998045,-18.52492815071126,48.1
JP,21,-12.670299464123392,-16.340019629508106,46.8
JP,63,6.198912031731618,8.042606677895048,46.8
JP,21,-1.9327359532020028,-4.537016803307936,43.1
JP,63,-2.6091999069396743,-5.3685737894491155,43.1
JP,21,-8.09815419570471,-7.34469198934743,19.8
JP,63,-39.48466255739037,-30.382563384662213,19.8
JP,21,6.306308945423433,6.444633304106395,45.5
JP,63,14.514522913609529,14.617685989713314,45.5
JP,21,-1.3801755775205038,-5.4123686498027235,46.3
JP,63,0.7528301022282191,-3.5891852184289252,46.3
JP,21,-4.5611682379293805,-3.7618454884211117,47.7
JP,63,-5.18059666861197,-3.6369415861718046,47.7
JP,21,28.466496136494214,28.252650522351576,28.0
JP,63,32.12411389204804,28.55426397919987,28.0
JP,21,-2.0426675646167736,-3.101345452787241,48.2
JP,63,-31.85751704968246,-28.957271354091084,48.2
JP,21,-3.112306593031011,-3.5632178104087586,32.1
JP,63,-3.7642995810718727,3.3193360721702314,32.1
JP,21,19.121159330866355,17.548871322394554,30.8
JP,63,22.03728624292227,26.780865228116667,30.8
JP,21,-2.037861915367478,1.4637865564934183,45.6
JP,63,10.155902004454354,12.97971058058085,45.6
JP,21,-5.07180305447914,-3.1135344750391036,37.7
JP,63,8.285844540688391,7.306021923045768,37.7
JP,21,20.889964059129372,21.71416310399883,36.5
JP,63,31.821294731977655,38.539183313421766,36.5
JP,21,-1.215583195539205,2.5301531721507065,28.0
JP,63,-8.687887740259093,-1.5528069937716609,28.0
JP,21,7.420500057793178,8.285147440823248,45.8
JP,63,29.195211978864876,25.47235269787904,45.8
JP,21,-19.719773332292355,-7.944187000834013,44.5
JP,63,-2.9320134041064816,4.79863078752687,44.5
JP,21,-1.9575798371166853,-2.0153809610758966,46.6
JP,63,-9.461651340189803,-7.54902401810994,46.6
JP,21,-1.408434722365659,18.06072666471702,45.5
JP,63,17.94426524957682,25.29218644217951,45.5
JP,21,15.501522922319456,14.870755233384347,44.2
JP,63,8.77150430997462,11.12387904005432,44.2
JP,21,-1.9967685075735653,0.9855539292361271,50.2
JP,63,-3.3639164212560857,0.15277007512173313,50.2
JP,21,2.444212173741178,0.7668269115150839,54.4
JP,63,4.888405439773158,11.97402272388235,54.4
JP,21,-29.684411850819224,1.531298558752539,47.9
JP,63,-10.859214312043441,6.8751606169489605,47.9
JP,21,16.498345414128423,11.472026620092766,46.9
JP,63,21.254163686827688,19.892216520412532,46.9
JP,21,-4.577962298645355,-1.9309947285534923,47.0
JP,63,-7.153055607896586,-1.6329500639885142,47.0
JP,21,3.4528730094780524,2.3661320869950098,30.7
JP,63,-7.189948961066738,-8.988107398157684,30.7
JP,21,2.389858161650249,0.8175701531784485,25.1
JP,63,4.945973290870964,9.68955227606536,25.1
JP,21,6.9688214474137755,9.81675381583531,45.7
JP,63,28.054168393122115,33.33629820372994,45.7
JP,21,8.683473389355733,11.461069743799523,46.0
JP,63,16.408668730650145,18.008417480915128,46.0
JP,21,-0.5030749224912534,-1.4854145328825674,40.0
JP,63,-2.1800012006702785,3.220965816036048,40.0
JP,21,7.902060759478058,10.32618558864713,33.4
JP,63,19.463004646699787,27.395826631586417,33.4
JP,21,3.422044986622419,2.0712668038884496,45.7
JP,63,59.90494882391499,55.88845491133682,45.7
JP,21,-7.378310109889663,-7.789540269144412,28.0
JP,63,3.8013820128433906,1.385562176647781,28.0
JP,21,8.37898152160006,9.567428108416333,43.0
JP,63,-9.373095769006945,-6.113863367108052,43.0
JP,21,88.97685749086479,90.04502025551088,41.4
JP,63,142.326431181486,143.85248167665276,41.4
JP,21,-15.158450021333536,7.173838344799886,45.6
JP,63,-7.539562954403345,9.715381672995193,45.6
JP,21,-3.9665987966285843,-1.2831337440408874,37.0
JP,63,-1.74843564981787,2.9702345329308932,37.0
JP,21,-5.595542626368366,-3.081686819210183,43.5
JP,63,0.017426832507561052,4.796131541505599,43.5
JP,21,12.356637020651196,11.231569037978485,36.8
JP,63,5.967691398615171,6.197251289487459,36.8
JP,21,-6.425106203615616,1.534729176803861,46.3
JP,63,-11.622401363606393,-2.540744279619421,46.3
JP,21,-5.233878458385699,-2.8987042563811793,38.9
JP,63,1.8751258480534938,1.0297164583618734,38.9
JP,21,-0.8993576340031173,-2.2597320402973797,39.7
JP,63,25.576888169431268,25.51753816917941,39.7
JP,21,1.1290250744038666,-0.6218997976006113,56.4
JP,63,12.096771561910336,10.87487308875863,56.4
JP,21,-7.061782041088128,-4.028342654388906,33.2
JP,63,-17.150061685863648,-12.83087428441607,33.2
JP,21,4.6721970705138505,4.662666160443241,49.2
JP,63,-2.5300116396756778,-1.9575138856619878,49.2
JP,21,-4.0850931515715505,15.384068235511128,46.7
JP,63,-10.910629701178543,-3.5627085085758523,46.7
JP,21,-2.119284722137249,-1.1364791364123272,19.0
JP,63,-13.332577345153851,-9.980466151855548,19.0
JP,21,-1.5189831400369336,-2.869672117594191,25.1
JP,63,13.782867262754062,5.5355369973932635,25.1
JP,21,3.0065268509789522,-0.05258402410661667,38.2
JP,63,-13.694106917939152,-13.059056304564052,38.2
JP,21,-7.75026631197,-5.502225893961043,41.0
JP,63,0.023953603823323455,0.028448846360340507,41.0
JP,21,-0.32626544337313046,0.19216130149605215,41.2
JP,63,3.588901730579641,3.4408058314040257,41.2
JP,21,-3.042981199825001,-0.9460667031329417,49.5
JP,63,-3.646926906942949,-6.7479568314678495,49.5
JP,21,-1.8726522409918678,-0.5841162724039228,48.5
JP,63,-2.5336057944928325,-1.8448178289336314,48.5
JP,21,-4.445506692160617,-1.4631842553509244,38.3
JP,63,-0.19120458891013214,3.3254819074676867,38.3
JP,21,-2.1373739225408306,-0.5087548533531994,42.8
JP,63,27.597053099552515,26.796071755328764,42.8
JP,21,2.87666876781969,3.6821149460399716,46.8
JP,63,4.342549541979279,7.53423510304958,46.8
JP,21,-0.12391794227936126,-0.5351481015341109,38.6
JP,63,-11.813303588061363,-14.229123424256972,38.6
JP,21,-2.1902384112513884,1.277074583769211,33.3
JP,63,-7.079653150168575,-4.3738352928995194,33.3
JP,21,-2.5819774810596496,-1.6699185880323264,42.6
JP,63,-1.177849764399297,7.012815744473744,42.6
JP,21,12.446026585954172,7.783142724301361,37.3
JP,63,0.4540009421714064,-0.02004244338389416,37.3
JP,21,0.24888003982079798,3.2312024766304903,40.4
JP,63,15.62966650074664,19.14635299712446,40.4
JP,21,-3.716812209878817,-3.564716381484101,48.9
JP,63,0.7079601168453742,5.549075441999052,48.9
JP,21,1.3776754830491234,1.756000539687419,30.7
JP,63,8.83049380911196,11.399057225703977,30.7
JP,21,-2.9315293152931576,0.5701191565677388,45.2
JP,63,4.0590405904058935,6.88284916653239,45.2
JP,21,-3.4794574405346945,-3.797295514784216,51.8
JP,63,-3.4794574405346945,-3.797295514784216,51.8
JP,21,3.3009529070313404,1.506025565468816,50.1
JP,63,-1.0988607334789569,3.4954155670899096,50.1
JP,21,10.866358278589683,10.64652986277277,37.9
JP,63,-1.3215964150624093,-0.48920488343094926,37.9
JP,21,3.8705736032380367,4.412717218423767,38.2
JP,63,8.656642459475528,8.825517009837892,38.2
JP,21,-3.138703972540491,-5.234237640137074,34.2
JP,63,-2.4924983252767263,-1.9765556625725433,34.2
JP,21,-0.2176729150583201,-0.11199584358921877,47.4
JP,63,-17.609924984449997,-14.140092738621366,47.4
JP,21,-5.051112447384243,-3.9245551464489385,48.3
JP,63,-0.060132291040293495,0.5560386788012739,48.3
JP,21,0.11823825007390987,-0.16351151443629863,42.9
JP,63,-16.316878510198052,-22.24411668158359,42.9
JP,21,2.677313292625638,25.00960165875906,34.9
JP,63,33.44293095349931,50.69787558089784,34.9
JP,21,-1.5841584158415856,-3.810431422178273,54.2
JP,63,1.7821782178217838,-1.3693599552609514,54.2
JP,21,0.0,0.16679625731325087,43.2
JP,63,6.216696269982247,4.782209986387187,43.2
JP,21,12.25165562913908,14.301784175255571,47.4
JP,63,6.9536423841059625,12.6825846126289,47.4
JP,21,7.454342154304872,8.398949471066997,36.5
JP,63,34.699962728289236,32.28527500534933,36.5
JP,21,8.7890625,7.340226348860801,49.2
JP,63,15.1611328125,20.327631238229504,49.2
JP,21,4.117902037277843,4.329670086681969,36.5
JP,63,-0.23840485478977547,1.176980158834895,36.5
JP,21,1.1113326976590177,1.3213099077591828,27.2
JP,63,2.2791516199338613,3.9753390082273854,27.2
JP,21,9.532912174982066,8.223130636417729,49.4
JP,63,12.769073662025221,10.309383647922088,49.4
JP,21,-2.0308777615570484,-3.0628799461469014,38.6
JP,63,-7.219365441138603,-6.839958028639736,38.6
JP,21,-0.9733300501598596,-2.942572107121022,37.7
JP,63,-2.5004157188316722,-0.2577364096847723,37.7
JP,21,-5.032755897266639,-0.5640255842503388,42.3
JP,63,-16.60118024329328,-11.64985709011208,42.3
JP,21,-4.603144988377705,-3.084843985158525,37.7
JP,63,-1.6329911294106658,0.7471671272946234,37.7
JP,21,11.120764880679722,7.136146552567823,38.2
JP,63,26.846215990289537,26.120358852277505,38.2
JP,21,3.5946071007808555,4.238644048269514,44.9
JP,63,-0.0540469876633809,1.238285503760761,44.9
JP,21,2.5124238080444394,5.026279615202622,25.5
JP,63,-5.032227756777674,-0.25352304777963575,25.5
JP,21,-5.395346670946665,-0.9543150701130205,41.0
JP,63,-10.558126692040936,-10.00108154123489,41.0
JP,21,6.497862489260342,7.442469806022467,38.2
JP,63,-1.720020289847235,-4.134708012787147,38.2
JP,21,5.9050981508694145,10.289661623072309,42.3
JP,63,4.615930441233096,9.435801416720967,42.3
JP,21,2.635306467309828,1.760978571489602,41.0
JP,63,-3.8486485878780896,-2.4069502199867587,41.0
JP,21,-12.795141669533761,-9.76170228283454,37.8
JP,63,-12.885086688082092,-8.565899286634515,37.8
JP,21,8.881488217140854,8.813752340215952,41.9
JP,63,16.35883831736127,15.037175378239166,41.9
JP,21,7.5910744591152435,9.127764390712034,49.0
JP,63,21.489625743789787,17.925051537174674,49.0
JP,21,7.660318204063987,10.063496909163494,39.2
JP,63,27.59872575840967,34.2558161838973,39.2
JP,21,-3.978454270391374,-2.1612485614023513,47.1
JP,63,18.39771021902452,15.549104509312993,47.1
JP,21,-2.425466474545479,-0.3175084121053051,37.5
JP,63,19.832215352851,20.907546940509082,37.5
JP,21,13.44718095137425,14.919008168474669,38.9
JP,63,-1.0593477609365132,-1.0120105280590708,38.9
JP,21,31.697507636442435,29.97403390961817,37.3
JP,63,29.877694021304357,29.261628161638043,37.3
JP,21,-3.8557060109405183,-3.102243804583238,34.8
JP,63,-17.116993976448736,-8.014894803720575,34.8
JP,21,-7.9705851714888425,-8.634545451830366,43.6
JP,63,-0.9342099344443189,-4.893318594198382,43.6
JP,21,-4.023982943721228,0.5665604643952378,51.6
JP,63,-25.1225828825426,-17.6357353539943,51.6
JP,21,-4.219566599984558,-0.8379944020862946,31.1
JP,63,1.519747719233111,11.431866315985129,31.1
JP,21,3.2647428790721467,2.7933986466293748,38.4
JP,63,11.134178321678313,15.111257458681738,38.4
JP,21,-9.033657998533018,-4.592626397699373,40.1
JP,63,-23.00848072028646,-22.451435569480413,40.1
JP,21,1.1030568347362157,-0.7055975602704878,49.1
JP,63,19.10764950197703,18.771933317633913,49.1
JP,21,-12.358010184097147,-8.723343085552106,36.9
JP,63,-5.738347042694869,-5.552656898761321,36.9
JP,21,-10.19735942445471,-10.208062652491867,43.2
JP,63,-13.027856869522015,-9.026271981820955,43.2
JP,21,-1.5426140766806595,0.8839095457959467,47.3
JP,63,16.25304960304932,15.556240432225632,47.3
JP,21,10.426183609053208,11.212154243338157,43.6
JP,63,-1.2830702750627254,4.2224849614424524,43.6
JP,21,-2.5888547608600265,-0.6305861814199898,36.0
JP,63,-4.892496709082927,-5.87231932672555,36.0
JP,21,-8.849103424693194,-7.199156048063726,38.6
JP,63,19.590785475085703,23.384937110606952,38.6
JP,21,8.428109579788746,15.133121553181217,32.6
JP,63,12.952438662305866,20.517780219029405,32.6
JP,21,-8.813485608021331,-6.846750894259922,26.0
JP,63,-24.071729807935938,-18.265485470634047,26.0
JP,21,3.3110896498150577,6.5140326997830345,40.5
JP,63,13.92081285288258,14.04687263014235,40.5
JP,21,-24.222259747990915,-24.69423583618656,42.8
JP,63,-19.409107771942757,-22.399584735028654,42.8
JP,21,8.01016478558767,7.459356561856455,43.5
JP,63,5.158964838428504,3.3966748538558855,43.5
JP,21,-4.166672555304918,-7.0934978754011,42.1
JP,63,-8.340566263567506,-9.57224916132432,42.1
JP,21,-9.629826483507898,-8.606442018042227,37.7
JP,63,-5.123386194278123,-8.76393858598339,37.7
JP,21,-2.8353045219098316,1.305385783802338,41.0
JP,63,1.9399281496094822,4.102625849481867,41.0
JP,21,-2.1622737986739304,-1.2326982929176,31.3
JP,63,1.8411466687860978,5.910453739181487,31.3
JP,21,-2.2549552198056877,-0.7831280027052689,32.8
JP,63,8.366695816617153,8.414033049494595,32.8
JP,21,-3.3143660509232675,-0.8192930869348247,37.3
JP,63,-15.7991134838962,-11.753296672241031,37.3
JP,21,13.996965317593268,15.459955951384075,41.9
JP,63,17.24359075526616,13.591680792408933,41.9
JP,21,-3.817320881770192,-3.784625046203227,45.0
JP,63,8.827530724786282,7.2810665787563575,45.0
JP,21,9.876371938891303,19.527410484967923,55.8
JP,63,21.76691709334908,29.62427311918838,55.8
JP,21,-3.1716208574698035,-2.4037756978367963,49.5
JP,63,-11.53033736881709,-9.375911173700358,49.5
JP,21,-13.91129032258065,-7.243063094869539,31.5
JP,63,-19.05241935483871,-10.151812430185258,31.5
JP,21,-7.420494699646641,-3.546439974122895,35.2
JP,63,-40.45936395759717,-10.891164137230199,35.2
JP,21,10.882352941176476,9.225034008981027,41.7
JP,63,-12.401960784313726,-13.218588801462051,41.7
JP,21,4.395604395604402,4.181758781461764,19.8
JP,63,10.016906170752327,6.44705625790416,19.8
JP,21,20.59186189889026,20.659273027382206,50.5
JP,63,62.6387176325524,63.72481253381582,50.5
JP,21,0.6170662905500723,2.9477220638884805,55.7
JP,63,-14.791960507757407,-12.041316137881363,55.7
JP,21,-3.6734693877551017,-2.1551683845359215,39.5
JP,63,-2.3615160349854225,0.018642221719866736,39.5
JP,21,-29.028139327807555,-27.657148880702874,33.2
JP,63,-20.137987231335618,-16.830044252817654,33.2
JP,21,11.05818360737285,10.434589446968932,42.2
JP,63,18.21733165752328,17.789078559274294,42.2
JP,21,-0.514506386297342,-2.8989641543507694,22.6
JP,63,-0.13089588618830916,-4.83104686028375,22.6
JP,21,9.24448675503724,12.392126967186744,39.2
JP,63,-1.0147577081069614,1.34868798122747,39.2
JP,21,4.2291966063445985,2.0208926146461748,41.2
JP,63,-0.9095078200736073,-1.1026923321757143,41.2
JP,21,-14.77649280992177,-12.556568628279763,49.2
JP,63,-13.245037967787843,-7.516643438583626,49.2
JP,21,0.30237853122589975,-3.05386302088273,36.2
JP,63,2.938263997468349,-0.05851212481311485,36.2
JP,21,-2.0906091273638294,-0.4755250342553863,44.8
JP,63,4.7908972017542295,11.114595362796454,44.8
JP,21,6.834753819957262,3.301264178093133,35.5
JP,63,8.828937879492749,13.641534484693185,35.5
JP,21,5.96121800999474,3.764367319535311,47.5
JP,63,-14.12001120789098,-12.892666776013051,47.5
JP,21,3.361509730686052,2.4304819371562925,50.2
JP,63,3.361509730686052,2.4304819371562925,50.2
JP,21,8.630397372497733,4.739239308483455,30.4
JP,63,-0.7047875844179874,0.4440286958542816,30.4
JP,21,7.638896771321302,7.28695030227422,41.0
JP,63,4.883496502550422,2.9762328297139984,41.0
JP,21,-9.995635093845479,-7.940136044856949,52.2
JP,63,-9.493670886075945,-8.725306274312029,52.2
JP,21,6.603033665808566,5.452035098327412,36.2
JP,63,4.5911781594006,4.7484483636298975,36.2
JP,21,2.444259026979667,-0.13391402807203523,45.9
JP,63,-14.408228020341507,-17.777634403088072,45.9
JP,21,-6.230220842363343,3.000780478901289,48.6
JP,63,3.3584892693012236,11.88927534505596,48.6
JP,21,-4.930662281071074,-6.6312493934645,30.9
JP,63,1.540818244545905,6.5459111963055765,30.9
JP,21,2.0378349226851,-0.5495883458566553,45.7
JP,63,-9.898109196374062,-2.8074588999257752,45.7
JP,21,-8.866994495550717,-10.861908722941982,43.0
JP,63,-9.35960856205924,-5.958572875362332,43.0
JP,21,3.7168176309111622,4.295138342591143,26.5
JP,63,4.778750460443315,7.372713061842351,26.5
JP,21,16.39796405387679,16.849066547455163,29.9
JP,63,39.378119261274634,37.811551981545705,29.9
JP,21,4.480876148473367,5.387371541034714,31.6
JP,63,-0.32786290848608735,-0.5989845907077629,31.6
JP,21,5.56514252347724,7.351795966591823,43.0
JP,63,4.633787958793945,19.170957424994196,43.0
JP,21,-0.13337779259753324,3.1578757961331805,37.0
JP,63,6.10203401133711,8.224234714300549,37.0
JP,21,-3.5335520222873784,9.064749889801625,53.1
JP,63,7.656068274579275,26.66098128981612,53.1
JP,21,8.938545503683315,10.905280217444723,38.6
JP,63,33.016752680531724,38.822997017833615,38.6
JP,21,-2.6836165424735103,-0.16976073531532743,29.1
JP,63,-7.62096581638626,-2.8422611073882216,29.1
JP,21,-8.289663913968115,-5.642696343876252,29.9
JP,63,-28.96617622856916,-23.446070684661088,29.9
JP,21,-8.781482687190234,-8.397812186097042,45.8
JP,63,-21.432392542801317,-20.878204869744444,45.8
JP,21,-7.303629737988593,-7.361067082093387,28.6
JP,63,-24.813962362595955,-27.31596569968834,28.6
JP,21,-5.074262594540091,-3.5375726629433,48.7
JP,63,20.162004429788816,16.597430223173703,48.7
JP,21,-1.6233766233766267,0.3922954446433313,38.5
JP,63,1.0822510822510845,0.5542397514882946,38.5
JP,21,1.5398478879447453,1.3016004865636477,42.2
JP,63,12.590575585886477,16.915368445673085,42.2
JP,21,-11.89913114331449,-8.181701624551375,45.7
JP,63,-24.290030129150374,-18.11999053427502,45.7
JP,21,-10.641399416909625,-12.448379624251139,38.7
JP,63,-22.142860701758384,-24.77705394898483,38.7
JP,21,-0.19594523926889096,-0.8121825927220439,34.7
JP,63,1.7812610554189146,2.6010013218282335,34.7
JP,21,0.6369426751592355,-2.3481824892225056,43.0
JP,63,37.372613408762945,34.34333336077877,43.0
JP,21,3.3214314778645893,1.8725953267253903,41.2
JP,63,23.27380952380953,28.440307949539033,41.2
JP,21,11.55958882876693,10.616147885221338,45.0
JP,63,4.215716398330516,5.770121642101,45.0
JP,21,-4.261683764116042,-1.2793613273063498,29.4
JP,63,0.08722893545560773,3.6039154318334266,29.4
JP,21,-9.174114804021649,-0.7635139726823272,19.0
JP,63,-6.342770332986969,1.9388472315739698,19.0
JP,21,2.005908724106531,0.5851780932589312,45.4
JP,63,11.611148466944465,9.772218269804656,45.4
JP,21,23.287095795034716,23.062811988374985,31.4
JP,63,18.025468835909653,14.744808479415017,31.4
JP,21,-3.226855362697323,1.241874950318977,48.2
JP,63,-6.9326832701153585,-1.9813601169341606,48.2
JP,21,0.5630847806399109,-0.5236561418431318,38.4
JP,63,13.101209705489225,11.303051268398278,38.4
JP,21,3.3630346504057274,1.2872755342422604,51.7
JP,63,-2.4759371883764536,-2.9244483954776634,51.7
JP,21,6.69696969696969,9.835200846085336,48.0
JP,63,10.606060606060597,10.680475042239323,48.0
JP,21,2.064067746626952,1.6560652873579773,49.8
JP,63,-2.5326038889291302,1.7576881005658684,49.8
JP,21,-5.84072167976969,-4.519901764110135,38.7
JP,63,-3.0766919728846043,-3.725307376326392,38.7
JP,21,-5.319278256197435,-3.2691497100809435,29.8
JP,63,-17.416359184562534,-11.687416956039597,29.8
JP,21,9.742094119660539,9.11849995925662,40.1
JP,63,5.387833542656528,4.959580444407541,40.1
JP,21,-8.133482842024298,-7.188875525262173,47.4
JP,63,-11.979197286602606,-14.393885009542519,47.4
JP,21,-11.830558792952273,-11.624744024720668,39.3
JP,63,-19.58528803787206,-23.044405855617434,39.3
JP,21,-9.370752128325964,-6.26403628817067,28.8
JP,63,-27.022610890714727,-24.99853409811237,28.8
JP,21,-21.107268270174117,-15.023242393406388,45.2
JP,63,-14.532873235201848,-13.402154864326143,45.2
JP,21,-13.026611340959725,-12.979081508421652,49.7
JP,63,1.4346088757378528,-4.473889877475434,49.7
JP,21,30.591572386782808,27.939333858349304,34.6
JP,63,30.4294978973755,31.82199966855589,34.6
JP,21,16.913431528657718,19.151572981916164,41.8
JP,63,-12.02330909986613,-2.830098478814447,41.8
JP,21,-5.126452727778097,-1.690947362005235,30.3
JP,63,-10.19041965605043,-4.954836157807817,30.3
JP,21,-3.9415134800156904,-2.2479873716736543,55.3
JP,63,-10.870944612360923,-12.658308538847363,55.3
JP,21,-4.620331876589345,-2.523417379897286,32.6
JP,63,-22.99415637608748,-26.095186300612383,32.6
JP,21,7.012570311756661,8.305319860880655,35.6
JP,63,1.8318869305204322,13.215346369449687,35.6
JP,21,8.753785916157941,7.227044506303115,40.3
JP,63,-0.6061703447963529,3.8528798904642114,40.3
JP,21,26.237596119809048,26.206508142028163,35.8
JP,63,49.25740140788384,50.398201261020205,35.8
JP,21,17.9345715685983,21.680307936288212,41.4
JP,63,7.200197781672113,14.335278528159545,41.4
JP,21,-0.05032731440245408,0.6210813072971222,35.5
JP,63,13.091171825763759,16.552268188097408,35.5
JP,21,5.974753674082711,4.097899695975227,39.8
JP,63,8.12060402115713,12.714880321725996,39.8
JP,21,2.634144024084506,3.2025633575770263,40.8
JP,63,9.59733923021786,12.920431134917031,40.8
JP,21,5.329202508170727,4.836289848373232,50.6
JP,63,17.17235669723951,17.86600479799141,50.6
JP,21,37.67909267678024,41.72337875576404,60.8
JP,63,52.57881393527697,52.41160336605715,60.8
JP,21,17.38319931754708,14.868350938369577,32.1
JP,63,58.87853034202277,53.72364092511395,32.1
JP,21,-11.647740635156579,-11.851428745716465,34.8
JP,63,-37.727274539127556,-36.77577825459156,34.8
JP,21,-10.05585412813269,-12.541180709601296,30.9
JP,63,-16.305860252000503,-9.117457192675449,30.9
JP,21,13.061565338244495,15.31977714533329,43.7
JP,63,45.174715836485134,44.392727111751014,43.7
JP,21,-11.89358111313007,-8.391932641269173,30.6
JP,63,-24.596136014637715,-21.77232743851122,30.6
JP,21,-1.4735165272799722,-1.7913546015294934,38.2
JP,63,-1.4735165272799722,-1.7913546015294934,38.2
JP,21,12.71794764432219,11.24982561485226,40.7
JP,63,13.743608158618702,12.286703589333968,40.7
JP,21,-2.89472676821646,-0.3808709610582772,46.1
JP,63,-5.657898910310322,-0.8791942013122833,46.1
JP,21,-2.327738253830036,-1.9678628039464519,48.3
JP,63,6.595297057188598,7.162019049289448,48.3
JP,21,7.039243942853135,4.963484826689668,52.2
JP,63,10.09314239143091,9.6446311843297,52.2
JP,21,-3.6710398449822823,-4.163952504779777,48.0
JP,63,3.8330163832093422,4.52666448396124,48.0
JP,21,-7.01962653938576,-5.220015917909871,45.8
JP,63,-7.90907992818487,-8.25038059715374,45.8
JP,21,4.57291333454104,2.497154218377573,46.7
JP,63,14.495263196526276,14.046751989425065,46.7
JP,21,14.822745393471969,18.45741249201701,40.5
JP,63,7.582413362301765,7.768103506235313,40.5
JP,21,-22.222234009030085,0.059482035501254416,40.7
JP,63,-22.325836327989002,-2.3316138353289624,40.7
JP,21,-2.4577550723544506,-3.362945989188282,42.0
JP,63,-9.15229319986639,-10.586985715825437,42.0
JP,21,-18.382431915277444,-16.613912699242686,43.3
JP,63,-15.008462036582271,-9.501033158927397,43.3
JP,21,1.7913577018309201,1.1677635414270027,26.7
JP,63,-3.688092670356191,-4.1163457686051785,26.7
JP,21,1.3629037316085224,1.474923997629407,51.9
JP,63,-2.654600969861809,-1.3335813980424716,51.9
JP,21,8.530391792437664,11.70138615306644,39.0
JP,63,-2.181578073800794,4.520905206380821,39.0
JP,21,-2.3506396226664616,-3.1495513090150196,50.0
JP,63,2.8351560575481605,2.831961209592415,50.0
JP,21,20.966894377298996,23.949216814108688,38.3
JP,63,41.16307584515677,44.679762341534584,38.3
JP,21,33.59550519260275,33.357257791221656,32.3
JP,63,66.7297968471232,71.05458970690981,32.3
JP,21,9.87888690183234,7.420827957244325,45.0
JP,63,-5.795463192433181,-6.24048839730178,45.0
JP,21,6.135146552834114,6.161155778503813,43.0
JP,63,3.417995825262521,6.246364756914613,43.0
JP,21,3.7709613545902743,3.278048694792779,43.7
JP,63,-0.6617253682826618,0.03192273246923616,43.7
JP,21,-1.186438904508158,-2.168778514899472,53.8
JP,63,-13.644061260654217,-8.24309424394789,53.8
JP,21,-7.65549439579093,-6.97004355017059,45.0
JP,63,-51.355666180379565,-17.79677217132798,45.0
JP,21,35.315994692292186,35.07774729091109,30.5
JP,63,47.5831366311013,51.90792949088791,30.5
JP,21,3.3367621258909574,1.4437963887825367,42.5
JP,63,3.9235577128964305,1.035167158773409,42.5
JP,21,7.243059327236301,5.167300211072834,44.6
JP,63,10.240494726172034,9.791983519070826,44.6
JP,21,1.4403910695623523,0.4580514591710383,38.7
JP,63,-10.209692820289485,-4.808725803583158,38.7
JP,21,24.60157007879735,24.363322677416253,34.4
JP,63,59.458675784828976,63.78346864461558,34.4
JP,21,30.38943510250103,27.5973251262305,43.7
JP,63,5.306636437056955,6.073440789099383,43.7
JP,21,-0.06494183827907563,-1.9579075753874964,45.9
JP,63,10.018199106585012,7.1298085524619905,45.9
JP,21,0.0,-3.868730017099087,51.4
JP,63,-1.8662897628125452,-6.030360301991877,51.4
JP,21,-3.469942866998832,-3.0282667404930796,42.7
JP,63,-44.795085699501755,-14.642766276138726,42.7
JP,21,-11.697898725800314,-10.024200065656018,50.0
JP,63,-20.59435179607125,-16.204565860456633,50.0
JP,21,0.9667201901697009,0.49474410197405394,30.3
JP,63,-4.253486976825571,-7.243963939911469,30.3
JP,21,12.596780749301484,16.985249574907478,43.7
JP,63,10.817898874711851,13.650388607908992,43.7
JP,21,4.490584258812169,7.4729066956218615,44.3
JP,63,-29.74408498309995,-26.22739848672213,44.3
JP,21,-6.672244607570388,-4.434103154311941,49.5
JP,63,-0.6979118268164886,8.495298794235195,49.5
JP,21,2.248128356570822,1.8368981973160725,31.6
JP,63,15.265049554184174,12.849229717988564,31.6
JP,21,11.007080456833451,11.366955906717035,51.4
JP,63,25.895677923617043,26.462399915717892,51.4
JP,21,1.705342322850023,1.1750327018371198,40.9
JP,63,19.279959023622006,17.31609610336786,40.9
JP,21,9.763416469743525,8.680968300175152,42.0
JP,63,11.000921063781032,11.758173762469013,42.0
JP,21,10.835599277419504,11.208791743376032,43.8
JP,63,11.054760198674618,13.589734112881791,43.8
JP,21,0.9951117318435676,3.97743416865326,45.6
JP,63,14.490223463687158,18.006909960064977,45.6
JP,21,9.51923076923078,13.98796108224708,43.0
JP,63,8.22115384615385,13.172476999335048,43.0
JP,21,21.70575692963752,20.623308760069147,36.9
JP,63,36.24733475479744,37.00458745348543,36.9
JP,21,-3.459119496855345,5.563886717368115,40.5
JP,63,5.031446540880502,13.830298425197384,40.5
JP,21,-26.988095238095234,-22.828250857473765,46.8
JP,63,-19.440476190476186,-13.698648492066724,46.8
JP,21,3.065318568448072,4.7148758439959355,33.7
JP,63,-8.329321136254208,-6.04008457080074,33.7
JP,21,10.437262357414445,7.827024182303033,29.8
JP,63,6.596958174904932,3.328629805424743,29.8
JP,21,3.6589686398837085,4.4644148181039895,41.3
JP,63,16.52029577763672,19.71198133870702,41.3
JP,21,19.847884694187123,19.33293281978332,28.4
JP,63,19.0382758038248,18.22685186984041,28.4
JP,21,11.712946473724784,12.577593856754856,33.2
JP,63,16.073520834069143,12.350661553083308,33.2
JP,21,-3.9552516635060098,-8.17959246958344,40.6
JP,63,-27.68674505896229,-28.541933569945122,40.6
JP,21,27.055737704918027,30.033792623579448,43.9
JP,63,60.72131147540985,62.52394734165367,43.9
JP,21,-5.6070501672853545,-4.695266622359185,27.8
JP,63,-11.677485852923187,-4.9736492323601675,27.8
JP,21,-3.961752401571339,-0.908436379377342,41.1
JP,63,-6.557371397642986,-2.0478803171590902,41.1
JP,21,-3.264072923701966,0.1714324420708957,48.0
JP,63,-0.2967186771804853,4.938864821062128,48.0
JP,21,-4.335657780937807,-2.288081931721575,55.7
JP,63,13.956360415245705,14.836685910276191,55.7
JP,21,-2.998038023186711,-1.4862735060738652,55.9
JP,63,25.720848433323674,25.18140390702246,55.9
JP,21,13.08042384159791,14.373918115078409,34.6
JP,63,-25.706386254250923,-7.086754667031656,34.6
JP,21,-10.41482833939601,-10.187602214701663,47.1
JP,63,-2.9788179105566415,-2.1197454418761197,47.1
JP,21,15.623114420139682,12.006549797416309,40.6
JP,63,40.76908286898324,39.52869385517168,40.6
JP,21,7.991104521868042,10.973426958677734,37.9
JP,63,7.575982209043741,11.09266870542156,37.9
JP,21,6.065641877856254,3.78616885223626,43.5
JP,63,-2.146517102894341,-5.378240449458616,43.5
JP,21,5.518813024777636,7.306768557763499,38.9
JP,63,-2.584455943398367,1.0762006802928048,38.9
JP,21,1.0420216137219551,0.8383335031620698,44.8
JP,63,7.851978407182902,8.803474691718904,44.8
JP,21,4.5700773681223605,2.761422973115657,46.3
JP,63,1.2163823882961555,0.88066620395304,46.3
JP,21,10.24829600778967,12.206564587229707,45.6
JP,63,18.86562804284324,17.88580542520062,45.6
JP,21,-1.1340361976321045,-0.4899992501434469,29.9
JP,63,-3.608251099658999,-2.315918608234857,29.9
JP,21,-11.494439451083483,-8.9805836439253,42.8
JP,63,-7.98630650413541,-3.2076017951373714,42.8
JP,21,21.145326224105165,20.630374349701363,49.0
JP,63,23.214289626209705,22.402865692225316,49.0
JP,21,0.27673731574968663,4.7454676287659865,57.4
JP,63,0.8028908880334251,5.754214041214623,57.4
JP,21,-5.637248443293186,-4.418192228761086,48.4
JP,63,24.795752226031453,21.569959211849632,48.4
JP,21,16.77190102907695,16.568212918517066,47.3
JP,63,14.472263242970662,15.423759527506665,47.3
JP,21,4.762547557349661,1.7034366822640923,46.3
JP,63,-2.7363506425279738,-2.101300029152875,46.3
JP,21,-1.0243942027123754,2.8142888667126,50.8
JP,63,-14.93776840751223,-8.078229894467492,50.8
JP,21,8.39341381404719,7.268345831374478,46.4
JP,63,-10.101391828004413,-9.871831937132125,46.4
JP,21,26.10387666516989,29.08619910197958,38.8
JP,63,13.111809609339907,16.628496105717726,38.8
JP,21,-0.363078999830202,1.167715869029462,44.3
JP,63,-2.85269992607603,4.520547263526364,44.3
JP,21,-4.297685712726363,-3.0786294981942635,27.5
JP,63,11.89727696811076,8.671483953928938,27.5
JP,21,3.085988357306868,3.4458638071904524,49.3
JP,63,11.466648150537662,12.03337014263851,49.3
JP,21,33.93235438330828,33.52924659286877,46.2
JP,63,25.165537010443508,27.715176461430037,46.2
JP,21,-2.036599763872493,0.9457226729371992,37.8
JP,63,-5.622786304604488,-2.106099808226669,37.8
JP,21,-8.032135047615407,-8.089936171574617,48.6
JP,63,-16.867473383020826,-14.954846060940962,48.6
JP,21,-24.482904317839825,-16.523068937420348,39.4
JP,63,-25.153151583937973,-16.071494499951,39.4
JP,21,-1.2444656026161516,-5.113195619715238,51.1
JP,63,10.972133934920581,6.808063395741249,51.1
JP,21,29.642153097905833,27.10802648329085,46.7
JP,63,14.188020060645389,15.33887700090195,46.7
JP,21,-5.537579562718065,-3.487451016601573,37.1
JP,63,3.071952770444075,8.800894998967014,37.1
JP,21,-6.348025404604929,-6.02870899075636,52.8
JP,63,7.463451910802021,3.9752838911593313,52.8
JP,21,-1.6837305898759425,-1.6510347543089776,33.6
JP,63,15.654135562156224,14.1076714161263,33.6
JP,21,2.0916743212111344,4.319664629713438,38.5
JP,63,0.9906751285806648,2.7158082993008703,38.5
JP,21,16.434478806373075,18.29815766614419,46.6
JP,63,12.304532390424683,13.970962304902523,46.6
JP,21,-5.982906908125485,-4.6119164610208045,31.3
JP,63,-17.614264779929456,-14.306321801411492,31.3
JP,21,-3.8574406705898623,-2.9663043621464436,37.0
JP,63,-10.58700120933972,-14.165364848383188,37.0
JP,21,-7.231098987549456,-6.669963957733183,37.0
JP,63,-29.00546257921889,-17.550984764195867,37.0
JP,21,-11.289542027459365,-8.141901815309861,44.0
JP,63,-9.245752023557364,-6.882306334222932,44.0
JP,21,2.4099481863591343,0.6937066408323034,34.0
JP,63,-2.798657744170996,-10.205378403593645,34.0
JP,21,0.2198824083672335,4.922756371897763,37.2
JP,63,14.813440870777473,21.203482242879723,37.2
JP,21,22.946450205960755,25.127756579476312,45.3
JP,63,20.668766658589767,22.795544753860767,45.3
JP,21,-0.5361680028462046,2.5171480193477924,30.0
JP,63,-10.36638889976038,-5.856897819276485,30.0
JP,21,-4.309500094669194,-2.2859682749431176,32.8
JP,63,1.10290972235203,2.4542962783869027,32.8
JP,21,-34.69792433816322,-15.22876295108054,25.8
JP,63,-4.502137038008458,2.8457841545942326,25.8
JP,21,4.5143648109662315,3.6286211036931526,48.4
JP,63,-1.4227089101226942,0.8506539107199895,48.4
JP,21,1.989387742950366,-0.08637137321310107,55.1
JP,63,13.527847597498655,13.079336390397444,55.1
JP,21,25.611937045244005,28.594259482053697,41.4
JP,63,11.876912943400143,15.393599439777962,41.4
JP,21,17.156640460480133,16.230756421547213,43.1
JP,63,21.411554120454856,21.331270539111124,43.1
JP,21,-5.894035406461451,-5.951836530420662,45.6
JP,63,-6.357618017741428,-4.4449906956615655,45.6
JP,21,2.9454438854887854,2.534213726234036,42.4
JP,63,7.254531209812454,4.838711373616844,42.4
JP,21,-2.5444459340442482,-2.0694595274346916,47.6
JP,63,-3.556101431815739,2.3971245160392285,47.6
JP,21,6.925496093735317,2.690976978487325,43.6
JP,63,27.641367044457986,23.71551152332436,43.6
JP,21,38.60481461957477,40.78612099309032,33.5
JP,63,45.87945879458795,48.00623688985895,33.5
JP,21,0.6621004386056617,4.407836806295573,45.6
JP,63,-2.8926195335558735,4.242461212931559,45.6
JP,21,16.197495250903906,18.014700959892927,41.2
JP,63,14.722965919955367,11.87436021024384,41.2
JP,21,-3.3570701932858604,-0.3747477564761681,34.4
JP,63,-4.374364191251267,-0.8576776948734484,34.4
JP,21,-1.922298664508293,-2.240136738757814,35.3
JP,63,-1.922298664508293,-2.240136738757814,35.3
JP,21,-2.7241537148365857,-2.728474931935043,39.5
JP,63,1.568718104501543,4.832739334993475,39.5
JP,21,-0.7795257446494674,0.11161056379395129,46.0
JP,63,15.834368031997247,12.256004392953777,46.0
JP,21,-2.622893939931026,-3.591691713389089,54.0
JP,63,-11.06015919603447,-11.339986677125458,54.0
JP,21,-9.120733588701501,-3.7898338154179534,44.3
JP,63,6.302920600804707,7.154594813616722,44.3
JP,21,15.109450080085418,18.091772516895112,39.8
JP,63,3.701726285815976,7.218412782193795,39.8
JP,21,-7.9136928538550695,-5.863564307738578,35.7
JP,63,16.5407650266997,22.269707255222635,35.7
JP,21,-5.701565187837099,-6.112795347091849,26.2
JP,63,27.38588966780915,24.97006983161354,26.2
JP,21,31.79729766323853,30.325609614630554,51.0
JP,63,43.65672833368137,43.81086491174365,51.0
JP,21,0.8327667354095292,1.2510648094292032,45.8
JP,63,-21.629016359178554,-21.311850575872757,45.8
JP,21,-9.383698078116531,-5.487399584007324,40.0
JP,63,21.678279458941763,27.802733514392088,40.0
JP,21,24.989302524604184,27.217292833106487,41.5
JP,63,8.643560119811733,10.368693290531938,41.5
JP,21,-12.178776530814318,-9.173601601894589,46.5
JP,63,-27.186529247812064,-3.2300728964278846,46.5
JP,21,-1.7762048845147094,0.5026075250099349,35.2
JP,63,-7.721216186295365,-5.5732295341620715,35.2
JP,21,8.302575486461272,11.198845139437108,38.9
JP,63,-13.236157146362459,-8.977471200687159,38.9
JP,21,0.9857473733134503,1.1833609970513748,45.8
JP,63,11.93866460788271,11.810300780657325,45.8
JP,21,8.667770188340175,5.938975110436751,50.2
JP,63,-7.236840780846432,-10.875761037446651,50.2
JP,21,-1.35331728644712,-1.7645474457018695,33.1
JP,63,-1.9202567749097343,-4.336076611105344,33.1
JP,21,11.213717537187339,13.03092324617636,43.8
JP,63,32.61213377206018,29.763528062348655,43.8
JP,21,4.717967253659827,2.0227976399910697,52.5
JP,63,-1.89892257454084,-5.149749584969198,52.5
JP,21,49.81755741575444,52.79987985256413,33.5
JP,63,49.645846748229225,53.16253324460705,33.5
JP,21,27.352305248190213,26.421981981825503,54.9
JP,63,-31.18161795630415,-23.358113600751814,54.9
JP,21,8.9722318447633,9.817871760151485,41.4
JP,63,-16.208509935767058,-9.307511112162315,41.4
JP,21,39.91562346358217,42.34701048072331,38.7
JP,63,34.47542913068362,36.06106898312983,38.7
JP,21,21.682051935661107,18.065487312937734,45.3
JP,63,10.379493026923935,9.139104013112375,45.3
JP,21,6.342640468803862,9.324962905613553,38.5
JP,63,86.83212685280937,90.34881334918718,38.5
JP,21,-5.299051402915178,-5.371479227256537,49.3
JP,63,-28.705013093965327,-25.82504833769657,49.3
JP,21,11.433756805807626,14.753727080419464,43.5
JP,63,17.377495462794922,17.52395996787873,43.5
JP,21,18.355367848535753,21.746347219919215,50.7
JP,63,1.4141301763693104,24.654529755184917,50.7
JP,21,-5.076621637916235,-0.12283446334800985,45.9
JP,63,-20.498078851532707,-14.146357931163577,45.9
JP,21,-0.7251843296969152,-0.4136468551469874,36.1
JP,63,-12.022898595829645,-13.420469543554415,36.1
JP,21,-5.12269448096947,-2.3420978229942047,35.4
JP,63,-8.823518959451293,-5.686519588535056,35.4
JP,21,11.13690887612706,10.725678716872311,31.1
JP,63,-28.770297954582812,-31.18611779077842,31.1
JP,21,-2.036365666797557,-2.013809433336311,45.7
JP,63,27.69090820135416,27.79423614345934,45.7
JP,21,-1.4417331827472957,-5.985286931350675,47.5
JP,63,-11.201011789598446,-14.788788681140375,47.5
JP,21,-2.0583497404689455,1.443298731391951,41.1
JP,63,17.308036513334525,20.13184508946102,41.1
JP,21,5.775573445921189,6.601854134339513,37.4
JP,63,14.851494282763333,14.19111136331317,37.4
JP,21,-3.141369036360042,-1.678378402569236,49.0
JP,63,19.424072346152066,15.772162383294841,49.0
JP,21,-7.953387115526289,0.00644826489318806,41.2
JP,63,-2.8089419936549564,6.2727150903320155,41.2
JP,21,-29.302012524385212,-15.34767604975218,47.6
JP,63,-19.775202565543037,-18.55889205025808,47.6
JP,21,0.766898519707504,2.948204893223061,40.2
JP,63,-0.16051364365970988,1.9662644516112882,40.2
JP,21,-8.886023143751764,-5.140286776061853,39.6
JP,63,1.2254939810772747,8.360574727564707,39.6
JP,21,-4.03267699889478,-4.443907158149529,14.9
JP,63,-5.562310712321539,-7.978130548517148,14.9
JP,21,-15.671876324695111,-15.444650200000765,40.3
JP,63,-21.625348853633795,-20.766276384953272,40.3
JP,21,1.5196078431372495,-0.016737158264956697,22.7
JP,63,15.686274509803933,8.924777138250484,22.7
JP,21,-1.806722689075635,-2.8623596243874228,37.5
JP,63,-0.12605042016806678,2.5252896626596133,37.5
JP,21,19.368131868131865,20.43629463277796,31.7
JP,63,21.611721611721602,23.137772106888377,31.7
JP,21,5.8582604470225785,5.64441483287994,22.6
JP,63,-1.3176641410909795,-4.887514053939146,22.6
JP,21,-1.6766693453149961,-0.7646104522876729,38.7
JP,63,15.768644036276047,23.95930954514909,38.7
JP,21,4.677845703822703,5.2837140586091795,49.4
JP,63,27.252960934705794,31.141770116046196,49.4
JP,21,8.614457831325307,11.90571142005602,45.8
JP,63,7.590361445783134,9.712562148746573,45.8
JP,21,5.795570258105842,8.034610765012006,35.9
JP,63,-15.895185786793132,8.295474025133508,35.9
JP,21,-3.8880273567077683,-4.7932182735416,50.8
JP,63,-1.8937325534603144,-3.3284250694193607,50.8
JP,21,0.6992862689836565,1.4986090184919254,29.5
JP,63,6.459920297094057,8.003575379534222,29.5
JP,21,0.4089603962581956,1.273607779288266,36.8
JP,63,19.965300142227903,16.242440861242066,36.8
JP,21,-30.970026304842303,-32.031631564686684,39.7
JP,63,-26.709399253561962,-25.136226637714643,39.7
JP,21,-2.766221448768247,2.4307470457352935,43.4
JP,63,25.40155457137041,31.858428931281715,43.4
JP,21,1.1852288347299789,1.402945416777024,40.7
JP,63,-2.4531408613319816,-3.030441063373257,40.7
JP,21,5.839720716558827,5.879437462168557,51.8
JP,63,0.5702287024403008,1.3044488756340011,51.8
JP,21,9.580836230566693,11.026639746399926,36.4
JP,63,17.748333181718912,25.930602817912288,36.4
JP,21,-2.5731732686181896,-2.1999808026616607,49.9
JP,63,4.750655428207495,7.285629342414667,49.9
JP,21,8.131068307615852,9.649369310835032,51.1
JP,63,11.821735802251965,14.201894058957254,51.1
JP,21,-10.840434210379001,-7.968885700169404,48.0
JP,63,-41.41290948519655,-18.05759946790028,48.0
JP,21,-48.86363645459344,-17.836048434339546,35.9
JP,63,-27.77777555438249,-10.637516623186418,35.9
JP,21,-7.3343816249399785,-7.016748850678923,37.1
JP,63,1.6561487542188225,2.5558710902004234,37.1
JP,21,6.103894564233969,5.69266440497922,29.6
JP,63,11.256129954486237,8.840310118290628,29.6
JP,21,-7.441746055926213,-6.795672122771368,45.1
JP,63,19.563639717060678,15.802525945344705,45.1
JP,21,11.72590307558905,9.030733461920292,49.5
JP,63,25.920490037948408,22.66966302752005,49.5
JP,21,36.9207200306396,39.903042467449296,33.8
JP,63,82.38222903102259,85.8989155274004,33.8
JP,21,7.256108387619831,5.160167081840705,44.0
JP,63,-7.4103799857126,-5.996638361507111,44.0
JP,21,2.414298146709415,3.877288780500221,48.8
JP,63,15.282490153713058,11.630580190855833,48.8
JP,21,17.535992447486425,20.518314884296117,42.6
JP,63,35.42600896860986,38.94269546498768,42.6
JP,21,-1.8862604937671446,-1.2492061257190823,60.5
JP,63,-6.886697174274959,-5.874105067465052,60.5
JP,21,-6.515581353110789,-8.216168465504214,28.2
JP,63,-21.69971915888762,-16.69462620712795,28.2
JP,21,-10.15203419942453,-9.57371348774455,46.3
JP,63,-28.102011482325707,-25.508048880926673,46.3
JP,21,3.1465862268655664,0.3734812952517208,22.8
JP,63,9.505538266387381,11.470873305406048,22.8
JP,21,1.1794982080166605,0.8659891326281421,31.5
JP,63,1.4046790654120622,7.206122778513124,31.5
JP,21,-11.232206618955576,-10.058984224981671,36.7
JP,63,-0.8836524300441795,1.466409863377538,36.7
JP,21,0.10529064423436818,-1.7033637507723354,37.9
JP,63,-2.1993434793452615,-2.535059663688377,37.9
JP,21,4.191414300796215,4.160326323015329,45.3
JP,63,16.276648214301325,17.41744806743769,45.3
JP,21,8.018548012565363,8.761423098695387,49.3
JP,63,26.076866848628732,27.312111364156387,49.3
JP,21,3.026628603413428,1.4102523436805958,51.5
JP,63,14.138643110336503,14.10351517115791,51.5
JP,21,4.56662627503015,8.058705292121438,55.5
JP,63,2.7958687375129188,12.467802416499406,55.5
JP,21,-19.880596506376435,-14.697600869821613,39.2
JP,63,-19.402989730356545,-15.431397271206448,39.2
JP,21,0.9473815558274978,0.9953547303254484,50.6
JP,63,3.2941045401691182,4.878288146388032,50.6
JP,21,13.693695555146945,13.331080237579584,57.4
JP,63,29.09689671275384,25.209528673266334,57.4
JP,21,27.048203269052664,25.475915260580862,49.0
JP,63,18.97591548770585,23.719494472900248,49.0
JP,21,-0.3372718674925945,-0.3144158450143597,48.1
JP,63,-15.393882921147405,-15.409180710632175,48.1
JP,21,-16.067395450635402,-8.63969064271859,39.9
JP,63,50.470502905908845,56.81446356116899,39.9
JP,21,32.56818181818182,35.55050425499151,39.3
JP,63,54.045454545454554,57.562141041832376,39.3
JP,21,2.2297315734069345,1.0831263589223816,34.7
JP,63,-9.458268767433985,-10.708467216589467,34.7
JP,21,18.811868272937904,20.849124608271662,48.4
JP,63,25.783816165895445,26.664196712900345,48.4
JP,21,2.1592014606343746,-0.22923206406646468,50.5
JP,63,23.79441436589915,16.709263004569518,50.5
JP,21,-1.895739837980015,0.7512277321118477,47.9
JP,63,-11.09005257038721,-5.569947026479138,47.9
JP,21,52.04427826306173,52.35581573761166,37.2
JP,63,56.55875108709445,55.161180139369684,37.2
JP,21,0.43502561156696373,-0.015885605810783687,29.0
JP,63,13.014317528066544,20.097953181308647,29.0
JP,21,-0.9762454758585615,2.1947488847702146,49.3
JP,63,30.024391959697994,36.72687523987961,49.3
JP,21,23.622222222222213,25.688699067391052,35.5
JP,63,30.422222222222217,32.83783947523844,35.5
JP,21,-13.252034969012671,-12.059055127427353,45.4
JP,63,-3.268297874974335,-8.308436952229137,45.4
JP,21,-5.5073936933939365,-6.568998953238315,35.6
JP,63,7.6366143584327695,9.209786974280087,35.6
JP,21,31.262392597488443,34.24471503429814,37.7
JP,63,27.181097157964306,30.697783654342125,37.7
JP,21,-3.810968994221353,-4.413344055685275,55.0
JP,63,-0.5516180549136718,2.0306685034611416,55.0
JP,21,-20.153598456150824,3.168320081908547,46.4
JP,63,-2.3032749877511915,17.02506683485271,46.4
JP,21,-6.398883059316518,-2.313532447019794,28.3
JP,63,8.42780360690294,13.981516364052426,28.3
JP,21,5.239813647897229,6.739408263462665,38.4
JP,63,20.31438114809656,18.922444698079957,38.4
JP,21,-6.202049428805301,-3.1686100421060797,53.3
JP,63,5.664817298622515,9.984004700070091,53.3
JP,21,6.279556539074482,4.472576331732969,41.2
JP,63,2.969325401813694,0.33513215458724765,41.2
JP,21,3.5806102238680193,5.070016541948119,44.7
JP,63,15.639595800004624,17.972914567811472,44.7
JP,21,-3.0853037690860674,-2.767670994825011,49.4
JP,63,-0.08887836936615212,0.8108439666154488,49.4
JP,21,-13.994652008487396,-13.032885050381203,34.5
JP,63,11.319212339901497,7.8064779228308465,34.5
JP,21,17.41080289964676,16.67142674359883,41.5
JP,63,22.631833152651804,22.865923785871924,41.5
JP,21,-2.681903308783551,-3.3126709977186586,43.0
JP,63,-13.777233238992348,-11.42485850891265,43.0
JP,21,33.798895474215044,37.884246086511766,41.7
JP,63,51.00306959016221,56.556782347311696,41.7
JP,21,0.880506870103881,1.1445825471355309,36.4
JP,63,-35.97037922551504,-33.65089214454621,36.4
JP,21,-2.815282769621219,-5.012133460080648,38.2
JP,63,54.668189925444665,55.895534357322596,38.2
JP,21,13.981350874147758,13.390852001074549,56.2
JP,63,40.34620215341611,43.97925027003796,56.2
JP,21,-6.255909447833375,-8.674543840549898,49.2
JP,63,-4.385184802668185,-6.973709693953101,49.2
JP,21,-15.333919557176523,-12.27671606694063,38.1
JP,63,-11.787931616361192,-10.239914937222384,38.1
JP,21,-8.224797405939931,-4.47906103825002,35.8
JP,63,-7.4763772766750725,-0.3412965301876403,35.8
JP,21,-9.079864403436,-4.446374143780529,35.8
JP,63,-11.102115979405625,-9.002473904549092,35.8
JP,21,5.453714085902295,2.952514059294331,34.8
JP,63,7.709647278461684,4.092174239801749,34.8
JP,21,-3.1066799893394226,-5.49113775739285,49.7
JP,63,-18.014849508851107,-22.715000482946547,49.7
JP,21,1.5335164542367385,2.752572668768838,28.6
JP,63,4.056400830290885,0.8306078161090635,28.6
JP,21,29.64213369345037,32.62445613026006,32.9
JP,63,20.79675894665767,24.313445443035487,32.9
JP,21,-8.455569178210986,-5.838567714577403,53.4
JP,63,-18.63676167676812,-12.880506392348433,53.4
JP,21,13.98809590053498,13.169458868195271,37.2
JP,63,2.8486558275074625,2.455638078067013,37.2
JP,21,8.55323815499862,9.515005113104813,21.6
JP,63,-0.9732337645433797,-4.48596818161403,21.6
JP,21,-9.068629223553138,-6.706062828041771,47.6
JP,63,-15.059918610671508,-13.250321883447658,47.6
JP,21,7.428202135810924,6.067827729516662,45.5
JP,63,57.72864186409172,57.66929186383987,45.5
JP,21,-4.7870951204778684,-4.634999292083153,41.4
JP,63,-10.002885580237631,-5.161770255083954,41.4
JP,21,-7.0577044582953,-2.424214198639829,43.9
JP,63,-6.326193755706722,-4.226551680850188,43.9
JP,21,-0.8171671230554844,1.279747373636575,49.1
JP,63,7.549719041823,4.448689117298099,49.1
JP,21,5.416665608955529,3.608011213948825,56.1
JP,63,9.38873214152396,9.053015957180843,56.1
JP,21,8.888888888888879,12.180142477619592,41.9
JP,63,35.77777777777777,37.89997848074121,41.9
JP,21,26.8886492210469,27.712848265916357,49.8
JP,63,60.039757652201885,66.55737404262884,49.8
JP,21,1.0886605896472057,4.3299954500365505,41.4
JP,63,-19.906666369324988,-14.150923070435296,41.4
JP,21,-3.202556860247141,-3.6137870195018906,30.9
JP,63,-3.9498280433258204,-6.36564787952143,30.9
JP,21,20.987645270301456,18.50231868883285,46.2
JP,63,-22.616239320416554,-15.4278362610915,46.2
JP,21,-2.2708802234966297,-5.244560586248658,42.0
JP,63,10.543394391724604,7.219096659157654,42.0
JP,21,2.5378151420019535,5.385747510423489,35.7
JP,63,86.4482350719129,91.73036488252073,35.7
JP,21,52.821100917431195,53.88926368207729,39.8
JP,63,275.1146788990826,276.6407293942494,39.8
JP,21,-0.5376978141997224,0.6526968774440145,44.5
JP,63,-5.769768689421584,-3.515872541052223,44.5
JP,21,-11.31838741891359,-8.070759916697401,43.6
JP,63,-19.028255414851923,-15.006028421627347,43.6
JP,21,-5.317894442511295,-4.3561274844051034,53.4
JP,63,-0.7716802119551947,-4.284414629025846,53.4
JP,21,18.607625341952282,17.23625351792395,40.5
JP,63,-15.110694319277174,-5.868435140042971,40.5
JP,21,-15.164877388624209,-12.651021581466026,44.4
JP,63,-3.8535200560425253,0.925184652955513,44.4
JP,21,-0.27075812274368616,-0.43663662676372006,41.8
JP,63,-0.27075812274368616,-0.43663662676372006,41.8
JP,21,-3.753676600091582,-4.164906759346332,41.5
JP,63,20.527845292190626,18.112025455995017,41.5
JP,21,25.33979249219098,23.66653325176604,54.0
JP,63,14.854361116111958,23.240898046037216,54.0
JP,21,11.595173382846081,8.942934854412577,42.6
JP,63,2.1892584597517084,3.581760230932096,42.6
JP,21,-3.9057524941625954,-3.3557288047378786,36.6
JP,63,-12.757376353215877,-11.70889108358175,36.6
JP,21,-10.236227188698166,-10.08413136030345,42.2
JP,63,-14.304474267431754,-9.16458886898861,42.2
JP,21,-2.1522460469798443,-4.24818735275897,43.4
JP,63,-18.38374261967932,-16.970000995473832,43.4
JP,21,19.374067781332837,21.19127349032186,27.2
JP,63,22.901145962626977,20.05254025291545,27.2
JP,21,12.86495814478572,9.880256294963674,39.6
JP,63,49.817512521145055,48.61561333419186,39.6
JP,21,4.081632653061229,7.063955089870921,39.0
JP,63,-15.336582394151687,-11.819895897773868,39.0
JP,21,-6.014767100384056,-3.3899791431110553,45.4
JP,63,-18.71262700923588,-13.015677459477025,45.4
JP,21,9.299792520306148,6.915334752252721,37.5
JP,63,2.543769483032521,-2.1563814910629198,37.5
JP,21,23.220296840426478,24.34685414136178,41.1
JP,63,10.719683495617494,11.008392849977277,41.1
JP,21,19.055267867490166,17.694893461195903,46.5
JP,63,9.277514601702407,9.21816460145055,46.5
JP,21,-7.554542494301531,-7.872380568551052,43.7
JP,63,-7.554542494301531,-7.872380568551052,43.7
JP,21,11.57361180716341,13.358383269648122,32.0
JP,63,7.208141561723447,9.901864930493565,32.0
JP,21,14.753246570228518,13.884966711782631,46.3
JP,63,46.62337514906305,43.43089855049287,46.3
JP,21,1.750000000000007,4.732322436809699,43.4
JP,63,16.464285714285708,19.980972210663527,43.4
JP,21,-7.724158195901653,-7.308871680598294,36.9
JP,63,-8.042664823610302,-6.835700238523057,36.9
JP,21,-17.139336643231427,-13.898001782842083,49.9
JP,63,-6.211451040487093,-0.4557077415974007,49.9
JP,21,-17.16404330127578,-15.255043884730858,43.6
JP,63,-16.024601611054845,-15.085539877922148,43.6
JP,21,11.26101302846314,10.96407022380199,57.4
JP,63,23.584113741890956,21.521672026813032,57.4
JP,21,-9.551532433426392,-9.574026831847739,34.0
JP,63,-13.815893278157287,-16.21164938049737,34.0
JP,21,-13.58084599628836,-12.855267199652355,43.8
JP,63,-4.41423844515546,-4.142432912853577,43.8
JP,21,-2.3796614611830136,0.9115921275477001,34.9
JP,63,-10.140616884226139,-8.0184161812627,34.9
JP,21,-3.6041665567719927,-1.8789713153431808,19.8
JP,63,-8.277706340604773,-0.30154755898029695,19.8
JP,21,1.2658292262971216,1.6301172504153305,45.9
JP,63,2.3953768830209166,3.6694340489706656,45.9
JP,21,18.817189968584145,17.870169524451818,44.3
JP,63,14.746541126975288,17.127412510652373,44.3
JP,21,2.405734580256502,3.847406818269339,46.6
JP,63,-1.2353814334637003,3.286243414305812,46.6
JP,21,8.158215859701201,10.804484977336804,40.5
JP,63,15.893577367382928,15.904333079689394,40.5
JP,21,-1.2600620290230014,-1.0145024253927937,30.8
JP,63,13.565683025642938,10.87183895245869,30.8
JP,21,7.107240397604997,5.573047662500974,47.0
JP,63,-1.450743210147365,-0.15890763301928956,47.0
JP,21,-6.848399493948865,-5.936340600921541,50.4
JP,63,-9.725153820868215,-1.5344883119951742,50.4
JP,21,-2.6544519291932134,-1.2196595584208714,41.8
JP,63,-4.439742802830571,-5.166080834265285,41.8
JP,21,8.57647353272708,8.001729232837086,40.1
JP,63,24.18213291846527,18.481631141271883,40.1
JP,21,-2.802760928676007,-3.120599002925528,44.7
JP,63,-2.802760928676007,-3.120599002925528,44.7
JP,21,0.6718727067114516,0.661169478674295,32.5
JP,63,7.196677849136135,11.198262736837194,32.5
JP,21,0.7849874035428694,4.026322263932213,49.1
JP,63,2.78307644495579,8.538819743845483,49.1
JP,21,-9.073420284246946,-8.111653326140754,46.7
JP,63,19.370649910138305,15.857915493067654,46.7
JP,21,18.479616163337887,19.14498307438073,44.2
JP,63,27.50068065130613,28.276767130241186,44.2
JP,21,3.1003589662955244,-1.1341601489524678,40.4
JP,63,11.231939750634412,7.306084229500787,40.4
JP,21,1.6316984831621362,2.455897528031592,47.6
JP,63,-0.6992899942663833,5.8183263961605665,47.6
JP,21,6.73076359033522,7.2045072980773455,39.5
JP,63,52.403823476210796,47.65301493174463,39.5
JP,21,-3.343465508843102,-2.8013218936573714,45.3
JP,63,-13.373862035372387,-12.954282308660703,45.3
JP,21,13.27162617815989,13.064554107076965,44.7
JP,63,6.481500492296033,9.489358503422206,44.7
JP,21,-3.733774444289839,-4.219248522741825,44.5
JP,63,-17.045459232148275,-17.97858765608976,44.5
JP,21,-21.751459628784573,-11.047991417635004,41.9
JP,63,-17.4879614116603,-9.750265022533688,41.9
JP,21,-14.456525478415605,-14.014387124792826,51.0
JP,63,-20.282607694488732,-19.193177468985514,51.0
JP,21,-2.8818443804034533,-0.5747542927203142,26.0
JP,63,6.6570622776702,6.435347075252484,26.0
JP,21,2.2940902682662134,1.9269679321881172,38.1
JP,63,2.2940902682662134,1.9269679321881172,38.1
JP,21,9.356711264028505,9.200621081334148,40.0
JP,63,29.497552769333414,28.57878322565344,40.0
JP,21,-5.773679837572255,-3.7261039883560225,34.7
JP,63,-9.462496071956705,-8.582170576926218,34.7
JP,21,-3.287408253708257,-4.82160098881228,42.2
JP,63,13.072818358622795,14.364653935750871,42.2
JP,21,-3.2758627022460574,-1.2930442852412405,46.1
JP,63,7.9597656608694,7.123506021989567,46.1
JP,21,-2.3307213180630892,-0.1791369565468104,31.4
JP,63,-6.751054852320671,-7.234190057226531,31.4
JP,21,10.618554204792098,10.560753080832885,42.4
JP,63,-1.8556748743847162,0.056952447695146624,42.4
JP,21,0.5665572664094398,2.2210901403043715,45.2
JP,63,-10.953737601931945,-3.4577233743245603,45.2
JP,21,-11.855222059296967,-8.685475020531698,48.7
JP,63,5.882345723222904,5.933452708147002,48.7
JP,21,-9.440774241847183,-9.235739126323196,31.8
JP,63,6.794939232530295,2.7147588671385225,31.8
JP,21,11.67201849708379,11.704714332650756,46.0
JP,63,7.480102005740341,5.933637859710417,46.0
JP,21,1.2473663710862226,-2.9871527441617696,51.2
JP,63,15.601099456830859,11.675243935697234,51.2
JP,21,-5.137135393992165,-4.069357576518451,35.5
JP,63,0.9142359599477512,-0.28141467238680384,35.5
JP,21,6.0702864208939555,4.715778433625006,39.5
JP,63,7.515708075059013,10.802049035038063,39.5
JP,21,1.7575822393977036,-2.4769368758502885,45.9
JP,63,-1.269352877616381,-5.195208398750006,45.9
JP,21,1.9580419580419672,4.265132045725107,30.3
JP,63,8.426573426573425,8.204858224155709,30.3
JP,21,-1.9295536150365722,3.836022704509845,36.2
JP,63,-35.180014965373005,-12.372336668263724,36.2
JP,21,-7.073000460938317,-8.426659943883708,32.9
JP,63,-10.558220015034635,-12.329802502224329,32.9
JP,21,-17.472642099463553,-13.472111936292196,35.2
JP,63,-5.293512943839074,-0.7743828556537773,35.2
JP,21,-6.461334141627928,-4.1269946850266415,25.7
JP,63,-2.5199168110675574,1.224223874028707,25.7
JP,21,3.2211976155689825,0.16208674048341365,41.2
JP,63,4.55588899928332,5.190939612658418,41.2
JP,21,9.284482982476106,8.163042132315468,52.5
JP,63,16.445685544842405,15.004319204573637,52.5
JP,21,-10.644257230749565,-10.66675162917091,46.9
JP,63,2.645500861138572,0.2497447587984869,46.9
JP,21,-3.4071998877827636,-1.148988080693969,49.3
JP,63,4.293630707132179,3.5116419823980616,49.3
JP,21,6.434386066465936,5.333635412473314,52.6
JP,63,16.718156850999044,18.55757751906496,52.6
JP,21,-17.70745589850673,-13.547611517885262,31.2
JP,63,-23.18711474459355,-17.445287046184088,31.2
JP,21,0.4481225775368136,0.9902661927225442,38.8
JP,63,-7.52857965314716,-7.108999926435477,38.8
JP,21,0.0,1.6545328738949316,49.3
JP,63,-9.486256403831671,-1.990242176224287,49.3
JP,21,-11.58062247869024,-10.770732345741429,45.9
JP,63,-11.916353798275791,-12.321246812337138,45.9
JP,21,13.235287752763703,12.480627783813759,54.0
JP,63,12.276211303530516,12.569679795131472,54.0
JP,21,11.807725324471319,11.840421160038284,32.7
JP,63,26.697508560148787,25.151044414118864,32.7
JP,21,-10.660091180824372,-10.675092893039418,46.7
JP,63,-0.530266255898959,-1.2440862471077452,46.7
JP,21,0.952875508895179,-3.281643606352813,47.3
JP,63,13.24745604350699,9.321600522373364,47.3
JP,21,6.312295656278333,8.919761269714233,39.0
JP,63,-3.25580249781825,2.389139221368808,39.0
JP,21,3.8279223683033825,4.723960548971462,40.7
JP,63,-2.5155992596888166,-2.453824924692938,40.7
JP,21,-6.7495572384173474,-5.925037656885435,46.1
JP,63,-15.326152202873688,-14.723114341571176,46.1
JP,21,-7.053946002320766,-4.746855914637626,47.7
JP,63,0.44639459553417193,0.2246793931164559,47.7
JP,21,1.0488790691917993,6.827228424343523,45.9
JP,63,5.944394826864086,13.769018277774968,45.9
JP,21,-6.254702498412779,-1.715318042860658,38.1
JP,63,0.6767236666233911,6.479643399240431,38.1
JP,21,4.706522911847499,6.9627415992546515,37.7
JP,63,8.122835585964738,11.187283072484899,37.7
JP,21,-11.77093675330887,-12.609353868871521,37.4
JP,63,3.1462773884096906,0.17872353913752637,37.4
JP,21,3.5980049746755505,1.034665071974894,38.8
JP,63,-5.829845120227251,-10.377726212406547,38.8
JP,21,-9.363091161852921,-9.133789352220766,40.9
JP,63,-23.44401468370949,-22.958149231634916,40.9
JP,21,-9.580667753174854,-7.332327907832436,54.9
JP,63,-5.1930013382244455,-2.11606406778333,54.9
JP,21,-17.51826076346368,-10.820232395594955,45.1
JP,63,-23.034529722500473,-14.058650540093307,45.1
JP,21,11.65591495663849,9.429641950301804,54.4
JP,63,12.634023146092922,9.482484973010187,54.4
JP,21,-6.1291757055098035,-3.6341027415213607,57.0
JP,63,-24.228714479037517,-20.18289766738235,57.0
JP,21,-2.549970744061225,-2.7281397822645825,52.1
JP,63,-4.135082405709623,-4.021671740186495,52.1
JP,21,17.54858311568428,17.093346768602924,38.0
JP,63,8.427340441335573,8.187561570933477,38.0
JP,21,-2.027030509888572,-1.686838290246906,47.1
JP,63,7.154207252809464,7.212541582287546,47.1
JP,21,23.892859246096453,23.915415479557698,47.0
JP,63,42.214286813275635,42.317614755380816,47.0
JP,21,8.225106058558662,7.5943383696235545,34.6
JP,63,22.43715765944272,24.789532389522417,34.6
JP,21,-10.399999999999999,-8.218693626484441,42.8
JP,63,14.933333333333332,17.06011142860433,42.8
JP,21,-1.8426647767540771,-2.484014223040032,48.1
JP,63,-1.8426647767540771,-2.484014223040032,48.1
JP,21,8.541654212173256,10.78069471907942,47.2
JP,63,4.166666317312018,28.357326129238658,47.2
JP,21,-11.564300940211247,10.717415104320093,41.8
JP,63,-3.358921385393143,16.635301107266898,41.8
JP,21,-1.2130313728477171,-3.057996272444141,49.4
JP,63,-14.518553386042676,-10.950665815498105,49.4
JP,21,2.9335714105809263,5.317276295819584,34.0
JP,63,-31.406795372317454,-25.870689933729565,34.0
JP,21,8.604202656323157,8.368322928411809,34.3
JP,63,15.678774471295775,16.436656963749286,34.3
JP,21,6.7370462627054595,6.982605866335668,47.6
JP,63,8.763032201361632,6.069188128177384,47.6
JP,21,1.6142297577018017,0.6406517067446549,42.7
JP,63,4.760615300849125,4.35416506855042,42.7
JP,21,-5.139227394388135,-0.43635343085760514,46.7
JP,63,-14.19638482630593,-7.806343454203679,46.7
JP,21,-1.88428239192443,-3.151395015192071,54.3
JP,63,7.768607562672081,13.231274032170026,54.3
JP,21,4.9469768962152605,5.593689434757065,36.7
JP,63,24.381615525537637,23.00571665744455,36.7
JP,21,-2.0929050374307034,-1.8878699219067152,30.0
JP,63,-1.9397664369890988,-6.019946802380871,30.0
JP,21,0.5549308068548253,1.4614261994161715,36.4
JP,63,-1.5397928549799933,-1.8109145372016688,36.4
JP,21,1.0826771653543288,-1.2051805213276978,35.9
JP,63,1.0826771653543288,-1.2051805213276978,35.9
JP,21,8.299378904614741,10.551881851022095,29.7
JP,63,-1.5262795962986409,9.166803692221558,29.7
JP,21,6.649171198737358,3.9331622910379505,37.9
JP,63,5.468376011107767,5.795343790336494,37.9
JP,21,1.4925409917843968,1.483010081713787,47.6
JP,63,12.234937130718704,12.807434884732395,47.6
JP,21,17.383613840969183,18.572060427785456,46.3
JP,63,-1.9446152706312558,1.314617131267637,46.3
JP,21,-0.6863664861979424,-1.7986932438511682,54.2
JP,63,7.734969877744957,7.500166141004105,54.2
JP,21,-15.489696689048394,-12.35146553993275,44.4
JP,63,3.797175272053721,3.871589708232448,44.4
JP,21,-2.705877548027824,2.7900637878313095,44.6
JP,63,6.470577815000089,12.667230688182107,44.6
JP,21,0.49696919228581216,-1.4979450351054524,31.2
JP,63,-4.5376889420029265,-1.1366532553060194,31.2
JP,21,-4.274568442184224,-1.760712635026041,38.9
JP,63,3.7607905295967026,8.539495238594741,38.9
JP,21,-8.619661443117854,-10.426641650459366,36.5
JP,63,-11.837130446345467,-14.471323693571915,36.5
JP,21,-4.517237672368579,-4.3114229041369745,37.3
JP,63,-12.545495315005983,-16.004613132751356,37.3
JP,21,-3.1071380439464447,-1.8880818294143453,45.1
JP,63,0.1827789609862629,-3.0430140531955585,45.1
JP,21,-3.769407838801009,-5.241095887408987,42.6
JP,63,-2.9253574767132973,-2.7712208986510167,42.6
JP,21,2.3274239938458674,3.453981294781172,37.5
JP,63,4.760641783642705,5.049351138002489,37.5
JP,21,-5.71505958829902,-2.080392489753979,32.1
JP,63,-6.690140845070425,-6.504450701136877,32.1
JP,21,-8.366947721340502,-7.455164176414332,45.1
JP,63,-15.120975481873478,-8.417138861310459,45.1
JP,21,-15.594864216940474,0.6283631724708467,23.2
JP,63,-10.918928967802554,5.788718416570692,23.2
JP,21,-13.284141331075228,-9.538404963385316,46.5
JP,63,11.254620021610485,18.389700768097917,46.5
JP,21,30.958318384007843,30.744472769865204,42.8
JP,63,103.95556899546582,100.38571908261765,42.8
JP,21,37.231905472701875,35.811123220418416,50.1
JP,63,27.40865544829947,26.40429581762467,50.1
JP,21,11.870324189526183,14.852646626335876,39.0
JP,63,81.04738154613467,84.56406804251249,39.0
JP,21,10.36481945741945,8.70463943039177,41.9
JP,63,8.23388182338871,13.658619009982175,41.9
JP,21,4.183191117783713,3.649220226098282,36.5
JP,63,21.96178460030285,25.174838801222812,36.5
JP,21,-7.1796364161870745,-4.532668846095212,43.9
JP,63,-18.8566847350115,-13.336579191103427,43.9
JP,21,1.0162587942006862,0.5148181186020562,46.5
JP,63,17.10703210309561,13.95957735642661,46.5
JP,21,5.364328752740799,6.326095710846991,37.5
JP,63,14.697687161064788,11.184952743994138,37.5
JP,21,-2.1220815022394035,2.511408757416067,36.0
JP,63,4.009845561956471,6.109487636813005,36.0
JP,21,8.431379681439521,8.791255131323105,47.2
JP,63,6.078437122022162,6.645159114123011,47.2
JP,21,4.939296418315431,10.280105949488295,44.3
JP,63,7.053153520255062,15.285914646456778,44.3
JP,21,25.26041329817581,23.34406813633949,43.3
JP,63,55.167328049062746,53.025477712161106,43.3
JP,21,3.211452549975924,4.67444318376673,50.4
JP,63,13.425533267496448,9.773623304639223,50.4
JP,21,-2.856895126352599,1.611835186663701,47.1
JP,63,-17.74574715190591,-12.794423998724712,47.1
JP,21,2.213896457765663,4.229568525785621,41.4
JP,63,6.777929155313345,6.249917824550555,41.4
JP,21,2.6611888634529457,3.447159497737895,31.5
JP,63,16.803678892142493,22.30923412864767,31.5
JP,21,-2.196755385954985,-1.6356203561387117,44.4
JP,63,-4.011460076320262,7.4430177387027605,44.4
JP,21,-4.112305952333717,-6.837762776385836,43.8
JP,63,-2.510878690180951,-10.460116816839749,43.8
JP,21,6.305338501421609,7.420930911692891,48.2
JP,63,-6.774373243309784,-6.347740758551501,48.2
JP,21,-12.40768650948838,-9.983561680319308,46.7
JP,63,25.16002107950106,33.09284306438769,46.7
JP,21,-0.29973540279717437,-3.805267701978532,40.7
JP,63,6.5192739391040755,7.154324552479174,40.7
JP,21,5.646012795045396,5.022418634641479,44.6
JP,63,4.776750533817453,4.348497435568466,44.6
JP,21,-12.635503681676742,-11.416447467144643,44.5
JP,63,18.357912874552774,15.132119860370953,44.5
JP,21,18.448922671295808,18.588185330239714,38.3
JP,63,48.68615106933907,49.79465743413733,38.3
JP,21,6.891435388279876,7.562947773841266,49.7
JP,63,1.1388398144731138,11.724866530112433,49.7
JP,21,2.482620304628136,3.5342409221914672,46.7
JP,63,13.868678690431624,14.653950830436735,46.7
JP,21,0.13648367727487898,3.6641099522915055,37.3
JP,63,2.820744448310619,8.633292496743884,37.3
JP,21,-4.982138480726849,-1.6908848919961357,41.2
JP,63,2.4318503321968388,4.554051035160278,41.2
JP,21,-1.6577977896029439,-2.2991472358888987,47.7
JP,63,-1.6577977896029439,-2.2991472358888987,47.7
JP,21,2.3754810418986194,3.1614516761835687,40.2
JP,63,-12.566599337606588,-7.061044101101411,40.2
JP,21,2.064756969855641,1.8765315909887947,42.7
JP,63,12.153911925598004,6.871327584867193,42.7
JP,21,-7.81571369806664,-5.1765928761705045,45.8
JP,63,-3.0851501439736695,-0.04007332942608244,45.8
JP,21,2.5742928400193987,2.288319672971717,44.6
JP,63,-5.21882047160579,-3.2103167117200186,44.6
JP,21,-7.287077201638059,-9.998187708175266,36.8
JP,63,-3.185527077321537,-0.00893504406876966,36.8
JP,21,-8.337340354416122,-7.818913609546939,40.7
JP,63,-15.196781188570485,-15.3448770877461,40.7
JP,21,8.992810568390542,7.185830361049029,32.8
JP,63,15.575533008536247,12.941339761309802,32.8
JP,21,-3.649835331978468,-3.672329730399815,52.5
JP,63,24.052576277679005,21.656820175338922,52.5
JP,21,-1.3837231763579871,-1.8346343937357346,48.1
JP,63,-8.162789869219145,-1.0791542159770406,48.1
JP,21,8.59621785350797,8.222767628026784,45.4
JP,63,31.054293138724944,30.909107680469752,45.4
JP,21,-12.655086007847894,-14.371327553374725,41.6
JP,63,-36.68911910844,-44.09583976786266,41.6
JP,21,-14.795132679974376,-13.648474557036028,45.6
JP,63,-27.01125221139974,-21.477411840703844,45.6
JP,21,6.753474954351968,4.910942043406785,45.0
JP,63,20.944606031196567,18.47967532454542,45.0
JP,21,-4.031867324044058,-3.0701003659378667,46.1
JP,63,9.424250086736397,5.911515669665746,46.1
JP,21,-3.0081350039635857,-2.8078535250700143,45.0
JP,63,10.331817896836949,10.433821426981904,45.0
JP,21,-10.126171246137538,-5.237904210295407,55.7
JP,63,13.04164809343613,15.20713100331471,55.7
JP,21,-4.3478159442361335,-1.946181986692919,41.8
JP,63,-5.103965192310101,0.48671428070912093,41.8
JP,21,-4.720979374506085,-5.132209533760834,38.4
JP,63,3.3705211200360186,0.954701283840409,38.4
JP,21,11.582134746404238,14.221255568300373,43.0
JP,63,-8.342165026495074,-5.297088211947488,43.0
JP,21,-7.949165404953562,-4.457086387862274,48.6
JP,63,-9.743319000142826,-0.07138532115633822,48.6
JP,21,-4.0955628766407575,-0.05127679765696325,47.3
JP,63,26.215152760628648,26.047942191408826,47.3
JP,21,-4.5448483716960535,-2.54225740387819,45.8
JP,63,16.068640505202005,16.114324464032528,45.8
JP,21,-4.357925324423317,-2.3164767358486382,48.6
JP,63,-11.098200785781165,-7.656313070810827,48.6
JP,21,-7.443847762301125,-4.410408375601904,41.3
JP,63,26.884034540110612,31.20322194155819,41.3
JP,21,16.532704273244313,16.01775239884051,50.3
JP,63,16.963248459329506,16.151824525345116,50.3
JP,21,8.28349849485257,8.529058098482777,48.1
JP,63,56.58912005393704,53.895275980752785,48.1
JP,21,-1.918819424833651,-1.0731795094454655,44.1
JP,63,-26.355033531372996,-19.45403470776825,44.1
JP,21,32.01026127917499,35.31488984408906,33.1
JP,63,33.019648129590216,34.76177913400969,33.1
JP,21,21.05635463334119,24.038677070150882,39.9
JP,63,71.987738740863,75.50442523724081,39.9
JP,21,-8.248989412376096,-6.599042035746628,54.5
JP,63,-5.161926930337934,-1.3677752948166861,54.5
JP,21,-5.479041098518033,-5.0279386049396635,58.3
JP,63,5.754509399506413,4.187942119777488,58.3
JP,21,-0.9502923976608235,1.6269408452790346,48.2
JP,63,-5.380116959064329,-5.951318014281237,48.2
JP,21,0.9885122378761046,2.9744651725583604,45.1
JP,63,1.846921443190097,3.830265863294313,45.1
JP,21,19.44337393518236,18.844693035599725,46.4
JP,63,37.26541956469225,36.931286893985884,46.4
JP,21,-7.950724562773781,-1.8977742176353614,45.6
JP,63,5.957863192865531,7.55826621286878,45.6
JP,21,29.781357360801188,27.129118832367684,45.4
JP,63,26.59162378068114,27.984125551861528,45.4
JP,21,-16.09090909090909,-12.952677941793446,46.9
JP,63,-10.799999999999999,-10.725585563821273,46.9
JP,21,-12.54445848078889,-9.151183898435301,47.3
JP,63,-11.359159051295409,-11.143047410235296,47.3
JP,21,4.329678095328826,4.527291719066751,42.8
JP,63,3.2201877451786043,3.091823917953218,42.8
JP,21,-1.3069518586807494,-2.1396672319255794,52.0
JP,63,-2.2134007211899065,-6.442486665823976,52.0
JP,21,-3.01422821114673,-5.0379415963132,48.5
JP,63,-16.235662489815695,-15.114290958471,48.5
JP,21,-16.235211100081404,-18.494851515095323,36.5
JP,63,-22.671403817728418,-28.312768586225587,36.5
JP,21,-8.34999700504696,-7.744128650260484,38.5
JP,63,-6.3999985179613805,-2.511189336620978,38.5
JP,21,7.004183136199904,4.934464866627342,39.5
JP,63,8.454163347711297,14.023299967510606,39.5
JP,21,-5.578259226319748,-5.036115611134017,46.9
JP,63,-3.441227720537954,-3.021647993826271,46.9
JP,21,-1.8162256435611979,1.798582008055294,44.7
JP,63,-4.716100156934722,2.890871723289056,44.7
JP,21,4.240252587355253,3.4216155550155447,45.0
JP,63,16.210221903428177,15.817204153987728,45.0
JP,21,9.46532068582071,8.382872516252338,45.8
JP,63,13.584767232057239,14.34201993074522,45.8
JP,21,6.062371389732757,6.085227412210992,47.8
JP,63,10.784033667601388,10.768735878116619,47.8
JP,21,1.4384748700173366,4.420797306827029,44.7
JP,63,19.965337954939333,23.48202445131715,44.7
JP,21,13.890943367254781,13.880240139217625,44.0
JP,63,18.569778324915465,22.571363212616525,44.0
JP,21,-1.3976787604753405,3.0289891063923875,35.8
JP,63,0.38362923445376396,7.495648749271123,35.8
JP,21,15.329092180275161,17.340214634684838,39.0
JP,63,15.937284481578363,18.979811503214673,39.0
JP,21,-18.481721033216125,-13.193886661114318,44.4
JP,63,4.29602296907452,5.114783585232773,44.4
JP,21,28.93642029114567,26.284181762712166,40.8
JP,63,15.626067910205844,17.018569681386232,40.8
JP,21,7.230169050715207,10.2124914875249,45.0
JP,63,21.482444733420024,24.999131229797843,45.0
JP,21,-0.7209511109635192,-1.0090764388582918,40.1
JP,63,-4.262095437454594,1.190552692663072,40.1
JP,21,0.3188459335749405,1.4373735648679276,43.7
JP,63,5.5599941417948,4.1527140413465835,43.7
JP,21,1.1081209091511335,0.025672739582760506,50.0
JP,63,10.999431651764201,11.756684350452183,50.0
JP,21,3.7697682971680857,7.271416769028982,45.8
JP,63,18.60978300845899,21.433591584585486,45.8
JP,21,-5.077129474815967,-2.1413479775706517,40.0
JP,63,-2.1863041584807896,5.808698307678007,40.0
JP,21,2.9548172432583453,6.2024447454745335,38.4
JP,63,-3.1801035079968787,0.8421234852276975,38.4
JP,21,6.837902330360901,6.980152252023142,46.8
JP,63,26.194939275443275,23.088449888378637,46.8
JP,21,6.410588504773829,5.328140335205456,45.1
JP,63,15.871180234548522,16.628432933236503,45.1
JP,21,9.012375813995256,9.035231836473491,45.2
JP,63,6.248199386916631,6.232901597431861,45.2
JP,21,4.109589041095885,7.091911477905577,41.9
JP,63,21.223981497954103,24.740667994331922,41.9
JP,21,6.286920833503884,5.140315619019331,42.8
JP,63,9.330958918868703,8.080760469713221,42.8
JP,21,-3.9117777308643187,-4.441551027766144,45.7
JP,63,-7.882359189037002,-4.053095301036347,45.7
JP,21,2.28146020470279,1.7665083302989881,44.7
JP,63,8.645540930585739,7.834116996601349,44.7
JP,21,2.302268616405212,1.219820446836839,47.8
JP,63,13.353796716592981,14.111049415280963,47.8
JP,21,17.41140368189493,17.23682892295728,46.9
JP,63,28.19722952756929,28.047211477591528,46.9
JP,21,1.4972646127267453,4.479587049536438,44.2
JP,63,19.59401094154909,23.11069743792691,44.2
JP,21,9.864311005736216,7.794592736163653,52.0
JP,63,-1.9435338346488251,3.7421432658872327,52.0
JP,21,-17.99845946131402,-4.793731309347226,45.3
JP,63,-14.047812109690739,4.144895813485004,45.3
JP,21,6.328156549711417,3.9783323007154703,32.3
JP,63,16.234948077197963,13.629371063364413,32.3
JP,21,-11.278392854078268,-10.248737480744254,49.2
JP,63,-0.8436143153497833,-5.175702597977239,49.2
JP,21,-1.2301492723853613,-1.2879503963445726,41.8
JP,63,5.740631587854916,7.653258909934779,41.8
JP,21,3.249012848986088,2.4303758166463796,45.9
JP,63,6.066215052624835,5.673197303184385,45.9
JP,21,23.120931150128232,26.412184738858947,41.3
JP,63,28.2698757151312,30.39207641809464,41.3
JP,21,-0.698382840684264,3.3142897697314044,43.2
JP,63,-2.798822057452044,4.098044794961265,43.2
JP,21,3.3117373879003376,2.0582305784080157,54.3
JP,63,23.570919126139223,19.798060620254198,54.3
JP,21,16.67185069984447,14.089817255376968,46.8
JP,63,15.645412130637638,13.049401674201633,46.8
JP,21,14.766031388528567,11.375492969760149,46.4
JP,63,51.93676196943422,45.64375574449695,46.4
JP,21,-14.24698931608307,-6.287153935663593,46.5
JP,63,-17.277687159544964,-8.196030075557992,46.5
JP,21,1.4540563886880742,1.8723544627077482,50.6
JP,63,15.058380171748208,14.9891783805707,50.6
JP,21,-4.571000374672163,-1.588677937862471,43.4
JP,63,15.623829149494185,19.140515645872004,43.4
JP,21,4.0264223698299295,4.178518198224646,43.1
JP,63,-1.7601652668316703,3.3797201316114744,43.1
JP,21,-2.716130342466172,-3.2501012341516033,40.5
JP,63,8.555943371001739,11.768997571921702,40.5
JP,21,5.228621932099209,7.09230079187032,39.4
JP,63,11.817735892136461,13.484165806614302,39.4
JP,21,15.347936419402819,16.10581345444707,48.2
JP,63,19.50057219328969,20.596709659418654,48.2
JP,21,-2.1923557434805008,-3.2931063974731223,46.5
JP,63,-5.754257045332345,-3.9148363772664285,46.5
JP,21,6.929130762833968,5.172227345922242,47.6
JP,63,13.582668775502938,12.395432751053615,47.6
JP,21,-3.745143745143742,-1.729471677123784,45.6
JP,63,7.630147630147621,7.102136299384831,45.6
JP,21,4.1061528737049935,2.311225532142469,42.4
JP,63,2.353516588554516,6.947792889123383,42.4
JP,21,14.732481106216522,14.49332893076205,35.4
JP,63,2.540908129664432,5.643739525126302,35.4
JP,21,6.096571543320062,11.639376894118348,60.5
JP,63,5.089447217199838,8.78607608054891,60.5
JP,21,-4.088136204914516,-0.8022131980324194,44.2
JP,63,-5.362361451558783,-2.452180333806419,44.2
JP,21,-5.727923016203452,-7.92477370666288,30.3
JP,63,4.014822545792973,5.2421669776709034,30.3
JP,21,1.6468639208140123,3.8667881024560202,44.1
JP,63,9.004331953533873,14.73272648273809,44.1
JP,21,3.1242189452636904,5.196088320151793,44.7
JP,63,11.997000749812536,10.785502617681496,44.7
JP,21,3.1944548562256925,1.317600878118208,31.2
JP,63,-5.305552438039552,-0.7112761374706853,31.2
JP,21,-1.9105813369406865,0.5135434922283855,34.9
JP,63,-4.878390109850638,3.0544318750359905,34.9
JP,21,-2.84875744039943,-2.306613825213699,40.1
JP,63,10.690167090715907,11.10974681742759,40.1
JP,21,8.352218698044789,5.29310782295922,43.2
JP,63,7.4837835996485635,8.118834213023662,43.2
JP,21,10.208103068008612,11.372657936784215,46.9
JP,63,10.799553892875235,9.821967971669388,46.9
JP,21,-6.25511842627775,-5.4305988447458375,51.4
JP,63,-11.96394211704791,-11.360904255745396,51.4
JP,21,-7.977208907914612,-4.453349272639672,44.3
JP,63,-7.977208907914612,-6.717751671742866,44.3
JP,21,-0.41677782252331763,-2.6136285129827463,46.5
JP,63,-6.518575913644497,-5.291231481766567,46.5
JP,21,9.147164733808498,4.484280872155687,49.8
JP,63,8.366966827302157,7.892923441746857,49.8
JP,21,1.1992005329780175,3.2148726009979756,50.8
JP,63,7.061958694203874,6.533947363441084,50.8
JP,21,-12.223670664409381,-9.985529211150935,39.3
JP,63,-13.242310473618046,-4.049099852566362,39.3
JP,21,4.715055249526667,2.365231000530721,41.6
JP,63,19.34863816083301,16.74306114699946,41.6
JP,21,7.793362878676646,9.561882094711404,41.5
JP,63,4.252963899835738,9.760392777490612,41.5
JP,21,0.8014989689898222,1.025284191626874,44.7
JP,63,13.811754202006998,11.974654875181145,44.7
JP,21,6.411959667027167,8.117967021956884,53.1
JP,63,3.986717473594581,7.416419919381734,53.1
JP,21,10.937047505427033,8.841513837830451,46.2
JP,63,17.434966545242993,17.950909207947177,46.2
JP,21,2.8907466393664816,1.1790621121119171,55.5
JP,63,0.979913896736484,5.726745593680837,55.5
JP,21,1.6170641155149879,2.4415836970469007,45.6
JP,63,0.49214599591871355,1.095183857221227,45.6
JP,21,8.690613333061048,4.691995326504994,45.0
JP,63,4.866749631565903,7.576539046557606,45.0
JP,21,9.765142150803463,12.072232238486603,50.5
JP,63,16.440049443757722,16.218334241340006,50.5
JP,21,0.09107847443239336,2.32921992769084,44.9
JP,63,-4.863399416838132,4.329811204213551,44.9
JP,21,8.813209748879602,11.327065556037786,45.5
JP,63,9.479440948288055,14.258145657286093,45.5
JP,21,-3.8433184238526152,1.45928978887998,54.6
JP,63,-0.12751817783722696,4.8540111133017705,54.6
JP,21,-4.76061750986152,-3.8694812014181013,47.9
JP,63,17.50067509519697,13.922311456153501,47.9
JP,21,12.493645945235476,12.85352139511906,48.6
JP,63,30.208402277786274,30.775124269887122,48.6
JP,21,-4.422101213055029,-4.003803139035355,51.3
JP,63,-14.97487158028582,-15.044073371463329,51.3
JP,21,-10.295168376287055,-4.211142499519326,37.7
JP,63,5.689906280015333,6.820624650891038,37.7
JP,21,-12.025670347311234,-9.787528894052787,36.5
JP,63,-17.794886408260822,-8.601675787209139,36.5
JP,21,-2.2501757347044182,-2.7841466263898496,45.4
JP,63,-7.213761979963385,-4.000707779043422,45.4
JP,21,-1.3271287578948021,1.8655698566979795,47.3
JP,63,-8.517347035507662,0.0022134669717104316,47.3
JP,21,11.379114500969667,13.16707003395553,40.6
JP,63,3.4012977676342926,7.0619543913254645,40.6
JP,21,9.713382009020277,9.254325698694178,42.2
JP,63,18.84289511454218,17.425167394026644,42.2
JP,21,3.953603520358162,3.3549226207755245,29.8
JP,63,5.558300266049265,5.224167595342899,29.8
JP,21,3.6827171097520983,2.643449149739685,47.4
JP,63,11.791785084130924,11.43690976400482,47.4
JP,21,10.725289168346897,6.490770053098905,45.5
JP,63,-3.5894947546437184,-7.515350275777344,45.5
JP,21,15.102505694760815,13.102508366312392,56.3
JP,63,15.375854214122997,13.05166205843129,56.3
JP,21,-1.084834346668384,-0.932738518273668,41.8
JP,63,-3.823574205165914,1.0175411199877638,41.8
JP,21,-21.28485961090043,-5.061632221489109,40.3
JP,63,-33.434655931968635,-16.72700854759539,40.3
JP,21,1.4719865167305057,1.4141853927712944,42.8
JP,63,-3.364568471717211,-1.451941149637348,42.8
JP,21,4.810778072301414,2.7350189561379468,49.6
JP,63,11.222419329507538,10.77390812240633,49.6
JP,21,-7.079032535420449,-6.082685719335424,39.3
JP,63,-14.20508957573059,-7.283548084451641,39.3
JP,21,-13.745841807656255,-3.023714846362523,41.3
JP,63,-23.07800905723385,-2.777406228492385,41.3
JP,21,2.732241760281684,2.7215385322445274,43.1
JP,63,-1.4654094903094217,2.536175397391638,43.1
JP,21,-5.703688992170641,-5.50340751327707,46.7
JP,63,34.69215177468459,34.794155304829545,46.7
JP,21,-6.056160938809718,-3.073838502000026,40.6
JP,63,-12.426655490360439,-8.90996899398262,40.6
JP,21,-3.8169868632079718,-3.6648910348132557,45.0
JP,63,-5.610493489973544,-0.7693781648198668,45.0
JP,21,7.88670674103058,7.876003512993424,40.8
JP,63,-2.5100515915699395,1.49153329613112,40.8
JP,21,-6.17432402238448,-3.8026991781492265,44.2
JP,63,-3.753021227381581,-3.5087384219980255,44.2
JP,21,2.7176008028049647,4.767729348921456,31.8
JP,63,-12.319198819205933,-6.590256590682996,31.8
JP,21,-16.69773653118307,-12.256704930349427,42.2
JP,63,-15.419438401126007,-14.862393250319961,42.2
JP,21,8.096086706417838,7.744140237370756,47.4
JP,63,12.722424114523513,10.81516044168709,47.4
JP,21,-7.202082879021932,-4.946649897544797,58.2
JP,63,4.708186710359796,8.463586258852807,58.2
JP,21,3.603376144538517,3.8489357481687247,49.9
JP,63,12.793242843847041,10.099398770662793,49.9
JP,21,2.162893631471796,2.4019683317612173,42.8
JP,63,3.8717103820656185,5.870644029026173,42.8
JP,21,-1.7154389505549927,1.2668834862546996,39.5
JP,63,-24.07669021190716,-20.56000371552934,39.5
JP,21,-5.854418953370855,-5.536786179109798,47.0
JP,63,-18.192630622585206,-17.292908286603605,47.0
JP,21,0.9180328725745479,5.1906561978926735,45.9
JP,63,1.4426242522259436,3.15645130576222,45.9
JP,21,10.316980139222686,7.8119756282430055,41.6
JP,63,13.747622958097905,13.803643093252415,41.6
JP,21,-5.523266505697933,-3.8733191290684648,28.9
JP,63,-4.505827720657374,-0.7116760851361259,28.9
JP,21,1.3008703449667758,5.0468555994937825,54.0
JP,63,4.570437948779715,6.416343433480809,54.0
JP,21,0.622279441955631,0.4929718178060982,43.0
JP,63,-3.666330276136165,-6.8794319550133265,43.0
JP,21,-8.229590789989238,-4.110055318019468,51.5
JP,63,-7.367827703298591,-3.638664901726863,51.5
JP,21,0.36057692307691624,0.04273884882739498,25.4
JP,63,0.36057692307691624,0.04273884882739498,25.4
JP,21,2.230301350267183,2.382397178661899,44.1
JP,63,4.415095517779033,9.25621084293271,44.1
JP,21,-3.1836270361672914,-2.865994261906235,48.7
JP,63,-10.574198578336901,-9.6744762423553,48.7
JP,21,-4.266212489600263,-1.6414245323272625,37.1
JP,63,-11.57565588245978,-5.878706332700923,37.1
JP,21,-1.9764959933551762,-1.3111290823123345,45.8
JP,63,-4.335908736220862,-3.5598222572858056,45.8
JP,21,4.312605790999613,3.086583554713318,24.9
JP,63,10.674301642182282,3.4344895595070923,24.9
JP,21,-13.506756576178436,-7.429617479684881,50.7
JP,63,-26.882047727008906,-20.099810966132214,50.7
JP,21,6.383569265576172,6.756761731532701,45.4
JP,63,3.0896443167971466,5.62461823100432,45.4
JP,21,-0.887333798810408,-2.6945710889783925,28.0
JP,63,-6.26514644153775,-5.406018826271186,28.0
JP,21,-19.74618503826253,3.57573349979684,43.3
JP,63,-2.5725958729336695,16.75574594967023,43.3
JP,21,-1.2641076360379144,-1.672110095306889,47.8
JP,63,2.7054937672613244,6.995785756756323,47.8
JP,21,1.6811323224345198,0.2434792968094346,36.0
JP,63,-20.617032507736532,-22.62313365143599,36.0
JP,21,14.533022159263309,11.606196839167126,42.6
JP,63,1.4218886224221627,0.1902057246653488,42.6
JP,21,-10.764703061116354,-12.995874339571511,44.9
JP,63,-3.029406039825444,-5.583784623144794,44.9
JP,21,12.72451127822114,14.00202586121646,39.0
JP,63,16.88033624887426,20.697139387932893,39.0
JP,21,17.42348866558805,16.79582999992222,39.1
JP,63,12.290233054248144,8.986677342705907,39.1
JP,21,5.304357242982238,6.095572157873919,47.8
JP,63,-4.18770061675382,-1.1019485720495936,47.8
JP,21,28.70664115456083,25.680197280836214,39.1
JP,63,49.2748368286005,52.30297585555977,39.1
JP,21,12.76072979347125,14.718703873709504,51.8
JP,63,37.05519377418835,43.8830505158144,51.8
JP,21,-1.6574715817758268,-0.008425426227909316,45.7
JP,63,-4.595075957241102,-5.570325872987237,45.7
JP,21,6.60968507285864,4.866702697609138,44.6
JP,63,26.66666018706765,23.055529388809084,44.6
JP,21,18.370133474169513,13.95529570377527,39.5
JP,63,7.32983876841391,0.9103724830321624,39.5
JP,21,-4.892364939521232,-4.138902733163952,39.3
JP,63,-6.986295691936794,2.1158034807913673,39.3
JP,21,-24.433956864532725,-4.964795477450046,45.9
JP,63,-5.6073143459872465,1.740606846615444,45.9
JP,21,17.04601808183215,16.27218962691799,39.0
JP,63,36.36804939687535,39.49591509498886,39.0
JP,21,27.797845659504983,27.49440691660332,57.7
JP,63,24.66907721115128,24.29330563401659,57.7
JP,21,5.715513491443858,6.276648521260131,37.2
JP,63,-15.706813641196526,-4.252335826173503,37.2
JP,21,-0.4141636904903878,-0.04097122453385893,40.5
JP,63,-0.1697089254008355,2.365264988806337,40.5
JP,21,2.5000017018468768,0.30315101138744804,47.2
JP,63,-6.432334455115152,-5.2049900232372215,47.2
JP,21,2.654860272737092,1.7691165654640129,43.0
JP,63,-3.724190737461186,-1.4508279166185023,43.0
JP,21,23.108053771146597,26.248861419377924,42.7
JP,63,33.32998451012781,33.61025394115666,42.7
JP,21,-6.307687715726873,-5.663650768238215,50.3
JP,63,-9.461526373629459,-8.169193882205317,50.3
JP,21,-3.642768341679692,-0.027960690063200122,38.3
JP,63,-14.727767575922734,-7.1207956956989555,38.3
JP,21,0.8158792331495857,4.561864487676592,53.8
JP,63,4.895117824302431,6.741023309003524,53.8
JP,21,3.754205772976804,1.3355713802602809,39.5
JP,63,1.6823091907207433,-0.9062157005641724,39.5
JP,21,11.373556777499783,7.358901018249009,47.1
JP,63,-1.0123124498029101,1.2980653499240047,47.1
JP,21,-2.794414515592758,-2.4767817413317017,53.4
JP,63,-4.826705732375403,-3.9269833963938017,53.4
JP,21,-6.798822019353978,-3.8630405221086628,42.6
JP,63,-17.370884114789998,-9.375881648631202,42.6
JP,21,4.097167493742027,6.463485390472101,52.4
JP,63,4.641039783344669,6.244711968198224,52.4
JP,21,3.2862390330308466,2.9342925639837647,40.5
JP,63,12.126205952936676,10.218942280100253,40.5
JP,21,2.497548588419529,4.992621552407972,37.3
JP,63,3.152479242311945,7.198296053967113,37.3
JP,21,-2.9294646994866724,2.373143513245923,47.0
JP,63,-5.169993078330714,-0.18846378719171675,47.0
JP,21,-2.170959046429344,-2.704929938114775,38.5
JP,63,-9.443692373552004,-6.230638172632041,38.5
JP,21,-1.3578309379396414,2.38790542975027,42.9
JP,63,-9.602219577441328,-2.467138830953896,42.9
JP,21,-1.7524166823562837,2.716313630660016,34.6
JP,63,-3.0448522846585613,1.9064708685226366,34.6
JP,21,-9.160155118788982,-8.95987363989541,50.8
JP,63,-12.673505641509541,-12.571502111364584,50.8
JP,21,0.8329897428538624,2.0474981015376703,49.3
JP,63,8.01636326093278,9.25972252713363,49.3
JP,21,2.5061719299899643,1.5455868455286792,33.4
JP,63,2.2973250532231537,-3.650596966502917,33.4
JP,21,7.5258846658620815,5.013854392027217,37.0
JP,63,10.848824094044618,11.204875583081709,37.0
JP,21,0.7460872639985405,-0.7881054711054825,52.7
JP,63,-4.430032273457263,-3.1381966963291874,52.7
JP,21,-6.888167786690291,-7.988918440682912,50.9
JP,63,-6.844552872574905,-5.005132204508989,50.9
JP,21,28.22757111597374,26.526984003580313,44.1
JP,63,12.910284463894971,17.915377415654643,44.1
JP,21,36.87707641196014,35.45634578111254,38.5
JP,63,17.94019933554818,16.10126913840837,38.5
JP,21,-9.166666666666668,-8.52262971917801,39.2
JP,63,-20.55555555555556,-19.26322306413142,39.2
JP,21,11.801242236024834,14.408707849460733,26.1
JP,63,-6.8322981366459645,-1.1873564174589069,26.1
JP,21,4.18300653594772,1.6971568025673678,49.5
JP,63,4.666668262357021,2.235215759662945,49.5
JP,21,19.06376876206435,17.735575102070978,43.8
JP,63,59.882401737472925,52.71602687363257,43.8
JP,21,8.976773383553049,10.006428756887065,49.9
JP,63,-11.487758945386062,-15.819847228013519,49.9
JP,21,-22.092108475534545,-23.452482881828807,44.0
JP,63,-13.513159500925164,-13.57250950117702,44.0
JP,21,-8.5320171436573,-3.7143163969248647,35.4
JP,63,-17.843754032630788,-10.539842922687615,35.4
JP,21,1.0222158604775045,1.370008528272948,33.2
JP,63,1.0222158604775045,1.370008528272948,33.2
JP,21,15.87353621484786,14.124772261992067,39.4
JP,63,9.65058888708057,11.712189492884507,39.4
JP,21,-1.023952622561175,-2.9931946795223374,50.9
JP,63,-1.1331039734324921,1.1095753357144078,50.9
JP,21,-4.697992649068716,-7.208115117918412,33.5
JP,63,5.5928537164267045,2.498015578458479,33.5
JP,21,-7.21549492893282,-9.793667983984523,47.1
JP,63,-1.7191339182393683,-5.088540300985933,47.1
JP,21,-1.5255195930012122,2.634324787620257,48.6
JP,63,10.16577539382375,15.907603092233213,48.6
JP,21,5.792196073122025,4.531089077253347,35.6
JP,63,10.119265854577941,12.782089578977873,35.6
JP,21,2.8382242557379644,1.4845647727925737,34.5
JP,63,5.69964955782436,3.9280670706346665,34.5
JP,21,-3.964086498901176,0.462581367966552,38.2
JP,63,-4.502613375143294,2.609406139674064,38.2
JP,21,-2.4661843279330076,-4.976306796782703,39.9
JP,63,2.147969769616953,-0.9468683683512724,39.9
JP,21,14.73080603116308,15.597471243549123,47.2
JP,63,29.887079390487294,31.06640246685788,47.2
JP,21,-5.291010918916806,-4.102564332100534,45.1
JP,63,-37.28269355844054,-34.02346115654165,45.1
JP,21,14.407023618800574,10.172504503552581,45.5
JP,63,26.479595864736183,22.553740343602556,45.5
JP,21,-8.05540309418541,-3.2377023474529754,47.2
JP,63,-15.528130208929202,-8.22421909898603,47.2
JP,21,-8.89854922976313,-9.99557616085881,24.1
JP,63,-5.195542640656314,-8.907536523501358,24.1
JP,21,-10.192740791812282,-6.3064839880246355,42.5
JP,63,-15.404161587931286,-10.009135562284987,42.5
JP,21,7.755862803336577,9.891063983004466,50.6
JP,63,5.465651620757761,8.850408666979748,50.6
JP,21,8.204958255876793,9.6679488896676,46.7
JP,63,19.168758410030584,15.51684844717336,46.7
JP,21,-6.069751133032875,-4.89652873905897,39.6
JP,63,21.775645755533635,24.125708048955353,39.6
JP,21,19.952246540867115,20.394384894489892,44.0
JP,63,16.503036800757663,17.59246702626088,44.0
JP,21,6.80412480963315,5.843539725171865,37.6
JP,63,33.487977337593364,27.540055317867292,37.6
JP,21,2.703274875469619,2.4151495475748463,43.0
JP,63,-3.67647296479483,1.7761751653228357,43.0
JP,21,-3.611812488790622,-1.9008334462568,35.2
JP,63,-0.8200128416420371,3.9931665763920376,35.2
JP,21,1.6978985972530225,-0.4570620962877747,29.9
JP,63,8.136197907532704,8.642337796279753,29.9
JP,21,2.7950441065260456,-1.7500976759542652,44.5
JP,63,3.899878034236437,4.074165445820743,44.5
JP,21,-9.146344977034659,-5.8844853843629465,35.8
JP,63,-15.701215434546612,-7.107716987412916,35.8
JP,21,-5.907000188676603,-5.7011854204449985,34.1
JP,63,-24.263436205639632,-27.722554023385005,34.1
JP,21,6.522581237658054,7.537973590358693,34.2
JP,63,16.56241063846735,18.550615214482857,34.2
JP,21,-11.810174366349091,-9.794502298329133,46.5
JP,63,-10.713643717418664,-11.241655048181453,46.5
JP,21,8.057650891670054,8.88184993653951,36.8
JP,63,24.30025235599409,31.018140937438197,36.8
JP,21,0.8937817616960109,1.3076156118548732,34.0
JP,63,6.5658170700844565,37.73461257273502,34.0
JP,21,-0.6465056968086857,3.907343988343725,41.0
JP,63,-9.487272229829758,-3.6214581372209675,41.0
JP,21,12.320591055456308,11.301490277576475,39.2
JP,63,6.996480852055176,4.93688092430522,39.2
JP,21,4.551723757573578,2.7817145828508805,43.3
JP,63,9.413797213091769,14.069284906988777,43.3
JP,21,4.011628604418593,4.03418483787984,39.3
JP,63,13.139536749167835,13.242864691273015,39.3
JP,21,-3.5930862208510272,-4.693836874843649,28.5
JP,63,-11.527498215936971,-9.688077547871055,28.5
JP,21,-0.9624060150375979,-1.2802440892871192,37.3
JP,63,-0.9624060150375979,-1.2802440892871192,37.3
JP,21,1.3181070043481569,-1.2693162641935984,46.8
JP,63,0.07976497408370697,7.1704152705319935,46.8
JP,21,3.4995315294158003,5.011296046528646,57.2
JP,63,6.184095484824237,5.644650958523023,57.2
JP,21,-5.548110692974994,-5.347829214081423,46.2
JP,63,-1.7189275927369407,-1.6169240625919845,46.2
JP,21,-3.5035743423366017,-5.803671305398261,39.3
JP,63,-6.25215439218858,-6.446042419530529,39.3
JP,21,5.633801490366874,4.572196230522496,43.3
JP,63,6.018662807065378,7.5918354229126965,43.3
JP,21,0.9574635065138892,2.9731355745338472,35.8
JP,63,4.724533040339041,4.196521709576251,35.8
JP,21,0.0,3.0425238102602448,39.0
JP,63,-24.56141261750211,-19.440224850100098,39.0
JP,21,0.9164714358386394,3.8567745226523953,51.3
JP,63,-11.914480862829645,-1.5317860255416367,51.3
JP,21,-14.402170103448974,-12.930342886348555,42.3
JP,63,-0.4076060366712375,-0.3602688037937951,42.3
JP,21,0.896855088388615,-1.9717705842763333,37.9
JP,63,-9.258540866548625,-8.951695648054091,37.9
JP,21,1.5755363266416467,2.328998532998927,48.7
JP,63,8.24838899627065,17.35048816899881,48.7
JP,21,11.56316452180366,10.43368430742251,51.0
JP,63,24.844274399207443,25.348722718793724,51.0
JP,21,-2.391498952647342,-4.896503463627022,50.3
JP,63,10.75154374323979,10.807563878394301,50.3
JP,21,-11.81041023098457,-12.742619480013072,42.7
JP,63,-26.981354582063013,-32.32885135447952,42.7
JP,21,-10.281690140845068,-7.303635222183647,45.7
JP,63,-15.305164319248831,-13.502528453005013,45.7
JP,21,3.2601725521342884,3.457786175872213,40.8
JP,63,5.745642659861372,5.617278832635986,40.8
JP,21,7.182310765183009,5.375330557841496,29.7
JP,63,-2.151793034364613,-4.785986281591059,29.7
JP,21,-0.4385933669482811,-1.8762463925733663,57.4
JP,63,30.345408886224632,28.339307742525175,57.4
JP,21,10.090371888892102,6.573831722526791,29.3
JP,63,-11.559789677284705,-15.116757217831745,29.3
JP,21,-1.249323817978687,-1.9132840983202115,41.8
JP,63,7.7494038971383405,3.790295237384278,41.8
JP,21,-6.960510785450403,-2.8006664048289336,49.0
JP,63,-16.805369241955493,-11.06354154354603,49.0
JP,21,4.225345800248359,4.931346263445679,44.7
JP,63,22.253510902697336,25.23473627389806,44.7
JP,21,4.413479037464851,5.309517218132931,51.8
JP,63,7.723588315563479,7.785362650559358,51.8
JP,21,9.37869695355429,5.942093323554155,35.4
JP,63,12.179166678929754,9.575448617624627,35.4
JP,21,2.1132246084164974,-2.549659253236314,49.5
JP,63,8.045748025389067,7.571704639833766,49.5
JP,21,11.397121083827265,14.379443520636958,40.9
JP,63,35.27519051651142,38.791877012889245,40.9
JP,21,4.541559577366128,2.33972855068747,42.1
JP,63,3.539431407712579,8.22709654777526,42.1
JP,21,-3.5772379594119497,-2.615471001305758,49.3
JP,63,13.008126201043325,9.495391783972675,49.3
JP,21,3.1330158753326787,2.046274952849636,43.2
JP,63,7.313998800050281,5.515840362959334,43.2
JP,21,12.563107420592834,11.523807059529357,38.2
JP,63,21.650484534214165,15.700789389368964,38.2
JP,21,-5.176065660577178,-2.9947592870616213,40.2
JP,63,5.6261583267143145,7.7529364219853125,40.2
JP,21,1.467143496236889,2.7936285495850144,28.9
JP,63,-17.350631478216748,5.195609440651516,28.9
JP,21,-11.59570338151632,-9.081847574358136,29.1
JP,63,-19.78878100666237,-15.01007629766433,29.1
JP,21,-18.463578355409606,-16.591940635482608,43.9
JP,63,-19.462393368076857,-14.966120061480435,43.9
JP,21,13.27604929052204,12.962540215133522,42.5
JP,63,-3.550974816305952,2.0346126136810305,42.5
JP,21,-6.620904374931902,-4.940111607027465,46.6
JP,63,-2.1013830388413424,0.8756100028439406,46.6
JP,21,-10.811510322654062,-13.939272478150833,36.9
JP,63,-22.260824826539295,-24.412425939879636,36.9
JP,21,26.379066478076375,28.607056786578678,43.1
JP,63,40.523338048090515,42.24847121881072,43.1
JP,21,-12.610282932765438,-12.776161436785472,42.5
JP,63,-12.610282932765438,-12.776161436785472,42.5
KR,21,-6.423355758080406,0.34491234875856414,34.5
KR,63,-10.948902478600553,-0.3418166273992842,34.5
KR,21,-16.27393713404818,-9.537182376254574,39.4
KR,63,-14.948456887623996,-2.0020498279197287,39.4
KR,21,-6.640000618280018,-5.506924879815623,46.3
KR,63,-9.679996737693264,-4.661158803784149,46.3
KR,21,34.68991903524979,40.094007518062725,31.9
KR,63,122.8682267013006,131.45510352452973,31.9
KR,21,29.44444684644376,28.16007440333148,42.7
KR,63,76.41178401029964,84.59459521312834,42.7
KR,21,5.667059696155707,6.7834379236430316,33.3
KR,63,-3.187723295419287,12.089944781845473,33.3
KR,21,5.121293642534552,10.852549056503157,40.1
KR,63,35.759206184024464,47.268051986503735,40.1
KR,21,3.0000000000000027,14.417319420045093,40.7
KR,63,-7.874999999999998,27.183139963592737,40.7
KR,21,16.685592007474305,15.415885231259631,41.3
KR,63,26.44721267282324,31.913411571511954,41.3
KR,21,6.0162610451011345,10.578507103324753,31.6
KR,63,62.4390226771566,73.72499017603012,31.6
KR,21,0.0,-0.8309406941929831,27.7
KR,63,15.425531512717816,18.64362365626102,27.7
KR,21,5.775075125912199,6.757146554798432,41.9
KR,63,5.167169704336239,12.380589112119566,41.9
KR,21,13.176710929519908,21.700009694408184,41.9
KR,63,22.982635342185898,57.88771771801605,41.9
KR,21,-5.084749440843773,1.0998555879461298,37.3
KR,63,-7.85824975235454,3.0946248409469472,37.3
KR,21,-2.4285735393653862,3.729630423122132,49.2
KR,63,-14.714280010650981,8.244986744066786,49.2
KR,21,3.333329939638041,8.259409968004139,47.7
KR,63,-13.548386713615045,-1.4850747508557074,47.7
KR,21,29.868707819259722,29.648257204901476,38.7
KR,63,36.90865384034334,47.1267276457762,38.7
KR,21,11.550888529886905,13.318207621162603,40.7
KR,63,-25.444264943457185,6.312956967760819,40.7
KR,21,5.391309592068816,7.210861221775266,40.3
KR,63,3.826089005255384,18.442081523273657,40.3
KR,21,78.80794701986756,76.25507706120068,40.2
KR,63,23.399558498896255,54.18605276471643,40.2
KR,21,2.830189542804007,6.526126365074347,39.8
KR,63,-1.8867902546806925,8.45211351505626,39.8
KR,21,-8.874799016265221,-7.616708923521964,45.7
KR,63,16.21764532100467,19.910844442079103,45.7
KR,21,19.999999999999996,20.180981373236573,45.3
KR,63,12.88775384383889,21.98368106678338,45.3
KR,21,-18.266978922716625,-5.74152292241331,45.7
KR,63,-38.220140515222475,-2.466650005680698,45.7
KR,21,-12.568306010928964,0.5427985522542862,31.9
KR,63,-27.759562841530048,-9.757400731056762,31.9
KR,21,-6.813999870257426,-4.386310347915634,52.2
KR,63,-8.103131205281489,7.782938378003244,52.2
KR,21,1.8242122719734688,2.7889667184170186,43.9
KR,63,1.8242122719734688,13.578272566747241,43.9
KR,21,-8.649468892261003,0.9821142679373285,48.6
KR,63,16.388467374810322,36.117777507942975,48.6
KR,21,20.389805097451273,35.71873868371553,46.3
KR,63,13.64317841079461,41.80054696520219,46.3
KR,21,-10.016156938936316,-8.758066846193058,39.3
KR,63,5.169625466621652,8.862824587696084,39.3
KR,21,-12.207352477410504,-2.1940753005933225,43.9
KR,63,-9.468520933748925,4.417208300127163,43.9
KR,21,-25.28548123980424,-6.624210794740094,48.0
KR,63,-22.838499184339312,12.50561414280181,48.0
KR,21,-4.704102347334372,3.180386630992338,39.6
KR,63,-11.38087586971066,7.509111556446857,39.6
KR,21,5.532787840149633,12.628222125915446,37.9
KR,63,-5.942624302098521,10.92043671632076,37.9
KR,21,15.525115806251488,20.92920428906443,40.7
KR,63,-17.249533045330466,-8.662656222101326,40.7
KR,21,-5.655837060129776,2.2538771620056908,46.8
KR,63,9.626953830025343,18.427214930299108,46.8
KR,21,14.4880174291939,16.255336520469598,41.2
KR,63,8.169934640522868,39.92715655174087,41.2
KR,21,-4.334362674418834,0.6401336718276252,40.6
KR,63,0.3095903845143466,19.61957217716579,40.6
KR,21,7.743974766252926,10.868785017679972,50.9
KR,63,0.4576902807826633,12.03799959583769,50.9
KR,21,13.364055565311839,12.079683122199558,37.0
KR,63,15.1146518286418,23.2974630314705,37.0
KR,21,-7.675906183368875,7.092486842567691,48.3
KR,63,-38.50746268656716,-3.2539450135270016,48.3
KR,21,10.078376473687412,9.247435779494428,46.0
KR,63,16.01343653539058,19.231528678933785,46.0
KR,21,-1.1065020103736112,2.3948816796744765,32.3
KR,63,-8.298759263776967,8.931270757720698,32.3
KR,21,-7.193226937090758,-4.1578632995482145,42.1
KR,63,-10.719324929456576,-1.143858649657492,42.1
KR,21,15.323645970937916,17.090965062213613,45.8
KR,63,-29.194187582562748,2.563034328655256,45.8
KR,21,-6.847882610815592,-1.8014465931080021,35.2
KR,63,31.207523874700005,43.26931836072694,35.2
KR,21,27.08333039870825,26.8063661755735,41.6
KR,63,84.89583130498953,89.22735330868457,41.6
KR,21,27.41702836940476,30.77281316908145,40.9
KR,63,62.305137999147966,94.49183602220268,40.9
KR,21,23.786407253226272,25.949028017195577,44.9
KR,63,45.38835285402924,51.881683000722234,44.9
KR,21,7.785888077858871,13.032619494636577,42.0
KR,63,-14.78102189781022,-3.707758604839084,42.0
KR,21,0.4126547455295837,3.3109623379381503,40.9
KR,63,14.1678129298487,25.34160105218173,40.9
KR,21,15.608180839612483,19.124556777911096,36.5
KR,63,-6.458557588805169,3.795851392613381,36.5
KR,21,-23.905109489051092,-19.09949525835443,49.6
KR,63,-13.777372262773724,-0.1557469789417283,49.6
KR,21,27.348643006263053,26.06427056315077,33.6
KR,63,31.941544885177443,40.12435608800614,33.6
KR,21,-18.388791593695274,-3.6203985677587074,51.8
KR,63,-35.464098073555164,-0.21058040051500626,51.8
KR,21,-2.0926630260187484,3.6820746672705957,32.5
KR,63,-12.406571866260297,-2.0364428032248583,32.5
KR,21,-3.935856786966785,-4.8939596829887915,41.8
KR,63,-20.116619728690466,-14.420402508442177,41.8
KR,21,-0.3184735140750239,1.5535686364288481,46.2
KR,63,19.904455414593937,29.69067297027629,46.2
KR,21,30.165914851323006,35.2302877606285,44.2
KR,63,6.938159336901628,18.472704128060833,44.2
KR,21,0.46641302618941616,2.4020551877661833,49.0
KR,63,25.044577120868805,40.701075688425874,49.0
KR,21,16.56565656565656,21.763663501300012,42.0
KR,63,-6.161616161616157,25.328660708965963,42.0
KR,21,-1.8702767265708409,-0.050725096864390196,37.7
KR,63,-12.057470979921337,2.558521538096935,37.7
KR,21,12.6033051062318,18.334560520200405,45.2
KR,63,72.30846816988938,83.81731397236865,45.2
KR,21,27.16535722336484,28.93267631464054,38.8
KR,63,-12.276385201752271,19.480836709465734,38.8
KR,21,12.915162236692668,18.131364557961994,35.5
KR,63,41.519773203240874,50.86992532967661,35.5
KR,21,40.04025560880071,46.79918732040297,43.4
KR,63,50.96897364227111,68.00948732896349,43.4
KR,21,13.40579663777186,17.411911607868944,50.1
KR,63,0.8237166932059559,12.649003186064789,50.1
KR,21,-7.066060538697505,0.5768013628940754,38.9
KR,63,13.069639227184894,21.755610881936327,38.9
KR,21,30.517709726705178,33.87349452638186,43.5
KR,63,-16.931196159128426,15.255501863926291,43.5
KR,21,11.302201895997666,15.626958613772201,24.9
KR,63,23.832935856380733,32.709762104774974,24.9
KR,21,10.989024349470068,12.411558607230345,39.5
KR,63,-0.7325881143893875,11.059266816971626,39.5
KR,21,-13.31908757671817,-11.719149445191736,34.0
KR,63,22.36467978837391,27.824251377091926,34.0
KR,21,4.8397234443746,6.491483988311275,33.1
KR,63,4.8397234443746,6.491483988311275,33.1
KR,21,-8.994707035194704,-3.060569710173044,40.9
KR,63,3.7037059366386016,20.988424726400456,40.9
KR,21,-2.6369205832583953,4.646690425832111,46.0
KR,63,12.576064324687009,22.482001182873766,46.0
KR,21,14.251207177339209,15.126383295044887,40.3
KR,63,30.687699827908553,46.375083912269,40.3
KR,21,8.302357408631966,7.269105092129946,37.8
KR,63,6.195793047596898,10.747770061125262,37.8
KR,21,4.995713576093053,14.627296736291385,47.0
KR,63,50.334771711224136,70.06408184435679,47.0
KR,21,17.061356297093646,25.076881258672604,47.0
KR,63,53.39074273412272,65.97919731003073,47.0
KR,21,25.66666666666666,24.939072669886066,36.2
KR,63,59.5,68.40945733006848,36.2
KR,21,4.8543587512456465,6.476743110934446,38.3
KR,63,-9.805811311653468,-1.5019219615384323,38.3
KR,21,0.9090927054683062,4.324167422619174,42.4
KR,63,-2.4999914672073964,7.482270631320299,42.4
KR,21,62.474634461283806,66.76272469162792,44.8
KR,63,152.41687069455202,169.02595404021318,44.8
KR,21,8.163265306122458,7.130012989620438,31.3
KR,63,55.61224489795917,60.16422191148754,31.3
KR,21,-4.7863247863247915,-1.6615145348977456,52.6
KR,63,-22.564102564102562,-10.614867039649978,52.6
KR,21,7.802874743326482,13.02606077160392,41.0
KR,63,-10.061601642710471,2.4764039093731824,41.0
KR,21,-22.165354330708663,-12.057660168342986,41.1
KR,63,-21.732283464566926,-8.960693031668809,41.1
KR,21,-10.049261083743843,-5.151418769940042,39.2
KR,63,23.152709359605915,55.10798435097595,39.2
KR,21,6.969030490341499,7.636821345283396,45.5
KR,63,2.4336341202581435,12.05807483735628,45.5
KR,21,3.571435020315805,7.837613085410355,36.2
KR,63,-22.004606672307638,-6.345337379277861,36.2
KR,21,-6.380952380952376,-1.334516363244786,33.9
KR,63,-14.28571428571429,-2.2239197996873568,33.9
KR,21,27.47701736465782,30.832802164334506,48.9
KR,63,-3.5750766087844776,28.61162141427024,48.9
KR,21,3.191492453592426,10.522190309220692,44.9
KR,63,-12.234041194633626,11.70278672440788,44.9
KR,21,-15.400410677618071,-10.072485346941408,22.6
KR,63,-7.597535934291577,1.1259730384997058,22.6
KR,21,-4.665314401622722,1.8292906451284452,46.4
KR,63,-15.415821501014204,3.5641231586790454,46.4
KR,21,-0.6688963210702337,6.067858436723372,44.4
KR,63,11.705685618729088,24.652092678433355,44.4
KR,21,10.74765144317289,16.796512492474704,29.7
KR,63,42.99064421721679,53.77191658524774,29.7
KR,21,-15.67567861827186,-16.403272615052455,43.1
KR,63,-10.032542916117059,-1.1230855860485764,43.1
KR,21,21.694480102695767,23.461799193971466,33.5
KR,63,-12.323491655969187,19.43373025524882,33.5
KR,21,-6.686617969231079,-4.970770831212901,34.3
KR,63,-11.077842907301116,-5.817578313032811,34.3
KR,21,-17.601246105919,-9.95838420432742,36.1
KR,63,-9.657320872274145,-0.971349217522711,36.1
KR,21,41.015089163237306,50.8527440140371,47.8
KR,63,11.960465963648836,28.342037054194456,47.8
KR,21,5.3724053724053755,10.570412308048827,38.6
KR,63,-24.786324786324787,6.703952084257335,38.6
KR,21,3.2374093044169605,16.983368558248035,45.9
KR,63,-20.143896711978837,-0.7096671287349707,45.9
KR,21,9.98961260483069,18.004713279606744,20.7
KR,63,-7.284070109450347,9.849228510199037,20.7
KR,21,-1.7418101616264225,1.2935534759161205,42.6
KR,63,6.045076407917116,15.620542687716199,42.6
KR,21,1.3088935512507005,5.0118415816284845,46.5
KR,63,57.10347065883457,70.74533809311075,46.5
KR,21,11.41360065434216,17.60284747716342,44.1
KR,63,27.120405543720437,46.691612389094445,44.1
KR,21,-10.966559104463357,-6.525770316079914,35.3
KR,63,-8.921934431190149,9.651793650482908,35.3
KR,21,-3.5962174024751548,-1.8288983111994561,38.3
KR,63,-35.09504381005391,-3.337821898835905,38.3
KR,21,5.116956542135975,4.158853646113969,30.8
KR,63,-4.093569773653494,1.4027406479286135,30.8
KR,21,-0.7112351342264178,1.1083164954800329,40.7
KR,63,-11.806541510937352,2.80945100708092,40.7
KR,21,0.5549389567147678,6.415873694482144,51.1
KR,63,-1.6648168701442811,9.015205384068402,51.1
KR,21,20.037105751391458,18.43682815785361,36.0
KR,63,-12.059369202226344,18.187865687469483,36.0
KR,21,15.127944894610224,15.679431651933129,48.3
KR,63,10.497397308069822,19.6831217179694,48.3
KR,21,18.26346982240301,23.657023092629046,45.8
KR,63,30.389213583537877,41.457124002252066,45.8
KR,21,13.108320251177386,16.978470775808454,41.1
KR,63,13.108320251177386,16.978470775808454,41.1
KR,21,-0.22321341517481663,3.3874462703660457,36.4
KR,63,1.3392878495712024,17.7226273327609,36.4
KR,21,15.49815035890878,25.881876892217292,32.7
KR,63,287.5129159372574,311.09455205045396,32.7
KR,21,18.333324054142007,24.064579468110615,48.7
KR,63,3.194443489233567,14.70328929171284,48.7
KR,21,-5.6603746651794795,2.3547260095965745,29.9
KR,63,-15.451298643544531,1.6819999761048532,29.9
KR,21,1.3751819970926116,11.006765157290943,41.6
KR,63,-2.952103949066265,16.777206184066387,41.6
KR,21,-8.406466512702082,-3.2084595770586306,41.3
KR,63,-7.159353348729791,24.33092352185233,41.3
KR,21,-9.480812641083524,3.64494944415884,40.4
KR,63,-7.44920993227991,7.701697587248191,40.4
KR,21,15.204677325068229,17.139050062493713,41.1
KR,63,7.251464374565275,21.967312683459504,41.1
KR,21,0.9328374506608395,8.216448459751346,36.9
KR,63,63.059702100246405,72.96563895843316,36.9
KR,21,-5.978898007033995,6.54655799326932,41.1
KR,63,-32.00468933177022,3.748801177771554,41.1
KR,21,-12.299091528174221,-4.970538907220534,32.3
KR,63,-8.106223104452525,8.943848492902816,32.3
KR,21,0.49709977544361017,3.0386994249247845,41.8
KR,63,23.502071363928636,29.587133098224008,41.8
KR,21,14.934565050038495,16.701884141314196,39.4
KR,63,-9.622786759045422,22.134435152172582,39.4
KR,21,14.590741486765356,17.973122179721265,40.8
KR,63,23.487536181197676,38.80134264919334,40.8
KR,21,1.9120458891013437,7.3775309369755515,41.4
KR,63,-13.479923518164439,3.541014454965742,41.4
KR,21,-3.1609195402298895,-1.2888773897260175,39.5
KR,63,-2.1072796934865856,7.470431431276703,39.5
KR,21,2.5936599423631135,7.816845970640551,39.0
KR,63,1.056676272814605,13.59468182489826,39.0
KR,21,-2.067183462532296,-3.3515559056445765,41.5
KR,63,7.407407407407418,15.590218610236118,41.5
KR,21,62.64308012486992,64.41039921614562,34.2
KR,63,-8.42872008324662,23.328501827971383,34.2
KR,21,12.949632498318131,16.678643422196004,40.1
KR,63,19.280567985763962,32.19405210874052,40.1
KR,21,22.95081967213115,35.47627567243447,40.0
KR,63,20.140515222482435,55.89400573202421,40.0
KR,21,11.09826523621782,11.763293532698782,42.9
KR,63,19.537564067612134,29.715340237565734,42.9
KR,21,-5.174130837915336,-0.446409088505928,48.6
KR,63,-13.43283750519807,-1.8982927140388632,48.6
KR,21,27.27404230417998,31.743466833152922,36.5
KR,63,46.59617413913799,59.77235837463384,36.5
KR,21,0.8849508975331988,13.471559272513357,46.1
KR,63,18.938047251071886,37.34844784149893,46.1
KR,21,1.8054122745162493,7.114877555332677,56.1
KR,63,12.337011556650545,23.846625325236236,56.1
KR,21,10.317458579129024,11.514218296617717,51.7
KR,63,10.941693343967751,23.159185246057845,51.7
KR,21,-0.34965034965035446,-1.949927943188201,38.6
KR,63,-13.111888111888115,17.13534677780771,38.6
KR,21,17.910452254982268,23.641707668950872,43.1
KR,63,40.537894257960374,52.046740060439646,43.1
KR,21,-19.6078431372549,-4.8394501113183335,32.1
KR,63,-23.638344226579523,11.615173446460634,32.1
KR,21,4.067000049480685,6.229620813449987,34.7
KR,63,5.502393428964081,11.99572357565707,34.7
KR,21,-5.740182600491761,3.241293290524827,50.0
KR,63,-7.3514500450223,13.359233893908762,50.0
KR,21,2.0969835630817,7.083327304159814,48.3
KR,63,4.718215711634288,17.28827421227586,48.3
KR,21,29.501915708812266,31.269234800087965,45.3
KR,63,4.214559386973171,35.971781298191175,45.3
KR,21,-1.232394366197187,2.3476014057188244,46.0
KR,63,-1.6962318536941412,9.026982693163443,46.0
KR,21,-6.204987952974217,0.0016460601371726113,41.5
KR,63,-0.07050992356822938,7.8539376417317674,41.5
KR,21,1.1198208286674172,11.60348881910549,38.3
KR,63,7.222844344904811,42.43110342447203,38.3
KR,21,2.482406866213438,3.0229712273049603,36.4
KR,63,-1.58205924877719,2.6037436357701065,36.4
KR,21,-9.792952231463193,-6.410571538507282,33.9
KR,63,-10.903201339541779,4.4106051284538825,33.9
KR,21,-6.231454005934722,1.233524500458472,34.0
KR,63,-6.676557863501486,5.158326586613949,34.0
KR,21,14.369501466275668,20.100756880244276,32.2
KR,63,-8.211143695014666,3.297702107464607,32.2
KR,21,33.23529411764705,31.95092167453477,28.7
KR,63,25.294117647058822,33.47692884988752,28.7
KR,21,4.6875,19.455893025936568,43.0
KR,63,-11.899038461538458,23.354479211501697,43.0
KR,21,14.482744093596157,19.75193231658372,43.3
KR,63,46.89654314336769,66.49398860904535,43.3
KR,21,-3.969754253308133,4.045770708270824,52.6
KR,63,3.969754253308122,16.558208829216138,52.6
KR,21,42.38921001926783,48.12046543323643,33.1
KR,63,30.0578034682081,41.56664927068737,33.1
KR,21,28.823529411764714,27.85752657458862,35.3
KR,63,55.58823529411765,64.49769262418613,35.3
KR,21,2.088771777692866,2.3002223827038537,29.2
KR,63,0.13055188917396876,9.753815760020878,29.2
KR,21,4.9711022584175035,5.070116051129436,22.8
KR,63,26.5895916327336,30.684709998584893,22.8
KR,21,2.573526457036479,0.4726483058981046,32.8
KR,63,55.514708382507585,58.08469121442951,32.8
KR,21,16.0686498258531,23.23096197947935,38.9
KR,63,-9.672385299374152,9.629953201061571,38.9
KR,21,-16.66666777694026,-9.398354990993651,38.6
KR,63,-7.909466958757438,1.6973210546947346,38.6
KR,21,26.16984402079723,29.076389080205235,37.4
KR,63,88.21490467937609,98.26721205749635,37.4
KR,21,-2.2140209292552226,3.1139044014214408,35.5
KR,63,-2.2140209292552226,6.50948804353606,35.5
KR,21,11.52814995224225,16.255871701651657,54.1
KR,63,30.29490627984861,41.82945107100782,54.1
KR,21,46.278317152103554,48.04563624337925,37.2
KR,63,16.828478964401295,48.585700875619295,37.2
KR,21,-10.00000552256437,-9.900991729852437,37.3
KR,63,-16.250002070961635,-12.154883705110343,37.3
KR,21,0.5383601048630116,8.46382431133783,34.3
KR,63,29.20592568349578,49.136396662987465,34.3
KR,21,1.091703056768556,8.300494432991268,29.5
KR,63,9.606986899563319,20.536501655785003,29.5
KR,21,-8.747855917667236,-3.8500136038634345,45.8
KR,63,-39.451114922813034,-7.495839931443001,45.8
KR,21,-12.154028808290684,-0.37925132749684387,48.0
KR,63,-32.731650394054704,-13.100285222705047,48.0
KR,21,-4.980853512828832,2.505189684964237,30.8
KR,63,-15.038326527540313,2.086335273123453,30.8
KR,21,3.46020672986469,7.250873034967286,37.6
KR,63,6.343714362443231,15.762474502752521,37.6
KR,21,-12.16666666666667,-0.694235748785788,31.8
KR,63,-11.833333333333329,1.1013610411522716,31.8
KR,21,-1.2867657781606812,5.200770470642157,39.5
KR,63,-0.40490349348767385,10.588279330468154,39.5
KR,21,-11.028144744399771,-5.83013780875632,52.8
KR,63,-18.437679494543367,13.052597376038754,52.8
KR,21,-4.810118968878574,0.45699315682660124,33.6
KR,63,6.835441605596793,16.979572807425626,33.6
KR,21,17.72151377009399,17.33355822852214,33.7
KR,63,106.32911696744517,111.1698212229773,33.7
KR,21,-2.8475711892797295,5.167529485496324,46.2
KR,63,-7.258514796203242,9.874783823446142,46.2
KR,21,12.339930151338763,13.561079255311359,48.3
KR,63,16.41443538998837,30.949078728067537,48.3
KR,21,-15.830945558739252,-5.447219025430739,41.7
KR,63,1.2177650429799458,24.799401156176504,41.7
KR,21,4.128819157720898,5.896138248996596,40.9
KR,63,-14.45086705202312,17.306354859194883,40.9
KR,21,2.4018812532185407,6.668059318313091,34.0
KR,63,-15.99296893901635,-0.33369964598657376,34.0
KR,21,-14.86284289276808,-5.025188041968287,47.7
KR,63,-26.13466334164588,-9.75309225110026,47.7
KR,21,-4.095573739161917,-1.7265481500484126,35.7
KR,63,-7.364838359250836,2.551596869049799,35.7
KR,21,15.130432776450276,16.35158188042287,51.6
KR,63,20.500676762591375,35.035320100670546,51.6
KR,21,66.95906432748538,68.72638341876107,40.2
KR,63,70.46783625730994,102.22505816852794,40.2
KR,21,-2.9565173513641296,1.9990935800482506,44.6
KR,63,-15.304350987010707,-2.1543581935493563,44.6
KR,21,-6.549770998406112,4.856520744333071,38.5
KR,63,-15.224107633939454,5.650864450568637,38.5
KR,21,14.583337407176833,21.8517478817612,42.3
KR,63,23.55769730516024,35.07435807956071,42.3
KR,21,11.30653760950031,16.030067145046022,32.0
KR,63,1.005033274668543,17.76084012979441,32.0
KR,21,19.093076816347377,20.555540098229876,47.4
KR,63,12.649159245712127,22.45377855533458,47.4
KR,21,-2.732238865584502,2.5084167110202116,46.3
KR,63,-5.282330390783607,4.592241988813329,46.3
KR,21,-5.624453464303358,-2.717908404895353,42.7
KR,63,-18.41799513613649,-8.365687758016229,42.7
KR,21,-14.95726495726496,1.952445359950639,32.2
KR,63,-11.538461538461542,8.971869730985505,32.2
KR,21,-17.786561264822133,-5.261105264518818,34.1
KR,63,-29.841897233201585,5.9115932763401915,34.1
KR,21,6.520341847299815,8.125820903204916,37.4
KR,63,6.843129831248884,16.371664857271018,37.4
KR,21,-7.445655129651896,-0.7155414301958212,33.8
KR,63,-28.12482519685474,-11.544950371946904,33.8
KR,21,-5.600000000000005,-2.342792162770291,40.3
KR,63,-12.26666666666667,0.22598101115581848,40.3
KR,21,-3.429348703108326,2.3453889901810183,31.3
KR,63,4.93828220638588,15.308411269421319,31.3
KR,21,0.3787912615942579,1.856077577595805,50.4
KR,63,10.606062939030526,25.873802805864997,50.4
KR,21,-9.806453933840986,-5.518363703496865,43.8
KR,63,-23.34153559552522,-6.73245224986406,43.8
KR,21,-21.162280701754387,-9.755988959015204,40.5
KR,63,-19.07894736842105,1.7960247160870395,40.5
KR,21,-11.651728553137009,9.338416444554841,37.8
KR,63,-16.133162612035857,19.080464566421394,37.8
KR,21,-13.387423935091281,-14.115017931871876,47.7
KR,63,8.656874636876054,17.56633196694454,47.7
KR,21,-0.16529277398497078,5.144172506831456,45.4
KR,63,-7.768598655340176,3.741015113245515,45.4
KR,21,2.9959636960891878,5.387558158582106,39.5
KR,63,131.08068777968725,145.24729646077162,39.5
KR,21,9.25607187595272,8.545843603910331,33.4
KR,63,-5.709328724503571,-0.7118533539788316,33.4
KR,21,-6.090265680384799,-4.485655520733656,54.7
KR,63,21.805330744330575,34.39936954032361,54.7
KR,21,52.466364136437264,53.131392432918226,45.7
KR,63,100.0,110.1777761699536,45.7
KR,21,-3.122876684385101,0.1343311528446134,52.1
KR,63,-30.346230625097668,-17.85358294727518,52.1
KR,21,-7.170139728279268,-5.768836191145976,49.9
KR,63,-29.54451630659144,-12.984120894573337,49.9
KR,21,-2.76752196841219,3.281339080889623,31.3
KR,63,35.608858398846536,46.39013076687748,31.3
KR,21,8.96309522822143,7.693388452006756,42.6
KR,63,26.36203967773443,31.828238576423143,42.6
KR,21,13.290113452188002,14.691416989321294,33.8
KR,63,-2.593192868719607,13.967202543298496,33.8
KR,21,-0.22222222222222365,12.0932739337413,41.9
KR,63,-37.85185185185185,-2.7937118882591108,41.9
KR,21,-3.587450003054382,1.430955514793986,44.5
KR,63,17.71300625089085,28.740652560409895,44.5
KR,21,0.9451782691351385,5.666285280146954,44.2
KR,63,18.1474481989381,28.494593234300194,44.2
KR,21,25.00000358410246,24.034000746926363,36.2
KR,63,37.26252274650632,46.171980076574805,36.2
KR,21,-8.202439870875445,-1.1070055851096328,45.5
KR,63,-11.692847213476988,5.170213804942293,45.5
KR,21,-13.698629790869731,-11.270940268527939,28.6
KR,63,-37.89954326362325,-22.013473680338517,28.6
KR,21,7.951356407857801,12.714444638530043,28.9
KR,63,-0.6548175865294659,10.976913393864562,28.9
KR,21,-18.360655737704924,-15.294579902741546,40.8
KR,63,146.39344262295083,160.06280201446162,40.8
KR,21,-11.270125223613592,11.38544502876262,47.8
KR,63,-12.343470483005369,22.185311316788635,47.8
KR,21,-13.52502575000507,-15.920341934146576,34.5
KR,63,-14.057500008593271,-10.75042744387834,34.5
KR,21,-4.7937473811691556,0.2421663713869764,40.5
KR,63,-5.9085744028478215,3.1649046830359966,40.5
KR,21,33.624453908575624,37.63056887867271,45.6
KR,63,21.397376014353718,33.22266250721255,45.6
KR,21,-19.22580793874278,-7.767498325528356,37.4
KR,63,-4.6812588859118875,21.582849703374485,37.4
KR,21,22.93178519593615,24.69910428721185,45.0
KR,63,-24.38316400580551,7.374057905412492,45.0
KR,21,8.211119416296597,11.132493718808345,34.6
KR,63,23.90025856200819,30.666652273685287,34.6
KR,21,10.302186811565095,15.695740081791133,42.3
KR,63,9.46231843987646,20.530228858590647,42.3
KR,21,1.2671910286853771,3.034510119961076,42.1
KR,63,13.144207260444762,44.90142917166277,42.1
KR,21,1.023255813953483,12.966411486613438,43.8
KR,63,-3.0697674418604604,12.28132065350761,43.8
KR,21,5.459571527297857,4.493568690121763,42.1
KR,63,36.903939184519686,45.81339651458817,42.1
KR,21,97.06840390879479,102.26641084443824,42.2
KR,63,16.742671009771982,48.232947880354104,42.2
KR,21,-0.7058801832439454,4.021841566165463,56.4
KR,63,-15.199997049211767,-3.665452258052561,56.4
KR,21,10.910028643261938,15.19811887360606,33.5
KR,63,9.456847950788516,26.065931296449676,33.5
KR,21,42.13869772366332,40.53842013012547,37.2
KR,63,3.5997882477501353,33.847023137445966,37.2
KR,21,-29.801324503311257,-16.675562418068893,42.2
KR,63,-29.359823399558493,-14.208915880030393,42.2
KR,21,-5.882356906994179,0.582270541857044,47.7
KR,63,-29.411770088063527,-5.474942169022022,47.7
KR,21,8.404383296420392,13.638017005406665,39.8
KR,63,12.667476967691972,25.183686742563417,39.8
KR,21,34.27592116538132,36.043240256657015,41.9
KR,63,59.04027420736932,90.79749611858733,41.9
KR,21,18.980892157866116,20.304762506277587,41.5
KR,63,22.131650699866334,27.527252813425985,41.5
KR,21,21.311475409836067,28.77645391622926,42.3
KR,63,34.42622950819671,46.26111395831215,42.3
KR,21,12.163416898792946,11.942966284434698,28.7
KR,63,61.002785515320326,71.22085932075319,28.7
KR,21,25.8752119294944,30.75018989771131,43.0
KR,63,31.05023999308363,40.24676768164767,43.0
KR,21,-11.084349306324459,-3.59830610853139,42.3
KR,63,8.915656794648473,26.04031859531224,42.3
KR,21,9.178742762901004,10.00787840291747,41.3
KR,63,-2.898550868451877,1.5596040877959183,41.3
KR,21,-30.66546762589928,-23.928712868105674,24.8
KR,63,-30.39568345323741,-17.449276393533143,24.8
KR,21,3.037974683544298,10.246766059767008,21.5
KR,63,2.278481012658218,13.2079957688799,21.5
KR,21,-13.904982618771722,-9.00714030496792,41.1
KR,63,-44.84356894553881,-12.88829395416878,41.1
KR,21,-18.73315060674221,-13.765897328276855,45.1
KR,63,-29.919132286517936,-21.672898805363673,45.1
KR,21,-17.09530642157555,-18.20886789795879,40.4
KR,63,-19.515890249640123,-14.48300164479468,40.4
KR,21,-5.4770476399390695,1.0175574068120978,37.0
KR,63,-19.081270661452542,-0.1013260017592934,37.0
KR,21,-4.25422982992859,-1.9673080432097696,39.0
KR,63,22.4991325558523,29.7125015116262,39.0
KR,21,0.2469120398948199,4.535002270238941,46.1
KR,63,-4.345679448445361,12.263403897215797,46.1
KR,21,-2.5608153596557326,3.9337896870954348,31.5
KR,63,-13.188215885654452,5.791728774038797,31.5
KR,21,10.726642449908553,15.712000114695124,42.4
KR,63,5.17013169366487,16.912464847379837,42.4
KR,21,9.375,11.65338904316866,38.3
KR,63,-11.562499999999998,2.7712513769206577,38.3
KR,21,18.644055668096083,20.806676432065387,45.4
KR,63,2.64829654573675,9.141626692429739,45.4
KR,21,2.5965425580512846,7.6609154673567765,48.9
KR,63,9.18774943810925,20.722294229268456,48.9
KR,21,45.48022758620816,45.661208959444735,47.7
KR,63,52.36141031354673,61.45733753649122,47.7
KR,21,7.14285714285714,5.542579549319293,41.6
KR,63,11.38392857142858,41.63116346112441,41.6
KR,21,-0.2296229677064554,5.098302362970208,28.5
KR,63,18.025249690633814,26.748758663425097,28.5
KR,21,16.349044589599494,20.672334652481673,45.5
KR,63,63.891668483555364,79.56321289018351,45.5
KR,21,-10.280372121030712,-1.961363556256435,51.1
KR,63,-15.700935427968766,2.484860600515205,51.1
KR,21,-16.483518163223053,-8.840656261631473,38.8
KR,63,-6.942912063593088,1.743059591158346,38.8
KR,21,6.610703382753091,9.038392905094883,48.8
KR,63,36.41134019969046,52.297409782975194,48.8
KR,21,-15.036897399780536,-9.727432118964108,38.9
KR,63,-22.878228739565188,-11.368614970979497,38.9
KR,21,21.809752076271316,22.684928193976994,35.3
KR,63,100.3400539462186,116.02743803057905,35.3
KR,21,-25.24950099800399,-12.123738912761628,41.8
KR,63,-30.33932135728543,-15.18841383775733,41.8
KR,21,-3.8554221278688683,1.2209014888743042,42.5
KR,63,-14.698788689929533,2.5081666330002292,42.5
KR,21,-13.665255064569592,-9.97651859213583,35.3
KR,63,30.296606212928047,39.899557636257526,35.3
KR,21,24.382210782553116,29.18782501324978,49.2
KR,63,20.26358666307706,33.88521194690905,49.2
KR,21,-6.550218340611358,5.975237659691957,39.5
KR,63,-14.934497816593883,20.818992692947894,39.5
KR,21,17.79526159018845,20.164287179301954,44.1
KR,63,-37.70583804005124,-27.789402811750605,44.1
KR,21,92.19601704813189,100.1214812546067,9.6
KR,63,78.58440236048104,98.51487333997272,9.6
KR,21,42.14501713829692,49.63106033608999,48.8
KR,63,62.839868927492645,79.9645307281564,48.8
KR,21,-1.8404964392178536,1.7394993326981578,42.3
KR,63,1.5337363707393914,12.256950917596974,42.3
KR,21,55.80588646372491,61.537141877693514,38.2
KR,63,60.48526351000785,71.99410931248713,38.2
KR,21,-16.580976863753214,-2.939906093437749,42.8
KR,63,-49.03598971722365,-13.915285341264436,42.8
KR,21,-2.530249626913894,2.3958304014522036,43.4
KR,63,2.631668858861036,14.694980821620373,43.4
KR,21,3.2610570577630282,8.45906399340648,43.1
KR,63,15.503782547031753,46.994059417613876,43.1
KR,21,5.8004640371229765,18.332552514747412,42.3
KR,63,2.5522041763341052,17.703111695862205,42.3
KR,21,63.565882256485985,68.53313553495134,24.3
KR,63,33.87596802799073,42.12220150914499,24.3
KR,21,15.190526045058593,19.009536093843657,35.3
KR,63,-18.1256457819443,-1.8234954019616403,35.3
KR,21,-18.11594202898551,-1.850938100349122,46.6
KR,63,-23.550724637681164,-12.557541813725337,46.6
KR,21,11.454850002755057,15.007363704910404,24.1
KR,63,20.0668799471031,36.25034724976673,24.1
KR,21,-10.0890190195012,-8.830928926757942,33.9
KR,63,16.468840127972072,20.162039249046504,33.9
KR,21,17.47936052048602,18.40896804950006,41.7
KR,63,10.627397377210368,19.763426807314598,41.7
KR,21,-15.190582959641253,1.0744209689951365,34.7
KR,63,79.09192825112108,90.0851110750769,34.7
KR,21,-11.21075756834864,-5.806669085535699,29.6
KR,63,16.591929628990055,25.178806452219195,29.6
KR,21,18.91892297068003,22.72460458231511,44.1
KR,63,97.74776280282092,119.8410369804774,44.1
KR,21,1.0427528675703845,3.8841315803184617,49.0
KR,63,14.28571428571428,25.98209101513266,49.0
KR,21,-25.798816568047332,-9.533812639410943,43.6
KR,63,67.2189349112426,78.21211773519843,43.6
KR,21,58.40807174887892,55.855201790212035,45.3
KR,63,20.403587443946194,51.19008170976637,45.3
KR,21,12.00828976682702,14.568235162943733,42.7
KR,63,11.59420481368716,17.006785672439197,42.7
KR,21,10.385756676557856,12.257798827061727,47.5
KR,63,3.857566765578646,13.643784321260998,47.5
KR,21,5.7758620689655205,11.507117482934127,38.4
KR,63,-9.13793103448276,2.3709147679965135,38.4
KR,21,-13.714733542319745,-2.308441799580562,45.4
KR,63,-4.623824451410663,16.25114763309743,45.4
KR,21,11.850649350649345,9.600926460196213,44.8
KR,63,-19.64285714285714,11.07873932105571,44.8
KR,21,2.4229009122097134,5.70051661838481,39.0
KR,63,7.819395272596541,18.428579825967883,39.0
KR,21,-12.635076100237864,-1.974885769840263,30.2
KR,63,-6.519528264604357,16.585347498199454,30.2
KR,21,17.2491854593352,24.751812133381378,28.9
KR,63,34.611046173248596,42.14184297628056,28.9
KR,21,-2.3470222117547346,2.876163816522703,44.7
KR,63,4.6622641991514335,17.200269751235087,44.7
KR,21,-3.284085897411937,1.9139210382315142,41.5
KR,63,15.550065796249957,47.040342666832075,41.5
KR,21,0.932400932400923,12.87555660506088,43.4
KR,63,2.7972027972027913,18.148290892570863,43.4
KR,21,-8.170463446974708,-3.3008837855120987,46.1
KR,63,47.14987554315084,60.17087382118034,46.1
KR,21,15.273132664437018,25.11078751523681,48.6
KR,63,28.65105908584169,45.032630176387315,48.6
KR,21,-8.548704171825927,-8.449690379113994,45.7
KR,63,-0.7952264412034449,3.299891924647847,45.7
KR,21,6.4220315481468,5.411933347481646,36.0
KR,63,12.945977137967258,30.6243700265082,36.0
KR,21,-3.7392127889900206,-0.48200495176030644,50.0
KR,63,-39.88494770401492,-27.39230002619243,50.0
KR,21,3.0942334739803012,2.017259556014417,36.5
KR,63,-23.347398030942333,-14.557566672575504,36.5
KR,21,-15.099335968193694,-7.768638112565428,52.8
KR,63,-30.5960238198402,-6.6591959007986965,52.8
KR,21,-13.19876957522358,-5.183668900447525,41.6
KR,63,-11.33541069549986,5.797887924149524,41.6
KR,21,14.724921229016141,16.44887268753137,44.0
KR,63,36.40777516961569,45.39823196507855,44.0
KR,21,8.091281977978838,12.345915868428849,44.1
KR,63,35.68464358739916,52.51867060638125,44.1
KR,21,16.379302914264326,23.7314264959122,51.0
KR,63,20.000002714788458,37.64569040421083,51.0
KR,21,8.011447219499601,14.329382051213447,28.9
KR,63,24.463516902622807,37.9522410657994,28.9
KR,21,19.89389456337214,24.456140621595758,31.5
KR,63,0.11094393785056056,11.396911436724078,31.5
KR,21,14.554973821989536,17.46151888139754,50.9
KR,63,20.6282722513089,30.68057962942916,50.9
KR,21,-15.000000000000002,-2.474543999696687,46.8
KR,63,-46.50943396226415,-10.75594345272237,46.8
KR,21,-3.9548165541781644,3.365332005004196,47.7
KR,63,-8.192093885297403,11.056023253508673,47.7
KR,21,-7.471978383809585,-2.2383446748233116,21.5
KR,63,6.10211701128851,18.618326786159955,21.5
KR,21,-0.6281472576670777,1.9134523918140967,38.0
KR,63,47.73868800132783,53.8237497356232,38.0
KR,21,-17.36242884250474,-0.667560036849725,51.2
KR,63,-21.631878557874764,13.632314019361708,51.2
KR,21,-7.7302631578947345,-8.999969934109409,40.9
KR,63,-16.776315789473685,-11.310116890784972,40.9
KR,21,-10.779436152570476,-3.9189394751167335,40.1
KR,63,-22.22222222222222,1.6061734582490814,40.1
KR,21,20.520965692503168,22.402782884098592,41.3
KR,63,17.979669631512074,24.031297246418248,41.3
KR,21,-14.72587244345499,-9.611570223162081,48.5
KR,63,-13.771819870899083,-3.387298165826847,48.5
KR,21,2.4236037934667998,7.522666951172097,35.6
KR,63,40.674394099051625,49.628526239575336,35.6
KR,21,0.3236245954692629,2.7248222984257553,39.9
KR,63,24.190938511326856,35.857744805604796,39.9
KR,21,12.684365781710905,17.690768648412813,51.2
KR,63,23.59882005899705,34.861544769662935,51.2
KR,21,-4.594594594594592,-1.4697843431675461,43.2
KR,63,-10.540540540540544,1.4086949839120404,43.2
KR,21,3.3333333333333437,2.048960890221063,43.0
KR,63,5.098039215686279,13.280850418514976,43.0
KR,21,-5.75139146567718,9.017001560259386,43.8
KR,63,-16.141001855287573,19.112515817752584,43.8
KR,21,-17.66848816029144,-12.776467425002966,42.2
KR,63,-17.66848816029144,-12.776467425002966,42.2
KR,21,23.31460674157304,25.194597435931577,37.3
KR,63,58.98876404494382,69.89420998288539,37.3
KR,21,8.051948051948044,11.40773285162473,27.2
KR,63,-60.23376623376624,-28.047068210711522,27.2
KR,21,-5.860799832003815,-3.8502427419988545,50.0
KR,63,-14.926744749781562,-0.9010554578530847,50.0
KR,21,-0.4640509542869986,7.000927552106196,46.4
KR,63,-8.743049938493265,3.091834511622171,46.4
KR,21,31.28555813660674,38.49434951282945,39.2
KR,63,48.805461934158245,59.73497669037992,39.2
KR,21,-0.6504065040650375,1.1169125872106611,40.5
KR,63,13.33333333333333,45.09055524455133,40.5
KR,21,9.134619541683954,17.453628106458233,38.1
KR,63,27.163470576582526,45.3492666050665,38.1
KR,21,-4.353740531661532,4.909323808040045,41.9
KR,63,26.2685120799391,47.163041904687574,41.9
KR,21,-6.796111396626269,-1.6370974928922912,29.6
KR,63,-12.837107790988423,-2.479570684092314,29.6
KR,21,6.3263106767041055,5.938355135132256,39.5
KR,63,-5.438397773630099,-0.5976935180979632,39.5
KR,21,11.97007481296759,15.510389849574013,53.2
KR,63,16.957605985037418,32.05907156469101,53.2
KR,21,0.18552875695732052,4.654953285930263,50.2
KR,63,69.38775510204083,82.56393933753668,50.2
KR,21,9.848466523094057,9.641655080789135,39.1
KR,63,-2.1212159503982586,8.902202007699556,39.1
KR,21,-9.0460521015996,-5.149070146142642,33.9
KR,63,-18.421053309952505,-5.9222712803776325,33.9
KR,21,-10.844442456857761,-4.21017295004491,34.3
KR,63,3.644444518746748,12.30187117150593,34.3
KR,21,-6.961074999272654,-2.091495337810045,51.0
KR,63,-2.6946132722424854,10.32638500578701,51.0
KR,21,-1.092436974789912,10.324882445255179,39.8
KR,63,-14.117647058823534,20.9404929047692,39.8
KR,21,-12.41217798594848,0.11991049167595769,45.3
KR,63,-20.21857923497268,-5.067671715444579,45.3
KR,21,-7.239837742675359,2.9347341593423,32.8
KR,63,21.266952099639823,31.154280379074727,32.8
KR,21,-15.605750839228193,-10.619407098150079,44.9
KR,63,-33.34702046600252,-20.77696196536095,44.9
KR,21,6.780557892855454,5.598072609556537,40.7
KR,63,16.12452048610864,24.91435184447547,40.7
KR,21,-2.006023186805339,5.9036910353301275,42.5
KR,63,5.717147129636246,14.51740822991001,42.5
KR,21,-1.277369837632747,-0.08061012014405344,40.2
KR,63,-11.083519467972335,1.1339724341177586,40.2
KR,21,-17.431192660550455,1.2300777845136928,43.5
KR,63,-30.183486238532108,5.160627088609015,43.5
KR,21,-11.900002749198158,-13.156764753250005,32.7
KR,63,-24.80000052544402,-20.459177338065146,32.7
KR,21,6.551302644002743,10.444641804218813,42.5
KR,63,-2.843015940193283,13.720765843197182,42.5
KR,21,-1.4435673453378484,0.9241132399031349,43.5
KR,63,21.653543016215227,32.97035513694706,43.5
KR,21,-24.461839530332686,-24.68229014469093,44.6
KR,63,-30.919765166340508,-20.70169136090765,44.6
KR,21,-2.638522427440637,16.02274801762351,41.6
KR,63,-27.57255936675461,7.7715539603865125,41.6
KR,21,-9.874816480366789,-10.108782851868515,38.1
KR,63,-9.596657489516836,-4.479112555947141,38.1
KR,21,11.550148813617245,15.246085635887585,28.7
KR,63,-1.671736683920877,8.667167085816075,28.7
KR,21,5.319141309685538,11.64770470567188,37.4
KR,63,80.58509152254902,91.5170924278958,37.4
KR,21,16.022099447513803,27.439418867558892,39.5
KR,63,-15.469613259668513,19.588526703924224,39.5
KR,21,-8.834244700540129,-3.70479430125682,41.1
KR,63,11.202182838732867,24.89446294505492,41.1
KR,21,8.340727422563333,12.902973480786951,39.0
KR,63,13.40008067853069,24.68604817740421,39.0
KR,21,9.87584650112867,14.928875875011325,22.3
KR,63,-14.051918735891643,2.0562463676904734,22.3
KR,21,-13.653841503798025,-8.554778346092728,41.6
KR,63,-10.769231856255,-0.9588727034110605,41.6
KR,21,-27.721943048576215,-11.456939119939825,43.9
KR,63,47.73869346733668,58.73187629129251,43.9
KR,21,-0.33499530262410815,6.918470161065782,49.9
KR,63,-28.30820454392201,-6.298232295777961,49.9
KR,21,-3.7842954626238656,3.499315546466641,43.7
KR,63,17.12394197314271,27.02987883132947,43.7
KR,21,-2.1226415094339646,10.616645288727899,39.8
KR,63,-9.040880503144654,7.743922402181893,39.8
KR,21,-2.7154572529288212,3.015798161039785,42.6
KR,63,5.27820056099082,16.787046363470093,42.6
KR,21,-0.48153739997269795,4.388042261489911,44.3
KR,63,1.2841082103973722,14.305106488426867,44.3
KR,21,15.015973117878833,13.415695524340986,42.7
KR,63,4.404384281418006,34.651619171113836,42.7
KR,21,-4.321329928218798,-0.25290838844390695,30.6
KR,63,27.146811692179142,36.48843793430316,30.6
KR,21,38.54058470898691,42.104640394850875,50.1
KR,63,124.46043695224391,140.53667474473707,50.1
KR,21,-1.4134298651012345,5.812987290179562,54.3
KR,63,2.4734939780333143,20.01905480697633,54.3
KR,21,11.176467117302803,13.493933756031241,44.1
KR,63,19.16666417615991,29.065275505959875,44.1
KR,21,27.79552552097726,32.35777157920088,39.7
KR,63,20.287537163607784,31.5735046624813,39.7
KR,21,-18.11887235501013,-13.313258124313466,51.8
KR,63,8.136176593984889,21.757801877816885,51.8
KR,21,-2.0408163265306145,9.376503093514476,47.7
KR,63,-50.15873015873016,-15.100590195137421,47.7
KR,21,-6.285178236397748,-4.122557472428445,44.2
KR,63,-11.163227016885557,-4.669896870192568,44.2
KR,21,-2.9001074113856107,1.3879828189585104,44.2
KR,63,-28.24919441460795,-11.64011106894679,44.2
KR,21,-4.050932004645924,2.2085070728856904,43.3
KR,63,45.949062299026444,60.243795189908866,43.3
KR,21,1.3745738874167968,1.1541232730585493,37.8
KR,63,7.029666961084846,17.247740766517705,37.8
KR,21,-3.1358885017421567,0.2198962979345298,47.8
KR,63,-15.214866434378626,16.97183158867609,47.8
KR,21,-0.4576655243238248,2.327302633072592,44.7
KR,63,14.874140358164855,24.97669059832096,44.7
KR,21,22.429906542056077,25.812287235011986,30.3
KR,63,27.41433021806854,42.728136686064204,30.3
KR,21,-5.722070844686645,-0.2804400849855675,40.4
KR,63,8.446866485013626,19.139302587087847,40.4
KR,21,5.103965339283012,10.869501405114345,28.7
KR,63,43.667314941051806,52.13058573382895,28.7
KR,21,-5.388709595276319,1.7067246904894926,39.2
KR,63,12.861177522299784,29.724238540719064,39.2
KR,21,7.4561378448660065,6.883509377311214,42.5
KR,63,11.842102092902795,21.657058899305206,42.5
KR,21,9.45180104609642,21.767297202059943,40.7
KR,63,-16.82878407669981,18.229355886892925,40.7
KR,21,1.7353690350804696,10.947301746823346,43.2
KR,63,-4.121465866843222,14.927499962394107,43.2
KR,21,38.979589830446585,40.74690892172228,39.0
KR,63,-19.51501669259065,12.242205218627355,39.0
KR,21,13.920455030740664,18.478300332031637,48.6
KR,63,25.201187812996473,39.10965871325946,48.6
KR,21,26.13168724279835,24.531409649260503,45.6
KR,63,-15.157750342935527,15.089484546760302,45.6
KR,21,-3.47491825529348,4.956080209095882,45.4
KR,63,-15.0579205125828,4.36063886248348,45.4
KR,21,-8.634868290860387,-3.4064492001648183,32.7
KR,63,-16.858556146769534,-4.9858742012800175,32.7
KR,21,25.343091103647296,24.16060582034838,34.6
KR,63,27.18898703297885,35.97881839134568,34.6
KR,21,-3.084835033877331,0.552481327157972,42.6
KR,63,-17.22366137618493,-0.6006060642509645,42.6
KR,21,-6.3758374692601265,-1.0663721884436992,42.7
KR,63,-4.697984811224387,6.811628957361304,42.7
KR,21,81.73258505728396,86.60216471874656,31.7
KR,63,156.1205412673493,169.1415395453788,31.7
KR,21,-8.921161825726143,-2.8767765698859087,36.9
KR,63,-14.937759336099587,4.549736125590064,36.9
KR,21,-11.783960720130937,-9.865102734124086,42.5
KR,63,2.9459901800327426,12.007115169840931,42.5
KR,21,42.73927392739274,44.50659301866844,32.1
KR,63,-31.51815181518152,0.23907009603648532,32.1
KR,21,-10.993308890621167,-5.6653835599445035,27.0
KR,63,31.69642193463782,40.419930907429105,27.0
KR,21,16.799999264510213,20.836666930414026,46.4
KR,63,40.26666185255168,55.752239088467746,46.4
KR,21,33.197969543147195,38.9292249571158,41.5
KR,63,-3.147208121827416,8.361637680651857,41.5
KR,21,-25.543478260869566,-20.7378640301729,46.4
KR,63,-27.329192546583847,-13.707567262751851,46.4
KR,21,-4.0925266903914626,-1.185981630983457,35.4
KR,63,17.971530249110312,28.023837627230574,35.4
KR,21,9.293680297397767,11.060999388673466,48.4
KR,63,-30.29739776951673,1.4598241417012723,48.4
KR,21,15.009745300338162,13.181487238376711,42.0
KR,63,76.24707195782408,84.25833255566022,42.0
KR,21,0.19685039370078705,5.164103672166142,50.2
KR,63,4.921259842519676,13.16749332367394,50.2
KR,21,43.771626297577846,47.15400699053376,49.4
KR,63,27.68166089965398,42.99546736764964,49.4
KR,21,-29.593023255813954,-13.328019327177564,33.4
KR,63,-31.279069767441857,-20.28588694348603,33.4
KR,21,-17.953321364452425,-13.391075306228807,37.2
KR,63,170.3770197486535,181.66298724752704,37.2
KR,21,174.6153846153846,179.4209988460813,37.5
KR,63,296.9230769230769,310.5447022069089,37.5
KR,21,-8.226222066506594,-4.189554400602779,37.1
KR,63,-0.3856036730443546,15.099973562871716,37.1
KR,21,-10.386736624469561,-6.549094869128025,38.1
KR,63,61.325968694635556,76.8151725697592,38.1
KR,21,16.59215101838052,16.019522550825727,42.1
KR,63,47.29259811227025,57.107554918672655,42.1
KR,21,12.94642857142858,12.558473029856732,30.0
KR,63,-7.8125,-2.9717957444678644,30.0
KR,21,-15.546218487394958,-8.685721809941215,45.3
KR,63,-21.42857142857143,2.3998242518998723,45.3
KR,21,-16.150442477876105,-3.613148429587577,39.1
KR,63,2.433628318584069,22.106003860746917,39.1
KR,21,11.843876177658142,18.96386545860188,44.1
KR,63,14.13189771197847,26.82975735126839,44.1
KR,21,-7.25190839694656,-2.028722368669123,41.2
KR,63,-4.007633587786263,8.530371964297391,41.2
KR,21,-13.733905579399142,1.0344874465374243,40.1
KR,63,-29.828326180257513,5.425191492782645,40.1
KR,21,-6.716415953779798,-1.992886418234086,42.6
KR,63,-18.656714370234674,-1.900907515108809,42.6
KR,21,-13.041003296344833,-9.861893659292498,41.2
KR,63,61.16173621801659,71.06369610445894,41.2
KR,21,-3.292387019554799,0.3963494528789635,34.3
KR,63,111.30220728308436,120.90515870641383,34.3
KR,21,52.82791817087846,54.59523726215416,36.9
KR,63,5.4151624548736566,37.17238436609166,36.9
KR,21,27.607117197881493,36.72147679512629,49.0
KR,63,-28.04029261740385,-7.201761128107552,49.0
KR,21,2.8512908600767606,5.772665162588508,28.5
KR,63,12.525444082514191,19.291837794191288,28.5
KR,21,12.552288724649019,17.453929468422892,41.6
KR,63,33.11511081895602,46.149461218860694,41.6
KR,21,-3.7931000863562714,-1.4015056238633528,46.4
KR,63,12.88955656135129,27.05616524243566,46.4
KR,21,-12.717237733731734,-2.2335697432936623,44.9
KR,63,-13.144396439765671,22.063862639801542,44.9
KR,21,-4.689863842662634,8.43589824257973,34.4
KR,63,-7.564296520423596,7.586610999104504,34.4
KR,21,-3.782735208535404,2.954019549258202,45.6
KR,63,3.1037827352085268,16.050189794912793,45.6
KR,21,-9.649952696310315,0.8337152941277566,41.3
KR,63,-26.584673604541152,8.623585475026061,41.3
KR,21,-7.386364490449471,-5.467506504442621,42.2
KR,63,-19.507575173201243,-10.446450183393054,42.2
KR,21,-6.604869896083764,-2.6354815135289584,30.1
KR,63,-12.97798012055762,-3.2769053982792276,30.1
KR,21,-3.5040431266846306,1.6939638089588205,38.9
KR,63,-45.87601078167116,-14.38573391108904,38.9
KR,21,-7.388320386617586,-6.258803492182585,42.7
KR,63,-19.908751331160236,-8.881897640015902,42.7
KR,21,23.73540856031129,38.50380158624785,30.9
KR,63,-8.268482490272378,26.98503518276778,30.9
KR,21,3.370786516853941,5.068226770844875,53.3
KR,63,7.456588355464766,21.727910297058273,53.3
KR,21,0.0,-0.9660028371760943,44.2
KR,63,24.796747967479682,33.706205297548166,44.2
KR,21,-1.4608233731739695,-3.061100966711816,38.2
KR,63,0.7968127490039834,31.044047638699812,38.2
KR,21,-8.365758754863817,-4.785762982947806,37.2
KR,63,4.669260700389111,15.392475247246693,37.2
KR,21,10.515873015873023,12.23982447438825,42.7
KR,63,26.190476190476186,35.18093298593905,42.7
KR,21,-10.746268656716417,1.779187343586898,38.4
KR,63,-54.40298507462686,-18.649494565085085,38.4
KR,21,32.1486268174475,39.30000168330706,40.5
KR,63,57.35056542810986,69.25580191527573,40.5
KR,21,4.252400548696844,7.158945608104849,41.5
KR,63,-35.390946502057616,-25.338639123937355,41.5
KR,21,-21.522842639593907,-10.105523219548816,36.6
KR,63,-61.92893401015229,-26.870794046559553,36.6
KR,21,28.977273240452273,34.87176677667089,29.3
KR,63,46.61224730156648,56.60924553268901,29.3
KR,21,-0.3436454202996986,3.553336535157259,40.7
KR,63,2.2336791008846335,14.732461130459505,40.7
KR,21,-9.369957023221055,-1.4602428010855881,34.5
KR,63,22.45556922594072,31.255830326214486,34.5
KR,21,13.333328275674772,14.819726319521543,52.0
KR,63,-17.7624716170523,-1.9586492701554423,52.0
KR,21,-5.246919748778057,-0.1478565910727596,45.5
KR,63,0.0,9.81035915284394,45.5
KR,21,2.945631466876586,8.044694624581883,43.4
KR,63,2.5508600848993535,12.361219237743294,43.4
KR,21,15.280046462511399,17.597513101239837,37.6
KR,63,57.42251012948563,67.32112145928559,37.6
KR,21,-5.583759801316724,-3.6481176397399566,51.0
KR,63,58.88324165667984,74.53974022423691,51.0
KR,21,13.228155339805836,14.995474431081535,40.3
KR,63,-25.121359223300978,6.635862687917026,40.3
KR,21,19.495008807985915,22.03660845746709,35.7
KR,63,-13.09453904873752,-7.009477314442148,35.7
KR,21,-3.7410071942446055,1.4569997413988456,40.6
KR,63,-45.17985611510792,-13.689579244525795,40.6
KR,21,12.62939958592133,14.501441736425203,46.5
KR,63,17.18426501035197,26.970482566034324,46.5
KR,21,8.532423208191119,12.04879914648973,37.6
KR,63,-16.894197952218427,-6.639788970799877,37.6
KR,21,-14.164904862579286,-1.6394488622759713,42.6
KR,63,-42.917547568710354,-7.164057059168577,42.6
KR,21,17.111459968602816,24.57643847499601,40.6
KR,63,25.274725274725274,37.10960972484071,40.6
KR,21,-19.60132890365448,-14.795714672957816,39.4
KR,63,-18.93687707641196,-5.315251792579964,39.4
KR,21,2.158273381294973,0.8739009381826923,32.0
KR,63,11.270983213429254,19.453794416257953,32.0
KR,21,-16.631799163179917,-5.2144797431348255,52.3
KR,63,-31.589958158995813,3.4681818045969237,52.3
KR,21,8.943085573891851,8.555130032320001,39.6
KR,63,12.195119228629547,17.035823484161682,39.6
KR,21,-2.6993755432587863,2.978343397406758,45.4
KR,63,-18.159504189311406,-4.261246860971404,45.4
KR,21,-7.427937536163909,-2.5583578747013,47.9
KR,63,49.445690913063785,62.46668919109328,47.9
KR,21,-32.66219239373602,-19.536430308493657,40.3
KR,63,-30.64876957494407,-15.497862055415968,40.3
KR,21,-9.742647058823529,0.7410209316145426,35.3
KR,63,-25.0,10.208259079567213,35.3
KR,21,-0.8264400932344707,0.6820014782372041,34.6
KR,63,4.990466688614181,10.07096504061139,34.6
KR,21,15.21418020679468,26.63149962683977,43.0
KR,63,8.419497784342678,43.47763774793542,43.0
KR,21,3.863636363636358,6.761943956044925,43.6
KR,63,5.681818181818188,16.855606304151216,43.6
KR,21,6.102362204724399,11.335995913710672,56.9
KR,63,-7.381889763779526,5.134320011091919,56.9
KR,21,0.4665629860031162,1.596079880438117,54.3
KR,63,-5.7542768273716955,5.272576863772638,54.3
KR,21,12.640000000000008,11.039722406462161,39.7
KR,63,-33.599999999999994,-3.3527651103041656,39.7
KR,21,47.73378979899772,52.79816270830321,45.0
KR,63,61.21630027637477,72.75084506753397,45.0
KR,21,105.3633225111342,107.1306416024099,38.6
KR,63,101.1270302991981,132.8842522104161,38.6
KR,21,33.584337349397586,34.459513467103264,45.3
KR,63,26.506024096385538,42.19340818074598,45.3
KR,21,-6.8995617825471145,-5.731825489310283,42.4
KR,63,-10.65501729994487,-0.8609638309929899,42.4
KR,21,-6.403941123950463,-0.19730711083907337,45.3
KR,63,36.28900505371302,44.21345261901302,45.3
KR,21,62.82528340310023,64.70527409745877,29.7
KR,63,199.62825792111204,210.5337038590536,29.7
KR,21,6.7864271457085845,1.5531699291290835,38.6
KR,63,-33.73253493013972,-5.403816875821107,38.6
KR,21,4.72914875322441,6.880559206650172,42.3
KR,63,64.91831470335339,74.95443193339673,42.3
KR,21,130.79710144927535,140.81037862609253,36.5
KR,63,263.768115942029,277.6538451759051,36.5
KR,21,-10.408921933085502,-2.9439434266923072,40.0
KR,63,-10.966542750929364,0.8683416991860717,40.0
KR,21,-0.7886435331230235,4.942611880845583,36.5
KR,63,-14.353312302839116,-2.844466500359843,36.5
KR,21,-18.989280245022965,-14.51985571605002,47.9
KR,63,-5.206738131699851,7.969446103795995,47.9
KR,21,6.5040650406503975,6.068463893913578,34.5
KR,63,26.66666666666666,36.62467144488454,34.5
KR,21,18.199233716475092,21.32404396790214,42.0
KR,63,19.54022988505748,31.120539200112507,42.0
KR,21,17.700112739571594,19.467431830847293,36.4
KR,63,-20.969560315670797,10.787661595547206,36.4
KR,21,-0.9988901220865709,2.4162643720680554,46.5
KR,63,9.65593784683685,20.21035063956571,46.5
KR,21,-3.361344537815125,1.4442696928815386,49.4
KR,63,50.42016806722689,64.04179335105889,49.4
KR,21,11.077542799597184,12.844861890872883,45.9
KR,63,-38.56998992950654,-6.812768018288537,45.9
KR,21,2.1112255406797065,4.030083526686557,37.5
KR,63,51.64778578784759,60.708910777655774,37.5
KR,21,-4.0650406504065035,0.6626810990029046,31.7
KR,63,-13.008130081300816,-1.4735852901416102,31.7
KR,21,-1.0000000000000009,1.3915944624929177,51.2
KR,63,10.000000000000009,24.166608681084377,51.2
KR,21,8.910891089108919,18.9241682659261,44.1
KR,63,6.930693069306937,20.816422303183025,44.1
KR,21,-7.37018425460636,-1.862723459228266,37.4
KR,63,-14.572864321608037,-2.1286249302416955,37.4
KR,21,-14.117647058823534,-9.053274149518042,42.9
KR,63,-38.57142857142857,-27.036883780269363,42.9
KR,21,-37.86163522012579,-25.122348421963927,38.8
KR,63,-43.58490566037736,-26.800102755050812,38.8
US,21,-0.8500012508967592,-5.510964567622545,34.3
US,63,-0.5458520048371329,-10.15988212350133,34.3
US,21,-4.118332191404306,-3.9574188007246995,40.5
US,63,18.609571301089268,18.114649303714426,40.5
US,21,5.439648967491895,4.9445723319551105,24.2
US,63,-18.785666492441344,-14.139173176785036,24.2
US,21,7.191949415099597,4.701542669975334,33.6
US,63,-0.7252855602027264,-0.5186052651236506,33.6
US,21,-26.700884276101,6.759208315474183,33.0
US,63,-13.707973290340092,10.124261897392074,33.0
US,21,6.874948640206102,6.911237469233722,45.0
US,63,26.710281136841708,20.18334390096466,45.0
US,21,-7.595707622172066,-6.67394064023501,38.8
US,63,-11.35751210954341,-6.286489397545026,38.8
US,21,-14.426945194741236,-11.906838857685308,48.3
US,63,-6.700848695103357,-2.8613095815431926,48.3
US,21,-1.7620984118948968,-2.235596071640722,36.7
US,63,-10.352635510846364,-5.431195976205904,36.7
US,21,7.243897697925639,7.1712508245003415,43.3
US,63,37.117959476539866,37.23919923623892,43.3
US,21,7.084168645559319,6.117809764054205,47.4
US,63,9.038316013426705,9.369216000354951,47.4
US,21,13.073926181193919,14.403405792018155,28.9
US,63,16.978428891504205,10.922856573351837,28.9
US,21,3.3356402190223067,4.209500159849322,45.3
US,63,9.199776832999484,9.369305129862049,45.3
US,21,3.4557222224513406,4.951119599822851,44.6
US,63,-11.108025535733024,-3.800265016230453,44.6
US,21,-1.1450401314896053,-1.4033790321639317,39.6
US,63,-15.59159986173906,-11.024140337746969,39.6
US,21,-4.043525721197039,-2.8937638435797775,53.0
US,63,1.3439594443627634,1.125686763089817,53.0
US,21,-4.30049924301803,-5.9147600973571635,48.4
US,63,19.61764809806006,12.47339153939202,48.4
US,21,-13.69580400741538,-13.96714512660796,36.9
US,63,-6.571626413580756,-6.5907913167193355,36.9
US,21,-1.516376084730886,-1.9303134532621002,52.3
US,63,-3.7410265941887677,-2.696492859491717,52.3
US,21,-17.644279763516202,-15.714116903904042,39.6
US,63,-24.45916471917814,-17.222926429331146,39.6
US,21,-6.629459276154204,-3.7217644063510584,47.5
US,63,-12.822361573481311,-4.518616869400626,47.5
US,21,-1.8922401306096681,-1.7489699709331896,46.8
US,63,-3.649002772671528,-1.4877816161326107,46.8
US,21,0.9563024840085976,-0.7855629604186731,28.1
US,63,10.968367529047441,11.175047824126517,28.1
US,21,-30.69129143327719,-29.415151429318986,43.3
US,63,-23.791205285799442,-22.517132836795128,43.3
US,21,-14.371879655790643,-13.382647155044282,52.8
US,63,81.96527043216962,83.28326009235103,52.8
US,21,48.87961319877019,48.37274677084149,39.8
US,63,151.1203868012298,151.6342435674966,39.8
US,21,-13.113656598921652,-13.828070034981966,46.1
US,63,-29.208698741021657,-27.681529952755103,46.1
US,21,-13.936702926059164,-13.30985489195795,43.6
US,63,-32.92615341373568,-28.49519374573059,43.6
US,21,-12.603545614469303,-13.56211320356071,41.1
US,63,19.053262091038768,20.80828787460387,41.1
US,21,41.8308971086631,41.93190595657699,45.5
US,63,108.9637628000315,109.97418331702318,45.5
US,21,-7.714284261067705,-6.188684906039166,29.8
US,63,30.857137044270843,31.668341039817825,29.8
US,21,-10.817121413123232,-10.84753184698657,48.6
US,63,-29.037216805297284,-27.43960014199105,48.6
US,21,-9.134632006044685,-0.5645555735862668,38.1
US,63,-20.596968740240783,4.561945586007354,38.1
US,21,27.81202372171474,23.151060404988954,43.1
US,63,52.25888673942771,42.64485662076351,43.1
US,21,-1.673306292308041,2.7185398935204557,52.3
US,63,-9.552510959403326,-2.229114177071045,52.3
US,21,10.809906540202663,8.730877073624566,46.4
US,63,9.741108572154843,10.11997887642909,46.4
US,21,9.310103739669827,11.364513173954549,47.3
US,63,-6.098711803633927,-3.2784151290882635,47.3
US,21,27.83921087091703,30.054118935493612,34.5
US,63,45.59442594381804,49.011454921678066,34.5
US,21,28.910404274557223,28.493762869394224,40.0
US,63,60.5682243685205,58.90142613935896,40.0
US,21,-0.3993122511966152,-3.0951704725823315,55.8
US,63,-12.734731907401253,-18.13429147187079,55.8
US,21,15.0022350410979,15.667172831939425,56.2
US,63,13.404826239936462,15.8627061616731,56.2
US,21,30.937040752945165,29.993994160813095,46.0
US,63,13.31271350165617,17.491002921389565,46.0
US,21,22.428058488313862,19.64177905522564,48.6
US,63,5.626723389423827,5.043048098988012,48.6
US,21,16.038455906743177,12.935021173605055,45.7
US,63,44.64963199541323,40.67173631317047,45.7
US,21,-27.147579105065933,-24.45065199166816,43.6
US,63,-4.359510010906331,-4.720897440429339,43.6
US,21,-5.295643503765202,-5.065908979830525,38.5
US,63,-22.052834473975345,-19.26288384064202,38.5
US,21,-20.606060078081846,-16.3843421205895,29.4
US,63,21.589806351422446,24.092530435559766,29.4
US,21,-19.87590414279783,-19.935829043413356,45.7
US,63,21.48118004314121,22.856290455772466,45.7
US,21,57.90166196590862,56.367438399754576,42.0
US,63,141.7805406974348,141.12506427343976,42.0
US,21,10.214015409221977,9.650583504285049,42.2
US,63,2.3780202880236967,2.39418212161866,42.2
US,21,-4.92142218868914,-8.355246540240868,29.3
US,63,-1.32613412391136,-9.662972318188135,29.3
US,21,3.640499347761361,4.647789201902796,33.3
US,63,-3.108184163174843,-2.2686120884934935,33.3
US,21,-0.5579713317164225,-0.12207903126563169,30.4
US,63,5.216953216177211,9.736962262397519,30.4
US,21,10.474465729981075,11.920947818056382,31.6
US,63,-2.266551453113963,1.9335464611949567,31.6
US,21,3.8713596361973357,4.636004095643798,51.0
US,63,21.00953911577541,21.56064357008004,51.0
US,21,1.0997357066811153,1.162459555467954,46.1
US,63,6.472349595621885,6.749221507256442,46.1
US,21,5.815902395739703,2.2097915399794,47.1
US,63,-4.629149526225973,-8.033500836111983,47.1
US,21,3.0773008877606145,4.542821087845372,33.2
US,63,5.746392183141191,9.222549182865336,33.2
US,21,-4.39864927710758,-3.1225092731493764,37.4
US,63,8.530947859521731,9.805020308526046,37.4
US,21,-8.733484908048506,-8.007397311031006,45.9
US,63,-13.220741299156103,-10.936070112599662,45.9
US,21,-9.590753191516422,-4.910042983357288,36.4
US,63,-17.424767668470853,-10.127565934437898,36.4
US,21,-5.738340258936791,-7.577221227360808,43.9
US,63,-0.5578233705128888,-0.811709844230668,43.9
US,21,-4.0127765960092265,-2.295254592450635,40.6
US,63,-2.2930169828534464,-0.7680045726184304,40.6
US,21,16.704472415517646,16.03955498827283,42.6
US,63,5.003211104976679,5.406179732635719,42.6
US,21,32.7219925637648,33.741506776937854,40.3
US,63,5.595835000209237,9.082811169330684,40.3
US,21,-0.4054095294024451,2.2847702491923583,44.7
US,63,-19.108107283308694,-14.454371196194915,44.7
US,21,22.80974784386327,22.364472818572878,35.9
US,63,-37.17749071228844,-27.663041480509165,35.9
US,21,-2.5464785563433567,-0.7375689940221641,21.7
US,63,72.4090618706289,73.87454836666102,21.7
US,21,17.96629817549158,13.305334858765795,41.0
US,63,41.6408973872308,32.026867268566605,41.0
US,21,-7.048049311961291,-2.0732275716668918,29.9
US,63,-22.17900445865848,-14.855607676326198,29.9
US,21,2.6866225301396263,1.1091911693600354,49.1
US,63,-4.2414472181473535,-3.838178631747668,49.1
US,21,3.6457045733057747,5.050759090050649,39.4
US,63,-10.114554102296436,-9.327681657971821,39.4
US,21,-3.8229918432713395,-4.2682668685617315,32.6
US,63,-22.365501195959737,-11.850338441312125,32.6
US,21,23.574014535745658,23.175505696520602,35.1
US,63,30.519448076109825,34.00852992928266,35.1
US,21,-6.797881090777224,-4.00691236924513,43.9
US,63,-0.20052341626159986,9.270049985856188,43.9
US,21,10.87472478622582,7.991899304110372,38.7
US,63,19.135735305877553,14.459998310431741,38.7
US,21,20.81018774907428,22.864597183359002,50.1
US,63,16.04301180354215,19.13791345389354,50.1
US,21,28.07018391793463,31.261434251722676,39.1
US,63,8.4779128625176,14.514640477698604,39.1
US,21,3.6806654806917694,0.023237192050951094,31.3
US,63,9.635886238172397,1.0648447385079187,31.3
US,21,-8.64870080185579,-8.257010658770568,49.7
US,63,-14.83382345307913,-8.290468791455062,49.7
US,21,3.200152353238228,2.768360314440299,50.3
US,63,13.213791688768573,13.551680530288957,50.3
US,21,0.26563851713001796,-0.13287032209503558,40.4
US,63,10.539578876273591,13.729629893457805,40.4
US,21,-9.422402343750003,-9.66977746759321,39.9
US,63,-21.7447998046875,3.861527920785644,39.9
US,21,-1.692569037066649,-3.673758307516528,37.1
US,63,15.44572846008252,15.12163381988545,37.1
US,21,14.677187060749342,15.143138214199393,31.2
US,63,11.56545678921761,11.194370626321692,31.2
US,21,7.141891488395191,8.003237697440735,36.1
US,63,7.9273343441717214,10.186939028643572,36.1
US,21,2.48128817420481,1.260145408467639,38.1
US,63,21.1306873380829,22.53597634088456,38.1
US,21,-3.117979729692677,-1.3006758692807097,39.5
US,63,-8.620073493813852,-8.679603438741069,39.5
US,21,-11.580414975339403,-11.892872194812554,37.7
US,63,-22.420580054530003,-15.369801502357948,37.7
US,21,-3.1615759383918918,-2.0121629250867468,37.4
US,63,-11.837276237841687,-8.518838453345955,37.4
US,21,24.240812784227185,20.806988432675457,51.4
US,63,11.643436820414177,3.3065986261374025,51.4
US,21,17.143922331683758,16.83402980323654,35.6
US,63,6.396434584395183,8.3073203676874,35.6
US,21,-16.15685111064007,-11.78158689976242,32.6
US,63,-6.589729654500265,0.18611689236305295,32.6
US,21,-5.385234722585808,-3.330825288301087,37.7
US,63,-2.8710449560481743,-0.19396864973060257,37.7
US,21,-0.9239958579778329,1.7661839206169705,37.6
US,63,-3.6840492851154982,0.9696868019982814,37.6
US,21,20.070102364368616,20.185089835230976,40.4
US,63,-4.734239404658869,-1.6794489365676957,40.4
US,21,-0.7156618478072696,-1.6529715971731918,35.2
US,63,-13.578672630769873,-12.98115041647856,35.2
US,21,5.542546980725072,6.194047156884041,37.7
US,63,-7.26596057834028,-2.453886282011874,37.7
US,21,-3.025021338839262,-3.1446521890847734,45.8
US,63,-1.4897900712330325,0.38976226627993604,45.8
US,21,1.581922858848217,5.360191559307692,37.1
US,63,37.20025369273925,38.904982573088745,37.1
US,21,37.00371363521376,37.862673747877544,40.2
US,63,23.480147735896793,28.624779502480955,40.2
US,21,22.229226821877866,20.836530145184625,37.6
US,63,26.7539082236947,28.26003805918189,37.6
US,21,-13.771296828949286,-13.296300143323812,44.7
US,63,-25.66880558025524,-24.14168548138811,44.7
US,21,-8.072490642558538,-6.091609873961245,42.2
US,63,1.9316991783487003,2.1887004270420896,42.2
US,21,-3.4139799696081496,-2.102770277487953,48.3
US,63,15.576185896116336,15.41935236179679,48.3
US,21,4.39302713482701,0.7355988461861918,43.7
US,63,19.54450094439233,10.973459444727851,43.7
US,21,8.409568554653223,8.444571276552093,51.2
US,63,8.409568554653223,8.444571276552093,51.2
US,21,-5.5879256868066935,-6.09253457539175,48.9
US,63,7.5326168033858165,7.318028468047566,48.9
US,21,-9.597761271386174,-10.09283790692296,48.8
US,63,-13.69832640919606,-9.051833093539752,48.8
US,21,12.081711578969646,9.295432145881422,33.2
US,63,-1.5827486890643172,-2.1664239795001317,33.2
US,21,-3.8435991001573577,-3.140211075669763,37.1
US,63,60.51174747616448,58.653582481956114,37.1
US,21,-3.619429361909532,-3.7423594924415493,46.5
US,63,-25.961412827798735,-23.564922566635747,46.5
US,21,-13.4646796848087,-12.198554187795096,27.9
US,63,-23.522299278922077,-22.4614668834893,27.9
US,21,1.2523499629072843,0.8357085577442858,35.6
US,63,0.8301686516572149,-0.836629577504322,35.6
US,21,-4.482225231776638,4.08785120068178,29.0
US,63,-7.837893688406972,17.321020637841166,29.0
US,21,-12.04082254014348,-10.005043271015056,40.2
US,63,7.585621369792173,9.699085972140143,40.2
US,21,-30.863540268991983,-36.82892659176411,34.1
US,63,-25.45904656575777,-35.30033073683045,34.1
US,21,-10.236205357201367,-9.579930457976161,48.9
US,63,-15.725653414218089,-15.408150251465258,48.9
US,21,3.665213815698931,1.987930024870499,44.1
US,63,18.852805536319984,20.851459143105934,44.1
US,21,-0.5254408452369796,-4.182869133877798,44.4
US,63,1.1103409222783522,-7.460700577386126,44.4
US,21,12.105945164097353,11.796052635650133,38.9
US,63,1.423592214361169,4.907952233015045,38.9
US,21,-0.21884760410167958,0.9803086184337673,42.7
US,63,-9.423996046571226,-5.403168376327416,42.7
US,21,6.8512374606314985,6.93246761276527,38.4
US,63,23.428367835133756,26.785525370121086,38.4
US,21,-4.848927645931078,-4.87793922012425,47.0
US,63,-19.537802466718457,-16.737514622952375,47.0
US,21,-19.23857306701109,-18.4913155522081,41.6
US,63,-7.136537154362188,-6.01144969179318,41.6
US,21,-7.360315591547096,-6.312877158673636,51.4
US,63,1.4943733332963838,1.6735261513663335,51.4
US,21,5.214783543970047,4.407825024246215,45.2
US,63,15.773436980235722,14.978153138922279,45.2
US,21,4.95489529640516,4.792407956189537,51.9
US,63,22.653970917054544,15.915206646577461,51.9
US,21,1.1560120715661926,1.6494494976936336,31.1
US,63,-13.247705445363444,-6.608887265092388,31.1
US,21,3.7993924609299956,7.1545089211221935,37.6
US,63,16.57314340140521,17.89899216157137,37.6
US,21,3.993944081162426,5.811247941574393,46.1
US,63,27.156063424728515,27.0965334798013,46.1
US,21,-4.380582531918876,-3.197120659005071,22.5
US,63,6.070128899639515,7.852662511812136,22.5
US,21,-14.997253911708308,-7.52965098602828,46.7
US,63,-21.516212827006964,-21.313506643868095,46.7
US,21,6.78484151774239,7.359284692480939,44.5
US,63,25.219659044510067,25.84891699661992,44.5
US,21,10.416980333789994,9.563226151213078,45.3
US,63,5.330686332410539,7.380192799751672,45.3
US,21,-0.494568297073561,-3.9283926486252896,34.0
US,63,4.936974347963585,-3.399863846313189,34.0
US,21,-0.0979705358306937,4.057898522331094,36.6
US,63,4.802920342444916,6.891010437891265,36.6
US,21,-5.5888233515985934,-5.887274624952144,39.7
US,63,-36.14992056309635,-6.543395835847058,39.7
US,21,2.436567125206479,1.5828129426295634,46.1
US,63,-9.444868139977247,-7.395361672636113,46.1
US,21,2.873209986326053,3.3747176913836774,39.1
US,63,10.844849794955946,11.066107463409658,39.1
US,21,-4.191743432323847,-3.523772870325692,47.3
US,63,2.8363289655556567,2.6722225116617926,47.3
US,21,4.518805429668027,3.8068271182810642,47.8
US,63,14.884465056269924,13.26346619070562,47.8
US,21,23.740561066370482,20.083132777729663,35.4
US,63,34.681597962409505,26.110556462745027,35.4
US,21,1.3733738653645355,4.599238303602515,39.4
US,63,-24.398011759350556,-19.121257078095642,39.4
US,21,11.029413985198055,7.613654737068941,28.7
US,63,23.381256219901392,20.015292728548385,28.7
US,21,-7.814259724508366,-5.996955864096399,46.6
US,63,8.19213688948508,8.132606944557864,46.6
US,21,-4.695443586329262,-1.4101657189370616,36.4
US,63,-5.494651797669525,1.7617570759780543,36.4
US,21,-12.353139454667039,-12.559477002611874,33.3
US,63,-26.55587715294443,-19.885205158146455,33.3
US,21,-7.414934449514099,-4.8103094356432905,28.5
US,63,-14.577205769611655,-14.179736507812322,28.5
US,21,14.378245725448924,16.192139672489713,41.4
US,63,-10.492224930455373,-8.086812014862154,41.4
US,21,17.870138131916157,14.212709843275338,44.2
US,63,8.727276296281161,0.15623479661668327,44.2
US,21,26.793356221481023,26.736560656984373,38.8
US,63,23.277916613164717,23.39128737119549,38.8
US,21,-5.168810355927345,-4.826678943787632,38.3
US,63,0.7503227166396398,0.26143592709513275,38.3
US,21,-25.373131426517425,-21.8869004494882,39.6
US,63,-13.190798736932708,-5.747629232602092,39.6
US,21,40.9574356718742,39.2048427438563,54.7
US,63,38.20921853236599,38.58808883664024,54.7
US,21,1.5938534760557177,2.6236220661842835,45.3
US,63,-4.663524816613185,-3.3719581124954434,45.3
US,21,-11.33540963960451,-11.346574606090076,34.2
US,63,-19.723799935050067,-16.74673452912497,34.2
US,21,36.28092555693987,36.40326485035707,48.4
US,63,50.522656949699,52.88023075023513,48.4
US,21,29.57314979449903,29.25321336184765,46.8
US,63,8.448016151780124,12.228175128131356,46.8
US,21,24.33836313737785,23.893088112087458,37.2
US,63,-28.634496333383385,-19.120047101604108,37.2
US,21,3.361955619346979,5.1591806668595535,39.6
US,63,2.502828023093784,6.158970246018725,39.6
US,21,-2.8510504202297615,-0.22181878875008332,30.0
US,63,-3.2614857728438196,-1.9648779380842862,30.0
US,21,7.138809102071053,5.256849388438645,43.8
US,63,12.791776456486703,12.294656627866885,43.8
US,21,-3.0187139903135263,-4.960818020397828,47.9
US,63,-6.466111293722676,-10.760380853583351,47.9
US,21,3.66584468972162,4.270794461082684,41.3
US,63,6.542086810822978,7.538174468449732,41.3
US,21,8.491362914792266,7.670461670122285,42.8
US,63,-5.850092229720949,-4.129225149206239,42.8
US,21,-2.6478566607744947,1.0386835865956456,33.3
US,63,2.7350497380377092,5.034420339839041,33.3
US,21,3.5953310200342203,5.002601155543019,32.4
US,63,-30.181100282741603,-29.118657946302452,32.4
US,21,17.331858942506486,16.915217537343487,42.6
US,63,24.83857717786386,23.171778948702325,42.6
US,21,-14.265477750100874,0.7286240851310684,36.3
US,63,-13.047443765940548,11.703989546753567,36.3
US,21,3.3377723453184016,-2.6276139774537244,49.4
US,63,-3.4137198146250602,-13.255003985697744,49.4
US,21,8.73328961908928,9.785805285392492,38.4
US,63,11.402446352912477,14.838870297717623,38.4
US,21,-3.59566158526331,-3.021985665642757,41.5
US,63,1.0792688590548716,-3.5704956201910276,41.5
US,21,1.7948619266433985,-0.8829322114181748,24.7
US,63,15.963691182942629,13.35281674812294,24.7
US,21,-0.1242834358811673,0.4420892584743763,34.5
US,63,10.05657302051095,15.201204787095111,34.5
US,21,8.647715538365052,4.990287249724234,37.6
US,63,12.317286601185518,3.7462451015210405,37.6
US,21,0.002430250068341522,0.21787626149402106,48.8
US,63,3.941251468239537,3.6274550913560244,48.8
US,21,13.07901532574225,12.894296524949311,30.1
US,63,-0.8915043672322209,0.7549079616326448,30.1
US,21,1.0650339701830491,2.240420352840189,39.7
US,63,-26.571036232268973,4.4287974094779585,39.7
US,21,2.0605158524134026,-0.47696195534789876,48.4
US,63,1.4693497083899443,-1.604330129569287,48.4
US,21,-0.902860563665675,-0.07934286676843927,43.3
US,63,-2.424344975164927,0.9115142264184861,43.3
US,21,13.019790807552955,13.151601262097023,18.1
US,63,-2.2655495412353233,0.03825289133873033,18.1
US,21,-8.665438129680659,-8.665438129680659,41.5
US,63,-8.665438129680659,-8.665438129680659,41.5
US,21,-7.9402392115895175,-7.915147859008143,35.7
US,63,20.173275689382052,19.61625479065583,35.7
US,21,37.570894436337746,35.16265188361483,37.2
US,63,-6.4501992332943185,-4.302879218481282,37.2
US,21,-8.819129113661006,-10.379050260230649,36.5
US,63,40.07639531693792,38.901264884496925,36.5
US,21,52.902215008450405,50.282530090342846,47.7
US,63,48.81554227675626,44.26351993530939,47.7
US,21,80.39298875917646,79.98065089330797,43.4
US,63,41.5029159771519,43.12573072580591,43.4
US,21,1.1098943493075053,0.9902634990619941,40.9
US,63,-10.666376670782352,-8.786824333269383,40.9
US,21,-22.080399843486532,-17.924530785324745,45.6
US,63,-21.925324341029228,-19.837234245582877,45.6
US,21,62.531191730428226,63.18390240953264,50.7
US,63,40.020363702376606,43.35622290396002,50.7
US,21,-6.043235355253618,-6.48851038054401,38.0
US,63,-47.36238668323909,-36.847223928591475,38.0
US,21,-2.0721055483238437,0.435331238746417,40.7
US,63,-28.834552803155976,-25.128591304309932,40.7
US,21,-33.85375948204875,-33.65405488998766,30.5
US,63,-31.28040407419008,-28.569397635287906,30.5
US,21,-17.934230256763662,-15.997289832512674,46.3
US,63,-21.878137681271614,-20.57319037337554,46.3
US,21,9.028808537262577,8.332777604716778,44.4
US,63,14.731134263331015,14.055754866000171,44.4
US,21,-20.523295203655923,-18.23044384949526,38.7
US,63,-13.66568269316466,-12.539359214548284,38.7
US,21,11.134446004704168,8.301659849121744,36.9
US,63,26.386552964160614,20.35773498809266,36.9
US,21,6.725995445813182,6.643823274816785,47.8
US,63,0.48161113089737473,1.3387704670951739,47.8
US,21,19.804056870164246,18.919961229707962,45.3
US,63,14.20594231952277,16.88959701753313,45.3
US,21,-2.2600121051860933,-1.3642827890499198,40.4
US,63,-1.5814657297619994,-3.3742368786281562,40.4
US,21,8.457664786774366,8.657369378835455,46.6
US,63,33.86639027101464,36.57739670991681,46.6
US,21,-5.510479487752217,27.949613103822966,46.1
US,63,-5.477657409475589,18.354577778256576,46.1
US,21,5.612301123812791,4.968967192200191,51.5
US,63,7.445844586044115,11.621520226535132,51.5
US,21,-0.820782779321283,-0.5566903334526696,42.9
US,63,5.860575719921024,6.099713968459907,42.9
US,21,0.5768217729040348,2.6235828192641586,32.6
US,63,-0.8734483701432705,3.665416639398189,32.6
US,21,7.244256214852562,7.328374861276665,39.8
US,63,3.9515792376083603,5.597991566473226,39.8
US,21,-12.497120275775874,-17.15808359250166,36.2
US,63,-8.181542587288604,-17.7955727059528,36.2
US,21,-14.268474590834224,-14.398954432337941,39.4
US,63,-13.48808357607114,-11.288786875935108,39.4
US,21,-6.3614754241524185,-5.604656332531888,30.1
US,63,7.436089156219672,7.18453905853722,30.1
US,21,2.294786935380433,2.288132506220175,41.7
US,63,-25.077861179485893,-23.48024451617966,41.7
US,21,-29.194530928665273,-30.019023146584054,35.2
US,63,-20.398370206892146,-21.982305055710306,35.2
US,21,-19.012553322764127,-19.714922695327843,40.7
US,63,10.51045820802825,10.202104348472618,40.7
US,21,12.166572204860394,12.52597844903799,47.8
US,63,7.185627001660433,35.98761304235618,47.8
US,21,22.69658562226351,16.731199299491383,32.6
US,63,63.974462125475775,54.133177954403095,32.6
US,21,-7.0140105610772,-7.641863245061553,41.8
US,63,29.461793364117916,30.0118079157216,41.8
US,21,3.875170422910612,2.398042430544356,41.5
US,63,-30.494749473525516,-28.135388400865533,41.5
US,21,12.702961710016858,11.143040563447215,37.9
US,63,10.172948303118057,8.99781787067706,37.9
US,21,16.16143581807208,17.5633362935567,40.8
US,63,-22.251551900627987,-18.629158461207318,40.8
US,21,1.1357441449712402,-0.45466970687169095,17.8
US,63,34.06447520235374,32.57382840258223,17.8
US,21,-3.5771861631141877,-1.069749376043927,39.1
US,63,-6.487876878091193,-2.7819153792451483,39.1
US,21,-6.464712331941536,-4.9391129769129964,38.2
US,63,68.7370989009132,69.54830289646019,38.2
US,21,-24.614468945596023,-1.7871833926981537,40.4
US,63,-15.1858055390239,10.826184432677312,40.4
US,21,2.9894421670621396,2.458433961614759,31.2
US,63,-5.721690006655877,-1.994681399174425,31.2
US,21,1.4549339886417378,1.5982041483182163,38.3
US,63,8.575928464571469,10.737149621110387,38.3
US,21,4.1140737090305635,3.7130056570945147,45.0
US,63,13.484976346645938,13.429621079822574,45.0
US,21,9.493457599727062,7.751331038177156,38.1
US,63,0.8013351368862276,-0.4760222284732718,38.1
US,21,5.384384432107336,4.441337839975268,31.7
US,63,10.189341292113197,13.150255940760825,31.7
US,21,0.39288354925584024,0.31482976384775707,53.2
US,63,-5.858447245997622,-4.243433680043984,53.2
US,21,-0.4186559005532553,1.165214667090797,33.2
US,63,2.862765391599731,6.46304889042969,33.2
US,21,13.718254462167213,8.92881074578571,37.7
US,63,13.90544535135836,4.148728150370685,37.7
US,21,0.14670788592061612,2.421326013889502,36.5
US,63,13.612412393872543,15.085491823712628,36.5
US,21,-1.2501780426154352,3.0118158160453823,28.8
US,63,4.90725603673714,3.9043252540007956,28.8
US,21,-14.446496937600827,-13.736312800541516,45.7
US,63,-28.269690000486413,-25.418281691715716,45.7
US,21,24.269142996204508,22.832665105892502,32.9
US,63,36.023792690797805,41.864929645996796,32.9
US,21,5.45816577606284,3.7808819852344078,51.3
US,63,11.79434465643281,13.79299826321876,51.3
US,21,8.438619430621653,8.331983414275392,40.7
US,63,28.820023677493587,29.378202408703377,40.7
US,21,5.466702294415926,5.065634242479877,39.5
US,63,-0.9936050063368618,-1.0489602731602266,39.5
US,21,15.58028695973861,11.922858671097792,30.5
US,63,18.238488963552513,9.667447463888035,30.5
US,21,4.524598258954593,4.029521623417809,49.1
US,63,16.741181521661886,21.387674837318194,49.1
US,21,-11.454770311499862,-9.455879147838065,50.6
US,63,-1.9680310179744476,0.1403606576850125,50.6
US,21,-0.9335797889515329,-1.7459428336795813,36.3
US,63,-12.53658017206909,-5.819562001276946,36.3
US,21,9.866069145696876,9.950187792120978,47.8
US,63,13.603534919181271,15.249947248046137,47.8
US,21,8.248115355494235,10.062009302535024,41.1
US,63,7.089293284343667,9.494706199936886,41.1
US,21,10.545775769882892,10.830856429662239,42.3
US,63,5.064732698234065,6.539307209502498,42.3
US,21,-10.929927412620799,-12.608532018354769,39.4
US,63,-13.882774979124479,-12.173808864228974,39.4
US,21,-14.111529194494754,-10.625298217465527,34.9
US,63,-7.56378441922414,-0.12061491489352427,34.9
US,21,24.4183164337231,24.458328680569,49.7
US,63,4.591516900668635,6.660349878071903,49.7
US,21,-3.2860481912149075,-4.7627720602265615,45.5
US,63,-38.79069428774133,-32.2810184037025,45.5
US,21,-8.745177909262692,-5.699418923696232,41.0
US,63,10.638640666583177,12.493118177278706,41.0
US,21,-21.126684502218207,-19.317774939897014,40.8
US,63,-2.4163911440083563,-0.9509046479762362,40.8
US,21,-15.75458339109268,-15.593670000413073,38.9
US,63,19.853879781635108,19.358957784260266,38.9
US,21,-31.73423566529616,-27.48036840740152,38.4
US,63,-58.222670433033066,-50.821255593637794,38.4
US,21,6.814513804120126,7.673473916783912,43.9
US,63,3.8271076849333507,8.971739451517513,43.9
US,21,1.9057917900882293,1.8991373609279716,37.4
US,63,-19.466917651164238,-17.869300987858004,37.4
US,21,-0.11240204376707918,-0.15207763374358585,47.5
US,63,-0.11240204376707918,-0.15207763374358585,47.5
US,21,9.378004671237704,7.9355180207611555,47.9
US,63,13.970661503845804,7.26094945471436,47.9
US,21,-18.437536265133968,-16.67507685463061,45.6
US,63,13.14085274782515,13.31800388176747,45.6
US,21,-4.335459718977408,-4.784481990930078,41.7
US,63,6.080408859082631,9.936419655896177,41.7
US,21,-7.32405493795042,-6.199167805236106,42.8
US,63,86.17097464043862,87.09177868540115,42.8
US,21,5.176964932346584,4.2970621819797605,50.9
US,63,2.6608015368561055,0.870362555933224,50.9
US,21,-37.355562664210964,-2.7337933553033054,28.7
US,63,-19.056634899615077,3.679299903533142,28.7
US,21,5.207034102437191,5.035906166563131,42.3
US,63,-3.1241959573039546,-1.2160704398900157,42.3
US,21,-3.864206891286215,-0.7071517020495466,41.0
US,63,-7.906832766629124,-3.6012353452572814,41.0
US,21,1.723072456449093,1.6833968664725862,40.6
US,63,1.723072456449093,1.6833968664725862,40.6
US,21,3.241612330120236,1.9533627604633397,43.6
US,63,-4.923496959621964,-6.114348376292799,43.6
US,21,4.49197674357511,5.783303875899293,43.7
US,63,29.12094072553948,33.416972959317306,43.7
US,21,-5.975945274051709,-7.99695730870077,37.7
US,63,-12.463392390439731,-12.311394314442447,37.7
US,21,15.976608184259945,15.969953755099688,41.9
US,63,16.64189466432575,18.239511327631984,41.9
US,21,-4.2700233461388954,-1.9957156140270933,39.9
US,63,-16.068270931545314,-8.559925697304028,39.9
US,21,-3.3176894698718096,-2.0803956838949644,42.2
US,63,-11.203802593085477,-9.722418514647869,42.2
US,21,-9.127848486060087,-10.520545162753326,47.0
US,63,3.3619573500289324,4.868087185516123,47.0
US,21,0.7428516858521306,3.7886106714185908,55.2
US,63,8.897212763203921,10.75169027389945,55.2
US,21,0.7224873753639782,0.5738152128371032,52.6
US,63,9.297671825533538,8.623476810627295,52.6
US,21,2.414249077887143,3.171748476934433,47.2
US,63,12.223846890439738,12.005574209166792,47.2
US,21,-3.308346602433465,-3.620803821906615,50.2
US,63,-21.9500967684647,-13.972139348265555,50.2
US,21,4.411874249553316,5.56128726285846,44.3
US,63,-2.8132563047388315,0.5051814797568999,44.3
US,21,8.303517534029847,4.646089245389029,41.1
US,63,32.989696979797586,24.418655480133108,41.1
US,21,-7.232713076527664,-4.895485493643159,50.9
US,63,-10.645575028953424,-3.480566625150626,50.9
US,21,-0.17610148458553354,-3.591860732714647,40.0
US,63,19.199108107680175,15.833144616327168,40.0
US,21,24.809937006257222,18.844550683485096,29.8
US,63,61.86011255387318,52.01882838280049,29.8
US,21,-12.730562409862255,-11.478900650265787,49.4
US,63,14.972880123378207,15.644134136959575,49.4
US,21,10.71232083636382,11.054452248503532,48.4
US,63,-24.775679597286448,-24.836312577868146,48.4
US,21,6.063648190666426,6.925644498704509,47.2
US,63,7.191177506533775,10.147370690576086,47.2
US,21,-15.687977116115414,-13.633567681830694,43.5
US,63,-26.023839088056768,-22.92893743770538,43.5
US,21,1.5170999276100217,0.7417644150221836,27.7
US,63,-0.7714045815603643,0.9015363109210472,27.7
US,21,8.978963676507012,9.110894773099353,38.0
US,63,11.441762793352716,14.314117114305013,38.0
US,21,19.103831909966896,18.897494362022062,35.6
US,63,-19.368820587639846,-12.698148592841873,35.6
US,21,1.7419550374785375,1.7932602417764065,29.3
US,63,-24.918803935253987,-24.522689739721894,29.3
US,21,5.8327413738893386,2.7293066407512168,37.5
US,63,4.829702001793357,0.8518063195505965,37.5
US,21,5.851168799685724,5.983099896278066,48.1
US,63,-16.281181743349393,-13.408827422397096,48.1
US,21,-1.060040518230565,5.749029786107385,29.8
US,63,8.247311240764565,10.253098681321893,29.8
US,21,-0.05151274980305098,6.9669426555622245,34.4
US,63,8.273054368777455,32.966145251943225,34.4
US,21,-17.155768854924926,-17.31825619514055,47.6
US,63,-2.9620212846903415,-9.700785555167425,47.6
US,21,6.2068877222228425,3.669409914461541,33.0
US,63,11.685531636481382,8.611851798522151,33.0
US,21,7.682494320538535,7.125615271972197,33.5
US,63,6.6866179438908935,7.073525812679327,33.5
US,21,-8.710747423147891,-8.319057280062669,38.1
US,63,-25.781599107603668,-19.2382444459796,38.1
US,21,10.80004973575599,9.759386461099263,42.5
US,63,9.35154975902297,12.118481273049252,42.5
US,21,-1.4017102168831341,1.418787593016746,21.8
US,63,0.035314159641308684,3.6512428867357505,21.8
US,21,-5.117725417660091,-4.918020825599001,30.6
US,63,6.478351250222714,9.189357689124888,30.6
US,21,12.559765125201094,12.190752043789166,57.0
US,63,12.622120120119673,13.317854044451527,57.0
US,21,3.7963139003968305,2.9714481611563315,45.2
US,63,-13.216642867420958,-12.335073197168212,45.2
US,21,-2.103583118370256,-2.8059524909339717,38.2
US,63,2.381445655343706,2.0730917957880735,38.2
US,21,-8.329006550275075,14.498279002622795,28.2
US,63,-9.19033010304522,16.821659868655992,28.2
US,21,10.044557900110584,10.080846729138205,54.5
US,63,12.45851167613825,5.9315744402612,54.5
US,21,5.949105078039008,6.1645510894646875,37.0
US,63,18.259224818346166,17.945428441462653,37.0
US,21,1.7605931646925033,-0.22177570087129617,32.9
US,63,6.639637209531779,9.543505966296395,32.9
US,21,9.923349580154706,10.086462960106115,37.0
US,63,9.699608754698685,10.525745458740731,37.0
US,21,11.7855441534636,11.384476101527552,36.5
US,63,9.669272979783706,9.61391771296034,36.5
US,21,-17.86917274865405,-14.711373769547667,44.9
US,63,-27.83487159847191,-21.490241924179465,44.9
US,21,-10.229324565477505,-9.471825166430214,43.0
US,63,-15.548575682201927,-15.766848363474873,43.0
US,21,-19.13825924848527,-17.991600586182134,39.7
US,63,-11.483805618108523,-11.640639152428069,39.7
US,21,31.381790948590016,27.724362659949197,32.2
US,63,50.29948892133931,41.72844742167483,32.2
US,21,16.655616275397623,16.401539384361108,40.2
US,63,14.065170893832079,16.57287623367506,40.2
US,21,6.921611378568615,10.06995648164082,52.0
US,63,-2.5408364509609815,1.1846776052743646,52.0
US,21,-5.6419846574023875,-5.613673701023281,47.5
US,63,-1.8449060305793963,-0.10348739258247974,47.5
US,21,-4.2957188667112405,-6.026573671313307,43.0
US,63,-20.273622130142634,-14.254042928460443,43.0
US,21,2.2348187079226367,2.4549846139920284,39.8
US,63,0.8947668974792489,-0.963054381325934,39.8
US,21,14.598416666180558,16.005686801689357,46.6
US,63,18.370787839021084,19.433230175460235,46.6
US,21,28.629760452945096,28.76169154953744,30.6
US,63,-10.889298666898362,-8.016944345946065,30.6
US,21,-32.15982099594825,-29.340490411993414,47.7
US,63,-31.545126087519105,-28.144272754336942,47.7
US,21,-7.680184728109285,-7.5483742735652175,41.2
US,63,-37.416302775489065,-35.074081769386304,41.2
US,21,-3.815383911132808,-1.87844348688182,36.8
US,63,-16.43076970027043,-15.125822392374356,36.8
US,21,5.986394843598997,7.315874454423232,44.2
US,63,22.448963159724798,16.39339084157243,44.2
US,21,11.852978416552396,11.463179552908787,41.6
US,63,-5.70143864235384,-4.730170824374136,41.6
US,21,23.78517560234197,22.21762203657485,46.8
US,63,56.474510430701216,58.74686459907736,46.8
US,21,-2.128059729769538,-2.1801742932503587,55.1
US,63,-1.2596482481899707,0.7160888136381494,55.1
US,21,-23.85061995567641,-20.495503495484215,40.6
US,63,-19.930068445234795,-18.604219685068635,40.6
US,21,-1.037162471818387,1.0172469624663338,38.4
US,63,-13.77700538673514,-10.682103736383752,38.4
US,21,-12.364134616051182,-10.100378085863316,37.7
US,63,-0.7982357543767749,-0.00541135111197244,37.7
US,21,3.144318601140217,3.4873785854439787,45.1
US,63,47.412111020155564,50.20829425235192,45.1
US,21,18.85867402138024,17.62905843249387,31.9
US,63,27.234872479057938,25.19143925581473,31.9
US,21,-9.332952803368732,-7.2321616224134235,39.2
US,63,-25.914343601353217,-22.202210535876485,39.2
US,21,-8.354270837514143,-6.417330413263155,37.1
US,63,-10.631282074936522,-9.326334767040446,37.1
US,21,-15.51383575777966,-14.08578911344347,39.5
US,63,20.23616334878382,19.77993525235302,39.5
US,21,-24.01291966407817,-15.44284323161975,33.3
US,63,-30.781628457446786,-5.622714131198649,33.3
US,21,15.588015200431204,17.26140861687594,47.3
US,63,-4.729811997627886,-4.322664639872519,47.3
US,21,14.421580618558338,12.944452626192081,43.5
US,63,26.311364519832136,28.67072559249212,43.5
US,21,11.08832059074718,13.732702720422296,49.7
US,63,8.165528763932773,11.214926350553512,49.7
US,21,-12.118131752009042,-8.761780633181537,29.0
US,63,-2.823162061555673,-0.10759561254977124,29.0
US,21,-20.31566081552938,-20.610206749921844,37.5
US,63,-7.697155099614916,-3.697362649329749,37.5
US,21,-7.751585084433632,-5.203254801484658,40.4
US,63,30.99227280219623,33.84294874979804,40.4
US,21,-18.739908518675186,-16.922604658263218,49.7
US,63,-9.366630441151925,-9.426160386079141,49.7
US,21,-6.654947013096035,-6.8859200941080445,37.0
US,63,-8.64726213705499,-9.038381018287854,37.0
US,21,3.546462204292,1.8622050134894375,31.7
US,63,4.444413825674354,3.0991379318481727,31.7
US,21,0.016334426974262684,4.408180612802759,15.3
US,63,-0.06171350691214217,7.26168327542014,15.3
US,21,2.0011298972105074,5.1494750002827105,37.1
US,63,-4.225041131598872,-0.49952707536352614,37.1
US,21,1.3336086456962937,-0.5052723227277234,45.6
US,63,-10.50934341331824,-10.763229887036019,45.6
US,21,-8.229786431338004,-5.409288621438124,45.0
US,63,-13.419973161250343,-9.804044434155902,45.0
US,21,2.112185534039246,1.40981616147553,47.7
US,63,7.142858575697009,6.834504716141376,47.7
US,21,5.022917904287105,1.365489615646287,39.5
US,63,0.29330861530683094,-8.277732884357647,39.5
US,21,9.223984959193832,9.509065618973178,32.5
US,63,2.4250440590800393,3.899618570348473,32.5
US,21,-5.00588400395201,-2.7054200734737743,46.3
US,63,-20.624753448201815,-15.83864020545257,46.3
US,21,-8.544556800916748,-7.116510156580558,38.4
US,63,20.370680749133506,19.914452652702707,38.4
US,21,-10.846968560220727,-8.554117206060063,34.6
US,63,29.783192504418544,31.122800681581488,34.6
US,21,6.846828760817725,7.348336465875349,45.5
US,63,4.472455965458155,4.693713633911867,45.5
US,21,-1.0408286954163848,-0.4744560010608412,35.4
US,63,-1.505330884336642,3.63930088224752,35.4
US,21,-11.391836474292205,-8.645165826821499,48.3
US,63,-13.31525649927745,-11.30505907580478,48.3
US,21,-11.446598626050243,-11.314788171506175,45.5
US,63,11.426376567378703,13.768597573481467,45.5
US,21,-11.236963348435602,-11.276638938412109,40.3
US,63,-11.236963348435602,-11.276638938412109,40.3
US,21,5.1451595495916935,39.766928858499355,41.0
US,63,6.433955469805186,29.169890272953403,41.0
US,21,2.794887035066207,1.3189892077462684,27.3
US,63,5.322319740207071,5.776078464625501,27.3
US,21,3.2899699273473137,3.7695234168329206,34.1
US,63,3.702598075458141,4.781353097362184,34.1
US,21,-1.1283079771342241,-0.26696176808868044,39.8
US,63,2.059974691154798,4.620625148611102,39.8
US,21,0.7863844344061732,0.2553762289587924,32.8
US,63,-15.805925738193604,-12.078917130712153,32.8
US,21,-9.197429787700228,-8.361706065682462,51.4
US,63,-16.793612226213117,-16.67575594718348,51.4
US,21,3.489652443560942,7.64552150172273,28.3
US,63,19.828105451275647,21.916195546721994,28.3
US,21,1.9487959052231218,5.659449662167482,52.3
US,63,3.7291885895804455,8.110833901617887,52.3
US,21,2.3750558565051705,5.099128584444057,50.8
US,63,10.184602503771378,14.141238968647485,50.8
US,21,9.39012058827229,9.112794347183861,43.1
US,63,15.417237317960497,18.295558427173685,43.1
US,21,14.188722488421334,16.002616435462123,44.4
US,63,33.91710713014269,36.32252004573591,44.4
US,21,2.9825746511873197,0.8170466961949341,36.7
US,63,13.319751482892173,14.230364281909013,36.7
US,21,-6.752375104322283,-6.48828265845367,37.3
US,63,22.538874714204727,22.77801296274361,37.3
US,21,-6.519469828427516,-3.189489581090888,42.3
US,63,0.8461149872120322,3.5313101120378887,42.3
US,21,5.71966446501222,3.380883995431172,44.1
US,63,16.83363244465439,9.41734788024278,44.1
US,21,6.307610849299583,6.28239865761222,50.2
US,63,22.139440796120024,21.528238780432883,50.2
US,21,-3.924240240893706,-0.8687636149780631,31.7
US,63,-8.479098916003224,-2.685039423872581,31.7
US,21,5.201290560421201,8.911944317365561,42.6
US,63,18.019138080168418,22.40078339220586,42.6
US,21,10.418336847613086,10.581450227564492,44.6
US,63,-1.8375451244559748,-1.0114084204139284,44.6
US,21,-5.9459346191784945,-2.6159543718418665,42.3
US,63,1.1154665743266623,3.800661699152519,42.3
US,21,5.7918793043066685,3.453098834725621,44.2
US,63,16.838544340103322,9.42225977569171,44.2
US,21,-4.153085342963713,-1.0976087170480704,34.1
US,63,-8.607146024874323,-2.8130865327436805,34.1
US,21,4.688401088684668,8.399054845629028,42.5
US,63,17.82107827146211,22.20272358349955,42.5
US,21,12.915219156484659,13.078332536436065,45.3
US,63,-0.6113988645006341,0.21473783954141235,45.3
US,21,13.592090855589479,9.93466256694866,33.5
US,63,42.343367048332055,33.77232554866758,33.5
US,21,-4.410832757344063,-3.949882721660103,38.5
US,63,-17.509542815019607,-10.540470147776992,38.5
US,21,1.184763083049023,0.9784255351041882,47.3
US,63,-17.672043130064274,-11.001371135266302,47.3
US,21,-1.3804272243178262,-0.4963448766070022,38.1
US,63,17.127861471135542,18.252948933704552,38.1
US,21,-20.598788844909443,4.861986374216276,37.2
US,63,-2.972107534554025,21.525037657041192,37.2
US,21,10.637101992240282,8.894975430690376,42.7
US,63,7.021143372277439,5.743786006917939,42.7
US,21,-3.6465138563319566,0.5093552018298309,34.3
US,63,13.22692459871815,15.315014694164498,34.3
US,21,-3.4559035518465286,-3.960512440431585,50.2
US,63,-0.621248345610026,-0.9296022051656583,50.2
US,21,6.819666135920888,8.875979174951675,33.7
US,63,5.505465587763614,6.758449401236288,33.7
US,21,13.302666295819797,13.3867849422439,46.4
US,63,8.230678821387638,9.877091150252504,46.4
US,21,25.52763829691591,25.449584511507826,33.5
US,63,6.231154748181567,7.8461683141352045,33.5
US,21,42.880928562727874,42.82881399924705,42.9
US,63,40.63279823285184,42.60853529467996,42.9
US,21,21.058312754497678,23.1127221887824,41.7
US,63,5.561548346858136,8.656449997209526,41.7
US,21,-7.581313295600511,-7.9503263770124395,38.1
US,63,21.41547985982255,22.111213784154405,38.1
US,21,8.61201201813575,8.107403129550693,47.7
US,63,12.179964301526969,11.965375966188718,47.7
US,21,-16.035404090948692,6.791881461949178,32.7
US,63,1.165070425465431,27.177060397166642,32.7
US,21,-4.399792533249924,-1.2925304234587038,54.9
US,63,-4.99917278973342,-6.314875476915394,54.9
US,21,6.123691529862918,4.980810118845702,37.8
US,63,4.447185732570413,3.6027139324582125,37.8
US,21,-1.8724731375860393,-1.8341223496882275,34.8
US,63,-15.599684250981849,-10.250781247595697,34.8
US,21,-1.4777928826990583,-0.5207504367798044,45.1
US,63,-18.58218302788718,-19.543173857226783,45.1
US,21,-5.983772851913571,-4.386825007505445,32.6
US,63,-3.396835829592104,1.4674077295936505,32.6
US,21,4.380326149818825,5.579482372354272,31.3
US,63,5.081739471964464,9.050634467223817,31.3
US,21,-9.510716269462428,-10.947194159774433,41.8
US,63,-0.5584003054972086,5.28273664970178,41.8
US,21,13.928937536896257,11.692586222566081,42.6
US,63,13.140704368398781,12.12267665475293,42.6
US,21,-4.515589982239165,-1.6962593982843273,42.2
US,63,-4.878540214791716,-1.4776868816095527,42.2
US,21,3.7062855162722785,3.6772739420791067,46.6
US,63,-37.75796827187744,-34.95768042811136,46.6
US,21,-0.9822111756559337,1.072198258628787,38.0
US,63,-13.724444970128502,-10.629543319777113,38.0
US,21,-12.44792292722372,-10.184166397035854,37.5
US,63,-0.9114642575794751,-0.11863985431467272,37.5
US,21,3.1758907820284676,3.5189507663322295,45.1
US,63,47.39413412637066,50.190317358567015,45.1
US,21,18.853380893716153,17.623765304829785,32.2
US,63,27.180456187593037,25.137022964349832,32.2
US,21,-9.40816885536112,-7.307377674405812,39.3
US,63,-25.927001434796626,-22.214868369319895,39.3
US,21,-8.373546141406896,-6.436605717155908,37.1
US,63,-10.714282755422943,-9.409335447526868,37.1
US,21,0.21701798916324844,-1.945474089190169,38.0
US,63,-3.135143870626489,-6.68525590780723,38.0
US,21,2.3527807785929555,3.540386799888695,39.0
US,63,13.199174637081601,13.573752983464216,39.0
US,21,4.187392361331255,8.068588719661973,26.1
US,63,1.7623726221619895,6.000247831425631,26.1
US,21,4.543676810062713,8.321945510522188,23.3
US,63,28.566444842434493,30.271173722783985,23.3
US,21,-0.5483624409667431,2.272135368933137,30.2
US,63,12.378633065973265,15.994561793067707,30.2
US,21,9.24530138027806,10.668796856294183,25.8
US,63,8.81154609986423,12.117349241812512,25.8
US,21,5.2153503578960425,5.879456928660742,35.0
US,63,-22.12171549398294,-21.45760892321824,35.0
US,21,-3.1824159386034,-1.3651120781914328,51.9
US,63,7.7883309713235205,7.728801026396304,51.9
US,21,-2.373212230690158,0.7340498791010619,21.3
US,63,-3.802964001671516,-5.118666688853491,21.3
US,21,0.5245991751190004,-1.8511582589485043,25.6
US,63,18.410141126833302,14.899652590937574,25.6
US,21,-10.199139539079471,-7.190331427887331,35.0
US,63,-11.07824538291916,-6.672399260138772,35.0
US,21,-41.65931226499608,-38.96238515159831,21.4
US,63,-33.11767825736934,-33.47906568689235,21.4
US,21,-16.4870231000104,-16.355092003418058,46.2
US,63,-21.077840080271592,-18.205485759319295,46.2
US,21,6.983984549796984,9.766804501500781,40.8
US,63,-4.270458647781428,-0.7754362530816743,40.8
US,21,6.114132183579879,6.334298089649271,39.9
US,63,12.182973475328307,10.956235098668143,39.9
US,21,12.838153200239866,10.816834852495138,32.3
US,63,76.29528521071917,77.2540574971929,32.3
US,21,18.67229388935265,18.46377678569082,46.9
US,63,44.78067012497944,46.69289799821288,46.9
US,21,1.1217500354995247,-2.5356782531412936,54.6
US,63,10.492264265539308,1.9212227658748304,54.6
US,21,12.393127854077935,12.077220536226308,49.2
US,63,26.686114251879054,27.192890176624715,49.2
US,21,-8.724776655347855,-4.98593921812599,54.9
US,63,-6.404414329988139,2.6417925528426807,54.9
US,21,-10.589349143780058,-9.063749788751519,39.6
US,63,-35.10717537523973,-34.295971379692745,39.6
US,21,0.501547301841887,-0.0857960139721392,52.8
US,63,6.251657245964415,4.412031918976855,52.8
US,21,-36.245126603725794,-2.6588556471839553,33.9
US,63,-10.671367229617246,12.235690833061373,33.9
US,21,4.289587431350572,-0.4998562850309307,35.2
US,63,6.19727806926742,-3.5594391317202545,35.2
US,21,-6.587538298894846,-6.368019491059385,41.1
US,63,6.008660215789519,6.1516005959747595,41.1
US,21,-6.702293781204316,-3.216062804175091,38.8
US,63,-21.93725027557385,-14.494080771243233,38.8
US,21,4.57514262217098,5.186151753457413,40.5
US,63,16.44170383282455,15.137765359495715,40.5
US,21,6.540602335263301,7.703135960387408,40.9
US,63,14.248397468717355,15.672378014999522,40.9
US,21,2.6615646741624754,1.8492016294344271,41.4
US,63,-17.026079796543158,-9.993501578988106,41.4
US,21,4.78150195834095,8.283112072868338,45.9
US,63,-0.5768246387318432,1.1666258718595723,45.9
US,21,7.458393426819598,6.746415115432636,37.5
US,63,26.632534193620504,24.666722203049172,37.5
US,21,-38.70225361884666,-35.23968478424735,41.6
US,63,-36.35202060034588,-25.113938978849085,41.6
US,21,-9.759759209540908,-9.61648904986443,39.0
US,63,-20.996001658009998,-18.83478050147108,39.0
US,21,7.450643427938575,7.5299719342777465,36.5
US,63,26.322634531688017,29.028676364373506,36.5
US,21,-9.605306037445194,-6.250189577252996,27.2
US,63,49.63325909301803,50.95910785318419,27.2
US,21,-19.79646636646323,-15.637121071218841,51.5
US,63,-0.07269058340598766,6.408947502605011,51.5
US,21,0.48717331022349875,-0.3251897345045496,41.0
US,63,-10.091980490124609,-2.586651680529074,41.0
US,21,-4.523191345488331,-2.922399930690789,41.1
US,63,-16.882738837981613,-13.465709860121587,41.1
US,21,5.375273718320339,3.841050152166292,33.0
US,63,-12.30911261647657,-12.964589040471608,33.0
US,21,-4.933995792716317,-1.8267336829250969,43.0
US,63,-3.0297005546388145,-4.345403241820788,43.0
US,21,-0.8003136174696501,-0.042814218422360106,43.1
US,63,3.1439321657028563,2.92565948442991,43.1
US,21,7.1023828494725105,6.390404538085548,52.0
US,63,14.703047730636154,13.08204886507185,52.0
US,21,-3.843182748714269,-1.5503313945536057,44.6
US,63,13.643566058324508,14.98317423548745,44.6
US,21,3.550041876282539,-0.10738641235827906,46.2
US,63,20.33001796820013,11.758976468535653,46.2
US,21,8.12444679302089,8.26771695269737,46.4
US,63,4.7116906736039965,6.872911830142914,46.4
US,21,-1.0045150503184441,2.238552997249732,52.9
US,63,6.475694114760477,7.6312900717366965,52.9
US,21,0.12143320215534104,0.2533642987476825,49.4
US,63,10.272745849222753,13.14510017017505,49.4
US,21,1.43328653139565,1.2269489834508152,49.9
US,63,-9.88058008379602,-3.2099080889980467,49.9
US,21,5.154912137321532,5.189914859220401,45.8
US,63,5.154912137321532,5.189914859220401,45.8
US,21,-6.923388306555712,-5.748001923898572,45.2
US,63,-27.099736188852862,3.9000974528940695,45.2
US,21,4.278740103946332,4.315028932973952,54.5
US,63,36.15338127757297,29.62644404169592,54.5
US,21,8.571594121053039,10.62600355533776,52.9
US,63,10.266949060905173,13.361850711256562,52.9
US,21,1.4707153070904422,0.6583522623623939,37.3
US,63,-14.907369640110868,-8.190351469318724,37.3
US,21,2.2190870344747315,4.584059333344815,33.1
US,63,2.3018852345294105,3.317083125595144,33.1
US,21,3.4027722259000415,3.6741999265674896,38.8
US,63,9.500862066816929,11.940017167849426,38.8
US,21,-1.0315399451125473,2.5386285823393084,44.1
US,63,6.615672789010207,5.32763045153688,44.1
US,21,-0.9522814815001279,-4.3861058330518565,38.1
US,63,-6.086719073439529,-14.423557267716303,38.1
US,21,1.0181027408170618,-0.1247786702001541,35.9
US,63,3.184950542430265,2.340478742318064,35.9
US,21,4.813013604001615,4.318765813731873,27.4
US,63,4.010356995692987,10.121485866330682,27.4
US,21,-0.4007660483837938,1.0065040871250042,47.0
US,63,3.134831112519354,4.197273448958505,47.0
US,21,8.95653875592204,6.456715305374906,40.1
US,63,11.521935350186908,9.111360000323888,40.1
US,21,0.21441345749448892,1.5673201147362814,32.6
US,63,1.652640528538285,6.008377798323162,32.6
US,21,-29.209824625501003,6.133466555537606,38.5
US,63,-13.596511751090922,10.181672213520844,38.5
US,21,-3.8746272984575003,-7.3084516500092285,44.2
US,63,-3.047258240407469,-11.384096434684244,44.2
US,21,5.966514363239783,8.241132491208669,39.0
US,63,8.525596917025169,9.998676346865254,39.0
US,21,-1.4490399308045188,3.163342243716283,32.0
US,63,-0.15048586689503374,5.843203621821525,32.0
US,21,5.054391639683309,4.807705422136266,47.2
US,63,-2.450469734925298,-1.0448174664124843,47.2
US,21,0.4191068272766385,-5.5462794954954875,28.2
US,63,36.48744998673443,26.64616581566175,28.2
US,21,5.976978261704069,6.633253160929275,42.3
US,63,17.008788568147317,17.326291730900145,42.3
US,21,-2.3216355529742216,0.7338410729414213,40.1
US,63,-3.365223094813108,2.428836397317535,40.1
US,21,12.94747885711207,13.410384989987355,40.7
US,63,19.53970624494992,18.10965863395784,40.7
US,21,1.2144733474106495,0.1359077201606107,34.5
US,63,-10.442734259222753,-13.000900325753118,34.5
US,21,-6.014933912921916,-2.6293478144529425,47.5
US,63,-16.22137371065131,-12.04356737829777,47.5
US,21,-4.960416615256891,-4.064687299120718,45.3
US,63,-6.770792725916264,-8.563563874782421,45.3
US,21,2.461720154385927,3.5091585872593867,53.9
US,63,8.110705469057255,8.289858287127204,53.9
US,21,9.28442115162158,10.472027172917318,28.4
US,63,7.542817955107317,7.917396301489932,28.4
US,21,8.613926525032966,10.613961918231627,32.0
US,63,28.684468854690557,33.43060909948877,32.0
US,21,10.851474882183476,10.303856051641858,32.1
US,63,-2.618238230000536,0.26008287921265305,32.1
US,21,17.8255171943388,18.02522178639989,40.5
US,63,23.347359385855682,26.058365824757857,40.5
US,21,-6.771998884694952,-8.414843556996022,35.7
US,63,14.748710851367242,14.449262120809504,35.7
US,21,13.303330672235347,15.268082911604107,35.1
US,63,4.424325385412353,5.715963130415758,35.1
US,21,7.621401357913915,6.66829577622321,46.5
US,63,-8.067683084486655,-6.0508715709368115,46.5
US,21,7.0126296404395605,6.827910839646623,39.4
US,63,-7.118132163278368,-5.378347122272742,39.4
US,21,10.202337147231887,10.238625976259506,38.1
US,63,45.31201652477985,38.7850792889028,38.1
US,21,7.0245648302880825,7.702228190029981,50.5
US,63,-20.39317983284158,-14.150150825646213,50.5
US,21,5.867177999737527,5.296262027012388,42.9
US,63,-26.93154344019757,-25.17651765663247,42.9
US,21,3.3273076734550155,3.83160985642671,43.4
US,63,-19.601935809255945,-13.607949831724444,43.4
US,21,13.565529226102392,13.372516623879017,40.9
US,63,-1.5658150423058181,1.900501722997705,40.9
US,21,-3.330691299663413,-5.140074083095558,50.5
US,63,-13.114757247496467,-18.15073358355621,50.5
US,21,10.230854682580116,10.848754211708778,51.4
US,63,18.12258632299837,20.468228661682133,51.4
US,21,5.2321027265068265,5.095620867528172,43.3
US,63,2.5537339359873013,0.7764859350449793,43.3
US,21,11.905420200941785,12.558130880046203,33.0
US,63,31.35025485944205,34.686114061025464,33.0
US,21,-0.8928144704864471,-0.9218260446796189,47.8
US,63,-22.29594412649407,-20.149466070823394,47.8
US,21,8.990680790864891,8.451864876904791,45.8
US,63,-20.49228026796849,10.129655915340528,45.8
US,21,2.6339565307273105,4.912104395165162,38.3
US,63,6.392907080881671,7.796113821811035,38.3
US,21,9.030550884062105,8.718093664588956,39.5
US,63,-11.124230000505476,-3.1462725803063307,39.5
US,21,5.024231007201885,6.838124954242675,44.3
US,63,6.959767999829269,9.365180915422489,44.3
US,21,27.586859585190005,22.797415868808503,42.3
US,63,22.292791852716533,12.536074651728859,42.3
US,21,13.531015193243089,13.259674074050508,34.9
US,63,13.29160354038752,13.27243863724894,34.9
US,21,3.228647105581417,2.8986073896935194,47.3
US,63,8.451773040778132,11.28584011747068,47.3
US,21,4.551049556779874,4.894109541083635,35.1
US,63,14.556952397724586,17.353135629920946,35.1
US,21,-2.2837162801338073,-1.9431575036946924,44.5
US,63,23.711770141424537,23.837876342212695,44.5
US,21,2.2256714986143677,0.3880764061894526,42.4
US,63,2.206420721013158,0.7083181028324059,42.4
US,21,30.368403164261725,29.882852512610334,35.3
US,63,39.86060591903535,40.461090696255084,35.3
US,21,-8.52838177150611,-9.352873989424893,37.5
US,63,1.5652423716657982,-0.01869247715236,37.5
US,21,10.8628918090242,11.397508854764704,48.3
US,63,-6.415050643690701,18.827494871631043,48.3
US,21,-8.266445114881959,-8.311919368308917,33.6
US,63,23.295112082367208,23.292673119763396,33.6
US,21,-0.1289936756043164,-0.33069859519251343,43.7
US,63,8.850251547509046,12.147051626665183,43.7
US,21,-2.772824282734243,-6.859128253527813,53.8
US,63,3.883376422208662,0.6692037269982132,53.8
US,21,-11.403419198629983,-10.901911493572358,44.9
US,63,10.901331117969292,11.122588786423004,44.9
US,21,12.464134210128908,12.257796662184074,28.9
US,63,-40.99511264260512,-34.32444064780715,28.9
US,21,-2.5221378212486156,-5.354923976831039,27.9
US,63,-3.827288240822102,-9.856106216890058,27.9
US,21,3.9914516960722013,4.596401467433264,38.2
US,63,4.661009881280265,5.867276394784482,38.2
US,21,5.3474463765401214,5.810352509415406,49.0
US,63,4.154393999335526,2.724346388343446,49.0
US,21,0.43297124692389666,1.7858779041656891,47.3
US,63,1.9757330372918158,6.3314703070766924,47.3
US,21,-2.169166219211205,-1.163089811506468,41.6
US,63,4.0713858375289735,5.133828173968125,41.6
US,21,1.6810166647705405,0.321970809730332,55.4
US,63,11.021024736794228,11.82458708264672,55.4
US,21,2.625130556952282,4.917981911112945,45.5
US,63,12.850319828282753,13.97664330689913,45.5
US,21,-6.451273691761317,-2.7124362545394525,44.3
US,63,2.8041448488437704,11.85035173167459,44.3
US,21,2.056187776170071,1.1994711791455392,39.6
US,63,-2.1356981662126073,-1.5945705132825783,39.6
US,21,1.7130406934298126,1.1341714182800278,46.7
US,63,5.453000045210521,4.775836035208747,46.7
US,21,-2.3015845561733417,-3.4414963965192835,31.9
US,63,-3.2021843665831717,-4.286336280327707,31.9
US,21,3.2422399420297676,3.55070537719554,30.9
US,63,0.8529975089037523,1.1614629440695245,30.9
US,21,7.529601782328954,3.872173493688136,49.0
US,63,21.270827665576462,12.699786165911984,49.0
US,21,-3.3839509696992676,0.1022800073299579,41.4
US,63,-9.468102003334423,-2.024932499003807,41.4
US,21,10.908121800504599,11.160046689126755,51.5
US,63,46.81541697302771,40.75984465487534,51.5
US,21,-15.871126134182656,-14.594986130224452,44.9
US,63,-2.298202019931561,-1.0241295709272458,44.9
US,21,5.7289017078488325,6.346801236977495,40.5
US,63,22.165446233907815,24.51108857259158,40.5
US,21,7.446851009192157,8.24880626748743,44.4
US,63,-1.745884759519789,5.713279774289848,44.4
US,21,-11.338398605293076,-9.283989171008354,39.2
US,63,12.190322704874902,15.010619379420564,39.2
US,21,12.582373810028713,10.08255035948158,53.2
US,63,13.992009151278273,11.581433801415253,53.2
US,21,12.359077192681035,13.313865408439263,34.9
US,63,20.328355244677066,25.472987011261228,34.9
US,21,-24.14466209660948,-23.813585672109838,46.9
US,63,-21.917647484340964,-20.418133259307517,46.9
US,21,-3.0880955485239503,-7.7490588652497365,49.2
US,63,-9.535755059331287,-19.149785177995483,49.2
US,21,-2.2176842830841315,-0.6296806441981162,49.6
US,63,12.766170242837127,8.384155406026483,49.6
US,21,5.717063878689732,6.9162201012251785,29.1
US,63,9.01604170011463,12.984936695373984,29.1
US,21,-0.5562519814035549,-1.397150858498064,45.4
US,63,10.441268670241776,8.395206660136445,45.4
US,21,-5.998399849726366,-2.02102885917933,52.5
US,63,-4.228590179509462,0.7477691962833202,52.5
US,21,-11.478921786060582,-11.167823692853519,27.1
US,63,-17.049222306179445,-15.877130116129845,27.1
US,21,2.49212711068445,3.907518484999417,40.1
US,63,2.9484137879278505,4.074737266544226,40.1
US,21,4.935886137305023,7.245074228216275,30.8
US,63,17.12102684997503,20.146672966030913,30.8
US,21,7.027523268674907,6.215160223946858,42.0
US,63,-10.152461702868198,-2.647132893272663,42.0
US,21,11.111075981514439,12.197973806223082,38.7
US,63,4.898056277888796,4.819558446916838,38.7
US,21,11.160031045408969,12.588077689745159,52.3
US,63,8.138393549507338,7.682165453076538,52.3
US,21,18.606981212040942,14.949552923400123,36.4
US,63,38.55101443070312,29.979972931038642,36.4
US,21,9.255678533233503,8.925638817345606,45.0
US,63,3.0071347482456323,5.84120182493818,45.0
US,21,-0.4738424526616436,0.0925302416939,41.7
US,63,-10.35476336736001,-5.210131600775847,41.7
US,21,12.242536172509011,12.326654818933115,23.7
US,63,25.558463620330674,27.20487594919554,23.7
US,21,0.8098591977480307,0.40879114581198195,38.3
US,63,6.3156023126375915,6.260247045814227,38.3
US,21,-2.796315029654073,-2.212920713097577,52.3
US,63,-5.451765633908789,-2.033139528252559,52.3
US,21,-3.989945641398629,-3.207492485124208,44.3
US,63,5.692776182393522,4.18931354151193,44.3
US,21,1.9838259493170973,3.746285359820456,44.8
US,63,57.07032486206089,57.24747599600322,44.8
US,21,8.317965443426068,8.533408338308046,46.9
US,63,46.56895690188079,49.77060405137117,46.9
US,21,-31.411741402524495,-31.763586781220887,41.9
US,63,-43.88806909056587,-37.72705200818239,41.9
US,21,-26.924168670077975,-23.237628422707836,38.8
US,63,-22.550408500892193,-20.25103789909086,38.8
US,21,-8.834217581735205,-7.074229266208676,50.6
US,63,-8.850727359321864,-10.394302211253237,50.6
US,21,3.5015072435084615,5.298732291021036,33.5
US,63,27.25903583093796,30.915178053862903,33.5
US,21,-10.746273647382997,-10.977246728395006,44.3
US,63,-3.3632884633335802,-3.754407344566446,44.3
US,21,11.038098726111967,12.289760485708435,43.0
US,63,20.845435015395264,21.516689028976632,43.0
US,21,22.47826985046317,20.051972396962324,55.1
US,63,8.254948810033058,7.599402244426723,55.1
US,21,-1.7241332229576578,0.330276211327063,44.9
US,63,-5.0661235265068605,-1.983861112813412,44.9
US,21,24.38490489395706,26.59981295853364,31.7
US,63,18.520218009836963,21.937246987696987,31.7
US,21,66.98044641235855,65.4462228462045,46.4
US,63,185.83118913297082,185.1757127089758,46.4
US,21,7.18311923010575,6.7664778249427515,52.2
US,63,19.714127274941596,18.426479001892783,52.2
US,21,14.905397596883518,11.247969308242698,44.6
US,63,33.36703742785596,24.795995928191484,44.6
US,21,-6.092138224620392,-5.137350008862163,47.7
US,63,-15.559947385035821,-10.41531561845166,47.7
US,21,6.289766067583158,5.920752986171229,40.9
US,63,19.746661909520967,20.44239583385282,40.9
US,21,10.611958554158996,10.889527763898887,32.2
US,63,-4.565703537962951,1.9776511236611176,32.2
US,21,4.834033149299,6.88844258358372,34.1
US,63,-0.9639080493983987,1.5142941407378374,34.1
US,21,8.089982914004468,7.467604297656694,37.4
US,63,19.35968556085328,19.520691691875093,37.4
US,21,-2.9849178369262486,-2.8218044569748413,36.6
US,63,-9.640251146146051,-8.814114442104005,36.6
US,21,3.445540229077415,3.3886021327954152,44.4
US,63,45.68816896135388,41.135897196274996,44.4
US,21,9.213515959189355,12.481502106535402,47.6
US,63,9.197352325258223,17.098334980621054,47.6
US,21,-10.341910657026588,-8.64864040898803,39.9
US,63,-6.274197525611713,1.2503860386247512,39.9
US,21,-1.682287204734878,-1.3392272204311162,38.8
US,63,-18.164236371799802,-15.368053139603443,38.8
US,21,-2.191580143349292,0.31402113864807957,42.5
US,63,-4.735063603730493,-0.5445488116927573,42.5
US,21,-4.755188195147719,-5.200463220438111,34.0
US,63,-33.88542571617317,-23.370262961525555,34.0
US,21,13.158755421876922,11.13774338722786,40.9
US,63,92.4256265094735,93.00251266002732,40.9
US,21,-11.246366730021684,-11.046662137960595,42.6
US,63,26.46773587222395,29.178742311126125,42.6
US,21,4.5159940103638885,2.63403429673148,46.0
US,63,12.585229609223948,12.088109780604128,46.0
US,21,-11.16877411643541,-10.689220626949803,29.9
US,63,-3.2223151021502083,-2.143560080246165,29.9
US,21,6.9475205610951996,6.359350971448285,43.2
US,63,6.3858956508202835,5.9588319116243404,43.2
US,21,3.0463720059710653,4.976534865583226,33.6
US,63,-15.735826878272007,-8.499588588425011,33.6
US,21,5.49210932260058,8.61270345561852,46.2
US,63,11.514117304947135,15.90263956912974,46.2
US,21,3.3696214693425874,3.3770235744052357,41.4
US,63,1.5464071692634418,1.974977320908955,41.4
US,21,3.7752703379934083,5.876061518948717,42.5
US,63,2.737537637094989,6.5691339934583315,42.5
US,21,3.3003525165096415,4.306428924214378,43.0
US,63,9.138135682920701,10.200578019359853,43.0
US,21,-6.628493164077409,-7.029561216013458,48.1
US,63,-11.43320346570208,-11.488558732525444,48.1
US,21,13.267083632133048,11.579213265929123,27.2
US,63,18.030379488573157,19.43952523180924,27.2
US,21,5.642494296330969,6.14676190265574,53.9
US,63,14.78494935033654,41.36963486083508,53.9
US,21,0.7001043707531629,2.974722498722049,31.5
US,63,14.544557804527791,16.017637234367875,31.5
US,21,9.638753310336924,10.691268976640135,39.3
US,63,29.71736384033914,33.15378778514428,39.3
US,21,7.794267178715786,10.127965997959631,31.6
US,63,18.709505962234974,22.47027763148255,31.6
US,21,12.496973232497277,11.684610187769229,30.3
US,63,36.04583187626245,43.078410093817496,30.3
US,21,10.849303360269257,11.263637296723383,44.7
US,63,31.699053550086397,32.52257989426642,44.7
US,21,-5.8355456721956855,-5.246620854785588,45.9
US,63,34.85410908151907,61.37521276869555,45.9
US,21,-10.20486806682095,-8.44240865631759,47.1
US,63,37.237471071510654,37.41462220545298,47.1
US,21,55.147712226446814,52.739469673723896,36.2
US,63,-8.464047745346493,-7.51696597497582,36.2
US,21,24.778590962053258,22.69956149547516,27.1
US,63,7.583026849626684,7.961897153900932,27.1
US,21,10.620528149957774,9.845192637369937,27.7
US,63,4.561127718009805,6.234068610491217,27.7
US,21,3.329048538491053,3.410278690624824,45.4
US,63,31.631820626082675,34.98897816107001,45.4
US,21,8.001020005413228,10.093520210965899,42.7
US,63,0.8731127913135239,2.7480399304385394,42.7
US,21,10.124279271945259,11.649878626973798,45.1
US,63,39.69113309701293,40.50233709255991,45.1
US,21,-17.20386856435111,-13.320999768369237,31.7
US,63,-32.36741710518493,-23.42767253476449,31.7
US,21,6.931498689332205,6.229129316768489,37.2
US,63,30.898549780195573,30.590195920639943,37.2
US,21,-11.429551404575388,-11.592038744791012,53.1
US,63,-8.356045109935973,-15.094809380413055,53.1
US,21,-4.393810368056528,-6.931288175817829,39.7
US,63,-2.4103103160144745,-5.483990153973705,39.7
US,21,7.016500013911675,7.6433480480128875,35.8
US,63,0.904291005761948,5.453235623936459,35.8
US,21,0.8274443274464582,-0.5029593510013752,38.6
US,63,21.260065773960246,21.451075753227844,38.6
US,21,16.312058476469726,16.67828841629738,32.6
US,63,-53.191486393611996,-50.465335054158324,32.6
US,21,-50.60240907616461,-49.17436243182842,41.0
US,63,-33.13252791418425,-33.58875601061505,41.0
US,21,41.520469140828695,41.289496059816685,36.0
US,63,156.72513266390231,156.33401378266944,36.0
US,21,1.4789546644493168,-0.09847669633027412,37.8
US,63,22.753128653920697,23.156397240320384,37.8
US,21,-27.948303765449733,-26.642289078914736,27.8
US,63,-27.948303765449733,-24.74665661595935,27.8
US,21,-16.837776470092912,-16.08095737847238,36.9
US,63,48.04928557650789,47.79773547882544,36.9
US,21,-19.49806535743871,-15.338720062194321,40.7
US,63,-8.6872552930077,-2.205617206996701,40.7
US,21,25.897428906332443,26.457034345987452,35.5
US,63,91.28204758272301,89.82997705060399,35.5
US,21,8.317581481916147,10.947858642436758,45.4
US,63,-1.7013261481454656,-0.48279229675425306,45.4
US,21,7.830814652048135,8.108383861788028,26.6
US,63,-11.69878753942497,-5.1554328778009015,26.6
US,21,-2.6797012763001837,-3.5313707068577505,18.3
US,63,-8.665652065582218,-9.048855330954574,18.3
US,21,0.4045506726352954,1.7793483581617586,44.5
US,63,23.71188574147012,25.270092264712055,44.5
US,21,-3.0578214004238435,-0.7649700462631803,41.4
US,63,-11.50009036225904,-10.160482185096097,41.4
US,21,9.430370451029013,10.617976472324752,36.6
US,63,17.568135910545447,17.942714256928063,36.6
US,21,-11.35486478400145,-11.849941419538233,54.2
US,63,1.0274438861568536,5.673937201813161,54.2
US,21,-2.941503936725487,-2.3603295983091077,47.8
US,63,1.1912013690351664,-4.057874761707225,47.8
US,21,3.2510868842872576,2.117829388278647,37.2
US,63,5.864733243145515,3.2510747215746427,37.2
US,21,-8.596187530895016,-5.23983641206751,49.0
US,63,-3.428336559027878,-0.7127701100219763,49.0
US,21,7.56805394579978,7.652172592223883,41.1
US,63,3.3353888615979876,4.981801190462853,41.1
US,21,-17.70269095224212,-17.22313746275651,50.0
US,63,-0.1912974982992921,0.3748452443467887,50.0
US,21,4.65497344024266,7.362063104476524,43.8
US,63,23.746231152526185,25.026960811489904,43.8
US,21,-4.559177946047843,-2.504768511763122,34.1
US,63,8.866093724928724,11.543170031246296,34.1
US,21,1.0280278510905738,-1.462378894033689,32.0
US,63,22.493068851571852,22.699749146650927,32.0
US,21,3.1788048351665488,6.463566343535787,32.6
US,63,8.609266253104654,9.472061520000297,32.6
US,21,-2.4166663487752316,-1.7898183146740188,42.7
US,63,-7.833329836527502,-3.402370168522406,42.7
US,21,20.0701138692164,19.25775082448835,30.4
US,63,-5.346184617308292,1.6863936002467605,30.4
US,21,-7.949789325758627,-2.8732533681807952,32.1
US,63,2.426777962190285,5.0455595157760875,32.1
US,21,18.722468518069224,16.792834594730333,38.8
US,63,12.481643344708115,15.385512101472731,38.8
US,21,-1.6818230833073655,-7.647209406079492,41.1
US,63,-1.4443202095607899,-11.285604380633472,41.1
US,21,-13.617508742792594,-13.332428083013248,46.3
US,63,-1.1640676695528818,0.3105068417155521,46.3
US,21,37.03706028858767,37.53049771471511,41.8
US,63,-3.6228216551517756,3.01599652511928,41.8
US,21,32.703330129488116,34.75773956377284,52.0
US,63,34.72685643814244,37.20505862827868,52.0
US,21,-13.886110667959306,-14.331385693249699,45.2
US,63,-35.54917757842764,-25.034014823780026,45.2
US,21,-13.340828632944534,-9.95524253447556,38.8
US,63,-7.904982147084139,-4.5472967748296345,38.8
US,21,-12.43133235791084,-9.51098617108158,41.5
US,63,8.719328700584272,10.05284894387566,41.5
US,21,4.391240752295755,4.24691250652407,44.6
US,63,-2.388733846232305,-2.4985764297383195,44.6
US,21,5.255357969453334,10.230179709747734,35.6
US,63,-7.848381654215042,-0.5249848718827606,35.6
US,21,9.627814520194544,7.427408184991746,38.1
US,63,10.554506006194742,9.932115284785372,38.1
US,21,10.2376332030919,9.825295337223405,44.1
US,63,12.548736418714102,14.171551167368113,44.1
US,21,3.2715134495841847,3.4033239041282526,41.7
US,63,-17.29785944998631,-14.955638443883545,41.7
US,21,0.25281318358956195,-2.0032727507979464,32.9
US,63,8.301619711259756,5.286111307375396,32.9
US,21,5.265506322147195,7.246475001980102,41.7
US,63,19.88340472183696,20.54087403571553,41.7
US,21,4.262824272200105,4.50853894534119,44.3
US,63,6.664516775645146,8.840067092107128,44.3
US,21,-1.272395636228607,-1.0038451433817874,42.9
US,63,-0.17225733912143992,2.705771816874525,42.9
US,21,12.825612413339371,13.356003923843184,35.7
US,63,11.408015413704952,13.163041197270053,35.7
US,21,-8.907835833990884,-8.40353365101919,36.8
US,63,-28.416012514846358,-22.422026537314856,36.8
US,21,-9.397448981599299,-9.399394401532067,38.5
US,63,-32.41116056029698,-29.532839451083788,38.5
US,21,-7.976748870536099,-7.844938415992031,30.7
US,63,-30.26320952658551,-27.920988520482748,30.7
US,21,-15.048861708294126,-14.735775766501437,38.3
US,63,23.81248518613257,24.73328923109511,38.3
US,21,5.622724005406687,4.769908751322838,42.6
US,63,18.29241220887059,18.73539696623784,42.6
US,21,-5.654877002562342,-7.768817512366589,37.1
US,63,6.522952638636292,6.198857998439222,37.1
US,21,8.403463888705542,8.869415042155591,33.8
US,63,11.110164629516284,10.739078466620366,33.8
US,21,-6.1144831249431375,0.0921981828270857,41.4
US,63,9.311457672159506,15.550301912773111,41.4
US,21,3.0898207885148077,3.212160081932003,46.3
US,63,-3.280783309115176,-0.9232095085790482,46.3
US,21,0.8531666450548592,1.9458892811258566,25.7
US,63,6.888817634171196,8.58116211288923,25.7
US,21,5.024574277190785,7.135213121436812,36.6
US,63,7.44335888315113,12.926753884932452,36.6
US,21,2.4366119407961406,0.4441153094618233,49.7
US,63,-6.836342228874459,-7.2610552810365325,49.7
US,21,16.992196780965507,16.242063907422622,28.6
US,63,18.141756566715884,17.660042136103883,28.6
US,21,-14.644331148336976,-13.49767248603384,37.4
US,63,-19.478096211006413,-19.63492974532596,37.4
US,21,-6.503900053154443,-6.144493808976847,37.4
US,63,-69.26243332750221,-40.460447286806456,37.4
US,21,-10.465126590616391,-9.135646979792156,32.1
US,63,79.7003572130235,73.64478489487112,32.1
US,21,73.73449794516442,69.07353462843864,37.0
US,63,143.2025445637401,133.5885144450759,37.0
US,21,9.872585282117207,9.97848091757968,49.4
US,63,-11.279717080011586,-10.920337309436235,49.4
US,21,19.352711932945788,19.663810026152852,39.3
US,63,34.01065461268939,35.182746802739,39.3
US,21,1.8852825111351779,1.6269436104608515,37.6
US,63,-26.18551155542077,-21.618052031428682,37.6
US,21,11.408860707391089,10.601902187667257,43.4
US,63,6.441131366053221,5.645847524739778,43.4
US,21,16.09694267295021,13.264156517367788,48.0
US,63,40.22620756943851,34.19738959337055,48.0
US,21,-3.3571547957076953,-3.1962414050280885,38.6
US,63,9.334193830122084,8.839271832747242,38.6
US,21,19.328474360065904,17.518679338473817,38.0
US,63,11.325926125084585,11.078095029910841,38.0
US,21,2.884489240880206,4.700055480816612,50.8
US,63,-2.4272245197284437,0.8151863970374817,50.8
US,21,-8.36140502998849,-5.637332302049603,37.1
US,63,-4.448192376229065,-0.49155591135295884,37.1
US,21,6.774160900420312,6.375652061195258,30.7
US,63,-2.968274548281302,0.3181069793002811,30.7
US,21,2.9203223122135746,4.045209444927888,35.0
US,63,64.8288293019037,65.74963334686623,35.0
US,21,-13.194272828298747,-12.018886445641607,44.6
US,63,-12.005822987867454,18.994010653879478,44.6
US,21,23.18483367291304,18.21908895624482,35.3
US,63,127.1966407380552,120.65815549941972,35.3
US,21,21.68318561437699,21.719474443404607,32.9
US,63,100.04720642771079,93.52026919183373,32.9
US,21,-11.489910019192717,-11.535384272619675,38.3
US,63,-23.64815044487718,-23.650589407480993,38.3
US,21,-8.841682229522242,-8.73578659405977,45.9
US,63,-31.835793129624367,-31.476413359049015,45.9
US,21,-21.23410460670183,-20.74066718057439,42.1
US,63,-40.878378019823394,-34.23955983955234,42.1
US,21,-34.10141223272716,-34.95308166328472,34.2
US,63,-24.757179393959582,-25.140382659331937,34.2
US,21,7.504387572159121,8.010136009584246,28.4
US,63,-11.616872465891316,-8.259714930903984,28.4
US,21,-14.184719719159734,-10.025374423915347,26.3
US,63,7.64071437076963,14.122352456780629,26.3
US,21,10.311678839808058,10.067393694078763,32.4
US,63,19.932810638662033,17.25220833419574,32.4
US,21,-3.649838429506369,-4.474330647425151,37.0
US,63,-2.2643335649592755,-3.8482684137774337,37.0
US,21,-2.0020534200332896,-4.18339123320316,36.6
US,63,-8.600606692282565,-12.539574465581616,36.6
US,21,0.8152172750464981,4.301448252075724,35.0
US,63,4.199375968765073,11.642545473095689,35.0
US,21,-2.540698251130147,-2.653161760747791,39.1
US,63,1.7017907419353273,-0.9944102215001305,39.1
US,21,-8.552226200250656,-6.497816765965935,44.3
US,63,-4.985457115163305,-1.9031947014698565,44.3
US,21,3.4103542447120105,2.6685803180735546,43.9
US,63,4.949616346054331,4.157831622735553,43.9
US,21,-1.3202362766396636,-0.31415986893492676,39.8
US,63,-3.945271157087016,-2.8828288206478647,39.8
US,21,-13.613704986334717,-13.03031066977822,46.4
US,63,-21.115677395788556,-17.697051290132325,46.4
US,21,6.827103854758043,4.945144141125635,36.4
US,63,1.8130543014080347,1.315934472788216,36.4
US,21,-4.098148465311368,-6.7940066866970845,50.5
US,63,-9.255775571489211,-14.655335135958747,50.5
US,21,6.397876406127367,9.884107383156593,35.2
US,63,10.295332195551454,17.73850169988207,35.2
US,21,2.6211942661155563,3.6193761102642497,39.5
US,63,4.724916209851582,8.498470852779615,39.5
US,21,2.2641468572839107,2.595223281783554,48.3
US,63,-0.0754754639626598,1.4240387610707894,48.3
US,21,4.696035241307195,5.462533079640353,37.1
US,63,-6.083180014237721,0.03532952606367701,37.1
US,21,-4.427488305622229,-3.9645821727469444,39.4
US,63,-1.0785681049089502,-2.5086157159010303,39.4
US,21,0.9102325227051011,0.46045782873676,48.1
US,63,5.634085637899888,6.8981408549612215,48.1
US,21,-2.065397812206571,-0.6581276766977728,45.1
US,63,-5.008165097757233,-3.9457227613180823,45.1
US,21,9.437474035540895,10.026398852950992,34.0
US,63,-20.827519732988932,5.693583954187542,34.0
US,21,-25.765396624544845,-25.8108708779718,52.6
US,63,-3.601872934354511,-3.604311896958323,52.6
US,21,-2.433687167283183,0.273402496950681,52.6
US,63,-25.881871018794346,-24.601141359830628,52.6
US,21,17.66561291172706,17.80888307140354,28.6
US,63,0.1577247918613356,2.318945948400253,28.6
US,21,2.4950645940019056,1.9354910761104183,50.2
US,63,-22.826086649228493,-22.888223490699964,50.2
US,21,10.15532130336403,10.721693997719573,47.0
US,63,-21.833929408274134,-16.689297641689972,47.0
US,21,-4.240834815522943,-2.43512938558127,35.4
US,63,9.267017918391641,10.006255663096331,35.4
US,21,-12.682377282842328,-10.62606424381154,38.2
US,63,-9.689488204051056,-8.32910499757481,38.2
US,21,3.7766193535888837,4.1187507657285956,40.9
US,63,-9.521892286065825,-9.582525266647522,40.9
US,21,59.05758405240875,57.49766290583911,40.4
US,63,59.6858606850617,58.510730252620704,40.4
US,21,11.61950773182381,12.197275094162286,46.0
US,63,0.3612249472464857,-4.712165439188909,46.0
US,21,20.987645492016128,20.273232055955816,41.8
US,63,-2.1490681420549995,-0.6218993537884465,41.8
US,21,-8.925030074220908,-8.298182040119695,46.5
US,63,5.47402268239352,9.904982350398615,46.5
US,21,-4.523441985177268,-4.3916315306332,45.5
US,63,-19.668993663757718,-17.326772657654956,45.5
US,21,4.5706281794519965,6.921568882983364,31.1
US,63,-18.770433344936187,-14.601322910615586,31.1
US,21,6.591743144926876,5.767250927008094,29.7
US,63,11.404105519191909,9.82017067037375,29.7
US,21,1.3750901716281572,-0.13983591183677202,45.1
US,63,-3.7070518607085323,-3.807295339522898,45.1
US,21,1.9986714356480029,-0.573261179140161,40.5
US,63,6.344307378434788,1.2794829434031874,40.5
US,21,4.878077916176826,6.934390955207615,43.0
US,63,14.189822411268738,15.442806224741412,43.0
US,21,0.6362318198617212,0.7847009447862319,38.0
US,63,15.807992557697315,15.795865551423137,38.0
US,21,3.626484654743045,7.348691384651973,35.8
US,63,19.404240363498904,23.915907100690582,35.8
US,21,9.32881134093253,9.317646374446964,29.8
US,63,5.510577466224098,8.487642872149193,29.8
US,21,4.16035890559745,1.9790210924275797,57.3
US,63,11.016206104697112,7.0772383313980605,57.3
US,21,-7.5939509036962,-7.433037513016593,47.3
US,63,12.61569375520315,12.120771757828308,47.3
US,21,5.907586532492393,6.525486061621056,56.2
US,63,-6.019195652171582,-3.67355331348782,56.2
US,21,-11.70652865323275,-7.967691216010886,40.8
US,63,-17.421803734390927,-8.375596851560108,40.8
US,21,-3.8547988299008074,-1.2831340514459333,50.9
US,63,-12.614360020772109,-8.976720357945345,50.9
US,21,5.314706226602128,4.882914187804199,47.4
US,63,23.62092272033227,23.958811561852656,47.4
US,21,-12.964657043674244,-10.148705735757469,35.5
US,63,-23.28292378099137,-20.165457107757867,35.5
US,21,-12.645160075400497,-11.897902560597506,48.4
US,63,9.610271340091249,10.735358802660256,48.4
US,21,-4.066527768818506,-4.480465137349721,52.9
US,63,-12.70217331564969,-11.657639580952639,52.9
US,21,12.813567309112717,17.20541349494121,25.9
US,63,15.398394692312056,22.721791474644338,25.9
US,21,11.808983732861545,8.230870615316888,50.8
US,63,23.250611397745313,19.818101717951553,50.8
US,21,17.40551870488143,18.425032918054487,49.6
US,63,-7.62470897369969,-4.137732804578242,49.6
US,21,-7.604952089570061,-7.0385793952145175,43.8
US,63,-15.115973146913719,-9.971341380329557,43.8
US,21,60.91026560588981,60.80362958954355,40.9
US,63,12.999163360983722,13.557342092193513,40.9
US,21,2.7016971324993477,0.0038485842229318834,53.0
US,63,1.364857381422513,-3.069057857463675,53.0
US,21,1.3660964876208936,1.5172375228368673,55.5
US,63,2.5769209648300873,2.8034385952742102,55.5
US,21,-3.0184493660352363,1.3733968197932604,32.1
US,63,-9.982612171763726,-2.659215389431445,32.1
US,21,5.89429169336686,4.935724104275452,43.4
US,63,0.2873390647159635,2.042364848281064,43.4
US,21,11.231925500917717,11.631303621929634,47.1
US,63,5.748518380174961,6.8093507756077365,47.1
US,21,-2.3389076716589186,-2.313816319077544,40.2
US,63,-8.79429784188337,-9.351318740609594,40.2
US,21,61.94253788559669,62.22010709533659,37.7
US,63,-17.141485416200474,-10.598130754576406,37.7
US,21,-2.3319966907406453,-4.027417893151197,29.5
US,63,-25.200604000094508,-26.624987462752358,29.5
US,21,19.804782628618266,21.39278626750428,35.1
US,63,33.627198743263854,29.24518390645321,35.1
US,21,-10.728660866519446,-11.44307430257976,40.1
US,63,-12.762634521576533,-11.23546573330998,40.1
US,21,9.000532950702066,7.261819350672804,47.2
US,63,20.553459055037404,20.19221569160734,47.2
US,21,-17.780800682397167,-15.971891120075975,30.7
US,63,-43.75765406443676,-42.292167568404636,30.7
US,21,-8.649246871074256,-8.649246871074256,47.5
US,63,-8.649246871074256,-8.649246871074256,47.5
US,21,32.854150721771006,41.42422715422943,31.2
US,63,48.72635818266347,73.88527250891161,31.2
US,21,-10.650130400232927,-11.206523378684064,39.1
US,63,-5.519855807057916,-4.067761963468708,39.1
US,21,1.3286009436036972,3.1846890033507047,27.6
US,63,5.558353646980807,6.673409774722816,27.6
US,21,-6.6769718967095715,-5.910474058376414,32.2
US,63,-3.4759352356780626,2.642574304623335,32.2
US,21,4.2563741895331075,5.658274665017727,34.8
US,63,17.49064745539599,21.11304089481666,34.8
US,21,2.0320078034692823,3.7919961189958107,32.4
US,63,9.69639991480362,8.152825062872248,32.4
US,21,20.033271065557923,22.153242135923566,46.3
US,63,14.652816580705185,16.586374331023713,46.3
US,21,-1.7009197516499541,-3.146421841629199,42.4
US,63,55.2799459994578,54.10481556701681,42.4
US,21,-16.5467674710311,-16.33132457614912,31.6
US,63,-6.155079485817849,-3.3165014378839115,31.6
US,21,15.971512787482368,15.851881937236858,40.3
US,63,49.745680379203414,51.62523271671638,40.3
US,21,9.307692601130558,12.4989429349186,35.1
US,63,-14.92307369525616,-8.886346080075157,35.1
US,21,-20.17106185009694,-17.36366523050197,43.6
US,63,12.687104209007337,16.5266433225675,43.6
US,21,3.6144616382703276,5.833306467355315,41.5
US,63,-3.087348310664295,-2.578361351626124,41.5
US,21,-10.772701053161992,-8.68020084760932,27.3
US,63,-22.22222042926426,-20.347293290139245,27.3
US,21,-15.736482474976333,-15.353766864178597,42.1
US,63,-21.033042426130834,-19.446774141755633,42.1
US,21,0.5688073382610792,-0.8310926467224755,31.8
US,63,13.583489469602593,11.419812696623021,31.8
US,21,-15.360208820842958,-15.405683074269916,41.4
US,63,21.095249628136802,21.09281066553299,41.4
US,21,-0.2381672154205816,0.32421357926746275,39.9
US,63,36.852974067750786,38.762050647251044,39.9
US,21,-34.59470283016714,-34.64681739364796,46.6
US,63,-38.96723137499306,-36.99149431316494,46.6
US,21,-13.146920585350031,-8.991051527188244,43.8
US,63,17.96693442033046,20.055024515776807,43.8
US,21,16.396854371035197,16.52878546762754,31.6
US,63,17.06102449672333,19.933378817675628,31.6
US,21,-3.322524447232811,0.23527109701231286,45.4
US,63,3.309533188013414,8.136796548588032,45.4
US,21,17.965082809436073,17.596069728024144,31.0
US,63,34.99155818315573,35.687292107487586,31.0
US,21,-6.549134135219392,-4.735240188178602,34.8
US,63,-8.149006323052067,-5.743593407458848,34.8
US,21,13.978044930422694,10.320616641781875,39.3
US,63,12.319656598960416,3.7486150992959377,39.3
US,21,4.219364707280926,4.73787720134956,42.5
US,63,16.173987584654313,17.91074785912986,42.5
US,21,5.009439383147174,5.708506914217304,30.7
US,63,12.708843170101169,14.00991906385729,30.7
US,21,2.2053619306220185,3.1601501463802473,42.6
US,63,-1.5455127215760145,3.5991190450081474,42.6
US,21,0.38684067655174736,5.191890629880181,43.7
US,63,17.670245857224565,16.757628988377803,43.7
US,21,1.018269248236825,1.8427103910865883,35.5
US,63,5.490750003904155,5.103733138947697,35.5
US,21,-8.234545390570169,-8.083404355354196,49.1
US,63,-8.800352381340637,-8.573834750896514,49.1
US,21,-9.933769708537088,-13.539880564297391,45.8
US,63,-12.300808864154945,-15.705160174040955,45.8
US,21,14.641349291403438,15.596137507161668,40.4
US,63,-15.037837404182564,-9.893205637598403,40.4
US,21,-14.087424653349778,-11.93615980085292,40.5
US,63,-7.168124289471889,-4.39122213809836,40.5
US,21,-15.481783354716782,-13.664479494304814,49.7
US,63,15.493155614970178,15.43362567004296,49.7
US,21,-4.274417661841734,-3.9322862497020217,43.6
US,63,8.240638016377622,7.751751226833115,43.6
US,21,5.382506830237355,8.65453363086246,40.7
US,63,4.69164197371521,8.366073125745599,40.7
US,21,9.113766386315314,9.93728408321255,38.0
US,63,5.293069792443705,8.628928994027119,38.0
US,21,-2.0637488240885737,-1.4973761297330301,34.9
US,63,-2.9682946141196154,2.1763371524645465,34.9
US,21,0.13494586058275804,0.33465045264384763,48.7
US,63,-9.72122667579438,-7.010220236892206,48.7
US,21,4.374844666865441,4.374844666865441,41.7
US,63,4.374844666865441,4.374844666865441,41.7
US,21,-0.8622454330801776,-0.9077196865071357,49.9
US,63,11.59777923250569,11.595340269901879,49.9
US,21,-27.700699754697734,-29.260620901267377,42.9
US,63,-32.01707507856023,-33.19220551100123,42.9
US,21,-3.0173448637670908,1.4860726394747004,26.2
US,63,-4.965550356405468,-9.058018159686231,26.2
US,21,-4.025001525878902,-6.755167046770372,39.9
US,63,45.05000114440918,42.439126709589495,39.9
US,21,5.70474864329793,4.863849766203421,36.4
US,63,30.207082259552507,28.161020249447176,36.4
US,21,-11.251816773100742,-12.131719523467567,38.9
US,63,28.149872950528156,26.359433969605274,38.9
US,21,-9.331062529350664,-9.958915213335018,44.9
US,63,19.68201506023759,20.232029611841273,44.9
US,21,12.954407754067532,13.231976963807423,32.9
US,63,-41.062734335837305,-34.51937967421324,32.9
US,21,-1.9245488204329364,-2.6998843330207745,39.2
US,63,8.920110323816344,10.593051216297756,39.2
US,21,-0.6126998973621123,-1.691265524612151,44.3
US,63,19.504003679026315,16.94583761249595,44.3
US,21,-11.862891186908342,-10.337291831879803,44.5
US,63,-13.910522519874968,-13.099318524327986,44.5
US,21,10.785432259752902,10.739958006325944,32.3
US,63,7.760515690536196,7.304949724206566,32.3
US,21,-0.37698040877991446,-0.034848996640202135,45.0
US,63,7.380388931617854,6.891502142073347,45.0
US,21,5.912253840396375,6.405691266523816,30.9
US,63,-4.8345398457710465,1.804278334500009,30.9
US,21,4.118852318617994,6.566001077750993,29.4
US,63,11.035481813208792,12.72680031655289,29.4
US,21,-13.559824608671779,-10.739326798771899,36.4
US,63,-9.366791979726797,-5.750863252632355,36.4
US,21,2.611636645809612,2.426917845016674,41.5
US,63,-6.512971882643203,-4.8665595537783375,41.5
US,21,-5.653528273356434,-5.693203863332941,40.9
US,63,-5.653528273356434,-5.693203863332941,40.9
US,21,-7.923216899853724,-8.697245966795919,38.7
US,63,-14.178327777264045,-13.236227431103188,38.7
US,21,-15.235963740717862,-13.807917096381672,37.9
US,63,3.241443343348438,2.7852152469176383,37.9
US,21,28.829385432767097,25.171957144126278,31.9
US,63,46.745341801633614,38.17430030196914,31.9
US,21,8.338592576365112,6.3363356673759705,42.9
US,63,11.112762119635256,13.773968575121032,42.9
US,21,-2.9306904284241875,-0.47294548388606694,45.6
US,63,-17.172068884710136,-14.601834914200296,45.6
US,21,-2.5386170448723155,-3.350980089600364,37.8
US,63,-20.006799182235348,-12.501470372639812,37.8
US,21,-0.5797076267488488,-2.8924033417384254,37.8
US,63,-0.8695614401232676,-3.605767449841246,37.8
US,21,2.0890767117250464,1.5469989081056346,37.7
US,63,-8.159249245950761,-7.796069297014673,37.7
US,21,-3.605979345108401,-3.11254191898096,38.7
US,63,-3.166223925248035,3.4725942550230204,38.7
US,21,-10.569814394815857,-8.567318532403634,41.5
US,63,-10.047844666985972,-4.759522599005994,41.5
US,21,12.027783186395169,14.672165316070284,46.5
US,63,17.281803836611374,20.331201423232113,46.5
US,21,4.526888909793114,5.032637347218238,47.2
US,63,-8.134783723343297,-4.777626188355965,47.2
US,21,-13.831329345703125,-13.44861373490539,41.3
US,63,-46.93975793309959,-45.35348964872439,41.3
US,21,-12.684707700007337,-12.981974239864714,41.9
US,63,8.135476919181306,7.956315040562156,41.9
US,21,9.184730462986757,7.432137534968852,32.5
US,63,-5.263150642854264,-4.884280338580016,32.5
US,21,-9.362395229565724,-9.146952334683746,33.6
US,63,25.82727780947711,29.028924958967494,33.6
US,21,-3.973510770294586,-3.467762332869462,33.9
US,63,6.527914417968117,9.88507195295545,33.9
US,21,-11.194654324936826,-11.639929350227218,37.3
US,63,-35.42188933474246,-25.907440102963186,37.3
US,21,-2.878592601062624,-0.6636845364860422,36.1
US,63,-7.759698414513416,-4.34266943665339,36.1
US,21,-8.860754214851097,-8.446420278396971,48.1
US,63,-42.57767535015159,-42.21578807283651,48.1
US,21,-17.1959671858136,-17.221179377500963,40.3
US,63,-27.37188650111405,-27.983088516801192,40.3
US,21,-3.124997307019073,-0.7061236516344049,44.9
US,63,-7.078312459898517,-0.6322925469600893,44.9
US,21,13.506725807962084,9.420421837168515,48.9
US,63,6.502391866435642,3.288219171225193,48.9
US,21,28.25671509880163,28.28502605518074,39.1
US,63,47.464243157384736,49.20566179538165,39.1
US,21,8.190085316723517,7.811456215338919,43.8
US,63,-27.047523739884326,-26.655137901307356,43.8
US,21,-7.651560966732762,-7.626469614151388,39.5
US,63,33.843437771992235,33.28641687326601,39.5
US,21,4.92424671169005,7.122742387520309,40.8
US,63,-0.7575750277974413,3.484355882013024,40.8
US,21,26.119404113698973,25.087169621514914,44.4
US,63,10.447759866236495,15.562173565682869,44.4
US,21,-19.562836717400756,-20.515942299091463,46.1
US,63,-24.699451871755297,-22.682640358205454,46.1
US,21,-9.413370592118564,-6.170302544550388,45.5
US,63,22.91951326960413,24.07510922658035,45.5
US,21,-29.132515323116117,-28.932810731055028,43.7
US,63,-44.97950740247328,-42.26850096357111,43.7
US,21,3.476478512918302,2.9554228030658214,39.1
US,63,-10.484702066934283,4.373580099320817,39.1
US,21,-5.35983125583771,-10.020794572563496,24.2
US,63,-8.399658487618177,-18.013688606282372,24.2
US,21,5.069968479477183,3.2323733870522675,52.3
US,63,13.793382646848084,12.295280028667332,52.3
US,21,-0.8088591763043995,1.1213036833077616,33.3
US,63,-13.249080983249051,-6.012842693402055,33.3
US,21,-4.060642102889178,-4.060642102889178,53.4
US,63,-4.060642102889178,-4.060642102889178,53.4
US,21,2.5891618843277175,1.7822033646038848,27.5
US,63,0.9771828857331188,0.18189904441967553,27.5
US,21,-2.213899004254738,-2.3763863444703603,47.0
US,63,30.009358190039627,23.270593919562543,47.0
US,21,-25.405350095908318,-24.92579660642271,43.3
US,63,-17.271632314791063,-16.705489572144984,43.3
US,21,-12.644174023357602,-10.100285493651207,34.8
US,63,-10.03425013409931,-5.697847683512791,34.8
US,21,9.034635401910428,8.09158880977836,41.8
US,63,-15.251993846934276,-11.073704427200882,41.8
US,21,6.194685438055925,2.818571709820805,42.1
US,63,25.523053710792887,18.214817050291575,42.1
US,21,1.8798903824560842,-0.141121652192977,36.9
US,63,-12.422615509737668,-11.845729359183844,36.9
US,21,1.4309184986604828,-0.7504193145093874,51.5
US,63,5.129204869768844,1.1902370964697928,51.5
US,21,-7.677442689846236,-3.7962463315155177,34.6
US,63,-3.5069710600419413,0.7309041492217005,34.6
US,21,-3.365602498749176,-2.6087834071286453,43.2
US,63,3.471662019882671,3.2201119222002195,43.2
US,21,-1.5492964942010357,-0.8851899234363358,48.5
US,63,-0.6976549752639505,-0.03354840449925067,48.5
US,21,-3.5906315523062116,-6.162564167094375,41.3
US,63,-1.8631038149184764,-6.927928249950077,41.3
US,21,4.306803285402361,2.622546094599798,37.6
US,63,-4.612835273008287,-5.958111166834468,37.6
US,21,17.15151854235717,16.33061729768719,43.5
US,63,31.292924977312175,33.01379205782688,43.5
US,21,80.8627458958844,80.417470870594,32.7
US,63,11.63398892271752,21.148438154496795,32.7
US,21,33.825751703560854,31.804433355816126,42.0
US,63,8.200185019152851,9.158957305626581,42.0
US,21,-24.590166902054445,-23.747685049933942,28.1
US,63,-31.693989970319524,-29.781762097086084,28.1
US,21,-3.1139695630785114,-1.3000756160377214,43.9
US,63,-4.564763050665777,-2.1593501350725575,43.9
US,21,9.556641112284803,5.8992128236439845,32.2
US,63,13.069744214564505,4.498702714900027,32.2
US,21,-8.400960105705913,-6.122812241268061,39.5
US,63,-5.168043710161962,-3.7648369692325985,39.5
US,21,-6.415456114180351,-5.411990834613545,44.0
US,63,-0.9009176137470987,-1.3821793400279003,44.0
US,21,0.6389837215192484,4.74593500000019,30.9
US,63,-11.06536675669968,-3.685831232484027,30.9
US,21,6.974945132246746,7.949289413285998,42.5
US,63,13.935270466638672,14.20004659242916,42.5
US,21,0.17629770461136118,2.9967955145112413,39.1
US,63,0.27822156654615515,3.894150293640597,39.1
US,21,1.0920656738176104,-0.8375682495212811,43.1
US,63,5.590741554627177,8.494610311391792,43.1
US,21,-7.054548754154011,-7.719466181398826,40.5
US,63,-7.978372516662901,-7.575403889003862,40.5
US,21,-0.31215452168414926,0.9251392642926959,36.1
US,63,-10.107771248690034,-8.626387170252425,36.1
US,21,3.653232073312318,3.3398174368406863,41.7
US,63,19.665501194643277,19.25405124951436,41.7
US,21,-7.347195535227192,-4.017215287890563,45.5
US,63,-3.287832526323653,-0.6026374014977964,45.5
US,21,-18.76388238636676,6.696892832758959,46.7
US,63,0.12698739709187112,24.624132588687086,46.7
US,21,7.76139251536101,2.971948798979507,40.1
US,63,0.7202939519908691,-9.036423248996805,40.1
US,21,8.233673496792182,11.95588022670111,37.5
US,63,0.4641270193563196,4.975793756547997,37.5
US,21,-13.69800829298825,-13.782755309342242,41.8
US,63,-3.4960235515038574,0.11981455684002551,41.8
US,21,36.180728111187086,35.30082536082026,49.8
US,63,109.33996615005475,107.54952716913186,49.8
US,21,46.49044713905279,41.829483822327006,39.4
US,63,97.08736119183024,87.47333107316604,39.4
US,21,-6.060516633812596,-5.184696977500569,48.4
US,63,14.903015011048627,16.2531258496327,48.4
US,21,40.10165309073095,38.52422172995136,40.1
US,63,23.465880483938008,23.869149070337695,40.1
US,21,-7.729690186002425,-7.7587017601955965,52.5
US,63,-17.363404768089907,-14.563116924323827,52.5
US,21,-12.409855027184912,10.417430525712957,36.0
US,63,-13.79659584096925,12.215394130731962,36.0
US,21,1.5428859255814942,-0.8834115279193533,39.9
US,63,-7.389849094203338,-8.045395659809675,39.9
US,21,14.1530125731699,15.554913048654518,50.4
US,63,12.21205149127571,15.834444930696378,50.4
US,21,3.81368749347879,6.898721792564865,44.7
US,63,-16.048491572678014,-10.01176395749701,44.7
US,21,15.506848445185195,15.504903025252425,44.6
US,63,16.86652652110927,19.74484763032246,44.6
US,21,1.0830144837587818,1.2827190758198714,53.9
US,63,7.4609991323357105,10.172005571237886,53.9
US,21,52.68517217965838,52.600425163304386,37.4
US,63,41.36562393236836,43.840033018885286,37.4
US,21,7.948110402373176,7.236132090986214,29.6
US,63,34.33961564767169,32.71861678210739,29.6
US,21,-20.500694535578635,-20.557490100075285,43.0
US,63,-28.30378769125189,-28.19041693322112,43.0
US,21,-30.182436636460185,-28.419977225956828,40.5
US,63,5.81352352103901,5.990674654981332,40.5
US,21,24.101548070553047,24.71944759968171,48.7
US,63,15.583426420737023,17.29540404980997,48.7
US,21,34.399691790349365,33.456645198217295,41.9
US,63,-3.8108563582194277,-0.8499417095717998,41.9
US,21,3.4869890656092695,3.9481047589115192,47.5
US,63,23.088104039507982,24.56039348764569,47.5
US,21,6.622157411711216,7.249005445812429,49.7
US,63,-7.1913306161688,-2.760370948163704,49.7
US,21,0.4128862236803199,-0.6656794035697189,39.0
US,63,33.46424441721185,30.906078350681486,39.0
US,21,-15.110039236281658,-12.294087928364883,44.8
US,63,-31.015351493277254,-27.89788482004375,44.8
US,21,-25.444785492113866,-23.919186137085326,25.9
US,63,-29.405840750800007,-28.594636755253024,25.9
US,21,-0.5660873529194199,-0.031470307178915746,36.3
US,63,-17.408115320397542,7.834430194924202,36.3
US,21,-8.602106814028488,-7.680339832091432,35.1
US,63,-13.479987413587812,-8.408964701589428,35.1
US,21,-10.658971900725668,-12.588605824064558,29.7
US,63,-20.94226078638065,-18.038392029616034,29.7
US,21,-4.627683428209195,-3.957745709158445,51.2
US,63,30.156167216399112,30.57596769675324,51.2
US,21,10.874931280212907,9.179510077802355,39.1
US,63,12.846586880026468,11.422203417368616,39.1
US,21,11.62905268316139,13.565993107412378,29.4
US,63,43.375861219885216,44.680808527781295,29.4
US,21,-8.67323851305457,-7.708555806943851,41.1
US,63,6.768266539795054,6.6041600859011895,41.1
US,21,-5.6486275570084565,-5.879600638020466,45.6
US,63,-13.552408048060594,-13.943526929293458,45.6
US,21,-4.022381724572366,-2.208487777531576,44.8
US,63,-7.618541663829859,-5.21312874823664,44.8
US,21,16.21491000102475,12.557481712383932,44.8
US,63,5.95353122614084,-2.6175102735236377,44.8
US,21,21.57835405655868,21.863434716338027,40.2
US,63,21.82638249880484,23.300957010073272,40.2
US,21,-11.958863783357089,-11.958327745110498,49.0
US,63,-22.856199012671073,-22.49681924209572,49.0
US,21,-17.64370972983027,-14.157478752801044,42.5
US,63,-15.689623603503067,-8.246454099172452,42.5
US,21,13.527358783099874,14.089739577787919,43.4
US,63,-0.9223216939851286,0.9867548855151287,43.4
US,21,5.908919463824058,5.902265034663801,36.6
US,63,-15.127215297104357,-13.529598633798123,36.6
US,21,-21.404541803235745,-19.59563224091455,36.8
US,63,-14.088518087410707,-12.623031591378586,36.8
US,21,13.044799147070464,13.404205391248059,52.6
US,63,-21.548312423809246,7.020651820321643,52.6
US,21,-4.235083390317507,-3.0700527174133407,43.9
US,63,18.09277660512376,21.41121438961949,43.9
US,21,33.83751735528975,27.872131032517622,41.6
US,63,42.91290420177858,33.0716200307059,41.6
US,21,3.6970229194851267,2.1583052764954758,32.7
US,63,-10.504958934388931,-7.253825267790793,32.7
US,21,5.366919660199465,4.807203386226955,48.6
US,63,28.58707145631916,26.389621730874648,48.6
US,21,-1.1756672486839426,-1.9510027612717806,28.9
US,63,-6.9173001810508,-5.244359288569388,28.9
US,21,-4.179568424913271,-5.020467302007781,39.1
US,63,0.8302898783505652,-1.2157721317547665,39.1
US,21,18.501942922973512,17.689579878245464,32.4
US,63,9.012236971146148,16.0448151887012,32.4
US,21,1.043498426156586,0.5700007664107609,41.3
US,63,-13.875400535326676,-8.953961000686217,41.3
US,21,8.63566619570837,8.131057307123314,42.5
US,63,12.350288833281775,12.135700497943525,42.5
US,21,-9.97155675381267,12.855728799085199,32.4
US,63,-7.9991698667706945,18.01282010493052,32.4
US,21,8.70905344963111,9.716343303772545,38.1
US,63,8.90472626223,9.74429833691135,38.1
US,21,3.305041122824881,3.343391910722693,30.7
US,63,6.761798633140881,12.110701636527033,30.7
US,21,1.6482422241130834,2.2260095864515606,33.6
US,63,2.580072258492061,-2.4933181279433336,33.6
US,21,-14.342034470697918,-14.210103374105577,43.3
US,63,-14.719327083911903,-12.275091962614558,43.3
US,21,-0.18261195379528639,-0.9566410207374809,46.7
US,63,4.4654142523809615,5.093667224225474,46.7
US,21,1.0562415994540997,0.7437843799809496,45.0
US,63,-10.261871606681494,-3.2110930545094387,45.0
US,21,4.468764724694951,0.8113364360541331,32.4
US,63,3.2610652049414934,-5.3099762947229845,32.4
US,21,1.260548298624009,0.11766688760679322,39.4
US,63,-0.2634163101126852,-1.107888110224886,39.4
US,21,10.610674488056326,8.608417579067183,29.3
US,63,18.25403375805297,20.915240213538745,29.3
US,21,-3.513881052804857,-2.9475083584493134,36.6
US,63,-15.974014749066512,-10.82938298248235,36.6
US,21,3.3095977168900337,2.456782462806184,30.2
US,63,4.121479809530482,4.56446456689773,30.2
US,21,-5.094398536944622,-1.791781127734493,37.3
US,63,-1.7938847912590372,0.7209686429119788,37.3
US,21,-0.28951452785737075,-2.452006606210788,37.3
US,63,-8.026345687647963,-11.576457724828703,37.3
US,21,19.924714023174793,18.793412928091623,36.6
US,63,22.928623820187322,21.685701965736094,36.6
US,21,3.9800721013619755,4.371762244447197,31.6
US,63,0.6518415681836087,7.195196229807677,31.6
US,21,-4.840082290825942,-3.5340676042909465,27.6
US,63,-10.040344624932729,-6.838697475442346,27.6
US,21,1.0098766006288784,3.1298476709945233,25.5
US,63,11.905896559800278,13.839454310118803,25.5
US,21,-17.08412098298677,-15.489091913978813,36.8
US,63,-20.84120982986768,-18.675870217590386,36.8
US,21,5.411686586985387,7.758839952653407,48.2
US,63,-36.52058432934927,-34.32731864929376,48.2
US,21,-36.23283191628516,-36.99316918483423,45.1
US,63,-60.333551340745586,-62.275819428531264,45.1
US,21,-25.358577165806086,-25.964741907367298,27.4
US,63,64.71600688468158,71.93489065369117,27.4
US,21,-30.692041522491355,-29.86501514909976,49.4
US,63,-60.726643598615915,-63.517378762525844,49.4
US,21,-15.129449838187703,-18.732757052160878,31.3
US,63,-46.76375404530745,-51.67711549324294,31.3
US,21,-9.975062344139651,-11.578685090844566,40.8
US,63,-56.77472984206151,-58.861667036565834,40.8
US,21,-50.42904290429042,-53.05803218612932,39.2
US,63,-60.82508250825083,-62.44912007781656,39.2
US,21,-16.51019747491097,-16.827267608275143,36.4
US,63,-27.355131110391717,-25.731478026276598,36.4
US,21,-36.39692420358843,-37.74474949507337,38.3
US,63,-41.04723544489198,-38.71389772995074,38.3
US,21,-38.10198300283286,-37.42431964309096,35.5
US,63,-17.186024551463642,-11.340834353963771,35.5
US,21,2.558479532163749,4.351820430108466,38.2
US,63,-11.330409356725147,-8.188635230544584,38.2
US,21,5.871559633027523,11.572640899540554,28.2
US,63,-36.146788990825684,-29.615623188508444,28.2
US,21,-38.74092009685231,-40.81485831067173,35.2
US,63,-53.34140435835351,-55.76440669466183,35.2
US,21,3.270509977827052,7.773927481068843,34.4
US,63,-50.22172949002217,-54.31419729330293,34.4
US,21,-25.680320266058455,-25.969388107386973,38.0
US,63,-43.03830750237368,-43.074563295449835,38.0
US,21,-3.674909504058088,-4.192350426503122,43.2
US,63,-32.61484206775894,-33.41540302396632,43.2
US,21,-26.624405139963127,-27.405119952427437,36.3
US,63,-23.177496598511137,-22.09337907017874,36.3
US,21,-27.487059862012806,-30.25812286731908,31.9
US,63,-39.102929705151745,-40.29424135309889,31.9
US,21,-21.236361416903403,-19.804250971191195,32.1
US,63,-48.30545321377841,-47.10475825123467,32.1
US,21,-3.5654049676715704,-4.056898631441208,28.8
US,63,-3.9990361708855837,-3.0493050662810717,28.8
US,21,-28.584310484019383,-28.792236185926914,26.4
US,63,-28.584310484019383,-28.792236185926914,26.4
US,21,7.237287662920977,7.560316777351805,39.0
US,63,-14.467130165238618,13.560561420038052,39.0
US,21,-5.222605661131386,-2.286679965907346,33.1
US,63,4.522019976993663,7.102976205837197,33.1
US,21,14.136170396598313,13.386037523055428,45.5
US,63,6.768265676156537,6.286551245544536,45.5
US,21,5.137397588392512,6.448607280512708,44.1
US,63,11.976908635021811,11.917378690094594,44.1
US,21,19.51607729002078,15.858649001379963,39.6
US,63,34.38061209297969,25.80957059331521,39.6
US,21,5.976624385174145,4.298019779440176,41.8
US,63,3.3230302976254844,5.031996412520989,41.8
US,21,4.951918972665514,7.213926759596689,29.4
US,63,5.184445716516839,12.43735258839964,29.4
US,21,-1.0839023159991301,-1.8962653607271784,38.2
US,63,-21.684420587187113,-14.65184236963206,38.2
US,21,9.326016693256367,9.525721285317456,38.5
US,63,40.12741361819003,42.83842005709221,38.5
US,21,-6.231312318889515,-6.0380963972288875,37.0
US,63,9.781953061904836,10.417157649744125,37.0
US,21,12.566738235334519,12.15009683017152,40.8
US,63,22.42751316396019,20.760714934798653,40.8
US,21,2.6226631376880194,0.24690570362051467,30.0
US,63,-9.774211666235233,-13.284700202130962,30.0
US,21,7.121954196836899,5.7792887241223,31.1
US,63,14.970732898246952,18.747383343758926,31.1
US,21,-8.373086243483685,-10.907772093181755,48.9
US,63,8.637488584388198,4.085466242941327,48.9
US,21,0.021269748835228697,1.2707009970713723,51.2
US,63,1.1740226332974668,2.6846709392921775,51.2
US,21,-9.196112147642854,-9.064181051050513,43.0
US,63,-12.296315212322595,-9.385439770367299,43.0
US,21,7.934577100403839,8.500949794759382,31.2
US,63,11.8522989936102,16.99693076019436,31.2
US,21,4.111104816588784,4.685547991327333,40.2
US,63,13.192380860272523,13.821638812382375,40.2
US,21,-4.270988896478334,-3.8216104489468665,37.0
US,63,15.67010184174029,18.421300529447503,37.0
US,21,-11.107563200481096,-9.512534131473137,37.8
US,63,-12.288542581695305,-10.12320296941801,37.8
US,21,-9.726957502839218,-9.533305653458434,49.3
US,63,-35.5972650833199,-35.756545363177636,49.3
US,21,-25.3308150082445,-26.091152276793572,46.0
US,63,-45.14177765464342,-47.0840457424291,46.0
US,21,-16.947310762730183,-17.55347550429139,27.9
US,63,44.92124131617625,52.140125085185836,27.9
US,21,166.83645343689219,195.66822199959466,38.0
US,63,94.39727405663692,115.62451964901882,38.0
US,21,-21.255124458261243,-20.42809808486965,38.2
US,63,-45.06464654922067,-47.8553817131306,38.2
US,21,-36.855389405211234,-44.02211556010732,43.2
US,63,-23.981246766345865,-32.7209655841621,43.2
US,21,-20.83950278199749,-22.19479951547212,31.0
US,63,-52.012346997673134,-54.3791737071616,31.0
US,21,-36.31573632957787,-38.944725611416764,40.1
US,63,-44.663704032780146,-46.287741602345875,40.1
US,21,-22.08535983435188,-23.373609404008775,36.6
US,63,-34.717842981552536,-35.908694398223375,36.6
US,21,-25.521184300609434,-26.869009592094372,38.8
US,63,-26.126430792072387,-23.793093077131147,38.8
US,21,-26.567281358860505,-25.889617999118606,36.4
US,63,-8.256880198819228,-2.4116900013193563,36.4
US,21,10.404901203560346,12.500863159771058,38.7
US,63,17.043318635793113,20.293207746769482,38.7
US,21,0.4372043363222611,5.984087685430217,28.4
US,63,-28.83544993945154,-24.197814390911297,28.4
US,21,-27.2230156659254,-29.296953879744827,35.9
US,63,-38.58773399824792,-41.01073633455624,35.9
US,21,-23.190262429061693,-24.495132503802076,38.5
US,63,-33.31197901110019,-35.18071958801463,38.5
US,21,-14.582002784217762,-15.078054006920427,39.7
US,63,-7.673901323982335,-8.082449159889315,39.7
US,21,-17.34338942187128,-18.12410423433559,36.6
US,63,-12.122970436539426,-11.03885290820703,36.6
US,21,-13.51013600440394,-12.078025558691731,33.0
US,63,-33.90042714682413,-32.69973218428039,33.0
US,21,-1.3614691285097957,-1.8529627922794334,27.6
US,63,1.7358755733488218,2.685606677953334,27.6
US,21,-18.984966436042406,-19.192892137949936,26.9
US,63,-18.984966436042406,-19.192892137949936,26.9
US,21,2.182887372386122,2.2456112211729606,46.3
US,63,-5.260698237316486,-4.983826325681928,46.3
US,21,-1.8827384233333522,-2.594716734720315,39.9
US,63,-1.378925467787051,-2.999924333351356,39.9
US,21,6.860156031855902,7.449080849265998,48.5
US,63,-17.84850568795021,7.182804943556619,48.5
US,21,1.0111430163288082,5.318444024469682,45.9
US,63,-0.22469606708667156,-1.8488336448832299,45.9
US,21,-5.429300031279849,-7.741995746269426,43.4
US,63,7.280760449035095,4.544554439317117,43.4
US,21,-10.633924047036093,-10.659136238723455,48.3
US,63,-7.991932543084057,-8.603134558771197,48.3
US,21,3.1887810228607094,0.9883746876579114,42.4
US,63,9.362704235569087,8.740313514159716,42.4
US,21,-5.428005041752993,-1.2721359835912054,24.4
US,63,2.9028545584813825,4.990944653927731,24.4
US,21,-11.863019652093787,-10.337420297065247,28.7
US,63,0.4959987924012532,1.3072027879482362,28.7
US,21,12.958698614489883,9.887552793895814,44.2
US,63,42.42173769142612,36.17748712817823,44.2
US,21,-10.618582348623018,-10.593490996041645,51.0
US,63,2.8942230865221408,2.337202187795917,51.0
US,21,-6.318864023453264,-5.023980927168104,35.9
US,63,11.275343129401127,9.965381049053157,35.9
US,21,1.5005670135538773,1.2942294656090425,45.7
US,63,-14.50611530645145,-7.835443311653478,45.7
US,21,0.5585242191100903,0.5585242191100903,51.2
US,63,0.5585242191100903,0.5585242191100903,51.2
US,21,-2.197186458373346,-6.93620654010545,39.7
US,63,1.1410247283569541,-5.746147051560357,39.7
US,21,-0.09094112090494155,-3.2977679406171467,46.0
US,63,9.721246266058214,7.639818013383803,46.0
US,21,4.842384316020598,4.445879654915497,39.8
US,63,10.237964092256702,11.502019309318035,39.8
US,21,4.236358834127163,6.290768268411884,45.6
US,63,15.816482468507441,18.29468465864368,45.6
US,21,14.517845103069881,11.685058947487459,30.1
US,63,38.635810597814334,32.60699262174638,30.1
US,21,4.226033021475062,3.2829864293429933,42.6
US,63,16.369795206820758,19.330709855468385,42.6
US,21,-8.201556559607459,-5.016055824446375,34.8
US,63,-6.1443824782986045,-4.04074286080256,34.8
US,21,-5.464904127033233,-5.9597453966224405,40.0
US,63,2.0726529665166193,-0.8657197367345937,40.0
US,21,-6.183151971726186,-6.495609191199336,36.1
US,63,16.205124627976186,23.25590318014824,36.1
US,21,16.344513786584724,16.93343860399482,40.6
US,63,-18.533258673122955,7.987845014053519,40.6
US,21,-9.683782748195547,-10.311635432179902,49.7
US,63,-8.696830764157237,-8.146816212553553,49.7
US,21,4.87022666293262,5.7460463192446465,50.7
US,63,4.667469165923421,6.0175800045074945,50.7
US,21,-15.067145467705389,-14.789576257965496,38.6
US,63,-55.44741042080712,-48.90405575918305,38.6
US,21,4.688297850332002,4.441611632784959,45.1
US,63,-15.585397500938203,-13.3247472571991,45.1
US,21,-12.059393451467903,-8.816325403899727,46.9
US,63,-3.2750495285995385,-2.11945357162332,46.9
US,21,-12.550857142857142,-9.734905834940367,40.2
US,63,-13.500181069958849,-10.382714396725344,40.2
US,21,18.208986303977916,18.79791112138801,47.4
US,63,95.29502175577211,121.81612544294859,47.4
US,21,15.987376341852944,14.854843163220277,28.9
US,63,-13.905119346953754,-13.29005197305616,28.9
US,21,3.272385630918029,4.261618131664391,43.1
US,63,-17.712880725325554,-16.394891065144147,43.1
US,21,-20.127569310694238,-15.149461686975096,45.2
US,63,-24.92322392641465,-17.775841745372723,45.2
US,21,3.25718369074921,1.178154224171113,32.7
US,63,-3.6698569193325037,-3.2909866150582556,32.7
US,21,1.1022927541272987,0.10644909452994789,46.3
US,63,15.902409684352303,16.30633853463105,46.3
US,21,-2.3367285125241777,-2.9591071288719517,28.0
US,63,-14.192597788742233,-14.031591657720421,28.0
US,21,-7.49710427799497,-5.282196213418389,47.5
US,63,1.8655858092913036,5.28261478715133,47.5
US,21,29.46818414668151,27.976770572108368,28.7
US,63,3.156870392002298,2.7421106112108795,28.7
US,21,-10.679986989288736,-10.937949316027407,26.1
US,63,1.3830145735940214,7.959351170128626,26.1
US,21,-16.562417023299968,-14.799957612796609,39.6
US,63,15.525044356404983,15.702195490347304,39.6
US,21,34.28465588192253,32.72473473535289,27.7
US,63,28.511865080178623,27.33673464773763,27.7
US,21,-13.847455648126704,-14.704172245151236,39.7
US,63,1.9404396498036824,2.4815673027337115,39.7
US,21,0.11764487342151853,-0.3313773985311519,45.7
US,63,-4.608692842371321,-0.7526820455577736,45.7
US,21,-6.180376367573115,-5.225588151814886,36.3
US,63,9.365846254499433,14.510478021083594,36.3
US,21,1.5228001778715639,4.071130460820537,42.4
US,63,-31.24266311259167,-28.39198716498986,42.4
US,21,-13.855273839949101,-12.329674484920561,32.8
US,63,-16.485558841820648,-15.674354846273665,32.8
