symbol,market,filter,detail,score,signal_date,as_of,held_days,entry_used,basis,ret_pct,xret_pct,provenance,source
SANDUMA,IN,golden_cross_hist,GC _20260713_0941,,2026-07-13,2026-07-30,17,203.25,panel-close,5.230012300122988,99.60796150139447,backfilled,indian_full_scan_20260713_0941.xlsx
VAIBHAVGBL,IN,golden_cross_hist,GC _20260713_0941,,2026-07-13,2026-07-30,17,255.88,panel-close,3.017039237142427,97.3949884384139,backfilled,indian_full_scan_20260713_0941.xlsx
GAIL,IN,golden_cross_hist,GC _20260713_0941,,2026-07-13,2026-07-30,17,173.12,panel-close,0.3003696857670768,94.67831888703856,backfilled,indian_full_scan_20260713_0941.xlsx
INDOSTAR,IN,golden_cross_hist,GC _20260713_0813,,2026-07-13,2026-07-30,17,269.35,panel-close,-3.267124559123824,91.11082464214765,backfilled,indian_full_scan_20260713_0813.xlsx
KRBL,IN,golden_cross_hist,GC _20260713_0941,,2026-07-13,2026-07-30,17,364.3,panel-close,-3.7469118858084127,90.63103731546306,backfilled,indian_full_scan_20260713_0941.xlsx
UNICHEMLAB,IN,golden_cross_hist,GC _20260713_0941,,2026-07-13,2026-07-30,17,596.95,panel-close,-12.270709439651561,82.10723976161992,backfilled,indian_full_scan_20260713_0941.xlsx
CORDSCABLE,IN,golden_cross_hist,GC _20260713_0941,,2026-07-13,2026-07-30,17,239.9,panel-close,-14.964568570237603,79.41338063103387,backfilled,indian_full_scan_20260713_0941.xlsx
360ONE,IN,golden_cross_hist,GC _20260715_0722,,2026-07-15,2026-07-30,15,1098.5999755859375,panel-close,4.032407190837151,92.5280558117253,backfilled,indian_full_scan_20260715_0722.xlsx
GKCONS,IN,golden_cross_hist,GC _20260715_0722,,2026-07-15,2026-07-30,15,11.510000228881836,panel-close,-0.08688295988684702,88.4087656610013,backfilled,indian_full_scan_20260715_0722.xlsx
GREENLAM,IN,golden_cross_hist,GC _20260715_1917,,2026-07-15,2026-07-30,15,252.4499969482422,panel-close,-0.09902830313499589,88.39662031775315,backfilled,indian_full_scan_20260715_1917.xlsx
ANUP,IN,golden_cross_hist,GC _20260715_0722,,2026-07-15,2026-07-30,15,2180.800048828125,panel-close,-1.1968107228423008,87.29883789804585,backfilled,indian_full_scan_20260715_0722.xlsx
NDRAUTO,IN,golden_cross_hist,GC _20260715_0722,,2026-07-15,2026-07-30,15,821.0,panel-close,-1.467722289890372,87.02792633099777,backfilled,indian_full_scan_20260715_0722.xlsx
20MICRONS,IN,golden_cross_hist,GC _20260715_1917,,2026-07-15,2026-07-30,15,204.42999267578125,panel-close,-2.132755873398695,86.36289274748945,backfilled,indian_full_scan_20260715_1917.xlsx
KRISHIVAL,IN,golden_cross_hist,GC _20260715_0722,,2026-07-15,2026-07-30,15,399.6499938964844,panel-close,-3.1277352902254973,85.36791333066265,backfilled,indian_full_scan_20260715_0722.xlsx
DATAMATICS,IN,golden_cross_hist,GC _20260715_0722,,2026-07-15,2026-07-30,15,853.5,panel-close,-3.7375512595196225,84.75809736136853,backfilled,indian_full_scan_20260715_0722.xlsx
IGARASHI,IN,golden_cross_hist,GC _20260715_1917,,2026-07-15,2026-07-30,15,465.8999938964844,panel-close,-4.48593993781593,84.00970868307222,backfilled,indian_full_scan_20260715_1917.xlsx
HOMEFIRST,IN,golden_cross_hist,GC _20260715_1917,,2026-07-15,2026-07-30,15,1247.0999755859375,panel-close,-4.722955395638095,83.77269322525005,backfilled,indian_full_scan_20260715_1917.xlsx
AJAXENGG,IN,golden_cross_hist,GC _20260715_1043,,2026-07-15,2026-07-30,15,615.2000122070312,panel-close,-5.518532433904788,82.97711618698335,backfilled,indian_full_scan_20260715_1043.xlsx
GARFIBRES,IN,golden_cross_hist,GC _20260715_1917,,2026-07-15,2026-07-30,15,770.1500244140625,panel-close,-6.148155932357058,82.34749268853109,backfilled,indian_full_scan_20260715_1917.xlsx
TRABI,IN,golden_cross_hist,GC _20260715_0722,,2026-07-15,2026-07-30,15,3.1600000858306885,panel-close,-7.911394906338087,80.58425371455006,backfilled,indian_full_scan_20260715_0722.xlsx
RESPONIND,IN,golden_cross_hist,GC _20260715_0722,,2026-07-15,2026-07-30,15,190.52999877929688,panel-close,-10.255602217229477,78.24004640365867,backfilled,indian_full_scan_20260715_0722.xlsx
GALXBRG,IN,golden_cross_hist,GC _20260715_0722,,2026-07-15,2026-07-30,15,910.7000122070312,panel-close,-10.502911049186082,77.99273757170207,backfilled,indian_full_scan_20260715_0722.xlsx
GANESHHOU,IN,golden_cross_hist,GC _20260715_0722,,2026-07-15,2026-07-30,15,847.9500122070312,panel-close,-11.940563800865956,76.55508482002219,backfilled,indian_full_scan_20260715_0722.xlsx
AUSTENG,IN,golden_cross_hist,GC _20260715_0708,,2026-07-15,2026-07-30,15,166.8000030517578,panel-close,-19.12470171949534,69.37094690139281,backfilled,indian_full_scan_20260715_0708.xlsx
TOTEM,IN,golden_cross_hist,GC _20260715_0722,,2026-07-15,2026-07-30,15,150.60000610351562,panel-close,-20.31872832892355,68.17692029196459,backfilled,indian_full_scan_20260715_0722.xlsx
JINDWORLD,IN,golden_cross_hist,GC _20260717_0030,,2026-07-17,2026-07-30,13,32.20000076293945,panel-close,19.596270458238706,108.19117558354948,backfilled,indian_full_scan_20260717_0030.xlsx
PRICOLLTD,IN,golden_cross_hist,GC _20260717_0030,,2026-07-17,2026-07-30,13,615.2999877929688,panel-close,10.685846499505258,99.28075162481603,backfilled,indian_full_scan_20260717_0030.xlsx
ROTO,IN,golden_cross_hist,GC _20260717_0030,,2026-07-17,2026-07-30,13,65.05000305175781,panel-close,5.749418559237296,94.34432368454807,backfilled,indian_full_scan_20260717_0030.xlsx
BLUEJET,IN,golden_cross_hist,GC _20260717_0030,,2026-07-17,2026-07-30,13,584.5499877929688,panel-close,4.772904420436452,93.36780954574722,backfilled,indian_full_scan_20260717_0030.xlsx
WINDLAS,IN,golden_cross_hist,GC _20260717_0030,,2026-07-17,2026-07-30,13,844.25,panel-close,1.853716316257037,90.44862144156781,backfilled,indian_full_scan_20260717_0030.xlsx
PPL,IN,golden_cross_hist,GC _20260717_0030,,2026-07-17,2026-07-30,13,257.0,panel-close,1.322957198443575,89.91786232375435,backfilled,indian_full_scan_20260717_0030.xlsx
NAZARA,IN,golden_cross_hist,GC _20260717_0030,,2026-07-17,2026-07-30,13,304.6499938964844,panel-close,1.1160368198368964,89.71094194514767,backfilled,indian_full_scan_20260717_0030.xlsx
PICCADIL,IN,golden_cross_hist,GC _20260717_0030,,2026-07-17,2026-07-30,13,729.5499877929688,panel-close,-1.3844134003103914,87.21049172500038,backfilled,indian_full_scan_20260717_0030.xlsx
CHOLAFIN,IN,golden_cross_hist,GC _20260717_0030,,2026-07-17,2026-07-30,13,1804.9000244140625,panel-close,-1.7230884809898983,86.87181664432087,backfilled,indian_full_scan_20260717_0030.xlsx
FOSECOIND,IN,golden_cross_hist,GC _20260717_0030,,2026-07-17,2026-07-30,13,5058.0,panel-close,-1.7497034400948963,86.84520168521588,backfilled,indian_full_scan_20260717_0030.xlsx
ONMOBILE,IN,golden_cross_hist,GC _20260717_0030,,2026-07-17,2026-07-30,13,63.150001525878906,panel-close,-2.3594639586323796,86.2354411666784,backfilled,indian_full_scan_20260717_0030.xlsx
FDC,IN,golden_cross_hist,GC _20260717_0030,,2026-07-17,2026-07-30,13,420.1000061035156,panel-close,-3.011189221548971,85.5837159037618,backfilled,indian_full_scan_20260717_0030.xlsx
HARIOMPIPE,IN,golden_cross_hist,GC _20260717_0030,,2026-07-17,2026-07-30,13,403.54998779296875,panel-close,-4.0763197349935165,84.51858539031726,backfilled,indian_full_scan_20260717_0030.xlsx
RAMCOIND,IN,golden_cross_hist,GC _20260717_0030,,2026-07-17,2026-07-30,13,353.45001220703125,panel-close,-6.889237902407642,81.70566722290313,backfilled,indian_full_scan_20260717_0030.xlsx
APTUS,IN,golden_cross_hist,GC _20260717_0030,,2026-07-17,2026-07-30,13,306.8500061035156,panel-close,-9.662703442643316,78.93220168266745,backfilled,indian_full_scan_20260717_0030.xlsx
PPLPHARMA,IN,golden_cross_hist,GC _20260720_0030,,2026-07-20,2026-07-30,10,178.8699951171875,panel-close,9.979317588239422,98.45107843663315,backfilled,indian_full_scan_20260720_0030.xlsx
KMEW,IN,golden_cross_hist,GC _20260720_0030,,2026-07-20,2026-07-30,10,2445.300048828125,panel-close,3.4228908314129836,91.89465167980671,backfilled,indian_full_scan_20260720_0030.xlsx
INDHOTEL,IN,golden_cross_hist,GC _20260720_2053,,2026-07-20,2026-07-30,10,725.0499877929688,panel-close,3.3377025880236832,91.80946343641742,backfilled,indian_full_scan_20260720_2053.xlsx
UDS,IN,golden_cross_hist,GC _20260720_0030,,2026-07-20,2026-07-30,10,193.52000427246094,panel-close,1.4107046647722443,89.88246551316597,backfilled,indian_full_scan_20260720_0030.xlsx
PRINCEPIPE,IN,golden_cross_hist,GC _20260720_0030,,2026-07-20,2026-07-30,10,267.5,panel-close,-1.8130841121495433,86.65867673624419,backfilled,indian_full_scan_20260720_0030.xlsx
NAVKARCORP,IN,golden_cross_hist,GC _20260720_0030,,2026-07-20,2026-07-30,10,104.30999755859375,panel-close,-2.4542207060792354,86.01754014231449,backfilled,indian_full_scan_20260720_0030.xlsx
EIMCOELECO,IN,golden_cross_hist,GC _20260720_0030,,2026-07-20,2026-07-30,10,1822.300048828125,panel-close,-4.066292424004314,84.40546842438941,backfilled,indian_full_scan_20260720_0030.xlsx
MAITHANALL,IN,golden_cross_hist,GC _20260720_0030,,2026-07-20,2026-07-30,10,1012.5,panel-close,-4.869135802469127,83.6026250459246,backfilled,indian_full_scan_20260720_0030.xlsx
VINCOFE,IN,golden_cross_hist,GC _20260720_2053,,2026-07-20,2026-07-30,10,158.92999267578125,panel-close,-6.826900632856214,81.64486021553752,backfilled,indian_full_scan_20260720_2053.xlsx
IKIO,IN,golden_cross_hist,GC _20260720_2053,,2026-07-20,2026-07-30,10,214.3699951171875,panel-close,-7.067218109934458,81.40454273845927,backfilled,indian_full_scan_20260720_2053.xlsx
TARIL,IN,golden_cross_hist,GC _20260720_2053,,2026-07-20,2026-07-30,10,333.6000061035156,panel-close,-12.005397293394582,76.46636355499915,backfilled,indian_full_scan_20260720_2053.xlsx
JLHL,IN,golden_cross_hist,GC _20260720_2053,,2026-07-20,2026-07-30,10,1558.0999755859375,panel-close,-78.66632403514429,9.805436813249443,backfilled,indian_full_scan_20260720_2053.xlsx
AARNAV,IN,piotroski,F=7,7.0,2026-07-21,2026-07-30,9,24.98,signal-price,24.619695756605275,113.50012833853569,forward,india_factor_panel
AARNAV,IN,debt_reduction,F=7,7.0,2026-07-21,2026-07-30,9,24.98,signal-price,24.619695756605275,113.50012833853569,forward,india_factor_panel
AARNAV,IN,piotroski+debt,F=7,7.0,2026-07-21,2026-07-30,9,24.98,signal-price,24.619695756605275,113.50012833853569,forward,india_factor_panel
APCOTEXIND,IN,debt_reduction,F=6,6.0,2026-07-21,2026-07-30,9,519.35,signal-price,22.73996341580822,111.62039599773864,forward,india_factor_panel
63MOONS,IN,debt_reduction,F=3,3.0,2026-07-21,2026-07-30,9,734.2,signal-price,15.411332062108407,104.29176464403884,forward,india_factor_panel
ADOR,IN,debt_reduction,F=5,5.0,2026-07-21,2026-07-30,9,1333.0,signal-price,11.042760690172537,99.92319327210296,forward,india_factor_panel
AARON,IN,piotroski,F=8,8.0,2026-07-21,2026-07-30,9,118.77,signal-price,10.532962869411477,99.4133954513419,forward,india_factor_panel
AARON,IN,debt_reduction,F=8,8.0,2026-07-21,2026-07-30,9,118.77,signal-price,10.532962869411477,99.4133954513419,forward,india_factor_panel
AARON,IN,piotroski+debt,F=8,8.0,2026-07-21,2026-07-30,9,118.77,signal-price,10.532962869411477,99.4133954513419,forward,india_factor_panel
ALGOQUANT,IN,debt_reduction,F=6,6.0,2026-07-21,2026-07-30,9,61.32,signal-price,10.257664709719494,99.13809729164991,forward,india_factor_panel
AMANTA,IN,piotroski,F=7,7.0,2026-07-21,2026-07-30,9,150.27,signal-price,9.802355759632665,98.68278834156308,forward,india_factor_panel
AMANTA,IN,debt_reduction,F=7,7.0,2026-07-21,2026-07-30,9,150.27,signal-price,9.802355759632665,98.68278834156308,forward,india_factor_panel
AMANTA,IN,piotroski+debt,F=7,7.0,2026-07-21,2026-07-30,9,150.27,signal-price,9.802355759632665,98.68278834156308,forward,india_factor_panel
ATUL,IN,piotroski,F=7,7.0,2026-07-21,2026-07-30,9,6264.0,signal-price,8.604725415070247,97.48515799700067,forward,india_factor_panel
ATUL,IN,debt_reduction,F=7,7.0,2026-07-21,2026-07-30,9,6264.0,signal-price,8.604725415070247,97.48515799700067,forward,india_factor_panel
ATUL,IN,piotroski+debt,F=7,7.0,2026-07-21,2026-07-30,9,6264.0,signal-price,8.604725415070247,97.48515799700067,forward,india_factor_panel
AMBALALSA,IN,debt_reduction,F=6,6.0,2026-07-21,2026-07-30,9,31.38,signal-price,6.724028043339714,95.60446062527014,forward,india_factor_panel
ANKITMETAL,IN,debt_reduction,F=5,5.0,2026-07-21,2026-07-30,9,1.4500000476837158,signal-price,6.206893059076335,95.08732564100676,,india_factor_panel
ACI,IN,debt_reduction,F=4,4.0,2026-07-21,2026-07-30,9,529.25,signal-price,6.036844591402946,94.91727717333336,forward,india_factor_panel
AFFLE,IN,debt_reduction,F=5,5.0,2026-07-21,2026-07-30,9,1539.3,signal-price,5.418047164295459,94.29847974622588,forward,india_factor_panel
AIIL,IN,debt_reduction,F=6,6.0,2026-07-21,2026-07-30,9,520.0,signal-price,4.980769230769222,93.86120181269965,forward,india_factor_panel
AYMSYNTEX,IN,piotroski,F=7,7.0,2026-07-21,2026-07-30,9,234.46,signal-price,4.691631834854548,93.57206441678497,forward,india_factor_panel
AYMSYNTEX,IN,debt_reduction,F=7,7.0,2026-07-21,2026-07-30,9,234.46,signal-price,4.691631834854548,93.57206441678497,forward,india_factor_panel
AYMSYNTEX,IN,piotroski+debt,F=7,7.0,2026-07-21,2026-07-30,9,234.46,signal-price,4.691631834854548,93.57206441678497,forward,india_factor_panel
ASIANPAINT,IN,debt_reduction,F=5,5.0,2026-07-21,2026-07-30,9,2652.1,signal-price,3.5481316692432374,92.42856425117365,forward,india_factor_panel
ALKEM,IN,roce_plus,F=6,6.0,2026-07-21,2026-07-30,9,5653.5,signal-price,2.883169717873879,91.7636022998043,,india_factor_panel
ALKEM,IN,debt_reduction,F=6,6.0,2026-07-21,2026-07-30,9,5653.5,signal-price,2.883169717873879,91.7636022998043,,india_factor_panel
3BBLACKBIO,IN,debt_reduction,F=6,6.0,2026-07-21,2026-07-30,9,1215.1,signal-price,2.872191589169626,91.75262417110005,forward,india_factor_panel
AETHER,IN,debt_reduction,F=6,6.0,2026-07-21,2026-07-30,9,1452.8,signal-price,2.6156387665198233,91.49607134845024,forward,india_factor_panel
360ONE,IN,debt_reduction,F=2,2.0,2026-07-21,2026-07-30,9,1118.0,signal-price,2.227191413237928,91.10762399516835,forward,india_factor_panel
AGI,IN,piotroski,F=7,7.0,2026-07-21,2026-07-30,9,698.1,signal-price,1.009883970777814,89.89031655270824,forward,india_factor_panel
AGI,IN,debt_reduction,F=7,7.0,2026-07-21,2026-07-30,9,698.1,signal-price,1.009883970777814,89.89031655270824,forward,india_factor_panel
AGI,IN,piotroski+debt,F=7,7.0,2026-07-21,2026-07-30,9,698.1,signal-price,1.009883970777814,89.89031655270824,forward,india_factor_panel
ADANIENSOL,IN,debt_reduction,F=2,2.0,2026-07-21,2026-07-30,9,1644.6,signal-price,0.8755928493250797,89.7560254312555,forward,india_factor_panel
AJANTPHARM,IN,piotroski,F=7,7.0,2026-07-21,2026-07-30,9,3421.4,signal-price,0.43841702227158663,89.318849604202,forward,india_factor_panel
AJANTPHARM,IN,roce_plus,F=7,7.0,2026-07-21,2026-07-30,9,3421.4,signal-price,0.43841702227158663,89.318849604202,forward,india_factor_panel
AJANTPHARM,IN,debt_reduction,F=7,7.0,2026-07-21,2026-07-30,9,3421.4,signal-price,0.43841702227158663,89.318849604202,forward,india_factor_panel
AJANTPHARM,IN,piotroski+debt,F=7,7.0,2026-07-21,2026-07-30,9,3421.4,signal-price,0.43841702227158663,89.318849604202,forward,india_factor_panel
AJANTPHARM,IN,piotroski+roce,F=7,7.0,2026-07-21,2026-07-30,9,3421.4,signal-price,0.43841702227158663,89.318849604202,forward,india_factor_panel
AJANTPHARM,IN,triple,F=7,7.0,2026-07-21,2026-07-30,9,3421.4,signal-price,0.43841702227158663,89.318849604202,forward,india_factor_panel
AARTISURF,IN,piotroski,F=7,7.0,2026-07-21,2026-07-30,9,391.75,signal-price,0.35737077217612434,89.23780335410655,,india_factor_panel
AARTISURF,IN,debt_reduction,F=7,7.0,2026-07-21,2026-07-30,9,391.75,signal-price,0.35737077217612434,89.23780335410655,,india_factor_panel
AARTISURF,IN,piotroski+debt,F=7,7.0,2026-07-21,2026-07-30,9,391.75,signal-price,0.35737077217612434,89.23780335410655,,india_factor_panel
ADVAIT,IN,debt_reduction,F=4,4.0,2026-07-21,2026-07-30,9,2184.3,signal-price,-0.2746875429199269,88.6057450390105,forward,india_factor_panel
ARE&M,IN,roce_plus,F=4,4.0,2026-07-21,2026-07-30,9,911.2999877929688,signal-price,-0.4883120654644024,88.39212051646602,,india_factor_panel
AKSHARCHEM,IN,piotroski,F=7,7.0,2026-07-21,2026-07-29,8,242.9,signal-price,-0.7822149032523651,88.09821767867805,forward,india_factor_panel
AMBICAAGAR,IN,piotroski,F=7,7.0,2026-07-21,2026-07-30,9,24.66,signal-price,-0.9732360097323589,87.90719657219806,forward,india_factor_panel
ANUP,IN,piotroski,F=7,7.0,2026-07-21,2026-07-30,9,2178.9,signal-price,-1.1106521639359435,87.76978041799448,forward,india_factor_panel
ANUP,IN,roce_plus,F=7,7.0,2026-07-21,2026-07-30,9,2178.9,signal-price,-1.1106521639359435,87.76978041799448,forward,india_factor_panel
ANUP,IN,debt_reduction,F=7,7.0,2026-07-21,2026-07-30,9,2178.9,signal-price,-1.1106521639359435,87.76978041799448,forward,india_factor_panel
ANUP,IN,piotroski+debt,F=7,7.0,2026-07-21,2026-07-30,9,2178.9,signal-price,-1.1106521639359435,87.76978041799448,forward,india_factor_panel
ANUP,IN,piotroski+roce,F=7,7.0,2026-07-21,2026-07-30,9,2178.9,signal-price,-1.1106521639359435,87.76978041799448,forward,india_factor_panel
ANUP,IN,triple,F=7,7.0,2026-07-21,2026-07-30,9,2178.9,signal-price,-1.1106521639359435,87.76978041799448,forward,india_factor_panel
AIROLAM,IN,debt_reduction,F=5,5.0,2026-07-21,2026-07-30,9,87.03,signal-price,-1.1145581983224129,87.76587438360801,forward,india_factor_panel
ARCHIES,IN,debt_reduction,F=6,6.0,2026-07-21,2026-07-30,9,14.0,signal-price,-1.2142857142857122,87.66614686764471,,india_factor_panel
AEROENTER,IN,debt_reduction,F=5,5.0,2026-07-21,2026-07-30,9,120.97,signal-price,-1.6698354964040596,87.21059708552636,forward,india_factor_panel
AMBIKCO,IN,debt_reduction,F=6,6.0,2026-07-21,2026-07-30,9,1735.2,signal-price,-2.04011065006916,86.84032193186125,forward,india_factor_panel
ALPA,IN,debt_reduction,F=4,4.0,2026-07-21,2026-07-30,9,68.91,signal-price,-2.0751705122623587,86.80526206966806,forward,india_factor_panel
AUTOAXLES,IN,debt_reduction,F=5,5.0,2026-07-21,2026-07-30,9,1838.5,signal-price,-2.0777807995648656,86.80265178236556,,india_factor_panel
ANIKINDS,IN,debt_reduction,F=5,5.0,2026-07-21,2026-07-30,9,42.95000076293945,signal-price,-2.3515733294490637,86.52885925248135,,india_factor_panel
ALANKIT,IN,debt_reduction,F=5,5.0,2026-07-21,2026-07-30,9,8.07,signal-price,-2.354399008674102,86.52603357325631,forward,india_factor_panel
ABBOTINDIA,IN,roce_plus,F=5,5.0,2026-07-21,2026-07-30,9,28275.0,signal-price,-2.5464190981432377,86.33401348378719,,india_factor_panel
ABFRL,IN,debt_reduction,F=6,6.0,2026-07-21,2026-07-30,9,60.51,signal-price,-2.5946124607502896,86.28582012118014,forward,india_factor_panel
ADANIPOWER,IN,debt_reduction,F=5,5.0,2026-07-21,2026-07-30,9,215.46,signal-price,-3.012160029703892,85.86827255222653,forward,india_factor_panel
ALOKINDS,IN,debt_reduction,F=4,4.0,2026-07-21,2026-07-30,9,12.220000267028809,signal-price,-3.027825359604275,85.85260722232614,,india_factor_panel
AMNPLST,IN,roce_plus,F=5,5.0,2026-07-21,2026-07-30,9,206.84,signal-price,-3.06033649197448,85.82009608995594,forward,india_factor_panel
AMNPLST,IN,debt_reduction,F=5,5.0,2026-07-21,2026-07-30,9,206.84,signal-price,-3.06033649197448,85.82009608995594,forward,india_factor_panel
AARTIIND,IN,debt_reduction,F=5,5.0,2026-07-21,2026-07-30,9,495.3999938964844,signal-price,-3.068226500555926,85.8122060813745,,india_factor_panel
ATAM,IN,debt_reduction,F=4,4.0,2026-07-21,2026-07-30,9,67.38999938964844,signal-price,-3.4574853995418486,85.42294718238857,,india_factor_panel
ASIANHOTNR,IN,piotroski,F=7,7.0,2026-07-21,2026-07-30,9,316.55,signal-price,-3.474964460590746,85.40546812133968,forward,india_factor_panel
ASIANHOTNR,IN,debt_reduction,F=7,7.0,2026-07-21,2026-07-30,9,316.55,signal-price,-3.474964460590746,85.40546812133968,forward,india_factor_panel
ASIANHOTNR,IN,piotroski+debt,F=7,7.0,2026-07-21,2026-07-30,9,316.55,signal-price,-3.474964460590746,85.40546812133968,forward,india_factor_panel
AEGISVOPAK,IN,debt_reduction,F=5,5.0,2026-07-21,2026-07-30,9,303.3,signal-price,-3.626772172766235,85.25366040916418,forward,india_factor_panel
ADANIENT,IN,roce_plus,F=3,3.0,2026-07-21,2026-07-30,9,3177.5,signal-price,-4.040912667191188,84.83951991473923,forward,india_factor_panel
AIRAN,IN,roce_plus,F=5,5.0,2026-07-21,2026-07-30,9,15.72,signal-price,-4.19847328244275,84.68195929948767,forward,india_factor_panel
ABCOTS,IN,debt_reduction,F=3,3.0,2026-07-21,2026-07-30,9,208.31,signal-price,-4.234074216312223,84.6463583656182,forward,india_factor_panel
AMBER,IN,debt_reduction,F=4,4.0,2026-07-21,2026-07-30,9,7771.0,signal-price,-4.761291983013772,84.11914059891664,forward,india_factor_panel
APTECHT,IN,debt_reduction,F=4,4.0,2026-07-21,2026-07-30,9,96.44999694824219,signal-price,-5.028509177501417,83.851923404429,,india_factor_panel
AGROPHOS,IN,debt_reduction,F=6,6.0,2026-07-21,2026-07-30,9,30.28,signal-price,-5.317040951122854,83.56339163080757,forward,india_factor_panel
ALIVUS,IN,debt_reduction,F=6,6.0,2026-07-21,2026-07-30,9,1160.0,signal-price,-5.543103448275854,83.33732913365456,forward,india_factor_panel
ARVINDFASN,IN,debt_reduction,F=6,6.0,2026-07-21,2026-07-30,9,474.85,signal-price,-5.8860692850373875,82.99436329689303,forward,india_factor_panel
ANTELOPUS,IN,piotroski,F=7,7.0,2026-07-21,2026-07-30,9,847.6,signal-price,-5.899008966493624,82.9814236154368,forward,india_factor_panel
ANTELOPUS,IN,debt_reduction,F=7,7.0,2026-07-21,2026-07-30,9,847.6,signal-price,-5.899008966493624,82.9814236154368,forward,india_factor_panel
ANTELOPUS,IN,piotroski+debt,F=7,7.0,2026-07-21,2026-07-30,9,847.6,signal-price,-5.899008966493624,82.9814236154368,forward,india_factor_panel
5PAISA,IN,debt_reduction,F=6,6.0,2026-07-21,2026-07-30,9,370.7,signal-price,-6.393309954140813,82.4871226277896,forward,india_factor_panel
ANTGRAPHIC,IN,debt_reduction,F=4,4.0,2026-07-21,2026-07-30,9,0.78,signal-price,-6.410256410256421,82.470176171674,forward,india_factor_panel
ACEINTEG,IN,debt_reduction,F=4,4.0,2026-07-21,2026-07-30,9,20.69,signal-price,-7.4432092798453535,81.43722330208507,forward,india_factor_panel
ACUTAAS,IN,debt_reduction,F=6,6.0,2026-07-21,2026-07-30,9,3495.2,signal-price,-7.478828107118318,81.4016044748121,forward,india_factor_panel
ADVENZYMES,IN,roce_plus,F=2,2.0,2026-07-21,2026-07-30,9,331.45,signal-price,-7.618041936943731,81.2623906449867,forward,india_factor_panel
ADANIPORTS,IN,piotroski,F=7,7.0,2026-07-21,2026-07-30,9,1810.3,signal-price,-8.076009501187652,80.80442308074277,forward,india_factor_panel
ADANIPORTS,IN,debt_reduction,F=7,7.0,2026-07-21,2026-07-30,9,1810.3,signal-price,-8.076009501187652,80.80442308074277,forward,india_factor_panel
ADANIPORTS,IN,piotroski+debt,F=7,7.0,2026-07-21,2026-07-30,9,1810.3,signal-price,-8.076009501187652,80.80442308074277,forward,india_factor_panel
AADHARHFC,IN,debt_reduction,F=5,5.0,2026-07-21,2026-07-30,9,535.9,signal-price,-8.425079305840633,80.4553532760898,forward,india_factor_panel
AFCONS,IN,debt_reduction,F=3,3.0,2026-07-21,2026-07-30,9,299.0,signal-price,-8.612040133779264,80.26839244815116,forward,india_factor_panel
AAVAS,IN,debt_reduction,F=4,4.0,2026-07-21,2026-07-30,9,1497.4000244140625,signal-price,-9.002272086031937,79.87816049589848,,india_factor_panel
ADSL,IN,debt_reduction,F=4,4.0,2026-07-21,2026-07-30,9,125.74,signal-price,-9.4083028471449,79.47212973478553,forward,india_factor_panel
APEX,IN,debt_reduction,F=6,6.0,2026-07-21,2026-07-30,9,413.25,signal-price,-10.308529945553547,78.57190263637688,forward,india_factor_panel
AKI,IN,debt_reduction,F=3,3.0,2026-07-21,2026-07-30,9,4.68,signal-price,-11.111111111111105,77.76932147081932,forward,india_factor_panel
AGIIL,IN,debt_reduction,F=5,5.0,2026-07-21,2026-07-30,9,349.2,signal-price,-11.16838487972509,77.71204770220533,forward,india_factor_panel
ADANIGREEN,IN,debt_reduction,F=6,6.0,2026-07-21,2026-07-30,9,1546.5,signal-price,-12.143549951503395,76.73688263042703,forward,india_factor_panel
ABSLAMC,IN,debt_reduction,F=5,5.0,2026-07-21,2026-07-30,9,1173.7,signal-price,-14.049586776859513,74.83084580507091,forward,india_factor_panel
ALKALI,IN,debt_reduction,F=5,5.0,2026-07-21,2026-07-30,9,85.0,signal-price,-17.68235294117647,71.19807964075395,,india_factor_panel
63MOONS,IN,debt_reduction,F=3,3.0,2026-07-22,2026-07-30,8,734.9000244140625,signal-price,15.301397720811627,103.87752931386436,,india_factor_panel
APCOTEXIND,IN,debt_reduction,F=6,6.0,2026-07-22,2026-07-30,8,558.2999877929688,signal-price,14.176968285441195,102.75309987849393,,india_factor_panel
ATUL,IN,piotroski,F=7,7.0,2026-07-22,2026-07-30,8,6191.5,signal-price,9.876443511265443,98.45257510431819,,india_factor_panel
ATUL,IN,debt_reduction,F=7,7.0,2026-07-22,2026-07-30,8,6191.5,signal-price,9.876443511265443,98.45257510431819,,india_factor_panel
ATUL,IN,piotroski+debt,F=7,7.0,2026-07-22,2026-07-30,8,6191.5,signal-price,9.876443511265443,98.45257510431819,,india_factor_panel
AARON,IN,piotroski,F=8,8.0,2026-07-22,2026-07-30,8,119.94999694824219,signal-price,9.445605118811851,98.02173671186459,,india_factor_panel
AARON,IN,debt_reduction,F=8,8.0,2026-07-22,2026-07-30,8,119.94999694824219,signal-price,9.445605118811851,98.02173671186459,,india_factor_panel
AARON,IN,piotroski+debt,F=8,8.0,2026-07-22,2026-07-30,8,119.94999694824219,signal-price,9.445605118811851,98.02173671186459,,india_factor_panel
ANKITMETAL,IN,debt_reduction,F=5,5.0,2026-07-22,2026-07-30,8,1.4500000476837158,signal-price,6.206893059076335,94.78302465212907,,india_factor_panel
AFFLE,IN,debt_reduction,F=5,5.0,2026-07-22,2026-07-30,8,1529.4000244140625,signal-price,6.100429848082567,94.6765614411353,,india_factor_panel
AYMSYNTEX,IN,piotroski,F=7,7.0,2026-07-22,2026-07-30,8,234.3699951171875,signal-price,4.731836461091099,93.30796805414383,,india_factor_panel
AYMSYNTEX,IN,debt_reduction,F=7,7.0,2026-07-22,2026-07-30,8,234.3699951171875,signal-price,4.731836461091099,93.30796805414383,,india_factor_panel
AYMSYNTEX,IN,piotroski+debt,F=7,7.0,2026-07-22,2026-07-30,8,234.3699951171875,signal-price,4.731836461091099,93.30796805414383,,india_factor_panel
AMBALALSA,IN,debt_reduction,F=6,6.0,2026-07-22,2026-07-30,8,31.989999771118164,signal-price,4.688966050684673,93.2650976437374,,india_factor_panel
ALGOQUANT,IN,debt_reduction,F=6,6.0,2026-07-22,2026-07-30,8,65.1500015258789,signal-price,3.7758993346207914,92.35203092767352,,india_factor_panel
ASIANHOTNR,IN,piotroski,F=7,7.0,2026-07-22,2026-07-30,8,294.54998779296875,signal-price,3.734514568971181,92.31064616202391,,india_factor_panel
ASIANHOTNR,IN,debt_reduction,F=7,7.0,2026-07-22,2026-07-30,8,294.54998779296875,signal-price,3.734514568971181,92.31064616202391,,india_factor_panel
ASIANHOTNR,IN,piotroski+debt,F=7,7.0,2026-07-22,2026-07-30,8,294.54998779296875,signal-price,3.734514568971181,92.31064616202391,,india_factor_panel
AMNPLST,IN,roce_plus,F=5,5.0,2026-07-22,2026-07-30,8,193.32000732421875,signal-price,3.719218085752929,92.29534967880566,,india_factor_panel
AMNPLST,IN,debt_reduction,F=5,5.0,2026-07-22,2026-07-30,8,193.32000732421875,signal-price,3.719218085752929,92.29534967880566,,india_factor_panel
AETHER,IN,debt_reduction,F=6,6.0,2026-07-22,2026-07-30,8,1449.699951171875,signal-price,2.8350727883312388,91.41120438138398,,india_factor_panel
AGI,IN,piotroski,F=7,7.0,2026-07-22,2026-07-30,8,686.4000244140625,signal-price,2.731639702656352,91.30777129570909,,india_factor_panel
AGI,IN,debt_reduction,F=7,7.0,2026-07-22,2026-07-30,8,686.4000244140625,signal-price,2.731639702656352,91.30777129570909,,india_factor_panel
AGI,IN,piotroski+debt,F=7,7.0,2026-07-22,2026-07-30,8,686.4000244140625,signal-price,2.731639702656352,91.30777129570909,,india_factor_panel
ABFRL,IN,debt_reduction,F=6,6.0,2026-07-22,2026-07-30,8,57.40999984741211,signal-price,2.6650412065048146,91.24117279955755,,india_factor_panel
ALKEM,IN,roce_plus,F=6,6.0,2026-07-22,2026-07-30,8,5681.5,signal-price,2.3761330634515465,90.95226465650428,,india_factor_panel
ALKEM,IN,debt_reduction,F=6,6.0,2026-07-22,2026-07-30,8,5681.5,signal-price,2.3761330634515465,90.95226465650428,,india_factor_panel
360ONE,IN,debt_reduction,F=2,2.0,2026-07-22,2026-07-30,8,1119.699951171875,signal-price,2.0719880182046957,90.64811961125743,,india_factor_panel
ASIANPAINT,IN,debt_reduction,F=5,5.0,2026-07-22,2026-07-30,8,2692.39990234375,signal-price,1.998220903566983,90.57435249661972,,india_factor_panel
AKSHARCHEM,IN,piotroski,F=7,7.0,2026-07-22,2026-07-29,7,237.0,signal-price,1.6877637130801704,90.26389530613291,,india_factor_panel
AEGISVOPAK,IN,debt_reduction,F=5,5.0,2026-07-22,2026-07-30,8,288.45001220703125,signal-price,1.3347157670444032,89.91084736009714,,india_factor_panel
AARNAV,IN,piotroski,F=7,7.0,2026-07-22,2026-07-30,8,30.729999542236328,signal-price,1.3016611250315835,89.87779271808432,,india_factor_panel
AARNAV,IN,debt_reduction,F=7,7.0,2026-07-22,2026-07-30,8,30.729999542236328,signal-price,1.3016611250315835,89.87779271808432,,india_factor_panel
AARNAV,IN,piotroski+debt,F=7,7.0,2026-07-22,2026-07-30,8,30.729999542236328,signal-price,1.3016611250315835,89.87779271808432,,india_factor_panel
ANUP,IN,piotroski,F=7,7.0,2026-07-22,2026-07-30,8,2139.39990234375,signal-price,0.7151583787345261,89.29128997178726,,india_factor_panel
ANUP,IN,roce_plus,F=7,7.0,2026-07-22,2026-07-30,8,2139.39990234375,signal-price,0.7151583787345261,89.29128997178726,,india_factor_panel
ANUP,IN,debt_reduction,F=7,7.0,2026-07-22,2026-07-30,8,2139.39990234375,signal-price,0.7151583787345261,89.29128997178726,,india_factor_panel
ANUP,IN,piotroski+debt,F=7,7.0,2026-07-22,2026-07-30,8,2139.39990234375,signal-price,0.7151583787345261,89.29128997178726,,india_factor_panel
ANUP,IN,piotroski+roce,F=7,7.0,2026-07-22,2026-07-30,8,2139.39990234375,signal-price,0.7151583787345261,89.29128997178726,,india_factor_panel
ANUP,IN,triple,F=7,7.0,2026-07-22,2026-07-30,8,2139.39990234375,signal-price,0.7151583787345261,89.29128997178726,,india_factor_panel
ALANKIT,IN,debt_reduction,F=5,5.0,2026-07-22,2026-07-30,8,7.840000152587891,signal-price,0.5102021254286049,89.08633371848134,,india_factor_panel
ARE&M,IN,roce_plus,F=4,4.0,2026-07-22,2026-07-30,8,905.0,signal-price,0.20441988950277157,88.78055148255551,,india_factor_panel
ALPA,IN,debt_reduction,F=4,4.0,2026-07-22,2026-07-30,8,67.63999938964844,signal-price,-0.23654552201683998,88.3395860710359,,india_factor_panel
AEROENTER,IN,debt_reduction,F=5,5.0,2026-07-22,2026-07-30,8,119.5,signal-price,-0.46025104602510636,88.11588054702763,,india_factor_panel
APTECHT,IN,debt_reduction,F=4,4.0,2026-07-22,2026-07-30,8,92.80000305175781,signal-price,-1.2931066942837632,87.28302489876897,,india_factor_panel
AMBIKCO,IN,debt_reduction,F=6,6.0,2026-07-22,2026-07-30,8,1723.0,signal-price,-1.3464886825304778,87.22964291052226,,india_factor_panel
AARTISURF,IN,piotroski,F=7,7.0,2026-07-22,2026-07-30,8,399.04998779296875,signal-price,-1.4785084509336577,87.09762314211908,,india_factor_panel
AARTISURF,IN,debt_reduction,F=7,7.0,2026-07-22,2026-07-30,8,399.04998779296875,signal-price,-1.4785084509336577,87.09762314211908,,india_factor_panel
AARTISURF,IN,piotroski+debt,F=7,7.0,2026-07-22,2026-07-30,8,399.04998779296875,signal-price,-1.4785084509336577,87.09762314211908,,india_factor_panel
AIROLAM,IN,debt_reduction,F=5,5.0,2026-07-22,2026-07-30,8,87.37000274658203,signal-price,-1.4993735897911198,87.07675800326162,,india_factor_panel
3BBLACKBIO,IN,debt_reduction,F=6,6.0,2026-07-22,2026-07-30,8,1272.0999755859375,signal-price,-1.7372829188018857,86.83884867425085,,india_factor_panel
ADOR,IN,debt_reduction,F=5,5.0,2026-07-22,2026-07-30,8,1507.199951171875,signal-price,-1.7913980922625417,86.7847335007902,,india_factor_panel
AUTOAXLES,IN,debt_reduction,F=5,5.0,2026-07-22,2026-07-30,8,1834.699951171875,signal-price,-1.874963323016543,86.70116827003619,,india_factor_panel
AMANTA,IN,piotroski,F=7,7.0,2026-07-22,2026-07-30,8,168.4499969482422,signal-price,-2.0480837107419103,86.52804788231083,,india_factor_panel
AMANTA,IN,debt_reduction,F=7,7.0,2026-07-22,2026-07-30,8,168.4499969482422,signal-price,-2.0480837107419103,86.52804788231083,,india_factor_panel
AMANTA,IN,piotroski+debt,F=7,7.0,2026-07-22,2026-07-30,8,168.4499969482422,signal-price,-2.0480837107419103,86.52804788231083,,india_factor_panel
ABCOTS,IN,debt_reduction,F=3,3.0,2026-07-22,2026-07-30,8,203.7100067138672,signal-price,-2.071575560740435,86.5045560323123,,india_factor_panel
ACEINTEG,IN,debt_reduction,F=4,4.0,2026-07-22,2026-07-30,8,19.559999465942383,signal-price,-2.096111846302806,86.48001974674993,,india_factor_panel
AIRAN,IN,roce_plus,F=5,5.0,2026-07-22,2026-07-30,8,15.399999618530273,signal-price,-2.20778978540469,86.36834180764805,,india_factor_panel
AIIL,IN,debt_reduction,F=6,6.0,2026-07-22,2026-07-30,8,558.5499877929688,signal-price,-2.2647906309967714,86.31134096205597,,india_factor_panel
AMBER,IN,debt_reduction,F=4,4.0,2026-07-22,2026-07-30,8,7622.0,signal-price,-2.899501443190766,85.67663014986196,,india_factor_panel
ARCHIES,IN,debt_reduction,F=6,6.0,2026-07-22,2026-07-30,8,14.270000457763672,signal-price,-3.0833948398669264,85.49273675318581,,india_factor_panel
ADVAIT,IN,debt_reduction,F=4,4.0,2026-07-22,2026-07-30,8,2251.699951171875,signal-price,-3.259757195166013,85.31637439788672,,india_factor_panel
ABSLAMC,IN,debt_reduction,F=5,5.0,2026-07-22,2026-07-30,8,1043.0999755859375,signal-price,-3.288273069575165,85.28785852347757,,india_factor_panel
ANIKINDS,IN,debt_reduction,F=5,5.0,2026-07-22,2026-07-30,8,43.45000076293945,signal-price,-3.4752606131768005,85.10087097987594,,india_factor_panel
AMBICAAGAR,IN,piotroski,F=7,7.0,2026-07-22,2026-07-30,8,25.299999237060547,signal-price,-3.4782579588835905,85.09787363416915,,india_factor_panel
ALOKINDS,IN,debt_reduction,F=4,4.0,2026-07-22,2026-07-30,8,12.3100004196167,signal-price,-3.736802631490266,84.83932896156247,,india_factor_panel
ADSL,IN,debt_reduction,F=4,4.0,2026-07-22,2026-07-30,8,118.3499984741211,signal-price,-3.7515830429790564,84.82454855007369,,india_factor_panel
AARTIIND,IN,debt_reduction,F=5,5.0,2026-07-22,2026-07-30,8,499.5,signal-price,-3.86386386386387,84.71226772918887,,india_factor_panel
AJANTPHARM,IN,piotroski,F=7,7.0,2026-07-22,2026-07-30,8,3575.300048828125,signal-price,-3.884989984928733,84.691141608124,,india_factor_panel
AJANTPHARM,IN,roce_plus,F=7,7.0,2026-07-22,2026-07-30,8,3575.300048828125,signal-price,-3.884989984928733,84.691141608124,,india_factor_panel
AJANTPHARM,IN,debt_reduction,F=7,7.0,2026-07-22,2026-07-30,8,3575.300048828125,signal-price,-3.884989984928733,84.691141608124,,india_factor_panel
AJANTPHARM,IN,piotroski+debt,F=7,7.0,2026-07-22,2026-07-30,8,3575.300048828125,signal-price,-3.884989984928733,84.691141608124,,india_factor_panel
AJANTPHARM,IN,piotroski+roce,F=7,7.0,2026-07-22,2026-07-30,8,3575.300048828125,signal-price,-3.884989984928733,84.691141608124,,india_factor_panel
AJANTPHARM,IN,triple,F=7,7.0,2026-07-22,2026-07-30,8,3575.300048828125,signal-price,-3.884989984928733,84.691141608124,,india_factor_panel
ANTGRAPHIC,IN,debt_reduction,F=4,4.0,2026-07-22,2026-07-30,8,0.7599999904632568,signal-price,-3.947367215750941,84.62876437730179,,india_factor_panel
ATAM,IN,debt_reduction,F=4,4.0,2026-07-22,2026-07-30,8,67.80999755859375,signal-price,-4.055445594460483,84.52068599859226,,india_factor_panel
ADANIENT,IN,roce_plus,F=3,3.0,2026-07-22,2026-07-30,8,3182.699951171875,signal-price,-4.197692312235823,84.3784392808169,,india_factor_panel
AGROPHOS,IN,debt_reduction,F=6,6.0,2026-07-22,2026-07-30,8,29.940000534057617,signal-price,-4.241818675363596,84.33431291768915,,india_factor_panel
ABBOTINDIA,IN,roce_plus,F=5,5.0,2026-07-22,2026-07-30,8,28800.0,signal-price,-4.322916666666665,84.25321492638606,,india_factor_panel
ALIVUS,IN,debt_reduction,F=6,6.0,2026-07-22,2026-07-30,8,1145.4000244140625,signal-price,-4.339097551485283,84.23703404156745,,india_factor_panel
AADHARHFC,IN,debt_reduction,F=5,5.0,2026-07-22,2026-07-30,8,513.5,signal-price,-4.430379746835444,84.1457518462173,,india_factor_panel
ACI,IN,debt_reduction,F=4,4.0,2026-07-22,2026-07-30,8,588.4500122070312,signal-price,-4.630811732814443,83.9453198602383,,india_factor_panel
ADVENZYMES,IN,roce_plus,F=2,2.0,2026-07-22,2026-07-30,8,321.3500061035156,signal-price,-4.71448757297842,83.86164402007432,,india_factor_panel
ADANIENSOL,IN,debt_reduction,F=2,2.0,2026-07-22,2026-07-30,8,1741.5999755859375,signal-price,-4.7427639379788005,83.83336765507394,,india_factor_panel
ARVINDFASN,IN,debt_reduction,F=6,6.0,2026-07-22,2026-07-30,8,471.04998779296875,signal-price,-5.126841825454608,83.44928976759813,,india_factor_panel
ADANIPOWER,IN,debt_reduction,F=5,5.0,2026-07-22,2026-07-30,8,220.3699951171875,signal-price,-5.173115836902054,83.40301575615068,,india_factor_panel
AGIIL,IN,debt_reduction,F=5,5.0,2026-07-22,2026-07-30,8,328.1000061035156,signal-price,-5.455655522867675,83.12047607018506,,india_factor_panel
AFCONS,IN,debt_reduction,F=3,3.0,2026-07-22,2026-07-30,8,289.95001220703125,signal-price,-5.759617694068952,82.81651389898379,,india_factor_panel
APEX,IN,debt_reduction,F=6,6.0,2026-07-22,2026-07-30,8,402.20001220703125,signal-price,-7.844358838753839,80.7317727542989,,india_factor_panel
5PAISA,IN,debt_reduction,F=6,6.0,2026-07-22,2026-07-30,8,377.45001220703125,signal-price,-8.067296654458556,80.50883493859418,,india_factor_panel
ANTELOPUS,IN,piotroski,F=7,7.0,2026-07-22,2026-07-30,8,868.4500122070312,signal-price,-8.158214198993086,80.41791739405966,,india_factor_panel
ANTELOPUS,IN,debt_reduction,F=7,7.0,2026-07-22,2026-07-30,8,868.4500122070312,signal-price,-8.158214198993086,80.41791739405966,,india_factor_panel
ANTELOPUS,IN,piotroski+debt,F=7,7.0,2026-07-22,2026-07-30,8,868.4500122070312,signal-price,-8.158214198993086,80.41791739405966,,india_factor_panel
AKI,IN,debt_reduction,F=3,3.0,2026-07-22,2026-07-30,8,4.599999904632568,signal-price,-9.565215516405834,79.01091607664691,,india_factor_panel
ADANIPORTS,IN,piotroski,F=7,7.0,2026-07-22,2026-07-30,8,1846.5,signal-price,-9.87814784727864,78.6979837457741,,india_factor_panel
ADANIPORTS,IN,debt_reduction,F=7,7.0,2026-07-22,2026-07-30,8,1846.5,signal-price,-9.87814784727864,78.6979837457741,,india_factor_panel
ADANIPORTS,IN,piotroski+debt,F=7,7.0,2026-07-22,2026-07-30,8,1846.5,signal-price,-9.87814784727864,78.6979837457741,,india_factor_panel
AAVAS,IN,debt_reduction,F=4,4.0,2026-07-22,2026-07-30,8,1521.699951171875,signal-price,-10.45540883729087,78.12072275576186,,india_factor_panel
ADANIGREEN,IN,debt_reduction,F=6,6.0,2026-07-22,2026-07-30,8,1541.9000244140625,signal-price,-11.881446365738292,76.69468522731444,,india_factor_panel
ACUTAAS,IN,debt_reduction,F=6,6.0,2026-07-22,2026-07-30,8,3677.0,signal-price,-12.053304324177317,76.52282726887542,,india_factor_panel
ALKALI,IN,debt_reduction,F=5,5.0,2026-07-22,2026-07-30,8,81.69999694824219,signal-price,-14.35740194173234,74.2187296513204,,india_factor_panel
LMFA,US,golden_cross_hist,GC _20260713_0904,,2026-07-13,2026-07-29,16,0.13199999928474426,panel-close,1233.333251953125,1234.3316650390625,backfilled,us_full_scan_20260713_0904.xlsx
THRM,US,golden_cross_hist,GC _20260713_0904,,2026-07-13,2026-07-30,17,36.119998931884766,panel-close,17.16500473022461,18.163442611694336,backfilled,us_full_scan_20260713_0904.xlsx
ASBP,US,golden_cross_hist,GC _20260713_0904,,2026-07-13,2026-07-30,17,5.96999979019165,panel-close,12.562810897827148,13.561248779296875,backfilled,us_full_scan_20260713_0904.xlsx
MNPR,US,golden_cross_hist,GC _20260713_0904,,2026-07-13,2026-07-30,17,103.33000183105469,panel-close,10.96487045288086,11.963308334350586,backfilled,us_full_scan_20260713_0904.xlsx
RTB,US,golden_cross_hist,GC _20260713_0904,,2026-07-13,2026-07-30,17,14.960000038146973,panel-close,10.76202392578125,11.760461807250977,backfilled,us_full_scan_20260713_0904.xlsx
HRL,US,golden_cross_hist,GC _20260713_0904,,2026-07-13,2026-07-30,17,24.459999084472656,panel-close,3.720366954803467,4.718804359436035,backfilled,us_full_scan_20260713_0904.xlsx
RRR,US,golden_cross_hist,GC _20260713_0904,,2026-07-13,2026-07-30,17,64.41000366210938,panel-close,0.8073210716247559,1.8057584762573242,backfilled,us_full_scan_20260713_0904.xlsx
DLY,US,golden_cross_hist,GC _20260713_0904,,2026-07-13,2026-07-30,17,14.079999923706055,panel-close,-0.9943187236785889,0.004118680953979492,backfilled,us_full_scan_20260713_0904.xlsx
IPHA,US,golden_cross_hist,GC _20260713_0904,,2026-07-13,2026-07-30,17,1.7899999618530273,panel-close,-2.513962984085083,-1.5155255794525146,backfilled,us_full_scan_20260713_0904.xlsx
PML,US,golden_cross_hist,GC _20260713_0904,,2026-07-13,2026-07-30,17,7.519999980926514,panel-close,-3.0585110187530518,-2.0600736141204834,backfilled,us_full_scan_20260713_0904.xlsx
GREE,US,golden_cross_hist,GC _20260713_0904,,2026-07-13,2026-07-29,16,2.0299999713897705,panel-close,-3.940880298614502,-2.9424428939819336,backfilled,us_full_scan_20260713_0904.xlsx
UPBD,US,golden_cross_hist,GC _20260713_0904,,2026-07-13,2026-07-30,17,21.149999618530273,panel-close,-4.869967460632324,-3.871530055999756,backfilled,us_full_scan_20260713_0904.xlsx
BAX,US,golden_cross_hist,GC _20260714_1205,,2026-07-14,2026-07-30,16,22.56999969482422,panel-close,18.520164489746094,20.25834846496582,backfilled,us_full_scan_20260714_1205.xlsx
DBX,US,golden_cross_hist,GC _20260714_1205,,2026-07-14,2026-07-30,16,29.579999923706055,panel-close,8.553075790405273,10.291260719299316,backfilled,us_full_scan_20260714_1205.xlsx
CCK,US,golden_cross_hist,GC _20260714_1205,,2026-07-14,2026-07-30,16,109.73999786376953,panel-close,7.864046096801758,9.6022310256958,backfilled,us_full_scan_20260714_1205.xlsx
ICUI,US,golden_cross_hist,GC _20260714_1205,,2026-07-14,2026-07-30,16,157.60000610351562,panel-close,6.840097904205322,8.578282356262207,backfilled,us_full_scan_20260714_1205.xlsx
GEN,US,golden_cross_hist,GC _20260714_1205,,2026-07-14,2026-07-30,16,26.15999984741211,panel-close,4.319572448730469,6.057757377624512,backfilled,us_full_scan_20260714_1205.xlsx
DFP,US,golden_cross_hist,GC _20260714_1205,,2026-07-14,2026-07-30,16,20.81999969482422,panel-close,0.14410018920898438,1.8822848796844482,backfilled,us_full_scan_20260714_1205.xlsx
CNH,US,golden_cross_hist,GC _20260714_1205,,2026-07-14,2026-07-30,16,10.420000076293945,panel-close,-0.9596943855285645,0.7784903049468994,backfilled,us_full_scan_20260714_1205.xlsx
IGI,US,golden_cross_hist,GC _20260714_1205,,2026-07-14,2026-07-30,16,16.06999969482422,panel-close,-2.489107847213745,-0.7509231567382812,backfilled,us_full_scan_20260714_1205.xlsx
USA,US,golden_cross_hist,GC _20260714_1205,,2026-07-14,2026-07-30,16,5.960000038146973,panel-close,-2.516782283782959,-0.7785975933074951,backfilled,us_full_scan_20260714_1205.xlsx
BN,US,golden_cross_hist,GC _20260714_1205,,2026-07-14,2026-07-30,16,43.36000061035156,panel-close,-3.0673444271087646,-1.3291597366333008,backfilled,us_full_scan_20260714_1205.xlsx
DORM,US,golden_cross_hist,GC _20260714_1205,,2026-07-14,2026-07-30,16,138.91000366210938,panel-close,-4.124980926513672,-2.386796236038208,backfilled,us_full_scan_20260714_1205.xlsx
FORR,US,golden_cross_hist,GC _20260714_1205,,2026-07-14,2026-07-30,16,10.1899995803833,panel-close,-4.41609001159668,-2.677905321121216,backfilled,us_full_scan_20260714_1205.xlsx
JYNT,US,golden_cross_hist,GC _20260714_1205,,2026-07-14,2026-07-30,16,9.260000228881836,panel-close,-9.611236572265625,-7.873051643371582,backfilled,us_full_scan_20260714_1205.xlsx
VRNS,US,golden_cross_hist,GC _20260714_1205,,2026-07-14,2026-07-30,16,45.380001068115234,panel-close,-12.009697914123535,-10.271512985229492,backfilled,us_full_scan_20260714_1205.xlsx
ARL,US,golden_cross_hist,GC _20260714_1205,,2026-07-14,2026-07-30,16,19.450000762939453,panel-close,-22.930599212646484,-21.192415237426758,backfilled,us_full_scan_20260714_1205.xlsx
NAMSW,US,golden_cross_hist,GC _20260714_1205,,2026-07-14,2026-07-29,15,24.889999389648438,panel-close,-28.686220169067383,-26.948036193847656,backfilled,us_full_scan_20260714_1205.xlsx
AMC,US,golden_cross_hist,GC _20260715_1926,,2026-07-15,2026-07-30,15,2.069999933242798,panel-close,33.81643295288086,35.55461883544922,backfilled,us_full_scan_20260715_1926.xlsx
EXFY,US,golden_cross_hist,GC _20260715_1926,,2026-07-15,2026-07-30,15,1.7599999904632568,panel-close,5.113637447357178,6.8518218994140625,backfilled,us_full_scan_20260715_1926.xlsx
MSW,US,golden_cross_hist,GC _20260715_1926,,2026-07-15,2026-07-17,2,1.3600000143051147,panel-close,3.676462173461914,5.414647102355957,backfilled,us_full_scan_20260715_1926.xlsx
TTWO,US,golden_cross_hist,GC _20260715_1001,,2026-07-15,2026-07-30,15,243.8000030517578,panel-close,1.4889240264892578,3.2271087169647217,backfilled,us_full_scan_20260715_1001.xlsx
RPAY,US,golden_cross_hist,GC _20260715_1001,,2026-07-15,2026-07-30,15,4.090000152587891,panel-close,-3.1784892082214355,-1.4403045177459717,backfilled,us_full_scan_20260715_1001.xlsx
LINK,US,golden_cross_hist,GC _20260715_1926,,2026-07-15,2026-07-30,15,4.269999980926514,panel-close,-4.566746711730957,-2.828562021255493,backfilled,us_full_scan_20260715_1926.xlsx
PMA,US,golden_cross_hist,GC _20260715_1926,,2026-07-15,2026-07-30,15,1.3700000047683716,panel-close,-8.759122848510742,-7.020937919616699,backfilled,us_full_scan_20260715_1926.xlsx
IFBD,US,golden_cross_hist,GC _20260715_1926,,2026-07-15,2026-07-30,15,1.159999966621399,panel-close,-13.793098449707031,-12.054913520812988,backfilled,us_full_scan_20260715_1926.xlsx
AGIO,US,golden_cross_hist,GC _20260715_1001,,2026-07-15,2026-07-30,15,39.869998931884766,panel-close,-17.858034133911133,-16.119850158691406,backfilled,us_full_scan_20260715_1001.xlsx
OTLK,US,golden_cross_hist,GC _20260715_1926,,2026-07-15,2026-07-30,15,1.559999942779541,panel-close,-33.33333206176758,-31.59514808654785,backfilled,us_full_scan_20260715_1926.xlsx
APM,US,golden_cross_hist,GC _20260720_2056,,2026-07-20,2026-07-24,4,7.019999980926514,panel-close,18.51852035522461,19.28382682800293,backfilled,us_full_scan_20260720_2056.xlsx
RCL,US,golden_cross_hist,GC _20260720_0502,,2026-07-20,2026-07-30,10,286.9599914550781,panel-close,12.18985366821289,12.955159187316895,backfilled,us_full_scan_20260720_0502.xlsx
TCBX,US,golden_cross_hist,GC _20260720_2056,,2026-07-20,2026-07-30,10,40.619998931884766,panel-close,7.5824737548828125,8.347779273986816,backfilled,us_full_scan_20260720_2056.xlsx
HQY,US,golden_cross_hist,GC _20260720_0502,,2026-07-20,2026-07-30,10,97.66999816894531,panel-close,3.399205207824707,4.164510726928711,backfilled,us_full_scan_20260720_0502.xlsx
ITW,US,golden_cross_hist,GC _20260720_0502,,2026-07-20,2026-07-30,10,276.04998779296875,panel-close,2.7712464332580566,3.5365521907806396,backfilled,us_full_scan_20260720_0502.xlsx
SBCF,US,golden_cross_hist,GC _20260720_2056,,2026-07-20,2026-07-30,10,33.88999938964844,panel-close,2.0064949989318848,2.7718007564544678,backfilled,us_full_scan_20260720_2056.xlsx
KMB,US,golden_cross_hist,GC _20260720_0502,,2026-07-20,2026-07-30,10,108.3499984741211,panel-close,1.6982078552246094,2.4635136127471924,backfilled,us_full_scan_20260720_0502.xlsx
PRPL,US,golden_cross_hist,GC _20260720_0502,,2026-07-20,2026-07-30,10,7.190000057220459,panel-close,1.1126518249511719,1.8779575824737549,backfilled,us_full_scan_20260720_0502.xlsx
NMIH,US,golden_cross_hist,GC _20260720_2056,,2026-07-20,2026-07-30,10,43.0099983215332,panel-close,0.9997725486755371,1.7650783061981201,backfilled,us_full_scan_20260720_2056.xlsx
SHC,US,golden_cross_hist,GC _20260720_0502,,2026-07-20,2026-07-30,10,17.75,panel-close,0.5633831024169922,1.3286888599395752,backfilled,us_full_scan_20260720_0502.xlsx
ONCH,US,golden_cross_hist,GC _20260720_0502,,2026-07-20,2026-07-30,10,10.289999961853027,panel-close,-0.09718537330627441,0.6681203842163086,backfilled,us_full_scan_20260720_0502.xlsx
NAAS,US,golden_cross_hist,GC _20260720_2056,,2026-07-20,2026-07-30,10,3.1500000953674316,panel-close,-0.25714635848999023,0.5081593990325928,backfilled,us_full_scan_20260720_2056.xlsx
CRNX,US,golden_cross_hist,GC _20260720_2056,,2026-07-20,2026-07-30,10,83.86000061035156,panel-close,-0.27427077293395996,0.49103498458862305,backfilled,us_full_scan_20260720_2056.xlsx
MS-PQ,US,golden_cross_hist,GC _20260720_0502,,2026-07-20,2026-07-30,10,25.420000076293945,panel-close,-0.2753734588623047,0.4899322986602783,backfilled,us_full_scan_20260720_0502.xlsx
ESNT,US,golden_cross_hist,GC _20260720_0502,,2026-07-20,2026-07-30,10,66.70999908447266,panel-close,-0.374758243560791,0.390547513961792,backfilled,us_full_scan_20260720_0502.xlsx
DT,US,golden_cross_hist,GC _20260720_2056,,2026-07-20,2026-07-30,10,44.40999984741211,panel-close,-0.6980419158935547,0.06726384162902832,backfilled,us_full_scan_20260720_2056.xlsx
FWONA,US,golden_cross_hist,GC _20260720_2056,,2026-07-20,2026-07-30,10,93.87999725341797,panel-close,-2.0132064819335938,-1.2479007244110107,backfilled,us_full_scan_20260720_2056.xlsx
FWONK,US,golden_cross_hist,GC _20260720_0502,,2026-07-20,2026-07-30,10,102.19999694824219,panel-close,-2.152639627456665,-1.387333869934082,backfilled,us_full_scan_20260720_0502.xlsx
ATRA,US,golden_cross_hist,GC _20260720_0502,,2026-07-20,2026-07-30,10,8.390000343322754,panel-close,-2.6221752166748047,-1.8568694591522217,backfilled,us_full_scan_20260720_0502.xlsx
IOTR,US,golden_cross_hist,GC _20260720_0502,,2026-07-20,2026-07-30,10,3.450000047683716,panel-close,-9.855079650878906,-9.089774131774902,backfilled,us_full_scan_20260720_0502.xlsx
WBX,US,golden_cross_hist,GC _20260720_2056,,2026-07-20,2026-07-30,10,4.559999942779541,panel-close,-29.605262756347656,-28.839956283569336,backfilled,us_full_scan_20260720_2056.xlsx
INDP,US,golden_cross_hist,GC _20260720_2056,,2026-07-20,2026-07-30,10,2.5299999713897705,panel-close,-43.08300018310547,-42.31769561767578,backfilled,us_full_scan_20260720_2056.xlsx
FBRX,US,technical,grade B,67.5,2026-07-21,2026-07-30,9,47.49,signal-price,62.097286224365234,62.86259078979492,,us_full_scan_20260721_1637.xlsx
HURN,US,technical,grade B,70.2,2026-07-21,2026-07-30,9,112.63,signal-price,45.39643478393555,46.161739349365234,,us_full_scan_20260721_1637.xlsx
SAIH,US,technical,grade A,80.0,2026-07-21,2026-07-30,9,13.4,signal-price,36.86567687988281,37.6309814453125,,us_full_scan_20260721_1637.xlsx
AVTR,US,technical,grade B,76.2,2026-07-21,2026-07-30,9,10.66,signal-price,30.01875877380371,30.78406524658203,,us_full_scan_20260721_1637.xlsx
CLW,US,technical,grade B,69.0,2026-07-21,2026-07-30,9,16.4,signal-price,28.963411331176758,29.728717803955078,,us_full_scan_20260721_1637.xlsx
MCS,US,technical,grade B,77.8,2026-07-21,2026-07-30,9,23.78,signal-price,24.852811813354492,25.618118286132812,,us_full_scan_20260721_1637.xlsx
LAD,US,technical,grade B,70.0,2026-07-21,2026-07-30,9,325.18,signal-price,24.555635452270508,25.320941925048828,,us_full_scan_20260721_1637.xlsx
FGNX,US,technical,grade B,63.0,2026-07-21,2026-07-30,9,6.2,signal-price,22.903228759765625,23.668535232543945,,us_full_scan_20260721_1637.xlsx
BLKB,US,technical,grade B,62.8,2026-07-21,2026-07-30,9,32.68,signal-price,22.643829345703125,23.409135818481445,,us_full_scan_20260721_1637.xlsx
PLSE,US,technical,grade B,71.8,2026-07-21,2026-07-30,9,28.96,signal-price,20.994483947753906,21.759790420532227,,us_full_scan_20260721_1637.xlsx
TAL,US,technical,grade B,61.5,2026-07-21,2026-07-30,9,10.31,signal-price,19.689619064331055,20.454925537109375,,us_full_scan_20260721_1637.xlsx
ETON,US,technical,grade B,73.5,2026-07-21,2026-07-30,9,41.07,signal-price,19.381546020507812,20.146852493286133,,us_full_scan_20260721_1637.xlsx
THRM,US,technical,grade B,67.5,2026-07-21,2026-07-30,9,35.57,signal-price,18.976665496826172,19.741971969604492,,us_full_scan_20260721_1637.xlsx
GEF-B,US,technical,grade B,70.2,2026-07-21,2026-07-30,9,92.09,signal-price,18.75339698791504,19.51870346069336,,us_full_scan_20260721_1637.xlsx
TNET,US,technical,grade B,71.0,2026-07-21,2026-07-30,9,60.69,signal-price,18.091941833496094,18.857248306274414,,us_full_scan_20260721_1637.xlsx
CAKE,US,technical,grade B,70.2,2026-07-21,2026-07-30,9,86.11,signal-price,17.651832580566406,18.417139053344727,,us_full_scan_20260721_1637.xlsx
PAY,US,technical,grade B,63.0,2026-07-21,2026-07-30,9,29.67,signal-price,17.526113510131836,18.291419982910156,,us_full_scan_20260721_1637.xlsx
OPHC,US,technical,grade B,67.5,2026-07-21,2026-07-30,9,6.01,signal-price,17.304492950439453,18.069799423217773,,us_full_scan_20260721_1637.xlsx
GEF,US,technical,grade B,78.8,2026-07-21,2026-07-30,9,75.24,signal-price,16.041994094848633,16.807300567626953,,us_full_scan_20260721_1637.xlsx
ATRC,US,technical,grade B,70.2,2026-07-21,2026-07-30,9,34.77,signal-price,15.473115921020508,16.238422393798828,,us_full_scan_20260721_1637.xlsx
MANH,US,technical,grade B,69.0,2026-07-21,2026-07-30,9,165.51,signal-price,15.382766723632812,16.148073196411133,,us_full_scan_20260721_1637.xlsx
EDU,US,technical,grade B,76.2,2026-07-21,2026-07-30,9,49.24,signal-price,14.906585693359375,15.671891212463379,,us_full_scan_20260721_1637.xlsx
QUAD,US,technical,grade B,64.5,2026-07-21,2026-07-30,9,8.61,signal-price,14.750301361083984,15.515606880187988,,us_full_scan_20260721_1637.xlsx
PBF,US,technical,grade B,74.8,2026-07-21,2026-07-30,9,63.85,signal-price,14.487075805664062,15.252381324768066,,us_full_scan_20260721_1637.xlsx
HELP,US,technical,grade B,67.5,2026-07-21,2026-07-30,9,7.11,signal-price,14.48664665222168,15.251952171325684,,us_full_scan_20260721_1637.xlsx
XNCR,US,technical,grade A,80.0,2026-07-21,2026-07-30,9,18.81,signal-price,14.247739791870117,15.013045310974121,,us_full_scan_20260721_1637.xlsx
WEX,US,technical,grade B,61.5,2026-07-21,2026-07-30,9,163.49,signal-price,14.01308822631836,14.778393745422363,,us_full_scan_20260721_1637.xlsx
ESEA,US,technical,grade B,63.0,2026-07-21,2026-07-30,9,69.8,signal-price,13.739252090454102,14.504557609558105,,us_full_scan_20260721_1637.xlsx
BWFG,US,technical,grade B,76.2,2026-07-21,2026-07-30,9,59.62,signal-price,13.569271087646484,14.334576606750488,,us_full_scan_20260721_1637.xlsx
MBIN,US,technical,grade B,73.2,2026-07-21,2026-07-30,9,48.91,signal-price,13.494169235229492,14.259474754333496,,us_full_scan_20260721_1637.xlsx
ADVB,US,technical,grade A,86.0,2026-07-21,2026-07-30,9,8.9,signal-price,13.25843334197998,14.023738861083984,,us_full_scan_20260721_1637.xlsx
CNK,US,technical,grade A,90.0,2026-07-21,2026-07-30,9,31.94,signal-price,13.180971145629883,13.946276664733887,,us_full_scan_20260721_1637.xlsx
PAG,US,technical,grade B,70.0,2026-07-21,2026-07-30,9,195.5,signal-price,12.843990325927734,13.609295845031738,,us_full_scan_20260721_1637.xlsx
AMC,US,technical,grade A,86.0,2026-07-21,2026-07-30,9,2.46,signal-price,12.601625442504883,13.366930961608887,,us_full_scan_20260721_1637.xlsx
GSHD,US,technical,grade B,79.8,2026-07-21,2026-07-30,9,57.23,signal-price,11.584830284118652,12.350135803222656,,us_full_scan_20260721_1637.xlsx
DNTH,US,technical,grade B,67.5,2026-07-21,2026-07-30,9,101.0,signal-price,11.524748802185059,12.290054321289062,,us_full_scan_20260721_1637.xlsx
WKC,US,technical,grade B,76.2,2026-07-21,2026-07-30,9,35.7,signal-price,11.288511276245117,12.053816795349121,,us_full_scan_20260721_1637.xlsx
DAC,US,technical,grade B,65.5,2026-07-21,2026-07-30,9,127.77,signal-price,11.191999435424805,11.957304954528809,,us_full_scan_20260721_1637.xlsx
NEU,US,technical,grade B,71.5,2026-07-21,2026-07-30,9,779.81,signal-price,11.183500289916992,11.948805809020996,,us_full_scan_20260721_1637.xlsx
SB,US,technical,grade A,83.8,2026-07-21,2026-07-30,9,7.16,signal-price,11.033523559570312,11.798829078674316,,us_full_scan_20260721_1637.xlsx
KSS,US,technical,grade B,69.0,2026-07-21,2026-07-30,9,17.57,signal-price,10.984635353088379,11.749940872192383,,us_full_scan_20260721_1637.xlsx
ABG,US,technical,grade A,85.0,2026-07-21,2026-07-30,9,210.12,signal-price,10.955643653869629,11.720949172973633,,us_full_scan_20260721_1637.xlsx
MMSI,US,technical,grade B,63.0,2026-07-21,2026-07-30,9,75.17,signal-price,10.881996154785156,11.64730167388916,,us_full_scan_20260721_1637.xlsx
SLN,US,technical,grade B,62.8,2026-07-21,2026-07-30,9,10.49,signal-price,10.77216911315918,11.537474632263184,,us_full_scan_20260721_1637.xlsx
PARR,US,technical,grade B,60.0,2026-07-21,2026-07-30,9,77.56,signal-price,10.765862464904785,11.531167984008789,,us_full_scan_20260721_1637.xlsx
LNC,US,technical,grade B,70.0,2026-07-21,2026-07-30,9,41.61,signal-price,10.598409652709961,11.363715171813965,,us_full_scan_20260721_1637.xlsx
GCT,US,technical,grade B,63.0,2026-07-21,2026-07-30,9,38.37,signal-price,10.007822036743164,10.773127555847168,,us_full_scan_20260721_1637.xlsx
CVI,US,technical,grade B,61.5,2026-07-21,2026-07-30,9,34.66,signal-price,9.867286682128906,10.63259220123291,,us_full_scan_20260721_1637.xlsx
AZTA,US,technical,grade B,61.5,2026-07-21,2026-07-30,9,26.26,signal-price,9.67249870300293,10.437804222106934,,us_full_scan_20260721_1637.xlsx
JAKK,US,technical,grade B,63.8,2026-07-21,2026-07-30,9,24.08,signal-price,9.593021392822266,10.35832691192627,,us_full_scan_20260721_1637.xlsx
PUK,US,technical,grade B,73.2,2026-07-21,2026-07-30,9,28.27,signal-price,9.586132049560547,10.35143756866455,,us_full_scan_20260721_1637.xlsx
SOLV,US,technical,grade B,67.5,2026-07-21,2026-07-30,9,79.25,signal-price,9.55204963684082,10.317355155944824,,us_full_scan_20260721_1637.xlsx
MPB,US,technical,grade B,61.5,2026-07-21,2026-07-30,9,35.25,signal-price,9.333335876464844,10.098641395568848,,us_full_scan_20260721_1637.xlsx
ROMA,US,technical,grade B,64.5,2026-07-21,2026-07-30,9,9.09,signal-price,9.240924835205078,10.006230354309082,,us_full_scan_20260721_1637.xlsx
HBT,US,technical,grade B,71.8,2026-07-21,2026-07-30,9,32.83,signal-price,9.229362487792969,9.994668006896973,,us_full_scan_20260721_1637.xlsx
ENOV,US,technical,grade B,61.5,2026-07-21,2026-07-30,9,26.84,signal-price,9.16541862487793,9.930724143981934,,us_full_scan_20260721_1637.xlsx
HMC,US,technical,grade B,64.5,2026-07-21,2026-07-30,9,28.17,signal-price,9.052181243896484,9.817486763000488,,us_full_scan_20260721_1637.xlsx
EQNR,US,technical,grade A,84.0,2026-07-21,2026-07-30,9,37.35,signal-price,9.049534797668457,9.814840316772461,,us_full_scan_20260721_1637.xlsx
GLBE,US,technical,grade A,85.0,2026-07-21,2026-07-30,9,36.58,signal-price,8.993983268737793,9.759288787841797,,us_full_scan_20260721_1637.xlsx
BLFS,US,technical,grade B,61.5,2026-07-21,2026-07-30,9,29.09,signal-price,8.765899658203125,9.531205177307129,,us_full_scan_20260721_1637.xlsx
NRT,US,technical,grade A,88.8,2026-07-21,2026-07-30,9,8.16,signal-price,8.700979232788086,9.46628475189209,,us_full_scan_20260721_1637.xlsx
SNOW,US,technical,grade A,80.0,2026-07-21,2026-07-30,9,274.34,signal-price,8.66079330444336,9.426098823547363,,us_full_scan_20260721_1637.xlsx
ANL,US,technical,grade A,83.0,2026-07-21,2026-07-30,9,11.98,signal-price,8.514189720153809,9.279495239257812,,us_full_scan_20260721_1637.xlsx
HAE,US,technical,grade B,63.0,2026-07-21,2026-07-30,9,78.17,signal-price,8.507097244262695,9.2724027633667,,us_full_scan_20260721_1637.xlsx
STRT,US,technical,grade B,67.0,2026-07-21,2026-07-30,9,81.49,signal-price,8.467292785644531,9.232598304748535,,us_full_scan_20260721_1637.xlsx
AN,US,technical,grade B,63.8,2026-07-21,2026-07-30,9,197.91,signal-price,8.45838737487793,9.223692893981934,,us_full_scan_20260721_1637.xlsx
GKOS,US,technical,grade B,64.5,2026-07-21,2026-07-30,9,155.46,signal-price,8.400869369506836,9.16617488861084,,us_full_scan_20260721_1637.xlsx
RBCAA,US,technical,grade A,81.5,2026-07-21,2026-07-30,9,90.83,signal-price,8.378291130065918,9.143596649169922,,us_full_scan_20260721_1637.xlsx
ACVA,US,technical,grade B,71.8,2026-07-21,2026-07-30,9,7.41,signal-price,8.367073059082031,9.132378578186035,,us_full_scan_20260721_1637.xlsx
GSL,US,technical,grade B,75.0,2026-07-21,2026-07-30,9,41.1,signal-price,8.199524879455566,8.96483039855957,,us_full_scan_20260721_1637.xlsx
BIP,US,technical,grade B,61.5,2026-07-21,2026-07-30,9,39.18,signal-price,8.192956924438477,8.95826244354248,,us_full_scan_20260721_1637.xlsx
HSBC,US,technical,grade B,78.8,2026-07-21,2026-07-30,9,99.01,signal-price,8.160781860351562,8.926087379455566,,us_full_scan_20260721_1637.xlsx
CNMD,US,technical,grade B,71.8,2026-07-21,2026-07-30,9,43.45,signal-price,8.124279975891113,8.889585494995117,,us_full_scan_20260721_1637.xlsx
CFBK,US,technical,grade B,63.0,2026-07-21,2026-07-30,9,33.15,signal-price,8.039212226867676,8.80451774597168,,us_full_scan_20260721_1637.xlsx
WDS,US,technical,grade A,83.0,2026-07-21,2026-07-30,9,21.65,signal-price,7.990765571594238,8.756071090698242,,us_full_scan_20260721_1637.xlsx
LIND,US,technical,grade B,70.2,2026-07-21,2026-07-30,9,27.6,signal-price,7.934784889221191,8.700090408325195,,us_full_scan_20260721_1637.xlsx
PAYC,US,technical,grade B,68.8,2026-07-21,2026-07-30,9,149.71,signal-price,7.888579368591309,8.653884887695312,,us_full_scan_20260721_1637.xlsx
BJRI,US,technical,grade B,61.2,2026-07-21,2026-07-30,9,68.84,signal-price,7.873332500457764,8.638638496398926,,us_full_scan_20260721_1637.xlsx
BMY,US,technical,grade B,64.5,2026-07-21,2026-07-30,9,60.16,signal-price,7.8125,8.577805519104004,,us_full_scan_20260721_1637.xlsx
ANGO,US,technical,grade A,90.0,2026-07-21,2026-07-30,9,13.71,signal-price,7.73158073425293,8.496886253356934,,us_full_scan_20260721_1637.xlsx
INSW,US,technical,grade B,63.0,2026-07-21,2026-07-30,9,88.4,signal-price,7.703614234924316,8.46891975402832,,us_full_scan_20260721_1637.xlsx
SONY,US,technical,grade B,67.5,2026-07-21,2026-07-30,9,21.15,signal-price,7.659578323364258,8.424883842468262,,us_full_scan_20260721_1637.xlsx
FIVN,US,technical,grade B,63.0,2026-07-21,2026-07-30,9,25.7,signal-price,7.626450061798096,8.391756057739258,,us_full_scan_20260721_1637.xlsx
EAT,US,technical,grade B,77.8,2026-07-21,2026-07-30,9,195.01,signal-price,7.614994049072266,8.38029956817627,,us_full_scan_20260721_1637.xlsx
CNQ,US,technical,grade B,63.0,2026-07-21,2026-07-30,9,43.95,signal-price,7.57678747177124,8.342093467712402,,us_full_scan_20260721_1637.xlsx
SRCE,US,technical,grade B,70.2,2026-07-21,2026-07-30,9,83.43,signal-price,7.563221454620361,8.328527450561523,,us_full_scan_20260721_1637.xlsx
PCTY,US,technical,grade B,69.0,2026-07-21,2026-07-30,9,127.29,signal-price,7.4004292488098145,8.165735244750977,,us_full_scan_20260721_1637.xlsx
WDAY,US,technical,grade A,80.0,2026-07-21,2026-07-30,9,147.22,signal-price,7.397091388702393,8.162397384643555,,us_full_scan_20260721_1637.xlsx
ASH,US,technical,grade B,70.0,2026-07-21,2026-07-30,9,67.7,signal-price,7.385528087615967,8.150834083557129,,us_full_scan_20260721_1637.xlsx
OSBC,US,technical,grade B,70.2,2026-07-21,2026-07-30,9,23.6,signal-price,7.372879981994629,8.138185501098633,,us_full_scan_20260721_1637.xlsx
RELX,US,technical,grade B,77.8,2026-07-21,2026-07-30,9,34.1,signal-price,7.360708713531494,8.126014709472656,,us_full_scan_20260721_1637.xlsx
LPG,US,technical,grade A,80.0,2026-07-21,2026-07-30,9,43.09,signal-price,7.310283184051514,8.075589179992676,,us_full_scan_20260721_1637.xlsx
WWW,US,technical,grade B,61.5,2026-07-21,2026-07-30,9,18.62,signal-price,7.303965091705322,8.069271087646484,,us_full_scan_20260721_1637.xlsx
CVE,US,technical,grade B,69.0,2026-07-21,2026-07-30,9,28.26,signal-price,7.289457321166992,8.054762840270996,,us_full_scan_20260721_1637.xlsx
ADT,US,technical,grade B,69.0,2026-07-21,2026-07-30,9,7.0,signal-price,7.285714149475098,8.051019668579102,,us_full_scan_20260721_1637.xlsx
CRAI,US,technical,grade B,69.0,2026-07-21,2026-07-30,9,171.48,signal-price,7.271981239318848,8.037286758422852,,us_full_scan_20260721_1637.xlsx
MMED,US,technical,grade B,70.2,2026-07-21,2026-07-30,9,16.92,signal-price,7.239949703216553,8.005255699157715,,us_full_scan_20260721_1637.xlsx
SU,US,technical,grade B,71.8,2026-07-21,2026-07-30,9,62.25,signal-price,7.19679594039917,7.962101936340332,,us_full_scan_20260721_1637.xlsx
ROST,US,technical,grade B,63.0,2026-07-21,2026-07-30,9,235.78,signal-price,7.1210503578186035,7.886356353759766,,us_full_scan_20260721_1637.xlsx
PINS,US,technical,grade B,67.5,2026-07-21,2026-07-30,9,22.81,signal-price,7.102155685424805,7.867461204528809,,us_full_scan_20260721_1637.xlsx
DPZ,US,technical,grade A,87.5,2026-07-21,2026-07-30,9,328.97,signal-price,7.076632976531982,7.8419389724731445,,us_full_scan_20260721_1637.xlsx
DKL,US,technical,grade B,64.0,2026-07-21,2026-07-30,9,55.25,signal-price,7.058823108673096,7.824129104614258,,us_full_scan_20260721_1637.xlsx
NUVB,US,technical,grade A,95.0,2026-07-21,2026-07-30,9,6.26,signal-price,7.028746604919434,7.7940521240234375,,us_full_scan_20260721_1637.xlsx
AGM,US,technical,grade B,70.2,2026-07-21,2026-07-30,9,206.04,signal-price,6.920993328094482,7.6862993240356445,,us_full_scan_20260721_1637.xlsx
DCBO,US,technical,grade B,73.2,2026-07-21,2026-07-30,9,19.48,signal-price,6.82750940322876,7.592815399169922,,us_full_scan_20260721_1637.xlsx
HNVR,US,technical,grade B,72.5,2026-07-21,2026-07-30,9,24.87,signal-price,6.735014915466309,7.5003204345703125,,us_full_scan_20260721_1637.xlsx
ATHM,US,technical,grade B,67.5,2026-07-21,2026-07-30,9,21.43,signal-price,6.719553470611572,7.484859466552734,,us_full_scan_20260721_1637.xlsx
ORKA,US,technical,grade B,64.2,2026-07-21,2026-07-30,9,91.71,signal-price,6.705927848815918,7.471233367919922,,us_full_scan_20260721_1637.xlsx
RUSHA,US,technical,grade B,70.0,2026-07-21,2026-07-30,9,74.92,signal-price,6.687140464782715,7.452445983886719,,us_full_scan_20260721_1637.xlsx
SYBT,US,technical,grade B,73.2,2026-07-21,2026-07-30,9,80.8,signal-price,6.683158874511719,7.448464393615723,,us_full_scan_20260721_1637.xlsx
OVV,US,technical,grade B,71.8,2026-07-21,2026-07-30,9,57.77,signal-price,6.6643595695495605,7.429665565490723,,us_full_scan_20260721_1637.xlsx
ZTG,US,technical,grade A,91.0,2026-07-21,2026-07-30,9,3.18,signal-price,6.6037774085998535,7.369083404541016,,us_full_scan_20260721_1637.xlsx
DJT,US,technical,grade B,70.2,2026-07-21,2026-07-30,9,9.74,signal-price,6.570839881896973,7.336145401000977,,us_full_scan_20260721_1637.xlsx
WPP,US,technical,grade B,67.5,2026-07-21,2026-07-30,9,19.2,signal-price,6.562495231628418,7.327800750732422,,us_full_scan_20260721_1637.xlsx
DAO,US,technical,grade B,71.0,2026-07-21,2026-07-30,9,15.37,signal-price,6.506192684173584,7.271498680114746,,us_full_scan_20260721_1637.xlsx
TMP,US,technical,grade B,76.2,2026-07-21,2026-07-30,9,93.31,signal-price,6.494486331939697,7.259792327880859,,us_full_scan_20260721_1637.xlsx
TOST,US,technical,grade B,75.0,2026-07-21,2026-07-30,9,30.85,signal-price,6.482970714569092,7.248276710510254,,us_full_scan_20260721_1637.xlsx
ZGN,US,technical,grade B,69.0,2026-07-21,2026-07-30,9,13.95,signal-price,6.451618671417236,7.216924667358398,,us_full_scan_20260721_1637.xlsx
SLGL,US,technical,grade A,90.0,2026-07-21,2026-07-30,9,80.1,signal-price,6.35455846786499,7.119864463806152,,us_full_scan_20260721_1637.xlsx
EC,US,technical,grade B,69.0,2026-07-21,2026-07-30,9,16.03,signal-price,6.300687789916992,7.065993309020996,,us_full_scan_20260721_1637.xlsx
CHCO,US,technical,grade B,71.8,2026-07-21,2026-07-30,9,135.94,signal-price,6.296896934509277,7.062202453613281,,us_full_scan_20260721_1637.xlsx
WTIU,US,technical,grade B,75.0,2026-07-21,2026-07-30,9,17.68,signal-price,6.283366680145264,7.048672676086426,,us_full_scan_20260721_1637.xlsx
UAN,US,technical,grade B,69.0,2026-07-21,2026-07-30,9,120.46,signal-price,6.242740154266357,7.0080461502075195,,us_full_scan_20260721_1637.xlsx
F,US,technical,grade B,70.0,2026-07-21,2026-07-30,9,13.99,signal-price,6.21873140335083,6.984037399291992,,us_full_scan_20260721_1637.xlsx
HRB,US,technical,grade B,61.5,2026-07-21,2026-07-30,9,41.7,signal-price,6.21103048324585,6.976336479187012,,us_full_scan_20260721_1637.xlsx
ANF,US,technical,grade B,67.5,2026-07-21,2026-07-30,9,94.44,signal-price,6.1626434326171875,6.927948951721191,,us_full_scan_20260721_1637.xlsx
TXRH,US,technical,grade B,61.5,2026-07-21,2026-07-30,9,196.26,signal-price,6.093955039978027,6.859260559082031,,us_full_scan_20260721_1637.xlsx
SIG,US,technical,grade B,70.0,2026-07-21,2026-07-30,9,90.44,signal-price,6.015026569366455,6.780332565307617,,us_full_scan_20260721_1637.xlsx
GGB,US,technical,grade B,67.5,2026-07-21,2026-07-30,9,4.68,signal-price,5.982911586761475,6.748217582702637,,us_full_scan_20260721_1637.xlsx
XOM,US,technical,grade B,75.0,2026-07-21,2026-07-30,9,148.36,signal-price,5.8034539222717285,6.568759918212891,,us_full_scan_20260721_1637.xlsx
MGA,US,technical,grade B,61.2,2026-07-21,2026-07-30,9,66.06,signal-price,5.737209320068359,6.502514839172363,,us_full_scan_20260721_1637.xlsx
AMRX,US,technical,grade B,67.5,2026-07-21,2026-07-30,9,17.5,signal-price,5.714285373687744,6.479591369628906,,us_full_scan_20260721_1637.xlsx
BURL,US,technical,grade A,83.8,2026-07-21,2026-07-30,9,352.14,signal-price,5.6937575340271,6.459063529968262,,us_full_scan_20260721_1637.xlsx
DDL,US,technical,grade B,63.0,2026-07-21,2026-07-30,9,2.29,signal-price,5.676865577697754,6.442171096801758,,us_full_scan_20260721_1637.xlsx
NRGU,US,technical,grade B,77.8,2026-07-21,2026-07-30,9,41.4,signal-price,5.676329135894775,6.4416351318359375,,us_full_scan_20260721_1637.xlsx
CPAY,US,technical,grade B,77.8,2026-07-21,2026-07-30,9,369.28,signal-price,5.643415451049805,6.408720970153809,,us_full_scan_20260721_1637.xlsx
ADBE,US,technical,grade B,61.5,2026-07-21,2026-07-30,9,234.74,signal-price,5.606198310852051,6.371503829956055,,us_full_scan_20260721_1637.xlsx
JD,US,technical,grade B,71.8,2026-07-21,2026-07-30,9,30.6,signal-price,5.588233470916748,6.35353946685791,,us_full_scan_20260721_1637.xlsx
SLG,US,technical,grade B,70.0,2026-07-21,2026-07-30,9,50.8,signal-price,5.531501770019531,6.296807289123535,,us_full_scan_20260721_1637.xlsx
PEBO,US,technical,grade A,83.0,2026-07-21,2026-07-30,9,39.39,signal-price,5.509018898010254,6.274324417114258,,us_full_scan_20260721_1637.xlsx
QCRH,US,technical,grade B,64.5,2026-07-21,2026-07-30,9,97.75,signal-price,5.473148822784424,6.238454818725586,,us_full_scan_20260721_1637.xlsx
GABC,US,technical,grade B,63.0,2026-07-21,2026-07-30,9,48.46,signal-price,5.468428134918213,6.233734130859375,,us_full_scan_20260721_1637.xlsx
MA,US,technical,grade A,80.0,2026-07-21,2026-07-30,9,547.44,signal-price,5.463612079620361,6.228918075561523,,us_full_scan_20260721_1637.xlsx
GPN,US,technical,grade A,84.0,2026-07-21,2026-07-30,9,82.37,signal-price,5.42672872543335,6.192034721374512,,us_full_scan_20260721_1637.xlsx
FMBH,US,technical,grade B,78.0,2026-07-21,2026-07-30,9,49.27,signal-price,5.378520488739014,6.143826484680176,,us_full_scan_20260721_1637.xlsx
BCH,US,technical,grade B,61.5,2026-07-21,2026-07-30,9,40.11,signal-price,5.335330963134766,6.1006364822387695,,us_full_scan_20260721_1637.xlsx
MT,US,technical,grade B,70.0,2026-07-21,2026-07-30,9,65.85,signal-price,5.299925804138184,6.0652313232421875,,us_full_scan_20260721_1637.xlsx
FAF,US,technical,grade B,67.5,2026-07-21,2026-07-30,9,71.73,signal-price,5.297636985778809,6.0629425048828125,,us_full_scan_20260721_1637.xlsx
BP,US,technical,grade B,75.0,2026-07-21,2026-07-30,9,42.0,signal-price,5.2857160568237305,6.051021575927734,,us_full_scan_20260721_1637.xlsx
CHMG,US,technical,grade B,71.8,2026-07-21,2026-07-30,9,77.04,signal-price,5.2829742431640625,6.048279762268066,,us_full_scan_20260721_1637.xlsx
FSLY,US,technical,grade B,63.0,2026-07-21,2026-07-30,9,20.47,signal-price,5.276012420654297,6.041317939758301,,us_full_scan_20260721_1637.xlsx
ELAN,US,technical,grade B,70.0,2026-07-21,2026-07-30,9,25.14,signal-price,5.25059700012207,6.015902519226074,,us_full_scan_20260721_1637.xlsx
KFY,US,technical,grade B,61.5,2026-07-21,2026-07-30,9,78.02,signal-price,5.242252349853516,6.0075578689575195,,us_full_scan_20260721_1637.xlsx
BZ,US,technical,grade B,75.0,2026-07-21,2026-07-30,9,15.59,signal-price,5.195629596710205,5.960935592651367,,us_full_scan_20260721_1637.xlsx
MRSH,US,technical,grade A,83.8,2026-07-21,2026-07-30,9,182.1,signal-price,5.167484283447266,5.9327898025512695,,us_full_scan_20260721_1637.xlsx
IR,US,technical,grade B,76.2,2026-07-21,2026-07-30,9,80.18,signal-price,5.163383483886719,5.928689002990723,,us_full_scan_20260721_1637.xlsx
HLNE,US,technical,grade B,70.2,2026-07-21,2026-07-30,9,84.6,signal-price,5.141842365264893,5.907148361206055,,us_full_scan_20260721_1637.xlsx
ZBIO,US,technical,grade B,68.8,2026-07-21,2026-07-30,9,30.7,signal-price,5.114006996154785,5.879312515258789,,us_full_scan_20260721_1637.xlsx
PBR,US,technical,grade B,75.0,2026-07-21,2026-07-30,9,18.19,signal-price,5.112695693969727,5.8780012130737305,,us_full_scan_20260721_1637.xlsx
MUFG,US,technical,grade B,70.2,2026-07-21,2026-07-30,9,21.41,signal-price,5.09108304977417,5.856389045715332,,us_full_scan_20260721_1637.xlsx
ESQ,US,technical,grade B,71.8,2026-07-21,2026-07-30,9,123.37,signal-price,5.0701141357421875,5.835419654846191,,us_full_scan_20260721_1637.xlsx
BIPC,US,technical,grade B,61.5,2026-07-21,2026-07-30,9,40.55,signal-price,5.03082275390625,5.796128273010254,,us_full_scan_20260721_1637.xlsx
KOLD,US,technical,grade B,75.0,2026-07-21,2026-07-30,9,28.25,signal-price,5.026543140411377,5.791849136352539,,us_full_scan_20260721_1637.xlsx
SHEL,US,technical,grade B,71.8,2026-07-21,2026-07-30,9,86.2,signal-price,5.000007152557373,5.765313148498535,,us_full_scan_20260721_1637.xlsx
KMX,US,technical,grade B,70.0,2026-07-21,2026-07-30,9,55.91,signal-price,4.9901604652404785,5.755466461181641,,us_full_scan_20260721_1637.xlsx
ITGR,US,technical,grade B,69.0,2026-07-21,2026-07-30,9,96.09,signal-price,4.964101314544678,5.72940731048584,,us_full_scan_20260721_1637.xlsx
FBP,US,technical,grade B,71.8,2026-07-21,2026-07-30,9,27.43,signal-price,4.958081245422363,5.723386764526367,,us_full_scan_20260721_1637.xlsx
CBL,US,technical,grade B,78.0,2026-07-21,2026-07-30,9,55.55,signal-price,4.914486408233643,5.679792404174805,,us_full_scan_20260721_1637.xlsx
SFIX,US,technical,grade B,69.0,2026-07-21,2026-07-30,9,3.91,signal-price,4.859328269958496,5.6246337890625,,us_full_scan_20260721_1637.xlsx
BJ,US,technical,grade B,63.0,2026-07-21,2026-07-30,9,93.91,signal-price,4.834413528442383,5.599719047546387,,us_full_scan_20260721_1637.xlsx
MFC,US,technical,grade B,70.0,2026-07-21,2026-07-30,9,42.5,signal-price,4.8235297203063965,5.588835716247559,,us_full_scan_20260721_1637.xlsx
VOD,US,technical,grade B,73.2,2026-07-21,2026-07-30,9,15.4,signal-price,4.805195331573486,5.570501327514648,,us_full_scan_20260721_1637.xlsx
OILU,US,technical,grade B,75.0,2026-07-21,2026-07-30,9,41.32,signal-price,4.7676682472229,5.5329742431640625,,us_full_scan_20260721_1637.xlsx
DK,US,technical,grade B,79.8,2026-07-21,2026-07-30,9,64.64,signal-price,4.7493815422058105,5.514687538146973,,us_full_scan_20260721_1637.xlsx
GDDY,US,technical,grade B,75.0,2026-07-21,2026-07-30,9,94.84,signal-price,4.734289646148682,5.499595642089844,,us_full_scan_20260721_1637.xlsx
NOMD,US,technical,grade A,88.8,2026-07-21,2026-07-30,9,11.85,signal-price,4.7257304191589355,5.491036415100098,,us_full_scan_20260721_1637.xlsx
RS,US,technical,grade B,76.2,2026-07-21,2026-07-30,9,383.17,signal-price,4.658496379852295,5.423802375793457,,us_full_scan_20260721_1637.xlsx
ADUS,US,technical,grade B,76.2,2026-07-21,2026-07-30,9,111.5,signal-price,4.645740985870361,5.411046981811523,,us_full_scan_20260721_1637.xlsx
IDT,US,technical,grade B,71.8,2026-07-21,2026-07-30,9,63.04,signal-price,4.600250720977783,5.365556716918945,,us_full_scan_20260721_1637.xlsx
ALRS,US,technical,grade B,61.5,2026-07-21,2026-07-30,9,32.1,signal-price,4.548299312591553,5.313605308532715,,us_full_scan_20260721_1637.xlsx
VTRS,US,technical,grade B,70.0,2026-07-21,2026-07-30,9,16.99,signal-price,4.532074928283691,5.297380447387695,,us_full_scan_20260721_1637.xlsx
NSP,US,technical,grade B,71.0,2026-07-21,2026-07-30,9,51.7,signal-price,4.5067667961120605,5.272072792053223,,us_full_scan_20260721_1637.xlsx
CTBI,US,technical,grade B,76.5,2026-07-21,2026-07-30,9,74.72,signal-price,4.483401775360107,5.2487077713012695,,us_full_scan_20260721_1637.xlsx
MLKN,US,technical,grade B,64.5,2026-07-21,2026-07-30,9,21.53,signal-price,4.412436485290527,5.177742004394531,,us_full_scan_20260721_1637.xlsx
KRT,US,technical,grade B,62.8,2026-07-21,2026-07-30,9,38.53,signal-price,4.4121503829956055,5.177455902099609,,us_full_scan_20260721_1637.xlsx
LEA,US,technical,grade B,67.5,2026-07-21,2026-07-30,9,140.16,signal-price,4.40211296081543,5.167418479919434,,us_full_scan_20260721_1637.xlsx
MET,US,technical,grade B,76.2,2026-07-21,2026-07-30,9,92.99,signal-price,4.387569427490234,5.152874946594238,,us_full_scan_20260721_1637.xlsx
CASS,US,technical,grade B,61.5,2026-07-21,2026-07-30,9,53.44,signal-price,4.341316223144531,5.106621742248535,,us_full_scan_20260721_1637.xlsx
NXST,US,technical,grade B,71.8,2026-07-21,2026-07-30,9,184.45,signal-price,4.326379299163818,5.0916852951049805,,us_full_scan_20260721_1637.xlsx
AEG,US,technical,grade B,70.2,2026-07-21,2026-07-30,9,9.05,signal-price,4.309380054473877,5.074686050415039,,us_full_scan_20260721_1637.xlsx
HST,US,technical,grade B,62.8,2026-07-21,2026-07-30,9,24.06,signal-price,4.280972480773926,5.04627799987793,,us_full_scan_20260721_1637.xlsx
CXM,US,technical,grade A,83.8,2026-07-21,2026-07-30,9,5.95,signal-price,4.201686382293701,4.966992378234863,,us_full_scan_20260721_1637.xlsx
BLK,US,technical,grade B,70.0,2026-07-21,2026-07-30,9,1054.11,signal-price,4.198801517486572,4.964107513427734,,us_full_scan_20260721_1637.xlsx
CMDB,US,technical,grade B,61.5,2026-07-21,2026-07-30,9,18.63,signal-price,4.186797142028809,4.9521026611328125,,us_full_scan_20260721_1637.xlsx
SAH,US,technical,grade B,70.0,2026-07-21,2026-07-30,9,96.34,signal-price,4.15196418762207,4.917269706726074,,us_full_scan_20260721_1637.xlsx
NHC,US,technical,grade B,70.0,2026-07-21,2026-07-30,9,219.88,signal-price,4.134070873260498,4.89937686920166,,us_full_scan_20260721_1637.xlsx
SCSC,US,technical,grade B,64.5,2026-07-21,2026-07-30,9,54.24,signal-price,4.129791259765625,4.895096778869629,,us_full_scan_20260721_1637.xlsx
CHE,US,technical,grade B,69.0,2026-07-21,2026-07-30,9,513.68,signal-price,4.109561443328857,4.8748674392700195,,us_full_scan_20260721_1637.xlsx
MCK,US,technical,grade B,64.5,2026-07-21,2026-07-30,9,831.46,signal-price,4.095208644866943,4.8605146408081055,,us_full_scan_20260721_1637.xlsx
ARES-PB,US,technical,grade A,81.5,2026-07-21,2026-07-30,9,39.68,signal-price,4.082655906677246,4.84796142578125,,us_full_scan_20260721_1637.xlsx
PRU,US,technical,grade B,67.5,2026-07-21,2026-07-30,9,117.97,signal-price,4.0688276290893555,4.834133148193359,,us_full_scan_20260721_1637.xlsx
VIPS,US,technical,grade B,61.5,2026-07-21,2026-07-30,9,14.6,signal-price,4.041087627410889,4.806393623352051,,us_full_scan_20260721_1637.xlsx
HDLB,US,technical,grade A,83.0,2026-07-21,2026-07-30,9,17.09,signal-price,4.03745174407959,4.802757263183594,,us_full_scan_20260721_1637.xlsx
NET,US,technical,grade B,70.0,2026-07-21,2026-07-30,9,272.42,signal-price,4.0268659591674805,4.792171478271484,,us_full_scan_20260721_1637.xlsx
TRMD,US,technical,grade B,62.8,2026-07-21,2026-07-30,9,29.08,signal-price,3.9889931678771973,4.754299163818359,,us_full_scan_20260721_1637.xlsx
REXR,US,technical,grade B,67.5,2026-07-21,2026-07-30,9,36.91,signal-price,3.982663154602051,4.747968673706055,,us_full_scan_20260721_1637.xlsx
CRM,US,technical,grade B,75.0,2026-07-21,2026-07-30,9,173.79,signal-price,3.9818286895751953,4.747134208679199,,us_full_scan_20260721_1637.xlsx
LTH,US,technical,grade B,70.2,2026-07-21,2026-07-30,9,42.51,signal-price,3.975546360015869,4.740852355957031,,us_full_scan_20260721_1637.xlsx
NEXN,US,technical,grade B,67.0,2026-07-21,2026-07-30,9,10.08,signal-price,3.9682507514953613,4.733556747436523,,us_full_scan_20260721_1637.xlsx
RJF,US,technical,grade B,61.5,2026-07-21,2026-07-30,9,168.32,signal-price,3.950798511505127,4.716104507446289,,us_full_scan_20260721_1637.xlsx
ENSG,US,technical,grade B,69.0,2026-07-21,2026-07-30,9,172.04,signal-price,3.9467573165893555,4.712062835693359,,us_full_scan_20260721_1637.xlsx
ABT,US,technical,grade B,71.5,2026-07-21,2026-07-30,9,101.66,signal-price,3.885495662689209,4.650801658630371,,us_full_scan_20260721_1637.xlsx
MTG,US,technical,grade B,64.5,2026-07-21,2026-07-30,9,29.32,signal-price,3.8540244102478027,4.619330406188965,,us_full_scan_20260721_1637.xlsx
PFIS,US,technical,grade B,71.8,2026-07-21,2026-07-30,9,68.49,signal-price,3.82537841796875,4.590683937072754,,us_full_scan_20260721_1637.xlsx
DOCU,US,technical,grade B,63.0,2026-07-21,2026-07-30,9,52.3,signal-price,3.8049697875976562,4.57027530670166,,us_full_scan_20260721_1637.xlsx
PBT,US,technical,grade B,75.0,2026-07-21,2026-07-30,9,28.68,signal-price,3.8005590438842773,4.565864562988281,,us_full_scan_20260721_1637.xlsx
GCO,US,technical,grade B,63.0,2026-07-21,2026-07-30,9,37.19,signal-price,3.791344165802002,4.556650161743164,,us_full_scan_20260721_1637.xlsx
CHWY,US,technical,grade B,75.0,2026-07-21,2026-07-30,9,21.99,signal-price,3.774440288543701,4.539746284484863,,us_full_scan_20260721_1637.xlsx
MTUS,US,technical,grade B,70.0,2026-07-21,2026-07-30,9,19.13,signal-price,3.7114500999450684,4.4767560958862305,,us_full_scan_20260721_1637.xlsx
ONC,US,technical,grade B,73.2,2026-07-21,2026-07-30,9,310.58,signal-price,3.7027478218078613,4.468053817749023,,us_full_scan_20260721_1637.xlsx
UGP,US,technical,grade B,76.5,2026-07-21,2026-07-30,9,6.23,signal-price,3.6918163299560547,4.457121849060059,,us_full_scan_20260721_1637.xlsx
DHT,US,technical,grade B,69.0,2026-07-21,2026-07-30,9,17.89,signal-price,3.6892056465148926,4.454511642456055,,us_full_scan_20260721_1637.xlsx
NDAQ,US,technical,grade B,63.0,2026-07-21,2026-07-30,9,91.87,signal-price,3.5811424255371094,4.346447944641113,,us_full_scan_20260721_1637.xlsx
SMFG,US,technical,grade B,70.0,2026-07-21,2026-07-30,9,24.89,signal-price,3.575742244720459,4.341048240661621,,us_full_scan_20260721_1637.xlsx
BY,US,technical,grade B,61.5,2026-07-21,2026-07-30,9,37.87,signal-price,3.5648345947265625,4.330140113830566,,us_full_scan_20260721_1637.xlsx
TRI,US,technical,grade B,71.8,2026-07-21,2026-07-30,9,95.43,signal-price,3.5628199577331543,4.328125953674316,,us_full_scan_20260721_1637.xlsx
PR,US,technical,grade B,63.0,2026-07-21,2026-07-30,9,20.28,signal-price,3.550291061401367,4.315596580505371,,us_full_scan_20260721_1637.xlsx
TGT,US,technical,grade B,64.5,2026-07-21,2026-07-30,9,139.59,signal-price,3.524601459503174,4.289907455444336,,us_full_scan_20260721_1637.xlsx
GIII,US,technical,grade B,61.5,2026-07-21,2026-07-30,9,35.45,signal-price,3.4978747367858887,4.263180732727051,,us_full_scan_20260721_1637.xlsx
REAL,US,technical,grade B,63.0,2026-07-21,2026-07-30,9,11.51,signal-price,3.4752368927001953,4.240542411804199,,us_full_scan_20260721_1637.xlsx
AMP,US,technical,grade B,64.5,2026-07-21,2026-07-30,9,526.22,signal-price,3.4662365913391113,4.231542587280273,,us_full_scan_20260721_1637.xlsx
KLC,US,technical,grade B,64.5,2026-07-21,2026-07-30,9,5.2,signal-price,3.4615397453308105,4.226845741271973,,us_full_scan_20260721_1637.xlsx
LPLA,US,technical,grade B,61.5,2026-07-21,2026-07-30,9,327.96,signal-price,3.418111801147461,4.183417320251465,,us_full_scan_20260721_1637.xlsx
TPC,US,technical,grade B,69.0,2026-07-21,2026-07-30,9,80.54,signal-price,3.4020304679870605,4.167336463928223,,us_full_scan_20260721_1637.xlsx
CNXN,US,technical,grade B,77.8,2026-07-21,2026-07-30,9,79.78,signal-price,3.3968448638916016,4.1621503829956055,,us_full_scan_20260721_1637.xlsx
YPF,US,technical,grade A,80.0,2026-07-21,2026-07-30,9,50.44,signal-price,3.390169143676758,4.155474662780762,,us_full_scan_20260721_1637.xlsx
ADP,US,technical,grade B,71.8,2026-07-21,2026-07-30,9,255.24,signal-price,3.3811330795288086,4.1464385986328125,,us_full_scan_20260721_1637.xlsx
BOTJ,US,technical,grade B,61.5,2026-07-21,2026-07-30,9,26.71,signal-price,3.3695340156555176,4.13484001159668,,us_full_scan_20260721_1637.xlsx
YMM,US,technical,grade B,71.8,2026-07-21,2026-07-30,9,9.25,signal-price,3.3513545989990234,4.116660118103027,,us_full_scan_20260721_1637.xlsx
CBC,US,technical,grade B,63.0,2026-07-21,2026-07-30,9,31.77,signal-price,3.336489200592041,4.101795196533203,,us_full_scan_20260721_1637.xlsx
FCF,US,technical,grade B,78.8,2026-07-21,2026-07-30,9,20.9,signal-price,3.3014416694641113,4.066747665405273,,us_full_scan_20260721_1637.xlsx
ELF,US,technical,grade A,80.0,2026-07-21,2026-07-30,9,79.65,signal-price,3.27683687210083,4.042142868041992,,us_full_scan_20260721_1637.xlsx
VRSN,US,technical,grade B,61.5,2026-07-21,2026-07-30,9,277.61,signal-price,3.2311558723449707,3.9964616298675537,,us_full_scan_20260721_1637.xlsx
LANDO,US,technical,grade A,88.8,2026-07-21,2026-07-30,9,21.11,signal-price,3.2212257385253906,3.9865314960479736,,us_full_scan_20260721_1637.xlsx
BBDO,US,technical,grade A,89.0,2026-07-21,2026-07-30,9,3.13,signal-price,3.194880485534668,3.960186243057251,,us_full_scan_20260721_1637.xlsx
BR,US,technical,grade B,63.0,2026-07-21,2026-07-30,9,150.02,signal-price,3.1662464141845703,3.9315521717071533,,us_full_scan_20260721_1637.xlsx
BBY,US,technical,grade B,64.5,2026-07-21,2026-07-30,9,85.13,signal-price,3.1598806381225586,3.9251863956451416,,us_full_scan_20260721_1637.xlsx
EOG,US,technical,grade A,83.8,2026-07-21,2026-07-30,9,141.09,signal-price,3.132748603820801,3.898054361343384,,us_full_scan_20260721_1637.xlsx
PDM,US,technical,grade B,70.0,2026-07-21,2026-07-30,9,9.66,signal-price,3.105592727661133,3.870898485183716,,us_full_scan_20260721_1637.xlsx
APAM,US,technical,grade B,63.0,2026-07-21,2026-07-30,9,38.47,signal-price,3.0933141708374023,3.8586199283599854,,us_full_scan_20260721_1637.xlsx
INN-PE,US,technical,grade B,67.5,2026-07-21,2026-07-30,9,17.96,signal-price,3.0623674392700195,3.8276731967926025,,us_full_scan_20260721_1637.xlsx
CHYM,US,technical,grade B,76.5,2026-07-21,2026-07-30,9,21.93,signal-price,3.0551791191101074,3.8204848766326904,,us_full_scan_20260721_1637.xlsx
ATR,US,technical,grade B,70.0,2026-07-21,2026-07-30,9,129.91,signal-price,3.048253059387207,3.81355881690979,,us_full_scan_20260721_1637.xlsx
EVTC,US,technical,grade B,69.0,2026-07-21,2026-07-30,9,30.68,signal-price,2.9986977577209473,3.7640035152435303,,us_full_scan_20260721_1637.xlsx
MNR,US,technical,grade B,64.5,2026-07-21,2026-07-30,9,13.09,signal-price,2.9793739318847656,3.7446796894073486,,us_full_scan_20260721_1637.xlsx
EPR,US,technical,grade B,71.8,2026-07-21,2026-07-30,9,62.17,signal-price,2.9596328735351562,3.7249386310577393,,us_full_scan_20260721_1637.xlsx
MSGE,US,technical,grade B,77.8,2026-07-21,2026-07-30,9,76.64,signal-price,2.8966665267944336,3.6619722843170166,,us_full_scan_20260721_1637.xlsx
COP,US,technical,grade B,75.0,2026-07-21,2026-07-30,9,115.68,signal-price,2.8959155082702637,3.6612212657928467,,us_full_scan_20260721_1637.xlsx
BIP-PB,US,technical,grade B,63.0,2026-07-21,2026-07-30,9,16.38,signal-price,2.8693556785583496,3.6346614360809326,,us_full_scan_20260721_1637.xlsx
GIC,US,technical,grade B,64.5,2026-07-21,2026-07-30,9,34.23,signal-price,2.862989902496338,3.628295660018921,,us_full_scan_20260721_1637.xlsx
SSB,US,technical,grade B,64.5,2026-07-21,2026-07-30,9,102.35,signal-price,2.843189239501953,3.608494997024536,,us_full_scan_20260721_1637.xlsx
ATLO,US,technical,grade B,75.0,2026-07-21,2026-07-30,9,29.55,signal-price,2.8426408767700195,3.6079466342926025,,us_full_scan_20260721_1637.xlsx
EPR-PC,US,technical,grade A,100.0,2026-07-21,2026-07-30,9,27.39,signal-price,2.8112411499023438,3.5765469074249268,,us_full_scan_20260721_1637.xlsx
ARDT,US,technical,grade A,82.5,2026-07-21,2026-07-30,9,10.44,signal-price,2.7777791023254395,3.5430848598480225,,us_full_scan_20260721_1637.xlsx
INN-PF,US,technical,grade B,70.0,2026-07-21,2026-07-30,9,16.95,signal-price,2.772855758666992,3.538161516189575,,us_full_scan_20260721_1637.xlsx
EVCM,US,technical,grade B,73.2,2026-07-21,2026-07-30,9,11.82,signal-price,2.7072787284851074,3.4725844860076904,,us_full_scan_20260721_1637.xlsx
GWRE,US,technical,grade B,63.0,2026-07-21,2026-07-30,9,149.19,signal-price,2.694559097290039,3.459864854812622,,us_full_scan_20260721_1637.xlsx
GPRE,US,technical,grade B,78.8,2026-07-21,2026-07-30,9,16.83,signal-price,2.673804759979248,3.439110517501831,,us_full_scan_20260721_1637.xlsx
CAG,US,technical,grade A,83.8,2026-07-21,2026-07-30,9,14.64,signal-price,2.6639342308044434,3.4292399883270264,,us_full_scan_20260721_1637.xlsx
AFL,US,technical,grade B,67.5,2026-07-21,2026-07-30,9,124.08,signal-price,2.643454074859619,3.408759832382202,,us_full_scan_20260721_1637.xlsx
SLF,US,technical,grade B,67.5,2026-07-21,2026-07-30,9,80.65,signal-price,2.628636360168457,3.39394211769104,,us_full_scan_20260721_1637.xlsx
RLJ,US,technical,grade B,75.0,2026-07-21,2026-07-30,9,12.0,signal-price,2.58333683013916,3.348642587661743,,us_full_scan_20260721_1637.xlsx
WSBC,US,technical,grade B,73.2,2026-07-21,2026-07-30,9,40.53,signal-price,2.5660037994384766,3.3313095569610596,,us_full_scan_20260721_1637.xlsx
PAGP,US,technical,grade B,69.0,2026-07-21,2026-07-30,9,25.93,signal-price,2.5260210037231445,3.2913267612457275,,us_full_scan_20260721_1637.xlsx
IOSP,US,technical,grade B,61.5,2026-07-21,2026-07-30,9,83.95,signal-price,2.525317668914795,3.290623426437378,,us_full_scan_20260721_1637.xlsx
PB,US,technical,grade B,67.5,2026-07-21,2026-07-30,9,72.98,signal-price,2.521228790283203,3.286534547805786,,us_full_scan_20260721_1637.xlsx
HIW,US,technical,grade B,76.2,2026-07-21,2026-07-30,9,32.97,signal-price,2.5174379348754883,3.2827436923980713,,us_full_scan_20260721_1637.xlsx
UBSI,US,technical,grade B,76.2,2026-07-21,2026-07-30,9,47.18,signal-price,2.501058578491211,3.266364336013794,,us_full_scan_20260721_1637.xlsx
HOMB,US,technical,grade B,76.2,2026-07-21,2026-07-30,9,30.4,signal-price,2.499997615814209,3.265303373336792,,us_full_scan_20260721_1637.xlsx
CTAS,US,technical,grade B,73.2,2026-07-21,2026-07-30,9,201.8,signal-price,2.4727463722229004,3.2380521297454834,,us_full_scan_20260721_1637.xlsx
EPR-PE,US,technical,grade A,90.0,2026-07-21,2026-07-30,9,32.5,signal-price,2.4307727813720703,3.1960785388946533,,us_full_scan_20260721_1637.xlsx
ESTC,US,technical,grade A,80.0,2026-07-21,2026-07-30,9,62.74,signal-price,2.406752109527588,3.172057867050171,,us_full_scan_20260721_1637.xlsx
ALRM,US,technical,grade B,61.5,2026-07-21,2026-07-30,9,52.95,signal-price,2.3984909057617188,3.1637966632843018,,us_full_scan_20260721_1637.xlsx
CPER,US,technical,grade B,69.0,2026-07-21,2026-07-30,9,38.42,signal-price,2.394592761993408,3.159898519515991,,us_full_scan_20260721_1637.xlsx
ACT,US,technical,grade B,76.5,2026-07-21,2026-07-30,9,46.39,signal-price,2.371203899383545,3.136509656906128,,us_full_scan_20260721_1637.xlsx
WK,US,technical,grade B,62.8,2026-07-21,2026-07-30,9,57.19,signal-price,2.36055850982666,3.125864267349243,,us_full_scan_20260721_1637.xlsx
FNF,US,technical,grade B,66.2,2026-07-21,2026-07-30,9,50.86,signal-price,2.3594141006469727,3.1247198581695557,,us_full_scan_20260721_1637.xlsx
FBIZ,US,technical,grade A,81.5,2026-07-21,2026-07-30,9,65.74,signal-price,2.312147617340088,3.077453374862671,,us_full_scan_20260721_1637.xlsx
FANG,US,technical,grade B,75.0,2026-07-21,2026-07-30,9,195.38,signal-price,2.2469043731689453,3.0122101306915283,,us_full_scan_20260721_1637.xlsx
DINO,US,technical,grade B,74.8,2026-07-21,2026-07-30,9,90.41,signal-price,2.245330810546875,3.010636568069458,,us_full_scan_20260721_1637.xlsx
OOMA,US,technical,grade A,83.8,2026-07-21,2026-07-30,9,20.97,signal-price,2.2413015365600586,3.0066072940826416,,us_full_scan_20260721_1637.xlsx
CLH,US,technical,grade B,64.5,2026-07-21,2026-07-30,9,310.22,signal-price,2.233898639678955,2.999204397201538,,us_full_scan_20260721_1637.xlsx
DG,US,technical,grade B,64.5,2026-07-21,2026-07-30,9,124.75,signal-price,2.204406261444092,2.969712018966675,,us_full_scan_20260721_1637.xlsx
SUNC,US,technical,grade B,63.0,2026-07-21,2026-07-30,9,74.58,signal-price,2.1989822387695312,2.9642879962921143,,us_full_scan_20260721_1637.xlsx
AAMI,US,technical,grade B,67.5,2026-07-21,2026-07-30,9,82.15,signal-price,2.1911025047302246,2.9564082622528076,,us_full_scan_20260721_1637.xlsx
PESI,US,technical,grade B,78.5,2026-07-21,2026-07-30,9,16.47,signal-price,2.185797691345215,2.951103448867798,,us_full_scan_20260721_1637.xlsx
HQY,US,technical,grade B,69.0,2026-07-21,2026-07-30,9,98.88,signal-price,2.1339058876037598,2.8992116451263428,,us_full_scan_20260721_1637.xlsx
ASBP,US,technical,grade B,60.0,2026-07-21,2026-07-30,9,6.58,signal-price,2.127659320831299,2.892965078353882,,us_full_scan_20260721_1637.xlsx
AMJB,US,technical,grade A,80.0,2026-07-21,2026-07-30,9,36.27,signal-price,2.122962474822998,2.888268232345581,,us_full_scan_20260721_1637.xlsx
PAA,US,technical,grade A,83.8,2026-07-21,2026-07-30,9,24.31,signal-price,2.097904682159424,2.863210439682007,,us_full_scan_20260721_1637.xlsx
AAPL,US,technical,grade B,63.8,2026-07-21,2026-07-30,9,326.59,signal-price,2.0943641662597656,2.8596699237823486,,us_full_scan_20260721_1637.xlsx
XRAY,US,technical,grade B,70.0,2026-07-21,2026-07-30,9,13.46,signal-price,2.080237865447998,2.845543622970581,,us_full_scan_20260721_1637.xlsx
LZ,US,technical,grade B,63.0,2026-07-21,2026-07-30,9,7.7,signal-price,2.077925205230713,2.843230962753296,,us_full_scan_20260721_1637.xlsx
TRV,US,technical,grade B,78.0,2026-07-21,2026-07-30,9,368.5,signal-price,2.0325660705566406,2.7978718280792236,,us_full_scan_20260721_1637.xlsx
KHC,US,technical,grade B,61.5,2026-07-21,2026-07-30,9,25.86,signal-price,2.010822296142578,2.776128053665161,,us_full_scan_20260721_1637.xlsx
PCG,US,technical,grade B,63.0,2026-07-21,2026-07-30,9,17.43,signal-price,2.00803279876709,2.773338556289673,,us_full_scan_20260721_1637.xlsx
WES,US,technical,grade B,75.0,2026-07-21,2026-07-30,9,46.61,signal-price,1.95237398147583,2.717679738998413,,us_full_scan_20260721_1637.xlsx
CLDT-PA,US,technical,grade A,88.8,2026-07-21,2026-07-30,9,20.11,signal-price,1.9393324851989746,2.7046382427215576,,us_full_scan_20260721_1637.xlsx
RPID,US,technical,grade B,70.2,2026-07-21,2026-07-30,9,2.07,signal-price,1.932370662689209,2.697676420211792,,us_full_scan_20260721_1637.xlsx
EIX,US,technical,grade B,64.5,2026-07-21,2026-07-30,9,77.25,signal-price,1.9158601760864258,2.681165933609009,,us_full_scan_20260721_1637.xlsx
IGA,US,technical,grade B,76.2,2026-07-21,2026-07-30,9,9.98,signal-price,1.9038081169128418,2.669113874435425,,us_full_scan_20260721_1637.xlsx
FRSH,US,technical,grade B,77.8,2026-07-21,2026-07-30,9,11.05,signal-price,1.9004583358764648,2.665764093399048,,us_full_scan_20260721_1637.xlsx
NMIH,US,technical,grade B,67.5,2026-07-21,2026-07-30,9,42.63,signal-price,1.9000649452209473,2.6653707027435303,,us_full_scan_20260721_1637.xlsx
GBLI,US,technical,grade B,70.0,2026-07-21,2026-07-30,9,27.0,signal-price,1.8444418907165527,2.6097476482391357,,us_full_scan_20260721_1637.xlsx
HBNC,US,technical,grade B,76.5,2026-07-21,2026-07-30,9,20.21,signal-price,1.8307805061340332,2.596086263656616,,us_full_scan_20260721_1637.xlsx
NMR,US,technical,grade B,64.5,2026-07-21,2026-07-30,9,9.39,signal-price,1.8104314804077148,2.575737237930298,,us_full_scan_20260721_1637.xlsx
MSGS,US,technical,grade B,61.5,2026-07-21,2026-07-30,9,397.96,signal-price,1.7815828323364258,2.546888589859009,,us_full_scan_20260721_1637.xlsx
CF,US,technical,grade B,75.0,2026-07-21,2026-07-30,9,123.57,signal-price,1.7803668975830078,2.545672655105591,,us_full_scan_20260721_1637.xlsx
INN,US,technical,grade B,75.0,2026-07-21,2026-07-30,9,6.78,signal-price,1.7699122428894043,2.5352180004119873,,us_full_scan_20260721_1637.xlsx
NWBI,US,technical,grade B,64.5,2026-07-21,2026-07-30,9,15.42,signal-price,1.7509698867797852,2.516275644302368,,us_full_scan_20260721_1637.xlsx
BPOP,US,technical,grade B,61.5,2026-07-21,2026-07-30,9,172.12,signal-price,1.7487883567810059,2.514094114303589,,us_full_scan_20260721_1637.xlsx
JOUT,US,technical,grade B,64.5,2026-07-21,2026-07-30,9,46.26,signal-price,1.7293572425842285,2.4946630001068115,,us_full_scan_20260721_1637.xlsx
AEBI,US,technical,grade B,75.2,2026-07-21,2026-07-30,9,12.75,signal-price,1.7254948616027832,2.490800619125366,,us_full_scan_20260721_1637.xlsx
VOYA,US,technical,grade B,70.0,2026-07-21,2026-07-30,9,98.61,signal-price,1.6833901405334473,2.4486958980560303,,us_full_scan_20260721_1637.xlsx
OHI,US,technical,grade B,67.5,2026-07-21,2026-07-30,9,49.58,signal-price,1.653897762298584,2.419203519821167,,us_full_scan_20260721_1637.xlsx
KNSL,US,technical,grade B,77.8,2026-07-21,2026-07-30,9,350.13,signal-price,1.639389991760254,2.404695749282837,,us_full_scan_20260721_1637.xlsx
TASK,US,technical,grade B,63.0,2026-07-21,2026-07-30,9,5.82,signal-price,1.6322970390319824,2.3976027965545654,,us_full_scan_20260721_1637.xlsx
NFG,US,technical,grade B,63.0,2026-07-21,2026-07-30,9,81.16,signal-price,1.6140937805175781,2.379399538040161,,us_full_scan_20260721_1637.xlsx
PCG-PX,US,technical,grade B,61.5,2026-07-21,2026-07-30,9,42.76,signal-price,1.6136646270751953,2.3789703845977783,,us_full_scan_20260721_1637.xlsx
MOS,US,technical,grade B,63.0,2026-07-21,2026-07-30,9,22.41,signal-price,1.606428623199463,2.371734380722046,,us_full_scan_20260721_1637.xlsx
KEY-PK,US,technical,grade A,83.8,2026-07-21,2026-07-30,9,21.27,signal-price,1.598501205444336,2.363806962966919,,us_full_scan_20260721_1637.xlsx
ABBV,US,technical,grade B,63.0,2026-07-21,2026-07-30,9,253.38,signal-price,1.5904903411865234,2.3557960987091064,,us_full_scan_20260721_1637.xlsx
DBO,US,technical,grade B,75.0,2026-07-21,2026-07-30,9,20.87,signal-price,1.5812158584594727,2.3465216159820557,,us_full_scan_20260721_1637.xlsx
V,US,technical,grade B,75.0,2026-07-21,2026-07-30,9,360.57,signal-price,1.580822467803955,2.346128225326538,,us_full_scan_20260721_1637.xlsx
USO,US,technical,grade A,83.8,2026-07-21,2026-07-30,9,125.51,signal-price,1.5695929527282715,2.3348987102508545,,us_full_scan_20260721_1637.xlsx
BL,US,technical,grade B,61.5,2026-07-21,2026-07-30,9,30.2,signal-price,1.5231728553771973,2.2884786128997803,,us_full_scan_20260721_1637.xlsx
NIC,US,technical,grade B,70.0,2026-07-21,2026-07-30,9,167.02,signal-price,1.5147924423217773,2.2800981998443604,,us_full_scan_20260721_1637.xlsx
PYPL,US,technical,grade B,69.0,2026-07-21,2026-07-30,9,56.82,signal-price,1.4607548713684082,2.226060628890991,,us_full_scan_20260721_1637.xlsx
SUN,US,technical,grade A,90.0,2026-07-21,2026-07-30,9,74.88,signal-price,1.4556646347045898,2.220970392227173,,us_full_scan_20260721_1637.xlsx
ACIW,US,technical,grade B,72.5,2026-07-21,2026-07-30,9,56.87,signal-price,1.4418840408325195,2.2071897983551025,,us_full_scan_20260721_1637.xlsx
ETHB,US,technical,grade B,69.0,2026-07-21,2026-07-30,9,24.43,signal-price,1.3917326927185059,2.157038450241089,,us_full_scan_20260721_1637.xlsx
OXY,US,technical,grade B,75.0,2026-07-21,2026-07-30,9,55.19,signal-price,1.3770699501037598,2.1423757076263428,,us_full_scan_20260721_1637.xlsx
CVX,US,technical,grade A,80.0,2026-07-21,2026-07-30,9,189.71,signal-price,1.3705134391784668,2.13581919670105,,us_full_scan_20260721_1637.xlsx
ETHW,US,technical,grade B,77.8,2026-07-21,2026-07-30,9,13.58,signal-price,1.3254761695861816,2.0907819271087646,,us_full_scan_20260721_1637.xlsx
HR,US,technical,grade B,64.0,2026-07-21,2026-07-30,9,21.25,signal-price,1.3176560401916504,2.0829617977142334,,us_full_scan_20260721_1637.xlsx
ETHE,US,technical,grade B,69.0,2026-07-21,2026-07-30,9,15.32,signal-price,1.3054847717285156,2.0707905292510986,,us_full_scan_20260721_1637.xlsx
BGR,US,technical,grade A,80.0,2026-07-21,2026-07-30,9,16.16,signal-price,1.2995123863220215,2.0648181438446045,,us_full_scan_20260721_1637.xlsx
CIVB,US,technical,grade B,64.0,2026-07-21,2026-07-30,9,28.53,signal-price,1.2968778610229492,2.0621836185455322,,us_full_scan_20260721_1637.xlsx
MAAS,US,technical,grade B,67.2,2026-07-21,2026-07-30,9,17.93,signal-price,1.2827634811401367,2.0480692386627197,,us_full_scan_20260721_1637.xlsx
IGR,US,technical,grade B,64.5,2026-07-21,2026-07-30,9,4.68,signal-price,1.282048225402832,2.047353982925415,,us_full_scan_20260721_1637.xlsx
ETH,US,technical,grade B,69.0,2026-07-21,2026-07-30,9,18.09,signal-price,1.2714147567749023,2.0367205142974854,,us_full_scan_20260721_1637.xlsx
LCNB,US,technical,grade A,89.0,2026-07-21,2026-07-30,9,19.81,signal-price,1.2619853019714355,2.0272910594940186,,us_full_scan_20260721_1637.xlsx
ETHA,US,technical,grade B,77.8,2026-07-21,2026-07-30,9,14.33,signal-price,1.256108283996582,2.021414041519165,,us_full_scan_20260721_1637.xlsx
DRH,US,technical,grade A,90.0,2026-07-21,2026-07-30,9,12.75,signal-price,1.2549042701721191,2.020210027694702,,us_full_scan_20260721_1637.xlsx
UHAL-B,US,technical,grade B,64.5,2026-07-21,2026-07-30,9,62.07,signal-price,1.24053955078125,2.005845308303833,,us_full_scan_20260721_1637.xlsx
CUBB,US,technical,grade B,70.0,2026-07-21,2026-07-30,9,22.0,signal-price,1.2368202209472656,2.0021259784698486,,us_full_scan_20260721_1637.xlsx
URBN,US,technical,grade B,73.2,2026-07-21,2026-07-30,9,74.83,signal-price,1.2160897254943848,1.9813954830169678,,us_full_scan_20260721_1637.xlsx
CUZ,US,technical,grade B,64.5,2026-07-21,2026-07-30,9,31.55,signal-price,1.2044429779052734,1.9697487354278564,,us_full_scan_20260721_1637.xlsx
PEO,US,technical,grade A,88.8,2026-07-21,2026-07-30,9,26.68,signal-price,1.1994004249572754,1.9647061824798584,,us_full_scan_20260721_1637.xlsx
TAK,US,technical,grade B,79.5,2026-07-21,2026-07-30,9,17.05,signal-price,1.1730194091796875,1.9383251667022705,,us_full_scan_20260721_1637.xlsx
AIT,US,technical,grade B,70.0,2026-07-21,2026-07-30,9,335.94,signal-price,1.1638998985290527,1.9292056560516357,,us_full_scan_20260721_1637.xlsx
MLPR,US,technical,grade B,70.0,2026-07-21,2026-07-30,9,73.48,signal-price,1.1622190475463867,1.9275248050689697,,us_full_scan_20260721_1637.xlsx
NBTB,US,technical,grade B,70.2,2026-07-21,2026-07-30,9,52.33,signal-price,1.1465668678283691,1.9118726253509521,,us_full_scan_20260721_1637.xlsx
CLBR-UN,US,technical,grade B,70.0,2026-07-21,2026-07-29,8,10.56,signal-price,1.1363625526428223,1.9016683101654053,,us_full_scan_20260721_1637.xlsx
IBEX,US,technical,grade B,73.2,2026-07-21,2026-07-30,9,35.07,signal-price,1.1263251304626465,1.8916308879852295,,us_full_scan_20260721_1637.xlsx
SM,US,technical,grade B,63.0,2026-07-21,2026-07-30,9,31.28,signal-price,1.118922233581543,1.884227991104126,,us_full_scan_20260721_1637.xlsx
UNF,US,technical,grade B,61.5,2026-07-21,2026-07-30,9,290.38,signal-price,1.1088967323303223,1.8742024898529053,,us_full_scan_20260721_1637.xlsx
AJG,US,technical,grade B,68.8,2026-07-21,2026-07-30,9,253.66,signal-price,1.103830337524414,1.869136095046997,,us_full_scan_20260721_1637.xlsx
KVYO,US,technical,grade B,75.0,2026-07-21,2026-07-30,9,18.15,signal-price,1.1019349098205566,1.8672406673431396,,us_full_scan_20260721_1637.xlsx
YEXT,US,technical,grade B,69.0,2026-07-21,2026-07-30,9,5.45,signal-price,1.100921630859375,1.866227388381958,,us_full_scan_20260721_1637.xlsx
CRCT,US,technical,grade B,61.5,2026-07-21,2026-07-30,9,4.6,signal-price,1.0869622230529785,1.8522679805755615,,us_full_scan_20260721_1637.xlsx
SXC,US,technical,grade B,64.5,2026-07-21,2026-07-30,9,8.36,signal-price,1.0765552520751953,1.8418610095977783,,us_full_scan_20260721_1637.xlsx
DBE,US,technical,grade B,75.0,2026-07-21,2026-07-30,9,30.57,signal-price,1.0467767715454102,1.8120825290679932,,us_full_scan_20260721_1637.xlsx
VNO,US,technical,grade B,67.5,2026-07-21,2026-07-30,9,39.74,signal-price,1.0317087173461914,1.7970144748687744,,us_full_scan_20260721_1637.xlsx
KEY-PJ,US,technical,grade B,69.0,2026-07-21,2026-07-30,9,21.34,signal-price,1.0309219360351562,1.7962276935577393,,us_full_scan_20260721_1637.xlsx
BTO,US,technical,grade B,63.0,2026-07-21,2026-07-30,9,40.28,signal-price,1.0178804397583008,1.7831861972808838,,us_full_scan_20260721_1637.xlsx
SPFI,US,technical,grade A,87.5,2026-07-21,2026-07-30,9,44.23,signal-price,1.0174155235290527,1.7827212810516357,,us_full_scan_20260721_1637.xlsx
GSG,US,technical,grade B,69.0,2026-07-21,2026-07-30,9,31.63,signal-price,1.0117053985595703,1.7770111560821533,,us_full_scan_20260721_1637.xlsx
FBK,US,technical,grade B,73.2,2026-07-21,2026-07-30,9,59.5,signal-price,1.0084033012390137,1.7737090587615967,,us_full_scan_20260721_1637.xlsx
ITIC,US,technical,grade B,69.0,2026-07-21,2026-07-30,9,287.13,signal-price,1.0030269622802734,1.7683327198028564,,us_full_scan_20260721_1637.xlsx
SBUX,US,technical,grade B,61.5,2026-07-21,2026-07-30,9,104.81,signal-price,0.992274284362793,1.757580041885376,,us_full_scan_20260721_1637.xlsx
SPG,US,technical,grade B,61.5,2026-07-21,2026-07-30,9,228.19,signal-price,0.986015796661377,1.75132155418396,,us_full_scan_20260721_1637.xlsx
PAYX,US,technical,grade B,69.0,2026-07-21,2026-07-30,9,115.2,signal-price,0.9809017181396484,1.7462074756622314,,us_full_scan_20260721_1637.xlsx
GREEL,US,technical,grade A,100.0,2026-07-21,2026-07-30,9,24.55,signal-price,0.9775996208190918,1.7429053783416748,,us_full_scan_20260721_1637.xlsx
EQBK,US,technical,grade B,70.2,2026-07-21,2026-07-30,9,50.24,signal-price,0.9753108024597168,1.7406165599822998,,us_full_scan_20260721_1637.xlsx
GDRX,US,technical,grade B,71.8,2026-07-21,2026-07-30,9,3.14,signal-price,0.9554147720336914,1.7207205295562744,,us_full_scan_20260721_1637.xlsx
VSXY,US,technical,grade A,86.0,2026-07-21,2026-07-30,9,87.41,signal-price,0.9495377540588379,1.714843511581421,,us_full_scan_20260721_1637.xlsx
IPAR,US,technical,grade B,77.8,2026-07-21,2026-07-30,9,124.4,signal-price,0.9405136108398438,1.7058193683624268,,us_full_scan_20260721_1637.xlsx
GOODO,US,technical,grade B,61.5,2026-07-21,2026-07-30,9,20.47,signal-price,0.928187370300293,1.693493127822876,,us_full_scan_20260721_1637.xlsx
AFBI,US,technical,grade A,89.0,2026-07-21,2026-07-30,9,22.79,signal-price,0.9214520454406738,1.6867578029632568,,us_full_scan_20260721_1637.xlsx
FBLA,US,technical,grade B,63.0,2026-07-21,2026-07-30,9,15.3,signal-price,0.9150266647338867,1.6803324222564697,,us_full_scan_20260721_1637.xlsx
BNS,US,technical,grade B,78.8,2026-07-21,2026-07-30,9,87.06,signal-price,0.8959293365478516,1.6612350940704346,,us_full_scan_20260721_1637.xlsx
IIPR-PA,US,technical,grade B,75.0,2026-07-21,2026-07-30,9,24.82,signal-price,0.8863925933837891,1.651698350906372,,us_full_scan_20260721_1637.xlsx
CFR,US,technical,grade B,76.5,2026-07-21,2026-07-30,9,162.07,signal-price,0.876164436340332,1.641470193862915,,us_full_scan_20260721_1637.xlsx
LKFN,US,technical,grade B,61.2,2026-07-21,2026-07-30,9,62.03,signal-price,0.8705496788024902,1.6358554363250732,,us_full_scan_20260721_1637.xlsx
PSX,US,technical,grade B,75.0,2026-07-21,2026-07-30,9,208.8,signal-price,0.8620738983154297,1.6273796558380127,,us_full_scan_20260721_1637.xlsx
BAC-PL,US,technical,grade B,70.0,2026-07-21,2026-07-30,9,1275.22,signal-price,0.861811637878418,1.627117395401001,,us_full_scan_20260721_1637.xlsx
VRTS,US,technical,grade B,70.0,2026-07-21,2026-07-30,9,162.16,signal-price,0.8263468742370605,1.5916526317596436,,us_full_scan_20260721_1637.xlsx
HUBS,US,technical,grade A,95.0,2026-07-21,2026-07-30,9,231.21,signal-price,0.8174419403076172,1.5827476978302002,,us_full_scan_20260721_1637.xlsx
BEPI,US,technical,grade B,70.5,2026-07-21,2026-07-30,9,15.91,signal-price,0.817108154296875,1.582413911819458,,us_full_scan_20260721_1637.xlsx
ISTR,US,technical,grade A,81.5,2026-07-21,2026-07-30,9,29.59,signal-price,0.8110880851745605,1.5763938426971436,,us_full_scan_20260721_1637.xlsx
JAN,US,technical,grade B,70.2,2026-07-21,2026-07-30,9,30.16,signal-price,0.7957577705383301,1.561063528060913,,us_full_scan_20260721_1637.xlsx
ABM,US,technical,grade B,67.5,2026-07-21,2026-07-30,9,47.23,signal-price,0.7833957672119141,1.548701524734497,,us_full_scan_20260721_1637.xlsx
BOX,US,technical,grade A,88.8,2026-07-21,2026-07-30,9,30.85,signal-price,0.7779598236083984,1.5432655811309814,,us_full_scan_20260721_1637.xlsx
LYFT,US,technical,grade B,61.5,2026-07-21,2026-07-30,9,15.43,signal-price,0.7777094841003418,1.5430152416229248,,us_full_scan_20260721_1637.xlsx
NLY-PJ,US,technical,grade B,75.0,2026-07-21,2026-07-30,9,25.89,signal-price,0.7725000381469727,1.5378057956695557,,us_full_scan_20260721_1637.xlsx
PEB-PF,US,technical,grade B,63.8,2026-07-21,2026-07-30,9,20.21,signal-price,0.7422089576721191,1.5075147151947021,,us_full_scan_20260721_1637.xlsx
CLMT,US,technical,grade B,68.8,2026-07-21,2026-07-30,9,43.44,signal-price,0.7136344909667969,1.4789402484893799,,us_full_scan_20260721_1637.xlsx
JKHY,US,technical,grade B,63.0,2026-07-21,2026-07-30,9,153.16,signal-price,0.7051467895507812,1.4704525470733643,,us_full_scan_20260721_1637.xlsx
HLN,US,technical,grade B,70.2,2026-07-21,2026-07-30,9,10.04,signal-price,0.6972074508666992,1.4625132083892822,,us_full_scan_20260721_1637.xlsx
BNO,US,technical,grade B,75.0,2026-07-21,2026-07-30,9,49.32,signal-price,0.6893754005432129,1.454681158065796,,us_full_scan_20260721_1637.xlsx
ROKU,US,technical,grade B,64.5,2026-07-21,2026-07-30,9,144.13,signal-price,0.6660580635070801,1.431363821029663,,us_full_scan_20260721_1637.xlsx
ALOT,US,technical,grade B,75.0,2026-07-21,2026-07-30,9,28.65,signal-price,0.6631731986999512,1.4284789562225342,,us_full_scan_20260721_1637.xlsx
LVLU,US,technical,grade A,86.0,2026-07-21,2026-07-30,9,16.62,signal-price,0.6618499755859375,1.4271557331085205,,us_full_scan_20260721_1637.xlsx
CNA,US,technical,grade B,75.0,2026-07-21,2026-07-30,9,52.91,signal-price,0.6614923477172852,1.4267981052398682,,us_full_scan_20260721_1637.xlsx
MLR,US,technical,grade B,61.5,2026-07-21,2026-07-30,9,49.61,signal-price,0.6450295448303223,1.4103353023529053,,us_full_scan_20260721_1637.xlsx
EXR,US,technical,grade B,64.5,2026-07-21,2026-07-30,9,147.28,signal-price,0.6314516067504883,1.3967573642730713,,us_full_scan_20260721_1637.xlsx
DBC,US,technical,grade B,75.0,2026-07-21,2026-07-30,9,29.14,signal-price,0.6177067756652832,1.3830125331878662,,us_full_scan_20260721_1637.xlsx
OZKAP,US,technical,grade B,70.0,2026-07-21,2026-07-30,9,16.42,signal-price,0.6090164184570312,1.3743221759796143,,us_full_scan_20260721_1637.xlsx
CIM-PA,US,technical,grade B,61.5,2026-07-21,2026-07-30,9,21.71,signal-price,0.5988121032714844,1.3641178607940674,,us_full_scan_20260721_1637.xlsx
UMH-PD,US,technical,grade B,75.0,2026-07-21,2026-07-30,9,21.92,signal-price,0.5930662155151367,1.3583719730377197,,us_full_scan_20260721_1637.xlsx
BFAM,US,technical,grade B,75.0,2026-07-21,2026-07-30,9,77.51,signal-price,0.5676627159118652,1.3329684734344482,,us_full_scan_20260721_1637.xlsx
MFAO,US,technical,grade B,72.5,2026-07-21,2026-07-30,9,25.42,signal-price,0.5507469177246094,1.3160526752471924,,us_full_scan_20260721_1637.xlsx
TECH,US,technical,grade B,70.0,2026-07-21,2026-07-30,9,71.64,signal-price,0.5443930625915527,1.3096988201141357,,us_full_scan_20260721_1637.xlsx
KEY-PI,US,technical,grade B,71.8,2026-07-21,2026-07-30,9,25.11,signal-price,0.5372285842895508,1.3025343418121338,,us_full_scan_20260721_1637.xlsx
BIP-PA,US,technical,grade B,64.0,2026-07-21,2026-07-30,9,17.25,signal-price,0.5002856254577637,1.2655913829803467,,us_full_scan_20260721_1637.xlsx
IEAGU,US,technical,grade B,70.0,2026-07-21,2026-07-30,9,10.35,signal-price,0.48308372497558594,1.248389482498169,,us_full_scan_20260721_1637.xlsx
SABA,US,technical,grade B,61.5,2026-07-21,2026-07-30,9,8.3,signal-price,0.48192739486694336,1.2472331523895264,,us_full_scan_20260721_1637.xlsx
GOODN,US,technical,grade A,84.5,2026-07-21,2026-07-30,9,23.12,signal-price,0.47577619552612305,1.241081953048706,,us_full_scan_20260721_1637.xlsx
BILL,US,technical,grade B,69.0,2026-07-21,2026-07-30,9,45.18,signal-price,0.46480894088745117,1.2301146984100342,,us_full_scan_20260721_1637.xlsx
MLPB,US,technical,grade B,70.0,2026-07-21,2026-07-30,9,30.08,signal-price,0.46442747116088867,1.2297332286834717,,us_full_scan_20260721_1637.xlsx
ESNT,US,technical,grade B,67.5,2026-07-21,2026-07-30,9,66.17,signal-price,0.4382610321044922,1.2035667896270752,,us_full_scan_20260721_1637.xlsx
RITM-PD,US,technical,grade A,81.5,2026-07-21,2026-07-30,9,25.2,signal-price,0.4365086555480957,1.2018144130706787,,us_full_scan_20260721_1637.xlsx
LXRX,US,technical,grade B,76.2,2026-07-21,2026-07-30,9,2.33,signal-price,0.42918920516967773,1.1944949626922607,,us_full_scan_20260721_1637.xlsx
BOKF,US,technical,grade A,81.5,2026-07-21,2026-07-30,9,140.47,signal-price,0.4271388053894043,1.1924445629119873,,us_full_scan_20260721_1637.xlsx
NLOP,US,technical,grade B,71.8,2026-07-21,2026-07-30,9,11.71,signal-price,0.4269838333129883,1.1922895908355713,,us_full_scan_20260721_1637.xlsx
ELS,US,technical,grade B,64.5,2026-07-21,2026-07-30,9,65.26,signal-price,0.4137277603149414,1.1790335178375244,,us_full_scan_20260721_1637.xlsx
KARO,US,technical,grade B,68.8,2026-07-21,2026-07-30,9,63.77,signal-price,0.40770769119262695,1.17301344871521,,us_full_scan_20260721_1637.xlsx
USCI,US,technical,grade B,75.0,2026-07-21,2026-07-30,9,100.57,signal-price,0.40171146392822266,1.1670172214508057,,us_full_scan_20260721_1637.xlsx
CM,US,technical,grade B,78.8,2026-07-21,2026-07-30,9,117.8,signal-price,0.39898157119750977,1.1642873287200928,,us_full_scan_20260721_1637.xlsx
AGNCZ,US,technical,grade B,61.2,2026-07-21,2026-07-30,9,25.24,signal-price,0.3961920738220215,1.1614978313446045,,us_full_scan_20260721_1637.xlsx
ELSE,US,technical,grade B,63.0,2026-07-21,2026-07-30,9,7.71,signal-price,0.3903985023498535,1.1557042598724365,,us_full_scan_20260721_1637.xlsx
FGSN,US,technical,grade B,71.8,2026-07-21,2026-07-30,9,20.95,signal-price,0.3818631172180176,1.1471688747406006,,us_full_scan_20260721_1637.xlsx
CIM-PB,US,technical,grade B,67.5,2026-07-21,2026-07-30,9,23.96,signal-price,0.3756284713745117,1.1409342288970947,,us_full_scan_20260721_1637.xlsx
BPYPP,US,technical,grade A,83.8,2026-07-21,2026-07-30,9,16.03,signal-price,0.37429332733154297,1.139599084854126,,us_full_scan_20260721_1637.xlsx
HRL,US,technical,grade B,61.5,2026-07-21,2026-07-30,9,25.28,signal-price,0.3560185432434082,1.1213243007659912,,us_full_scan_20260721_1637.xlsx
CNI,US,technical,grade B,78.8,2026-07-21,2026-07-30,9,126.69,signal-price,0.3473043441772461,1.112610101699829,,us_full_scan_20260721_1637.xlsx
PEB-PG,US,technical,grade B,63.0,2026-07-21,2026-07-30,9,20.43,signal-price,0.34263134002685547,1.1079370975494385,,us_full_scan_20260721_1637.xlsx
LFMDP,US,technical,grade B,70.0,2026-07-21,2026-07-30,9,23.35,signal-price,0.3426074981689453,1.1079132556915283,,us_full_scan_20260721_1637.xlsx
DJP,US,technical,grade B,69.0,2026-07-21,2026-07-30,9,47.21,signal-price,0.3389120101928711,1.104217767715454,,us_full_scan_20260721_1637.xlsx
UTL,US,technical,grade B,61.5,2026-07-21,2026-07-30,9,54.32,signal-price,0.33136606216430664,1.0966718196868896,,us_full_scan_20260721_1637.xlsx
IRM,US,technical,grade B,65.5,2026-07-21,2026-07-30,9,124.23,signal-price,0.3300309181213379,1.095336675643921,,us_full_scan_20260721_1637.xlsx
MFA-PB,US,technical,grade B,69.0,2026-07-21,2026-07-30,9,20.37,signal-price,0.32744407653808594,1.092749834060669,,us_full_scan_20260721_1637.xlsx
MCFT,US,technical,grade B,64.5,2026-07-21,2026-07-30,9,24.58,signal-price,0.32546520233154297,1.090770959854126,,us_full_scan_20260721_1637.xlsx
SOBO,US,technical,grade B,70.0,2026-07-21,2026-07-30,9,37.3,signal-price,0.32171010971069336,1.0870158672332764,,us_full_scan_20260721_1637.xlsx
CFG,US,technical,grade B,67.5,2026-07-21,2026-07-30,9,71.5,signal-price,0.3216862678527832,1.0869920253753662,,us_full_scan_20260721_1637.xlsx
SPB,US,technical,grade B,64.5,2026-07-21,2026-07-30,9,88.49,signal-price,0.31641721725463867,1.0817229747772217,,us_full_scan_20260721_1637.xlsx
AKR,US,technical,grade B,63.0,2026-07-21,2026-07-30,9,22.36,signal-price,0.31305551528930664,1.0783612728118896,,us_full_scan_20260721_1637.xlsx
TWOD,US,technical,grade B,60.0,2026-07-21,2026-07-30,9,25.71,signal-price,0.3111720085144043,1.0764777660369873,,us_full_scan_20260721_1637.xlsx
WAL-PA,US,technical,grade B,64.5,2026-07-21,2026-07-30,9,24.13,signal-price,0.3091573715209961,1.074463129043579,,us_full_scan_20260721_1637.xlsx
FXB,US,technical,grade B,67.5,2026-07-21,2026-07-30,9,129.2,signal-price,0.30573606491088867,1.0710418224334717,,us_full_scan_20260721_1637.xlsx
VCTR,US,technical,grade B,61.5,2026-07-21,2026-07-30,9,98.19,signal-price,0.29534101486206055,1.0606467723846436,,us_full_scan_20260721_1637.xlsx
VABK,US,technical,grade A,88.8,2026-07-21,2026-07-30,9,45.87,signal-price,0.28340816497802734,1.0487139225006104,,us_full_scan_20260721_1637.xlsx
AGM-PD,US,technical,grade A,100.0,2026-07-21,2026-07-30,9,21.38,signal-price,0.2806425094604492,1.0459482669830322,,us_full_scan_20260721_1637.xlsx
UYSC,US,technical,grade B,77.5,2026-07-21,2026-07-29,8,10.75,signal-price,0.2790689468383789,1.044374704360962,,us_full_scan_20260721_1637.xlsx
BWNB,US,technical,grade A,83.0,2026-07-21,2026-07-30,9,25.17,signal-price,0.2781033515930176,1.0434091091156006,,us_full_scan_20260721_1637.xlsx
ATLCZ,US,technical,grade B,72.5,2026-07-21,2026-07-30,9,25.35,signal-price,0.2761363983154297,1.0414421558380127,,us_full_scan_20260721_1637.xlsx
DBRG,US,technical,grade B,68.8,2026-07-21,2026-07-30,9,15.81,signal-price,0.2530097961425781,1.0183155536651611,,us_full_scan_20260721_1637.xlsx
BZH,US,technical,grade B,61.5,2026-07-21,2026-07-30,9,32.51,signal-price,0.24608373641967773,1.0113894939422607,,us_full_scan_20260721_1637.xlsx
TWO-PB,US,technical,grade A,81.2,2026-07-21,2026-07-30,9,24.96,signal-price,0.23998022079467773,1.0052859783172607,,us_full_scan_20260721_1637.xlsx
NREF,US,technical,grade B,70.2,2026-07-21,2026-07-30,9,16.85,signal-price,0.2373814582824707,1.0026872158050537,,us_full_scan_20260721_1637.xlsx
BEPH,US,technical,grade A,83.8,2026-07-21,2026-07-30,9,15.08,signal-price,0.19893646240234375,0.9642422199249268,,us_full_scan_20260721_1637.xlsx
QUMS,US,technical,grade B,63.8,2026-07-21,2026-07-30,9,10.26,signal-price,0.1949310302734375,0.9602367877960205,,us_full_scan_20260721_1637.xlsx
APOS,US,technical,grade B,61.5,2026-07-21,2026-07-30,9,25.69,signal-price,0.19462108612060547,0.9599268436431885,,us_full_scan_20260721_1637.xlsx
SOUL,US,technical,grade B,70.0,2026-07-21,2026-07-30,9,10.38,signal-price,0.19267797470092773,0.9579837322235107,,us_full_scan_20260721_1637.xlsx
NPAC,US,technical,grade B,70.0,2026-07-21,2026-07-30,9,10.4,signal-price,0.1923084259033203,0.9576141834259033,,us_full_scan_20260721_1637.xlsx
HVII,US,technical,grade B,70.0,2026-07-21,2026-07-30,9,10.47,signal-price,0.19102096557617188,0.9563267230987549,,us_full_scan_20260721_1637.xlsx
IPEX,US,technical,grade B,70.0,2026-07-21,2026-07-30,9,10.54,signal-price,0.1897573471069336,0.9550631046295166,,us_full_scan_20260721_1637.xlsx
UTF,US,technical,grade B,63.0,2026-07-21,2026-07-30,9,27.77,signal-price,0.18004179000854492,0.9453475475311279,,us_full_scan_20260721_1637.xlsx
ANSC,US,technical,grade A,85.0,2026-07-21,2026-07-29,8,11.45,signal-price,0.17467737197875977,0.9399831295013428,,us_full_scan_20260721_1637.xlsx
HESM,US,technical,grade B,64.5,2026-07-21,2026-07-30,9,40.2,signal-price,0.17412900924682617,0.9394347667694092,,us_full_scan_20260721_1637.xlsx
DSGR,US,technical,grade A,80.0,2026-07-21,2026-07-30,9,34.5,signal-price,0.17391443252563477,0.9392201900482178,,us_full_scan_20260721_1637.xlsx
SPSC,US,technical,grade B,63.0,2026-07-21,2026-07-30,9,65.72,signal-price,0.16738176345825195,0.932687520980835,,us_full_scan_20260721_1637.xlsx
CSX,US,technical,grade B,76.2,2026-07-21,2026-07-30,9,50.11,signal-price,0.15964508056640625,0.9249508380889893,,us_full_scan_20260721_1637.xlsx
SFBC,US,technical,grade B,78.8,2026-07-21,2026-07-30,9,45.82,signal-price,0.15276670455932617,0.9180724620819092,,us_full_scan_20260721_1637.xlsx
PBI-PB,US,technical,grade B,73.2,2026-07-21,2026-07-30,9,20.45,signal-price,0.1466989517211914,0.9120047092437744,,us_full_scan_20260721_1637.xlsx
STT,US,technical,grade B,73.2,2026-07-21,2026-07-30,9,182.58,signal-price,0.13145208358764648,0.8967578411102295,,us_full_scan_20260721_1637.xlsx
CPK,US,technical,grade B,70.2,2026-07-21,2026-07-30,9,133.0,signal-price,0.12781620025634766,0.8931219577789307,,us_full_scan_20260721_1637.xlsx
CASY,US,technical,grade B,69.0,2026-07-21,2026-07-30,9,866.46,signal-price,0.12003183364868164,0.8853375911712646,,us_full_scan_20260721_1637.xlsx
BEKE,US,technical,grade B,61.5,2026-07-21,2026-07-30,9,16.97,signal-price,0.11786222457885742,0.8831679821014404,,us_full_scan_20260721_1637.xlsx
APGE,US,technical,grade B,60.0,2026-07-21,2026-07-30,9,134.15,signal-price,0.11181831359863281,0.8771240711212158,,us_full_scan_20260721_1637.xlsx
ARCI,US,technical,grade A,83.0,2026-07-21,2026-07-29,8,10.09,signal-price,0.09911060333251953,0.8644163608551025,,us_full_scan_20260721_1637.xlsx
CRAC,US,technical,grade A,100.0,2026-07-21,2026-07-29,8,10.14,signal-price,0.09860992431640625,0.8639156818389893,,us_full_scan_20260721_1637.xlsx
SPEG,US,technical,grade B,70.0,2026-07-21,2026-07-30,9,10.31,signal-price,0.09698867797851562,0.8622944355010986,,us_full_scan_20260721_1637.xlsx
GTERA,US,technical,grade B,70.0,2026-07-21,2026-07-30,9,10.35,signal-price,0.09660720825195312,0.8619129657745361,,us_full_scan_20260721_1637.xlsx
DMAA,US,technical,grade B,73.8,2026-07-21,2026-07-29,8,10.7,signal-price,0.0934600830078125,0.8587658405303955,,us_full_scan_20260721_1637.xlsx
MACI,US,technical,grade B,77.5,2026-07-21,2026-07-30,9,10.9,signal-price,0.09174346923828125,0.8570492267608643,,us_full_scan_20260721_1637.xlsx
UHAL,US,technical,grade B,64.5,2026-07-21,2026-07-30,9,70.89,signal-price,0.08463859558105469,0.8499443531036377,,us_full_scan_20260721_1637.xlsx
VLGEA,US,technical,grade B,64.5,2026-07-21,2026-07-30,9,43.95,signal-price,0.06825923919677734,0.8335649967193604,,us_full_scan_20260721_1637.xlsx
WGO,US,technical,grade B,61.5,2026-07-21,2026-07-30,9,30.51,signal-price,0.06555318832397461,0.8308589458465576,,us_full_scan_20260721_1637.xlsx
ESTA,US,technical,grade A,84.0,2026-07-21,2026-07-30,9,93.42,signal-price,0.06422996520996094,0.829535722732544,,us_full_scan_20260721_1637.xlsx
WAFDP,US,technical,grade B,70.0,2026-07-21,2026-07-30,9,16.47,signal-price,0.06071329116821289,0.8260190486907959,,us_full_scan_20260721_1637.xlsx
JACS,US,technical,grade B,70.0,2026-07-21,2026-07-30,9,10.7,signal-price,0.04673004150390625,0.8120357990264893,,us_full_scan_20260721_1637.xlsx
SBXD,US,technical,grade A,83.0,2026-07-21,2026-07-30,9,10.85,signal-price,0.04607439041137695,0.81138014793396,,us_full_scan_20260721_1637.xlsx
ECCU,US,technical,grade A,95.0,2026-07-21,2026-07-30,9,25.18,signal-price,0.03972053527832031,0.8050262928009033,,us_full_scan_20260721_1637.xlsx
MS-PF,US,technical,grade A,88.8,2026-07-21,2026-07-30,9,25.19,signal-price,0.039696693420410156,0.8050024509429932,,us_full_scan_20260721_1637.xlsx
LNC-PD,US,technical,grade B,69.0,2026-07-21,2026-07-30,9,26.5,signal-price,0.037741661071777344,0.8030474185943604,,us_full_scan_20260721_1637.xlsx
NJR,US,technical,grade B,61.5,2026-07-21,2026-07-30,9,58.56,signal-price,0.03415346145629883,0.7994592189788818,,us_full_scan_20260721_1637.xlsx
RAMP,US,technical,grade B,67.5,2026-07-21,2026-07-30,9,37.78,signal-price,0.026476383209228516,0.7917821407318115,,us_full_scan_20260721_1637.xlsx
TMHC,US,technical,grade B,78.0,2026-07-21,2026-07-23,2,72.44,signal-price,0.01379251480102539,0.7790982723236084,,us_full_scan_20260721_1637.xlsx
NFBK,US,technical,grade A,89.0,2026-07-21,2026-07-28,7,15.31,signal-price,0.0,0.765305757522583,,us_full_scan_20260721_1637.xlsx
LKSP,US,technical,grade B,70.0,2026-07-21,2026-07-30,9,10.17,signal-price,0.0,0.765305757522583,,us_full_scan_20260721_1637.xlsx
KOYN,US,technical,grade A,95.0,2026-07-21,2026-07-29,8,10.17,signal-price,0.0,0.765305757522583,,us_full_scan_20260721_1637.xlsx
CCRN,US,technical,grade A,83.0,2026-07-21,2026-07-28,7,13.25,signal-price,0.0,0.765305757522583,,us_full_scan_20260721_1637.xlsx
QMMM,US,technical,grade B,77.5,2026-07-21,2026-07-29,8,119.4,signal-price,0.0,0.765305757522583,,us_full_scan_20260721_1637.xlsx
LPRO,US,technical,grade A,88.8,2026-07-21,2026-07-29,8,3.14,signal-price,0.0,0.765305757522583,,us_full_scan_20260721_1637.xlsx
AVAH,US,technical,grade B,77.8,2026-07-21,2026-07-30,9,9.69,signal-price,0.0,0.765305757522583,,us_full_scan_20260721_1637.xlsx
HACQU,US,technical,grade B,70.0,2026-07-21,2026-07-29,8,10.17,signal-price,0.0,0.765305757522583,,us_full_scan_20260721_1637.xlsx
EVOX,US,technical,grade B,70.0,2026-07-21,2026-07-30,9,10.06,signal-price,0.0,0.765305757522583,,us_full_scan_20260721_1637.xlsx
SIMA,US,technical,grade A,80.0,2026-07-21,2026-07-29,8,10.94,signal-price,0.0,0.765305757522583,,us_full_scan_20260721_1637.xlsx
MOMO,US,technical,grade B,61.5,2026-07-21,2026-07-30,9,6.0,signal-price,0.0,0.765305757522583,,us_full_scan_20260721_1637.xlsx
NLY-PF,US,technical,grade B,63.0,2026-07-21,2026-07-30,9,25.75,signal-price,0.0,0.765305757522583,,us_full_scan_20260721_1637.xlsx
ATH-PE,US,technical,grade B,76.5,2026-07-21,2026-07-30,9,25.24,signal-price,0.0,0.765305757522583,,us_full_scan_20260721_1637.xlsx
SCOR,US,technical,grade A,80.0,2026-07-21,2026-07-30,9,7.45,signal-price,0.0,0.765305757522583,,us_full_scan_20260721_1637.xlsx
PLBC,US,technical,grade B,71.8,2026-07-21,2026-07-30,9,61.2,signal-price,-0.03268122673034668,0.7326245307922363,,us_full_scan_20260721_1637.xlsx
PMTW,US,technical,grade B,69.0,2026-07-21,2026-07-30,9,25.35,signal-price,-0.03984570503234863,0.7254600524902344,,us_full_scan_20260721_1637.xlsx
PNTG,US,technical,grade B,67.5,2026-07-21,2026-07-30,9,41.15,signal-price,-0.048601627349853516,0.7167041301727295,,us_full_scan_20260721_1637.xlsx
PMTV,US,technical,grade B,76.2,2026-07-21,2026-07-30,9,25.53,signal-price,-0.0783383846282959,0.6869673728942871,,us_full_scan_20260721_1637.xlsx
FULTP,US,technical,grade A,80.0,2026-07-21,2026-07-30,9,18.08,signal-price,-0.08296370506286621,0.6823420524597168,,us_full_scan_20260721_1637.xlsx
VLYPP,US,technical,grade A,88.8,2026-07-21,2026-07-30,9,25.05,signal-price,-0.08702278137207031,0.6782829761505127,,us_full_scan_20260721_1637.xlsx
REXR-PB,US,technical,grade A,87.5,2026-07-21,2026-07-29,8,22.71,signal-price,-0.08805990219116211,0.6772458553314209,,us_full_scan_20260721_1637.xlsx
LANDP,US,technical,grade B,78.0,2026-07-21,2026-07-30,9,21.12,signal-price,-0.09469985961914062,0.6706058979034424,,us_full_scan_20260721_1637.xlsx
GPUS-PD,US,technical,grade A,95.0,2026-07-21,2026-07-30,9,21.0,signal-price,-0.09524226188659668,0.6700634956359863,,us_full_scan_20260721_1637.xlsx
GSRF,US,technical,grade B,70.0,2026-07-21,2026-07-29,8,10.17,signal-price,-0.09832978248596191,0.6669759750366211,,us_full_scan_20260721_1637.xlsx
MUZE,US,technical,grade B,63.8,2026-07-21,2026-07-30,9,9.96,signal-price,-0.10040402412414551,0.6649017333984375,,us_full_scan_20260721_1637.xlsx
ADAMM,US,technical,grade B,70.0,2026-07-21,2026-07-30,9,25.08,signal-price,-0.10845661163330078,0.6568491458892822,,us_full_scan_20260721_1637.xlsx
ABXL,US,technical,grade B,77.5,2026-07-21,2026-07-30,9,25.89,signal-price,-0.11587142944335938,0.6494343280792236,,us_full_scan_20260721_1637.xlsx
RY,US,technical,grade B,78.8,2026-07-21,2026-07-30,9,210.37,signal-price,-0.11883974075317383,0.6464660167694092,,us_full_scan_20260721_1637.xlsx
ATAI,US,technical,grade B,74.0,2026-07-21,2026-07-30,9,7.19,signal-price,-0.13908743858337402,0.626218318939209,,us_full_scan_20260721_1637.xlsx
TAP,US,technical,grade B,68.8,2026-07-21,2026-07-30,9,41.61,signal-price,-0.14420151710510254,0.6211042404174805,,us_full_scan_20260721_1637.xlsx
NTRS,US,technical,grade B,78.8,2026-07-21,2026-07-30,9,182.78,signal-price,-0.14771819114685059,0.6175875663757324,,us_full_scan_20260721_1637.xlsx
ABEO,US,technical,grade A,85.0,2026-07-21,2026-07-30,9,6.48,signal-price,-0.15432238578796387,0.6109833717346191,,us_full_scan_20260721_1637.xlsx
OXLCI,US,technical,grade A,95.0,2026-07-21,2026-07-30,9,25.65,signal-price,-0.1559436321258545,0.6093621253967285,,us_full_scan_20260721_1637.xlsx
EFC-PC,US,technical,grade A,80.0,2026-07-21,2026-07-29,8,25.49,signal-price,-0.1569211483001709,0.6083846092224121,,us_full_scan_20260721_1637.xlsx
CIMP,US,technical,grade B,64.5,2026-07-21,2026-07-30,9,25.49,signal-price,-0.1569211483001709,0.6083846092224121,,us_full_scan_20260721_1637.xlsx
IVR-PC,US,technical,grade B,78.0,2026-07-21,2026-07-30,9,25.05,signal-price,-0.15967488288879395,0.6056308746337891,,us_full_scan_20260721_1637.xlsx
USB-PH,US,technical,grade B,62.8,2026-07-21,2026-07-30,9,18.76,signal-price,-0.15991926193237305,0.60538649559021,,us_full_scan_20260721_1637.xlsx
JEF,US,technical,grade B,64.5,2026-07-21,2026-07-30,9,55.18,signal-price,-0.1631021499633789,0.6022036075592041,,us_full_scan_20260721_1637.xlsx
AMG,US,technical,grade B,67.5,2026-07-21,2026-07-30,9,366.12,signal-price,-0.1802682876586914,0.5850374698638916,,us_full_scan_20260721_1637.xlsx
CEPF,US,technical,grade B,69.0,2026-07-21,2026-07-30,9,10.43,signal-price,-0.19176006317138672,0.5735456943511963,,us_full_scan_20260721_1637.xlsx
FITB-PM,US,technical,grade A,84.0,2026-07-21,2026-07-30,9,26.0,signal-price,-0.19230246543884277,0.5730032920837402,,us_full_scan_20260721_1637.xlsx
PACH,US,technical,grade B,63.8,2026-07-21,2026-07-29,8,10.29,signal-price,-0.19435882568359375,0.5709469318389893,,us_full_scan_20260721_1637.xlsx
LXP,US,technical,grade A,83.0,2026-07-21,2026-07-30,9,60.85,signal-price,-0.19720196723937988,0.5681037902832031,,us_full_scan_20260721_1637.xlsx
ET,US,technical,grade B,70.2,2026-07-21,2026-07-30,9,20.28,signal-price,-0.19724369049072266,0.5680620670318604,,us_full_scan_20260721_1637.xlsx
BHAVU,US,technical,grade B,70.0,2026-07-21,2026-07-30,9,10.13,signal-price,-0.19744038581848145,0.5678653717041016,,us_full_scan_20260721_1637.xlsx
ADAMI,US,technical,grade B,69.0,2026-07-21,2026-07-30,9,25.19,signal-price,-0.19849538803100586,0.5668103694915771,,us_full_scan_20260721_1637.xlsx
BBSI,US,technical,grade B,63.0,2026-07-21,2026-07-30,9,40.05,signal-price,-0.19974708557128906,0.565558671951294,,us_full_scan_20260721_1637.xlsx
RF-PC,US,technical,grade A,81.5,2026-07-21,2026-07-30,9,24.54,signal-price,-0.2037525177001953,0.5615532398223877,,us_full_scan_20260721_1637.xlsx
XGN,US,technical,grade A,84.0,2026-07-21,2026-07-30,9,4.68,signal-price,-0.2136707305908203,0.5516350269317627,,us_full_scan_20260721_1637.xlsx
HWCPZ,US,technical,grade B,62.8,2026-07-21,2026-07-30,9,22.22,signal-price,-0.2250194549560547,0.5402863025665283,,us_full_scan_20260721_1637.xlsx
MFA-PC,US,technical,grade B,61.2,2026-07-21,2026-07-30,9,23.3,signal-price,-0.23003816604614258,0.5352675914764404,,us_full_scan_20260721_1637.xlsx
OCCIN,US,technical,grade A,89.0,2026-07-21,2026-07-30,9,24.9,signal-price,-0.24096369743347168,0.5243420600891113,,us_full_scan_20260721_1637.xlsx
FFC,US,technical,grade B,61.5,2026-07-21,2026-07-30,9,16.19,signal-price,-0.24707317352294922,0.5182325839996338,,us_full_scan_20260721_1637.xlsx
ACGLO,US,technical,grade B,76.8,2026-07-21,2026-07-30,9,19.58,signal-price,-0.2553582191467285,0.5099475383758545,,us_full_scan_20260721_1637.xlsx
SEAL-PA,US,technical,grade B,63.0,2026-07-21,2026-07-30,9,25.65,signal-price,-0.2729058265686035,0.4923999309539795,,us_full_scan_20260721_1637.xlsx
MAIN,US,technical,grade B,64.5,2026-07-21,2026-07-30,9,54.59,signal-price,-0.2747774124145508,0.4905283451080322,,us_full_scan_20260721_1637.xlsx
CRNX,US,technical,grade B,78.5,2026-07-21,2026-07-30,9,83.87,signal-price,-0.2861618995666504,0.4791438579559326,,us_full_scan_20260721_1637.xlsx
NSC,US,technical,grade B,70.0,2026-07-21,2026-07-30,9,334.97,signal-price,-0.31048059463500977,0.45482516288757324,,us_full_scan_20260721_1637.xlsx
CCEC,US,technical,grade B,64.5,2026-07-21,2026-07-30,9,22.46,signal-price,-0.31166672706604004,0.45363903045654297,,us_full_scan_20260721_1637.xlsx
UFI,US,technical,grade B,67.2,2026-07-21,2026-07-30,9,6.16,signal-price,-0.3246724605560303,0.44063329696655273,,us_full_scan_20260721_1637.xlsx
AGM-PE,US,technical,grade B,69.0,2026-07-21,2026-07-30,9,21.18,signal-price,-0.3305017948150635,0.43480396270751953,,us_full_scan_20260721_1637.xlsx
MBINM,US,technical,grade B,71.8,2026-07-21,2026-07-30,9,25.63,signal-price,-0.33164024353027344,0.43366551399230957,,us_full_scan_20260721_1637.xlsx
NLY-PG,US,technical,grade B,71.8,2026-07-21,2026-07-30,9,25.24,signal-price,-0.33676624298095703,0.428539514541626,,us_full_scan_20260721_1637.xlsx
FCNCP,US,technical,grade B,79.5,2026-07-21,2026-07-30,9,20.38,signal-price,-0.3434717655181885,0.42183399200439453,,us_full_scan_20260721_1637.xlsx
RPC,US,technical,grade B,67.5,2026-07-21,2026-07-30,9,8.58,signal-price,-0.34964680671691895,0.41565895080566406,,us_full_scan_20260721_1637.xlsx
SUMA,US,technical,grade B,70.0,2026-07-21,2026-07-30,9,9.95,signal-price,-0.3517568111419678,0.41354894638061523,,us_full_scan_20260721_1637.xlsx
HBANL,US,technical,grade A,95.0,2026-07-21,2026-07-30,9,25.14,signal-price,-0.35799741744995117,0.40730834007263184,,us_full_scan_20260721_1637.xlsx
RILYZ,US,technical,grade B,70.2,2026-07-21,2026-07-30,9,19.0,signal-price,-0.368422269821167,0.396883487701416,,us_full_scan_20260721_1637.xlsx
COTY,US,technical,grade B,74.8,2026-07-21,2026-07-30,9,2.7,signal-price,-0.37037134170532227,0.39493441581726074,,us_full_scan_20260721_1637.xlsx
PM,US,technical,grade B,64.0,2026-07-21,2026-07-30,9,192.72,signal-price,-0.37360191345214844,0.39170384407043457,,us_full_scan_20260721_1637.xlsx
CEPV,US,technical,grade A,83.8,2026-07-21,2026-07-30,9,10.44,signal-price,-0.38313865661621094,0.38216710090637207,,us_full_scan_20260721_1637.xlsx
MPC,US,technical,grade B,69.0,2026-07-21,2026-07-30,9,315.31,signal-price,-0.390094518661499,0.375211238861084,,us_full_scan_20260721_1637.xlsx
FFA,US,technical,grade B,70.0,2026-07-21,2026-07-30,9,22.65,signal-price,-0.3973543643951416,0.3679513931274414,,us_full_scan_20260721_1637.xlsx
TRTN-PA,US,technical,grade B,70.0,2026-07-21,2026-07-30,9,26.06,signal-price,-0.42209625244140625,0.34320950508117676,,us_full_scan_20260721_1637.xlsx
EMA,US,technical,grade A,85.0,2026-07-21,2026-07-30,9,54.34,signal-price,-0.42325854301452637,0.34204721450805664,,us_full_scan_20260721_1637.xlsx
KOP,US,technical,grade B,65.5,2026-07-21,2026-07-30,9,49.2,signal-price,-0.44715404510498047,0.31815171241760254,,us_full_scan_20260721_1637.xlsx
CLDT,US,technical,grade B,61.5,2026-07-21,2026-07-30,9,13.39,signal-price,-0.44809579849243164,0.31720995903015137,,us_full_scan_20260721_1637.xlsx
FTAIM,US,technical,grade B,70.0,2026-07-21,2026-07-30,9,27.48,signal-price,-0.4548788070678711,0.3104269504547119,,us_full_scan_20260721_1637.xlsx
DLX,US,technical,grade B,63.0,2026-07-21,2026-07-30,9,26.1,signal-price,-0.45977234840393066,0.30553340911865234,,us_full_scan_20260721_1637.xlsx
JRS,US,technical,grade B,61.5,2026-07-21,2026-07-30,9,8.69,signal-price,-0.4602968692779541,0.3050088882446289,,us_full_scan_20260721_1637.xlsx
WSBCO,US,technical,grade B,76.5,2026-07-21,2026-07-30,9,25.72,signal-price,-0.46656131744384766,0.29874444007873535,,us_full_scan_20260721_1637.xlsx
MAC,US,technical,grade B,73.2,2026-07-21,2026-07-30,9,25.59,signal-price,-0.4689335823059082,0.2963721752166748,,us_full_scan_20260721_1637.xlsx
MS-PA,US,technical,grade B,61.5,2026-07-21,2026-07-30,9,19.1,signal-price,-0.4712045192718506,0.2941012382507324,,us_full_scan_20260721_1637.xlsx
AFGE,US,technical,grade B,64.0,2026-07-21,2026-07-30,9,16.22,signal-price,-0.49321651458740234,0.27208924293518066,,us_full_scan_20260721_1637.xlsx
AGD,US,technical,grade B,69.0,2026-07-21,2026-07-30,9,12.15,signal-price,-0.49382448196411133,0.2714812755584717,,us_full_scan_20260721_1637.xlsx
RPT-PC,US,technical,grade B,70.0,2026-07-21,2026-07-30,9,25.25,signal-price,-0.4950523376464844,0.27025341987609863,,us_full_scan_20260721_1637.xlsx
PTOR,US,technical,grade B,70.5,2026-07-21,2026-07-30,9,9.99,signal-price,-0.5005002021789551,0.26480555534362793,,us_full_scan_20260721_1637.xlsx
ADAMN,US,technical,grade B,72.5,2026-07-21,2026-07-30,9,23.91,signal-price,-0.5014598369598389,0.26384592056274414,,us_full_scan_20260721_1637.xlsx
VLO,US,technical,grade B,69.0,2026-07-21,2026-07-30,9,313.31,signal-price,-0.5106806755065918,0.2546250820159912,,us_full_scan_20260721_1637.xlsx
CHSCL,US,technical,grade A,90.0,2026-07-21,2026-07-30,9,25.44,signal-price,-0.5110085010528564,0.25429725646972656,,us_full_scan_20260721_1637.xlsx
PERI,US,technical,grade A,80.0,2026-07-21,2026-07-30,9,9.63,signal-price,-0.5192101001739502,0.2460956573486328,,us_full_scan_20260721_1637.xlsx
DFP,US,technical,grade B,63.0,2026-07-21,2026-07-30,9,20.96,signal-price,-0.5248010158538818,0.24050474166870117,,us_full_scan_20260721_1637.xlsx
IMCR,US,technical,grade B,67.5,2026-07-21,2026-07-30,9,34.05,signal-price,-0.5286335945129395,0.23667216300964355,,us_full_scan_20260721_1637.xlsx
ENB,US,technical,grade B,70.0,2026-07-21,2026-07-30,9,55.73,signal-price,-0.5383074283599854,0.22699832916259766,,us_full_scan_20260721_1637.xlsx
TFC-PR,US,technical,grade A,95.0,2026-07-21,2026-07-30,9,18.52,signal-price,-0.5399584770202637,0.22534728050231934,,us_full_scan_20260721_1637.xlsx
BNY,US,technical,grade B,76.2,2026-07-21,2026-07-30,9,156.93,signal-price,-0.5416393280029297,0.22366642951965332,,us_full_scan_20260721_1637.xlsx
VOYA-PB,US,technical,grade A,100.0,2026-07-21,2026-07-30,9,23.78,signal-price,-0.5466818809509277,0.21862387657165527,,us_full_scan_20260721_1637.xlsx
BCTX,US,technical,grade B,64.5,2026-07-21,2026-07-30,9,3.65,signal-price,-0.547945499420166,0.217360258102417,,us_full_scan_20260721_1637.xlsx
EQH-PC,US,technical,grade B,71.8,2026-07-21,2026-07-30,9,16.4,signal-price,-0.5487799644470215,0.21652579307556152,,us_full_scan_20260721_1637.xlsx
PBA,US,technical,grade B,70.0,2026-07-21,2026-07-30,9,50.71,signal-price,-0.5521595478057861,0.21314620971679688,,us_full_scan_20260721_1637.xlsx
SMA,US,technical,grade B,73.2,2026-07-21,2026-07-30,9,33.75,signal-price,-0.5629599094390869,0.2023458480834961,,us_full_scan_20260721_1637.xlsx
ATHS,US,technical,grade B,61.5,2026-07-21,2026-07-30,9,24.79,signal-price,-0.5647480487823486,0.20055770874023438,,us_full_scan_20260721_1637.xlsx
FGNXP,US,technical,grade B,70.0,2026-07-21,2026-07-30,9,25.25,signal-price,-0.5940556526184082,0.1712501049041748,,us_full_scan_20260721_1637.xlsx
WFC-PL,US,technical,grade B,61.5,2026-07-21,2026-07-30,9,1187.99,signal-price,-0.6010174751281738,0.16428828239440918,,us_full_scan_20260721_1637.xlsx
ALC,US,technical,grade B,71.8,2026-07-21,2026-07-30,9,70.04,signal-price,-0.613933801651001,0.15137195587158203,,us_full_scan_20260721_1637.xlsx
TPG,US,technical,grade B,64.5,2026-07-21,2026-07-30,9,42.97,signal-price,-0.6283462047576904,0.13695955276489258,,us_full_scan_20260721_1637.xlsx
CHCT,US,technical,grade B,71.8,2026-07-21,2026-07-30,9,18.68,signal-price,-0.6424009799957275,0.12290477752685547,,us_full_scan_20260721_1637.xlsx
OSPN,US,technical,grade B,69.0,2026-07-21,2026-07-30,9,15.51,signal-price,-0.6447494029998779,0.12055635452270508,,us_full_scan_20260721_1637.xlsx
ASGI,US,technical,grade B,76.2,2026-07-21,2026-07-30,9,23.98,signal-price,-0.6672203540802002,0.09808540344238281,,us_full_scan_20260721_1637.xlsx
ACGLN,US,technical,grade A,81.5,2026-07-21,2026-07-30,9,16.46,signal-price,-0.6682813167572021,0.09702444076538086,,us_full_scan_20260721_1637.xlsx
GNL-PD,US,technical,grade B,69.0,2026-07-21,2026-07-30,9,23.91,signal-price,-0.669175386428833,0.09613037109375,,us_full_scan_20260721_1637.xlsx
AGM-PG,US,technical,grade B,70.0,2026-07-21,2026-07-30,9,17.87,signal-price,-0.6715238094329834,0.09378194808959961,,us_full_scan_20260721_1637.xlsx
NATL,US,technical,grade B,61.5,2026-07-21,2026-07-30,9,47.21,signal-price,-0.6778240203857422,0.08748173713684082,,us_full_scan_20260721_1637.xlsx
ATH-PD,US,technical,grade B,70.0,2026-07-21,2026-07-30,9,16.15,signal-price,-0.6811082363128662,0.0841975212097168,,us_full_scan_20260721_1637.xlsx
GL,US,technical,grade B,67.5,2026-07-21,2026-07-30,9,184.25,signal-price,-0.6892859935760498,0.0760197639465332,,us_full_scan_20260721_1637.xlsx
FHN-PF,US,technical,grade B,77.5,2026-07-21,2026-07-30,9,17.35,signal-price,-0.692218542098999,0.07308721542358398,,us_full_scan_20260721_1637.xlsx
CDNA,US,technical,grade B,73.5,2026-07-21,2026-07-30,9,38.37,signal-price,-0.7036745548248291,0.061631202697753906,,us_full_scan_20260721_1637.xlsx
SFB,US,technical,grade A,80.0,2026-07-21,2026-07-30,9,19.77,signal-price,-0.7081508636474609,0.05715489387512207,,us_full_scan_20260721_1637.xlsx
VRSK,US,technical,grade B,69.0,2026-07-21,2026-07-30,9,201.79,signal-price,-0.7136046886444092,0.05170106887817383,,us_full_scan_20260721_1637.xlsx
CFG-PH,US,technical,grade B,63.0,2026-07-21,2026-07-30,9,25.96,signal-price,-0.731891393661499,0.033414363861083984,,us_full_scan_20260721_1637.xlsx
OBDC,US,technical,grade B,61.2,2026-07-21,2026-07-30,9,10.87,signal-price,-0.7359683513641357,0.029337406158447266,,us_full_scan_20260721_1637.xlsx
NEWTI,US,technical,grade A,93.8,2026-07-21,2026-07-30,9,25.6,signal-price,-0.7421910762786865,0.023114681243896484,,us_full_scan_20260721_1637.xlsx
CBT,US,technical,grade B,70.0,2026-07-21,2026-07-30,9,88.89,signal-price,-0.7424890995025635,0.02281665802001953,,us_full_scan_20260721_1637.xlsx
CARS,US,technical,grade B,63.0,2026-07-21,2026-07-30,9,11.97,signal-price,-0.751882791519165,0.013422966003417969,,us_full_scan_20260721_1637.xlsx
HTFC,US,technical,grade B,70.0,2026-07-21,2026-07-30,9,24.92,signal-price,-0.7624447345733643,0.00286102294921875,,us_full_scan_20260721_1637.xlsx
SHO,US,technical,grade B,61.5,2026-07-21,2026-07-30,9,11.79,signal-price,-0.7633626461029053,0.0019431114196777344,,us_full_scan_20260721_1637.xlsx
ETD,US,technical,grade B,63.0,2026-07-21,2026-07-30,9,23.09,signal-price,-0.7795572280883789,-0.014251470565795898,,us_full_scan_20260721_1637.xlsx
GLNK,US,technical,grade A,84.0,2026-07-21,2026-07-30,9,7.6,signal-price,-0.7894754409790039,-0.0241696834564209,,us_full_scan_20260721_1637.xlsx
ARCC,US,technical,grade B,67.5,2026-07-21,2026-07-30,9,18.98,signal-price,-0.7903039455413818,-0.024998188018798828,,us_full_scan_20260721_1637.xlsx
ICCC,US,technical,grade B,63.0,2026-07-21,2026-07-30,9,11.15,signal-price,-0.8071660995483398,-0.041860342025756836,,us_full_scan_20260721_1637.xlsx
IVZ,US,technical,grade B,61.5,2026-07-21,2026-07-30,9,29.66,signal-price,-0.809168815612793,-0.04386305809020996,,us_full_scan_20260721_1637.xlsx
FULT,US,technical,grade B,67.5,2026-07-21,2026-07-30,9,24.54,signal-price,-0.8149981498718262,-0.049692392349243164,,us_full_scan_20260721_1637.xlsx
EQH-PA,US,technical,grade B,77.8,2026-07-21,2026-07-30,9,19.63,signal-price,-0.8150756359100342,-0.04976987838745117,,us_full_scan_20260721_1637.xlsx
CUBE,US,technical,grade B,61.5,2026-07-21,2026-07-30,9,41.58,signal-price,-0.8176982402801514,-0.05239248275756836,,us_full_scan_20260721_1637.xlsx
USB-PP,US,technical,grade A,83.0,2026-07-21,2026-07-30,9,21.68,signal-price,-0.8302569389343262,-0.06495118141174316,,us_full_scan_20260721_1637.xlsx
RF,US,technical,grade A,82.5,2026-07-21,2026-07-30,9,31.11,signal-price,-0.8357465267181396,-0.07044076919555664,,us_full_scan_20260721_1637.xlsx
RF-PE,US,technical,grade A,95.0,2026-07-21,2026-07-30,9,16.37,signal-price,-0.8375108242034912,-0.0722050666809082,,us_full_scan_20260721_1637.xlsx
CORN,US,technical,grade B,64.5,2026-07-21,2026-07-30,9,17.91,signal-price,-0.8375167846679688,-0.07221102714538574,,us_full_scan_20260721_1637.xlsx
MEGI,US,technical,grade B,61.5,2026-07-21,2026-07-30,9,15.5,signal-price,-0.8387088775634766,-0.07340312004089355,,us_full_scan_20260721_1637.xlsx
STHO,US,technical,grade B,70.5,2026-07-21,2026-07-30,9,9.4,signal-price,-0.851064920425415,-0.08575916290283203,,us_full_scan_20260721_1637.xlsx
AOD,US,technical,grade B,64.5,2026-07-21,2026-07-30,9,10.5,signal-price,-0.8571445941925049,-0.09183883666992188,,us_full_scan_20260721_1637.xlsx
UPWK,US,technical,grade A,83.8,2026-07-21,2026-07-30,9,9.33,signal-price,-0.8574485778808594,-0.09214282035827637,,us_full_scan_20260721_1637.xlsx
PLD,US,technical,grade B,64.5,2026-07-21,2026-07-30,9,147.48,signal-price,-0.8746922016143799,-0.10938644409179688,,us_full_scan_20260721_1637.xlsx
PFX,US,technical,grade A,84.5,2026-07-21,2026-07-29,8,43.39,signal-price,-0.8757829666137695,-0.11047720909118652,,us_full_scan_20260721_1637.xlsx
PGNY,US,technical,grade B,61.5,2026-07-21,2026-07-30,9,31.77,signal-price,-0.8813381195068359,-0.11603236198425293,,us_full_scan_20260721_1637.xlsx
ECF-PA,US,technical,grade B,73.2,2026-07-21,2026-07-29,8,20.95,signal-price,-0.8830606937408447,-0.11775493621826172,,us_full_scan_20260721_1637.xlsx
BWIV-UN,US,technical,grade B,70.0,2026-07-21,2026-07-29,8,10.15,signal-price,-0.886690616607666,-0.12138485908508301,,us_full_scan_20260721_1637.xlsx
JXN,US,technical,grade B,70.0,2026-07-21,2026-07-30,9,123.02,signal-price,-0.910419225692749,-0.14511346817016602,,us_full_scan_20260721_1637.xlsx
GNL-PB,US,technical,grade A,82.5,2026-07-21,2026-07-30,9,21.96,signal-price,-0.9107410907745361,-0.14543533325195312,,us_full_scan_20260721_1637.xlsx
AOMD,US,technical,grade A,90.0,2026-07-21,2026-07-30,9,25.47,signal-price,-0.9226500988006592,-0.15734434127807617,,us_full_scan_20260721_1637.xlsx
AHT,US,technical,grade B,63.0,2026-07-21,2026-07-30,9,3.25,signal-price,-0.9230732917785645,-0.15776753425598145,,us_full_scan_20260721_1637.xlsx
RCD,US,technical,grade B,67.5,2026-07-21,2026-07-30,9,23.29,signal-price,-0.9231448173522949,-0.15783905982971191,,us_full_scan_20260721_1637.xlsx
TRTN-PC,US,technical,grade B,63.8,2026-07-21,2026-07-30,9,24.86,signal-price,-0.9251892566680908,-0.1598834991455078,,us_full_scan_20260721_1637.xlsx
ZS,US,technical,grade B,69.0,2026-07-21,2026-07-30,9,149.82,signal-price,-0.9544849395751953,-0.1891791820526123,,us_full_scan_20260721_1637.xlsx
OCFC,US,technical,grade B,64.5,2026-07-21,2026-07-30,9,19.83,signal-price,-0.9581446647644043,-0.1928389072418213,,us_full_scan_20260721_1637.xlsx
GBX,US,technical,grade B,73.2,2026-07-21,2026-07-30,9,49.56,signal-price,-0.9685218334197998,-0.2032160758972168,,us_full_scan_20260721_1637.xlsx
HRI,US,technical,grade B,70.0,2026-07-21,2026-07-30,9,147.36,signal-price,-0.9772002696990967,-0.21189451217651367,,us_full_scan_20260721_1637.xlsx
AWP,US,technical,grade B,71.8,2026-07-21,2026-07-30,9,12.27,signal-price,-0.9779989719390869,-0.2126932144165039,,us_full_scan_20260721_1637.xlsx
MTB,US,technical,grade B,70.2,2026-07-21,2026-07-30,9,249.44,signal-price,-0.9781897068023682,-0.21288394927978516,,us_full_scan_20260721_1637.xlsx
TFSL,US,technical,grade B,70.2,2026-07-21,2026-07-30,9,18.23,signal-price,-0.9873867034912109,-0.22208094596862793,,us_full_scan_20260721_1637.xlsx
MGRD,US,technical,grade B,64.5,2026-07-21,2026-07-30,9,15.15,signal-price,-0.9900987148284912,-0.2247929573059082,,us_full_scan_20260721_1637.xlsx
DNP,US,technical,grade B,61.5,2026-07-21,2026-07-30,9,11.05,signal-price,-0.995481014251709,-0.23017525672912598,,us_full_scan_20260721_1637.xlsx
PODD,US,technical,grade A,83.8,2026-07-21,2026-07-30,9,167.37,signal-price,-1.0097384452819824,-0.24443268775939941,,us_full_scan_20260721_1637.xlsx
DOC,US,technical,grade B,70.2,2026-07-21,2026-07-30,9,22.29,signal-price,-1.0318577289581299,-0.2665519714355469,,us_full_scan_20260721_1637.xlsx
CPBI,US,technical,grade B,70.0,2026-07-21,2026-07-30,9,20.12,signal-price,-1.03529691696167,-0.2699911594390869,,us_full_scan_20260721_1637.xlsx
OPP,US,technical,grade B,71.8,2026-07-21,2026-07-30,9,7.67,signal-price,-1.0430216789245605,-0.27771592140197754,,us_full_scan_20260721_1637.xlsx
ETSY,US,technical,grade B,63.0,2026-07-21,2026-07-30,9,84.03,signal-price,-1.0472416877746582,-0.2819359302520752,,us_full_scan_20260721_1637.xlsx
PMN,US,technical,grade B,74.0,2026-07-21,2026-07-30,9,15.08,signal-price,-1.061004400253296,-0.2956986427307129,,us_full_scan_20260721_1637.xlsx
GSL-PB,US,technical,grade A,81.5,2026-07-21,2026-07-30,9,27.2,signal-price,-1.0661780834197998,-0.3008723258972168,,us_full_scan_20260721_1637.xlsx
MUSA,US,technical,grade B,61.5,2026-07-21,2026-07-30,9,622.78,signal-price,-1.0726213455200195,-0.3073155879974365,,us_full_scan_20260721_1637.xlsx
DUK-PA,US,technical,grade B,61.5,2026-07-21,2026-07-30,9,24.69,signal-price,-1.073312759399414,-0.30800700187683105,,us_full_scan_20260721_1637.xlsx
BANR,US,technical,grade B,70.2,2026-07-21,2026-07-30,9,70.6,signal-price,-1.0764896869659424,-0.3111839294433594,,us_full_scan_20260721_1637.xlsx
GFR,US,technical,grade A,90.0,2026-07-21,2026-07-30,9,6.4,signal-price,-1.0937511920928955,-0.3284454345703125,,us_full_scan_20260721_1637.xlsx
CNS,US,technical,grade B,70.2,2026-07-21,2026-07-30,9,82.5,signal-price,-1.1272728443145752,-0.3619670867919922,,us_full_scan_20260721_1637.xlsx
CFG-PE,US,technical,grade A,81.5,2026-07-21,2026-07-30,9,18.54,signal-price,-1.1326909065246582,-0.3673851490020752,,us_full_scan_20260721_1637.xlsx
O,US,technical,grade B,67.5,2026-07-21,2026-07-30,9,65.18,signal-price,-1.1506617069244385,-0.38535594940185547,,us_full_scan_20260721_1637.xlsx
GAIN,US,technical,grade B,64.5,2026-07-21,2026-07-30,9,16.41,signal-price,-1.157832145690918,-0.39252638816833496,,us_full_scan_20260721_1637.xlsx
HBANP,US,technical,grade A,83.0,2026-07-21,2026-07-30,9,16.38,signal-price,-1.1599421501159668,-0.3946363925933838,,us_full_scan_20260721_1637.xlsx
RA,US,technical,grade B,69.0,2026-07-21,2026-07-30,9,12.92,signal-price,-1.1609852313995361,-0.3956794738769531,,us_full_scan_20260721_1637.xlsx
RGA,US,technical,grade B,63.0,2026-07-21,2026-07-30,9,240.88,signal-price,-1.1707127094268799,-0.4054069519042969,,us_full_scan_20260721_1637.xlsx
MGR,US,technical,grade B,64.5,2026-07-21,2026-07-30,9,20.5,signal-price,-1.1707305908203125,-0.4054248332977295,,us_full_scan_20260721_1637.xlsx
FRT,US,technical,grade B,76.2,2026-07-21,2026-07-30,9,125.59,signal-price,-1.1943638324737549,-0.4290580749511719,,us_full_scan_20260721_1637.xlsx
ZTO,US,technical,grade B,61.5,2026-07-21,2026-07-30,9,24.15,signal-price,-1.2008249759674072,-0.4355192184448242,,us_full_scan_20260721_1637.xlsx
FBIO,US,technical,grade B,73.2,2026-07-21,2026-07-30,9,3.33,signal-price,-1.2012004852294922,-0.4358947277069092,,us_full_scan_20260721_1637.xlsx
AIZN,US,technical,grade A,83.0,2026-07-21,2026-07-30,9,19.55,signal-price,-1.2276232242584229,-0.46231746673583984,,us_full_scan_20260721_1637.xlsx
DMLP,US,technical,grade A,81.5,2026-07-21,2026-07-30,9,27.29,signal-price,-1.245880126953125,-0.480574369430542,,us_full_scan_20260721_1637.xlsx
AIN,US,technical,grade B,77.8,2026-07-21,2026-07-30,9,75.06,signal-price,-1.2523233890533447,-0.4870176315307617,,us_full_scan_20260721_1637.xlsx
MAGN,US,technical,grade B,61.5,2026-07-21,2026-07-30,9,13.5,signal-price,-1.2592613697052002,-0.4939556121826172,,us_full_scan_20260721_1637.xlsx
NWS,US,technical,grade B,61.2,2026-07-21,2026-07-30,9,32.21,signal-price,-1.2728989124298096,-0.5075931549072266,,us_full_scan_20260721_1637.xlsx
NOV,US,technical,grade B,61.5,2026-07-21,2026-07-30,9,19.55,signal-price,-1.2787699699401855,-0.5134642124176025,,us_full_scan_20260721_1637.xlsx
BTI,US,technical,grade B,64.5,2026-07-21,2026-07-30,9,62.49,signal-price,-1.28021240234375,-0.514906644821167,,us_full_scan_20260721_1637.xlsx
TFX,US,technical,grade B,61.5,2026-07-21,2026-07-30,9,134.03,signal-price,-1.290750503540039,-0.525444746017456,,us_full_scan_20260721_1637.xlsx
HWC,US,technical,grade B,76.2,2026-07-21,2026-07-30,9,77.29,signal-price,-1.2938261032104492,-0.5285203456878662,,us_full_scan_20260721_1637.xlsx
RGEN,US,technical,grade B,64.5,2026-07-21,2026-07-30,9,145.49,signal-price,-1.2990593910217285,-0.5337536334991455,,us_full_scan_20260721_1637.xlsx
AGM-PF,US,technical,grade B,61.5,2026-07-21,2026-07-30,9,19.15,signal-price,-1.3054847717285156,-0.5401790142059326,,us_full_scan_20260721_1637.xlsx
BCSF,US,technical,grade B,64.0,2026-07-21,2026-07-30,9,12.66,signal-price,-1.3428151607513428,-0.5775094032287598,,us_full_scan_20260721_1637.xlsx
FDSB,US,technical,grade B,63.0,2026-07-21,2026-07-30,9,17.84,signal-price,-1.3452887535095215,-0.5799829959869385,,us_full_scan_20260721_1637.xlsx
EP-PC,US,technical,grade B,65.5,2026-07-21,2026-07-30,9,51.0,signal-price,-1.352936029434204,-0.5876302719116211,,us_full_scan_20260721_1637.xlsx
SBFG,US,technical,grade B,63.0,2026-07-21,2026-07-30,9,26.97,signal-price,-1.3718903064727783,-0.6065845489501953,,us_full_scan_20260721_1637.xlsx
MDXG,US,technical,grade B,63.0,2026-07-21,2026-07-30,9,4.33,signal-price,-1.3856828212738037,-0.6203770637512207,,us_full_scan_20260721_1637.xlsx
GNW,US,technical,grade B,63.0,2026-07-21,2026-07-30,9,10.1,signal-price,-1.3861417770385742,-0.6208360195159912,,us_full_scan_20260721_1637.xlsx
EFSC,US,technical,grade B,70.2,2026-07-21,2026-07-30,9,66.88,signal-price,-1.3905525207519531,-0.6252467632293701,,us_full_scan_20260721_1637.xlsx
FTS,US,technical,grade B,64.5,2026-07-21,2026-07-30,9,58.3,signal-price,-1.4236688613891602,-0.6583631038665771,,us_full_scan_20260721_1637.xlsx
SMG,US,technical,grade B,76.2,2026-07-21,2026-07-30,9,69.3,signal-price,-1.4285802841186523,-0.6632745265960693,,us_full_scan_20260721_1637.xlsx
EHC,US,technical,grade B,63.0,2026-07-21,2026-07-30,9,112.5,signal-price,-1.4311134815216064,-0.6658077239990234,,us_full_scan_20260721_1637.xlsx
PHI,US,technical,grade B,62.8,2026-07-21,2026-07-30,9,20.01,signal-price,-1.4492809772491455,-0.6839752197265625,,us_full_scan_20260721_1637.xlsx
WPC,US,technical,grade B,76.2,2026-07-21,2026-07-30,9,75.17,signal-price,-1.4500439167022705,-0.6847381591796875,,us_full_scan_20260721_1637.xlsx
SANG,US,technical,grade A,83.0,2026-07-21,2026-07-30,9,4.13,signal-price,-1.4527857303619385,-0.6874799728393555,,us_full_scan_20260721_1637.xlsx
USL,US,technical,grade B,75.0,2026-07-21,2026-07-30,9,50.51,signal-price,-1.456540822982788,-0.6912350654602051,,us_full_scan_20260721_1637.xlsx
MGRB,US,technical,grade A,83.8,2026-07-21,2026-07-30,9,17.0,signal-price,-1.4705896377563477,-0.7052838802337646,,us_full_scan_20260721_1637.xlsx
AGO,US,technical,grade A,80.0,2026-07-21,2026-07-30,9,85.41,signal-price,-1.4752388000488281,-0.7099330425262451,,us_full_scan_20260721_1637.xlsx
WEAT,US,technical,grade B,70.0,2026-07-21,2026-07-30,9,24.99,signal-price,-1.4805853366851807,-0.7152795791625977,,us_full_scan_20260721_1637.xlsx
SKT,US,technical,grade B,61.5,2026-07-21,2026-07-30,9,41.63,signal-price,-1.5133321285247803,-0.7480263710021973,,us_full_scan_20260721_1637.xlsx
DXCM,US,technical,grade B,67.5,2026-07-21,2026-07-30,9,75.69,signal-price,-1.5193581581115723,-0.7540524005889893,,us_full_scan_20260721_1637.xlsx
NIU,US,technical,grade B,63.0,2026-07-21,2026-07-30,9,2.63,signal-price,-1.5209197998046875,-0.7556140422821045,,us_full_scan_20260721_1637.xlsx
NXP,US,technical,grade B,69.0,2026-07-21,2026-07-30,9,14.44,signal-price,-1.5235424041748047,-0.7582366466522217,,us_full_scan_20260721_1637.xlsx
CNOB,US,technical,grade B,71.8,2026-07-21,2026-07-30,9,33.46,signal-price,-1.5242040157318115,-0.7588982582092285,,us_full_scan_20260721_1637.xlsx
TRIP,US,technical,grade B,64.5,2026-07-21,2026-07-30,9,14.41,signal-price,-1.526719331741333,-0.76141357421875,,us_full_scan_20260721_1637.xlsx
SWX,US,technical,grade B,64.5,2026-07-21,2026-07-30,9,91.73,signal-price,-1.5589237213134766,-0.7936179637908936,,us_full_scan_20260721_1637.xlsx
DNOW,US,technical,grade B,61.5,2026-07-21,2026-07-30,9,13.96,signal-price,-1.575934886932373,-0.81062912940979,,us_full_scan_20260721_1637.xlsx
NNN,US,technical,grade B,67.5,2026-07-21,2026-07-30,9,48.92,signal-price,-1.5944361686706543,-0.8291304111480713,,us_full_scan_20260721_1637.xlsx
KRP,US,technical,grade B,63.0,2026-07-21,2026-07-30,9,15.0,signal-price,-1.5999972820281982,-0.8346915245056152,,us_full_scan_20260721_1637.xlsx
AHR,US,technical,grade B,64.5,2026-07-21,2026-07-30,9,56.66,signal-price,-1.6413688659667969,-0.8760631084442139,,us_full_scan_20260721_1637.xlsx
BFS-PD,US,technical,grade B,70.0,2026-07-21,2026-07-30,9,21.31,signal-price,-1.6424238681793213,-0.8771181106567383,,us_full_scan_20260721_1637.xlsx
CHMI-PB,US,technical,grade A,80.0,2026-07-21,2026-07-30,9,24.35,signal-price,-1.6427099704742432,-0.8774042129516602,,us_full_scan_20260721_1637.xlsx
TWFG,US,technical,grade B,71.0,2026-07-21,2026-07-30,9,27.37,signal-price,-1.680678129196167,-0.915372371673584,,us_full_scan_20260721_1637.xlsx
EPD,US,technical,grade A,88.8,2026-07-21,2026-07-30,9,38.78,signal-price,-1.7019093036651611,-0.9366035461425781,,us_full_scan_20260721_1637.xlsx
FGN,US,technical,grade B,63.0,2026-07-21,2026-07-30,9,25.2,signal-price,-1.7063498497009277,-0.9410440921783447,,us_full_scan_20260721_1637.xlsx
CWT,US,technical,grade B,70.0,2026-07-21,2026-07-30,9,51.38,signal-price,-1.712733507156372,-0.9474277496337891,,us_full_scan_20260721_1637.xlsx
APLE,US,technical,grade B,63.0,2026-07-21,2026-07-30,9,16.9,signal-price,-1.7159700393676758,-0.9506642818450928,,us_full_scan_20260721_1637.xlsx
NTES,US,technical,grade B,61.5,2026-07-21,2026-07-30,9,134.2,signal-price,-1.7175793647766113,-0.9522736072540283,,us_full_scan_20260721_1637.xlsx
KPRX,US,technical,grade B,63.0,2026-07-21,2026-07-30,9,2.6,signal-price,-1.7307639122009277,-0.9654581546783447,,us_full_scan_20260721_1637.xlsx
FNGS,US,technical,grade B,63.0,2026-07-21,2026-07-30,9,74.31,signal-price,-1.7628848552703857,-0.9975790977478027,,us_full_scan_20260721_1637.xlsx
BCO,US,technical,grade B,70.2,2026-07-21,2026-07-30,9,119.59,signal-price,-1.764357089996338,-0.9990513324737549,,us_full_scan_20260721_1637.xlsx
GLRE,US,technical,grade B,63.0,2026-07-21,2026-07-30,9,16.95,signal-price,-1.7699182033538818,-1.0046124458312988,,us_full_scan_20260721_1637.xlsx
FUNC,US,technical,grade B,73.2,2026-07-21,2026-07-30,9,44.64,signal-price,-1.7921149730682373,-1.0268092155456543,,us_full_scan_20260721_1637.xlsx
ZNTL,US,technical,grade A,81.5,2026-07-21,2026-07-30,9,5.01,signal-price,-1.796412467956543,-1.03110671043396,,us_full_scan_20260721_1637.xlsx
NWN,US,technical,grade B,61.5,2026-07-21,2026-07-30,9,50.96,signal-price,-1.824963092803955,-1.059657335281372,,us_full_scan_20260721_1637.xlsx
IACOU,US,technical,grade B,70.0,2026-07-21,2026-07-29,8,10.2,signal-price,-1.8627405166625977,-1.0974347591400146,,us_full_scan_20260721_1637.xlsx
KFRC,US,technical,grade B,61.2,2026-07-21,2026-07-30,9,57.89,signal-price,-1.8656015396118164,-1.1002957820892334,,us_full_scan_20260721_1637.xlsx
YOU,US,technical,grade A,80.0,2026-07-21,2026-07-30,9,57.18,signal-price,-1.8887758255004883,-1.1234700679779053,,us_full_scan_20260721_1637.xlsx
KYN,US,technical,grade B,77.8,2026-07-21,2026-07-30,9,14.77,signal-price,-1.895737648010254,-1.130431890487671,,us_full_scan_20260721_1637.xlsx
ACFN,US,technical,grade B,67.5,2026-07-21,2026-07-30,9,20.04,signal-price,-1.896214485168457,-1.130908727645874,,us_full_scan_20260721_1637.xlsx
CTRE,US,technical,grade B,64.5,2026-07-21,2026-07-30,9,42.45,signal-price,-1.9081294536590576,-1.1428236961364746,,us_full_scan_20260721_1637.xlsx
TEI,US,technical,grade B,70.0,2026-07-21,2026-07-30,9,6.77,signal-price,-1.9202351570129395,-1.1549293994903564,,us_full_scan_20260721_1637.xlsx
OIA,US,technical,grade B,63.0,2026-07-21,2026-07-30,9,6.23,signal-price,-1.9261598587036133,-1.1608541011810303,,us_full_scan_20260721_1637.xlsx
DBA,US,technical,grade B,63.0,2026-07-21,2026-07-30,9,28.02,signal-price,-1.927196979522705,-1.161891222000122,,us_full_scan_20260721_1637.xlsx
KRAQU,US,technical,grade A,90.0,2026-07-21,2026-07-30,9,10.3,signal-price,-1.941746473312378,-1.176440715789795,,us_full_scan_20260721_1637.xlsx
LUXE,US,technical,grade B,63.0,2026-07-21,2026-07-30,9,8.2,signal-price,-1.9512176513671875,-1.1859118938446045,,us_full_scan_20260721_1637.xlsx
NHP,US,technical,grade B,61.5,2026-07-21,2026-07-30,9,15.67,signal-price,-1.9783079624176025,-1.2130022048950195,,us_full_scan_20260721_1637.xlsx
MDRR,US,technical,grade A,90.0,2026-07-21,2026-07-30,9,11.6,signal-price,-1.9827604293823242,-1.2174546718597412,,us_full_scan_20260721_1637.xlsx
KIM,US,technical,grade B,73.2,2026-07-21,2026-07-30,9,26.03,signal-price,-1.997697353363037,-1.232391595840454,,us_full_scan_20260721_1637.xlsx
MBAV,US,technical,grade B,70.0,2026-07-21,2026-07-29,8,10.9,signal-price,-2.0183444023132324,-1.2530386447906494,,us_full_scan_20260721_1637.xlsx
PLGO,US,technical,grade B,63.0,2026-07-21,2026-07-30,9,25.58,signal-price,-2.0328402519226074,-1.2675344944000244,,us_full_scan_20260721_1637.xlsx
MRP,US,technical,grade B,70.0,2026-07-21,2026-07-30,9,28.81,signal-price,-2.0479023456573486,-1.2825965881347656,,us_full_scan_20260721_1637.xlsx
UCB,US,technical,grade B,76.2,2026-07-21,2026-07-30,9,36.03,signal-price,-2.0538389682769775,-1.2885332107543945,,us_full_scan_20260721_1637.xlsx
CALY,US,technical,grade B,67.5,2026-07-21,2026-07-30,9,18.92,signal-price,-2.061307430267334,-1.296001672744751,,us_full_scan_20260721_1637.xlsx
OTTR,US,technical,grade B,67.5,2026-07-21,2026-07-30,9,91.32,signal-price,-2.102494239807129,-1.337188482284546,,us_full_scan_20260721_1637.xlsx
BIPJ,US,technical,grade A,82.5,2026-07-21,2026-07-30,9,25.15,signal-price,-2.1069586277008057,-1.3416528701782227,,us_full_scan_20260721_1637.xlsx
GRN,US,technical,grade A,100.0,2026-07-21,2026-07-30,9,33.31,signal-price,-2.1194875240325928,-1.3541817665100098,,us_full_scan_20260721_1637.xlsx
INGR,US,technical,grade B,63.0,2026-07-21,2026-07-30,9,102.52,signal-price,-2.136164903640747,-1.370859146118164,,us_full_scan_20260721_1637.xlsx
NEWT,US,technical,grade B,67.5,2026-07-21,2026-07-30,9,14.95,signal-price,-2.1404683589935303,-1.3751626014709473,,us_full_scan_20260721_1637.xlsx
PTON,US,technical,grade A,80.0,2026-07-21,2026-07-30,9,6.52,signal-price,-2.1472394466400146,-1.3819336891174316,,us_full_scan_20260721_1637.xlsx
TAGS,US,technical,grade B,67.5,2026-07-21,2026-07-30,9,25.49,signal-price,-2.1577060222625732,-1.3924002647399902,,us_full_scan_20260721_1637.xlsx
REG,US,technical,grade B,73.2,2026-07-21,2026-07-30,9,82.14,signal-price,-2.1670281887054443,-1.4017224311828613,,us_full_scan_20260721_1637.xlsx
EFX,US,technical,grade A,84.0,2026-07-21,2026-07-30,9,180.08,signal-price,-2.1934688091278076,-1.4281630516052246,,us_full_scan_20260721_1637.xlsx
NAVI,US,technical,grade B,61.5,2026-07-21,2026-07-30,9,8.64,signal-price,-2.199077606201172,-1.4337718486785889,,us_full_scan_20260721_1637.xlsx
GT,US,technical,grade B,61.5,2026-07-21,2026-07-30,9,7.24,signal-price,-2.2099435329437256,-1.4446377754211426,,us_full_scan_20260721_1637.xlsx
CVS,US,technical,grade B,63.0,2026-07-21,2026-07-30,9,107.61,signal-price,-2.220982313156128,-1.455676555633545,,us_full_scan_20260721_1637.xlsx
UGA,US,technical,grade B,71.8,2026-07-21,2026-07-30,9,120.63,signal-price,-2.221667766571045,-1.456362009048462,,us_full_scan_20260721_1637.xlsx
HLMN,US,technical,grade B,61.5,2026-07-21,2026-07-30,9,8.08,signal-price,-2.2277235984802246,-1.4624178409576416,,us_full_scan_20260721_1637.xlsx
CURB,US,technical,grade B,79.5,2026-07-21,2026-07-30,9,31.28,signal-price,-2.237856388092041,-1.472550630569458,,us_full_scan_20260721_1637.xlsx
EWBC,US,technical,grade B,73.2,2026-07-21,2026-07-30,9,133.92,signal-price,-2.247607707977295,-1.482301950454712,,us_full_scan_20260721_1637.xlsx
CLNK,US,technical,grade B,63.0,2026-07-21,2026-07-30,9,15.53,signal-price,-2.25369930267334,-1.4883935451507568,,us_full_scan_20260721_1637.xlsx
RVLV,US,technical,grade A,80.0,2026-07-21,2026-07-30,9,26.03,signal-price,-2.266615629196167,-1.501309871673584,,us_full_scan_20260721_1637.xlsx
REZI,US,technical,grade B,64.0,2026-07-21,2026-07-30,9,35.53,signal-price,-2.2797584533691406,-1.5144526958465576,,us_full_scan_20260721_1637.xlsx
UNP,US,technical,grade B,78.8,2026-07-21,2026-07-30,9,296.25,signal-price,-2.2919833660125732,-1.5266776084899902,,us_full_scan_20260721_1637.xlsx
FORR,US,technical,grade B,69.8,2026-07-21,2026-07-30,9,9.97,signal-price,-2.3069262504577637,-1.5416204929351807,,us_full_scan_20260721_1637.xlsx
NHPBP,US,technical,grade B,70.0,2026-07-21,2026-07-29,8,22.93,signal-price,-2.311384677886963,-1.5460789203643799,,us_full_scan_20260721_1637.xlsx
MAN,US,technical,grade B,75.0,2026-07-21,2026-07-30,9,53.11,signal-price,-2.3159444332122803,-1.5506386756896973,,us_full_scan_20260721_1637.xlsx
STC,US,technical,grade B,61.2,2026-07-21,2026-07-30,9,69.79,signal-price,-2.3212552070617676,-1.5559494495391846,,us_full_scan_20260721_1637.xlsx
YETI,US,technical,grade B,72.5,2026-07-21,2026-07-30,9,50.82,signal-price,-2.321922779083252,-1.556617021560669,,us_full_scan_20260721_1637.xlsx
CTO,US,technical,grade B,61.5,2026-07-21,2026-07-30,9,22.39,signal-price,-2.3224592208862305,-1.5571534633636475,,us_full_scan_20260721_1637.xlsx
KELYA,US,technical,grade B,68.8,2026-07-21,2026-07-30,9,15.38,signal-price,-2.3406982421875,-1.575392484664917,,us_full_scan_20260721_1637.xlsx
RFM,US,technical,grade A,83.0,2026-07-21,2026-07-30,9,14.95,signal-price,-2.3411333560943604,-1.5758275985717773,,us_full_scan_20260721_1637.xlsx
ZKH,US,technical,grade B,73.8,2026-07-21,2026-07-30,9,2.96,signal-price,-2.3648619651794434,-1.5995562076568604,,us_full_scan_20260721_1637.xlsx
LND,US,technical,grade B,69.0,2026-07-21,2026-07-30,9,3.8,signal-price,-2.368420362472534,-1.6031146049499512,,us_full_scan_20260721_1637.xlsx
FTF,US,technical,grade A,89.0,2026-07-21,2026-07-30,9,5.87,signal-price,-2.3850083351135254,-1.6197025775909424,,us_full_scan_20260721_1637.xlsx
TRNO,US,technical,grade B,67.5,2026-07-21,2026-07-30,9,74.11,signal-price,-2.401834726333618,-1.6365289688110352,,us_full_scan_20260721_1637.xlsx
GLU,US,technical,grade B,75.0,2026-07-21,2026-07-30,9,19.5,signal-price,-2.4102509021759033,-1.6449451446533203,,us_full_scan_20260721_1637.xlsx
AGPU,US,technical,grade A,91.0,2026-07-21,2026-07-30,9,8.71,signal-price,-2.411019802093506,-1.6457140445709229,,us_full_scan_20260721_1637.xlsx
BSRR,US,technical,grade B,79.5,2026-07-21,2026-07-30,9,41.67,signal-price,-2.423804998397827,-1.6584992408752441,,us_full_scan_20260721_1637.xlsx
FRME,US,technical,grade B,73.2,2026-07-21,2026-07-30,9,44.32,signal-price,-2.436816692352295,-1.671510934829712,,us_full_scan_20260721_1637.xlsx
BGH,US,technical,grade B,63.0,2026-07-21,2026-07-30,9,14.35,signal-price,-2.439028024673462,-1.673722267150879,,us_full_scan_20260721_1637.xlsx
HLX,US,technical,grade B,64.5,2026-07-21,2026-07-30,9,9.43,signal-price,-2.439028024673462,-1.673722267150879,,us_full_scan_20260721_1637.xlsx
WABC,US,technical,grade A,84.0,2026-07-21,2026-07-30,9,61.4,signal-price,-2.442997694015503,-1.67769193649292,,us_full_scan_20260721_1637.xlsx
DHR,US,technical,grade B,76.5,2026-07-21,2026-07-30,9,201.11,signal-price,-2.456367015838623,-1.69106125831604,,us_full_scan_20260721_1637.xlsx
TRTN-PD,US,technical,grade B,77.8,2026-07-21,2026-07-30,9,23.16,signal-price,-2.461141347885132,-1.6958355903625488,,us_full_scan_20260721_1637.xlsx
STIM,US,technical,grade A,91.0,2026-07-21,2026-07-30,9,2.02,signal-price,-2.4752438068389893,-1.7099380493164062,,us_full_scan_20260721_1637.xlsx
SNY,US,technical,grade A,81.5,2026-07-21,2026-07-30,9,43.98,signal-price,-2.4783968925476074,-1.7130911350250244,,us_full_scan_20260721_1637.xlsx
KRG,US,technical,grade B,71.8,2026-07-21,2026-07-30,9,29.69,signal-price,-2.52610445022583,-1.760798692703247,,us_full_scan_20260721_1637.xlsx
PRLB,US,technical,grade B,67.5,2026-07-21,2026-07-30,9,77.11,signal-price,-2.5547921657562256,-1.7894864082336426,,us_full_scan_20260721_1637.xlsx
MGPI,US,technical,grade B,68.8,2026-07-21,2026-07-30,9,18.21,signal-price,-2.5809943675994873,-1.8156886100769043,,us_full_scan_20260721_1637.xlsx
TDW,US,technical,grade B,63.0,2026-07-21,2026-07-30,9,75.43,signal-price,-2.585172653198242,-1.8198668956756592,,us_full_scan_20260721_1637.xlsx
HXL,US,technical,grade A,83.0,2026-07-21,2026-07-30,9,105.73,signal-price,-2.667170763015747,-1.901865005493164,,us_full_scan_20260721_1637.xlsx
FET,US,technical,grade B,71.5,2026-07-21,2026-07-30,9,52.84,signal-price,-2.6684343814849854,-1.9031286239624023,,us_full_scan_20260721_1637.xlsx
ADC,US,technical,grade B,61.5,2026-07-21,2026-07-30,9,80.57,signal-price,-2.680891752243042,-1.915585994720459,,us_full_scan_20260721_1637.xlsx
SOYB,US,technical,grade B,69.0,2026-07-21,2026-07-30,9,25.88,signal-price,-2.704787254333496,-1.939481496810913,,us_full_scan_20260721_1637.xlsx
PLMR,US,technical,grade B,75.0,2026-07-21,2026-07-30,9,140.12,signal-price,-2.726227045059204,-1.960921287536621,,us_full_scan_20260721_1637.xlsx
AHCO,US,technical,grade B,71.8,2026-07-21,2026-07-30,9,10.98,signal-price,-2.7322351932525635,-1.9669294357299805,,us_full_scan_20260721_1637.xlsx
TEN-PF,US,technical,grade A,81.5,2026-07-21,2026-07-30,9,27.43,signal-price,-2.734231948852539,-1.968926191329956,,us_full_scan_20260721_1637.xlsx
APC,US,technical,grade B,61.5,2026-07-21,2026-07-30,9,20.75,signal-price,-2.7469873428344727,-1.9816815853118896,,us_full_scan_20260721_1637.xlsx
HIX,US,technical,grade B,75.0,2026-07-21,2026-07-30,9,4.0,signal-price,-2.74999737739563,-1.9846916198730469,,us_full_scan_20260721_1637.xlsx
AWR,US,technical,grade B,61.5,2026-07-21,2026-07-30,9,88.4,signal-price,-2.760183811187744,-1.9948780536651611,,us_full_scan_20260721_1637.xlsx
BRX,US,technical,grade B,61.5,2026-07-21,2026-07-30,9,32.43,signal-price,-2.8677165508270264,-2.1024107933044434,,us_full_scan_20260721_1637.xlsx
KREF,US,technical,grade B,78.0,2026-07-21,2026-07-30,9,7.26,signal-price,-2.892559766769409,-2.127254009246826,,us_full_scan_20260721_1637.xlsx
VVV,US,technical,grade B,70.0,2026-07-21,2026-07-30,9,39.54,signal-price,-2.9084503650665283,-2.1431446075439453,,us_full_scan_20260721_1637.xlsx
FNWB,US,technical,grade B,61.5,2026-07-21,2026-07-30,9,12.17,signal-price,-2.9580891132354736,-2.1927833557128906,,us_full_scan_20260721_1637.xlsx
UE,US,technical,grade B,76.2,2026-07-21,2026-07-30,9,23.52,signal-price,-3.0187129974365234,-2.2534072399139404,,us_full_scan_20260721_1637.xlsx
BKH,US,technical,grade B,61.5,2026-07-21,2026-07-30,9,74.48,signal-price,-3.020942211151123,-2.25563645362854,,us_full_scan_20260721_1637.xlsx
PECO,US,technical,grade B,61.5,2026-07-21,2026-07-30,9,43.77,signal-price,-3.0386149883270264,-2.2733092308044434,,us_full_scan_20260721_1637.xlsx
FOXF,US,technical,grade B,67.5,2026-07-21,2026-07-30,9,18.37,signal-price,-3.0484557151794434,-2.2831499576568604,,us_full_scan_20260721_1637.xlsx
GIS,US,technical,grade B,64.5,2026-07-21,2026-07-30,9,37.58,signal-price,-3.0867576599121094,-2.3214519023895264,,us_full_scan_20260721_1637.xlsx
PEB,US,technical,grade B,69.0,2026-07-21,2026-07-30,9,19.31,signal-price,-3.1072020530700684,-2.3418962955474854,,us_full_scan_20260721_1637.xlsx
TCBK,US,technical,grade A,90.0,2026-07-21,2026-07-30,9,59.8,signal-price,-3.1103670597076416,-2.3450613021850586,,us_full_scan_20260721_1637.xlsx
APM,US,technical,grade B,75.5,2026-07-21,2026-07-24,3,8.59,signal-price,-3.1431972980499268,-2.3778915405273438,,us_full_scan_20260721_1637.xlsx
XYL,US,technical,grade B,61.2,2026-07-21,2026-07-30,9,120.62,signal-price,-3.1503915786743164,-2.3850858211517334,,us_full_scan_20260721_1637.xlsx
AVPT,US,technical,grade B,62.8,2026-07-21,2026-07-30,9,13.24,signal-price,-3.1722068786621094,-2.4069011211395264,,us_full_scan_20260721_1637.xlsx
MIN,US,technical,grade A,80.0,2026-07-21,2026-07-30,9,2.48,signal-price,-3.2258033752441406,-2.4604976177215576,,us_full_scan_20260721_1637.xlsx
ZD,US,technical,grade B,77.8,2026-07-21,2026-07-30,9,54.38,signal-price,-3.2548725605010986,-2.4895668029785156,,us_full_scan_20260721_1637.xlsx
FR,US,technical,grade B,67.5,2026-07-21,2026-07-30,9,68.2,signal-price,-3.2551229000091553,-2.4898171424865723,,us_full_scan_20260721_1637.xlsx
AB,US,technical,grade B,63.0,2026-07-21,2026-07-30,9,37.96,signal-price,-3.2665908336639404,-2.5012850761413574,,us_full_scan_20260721_1637.xlsx
ADX,US,technical,grade B,63.0,2026-07-21,2026-07-30,9,26.06,signal-price,-3.3000707626342773,-2.5347650051116943,,us_full_scan_20260721_1637.xlsx
HFWA,US,technical,grade B,71.8,2026-07-21,2026-07-30,9,30.56,signal-price,-3.304976224899292,-2.539670467376709,,us_full_scan_20260721_1637.xlsx
BNH,US,technical,grade B,75.0,2026-07-21,2026-07-30,9,15.63,signal-price,-3.3269405364990234,-2.5616347789764404,,us_full_scan_20260721_1637.xlsx
BABA,US,technical,grade B,77.8,2026-07-21,2026-07-30,9,120.34,signal-price,-3.3405303955078125,-2.5752246379852295,,us_full_scan_20260721_1637.xlsx
OMC,US,technical,grade B,69.0,2026-07-21,2026-07-30,9,82.37,signal-price,-3.3507347106933594,-2.5854289531707764,,us_full_scan_20260721_1637.xlsx
BEP-PA,US,technical,grade B,77.5,2026-07-21,2026-07-30,9,17.59,signal-price,-3.354179859161377,-2.588874101638794,,us_full_scan_20260721_1637.xlsx
ZION,US,technical,grade B,79.5,2026-07-21,2026-07-30,9,71.89,signal-price,-3.3801674842834473,-2.6148617267608643,,us_full_scan_20260721_1637.xlsx
MSDL,US,technical,grade B,61.2,2026-07-21,2026-07-30,9,15.33,signal-price,-3.392040729522705,-2.626734972000122,,us_full_scan_20260721_1637.xlsx
RGP,US,technical,grade B,78.8,2026-07-21,2026-07-30,9,4.42,signal-price,-3.3936679363250732,-2.6283621788024902,,us_full_scan_20260721_1637.xlsx
UCO,US,technical,grade B,77.8,2026-07-21,2026-07-30,9,41.45,signal-price,-3.4499406814575195,-2.6846349239349365,,us_full_scan_20260721_1637.xlsx
EMO,US,technical,grade B,63.0,2026-07-21,2026-07-30,9,52.88,signal-price,-3.4795761108398438,-2.7142703533172607,,us_full_scan_20260721_1637.xlsx
PINE,US,technical,grade B,78.8,2026-07-21,2026-07-30,9,21.05,signal-price,-3.5629451274871826,-2.7976393699645996,,us_full_scan_20260721_1637.xlsx
FCPT,US,technical,grade A,80.0,2026-07-21,2026-07-30,9,26.49,signal-price,-3.586256504058838,-2.820950746536255,,us_full_scan_20260721_1637.xlsx
MARPS,US,technical,grade B,70.0,2026-07-21,2026-07-30,9,4.96,signal-price,-3.629028797149658,-2.863723039627075,,us_full_scan_20260721_1637.xlsx
BANF,US,technical,grade B,63.0,2026-07-21,2026-07-30,9,116.4,signal-price,-3.6426126956939697,-2.8773069381713867,,us_full_scan_20260721_1637.xlsx
LAW,US,technical,grade B,75.0,2026-07-21,2026-07-30,9,4.11,signal-price,-3.6496400833129883,-2.8843343257904053,,us_full_scan_20260721_1637.xlsx
FSBC,US,technical,grade B,71.8,2026-07-21,2026-07-30,9,49.04,signal-price,-3.6704719066619873,-2.9051661491394043,,us_full_scan_20260721_1637.xlsx
IVT,US,technical,grade B,67.5,2026-07-21,2026-07-30,9,36.56,signal-price,-3.719913959503174,-2.954608201980591,,us_full_scan_20260721_1637.xlsx
MDV,US,technical,grade B,64.5,2026-07-21,2026-07-30,9,18.2,signal-price,-3.7362635135650635,-2.9709577560424805,,us_full_scan_20260721_1637.xlsx
FNGO,US,technical,grade B,63.0,2026-07-21,2026-07-30,9,131.19,signal-price,-3.750288486480713,-2.98498272895813,,us_full_scan_20260721_1637.xlsx
WELL,US,technical,grade B,75.0,2026-07-21,2026-07-30,9,244.84,signal-price,-3.7616372108459473,-2.9963314533233643,,us_full_scan_20260721_1637.xlsx
LCUT,US,technical,grade A,80.0,2026-07-21,2026-07-30,9,8.73,signal-price,-3.780066967010498,-3.014761209487915,,us_full_scan_20260721_1637.xlsx
FTNT,US,technical,grade B,61.5,2026-07-21,2026-07-30,9,160.36,signal-price,-3.8101792335510254,-3.0448734760284424,,us_full_scan_20260721_1637.xlsx
CP,US,technical,grade B,70.0,2026-07-21,2026-07-30,9,91.66,signal-price,-3.818458318710327,-3.053152561187744,,us_full_scan_20260721_1637.xlsx
DMA,US,technical,grade B,70.2,2026-07-21,2026-07-30,9,7.84,signal-price,-3.8265347480773926,-3.0612289905548096,,us_full_scan_20260721_1637.xlsx
RLYB,US,technical,grade B,71.8,2026-07-21,2026-07-30,9,16.71,signal-price,-3.8300395011901855,-3.0647337436676025,,us_full_scan_20260721_1637.xlsx
IIIN,US,technical,grade A,95.0,2026-07-21,2026-07-30,9,31.85,signal-price,-3.8618505001068115,-3.0965447425842285,,us_full_scan_20260721_1637.xlsx
LTC,US,technical,grade B,71.8,2026-07-21,2026-07-30,9,41.92,signal-price,-3.8645029067993164,-3.0991971492767334,,us_full_scan_20260721_1637.xlsx
RLX,US,technical,grade B,63.0,2026-07-21,2026-07-30,9,2.06,signal-price,-3.883492946624756,-3.118187189102173,,us_full_scan_20260721_1637.xlsx
GOOD,US,technical,grade B,67.5,2026-07-21,2026-07-30,9,13.03,signal-price,-3.9140403270721436,-3.1487345695495605,,us_full_scan_20260721_1637.xlsx
DAR,US,technical,grade B,69.0,2026-07-21,2026-07-30,9,63.5,signal-price,-3.9370059967041016,-3.1717002391815186,,us_full_scan_20260721_1637.xlsx
HTO,US,technical,grade B,70.2,2026-07-21,2026-07-30,9,64.52,signal-price,-3.952258825302124,-3.186953067779541,,us_full_scan_20260721_1637.xlsx
LCII,US,technical,grade B,73.2,2026-07-21,2026-07-30,9,106.9,signal-price,-3.975677490234375,-3.210371732711792,,us_full_scan_20260721_1637.xlsx
ACP,US,technical,grade A,100.0,2026-07-21,2026-07-30,9,5.28,signal-price,-3.9772748947143555,-3.2119691371917725,,us_full_scan_20260721_1637.xlsx
NHI,US,technical,grade B,61.5,2026-07-21,2026-07-30,9,79.26,signal-price,-4.0247321128845215,-3.2594263553619385,,us_full_scan_20260721_1637.xlsx
DFIN,US,technical,grade B,64.5,2026-07-21,2026-07-30,9,49.03,signal-price,-4.079133033752441,-3.3138272762298584,,us_full_scan_20260721_1637.xlsx
RSG,US,technical,grade B,64.5,2026-07-21,2026-07-30,9,220.53,signal-price,-4.171764850616455,-3.406459093093872,,us_full_scan_20260721_1637.xlsx
WTM,US,technical,grade B,61.5,2026-07-21,2026-07-30,9,2211.22,signal-price,-4.188179969787598,-3.4228742122650146,,us_full_scan_20260721_1637.xlsx
REPX,US,technical,grade B,63.0,2026-07-21,2026-07-30,9,35.0,signal-price,-4.228568077087402,-3.4632623195648193,,us_full_scan_20260721_1637.xlsx
PMM,US,technical,grade B,70.0,2026-07-21,2026-07-30,9,6.55,signal-price,-4.27480936050415,-3.5095036029815674,,us_full_scan_20260721_1637.xlsx
FTI,US,technical,grade B,70.0,2026-07-21,2026-07-30,9,72.05,signal-price,-4.344213008880615,-3.5789072513580322,,us_full_scan_20260721_1637.xlsx
PAL,US,technical,grade B,61.5,2026-07-21,2026-07-30,9,7.04,signal-price,-4.403406143188477,-3.6381003856658936,,us_full_scan_20260721_1637.xlsx
IPCX,US,technical,grade B,63.8,2026-07-21,2026-07-30,9,10.4,signal-price,-4.4230756759643555,-3.6577699184417725,,us_full_scan_20260721_1637.xlsx
MXC,US,technical,grade A,80.0,2026-07-21,2026-07-30,9,9.22,signal-price,-4.446852207183838,-3.681546449661255,,us_full_scan_20260721_1637.xlsx
CLAR,US,technical,grade B,70.0,2026-07-21,2026-07-30,9,3.36,signal-price,-4.464280605316162,-3.698974847793579,,us_full_scan_20260721_1637.xlsx
CX,US,technical,grade B,78.8,2026-07-21,2026-07-30,9,12.49,signal-price,-4.483580589294434,-3.7182748317718506,,us_full_scan_20260721_1637.xlsx
VTR,US,technical,grade B,63.0,2026-07-21,2026-07-30,9,96.25,signal-price,-4.498702049255371,-3.733396291732788,,us_full_scan_20260721_1637.xlsx
MCO,US,technical,grade B,64.5,2026-07-21,2026-07-30,9,505.37,signal-price,-4.5728864669799805,-3.8075807094573975,,us_full_scan_20260721_1637.xlsx
EPC,US,technical,grade B,78.8,2026-07-21,2026-07-30,9,28.59,signal-price,-4.686951637268066,-3.9216458797454834,,us_full_scan_20260721_1637.xlsx
BOH,US,technical,grade A,85.0,2026-07-21,2026-07-30,9,83.8,signal-price,-4.689735412597656,-3.9244296550750732,,us_full_scan_20260721_1637.xlsx
COLB,US,technical,grade B,76.2,2026-07-21,2026-07-30,9,32.8,signal-price,-4.725605010986328,-3.960299253463745,,us_full_scan_20260721_1637.xlsx
FFBC,US,technical,grade B,73.2,2026-07-21,2026-07-30,9,35.48,signal-price,-4.763245582580566,-3.9979398250579834,,us_full_scan_20260721_1637.xlsx
OKE,US,technical,grade B,61.5,2026-07-21,2026-07-30,9,93.56,signal-price,-4.799056053161621,-4.033750534057617,,us_full_scan_20260721_1637.xlsx
XHR,US,technical,grade B,61.5,2026-07-21,2026-07-30,9,21.1,signal-price,-4.834127426147461,-4.068821907043457,,us_full_scan_20260721_1637.xlsx
XPRO,US,technical,grade B,61.2,2026-07-21,2026-07-30,9,16.02,signal-price,-4.931342601776123,-4.166036605834961,,us_full_scan_20260721_1637.xlsx
SONO,US,technical,grade B,70.2,2026-07-21,2026-07-30,9,15.2,signal-price,-5.065786838531494,-4.300480842590332,,us_full_scan_20260721_1637.xlsx
GLL,US,technical,grade B,63.0,2026-07-21,2026-07-30,9,27.08,signal-price,-5.132937431335449,-4.367631912231445,,us_full_scan_20260721_1637.xlsx
GTY,US,technical,grade B,71.8,2026-07-21,2026-07-30,9,36.11,signal-price,-5.178618431091309,-4.413312911987305,,us_full_scan_20260721_1637.xlsx
SMHB,US,technical,grade B,70.0,2026-07-21,2026-07-30,9,4.21,signal-price,-5.225652694702148,-4.4603471755981445,,us_full_scan_20260721_1637.xlsx
EGP,US,technical,grade B,70.2,2026-07-21,2026-07-30,9,221.2,signal-price,-5.253159999847412,-4.48785400390625,,us_full_scan_20260721_1637.xlsx
WBI,US,technical,grade B,71.8,2026-07-21,2026-07-30,9,34.75,signal-price,-5.2661895751953125,-4.500884056091309,,us_full_scan_20260721_1637.xlsx
WM,US,technical,grade B,63.0,2026-07-21,2026-07-30,9,239.05,signal-price,-5.321061611175537,-4.555755615234375,,us_full_scan_20260721_1637.xlsx
BNL,US,technical,grade B,67.5,2026-07-21,2026-07-30,9,22.72,signal-price,-5.369716644287109,-4.6044111251831055,,us_full_scan_20260721_1637.xlsx
XPO,US,technical,grade B,70.0,2026-07-21,2026-07-30,9,210.61,signal-price,-5.38911247253418,-4.623806953430176,,us_full_scan_20260721_1637.xlsx
FG,US,technical,grade B,70.0,2026-07-21,2026-07-30,9,30.79,signal-price,-5.391365051269531,-4.626059532165527,,us_full_scan_20260721_1637.xlsx
S,US,technical,grade B,63.0,2026-07-21,2026-07-30,9,19.46,signal-price,-5.447065830230713,-4.681759834289551,,us_full_scan_20260721_1637.xlsx
TGLS,US,technical,grade B,64.5,2026-07-21,2026-07-30,9,46.11,signal-price,-5.465191841125488,-4.699886322021484,,us_full_scan_20260721_1637.xlsx
CURR,US,technical,grade B,63.0,2026-07-21,2026-07-30,9,3.44,signal-price,-5.523258209228516,-4.757952690124512,,us_full_scan_20260721_1637.xlsx
IIPR,US,technical,grade B,61.5,2026-07-21,2026-07-30,9,64.35,signal-price,-5.547785758972168,-4.782480239868164,,us_full_scan_20260721_1637.xlsx
ALX,US,technical,grade B,73.2,2026-07-21,2026-07-30,9,281.51,signal-price,-5.569970607757568,-4.804664611816406,,us_full_scan_20260721_1637.xlsx
NRIM,US,technical,grade B,70.2,2026-07-21,2026-07-30,9,27.89,signal-price,-5.593400955200195,-4.828095436096191,,us_full_scan_20260721_1637.xlsx
CULP,US,technical,grade B,78.0,2026-07-21,2026-07-30,9,3.75,signal-price,-5.59999942779541,-4.834693908691406,,us_full_scan_20260721_1637.xlsx
TRTX,US,technical,grade B,76.2,2026-07-21,2026-07-30,9,8.67,signal-price,-5.651670455932617,-4.886364936828613,,us_full_scan_20260721_1637.xlsx
EEFT,US,technical,grade B,63.0,2026-07-21,2026-07-30,9,81.35,signal-price,-5.752921104431152,-4.987615585327148,,us_full_scan_20260721_1637.xlsx
AMZN,US,technical,grade B,63.0,2026-07-21,2026-07-30,9,249.99,signal-price,-5.796236038208008,-5.030930519104004,,us_full_scan_20260721_1637.xlsx
EXPD,US,technical,grade B,78.8,2026-07-21,2026-07-30,9,177.37,signal-price,-5.840897560119629,-5.075592041015625,,us_full_scan_20260721_1637.xlsx
TRN,US,technical,grade B,64.5,2026-07-21,2026-07-30,9,36.45,signal-price,-5.843621253967285,-5.078315734863281,,us_full_scan_20260721_1637.xlsx
FVR,US,technical,grade B,70.0,2026-07-21,2026-07-30,9,21.54,signal-price,-5.849581718444824,-5.08427619934082,,us_full_scan_20260721_1637.xlsx
ADM,US,technical,grade B,75.0,2026-07-21,2026-07-30,9,85.67,signal-price,-5.90638542175293,-5.141079902648926,,us_full_scan_20260721_1637.xlsx
OXM,US,technical,grade B,63.0,2026-07-21,2026-07-30,9,40.69,signal-price,-5.996555328369141,-5.231249809265137,,us_full_scan_20260721_1637.xlsx
INSP,US,technical,grade A,80.0,2026-07-21,2026-07-30,9,53.27,signal-price,-6.100994110107422,-5.335688591003418,,us_full_scan_20260721_1637.xlsx
NGVT,US,technical,grade B,67.5,2026-07-21,2026-07-30,9,74.77,signal-price,-6.125444412231445,-5.360138893127441,,us_full_scan_20260721_1637.xlsx
UAA,US,technical,grade B,67.5,2026-07-21,2026-07-30,9,7.28,signal-price,-6.181323528289795,-5.416017532348633,,us_full_scan_20260721_1637.xlsx
UG,US,technical,grade A,83.0,2026-07-21,2026-07-30,9,7.7,signal-price,-6.233763694763184,-5.46845817565918,,us_full_scan_20260721_1637.xlsx
EPRT,US,technical,grade B,77.8,2026-07-21,2026-07-30,9,33.35,signal-price,-6.236875057220459,-5.471569061279297,,us_full_scan_20260721_1637.xlsx
BODI,US,technical,grade B,75.0,2026-07-21,2026-07-30,9,10.66,signal-price,-6.2851786613464355,-5.519872665405273,,us_full_scan_20260721_1637.xlsx
UA,US,technical,grade B,64.5,2026-07-21,2026-07-30,9,7.13,signal-price,-6.311363220214844,-5.54605770111084,,us_full_scan_20260721_1637.xlsx
PII,US,technical,grade B,61.5,2026-07-21,2026-07-30,9,72.8,signal-price,-6.332415580749512,-5.567110061645508,,us_full_scan_20260721_1637.xlsx
CZWI,US,technical,grade B,63.0,2026-07-21,2026-07-30,9,23.31,signal-price,-6.34920597076416,-5.583900451660156,,us_full_scan_20260721_1637.xlsx
CVEO,US,technical,grade B,73.2,2026-07-21,2026-07-30,9,34.2,signal-price,-6.403517723083496,-5.638212203979492,,us_full_scan_20260721_1637.xlsx
PCB,US,technical,grade B,76.5,2026-07-21,2026-07-30,9,29.59,signal-price,-6.488680839538574,-5.72337532043457,,us_full_scan_20260721_1637.xlsx
ONIT,US,technical,grade B,70.0,2026-07-21,2026-07-30,9,40.02,signal-price,-6.5217437744140625,-5.756438255310059,,us_full_scan_20260721_1637.xlsx
IOVA,US,technical,grade B,61.2,2026-07-21,2026-07-30,9,5.02,signal-price,-6.573700904846191,-5.8083953857421875,,us_full_scan_20260721_1637.xlsx
BWB,US,technical,grade B,70.2,2026-07-21,2026-07-30,9,21.95,signal-price,-6.605923175811768,-5.8406171798706055,,us_full_scan_20260721_1637.xlsx
GENC,US,technical,grade B,78.8,2026-07-21,2026-07-30,9,15.43,signal-price,-6.610500812530518,-5.8451948165893555,,us_full_scan_20260721_1637.xlsx
MATX,US,technical,grade B,61.2,2026-07-21,2026-07-30,9,218.41,signal-price,-6.757938861846924,-5.992632865905762,,us_full_scan_20260721_1637.xlsx
TOP,US,technical,grade A,81.0,2026-07-21,2026-07-30,9,2.24,signal-price,-6.91964054107666,-6.154335021972656,,us_full_scan_20260721_1637.xlsx
NBHC,US,technical,grade B,76.2,2026-07-21,2026-07-30,9,45.76,signal-price,-6.949293613433838,-6.183987617492676,,us_full_scan_20260721_1637.xlsx
UPS,US,technical,grade A,85.0,2026-07-21,2026-07-30,9,113.15,signal-price,-6.964212417602539,-6.198906898498535,,us_full_scan_20260721_1637.xlsx
BULL,US,technical,grade B,75.0,2026-07-21,2026-07-30,9,7.69,signal-price,-7.022106647491455,-6.256800651550293,,us_full_scan_20260721_1637.xlsx
WT,US,technical,grade B,63.0,2026-07-21,2026-07-30,9,20.24,signal-price,-7.114624977111816,-6.3493194580078125,,us_full_scan_20260721_1637.xlsx
ONEW,US,technical,grade B,73.2,2026-07-21,2026-07-30,9,13.35,signal-price,-7.1161088943481445,-6.350803375244141,,us_full_scan_20260721_1637.xlsx
IOT,US,technical,grade B,77.8,2026-07-21,2026-07-30,9,38.55,signal-price,-7.133591175079346,-6.368285179138184,,us_full_scan_20260721_1637.xlsx
UPBD,US,technical,grade B,70.0,2026-07-21,2026-07-30,9,21.69,signal-price,-7.238358497619629,-6.473052978515625,,us_full_scan_20260721_1637.xlsx
ANGX,US,technical,grade A,86.0,2026-07-21,2026-07-30,9,4.41,signal-price,-7.256227493286133,-6.490921974182129,,us_full_scan_20260721_1637.xlsx
VG,US,technical,grade A,90.0,2026-07-21,2026-07-30,9,14.29,signal-price,-7.3477983474731445,-6.582492828369141,,us_full_scan_20260721_1637.xlsx
JBHT,US,technical,grade B,70.2,2026-07-21,2026-07-30,9,290.61,signal-price,-7.3638200759887695,-6.598514556884766,,us_full_scan_20260721_1637.xlsx
NXDR,US,technical,grade B,78.0,2026-07-21,2026-07-30,9,2.43,signal-price,-7.407408714294434,-6.64210319519043,,us_full_scan_20260721_1637.xlsx
SPGI,US,technical,grade B,64.5,2026-07-21,2026-07-30,9,448.35,signal-price,-7.438385486602783,-6.673079490661621,,us_full_scan_20260721_1637.xlsx
RGS,US,technical,grade A,84.5,2026-07-21,2026-07-30,9,29.64,signal-price,-7.4561357498168945,-6.690830230712891,,us_full_scan_20260721_1637.xlsx
BWAY,US,technical,grade A,95.0,2026-07-21,2026-07-30,9,16.5,signal-price,-7.575756072998047,-6.810450553894043,,us_full_scan_20260721_1637.xlsx
AMCX,US,technical,grade B,61.5,2026-07-21,2026-07-30,9,10.52,signal-price,-7.699620723724365,-6.934314727783203,,us_full_scan_20260721_1637.xlsx
CPIX,US,technical,grade B,69.0,2026-07-21,2026-07-30,9,7.3,signal-price,-7.808220386505127,-7.042914390563965,,us_full_scan_20260721_1637.xlsx
ANDE,US,technical,grade B,70.0,2026-07-21,2026-07-30,9,77.58,signal-price,-7.811295986175537,-7.045989990234375,,us_full_scan_20260721_1637.xlsx
STAG,US,technical,grade B,71.8,2026-07-21,2026-07-30,9,41.82,signal-price,-7.843136787414551,-7.077831268310547,,us_full_scan_20260721_1637.xlsx
MSCI,US,technical,grade B,70.2,2026-07-21,2026-07-30,9,625.11,signal-price,-7.8978118896484375,-7.132506370544434,,us_full_scan_20260721_1637.xlsx
DULL,US,technical,grade B,63.0,2026-07-21,2026-07-30,9,76.84,signal-price,-7.91163444519043,-7.146328926086426,,us_full_scan_20260721_1637.xlsx
VIV,US,technical,grade B,63.0,2026-07-21,2026-07-30,9,14.03,signal-price,-8.196717262268066,-7.4314117431640625,,us_full_scan_20260721_1637.xlsx
WEAV,US,technical,grade B,71.8,2026-07-21,2026-07-30,9,7.15,signal-price,-8.251750946044922,-7.486445426940918,,us_full_scan_20260721_1637.xlsx
ODFL,US,technical,grade B,64.5,2026-07-21,2026-07-30,9,231.76,signal-price,-8.323264122009277,-7.557958602905273,,us_full_scan_20260721_1637.xlsx
SKK,US,technical,grade A,89.0,2026-07-21,2026-07-30,9,5.08,signal-price,-8.464563369750977,-7.699257850646973,,us_full_scan_20260721_1637.xlsx
BLBD,US,technical,grade A,95.0,2026-07-21,2026-07-30,9,81.5,signal-price,-8.466261863708496,-7.700956344604492,,us_full_scan_20260721_1637.xlsx
AHL-PD,US,technical,grade B,77.5,2026-07-21,2026-07-30,9,20.9,signal-price,-8.468902587890625,-7.703597068786621,,us_full_scan_20260721_1637.xlsx
CROX,US,technical,grade B,67.5,2026-07-21,2026-07-30,9,135.39,signal-price,-8.663856506347656,-7.898550987243652,,us_full_scan_20260721_1637.xlsx
FTK,US,technical,grade B,64.0,2026-07-21,2026-07-30,9,25.62,signal-price,-8.665108680725098,-7.899803161621094,,us_full_scan_20260721_1637.xlsx
VOC,US,technical,grade A,84.0,2026-07-21,2026-07-30,9,3.19,signal-price,-8.777427673339844,-8.01212215423584,,us_full_scan_20260721_1637.xlsx
BSET,US,technical,grade B,72.5,2026-07-21,2026-07-30,9,21.25,signal-price,-8.847057342529297,-8.081751823425293,,us_full_scan_20260721_1637.xlsx
MO,US,technical,grade B,75.0,2026-07-21,2026-07-30,9,74.66,signal-price,-9.000802040100098,-8.235496520996094,,us_full_scan_20260721_1637.xlsx
SOPH,US,technical,grade A,95.0,2026-07-21,2026-07-30,9,6.33,signal-price,-9.004735946655273,-8.23943042755127,,us_full_scan_20260721_1637.xlsx
EVER,US,technical,grade B,79.8,2026-07-21,2026-07-30,9,27.54,signal-price,-9.041399002075195,-8.276093482971191,,us_full_scan_20260721_1637.xlsx
VITL,US,technical,grade B,69.0,2026-07-21,2026-07-30,9,13.76,signal-price,-9.084301948547363,-8.31899642944336,,us_full_scan_20260721_1637.xlsx
DSWL,US,technical,grade B,61.5,2026-07-21,2026-07-30,9,3.57,signal-price,-9.103643417358398,-8.338337898254395,,us_full_scan_20260721_1637.xlsx
PRVA,US,technical,grade B,76.2,2026-07-21,2026-07-30,9,26.26,signal-price,-9.139376640319824,-8.37407112121582,,us_full_scan_20260721_1637.xlsx
FLWS,US,technical,grade A,80.0,2026-07-21,2026-07-30,9,4.23,signal-price,-9.219861030578613,-8.45455551147461,,us_full_scan_20260721_1637.xlsx
PLTR,US,technical,grade B,75.0,2026-07-21,2026-07-30,9,134.85,signal-price,-9.336304664611816,-8.570999145507812,,us_full_scan_20260721_1637.xlsx
COCO,US,technical,grade B,63.0,2026-07-21,2026-07-30,9,73.87,signal-price,-9.367817878723145,-8.60251235961914,,us_full_scan_20260721_1637.xlsx
IART,US,technical,grade B,70.0,2026-07-21,2026-07-30,9,18.89,signal-price,-9.37002944946289,-8.604723930358887,,us_full_scan_20260721_1637.xlsx
QNST,US,technical,grade B,60.0,2026-07-21,2026-07-30,9,17.12,signal-price,-9.462618827819824,-8.69731330871582,,us_full_scan_20260721_1637.xlsx
VSTS,US,technical,grade B,67.2,2026-07-21,2026-07-30,9,16.14,signal-price,-9.603464126586914,-8.83815860748291,,us_full_scan_20260721_1637.xlsx
SGHC,US,technical,grade A,100.0,2026-07-21,2026-07-30,9,15.58,signal-price,-9.627729415893555,-8.86242389678955,,us_full_scan_20260721_1637.xlsx
RH,US,technical,grade B,70.0,2026-07-21,2026-07-30,9,183.95,signal-price,-9.64391803741455,-8.878612518310547,,us_full_scan_20260721_1637.xlsx
WNEB,US,technical,grade B,76.2,2026-07-21,2026-07-30,9,14.49,signal-price,-9.661835670471191,-8.896530151367188,,us_full_scan_20260721_1637.xlsx
HUBG,US,technical,grade B,70.0,2026-07-21,2026-07-30,9,50.32,signal-price,-9.757548332214355,-8.992242813110352,,us_full_scan_20260721_1637.xlsx
FA,US,technical,grade B,72.5,2026-07-21,2026-07-30,9,22.3,signal-price,-10.089683532714844,-9.32437801361084,,us_full_scan_20260721_1637.xlsx
ZSL,US,technical,grade B,60.0,2026-07-21,2026-07-30,9,33.34,signal-price,-10.137975692749023,-9.37267017364502,,us_full_scan_20260721_1637.xlsx
ARCB,US,technical,grade B,64.5,2026-07-21,2026-07-30,9,158.2,signal-price,-10.199111938476562,-9.433806419372559,,us_full_scan_20260721_1637.xlsx
LITB,US,technical,grade A,88.8,2026-07-21,2026-07-30,9,3.36,signal-price,-10.21130657196045,-9.446001052856445,,us_full_scan_20260721_1637.xlsx
SKYQ,US,technical,grade A,86.0,2026-07-21,2026-07-30,9,4.74,signal-price,-10.337549209594727,-9.572243690490723,,us_full_scan_20260721_1637.xlsx
NTSK,US,technical,grade B,69.0,2026-07-21,2026-07-30,9,13.52,signal-price,-10.502958297729492,-9.737652778625488,,us_full_scan_20260721_1637.xlsx
BETA,US,technical,grade A,88.8,2026-07-21,2026-07-30,9,19.64,signal-price,-10.539716720581055,-9.77441120147705,,us_full_scan_20260721_1637.xlsx
BTMD,US,technical,grade B,69.0,2026-07-21,2026-07-30,9,2.49,signal-price,-10.843372344970703,-10.0780668258667,,us_full_scan_20260721_1637.xlsx
BCML,US,technical,grade B,63.0,2026-07-21,2026-07-30,9,33.89,signal-price,-10.858660697937012,-10.093355178833008,,us_full_scan_20260721_1637.xlsx
RHI,US,technical,grade B,79.8,2026-07-21,2026-07-30,9,41.83,signal-price,-10.97298812866211,-10.207682609558105,,us_full_scan_20260721_1637.xlsx
NABL,US,technical,grade B,75.0,2026-07-21,2026-07-30,9,4.9,signal-price,-11.020410537719727,-10.255105018615723,,us_full_scan_20260721_1637.xlsx
WTTR,US,technical,grade B,71.8,2026-07-21,2026-07-30,9,20.41,signal-price,-11.024009704589844,-10.25870418548584,,us_full_scan_20260721_1637.xlsx
CLNE,US,technical,grade B,72.5,2026-07-21,2026-07-30,9,2.17,signal-price,-11.059915542602539,-10.294610023498535,,us_full_scan_20260721_1637.xlsx
WU,US,technical,grade B,71.8,2026-07-21,2026-07-30,9,8.66,signal-price,-11.200922966003418,-10.435617446899414,,us_full_scan_20260721_1637.xlsx
TFII,US,technical,grade B,70.0,2026-07-21,2026-07-30,9,151.36,signal-price,-11.277752876281738,-10.512447357177734,,us_full_scan_20260721_1637.xlsx
TMUS,US,technical,grade B,75.0,2026-07-21,2026-07-30,9,195.64,signal-price,-11.39848804473877,-10.633182525634766,,us_full_scan_20260721_1637.xlsx
HOG,US,technical,grade A,82.8,2026-07-21,2026-07-30,9,27.82,signal-price,-11.43062686920166,-10.665321350097656,,us_full_scan_20260721_1637.xlsx
DMRA,US,technical,grade B,60.0,2026-07-21,2026-07-30,9,32.99,signal-price,-11.458026885986328,-10.692721366882324,,us_full_scan_20260721_1637.xlsx
CNSP,US,technical,grade A,80.0,2026-07-21,2026-07-30,9,5.5,signal-price,-11.818181991577148,-11.052876472473145,,us_full_scan_20260721_1637.xlsx
BMI,US,technical,grade B,78.8,2026-07-21,2026-07-30,9,148.3,signal-price,-12.076872825622559,-11.311567306518555,,us_full_scan_20260721_1637.xlsx
OPAL,US,technical,grade B,63.0,2026-07-21,2026-07-30,9,2.53,signal-price,-12.252962112426758,-11.487656593322754,,us_full_scan_20260721_1637.xlsx
AMPL,US,technical,grade B,66.0,2026-07-21,2026-07-30,9,9.83,signal-price,-12.410992622375488,-11.645687103271484,,us_full_scan_20260721_1637.xlsx
MESO,US,technical,grade A,83.8,2026-07-21,2026-07-30,9,16.63,signal-price,-12.5075101852417,-11.742204666137695,,us_full_scan_20260721_1637.xlsx
RCEL,US,technical,grade B,70.2,2026-07-21,2026-07-30,9,5.14,signal-price,-12.645917892456055,-11.88061237335205,,us_full_scan_20260721_1637.xlsx
BG,US,technical,grade B,69.0,2026-07-21,2026-07-30,9,120.49,signal-price,-12.79774284362793,-12.032437324523926,,us_full_scan_20260721_1637.xlsx
AMWL,US,technical,grade B,78.5,2026-07-21,2026-07-30,9,12.58,signal-price,-13.831478118896484,-13.06617259979248,,us_full_scan_20260721_1637.xlsx
XMTR,US,technical,grade B,77.8,2026-07-21,2026-07-30,9,100.12,signal-price,-15.19176959991455,-14.426464080810547,,us_full_scan_20260721_1637.xlsx
META,US,technical,grade B,61.5,2026-07-21,2026-07-30,9,645.85,signal-price,-16.53943634033203,-15.774130821228027,,us_full_scan_20260721_1637.xlsx
ROLR,US,technical,grade B,63.0,2026-07-21,2026-07-30,9,6.93,signal-price,-17.027414321899414,-16.262107849121094,,us_full_scan_20260721_1637.xlsx
BWEN,US,technical,grade B,64.5,2026-07-21,2026-07-30,9,4.79,signal-price,-18.580371856689453,-17.815065383911133,,us_full_scan_20260721_1637.xlsx
LSTR,US,technical,grade B,61.5,2026-07-21,2026-07-30,9,211.17,signal-price,-19.808685302734375,-19.043378829956055,,us_full_scan_20260721_1637.xlsx
BBNX,US,technical,grade B,66.0,2026-07-21,2026-07-30,9,17.82,signal-price,-19.92143440246582,-19.1561279296875,,us_full_scan_20260721_1637.xlsx
WERN,US,technical,grade B,78.0,2026-07-21,2026-07-30,9,46.31,signal-price,-20.362770080566406,-19.597463607788086,,us_full_scan_20260721_1637.xlsx
RPD,US,technical,grade B,61.2,2026-07-21,2026-07-30,9,11.95,signal-price,-20.66946029663086,-19.90415382385254,,us_full_scan_20260721_1637.xlsx
AGL,US,technical,grade B,67.2,2026-07-21,2026-07-30,9,122.1,signal-price,-20.761669158935547,-19.996362686157227,,us_full_scan_20260721_1637.xlsx
ANNA,US,technical,grade B,77.8,2026-07-21,2026-07-30,9,3.6,signal-price,-22.22222137451172,-21.4569149017334,,us_full_scan_20260721_1637.xlsx
RSI,US,technical,grade A,95.0,2026-07-21,2026-07-30,9,34.52,signal-price,-22.479724884033203,-21.714418411254883,,us_full_scan_20260721_1637.xlsx
NXDT,US,technical,grade A,88.8,2026-07-21,2026-07-30,9,5.78,signal-price,-22.837369918823242,-22.072063446044922,,us_full_scan_20260721_1637.xlsx
CVLG,US,technical,grade B,71.8,2026-07-21,2026-07-30,9,48.49,signal-price,-24.004953384399414,-23.239646911621094,,us_full_scan_20260721_1637.xlsx
CHRN,US,technical,grade B,66.0,2026-07-21,2026-07-30,9,28.89,signal-price,-27.10280418395996,-26.33749771118164,,us_full_scan_20260721_1637.xlsx
TREE,US,technical,grade B,63.8,2026-07-21,2026-07-30,9,44.13,signal-price,-28.1214656829834,-27.356159210205078,,us_full_scan_20260721_1637.xlsx
ATHR,US,technical,grade A,81.5,2026-07-21,2026-07-30,9,4.68,signal-price,-28.418804168701172,-27.65349769592285,,us_full_scan_20260721_1637.xlsx
CHRW,US,technical,grade B,76.2,2026-07-21,2026-07-30,9,205.8,signal-price,-28.610301971435547,-27.844995498657227,,us_full_scan_20260721_1637.xlsx
RXO,US,technical,grade B,61.5,2026-07-21,2026-07-30,9,28.87,signal-price,-28.74956703186035,-27.98426055908203,,us_full_scan_20260721_1637.xlsx
RBKB,US,technical,grade A,80.0,2026-07-21,2026-07-30,9,17.54,signal-price,-28.848350524902344,-28.083044052124023,,us_full_scan_20260721_1637.xlsx
LEDS,US,technical,grade B,72.5,2026-07-21,2026-07-30,9,2.75,signal-price,-29.090904235839844,-28.325597763061523,,us_full_scan_20260721_1637.xlsx
PSNYW,US,technical,grade B,75.5,2026-07-21,2026-07-30,9,3.54,signal-price,-29.94350242614746,-29.17819595336914,,us_full_scan_20260721_1637.xlsx
GORO,US,technical,grade B,75.5,2026-07-21,2026-07-30,9,3.29,signal-price,-32.21884536743164,-31.45353889465332,,us_full_scan_20260721_1637.xlsx
PHOE,US,technical,grade B,74.0,2026-07-21,2026-07-30,9,36.5,signal-price,-36.19178009033203,-35.426475524902344,,us_full_scan_20260721_1637.xlsx
REPL,US,technical,grade B,77.8,2026-07-21,2026-07-29,8,10.51,signal-price,-48.52521514892578,-47.759910583496094,,us_full_scan_20260721_1637.xlsx
CLBK,US,technical,grade A,89.0,2026-07-21,2026-07-30,9,24.5,signal-price,-55.30612564086914,-54.54082107543945,,us_full_scan_20260721_1637.xlsx
VEEE,US,technical,grade B,74.8,2026-07-21,2026-07-30,9,29.49,signal-price,-57.341468811035156,-56.57616424560547,,us_full_scan_20260721_1637.xlsx
ZYBT,US,technical,grade A,91.0,2026-07-21,2026-07-30,9,8.01,signal-price,-83.02122497558594,-82.25592041015625,,us_full_scan_20260721_1637.xlsx
FBRX,US,technical,grade B,67.5,2026-07-22,2026-07-30,8,47.49,signal-price,62.097286224365234,62.86259078979492,,us_full_scan_20260722_0914.xlsx
HURN,US,technical,grade B,70.2,2026-07-22,2026-07-30,8,112.63,signal-price,45.39643478393555,46.161739349365234,,us_full_scan_20260722_0914.xlsx
CMCO,US,technical,grade B,71.8,2026-07-22,2026-07-30,8,14.79,signal-price,39.82421112060547,40.589515686035156,,us_full_scan_20260722_1558.xlsx
SAIH,US,technical,grade A,80.0,2026-07-22,2026-07-30,8,13.4,signal-price,36.86567687988281,37.6309814453125,,us_full_scan_20260722_0914.xlsx
AVTR,US,technical,grade B,76.2,2026-07-22,2026-07-30,8,10.66,signal-price,30.01875877380371,30.78406524658203,,us_full_scan_20260722_0914.xlsx
CLW,US,technical,grade B,69.0,2026-07-22,2026-07-30,8,16.4,signal-price,28.963411331176758,29.728717803955078,,us_full_scan_20260722_0914.xlsx
MCS,US,technical,grade B,77.8,2026-07-22,2026-07-30,8,23.78,signal-price,24.852811813354492,25.618118286132812,,us_full_scan_20260722_0914.xlsx
LAD,US,technical,grade B,70.0,2026-07-22,2026-07-30,8,325.18,signal-price,24.555635452270508,25.320941925048828,,us_full_scan_20260722_0914.xlsx
CORT,US,technical,grade B,71.0,2026-07-22,2026-07-30,8,95.65,signal-price,23.70098876953125,24.46629524230957,,us_full_scan_20260722_1558.xlsx
FGNX,US,technical,grade B,63.0,2026-07-22,2026-07-30,8,6.2,signal-price,22.903228759765625,23.668535232543945,,us_full_scan_20260722_0914.xlsx
BLKB,US,technical,grade B,62.8,2026-07-22,2026-07-30,8,32.68,signal-price,22.643829345703125,23.409135818481445,,us_full_scan_20260722_0914.xlsx
PLSE,US,technical,grade B,71.8,2026-07-22,2026-07-30,8,28.96,signal-price,20.994483947753906,21.759790420532227,,us_full_scan_20260722_0914.xlsx
TAL,US,technical,grade B,61.5,2026-07-22,2026-07-30,8,10.31,signal-price,19.689619064331055,20.454925537109375,,us_full_scan_20260722_0914.xlsx
ETON,US,technical,grade B,73.5,2026-07-22,2026-07-30,8,41.07,signal-price,19.381546020507812,20.146852493286133,,us_full_scan_20260722_0914.xlsx
THRM,US,technical,grade B,67.5,2026-07-22,2026-07-30,8,35.57,signal-price,18.976665496826172,19.741971969604492,,us_full_scan_20260722_0914.xlsx
GEF-B,US,technical,grade B,70.2,2026-07-22,2026-07-30,8,92.09,signal-price,18.75339698791504,19.51870346069336,,us_full_scan_20260722_0914.xlsx
TNET,US,technical,grade B,71.0,2026-07-22,2026-07-30,8,60.69,signal-price,18.091941833496094,18.857248306274414,,us_full_scan_20260722_0914.xlsx
CAKE,US,technical,grade B,70.2,2026-07-22,2026-07-30,8,86.11,signal-price,17.651832580566406,18.417139053344727,,us_full_scan_20260722_0914.xlsx
PAY,US,technical,grade B,63.0,2026-07-22,2026-07-30,8,29.67,signal-price,17.526113510131836,18.291419982910156,,us_full_scan_20260722_0914.xlsx
OPHC,US,technical,grade B,67.5,2026-07-22,2026-07-30,8,6.01,signal-price,17.304492950439453,18.069799423217773,,us_full_scan_20260722_0914.xlsx
ASRV,US,technical,grade A,81.5,2026-07-22,2026-07-30,8,3.93,signal-price,16.284990310668945,17.050296783447266,,us_full_scan_20260722_1558.xlsx
GEF,US,technical,grade B,78.8,2026-07-22,2026-07-30,8,75.24,signal-price,16.041994094848633,16.807300567626953,,us_full_scan_20260722_0914.xlsx
ATRC,US,technical,grade B,70.2,2026-07-22,2026-07-30,8,34.77,signal-price,15.473115921020508,16.238422393798828,,us_full_scan_20260722_0914.xlsx
MANH,US,technical,grade B,69.0,2026-07-22,2026-07-30,8,165.51,signal-price,15.382766723632812,16.148073196411133,,us_full_scan_20260722_0914.xlsx
EDU,US,technical,grade B,76.2,2026-07-22,2026-07-30,8,49.24,signal-price,14.906585693359375,15.671891212463379,,us_full_scan_20260722_0914.xlsx
QUAD,US,technical,grade B,64.5,2026-07-22,2026-07-30,8,8.61,signal-price,14.750301361083984,15.515606880187988,,us_full_scan_20260722_0914.xlsx
PBF,US,technical,grade B,74.8,2026-07-22,2026-07-30,8,63.85,signal-price,14.487075805664062,15.252381324768066,,us_full_scan_20260722_0914.xlsx
HELP,US,technical,grade B,67.5,2026-07-22,2026-07-30,8,7.11,signal-price,14.48664665222168,15.251952171325684,,us_full_scan_20260722_0914.xlsx
XNCR,US,technical,grade A,80.0,2026-07-22,2026-07-30,8,18.81,signal-price,14.247739791870117,15.013045310974121,,us_full_scan_20260722_0914.xlsx
WEX,US,technical,grade B,61.5,2026-07-22,2026-07-30,8,163.49,signal-price,14.01308822631836,14.778393745422363,,us_full_scan_20260722_0914.xlsx
ESEA,US,technical,grade B,63.0,2026-07-22,2026-07-30,8,69.8,signal-price,13.739252090454102,14.504557609558105,,us_full_scan_20260722_0914.xlsx
BWFG,US,technical,grade B,76.2,2026-07-22,2026-07-30,8,59.62,signal-price,13.569271087646484,14.334576606750488,,us_full_scan_20260722_0914.xlsx
MBIN,US,technical,grade B,73.2,2026-07-22,2026-07-30,8,48.91,signal-price,13.494169235229492,14.259474754333496,,us_full_scan_20260722_0914.xlsx
MSFT,US,technical,grade B,61.5,2026-07-22,2026-07-30,8,397.75,signal-price,13.412952423095703,14.178257942199707,,us_full_scan_20260722_1558.xlsx
ADVB,US,technical,grade A,86.0,2026-07-22,2026-07-30,8,8.9,signal-price,13.25843334197998,14.023738861083984,,us_full_scan_20260722_0914.xlsx
CNK,US,technical,grade A,90.0,2026-07-22,2026-07-30,8,31.94,signal-price,13.180971145629883,13.946276664733887,,us_full_scan_20260722_0914.xlsx
PAMT,US,technical,grade A,90.0,2026-07-22,2026-07-30,8,14.69,signal-price,12.865900993347168,13.631206512451172,,us_full_scan_20260722_1558.xlsx
PAG,US,technical,grade B,70.0,2026-07-22,2026-07-30,8,195.5,signal-price,12.843990325927734,13.609295845031738,,us_full_scan_20260722_0914.xlsx
AMC,US,technical,grade A,86.0,2026-07-22,2026-07-30,8,2.46,signal-price,12.601625442504883,13.366930961608887,,us_full_scan_20260722_0914.xlsx
CIB,US,technical,grade A,80.0,2026-07-22,2026-07-30,8,83.64,signal-price,12.254905700683594,13.020211219787598,,us_full_scan_20260722_1558.xlsx
PRPL,US,technical,grade B,66.0,2026-07-22,2026-07-30,8,6.5,signal-price,11.846149444580078,12.611454963684082,,us_full_scan_20260722_1558.xlsx
GSHD,US,technical,grade B,79.8,2026-07-22,2026-07-30,8,57.23,signal-price,11.584830284118652,12.350135803222656,,us_full_scan_20260722_0914.xlsx
DNTH,US,technical,grade B,67.5,2026-07-22,2026-07-30,8,101.0,signal-price,11.524748802185059,12.290054321289062,,us_full_scan_20260722_0914.xlsx
WKC,US,technical,grade B,76.2,2026-07-22,2026-07-30,8,35.7,signal-price,11.288511276245117,12.053816795349121,,us_full_scan_20260722_0914.xlsx
DAC,US,technical,grade B,65.5,2026-07-22,2026-07-30,8,127.77,signal-price,11.191999435424805,11.957304954528809,,us_full_scan_20260722_0914.xlsx
NEU,US,technical,grade B,71.5,2026-07-22,2026-07-30,8,779.81,signal-price,11.183500289916992,11.948805809020996,,us_full_scan_20260722_0914.xlsx
SHOO,US,technical,grade B,67.0,2026-07-22,2026-07-30,8,43.05,signal-price,11.10338020324707,11.868685722351074,,us_full_scan_20260722_1558.xlsx
SCL,US,technical,grade B,77.8,2026-07-22,2026-07-30,8,58.6,signal-price,11.040962219238281,11.806267738342285,,us_full_scan_20260722_1558.xlsx
SB,US,technical,grade A,83.8,2026-07-22,2026-07-30,8,7.16,signal-price,11.033523559570312,11.798829078674316,,us_full_scan_20260722_0914.xlsx
KSS,US,technical,grade B,69.0,2026-07-22,2026-07-30,8,17.57,signal-price,10.984635353088379,11.749940872192383,,us_full_scan_20260722_0914.xlsx
ABG,US,technical,grade A,85.0,2026-07-22,2026-07-30,8,210.12,signal-price,10.955643653869629,11.720949172973633,,us_full_scan_20260722_0914.xlsx
MMSI,US,technical,grade B,63.0,2026-07-22,2026-07-30,8,75.17,signal-price,10.881996154785156,11.64730167388916,,us_full_scan_20260722_0914.xlsx
SLN,US,technical,grade B,62.8,2026-07-22,2026-07-30,8,10.49,signal-price,10.77216911315918,11.537474632263184,,us_full_scan_20260722_0914.xlsx
PARR,US,technical,grade B,60.0,2026-07-22,2026-07-30,8,77.56,signal-price,10.765862464904785,11.531167984008789,,us_full_scan_20260722_0914.xlsx
LNC,US,technical,grade B,70.0,2026-07-22,2026-07-30,8,41.61,signal-price,10.598409652709961,11.363715171813965,,us_full_scan_20260722_0914.xlsx
NUE,US,technical,grade B,61.5,2026-07-22,2026-07-30,8,233.2,signal-price,10.22299575805664,10.988301277160645,,us_full_scan_20260722_1558.xlsx
GCT,US,technical,grade B,63.0,2026-07-22,2026-07-30,8,38.37,signal-price,10.007822036743164,10.773127555847168,,us_full_scan_20260722_0914.xlsx
PRK,US,technical,grade A,84.0,2026-07-22,2026-07-30,8,188.42,signal-price,9.940552711486816,10.70585823059082,,us_full_scan_20260722_1558.xlsx
CVI,US,technical,grade B,61.5,2026-07-22,2026-07-30,8,34.66,signal-price,9.867286682128906,10.63259220123291,,us_full_scan_20260722_0914.xlsx
AZTA,US,technical,grade B,61.5,2026-07-22,2026-07-30,8,26.26,signal-price,9.67249870300293,10.437804222106934,,us_full_scan_20260722_0914.xlsx
JAKK,US,technical,grade B,63.8,2026-07-22,2026-07-30,8,24.08,signal-price,9.593021392822266,10.35832691192627,,us_full_scan_20260722_0914.xlsx
PUK,US,technical,grade B,73.2,2026-07-22,2026-07-30,8,28.27,signal-price,9.586132049560547,10.35143756866455,,us_full_scan_20260722_0914.xlsx
SOLV,US,technical,grade B,67.5,2026-07-22,2026-07-30,8,79.25,signal-price,9.55204963684082,10.317355155944824,,us_full_scan_20260722_0914.xlsx
MPB,US,technical,grade B,61.5,2026-07-22,2026-07-30,8,35.25,signal-price,9.333335876464844,10.098641395568848,,us_full_scan_20260722_0914.xlsx
ROMA,US,technical,grade B,64.5,2026-07-22,2026-07-30,8,9.09,signal-price,9.240924835205078,10.006230354309082,,us_full_scan_20260722_0914.xlsx
HBT,US,technical,grade B,71.8,2026-07-22,2026-07-30,8,32.83,signal-price,9.229362487792969,9.994668006896973,,us_full_scan_20260722_0914.xlsx
ENOV,US,technical,grade B,61.5,2026-07-22,2026-07-30,8,26.84,signal-price,9.16541862487793,9.930724143981934,,us_full_scan_20260722_0914.xlsx
HMC,US,technical,grade B,64.5,2026-07-22,2026-07-30,8,28.17,signal-price,9.052181243896484,9.817486763000488,,us_full_scan_20260722_0914.xlsx
EQNR,US,technical,grade A,84.0,2026-07-22,2026-07-30,8,37.35,signal-price,9.049534797668457,9.814840316772461,,us_full_scan_20260722_0914.xlsx
GLBE,US,technical,grade A,85.0,2026-07-22,2026-07-30,8,36.58,signal-price,8.993983268737793,9.759288787841797,,us_full_scan_20260722_0914.xlsx
BLFS,US,technical,grade B,61.5,2026-07-22,2026-07-30,8,29.09,signal-price,8.765899658203125,9.531205177307129,,us_full_scan_20260722_0914.xlsx
VOR,US,technical,grade A,86.0,2026-07-22,2026-07-30,8,20.05,signal-price,8.728181838989258,9.493487358093262,,us_full_scan_20260722_1558.xlsx
NRT,US,technical,grade A,88.8,2026-07-22,2026-07-30,8,8.16,signal-price,8.700979232788086,9.46628475189209,,us_full_scan_20260722_0914.xlsx
SNOW,US,technical,grade A,80.0,2026-07-22,2026-07-30,8,274.34,signal-price,8.66079330444336,9.426098823547363,,us_full_scan_20260722_0914.xlsx
ANL,US,technical,grade A,83.0,2026-07-22,2026-07-30,8,11.98,signal-price,8.514189720153809,9.279495239257812,,us_full_scan_20260722_0914.xlsx
HAE,US,technical,grade B,63.0,2026-07-22,2026-07-30,8,78.17,signal-price,8.507097244262695,9.2724027633667,,us_full_scan_20260722_0914.xlsx
STRT,US,technical,grade B,67.0,2026-07-22,2026-07-30,8,81.49,signal-price,8.467292785644531,9.232598304748535,,us_full_scan_20260722_0914.xlsx
AN,US,technical,grade B,63.8,2026-07-22,2026-07-30,8,197.91,signal-price,8.45838737487793,9.223692893981934,,us_full_scan_20260722_0914.xlsx
GKOS,US,technical,grade B,64.5,2026-07-22,2026-07-30,8,155.46,signal-price,8.400869369506836,9.16617488861084,,us_full_scan_20260722_0914.xlsx
RBCAA,US,technical,grade A,81.5,2026-07-22,2026-07-30,8,90.83,signal-price,8.378291130065918,9.143596649169922,,us_full_scan_20260722_0914.xlsx
ACVA,US,technical,grade B,71.8,2026-07-22,2026-07-30,8,7.41,signal-price,8.367073059082031,9.132378578186035,,us_full_scan_20260722_0914.xlsx
SMBK,US,technical,grade A,83.0,2026-07-22,2026-07-30,8,48.6,signal-price,8.333337783813477,9.09864330291748,,us_full_scan_20260722_1558.xlsx
CIX,US,technical,grade A,90.0,2026-07-22,2026-07-30,8,26.2,signal-price,8.320606231689453,9.085911750793457,,us_full_scan_20260722_1558.xlsx
GSL,US,technical,grade B,75.0,2026-07-22,2026-07-30,8,41.1,signal-price,8.199524879455566,8.96483039855957,,us_full_scan_20260722_0914.xlsx
PGEN,US,technical,grade A,80.0,2026-07-22,2026-07-30,8,5.49,signal-price,8.196723937988281,8.962029457092285,,us_full_scan_20260722_1558.xlsx
BIP,US,technical,grade B,61.5,2026-07-22,2026-07-30,8,39.18,signal-price,8.192956924438477,8.95826244354248,,us_full_scan_20260722_0914.xlsx
HSBC,US,technical,grade B,78.8,2026-07-22,2026-07-30,8,99.01,signal-price,8.160781860351562,8.926087379455566,,us_full_scan_20260722_0914.xlsx
CNMD,US,technical,grade B,71.8,2026-07-22,2026-07-30,8,43.45,signal-price,8.124279975891113,8.889585494995117,,us_full_scan_20260722_0914.xlsx
FOCL,US,technical,grade B,69.0,2026-07-22,2026-07-30,8,5.68,signal-price,8.098590850830078,8.863896369934082,,us_full_scan_20260722_1558.xlsx
CFBK,US,technical,grade B,63.0,2026-07-22,2026-07-30,8,33.15,signal-price,8.039212226867676,8.80451774597168,,us_full_scan_20260722_0914.xlsx
TNDM,US,technical,grade B,61.5,2026-07-22,2026-07-30,8,17.6,signal-price,8.011364936828613,8.776670455932617,,us_full_scan_20260722_1558.xlsx
WDS,US,technical,grade A,83.0,2026-07-22,2026-07-30,8,21.65,signal-price,7.990765571594238,8.756071090698242,,us_full_scan_20260722_0914.xlsx
LIND,US,technical,grade B,70.2,2026-07-22,2026-07-30,8,27.6,signal-price,7.934784889221191,8.700090408325195,,us_full_scan_20260722_0914.xlsx
PAYC,US,technical,grade B,68.8,2026-07-22,2026-07-30,8,149.71,signal-price,7.888579368591309,8.653884887695312,,us_full_scan_20260722_0914.xlsx
BJRI,US,technical,grade B,61.2,2026-07-22,2026-07-30,8,68.84,signal-price,7.873332500457764,8.638638496398926,,us_full_scan_20260722_0914.xlsx
BMY,US,technical,grade B,64.5,2026-07-22,2026-07-30,8,60.16,signal-price,7.8125,8.577805519104004,,us_full_scan_20260722_0914.xlsx
ANGO,US,technical,grade A,90.0,2026-07-22,2026-07-30,8,13.71,signal-price,7.73158073425293,8.496886253356934,,us_full_scan_20260722_0914.xlsx
INSW,US,technical,grade B,63.0,2026-07-22,2026-07-30,8,88.4,signal-price,7.703614234924316,8.46891975402832,,us_full_scan_20260722_0914.xlsx
SONY,US,technical,grade B,67.5,2026-07-22,2026-07-30,8,21.15,signal-price,7.659578323364258,8.424883842468262,,us_full_scan_20260722_0914.xlsx
FIVN,US,technical,grade B,63.0,2026-07-22,2026-07-30,8,25.7,signal-price,7.626450061798096,8.391756057739258,,us_full_scan_20260722_0914.xlsx
EAT,US,technical,grade B,77.8,2026-07-22,2026-07-30,8,195.01,signal-price,7.614994049072266,8.38029956817627,,us_full_scan_20260722_0914.xlsx
CRSR,US,technical,grade A,80.0,2026-07-22,2026-07-30,8,9.88,signal-price,7.591092586517334,8.356398582458496,,us_full_scan_20260722_1558.xlsx
FIVE,US,technical,grade B,67.5,2026-07-22,2026-07-30,8,203.71,signal-price,7.589221000671387,8.35452651977539,,us_full_scan_20260722_1558.xlsx
CNQ,US,technical,grade B,63.0,2026-07-22,2026-07-30,8,43.95,signal-price,7.57678747177124,8.342093467712402,,us_full_scan_20260722_0914.xlsx
SRCE,US,technical,grade B,70.2,2026-07-22,2026-07-30,8,83.43,signal-price,7.563221454620361,8.328527450561523,,us_full_scan_20260722_0914.xlsx
SFL,US,technical,grade B,62.8,2026-07-22,2026-07-30,8,11.44,signal-price,7.517492771148682,8.282798767089844,,us_full_scan_20260722_1558.xlsx
PCTY,US,technical,grade B,69.0,2026-07-22,2026-07-30,8,127.29,signal-price,7.4004292488098145,8.165735244750977,,us_full_scan_20260722_0914.xlsx
WDAY,US,technical,grade A,80.0,2026-07-22,2026-07-30,8,147.22,signal-price,7.397091388702393,8.162397384643555,,us_full_scan_20260722_0914.xlsx
ASH,US,technical,grade B,70.0,2026-07-22,2026-07-30,8,67.7,signal-price,7.385528087615967,8.150834083557129,,us_full_scan_20260722_0914.xlsx
OSBC,US,technical,grade B,70.2,2026-07-22,2026-07-30,8,23.6,signal-price,7.372879981994629,8.138185501098633,,us_full_scan_20260722_0914.xlsx
RELX,US,technical,grade B,77.8,2026-07-22,2026-07-30,8,34.1,signal-price,7.360708713531494,8.126014709472656,,us_full_scan_20260722_0914.xlsx
LPG,US,technical,grade A,80.0,2026-07-22,2026-07-30,8,43.09,signal-price,7.310283184051514,8.075589179992676,,us_full_scan_20260722_0914.xlsx
LQDA,US,technical,grade A,80.0,2026-07-22,2026-07-30,8,80.89,signal-price,7.306218147277832,8.071523666381836,,us_full_scan_20260722_1558.xlsx
WWW,US,technical,grade B,61.5,2026-07-22,2026-07-30,8,18.62,signal-price,7.303965091705322,8.069271087646484,,us_full_scan_20260722_0914.xlsx
CVE,US,technical,grade B,69.0,2026-07-22,2026-07-30,8,28.26,signal-price,7.289457321166992,8.054762840270996,,us_full_scan_20260722_0914.xlsx
ADT,US,technical,grade B,69.0,2026-07-22,2026-07-30,8,7.0,signal-price,7.285714149475098,8.051019668579102,,us_full_scan_20260722_0914.xlsx
CRAI,US,technical,grade B,69.0,2026-07-22,2026-07-30,8,171.48,signal-price,7.271981239318848,8.037286758422852,,us_full_scan_20260722_0914.xlsx
MMED,US,technical,grade B,70.2,2026-07-22,2026-07-30,8,16.92,signal-price,7.239949703216553,8.005255699157715,,us_full_scan_20260722_0914.xlsx
SU,US,technical,grade B,71.8,2026-07-22,2026-07-30,8,62.25,signal-price,7.19679594039917,7.962101936340332,,us_full_scan_20260722_0914.xlsx
ROST,US,technical,grade B,63.0,2026-07-22,2026-07-30,8,235.78,signal-price,7.1210503578186035,7.886356353759766,,us_full_scan_20260722_0914.xlsx
PINS,US,technical,grade B,67.5,2026-07-22,2026-07-30,8,22.81,signal-price,7.102155685424805,7.867461204528809,,us_full_scan_20260722_0914.xlsx
DPZ,US,technical,grade A,87.5,2026-07-22,2026-07-30,8,328.97,signal-price,7.076632976531982,7.8419389724731445,,us_full_scan_20260722_0914.xlsx
DKL,US,technical,grade B,64.0,2026-07-22,2026-07-30,8,55.25,signal-price,7.058823108673096,7.824129104614258,,us_full_scan_20260722_0914.xlsx
NUVB,US,technical,grade A,95.0,2026-07-22,2026-07-30,8,6.26,signal-price,7.028746604919434,7.7940521240234375,,us_full_scan_20260722_0914.xlsx
AGM,US,technical,grade B,70.2,2026-07-22,2026-07-30,8,206.04,signal-price,6.920993328094482,7.6862993240356445,,us_full_scan_20260722_0914.xlsx
DCBO,US,technical,grade B,73.2,2026-07-22,2026-07-30,8,19.48,signal-price,6.82750940322876,7.592815399169922,,us_full_scan_20260722_0914.xlsx
HNVR,US,technical,grade B,72.5,2026-07-22,2026-07-30,8,24.87,signal-price,6.735014915466309,7.5003204345703125,,us_full_scan_20260722_0914.xlsx
ATHM,US,technical,grade B,67.5,2026-07-22,2026-07-30,8,21.43,signal-price,6.719553470611572,7.484859466552734,,us_full_scan_20260722_0914.xlsx
ORKA,US,technical,grade B,64.2,2026-07-22,2026-07-30,8,91.71,signal-price,6.705927848815918,7.471233367919922,,us_full_scan_20260722_0914.xlsx
OII,US,technical,grade A,83.8,2026-07-22,2026-07-30,8,44.65,signal-price,6.696522235870361,7.461828231811523,,us_full_scan_20260722_1558.xlsx
RUSHA,US,technical,grade B,70.0,2026-07-22,2026-07-30,8,74.92,signal-price,6.687140464782715,7.452445983886719,,us_full_scan_20260722_0914.xlsx
SYBT,US,technical,grade B,73.2,2026-07-22,2026-07-30,8,80.8,signal-price,6.683158874511719,7.448464393615723,,us_full_scan_20260722_0914.xlsx
OVV,US,technical,grade B,71.8,2026-07-22,2026-07-30,8,57.77,signal-price,6.6643595695495605,7.429665565490723,,us_full_scan_20260722_0914.xlsx
ZTG,US,technical,grade A,91.0,2026-07-22,2026-07-30,8,3.18,signal-price,6.6037774085998535,7.369083404541016,,us_full_scan_20260722_0914.xlsx
ANTX,US,technical,grade A,83.8,2026-07-22,2026-07-30,8,5.0,signal-price,6.599998474121094,7.365303993225098,,us_full_scan_20260722_1558.xlsx
DJT,US,technical,grade B,70.2,2026-07-22,2026-07-30,8,9.74,signal-price,6.570839881896973,7.336145401000977,,us_full_scan_20260722_0914.xlsx
WPP,US,technical,grade B,67.5,2026-07-22,2026-07-30,8,19.2,signal-price,6.562495231628418,7.327800750732422,,us_full_scan_20260722_0914.xlsx
ILMN,US,technical,grade A,80.0,2026-07-22,2026-07-30,8,192.53,signal-price,6.523656845092773,7.288962364196777,,us_full_scan_20260722_1558.xlsx
DAO,US,technical,grade B,71.0,2026-07-22,2026-07-30,8,15.37,signal-price,6.506192684173584,7.271498680114746,,us_full_scan_20260722_0914.xlsx
TMP,US,technical,grade B,76.2,2026-07-22,2026-07-30,8,93.31,signal-price,6.494486331939697,7.259792327880859,,us_full_scan_20260722_0914.xlsx
TOST,US,technical,grade B,75.0,2026-07-22,2026-07-30,8,30.85,signal-price,6.482970714569092,7.248276710510254,,us_full_scan_20260722_0914.xlsx
ZGN,US,technical,grade B,69.0,2026-07-22,2026-07-30,8,13.95,signal-price,6.451618671417236,7.216924667358398,,us_full_scan_20260722_0914.xlsx
SLGL,US,technical,grade A,90.0,2026-07-22,2026-07-30,8,80.1,signal-price,6.35455846786499,7.119864463806152,,us_full_scan_20260722_0914.xlsx
EC,US,technical,grade B,69.0,2026-07-22,2026-07-30,8,16.03,signal-price,6.300687789916992,7.065993309020996,,us_full_scan_20260722_0914.xlsx
CHCO,US,technical,grade B,71.8,2026-07-22,2026-07-30,8,135.94,signal-price,6.296896934509277,7.062202453613281,,us_full_scan_20260722_0914.xlsx
WTIU,US,technical,grade B,75.0,2026-07-22,2026-07-30,8,17.68,signal-price,6.283366680145264,7.048672676086426,,us_full_scan_20260722_0914.xlsx
UAN,US,technical,grade B,69.0,2026-07-22,2026-07-30,8,120.46,signal-price,6.242740154266357,7.0080461502075195,,us_full_scan_20260722_0914.xlsx
F,US,technical,grade B,70.0,2026-07-22,2026-07-30,8,13.99,signal-price,6.21873140335083,6.984037399291992,,us_full_scan_20260722_0914.xlsx
HRB,US,technical,grade B,61.5,2026-07-22,2026-07-30,8,41.7,signal-price,6.21103048324585,6.976336479187012,,us_full_scan_20260722_0914.xlsx
ANF,US,technical,grade B,67.5,2026-07-22,2026-07-30,8,94.44,signal-price,6.1626434326171875,6.927948951721191,,us_full_scan_20260722_0914.xlsx
TXRH,US,technical,grade B,61.5,2026-07-22,2026-07-30,8,196.26,signal-price,6.093955039978027,6.859260559082031,,us_full_scan_20260722_0914.xlsx
SIG,US,technical,grade B,70.0,2026-07-22,2026-07-30,8,90.44,signal-price,6.015026569366455,6.780332565307617,,us_full_scan_20260722_0914.xlsx
GGB,US,technical,grade B,67.5,2026-07-22,2026-07-30,8,4.68,signal-price,5.982911586761475,6.748217582702637,,us_full_scan_20260722_0914.xlsx
PCAR,US,technical,grade B,78.0,2026-07-22,2026-07-30,8,126.25,signal-price,5.948507785797119,6.713813781738281,,us_full_scan_20260722_1558.xlsx
AMGN,US,technical,grade B,71.8,2026-07-22,2026-07-30,8,366.24,signal-price,5.843174457550049,6.608480453491211,,us_full_scan_20260722_1558.xlsx
HDL,US,technical,grade B,70.0,2026-07-22,2026-07-30,8,13.23,signal-price,5.820107460021973,6.585412979125977,,us_full_scan_20260722_1558.xlsx
XOM,US,technical,grade B,75.0,2026-07-22,2026-07-30,8,148.36,signal-price,5.8034539222717285,6.568759918212891,,us_full_scan_20260722_0914.xlsx
EDRY,US,technical,grade A,95.0,2026-07-22,2026-07-30,8,24.12,signal-price,5.762851238250732,6.5281572341918945,,us_full_scan_20260722_1558.xlsx
SHBI,US,technical,grade B,69.0,2026-07-22,2026-07-30,8,23.12,signal-price,5.752599239349365,6.517905235290527,,us_full_scan_20260722_1558.xlsx
MGA,US,technical,grade B,61.2,2026-07-22,2026-07-30,8,66.06,signal-price,5.737209320068359,6.502514839172363,,us_full_scan_20260722_0914.xlsx
AMRX,US,technical,grade B,67.5,2026-07-22,2026-07-30,8,17.5,signal-price,5.714285373687744,6.479591369628906,,us_full_scan_20260722_0914.xlsx
BURL,US,technical,grade A,83.8,2026-07-22,2026-07-30,8,352.14,signal-price,5.6937575340271,6.459063529968262,,us_full_scan_20260722_0914.xlsx
MSBI,US,technical,grade A,88.8,2026-07-22,2026-07-30,8,31.49,signal-price,5.684340000152588,6.44964599609375,,us_full_scan_20260722_1558.xlsx
DDL,US,technical,grade B,63.0,2026-07-22,2026-07-30,8,2.29,signal-price,5.676865577697754,6.442171096801758,,us_full_scan_20260722_0914.xlsx
NRGU,US,technical,grade B,77.8,2026-07-22,2026-07-30,8,41.4,signal-price,5.676329135894775,6.4416351318359375,,us_full_scan_20260722_0914.xlsx
CPAY,US,technical,grade B,77.8,2026-07-22,2026-07-30,8,369.28,signal-price,5.643415451049805,6.408720970153809,,us_full_scan_20260722_0914.xlsx
ADBE,US,technical,grade B,61.5,2026-07-22,2026-07-30,8,234.74,signal-price,5.606198310852051,6.371503829956055,,us_full_scan_20260722_0914.xlsx
JD,US,technical,grade B,71.8,2026-07-22,2026-07-30,8,30.6,signal-price,5.588233470916748,6.35353946685791,,us_full_scan_20260722_0914.xlsx
SJM,US,technical,grade A,88.8,2026-07-22,2026-07-30,8,115.75,signal-price,5.580997467041016,6.3463029861450195,,us_full_scan_20260722_1558.xlsx
OBK,US,technical,grade B,77.8,2026-07-22,2026-07-30,8,51.8,signal-price,5.5791497230529785,6.344455718994141,,us_full_scan_20260722_1558.xlsx
PXS,US,technical,grade B,63.0,2026-07-22,2026-07-30,8,4.49,signal-price,5.56793212890625,6.333237648010254,,us_full_scan_20260722_1558.xlsx
SLG,US,technical,grade B,70.0,2026-07-22,2026-07-30,8,50.8,signal-price,5.531501770019531,6.296807289123535,,us_full_scan_20260722_0914.xlsx
SEIC,US,technical,grade B,66.2,2026-07-22,2026-07-30,8,97.65,signal-price,5.519711971282959,6.285017967224121,,us_full_scan_20260722_1558.xlsx
PEBO,US,technical,grade A,83.0,2026-07-22,2026-07-30,8,39.39,signal-price,5.509018898010254,6.274324417114258,,us_full_scan_20260722_0914.xlsx
QCRH,US,technical,grade B,64.5,2026-07-22,2026-07-30,8,97.75,signal-price,5.473148822784424,6.238454818725586,,us_full_scan_20260722_0914.xlsx
SIF,US,technical,grade A,88.8,2026-07-22,2026-07-30,8,24.31,signal-price,5.47100305557251,6.236309051513672,,us_full_scan_20260722_1558.xlsx
GABC,US,technical,grade B,63.0,2026-07-22,2026-07-30,8,48.46,signal-price,5.468428134918213,6.233734130859375,,us_full_scan_20260722_0914.xlsx
MA,US,technical,grade A,80.0,2026-07-22,2026-07-30,8,547.44,signal-price,5.463612079620361,6.228918075561523,,us_full_scan_20260722_0914.xlsx
GPN,US,technical,grade A,84.0,2026-07-22,2026-07-30,8,82.37,signal-price,5.42672872543335,6.192034721374512,,us_full_scan_20260722_0914.xlsx
FMBH,US,technical,grade B,78.0,2026-07-22,2026-07-30,8,49.27,signal-price,5.378520488739014,6.143826484680176,,us_full_scan_20260722_0914.xlsx
BCH,US,technical,grade B,61.5,2026-07-22,2026-07-30,8,40.11,signal-price,5.335330963134766,6.1006364822387695,,us_full_scan_20260722_0914.xlsx
BLLN,US,technical,grade B,71.0,2026-07-22,2026-07-30,8,132.53,signal-price,5.327093601226807,6.092399597167969,,us_full_scan_20260722_1558.xlsx
MT,US,technical,grade B,70.0,2026-07-22,2026-07-30,8,65.85,signal-price,5.299925804138184,6.0652313232421875,,us_full_scan_20260722_0914.xlsx
FAF,US,technical,grade B,67.5,2026-07-22,2026-07-30,8,71.73,signal-price,5.297636985778809,6.0629425048828125,,us_full_scan_20260722_0914.xlsx
BP,US,technical,grade B,75.0,2026-07-22,2026-07-30,8,42.0,signal-price,5.2857160568237305,6.051021575927734,,us_full_scan_20260722_0914.xlsx
CHMG,US,technical,grade B,71.8,2026-07-22,2026-07-30,8,77.04,signal-price,5.2829742431640625,6.048279762268066,,us_full_scan_20260722_0914.xlsx
FSLY,US,technical,grade B,63.0,2026-07-22,2026-07-30,8,20.47,signal-price,5.276012420654297,6.041317939758301,,us_full_scan_20260722_0914.xlsx
ELAN,US,technical,grade B,70.0,2026-07-22,2026-07-30,8,25.14,signal-price,5.25059700012207,6.015902519226074,,us_full_scan_20260722_0914.xlsx
KFY,US,technical,grade B,61.5,2026-07-22,2026-07-30,8,78.02,signal-price,5.242252349853516,6.0075578689575195,,us_full_scan_20260722_0914.xlsx
BZ,US,technical,grade B,75.0,2026-07-22,2026-07-30,8,15.59,signal-price,5.195629596710205,5.960935592651367,,us_full_scan_20260722_0914.xlsx
MRSH,US,technical,grade A,83.8,2026-07-22,2026-07-30,8,182.1,signal-price,5.167484283447266,5.9327898025512695,,us_full_scan_20260722_0914.xlsx
IR,US,technical,grade B,76.2,2026-07-22,2026-07-30,8,80.18,signal-price,5.163383483886719,5.928689002990723,,us_full_scan_20260722_0914.xlsx
HLNE,US,technical,grade B,70.2,2026-07-22,2026-07-30,8,84.6,signal-price,5.141842365264893,5.907148361206055,,us_full_scan_20260722_0914.xlsx
ZBIO,US,technical,grade B,68.8,2026-07-22,2026-07-30,8,30.7,signal-price,5.114006996154785,5.879312515258789,,us_full_scan_20260722_0914.xlsx
PBR,US,technical,grade B,75.0,2026-07-22,2026-07-30,8,18.19,signal-price,5.112695693969727,5.8780012130737305,,us_full_scan_20260722_0914.xlsx
MUFG,US,technical,grade B,70.2,2026-07-22,2026-07-30,8,21.41,signal-price,5.09108304977417,5.856389045715332,,us_full_scan_20260722_0914.xlsx
ESQ,US,technical,grade B,71.8,2026-07-22,2026-07-30,8,123.37,signal-price,5.0701141357421875,5.835419654846191,,us_full_scan_20260722_0914.xlsx
BIPC,US,technical,grade B,61.5,2026-07-22,2026-07-30,8,40.55,signal-price,5.03082275390625,5.796128273010254,,us_full_scan_20260722_0914.xlsx
KOLD,US,technical,grade B,75.0,2026-07-22,2026-07-30,8,28.25,signal-price,5.026543140411377,5.791849136352539,,us_full_scan_20260722_0914.xlsx
SHEL,US,technical,grade B,71.8,2026-07-22,2026-07-30,8,86.2,signal-price,5.000007152557373,5.765313148498535,,us_full_scan_20260722_0914.xlsx
KMX,US,technical,grade B,70.0,2026-07-22,2026-07-30,8,55.91,signal-price,4.9901604652404785,5.755466461181641,,us_full_scan_20260722_0914.xlsx
ITGR,US,technical,grade B,69.0,2026-07-22,2026-07-30,8,96.09,signal-price,4.964101314544678,5.72940731048584,,us_full_scan_20260722_0914.xlsx
FBP,US,technical,grade B,71.8,2026-07-22,2026-07-30,8,27.43,signal-price,4.958081245422363,5.723386764526367,,us_full_scan_20260722_0914.xlsx
BXP,US,technical,grade B,64.5,2026-07-22,2026-07-30,8,68.31,signal-price,4.9187541007995605,5.684060096740723,,us_full_scan_20260722_1558.xlsx
CBL,US,technical,grade B,78.0,2026-07-22,2026-07-30,8,55.55,signal-price,4.914486408233643,5.679792404174805,,us_full_scan_20260722_0914.xlsx
SFIX,US,technical,grade B,69.0,2026-07-22,2026-07-30,8,3.91,signal-price,4.859328269958496,5.6246337890625,,us_full_scan_20260722_0914.xlsx
BJ,US,technical,grade B,63.0,2026-07-22,2026-07-30,8,93.91,signal-price,4.834413528442383,5.599719047546387,,us_full_scan_20260722_0914.xlsx
MFC,US,technical,grade B,70.0,2026-07-22,2026-07-30,8,42.5,signal-price,4.8235297203063965,5.588835716247559,,us_full_scan_20260722_0914.xlsx
ECO,US,technical,grade A,80.0,2026-07-22,2026-07-30,8,57.11,signal-price,4.815268516540527,5.580574035644531,,us_full_scan_20260722_1558.xlsx
VOD,US,technical,grade B,73.2,2026-07-22,2026-07-30,8,15.4,signal-price,4.805195331573486,5.570501327514648,,us_full_scan_20260722_0914.xlsx
MTW,US,technical,grade A,83.8,2026-07-22,2026-07-30,8,13.2,signal-price,4.7727227210998535,5.538028717041016,,us_full_scan_20260722_1558.xlsx
OILU,US,technical,grade B,75.0,2026-07-22,2026-07-30,8,41.32,signal-price,4.7676682472229,5.5329742431640625,,us_full_scan_20260722_0914.xlsx
DCO,US,technical,grade B,75.0,2026-07-22,2026-07-30,8,175.11,signal-price,4.751288890838623,5.516594886779785,,us_full_scan_20260722_1558.xlsx
DK,US,technical,grade B,79.8,2026-07-22,2026-07-30,8,64.64,signal-price,4.7493815422058105,5.514687538146973,,us_full_scan_20260722_0914.xlsx
GDDY,US,technical,grade B,75.0,2026-07-22,2026-07-30,8,94.84,signal-price,4.734289646148682,5.499595642089844,,us_full_scan_20260722_0914.xlsx
NOMD,US,technical,grade A,88.8,2026-07-22,2026-07-30,8,11.85,signal-price,4.7257304191589355,5.491036415100098,,us_full_scan_20260722_0914.xlsx
TXG,US,technical,grade B,71.0,2026-07-22,2026-07-30,8,47.2,signal-price,4.724574089050293,5.489879608154297,,us_full_scan_20260722_1558.xlsx
RS,US,technical,grade B,76.2,2026-07-22,2026-07-30,8,383.17,signal-price,4.658496379852295,5.423802375793457,,us_full_scan_20260722_0914.xlsx
BUSE,US,technical,grade A,83.8,2026-07-22,2026-07-30,8,29.89,signal-price,4.650390148162842,5.415696144104004,,us_full_scan_20260722_1558.xlsx
ADUS,US,technical,grade B,76.2,2026-07-22,2026-07-30,8,111.5,signal-price,4.645740985870361,5.411046981811523,,us_full_scan_20260722_0914.xlsx
IBCP,US,technical,grade B,71.8,2026-07-22,2026-07-30,8,36.5,signal-price,4.630136489868164,5.395442008972168,,us_full_scan_20260722_1558.xlsx
IDT,US,technical,grade B,71.8,2026-07-22,2026-07-30,8,63.04,signal-price,4.600250720977783,5.365556716918945,,us_full_scan_20260722_0914.xlsx
ALRS,US,technical,grade B,61.5,2026-07-22,2026-07-30,8,32.1,signal-price,4.548299312591553,5.313605308532715,,us_full_scan_20260722_0914.xlsx
VTRS,US,technical,grade B,70.0,2026-07-22,2026-07-30,8,16.99,signal-price,4.532074928283691,5.297380447387695,,us_full_scan_20260722_0914.xlsx
NSP,US,technical,grade B,71.0,2026-07-22,2026-07-30,8,51.7,signal-price,4.5067667961120605,5.272072792053223,,us_full_scan_20260722_0914.xlsx
CTBI,US,technical,grade B,76.5,2026-07-22,2026-07-30,8,74.72,signal-price,4.483401775360107,5.2487077713012695,,us_full_scan_20260722_0914.xlsx
FISI,US,technical,grade B,71.8,2026-07-22,2026-07-30,8,39.49,signal-price,4.482138156890869,5.247444152832031,,us_full_scan_20260722_1558.xlsx
MLKN,US,technical,grade B,64.5,2026-07-22,2026-07-30,8,21.53,signal-price,4.412436485290527,5.177742004394531,,us_full_scan_20260722_0914.xlsx
KRT,US,technical,grade B,62.8,2026-07-22,2026-07-30,8,38.53,signal-price,4.4121503829956055,5.177455902099609,,us_full_scan_20260722_0914.xlsx
LEA,US,technical,grade B,67.5,2026-07-22,2026-07-30,8,140.16,signal-price,4.40211296081543,5.167418479919434,,us_full_scan_20260722_0914.xlsx
MET,US,technical,grade B,76.2,2026-07-22,2026-07-30,8,92.99,signal-price,4.387569427490234,5.152874946594238,,us_full_scan_20260722_0914.xlsx
CASS,US,technical,grade B,61.5,2026-07-22,2026-07-30,8,53.44,signal-price,4.341316223144531,5.106621742248535,,us_full_scan_20260722_0914.xlsx
NXST,US,technical,grade B,71.8,2026-07-22,2026-07-30,8,184.45,signal-price,4.326379299163818,5.0916852951049805,,us_full_scan_20260722_0914.xlsx
CBAN,US,technical,grade B,62.8,2026-07-22,2026-07-30,8,20.85,signal-price,4.316544532775879,5.081850051879883,,us_full_scan_20260722_1558.xlsx
AEG,US,technical,grade B,70.2,2026-07-22,2026-07-30,8,9.05,signal-price,4.309380054473877,5.074686050415039,,us_full_scan_20260722_0914.xlsx
ARTV,US,technical,grade B,71.8,2026-07-22,2026-07-30,8,10.0,signal-price,4.2999982833862305,5.065303802490234,,us_full_scan_20260722_1558.xlsx
ACNB,US,technical,grade B,77.8,2026-07-22,2026-07-30,8,61.2,signal-price,4.297387599945068,5.0626935958862305,,us_full_scan_20260722_1558.xlsx
HST,US,technical,grade B,62.8,2026-07-22,2026-07-30,8,24.06,signal-price,4.280972480773926,5.04627799987793,,us_full_scan_20260722_0914.xlsx
CXM,US,technical,grade A,83.8,2026-07-22,2026-07-30,8,5.95,signal-price,4.201686382293701,4.966992378234863,,us_full_scan_20260722_0914.xlsx
PICS,US,technical,grade A,83.8,2026-07-22,2026-07-30,8,12.38,signal-price,4.200315475463867,4.965620994567871,,us_full_scan_20260722_1558.xlsx
BLK,US,technical,grade B,70.0,2026-07-22,2026-07-30,8,1054.11,signal-price,4.198801517486572,4.964107513427734,,us_full_scan_20260722_0914.xlsx
CMDB,US,technical,grade B,61.5,2026-07-22,2026-07-30,8,18.63,signal-price,4.186797142028809,4.9521026611328125,,us_full_scan_20260722_0914.xlsx
SAH,US,technical,grade B,70.0,2026-07-22,2026-07-30,8,96.34,signal-price,4.15196418762207,4.917269706726074,,us_full_scan_20260722_0914.xlsx
NHC,US,technical,grade B,70.0,2026-07-22,2026-07-30,8,219.88,signal-price,4.134070873260498,4.89937686920166,,us_full_scan_20260722_0914.xlsx
FMS,US,technical,grade B,69.0,2026-07-22,2026-07-30,8,24.68,signal-price,4.1329026222229,4.8982086181640625,,us_full_scan_20260722_1558.xlsx
FNKO,US,technical,grade B,69.0,2026-07-22,2026-07-30,8,5.81,signal-price,4.130816459655762,4.896121978759766,,us_full_scan_20260722_1558.xlsx
SCSC,US,technical,grade B,64.5,2026-07-22,2026-07-30,8,54.24,signal-price,4.129791259765625,4.895096778869629,,us_full_scan_20260722_0914.xlsx
CHE,US,technical,grade B,69.0,2026-07-22,2026-07-30,8,513.68,signal-price,4.109561443328857,4.8748674392700195,,us_full_scan_20260722_0914.xlsx
MCK,US,technical,grade B,64.5,2026-07-22,2026-07-30,8,831.46,signal-price,4.095208644866943,4.8605146408081055,,us_full_scan_20260722_0914.xlsx
BWLP,US,technical,grade B,77.8,2026-07-22,2026-07-30,8,21.49,signal-price,4.094934463500977,4.8602399826049805,,us_full_scan_20260722_1558.xlsx
SMJF,US,technical,grade A,100.0,2026-07-22,2026-07-30,8,5.38,signal-price,4.089212417602539,4.854517936706543,,us_full_scan_20260722_1558.xlsx
ARES-PB,US,technical,grade A,81.5,2026-07-22,2026-07-30,8,39.68,signal-price,4.082655906677246,4.84796142578125,,us_full_scan_20260722_0914.xlsx
PRU,US,technical,grade B,67.5,2026-07-22,2026-07-30,8,117.97,signal-price,4.0688276290893555,4.834133148193359,,us_full_scan_20260722_0914.xlsx
VIPS,US,technical,grade B,61.5,2026-07-22,2026-07-30,8,14.6,signal-price,4.041087627410889,4.806393623352051,,us_full_scan_20260722_0914.xlsx
HDLB,US,technical,grade A,83.0,2026-07-22,2026-07-30,8,17.09,signal-price,4.03745174407959,4.802757263183594,,us_full_scan_20260722_0914.xlsx
NET,US,technical,grade B,70.0,2026-07-22,2026-07-30,8,272.42,signal-price,4.0268659591674805,4.792171478271484,,us_full_scan_20260722_0914.xlsx
TRMD,US,technical,grade B,62.8,2026-07-22,2026-07-30,8,29.08,signal-price,3.9889931678771973,4.754299163818359,,us_full_scan_20260722_0914.xlsx
KKR,US,technical,grade B,63.0,2026-07-22,2026-07-30,8,97.11,signal-price,3.9851784706115723,4.750484466552734,,us_full_scan_20260722_1558.xlsx
REXR,US,technical,grade B,67.5,2026-07-22,2026-07-30,8,36.91,signal-price,3.982663154602051,4.747968673706055,,us_full_scan_20260722_0914.xlsx
CRM,US,technical,grade B,75.0,2026-07-22,2026-07-30,8,173.79,signal-price,3.9818286895751953,4.747134208679199,,us_full_scan_20260722_0914.xlsx
LTH,US,technical,grade B,70.2,2026-07-22,2026-07-30,8,42.51,signal-price,3.975546360015869,4.740852355957031,,us_full_scan_20260722_0914.xlsx
NEXN,US,technical,grade B,67.0,2026-07-22,2026-07-30,8,10.08,signal-price,3.9682507514953613,4.733556747436523,,us_full_scan_20260722_0914.xlsx
RJF,US,technical,grade B,61.5,2026-07-22,2026-07-30,8,168.32,signal-price,3.950798511505127,4.716104507446289,,us_full_scan_20260722_0914.xlsx
ENSG,US,technical,grade B,69.0,2026-07-22,2026-07-30,8,172.04,signal-price,3.9467573165893555,4.712062835693359,,us_full_scan_20260722_0914.xlsx
STRW,US,technical,grade B,63.0,2026-07-22,2026-07-30,8,14.05,signal-price,3.9145946502685547,4.679900169372559,,us_full_scan_20260722_1558.xlsx
ABT,US,technical,grade B,71.5,2026-07-22,2026-07-30,8,101.66,signal-price,3.885495662689209,4.650801658630371,,us_full_scan_20260722_0914.xlsx
MTG,US,technical,grade B,64.5,2026-07-22,2026-07-30,8,29.32,signal-price,3.8540244102478027,4.619330406188965,,us_full_scan_20260722_0914.xlsx
PFIS,US,technical,grade B,71.8,2026-07-22,2026-07-30,8,68.49,signal-price,3.82537841796875,4.590683937072754,,us_full_scan_20260722_0914.xlsx
DOCU,US,technical,grade B,63.0,2026-07-22,2026-07-30,8,52.3,signal-price,3.8049697875976562,4.57027530670166,,us_full_scan_20260722_0914.xlsx
PBT,US,technical,grade B,75.0,2026-07-22,2026-07-30,8,28.68,signal-price,3.8005590438842773,4.565864562988281,,us_full_scan_20260722_0914.xlsx
GCO,US,technical,grade B,63.0,2026-07-22,2026-07-30,8,37.19,signal-price,3.791344165802002,4.556650161743164,,us_full_scan_20260722_0914.xlsx
CHWY,US,technical,grade B,75.0,2026-07-22,2026-07-30,8,21.99,signal-price,3.774440288543701,4.539746284484863,,us_full_scan_20260722_0914.xlsx
MTUS,US,technical,grade B,70.0,2026-07-22,2026-07-30,8,19.13,signal-price,3.7114500999450684,4.4767560958862305,,us_full_scan_20260722_0914.xlsx
ONC,US,technical,grade B,73.2,2026-07-22,2026-07-30,8,310.58,signal-price,3.7027478218078613,4.468053817749023,,us_full_scan_20260722_0914.xlsx
UGP,US,technical,grade B,76.5,2026-07-22,2026-07-30,8,6.23,signal-price,3.6918163299560547,4.457121849060059,,us_full_scan_20260722_0914.xlsx
DHT,US,technical,grade B,69.0,2026-07-22,2026-07-30,8,17.89,signal-price,3.6892056465148926,4.454511642456055,,us_full_scan_20260722_0914.xlsx
FRPT,US,technical,grade A,80.0,2026-07-22,2026-07-30,8,58.62,signal-price,3.6165237426757812,4.381829261779785,,us_full_scan_20260722_1558.xlsx
NBIX,US,technical,grade A,88.8,2026-07-22,2026-07-30,8,179.05,signal-price,3.6023497581481934,4.3676557540893555,,us_full_scan_20260722_1558.xlsx
NDAQ,US,technical,grade B,63.0,2026-07-22,2026-07-30,8,91.87,signal-price,3.5811424255371094,4.346447944641113,,us_full_scan_20260722_0914.xlsx
SMFG,US,technical,grade B,70.0,2026-07-22,2026-07-30,8,24.89,signal-price,3.575742244720459,4.341048240661621,,us_full_scan_20260722_0914.xlsx
BY,US,technical,grade B,61.5,2026-07-22,2026-07-30,8,37.87,signal-price,3.5648345947265625,4.330140113830566,,us_full_scan_20260722_0914.xlsx
TRI,US,technical,grade B,71.8,2026-07-22,2026-07-30,8,95.43,signal-price,3.5628199577331543,4.328125953674316,,us_full_scan_20260722_0914.xlsx
PR,US,technical,grade B,63.0,2026-07-22,2026-07-30,8,20.28,signal-price,3.550291061401367,4.315596580505371,,us_full_scan_20260722_0914.xlsx
TGT,US,technical,grade B,64.5,2026-07-22,2026-07-30,8,139.59,signal-price,3.524601459503174,4.289907455444336,,us_full_scan_20260722_0914.xlsx
GIII,US,technical,grade B,61.5,2026-07-22,2026-07-30,8,35.45,signal-price,3.4978747367858887,4.263180732727051,,us_full_scan_20260722_0914.xlsx
CBNK,US,technical,grade B,63.0,2026-07-22,2026-07-30,8,35.78,signal-price,3.4935712814331055,4.258876800537109,,us_full_scan_20260722_1558.xlsx
REAL,US,technical,grade B,63.0,2026-07-22,2026-07-30,8,11.51,signal-price,3.4752368927001953,4.240542411804199,,us_full_scan_20260722_0914.xlsx
AMP,US,technical,grade B,64.5,2026-07-22,2026-07-30,8,526.22,signal-price,3.4662365913391113,4.231542587280273,,us_full_scan_20260722_0914.xlsx
KLC,US,technical,grade B,64.5,2026-07-22,2026-07-30,8,5.2,signal-price,3.4615397453308105,4.226845741271973,,us_full_scan_20260722_0914.xlsx
LPLA,US,technical,grade B,61.5,2026-07-22,2026-07-30,8,327.96,signal-price,3.418111801147461,4.183417320251465,,us_full_scan_20260722_0914.xlsx
PFS,US,technical,grade B,77.8,2026-07-22,2026-07-30,8,24.04,signal-price,3.410983085632324,4.176288604736328,,us_full_scan_20260722_1558.xlsx
TPC,US,technical,grade B,69.0,2026-07-22,2026-07-30,8,80.54,signal-price,3.4020304679870605,4.167336463928223,,us_full_scan_20260722_0914.xlsx
CNXN,US,technical,grade B,77.8,2026-07-22,2026-07-30,8,79.78,signal-price,3.3968448638916016,4.1621503829956055,,us_full_scan_20260722_0914.xlsx
YPF,US,technical,grade A,80.0,2026-07-22,2026-07-30,8,50.44,signal-price,3.390169143676758,4.155474662780762,,us_full_scan_20260722_0914.xlsx
ADP,US,technical,grade B,71.8,2026-07-22,2026-07-30,8,255.24,signal-price,3.3811330795288086,4.1464385986328125,,us_full_scan_20260722_0914.xlsx
BOTJ,US,technical,grade B,61.5,2026-07-22,2026-07-30,8,26.71,signal-price,3.3695340156555176,4.13484001159668,,us_full_scan_20260722_0914.xlsx
YMM,US,technical,grade B,71.8,2026-07-22,2026-07-30,8,9.25,signal-price,3.3513545989990234,4.116660118103027,,us_full_scan_20260722_0914.xlsx
CBC,US,technical,grade B,63.0,2026-07-22,2026-07-30,8,31.77,signal-price,3.336489200592041,4.101795196533203,,us_full_scan_20260722_0914.xlsx
FCF,US,technical,grade B,78.8,2026-07-22,2026-07-30,8,20.9,signal-price,3.3014416694641113,4.066747665405273,,us_full_scan_20260722_0914.xlsx
ELF,US,technical,grade A,80.0,2026-07-22,2026-07-30,8,79.65,signal-price,3.27683687210083,4.042142868041992,,us_full_scan_20260722_0914.xlsx
VRSN,US,technical,grade B,61.5,2026-07-22,2026-07-30,8,277.61,signal-price,3.2311558723449707,3.9964616298675537,,us_full_scan_20260722_0914.xlsx
LANDO,US,technical,grade A,88.8,2026-07-22,2026-07-30,8,21.11,signal-price,3.2212257385253906,3.9865314960479736,,us_full_scan_20260722_0914.xlsx
BBDO,US,technical,grade A,89.0,2026-07-22,2026-07-30,8,3.13,signal-price,3.194880485534668,3.960186243057251,,us_full_scan_20260722_0914.xlsx
BR,US,technical,grade B,63.0,2026-07-22,2026-07-30,8,150.02,signal-price,3.1662464141845703,3.9315521717071533,,us_full_scan_20260722_0914.xlsx
BBY,US,technical,grade B,64.5,2026-07-22,2026-07-30,8,85.13,signal-price,3.1598806381225586,3.9251863956451416,,us_full_scan_20260722_0914.xlsx
PACS,US,technical,grade B,75.0,2026-07-22,2026-07-30,8,45.56,signal-price,3.138720989227295,3.904026746749878,,us_full_scan_20260722_1558.xlsx
EOG,US,technical,grade A,83.8,2026-07-22,2026-07-30,8,141.09,signal-price,3.132748603820801,3.898054361343384,,us_full_scan_20260722_0914.xlsx
MMM,US,technical,grade A,83.0,2026-07-22,2026-07-30,8,170.76,signal-price,3.1096339225769043,3.8749396800994873,,us_full_scan_20260722_1558.xlsx
PDM,US,technical,grade B,70.0,2026-07-22,2026-07-30,8,9.66,signal-price,3.105592727661133,3.870898485183716,,us_full_scan_20260722_0914.xlsx
APAM,US,technical,grade B,63.0,2026-07-22,2026-07-30,8,38.47,signal-price,3.0933141708374023,3.8586199283599854,,us_full_scan_20260722_0914.xlsx
NVGS,US,technical,grade B,68.8,2026-07-22,2026-07-30,8,21.46,signal-price,3.0754923820495605,3.8407981395721436,,us_full_scan_20260722_1558.xlsx
INN-PE,US,technical,grade B,67.5,2026-07-22,2026-07-30,8,17.96,signal-price,3.0623674392700195,3.8276731967926025,,us_full_scan_20260722_0914.xlsx
CHYM,US,technical,grade B,76.5,2026-07-22,2026-07-30,8,21.93,signal-price,3.0551791191101074,3.8204848766326904,,us_full_scan_20260722_0914.xlsx
ATR,US,technical,grade B,70.0,2026-07-22,2026-07-30,8,129.91,signal-price,3.048253059387207,3.81355881690979,,us_full_scan_20260722_0914.xlsx
CHRD,US,technical,grade A,88.8,2026-07-22,2026-07-30,8,134.19,signal-price,3.0255556106567383,3.7908613681793213,,us_full_scan_20260722_1558.xlsx
EVTC,US,technical,grade B,69.0,2026-07-22,2026-07-30,8,30.68,signal-price,2.9986977577209473,3.7640035152435303,,us_full_scan_20260722_0914.xlsx
MNR,US,technical,grade B,64.5,2026-07-22,2026-07-30,8,13.09,signal-price,2.9793739318847656,3.7446796894073486,,us_full_scan_20260722_0914.xlsx
EPR,US,technical,grade B,71.8,2026-07-22,2026-07-30,8,62.17,signal-price,2.9596328735351562,3.7249386310577393,,us_full_scan_20260722_0914.xlsx
NAT,US,technical,grade A,83.8,2026-07-22,2026-07-30,8,6.47,signal-price,2.9366374015808105,3.7019431591033936,,us_full_scan_20260722_1558.xlsx
BGC,US,technical,grade B,69.0,2026-07-22,2026-07-30,8,11.35,signal-price,2.9074907302856445,3.6727964878082275,,us_full_scan_20260722_1558.xlsx
MSGE,US,technical,grade B,77.8,2026-07-22,2026-07-30,8,76.64,signal-price,2.8966665267944336,3.6619722843170166,,us_full_scan_20260722_0914.xlsx
COP,US,technical,grade B,75.0,2026-07-22,2026-07-30,8,115.68,signal-price,2.8959155082702637,3.6612212657928467,,us_full_scan_20260722_0914.xlsx
BIP-PB,US,technical,grade B,63.0,2026-07-22,2026-07-30,8,16.38,signal-price,2.8693556785583496,3.6346614360809326,,us_full_scan_20260722_0914.xlsx
GIC,US,technical,grade B,64.5,2026-07-22,2026-07-30,8,34.23,signal-price,2.862989902496338,3.628295660018921,,us_full_scan_20260722_0914.xlsx
SSB,US,technical,grade B,64.5,2026-07-22,2026-07-30,8,102.35,signal-price,2.843189239501953,3.608494997024536,,us_full_scan_20260722_0914.xlsx
ATLO,US,technical,grade B,75.0,2026-07-22,2026-07-30,8,29.55,signal-price,2.8426408767700195,3.6079466342926025,,us_full_scan_20260722_0914.xlsx
CZFS,US,technical,grade A,95.0,2026-07-22,2026-07-30,8,74.29,signal-price,2.813291549682617,3.5785973072052,,us_full_scan_20260722_1558.xlsx
EPR-PC,US,technical,grade A,100.0,2026-07-22,2026-07-30,8,27.39,signal-price,2.8112411499023438,3.5765469074249268,,us_full_scan_20260722_0914.xlsx
ARDT,US,technical,grade A,82.5,2026-07-22,2026-07-30,8,10.44,signal-price,2.7777791023254395,3.5430848598480225,,us_full_scan_20260722_0914.xlsx
LARK,US,technical,grade B,76.2,2026-07-22,2026-07-30,8,31.01,signal-price,2.77329683303833,3.538602590560913,,us_full_scan_20260722_1558.xlsx
INN-PF,US,technical,grade B,70.0,2026-07-22,2026-07-30,8,16.95,signal-price,2.772855758666992,3.538161516189575,,us_full_scan_20260722_0914.xlsx
SBCF,US,technical,grade B,77.8,2026-07-22,2026-07-30,8,33.65,signal-price,2.7340173721313477,3.4993231296539307,,us_full_scan_20260722_1558.xlsx
PAGS,US,technical,grade B,77.5,2026-07-22,2026-07-30,8,9.58,signal-price,2.7139902114868164,3.4792959690093994,,us_full_scan_20260722_1558.xlsx
EVCM,US,technical,grade B,73.2,2026-07-22,2026-07-30,8,11.82,signal-price,2.7072787284851074,3.4725844860076904,,us_full_scan_20260722_0914.xlsx
GWRE,US,technical,grade B,63.0,2026-07-22,2026-07-30,8,149.19,signal-price,2.694559097290039,3.459864854812622,,us_full_scan_20260722_0914.xlsx
GPRE,US,technical,grade B,78.8,2026-07-22,2026-07-30,8,16.83,signal-price,2.673804759979248,3.439110517501831,,us_full_scan_20260722_0914.xlsx
CAG,US,technical,grade A,83.8,2026-07-22,2026-07-30,8,14.64,signal-price,2.6639342308044434,3.4292399883270264,,us_full_scan_20260722_0914.xlsx
AFL,US,technical,grade B,67.5,2026-07-22,2026-07-30,8,124.08,signal-price,2.643454074859619,3.408759832382202,,us_full_scan_20260722_0914.xlsx
SLF,US,technical,grade B,67.5,2026-07-22,2026-07-30,8,80.65,signal-price,2.628636360168457,3.39394211769104,,us_full_scan_20260722_0914.xlsx
RLJ,US,technical,grade B,75.0,2026-07-22,2026-07-30,8,12.0,signal-price,2.58333683013916,3.348642587661743,,us_full_scan_20260722_0914.xlsx
WSBC,US,technical,grade B,73.2,2026-07-22,2026-07-30,8,40.53,signal-price,2.5660037994384766,3.3313095569610596,,us_full_scan_20260722_0914.xlsx
RHP,US,technical,grade B,69.0,2026-07-22,2026-07-30,8,129.96,signal-price,2.5315403938293457,3.2968461513519287,,us_full_scan_20260722_1558.xlsx
PAGP,US,technical,grade B,69.0,2026-07-22,2026-07-30,8,25.93,signal-price,2.5260210037231445,3.2913267612457275,,us_full_scan_20260722_0914.xlsx
IOSP,US,technical,grade B,61.5,2026-07-22,2026-07-30,8,83.95,signal-price,2.525317668914795,3.290623426437378,,us_full_scan_20260722_0914.xlsx
PB,US,technical,grade B,67.5,2026-07-22,2026-07-30,8,72.98,signal-price,2.521228790283203,3.286534547805786,,us_full_scan_20260722_0914.xlsx
HIW,US,technical,grade B,76.2,2026-07-22,2026-07-30,8,32.97,signal-price,2.5174379348754883,3.2827436923980713,,us_full_scan_20260722_0914.xlsx
UBSI,US,technical,grade B,76.2,2026-07-22,2026-07-30,8,47.18,signal-price,2.501058578491211,3.266364336013794,,us_full_scan_20260722_0914.xlsx
HOMB,US,technical,grade B,76.2,2026-07-22,2026-07-30,8,30.4,signal-price,2.499997615814209,3.265303373336792,,us_full_scan_20260722_0914.xlsx
CTAS,US,technical,grade B,73.2,2026-07-22,2026-07-30,8,201.8,signal-price,2.4727463722229004,3.2380521297454834,,us_full_scan_20260722_0914.xlsx
MUR,US,technical,grade B,75.0,2026-07-22,2026-07-30,8,37.3,signal-price,2.4396777153015137,3.2049834728240967,,us_full_scan_20260722_1558.xlsx
PBR-A,US,technical,grade B,75.0,2026-07-22,2026-07-30,8,16.45,signal-price,2.431607246398926,3.196913003921509,,us_full_scan_20260722_1558.xlsx
EPR-PE,US,technical,grade A,90.0,2026-07-22,2026-07-30,8,32.5,signal-price,2.4307727813720703,3.1960785388946533,,us_full_scan_20260722_0914.xlsx
AHRT-PA,US,technical,grade A,82.8,2026-07-22,2026-07-30,8,22.02,signal-price,2.406895160675049,3.172200918197632,,us_full_scan_20260722_1558.xlsx
ESTC,US,technical,grade A,80.0,2026-07-22,2026-07-30,8,62.74,signal-price,2.406752109527588,3.172057867050171,,us_full_scan_20260722_0914.xlsx
ALRM,US,technical,grade B,61.5,2026-07-22,2026-07-30,8,52.95,signal-price,2.3984909057617188,3.1637966632843018,,us_full_scan_20260722_0914.xlsx
CPER,US,technical,grade B,69.0,2026-07-22,2026-07-30,8,38.42,signal-price,2.394592761993408,3.159898519515991,,us_full_scan_20260722_0914.xlsx
TNK,US,technical,grade A,88.8,2026-07-22,2026-07-30,8,75.56,signal-price,2.382218837738037,3.14752459526062,,us_full_scan_20260722_1558.xlsx
ACT,US,technical,grade B,76.5,2026-07-22,2026-07-30,8,46.39,signal-price,2.371203899383545,3.136509656906128,,us_full_scan_20260722_0914.xlsx
WK,US,technical,grade B,62.8,2026-07-22,2026-07-30,8,57.19,signal-price,2.36055850982666,3.125864267349243,,us_full_scan_20260722_0914.xlsx
FNF,US,technical,grade B,66.2,2026-07-22,2026-07-30,8,50.86,signal-price,2.3594141006469727,3.1247198581695557,,us_full_scan_20260722_0914.xlsx
HOPE,US,technical,grade B,75.0,2026-07-22,2026-07-30,8,13.71,signal-price,2.3340582847595215,3.0993640422821045,,us_full_scan_20260722_1558.xlsx
FBIZ,US,technical,grade A,81.5,2026-07-22,2026-07-30,8,65.74,signal-price,2.312147617340088,3.077453374862671,,us_full_scan_20260722_0914.xlsx
FANG,US,technical,grade B,75.0,2026-07-22,2026-07-30,8,195.38,signal-price,2.2469043731689453,3.0122101306915283,,us_full_scan_20260722_0914.xlsx
DINO,US,technical,grade B,74.8,2026-07-22,2026-07-30,8,90.41,signal-price,2.245330810546875,3.010636568069458,,us_full_scan_20260722_0914.xlsx
OOMA,US,technical,grade A,83.8,2026-07-22,2026-07-30,8,20.97,signal-price,2.2413015365600586,3.0066072940826416,,us_full_scan_20260722_0914.xlsx
CLH,US,technical,grade B,64.5,2026-07-22,2026-07-30,8,310.22,signal-price,2.233898639678955,2.999204397201538,,us_full_scan_20260722_0914.xlsx
DG,US,technical,grade B,64.5,2026-07-22,2026-07-30,8,124.75,signal-price,2.204406261444092,2.969712018966675,,us_full_scan_20260722_0914.xlsx
SUNC,US,technical,grade B,63.0,2026-07-22,2026-07-30,8,74.58,signal-price,2.1989822387695312,2.9642879962921143,,us_full_scan_20260722_0914.xlsx
AAMI,US,technical,grade B,67.5,2026-07-22,2026-07-30,8,82.15,signal-price,2.1911025047302246,2.9564082622528076,,us_full_scan_20260722_0914.xlsx
PESI,US,technical,grade B,78.5,2026-07-22,2026-07-30,8,16.47,signal-price,2.185797691345215,2.951103448867798,,us_full_scan_20260722_0914.xlsx
FUND,US,technical,grade A,85.0,2026-07-22,2026-07-30,8,9.79,signal-price,2.145051956176758,2.910357713699341,,us_full_scan_20260722_1558.xlsx
HQY,US,technical,grade B,69.0,2026-07-22,2026-07-30,8,98.88,signal-price,2.1339058876037598,2.8992116451263428,,us_full_scan_20260722_0914.xlsx
ASBP,US,technical,grade B,60.0,2026-07-22,2026-07-30,8,6.58,signal-price,2.127659320831299,2.892965078353882,,us_full_scan_20260722_0914.xlsx
AMJB,US,technical,grade A,80.0,2026-07-22,2026-07-30,8,36.27,signal-price,2.122962474822998,2.888268232345581,,us_full_scan_20260722_0914.xlsx
PAA,US,technical,grade A,83.8,2026-07-22,2026-07-30,8,24.31,signal-price,2.097904682159424,2.863210439682007,,us_full_scan_20260722_0914.xlsx
AAPL,US,technical,grade B,63.8,2026-07-22,2026-07-30,8,326.59,signal-price,2.0943641662597656,2.8596699237823486,,us_full_scan_20260722_0914.xlsx
XRAY,US,technical,grade B,70.0,2026-07-22,2026-07-30,8,13.46,signal-price,2.080237865447998,2.845543622970581,,us_full_scan_20260722_0914.xlsx
LZ,US,technical,grade B,63.0,2026-07-22,2026-07-30,8,7.7,signal-price,2.077925205230713,2.843230962753296,,us_full_scan_20260722_0914.xlsx
NWSA,US,technical,grade B,63.8,2026-07-22,2026-07-30,8,27.53,signal-price,2.034139633178711,2.799445390701294,,us_full_scan_20260722_1558.xlsx
TRV,US,technical,grade B,78.0,2026-07-22,2026-07-30,8,368.5,signal-price,2.0325660705566406,2.7978718280792236,,us_full_scan_20260722_0914.xlsx
KHC,US,technical,grade B,61.5,2026-07-22,2026-07-30,8,25.86,signal-price,2.010822296142578,2.776128053665161,,us_full_scan_20260722_0914.xlsx
PCG,US,technical,grade B,63.0,2026-07-22,2026-07-30,8,17.43,signal-price,2.00803279876709,2.773338556289673,,us_full_scan_20260722_0914.xlsx
WES,US,technical,grade B,75.0,2026-07-22,2026-07-30,8,46.61,signal-price,1.95237398147583,2.717679738998413,,us_full_scan_20260722_0914.xlsx
CLDT-PA,US,technical,grade A,88.8,2026-07-22,2026-07-30,8,20.11,signal-price,1.9393324851989746,2.7046382427215576,,us_full_scan_20260722_0914.xlsx
RPID,US,technical,grade B,70.2,2026-07-22,2026-07-30,8,2.07,signal-price,1.932370662689209,2.697676420211792,,us_full_scan_20260722_0914.xlsx
PMTS,US,technical,grade A,80.0,2026-07-22,2026-07-30,8,20.19,signal-price,1.9316434860229492,2.6969492435455322,,us_full_scan_20260722_1558.xlsx
EIX,US,technical,grade B,64.5,2026-07-22,2026-07-30,8,77.25,signal-price,1.9158601760864258,2.681165933609009,,us_full_scan_20260722_0914.xlsx
IGA,US,technical,grade B,76.2,2026-07-22,2026-07-30,8,9.98,signal-price,1.9038081169128418,2.669113874435425,,us_full_scan_20260722_0914.xlsx
FRSH,US,technical,grade B,77.8,2026-07-22,2026-07-30,8,11.05,signal-price,1.9004583358764648,2.665764093399048,,us_full_scan_20260722_0914.xlsx
NMIH,US,technical,grade B,67.5,2026-07-22,2026-07-30,8,42.63,signal-price,1.9000649452209473,2.6653707027435303,,us_full_scan_20260722_0914.xlsx
GBLI,US,technical,grade B,70.0,2026-07-22,2026-07-30,8,27.0,signal-price,1.8444418907165527,2.6097476482391357,,us_full_scan_20260722_0914.xlsx
HBNC,US,technical,grade B,76.5,2026-07-22,2026-07-30,8,20.21,signal-price,1.8307805061340332,2.596086263656616,,us_full_scan_20260722_0914.xlsx
NMR,US,technical,grade B,64.5,2026-07-22,2026-07-30,8,9.39,signal-price,1.8104314804077148,2.575737237930298,,us_full_scan_20260722_0914.xlsx
MSGS,US,technical,grade B,61.5,2026-07-22,2026-07-30,8,397.96,signal-price,1.7815828323364258,2.546888589859009,,us_full_scan_20260722_0914.xlsx
CF,US,technical,grade B,75.0,2026-07-22,2026-07-30,8,123.57,signal-price,1.7803668975830078,2.545672655105591,,us_full_scan_20260722_0914.xlsx
INN,US,technical,grade B,75.0,2026-07-22,2026-07-30,8,6.78,signal-price,1.7699122428894043,2.5352180004119873,,us_full_scan_20260722_0914.xlsx
NWBI,US,technical,grade B,64.5,2026-07-22,2026-07-30,8,15.42,signal-price,1.7509698867797852,2.516275644302368,,us_full_scan_20260722_0914.xlsx
BPOP,US,technical,grade B,61.5,2026-07-22,2026-07-30,8,172.12,signal-price,1.7487883567810059,2.514094114303589,,us_full_scan_20260722_0914.xlsx
EVT,US,technical,grade B,75.0,2026-07-22,2026-07-30,8,27.59,signal-price,1.7397642135620117,2.5050699710845947,,us_full_scan_20260722_1558.xlsx
JOUT,US,technical,grade B,64.5,2026-07-22,2026-07-30,8,46.26,signal-price,1.7293572425842285,2.4946630001068115,,us_full_scan_20260722_0914.xlsx
AEBI,US,technical,grade B,75.2,2026-07-22,2026-07-30,8,12.75,signal-price,1.7254948616027832,2.490800619125366,,us_full_scan_20260722_0914.xlsx
VOYA,US,technical,grade B,70.0,2026-07-22,2026-07-30,8,98.61,signal-price,1.6833901405334473,2.4486958980560303,,us_full_scan_20260722_0914.xlsx
OHI,US,technical,grade B,67.5,2026-07-22,2026-07-30,8,49.58,signal-price,1.653897762298584,2.419203519821167,,us_full_scan_20260722_0914.xlsx
KNSL,US,technical,grade B,77.8,2026-07-22,2026-07-30,8,350.13,signal-price,1.639389991760254,2.404695749282837,,us_full_scan_20260722_0914.xlsx
JAZZ,US,technical,grade A,80.0,2026-07-22,2026-07-30,8,254.22,signal-price,1.6363739967346191,2.401679754257202,,us_full_scan_20260722_1558.xlsx
TASK,US,technical,grade B,63.0,2026-07-22,2026-07-30,8,5.82,signal-price,1.6322970390319824,2.3976027965545654,,us_full_scan_20260722_0914.xlsx
RGT,US,technical,grade A,80.0,2026-07-22,2026-07-30,8,14.81,signal-price,1.6205191612243652,2.3858249187469482,,us_full_scan_20260722_1558.xlsx
NFG,US,technical,grade B,63.0,2026-07-22,2026-07-30,8,81.16,signal-price,1.6140937805175781,2.379399538040161,,us_full_scan_20260722_0914.xlsx
PCG-PX,US,technical,grade B,61.5,2026-07-22,2026-07-30,8,42.76,signal-price,1.6136646270751953,2.3789703845977783,,us_full_scan_20260722_0914.xlsx
MOS,US,technical,grade B,63.0,2026-07-22,2026-07-30,8,22.41,signal-price,1.606428623199463,2.371734380722046,,us_full_scan_20260722_0914.xlsx
KEY-PK,US,technical,grade A,83.8,2026-07-22,2026-07-30,8,21.27,signal-price,1.598501205444336,2.363806962966919,,us_full_scan_20260722_0914.xlsx
ABBV,US,technical,grade B,63.0,2026-07-22,2026-07-30,8,253.38,signal-price,1.5904903411865234,2.3557960987091064,,us_full_scan_20260722_0914.xlsx
DBO,US,technical,grade B,75.0,2026-07-22,2026-07-30,8,20.87,signal-price,1.5812158584594727,2.3465216159820557,,us_full_scan_20260722_0914.xlsx
V,US,technical,grade B,75.0,2026-07-22,2026-07-30,8,360.57,signal-price,1.580822467803955,2.346128225326538,,us_full_scan_20260722_0914.xlsx
USO,US,technical,grade A,83.8,2026-07-22,2026-07-30,8,125.51,signal-price,1.5695929527282715,2.3348987102508545,,us_full_scan_20260722_0914.xlsx
TRST,US,technical,grade B,65.2,2026-07-22,2026-07-30,8,55.7,signal-price,1.5439867973327637,2.3092925548553467,,us_full_scan_20260722_1558.xlsx
PAM,US,technical,grade A,88.8,2026-07-22,2026-07-30,8,87.35,signal-price,1.5340685844421387,2.2993743419647217,,us_full_scan_20260722_1558.xlsx
BL,US,technical,grade B,61.5,2026-07-22,2026-07-30,8,30.2,signal-price,1.5231728553771973,2.2884786128997803,,us_full_scan_20260722_0914.xlsx
NIC,US,technical,grade B,70.0,2026-07-22,2026-07-30,8,167.02,signal-price,1.5147924423217773,2.2800981998443604,,us_full_scan_20260722_0914.xlsx
WB,US,technical,grade B,63.0,2026-07-22,2026-07-30,8,8.0,signal-price,1.4999985694885254,2.2653043270111084,,us_full_scan_20260722_1558.xlsx
GATX,US,technical,grade B,61.5,2026-07-22,2026-07-30,8,179.05,signal-price,1.4800310134887695,2.2453367710113525,,us_full_scan_20260722_1558.xlsx
PYPL,US,technical,grade B,69.0,2026-07-22,2026-07-30,8,56.82,signal-price,1.4607548713684082,2.226060628890991,,us_full_scan_20260722_0914.xlsx
SUN,US,technical,grade A,90.0,2026-07-22,2026-07-30,8,74.88,signal-price,1.4556646347045898,2.220970392227173,,us_full_scan_20260722_0914.xlsx
CTRN,US,technical,grade B,60.0,2026-07-22,2026-07-30,8,66.83,signal-price,1.4514446258544922,2.216750383377075,,us_full_scan_20260722_1558.xlsx
ACIW,US,technical,grade B,72.5,2026-07-22,2026-07-30,8,56.87,signal-price,1.4418840408325195,2.2071897983551025,,us_full_scan_20260722_0914.xlsx
IGD,US,technical,grade B,68.8,2026-07-22,2026-07-30,8,6.39,signal-price,1.4084577560424805,2.1737635135650635,,us_full_scan_20260722_1558.xlsx
ETHB,US,technical,grade B,69.0,2026-07-22,2026-07-30,8,24.43,signal-price,1.3917326927185059,2.157038450241089,,us_full_scan_20260722_0914.xlsx
OXY,US,technical,grade B,75.0,2026-07-22,2026-07-30,8,55.19,signal-price,1.3770699501037598,2.1423757076263428,,us_full_scan_20260722_0914.xlsx
CVX,US,technical,grade A,80.0,2026-07-22,2026-07-30,8,189.71,signal-price,1.3705134391784668,2.13581919670105,,us_full_scan_20260722_0914.xlsx
CRBG,US,technical,grade B,63.0,2026-07-22,2026-07-30,8,31.54,signal-price,1.331639289855957,2.09694504737854,,us_full_scan_20260722_1558.xlsx
ETHW,US,technical,grade B,77.8,2026-07-22,2026-07-30,8,13.58,signal-price,1.3254761695861816,2.0907819271087646,,us_full_scan_20260722_0914.xlsx
HR,US,technical,grade B,64.0,2026-07-22,2026-07-30,8,21.25,signal-price,1.3176560401916504,2.0829617977142334,,us_full_scan_20260722_0914.xlsx
ETHE,US,technical,grade B,69.0,2026-07-22,2026-07-30,8,15.32,signal-price,1.3054847717285156,2.0707905292510986,,us_full_scan_20260722_0914.xlsx
BGR,US,technical,grade A,80.0,2026-07-22,2026-07-30,8,16.16,signal-price,1.2995123863220215,2.0648181438446045,,us_full_scan_20260722_0914.xlsx
CIVB,US,technical,grade B,64.0,2026-07-22,2026-07-30,8,28.53,signal-price,1.2968778610229492,2.0621836185455322,,us_full_scan_20260722_0914.xlsx
MAAS,US,technical,grade B,67.2,2026-07-22,2026-07-30,8,17.93,signal-price,1.2827634811401367,2.0480692386627197,,us_full_scan_20260722_0914.xlsx
IGR,US,technical,grade B,64.5,2026-07-22,2026-07-30,8,4.68,signal-price,1.282048225402832,2.047353982925415,,us_full_scan_20260722_0914.xlsx
ETH,US,technical,grade B,69.0,2026-07-22,2026-07-30,8,18.09,signal-price,1.2714147567749023,2.0367205142974854,,us_full_scan_20260722_0914.xlsx
LCNB,US,technical,grade A,89.0,2026-07-22,2026-07-30,8,19.81,signal-price,1.2619853019714355,2.0272910594940186,,us_full_scan_20260722_0914.xlsx
ETHA,US,technical,grade B,77.8,2026-07-22,2026-07-30,8,14.33,signal-price,1.256108283996582,2.021414041519165,,us_full_scan_20260722_0914.xlsx
DRH,US,technical,grade A,90.0,2026-07-22,2026-07-30,8,12.75,signal-price,1.2549042701721191,2.020210027694702,,us_full_scan_20260722_0914.xlsx
UHAL-B,US,technical,grade B,64.5,2026-07-22,2026-07-30,8,62.07,signal-price,1.24053955078125,2.005845308303833,,us_full_scan_20260722_0914.xlsx
CUBB,US,technical,grade B,70.0,2026-07-22,2026-07-30,8,22.0,signal-price,1.2368202209472656,2.0021259784698486,,us_full_scan_20260722_0914.xlsx
TFC,US,technical,grade A,83.8,2026-07-22,2026-07-30,8,51.38,signal-price,1.2261509895324707,1.9914567470550537,,us_full_scan_20260722_1558.xlsx
URBN,US,technical,grade B,73.2,2026-07-22,2026-07-30,8,74.83,signal-price,1.2160897254943848,1.9813954830169678,,us_full_scan_20260722_0914.xlsx
CUZ,US,technical,grade B,64.5,2026-07-22,2026-07-30,8,31.55,signal-price,1.2044429779052734,1.9697487354278564,,us_full_scan_20260722_0914.xlsx
MQ,US,technical,grade B,65.5,2026-07-22,2026-07-30,8,17.44,signal-price,1.2041211128234863,1.9694268703460693,,us_full_scan_20260722_1558.xlsx
PEO,US,technical,grade A,88.8,2026-07-22,2026-07-30,8,26.68,signal-price,1.1994004249572754,1.9647061824798584,,us_full_scan_20260722_0914.xlsx
TAK,US,technical,grade B,79.5,2026-07-22,2026-07-30,8,17.05,signal-price,1.1730194091796875,1.9383251667022705,,us_full_scan_20260722_0914.xlsx
AIT,US,technical,grade B,70.0,2026-07-22,2026-07-30,8,335.94,signal-price,1.1638998985290527,1.9292056560516357,,us_full_scan_20260722_0914.xlsx
MLPR,US,technical,grade B,70.0,2026-07-22,2026-07-30,8,73.48,signal-price,1.1622190475463867,1.9275248050689697,,us_full_scan_20260722_0914.xlsx
NBTB,US,technical,grade B,70.2,2026-07-22,2026-07-30,8,52.33,signal-price,1.1465668678283691,1.9118726253509521,,us_full_scan_20260722_0914.xlsx
CLBR-UN,US,technical,grade B,70.0,2026-07-22,2026-07-29,7,10.56,signal-price,1.1363625526428223,1.9016683101654053,,us_full_scan_20260722_0914.xlsx
IBEX,US,technical,grade B,73.2,2026-07-22,2026-07-30,8,35.07,signal-price,1.1263251304626465,1.8916308879852295,,us_full_scan_20260722_0914.xlsx
SM,US,technical,grade B,63.0,2026-07-22,2026-07-30,8,31.28,signal-price,1.118922233581543,1.884227991104126,,us_full_scan_20260722_0914.xlsx
UNF,US,technical,grade B,61.5,2026-07-22,2026-07-30,8,290.38,signal-price,1.1088967323303223,1.8742024898529053,,us_full_scan_20260722_0914.xlsx
AJG,US,technical,grade B,68.8,2026-07-22,2026-07-30,8,253.66,signal-price,1.103830337524414,1.869136095046997,,us_full_scan_20260722_0914.xlsx
KVYO,US,technical,grade B,75.0,2026-07-22,2026-07-30,8,18.15,signal-price,1.1019349098205566,1.8672406673431396,,us_full_scan_20260722_0914.xlsx
YEXT,US,technical,grade B,69.0,2026-07-22,2026-07-30,8,5.45,signal-price,1.100921630859375,1.866227388381958,,us_full_scan_20260722_0914.xlsx
CRCT,US,technical,grade B,61.5,2026-07-22,2026-07-30,8,4.6,signal-price,1.0869622230529785,1.8522679805755615,,us_full_scan_20260722_0914.xlsx
SXC,US,technical,grade B,64.5,2026-07-22,2026-07-30,8,8.36,signal-price,1.0765552520751953,1.8418610095977783,,us_full_scan_20260722_0914.xlsx
DBE,US,technical,grade B,75.0,2026-07-22,2026-07-30,8,30.57,signal-price,1.0467767715454102,1.8120825290679932,,us_full_scan_20260722_0914.xlsx
VNO,US,technical,grade B,67.5,2026-07-22,2026-07-30,8,39.74,signal-price,1.0317087173461914,1.7970144748687744,,us_full_scan_20260722_0914.xlsx
KEY-PJ,US,technical,grade B,69.0,2026-07-22,2026-07-30,8,21.34,signal-price,1.0309219360351562,1.7962276935577393,,us_full_scan_20260722_0914.xlsx
RPRX,US,technical,grade A,88.8,2026-07-22,2026-07-30,8,58.42,signal-price,1.0270476341247559,1.7923533916473389,,us_full_scan_20260722_1558.xlsx
BTO,US,technical,grade B,63.0,2026-07-22,2026-07-30,8,40.28,signal-price,1.0178804397583008,1.7831861972808838,,us_full_scan_20260722_0914.xlsx
SPFI,US,technical,grade A,87.5,2026-07-22,2026-07-30,8,44.23,signal-price,1.0174155235290527,1.7827212810516357,,us_full_scan_20260722_0914.xlsx
GSG,US,technical,grade B,69.0,2026-07-22,2026-07-30,8,31.63,signal-price,1.0117053985595703,1.7770111560821533,,us_full_scan_20260722_0914.xlsx
FBK,US,technical,grade B,73.2,2026-07-22,2026-07-30,8,59.5,signal-price,1.0084033012390137,1.7737090587615967,,us_full_scan_20260722_0914.xlsx
ITIC,US,technical,grade B,69.0,2026-07-22,2026-07-30,8,287.13,signal-price,1.0030269622802734,1.7683327198028564,,us_full_scan_20260722_0914.xlsx
SBUX,US,technical,grade B,61.5,2026-07-22,2026-07-30,8,104.81,signal-price,0.992274284362793,1.757580041885376,,us_full_scan_20260722_0914.xlsx
SPG,US,technical,grade B,61.5,2026-07-22,2026-07-30,8,228.19,signal-price,0.986015796661377,1.75132155418396,,us_full_scan_20260722_0914.xlsx
PAYX,US,technical,grade B,69.0,2026-07-22,2026-07-30,8,115.2,signal-price,0.9809017181396484,1.7462074756622314,,us_full_scan_20260722_0914.xlsx
GREEL,US,technical,grade A,100.0,2026-07-22,2026-07-30,8,24.55,signal-price,0.9775996208190918,1.7429053783416748,,us_full_scan_20260722_0914.xlsx
EQBK,US,technical,grade B,70.2,2026-07-22,2026-07-30,8,50.24,signal-price,0.9753108024597168,1.7406165599822998,,us_full_scan_20260722_0914.xlsx
MNPR,US,technical,grade B,79.8,2026-07-22,2026-07-30,8,113.57,signal-price,0.9597659111022949,1.725071668624878,,us_full_scan_20260722_1558.xlsx
GDRX,US,technical,grade B,71.8,2026-07-22,2026-07-30,8,3.14,signal-price,0.9554147720336914,1.7207205295562744,,us_full_scan_20260722_0914.xlsx
VSXY,US,technical,grade A,86.0,2026-07-22,2026-07-30,8,87.41,signal-price,0.9495377540588379,1.714843511581421,,us_full_scan_20260722_0914.xlsx
NTB,US,technical,grade B,63.0,2026-07-22,2026-07-30,8,61.15,signal-price,0.948488712310791,1.713794469833374,,us_full_scan_20260722_1558.xlsx
QSEA,US,technical,grade A,100.0,2026-07-22,2026-07-29,7,10.56,signal-price,0.946962833404541,1.712268590927124,,us_full_scan_20260722_1558.xlsx
AME,US,technical,grade B,71.8,2026-07-22,2026-07-30,8,237.76,signal-price,0.9463310241699219,1.7116367816925049,,us_full_scan_20260722_1558.xlsx
MATW,US,technical,grade A,83.8,2026-07-22,2026-07-30,8,27.49,signal-price,0.9457945823669434,1.7111003398895264,,us_full_scan_20260722_1558.xlsx
IPAR,US,technical,grade B,77.8,2026-07-22,2026-07-30,8,124.4,signal-price,0.9405136108398438,1.7058193683624268,,us_full_scan_20260722_0914.xlsx
GOODO,US,technical,grade B,61.5,2026-07-22,2026-07-30,8,20.47,signal-price,0.928187370300293,1.693493127822876,,us_full_scan_20260722_0914.xlsx
AFBI,US,technical,grade A,89.0,2026-07-22,2026-07-30,8,22.79,signal-price,0.9214520454406738,1.6867578029632568,,us_full_scan_20260722_0914.xlsx
FBLA,US,technical,grade B,63.0,2026-07-22,2026-07-30,8,15.3,signal-price,0.9150266647338867,1.6803324222564697,,us_full_scan_20260722_0914.xlsx
BNS,US,technical,grade B,78.8,2026-07-22,2026-07-30,8,87.06,signal-price,0.8959293365478516,1.6612350940704346,,us_full_scan_20260722_0914.xlsx
EQH,US,technical,grade B,63.0,2026-07-22,2026-07-30,8,48.45,signal-price,0.8875131607055664,1.6528189182281494,,us_full_scan_20260722_1558.xlsx
IIPR-PA,US,technical,grade B,75.0,2026-07-22,2026-07-30,8,24.82,signal-price,0.8863925933837891,1.651698350906372,,us_full_scan_20260722_0914.xlsx
CFR,US,technical,grade B,76.5,2026-07-22,2026-07-30,8,162.07,signal-price,0.876164436340332,1.641470193862915,,us_full_scan_20260722_0914.xlsx
LKFN,US,technical,grade B,61.2,2026-07-22,2026-07-30,8,62.03,signal-price,0.8705496788024902,1.6358554363250732,,us_full_scan_20260722_0914.xlsx
PSX,US,technical,grade B,75.0,2026-07-22,2026-07-30,8,208.8,signal-price,0.8620738983154297,1.6273796558380127,,us_full_scan_20260722_0914.xlsx
BAC-PL,US,technical,grade B,70.0,2026-07-22,2026-07-30,8,1275.22,signal-price,0.861811637878418,1.627117395401001,,us_full_scan_20260722_0914.xlsx
KRNY,US,technical,grade B,69.0,2026-07-22,2026-07-30,8,9.55,signal-price,0.8376955986022949,1.603001356124878,,us_full_scan_20260722_1558.xlsx
BAC,US,technical,grade B,63.0,2026-07-22,2026-07-30,8,61.22,signal-price,0.8330583572387695,1.5983641147613525,,us_full_scan_20260722_1558.xlsx
VRTS,US,technical,grade B,70.0,2026-07-22,2026-07-30,8,162.16,signal-price,0.8263468742370605,1.5916526317596436,,us_full_scan_20260722_0914.xlsx
HUBS,US,technical,grade A,95.0,2026-07-22,2026-07-30,8,231.21,signal-price,0.8174419403076172,1.5827476978302002,,us_full_scan_20260722_0914.xlsx
BEPI,US,technical,grade B,70.5,2026-07-22,2026-07-30,8,15.91,signal-price,0.817108154296875,1.582413911819458,,us_full_scan_20260722_0914.xlsx
ISTR,US,technical,grade A,81.5,2026-07-22,2026-07-30,8,29.59,signal-price,0.8110880851745605,1.5763938426971436,,us_full_scan_20260722_0914.xlsx
JAN,US,technical,grade B,70.2,2026-07-22,2026-07-30,8,30.16,signal-price,0.7957577705383301,1.561063528060913,,us_full_scan_20260722_0914.xlsx
KEY-PL,US,technical,grade A,95.0,2026-07-22,2026-07-30,8,25.2,signal-price,0.7936477661132812,1.5589535236358643,,us_full_scan_20260722_1558.xlsx
ABM,US,technical,grade B,67.5,2026-07-22,2026-07-30,8,47.23,signal-price,0.7833957672119141,1.548701524734497,,us_full_scan_20260722_0914.xlsx
BOX,US,technical,grade A,88.8,2026-07-22,2026-07-30,8,30.85,signal-price,0.7779598236083984,1.5432655811309814,,us_full_scan_20260722_0914.xlsx
LYFT,US,technical,grade B,61.5,2026-07-22,2026-07-30,8,15.43,signal-price,0.7777094841003418,1.5430152416229248,,us_full_scan_20260722_0914.xlsx
NLY-PJ,US,technical,grade B,75.0,2026-07-22,2026-07-30,8,25.89,signal-price,0.7725000381469727,1.5378057956695557,,us_full_scan_20260722_0914.xlsx
HIG,US,technical,grade B,71.2,2026-07-22,2026-07-30,8,141.98,signal-price,0.753629207611084,1.518934965133667,,us_full_scan_20260722_1558.xlsx
PEB-PF,US,technical,grade B,63.8,2026-07-22,2026-07-30,8,20.21,signal-price,0.7422089576721191,1.5075147151947021,,us_full_scan_20260722_0914.xlsx
CPF,US,technical,grade A,83.8,2026-07-22,2026-07-30,8,39.08,signal-price,0.7420659065246582,1.5073716640472412,,us_full_scan_20260722_1558.xlsx
EBC,US,technical,grade B,75.0,2026-07-22,2026-07-30,8,22.94,signal-price,0.7410645484924316,1.5063703060150146,,us_full_scan_20260722_1558.xlsx
AER,US,technical,grade B,69.0,2026-07-22,2026-07-30,8,151.78,signal-price,0.7181406021118164,1.4834463596343994,,us_full_scan_20260722_1558.xlsx
CLMT,US,technical,grade B,68.8,2026-07-22,2026-07-30,8,43.44,signal-price,0.7136344909667969,1.4789402484893799,,us_full_scan_20260722_0914.xlsx
JKHY,US,technical,grade B,63.0,2026-07-22,2026-07-30,8,153.16,signal-price,0.7051467895507812,1.4704525470733643,,us_full_scan_20260722_0914.xlsx
HLN,US,technical,grade B,70.2,2026-07-22,2026-07-30,8,10.04,signal-price,0.6972074508666992,1.4625132083892822,,us_full_scan_20260722_0914.xlsx
NU,US,technical,grade A,95.0,2026-07-22,2026-07-30,8,14.39,signal-price,0.6949186325073242,1.4602243900299072,,us_full_scan_20260722_1558.xlsx
BNO,US,technical,grade B,75.0,2026-07-22,2026-07-30,8,49.32,signal-price,0.6893754005432129,1.454681158065796,,us_full_scan_20260722_0914.xlsx
ROKU,US,technical,grade B,64.5,2026-07-22,2026-07-30,8,144.13,signal-price,0.6660580635070801,1.431363821029663,,us_full_scan_20260722_0914.xlsx
PMT-PC,US,technical,grade A,80.0,2026-07-22,2026-07-30,8,18.08,signal-price,0.6637215614318848,1.4290273189544678,,us_full_scan_20260722_1558.xlsx
ALOT,US,technical,grade B,75.0,2026-07-22,2026-07-30,8,28.65,signal-price,0.6631731986999512,1.4284789562225342,,us_full_scan_20260722_0914.xlsx
LVLU,US,technical,grade A,86.0,2026-07-22,2026-07-30,8,16.62,signal-price,0.6618499755859375,1.4271557331085205,,us_full_scan_20260722_0914.xlsx
CNA,US,technical,grade B,75.0,2026-07-22,2026-07-30,8,52.91,signal-price,0.6614923477172852,1.4267981052398682,,us_full_scan_20260722_0914.xlsx
MLR,US,technical,grade B,61.5,2026-07-22,2026-07-30,8,49.61,signal-price,0.6450295448303223,1.4103353023529053,,us_full_scan_20260722_0914.xlsx
EXR,US,technical,grade B,64.5,2026-07-22,2026-07-30,8,147.28,signal-price,0.6314516067504883,1.3967573642730713,,us_full_scan_20260722_0914.xlsx
DBC,US,technical,grade B,75.0,2026-07-22,2026-07-30,8,29.14,signal-price,0.6177067756652832,1.3830125331878662,,us_full_scan_20260722_0914.xlsx
OZKAP,US,technical,grade B,70.0,2026-07-22,2026-07-30,8,16.42,signal-price,0.6090164184570312,1.3743221759796143,,us_full_scan_20260722_0914.xlsx
CIM-PA,US,technical,grade B,61.5,2026-07-22,2026-07-30,8,21.71,signal-price,0.5988121032714844,1.3641178607940674,,us_full_scan_20260722_0914.xlsx
UMH-PD,US,technical,grade B,75.0,2026-07-22,2026-07-30,8,21.92,signal-price,0.5930662155151367,1.3583719730377197,,us_full_scan_20260722_0914.xlsx
BFAM,US,technical,grade B,75.0,2026-07-22,2026-07-30,8,77.51,signal-price,0.5676627159118652,1.3329684734344482,,us_full_scan_20260722_0914.xlsx
MFAO,US,technical,grade B,72.5,2026-07-22,2026-07-30,8,25.42,signal-price,0.5507469177246094,1.3160526752471924,,us_full_scan_20260722_0914.xlsx
GPK,US,technical,grade B,62.8,2026-07-22,2026-07-30,8,10.9,signal-price,0.5504608154296875,1.3157665729522705,,us_full_scan_20260722_1558.xlsx
TECH,US,technical,grade B,70.0,2026-07-22,2026-07-30,8,71.64,signal-price,0.5443930625915527,1.3096988201141357,,us_full_scan_20260722_0914.xlsx
KEY-PI,US,technical,grade B,71.8,2026-07-22,2026-07-30,8,25.11,signal-price,0.5372285842895508,1.3025343418121338,,us_full_scan_20260722_0914.xlsx
BIP-PA,US,technical,grade B,64.0,2026-07-22,2026-07-30,8,17.25,signal-price,0.5002856254577637,1.2655913829803467,,us_full_scan_20260722_0914.xlsx
IEAGU,US,technical,grade B,70.0,2026-07-22,2026-07-30,8,10.35,signal-price,0.48308372497558594,1.248389482498169,,us_full_scan_20260722_0914.xlsx
SABA,US,technical,grade B,61.5,2026-07-22,2026-07-30,8,8.3,signal-price,0.48192739486694336,1.2472331523895264,,us_full_scan_20260722_0914.xlsx
GOODN,US,technical,grade A,84.5,2026-07-22,2026-07-30,8,23.12,signal-price,0.47577619552612305,1.241081953048706,,us_full_scan_20260722_0914.xlsx
BILL,US,technical,grade B,69.0,2026-07-22,2026-07-30,8,45.18,signal-price,0.46480894088745117,1.2301146984100342,,us_full_scan_20260722_0914.xlsx
MLPB,US,technical,grade B,70.0,2026-07-22,2026-07-30,8,30.08,signal-price,0.46442747116088867,1.2297332286834717,,us_full_scan_20260722_0914.xlsx
PKOH,US,technical,grade B,75.0,2026-07-22,2026-07-30,8,39.27,signal-price,0.458371639251709,1.223677396774292,,us_full_scan_20260722_1558.xlsx
WSFS,US,technical,grade B,77.8,2026-07-22,2026-07-30,8,79.46,signal-price,0.45305490493774414,1.2183606624603271,,us_full_scan_20260722_1558.xlsx
BTSG,US,technical,grade B,77.8,2026-07-22,2026-07-30,8,72.56,signal-price,0.44101476669311523,1.2063205242156982,,us_full_scan_20260722_1558.xlsx
ESNT,US,technical,grade B,67.5,2026-07-22,2026-07-30,8,66.17,signal-price,0.4382610321044922,1.2035667896270752,,us_full_scan_20260722_0914.xlsx
RITM-PD,US,technical,grade A,81.5,2026-07-22,2026-07-30,8,25.2,signal-price,0.4365086555480957,1.2018144130706787,,us_full_scan_20260722_0914.xlsx
LXRX,US,technical,grade B,76.2,2026-07-22,2026-07-30,8,2.33,signal-price,0.42918920516967773,1.1944949626922607,,us_full_scan_20260722_0914.xlsx
BOKF,US,technical,grade A,81.5,2026-07-22,2026-07-30,8,140.47,signal-price,0.4271388053894043,1.1924445629119873,,us_full_scan_20260722_0914.xlsx
NLOP,US,technical,grade B,71.8,2026-07-22,2026-07-30,8,11.71,signal-price,0.4269838333129883,1.1922895908355713,,us_full_scan_20260722_0914.xlsx
ELS,US,technical,grade B,64.5,2026-07-22,2026-07-30,8,65.26,signal-price,0.4137277603149414,1.1790335178375244,,us_full_scan_20260722_0914.xlsx
KARO,US,technical,grade B,68.8,2026-07-22,2026-07-30,8,63.77,signal-price,0.40770769119262695,1.17301344871521,,us_full_scan_20260722_0914.xlsx
USCI,US,technical,grade B,75.0,2026-07-22,2026-07-30,8,100.57,signal-price,0.40171146392822266,1.1670172214508057,,us_full_scan_20260722_0914.xlsx
CM,US,technical,grade B,78.8,2026-07-22,2026-07-30,8,117.8,signal-price,0.39898157119750977,1.1642873287200928,,us_full_scan_20260722_0914.xlsx
AGNCZ,US,technical,grade B,61.2,2026-07-22,2026-07-30,8,25.24,signal-price,0.3961920738220215,1.1614978313446045,,us_full_scan_20260722_0914.xlsx
ELSE,US,technical,grade B,63.0,2026-07-22,2026-07-30,8,7.71,signal-price,0.3903985023498535,1.1557042598724365,,us_full_scan_20260722_0914.xlsx
FGSN,US,technical,grade B,71.8,2026-07-22,2026-07-30,8,20.95,signal-price,0.3818631172180176,1.1471688747406006,,us_full_scan_20260722_0914.xlsx
CIM-PB,US,technical,grade B,67.5,2026-07-22,2026-07-30,8,23.96,signal-price,0.3756284713745117,1.1409342288970947,,us_full_scan_20260722_0914.xlsx
BPYPP,US,technical,grade A,83.8,2026-07-22,2026-07-30,8,16.03,signal-price,0.37429332733154297,1.139599084854126,,us_full_scan_20260722_0914.xlsx
BGT,US,technical,grade A,80.0,2026-07-22,2026-07-30,8,10.71,signal-price,0.37348270416259766,1.1387884616851807,,us_full_scan_20260722_1558.xlsx
HRL,US,technical,grade B,61.5,2026-07-22,2026-07-30,8,25.28,signal-price,0.3560185432434082,1.1213243007659912,,us_full_scan_20260722_0914.xlsx
UTZ,US,technical,grade B,72.5,2026-07-22,2026-07-30,8,14.06,signal-price,0.35561323165893555,1.1209189891815186,,us_full_scan_20260722_1558.xlsx
AGNCN,US,technical,grade B,63.8,2026-07-22,2026-07-30,8,25.61,signal-price,0.3514289855957031,1.1167347431182861,,us_full_scan_20260722_1558.xlsx
CNI,US,technical,grade B,78.8,2026-07-22,2026-07-30,8,126.69,signal-price,0.3473043441772461,1.112610101699829,,us_full_scan_20260722_0914.xlsx
PEB-PG,US,technical,grade B,63.0,2026-07-22,2026-07-30,8,20.43,signal-price,0.34263134002685547,1.1079370975494385,,us_full_scan_20260722_0914.xlsx
LFMDP,US,technical,grade B,70.0,2026-07-22,2026-07-30,8,23.35,signal-price,0.3426074981689453,1.1079132556915283,,us_full_scan_20260722_0914.xlsx
DJP,US,technical,grade B,69.0,2026-07-22,2026-07-30,8,47.21,signal-price,0.3389120101928711,1.104217767715454,,us_full_scan_20260722_0914.xlsx
UTL,US,technical,grade B,61.5,2026-07-22,2026-07-30,8,54.32,signal-price,0.33136606216430664,1.0966718196868896,,us_full_scan_20260722_0914.xlsx
IRM,US,technical,grade B,65.5,2026-07-22,2026-07-30,8,124.23,signal-price,0.3300309181213379,1.095336675643921,,us_full_scan_20260722_0914.xlsx
BBT,US,technical,grade B,63.0,2026-07-22,2026-07-30,8,30.53,signal-price,0.32753944396972656,1.0928452014923096,,us_full_scan_20260722_1558.xlsx
MFA-PB,US,technical,grade B,69.0,2026-07-22,2026-07-30,8,20.37,signal-price,0.32744407653808594,1.092749834060669,,us_full_scan_20260722_0914.xlsx
MCFT,US,technical,grade B,64.5,2026-07-22,2026-07-30,8,24.58,signal-price,0.32546520233154297,1.090770959854126,,us_full_scan_20260722_0914.xlsx
CCK,US,technical,grade A,81.5,2026-07-22,2026-07-30,8,117.99,signal-price,0.3220677375793457,1.0873734951019287,,us_full_scan_20260722_1558.xlsx
SOBO,US,technical,grade B,70.0,2026-07-22,2026-07-30,8,37.3,signal-price,0.32171010971069336,1.0870158672332764,,us_full_scan_20260722_0914.xlsx
CFG,US,technical,grade B,67.5,2026-07-22,2026-07-30,8,71.5,signal-price,0.3216862678527832,1.0869920253753662,,us_full_scan_20260722_0914.xlsx
SPB,US,technical,grade B,64.5,2026-07-22,2026-07-30,8,88.49,signal-price,0.31641721725463867,1.0817229747772217,,us_full_scan_20260722_0914.xlsx
AKR,US,technical,grade B,63.0,2026-07-22,2026-07-30,8,22.36,signal-price,0.31305551528930664,1.0783612728118896,,us_full_scan_20260722_0914.xlsx
TWOD,US,technical,grade B,60.0,2026-07-22,2026-07-30,8,25.71,signal-price,0.3111720085144043,1.0764777660369873,,us_full_scan_20260722_0914.xlsx
WAL-PA,US,technical,grade B,64.5,2026-07-22,2026-07-30,8,24.13,signal-price,0.3091573715209961,1.074463129043579,,us_full_scan_20260722_0914.xlsx
FXB,US,technical,grade B,67.5,2026-07-22,2026-07-30,8,129.2,signal-price,0.30573606491088867,1.0710418224334717,,us_full_scan_20260722_0914.xlsx
SFD,US,technical,grade A,80.0,2026-07-22,2026-07-30,8,26.51,signal-price,0.30177831649780273,1.0670840740203857,,us_full_scan_20260722_1558.xlsx
VCTR,US,technical,grade B,61.5,2026-07-22,2026-07-30,8,98.19,signal-price,0.29534101486206055,1.0606467723846436,,us_full_scan_20260722_0914.xlsx
VABK,US,technical,grade A,88.8,2026-07-22,2026-07-30,8,45.87,signal-price,0.28340816497802734,1.0487139225006104,,us_full_scan_20260722_0914.xlsx
AGM-PD,US,technical,grade A,100.0,2026-07-22,2026-07-30,8,21.38,signal-price,0.2806425094604492,1.0459482669830322,,us_full_scan_20260722_0914.xlsx
UYSC,US,technical,grade B,77.5,2026-07-22,2026-07-29,7,10.75,signal-price,0.2790689468383789,1.044374704360962,,us_full_scan_20260722_0914.xlsx
BWNB,US,technical,grade A,83.0,2026-07-22,2026-07-30,8,25.17,signal-price,0.2781033515930176,1.0434091091156006,,us_full_scan_20260722_0914.xlsx
ATLCZ,US,technical,grade B,72.5,2026-07-22,2026-07-30,8,25.35,signal-price,0.2761363983154297,1.0414421558380127,,us_full_scan_20260722_0914.xlsx
EA,US,technical,grade B,72.5,2026-07-22,2026-07-30,8,209.04,signal-price,0.2631068229675293,1.0284125804901123,,us_full_scan_20260722_1558.xlsx
TDY,US,technical,grade A,89.0,2026-07-22,2026-07-30,8,647.48,signal-price,0.2625584602355957,1.0278642177581787,,us_full_scan_20260722_1558.xlsx
IEP,US,technical,grade A,80.0,2026-07-22,2026-07-30,8,7.69,signal-price,0.26007890701293945,1.0253846645355225,,us_full_scan_20260722_1558.xlsx
DBRG,US,technical,grade B,68.8,2026-07-22,2026-07-30,8,15.81,signal-price,0.2530097961425781,1.0183155536651611,,us_full_scan_20260722_0914.xlsx
BZH,US,technical,grade B,61.5,2026-07-22,2026-07-30,8,32.51,signal-price,0.24608373641967773,1.0113894939422607,,us_full_scan_20260722_0914.xlsx
TWO-PB,US,technical,grade A,81.2,2026-07-22,2026-07-30,8,24.96,signal-price,0.23998022079467773,1.0052859783172607,,us_full_scan_20260722_0914.xlsx
NREF,US,technical,grade B,70.2,2026-07-22,2026-07-30,8,16.85,signal-price,0.2373814582824707,1.0026872158050537,,us_full_scan_20260722_0914.xlsx
GAM-PB,US,technical,grade A,95.0,2026-07-22,2026-07-30,8,24.85,signal-price,0.2012014389038086,0.9665071964263916,,us_full_scan_20260722_1558.xlsx
BEPH,US,technical,grade A,83.8,2026-07-22,2026-07-30,8,15.08,signal-price,0.19893646240234375,0.9642422199249268,,us_full_scan_20260722_0914.xlsx
QUMS,US,technical,grade B,63.8,2026-07-22,2026-07-30,8,10.26,signal-price,0.1949310302734375,0.9602367877960205,,us_full_scan_20260722_0914.xlsx
APOS,US,technical,grade B,61.5,2026-07-22,2026-07-30,8,25.69,signal-price,0.19462108612060547,0.9599268436431885,,us_full_scan_20260722_0914.xlsx
SOUL,US,technical,grade B,70.0,2026-07-22,2026-07-30,8,10.38,signal-price,0.19267797470092773,0.9579837322235107,,us_full_scan_20260722_0914.xlsx
NPAC,US,technical,grade B,70.0,2026-07-22,2026-07-30,8,10.4,signal-price,0.1923084259033203,0.9576141834259033,,us_full_scan_20260722_0914.xlsx
HVII,US,technical,grade B,70.0,2026-07-22,2026-07-30,8,10.47,signal-price,0.19102096557617188,0.9563267230987549,,us_full_scan_20260722_0914.xlsx
AACB,US,technical,grade A,84.5,2026-07-22,2026-07-30,8,10.51,signal-price,0.1902937889099121,0.9555995464324951,,us_full_scan_20260722_1558.xlsx
IPEX,US,technical,grade B,70.0,2026-07-22,2026-07-30,8,10.54,signal-price,0.1897573471069336,0.9550631046295166,,us_full_scan_20260722_0914.xlsx
UTF,US,technical,grade B,63.0,2026-07-22,2026-07-30,8,27.77,signal-price,0.18004179000854492,0.9453475475311279,,us_full_scan_20260722_0914.xlsx
ANSC,US,technical,grade A,85.0,2026-07-22,2026-07-29,7,11.45,signal-price,0.17467737197875977,0.9399831295013428,,us_full_scan_20260722_0914.xlsx
HESM,US,technical,grade B,64.5,2026-07-22,2026-07-30,8,40.2,signal-price,0.17412900924682617,0.9394347667694092,,us_full_scan_20260722_0914.xlsx
DSGR,US,technical,grade A,80.0,2026-07-22,2026-07-30,8,34.5,signal-price,0.17391443252563477,0.9392201900482178,,us_full_scan_20260722_0914.xlsx
SPSC,US,technical,grade B,63.0,2026-07-22,2026-07-30,8,65.72,signal-price,0.16738176345825195,0.932687520980835,,us_full_scan_20260722_0914.xlsx
CSX,US,technical,grade B,76.2,2026-07-22,2026-07-30,8,50.11,signal-price,0.15964508056640625,0.9249508380889893,,us_full_scan_20260722_0914.xlsx
CIMO,US,technical,grade A,80.0,2026-07-22,2026-07-30,8,25.53,signal-price,0.1566767692565918,0.9219825267791748,,us_full_scan_20260722_1558.xlsx
SFBC,US,technical,grade B,78.8,2026-07-22,2026-07-30,8,45.82,signal-price,0.15276670455932617,0.9180724620819092,,us_full_scan_20260722_0914.xlsx
PBI-PB,US,technical,grade B,73.2,2026-07-22,2026-07-30,8,20.45,signal-price,0.1466989517211914,0.9120047092437744,,us_full_scan_20260722_0914.xlsx
SAT,US,technical,grade A,89.0,2026-07-22,2026-07-30,8,25.06,signal-price,0.1448512077331543,0.9101569652557373,,us_full_scan_20260722_1558.xlsx
SAJ,US,technical,grade A,80.0,2026-07-22,2026-07-30,8,25.55,signal-price,0.13698339462280273,0.9022891521453857,,us_full_scan_20260722_1558.xlsx
STT,US,technical,grade B,73.2,2026-07-22,2026-07-30,8,182.58,signal-price,0.13145208358764648,0.8967578411102295,,us_full_scan_20260722_0914.xlsx
CPK,US,technical,grade B,70.2,2026-07-22,2026-07-30,8,133.0,signal-price,0.12781620025634766,0.8931219577789307,,us_full_scan_20260722_0914.xlsx
CASY,US,technical,grade B,69.0,2026-07-22,2026-07-30,8,866.46,signal-price,0.12003183364868164,0.8853375911712646,,us_full_scan_20260722_0914.xlsx
BEKE,US,technical,grade B,61.5,2026-07-22,2026-07-30,8,16.97,signal-price,0.11786222457885742,0.8831679821014404,,us_full_scan_20260722_0914.xlsx
FSEA,US,technical,grade B,75.0,2026-07-22,2026-07-30,8,16.93,signal-price,0.11754035949707031,0.8828461170196533,,us_full_scan_20260722_1558.xlsx
APGE,US,technical,grade B,60.0,2026-07-22,2026-07-30,8,134.15,signal-price,0.11181831359863281,0.8771240711212158,,us_full_scan_20260722_0914.xlsx
GHRS,US,technical,grade A,80.0,2026-07-22,2026-07-30,8,28.35,signal-price,0.10581016540527344,0.8711159229278564,,us_full_scan_20260722_1558.xlsx
ARCI,US,technical,grade A,83.0,2026-07-22,2026-07-29,7,10.09,signal-price,0.09911060333251953,0.8644163608551025,,us_full_scan_20260722_0914.xlsx
CRAC,US,technical,grade A,100.0,2026-07-22,2026-07-29,7,10.14,signal-price,0.09860992431640625,0.8639156818389893,,us_full_scan_20260722_0914.xlsx
SPEG,US,technical,grade B,70.0,2026-07-22,2026-07-30,8,10.31,signal-price,0.09698867797851562,0.8622944355010986,,us_full_scan_20260722_0914.xlsx
GTERA,US,technical,grade B,70.0,2026-07-22,2026-07-30,8,10.35,signal-price,0.09660720825195312,0.8619129657745361,,us_full_scan_20260722_0914.xlsx
FACT,US,technical,grade A,100.0,2026-07-22,2026-07-30,8,10.65,signal-price,0.09390115737915039,0.8592069149017334,,us_full_scan_20260722_1558.xlsx
DMAA,US,technical,grade B,73.8,2026-07-22,2026-07-29,7,10.7,signal-price,0.0934600830078125,0.8587658405303955,,us_full_scan_20260722_0914.xlsx
MACI,US,technical,grade B,77.5,2026-07-22,2026-07-30,8,10.9,signal-price,0.09174346923828125,0.8570492267608643,,us_full_scan_20260722_0914.xlsx
MEOH,US,technical,grade B,70.2,2026-07-22,2026-07-30,8,55.15,signal-price,0.09065866470336914,0.8559644222259521,,us_full_scan_20260722_1558.xlsx
UHAL,US,technical,grade B,64.5,2026-07-22,2026-07-30,8,70.89,signal-price,0.08463859558105469,0.8499443531036377,,us_full_scan_20260722_0914.xlsx
MBWM,US,technical,grade A,89.0,2026-07-22,2026-07-30,8,59.68,signal-price,0.08378028869628906,0.8490860462188721,,us_full_scan_20260722_1558.xlsx
VLGEA,US,technical,grade B,64.5,2026-07-22,2026-07-30,8,43.95,signal-price,0.06825923919677734,0.8335649967193604,,us_full_scan_20260722_0914.xlsx
WGO,US,technical,grade B,61.5,2026-07-22,2026-07-30,8,30.51,signal-price,0.06555318832397461,0.8308589458465576,,us_full_scan_20260722_0914.xlsx
ESTA,US,technical,grade A,84.0,2026-07-22,2026-07-30,8,93.42,signal-price,0.06422996520996094,0.829535722732544,,us_full_scan_20260722_0914.xlsx
LXP-PC,US,technical,grade A,100.0,2026-07-22,2026-07-30,8,49.25,signal-price,0.06091594696044922,0.8262217044830322,,us_full_scan_20260722_1558.xlsx
WAFDP,US,technical,grade B,70.0,2026-07-22,2026-07-30,8,16.47,signal-price,0.06071329116821289,0.8260190486907959,,us_full_scan_20260722_0914.xlsx
JACS,US,technical,grade B,70.0,2026-07-22,2026-07-30,8,10.7,signal-price,0.04673004150390625,0.8120357990264893,,us_full_scan_20260722_0914.xlsx
SBXD,US,technical,grade A,83.0,2026-07-22,2026-07-30,8,10.85,signal-price,0.04607439041137695,0.81138014793396,,us_full_scan_20260722_0914.xlsx
ECCU,US,technical,grade A,95.0,2026-07-22,2026-07-30,8,25.18,signal-price,0.03972053527832031,0.8050262928009033,,us_full_scan_20260722_0914.xlsx
MS-PF,US,technical,grade A,88.8,2026-07-22,2026-07-30,8,25.19,signal-price,0.039696693420410156,0.8050024509429932,,us_full_scan_20260722_0914.xlsx
LNC-PD,US,technical,grade B,69.0,2026-07-22,2026-07-30,8,26.5,signal-price,0.037741661071777344,0.8030474185943604,,us_full_scan_20260722_0914.xlsx
NJR,US,technical,grade B,61.5,2026-07-22,2026-07-30,8,58.56,signal-price,0.03415346145629883,0.7994592189788818,,us_full_scan_20260722_0914.xlsx
RAMP,US,technical,grade B,67.5,2026-07-22,2026-07-30,8,37.78,signal-price,0.026476383209228516,0.7917821407318115,,us_full_scan_20260722_0914.xlsx
TMHC,US,technical,grade B,78.0,2026-07-22,2026-07-23,1,72.44,signal-price,0.01379251480102539,0.7790982723236084,,us_full_scan_20260722_0914.xlsx
NFBK,US,technical,grade A,89.0,2026-07-22,2026-07-28,6,15.31,signal-price,0.0,0.765305757522583,,us_full_scan_20260722_0914.xlsx
KOYN,US,technical,grade A,95.0,2026-07-22,2026-07-29,7,10.17,signal-price,0.0,0.765305757522583,,us_full_scan_20260722_0914.xlsx
LKSP,US,technical,grade B,70.0,2026-07-22,2026-07-30,8,10.17,signal-price,0.0,0.765305757522583,,us_full_scan_20260722_0914.xlsx
CCRN,US,technical,grade A,83.0,2026-07-22,2026-07-28,6,13.25,signal-price,0.0,0.765305757522583,,us_full_scan_20260722_0914.xlsx
AVAH,US,technical,grade B,77.8,2026-07-22,2026-07-30,8,9.69,signal-price,0.0,0.765305757522583,,us_full_scan_20260722_0914.xlsx
LPRO,US,technical,grade A,88.8,2026-07-22,2026-07-29,7,3.14,signal-price,0.0,0.765305757522583,,us_full_scan_20260722_0914.xlsx
QMMM,US,technical,grade B,77.5,2026-07-22,2026-07-29,7,119.4,signal-price,0.0,0.765305757522583,,us_full_scan_20260722_0914.xlsx
EVOX,US,technical,grade B,70.0,2026-07-22,2026-07-30,8,10.06,signal-price,0.0,0.765305757522583,,us_full_scan_20260722_0914.xlsx
HACQU,US,technical,grade B,70.0,2026-07-22,2026-07-29,7,10.17,signal-price,0.0,0.765305757522583,,us_full_scan_20260722_0914.xlsx
SIMA,US,technical,grade A,80.0,2026-07-22,2026-07-29,7,10.94,signal-price,0.0,0.765305757522583,,us_full_scan_20260722_0914.xlsx
MOMO,US,technical,grade B,61.5,2026-07-22,2026-07-30,8,6.0,signal-price,0.0,0.765305757522583,,us_full_scan_20260722_0914.xlsx
NLY-PF,US,technical,grade B,63.0,2026-07-22,2026-07-30,8,25.75,signal-price,0.0,0.765305757522583,,us_full_scan_20260722_0914.xlsx
ATH-PE,US,technical,grade B,76.5,2026-07-22,2026-07-30,8,25.24,signal-price,0.0,0.765305757522583,,us_full_scan_20260722_0914.xlsx
SCOR,US,technical,grade A,80.0,2026-07-22,2026-07-30,8,7.45,signal-price,0.0,0.765305757522583,,us_full_scan_20260722_0914.xlsx
STRF,US,technical,grade A,95.0,2026-07-22,2026-07-30,8,98.0,signal-price,0.0,0.765305757522583,,us_full_scan_20260722_1558.xlsx
DYOR,US,technical,grade B,70.0,2026-07-22,2026-07-30,8,10.08,signal-price,0.0,0.765305757522583,,us_full_scan_20260722_1558.xlsx
PLBC,US,technical,grade B,71.8,2026-07-22,2026-07-30,8,61.2,signal-price,-0.03268122673034668,0.7326245307922363,,us_full_scan_20260722_0914.xlsx
PMTW,US,technical,grade B,69.0,2026-07-22,2026-07-30,8,25.35,signal-price,-0.03984570503234863,0.7254600524902344,,us_full_scan_20260722_0914.xlsx
PNTG,US,technical,grade B,67.5,2026-07-22,2026-07-30,8,41.15,signal-price,-0.048601627349853516,0.7167041301727295,,us_full_scan_20260722_0914.xlsx
PMTV,US,technical,grade B,76.2,2026-07-22,2026-07-30,8,25.53,signal-price,-0.0783383846282959,0.6869673728942871,,us_full_scan_20260722_0914.xlsx
ONBPO,US,technical,grade B,67.5,2026-07-22,2026-07-30,8,25.05,signal-price,-0.0798344612121582,0.6854712963104248,,us_full_scan_20260722_1558.xlsx
FULTP,US,technical,grade A,80.0,2026-07-22,2026-07-30,8,18.08,signal-price,-0.08296370506286621,0.6823420524597168,,us_full_scan_20260722_0914.xlsx
VLYPP,US,technical,grade A,88.8,2026-07-22,2026-07-30,8,25.05,signal-price,-0.08702278137207031,0.6782829761505127,,us_full_scan_20260722_0914.xlsx
REXR-PB,US,technical,grade A,87.5,2026-07-22,2026-07-29,7,22.71,signal-price,-0.08805990219116211,0.6772458553314209,,us_full_scan_20260722_0914.xlsx
LANDP,US,technical,grade B,78.0,2026-07-22,2026-07-30,8,21.12,signal-price,-0.09469985961914062,0.6706058979034424,,us_full_scan_20260722_0914.xlsx
GPUS-PD,US,technical,grade A,95.0,2026-07-22,2026-07-30,8,21.0,signal-price,-0.09524226188659668,0.6700634956359863,,us_full_scan_20260722_0914.xlsx
GSRF,US,technical,grade B,70.0,2026-07-22,2026-07-29,7,10.17,signal-price,-0.09832978248596191,0.6669759750366211,,us_full_scan_20260722_0914.xlsx
MUZE,US,technical,grade B,63.8,2026-07-22,2026-07-30,8,9.96,signal-price,-0.10040402412414551,0.6649017333984375,,us_full_scan_20260722_0914.xlsx
ADAMM,US,technical,grade B,70.0,2026-07-22,2026-07-30,8,25.08,signal-price,-0.10845661163330078,0.6568491458892822,,us_full_scan_20260722_0914.xlsx
ABXL,US,technical,grade B,77.5,2026-07-22,2026-07-30,8,25.89,signal-price,-0.11587142944335938,0.6494343280792236,,us_full_scan_20260722_0914.xlsx
RY,US,technical,grade B,78.8,2026-07-22,2026-07-30,8,210.37,signal-price,-0.11883974075317383,0.6464660167694092,,us_full_scan_20260722_0914.xlsx
ATAI,US,technical,grade B,74.0,2026-07-22,2026-07-30,8,7.19,signal-price,-0.13908743858337402,0.626218318939209,,us_full_scan_20260722_0914.xlsx
TAP,US,technical,grade B,68.8,2026-07-22,2026-07-30,8,41.61,signal-price,-0.14420151710510254,0.6211042404174805,,us_full_scan_20260722_0914.xlsx
NTRS,US,technical,grade B,78.8,2026-07-22,2026-07-30,8,182.78,signal-price,-0.14771819114685059,0.6175875663757324,,us_full_scan_20260722_0914.xlsx
MBINN,US,technical,grade A,88.8,2026-07-22,2026-07-30,8,20.22,signal-price,-0.14886260032653809,0.6164431571960449,,us_full_scan_20260722_1558.xlsx
ABEO,US,technical,grade A,85.0,2026-07-22,2026-07-30,8,6.48,signal-price,-0.15432238578796387,0.6109833717346191,,us_full_scan_20260722_0914.xlsx
OXLCI,US,technical,grade A,95.0,2026-07-22,2026-07-30,8,25.65,signal-price,-0.1559436321258545,0.6093621253967285,,us_full_scan_20260722_0914.xlsx
EFC-PC,US,technical,grade A,80.0,2026-07-22,2026-07-29,7,25.49,signal-price,-0.1569211483001709,0.6083846092224121,,us_full_scan_20260722_0914.xlsx
CIMP,US,technical,grade B,64.5,2026-07-22,2026-07-30,8,25.49,signal-price,-0.1569211483001709,0.6083846092224121,,us_full_scan_20260722_0914.xlsx
IVR-PC,US,technical,grade B,78.0,2026-07-22,2026-07-30,8,25.05,signal-price,-0.15967488288879395,0.6056308746337891,,us_full_scan_20260722_0914.xlsx
USB-PH,US,technical,grade B,62.8,2026-07-22,2026-07-30,8,18.76,signal-price,-0.15991926193237305,0.60538649559021,,us_full_scan_20260722_0914.xlsx
JEF,US,technical,grade B,64.5,2026-07-22,2026-07-30,8,55.18,signal-price,-0.1631021499633789,0.6022036075592041,,us_full_scan_20260722_0914.xlsx
AMG,US,technical,grade B,67.5,2026-07-22,2026-07-30,8,366.12,signal-price,-0.1802682876586914,0.5850374698638916,,us_full_scan_20260722_0914.xlsx
CEPF,US,technical,grade B,69.0,2026-07-22,2026-07-30,8,10.43,signal-price,-0.19176006317138672,0.5735456943511963,,us_full_scan_20260722_0914.xlsx
FITB-PM,US,technical,grade A,84.0,2026-07-22,2026-07-30,8,26.0,signal-price,-0.19230246543884277,0.5730032920837402,,us_full_scan_20260722_0914.xlsx
PACH,US,technical,grade B,63.8,2026-07-22,2026-07-29,7,10.29,signal-price,-0.19435882568359375,0.5709469318389893,,us_full_scan_20260722_0914.xlsx
LXP,US,technical,grade A,83.0,2026-07-22,2026-07-30,8,60.85,signal-price,-0.19720196723937988,0.5681037902832031,,us_full_scan_20260722_0914.xlsx
ET,US,technical,grade B,70.2,2026-07-22,2026-07-30,8,20.28,signal-price,-0.19724369049072266,0.5680620670318604,,us_full_scan_20260722_0914.xlsx
BHAVU,US,technical,grade B,70.0,2026-07-22,2026-07-30,8,10.13,signal-price,-0.19744038581848145,0.5678653717041016,,us_full_scan_20260722_0914.xlsx
ADAMI,US,technical,grade B,69.0,2026-07-22,2026-07-30,8,25.19,signal-price,-0.19849538803100586,0.5668103694915771,,us_full_scan_20260722_0914.xlsx
BBSI,US,technical,grade B,63.0,2026-07-22,2026-07-30,8,40.05,signal-price,-0.19974708557128906,0.565558671951294,,us_full_scan_20260722_0914.xlsx
AGNCM,US,technical,grade B,63.0,2026-07-22,2026-07-30,8,25.01,signal-price,-0.19992589950561523,0.5653798580169678,,us_full_scan_20260722_1558.xlsx
FSCO,US,technical,grade B,69.0,2026-07-22,2026-07-30,8,4.98,signal-price,-0.20080804824829102,0.564497709274292,,us_full_scan_20260722_1558.xlsx
WASH,US,technical,grade A,95.0,2026-07-22,2026-07-30,8,39.28,signal-price,-0.20366311073303223,0.5616426467895508,,us_full_scan_20260722_1558.xlsx
RF-PC,US,technical,grade A,81.5,2026-07-22,2026-07-30,8,24.54,signal-price,-0.2037525177001953,0.5615532398223877,,us_full_scan_20260722_0914.xlsx
AIRS,US,technical,grade B,67.5,2026-07-22,2026-07-30,8,4.86,signal-price,-0.20576715469360352,0.5595386028289795,,us_full_scan_20260722_1558.xlsx
XGN,US,technical,grade A,84.0,2026-07-22,2026-07-30,8,4.68,signal-price,-0.2136707305908203,0.5516350269317627,,us_full_scan_20260722_0914.xlsx
HWCPZ,US,technical,grade B,62.8,2026-07-22,2026-07-30,8,22.22,signal-price,-0.2250194549560547,0.5402863025665283,,us_full_scan_20260722_0914.xlsx
MFA-PC,US,technical,grade B,61.2,2026-07-22,2026-07-30,8,23.3,signal-price,-0.23003816604614258,0.5352675914764404,,us_full_scan_20260722_0914.xlsx
OCCIN,US,technical,grade A,89.0,2026-07-22,2026-07-30,8,24.9,signal-price,-0.24096369743347168,0.5243420600891113,,us_full_scan_20260722_0914.xlsx
FFC,US,technical,grade B,61.5,2026-07-22,2026-07-30,8,16.19,signal-price,-0.24707317352294922,0.5182325839996338,,us_full_scan_20260722_0914.xlsx
ACGLO,US,technical,grade B,76.8,2026-07-22,2026-07-30,8,19.58,signal-price,-0.2553582191467285,0.5099475383758545,,us_full_scan_20260722_0914.xlsx
SEAL-PA,US,technical,grade B,63.0,2026-07-22,2026-07-30,8,25.65,signal-price,-0.2729058265686035,0.4923999309539795,,us_full_scan_20260722_0914.xlsx
MAIN,US,technical,grade B,64.5,2026-07-22,2026-07-30,8,54.59,signal-price,-0.2747774124145508,0.4905283451080322,,us_full_scan_20260722_0914.xlsx
STTK,US,technical,grade A,83.8,2026-07-22,2026-07-30,8,7.21,signal-price,-0.27739405632019043,0.4879117012023926,,us_full_scan_20260722_1558.xlsx
CRNX,US,technical,grade B,78.5,2026-07-22,2026-07-30,8,83.87,signal-price,-0.2861618995666504,0.4791438579559326,,us_full_scan_20260722_0914.xlsx
KCHV,US,technical,grade A,100.0,2026-07-22,2026-07-30,8,10.4,signal-price,-0.28749704360961914,0.47780871391296387,,us_full_scan_20260722_1558.xlsx
AEO,US,technical,grade B,63.0,2026-07-22,2026-07-30,8,17.36,signal-price,-0.2880275249481201,0.4772782325744629,,us_full_scan_20260722_1558.xlsx
NSC,US,technical,grade B,70.0,2026-07-22,2026-07-30,8,334.97,signal-price,-0.31048059463500977,0.45482516288757324,,us_full_scan_20260722_0914.xlsx
CCEC,US,technical,grade B,64.5,2026-07-22,2026-07-30,8,22.46,signal-price,-0.31166672706604004,0.45363903045654297,,us_full_scan_20260722_0914.xlsx
MDV-PA,US,technical,grade B,75.0,2026-07-22,2026-07-30,8,25.25,signal-price,-0.31682848930358887,0.44847726821899414,,us_full_scan_20260722_1558.xlsx
UFI,US,technical,grade B,67.2,2026-07-22,2026-07-30,8,6.16,signal-price,-0.3246724605560303,0.44063329696655273,,us_full_scan_20260722_0914.xlsx
AGM-PE,US,technical,grade B,69.0,2026-07-22,2026-07-30,8,21.18,signal-price,-0.3305017948150635,0.43480396270751953,,us_full_scan_20260722_0914.xlsx
MBINM,US,technical,grade B,71.8,2026-07-22,2026-07-30,8,25.63,signal-price,-0.33164024353027344,0.43366551399230957,,us_full_scan_20260722_0914.xlsx
NLY-PG,US,technical,grade B,71.8,2026-07-22,2026-07-30,8,25.24,signal-price,-0.33676624298095703,0.428539514541626,,us_full_scan_20260722_0914.xlsx
FCNCP,US,technical,grade B,79.5,2026-07-22,2026-07-30,8,20.38,signal-price,-0.3434717655181885,0.42183399200439453,,us_full_scan_20260722_0914.xlsx
RPC,US,technical,grade B,67.5,2026-07-22,2026-07-30,8,8.58,signal-price,-0.34964680671691895,0.41565895080566406,,us_full_scan_20260722_0914.xlsx
SUMA,US,technical,grade B,70.0,2026-07-22,2026-07-30,8,9.95,signal-price,-0.3517568111419678,0.41354894638061523,,us_full_scan_20260722_0914.xlsx
HBANL,US,technical,grade A,95.0,2026-07-22,2026-07-30,8,25.14,signal-price,-0.35799741744995117,0.40730834007263184,,us_full_scan_20260722_0914.xlsx
JPM-PJ,US,technical,grade B,61.5,2026-07-22,2026-07-30,8,19.34,signal-price,-0.36194324493408203,0.403362512588501,,us_full_scan_20260722_1558.xlsx
RILYZ,US,technical,grade B,70.2,2026-07-22,2026-07-30,8,19.0,signal-price,-0.368422269821167,0.396883487701416,,us_full_scan_20260722_0914.xlsx
COTY,US,technical,grade B,74.8,2026-07-22,2026-07-30,8,2.7,signal-price,-0.37037134170532227,0.39493441581726074,,us_full_scan_20260722_0914.xlsx
PM,US,technical,grade B,64.0,2026-07-22,2026-07-30,8,192.72,signal-price,-0.37360191345214844,0.39170384407043457,,us_full_scan_20260722_0914.xlsx
UNFI,US,technical,grade A,80.0,2026-07-22,2026-07-30,8,49.92,signal-price,-0.38060545921325684,0.38470029830932617,,us_full_scan_20260722_1558.xlsx
CEPV,US,technical,grade A,83.8,2026-07-22,2026-07-30,8,10.44,signal-price,-0.38313865661621094,0.38216710090637207,,us_full_scan_20260722_0914.xlsx
MPC,US,technical,grade B,69.0,2026-07-22,2026-07-30,8,315.31,signal-price,-0.390094518661499,0.375211238861084,,us_full_scan_20260722_0914.xlsx
FFA,US,technical,grade B,70.0,2026-07-22,2026-07-30,8,22.65,signal-price,-0.3973543643951416,0.3679513931274414,,us_full_scan_20260722_0914.xlsx
FF,US,technical,grade A,83.0,2026-07-22,2026-07-30,8,4.99,signal-price,-0.4007995128631592,0.36450624465942383,,us_full_scan_20260722_1558.xlsx
TRTN-PA,US,technical,grade B,70.0,2026-07-22,2026-07-30,8,26.06,signal-price,-0.42209625244140625,0.34320950508117676,,us_full_scan_20260722_0914.xlsx
EMA,US,technical,grade A,85.0,2026-07-22,2026-07-30,8,54.34,signal-price,-0.42325854301452637,0.34204721450805664,,us_full_scan_20260722_0914.xlsx
KOP,US,technical,grade B,65.5,2026-07-22,2026-07-30,8,49.2,signal-price,-0.44715404510498047,0.31815171241760254,,us_full_scan_20260722_0914.xlsx
CLDT,US,technical,grade B,61.5,2026-07-22,2026-07-30,8,13.39,signal-price,-0.44809579849243164,0.31720995903015137,,us_full_scan_20260722_0914.xlsx
FTAIM,US,technical,grade B,70.0,2026-07-22,2026-07-30,8,27.48,signal-price,-0.4548788070678711,0.3104269504547119,,us_full_scan_20260722_0914.xlsx
DLX,US,technical,grade B,63.0,2026-07-22,2026-07-30,8,26.1,signal-price,-0.45977234840393066,0.30553340911865234,,us_full_scan_20260722_0914.xlsx
JRS,US,technical,grade B,61.5,2026-07-22,2026-07-30,8,8.69,signal-price,-0.4602968692779541,0.3050088882446289,,us_full_scan_20260722_0914.xlsx
WSBCO,US,technical,grade B,76.5,2026-07-22,2026-07-30,8,25.72,signal-price,-0.46656131744384766,0.29874444007873535,,us_full_scan_20260722_0914.xlsx
MAC,US,technical,grade B,73.2,2026-07-22,2026-07-30,8,25.59,signal-price,-0.4689335823059082,0.2963721752166748,,us_full_scan_20260722_0914.xlsx
MS-PA,US,technical,grade B,61.5,2026-07-22,2026-07-30,8,19.1,signal-price,-0.4712045192718506,0.2941012382507324,,us_full_scan_20260722_0914.xlsx
AFGE,US,technical,grade B,64.0,2026-07-22,2026-07-30,8,16.22,signal-price,-0.49321651458740234,0.27208924293518066,,us_full_scan_20260722_0914.xlsx
AGD,US,technical,grade B,69.0,2026-07-22,2026-07-30,8,12.15,signal-price,-0.49382448196411133,0.2714812755584717,,us_full_scan_20260722_0914.xlsx
RPT-PC,US,technical,grade B,70.0,2026-07-22,2026-07-30,8,25.25,signal-price,-0.4950523376464844,0.27025341987609863,,us_full_scan_20260722_0914.xlsx
PTOR,US,technical,grade B,70.5,2026-07-22,2026-07-30,8,9.99,signal-price,-0.5005002021789551,0.26480555534362793,,us_full_scan_20260722_0914.xlsx
ADAMN,US,technical,grade B,72.5,2026-07-22,2026-07-30,8,23.91,signal-price,-0.5014598369598389,0.26384592056274414,,us_full_scan_20260722_0914.xlsx
RNST,US,technical,grade B,69.0,2026-07-22,2026-07-30,8,43.56,signal-price,-0.5050539970397949,0.2602517604827881,,us_full_scan_20260722_1558.xlsx
VLO,US,technical,grade B,69.0,2026-07-22,2026-07-30,8,313.31,signal-price,-0.5106806755065918,0.2546250820159912,,us_full_scan_20260722_0914.xlsx
CHSCL,US,technical,grade A,90.0,2026-07-22,2026-07-30,8,25.44,signal-price,-0.5110085010528564,0.25429725646972656,,us_full_scan_20260722_0914.xlsx
PERI,US,technical,grade A,80.0,2026-07-22,2026-07-30,8,9.63,signal-price,-0.5192101001739502,0.2460956573486328,,us_full_scan_20260722_0914.xlsx
DFP,US,technical,grade B,63.0,2026-07-22,2026-07-30,8,20.96,signal-price,-0.5248010158538818,0.24050474166870117,,us_full_scan_20260722_0914.xlsx
IMCR,US,technical,grade B,67.5,2026-07-22,2026-07-30,8,34.05,signal-price,-0.5286335945129395,0.23667216300964355,,us_full_scan_20260722_0914.xlsx
ENB,US,technical,grade B,70.0,2026-07-22,2026-07-30,8,55.73,signal-price,-0.5383074283599854,0.22699832916259766,,us_full_scan_20260722_0914.xlsx
TFC-PR,US,technical,grade A,95.0,2026-07-22,2026-07-30,8,18.52,signal-price,-0.5399584770202637,0.22534728050231934,,us_full_scan_20260722_0914.xlsx
CNNE,US,technical,grade B,75.0,2026-07-22,2026-07-30,8,14.79,signal-price,-0.5409061908721924,0.22439956665039062,,us_full_scan_20260722_1558.xlsx
BNY,US,technical,grade B,76.2,2026-07-22,2026-07-30,8,156.93,signal-price,-0.5416393280029297,0.22366642951965332,,us_full_scan_20260722_0914.xlsx
VOYA-PB,US,technical,grade A,100.0,2026-07-22,2026-07-30,8,23.78,signal-price,-0.5466818809509277,0.21862387657165527,,us_full_scan_20260722_0914.xlsx
BCTX,US,technical,grade B,64.5,2026-07-22,2026-07-30,8,3.65,signal-price,-0.547945499420166,0.217360258102417,,us_full_scan_20260722_0914.xlsx
EQH-PC,US,technical,grade B,71.8,2026-07-22,2026-07-30,8,16.4,signal-price,-0.5487799644470215,0.21652579307556152,,us_full_scan_20260722_0914.xlsx
PBA,US,technical,grade B,70.0,2026-07-22,2026-07-30,8,50.71,signal-price,-0.5521595478057861,0.21314620971679688,,us_full_scan_20260722_0914.xlsx
AFGD,US,technical,grade B,67.5,2026-07-22,2026-07-30,8,19.7,signal-price,-0.5583763122558594,0.20692944526672363,,us_full_scan_20260722_1558.xlsx
SMA,US,technical,grade B,73.2,2026-07-22,2026-07-30,8,33.75,signal-price,-0.5629599094390869,0.2023458480834961,,us_full_scan_20260722_0914.xlsx
ATHS,US,technical,grade B,61.5,2026-07-22,2026-07-30,8,24.79,signal-price,-0.5647480487823486,0.20055770874023438,,us_full_scan_20260722_0914.xlsx
FGNXP,US,technical,grade B,70.0,2026-07-22,2026-07-30,8,25.25,signal-price,-0.5940556526184082,0.1712501049041748,,us_full_scan_20260722_0914.xlsx
WFC-PL,US,technical,grade B,61.5,2026-07-22,2026-07-30,8,1187.99,signal-price,-0.6010174751281738,0.16428828239440918,,us_full_scan_20260722_0914.xlsx
ALC,US,technical,grade B,71.8,2026-07-22,2026-07-30,8,70.04,signal-price,-0.613933801651001,0.15137195587158203,,us_full_scan_20260722_0914.xlsx
TPG,US,technical,grade B,64.5,2026-07-22,2026-07-30,8,42.97,signal-price,-0.6283462047576904,0.13695955276489258,,us_full_scan_20260722_0914.xlsx
FLNG,US,technical,grade B,73.8,2026-07-22,2026-07-30,8,31.3,signal-price,-0.6389737129211426,0.12633204460144043,,us_full_scan_20260722_1558.xlsx
CHCT,US,technical,grade B,71.8,2026-07-22,2026-07-30,8,18.68,signal-price,-0.6424009799957275,0.12290477752685547,,us_full_scan_20260722_0914.xlsx
OSPN,US,technical,grade B,69.0,2026-07-22,2026-07-30,8,15.51,signal-price,-0.6447494029998779,0.12055635452270508,,us_full_scan_20260722_0914.xlsx
AFGC,US,technical,grade A,80.0,2026-07-22,2026-07-30,8,18.0,signal-price,-0.6666719913482666,0.0986337661743164,,us_full_scan_20260722_1558.xlsx
ASGI,US,technical,grade B,76.2,2026-07-22,2026-07-30,8,23.98,signal-price,-0.6672203540802002,0.09808540344238281,,us_full_scan_20260722_0914.xlsx
ACGLN,US,technical,grade A,81.5,2026-07-22,2026-07-30,8,16.46,signal-price,-0.6682813167572021,0.09702444076538086,,us_full_scan_20260722_0914.xlsx
GNL-PD,US,technical,grade B,69.0,2026-07-22,2026-07-30,8,23.91,signal-price,-0.669175386428833,0.09613037109375,,us_full_scan_20260722_0914.xlsx
AGM-PG,US,technical,grade B,70.0,2026-07-22,2026-07-30,8,17.87,signal-price,-0.6715238094329834,0.09378194808959961,,us_full_scan_20260722_0914.xlsx
NATL,US,technical,grade B,61.5,2026-07-22,2026-07-30,8,47.21,signal-price,-0.6778240203857422,0.08748173713684082,,us_full_scan_20260722_0914.xlsx
RWTN,US,technical,grade A,80.0,2026-07-22,2026-07-30,8,25.0,signal-price,-0.6796061992645264,0.08569955825805664,,us_full_scan_20260722_1558.xlsx
ATH-PD,US,technical,grade B,70.0,2026-07-22,2026-07-30,8,16.15,signal-price,-0.6811082363128662,0.0841975212097168,,us_full_scan_20260722_0914.xlsx
TLIH,US,technical,grade A,81.0,2026-07-22,2026-07-30,8,5.87,signal-price,-0.6814301013946533,0.08387565612792969,,us_full_scan_20260722_1558.xlsx
GL,US,technical,grade B,67.5,2026-07-22,2026-07-30,8,184.25,signal-price,-0.6892859935760498,0.0760197639465332,,us_full_scan_20260722_0914.xlsx
FHN-PF,US,technical,grade B,77.5,2026-07-22,2026-07-30,8,17.35,signal-price,-0.692218542098999,0.07308721542358398,,us_full_scan_20260722_0914.xlsx
NEWTG,US,technical,grade A,80.0,2026-07-22,2026-07-30,8,25.74,signal-price,-0.6992995738983154,0.06600618362426758,,us_full_scan_20260722_1558.xlsx
ELVN,US,technical,grade A,80.0,2026-07-22,2026-07-30,8,54.33,signal-price,-0.6994307041168213,0.06587505340576172,,us_full_scan_20260722_1558.xlsx
CDNA,US,technical,grade B,73.5,2026-07-22,2026-07-30,8,38.37,signal-price,-0.7036745548248291,0.061631202697753906,,us_full_scan_20260722_0914.xlsx
SFB,US,technical,grade A,80.0,2026-07-22,2026-07-30,8,19.77,signal-price,-0.7081508636474609,0.05715489387512207,,us_full_scan_20260722_0914.xlsx
VRSK,US,technical,grade B,69.0,2026-07-22,2026-07-30,8,201.79,signal-price,-0.7136046886444092,0.05170106887817383,,us_full_scan_20260722_0914.xlsx
BLTE,US,technical,grade A,80.0,2026-07-22,2026-07-30,8,161.08,signal-price,-0.7201433181762695,0.04516243934631348,,us_full_scan_20260722_1558.xlsx
CFR-PB,US,technical,grade B,65.5,2026-07-22,2026-07-30,8,16.65,signal-price,-0.7207155227661133,0.04459023475646973,,us_full_scan_20260722_1558.xlsx
CFG-PH,US,technical,grade B,63.0,2026-07-22,2026-07-30,8,25.96,signal-price,-0.731891393661499,0.033414363861083984,,us_full_scan_20260722_0914.xlsx
OBDC,US,technical,grade B,61.2,2026-07-22,2026-07-30,8,10.87,signal-price,-0.7359683513641357,0.029337406158447266,,us_full_scan_20260722_0914.xlsx
NEWTI,US,technical,grade A,93.8,2026-07-22,2026-07-30,8,25.6,signal-price,-0.7421910762786865,0.023114681243896484,,us_full_scan_20260722_0914.xlsx
CBT,US,technical,grade B,70.0,2026-07-22,2026-07-30,8,88.89,signal-price,-0.7424890995025635,0.02281665802001953,,us_full_scan_20260722_0914.xlsx
CARS,US,technical,grade B,63.0,2026-07-22,2026-07-30,8,11.97,signal-price,-0.751882791519165,0.013422966003417969,,us_full_scan_20260722_0914.xlsx
HTFC,US,technical,grade B,70.0,2026-07-22,2026-07-30,8,24.92,signal-price,-0.7624447345733643,0.00286102294921875,,us_full_scan_20260722_0914.xlsx
SHO,US,technical,grade B,61.5,2026-07-22,2026-07-30,8,11.79,signal-price,-0.7633626461029053,0.0019431114196777344,,us_full_scan_20260722_0914.xlsx
OFG,US,technical,grade A,90.0,2026-07-22,2026-07-30,8,52.9,signal-price,-0.7750451564788818,-0.009739398956298828,,us_full_scan_20260722_1558.xlsx
ETD,US,technical,grade B,63.0,2026-07-22,2026-07-30,8,23.09,signal-price,-0.7795572280883789,-0.014251470565795898,,us_full_scan_20260722_0914.xlsx
GLNK,US,technical,grade A,84.0,2026-07-22,2026-07-30,8,7.6,signal-price,-0.7894754409790039,-0.0241696834564209,,us_full_scan_20260722_0914.xlsx
ARCC,US,technical,grade B,67.5,2026-07-22,2026-07-30,8,18.98,signal-price,-0.7903039455413818,-0.024998188018798828,,us_full_scan_20260722_0914.xlsx
ICCC,US,technical,grade B,63.0,2026-07-22,2026-07-30,8,11.15,signal-price,-0.8071660995483398,-0.041860342025756836,,us_full_scan_20260722_0914.xlsx
IVZ,US,technical,grade B,61.5,2026-07-22,2026-07-30,8,29.66,signal-price,-0.809168815612793,-0.04386305809020996,,us_full_scan_20260722_0914.xlsx
FULT,US,technical,grade B,67.5,2026-07-22,2026-07-30,8,24.54,signal-price,-0.8149981498718262,-0.049692392349243164,,us_full_scan_20260722_0914.xlsx
EQH-PA,US,technical,grade B,77.8,2026-07-22,2026-07-30,8,19.63,signal-price,-0.8150756359100342,-0.04976987838745117,,us_full_scan_20260722_0914.xlsx
CUBE,US,technical,grade B,61.5,2026-07-22,2026-07-30,8,41.58,signal-price,-0.8176982402801514,-0.05239248275756836,,us_full_scan_20260722_0914.xlsx
USB-PP,US,technical,grade A,83.0,2026-07-22,2026-07-30,8,21.68,signal-price,-0.8302569389343262,-0.06495118141174316,,us_full_scan_20260722_0914.xlsx
RF,US,technical,grade A,82.5,2026-07-22,2026-07-30,8,31.11,signal-price,-0.8357465267181396,-0.07044076919555664,,us_full_scan_20260722_0914.xlsx
RF-PE,US,technical,grade A,95.0,2026-07-22,2026-07-30,8,16.37,signal-price,-0.8375108242034912,-0.0722050666809082,,us_full_scan_20260722_0914.xlsx
CORN,US,technical,grade B,64.5,2026-07-22,2026-07-30,8,17.91,signal-price,-0.8375167846679688,-0.07221102714538574,,us_full_scan_20260722_0914.xlsx
MEGI,US,technical,grade B,61.5,2026-07-22,2026-07-30,8,15.5,signal-price,-0.8387088775634766,-0.07340312004089355,,us_full_scan_20260722_0914.xlsx
STHO,US,technical,grade B,70.5,2026-07-22,2026-07-30,8,9.4,signal-price,-0.851064920425415,-0.08575916290283203,,us_full_scan_20260722_0914.xlsx
AOD,US,technical,grade B,64.5,2026-07-22,2026-07-30,8,10.5,signal-price,-0.8571445941925049,-0.09183883666992188,,us_full_scan_20260722_0914.xlsx
UPWK,US,technical,grade A,83.8,2026-07-22,2026-07-30,8,9.33,signal-price,-0.8574485778808594,-0.09214282035827637,,us_full_scan_20260722_0914.xlsx
PLD,US,technical,grade B,64.5,2026-07-22,2026-07-30,8,147.48,signal-price,-0.8746922016143799,-0.10938644409179688,,us_full_scan_20260722_0914.xlsx
PFX,US,technical,grade A,84.5,2026-07-22,2026-07-29,7,43.39,signal-price,-0.8757829666137695,-0.11047720909118652,,us_full_scan_20260722_0914.xlsx
PGNY,US,technical,grade B,61.5,2026-07-22,2026-07-30,8,31.77,signal-price,-0.8813381195068359,-0.11603236198425293,,us_full_scan_20260722_0914.xlsx
ECF-PA,US,technical,grade B,73.2,2026-07-22,2026-07-29,7,20.95,signal-price,-0.8830606937408447,-0.11775493621826172,,us_full_scan_20260722_0914.xlsx
BWIV-UN,US,technical,grade B,70.0,2026-07-22,2026-07-29,7,10.15,signal-price,-0.886690616607666,-0.12138485908508301,,us_full_scan_20260722_0914.xlsx
JXN,US,technical,grade B,70.0,2026-07-22,2026-07-30,8,123.02,signal-price,-0.910419225692749,-0.14511346817016602,,us_full_scan_20260722_0914.xlsx
GNL-PB,US,technical,grade A,82.5,2026-07-22,2026-07-30,8,21.96,signal-price,-0.9107410907745361,-0.14543533325195312,,us_full_scan_20260722_0914.xlsx
SION,US,technical,grade A,88.8,2026-07-22,2026-07-30,8,47.21,signal-price,-0.9108245372772217,-0.14551877975463867,,us_full_scan_20260722_1558.xlsx
AOMD,US,technical,grade A,90.0,2026-07-22,2026-07-30,8,25.47,signal-price,-0.9226500988006592,-0.15734434127807617,,us_full_scan_20260722_0914.xlsx
AHT,US,technical,grade B,63.0,2026-07-22,2026-07-30,8,3.25,signal-price,-0.9230732917785645,-0.15776753425598145,,us_full_scan_20260722_0914.xlsx
RCD,US,technical,grade B,67.5,2026-07-22,2026-07-30,8,23.29,signal-price,-0.9231448173522949,-0.15783905982971191,,us_full_scan_20260722_0914.xlsx
TRTN-PC,US,technical,grade B,63.8,2026-07-22,2026-07-30,8,24.86,signal-price,-0.9251892566680908,-0.1598834991455078,,us_full_scan_20260722_0914.xlsx
VTOL,US,technical,grade B,75.0,2026-07-22,2026-07-30,8,45.14,signal-price,-0.9304344654083252,-0.1651287078857422,,us_full_scan_20260722_1558.xlsx
ZS,US,technical,grade B,69.0,2026-07-22,2026-07-30,8,149.82,signal-price,-0.9544849395751953,-0.1891791820526123,,us_full_scan_20260722_0914.xlsx
OCFC,US,technical,grade B,64.5,2026-07-22,2026-07-30,8,19.83,signal-price,-0.9581446647644043,-0.1928389072418213,,us_full_scan_20260722_0914.xlsx
GBX,US,technical,grade B,73.2,2026-07-22,2026-07-30,8,49.56,signal-price,-0.9685218334197998,-0.2032160758972168,,us_full_scan_20260722_0914.xlsx
HRI,US,technical,grade B,70.0,2026-07-22,2026-07-30,8,147.36,signal-price,-0.9772002696990967,-0.21189451217651367,,us_full_scan_20260722_0914.xlsx
AWP,US,technical,grade B,71.8,2026-07-22,2026-07-30,8,12.27,signal-price,-0.9779989719390869,-0.2126932144165039,,us_full_scan_20260722_0914.xlsx
MTB,US,technical,grade B,70.2,2026-07-22,2026-07-30,8,249.44,signal-price,-0.9781897068023682,-0.21288394927978516,,us_full_scan_20260722_0914.xlsx
TFSL,US,technical,grade B,70.2,2026-07-22,2026-07-30,8,18.23,signal-price,-0.9873867034912109,-0.22208094596862793,,us_full_scan_20260722_0914.xlsx
MGRD,US,technical,grade B,64.5,2026-07-22,2026-07-30,8,15.15,signal-price,-0.9900987148284912,-0.2247929573059082,,us_full_scan_20260722_0914.xlsx
DNP,US,technical,grade B,61.5,2026-07-22,2026-07-30,8,11.05,signal-price,-0.995481014251709,-0.23017525672912598,,us_full_scan_20260722_0914.xlsx
PODD,US,technical,grade A,83.8,2026-07-22,2026-07-30,8,167.37,signal-price,-1.0097384452819824,-0.24443268775939941,,us_full_scan_20260722_0914.xlsx
BHR-PD,US,technical,grade A,90.0,2026-07-22,2026-07-30,8,17.6,signal-price,-1.02272629737854,-0.25742053985595703,,us_full_scan_20260722_1558.xlsx
DOC,US,technical,grade B,70.2,2026-07-22,2026-07-30,8,22.29,signal-price,-1.0318577289581299,-0.2665519714355469,,us_full_scan_20260722_0914.xlsx
CPBI,US,technical,grade B,70.0,2026-07-22,2026-07-30,8,20.12,signal-price,-1.03529691696167,-0.2699911594390869,,us_full_scan_20260722_0914.xlsx
OPP,US,technical,grade B,71.8,2026-07-22,2026-07-30,8,7.67,signal-price,-1.0430216789245605,-0.27771592140197754,,us_full_scan_20260722_0914.xlsx
ETSY,US,technical,grade B,63.0,2026-07-22,2026-07-30,8,84.03,signal-price,-1.0472416877746582,-0.2819359302520752,,us_full_scan_20260722_0914.xlsx
PMN,US,technical,grade B,74.0,2026-07-22,2026-07-30,8,15.08,signal-price,-1.061004400253296,-0.2956986427307129,,us_full_scan_20260722_0914.xlsx
GSL-PB,US,technical,grade A,81.5,2026-07-22,2026-07-30,8,27.2,signal-price,-1.0661780834197998,-0.3008723258972168,,us_full_scan_20260722_0914.xlsx
MUSA,US,technical,grade B,61.5,2026-07-22,2026-07-30,8,622.78,signal-price,-1.0726213455200195,-0.3073155879974365,,us_full_scan_20260722_0914.xlsx
DUK-PA,US,technical,grade B,61.5,2026-07-22,2026-07-30,8,24.69,signal-price,-1.073312759399414,-0.30800700187683105,,us_full_scan_20260722_0914.xlsx
BANR,US,technical,grade B,70.2,2026-07-22,2026-07-30,8,70.6,signal-price,-1.0764896869659424,-0.3111839294433594,,us_full_scan_20260722_0914.xlsx
GFR,US,technical,grade A,90.0,2026-07-22,2026-07-30,8,6.4,signal-price,-1.0937511920928955,-0.3284454345703125,,us_full_scan_20260722_0914.xlsx
SATA,US,technical,grade B,69.0,2026-07-22,2026-07-30,8,98.29,signal-price,-1.0987937450408936,-0.33348798751831055,,us_full_scan_20260722_1558.xlsx
CNS,US,technical,grade B,70.2,2026-07-22,2026-07-30,8,82.5,signal-price,-1.1272728443145752,-0.3619670867919922,,us_full_scan_20260722_0914.xlsx
CFG-PE,US,technical,grade A,81.5,2026-07-22,2026-07-30,8,18.54,signal-price,-1.1326909065246582,-0.3673851490020752,,us_full_scan_20260722_0914.xlsx
O,US,technical,grade B,67.5,2026-07-22,2026-07-30,8,65.18,signal-price,-1.1506617069244385,-0.38535594940185547,,us_full_scan_20260722_0914.xlsx
TALO,US,technical,grade A,88.8,2026-07-22,2026-07-30,8,14.77,signal-price,-1.1509835720062256,-0.3856778144836426,,us_full_scan_20260722_1558.xlsx
GAIN,US,technical,grade B,64.5,2026-07-22,2026-07-30,8,16.41,signal-price,-1.157832145690918,-0.39252638816833496,,us_full_scan_20260722_0914.xlsx
HBANP,US,technical,grade A,83.0,2026-07-22,2026-07-30,8,16.38,signal-price,-1.1599421501159668,-0.3946363925933838,,us_full_scan_20260722_0914.xlsx
RA,US,technical,grade B,69.0,2026-07-22,2026-07-30,8,12.92,signal-price,-1.1609852313995361,-0.3956794738769531,,us_full_scan_20260722_0914.xlsx
RGA,US,technical,grade B,63.0,2026-07-22,2026-07-30,8,240.88,signal-price,-1.1707127094268799,-0.4054069519042969,,us_full_scan_20260722_0914.xlsx
MGR,US,technical,grade B,64.5,2026-07-22,2026-07-30,8,20.5,signal-price,-1.1707305908203125,-0.4054248332977295,,us_full_scan_20260722_0914.xlsx
FRT,US,technical,grade B,76.2,2026-07-22,2026-07-30,8,125.59,signal-price,-1.1943638324737549,-0.4290580749511719,,us_full_scan_20260722_0914.xlsx
ZTO,US,technical,grade B,61.5,2026-07-22,2026-07-30,8,24.15,signal-price,-1.2008249759674072,-0.4355192184448242,,us_full_scan_20260722_0914.xlsx
FBIO,US,technical,grade B,73.2,2026-07-22,2026-07-30,8,3.33,signal-price,-1.2012004852294922,-0.4358947277069092,,us_full_scan_20260722_0914.xlsx
AIZN,US,technical,grade A,83.0,2026-07-22,2026-07-30,8,19.55,signal-price,-1.2276232242584229,-0.46231746673583984,,us_full_scan_20260722_0914.xlsx
AUB,US,technical,grade A,83.0,2026-07-22,2026-07-30,8,42.81,signal-price,-1.2380361557006836,-0.4727303981781006,,us_full_scan_20260722_1558.xlsx
DMLP,US,technical,grade A,81.5,2026-07-22,2026-07-30,8,27.29,signal-price,-1.245880126953125,-0.480574369430542,,us_full_scan_20260722_0914.xlsx
FGBIP,US,technical,grade B,70.0,2026-07-22,2026-07-30,8,20.05,signal-price,-1.2468814849853516,-0.48157572746276855,,us_full_scan_20260722_1558.xlsx
AIN,US,technical,grade B,77.8,2026-07-22,2026-07-30,8,75.06,signal-price,-1.2523233890533447,-0.4870176315307617,,us_full_scan_20260722_0914.xlsx
MAGN,US,technical,grade B,61.5,2026-07-22,2026-07-30,8,13.5,signal-price,-1.2592613697052002,-0.4939556121826172,,us_full_scan_20260722_0914.xlsx
SPG-PJ,US,technical,grade B,70.0,2026-07-22,2026-07-30,8,55.48,signal-price,-1.2617170810699463,-0.4964113235473633,,us_full_scan_20260722_1558.xlsx
USB,US,technical,grade A,83.8,2026-07-22,2026-07-30,8,63.71,signal-price,-1.2713849544525146,-0.5060791969299316,,us_full_scan_20260722_1558.xlsx
NWS,US,technical,grade B,61.2,2026-07-22,2026-07-30,8,32.21,signal-price,-1.2728989124298096,-0.5075931549072266,,us_full_scan_20260722_0914.xlsx
NOV,US,technical,grade B,61.5,2026-07-22,2026-07-30,8,19.55,signal-price,-1.2787699699401855,-0.5134642124176025,,us_full_scan_20260722_0914.xlsx
BTI,US,technical,grade B,64.5,2026-07-22,2026-07-30,8,62.49,signal-price,-1.28021240234375,-0.514906644821167,,us_full_scan_20260722_0914.xlsx
TFX,US,technical,grade B,61.5,2026-07-22,2026-07-30,8,134.03,signal-price,-1.290750503540039,-0.525444746017456,,us_full_scan_20260722_0914.xlsx
TEN,US,technical,grade B,62.5,2026-07-22,2026-07-30,8,40.21,signal-price,-1.2932121753692627,-0.5279064178466797,,us_full_scan_20260722_1558.xlsx
HWC,US,technical,grade B,76.2,2026-07-22,2026-07-30,8,77.29,signal-price,-1.2938261032104492,-0.5285203456878662,,us_full_scan_20260722_0914.xlsx
RGEN,US,technical,grade B,64.5,2026-07-22,2026-07-30,8,145.49,signal-price,-1.2990593910217285,-0.5337536334991455,,us_full_scan_20260722_0914.xlsx
AGM-PF,US,technical,grade B,61.5,2026-07-22,2026-07-30,8,19.15,signal-price,-1.3054847717285156,-0.5401790142059326,,us_full_scan_20260722_0914.xlsx
FLXS,US,technical,grade B,77.8,2026-07-22,2026-07-30,8,74.95,signal-price,-1.307535171508789,-0.542229413986206,,us_full_scan_20260722_1558.xlsx
BCSF,US,technical,grade B,64.0,2026-07-22,2026-07-30,8,12.66,signal-price,-1.3428151607513428,-0.5775094032287598,,us_full_scan_20260722_0914.xlsx
FDSB,US,technical,grade B,63.0,2026-07-22,2026-07-30,8,17.84,signal-price,-1.3452887535095215,-0.5799829959869385,,us_full_scan_20260722_0914.xlsx
EP-PC,US,technical,grade B,65.5,2026-07-22,2026-07-30,8,51.0,signal-price,-1.352936029434204,-0.5876302719116211,,us_full_scan_20260722_0914.xlsx
AIR,US,technical,grade A,90.0,2026-07-22,2026-07-30,8,141.4,signal-price,-1.3578474521636963,-0.5925416946411133,,us_full_scan_20260722_1558.xlsx
SBFG,US,technical,grade B,63.0,2026-07-22,2026-07-30,8,26.97,signal-price,-1.3718903064727783,-0.6065845489501953,,us_full_scan_20260722_0914.xlsx
MDXG,US,technical,grade B,63.0,2026-07-22,2026-07-30,8,4.33,signal-price,-1.3856828212738037,-0.6203770637512207,,us_full_scan_20260722_0914.xlsx
GNW,US,technical,grade B,63.0,2026-07-22,2026-07-30,8,10.1,signal-price,-1.3861417770385742,-0.6208360195159912,,us_full_scan_20260722_0914.xlsx
EFSC,US,technical,grade B,70.2,2026-07-22,2026-07-30,8,66.88,signal-price,-1.3905525207519531,-0.6252467632293701,,us_full_scan_20260722_0914.xlsx
FTS,US,technical,grade B,64.5,2026-07-22,2026-07-30,8,58.3,signal-price,-1.4236688613891602,-0.6583631038665771,,us_full_scan_20260722_0914.xlsx
SMG,US,technical,grade B,76.2,2026-07-22,2026-07-30,8,69.3,signal-price,-1.4285802841186523,-0.6632745265960693,,us_full_scan_20260722_0914.xlsx
EHC,US,technical,grade B,63.0,2026-07-22,2026-07-30,8,112.5,signal-price,-1.4311134815216064,-0.6658077239990234,,us_full_scan_20260722_0914.xlsx
PHI,US,technical,grade B,62.8,2026-07-22,2026-07-30,8,20.01,signal-price,-1.4492809772491455,-0.6839752197265625,,us_full_scan_20260722_0914.xlsx
WPC,US,technical,grade B,76.2,2026-07-22,2026-07-30,8,75.17,signal-price,-1.4500439167022705,-0.6847381591796875,,us_full_scan_20260722_0914.xlsx
SANG,US,technical,grade A,83.0,2026-07-22,2026-07-30,8,4.13,signal-price,-1.4527857303619385,-0.6874799728393555,,us_full_scan_20260722_0914.xlsx
USL,US,technical,grade B,75.0,2026-07-22,2026-07-30,8,50.51,signal-price,-1.456540822982788,-0.6912350654602051,,us_full_scan_20260722_0914.xlsx
MGRB,US,technical,grade A,83.8,2026-07-22,2026-07-30,8,17.0,signal-price,-1.4705896377563477,-0.7052838802337646,,us_full_scan_20260722_0914.xlsx
AGO,US,technical,grade A,80.0,2026-07-22,2026-07-30,8,85.41,signal-price,-1.4752388000488281,-0.7099330425262451,,us_full_scan_20260722_0914.xlsx
WEAT,US,technical,grade B,70.0,2026-07-22,2026-07-30,8,24.99,signal-price,-1.4805853366851807,-0.7152795791625977,,us_full_scan_20260722_0914.xlsx
SKT,US,technical,grade B,61.5,2026-07-22,2026-07-30,8,41.63,signal-price,-1.5133321285247803,-0.7480263710021973,,us_full_scan_20260722_0914.xlsx
DXCM,US,technical,grade B,67.5,2026-07-22,2026-07-30,8,75.69,signal-price,-1.5193581581115723,-0.7540524005889893,,us_full_scan_20260722_0914.xlsx
NIU,US,technical,grade B,63.0,2026-07-22,2026-07-30,8,2.63,signal-price,-1.5209197998046875,-0.7556140422821045,,us_full_scan_20260722_0914.xlsx
NXP,US,technical,grade B,69.0,2026-07-22,2026-07-30,8,14.44,signal-price,-1.5235424041748047,-0.7582366466522217,,us_full_scan_20260722_0914.xlsx
CNOB,US,technical,grade B,71.8,2026-07-22,2026-07-30,8,33.46,signal-price,-1.5242040157318115,-0.7588982582092285,,us_full_scan_20260722_0914.xlsx
TRIP,US,technical,grade B,64.5,2026-07-22,2026-07-30,8,14.41,signal-price,-1.526719331741333,-0.76141357421875,,us_full_scan_20260722_0914.xlsx
SWX,US,technical,grade B,64.5,2026-07-22,2026-07-30,8,91.73,signal-price,-1.5589237213134766,-0.7936179637908936,,us_full_scan_20260722_0914.xlsx
ARW,US,technical,grade A,80.0,2026-07-22,2026-07-30,8,216.23,signal-price,-1.5631437301635742,-0.7978379726409912,,us_full_scan_20260722_1558.xlsx
DNOW,US,technical,grade B,61.5,2026-07-22,2026-07-30,8,13.96,signal-price,-1.575934886932373,-0.81062912940979,,us_full_scan_20260722_0914.xlsx
NNN,US,technical,grade B,67.5,2026-07-22,2026-07-30,8,48.92,signal-price,-1.5944361686706543,-0.8291304111480713,,us_full_scan_20260722_0914.xlsx
KRP,US,technical,grade B,63.0,2026-07-22,2026-07-30,8,15.0,signal-price,-1.5999972820281982,-0.8346915245056152,,us_full_scan_20260722_0914.xlsx
SCCO,US,technical,grade A,88.8,2026-07-22,2026-07-30,8,188.01,signal-price,-1.6009747982025146,-0.8356690406799316,,us_full_scan_20260722_1558.xlsx
AHR,US,technical,grade B,64.5,2026-07-22,2026-07-30,8,56.66,signal-price,-1.6413688659667969,-0.8760631084442139,,us_full_scan_20260722_0914.xlsx
BFS-PD,US,technical,grade B,70.0,2026-07-22,2026-07-30,8,21.31,signal-price,-1.6424238681793213,-0.8771181106567383,,us_full_scan_20260722_0914.xlsx
CHMI-PB,US,technical,grade A,80.0,2026-07-22,2026-07-30,8,24.35,signal-price,-1.6427099704742432,-0.8774042129516602,,us_full_scan_20260722_0914.xlsx
BIPH,US,technical,grade A,80.0,2026-07-22,2026-07-30,8,16.31,signal-price,-1.6554176807403564,-0.8901119232177734,,us_full_scan_20260722_1558.xlsx
TWFG,US,technical,grade B,71.0,2026-07-22,2026-07-30,8,27.37,signal-price,-1.680678129196167,-0.915372371673584,,us_full_scan_20260722_0914.xlsx
VYLD,US,technical,grade A,100.0,2026-07-22,2026-07-29,7,29.88,signal-price,-1.696789264678955,-0.9314835071563721,,us_full_scan_20260722_1558.xlsx
EPD,US,technical,grade A,88.8,2026-07-22,2026-07-30,8,38.78,signal-price,-1.7019093036651611,-0.9366035461425781,,us_full_scan_20260722_0914.xlsx
FGN,US,technical,grade B,63.0,2026-07-22,2026-07-30,8,25.2,signal-price,-1.7063498497009277,-0.9410440921783447,,us_full_scan_20260722_0914.xlsx
CWT,US,technical,grade B,70.0,2026-07-22,2026-07-30,8,51.38,signal-price,-1.712733507156372,-0.9474277496337891,,us_full_scan_20260722_0914.xlsx
APLE,US,technical,grade B,63.0,2026-07-22,2026-07-30,8,16.9,signal-price,-1.7159700393676758,-0.9506642818450928,,us_full_scan_20260722_0914.xlsx
NTES,US,technical,grade B,61.5,2026-07-22,2026-07-30,8,134.2,signal-price,-1.7175793647766113,-0.9522736072540283,,us_full_scan_20260722_0914.xlsx
KPRX,US,technical,grade B,63.0,2026-07-22,2026-07-30,8,2.6,signal-price,-1.7307639122009277,-0.9654581546783447,,us_full_scan_20260722_0914.xlsx
FNGS,US,technical,grade B,63.0,2026-07-22,2026-07-30,8,74.31,signal-price,-1.7628848552703857,-0.9975790977478027,,us_full_scan_20260722_0914.xlsx
BCO,US,technical,grade B,70.2,2026-07-22,2026-07-30,8,119.59,signal-price,-1.764357089996338,-0.9990513324737549,,us_full_scan_20260722_0914.xlsx
FAX,US,technical,grade A,80.0,2026-07-22,2026-07-30,8,14.72,signal-price,-1.7663061618804932,-1.0010004043579102,,us_full_scan_20260722_1558.xlsx
GLRE,US,technical,grade B,63.0,2026-07-22,2026-07-30,8,16.95,signal-price,-1.7699182033538818,-1.0046124458312988,,us_full_scan_20260722_0914.xlsx
FUNC,US,technical,grade B,73.2,2026-07-22,2026-07-30,8,44.64,signal-price,-1.7921149730682373,-1.0268092155456543,,us_full_scan_20260722_0914.xlsx
GEO,US,technical,grade B,63.0,2026-07-22,2026-07-30,8,31.23,signal-price,-1.7931461334228516,-1.0278403759002686,,us_full_scan_20260722_1558.xlsx
ZNTL,US,technical,grade A,81.5,2026-07-22,2026-07-30,8,5.01,signal-price,-1.796412467956543,-1.03110671043396,,us_full_scan_20260722_0914.xlsx
NWN,US,technical,grade B,61.5,2026-07-22,2026-07-30,8,50.96,signal-price,-1.824963092803955,-1.059657335281372,,us_full_scan_20260722_0914.xlsx
FITB,US,technical,grade B,63.0,2026-07-22,2026-07-30,8,57.66,signal-price,-1.8557071685791016,-1.0904014110565186,,us_full_scan_20260722_1558.xlsx
IACOU,US,technical,grade B,70.0,2026-07-22,2026-07-29,7,10.2,signal-price,-1.8627405166625977,-1.0974347591400146,,us_full_scan_20260722_0914.xlsx
KFRC,US,technical,grade B,61.2,2026-07-22,2026-07-30,8,57.89,signal-price,-1.8656015396118164,-1.1002957820892334,,us_full_scan_20260722_0914.xlsx
YOU,US,technical,grade A,80.0,2026-07-22,2026-07-30,8,57.18,signal-price,-1.8887758255004883,-1.1234700679779053,,us_full_scan_20260722_0914.xlsx
KYN,US,technical,grade B,77.8,2026-07-22,2026-07-30,8,14.77,signal-price,-1.895737648010254,-1.130431890487671,,us_full_scan_20260722_0914.xlsx
ACFN,US,technical,grade B,67.5,2026-07-22,2026-07-30,8,20.04,signal-price,-1.896214485168457,-1.130908727645874,,us_full_scan_20260722_0914.xlsx
CTRE,US,technical,grade B,64.5,2026-07-22,2026-07-30,8,42.45,signal-price,-1.9081294536590576,-1.1428236961364746,,us_full_scan_20260722_0914.xlsx
BBD,US,technical,grade A,88.8,2026-07-22,2026-07-30,8,3.66,signal-price,-1.9125699996948242,-1.1472642421722412,,us_full_scan_20260722_1558.xlsx
TEI,US,technical,grade B,70.0,2026-07-22,2026-07-30,8,6.77,signal-price,-1.9202351570129395,-1.1549293994903564,,us_full_scan_20260722_0914.xlsx
OIA,US,technical,grade B,63.0,2026-07-22,2026-07-30,8,6.23,signal-price,-1.9261598587036133,-1.1608541011810303,,us_full_scan_20260722_0914.xlsx
DBA,US,technical,grade B,63.0,2026-07-22,2026-07-30,8,28.02,signal-price,-1.927196979522705,-1.161891222000122,,us_full_scan_20260722_0914.xlsx
KRAQU,US,technical,grade A,90.0,2026-07-22,2026-07-30,8,10.3,signal-price,-1.941746473312378,-1.176440715789795,,us_full_scan_20260722_0914.xlsx
LUXE,US,technical,grade B,63.0,2026-07-22,2026-07-30,8,8.2,signal-price,-1.9512176513671875,-1.1859118938446045,,us_full_scan_20260722_0914.xlsx
NHP,US,technical,grade B,61.5,2026-07-22,2026-07-30,8,15.67,signal-price,-1.9783079624176025,-1.2130022048950195,,us_full_scan_20260722_0914.xlsx
MDRR,US,technical,grade A,90.0,2026-07-22,2026-07-30,8,11.6,signal-price,-1.9827604293823242,-1.2174546718597412,,us_full_scan_20260722_0914.xlsx
KIM,US,technical,grade B,73.2,2026-07-22,2026-07-30,8,26.03,signal-price,-1.997697353363037,-1.232391595840454,,us_full_scan_20260722_0914.xlsx
MBAV,US,technical,grade B,70.0,2026-07-22,2026-07-29,7,10.9,signal-price,-2.0183444023132324,-1.2530386447906494,,us_full_scan_20260722_0914.xlsx
PLGO,US,technical,grade B,63.0,2026-07-22,2026-07-30,8,25.58,signal-price,-2.0328402519226074,-1.2675344944000244,,us_full_scan_20260722_0914.xlsx
MRP,US,technical,grade B,70.0,2026-07-22,2026-07-30,8,28.81,signal-price,-2.0479023456573486,-1.2825965881347656,,us_full_scan_20260722_0914.xlsx
UCB,US,technical,grade B,76.2,2026-07-22,2026-07-30,8,36.03,signal-price,-2.0538389682769775,-1.2885332107543945,,us_full_scan_20260722_0914.xlsx
CALY,US,technical,grade B,67.5,2026-07-22,2026-07-30,8,18.92,signal-price,-2.061307430267334,-1.296001672744751,,us_full_scan_20260722_0914.xlsx
LOB-PA,US,technical,grade A,82.5,2026-07-22,2026-07-30,8,25.8,signal-price,-2.093017101287842,-1.3277113437652588,,us_full_scan_20260722_1558.xlsx
OTTR,US,technical,grade B,67.5,2026-07-22,2026-07-30,8,91.32,signal-price,-2.102494239807129,-1.337188482284546,,us_full_scan_20260722_0914.xlsx
BIPJ,US,technical,grade A,82.5,2026-07-22,2026-07-30,8,25.15,signal-price,-2.1069586277008057,-1.3416528701782227,,us_full_scan_20260722_0914.xlsx
GRN,US,technical,grade A,100.0,2026-07-22,2026-07-30,8,33.31,signal-price,-2.1194875240325928,-1.3541817665100098,,us_full_scan_20260722_0914.xlsx
INGR,US,technical,grade B,63.0,2026-07-22,2026-07-30,8,102.52,signal-price,-2.136164903640747,-1.370859146118164,,us_full_scan_20260722_0914.xlsx
NEWT,US,technical,grade B,67.5,2026-07-22,2026-07-30,8,14.95,signal-price,-2.1404683589935303,-1.3751626014709473,,us_full_scan_20260722_0914.xlsx
PTON,US,technical,grade A,80.0,2026-07-22,2026-07-30,8,6.52,signal-price,-2.1472394466400146,-1.3819336891174316,,us_full_scan_20260722_0914.xlsx
TAGS,US,technical,grade B,67.5,2026-07-22,2026-07-30,8,25.49,signal-price,-2.1577060222625732,-1.3924002647399902,,us_full_scan_20260722_0914.xlsx
REG,US,technical,grade B,73.2,2026-07-22,2026-07-30,8,82.14,signal-price,-2.1670281887054443,-1.4017224311828613,,us_full_scan_20260722_0914.xlsx
EFX,US,technical,grade A,84.0,2026-07-22,2026-07-30,8,180.08,signal-price,-2.1934688091278076,-1.4281630516052246,,us_full_scan_20260722_0914.xlsx
COFS,US,technical,grade A,95.0,2026-07-22,2026-07-30,8,34.59,signal-price,-2.197164297103882,-1.4318585395812988,,us_full_scan_20260722_1558.xlsx
NAVI,US,technical,grade B,61.5,2026-07-22,2026-07-30,8,8.64,signal-price,-2.199077606201172,-1.4337718486785889,,us_full_scan_20260722_0914.xlsx
GT,US,technical,grade B,61.5,2026-07-22,2026-07-30,8,7.24,signal-price,-2.2099435329437256,-1.4446377754211426,,us_full_scan_20260722_0914.xlsx
CVS,US,technical,grade B,63.0,2026-07-22,2026-07-30,8,107.61,signal-price,-2.220982313156128,-1.455676555633545,,us_full_scan_20260722_0914.xlsx
UGA,US,technical,grade B,71.8,2026-07-22,2026-07-30,8,120.63,signal-price,-2.221667766571045,-1.456362009048462,,us_full_scan_20260722_0914.xlsx
HLMN,US,technical,grade B,61.5,2026-07-22,2026-07-30,8,8.08,signal-price,-2.2277235984802246,-1.4624178409576416,,us_full_scan_20260722_0914.xlsx
CURB,US,technical,grade B,79.5,2026-07-22,2026-07-30,8,31.28,signal-price,-2.237856388092041,-1.472550630569458,,us_full_scan_20260722_0914.xlsx
EWBC,US,technical,grade B,73.2,2026-07-22,2026-07-30,8,133.92,signal-price,-2.247607707977295,-1.482301950454712,,us_full_scan_20260722_0914.xlsx
CLNK,US,technical,grade B,63.0,2026-07-22,2026-07-30,8,15.53,signal-price,-2.25369930267334,-1.4883935451507568,,us_full_scan_20260722_0914.xlsx
RVLV,US,technical,grade A,80.0,2026-07-22,2026-07-30,8,26.03,signal-price,-2.266615629196167,-1.501309871673584,,us_full_scan_20260722_0914.xlsx
REZI,US,technical,grade B,64.0,2026-07-22,2026-07-30,8,35.53,signal-price,-2.2797584533691406,-1.5144526958465576,,us_full_scan_20260722_0914.xlsx
UNP,US,technical,grade B,78.8,2026-07-22,2026-07-30,8,296.25,signal-price,-2.2919833660125732,-1.5266776084899902,,us_full_scan_20260722_0914.xlsx
FORR,US,technical,grade B,69.8,2026-07-22,2026-07-30,8,9.97,signal-price,-2.3069262504577637,-1.5416204929351807,,us_full_scan_20260722_0914.xlsx
NHPBP,US,technical,grade B,70.0,2026-07-22,2026-07-29,7,22.93,signal-price,-2.311384677886963,-1.5460789203643799,,us_full_scan_20260722_0914.xlsx
MAN,US,technical,grade B,75.0,2026-07-22,2026-07-30,8,53.11,signal-price,-2.3159444332122803,-1.5506386756896973,,us_full_scan_20260722_0914.xlsx
STC,US,technical,grade B,61.2,2026-07-22,2026-07-30,8,69.79,signal-price,-2.3212552070617676,-1.5559494495391846,,us_full_scan_20260722_0914.xlsx
YETI,US,technical,grade B,72.5,2026-07-22,2026-07-30,8,50.82,signal-price,-2.321922779083252,-1.556617021560669,,us_full_scan_20260722_0914.xlsx
CTO,US,technical,grade B,61.5,2026-07-22,2026-07-30,8,22.39,signal-price,-2.3224592208862305,-1.5571534633636475,,us_full_scan_20260722_0914.xlsx
KELYA,US,technical,grade B,68.8,2026-07-22,2026-07-30,8,15.38,signal-price,-2.3406982421875,-1.575392484664917,,us_full_scan_20260722_0914.xlsx
RFM,US,technical,grade A,83.0,2026-07-22,2026-07-30,8,14.95,signal-price,-2.3411333560943604,-1.5758275985717773,,us_full_scan_20260722_0914.xlsx
ZKH,US,technical,grade B,73.8,2026-07-22,2026-07-30,8,2.96,signal-price,-2.3648619651794434,-1.5995562076568604,,us_full_scan_20260722_0914.xlsx
LND,US,technical,grade B,69.0,2026-07-22,2026-07-30,8,3.8,signal-price,-2.368420362472534,-1.6031146049499512,,us_full_scan_20260722_0914.xlsx
OSK,US,technical,grade B,69.0,2026-07-22,2026-07-30,8,146.4,signal-price,-2.377045154571533,-1.6117393970489502,,us_full_scan_20260722_1558.xlsx
FTF,US,technical,grade A,89.0,2026-07-22,2026-07-30,8,5.87,signal-price,-2.3850083351135254,-1.6197025775909424,,us_full_scan_20260722_0914.xlsx
TRNO,US,technical,grade B,67.5,2026-07-22,2026-07-30,8,74.11,signal-price,-2.401834726333618,-1.6365289688110352,,us_full_scan_20260722_0914.xlsx
DPG,US,technical,grade A,83.0,2026-07-22,2026-07-30,8,14.94,signal-price,-2.409636974334717,-1.6443312168121338,,us_full_scan_20260722_1558.xlsx
GLU,US,technical,grade B,75.0,2026-07-22,2026-07-30,8,19.5,signal-price,-2.4102509021759033,-1.6449451446533203,,us_full_scan_20260722_0914.xlsx
AGPU,US,technical,grade A,91.0,2026-07-22,2026-07-30,8,8.71,signal-price,-2.411019802093506,-1.6457140445709229,,us_full_scan_20260722_0914.xlsx
BSRR,US,technical,grade B,79.5,2026-07-22,2026-07-30,8,41.67,signal-price,-2.423804998397827,-1.6584992408752441,,us_full_scan_20260722_0914.xlsx
FRME,US,technical,grade B,73.2,2026-07-22,2026-07-30,8,44.32,signal-price,-2.436816692352295,-1.671510934829712,,us_full_scan_20260722_0914.xlsx
BGH,US,technical,grade B,63.0,2026-07-22,2026-07-30,8,14.35,signal-price,-2.439028024673462,-1.673722267150879,,us_full_scan_20260722_0914.xlsx
HLX,US,technical,grade B,64.5,2026-07-22,2026-07-30,8,9.43,signal-price,-2.439028024673462,-1.673722267150879,,us_full_scan_20260722_0914.xlsx
WABC,US,technical,grade A,84.0,2026-07-22,2026-07-30,8,61.4,signal-price,-2.442997694015503,-1.67769193649292,,us_full_scan_20260722_0914.xlsx
DHR,US,technical,grade B,76.5,2026-07-22,2026-07-30,8,201.11,signal-price,-2.456367015838623,-1.69106125831604,,us_full_scan_20260722_0914.xlsx
TRTN-PD,US,technical,grade B,77.8,2026-07-22,2026-07-30,8,23.16,signal-price,-2.461141347885132,-1.6958355903625488,,us_full_scan_20260722_0914.xlsx
ZURA,US,technical,grade A,80.0,2026-07-22,2026-07-30,8,5.68,signal-price,-2.4647891521453857,-1.6994833946228027,,us_full_scan_20260722_1558.xlsx
STIM,US,technical,grade A,91.0,2026-07-22,2026-07-30,8,2.02,signal-price,-2.4752438068389893,-1.7099380493164062,,us_full_scan_20260722_0914.xlsx
SNY,US,technical,grade A,81.5,2026-07-22,2026-07-30,8,43.98,signal-price,-2.4783968925476074,-1.7130911350250244,,us_full_scan_20260722_0914.xlsx
KRG,US,technical,grade B,71.8,2026-07-22,2026-07-30,8,29.69,signal-price,-2.52610445022583,-1.760798692703247,,us_full_scan_20260722_0914.xlsx
PRLB,US,technical,grade B,67.5,2026-07-22,2026-07-30,8,77.11,signal-price,-2.5547921657562256,-1.7894864082336426,,us_full_scan_20260722_0914.xlsx
MGPI,US,technical,grade B,68.8,2026-07-22,2026-07-30,8,18.21,signal-price,-2.5809943675994873,-1.8156886100769043,,us_full_scan_20260722_0914.xlsx
TDW,US,technical,grade B,63.0,2026-07-22,2026-07-30,8,75.43,signal-price,-2.585172653198242,-1.8198668956756592,,us_full_scan_20260722_0914.xlsx
HRMY,US,technical,grade A,100.0,2026-07-22,2026-07-30,8,36.84,signal-price,-2.660149335861206,-1.894843578338623,,us_full_scan_20260722_1558.xlsx
HXL,US,technical,grade A,83.0,2026-07-22,2026-07-30,8,105.73,signal-price,-2.667170763015747,-1.901865005493164,,us_full_scan_20260722_0914.xlsx
FET,US,technical,grade B,71.5,2026-07-22,2026-07-30,8,52.84,signal-price,-2.6684343814849854,-1.9031286239624023,,us_full_scan_20260722_0914.xlsx
ADC,US,technical,grade B,61.5,2026-07-22,2026-07-30,8,80.57,signal-price,-2.680891752243042,-1.915585994720459,,us_full_scan_20260722_0914.xlsx
SOYB,US,technical,grade B,69.0,2026-07-22,2026-07-30,8,25.88,signal-price,-2.704787254333496,-1.939481496810913,,us_full_scan_20260722_0914.xlsx
PLMR,US,technical,grade B,75.0,2026-07-22,2026-07-30,8,140.12,signal-price,-2.726227045059204,-1.960921287536621,,us_full_scan_20260722_0914.xlsx
AHCO,US,technical,grade B,71.8,2026-07-22,2026-07-30,8,10.98,signal-price,-2.7322351932525635,-1.9669294357299805,,us_full_scan_20260722_0914.xlsx
TEN-PF,US,technical,grade A,81.5,2026-07-22,2026-07-30,8,27.43,signal-price,-2.734231948852539,-1.968926191329956,,us_full_scan_20260722_0914.xlsx
APC,US,technical,grade B,61.5,2026-07-22,2026-07-30,8,20.75,signal-price,-2.7469873428344727,-1.9816815853118896,,us_full_scan_20260722_0914.xlsx
HIX,US,technical,grade B,75.0,2026-07-22,2026-07-30,8,4.0,signal-price,-2.74999737739563,-1.9846916198730469,,us_full_scan_20260722_0914.xlsx
AWR,US,technical,grade B,61.5,2026-07-22,2026-07-30,8,88.4,signal-price,-2.760183811187744,-1.9948780536651611,,us_full_scan_20260722_0914.xlsx
BRX,US,technical,grade B,61.5,2026-07-22,2026-07-30,8,32.43,signal-price,-2.8677165508270264,-2.1024107933044434,,us_full_scan_20260722_0914.xlsx
KREF,US,technical,grade B,78.0,2026-07-22,2026-07-30,8,7.26,signal-price,-2.892559766769409,-2.127254009246826,,us_full_scan_20260722_0914.xlsx
TRIN,US,technical,grade B,77.8,2026-07-22,2026-07-30,8,17.93,signal-price,-2.9001712799072266,-2.1348655223846436,,us_full_scan_20260722_1558.xlsx
VVV,US,technical,grade B,70.0,2026-07-22,2026-07-30,8,39.54,signal-price,-2.9084503650665283,-2.1431446075439453,,us_full_scan_20260722_0914.xlsx
FNWB,US,technical,grade B,61.5,2026-07-22,2026-07-30,8,12.17,signal-price,-2.9580891132354736,-2.1927833557128906,,us_full_scan_20260722_0914.xlsx
UE,US,technical,grade B,76.2,2026-07-22,2026-07-30,8,23.52,signal-price,-3.0187129974365234,-2.2534072399139404,,us_full_scan_20260722_0914.xlsx
BKH,US,technical,grade B,61.5,2026-07-22,2026-07-30,8,74.48,signal-price,-3.020942211151123,-2.25563645362854,,us_full_scan_20260722_0914.xlsx
PECO,US,technical,grade B,61.5,2026-07-22,2026-07-30,8,43.77,signal-price,-3.0386149883270264,-2.2733092308044434,,us_full_scan_20260722_0914.xlsx
FOXF,US,technical,grade B,67.5,2026-07-22,2026-07-30,8,18.37,signal-price,-3.0484557151794434,-2.2831499576568604,,us_full_scan_20260722_0914.xlsx
FRHC,US,technical,grade A,83.8,2026-07-22,2026-07-30,8,160.04,signal-price,-3.067976236343384,-2.302670478820801,,us_full_scan_20260722_1558.xlsx
ACHV,US,technical,grade B,75.0,2026-07-22,2026-07-30,8,6.5,signal-price,-3.07692289352417,-2.311617136001587,,us_full_scan_20260722_1558.xlsx
GIS,US,technical,grade B,64.5,2026-07-22,2026-07-30,8,37.58,signal-price,-3.0867576599121094,-2.3214519023895264,,us_full_scan_20260722_0914.xlsx
PEB,US,technical,grade B,69.0,2026-07-22,2026-07-30,8,19.31,signal-price,-3.1072020530700684,-2.3418962955474854,,us_full_scan_20260722_0914.xlsx
TCBK,US,technical,grade A,90.0,2026-07-22,2026-07-30,8,59.8,signal-price,-3.1103670597076416,-2.3450613021850586,,us_full_scan_20260722_0914.xlsx
VNOM,US,technical,grade B,75.0,2026-07-22,2026-07-30,8,44.86,signal-price,-3.120821714401245,-2.355515956878662,,us_full_scan_20260722_1558.xlsx
APM,US,technical,grade B,75.5,2026-07-22,2026-07-24,2,8.59,signal-price,-3.1431972980499268,-2.3778915405273438,,us_full_scan_20260722_0914.xlsx
XYL,US,technical,grade B,61.2,2026-07-22,2026-07-30,8,120.62,signal-price,-3.1503915786743164,-2.3850858211517334,,us_full_scan_20260722_0914.xlsx
AVPT,US,technical,grade B,62.8,2026-07-22,2026-07-30,8,13.24,signal-price,-3.1722068786621094,-2.4069011211395264,,us_full_scan_20260722_0914.xlsx
MIN,US,technical,grade A,80.0,2026-07-22,2026-07-30,8,2.48,signal-price,-3.2258033752441406,-2.4604976177215576,,us_full_scan_20260722_0914.xlsx
XPON,US,technical,grade B,71.0,2026-07-22,2026-07-30,8,3.71,signal-price,-3.2345056533813477,-2.4691998958587646,,us_full_scan_20260722_1558.xlsx
ZD,US,technical,grade B,77.8,2026-07-22,2026-07-30,8,54.38,signal-price,-3.2548725605010986,-2.4895668029785156,,us_full_scan_20260722_0914.xlsx
FR,US,technical,grade B,67.5,2026-07-22,2026-07-30,8,68.2,signal-price,-3.2551229000091553,-2.4898171424865723,,us_full_scan_20260722_0914.xlsx
AB,US,technical,grade B,63.0,2026-07-22,2026-07-30,8,37.96,signal-price,-3.2665908336639404,-2.5012850761413574,,us_full_scan_20260722_0914.xlsx
SBRA,US,technical,grade A,100.0,2026-07-22,2026-07-30,8,22.04,signal-price,-3.2667934894561768,-2.5014877319335938,,us_full_scan_20260722_1558.xlsx
GLBS,US,technical,grade A,95.0,2026-07-22,2026-07-30,8,3.06,signal-price,-3.2679736614227295,-2.5026679039001465,,us_full_scan_20260722_1558.xlsx
ADX,US,technical,grade B,63.0,2026-07-22,2026-07-30,8,26.06,signal-price,-3.3000707626342773,-2.5347650051116943,,us_full_scan_20260722_0914.xlsx
HFWA,US,technical,grade B,71.8,2026-07-22,2026-07-30,8,30.56,signal-price,-3.304976224899292,-2.539670467376709,,us_full_scan_20260722_0914.xlsx
BNH,US,technical,grade B,75.0,2026-07-22,2026-07-30,8,15.63,signal-price,-3.3269405364990234,-2.5616347789764404,,us_full_scan_20260722_0914.xlsx
BABA,US,technical,grade B,77.8,2026-07-22,2026-07-30,8,120.34,signal-price,-3.3405303955078125,-2.5752246379852295,,us_full_scan_20260722_0914.xlsx
OMC,US,technical,grade B,69.0,2026-07-22,2026-07-30,8,82.37,signal-price,-3.3507347106933594,-2.5854289531707764,,us_full_scan_20260722_0914.xlsx
BEP-PA,US,technical,grade B,77.5,2026-07-22,2026-07-30,8,17.59,signal-price,-3.354179859161377,-2.588874101638794,,us_full_scan_20260722_0914.xlsx
ZION,US,technical,grade B,79.5,2026-07-22,2026-07-30,8,71.89,signal-price,-3.3801674842834473,-2.6148617267608643,,us_full_scan_20260722_0914.xlsx
MSDL,US,technical,grade B,61.2,2026-07-22,2026-07-30,8,15.33,signal-price,-3.392040729522705,-2.626734972000122,,us_full_scan_20260722_0914.xlsx
RGP,US,technical,grade B,78.8,2026-07-22,2026-07-30,8,4.42,signal-price,-3.3936679363250732,-2.6283621788024902,,us_full_scan_20260722_0914.xlsx
AVT,US,technical,grade A,80.0,2026-07-22,2026-07-30,8,89.85,signal-price,-3.3945441246032715,-2.6292383670806885,,us_full_scan_20260722_1558.xlsx
UNH,US,technical,grade A,88.8,2026-07-22,2026-07-30,8,436.35,signal-price,-3.410106897354126,-2.644801139831543,,us_full_scan_20260722_1558.xlsx
TRVG,US,technical,grade B,60.0,2026-07-22,2026-07-30,8,5.54,signal-price,-3.4296035766601562,-2.6642978191375732,,us_full_scan_20260722_1558.xlsx
UCO,US,technical,grade B,77.8,2026-07-22,2026-07-30,8,41.45,signal-price,-3.4499406814575195,-2.6846349239349365,,us_full_scan_20260722_0914.xlsx
EMO,US,technical,grade B,63.0,2026-07-22,2026-07-30,8,52.88,signal-price,-3.4795761108398438,-2.7142703533172607,,us_full_scan_20260722_0914.xlsx
SLRC,US,technical,grade A,88.8,2026-07-22,2026-07-30,8,13.23,signal-price,-3.5525262355804443,-2.7872204780578613,,us_full_scan_20260722_1558.xlsx
PINE,US,technical,grade B,78.8,2026-07-22,2026-07-30,8,21.05,signal-price,-3.5629451274871826,-2.7976393699645996,,us_full_scan_20260722_0914.xlsx
FCPT,US,technical,grade A,80.0,2026-07-22,2026-07-30,8,26.49,signal-price,-3.586256504058838,-2.820950746536255,,us_full_scan_20260722_0914.xlsx
MARPS,US,technical,grade B,70.0,2026-07-22,2026-07-30,8,4.96,signal-price,-3.629028797149658,-2.863723039627075,,us_full_scan_20260722_0914.xlsx
BANF,US,technical,grade B,63.0,2026-07-22,2026-07-30,8,116.4,signal-price,-3.6426126956939697,-2.8773069381713867,,us_full_scan_20260722_0914.xlsx
LAW,US,technical,grade B,75.0,2026-07-22,2026-07-30,8,4.11,signal-price,-3.6496400833129883,-2.8843343257904053,,us_full_scan_20260722_0914.xlsx
FSBC,US,technical,grade B,71.8,2026-07-22,2026-07-30,8,49.04,signal-price,-3.6704719066619873,-2.9051661491394043,,us_full_scan_20260722_0914.xlsx
MPT,US,technical,grade A,80.0,2026-07-22,2026-07-30,8,4.87,signal-price,-3.6960959434509277,-2.9307901859283447,,us_full_scan_20260722_1558.xlsx
IVT,US,technical,grade B,67.5,2026-07-22,2026-07-30,8,36.56,signal-price,-3.719913959503174,-2.954608201980591,,us_full_scan_20260722_0914.xlsx
MDV,US,technical,grade B,64.5,2026-07-22,2026-07-30,8,18.2,signal-price,-3.7362635135650635,-2.9709577560424805,,us_full_scan_20260722_0914.xlsx
FNGO,US,technical,grade B,63.0,2026-07-22,2026-07-30,8,131.19,signal-price,-3.750288486480713,-2.98498272895813,,us_full_scan_20260722_0914.xlsx
WELL,US,technical,grade B,75.0,2026-07-22,2026-07-30,8,244.84,signal-price,-3.7616372108459473,-2.9963314533233643,,us_full_scan_20260722_0914.xlsx
LCUT,US,technical,grade A,80.0,2026-07-22,2026-07-30,8,8.73,signal-price,-3.780066967010498,-3.014761209487915,,us_full_scan_20260722_0914.xlsx
YCS,US,technical,grade A,80.0,2026-07-22,2026-07-30,8,57.24,signal-price,-3.79105806350708,-3.025752305984497,,us_full_scan_20260722_1558.xlsx
FTNT,US,technical,grade B,61.5,2026-07-22,2026-07-30,8,160.36,signal-price,-3.8101792335510254,-3.0448734760284424,,us_full_scan_20260722_0914.xlsx
CP,US,technical,grade B,70.0,2026-07-22,2026-07-30,8,91.66,signal-price,-3.818458318710327,-3.053152561187744,,us_full_scan_20260722_0914.xlsx
DMA,US,technical,grade B,70.2,2026-07-22,2026-07-30,8,7.84,signal-price,-3.8265347480773926,-3.0612289905548096,,us_full_scan_20260722_0914.xlsx
OLP,US,technical,grade A,84.0,2026-07-22,2026-07-30,8,25.34,signal-price,-3.8279354572296143,-3.0626296997070312,,us_full_scan_20260722_1558.xlsx
RLYB,US,technical,grade B,71.8,2026-07-22,2026-07-30,8,16.71,signal-price,-3.8300395011901855,-3.0647337436676025,,us_full_scan_20260722_0914.xlsx
NYAX,US,technical,grade B,63.0,2026-07-22,2026-07-30,8,69.3,signal-price,-3.85282039642334,-3.087514638900757,,us_full_scan_20260722_1558.xlsx
IIIN,US,technical,grade A,95.0,2026-07-22,2026-07-30,8,31.85,signal-price,-3.8618505001068115,-3.0965447425842285,,us_full_scan_20260722_0914.xlsx
LTC,US,technical,grade B,71.8,2026-07-22,2026-07-30,8,41.92,signal-price,-3.8645029067993164,-3.0991971492767334,,us_full_scan_20260722_0914.xlsx
RLX,US,technical,grade B,63.0,2026-07-22,2026-07-30,8,2.06,signal-price,-3.883492946624756,-3.118187189102173,,us_full_scan_20260722_0914.xlsx
FSK,US,technical,grade B,68.8,2026-07-22,2026-07-30,8,10.99,signal-price,-3.912639617919922,-3.147333860397339,,us_full_scan_20260722_1558.xlsx
GOOD,US,technical,grade B,67.5,2026-07-22,2026-07-30,8,13.03,signal-price,-3.9140403270721436,-3.1487345695495605,,us_full_scan_20260722_0914.xlsx
DAR,US,technical,grade B,69.0,2026-07-22,2026-07-30,8,63.5,signal-price,-3.9370059967041016,-3.1717002391815186,,us_full_scan_20260722_0914.xlsx
HTO,US,technical,grade B,70.2,2026-07-22,2026-07-30,8,64.52,signal-price,-3.952258825302124,-3.186953067779541,,us_full_scan_20260722_0914.xlsx
LCII,US,technical,grade B,73.2,2026-07-22,2026-07-30,8,106.9,signal-price,-3.975677490234375,-3.210371732711792,,us_full_scan_20260722_0914.xlsx
ACP,US,technical,grade A,100.0,2026-07-22,2026-07-30,8,5.28,signal-price,-3.9772748947143555,-3.2119691371917725,,us_full_scan_20260722_0914.xlsx
NHI,US,technical,grade B,61.5,2026-07-22,2026-07-30,8,79.26,signal-price,-4.0247321128845215,-3.2594263553619385,,us_full_scan_20260722_0914.xlsx
SRI,US,technical,grade A,80.0,2026-07-22,2026-07-30,8,7.37,signal-price,-4.070549964904785,-3.305244207382202,,us_full_scan_20260722_1558.xlsx
DFIN,US,technical,grade B,64.5,2026-07-22,2026-07-30,8,49.03,signal-price,-4.079133033752441,-3.3138272762298584,,us_full_scan_20260722_0914.xlsx
XERS,US,technical,grade A,80.0,2026-07-22,2026-07-30,8,8.78,signal-price,-4.100221633911133,-3.33491587638855,,us_full_scan_20260722_1558.xlsx
RZLT,US,technical,grade A,80.0,2026-07-22,2026-07-30,8,5.09,signal-price,-4.125738143920898,-3.3604323863983154,,us_full_scan_20260722_1558.xlsx
SIGI,US,technical,grade A,83.8,2026-07-22,2026-07-30,8,98.76,signal-price,-4.151475429534912,-3.386169672012329,,us_full_scan_20260722_1558.xlsx
RSG,US,technical,grade B,64.5,2026-07-22,2026-07-30,8,220.53,signal-price,-4.171764850616455,-3.406459093093872,,us_full_scan_20260722_0914.xlsx
RCUS,US,technical,grade A,83.8,2026-07-22,2026-07-30,8,29.48,signal-price,-4.172319412231445,-3.4070136547088623,,us_full_scan_20260722_1558.xlsx
WTM,US,technical,grade B,61.5,2026-07-22,2026-07-30,8,2211.22,signal-price,-4.188179969787598,-3.4228742122650146,,us_full_scan_20260722_0914.xlsx
NMRK,US,technical,grade B,71.5,2026-07-22,2026-07-30,8,15.74,signal-price,-4.19313907623291,-3.427833318710327,,us_full_scan_20260722_1558.xlsx
REPX,US,technical,grade B,63.0,2026-07-22,2026-07-30,8,35.0,signal-price,-4.228568077087402,-3.4632623195648193,,us_full_scan_20260722_0914.xlsx
TRGP,US,technical,grade B,63.8,2026-07-22,2026-07-30,8,280.22,signal-price,-4.239529609680176,-3.4742238521575928,,us_full_scan_20260722_1558.xlsx
GNL,US,technical,grade B,69.0,2026-07-22,2026-07-30,8,9.19,signal-price,-4.24373722076416,-3.478431463241577,,us_full_scan_20260722_1558.xlsx
PMM,US,technical,grade B,70.0,2026-07-22,2026-07-30,8,6.55,signal-price,-4.27480936050415,-3.5095036029815674,,us_full_scan_20260722_0914.xlsx
FTI,US,technical,grade B,70.0,2026-07-22,2026-07-30,8,72.05,signal-price,-4.344213008880615,-3.5789072513580322,,us_full_scan_20260722_0914.xlsx
PAL,US,technical,grade B,61.5,2026-07-22,2026-07-30,8,7.04,signal-price,-4.403406143188477,-3.6381003856658936,,us_full_scan_20260722_0914.xlsx
IPCX,US,technical,grade B,63.8,2026-07-22,2026-07-30,8,10.4,signal-price,-4.4230756759643555,-3.6577699184417725,,us_full_scan_20260722_0914.xlsx
MXC,US,technical,grade A,80.0,2026-07-22,2026-07-30,8,9.22,signal-price,-4.446852207183838,-3.681546449661255,,us_full_scan_20260722_0914.xlsx
CLAR,US,technical,grade B,70.0,2026-07-22,2026-07-30,8,3.36,signal-price,-4.464280605316162,-3.698974847793579,,us_full_scan_20260722_0914.xlsx
CX,US,technical,grade B,78.8,2026-07-22,2026-07-30,8,12.49,signal-price,-4.483580589294434,-3.7182748317718506,,us_full_scan_20260722_0914.xlsx
VTR,US,technical,grade B,63.0,2026-07-22,2026-07-30,8,96.25,signal-price,-4.498702049255371,-3.733396291732788,,us_full_scan_20260722_0914.xlsx
MCO,US,technical,grade B,64.5,2026-07-22,2026-07-30,8,505.37,signal-price,-4.5728864669799805,-3.8075807094573975,,us_full_scan_20260722_0914.xlsx
CHMI,US,technical,grade B,75.0,2026-07-22,2026-07-30,8,2.36,signal-price,-4.661011695861816,-3.8957059383392334,,us_full_scan_20260722_1558.xlsx
EPC,US,technical,grade B,78.8,2026-07-22,2026-07-30,8,28.59,signal-price,-4.686951637268066,-3.9216458797454834,,us_full_scan_20260722_0914.xlsx
BOH,US,technical,grade A,85.0,2026-07-22,2026-07-30,8,83.8,signal-price,-4.689735412597656,-3.9244296550750732,,us_full_scan_20260722_0914.xlsx
GTES,US,technical,grade A,88.8,2026-07-22,2026-07-30,8,27.05,signal-price,-4.695004463195801,-3.9296987056732178,,us_full_scan_20260722_1558.xlsx
COLB,US,technical,grade B,76.2,2026-07-22,2026-07-30,8,32.8,signal-price,-4.725605010986328,-3.960299253463745,,us_full_scan_20260722_0914.xlsx
TWST,US,technical,grade A,80.0,2026-07-22,2026-07-30,8,95.86,signal-price,-4.725641250610352,-3.9603354930877686,,us_full_scan_20260722_1558.xlsx
FFBC,US,technical,grade B,73.2,2026-07-22,2026-07-30,8,35.48,signal-price,-4.763245582580566,-3.9979398250579834,,us_full_scan_20260722_0914.xlsx
OKE,US,technical,grade B,61.5,2026-07-22,2026-07-30,8,93.56,signal-price,-4.799056053161621,-4.033750534057617,,us_full_scan_20260722_0914.xlsx
XHR,US,technical,grade B,61.5,2026-07-22,2026-07-30,8,21.1,signal-price,-4.834127426147461,-4.068821907043457,,us_full_scan_20260722_0914.xlsx
NOG,US,technical,grade A,80.0,2026-07-22,2026-07-30,8,21.91,signal-price,-4.88361120223999,-4.118305206298828,,us_full_scan_20260722_1558.xlsx
MRVI,US,technical,grade B,68.8,2026-07-22,2026-07-30,8,7.1,signal-price,-4.9295783042907715,-4.164272308349609,,us_full_scan_20260722_1558.xlsx
XPRO,US,technical,grade B,61.2,2026-07-22,2026-07-30,8,16.02,signal-price,-4.931342601776123,-4.166036605834961,,us_full_scan_20260722_0914.xlsx
SONO,US,technical,grade B,70.2,2026-07-22,2026-07-30,8,15.2,signal-price,-5.065786838531494,-4.300480842590332,,us_full_scan_20260722_0914.xlsx
GLL,US,technical,grade B,63.0,2026-07-22,2026-07-30,8,27.08,signal-price,-5.132937431335449,-4.367631912231445,,us_full_scan_20260722_0914.xlsx
TWI,US,technical,grade B,69.0,2026-07-22,2026-07-30,8,7.76,signal-price,-5.15463924407959,-4.389333724975586,,us_full_scan_20260722_1558.xlsx
GTY,US,technical,grade B,71.8,2026-07-22,2026-07-30,8,36.11,signal-price,-5.178618431091309,-4.413312911987305,,us_full_scan_20260722_0914.xlsx
SAFE,US,technical,grade A,88.8,2026-07-22,2026-07-30,8,16.71,signal-price,-5.206459999084473,-4.441154479980469,,us_full_scan_20260722_1558.xlsx
SMHB,US,technical,grade B,70.0,2026-07-22,2026-07-30,8,4.21,signal-price,-5.225652694702148,-4.4603471755981445,,us_full_scan_20260722_0914.xlsx
EGP,US,technical,grade B,70.2,2026-07-22,2026-07-30,8,221.2,signal-price,-5.253159999847412,-4.48785400390625,,us_full_scan_20260722_0914.xlsx
WBI,US,technical,grade B,71.8,2026-07-22,2026-07-30,8,34.75,signal-price,-5.2661895751953125,-4.500884056091309,,us_full_scan_20260722_0914.xlsx
WM,US,technical,grade B,63.0,2026-07-22,2026-07-30,8,239.05,signal-price,-5.321061611175537,-4.555755615234375,,us_full_scan_20260722_0914.xlsx
HLIO,US,technical,grade B,61.5,2026-07-22,2026-07-30,8,82.08,signal-price,-5.324077606201172,-4.558772087097168,,us_full_scan_20260722_1558.xlsx
BNL,US,technical,grade B,67.5,2026-07-22,2026-07-30,8,22.72,signal-price,-5.369716644287109,-4.6044111251831055,,us_full_scan_20260722_0914.xlsx
XPO,US,technical,grade B,70.0,2026-07-22,2026-07-30,8,210.61,signal-price,-5.38911247253418,-4.623806953430176,,us_full_scan_20260722_0914.xlsx
FG,US,technical,grade B,70.0,2026-07-22,2026-07-30,8,30.79,signal-price,-5.391365051269531,-4.626059532165527,,us_full_scan_20260722_0914.xlsx
S,US,technical,grade B,63.0,2026-07-22,2026-07-30,8,19.46,signal-price,-5.447065830230713,-4.681759834289551,,us_full_scan_20260722_0914.xlsx
TGLS,US,technical,grade B,64.5,2026-07-22,2026-07-30,8,46.11,signal-price,-5.465191841125488,-4.699886322021484,,us_full_scan_20260722_0914.xlsx
CURR,US,technical,grade B,63.0,2026-07-22,2026-07-30,8,3.44,signal-price,-5.523258209228516,-4.757952690124512,,us_full_scan_20260722_0914.xlsx
IIPR,US,technical,grade B,61.5,2026-07-22,2026-07-30,8,64.35,signal-price,-5.547785758972168,-4.782480239868164,,us_full_scan_20260722_0914.xlsx
ALX,US,technical,grade B,73.2,2026-07-22,2026-07-30,8,281.51,signal-price,-5.569970607757568,-4.804664611816406,,us_full_scan_20260722_0914.xlsx
NRIM,US,technical,grade B,70.2,2026-07-22,2026-07-30,8,27.89,signal-price,-5.593400955200195,-4.828095436096191,,us_full_scan_20260722_0914.xlsx
CULP,US,technical,grade B,78.0,2026-07-22,2026-07-30,8,3.75,signal-price,-5.59999942779541,-4.834693908691406,,us_full_scan_20260722_0914.xlsx
RAL,US,technical,grade B,63.0,2026-07-22,2026-07-30,8,71.0,signal-price,-5.633801460266113,-4.868495941162109,,us_full_scan_20260722_1558.xlsx
TRTX,US,technical,grade B,76.2,2026-07-22,2026-07-30,8,8.67,signal-price,-5.651670455932617,-4.886364936828613,,us_full_scan_20260722_0914.xlsx
EEFT,US,technical,grade B,63.0,2026-07-22,2026-07-30,8,81.35,signal-price,-5.752921104431152,-4.987615585327148,,us_full_scan_20260722_0914.xlsx
AMZN,US,technical,grade B,63.0,2026-07-22,2026-07-30,8,249.99,signal-price,-5.796236038208008,-5.030930519104004,,us_full_scan_20260722_0914.xlsx
CMT,US,technical,grade A,95.0,2026-07-22,2026-07-30,8,24.77,signal-price,-5.813485145568848,-5.048179626464844,,us_full_scan_20260722_1558.xlsx
EXPD,US,technical,grade B,78.8,2026-07-22,2026-07-30,8,177.37,signal-price,-5.840897560119629,-5.075592041015625,,us_full_scan_20260722_0914.xlsx
TRN,US,technical,grade B,64.5,2026-07-22,2026-07-30,8,36.45,signal-price,-5.843621253967285,-5.078315734863281,,us_full_scan_20260722_0914.xlsx
FVR,US,technical,grade B,70.0,2026-07-22,2026-07-30,8,21.54,signal-price,-5.849581718444824,-5.08427619934082,,us_full_scan_20260722_0914.xlsx
TPL,US,technical,grade A,80.0,2026-07-22,2026-07-30,8,418.91,signal-price,-5.886709690093994,-5.121403694152832,,us_full_scan_20260722_1558.xlsx
ADM,US,technical,grade B,75.0,2026-07-22,2026-07-30,8,85.67,signal-price,-5.90638542175293,-5.141079902648926,,us_full_scan_20260722_0914.xlsx
XRN,US,technical,grade A,80.0,2026-07-22,2026-07-30,8,37.92,signal-price,-5.933547019958496,-5.168241500854492,,us_full_scan_20260722_1558.xlsx
R,US,technical,grade B,69.0,2026-07-22,2026-07-30,8,274.57,signal-price,-5.972975730895996,-5.207670211791992,,us_full_scan_20260722_1558.xlsx
OXM,US,technical,grade B,63.0,2026-07-22,2026-07-30,8,40.69,signal-price,-5.996555328369141,-5.231249809265137,,us_full_scan_20260722_0914.xlsx
INSP,US,technical,grade A,80.0,2026-07-22,2026-07-30,8,53.27,signal-price,-6.100994110107422,-5.335688591003418,,us_full_scan_20260722_0914.xlsx
OEC,US,technical,grade A,82.5,2026-07-22,2026-07-30,8,7.2,signal-price,-6.111103057861328,-5.345797538757324,,us_full_scan_20260722_1558.xlsx
NGVT,US,technical,grade B,67.5,2026-07-22,2026-07-30,8,74.77,signal-price,-6.125444412231445,-5.360138893127441,,us_full_scan_20260722_0914.xlsx
URGN,US,technical,grade A,86.0,2026-07-22,2026-07-30,8,43.78,signal-price,-6.144356727600098,-5.379051208496094,,us_full_scan_20260722_1558.xlsx
VISN,US,technical,grade A,80.0,2026-07-22,2026-07-30,8,12.48,signal-price,-6.169867515563965,-5.404561996459961,,us_full_scan_20260722_1558.xlsx
UAA,US,technical,grade B,67.5,2026-07-22,2026-07-30,8,7.28,signal-price,-6.181323528289795,-5.416017532348633,,us_full_scan_20260722_0914.xlsx
CGEN,US,technical,grade A,80.0,2026-07-22,2026-07-30,8,2.49,signal-price,-6.224900245666504,-5.4595947265625,,us_full_scan_20260722_1558.xlsx
UG,US,technical,grade A,83.0,2026-07-22,2026-07-30,8,7.7,signal-price,-6.233763694763184,-5.46845817565918,,us_full_scan_20260722_0914.xlsx
EPRT,US,technical,grade B,77.8,2026-07-22,2026-07-30,8,33.35,signal-price,-6.236875057220459,-5.471569061279297,,us_full_scan_20260722_0914.xlsx
BODI,US,technical,grade B,75.0,2026-07-22,2026-07-30,8,10.66,signal-price,-6.2851786613464355,-5.519872665405273,,us_full_scan_20260722_0914.xlsx
UA,US,technical,grade B,64.5,2026-07-22,2026-07-30,8,7.13,signal-price,-6.311363220214844,-5.54605770111084,,us_full_scan_20260722_0914.xlsx
PII,US,technical,grade B,61.5,2026-07-22,2026-07-30,8,72.8,signal-price,-6.332415580749512,-5.567110061645508,,us_full_scan_20260722_0914.xlsx
CZWI,US,technical,grade B,63.0,2026-07-22,2026-07-30,8,23.31,signal-price,-6.34920597076416,-5.583900451660156,,us_full_scan_20260722_0914.xlsx
CVEO,US,technical,grade B,73.2,2026-07-22,2026-07-30,8,34.2,signal-price,-6.403517723083496,-5.638212203979492,,us_full_scan_20260722_0914.xlsx
LNTH,US,technical,grade A,80.0,2026-07-22,2026-07-30,8,107.95,signal-price,-6.438165664672852,-5.672860145568848,,us_full_scan_20260722_1558.xlsx
PCB,US,technical,grade B,76.5,2026-07-22,2026-07-30,8,29.59,signal-price,-6.488680839538574,-5.72337532043457,,us_full_scan_20260722_0914.xlsx
ONIT,US,technical,grade B,70.0,2026-07-22,2026-07-30,8,40.02,signal-price,-6.5217437744140625,-5.756438255310059,,us_full_scan_20260722_0914.xlsx
IOVA,US,technical,grade B,61.2,2026-07-22,2026-07-30,8,5.02,signal-price,-6.573700904846191,-5.8083953857421875,,us_full_scan_20260722_0914.xlsx
BWB,US,technical,grade B,70.2,2026-07-22,2026-07-30,8,21.95,signal-price,-6.605923175811768,-5.8406171798706055,,us_full_scan_20260722_0914.xlsx
GENC,US,technical,grade B,78.8,2026-07-22,2026-07-30,8,15.43,signal-price,-6.610500812530518,-5.8451948165893555,,us_full_scan_20260722_0914.xlsx
MATX,US,technical,grade B,61.2,2026-07-22,2026-07-30,8,218.41,signal-price,-6.757938861846924,-5.992632865905762,,us_full_scan_20260722_0914.xlsx
TOP,US,technical,grade A,81.0,2026-07-22,2026-07-30,8,2.24,signal-price,-6.91964054107666,-6.154335021972656,,us_full_scan_20260722_0914.xlsx
NBHC,US,technical,grade B,76.2,2026-07-22,2026-07-30,8,45.76,signal-price,-6.949293613433838,-6.183987617492676,,us_full_scan_20260722_0914.xlsx
DHC,US,technical,grade A,88.8,2026-07-22,2026-07-30,8,9.64,signal-price,-6.9502058029174805,-6.184900283813477,,us_full_scan_20260722_1558.xlsx
UPS,US,technical,grade A,85.0,2026-07-22,2026-07-30,8,113.15,signal-price,-6.964212417602539,-6.198906898498535,,us_full_scan_20260722_0914.xlsx
BULL,US,technical,grade B,75.0,2026-07-22,2026-07-30,8,7.69,signal-price,-7.022106647491455,-6.256800651550293,,us_full_scan_20260722_0914.xlsx
WT,US,technical,grade B,63.0,2026-07-22,2026-07-30,8,20.24,signal-price,-7.114624977111816,-6.3493194580078125,,us_full_scan_20260722_0914.xlsx
ONEW,US,technical,grade B,73.2,2026-07-22,2026-07-30,8,13.35,signal-price,-7.1161088943481445,-6.350803375244141,,us_full_scan_20260722_0914.xlsx
IOT,US,technical,grade B,77.8,2026-07-22,2026-07-30,8,38.55,signal-price,-7.133591175079346,-6.368285179138184,,us_full_scan_20260722_0914.xlsx
UPBD,US,technical,grade B,70.0,2026-07-22,2026-07-30,8,21.69,signal-price,-7.238358497619629,-6.473052978515625,,us_full_scan_20260722_0914.xlsx
ANGX,US,technical,grade A,86.0,2026-07-22,2026-07-30,8,4.41,signal-price,-7.256227493286133,-6.490921974182129,,us_full_scan_20260722_0914.xlsx
VG,US,technical,grade A,90.0,2026-07-22,2026-07-30,8,14.29,signal-price,-7.3477983474731445,-6.582492828369141,,us_full_scan_20260722_0914.xlsx
JBHT,US,technical,grade B,70.2,2026-07-22,2026-07-30,8,290.61,signal-price,-7.3638200759887695,-6.598514556884766,,us_full_scan_20260722_0914.xlsx
NXDR,US,technical,grade B,78.0,2026-07-22,2026-07-30,8,2.43,signal-price,-7.407408714294434,-6.64210319519043,,us_full_scan_20260722_0914.xlsx
KRO,US,technical,grade B,77.8,2026-07-22,2026-07-30,8,6.73,signal-price,-7.4294209480285645,-6.664114952087402,,us_full_scan_20260722_1558.xlsx
SPGI,US,technical,grade B,64.5,2026-07-22,2026-07-30,8,448.35,signal-price,-7.438385486602783,-6.673079490661621,,us_full_scan_20260722_0914.xlsx
RGS,US,technical,grade A,84.5,2026-07-22,2026-07-30,8,29.64,signal-price,-7.4561357498168945,-6.690830230712891,,us_full_scan_20260722_0914.xlsx
SERA,US,technical,grade A,100.0,2026-07-22,2026-07-30,8,2.27,signal-price,-7.48898983001709,-6.723684310913086,,us_full_scan_20260722_1558.xlsx
BWAY,US,technical,grade A,95.0,2026-07-22,2026-07-30,8,16.5,signal-price,-7.575756072998047,-6.810450553894043,,us_full_scan_20260722_0914.xlsx
AMCX,US,technical,grade B,61.5,2026-07-22,2026-07-30,8,10.52,signal-price,-7.699620723724365,-6.934314727783203,,us_full_scan_20260722_0914.xlsx
MYSE,US,technical,grade B,70.0,2026-07-22,2026-07-30,8,2.59,signal-price,-7.722002029418945,-6.956696510314941,,us_full_scan_20260722_1558.xlsx
ATI,US,technical,grade B,73.8,2026-07-22,2026-07-30,8,197.21,signal-price,-7.763302326202393,-6.9979963302612305,,us_full_scan_20260722_1558.xlsx
CPIX,US,technical,grade B,69.0,2026-07-22,2026-07-30,8,7.3,signal-price,-7.808220386505127,-7.042914390563965,,us_full_scan_20260722_0914.xlsx
ANDE,US,technical,grade B,70.0,2026-07-22,2026-07-30,8,77.58,signal-price,-7.811295986175537,-7.045989990234375,,us_full_scan_20260722_0914.xlsx
STAG,US,technical,grade B,71.8,2026-07-22,2026-07-30,8,41.82,signal-price,-7.843136787414551,-7.077831268310547,,us_full_scan_20260722_0914.xlsx
MSCI,US,technical,grade B,70.2,2026-07-22,2026-07-30,8,625.11,signal-price,-7.8978118896484375,-7.132506370544434,,us_full_scan_20260722_0914.xlsx
DULL,US,technical,grade B,63.0,2026-07-22,2026-07-30,8,76.84,signal-price,-7.91163444519043,-7.146328926086426,,us_full_scan_20260722_0914.xlsx
ILPT,US,technical,grade A,95.0,2026-07-22,2026-07-30,8,9.2,signal-price,-7.934779167175293,-7.169473648071289,,us_full_scan_20260722_1558.xlsx
PBYI,US,technical,grade A,90.0,2026-07-22,2026-07-30,8,8.58,signal-price,-8.041959762573242,-7.276654243469238,,us_full_scan_20260722_1558.xlsx
VIV,US,technical,grade B,63.0,2026-07-22,2026-07-30,8,14.03,signal-price,-8.196717262268066,-7.4314117431640625,,us_full_scan_20260722_0914.xlsx
WEAV,US,technical,grade B,71.8,2026-07-22,2026-07-30,8,7.15,signal-price,-8.251750946044922,-7.486445426940918,,us_full_scan_20260722_0914.xlsx
ODFL,US,technical,grade B,64.5,2026-07-22,2026-07-30,8,231.76,signal-price,-8.323264122009277,-7.557958602905273,,us_full_scan_20260722_0914.xlsx
DLTH,US,technical,grade A,80.0,2026-07-22,2026-07-30,8,4.43,signal-price,-8.352142333984375,-7.586836814880371,,us_full_scan_20260722_1558.xlsx
SKK,US,technical,grade A,89.0,2026-07-22,2026-07-30,8,5.08,signal-price,-8.464563369750977,-7.699257850646973,,us_full_scan_20260722_0914.xlsx
BLBD,US,technical,grade A,95.0,2026-07-22,2026-07-30,8,81.5,signal-price,-8.466261863708496,-7.700956344604492,,us_full_scan_20260722_0914.xlsx
AHL-PD,US,technical,grade B,77.5,2026-07-22,2026-07-30,8,20.9,signal-price,-8.468902587890625,-7.703597068786621,,us_full_scan_20260722_0914.xlsx
ORGO,US,technical,grade B,60.0,2026-07-22,2026-07-30,8,2.68,signal-price,-8.582091331481934,-7.81678581237793,,us_full_scan_20260722_1558.xlsx
CROX,US,technical,grade B,67.5,2026-07-22,2026-07-30,8,135.39,signal-price,-8.663856506347656,-7.898550987243652,,us_full_scan_20260722_0914.xlsx
FTK,US,technical,grade B,64.0,2026-07-22,2026-07-30,8,25.62,signal-price,-8.665108680725098,-7.899803161621094,,us_full_scan_20260722_0914.xlsx
VOC,US,technical,grade A,84.0,2026-07-22,2026-07-30,8,3.19,signal-price,-8.777427673339844,-8.01212215423584,,us_full_scan_20260722_0914.xlsx
BSET,US,technical,grade B,72.5,2026-07-22,2026-07-30,8,21.25,signal-price,-8.847057342529297,-8.081751823425293,,us_full_scan_20260722_0914.xlsx
MO,US,technical,grade B,75.0,2026-07-22,2026-07-30,8,74.66,signal-price,-9.000802040100098,-8.235496520996094,,us_full_scan_20260722_0914.xlsx
SOPH,US,technical,grade A,95.0,2026-07-22,2026-07-30,8,6.33,signal-price,-9.004735946655273,-8.23943042755127,,us_full_scan_20260722_0914.xlsx
EVER,US,technical,grade B,79.8,2026-07-22,2026-07-30,8,27.54,signal-price,-9.041399002075195,-8.276093482971191,,us_full_scan_20260722_0914.xlsx
VITL,US,technical,grade B,69.0,2026-07-22,2026-07-30,8,13.76,signal-price,-9.084301948547363,-8.31899642944336,,us_full_scan_20260722_0914.xlsx
DSWL,US,technical,grade B,61.5,2026-07-22,2026-07-30,8,3.57,signal-price,-9.103643417358398,-8.338337898254395,,us_full_scan_20260722_0914.xlsx
PRVA,US,technical,grade B,76.2,2026-07-22,2026-07-30,8,26.26,signal-price,-9.139376640319824,-8.37407112121582,,us_full_scan_20260722_0914.xlsx
CUE,US,technical,grade B,66.0,2026-07-22,2026-07-30,8,33.46,signal-price,-9.145248413085938,-8.379942893981934,,us_full_scan_20260722_1558.xlsx
ISSC,US,technical,grade B,75.0,2026-07-22,2026-07-30,8,19.22,signal-price,-9.157127380371094,-8.39182186126709,,us_full_scan_20260722_1558.xlsx
FLWS,US,technical,grade A,80.0,2026-07-22,2026-07-30,8,4.23,signal-price,-9.219861030578613,-8.45455551147461,,us_full_scan_20260722_0914.xlsx
PLTR,US,technical,grade B,75.0,2026-07-22,2026-07-30,8,134.85,signal-price,-9.336304664611816,-8.570999145507812,,us_full_scan_20260722_0914.xlsx
COCO,US,technical,grade B,63.0,2026-07-22,2026-07-30,8,73.87,signal-price,-9.367817878723145,-8.60251235961914,,us_full_scan_20260722_0914.xlsx
IART,US,technical,grade B,70.0,2026-07-22,2026-07-30,8,18.89,signal-price,-9.37002944946289,-8.604723930358887,,us_full_scan_20260722_0914.xlsx
KZIA,US,technical,grade B,75.0,2026-07-22,2026-07-30,8,14.15,signal-price,-9.39929485321045,-8.633989334106445,,us_full_scan_20260722_1558.xlsx
QNST,US,technical,grade B,60.0,2026-07-22,2026-07-30,8,17.12,signal-price,-9.462618827819824,-8.69731330871582,,us_full_scan_20260722_0914.xlsx
VSTS,US,technical,grade B,67.2,2026-07-22,2026-07-30,8,16.14,signal-price,-9.603464126586914,-8.83815860748291,,us_full_scan_20260722_0914.xlsx
TDTH,US,technical,grade B,77.8,2026-07-22,2026-07-30,8,2.81,signal-price,-9.608543395996094,-8.84323787689209,,us_full_scan_20260722_1558.xlsx
SGHC,US,technical,grade A,100.0,2026-07-22,2026-07-30,8,15.58,signal-price,-9.627729415893555,-8.86242389678955,,us_full_scan_20260722_0914.xlsx
RH,US,technical,grade B,70.0,2026-07-22,2026-07-30,8,183.95,signal-price,-9.64391803741455,-8.878612518310547,,us_full_scan_20260722_0914.xlsx
WNEB,US,technical,grade B,76.2,2026-07-22,2026-07-30,8,14.49,signal-price,-9.661835670471191,-8.896530151367188,,us_full_scan_20260722_0914.xlsx
HUBG,US,technical,grade B,70.0,2026-07-22,2026-07-30,8,50.32,signal-price,-9.757548332214355,-8.992242813110352,,us_full_scan_20260722_0914.xlsx
FA,US,technical,grade B,72.5,2026-07-22,2026-07-30,8,22.3,signal-price,-10.089683532714844,-9.32437801361084,,us_full_scan_20260722_0914.xlsx
ZSL,US,technical,grade B,60.0,2026-07-22,2026-07-30,8,33.34,signal-price,-10.137975692749023,-9.37267017364502,,us_full_scan_20260722_0914.xlsx
ARCB,US,technical,grade B,64.5,2026-07-22,2026-07-30,8,158.2,signal-price,-10.199111938476562,-9.433806419372559,,us_full_scan_20260722_0914.xlsx
LITB,US,technical,grade A,88.8,2026-07-22,2026-07-30,8,3.36,signal-price,-10.21130657196045,-9.446001052856445,,us_full_scan_20260722_0914.xlsx
SKYQ,US,technical,grade A,86.0,2026-07-22,2026-07-30,8,4.74,signal-price,-10.337549209594727,-9.572243690490723,,us_full_scan_20260722_0914.xlsx
NTSK,US,technical,grade B,69.0,2026-07-22,2026-07-30,8,13.52,signal-price,-10.502958297729492,-9.737652778625488,,us_full_scan_20260722_0914.xlsx
BETA,US,technical,grade A,88.8,2026-07-22,2026-07-30,8,19.64,signal-price,-10.539716720581055,-9.77441120147705,,us_full_scan_20260722_0914.xlsx
MTDR,US,technical,grade B,75.0,2026-07-22,2026-07-30,8,54.08,signal-price,-10.669380187988281,-9.904074668884277,,us_full_scan_20260722_1558.xlsx
BTMD,US,technical,grade B,69.0,2026-07-22,2026-07-30,8,2.49,signal-price,-10.843372344970703,-10.0780668258667,,us_full_scan_20260722_0914.xlsx
BCML,US,technical,grade B,63.0,2026-07-22,2026-07-30,8,33.89,signal-price,-10.858660697937012,-10.093355178833008,,us_full_scan_20260722_0914.xlsx
RHI,US,technical,grade B,79.8,2026-07-22,2026-07-30,8,41.83,signal-price,-10.97298812866211,-10.207682609558105,,us_full_scan_20260722_0914.xlsx
KEX,US,technical,grade A,80.0,2026-07-22,2026-07-30,8,148.7,signal-price,-11.002016067504883,-10.236710548400879,,us_full_scan_20260722_1558.xlsx
NABL,US,technical,grade B,75.0,2026-07-22,2026-07-30,8,4.9,signal-price,-11.020410537719727,-10.255105018615723,,us_full_scan_20260722_0914.xlsx
WTTR,US,technical,grade B,71.8,2026-07-22,2026-07-30,8,20.41,signal-price,-11.024009704589844,-10.25870418548584,,us_full_scan_20260722_0914.xlsx
SNDR,US,technical,grade B,69.0,2026-07-22,2026-07-30,8,38.38,signal-price,-11.047422409057617,-10.282116889953613,,us_full_scan_20260722_1558.xlsx
CLNE,US,technical,grade B,72.5,2026-07-22,2026-07-30,8,2.17,signal-price,-11.059915542602539,-10.294610023498535,,us_full_scan_20260722_0914.xlsx
DXPE,US,technical,grade B,62.8,2026-07-22,2026-07-30,8,174.08,signal-price,-11.086856842041016,-10.321551322937012,,us_full_scan_20260722_1558.xlsx
WU,US,technical,grade B,71.8,2026-07-22,2026-07-30,8,8.66,signal-price,-11.200922966003418,-10.435617446899414,,us_full_scan_20260722_0914.xlsx
TFII,US,technical,grade B,70.0,2026-07-22,2026-07-30,8,151.36,signal-price,-11.277752876281738,-10.512447357177734,,us_full_scan_20260722_0914.xlsx
TMUS,US,technical,grade B,75.0,2026-07-22,2026-07-30,8,195.64,signal-price,-11.39848804473877,-10.633182525634766,,us_full_scan_20260722_0914.xlsx
HOG,US,technical,grade A,82.8,2026-07-22,2026-07-30,8,27.82,signal-price,-11.43062686920166,-10.665321350097656,,us_full_scan_20260722_0914.xlsx
DMRA,US,technical,grade B,60.0,2026-07-22,2026-07-30,8,32.99,signal-price,-11.458026885986328,-10.692721366882324,,us_full_scan_20260722_0914.xlsx
CNSP,US,technical,grade A,80.0,2026-07-22,2026-07-30,8,5.5,signal-price,-11.818181991577148,-11.052876472473145,,us_full_scan_20260722_0914.xlsx
BMI,US,technical,grade B,78.8,2026-07-22,2026-07-30,8,148.3,signal-price,-12.076872825622559,-11.311567306518555,,us_full_scan_20260722_0914.xlsx
OPAL,US,technical,grade B,63.0,2026-07-22,2026-07-30,8,2.53,signal-price,-12.252962112426758,-11.487656593322754,,us_full_scan_20260722_0914.xlsx
AMPL,US,technical,grade B,66.0,2026-07-22,2026-07-30,8,9.83,signal-price,-12.410992622375488,-11.645687103271484,,us_full_scan_20260722_0914.xlsx
WWD,US,technical,grade B,69.0,2026-07-22,2026-07-30,8,406.87,signal-price,-12.43394660949707,-11.668641090393066,,us_full_scan_20260722_1558.xlsx
FWRD,US,technical,grade A,95.0,2026-07-22,2026-07-30,8,16.21,signal-price,-12.461441993713379,-11.696136474609375,,us_full_scan_20260722_1558.xlsx
MRT,US,technical,grade A,95.0,2026-07-22,2026-07-30,8,2.0,signal-price,-12.5,-11.734694480895996,,us_full_scan_20260722_1558.xlsx
MESO,US,technical,grade A,83.8,2026-07-22,2026-07-30,8,16.63,signal-price,-12.5075101852417,-11.742204666137695,,us_full_scan_20260722_0914.xlsx
RCEL,US,technical,grade B,70.2,2026-07-22,2026-07-30,8,5.14,signal-price,-12.645917892456055,-11.88061237335205,,us_full_scan_20260722_0914.xlsx
LASR,US,technical,grade A,80.0,2026-07-22,2026-07-30,8,75.23,signal-price,-12.654531478881836,-11.889225959777832,,us_full_scan_20260722_1558.xlsx
PRE,US,technical,grade A,88.8,2026-07-22,2026-07-30,8,22.06,signal-price,-12.783318519592285,-12.018013000488281,,us_full_scan_20260722_1558.xlsx
BG,US,technical,grade B,69.0,2026-07-22,2026-07-30,8,120.49,signal-price,-12.79774284362793,-12.032437324523926,,us_full_scan_20260722_0914.xlsx
MENS,US,technical,grade A,88.8,2026-07-22,2026-07-30,8,2.58,signal-price,-13.565885543823242,-12.800580024719238,,us_full_scan_20260722_1558.xlsx
BANC,US,technical,grade A,100.0,2026-07-22,2026-07-30,8,21.83,signal-price,-13.696747779846191,-12.931442260742188,,us_full_scan_20260722_1558.xlsx
AMWL,US,technical,grade B,78.5,2026-07-22,2026-07-30,8,12.58,signal-price,-13.831478118896484,-13.06617259979248,,us_full_scan_20260722_0914.xlsx
DAVE,US,technical,grade B,64.2,2026-07-22,2026-07-30,8,438.9,signal-price,-13.957619667053223,-13.192314147949219,,us_full_scan_20260722_1558.xlsx
HPK,US,technical,grade A,80.0,2026-07-22,2026-07-30,8,7.72,signal-price,-14.119166374206543,-13.353860855102539,,us_full_scan_20260722_1558.xlsx
CRS,US,technical,grade B,73.8,2026-07-22,2026-07-30,8,588.99,signal-price,-14.479022979736328,-13.713717460632324,,us_full_scan_20260722_1558.xlsx
XMTR,US,technical,grade B,77.8,2026-07-22,2026-07-30,8,100.12,signal-price,-15.19176959991455,-14.426464080810547,,us_full_scan_20260722_0914.xlsx
META,US,technical,grade B,61.5,2026-07-22,2026-07-30,8,645.85,signal-price,-16.53943634033203,-15.774130821228027,,us_full_scan_20260722_0914.xlsx
ROLR,US,technical,grade B,63.0,2026-07-22,2026-07-30,8,6.93,signal-price,-17.027414321899414,-16.262107849121094,,us_full_scan_20260722_0914.xlsx
SILC,US,technical,grade B,69.0,2026-07-22,2026-07-30,8,46.8,signal-price,-17.77777671813965,-17.012470245361328,,us_full_scan_20260722_1558.xlsx
BWEN,US,technical,grade B,64.5,2026-07-22,2026-07-30,8,4.79,signal-price,-18.580371856689453,-17.815065383911133,,us_full_scan_20260722_0914.xlsx
LINK,US,technical,grade A,95.0,2026-07-22,2026-07-30,8,5.01,signal-price,-18.66267967224121,-17.89737319946289,,us_full_scan_20260722_1558.xlsx
DBD,US,technical,grade A,88.8,2026-07-22,2026-07-30,8,88.18,signal-price,-19.18802261352539,-18.42271614074707,,us_full_scan_20260722_1558.xlsx
LSTR,US,technical,grade B,61.5,2026-07-22,2026-07-30,8,211.17,signal-price,-19.808685302734375,-19.043378829956055,,us_full_scan_20260722_0914.xlsx
BBNX,US,technical,grade B,66.0,2026-07-22,2026-07-30,8,17.82,signal-price,-19.92143440246582,-19.1561279296875,,us_full_scan_20260722_0914.xlsx
WERN,US,technical,grade B,78.0,2026-07-22,2026-07-30,8,46.31,signal-price,-20.362770080566406,-19.597463607788086,,us_full_scan_20260722_0914.xlsx
RPD,US,technical,grade B,61.2,2026-07-22,2026-07-30,8,11.95,signal-price,-20.66946029663086,-19.90415382385254,,us_full_scan_20260722_0914.xlsx
AGL,US,technical,grade B,67.2,2026-07-22,2026-07-30,8,122.1,signal-price,-20.761669158935547,-19.996362686157227,,us_full_scan_20260722_0914.xlsx
ACHC,US,technical,grade B,79.8,2026-07-22,2026-07-30,8,35.61,signal-price,-20.977258682250977,-20.211952209472656,,us_full_scan_20260722_1558.xlsx
ANNA,US,technical,grade B,77.8,2026-07-22,2026-07-30,8,3.6,signal-price,-22.22222137451172,-21.4569149017334,,us_full_scan_20260722_0914.xlsx
RSI,US,technical,grade A,95.0,2026-07-22,2026-07-30,8,34.52,signal-price,-22.479724884033203,-21.714418411254883,,us_full_scan_20260722_0914.xlsx
NXDT,US,technical,grade A,88.8,2026-07-22,2026-07-30,8,5.78,signal-price,-22.837369918823242,-22.072063446044922,,us_full_scan_20260722_0914.xlsx
CVLG,US,technical,grade B,71.8,2026-07-22,2026-07-30,8,48.49,signal-price,-24.004953384399414,-23.239646911621094,,us_full_scan_20260722_0914.xlsx
FEIM,US,technical,grade A,91.0,2026-07-22,2026-07-30,8,79.85,signal-price,-24.996870040893555,-24.231563568115234,,us_full_scan_20260722_1558.xlsx
CHRN,US,technical,grade B,66.0,2026-07-22,2026-07-30,8,28.89,signal-price,-27.10280418395996,-26.33749771118164,,us_full_scan_20260722_0914.xlsx
TREE,US,technical,grade B,63.8,2026-07-22,2026-07-30,8,44.13,signal-price,-28.1214656829834,-27.356159210205078,,us_full_scan_20260722_0914.xlsx
ATHR,US,technical,grade A,81.5,2026-07-22,2026-07-30,8,4.68,signal-price,-28.418804168701172,-27.65349769592285,,us_full_scan_20260722_0914.xlsx
CHRW,US,technical,grade B,76.2,2026-07-22,2026-07-30,8,205.8,signal-price,-28.610301971435547,-27.844995498657227,,us_full_scan_20260722_0914.xlsx
RXO,US,technical,grade B,61.5,2026-07-22,2026-07-30,8,28.87,signal-price,-28.74956703186035,-27.98426055908203,,us_full_scan_20260722_0914.xlsx
RBKB,US,technical,grade A,80.0,2026-07-22,2026-07-30,8,17.54,signal-price,-28.848350524902344,-28.083044052124023,,us_full_scan_20260722_0914.xlsx
LEDS,US,technical,grade B,72.5,2026-07-22,2026-07-30,8,2.75,signal-price,-29.090904235839844,-28.325597763061523,,us_full_scan_20260722_0914.xlsx
PSNYW,US,technical,grade B,75.5,2026-07-22,2026-07-30,8,3.54,signal-price,-29.94350242614746,-29.17819595336914,,us_full_scan_20260722_0914.xlsx
GORO,US,technical,grade B,75.5,2026-07-22,2026-07-30,8,3.29,signal-price,-32.21884536743164,-31.45353889465332,,us_full_scan_20260722_0914.xlsx
TDOC,US,technical,grade B,66.0,2026-07-22,2026-07-30,8,9.71,signal-price,-32.23480987548828,-31.46950340270996,,us_full_scan_20260722_1558.xlsx
GREE,US,technical,grade A,91.0,2026-07-22,2026-07-29,7,2.91,signal-price,-32.98969268798828,-32.224388122558594,,us_full_scan_20260722_1558.xlsx
GBFH,US,technical,grade B,77.8,2026-07-22,2026-07-30,8,31.73,signal-price,-33.753543853759766,-32.98823928833008,,us_full_scan_20260722_1558.xlsx
PHOE,US,technical,grade B,74.0,2026-07-22,2026-07-30,8,36.5,signal-price,-36.19178009033203,-35.426475524902344,,us_full_scan_20260722_0914.xlsx
MSS,US,technical,grade B,71.0,2026-07-22,2026-07-30,8,2.45,signal-price,-43.26530838012695,-42.500003814697266,,us_full_scan_20260722_1558.xlsx
REPL,US,technical,grade B,77.8,2026-07-22,2026-07-29,7,10.51,signal-price,-48.52521514892578,-47.759910583496094,,us_full_scan_20260722_0914.xlsx
CLBK,US,technical,grade A,89.0,2026-07-22,2026-07-30,8,24.5,signal-price,-55.30612564086914,-54.54082107543945,,us_full_scan_20260722_0914.xlsx
VEEE,US,technical,grade B,74.8,2026-07-22,2026-07-30,8,29.49,signal-price,-57.341468811035156,-56.57616424560547,,us_full_scan_20260722_0914.xlsx
ZYBT,US,technical,grade A,91.0,2026-07-22,2026-07-30,8,8.01,signal-price,-83.02122497558594,-82.25592041015625,,us_full_scan_20260722_0914.xlsx
CPHI,US,technical,grade B,60.0,2026-07-22,2026-07-30,8,8.1,signal-price,-83.95061492919922,-83.18531036376953,,us_full_scan_20260722_1558.xlsx
