ticker,name,market,last_update
1SXP.F,Schott Pharma AG & CO KGaA,europe,2026-07-14
1U1.F,1&1 AG,europe,2026-07-14
3IN.L,3i Infrastructure,europe,2026-07-27
8OT.F,Douglas Elliman Inc.,europe,2026-07-14
8TRA.F,Traton,europe,2026-07-14
A2A.MI,A2A,europe,2026-07-27
A5G.IR,AIB Group,europe,2026-07-17
AAD.F,Amadeus FiRe AG,europe,2026-07-14
AAF.L,Airtel Africa,europe,2026-07-27
AAL.L,Anglo American plc,europe,2026-07-27
AAS.L,Aberdeen Asia Focus,europe,2026-07-27
ABB.ST,ABB Ltd,europe,2026-07-27
ABBN.SW,ABB Ltd,europe,2026-07-27
ABDN.L,Aberdeen Group,europe,2026-07-27
ABF.L,Associated British Foods,europe,2026-07-27
ABI.BR,AB InBev,europe,2026-07-17
ABN.AS,ABN AMRO,europe,2026-07-27
AC.PA,Accor,europe,2026-07-27
ACA.PA,Crédit Agricole,europe,2026-07-27
ACKB.BR,Ackermans & van Haaren,europe,2026-07-17
ACS.MC,ACS,europe,2026-07-27
ACT.F,AlzChem Group AG,europe,2026-07-27
ACX.MC,Acerinox,europe,2026-07-27
AD.AS,Ahold Delhaize,europe,2026-07-27
ADDT-B.ST,Addtech B,europe,2026-07-27
ADM.L,Admiral Group,europe,2026-07-27
ADMIE.AT,ADMIE Holding,europe,2026-07-27
ADN1.F,adesso SE,europe,2026-07-14
ADS.F,Adidas,europe,2026-07-27
ADV.F,Adtran Networks SE,europe,2026-07-14
ADYEN.AS,Adyen,europe,2026-07-27
AED.BR,Aedifica,europe,2026-07-17
AEFES.IS,Anadolu Efes,europe,2026-07-27
AENA.MC,AENA,europe,2026-07-27
AEP.L,AEP Plantations,europe,2026-07-27
AEWU.L,AEW UK REIT,europe,2026-07-27
AFX.F,Carl Zeiss Meditec,europe,2026-07-27
AGN.AS,Aegon,europe,2026-07-27
AGS.BR,Ageas,europe,2026-07-17
AGT.L,AVI Global Trust,europe,2026-07-27
AI.PA,Air Liquide,europe,2026-07-27
AIE.L,Ashoka India Equity Investment Trust,europe,2026-07-27
AIR.F,Airbus,europe,2026-07-27
AIR.PA,Airbus,europe,2026-07-27
AIXA.F,Aixtron,europe,2026-07-27
AJB.L,AJ Bell,europe,2026-07-27
AKBNK.IS,Akbank,europe,2026-07-27
AKRBP.OL,Aker BP,europe,2026-07-17
AKSEN.IS,Aksa Enerji,europe,2026-07-27
AKZA.AS,AkzoNobel,europe,2026-07-27
ALARK.IS,Alarko Holding,europe,2026-07-27
ALC.SW,Alcon Inc,europe,2026-07-27
ALE.WA,Allegro,europe,2026-07-27
ALFA.L,Alfa Financial Software,europe,2026-07-27
ALFA.ST,Alfa Laval,europe,2026-07-27
ALPHA.AT,Alpha Bank,europe,2026-07-27
ALTEO.BD,Alteo,europe,2026-07-27
ALTR.LS,Altri,europe,2026-07-27
ALV.F,Allianz,europe,2026-07-27
ALW.L,Alliance Witan,europe,2026-07-27
AML.L,Aston Martin Lagonda,europe,2026-07-27
AMP.MI,Amplifon,europe,2026-07-27
AMRZ.SW,Amrize AG,europe,2026-07-17
AMS.MC,Amadeus IT Group,europe,2026-07-27
ANA.MC,Acciona,europe,2026-07-27
ANDR.VI,Andritz,europe,2026-07-27
ANE.MC,Acciona Energía,europe,2026-07-27
ANTO.L,Antofagasta plc,europe,2026-07-27
ANY.BD,ANY Security Printing,europe,2026-07-27
AO.L,AO World,europe,2026-07-27
AOF.F,ATOSS Software AG,europe,2026-07-14
APN.L,Applied Nutrition,europe,2026-07-27
APTD.L,Aptitude Software Group,europe,2026-07-27
ARCLK.IS,Arcelik,europe,2026-07-27
ARGX.BR,arGEN-X [nl],europe,2026-07-17
ARION.IC,Arion Banki,europe,2026-07-27
ASELS.IS,Aselsan,europe,2026-07-27
ASHM.L,Ashmore Group,europe,2026-07-27
ASL.L,Aberforth Smaller Companies Trust,europe,2026-07-27
ASM.AS,ASM International,europe,2026-07-27
ASML.AS,ASML Holding,europe,2026-07-27
ASRNL.AS,ASR Nederland,europe,2026-07-27
ASSA-B.ST,Assa Abloy B,europe,2026-07-27
AT1.F,Aroundtown,europe,2026-07-27
ATC.WA,Atlantic,europe,2026-07-27
ATCO-A.ST,Atlas Copco A,europe,2026-07-27
ATR.L,Schroder Asian Total Return Investment Company,europe,2026-07-27
ATT.L,Allianz Technology Trust,europe,2026-07-27
ATYM.L,Atalaya Mining,europe,2026-07-27
AUTO.L,Autotrader Group,europe,2026-07-27
AV.L,Aviva,europe,2026-07-27
AVIO.MI,Avio,europe,2026-07-27
AVON.L,Avon Technologies,europe,2026-07-27
AZE.BR,Azelis Group,europe,2026-07-17
AZM.MI,Azimut,europe,2026-07-27
AZN.L,AstraZeneca,europe,2026-07-27
AZN.ST,AstraZeneca,europe,2026-07-27
BA.L,BAE Systems,europe,2026-07-27
BAB.L,Babcock International,europe,2026-07-27
BAG.L,A.G. Barr,europe,2026-07-27
BAMI.MI,Banco BPM,europe,2026-07-27
BARC.L,Barclays,europe,2026-07-27
BAS.F,BASF,europe,2026-07-27
BATS.L,British American Tobacco,europe,2026-07-27
BAVA.CO,Bavarian Nordic,europe,2026-07-27
BAYN.F,Bayer,europe,2026-07-27
BBOX.L,Tritax Big Box REIT,europe,2026-07-27
BBVA.MC,BBVA,europe,2026-07-27
BBY.L,Balfour Beatty,europe,2026-07-27
BC.MI,Brunello Cucinelli,europe,2026-07-27
BC8.F,Bechtle,europe,2026-07-24
BCG.L,Baltic Classifieds,europe,2026-07-27
BCP.LS,Banco Comercial Português,europe,2026-07-27
BDX.WA,Budimex,europe,2026-07-27
BEI.F,Beiersdorf,europe,2026-07-27
BELA.AT,Jumbo,europe,2026-07-27
BESI.AS,BE Semiconductors,europe,2026-07-27
BEZ.L,Beazley,europe,2026-07-27
BFSA.F,Befesa,europe,2026-07-14
BG.VI,BAWAG Group,europe,2026-07-27
BGEO.L,Lion Finance Group,europe,2026-07-27
BGEU.L,Baillie Gifford European Growth Trust,europe,2026-07-27
BGFD.L,Baillie Gifford Japan Trust,europe,2026-07-27
BGS.L,Baillie Gifford Shin Nippon,europe,2026-07-27
BHMG.L,BH Macro,europe,2026-07-27
BIMAS.IS,BIM,europe,2026-07-27
BIRG.IR,Bank of Ireland,europe,2026-07-17
BKG.L,Berkeley Group Holdings,europe,2026-07-27
BKT.MC,Bankinter,europe,2026-07-27
BLND.L,British Land,europe,2026-07-27
BME.L,B&M,europe,2026-07-27
BMED.MI,Banca Mediolanum,europe,2026-07-27
BMPS.MI,Banca Monte dei Paschi di Siena,europe,2026-07-27
BMW.F,BMW,europe,2026-07-27
BN.PA,Danone,europe,2026-07-27
BNKR.L,Bankers Investment Trust,europe,2026-07-27
BNP.PA,BNP Paribas,europe,2026-07-27
BNR.F,Brenntag,europe,2026-07-27
BNZL.L,Bunzl,europe,2026-07-27
BOL.ST,Boliden,europe,2026-07-27
BOOT.L,Henry Boot,europe,2026-07-27
BOSS.F,Hugo Boss,europe,2026-07-14
BOWL.L,Hollywood Bowl Group,europe,2026-07-27
BOY.L,Bodycote,europe,2026-07-27
BP.L,BP,europe,2026-07-27
BPCR.L,Biopharma Credit,europe,2026-07-27
BPE.MI,BPER Banca,europe,2026-07-27
BPT.L,Bridgepoint Group,europe,2026-07-27
BRBY.L,Burberry Group,europe,2026-07-27
BREE.L,Breedon Group,europe,2026-07-27
BRGE.L,BlackRock Greater Europe Investment Trust,europe,2026-07-27
BRIM.IC,Brim,europe,2026-07-27
BRSC.L,BlackRock Smaller Companies Trust,europe,2026-07-27
BRWM.L,BlackRock World Mining Trust,europe,2026-07-27
BSIF.L,Bluefield Solar Income Fund,europe,2026-07-27
BTRW.L,Barratt Redrow,europe,2026-07-27
BUT.L,Brunner Investment Trust,europe,2026-07-27
BVB.F,Borussia Dortmund GmbH & Co. Kommanditgesellschaft auf Aktien,europe,2026-07-14
BVI.PA,Bureau Veritas,europe,2026-07-27
BWLPG.OL,BW LPG,europe,2026-07-17
BWY.L,Bellway,europe,2026-07-27
BYG.L,Big Yellow Group,europe,2026-07-27
BYIT.L,Bytes Technology Group,europe,2026-07-27
BZU.MI,Buzzi,europe,2026-07-27
C5H.IR,Cairn Homes,europe,2026-07-17
CA.PA,Carrefour,europe,2026-07-27
CABK.MC,CaixaBank,europe,2026-07-27
CABP.L,CAB Payments,europe,2026-07-27
CAI.VI,CA Immobilien Anlagen,europe,2026-07-27
CAP.PA,Capgemini,europe,2026-07-27
CAPD.L,Capital Limited,europe,2026-07-27
CARD.L,Card Factory,europe,2026-07-27
CBG.L,Close Brothers Group,europe,2026-07-27
CBK.F,Commerzbank,europe,2026-07-27
CCC.L,Computacenter,europe,2026-07-27
CCEP.L,Coca-Cola Europacific Partners,europe,2026-07-27
CCH.L,Coca-Cola HBC,europe,2026-07-27
CCOLA.IS,Coca-Cola Icecek,europe,2026-07-27
CCR.L,C&C Group,europe,2026-07-27
CDR.WA,CD Projekt,europe,2026-07-27
CEZ.PR,CEZ,europe,2026-07-27
CFR.SW,Compagnie Financière Richemont SA,europe,2026-07-27
CGT.L,Capital Gearing Trust,europe,2026-07-27
CHG.L,Chemring Group,europe,2026-07-27
CHRY.L,Chrysalis Investments,europe,2026-07-27
CKN.L,Clarkson,europe,2026-07-27
CLDN.L,Caledonia Investments,europe,2026-07-27
CLI.L,CLS Holdings,europe,2026-07-27
CLIG.L,City of London Investment Group,europe,2026-07-27
CLNX.MC,Cellnex Telecom,europe,2026-07-27
CMCX.L,CMC Markets,europe,2026-07-27
CNA.L,Centrica,europe,2026-07-27
CNE.L,Capricorn Energy,europe,2026-07-27
COA.L,Coats Group,europe,2026-07-27
COK.F,Cancom SE,europe,2026-07-14
COL.MC,Inmobiliaria Colonial,europe,2026-07-27
CON.F,Continental,europe,2026-07-27
COR.LS,Corticeira Amorim,europe,2026-07-27
COST.L,Costain Group,europe,2026-07-27
CPA1T.TL,Coop Pank,europe,2026-07-27
CPG.L,Compass Group,europe,2026-07-27
CPI.L,Capita,europe,2026-07-27
CPR.MI,Campari,europe,2026-07-27
CRDA.L,Croda International,europe,2026-07-27
CREI.L,Custodian Reit,europe,2026-07-27
CS.PA,Axa,europe,2026-07-27
CSN.L,Chesnara,europe,2026-07-27
CTEC.L,Convatec,europe,2026-07-27
CTPE.L,CT Private Equity Trust,europe,2026-07-27
CTT.LS,CTT Correios de Portugal,europe,2026-07-27
CTY.L,City of London Investment Trust,europe,2026-07-27
CURY.L,Currys,europe,2026-07-27
CVSG.L,CVS Group,europe,2026-07-27
CWC.F,CEWE Stiftung & Co. KGaA,europe,2026-07-14
CWK.L,Cranswick,europe,2026-07-27
CWR.L,Ceres Power,europe,2026-07-27
CYN.L,CQS Natural Resources,europe,2026-07-27
DANSKE.CO,Danske Bank,europe,2026-07-27
DB1.F,Deutsche Börse,europe,2026-07-27
DBAN.F,Deutsche Beteiligungs AG,europe,2026-07-14
DBK.F,Deutsche Bank,europe,2026-07-27
DCC.L,DCC plc,europe,2026-07-27
DEMANT.CO,Demant,europe,2026-07-27
DEQ.F,Deutsche EuroShop AG,europe,2026-07-14
DEZ.F,DEUTZ Aktiengesellschaft,europe,2026-07-27
DFS.L,DFS Furniture,europe,2026-07-27
DG.PA,Vinci,europe,2026-07-27
DGE.L,Diageo,europe,2026-07-27
DGI9.L,Digital 9 Infrastructure,europe,2026-07-27
DHER.F,Delivery Hero,europe,2026-07-27
DHL.F,Deutsche Post,europe,2026-07-27
DIA.MI,Diasorin,europe,2026-07-27
DIE.BR,D'Ieteren,europe,2026-07-17
DLN.L,Derwent London,europe,2026-07-27
DMP.F,Dermapharm Holding SE,europe,2026-07-14
DNB.OL,DNB Bank,europe,2026-07-17
DNLM.L,Dunelm Group,europe,2026-07-27
DNP.WA,DataWalk,europe,2026-07-27
DOCS.L,Dr. Martens,europe,2026-07-27
DOHOL.IS,Dogan Holding,europe,2026-07-27
DOM.L,Domino's Pizza,europe,2026-07-27
DPLM.L,Diploma,europe,2026-07-27
DRX.L,Drax Group,europe,2026-07-27
DSCV.L,discoverIE,europe,2026-07-27
DSFIR.AS,DSM Firmenich AG,europe,2026-07-27
DSV.CO,DSV,europe,2026-07-27
DSY.PA,Dassault Systèmes,europe,2026-07-27
DTE.F,Deutsche Telekom,europe,2026-07-27
DTG.F,Daimler Truck,europe,2026-07-27
EBS.VI,Erste Group Bank,europe,2026-07-27
EDEN.PA,Edenred,europe,2026-07-27
EDIN.L,Edinburgh Investment Trust,europe,2026-07-27
EDP.LS,Energias de Portugal,europe,2026-07-27
EDPR.LS,EDP Renováveis,europe,2026-07-27
EDV.L,Endeavour Mining,europe,2026-07-27
EG7.IR,FBD Holdings,europe,2026-07-17
EGL.LS,Mota-Engil,europe,2026-07-27
EKGYO.IS,Emlak Konut GYO,europe,2026-07-27
EKT.F,Energiekontor AG,europe,2026-07-14
EL.PA,EssilorLuxottica,europe,2026-07-27
ELE.MC,Endesa,europe,2026-07-27
ELG.F,Elmos Semiconductor SE,europe,2026-07-14
ELI.BR,Elia Group,europe,2026-07-17
ELISA.HE,Elisa,europe,2026-07-27
ELLAKTOR.AT,Ellaktor,europe,2026-07-27
ELM.L,Elementis,europe,2026-07-27
ELPE.AT,Hellenic Petroleum,europe,2026-07-27
EMG.L,Man Group,europe,2026-07-27
EN.PA,Bouygues,europe,2026-07-27
ENEL.MI,Enel,europe,2026-07-27
ENG.MC,Enagás,europe,2026-07-27
ENGI.PA,Engie,europe,2026-07-27
ENI.MI,Eni,europe,2026-07-27
ENJSA.IS,Enerjisa,europe,2026-07-27
ENKAI.IS,Enka Insaat,europe,2026-07-27
ENOG.L,Energean,europe,2026-07-27
ENQ.L,EnQuest,europe,2026-07-27
ENR.F,Siemens Energy,europe,2026-07-27
ENT.L,Entain,europe,2026-07-27
EOAN.F,E.ON,europe,2026-07-27
EPI-A.ST,Epiroc A,europe,2026-07-27
EQNR.OL,Equinor,europe,2026-07-17
EQT.ST,EQT,europe,2026-07-27
ERBAG.PR,Erste Group (Prague),europe,2026-07-27
EREGL.IS,Eregli Demir Celik,europe,2026-07-27
ERF.PA,Eurofins Scientific,europe,2026-07-27
ERIC-B.ST,Ericsson B,europe,2026-07-27
ESCT.L,European Smaller Companies Trust,europe,2026-07-27
ESSITY-B.ST,Essity B,europe,2026-07-27
ETE.AT,National Bank of Greece,europe,2026-07-27
EUROB.AT,Eurobank Ergasias,europe,2026-07-27
EUZ.F,Eckert & Ziegler Strahlen- und Medizintechnik AG,europe,2026-07-14
EVD.F,CTS Eventim,europe,2026-07-14
EVK.F,Evonik,europe,2026-07-27
EVO.ST,Evolution,europe,2026-07-27
EVOK.L,Evoke,europe,2026-07-27
EVT.F,Evotec,europe,2026-07-27
EWG.L,Eurowag,europe,2026-07-27
EWI.L,Edinburgh Worldwide Investment Trust,europe,2026-07-27
EXO.AS,Exor,europe,2026-07-27
EXPN.L,Experian,europe,2026-07-27
EYDAP.AT,Athens Water Supply,europe,2026-07-27
EZJ.L,EasyJet,europe,2026-07-27
F3C.F,SFC Energy AG,europe,2026-07-14
FAN.L,Volution Group,europe,2026-07-27
FAS.L,Fidelity Asian Values,europe,2026-07-27
FBK.MI,FinecoBank,europe,2026-07-27
FCH.L,Funding Circle,europe,2026-07-27
FCIT.L,F & C Investment Trust,europe,2026-07-27
FCSS.L,Fidelity China Special Situations,europe,2026-07-27
FCT.MI,Fincantieri,europe,2026-07-27
FDR.MC,Fluidra,europe,2026-07-27
FEML.L,Fidelity Emerging Markets,europe,2026-07-27
FER.MC,Ferrovial,europe,2026-07-27
FEV.L,Fidelity European Trust,europe,2026-07-27
FGEN.L,Foresight Environmental Infrastructure,europe,2026-07-27
FGP.L,FirstGroup,europe,2026-07-27
FGT.L,Finsbury Growth & Income Trust,europe,2026-07-27
FLEXO.AT,Flexopack,europe,2026-07-14
FLU.VI,Flughafen Wien,europe,2026-07-27
FME.F,Fresenius Medical Care,europe,2026-07-27
FNTN.F,Freenet,europe,2026-07-27
FORT.L,Forterra,europe,2026-07-27
FORTUM.HE,Fortum,europe,2026-07-27
FOUR.L,4imprint,europe,2026-07-27
FOXT.L,Foxtons,europe,2026-07-27
FPE3.F,Fuchs Petrolub,europe,2026-07-14
FRA.F,Fraport,europe,2026-07-14
FRAS.L,Frasers Group,europe,2026-07-27
FRE.F,Fresenius,europe,2026-07-27
FRES.L,Fresnillo plc,europe,2026-07-27
FRO.OL,Frontline,europe,2026-07-17
FROTO.IS,Ford Otosan,europe,2026-07-27
FSG.L,Foresight Group,europe,2026-07-27
FSJ.L,James Fisher & Sons,europe,2026-07-27
FSTA.L,"Fuller, Smith & Turner",europe,2026-07-27
FSV.L,Fidelity Special Values,europe,2026-07-27
FYB.F,Formycon AG,europe,2026-07-14
G.MI,Generali,europe,2026-07-27
G1A.F,GEA Group,europe,2026-07-14
G24.F,Scout24,europe,2026-07-14
GALP.LS,Galp Energia,europe,2026-07-27
GAMA.L,Gamma Communications,europe,2026-07-27
GARAN.IS,Garanti BBVA,europe,2026-07-27
GAW.L,Games Workshop,europe,2026-07-27
GBF.F,Bilfinger,europe,2026-07-27
GBG.L,GB Group,europe,2026-07-27
GBLB.BR,GBL,europe,2026-07-17
GCP.L,GCP Infrastructure Investments,europe,2026-07-27
GDWN.L,Goodwin,europe,2026-07-27
GEBKA.AT,Gebka,europe,2026-07-27
GEBN.SW,Geberit AG,europe,2026-07-27
GEKTERNA.AT,GEK Terna,europe,2026-07-27
GEN.L,Genuit Group,europe,2026-07-27
GFRD.L,Galliford Try,europe,2026-07-27
GFT.F,GFT Technologies SE,europe,2026-07-14
GFTU.L,Grafton Group,europe,2026-07-27
GIVN.SW,Givaudan SA,europe,2026-07-27
GJF.OL,Gjensidige Forsikring,europe,2026-07-17
GL9.IR,Glanbia,europe,2026-07-17
GLE.L,M J Gleeson,europe,2026-07-27
GLE.PA,Société Générale,europe,2026-07-27
GLEN.L,Glencore,europe,2026-07-27
GLJ.F,Grenke AG,europe,2026-07-14
GMAB.CO,Genmab,europe,2026-07-27
GMS.L,Gulf Marine Services,europe,2026-07-27
GN.CO,GN Store Nord,europe,2026-07-27
GNC.L,Greencore,europe,2026-07-27
GNS.L,Genus,europe,2026-07-27
GPE.L,Great Portland Estates,europe,2026-07-27
GRF.MC,Grifols,europe,2026-07-27
GRG.L,Greggs,europe,2026-07-27
GRI.L,Grainger,europe,2026-07-27
GROW.L,Molten Ventures,europe,2026-07-27
GSCT.L,Global Smaller Companies Trust,europe,2026-07-27
GSK.L,GSK plc,europe,2026-07-27
GUBRF.IS,Gubre Fabrikalari,europe,2026-07-27
GVR.IR,Glenveagh Properties,europe,2026-07-17
GXI.F,Gerresheimer,europe,2026-07-27
GYC.F,Grand City Properties S.A.,europe,2026-07-14
GYM.L,The Gym Group,europe,2026-07-27
HAFNI.OL,Hafnia Limited,europe,2026-07-17
HAG.F,Hensoldt,europe,2026-07-27
HALKB.IS,Halkbank,europe,2026-07-27
HAS.L,Hays,europe,2026-07-27
HAUTO.OL,Höegh Autoliners ASA,europe,2026-07-17
HBH.F,HORNBACH Holding AG & Co. KGaA,europe,2026-07-13
HBR.L,Harbour Energy,europe,2026-07-27
HDD.F,Heidelberger Druckmaschinen Aktiengesellschaft,europe,2026-07-27
HEAD.L,Headlam Group,europe,2026-07-27
HEI.F,Heidelberg Materials,europe,2026-07-27
HEIA.AS,Heineken,europe,2026-07-27
HEN3.F,Henkel,europe,2026-07-27
HER.MI,Hera,europe,2026-07-27
HEXA-B.ST,Hexagon B,europe,2026-07-27
HFD.L,Halfords,europe,2026-07-27
HFEL.L,Henderson Far East Income,europe,2026-07-27
HFG.F,HelloFresh,europe,2026-07-14
HFG.L,Hilton Food Group,europe,2026-07-27
HGT.L,Hg Capital Trust,europe,2026-07-27
HIAB.HE,Hiab,europe,2026-07-27
HICL.L,HICL Infrastructure Company,europe,2026-07-27
HIK.L,Hikma Pharmaceuticals,europe,2026-07-27
HILS.L,Hill & Smith,europe,2026-07-27
HLCL.L,Helical,europe,2026-07-27
HLE.F,Hella,europe,2026-07-14
HLMA.L,Halma plc,europe,2026-07-27
HLN.L,Haleon,europe,2026-07-27
HM-B.ST,Hennes & Mauritz B,europe,2026-07-27
HMSO.L,Hammerson,europe,2026-07-27
HNR1.F,Hannover Re,europe,2026-07-27
HO.PA,Thales,europe,2026-07-27
HOC.L,Hochschild Mining,europe,2026-07-27
HOLN.SW,Holcim Limited,europe,2026-07-27
HOT.F,Hochtief,europe,2026-07-27
HRI.L,Herald Investment Trust,europe,2026-07-27
HSBA.L,HSBC,europe,2026-07-27
HSL.L,Henderson Smaller Companies Investment Trust,europe,2026-07-27
HSW.L,Hostelworld Group,europe,2026-07-27
HSX.L,Hiscox,europe,2026-07-27
HTG.L,Hunting,europe,2026-07-27
HTO.AT,Hellenic Telecommunications,europe,2026-07-27
HTWS.L,Helios Towers,europe,2026-07-27
HUH1V.HE,Huhtamäki,europe,2026-07-27
HVPE.L,HarbourVest Global Private Equity,europe,2026-07-27
HWDN.L,Howdens Joinery,europe,2026-07-27
HWG.L,Harworth Group,europe,2026-07-27
HYQ.F,Hypoport SE,europe,2026-07-13
IAD.L,Invesco Asia Dragon Trust,europe,2026-07-27
IAG.L,International Airlines Group,europe,2026-07-27
IAG.MC,International Airlines Group,europe,2026-07-27
IBE.MC,Iberdrola,europe,2026-07-27
IBS.LS,Ibersol,europe,2026-07-27
IBST.L,Ibstock,europe,2026-07-27
ICESEA.IC,,europe,2026-07-14
ICG.L,ICG,europe,2026-07-27
ICGT.L,ICG Enterprise Trust,europe,2026-07-27
IDR.MC,Indra,europe,2026-07-27
IEM.L,Impax Environmental Markets,europe,2026-07-27
IFX.F,Infineon Technologies,europe,2026-07-27
IG.MI,Italgas,europe,2026-07-27
IGG.L,IG Group,europe,2026-07-27
IGN1L.VS,Ignitis Grupe,europe,2026-07-27
IHG.L,IHG Hotels & Resorts,europe,2026-07-27
IHP.L,IntegraFin Holdings,europe,2026-07-27
III.L,3i,europe,2026-07-27
IMB.L,Imperial Brands,europe,2026-07-27
IMCD.AS,IMCD,europe,2026-07-27
IMI.L,IMI,europe,2026-07-27
INCH.L,Inchcape,europe,2026-07-27
INDU-C.ST,Industrivärden C,europe,2026-07-27
INF.L,Informa,europe,2026-07-27
INGA.AS,ING Group,europe,2026-07-27
INH.F,INDUS Holding AG,europe,2026-07-14
INOV.L,Schroders Capital Global Innovation Trust,europe,2026-07-27
INPP.L,International Public Partnerships,europe,2026-07-27
INVE-B.ST,Investor B,europe,2026-07-27
INVP.L,Investec,europe,2026-07-27
INW.MI,INWIT,europe,2026-07-27
IPF.L,International Personal Finance,europe,2026-07-27
IPO.L,IP Group,europe,2026-07-27
IR5B.IR,Irish Continental Group,europe,2026-07-17
IRES.IR,Irish Residential Properties REIT,europe,2026-07-17
ISCTR.IS,Isbank C,europe,2026-07-27
ISP.MI,Intesa Sanpaolo,europe,2026-07-27
ISS.CO,ISS,europe,2026-07-27
ITH.L,Ithaca Energy,europe,2026-07-27
ITRK.L,Intertek,europe,2026-07-27
ITV.L,ITV,europe,2026-07-27
ITX.MC,Inditex,europe,2026-07-27
IVG.MI,Iveco,europe,2026-07-27
IWG.L,International Workplace Group,europe,2026-07-27
JAM.L,JPMorgan American Investment Trust,europe,2026-07-27
JCH.L,JPMorgan Claverhouse Investment Trust,europe,2026-07-27
JD.L,JD Sports,europe,2026-07-27
JDW.L,Wetherspoons,europe,2026-07-27
JEDT.L,JPMorgan European Discovery,europe,2026-07-27
JEGI.L,JPMorgan European Growth & Income,europe,2026-07-27
JEMI.L,JPMorgan Emerging Markets Dividend Income,europe,2026-07-27
JEN.F,Jenoptik,europe,2026-07-27
JFJ.L,JPMorgan Japanese Investment Trust,europe,2026-07-27
JGGI.L,JPMorgan Global Growth & Income,europe,2026-07-27
JIGI.L,JPMorgan India Growth & Income,europe,2026-07-27
JMAT.L,Johnson Matthey,europe,2026-07-27
JMGI.L,JPMorgan Emerging Markets Growth & Income,europe,2026-07-27
JMT.LS,Jerónimo Martins,europe,2026-07-27
JSG.L,Johnson Service Group,europe,2026-07-27
JST.F,JOST Werke AG,europe,2026-07-14
JSW.WA,JSW,europe,2026-07-27
JTC.L,JTC,europe,2026-07-27
JUN3.F,Jungheinrich,europe,2026-07-14
JUP.L,Jupiter Fund Management,europe,2026-07-27
JYSK.CO,Jyske Bank,europe,2026-07-27
JZCP.L,JZ Capital Partners,europe,2026-07-14
KALMAR.HE,Kalmar [fi] B,europe,2026-07-27
KBC.BR,KBC,europe,2026-07-17
KBX.F,Knorr-Bremse,europe,2026-07-14
KCHOL.IS,Koc Holding,europe,2026-07-27
KCR.HE,Konecranes,europe,2026-07-27
KEMIRA.HE,Kemira,europe,2026-07-27
KER.PA,Kering,europe,2026-07-27
KESKOB.HE,Kesko B,europe,2026-07-27
KGF.L,Kingfisher plc,europe,2026-07-27
KGX.F,KION Group,europe,2026-07-14
KIE.L,Kier Group,europe,2026-07-27
KLR.L,Keller Group,europe,2026-07-27
KMR.L,Kenmare Resources,europe,2026-07-27
KNEBV.HE,KONE,europe,2026-07-27
KNIN.SW,Kuehne + Nagel,europe,2026-07-27
KNOS.L,Kainos,europe,2026-07-27
KOFOL.PR,Kofola,europe,2026-07-27
KOG.OL,Kongsberg Gruppen,europe,2026-07-17
KOMB.PR,Komercni Banka,europe,2026-07-27
KONTR.IS,Turk Hava Yollari Kontrolmatik,europe,2026-07-27
KORDS.IS,Kordsa,europe,2026-07-27
KPN.AS,KPN,europe,2026-07-27
KRDMD.IS,Kardemir D,europe,2026-07-27
KRN.F,Krones,europe,2026-07-14
KRX.IR,Kingspan Group,europe,2026-07-17
KRZ.IR,Kerry Group,europe,2026-07-17
KSB.F,KSB SE & Co. KGaA,europe,2026-07-14
KTN.F,Kontron AG,europe,2026-07-27
KTY.WA,Kety,europe,2026-07-27
KWS.F,KWS SAAT SE & Co KGaA,europe,2026-07-14
LAMDA.AT,Lamda Development,europe,2026-07-27
LAND.L,Land Securities,europe,2026-07-27
LDO.MI,Leonardo,europe,2026-07-27
LEG.F,LEG Immobilien,europe,2026-07-14
LGEN.L,Legal & General,europe,2026-07-27
LHA.F,Lufthansa,europe,2026-07-27
LHV1T.TL,LHV Group,europe,2026-07-27
LIFCO-B.ST,Lifco B,europe,2026-07-27
LIO.L,Liontrust Asset Management,europe,2026-07-27
LLOY.L,Lloyds Banking Group,europe,2026-07-27
LMP.L,LondonMetric Property,europe,2026-07-27
LNZ.VI,Lenzing,europe,2026-07-27
LOG.MC,Logista,europe,2026-07-27
LOGN.SW,Logitech International SA,europe,2026-07-27
LOGO.IS,Logo Yazilim,europe,2026-07-27
LONN.SW,Lonza Group AG,europe,2026-07-27
LOTB.BR,Lotus Bakeries,europe,2026-07-17
LPK.F,LPKF Laser & Electronics AG,europe,2026-07-14
LPP.WA,LPP,europe,2026-07-27
LR.PA,Legrand,europe,2026-07-27
LRE.L,Lancashire Holdings,europe,2026-07-27
LSEG.L,London Stock Exchange Group,europe,2026-07-27
LSL.L,LSL Property Services,europe,2026-07-27
LTI.L,Lindsell Train,europe,2026-07-14
LTMC.MI,Lottomatica Group,europe,2026-07-27
LUCE.L,Luceco,europe,2026-07-27
LWDB.L,Law Debenture,europe,2026-07-27
LWI.L,Lowland Investment Company,europe,2026-07-27
LXS.F,Lanxess,europe,2026-07-14
MAB.L,Mitchells & Butlers,europe,2026-07-27
MACF.L,Macfarlane Group,europe,2026-07-27
MAJE.L,Majedie Investments,europe,2026-07-27
MANTA.HE,Mandatum [fi],europe,2026-07-27
MAP.MC,Mapfre,europe,2026-07-27
MARS.L,Marston's,europe,2026-07-27
MASTERPLAST.BD,Masterplast,europe,2026-07-27
MB.MI,Mediobanca,europe,2026-07-27
MBB.F,MBB SE,europe,2026-07-13
MBG.F,Mercedes-Benz Group,europe,2026-07-27
MBK.WA,mBank,europe,2026-07-27
MC.PA,LVMH,europe,2026-07-27
MEGP.L,ME Group International,europe,2026-07-27
MELE.BR,Melexis [nl],europe,2026-07-17
MER.L,Mears Group,europe,2026-07-27
METSO.HE,Metso,europe,2026-07-27
MGAM.L,Morgan Advanced Materials,europe,2026-07-27
MGNS.L,Morgan Sindall Group,europe,2026-07-27
MGROS.IS,Migros,europe,2026-07-27
MKS.L,Marks & Spencer,europe,2026-07-27
ML.PA,Michelin,europe,2026-07-27
MMIT.L,Mobius Investment Trust,europe,2026-07-27
MMK.VI,Mayr-Melnhof Karton,europe,2026-07-27
MNDI.L,Mondi,europe,2026-07-27
MNG.L,M&G,europe,2026-07-27
MNKS.L,Monks Investment Trust,europe,2026-07-27
MNTN.L,Schiehallion Fund,europe,2026-07-27
MOH.AT,Motor Oil Hellas,europe,2026-07-27
MOL.BD,MOL,europe,2026-07-27
MONC.MI,Moncler,europe,2026-07-27
MONET.PR,Moneta Money Bank,europe,2026-07-27
MONT.BR,Montea,europe,2026-07-17
MONY.L,MONY Group,europe,2026-07-27
MOON.L,Moonpig,europe,2026-07-27
MOTR.L,Motorpoint Group,europe,2026-07-27
MOWI.OL,Mowi,europe,2026-07-17
MPCC.OL,MPC Container Ships,europe,2026-07-17
MRC.L,Mercantile Investment Trust,europe,2026-07-27
MRC.WA,Mercator Medical,europe,2026-07-27
MRCH.L,Merchants Trust,europe,2026-07-27
MRK.F,Merck,europe,2026-07-27
MRL.MC,Merlin Properties,europe,2026-07-27
MRO.L,Melrose Industries,europe,2026-07-27
MSLH.L,Marshalls,europe,2026-07-27
MT.AS,ArcelorMittal,europe,2026-07-27
MTLN.L,Metlen Energy & Metals,europe,2026-07-27
MTO.L,Mitie,europe,2026-07-27
MTRO.L,Metro Bank,europe,2026-07-27
MTS.MC,ArcelorMittal,europe,2026-07-27
MTX.F,MTU Aero Engines,europe,2026-07-27
MUT.L,Murray Income Trust,europe,2026-07-27
MUV2.F,Munich Re,europe,2026-07-27
MUX.F,Mutares SE & Co. KGaA,europe,2026-07-14
MWY.L,Mid Wynd International Investment Trust,europe,2026-07-27
MYI.L,Murray International Trust,europe,2026-07-27
N91.L,Ninety One,europe,2026-07-27
NA9.F,Nagarro SE,europe,2026-07-14
NAS.L,North Atlantic Smaller Companies Investment Trust,europe,2026-07-27
NAS.OL,Norwegian Air Shuttle,europe,2026-07-17
NBA.LS,Novabase,europe,2026-07-27
NBPE.L,NB Private Equity Partners,europe,2026-07-27
NCC.L,NCC Group,europe,2026-07-27
NCH2.F,thyssenkrupp nucera AG & Co. KGaA,europe,2026-07-14
NDA-FI.HE,Nordea,europe,2026-07-27
NDA-SE.ST,Nordea Bank Abp,europe,2026-07-27
NDA.F,Aurubis,europe,2026-07-27
NDX1.F,Nordex,europe,2026-07-27
NEM.F,Nemetschek,europe,2026-07-14
NESN.SW,Nestlé SA,europe,2026-07-27
NESTE.HE,Neste,europe,2026-07-27
NEXI.MI,Nexi,europe,2026-07-27
NG.L,National Grid plc,europe,2026-07-27
NHY.OL,Norsk Hydro,europe,2026-07-17
NIBE-B.ST,Nibe Industrier B,europe,2026-07-27
NKT.CO,NKT,europe,2026-07-27
NN.AS,NN Group,europe,2026-07-27
NOD.OL,Nordic Semiconductor,europe,2026-07-17
NOEJ.F,NORMA Group SE,europe,2026-07-14
NOKIA.HE,Nokia,europe,2026-07-27
NOS.LS,NOS,europe,2026-07-27
NOVN.SW,Novartis International AG,europe,2026-07-27
NRR.L,NewRiver,europe,2026-07-27
NTGY.MC,Naturgy,europe,2026-07-27
NVG.LS,The Navigator Company,europe,2026-07-27
NWG.L,NatWest Group,europe,2026-07-27
NXR.L,Norcros,europe,2026-07-27
NXT.L,Next plc,europe,2026-07-27
OCDO.L,Ocado Group,europe,2026-07-27
OCI.L,Oakley Capital Investments,europe,2026-07-27
OIZ.IR,Origin Enterprises,europe,2026-07-17
OMV.VI,OMV,europe,2026-07-27
ONT.L,Oxford Nanopore Technologies,europe,2026-07-27
OPL.WA,Orange Polska,europe,2026-07-27
OPUS.BD,Opus Global,europe,2026-07-27
OR.PA,L'Oréal,europe,2026-07-27
ORA.PA,Orange,europe,2026-07-27
ORK.OL,Orkla,europe,2026-07-17
ORNBV.HE,Orion,europe,2026-07-27
ORSTED.CO,Ørsted,europe,2026-07-27
OSB.L,OSB Group,europe,2026-07-27
OTB.L,On The Beach Group,europe,2026-07-27
OTKAR.IS,Otokar,europe,2026-07-27
OTOEL.AT,Autohellas,europe,2026-07-27
OTP.BD,OTP Bank,europe,2026-07-27
OUT1V.HE,Outokumpu,europe,2026-07-27
OXB.L,Oxford Biomedica,europe,2026-07-27
OXIG.L,Oxford Instruments,europe,2026-07-27
PAF.L,Pan African Resources,europe,2026-07-27
PAG.L,Paragon Banking Group,europe,2026-07-27
PAGE.L,PageGroup,europe,2026-07-27
PAH3.F,Porsche SE,europe,2026-07-27
PANNERGY.BD,PannErgy,europe,2026-07-27
PAT.F,PATRIZIA SE,europe,2026-07-14
PCA.L,Palace Capital,europe,2026-07-27
PCGH.L,Polar Capital Global Healthcare Trust,europe,2026-07-27
PCT.L,Polar Capital Technology Trust,europe,2026-07-27
PCZ.F,ProCredit Holding AG,europe,2026-07-13
PDL.L,Petra Diamonds,europe,2026-07-27
PEO.WA,Bank Pekao,europe,2026-07-27
PETKM.IS,Petkim,europe,2026-07-27
PETS.L,Pets at Home,europe,2026-07-27
PEY.L,Partners Group Private Equity,europe,2026-07-14
PFD.L,Premier Foods,europe,2026-07-27
PGHN.SW,Partners Group Holding AG,europe,2026-07-27
PGSUS.IS,Pegasus,europe,2026-07-27
PHAR.L,Pharos Energy,europe,2026-07-27
PHI.L,Pacific Horizon Investment Trust,europe,2026-07-27
PHIA.AS,Philips,europe,2026-07-27
PHP.L,Primary Health Properties,europe,2026-07-27
PHR.LS,Pharol,europe,2026-07-27
PIN.L,Pantheon International,europe,2026-07-27
PINT.L,Pantheon Infrastructure,europe,2026-07-27
PKN.WA,PKN Orlen,europe,2026-07-27
PKO.WA,PKO Bank Polski,europe,2026-07-27
PLUS.L,Plus500,europe,2026-07-27
PNDORA.CO,Pandora,europe,2026-07-27
PNE3.F,PNE AG,europe,2026-07-14
PNL.L,Personal Assets Trust,europe,2026-07-27
PNN.L,Pennon Group,europe,2026-07-27
POLN.L,Pollen Street Group,europe,2026-07-27
POST.VI,Oesterreichische Post,europe,2026-07-27
PPC.AT,Public Power,europe,2026-07-27
PPET.L,Patria Private Equity Trust,europe,2026-07-27
PPH.L,PPHE Hotel Group,europe,2026-07-27
PRN.L,Princes Group,europe,2026-07-27
PRU.L,Prudential plc,europe,2026-07-27
PRV.L,Porvair,europe,2026-07-27
PRX.AS,Prosus,europe,2026-07-27
PRY.MI,Prysmian,europe,2026-07-27
PSDL.L,Phoenix Spree Deutschland,europe,2026-07-27
PSH.L,Pershing Square Holdings,europe,2026-07-27
PSM.F,ProSiebenSat.1 Media SE,europe,2026-07-14
PSN.L,Persimmon,europe,2026-07-27
PSON.L,Pearson plc,europe,2026-07-27
PST.MI,Poste italiane,europe,2026-07-27
PTEC.L,Playtech,europe,2026-07-27
PTSB.IR,Permanent TSB,europe,2026-07-17
PUB.PA,Publicis,europe,2026-07-27
PUIG.MC,Puig,europe,2026-07-27
PUM.F,Puma,europe,2026-07-27
PYT.VI,Polytec Holding,europe,2026-07-27
PZU.WA,PZU,europe,2026-07-27
QIA.F,Qiagen,europe,2026-07-27
QLT.L,Quilter,europe,2026-07-27
QQ.L,Qinetiq,europe,2026-07-27
QTCOM.HE,Qt Group,europe,2026-07-27
RAA.F,Rational,europe,2026-07-14
RABA.BD,Raba,europe,2026-07-27
RACE.MI,Ferrari,europe,2026-07-27
RAND.AS,Randstad,europe,2026-07-27
RAT.L,Rathbones,europe,2026-07-27
RBI.VI,Raiffeisen Bank International,europe,2026-07-27
RBREW.CO,Royal Unibrew,europe,2026-07-27
RCH.L,Reach,europe,2026-07-27
RCP.L,RIT Capital Partners,europe,2026-07-27
RDC.F,Redcare Pharmacy,europe,2026-07-27
REC.L,Record,europe,2026-07-27
REC.MI,Recordati,europe,2026-07-27
RED.MC,Redeia Corporación,europe,2026-07-27
REITIR.IC,Reitir,europe,2026-07-27
REL.L,RELX,europe,2026-07-27
REN.AS,RELX,europe,2026-07-27
RENE.LS,Redes Energéticas Nacionais,europe,2026-07-27
REP.MC,Repsol,europe,2026-07-27
RHIM.L,RHI Magnesita,europe,2026-07-27
RHM.F,Rheinmetall,europe,2026-07-27
RI.PA,Pernod Ricard,europe,2026-07-27
RICA.L,Ruffer Investment Company,europe,2026-07-27
RIO.L,Rio Tinto,europe,2026-07-27
RKT.L,Reckitt,europe,2026-07-27
RMS.PA,Hermès,europe,2026-07-27
RMV.L,Rightmove,europe,2026-07-27
RNK.L,Rank Group,europe,2026-07-27
RNO.PA,Renault,europe,2026-07-27
ROP.SW,Roche Holding AG,europe,2026-07-17
ROR.L,Rotork,europe,2026-07-27
ROVI.MC,Laboratorios Rovi [es],europe,2026-07-27
RPI.L,Raspberry Pi Holdings,europe,2026-07-27
RR.L,Rolls-Royce Holdings,europe,2026-07-27
RRTL.F,RTL Group,europe,2026-07-27
RS1.L,RS Group,europe,2026-07-27
RSE.L,Riverstone Energy,europe,2026-07-27
RSW.L,Renishaw,europe,2026-07-27
RTO.L,Rentokil Initial,europe,2026-07-27
RTW.L,RTW Biotech Opportunities,europe,2026-07-14
RWA.L,Robert Walters,europe,2026-07-27
RWE.F,RWE,europe,2026-07-27
S92.F,SMA Solar Technology AG,europe,2026-07-27
SAAB-B.ST,Saab B,europe,2026-07-27
SAB.MC,Banco Sabadell,europe,2026-07-27
SAF.PA,Safran,europe,2026-07-27
SAFE.L,Safestore,europe,2026-07-27
SAGA.L,Saga,europe,2026-07-27
SAHOL.IS,Sabanci Holding,europe,2026-07-27
SAIN.L,Scottish American Investment Company,europe,2026-07-27
SALM.OL,SalMar,europe,2026-07-17
SAMPO.HE,Sampo A,europe,2026-07-27
SAN.MC,Santander,europe,2026-07-27
SAN.PA,Sanofi,europe,2026-07-27
SAND.ST,Sandvik,europe,2026-07-27
SAP.F,SAP,europe,2026-07-27
SASA.IS,Sasa Polyester,europe,2026-07-27
SAX.F,Ströer,europe,2026-07-14
SBO.VI,Schoeller-Bleckmann,europe,2026-07-27
SBRE.L,Sabre Insurance,europe,2026-07-27
SBRY.L,Sainsbury's,europe,2026-07-27
SBS.F,Stratec SE,europe,2026-07-14
SCA-B.ST,SCA B,europe,2026-07-27
SCF.L,Schroder Income Growth Fund,europe,2026-07-27
SCMN.SW,Swisscom AG,europe,2026-07-27
SCT.L,Softcat,europe,2026-07-27
SCYR.MC,Sacyr,europe,2026-07-27
SDF.F,K+S,europe,2026-07-27
SDLF.L,Standard Life,europe,2026-07-27
SDP.L,Schroder AsiaPacific Fund,europe,2026-07-27
SDR.L,Schroders,europe,2026-07-27
SDY.L,Speedy Hire,europe,2026-07-27
SEB-A.ST,SEB A,europe,2026-07-27
SEC.L,Strategic Equity Capital,europe,2026-07-27
SEIT.L,SDCL Energy Efficiency Income Trust,europe,2026-07-27
SEM.LS,Semapa,europe,2026-07-27
SEQI.L,Sequoia Economic Infrastructure Income Fund,europe,2026-07-27
SFQ.F,SAF-Holland SE,europe,2026-07-14
SFR.L,Severfield,europe,2026-07-27
SGE.L,Sage Group,europe,2026-07-27
SGN.WA,Shaftesbury,europe,2026-07-27
SGO.PA,Saint-Gobain,europe,2026-07-27
SGRO.L,Segro,europe,2026-07-27
SHA0.F,Schaeffler AG,europe,2026-07-27
SHAW.L,Shawbrook Bank,europe,2026-07-27
SHB-A.ST,Handelsbanken A,europe,2026-07-27
SHC.L,Shaftesbury Capital,europe,2026-07-27
SHEL.L,Shell plc,europe,2026-07-27
SHELL.AS,Shell plc,europe,2026-07-27
SHI.L,SIG,europe,2026-07-27
SHL.F,Siemens Healthineers,europe,2026-07-27
SIE.F,Siemens,europe,2026-07-27
SIKA.SW,Sika AG,europe,2026-07-27
SISE.IS,Sisecam,europe,2026-07-27
SIX3.F,Sixt SE,europe,2026-07-27
SKA-B.ST,Skanska B,europe,2026-07-27
SKF-B.ST,SKF B,europe,2026-07-27
SLHN.SW,Swiss Life Holding AG,europe,2026-07-27
SLR.MC,Solaria,europe,2026-07-27
SMIN.L,Smiths Group,europe,2026-07-27
SMT.L,Scottish Mortgage Investment Trust,europe,2026-07-27
SMWH.L,WHSmith,europe,2026-07-27
SN.L,Smith & Nephew,europe,2026-07-27
SNR.L,Senior,europe,2026-07-27
SNWS.L,Smiths News,europe,2026-07-27
SOF.BR,Sofina,europe,2026-07-17
SOI.L,Schroder Oriental Income Fund,europe,2026-07-27
SOLB.BR,Solvay,europe,2026-07-17
SON.LS,Sonae,europe,2026-07-27
SOON.SW,Sonova,europe,2026-07-27
SPG.F,Springer Nature AG & Co. KGaA,europe,2026-07-14
SPI.L,Spire Healthcare,europe,2026-07-27
SPM.MI,Saipem,europe,2026-07-27
SPX.L,Spirax Group,europe,2026-07-27
SRE.L,Sirius Real Estate,europe,2026-07-27
SREN.SW,Swiss Reinsurance Company Ltd,europe,2026-07-27
SRG.MI,Snam,europe,2026-07-27
SRP.L,Serco,europe,2026-07-27
SSE.L,SSE plc,europe,2026-07-27
SSPG.L,SSP Group,europe,2026-07-27
STAN.L,Standard Chartered,europe,2026-07-27
STB.L,Secure Trust Bank,europe,2026-07-27
STB.OL,Storebrand,europe,2026-07-17
STERV.HE,Stora Enso R,europe,2026-07-27
STJ.L,St. James's Place,europe,2026-07-27
STLAM.MI,Stellantis,europe,2026-07-27
STLAP.PA,Stellantis,europe,2026-07-27
STM.F,Stabilus,europe,2026-07-14
STMMI.MI,STMicroelectronics,europe,2026-07-27
STMPA.PA,STMicroelectronics,europe,2026-07-27
STO3.F,Sto SE & Co KGaA,europe,2026-07-14
STR.VI,Strabag,europe,2026-07-27
STVG.L,STV Group,europe,2026-07-27
SU.PA,Schneider Electric,europe,2026-07-27
SUBC.OL,Subsea 7,europe,2026-07-17
SUPR.L,Supermarket Income REIT,europe,2026-07-27
SUS.L,S & U,europe,2026-07-27
SVS.L,Savills,europe,2026-07-27
SVT.L,Severn Trent,europe,2026-07-27
SWED-A.ST,Swedbank A,europe,2026-07-27
SY1.F,Symrise,europe,2026-07-27
SYENS.BR,Syensqo,europe,2026-07-17
SYNC.L,Syncona,europe,2026-07-27
SYNT.L,Synthomer,europe,2026-07-27
SZG.F,Salzgitter AG,europe,2026-07-27
TABAK.PR,Philip Morris CR,europe,2026-07-27
TAL1T.TL,Tallink Grupp,europe,2026-07-27
TATE.L,Tate & Lyle,europe,2026-07-27
TAVHL.IS,TAV Havalimanlari,europe,2026-07-27
TBCG.L,TBC Bank,europe,2026-07-27
TCAP.L,TP ICAP,europe,2026-07-27
TCELL.IS,Turkcell,europe,2026-07-27
TEF.MC,Telefónica,europe,2026-07-27
TEG.F,TAG Tegernsee Immobilien und Beteiligung,europe,2026-07-14
TEL.OL,Telenor,europe,2026-07-17
TEL1L.VS,Telia Lietuva,europe,2026-07-27
TEL2-B.ST,Tele2 B,europe,2026-07-27
TELIA.ST,Telia Company,europe,2026-07-27
TEM.L,Templeton Emerging Markets Investment Trust,europe,2026-07-27
TEN.MI,Tenaris,europe,2026-07-27
TEP.L,Telecom Plus,europe,2026-07-27
TEP.PA,Teleperformance,europe,2026-07-27
TFIF.L,Twentyfour Income Fund,europe,2026-07-27
TGS.OL,TGS ASA,europe,2026-07-17
THG.L,THG,europe,2026-07-27
THRL.L,Target Healthcare REIT,europe,2026-07-27
THYAO.IS,Turkish Airlines,europe,2026-07-27
TIETO.HE,TietoEVRY,europe,2026-07-27
TIT.MI,Telecom Italia,europe,2026-07-27
TITC.AT,Titan Cement,europe,2026-07-27
TKA.F,ThyssenKrupp,europe,2026-07-27
TKA.VI,Telekom Austria,europe,2026-07-27
TKFEN.IS,Tekfen Holding,europe,2026-07-27
TLX.F,Talanx,europe,2026-07-14
TMPL.L,Temple Bar Investment Trust,europe,2026-07-27
TMV.F,TeamViewer,europe,2026-07-27
TOASO.IS,Tofas,europe,2026-07-27
TOM.OL,Tomra Systems,europe,2026-07-17
TPE.F,PVA TePla AG,europe,2026-07-14
TPEIR.AT,Piraeus Financial Holdings,europe,2026-07-27
TPK.L,Travis Perkins,europe,2026-07-27
TPT.L,Topps Tiles,europe,2026-07-27
TRI.L,Trifast,europe,2026-07-27
TRIG.L,The Renewables Infrastructure Group,europe,2026-07-27
TRN.L,Trainline,europe,2026-07-27
TRN.MI,Terna,europe,2026-07-27
TRST.L,Trustpilot,europe,2026-07-27
TRY.L,TR Property Investment Trust,europe,2026-07-27
TRYG.CO,Tryg,europe,2026-07-27
TSCO.L,Tesco,europe,2026-07-27
TTE.PA,TotalEnergies,europe,2026-07-27
TTG.L,TT Electronics,europe,2026-07-27
TTKOM.IS,Turk Telekom,europe,2026-07-27
TUI1.F,TUI,europe,2026-07-27
TUPRS.IS,Tupras,europe,2026-07-27
TW.L,Taylor Wimpey,europe,2026-07-27
TYRES.HE,Nokian Tyres,europe,2026-07-27
UBSG.SW,UBS Group AG,europe,2026-07-27
UCB.BR,UCB,europe,2026-07-17
UCG.MI,UniCredit,europe,2026-07-27
UEM.L,Utilico Emerging Markets,europe,2026-07-27
UKW.L,Greencoat UK Wind,europe,2026-07-27
ULTP.L,Ultimate Products,europe,2026-07-27
ULVR.L,Unilever,europe,2026-07-27
UMG.AS,Universal Music Group,europe,2026-07-27
UMI.BR,Umicore,europe,2026-07-17
UNA.AS,Unilever,europe,2026-07-27
UNI.MC,Unicaja,europe,2026-07-27
UNI.MI,Unipol,europe,2026-07-27
UPM.HE,UPM-Kymmene,europe,2026-07-27
UPR.IR,Uniphar,europe,2026-07-17
UQA.VI,UNIQA Insurance Group,europe,2026-07-27
URW.PA,Unibail-Rodamco-Westfield,europe,2026-07-27
USA.L,Baillie Gifford US Growth Trust,europe,2026-07-27
UTDI.F,United Internet,europe,2026-07-14
UTG.L,Unite Group,europe,2026-07-27
UU.L,United Utilities,europe,2026-07-27
VAKBN.IS,Vakifbank,europe,2026-07-27
VALMT.HE,Valmet,europe,2026-07-27
VANQ.L,Vanquis Banking Group,europe,2026-07-27
VAR.OL,Vår Energi ASA,europe,2026-07-17
VCT.L,Victrex,europe,2026-07-27
VEIL.L,Vietnam Enterprise Investments,europe,2026-07-27
VER.VI,Verbund,europe,2026-07-27
VESTL.IS,Vestel,europe,2026-07-27
VID.L,Videndum,europe,2026-07-27
VIE.PA,Veolia,europe,2026-07-27
VIG.PR,Vienna Insurance (Prague),europe,2026-07-27
VIG.VI,Vienna Insurance Group,europe,2026-07-27
VNA.F,Vonovia,europe,2026-07-27
VOD.L,Vodafone Group,europe,2026-07-27
VOE.VI,voestalpine,europe,2026-07-27
VOF.L,VinaCapital Vietnam Opportunity Fund,europe,2026-07-27
VOLV-B.ST,Volvo B,europe,2026-07-27
VOS.F,Vossloh AG,europe,2026-07-14
VOW3.F,Volkswagen Group,europe,2026-07-27
VRV.F,Verve Group SE                N,europe,2026-07-14
VSVS.L,Vesuvius,europe,2026-07-27
VTY.L,Vistry Group,europe,2026-07-27
VWS.CO,Vestas Wind Systems,europe,2026-07-27
WAC.F,Wacker Neuson SE,europe,2026-07-14
WAF.F,Siltronic,europe,2026-07-27
WAWI.OL,Wallenius Wilhelmsen,europe,2026-07-17
WCH.F,Wacker Chemie,europe,2026-07-27
WDP.BR,WDP [nl],europe,2026-07-17
WEIR.L,Weir Group,europe,2026-07-27
WIE.VI,Wienerberger,europe,2026-07-27
WIX.L,Wickes,europe,2026-07-27
WIZZ.L,Wizz Air,europe,2026-07-27
WKL.AS,Wolters Kluwer,europe,2026-07-27
WKP.L,Workspace Group,europe,2026-07-27
WOSG.L,Watches of Switzerland,europe,2026-07-27
WPP.L,WPP,europe,2026-07-27
WRT1V.HE,Wärtsilä,europe,2026-07-27
WTB.L,Whitbread,europe,2026-07-27
WWH.L,Worldwide Healthcare Trust,europe,2026-07-27
XAR.L,Xaar,europe,2026-07-27
XPP.L,XP Power,europe,2026-07-27
XPS.L,XPS Pensions,europe,2026-07-27
YAR.OL,Yara International,europe,2026-07-17
YKBNK.IS,Yapi Kredi,europe,2026-07-27
YSN.F,secunet Security Networks Aktiengesellschaft,europe,2026-07-14
YT2A.F,"Atresmedia Corporación de Medios de Comunicación, S.A.",europe,2026-07-14
ZAL.F,Zalando,europe,2026-07-27
ZEAL.CO,Zealand Pharma,europe,2026-07-27
ZIG.L,Zigup,europe,2026-07-27
ZTF.L,Zotefoams,europe,2026-07-27
ZURN.SW,Zurich Insurance Group AG,europe,2026-07-27
ZWACK.BD,Zwack Unicum,europe,2026-07-27
0ANSPL28,,india,2026-07-24
0APL26,,india,2026-05-27
0CIPL28,,india,2026-07-20
0EFCL29,,india,2026-07-27
0KFL25,,india,2025-09-08
0KFL26,,india,2026-01-14
0KFL27,,india,2025-07-21
0KFL28,,india,2025-08-06
0KFL31,,india,2025-08-04
0MCIBPL27,,india,2026-07-27
0MCIBPL27A,,india,2026-07-24
0MCIBPL280M,,india,2026-07-27
0MML27524,,india,2026-03-16
0MML29,,india,2026-04-21
0MML29A,,india,2026-06-10
0MOFSL26,,india,2026-04-20
0MOFSL27,,india,2026-07-15
0MSAFL28,,india,2026-07-27
0MSFL026,,india,2026-07-27
0MSFL26,,india,2026-02-12
0MSFL26A,,india,2026-07-17
0MSFL27,,india,2026-07-24
0NHFL26,,india,2026-06-12
0NHFL27,,india,2026-05-08
0NHFL29,,india,2025-09-15
0SCL26,,india,2026-01-01
0SCL27,,india,2026-05-22
0SFL27A,,india,2026-06-16
0SFL29A,,india,2026-06-30
0SMCGSL26,,india,2026-07-09
0SMCGSL27,,india,2026-07-02
1001ACA26,,india,2026-01-06
1001ACAP25,,india,2025-11-27
1002UCL26,,india,2026-07-10
1003EFSL35,,india,2026-07-23
1003IIFL29,,india,2026-07-20
1003ISFL28,,india,2026-07-13
1003NHF29,,india,2026-07-24
1003NHF30,,india,2026-07-17
1003NHFL29,,india,2026-07-27
1003NHFL30,,india,2026-07-20
1003NHFL35,,india,2026-07-27
1003NIDO29,,india,2026-07-22
1003SCFL31,,india,2026-02-12
1003SCL30A,,india,2026-07-24
1003SCL31,,india,2026-06-24
1003SCL31A,,india,2026-05-08
1003SCL31P,,india,2026-06-03
1003SCL32,,india,2025-07-02
1003SFIL28,,india,2026-07-09
1003SMCG30,,india,2026-07-24
1003VCL25,,india,2025-08-20
1004DCAL26,,india,2026-03-02
1004EFS29B,,india,2026-07-20
1004EFS30D,,india,2026-07-24
1004EFSL29,,india,2026-07-27
1004EFSL30,,india,2026-07-22
1005AFL27,,india,2026-05-19
1005MFL28A,,india,2026-07-24
1005MFL29,,india,2026-07-14
1005MFL29A,,india,2026-06-25
1005MFL29B,,india,2026-07-14
1005MFL30,,india,2026-05-22
1010AFL27,,india,2026-07-21
1010EFS28,,india,2026-07-22
1010EFS28A,,india,2026-07-23
1010EFS29,,india,2026-07-14
1010EFS29A,,india,2026-07-24
1010EFSL28,,india,2026-07-14
1010EFSL29,,india,2026-07-15
1010EFSL32,,india,2026-07-24
1010EFSL35,,india,2026-07-17
1010HCI27,,india,2026-04-29
1010MFCL30,,india,2026-07-27
1010MFL31,,india,2026-07-21
1010NIDO28,,india,2026-05-27
1010VCL27,,india,2026-02-18
1011HCI26,,india,2026-06-05
1011SSFL25,,india,2025-12-02
1011VCL26,,india,2026-07-27
1012IFCI27,,india,2026-07-07
1015ECL29,,india,2026-07-27
1015SCFL29,,india,2026-07-01
1015SCL28,,india,2026-06-03
1015SCL28A,,india,2026-07-13
1015SCL28B,,india,2026-07-01
1015SCL29,,india,2026-07-24
1015SCL29T,,india,2026-04-08
1015SCL30,,india,2026-03-24
1015SCNL28,,india,2026-07-24
1015UCL26,,india,2026-03-06
1015UCL27,,india,2026-07-09
1015UPPC26,,india,2025-12-18
1015UPPC27,,india,2026-07-20
1015UPPC28,,india,2026-07-24
1018EFCL27,,india,2026-02-16
101EFSL28,,india,2026-07-17
101MFCL30,,india,2026-07-16
101MFLIV31,,india,2026-07-27
1020AFSL26,,india,2025-12-26
1020KSL25,,india,2025-12-03
1020KSPL25,,india,2025-07-22
1020MBFL28,,india,2026-07-20
1020MFL27,,india,2026-07-27
1025AFL26,,india,2026-02-06
1025AFL27,,india,2026-07-27
1025CCIL27,,india,2026-07-24
1025EFS30A,,india,2026-05-22
1025EFSL30,,india,2026-07-27
1025EFSL35,,india,2026-07-27
1025HF26,,india,2025-09-03
1025HFL27,,india,2026-05-29
1025HFL30,,india,2025-10-20
1025IIFL30,,india,2026-07-17
1025IML28,,india,2026-07-27
1025JFCS28,,india,2026-07-17
1025KAF027,,india,2026-06-15
1025KAF028,,india,2026-07-27
1025KAF27A,,india,2026-03-04
1025KAFL27,,india,2026-03-12
1025KAFL28,,india,2026-07-21
1025KFL25,,india,2025-09-03
1025KFL26,,india,2026-01-29
1025KFL26A,,india,2026-06-19
1025KFL26C,,india,2026-07-22
1025KFL26D,,india,2025-11-12
1025KFL27,,india,2026-05-18
1025KFL27A,,india,2026-04-29
1025KFL28,,india,2026-07-21
1025KFL29,,india,2026-07-20
1025KFL29A,,india,2026-07-20
1025KFL30,,india,2026-07-21
1025KLMA26,,india,2025-11-04
1025KLMA27,,india,2026-01-14
1025MBFL27,,india,2026-07-16
1025MFL31,,india,2026-04-06
1025MHFC29,,india,2026-07-24
1025MM26,,india,2026-03-06
1025MMF26A,,india,2026-02-20
1025MMFL26,,india,2026-02-20
1025MMFL29,,india,2026-02-18
1025MMFL30,,india,2026-02-23
1025MML25,,india,2025-10-07
1025MML26,,india,2026-06-22
1025MML26A,,india,2026-04-10
1025MML28,,india,2026-07-16
1025MML28A,,india,2026-07-08
1025MML29,,india,2026-07-23
1025MML30,,india,2026-07-23
1025NBFS27,,india,2026-06-19
1025NBS27,,india,2026-07-27
1025NBS27A,,india,2026-07-24
1025NBSP26,,india,2026-07-21
1025NBSP27,,india,2026-07-22
1025NFL25,,india,2025-10-01
1025NFL25A,,india,2025-08-18
1025NFL26,,india,2026-07-23
1025NHFL30,,india,2026-07-23
1025NHFL35,,india,2026-07-24
1025NWFL30,,india,2026-07-27
1025SCL34,,india,2026-06-24
1025SCL34A,,india,2026-07-17
1025SCL34B,,india,2026-05-15
1025SCL34Z,,india,2026-06-09
1025SCL35A,,india,2026-07-20
1025SCNL26,,india,2026-07-24
1025SF29,,india,2026-07-21
1025SFL28,,india,2026-07-27
1025SFL28A,,india,2026-07-23
1025SFL29,,india,2026-07-27
1025SFL30,,india,2026-05-26
1025SFL30E,,india,2026-06-03
1025SGSL30,,india,2026-07-21
1025SMCGS28,,india,2026-07-02
1025SRFC28,,india,2026-07-27
1025STL27,,india,2026-07-02
1025UCL25,,india,2025-07-23
1025UCL26A,,india,2026-07-27
1025UCL27A,,india,2026-06-29
1026MFCL30,,india,2026-07-27
1026MFL31,,india,2026-07-27
1026NHFL34,,india,2026-07-27
1026NIDO34,,india,2026-07-24
102SMCGS27,,india,2026-07-23
1030EEL29,,india,2026-05-14
1030HFL26,,india,2026-07-24
1030ICFL27,,india,2026-07-23
1030IFSL26,,india,2026-06-18
1030IKF27,,india,2026-07-07
1030KSL26,,india,2026-05-07
1030KSPL26,,india,2025-10-03
1030NFL028,,india,2026-07-27
1030NFL27,,india,2026-07-27
1030NFL28,,india,2026-07-24
1030NHFL30,,india,2026-07-20
1030SFIL26,,india,2025-11-24
1030SFIL28,,india,2026-06-09
1032APCR26,,india,2026-07-13
1032APCR27,,india,2026-07-17
1032APCR28,,india,2026-07-27
1035AFL27,,india,2026-06-05
1035EFCL28,,india,2026-03-24
1035MCSL27,,india,2026-04-15
1035STLN28,,india,2026-06-30
1035UCL26,,india,2026-02-11
1039UCL26,,india,2026-06-25
1040AFL28,,india,2026-05-29
1040ERFL27,,india,2025-09-23
1040KSL27,,india,2026-07-17
1040KSPL27,,india,2025-10-06
1040MCSL26,,india,2026-04-21
1040MFL33,,india,2026-07-27
1040NFL26,,india,2026-05-19
1040NFL26A,,india,2026-07-27
1040NFL26B,,india,2026-01-07
1040SCNL27,,india,2026-06-12
1040SML26,,india,2026-02-05
1040UCL27B,,india,2026-07-22
1041KFL26,,india,2025-09-24
1045EFL26,,india,2026-05-05
1045EFS33,,india,2026-07-27
1045EFS33A,,india,2026-07-21
1045EFS33B,,india,2026-07-27
1045EFS34,,india,2026-07-20
1045EFS34A,,india,2026-06-10
1045EFSL33,,india,2026-06-09
1045EFSL34,,india,2026-06-25
1045KSL27,,india,2026-07-27
1045MFL32,,india,2026-07-27
1045MFL33,,india,2026-07-27
1045NIDO33,,india,2025-08-20
1048NFL26,,india,2026-05-13
1049EFS34A,,india,2026-07-24
1049EFS35F,,india,2026-07-27
1049EFSL34,,india,2026-07-27
1049EFSL35,,india,2026-07-23
1049NHF35,,india,2026-07-24
1049NHFL34,,india,2026-07-27
1049NHFL35,,india,2026-07-27
104ECL29,,india,2026-07-23
104ECL29A,,india,2026-07-23
104MFL33,,india,2026-07-27
104SMCGS29,,india,2026-07-23
1050AFL26,,india,2026-05-12
1050AFL27,,india,2026-07-09
1050CCI25,,india,2025-08-07
1050CCIL27,,india,2026-07-23
1050EFS29A,,india,2026-07-06
1050EFS29C,,india,2026-07-24
1050EFS30E,,india,2026-07-10
1050EFS30F,,india,2026-03-19
1050EFSL29,,india,2026-07-20
1050EFSL30,,india,2026-07-21
1050EFSL35,,india,2026-07-27
1050ESPL28,,india,2026-07-24
1050GFL027,,india,2026-06-02
1050GFL28,,india,2026-06-11
1050HFL26,,india,2026-02-19
1050HFL27,,india,2025-09-26
1050HFL27B,,india,2026-07-27
1050HFL28,,india,2026-06-05
1050HFL28A,,india,2025-12-02
1050HFL29,,india,2025-12-29
1050HFL29A,,india,2026-03-27
1050HFL30,,india,2026-06-03
1050HFL30A,,india,2026-07-24
1050ICFL26,,india,2026-07-14
1050ICFL29,,india,2026-07-22
1050ICLF27,,india,2026-07-07
1050ICLF28,,india,2026-07-22
1050IIFL29,,india,2026-07-03
1050IML26,,india,2025-10-24
1050IML29,,india,2026-07-27
1050ISFL28,,india,2026-07-27
1050KAF28B,,india,2026-04-28
1050KAFL27,,india,2026-04-01
1050KAFL28,,india,2026-04-28
1050KLM27,,india,2026-07-22
1050KLMA27,,india,2025-07-14
1050KLMA28,,india,2026-07-27
1050KSL27,,india,2026-07-27
1050MMFL30,,india,2026-02-19
1050MML27,,india,2026-07-23
1050MML28,,india,2026-06-30
1050MML30,,india,2026-07-23
1050NBSP25,,india,2025-10-24
1050NCL28,,india,2026-07-24
1050NFL26,,india,2026-07-02
1050NFL27,,india,2026-07-27
1050NFL27A,,india,2026-07-15
1050NHF29,,india,2026-05-29
1050NHF30,,india,2026-07-14
1050NHFL29,,india,2026-07-20
1050NHFL30,,india,2026-04-24
1050NHFL35,,india,2026-07-22
1050NIDO29,,india,2026-05-26
1050PPL27,,india,2026-07-27
1050SCFL31,,india,2026-03-27
1050SCL31,,india,2026-02-26
1050SCL31T,,india,2026-01-22
1050SCL32,,india,2026-02-24
1050SCNL27,,india,2026-07-09
1050SFL26,,india,2026-07-21
1050SFL28,,india,2026-07-21
1050SMCG30,,india,2026-07-27
1050SRFC28,,india,2026-07-23
1050UCL25,,india,2025-09-09
1050UCL26,,india,2026-02-18
1050UCL28,,india,2026-07-27
1050VCL25,,india,2025-08-21
1055CIFC26,,india,2026-03-17
1055MECL33,,india,2026-07-27
1055SML26,,india,2026-07-01
105CCIL26A,,india,2026-07-24
105EFSL29,,india,2026-07-13
105EFSL30,,india,2026-06-09
105EFSL35,,india,2026-06-09
105ESPL28,,india,2026-07-15
105ESPL28A,,india,2026-07-24
105GFL2028,,india,2026-07-07
105IIFL29,,india,2026-07-24
105IML26,,india,2026-04-06
105KAFL28,,india,2026-06-19
105MMFL25C,,india,2025-11-03
105MMFL30,,india,2026-02-23
105MML30,,india,2026-07-27
105SRFC28,,india,2026-07-27
105UCL2026,,india,2026-04-21
1060AFL26,,india,2025-12-22
1060ECL29,,india,2026-07-14
1060MML26,,india,2026-03-16
1060NFL26,,india,2026-07-23
1060NFL27,,india,2026-07-27
1062KFL27,,india,2026-07-27
1062KFL28,,india,2026-07-06
1062KFLD28,,india,2026-07-27
1065KSL26,,india,2026-07-22
1065KSL27,,india,2026-07-27
1065KSPL26,,india,2025-10-01
1065KSPL27,,india,2025-10-07
1065MML28,,india,2026-07-24
1065NFL27,,india,2026-07-27
1065SRFC28,,india,2026-07-20
1070ESP27,,india,2026-07-27
1070ESPL27,,india,2026-07-13
1070ESPL28,,india,2026-07-22
1070ICFL27,,india,2026-07-20
1070IFCI27,,india,2026-07-21
1070MML25,,india,2025-09-15
1070SISL27,,india,2026-04-08
1075AFL26,,india,2025-11-24
1075AUSB29,,india,2026-06-24
1075AUSF28,,india,2026-06-23
1075AUSF29,,india,2026-07-13
1075CCI26A,,india,2026-06-04
1075CCIL26,,india,2025-10-07
1075CCL25,,india,2025-08-18
1075IFC26,,india,2026-07-15
1075IFC26A,,india,2026-07-15
1075IFCI26,,india,2026-07-15
1075IML27,,india,2026-07-02
1075KAF30A,,india,2026-06-17
1075KAFL28,,india,2026-04-07
1075KAFL29,,india,2026-06-30
1075KAFL30,,india,2026-06-24
1075KLMA28,,india,2026-01-06
1075KLMA29,,india,2026-07-02
1075MCSL31,,india,2026-06-24
1075MFSL21,,india,2025-11-25
1075MFSL28,,india,2026-06-09
1075MFSL29,,india,2026-05-05
1075MHFL35,,india,2026-07-27
1075MM28,,india,2026-07-16
1075MM30,,india,2026-07-15
1075MMFL30,,india,2026-02-05
1075MML026,,india,2026-06-02
1075MML027,,india,2026-07-22
1075MML26,,india,2026-05-18
1075MML26A,,india,2026-07-16
1075MML26B,,india,2026-07-27
1075MML27,,india,2026-06-04
1075MML27A,,india,2026-07-24
1075MML27B,,india,2026-07-15
1075MML28,,india,2026-07-27
1075MML28A,,india,2026-06-19
1075MML30,,india,2026-07-27
1075MSFS28,,india,2026-07-02
1075NBSP26,,india,2026-05-19
1075NFL25,,india,2025-09-16
1075NFL27,,india,2026-07-27
1075NFL28,,india,2026-07-27
1075NFL28A,,india,2026-07-27
1075NFL29,,india,2026-07-27
1075NHFL34,,india,2026-07-02
1075NIDO34,,india,2026-07-17
1075OPGP26,,india,2026-07-24
1075SCFL34,,india,2026-07-03
1075SCL33,,india,2026-07-23
1075SCL33A,,india,2026-07-21
1075SCL34,,india,2026-06-24
1075SCL34C,,india,2026-07-10
1075SCL34T,,india,2026-03-19
1075SCL35,,india,2026-04-24
1075SF2028,,india,2026-07-21
1075SFL28,,india,2026-07-23
1075SFL28A,,india,2026-07-20
1075SFLD28,,india,2026-07-21
1075SISL27,,india,2026-07-24
1075SSF26,,india,2025-06-25
1075SSF26A,,india,2026-03-10
1075SSF26B,,india,2026-06-23
1075SSFL26,,india,2026-07-24
1075UCL25,,india,2025-08-07
1076LFL26,,india,2026-04-15
1080CCIL28,,india,2026-07-24
1080MML26,,india,2026-03-10
1080MML29,,india,2026-06-30
1080SFL26,,india,2026-06-24
1081BHG28,,india,2026-04-02
1083CIFPER,,india,2026-07-22
1085IHFL26,,india,2026-06-11
1085SCNL26,,india,2026-07-01
1085SFL25,,india,2025-08-20
1085SFL26,,india,2026-06-01
1085SFL27,,india,2026-06-03
1085WBSE26,,india,2026-07-16
1088CIFPER,,india,2026-07-14
108EAAAL27,,india,2026-07-22
108SFL26,,india,2026-07-15
1090AFPL26,,india,2025-12-11
1090CCIL27,,india,2026-07-16
1090ESP26A,,india,2026-07-16
1090ESPL26,,india,2026-04-01
1090NFL26,,india,2026-03-27
1090NFL28,,india,2026-07-27
1090SHFL26,,india,2026-02-10
1095AFP27,,india,2026-06-12
1095BRFL27,,india,2026-07-16
1095KSL26,,india,2026-07-03
1095KSPL26,,india,2025-10-07
1095MBFL27,,india,2026-07-22
1095SFL27A,,india,2026-04-06
1095SFLD27,,india,2026-05-20
1096MECL31,,india,2026-05-11
109AFPL26,,india,2025-12-11
109AFSL28,,india,2026-07-22
109CCIL27B,,india,2026-06-24
109ESPL26,,india,2026-01-08
109ESPL27,,india,2026-07-27
10AAHL29,,india,2026-05-06
10ARKA28,,india,2026-05-29
10BML25,,india,2025-07-02
10BUDPL36D,,india,2025-12-22
10CAGL27,,india,2026-07-24
10CIFPERP,,india,2026-03-23
10DCAL27,,india,2026-07-27
10DCAL29,,india,2026-07-02
10EARC26,,india,2025-12-30
10EFCL27,,india,2025-06-27
10EFS33,,india,2026-07-27
10EFSL036,,india,2026-07-22
10EFSL27,,india,2026-07-20
10EFSL27A,,india,2026-07-27
10EFSL28,,india,2026-07-10
10EFSL28C,,india,2026-07-24
10EFSL30,,india,2026-07-23
10EFSL33,,india,2026-07-27
10EFSL33A,,india,2026-07-27
10EFSL33B,,india,2026-07-24
10EFSL34,,india,2026-07-27
10EFSL34A,,india,2026-07-27
10EFSL36,,india,2026-07-27
10HCI28,,india,2026-06-25
10HFL29,,india,2026-06-03
10ICLFL027,,india,2026-07-27
10ICLFL27,,india,2026-07-24
10IFSL26,,india,2026-04-15
10IIFL28,,india,2026-07-23
10IIFL28A,,india,2026-07-16
10IIFL29,,india,2026-07-27
10IIFLSF27,,india,2026-06-29
10IML25,,india,2025-10-14
10IML28,,india,2026-07-16
10ISFL26,,india,2026-07-16
10JFPL30,,india,2025-12-22
10KAFL26,,india,2026-07-27
10KAFL26A,,india,2026-05-20
10KAFL26B,,india,2026-03-30
10KAFL27,,india,2026-07-09
10KAFL27A,,india,2026-07-21
10KFIL27,,india,2026-07-22
10KFL027,,india,2026-07-15
10KFL2027,,india,2026-07-17
10KFL2027A,,india,2026-07-14
10KFL2028,,india,2026-06-29
10KFL2029,,india,2026-07-09
10KFL2030,,india,2026-07-27
10KFL2031,,india,2026-07-23
10KFL26,,india,2026-07-27
10KFL27,,india,2026-07-10
10KFL27A,,india,2026-07-27
10KFL27C,,india,2026-07-16
10KFL28,,india,2026-07-27
10KFL28A,,india,2026-07-01
10KFL28B,,india,2026-07-10
10KFL28C,,india,2026-06-17
10KFL29,,india,2026-06-02
10KFL29A,,india,2026-07-27
10KFL30,,india,2026-06-02
10KFL31,,india,2026-06-03
10KFLD27,,india,2026-07-07
10KLMAFL26,,india,2025-12-08
10MCSL026,,india,2026-05-13
10MCSL2027,,india,2026-07-24
10MCSL26,,india,2026-06-30
10MCSL27,,india,2026-07-14
10MCSL27A,,india,2026-07-14
10MCSL27B,,india,2026-07-24
10MCSLD26,,india,2026-07-15
10MFCL30,,india,2026-07-27
10MFL31,,india,2026-07-27
10MGFL27,,india,2026-07-23
10MM28,,india,2026-07-27
10MMFL2028,,india,2026-01-29
10MMFL25,,india,2025-10-17
10MMFL25A,,india,2025-11-18
10MMFL26,,india,2026-01-23
10MMFL27,,india,2026-01-06
10MMFL27A,,india,2026-01-22
10MMFL28,,india,2026-02-19
10MMFL28A,,india,2026-02-12
10MMFLD28,,india,2026-02-19
10MML2028,,india,2026-05-05
10MML26,,india,2025-12-04
10MML26A,,india,2026-05-07
10MML27,,india,2026-07-24
10MML27A,,india,2026-07-20
10MML27B,,india,2026-05-26
10MML28,,india,2026-07-21
10MML28A,,india,2026-07-06
10MMLD28,,india,2026-07-27
10NFL25,,india,2025-08-25
10NFL27,,india,2026-07-24
10NHFL27,,india,2026-07-22
10NHFL27A,,india,2025-11-24
10NHFL28,,india,2026-06-17
10NHFL28A,,india,2026-06-30
10NHFL28B,,india,2026-07-02
10NIDO26,,india,2026-07-02
10NIDO27,,india,2026-07-27
10NIDO33,,india,2026-06-22
10PDL27,,india,2026-07-27
10PPL27,,india,2026-06-04
10SCL30A,,india,2025-08-14
10SCL31A,,india,2026-06-18
10SCNL28,,india,2026-07-27
10SFL27,,india,2026-07-24
10SGSL28,,india,2026-07-24
10SMCGSL26,,india,2026-07-13
10SMCGSL27,,india,2026-07-24
10UCL26,,india,2026-07-27
10UCL29,,india,2026-06-11
10VCL28,,india,2026-07-01
1101MECL30,,india,2026-05-11
1102IFL26,,india,2026-07-09
1102NFL26,,india,2026-06-29
1107FCL27,,india,2026-04-23
1110ESAF34,,india,2026-04-01
1110ESFB31,,india,2026-07-07
1110FCPL29,,india,2026-07-24
1110RST626,,india,2026-02-26
1110SSFL26,,india,2025-08-05
1115AFPL27,,india,2026-07-24
1115CCI28D,,india,2025-07-28
1115FFSL27,,india,2026-05-26
1115MHF30,,india,2026-07-24
1115MHFC30,,india,2026-06-04
1119NFL27,,india,2026-07-22
111KFL27,,india,2026-07-27
1120KFPL27,,india,2026-07-20
1120MFIL29,,india,2026-07-20
1125BFL27,,india,2026-06-02
1125CCIL29,,india,2026-07-17
1125ESFB29,,india,2026-07-27
1125FFSL28,,india,2026-03-17
1125ICLF27,,india,2026-01-14
1125ICLF29,,india,2026-04-10
1125IFL27,,india,2026-01-12
1125IML027,,india,2026-07-16
1125IML26,,india,2026-03-02
1125IML26A,,india,2026-06-12
1125IML26B,,india,2026-07-14
1125IML26C,,india,2026-06-23
1125IML27,,india,2026-07-24
1125IML30,,india,2026-07-27
1125IMLD27,,india,2026-07-17
1125KAFL27,,india,2026-04-23
1125KLM26,,india,2026-06-30
1125KLM26A,,india,2025-08-29
1125MFL27,,india,2026-07-27
1125MHFC30,,india,2026-03-24
1125MML27,,india,2026-07-24
1125NFL28,,india,2026-07-24
1125SFPL26,,india,2025-12-10
1125SSFL27,,india,2026-07-20
1125SSFL28,,india,2026-07-27
1125VFPL26,,india,2026-01-29
112KFL26,,india,2026-07-20
112KFPL26,,india,2025-07-24
1130CCIL28,,india,2026-07-16
1130KFL27,,india,2026-07-22
1130KFL27A,,india,2026-07-20
1130KFPL27,,india,2025-07-24
1130MBFL27,,india,2026-07-23
1130NFL28,,india,2026-07-16
1133FFS28,,india,2026-07-27
1133FFSL28,,india,2026-07-24
1133LFL26,,india,2026-01-01
1135AFSL28,,india,2026-07-24
1135MFL26,,india,2026-07-27
1135NFL27,,india,2026-07-17
1135VFPL27,,india,2026-06-01
1137SFPL25,,india,2025-07-03
113CCIL28C,,india,2026-02-02
113KFL27,,india,2026-07-27
113KFPL27,,india,2025-07-22
1140IRWL27,,india,2026-07-27
1140KFL26,,india,2026-03-04
1140KFL27,,india,2025-11-13
1140KFL27A,,india,2026-07-17
1140KFL28,,india,2026-07-27
1140KFLD28,,india,2026-07-23
1140KFP26,,india,2026-01-09
1140KFP27,,india,2026-07-01
1140KFPL28,,india,2025-07-17
1140KRFL27,,india,2026-07-27
1148LIFL27,,india,2026-07-21
114KF27,,india,2026-07-23
114KFL26,,india,2026-05-14
114KFL27,,india,2026-07-22
114KFL27A,,india,2026-07-20
114KFPL26,,india,2025-07-11
1150CCIL28,,india,2026-07-10
1150CCIL29,,india,2026-07-27
1150ESPL25,,india,2025-07-11
1150ICL27C,,india,2026-05-04
1150ICLF28,,india,2026-06-10
1150ICLF31,,india,2026-07-27
1150IFL28,,india,2026-06-04
1150IML28,,india,2026-06-18
1150IML29,,india,2026-07-14
1150KSL27,,india,2026-07-27
1150MML29,,india,2026-07-20
1150SCNL31,,india,2026-07-24
1155KFL27,,india,2026-07-24
115CCIL28,,india,2026-07-27
115ESPL25,,india,2025-09-08
115ICLFL25,,india,2025-10-23
115ICLFL31,,india,2026-07-22
115KFL26,,india,2026-01-21
115KFPL26,,india,2025-07-02
115MFL26,,india,2026-06-30
115MFL26A,,india,2026-07-17
115SSFL28,,india,2026-07-06
115VFPL26,,india,2026-07-16
1160AFL26,,india,2025-12-26
1160KFL25,,india,2025-09-01
1160KFL28,,india,2026-07-20
1165UCL31,,india,2026-07-27
1165UCL31A,,india,2026-06-25
1170MML27,,india,2026-07-27
1175AFPL31,,india,2026-07-17
1175AFPL32,,india,2026-07-24
1175CSFB30,,india,2026-01-06
1175ESP25A,,india,2025-08-04
1175FCPL28,,india,2026-07-27
1175ICLF28,,india,2026-06-08
1175IFL28,,india,2026-04-28
1175IML31,,india,2026-07-16
1175MBFL27,,india,2026-07-27
1175MCFL28,,india,2026-06-30
1175MFL26,,india,2026-06-09
1175MFL26A,,india,2026-04-08
1175NCPL26,,india,2026-02-11
1175NFP27,,india,2025-10-15
1175SFL27,,india,2026-07-14
117VFPL27,,india,2026-01-30
1180NFPL27,,india,2026-06-22
1185LOSI26,,india,2025-07-11
1195LFL26,,india,2026-03-30
119ACAP26,,india,2026-07-23
119AML26,,india,2026-03-13
119NFL30,,india,2026-06-15
11CCI26,,india,2026-03-16
11CCIL26,,india,2025-11-10
11CCIL27,,india,2026-04-17
11CCIL27B,,india,2025-11-03
11CCL26,,india,2026-07-03
11CFL28,,india,2026-07-14
11CFPL2028,,india,2026-07-10
11CFPL27,,india,2026-07-07
11CFPL27A,,india,2026-07-10
11CWCPL28,,india,2026-07-22
11DKGF26,,india,2026-07-27
11DKGFS27,,india,2026-07-24
11DKGFSF28,,india,2026-07-22
11DKGFSP29,,india,2026-06-30
11EFSL34,,india,2026-07-24
11EFSL34A,,india,2026-07-27
11EFSL34B,,india,2026-07-17
11EFSL34C,,india,2026-06-29
11EFSL35,,india,2026-04-28
11EFSL35A,,india,2026-05-11
11EFSL35G,,india,2026-07-27
11EFSL35H,,india,2026-07-16
11ESFB30,,india,2026-07-16
11ESPL25,,india,2025-10-30
11ESPL26,,india,2026-02-05
11FCPL2028,,india,2026-05-13
11FCPL28,,india,2026-07-22
11HFL26,,india,2025-07-18
11HFL27,,india,2026-07-24
11HFL28A,,india,2026-07-06
11HFL29,,india,2026-04-28
11HFL30,,india,2026-06-02
11HFL31,,india,2025-12-11
11HFL31A,,india,2026-07-08
11HFL31B,,india,2026-07-23
11ICLF2029,,india,2026-07-27
11ICLFL26,,india,2025-12-16
11ICLFL26A,,india,2025-12-30
11ICLFL26B,,india,2026-05-05
11ICLFL27,,india,2026-07-07
11ICLFL29,,india,2026-07-24
11IFL27,,india,2026-07-22
11IML026,,india,2026-07-27
11IML2026,,india,2026-07-22
11IML2027,,india,2026-05-13
11IML25,,india,2025-09-01
11IML26,,india,2026-04-02
11IML26B,,india,2026-07-23
11IML27,,india,2026-07-03
11IML29,,india,2026-06-17
11KAFL2030,,india,2026-07-02
11KAFL26,,india,2026-05-12
11KAFL27,,india,2026-07-03
11KAFL29,,india,2026-05-14
11KAFL30,,india,2026-05-15
11KFL25,,india,2025-10-17
11KFL27,,india,2026-07-13
11MBF28,,india,2026-06-16
11MECL30,,india,2026-07-17
11MGFL26,,india,2026-07-16
11MGFL27,,india,2026-07-13
11MGFLD27,,india,2026-07-27
11MML26,,india,2026-01-08
11MML26A,,india,2026-05-19
11MML28,,india,2025-12-16
11MML29,,india,2026-07-27
11MML30,,india,2026-06-23
11NFL26,,india,2026-04-22
11NHFL34,,india,2026-06-03
11NHFL35,,india,2026-06-04
11NHFL35A,,india,2026-07-27
11PPL27,,india,2026-07-08
11RDCCIL28,,india,2026-07-14
11RDCCL28,,india,2026-07-10
11RDCL2028,,india,2026-07-21
11SCCSPL28,,india,2026-07-22
11SCNL26,,india,2025-12-16
11SFPL27,,india,2026-07-06
11UCL26,,india,2026-04-29
11UFL28,,india,2026-07-21
11USFBL31,,india,2026-07-24
1205ACAP29,,india,2026-07-23
1206FCL27A,,india,2026-04-24
1206FCL29,,india,2026-01-22
1210PFLC,,india,2025-07-09
1210PFLPER,,india,2025-07-07
1215NCPL27,,india,2026-07-24
1225AFPL29,,india,2026-07-09
1225FCPL28,,india,2026-06-05
1225ICL28G,,india,2026-05-08
1225ICLF26,,india,2025-06-30
1225IFL27,,india,2026-07-08
1225IML32,,india,2026-07-24
1225PCL29,,india,2026-07-22
1240AFPL29,,india,2026-07-16
1250ACAP27,,india,2026-07-27
1250ACAPL29,,india,2026-07-24
1250BCSL28,,india,2026-07-22
1250BCSL29,,india,2026-07-24
1250ICL30E,,india,2026-06-23
1250ICLF29,,india,2026-07-24
1250ICLF30,,india,2026-06-10
1250IFL29,,india,2026-04-16
1250PCL30,,india,2026-07-14
1250SFPL26,,india,2026-07-17
1250TCL30,,india,2026-07-27
1250UCL29,,india,2026-07-27
125ACAP28,,india,2026-07-27
125ACAPL26,,india,2026-01-21
125BCSL29,,india,2026-07-21
125ICFL26,,india,2026-07-06
125ICLFL28,,india,2026-07-23
125IML28,,india,2026-07-23
125KSL25A,,india,2025-11-21
125KSPL25A,,india,2025-09-16
125PCL28,,india,2026-07-27
125PCL29,,india,2026-07-17
1260MFL25,,india,2025-07-14
1260MFL25A,,india,2025-09-15
1275PCL29,,india,2026-07-27
1275PCL30,,india,2026-04-13
1275PCL31,,india,2026-07-27
1275SCNL29,,india,2026-07-09
1280ACAP28,,india,2026-07-27
1290MCFL27,,india,2026-07-27
129EFL29,,india,2026-05-06
129SMP26,,india,2026-01-30
12ACAP27,,india,2026-07-27
12ACAP27A,,india,2026-07-27
12ACAP29,,india,2026-01-16
12ACAPL27A,,india,2026-07-27
12ACAPL27B,,india,2026-07-27
12ACAPL28,,india,2026-07-27
12ACAPL28A,,india,2026-07-23
12AFL27,,india,2025-08-21
12AFPL30,,india,2026-07-02
12CCI29,,india,2026-07-22
12CCIL30,,india,2026-07-20
12CCIL30C,,india,2026-07-14
12CCIL30D,,india,2026-07-21
12CCIL31,,india,2026-07-22
12CIPL31,,india,2026-07-13
12CSAIPL26,,india,2026-01-08
12CVL27,,india,2026-06-30
12FFSL27,,india,2026-07-07
12FFSL28,,india,2026-07-16
12ICFL25,,india,2025-11-21
12ICLFL26,,india,2026-06-24
12ICLFL27B,,india,2026-06-11
12ICLFL28,,india,2026-07-24
12ICLFL28D,,india,2026-06-30
12ICLFL30,,india,2026-07-27
12IFL27,,india,2026-06-24
12IFL30,,india,2026-07-08
12IML26,,india,2026-07-27
12IML26A,,india,2025-09-01
12IML28,,india,2026-07-10
12IML29,,india,2026-07-24
12KFL2028,,india,2026-07-27
12KFL27,,india,2026-07-27
12KFL28,,india,2026-07-27
12KFL28A,,india,2026-06-18
12LMPL27,,india,2026-07-24
12LVAM25,,india,2026-05-07
12MFIL26,,india,2025-12-23
12SCNL31,,india,2026-07-27
12SHANK27,,india,2025-12-10
12SSFBL31,,india,2026-07-27
1310AFPL28,,india,2026-05-08
1310SHFL27,,india,2026-06-02
1310TFL29,,india,2025-06-23
1315MFL25,,india,2025-07-07
1315MFL26,,india,2026-01-07
1325LFL26,,india,2026-07-21
1350LLD29,,india,2026-07-27
1350SPL28A,,india,2026-02-27
1350TCL27,,india,2026-02-23
1370MFSPL27,,india,2026-07-22
1385SML29,,india,2026-07-27
138JSFBL27,,india,2026-06-11
13ACAPL28,,india,2026-07-14
13EFL29,,india,2026-07-10
13LLDL29,,india,2026-07-27
13PCL30,,india,2026-07-27
13PCL30A,,india,2026-07-27
13PCL31,,india,2026-07-27
13RFL28,,india,2026-07-27
13SCNL26,,india,2026-07-02
13TCFL27,,india,2025-06-23
13TFL27,,india,2025-06-23
13TFL27A,,india,2025-06-23
13UCIL2028,,india,2026-07-27
13UCIL27,,india,2026-07-27
13UCIL28,,india,2026-07-27
1420CIPL28,,india,2026-05-21
1420SML29,,india,2026-07-23
1425CIPL27,,india,2026-03-05
1425CIPL28,,india,2026-05-21
1425CSAI26,,india,2026-03-25
1425CSAI27,,india,2026-02-23
1430DKGF29,,india,2026-07-27
1435ACAP26,,india,2026-07-24
1440MFSP27,,india,2026-07-27
145ACAPL26,,india,2026-03-04
14RFL2027,,india,2026-07-21
14RFL27,,india,2026-07-13
1746CSAI28,,india,2026-03-27
1STCUS,FIRST CUSTODIAN FUND (INDIA) L,india,2026-07-27
20MICRONS,20 MICRONS LTD,india,2026-07-27
21STCENMGM,21ST CENTURY MGMT SERVICE,india,2026-07-27
360ONE,360 ONE WAM LIMITED,india,2026-07-27
3BBLACKBIO,3B BLACKBIO DX LTD.,india,2026-07-27
3BFILMS,3B FILMS LIMITED,india,2026-07-27
3CIT,,india,2026-07-27
3IINFO-RE,,india,2025-10-20
3IINFOLTD,3I INFOTECH LIMITED,india,2026-07-27
3MINDIA,3M INDIA LIMITED,india,2026-07-27
3PLAND,3P LAND HOLDINGS LIMITED,india,2026-07-27
4THGEN,FOURTH GENERATION INFORMATION,india,2026-07-27
58PFCL26,,india,2025-11-27
5PAISA,5PAISA CAPITAL LIMITED,india,2026-07-27
5PAISA-RE,,india,2026-04-07
63MOONS,63 MOONS TECHNOLOGIES LTD,india,2026-07-27
675PFL31,,india,2026-07-27
680SBI35,,india,2025-07-29
682PFCL31,,india,2026-07-20
683PFCL31,,india,2026-07-10
692BFL30,,india,2026-03-25
695PFCL36,,india,2026-04-15
697PFCL36,,india,2026-07-27
699ABL31,,india,2025-07-09
702HUDCO26,,india,2026-01-14
702IIFCL28,,india,2026-05-04
704IRFC28,,india,2026-07-02
704NABAR26,,india,2025-11-24
704PFCL28,,india,2026-07-17
704REC28,,india,2026-07-08
705HDFCB31,,india,2025-12-05
705MTNL30,,india,2026-03-17
705PFC30,,india,2026-04-16
707IRFC25,,india,2025-10-31
708IIFCL33,,india,2026-05-29
710HDFCB31,,india,2026-07-01
711NTPC25A,,india,2025-09-09
711PFCL25,,india,2025-09-25
714NHAI26,,india,2025-10-10
714NHAI40,,india,2026-05-26
714REC25,,india,2025-10-15
715PFCL36,,india,2026-07-27
717KPL28,,india,2026-06-15
718REC35,,india,2026-07-03
719HUDCO28,,india,2026-03-25
723BOB35,,india,2025-07-28
725HDFCB30,,india,2025-10-29
725ICICI31,,india,2026-06-04
725IRFC35,,india,2026-07-03
727HUDCO26,,india,2026-01-14
728IREDA26,,india,2026-01-05
728IRFC30,,india,2026-04-08
728NHAI30,,india,2026-07-14
728NTPC30B,,india,2026-06-16
729HUDCO26,,india,2026-02-18
729IRFC26,,india,2026-03-04
729NABAR26,,india,2026-02-26
729NHAI26,,india,2026-02-19
732IGT31,,india,2026-06-11
732IRFC25,,india,2025-12-02
733SBI39,,india,2025-09-22
734IRFC28,,india,2026-07-17
734REC30,,india,2026-07-17
735IRFC31,,india,2026-05-18
735MFL25,,india,2025-12-04
735NABAR31,,india,2026-06-24
735NHAI31,,india,2026-07-27
735PFCL35,,india,2026-02-13
736IIFCL28,,india,2026-07-24
736NTPC25D,,india,2025-09-18
736PFCL25,,india,2025-09-29
736PFCL28,,india,2026-07-22
738REC27TF,,india,2026-07-15
739HUDC31,,india,2026-05-14
739HUDCO31,,india,2026-07-14
739NHAI26,,india,2025-12-15
739NHAI31,,india,2026-04-27
739NHAI31A,,india,2026-03-27
740IIFCL33,,india,2026-07-21
743REC35,,india,2026-07-10
745MMFSL31,,india,2025-10-24
748IRFC34,,india,2026-06-10
749IREDA31,,india,2026-07-20
750IRFC35,,india,2026-07-23
750MFL27,,india,2026-07-10
750PFCL26,,india,2026-07-15
751HUDCO28,,india,2026-07-08
752PFCL30,,india,2026-07-27
753IREDA26,,india,2026-01-05
753IRFC30,,india,2026-07-27
753NABRD28,,india,2025-07-28
753NTPC30E,,india,2026-06-05
753PFCL33,,india,2026-07-15
754SBI38,,india,2025-08-18
755BFL35,,india,2026-07-15
755PFCL38,,india,2026-07-24
758NTPC26,,india,2025-08-28
75IHFCL30,,india,2026-05-26
760MFL25,,india,2025-12-05
760PFCL35,,india,2026-07-27
762NTPC35F,,india,2026-07-27
764HUDCO31,,india,2026-07-27
764IRFC31,,india,2026-07-21
764NABAR31,,india,2026-07-27
766LTF30,,india,2025-12-17
768IREDA36,,india,2026-07-23
769HUDCO31,,india,2026-07-27
769IGT28,,india,2026-07-06
769NHAI31,,india,2026-07-27
76IGT26,,india,2026-04-02
76NHAI31,,india,2026-07-27
770BHFL27,,india,2025-10-16
772SBI31,,india,2026-02-24
772SBIPER,,india,2026-04-17
773SBIPERP,,india,2025-08-05
774IREDA31,,india,2026-07-27
774SBIPER,,india,2025-08-14
775HDFCB33,,india,2025-10-10
775MFL2026,,india,2026-05-07
775MFL26,,india,2026-03-19
775MFL27,,india,2026-07-13
775MFLTD25,,india,2025-08-20
775MFLTD26,,india,2026-07-21
775MFLTD28,,india,2026-07-27
775PFCL26,,india,2026-07-08
775PFCL30,,india,2026-03-23
775SBIPER,,india,2025-07-28
777IRFC26,,india,2026-07-08
780HDFCB32,,india,2026-06-19
781IHFCL28,,india,2025-09-22
784HDFCB27,,india,2025-07-28
785BHFL28,,india,2025-09-22
785IRFC34,,india,2025-09-16
785MFL2028,,india,2026-07-07
785MFL28,,india,2026-07-27
788BOBPERP,,india,2025-07-25
78ABCL33,,india,2026-04-21
78HDFCB33,,india,2026-07-07
790BFL30,,india,2026-05-14
791JMFPL26,,india,2026-07-27
792BFL34,,india,2025-10-10
796REC30,,india,2025-11-12
797HDFCB33,,india,2026-07-14
797IGT31,,india,2026-07-23
797KIDF28,,india,2025-11-12
797RECPER,,india,2026-07-24
7988HFSL26,,india,2026-03-16
79IGT28,,india,2026-02-16
79MFL31,,india,2026-07-21
79NHIT35,,india,2026-07-27
79NHIT40,,india,2026-07-27
79NHIT47,,india,2026-07-27
7NR,7NR Retail Limited,india,2026-07-27
7NR-RE1,,india,2025-07-16
7PFCL31,,india,2026-07-27
7SEASL,7SEAS ENTERTAINMENT LIMITED,india,2026-07-27
7TEC,SAVEN TECHNOLOGIES LTD.,india,2026-07-27
800MMFSL27,,india,2026-07-23
801ABCL28,,india,2026-06-10
802IHFC29,,india,2025-11-21
804IIL33,,india,2026-07-15
805ABCL28,,india,2026-07-13
805HDFCB29,,india,2026-04-29
805HHFL30,,india,2026-03-16
805MMFSL32,,india,2026-07-21
805NMC29,,india,2026-07-01
805NMC30,,india,2026-06-22
805NMC31,,india,2026-07-15
805NMC32,,india,2026-06-22
805NMC33,,india,2026-07-20
805NMC34,,india,2026-07-20
805NMC35,,india,2026-07-20
805NMC36,,india,2026-07-20
80736HFS26,,india,2025-10-08
807HDFCB32,,india,2026-04-28
807IHFCL27,,india,2025-11-21
810ABHF28,,india,2025-07-21
810IRFC27,,india,2026-07-14
810MFL2028,,india,2026-06-19
811KMIL26,,india,2026-07-24
812ABCL32A,,india,2026-06-30
812REC27,,india,2026-07-27
814AFL29,,india,2025-09-24
815BFL27,,india,2025-08-28
815CFSL32,,india,2026-07-09
816PFCL26,,india,2025-11-27
81ABCL33,,india,2026-07-24
81LTF30,,india,2026-07-13
81MFL28,,india,2026-07-22
81TCHF28,,india,2026-07-27
820IIFL27,,india,2026-07-27
820JMFPL26,,india,2026-07-27
824PGCIL29,,india,2025-08-18
825BOBPER,,india,2025-06-30
825MFL2026,,india,2026-01-08
825MFL25A,,india,2025-10-10
825MFL26,,india,2026-02-24
825MFL27,,india,2026-07-24
825MFL29,,india,2026-07-22
825SFPL25,,india,2025-11-27
826IIFC28A,,india,2026-07-03
827HFSL34,,india,2025-07-07
829PFL29,,india,2026-04-06
82HUDCO27,,india,2026-07-27
82IGT31,,india,2026-07-27
830CIFC26,,india,2026-05-13
830JMFPL30,,india,2026-07-20
830NHAI27,,india,2026-07-27
830PFCL27,,india,2026-07-22
833HDBFS27,,india,2025-08-25
834SBIPERP,,india,2026-03-10
835MASFS26,,india,2026-02-05
835MFL26,,india,2026-07-24
835MFSL26,,india,2026-02-11
835NICL27,,india,2025-11-07
835SBIGI34,,india,2026-04-16
835SCL23A,,india,2026-03-02
835SCL23B,,india,2026-04-20
835SCL27,,india,2026-06-01
836PGCIL29,,india,2025-07-28
837IIFL28,,india,2026-07-27
837MFL28,,india,2026-07-24
837MFL28A,,india,2026-07-27
837REC28,,india,2026-02-10
838HUDCO29,,india,2025-08-18
838IIFCL28,,india,2026-07-02
840CIFCL28,,india,2026-07-17
840HDBFS33,,india,2026-06-30
840IRFC29,,india,2026-07-20
840MFL27,,india,2026-07-17
842IIFL26,,india,2026-07-21
843IHFL29,,india,2026-07-20
843SCL28,,india,2025-08-26
843SCL28A,,india,2026-04-08
845AAHL29,,india,2026-07-02
845MFSL26,,india,2025-11-20
846REC28,,india,2026-07-22
847SCL25,,india,2025-08-25
848AEL29,,india,2026-07-24
848IIFC28B,,india,2026-05-15
848IIFC29A,,india,2026-06-03
849HUDCO33,,india,2026-03-30
849KIIFB27,,india,2026-04-27
849KIIFB28,,india,2026-07-13
849NHAI29,,india,2025-07-28
84CIFCL28,,india,2026-07-27
84MFL25,,india,2025-07-07
84TCHF28,,india,2026-07-21
850CIFCL26,,india,2026-06-12
850IIFCL33,,india,2026-04-15
850IIFL27,,india,2026-06-01
850KFL2028,,india,2026-07-23
850KFL28,,india,2026-07-03
850MFL27,,india,2026-07-27
850MFL27A,,india,2026-07-24
850MFL28,,india,2026-07-27
850MFL29,,india,2026-06-11
850MMFL26,,india,2026-01-09
850NHAI29,,india,2026-07-27
850SCL25A,,india,2026-07-21
850SFL32,,india,2026-05-20
851HUDCO28,,india,2026-05-11
851MFL2028,,india,2026-07-27
851MFL28,,india,2026-07-24
852IIFL29,,india,2026-06-30
852MFL29,,india,2026-07-13
852MFL29A,,india,2026-07-15
854NHPC28,,india,2026-06-25
854PFCL28,,india,2026-07-23
855CGCL27,,india,2026-07-24
855HDFCB29,,india,2025-12-17
855IIFCL29,,india,2025-10-03
855IIFCL34,,india,2026-03-12
855IREDA29,,india,2026-03-02
855IREDA34,,india,2026-05-12
855MFSL25,,india,2025-11-14
856REC28,,india,2026-04-16
85BOBPERP,,india,2025-07-03
85CIFC27,,india,2026-06-25
85IFL26,,india,2026-06-09
85IFL28,,india,2026-07-24
85KFL25,,india,2025-07-14
85LTF26,,india,2026-07-27
85PFL26A,,india,2026-05-22
860AEL28,,india,2026-07-23
860CIFCL28,,india,2026-07-17
862AEL31,,india,2026-06-03
862REC33,,india,2026-07-08
863IIFCL28,,india,2026-07-21
863IRFC29,,india,2026-06-18
863REC29,,india,2026-06-08
865AESL34,,india,2026-01-23
865EFSL028,,india,2026-07-27
865EFSL28,,india,2026-07-27
865IFL28,,india,2026-07-21
865IHFL27,,india,2026-06-25
865IIFL28,,india,2026-07-27
865IIFL31,,india,2026-07-27
865IRFC29,,india,2026-07-24
865LTF26,,india,2026-07-27
865MF25,,india,2025-09-26
865MFL2029,,india,2026-07-27
865MFL25A,,india,2025-08-14
865MFL26A,,india,2026-04-15
865MFL29,,india,2026-07-23
865MFL31,,india,2026-07-22
865MFL31A,,india,2026-07-24
865SCL26,,india,2026-07-20
865SCL27,,india,2026-07-24
865TCAPS27,,india,2026-07-27
866IIFC34B,,india,2026-07-07
866NTPC33,,india,2026-05-18
867NHPC33,,india,2026-03-27
867PFCL33,,india,2026-06-11
86CIFC29,,india,2026-05-12
870IIFL28,,india,2026-07-27
870MFL27,,india,2026-07-20
871REC28,,india,2026-07-24
872IFCI27,,india,2026-07-17
872IFCI27D,,india,2026-07-14
872MMFSL26,,india,2026-05-21
872PFCL22A,,india,2026-07-23
873HUDCO29,,india,2025-11-03
873IIFC29D,,india,2026-07-14
873NTPC28,,india,2026-07-13
874HUDCO33,,india,2026-07-15
874RRVPN27,,india,2026-03-16
875AEL29,,india,2026-07-23
875CIFC23B,,india,2026-01-08
875IFCI26,,india,2026-06-17
875IFCI26A,,india,2026-07-24
875IHFL29,,india,2026-06-29
875IIFCL33,,india,2026-07-22
875IIFL26,,india,2026-07-24
875IIFL26A,,india,2026-01-05
875KFL2025,,india,2025-09-05
875KFL26,,india,2025-11-17
875KFL26A,,india,2025-11-11
875KPL29,,india,2025-10-03
875KPL34,,india,2026-03-27
875MFCL26C,,india,2026-04-09
875MFL26,,india,2025-12-29
875MFL26A,,india,2026-02-06
875MFL28,,india,2026-07-02
875MFL32,,india,2026-07-17
875MFL32A,,india,2026-07-27
875NHAI29,,india,2026-07-27
875NJCPL27,,india,2026-07-27
875PF26,,india,2026-07-03
875PFL26,,india,2025-07-31
875PFL26A,,india,2026-01-27
875PFL31,,india,2026-03-27
875SCL23A,,india,2026-05-07
875SF26,,india,2026-03-06
875SFL27,,india,2026-07-21
875SFL28,,india,2025-12-17
876HUDCO28,,india,2026-07-27
876HUDCO34,,india,2026-07-20
879IRFC30,,india,2026-04-16
879MFL2031,,india,2026-07-27
879MFL31,,india,2026-07-17
879NHPC28,,india,2026-07-15
879PFCL28,,india,2026-07-27
879SCL26,,india,2026-06-04
879SCL30,,india,2026-06-30
87HFSLPERP,,india,2025-09-10
87LTF27,,india,2026-07-24
87MFL28,,india,2026-07-24
87MFL28A,,india,2026-07-27
87RECL28,,india,2025-07-28
87SCL27A,,india,2025-07-14
880CGCL29,,india,2026-07-24
880EFSL029,,india,2026-07-27
880EFSL29,,india,2026-07-17
880IIFCL29,,india,2026-07-27
880IIFCL34,,india,2026-07-27
880IREDA29,,india,2026-07-27
880IREDA34,,india,2026-07-24
880MFL28,,india,2026-07-20
883HUDCO29,,india,2026-07-13
885AEL28,,india,2026-07-24
885EFSL27,,india,2026-07-27
885HFSL29,,india,2025-11-17
885IHL26,,india,2026-06-25
885IIFL29,,india,2026-06-08
885MFCL27,,india,2026-07-27
885MFL2028,,india,2026-07-27
885MFL28A,,india,2026-07-27
885MFL29,,india,2026-07-27
885MFL29A,,india,2026-07-22
885MOFSL26,,india,2026-04-13
885PFCL30,,india,2025-12-22
885REC29,,india,2026-04-28
885SCL26,,india,2026-07-27
885TCAPS29,,india,2026-06-17
886ONE25,,india,2025-10-03
886REC34,,india,2026-07-20
888ECL28,,india,2026-07-24
888ERFL28,,india,2025-10-09
888IHFL25F,,india,2025-11-12
888IRFC29,,india,2026-07-27
888MFL2032,,india,2026-07-24
888MFL32,,india,2026-07-24
888REC29,,india,2026-07-06
888SCL25E,,india,2026-07-10
888SCL28,,india,2026-07-15
889KFC32,,india,2025-06-30
889KFC33,,india,2026-03-20
889SCFL27,,india,2026-07-20
889SCL26,,india,2026-07-14
889SCL27,,india,2026-07-23
889SCL28,,india,2026-06-22
88MFL28,,india,2026-07-27
88MMFSL26,,india,2025-09-29
88NWIL25,,india,2025-06-25
88SCL25,,india,2025-09-29
890AEL31,,india,2026-07-27
890KFC29,,india,2026-04-15
890KFC30,,india,2026-05-27
890MFCL26,,india,2026-05-12
890MFL26,,india,2026-01-05
890MFL26A,,india,2026-07-24
890SFIL23A,,india,2026-07-01
891IIFCL34,,india,2026-07-21
891NTPC33,,india,2026-07-23
892NHPC33,,india,2026-07-22
892PFCL33,,india,2026-07-24
893CGCL31,,india,2026-07-27
894SCL25,,india,2025-08-08
894SCL27,,india,2026-07-20
895AEL27,,india,2026-07-22
895EFS25,,india,2025-07-03
895EFSL25A,,india,2025-10-06
895EFSL26,,india,2026-01-12
895KIIFB27,,india,2026-06-24
895KIIFB28,,india,2026-06-04
895KIIFB29,,india,2026-07-03
895KIIFB30,,india,2026-07-13
895KIIFB31,,india,2026-06-17
895KIIFB32,,india,2026-07-03
895KIIFB33,,india,2026-07-24
895NHFL25,,india,2025-08-28
896HUDCO34,,india,2026-06-22
897MOFSL29,,india,2026-07-27
897REC29,,india,2026-01-08
898HUDCO29,,india,2026-07-27
898LTF29,,india,2026-07-24
898ONE26,,india,2026-04-23
898PFCL29,,india,2025-11-12
89CGCL27,,india,2026-07-27
89CGCL28,,india,2026-07-27
89EFSL25,,india,2025-10-01
89IHFL29,,india,2026-07-22
89MFL26,,india,2026-07-24
89MFSL27,,india,2026-07-27
8ABCL26,,india,2026-07-27
8HDFCB32,,india,2026-07-08
8MFL2026,,india,2026-05-18
8MFL26,,india,2026-03-23
8MFLTD26,,india,2026-07-17
8MFLTD28,,india,2026-07-27
8MTNL32,,india,2026-06-10
8SMC29,,india,2026-07-27
8SMC30,,india,2026-07-14
900KPL29,,india,2026-07-23
900KPL34,,india,2026-07-17
901HUDCO34,,india,2026-07-27
902SCL26I,,india,2026-05-04
902SCL27A,,india,2026-02-11
902SCL27Q,,india,2026-07-16
902SCL28,,india,2026-07-21
903EFSL28,,india,2026-07-27
903ONE26,,india,2025-12-29
903SFL28,,india,2026-07-23
905CIFCL31,,india,2026-04-28
905HDFCB28,,india,2025-11-20
905LTF27,,india,2026-07-17
905MFCL28,,india,2026-07-27
905MFL28,,india,2026-07-03
905MFL28A,,india,2026-07-15
905PEL26,,india,2025-09-18
905PFL26,,india,2026-07-27
905SC24B,,india,2026-07-24
905SCL36,,india,2026-07-08
910AML2028,,india,2026-07-27
910BML27,,india,2026-06-29
910CAGL25,,india,2025-08-12
910IGIC26,,india,2026-07-21
910MFL26,,india,2026-06-15
910RGICL26,,india,2025-10-08
910TCAP28,,india,2026-07-27
912CFSL29,,india,2025-10-30
912EFSL28,,india,2026-07-27
915AEL28,,india,2026-07-09
915BML27,,india,2025-12-29
915CGCL29,,india,2026-07-24
915EFSL029,,india,2026-07-24
915EFSL26,,india,2026-07-27
915EFSL26A,,india,2026-07-27
915EFSL29,,india,2026-07-09
915MFCL27,,india,2026-07-06
915MFL2031,,india,2026-07-27
915MFL25,,india,2025-10-01
915MFL27,,india,2026-07-06
915MFL28,,india,2026-03-13
915MFL31,,india,2026-07-07
915NIDO27,,india,2026-07-27
915NWIL25,,india,2025-06-24
915PIFS27,,india,2026-05-22
915PIFS27A,,india,2026-07-27
915SCL26,,india,2026-07-23
915SCL27,,india,2026-06-25
915SCL27A,,india,2026-07-21
915SCL30,,india,2026-05-04
915VCL27,,india,2026-07-21
916EFSL26,,india,2026-04-08
916IFCI27,,india,2026-07-27
916IFCI27A,,india,2026-06-22
916NWIL27,,india,2026-07-24
916ONE25,,india,2025-11-17
916ONE27,,india,2026-07-01
916SCL25,,india,2025-09-23
919PFL28,,india,2025-11-18
91ABHF26B,,india,2026-06-05
91HLFL31,,india,2026-04-16
91MFL32,,india,2026-07-27
91MFL32A,,india,2026-07-27
91MFSL27,,india,2026-07-24
91MOFSL27,,india,2026-07-16
91PFL30,,india,2025-10-01
91SFL27,,india,2026-07-23
91TCAPPERP,,india,2026-07-20
920AUSFB35,,india,2026-04-21
920BML28,,india,2026-07-10
920CIFCL31,,india,2026-04-29
920EFSL26,,india,2026-04-09
920EFSL26A,,india,2026-07-22
920EFSL26B,,india,2026-01-01
920EFSL27,,india,2026-07-21
920EFSL27A,,india,2026-07-13
920IIFLS26,,india,2026-05-21
920MFCL27,,india,2026-07-20
920NIDO26,,india,2026-07-23
920NWIL27,,india,2026-05-21
920PEL28,,india,2025-09-18
920PFL28,,india,2026-07-24
920SCL23A,,india,2025-07-10
920SCL28,,india,2026-04-13
920SCL32,,india,2026-06-29
920SFL29,,india,2025-09-24
921EFSL031,,india,2026-07-27
921EFSL31,,india,2026-07-27
921ISFL25,,india,2025-10-23
921ONE27,,india,2026-07-21
921ONE29,,india,2026-05-27
922ONE25,,india,2025-07-01
925AEL26,,india,2026-07-17
925CAGL26,,india,2026-05-05
925CGCL28A,,india,2026-07-23
925CIFPER,,india,2026-07-09
925ECL28,,india,2026-07-27
925EFSL25,,india,2025-10-01
925ERFL28,,india,2025-09-22
925FL27,,india,2026-03-10
925HCI28,,india,2026-05-12
925HLFL30,,india,2026-03-27
925HLFL31,,india,2026-07-24
925IHFL25E,,india,2026-06-01
925IHFL29,,india,2026-07-21
925IHFL31,,india,2025-08-05
925KFIL25,,india,2025-06-25
925KFL26,,india,2026-05-14
925KFL26A,,india,2026-01-28
925KFL26B,,india,2026-07-16
925KFL29,,india,2026-07-27
925MASFS27,,india,2026-07-23
925MCSL26,,india,2026-02-06
925MCSL26A,,india,2026-01-21
925MFCL26,,india,2026-03-23
925MFCL27,,india,2026-07-23
925MFCL27A,,india,2026-07-22
925MFL2032,,india,2026-07-27
925MFL25,,india,2025-06-24
925MFL26,,india,2025-12-04
925MFL28,,india,2026-07-27
925MFL28A,,india,2026-06-17
925MFL32,,india,2026-07-27
925MFLIV28,,india,2026-07-22
925MMFL27,,india,2026-02-20
925MMFLD27,,india,2026-02-23
925MML27,,india,2026-07-23
925MML27A,,india,2026-03-23
925MML28,,india,2026-06-05
925MML28A,,india,2026-07-15
925MMLD27,,india,2026-07-22
925MOFSL32,,india,2026-07-27
925MRHFL25,,india,2025-09-10
925NFL26,,india,2025-12-31
925NHFL27,,india,2026-07-24
925OFSL26,,india,2026-01-19
925PDL28,,india,2026-07-21
925SCFL27,,india,2026-07-24
925SCL2028,,india,2026-07-01
925SCL25,,india,2025-09-10
925SCL25A,,india,2025-09-02
925SCL25B,,india,2025-12-08
925SCL26D,,india,2026-04-15
925SCL26E,,india,2026-05-11
925SCL26F,,india,2026-04-29
925SCL26G,,india,2026-06-24
925SCL26W,,india,2026-07-20
925SCL27,,india,2026-06-29
925SCL27B,,india,2026-07-24
925SCL28B,,india,2026-07-23
925SCL28C,,india,2026-06-24
925SCL29A,,india,2026-06-29
925SCL30,,india,2026-06-15
925SCL30A,,india,2026-07-24
925SFL25,,india,2025-09-11
925SFL27A,,india,2026-01-30
925VCL28,,india,2025-11-07
926ONE29,,india,2026-07-14
927MFL26,,india,2026-01-27
927MFL26A,,india,2026-07-15
92EFSL26,,india,2026-07-02
92MMFSL27,,india,2026-06-19
92SFIL28,,india,2026-07-01
930AEL30,,india,2026-07-24
930AML26,,india,2025-07-15
930CGCL31,,india,2026-07-23
930EFSL31,,india,2026-07-27
930HLFL32,,india,2026-07-10
930IIFL27,,india,2026-02-26
930KIIFB30,,india,2026-07-27
930KIIFB31,,india,2026-07-21
930KIIFB32,,india,2026-07-27
930KIIFB33,,india,2026-07-21
930KIIFB34,,india,2026-07-22
930KIIFB35,,india,2026-07-22
930KIIFB36,,india,2026-07-24
930MFCL30,,india,2026-06-05
930MFLIV26,,india,2026-07-16
930MMCL28,,india,2026-07-22
930MMFL28,,india,2026-02-23
930MML2028,,india,2026-07-27
930MML28,,india,2026-07-27
930NIDO32,,india,2026-07-27
930PEL29,,india,2025-09-19
930SCL26,,india,2026-04-22
930SCL35,,india,2026-06-29
930SFL28,,india,2026-07-17
930UCL26,,india,2025-12-09
931SFL26,,india,2026-07-07
932AEL27,,india,2026-07-24
934JMFCS28,,india,2026-07-10
934WBSE25A,,india,2025-07-11
935AHFL28,,india,2026-07-27
935CFSER,,india,2025-11-12
935EFSL27,,india,2026-07-27
935EFSL28,,india,2026-07-23
935IIFL28,,india,2025-06-27
935LTF29,,india,2026-07-13
935MFCL29,,india,2026-06-10
935MFL29,,india,2026-07-01
935MOFSL29,,india,2026-07-08
935NHFL28,,india,2026-07-27
935ONE26,,india,2026-04-15
935PEL33,,india,2025-09-10
935PFL33,,india,2026-07-24
935SCL28,,india,2025-12-11
939EFSL26,,india,2025-12-22
93ARKA25,,india,2025-12-11
93ARKA26,,india,2026-07-06
93CIFC30,,india,2026-07-13
93DVC27A,,india,2026-04-22
93EFSL31,,india,2026-07-24
93EFSL31A,,india,2026-07-24
93HCI28,,india,2026-06-08
93MMFSL27,,india,2026-07-27
93MOFSL34,,india,2026-07-27
93SCL24A,,india,2026-07-23
93SCL25,,india,2025-10-09
93VCL28,,india,2026-07-09
940AVFSL27,,india,2025-12-09
940CAGL27,,india,2026-05-07
940EFSL28,,india,2026-07-23
940HLFL31,,india,2026-07-24
940MFCL26,,india,2026-07-10
940MFCL31,,india,2026-07-22
940MFL27,,india,2026-07-27
940MFL28,,india,2025-11-19
940MFLIV27,,india,2026-07-27
940MRHFL28,,india,2026-04-16
941IIFC37,,india,2026-06-25
941ONE26,,india,2025-12-09
942KIIF28A,,india,2026-07-17
942KIIFB29,,india,2026-07-08
942KIIFB30,,india,2026-07-24
942KIIFB31,,india,2026-05-27
942KIIFB32,,india,2026-05-27
942KIIFB33,,india,2026-07-23
942KIIFB34,,india,2026-07-20
943ECL28,,india,2026-07-20
944EFSL30,,india,2026-07-23
944MFL28,,india,2026-07-22
944MFL28A,,india,2026-07-20
944ONE34,,india,2026-07-07
945CGCL30,,india,2026-07-10
945HLFL33,,india,2026-03-30
945MFCL28,,india,2026-07-20
945MFCL29,,india,2026-06-11
945MFCL29A,,india,2026-07-23
945MFL30,,india,2026-07-08
945MFL30A,,india,2026-07-27
945MFLIV30,,india,2026-05-15
945OFSL26,,india,2025-12-02
945SCL28,,india,2026-06-03
945SCL29,,india,2026-07-14
945SCL32,,india,2026-07-22
947IRFC31,,india,2026-04-24
948SCL26,,india,2026-06-24
948SCL26A,,india,2026-07-10
948SCL26B,,india,2026-07-09
948SCL26D,,india,2026-02-27
948SCL26I,,india,2026-06-24
948SCL27,,india,2025-11-13
948SCL27A,,india,2026-05-19
948SCL27D,,india,2026-07-16
948SCL27R,,india,2026-06-30
948SCL28,,india,2026-01-19
949KIIF29,,india,2026-06-24
949KIIF30,,india,2026-04-24
949KIIF31,,india,2025-12-01
949KIIF32,,india,2026-05-08
949KIIF33,,india,2025-12-16
949KIIF34,,india,2026-03-12
949KIIF35,,india,2026-04-30
949KIIFB28,,india,2026-07-24
949KIIFB29,,india,2026-06-29
949KIIFB30,,india,2026-05-29
949KIIFB31,,india,2026-05-13
949KIIFB32,,india,2026-07-09
949KIIFB33,,india,2026-07-17
949KIIFB34,,india,2026-07-17
94MFCL26,,india,2026-07-08
94MFL27,,india,2026-07-13
94MFL27A,,india,2026-07-10
94MFL27B,,india,2026-07-22
94MFSL26,,india,2026-05-15
94SCL27,,india,2026-02-09
94SFL28,,india,2026-07-27
950AFL25,,india,2025-07-09
950CGCL36,,india,2026-07-27
950EFSL26,,india,2026-07-02
950EFSL26A,,india,2026-07-20
950EFSL27,,india,2026-07-24
950EFSL27A,,india,2026-07-02
950EFSL28,,india,2026-07-17
950HLFL29,,india,2026-07-23
950IFSL26A,,india,2026-07-24
950IFSL26B,,india,2026-07-23
950KAFL27,,india,2026-07-27
950KFIL26,,india,2026-03-05
950KFL27,,india,2026-05-21
950KFL28,,india,2026-07-27
950KLMAF26,,india,2025-12-12
950KLMF26,,india,2025-11-25
950MFCL27,,india,2026-06-10
950MFCL27D,,india,2026-06-15
950MFL27,,india,2026-06-16
950MFL27A,,india,2026-06-02
950MM26,,india,2026-05-04
950MMFL26,,india,2026-02-09
950MMFL27,,india,2026-01-22
950MML26,,india,2026-07-22
950MML27,,india,2026-06-17
950NHFL26,,india,2026-06-17
950OFSL26,,india,2026-01-13
950SCL23A,,india,2025-07-11
950SCL30,,india,2026-07-20
950UCL27,,india,2026-07-27
952NWFL27,,india,2026-05-21
953EFSL31,,india,2026-07-24
953NWIL32,,india,2026-07-13
955AHFL26C,,india,2026-02-17
955EFSL26,,india,2026-04-09
955EFSL26A,,india,2026-07-22
955EFSL26B,,india,2026-07-27
955IFSL25,,india,2025-10-23
955MFCL30,,india,2026-07-27
955MFL31,,india,2026-07-14
955MML2063,,india,2026-04-20
955NIDO27,,india,2026-07-06
955NWIL27,,india,2026-07-14
955ONE27,,india,2026-07-10
955SCL25,,india,2025-10-29
955SCL27,,india,2025-08-13
955SCL27A,,india,2025-09-01
955SCL35,,india,2026-06-16
955SCPSL29,,india,2025-07-28
955TCAPERA,,india,2026-07-14
955TCAPPER,,india,2026-06-15
956AEL29,,india,2026-07-07
957EFSL27,,india,2026-07-14
957EFSL27A,,india,2026-07-17
957EFSL28,,india,2026-07-23
957EFSL28B,,india,2026-07-27
957ICCL25,,india,2026-07-16
957IIFLS27,,india,2026-06-29
957ISFL26,,india,2026-07-24
957JFPL30,,india,2026-03-16
957NHFL28,,india,2026-07-27
957NIDO26,,india,2026-07-02
957SCL30,,india,2025-07-14
957SFIL28,,india,2026-02-26
958EFSL036,,india,2026-07-08
958EFSL30,,india,2026-07-27
958EFSL36,,india,2026-07-24
958NHFL27,,india,2026-06-19
958NHFL27A,,india,2026-07-14
958NHFL28,,india,2026-06-22
958NHFL28B,,india,2026-07-06
958NIDO27,,india,2026-07-01
95CCIL26,,india,2025-12-19
95HLFL30,,india,2025-11-19
95IFSL027,,india,2026-07-20
95IFSL27,,india,2026-05-26
95KAFL25,,india,2025-08-08
95KAFL26,,india,2026-07-27
95KFL26,,india,2026-07-20
95KFL27,,india,2026-07-24
95KFL27A,,india,2026-07-06
95KFL27B,,india,2026-06-29
95KLM25,,india,2025-07-08
95MCSL26,,india,2026-05-12
95MCSL27,,india,2026-07-20
95MM27,,india,2026-07-23
95MMFL27,,india,2026-02-23
95MMFSL29,,india,2026-07-23
95MML27,,india,2026-07-27
95NHFL26,,india,2026-07-01
95NHFL27,,india,2025-12-04
95NHFL27A,,india,2026-06-25
95NIDO26,,india,2026-02-11
95SIBL28,,india,2025-07-22
95UCL27,,india,2026-07-24
960CAGL25,,india,2025-10-14
960CFSL34,,india,2026-02-06
960EFSL26,,india,2026-04-06
960EFSL26C,,india,2025-12-31
960EFSL27,,india,2026-07-27
960EFSL31,,india,2026-07-13
960EFSLA,,india,2026-07-21
960IFSL27,,india,2026-07-10
960IIFL30,,india,2026-07-16
960IIFLS26,,india,2026-05-14
960ISFL25,,india,2025-10-15
960NIDO26,,india,2026-07-02
960OFSL27,,india,2026-07-16
960SCL35,,india,2025-12-22
961NWFL26,,india,2025-12-04
961ONE27,,india,2026-07-21
962APSB26,,india,2025-10-08
962APSB26A,,india,2026-03-11
962APSB27,,india,2026-07-14
962APSB27A,,india,2026-07-20
962APSB28,,india,2026-07-09
962APSB28A,,india,2026-07-17
962APSB29,,india,2026-04-09
962APSB29A,,india,2026-05-06
962APSB30,,india,2026-07-06
962APSB30A,,india,2026-03-30
962APSB31,,india,2026-05-25
962APSB31A,,india,2026-07-24
962APSB32,,india,2026-07-13
962APSB32A,,india,2026-07-07
962NWFL27,,india,2026-01-27
965AEL27,,india,2026-07-24
965ARKA26,,india,2026-07-03
965ARKA28,,india,2026-07-01
965AXFPL27,,india,2026-07-09
965EFSL32,,india,2026-07-27
965HCI27,,india,2026-06-25
965IFSL26,,india,2026-04-01
965KFIL28,,india,2026-05-14
965MFCL27,,india,2026-07-27
965MFCL27A,,india,2026-07-27
965MFCL30,,india,2026-07-27
965MFCL30A,,india,2026-07-08
965MFL28,,india,2026-07-01
965MFL28A,,india,2026-07-21
965MFL31,,india,2026-07-27
965MFLIV28,,india,2026-06-03
965MFLIV31,,india,2026-07-24
965MMCL28,,india,2026-07-24
965MML28,,india,2026-07-24
965SCL25A,,india,2025-10-23
965SCL25B,,india,2025-12-10
965SCL25C,,india,2026-07-13
965SCL25E,,india,2025-08-29
965SCL25F,,india,2026-07-22
965SCL26,,india,2026-02-17
965SCL26A,,india,2026-05-07
965SCL26F,,india,2026-07-02
965SCL26Y,,india,2025-12-19
965SCL27,,india,2026-02-13
965SCL28,,india,2026-04-13
965SCL30,,india,2026-07-24
965VCL27,,india,2026-07-27
966IFSL25,,india,2025-09-01
966ONE29,,india,2026-06-23
966SFIL25A,,india,2025-12-22
967EFS28,,india,2026-07-24
967EFSL28,,india,2026-07-27
967EFSL28A,,india,2026-07-27
967EFSL28D,,india,2026-07-27
967EFSL29,,india,2026-07-24
967EFSL29A,,india,2026-07-27
967EFSL35,,india,2026-07-27
967KIIFB29,,india,2026-07-27
967KIIFB30,,india,2026-07-24
967KIIFB31,,india,2026-06-04
967KIIFB32,,india,2026-07-01
967KIIFB33,,india,2026-06-25
967KIIFB34,,india,2026-07-24
967KIIFB35,,india,2026-07-09
967NIDO28,,india,2026-05-13
96EFSL26,,india,2026-07-02
96EFSL27,,india,2026-07-20
96IIFL28,,india,2026-07-27
96IIFL28A,,india,2026-07-27
96MFL25,,india,2025-09-30
96MFSL26,,india,2026-07-08
96ONE29,,india,2026-06-15
96SFIL24A,,india,2026-07-01
96TCAPPERP,,india,2025-10-28
970AFPL28,,india,2026-06-09
970AXFPL28,,india,2025-12-11
970CAGL28,,india,2026-07-27
970EFSL31,,india,2026-07-24
970MFCL30,,india,2026-05-20
970MGICL34,,india,2026-01-06
970MML28,,india,2026-07-24
970NIDO32,,india,2026-07-24
970UPPC30,,india,2026-07-21
971SCL28,,india,2026-07-02
971SCL28A,,india,2026-07-23
971SCL28I,,india,2026-03-18
971SCL29,,india,2025-08-29
971SCL29A,,india,2026-04-10
971SCL29B,,india,2026-03-11
971SCL29T,,india,2026-07-07
971SCL30,,india,2026-07-20
971SCL30A,,india,2026-05-26
974VCL26,,india,2025-09-23
975AHFL28,,india,2026-07-27
975ECL27,,india,2025-11-04
975EFSL27,,india,2026-07-16
975EFSL28,,india,2026-07-24
975HLF26,,india,2026-01-21
975HLFL026,,india,2025-09-25
975HLFL26,,india,2025-09-19
975HLFL26A,,india,2026-07-09
975HLFL28,,india,2026-06-18
975IFCI28,,india,2025-09-09
975IFCI30,,india,2026-07-02
975IFCI30A,,india,2026-06-19
975IIFL28,,india,2026-07-23
975IML26,,india,2025-11-13
975IML27,,india,2026-07-27
975IML28,,india,2026-07-23
975JMFCS28,,india,2026-07-27
975KAFL26,,india,2026-04-23
975KFL2029,,india,2026-07-21
975KFL29,,india,2026-06-18
975MFCL28E,,india,2026-07-23
975MFCL29,,india,2026-06-10
975MFL25,,india,2025-06-23
975MFL29,,india,2026-07-23
975MFL29A,,india,2026-04-09
975MM26,,india,2026-05-20
975MMF26,,india,2026-01-19
975MMFL26,,india,2025-12-16
975MMFL27,,india,2026-02-12
975MMFL27A,,india,2026-02-18
975MMFL28,,india,2026-02-13
975MMFLD28,,india,2026-02-19
975MML27,,india,2026-07-21
975MML27A,,india,2026-07-24
975MML28,,india,2026-07-24
975MMLD28,,india,2026-07-27
975NHFL28,,india,2026-07-21
975OFS27,,india,2026-07-27
975OFSL27,,india,2026-05-11
975OFSL27A,,india,2026-07-23
975OFSL27B,,india,2026-05-07
975OFSL28A,,india,2026-06-02
975PDL28,,india,2026-06-30
975SCL28,,india,2026-07-23
975SCL28A,,india,2026-05-15
975SCL29,,india,2026-04-23
975SCL29A,,india,2026-05-25
975SCL35,,india,2026-07-02
975SGSL27,,india,2026-07-24
975TCAPPER,,india,2026-07-27
975THFPL27,,india,2026-07-13
975UCL2027,,india,2026-07-27
975UCL27,,india,2026-07-27
975UPPCL26,,india,2026-04-21
975UPPCL27,,india,2026-07-27
97CGCL35,,india,2026-07-22
97EFSL31,,india,2026-07-22
97EFSL31A,,india,2026-07-23
97IFCI30A,,india,2026-06-08
97MOFSL34,,india,2026-05-07
97SFL26,,india,2026-07-23
97SFL28,,india,2026-07-20
97SFL29,,india,2026-06-05
97UPPCL26,,india,2026-01-13
97UPPCL27,,india,2026-07-03
97UPPCL28,,india,2026-07-09
97UPPCL29,,india,2026-07-09
97UPPCL31,,india,2026-07-13
97UPPCL32,,india,2026-07-21
980EFSL30,,india,2026-07-22
980EFSL35,,india,2026-07-20
980IKFHF28,,india,2026-07-24
980MFCL31,,india,2026-07-14
980MML28,,india,2026-07-09
980NHFL30,,india,2026-07-27
980SCL33,,india,2026-04-06
980SCL33C,,india,2026-07-27
980SCL33D,,india,2026-07-24
980SFIL29,,india,2026-07-07
981JMFCS28,,india,2026-07-01
981SSFL26,,india,2026-03-16
98359TSL34,,india,2026-05-14
984IFSL26,,india,2026-07-27
984KSPLD25,,india,2025-07-02
984SFIL26A,,india,2026-01-07
984SSFL26,,india,2026-05-25
985ACAP26,,india,2026-07-23
985ACAPL26,,india,2026-03-23
985ACAPL27,,india,2026-07-27
985ECL28,,india,2026-07-27
985EFSL30,,india,2026-07-16
985ICFL26,,india,2026-07-21
985KAFL27,,india,2026-05-05
985KAFL27A,,india,2026-04-22
985KLMAF26,,india,2025-07-09
985MML27,,india,2026-07-27
985NHFL30,,india,2026-07-02
985ONE34,,india,2026-06-25
985SCL32,,india,2026-07-06
985SFIL28,,india,2026-07-07
985USGIC34,,india,2025-12-26
986HCI27,,india,2026-05-25
986HCI27A,,india,2026-06-09
986VCL27,,india,2026-07-22
986VCL27A,,india,2026-07-09
98AFPL28,,india,2026-07-24
98EFSL26,,india,2025-12-22
98MML27A,,india,2026-07-27
98NWFL30,,india,2026-07-02
98SCL27,,india,2025-11-03
98SFIL26,,india,2026-03-25
98SGSL30,,india,2026-07-27
990AFPL27,,india,2026-04-28
990AUXI26,,india,2026-07-21
990AUXI26A,,india,2026-06-30
990IFCI27B,,india,2026-07-27
990IFCI32C,,india,2026-05-11
990IFCI37D,,india,2026-07-14
990IKF27,,india,2026-05-14
990IKFFL27,,india,2026-03-13
990MCSL26,,india,2026-05-19
990MFCL29,,india,2026-07-23
990MFL30,,india,2026-02-11
990MFLIV30,,india,2026-07-02
990OFSL027,,india,2026-03-27
990SCFL26,,india,2026-02-26
990SCL26,,india,2026-06-18
990SCL26A,,india,2026-02-26
990SCL26B,,india,2026-05-13
990SCL26D,,india,2026-02-25
990SCL26I,,india,2026-05-08
990SCL27,,india,2026-07-27
990SCL27B,,india,2026-07-15
990SCL28,,india,2026-07-27
990VCL25,,india,2025-07-21
990VCL26,,india,2026-02-09
994SMCGS29,,india,2026-07-27
995AAHL27,,india,2026-07-27
995AAHL28,,india,2026-07-23
995AFL26,,india,2026-07-01
995AFL27,,india,2026-06-11
995ECL29,,india,2026-07-27
995ECL29A,,india,2026-07-24
995EFSL31,,india,2026-07-14
995ICFL26,,india,2026-04-17
995ICFL26A,,india,2026-01-08
995ICFL26B,,india,2025-09-29
995ICFL26C,,india,2026-07-24
995ICFL626,,india,2026-01-27
995IKFL26,,india,2026-02-04
995MML28,,india,2026-07-27
995NWIL32,,india,2026-07-17
995PDL26,,india,2026-07-24
995PDL29,,india,2026-07-02
995PDL33,,india,2026-07-27
995PDL34,,india,2026-07-27
995PDL34A,,india,2026-07-27
995SCL2035,,india,2026-07-01
995UPPCL27,,india,2026-07-03
995UPPCL28,,india,2026-07-03
995UPPCL29,,india,2026-07-03
995UPPCL30,,india,2026-07-24
995UPPCL31,,india,2026-07-21
995UPPCL32,,india,2026-07-21
997MCSL25,,india,2025-08-12
998IFCI30,,india,2026-07-02
999UCL29,,india,2026-07-27
99AEL29,,india,2026-07-27
99EARCL28,,india,2026-02-19
99IFSL26,,india,2026-03-27
99MCSL26,,india,2026-07-24
99MFCL29,,india,2026-07-08
99MFL30,,india,2026-07-14
99MML27,,india,2026-07-21
99SCL27,,india,2026-06-30
99SCL27V,,india,2026-06-17
99SFCPL27,,india,2026-07-27
99SRFCPL27,,india,2026-07-13
99TCP27,,india,2025-08-07
9AEL30,,india,2026-07-27
9ARKA25,,india,2025-12-09
9CGCL028,,india,2026-07-27
9EFSL26,,india,2026-04-07
9EFSL27,,india,2026-07-16
9EFSL27A,,india,2026-07-27
9FFSL30,,india,2026-06-24
9HCI26,,india,2026-06-17
9HDFCB28A,,india,2026-04-24
9IHFL27,,india,2026-07-08
9IIFL26,,india,2026-06-17
9IIFL28,,india,2026-07-23
9IIFL28A,,india,2026-07-27
9IIFL31,,india,2026-07-15
9IML26A,,india,2026-07-22
9KFL2029,,india,2026-07-27
9KFL26A,,india,2025-08-29
9KFL26B,,india,2026-03-12
9KSFL27,,india,2025-10-08
9MFCL2026,,india,2026-07-14
9MFCL26,,india,2026-07-27
9MFL2029,,india,2026-07-27
9MFL25,,india,2025-10-07
9MFL25A,,india,2025-08-29
9MFL27,,india,2026-07-24
9MFL27A,,india,2026-07-09
9MFL27B,,india,2026-07-16
9MFL29,,india,2026-07-07
9MFL30,,india,2026-07-14
9MFL30A,,india,2026-07-27
9MFL31,,india,2026-05-25
9MFL31A,,india,2026-07-14
9MFLIII27,,india,2026-07-27
9MFLIV27,,india,2026-07-24
9MMFL27,,india,2026-02-13
9MMFL27A,,india,2026-02-23
9MMFSL26,,india,2026-05-21
9MML27,,india,2026-06-15
9MML27A,,india,2026-07-20
9NHFL27,,india,2026-07-27
9PEL25,,india,2025-09-17
9PFL31A,,india,2026-07-27
9RRVPN2026,,india,2026-06-23
9SCL26A,,india,2026-06-03
9SCL26BA,,india,2026-07-27
9SCL27,,india,2026-07-16
9SFL027A,,india,2026-07-07
9SFL028C,,india,2026-05-29
9SFL2026,,india,2025-07-29
9SFL26,,india,2025-12-09
9SFL26A,,india,2026-06-11
9SFL27A,,india,2026-06-18
9SFL28A,,india,2026-05-08
9TCAP28,,india,2026-04-06
9VCL26,,india,2026-07-17
9YES26A,,india,2026-02-17
A1L,A-1 LIMITED,india,2026-07-27
A2ZINFRA,A2Z INFRA ENGINEERING LTD,india,2026-07-27
AAATECH,AAA TECHNOLOGIES LIMITED,india,2026-07-27
AADHARHFC,AADHAR HOUSING FINANCE L,india,2026-07-27
AADIIND,AADI INDUSTRIES LTD.,india,2026-07-27
AAIL,Akar Auto Industries Limited,india,2026-07-27
AAKASH,AAKASH EXPLORATION SER L,india,2026-07-27
AANANDALAK,,india,2026-07-13
AANCHALISP,Aanchal Ispat Limited,india,2026-07-27
AAPLUSTRAD,,india,2026-07-13
AARCON,,india,2026-06-01
AAREYDRUGS,AAREY DRUGS & PHARMACEUTICALS,india,2026-07-27
AARNAV,AARNAV FASHIONS LIMITED,india,2026-07-27
AARON,AARON INDUSTRIES LIMITED,india,2026-07-27
AARSHYAM,,india,2026-07-06
AARTECH,Aartech Solonics Limited,india,2026-07-27
AARTIDRUGS,AARTI DRUGS LTD.,india,2026-07-27
AARTIIND,AARTI INDUSTRIES LTD,india,2026-07-27
AARTIPHARM,AARTI PHARMALABS LIMITED,india,2026-07-27
AARTISURF,AARTI SURFACTANTS LIMITED,india,2026-07-27
AARTISURFP,,india,2026-06-22
AARVEEDEN,,india,2025-10-10
AARVI,AARVI ENCON LIMITED,india,2026-07-27
AASHKA,,india,2026-07-23
AASTAFIN,Aastamangalam Finance Limited,india,2026-07-27
AASTHA,AASTHA SPINTEX LIMITED,india,2026-07-27
AAVAS,AAVAS FINANCIERS LIMITED,india,2026-07-27
AAYUSH,AAYUSH WELLNESS LIMITED,india,2026-07-27
AAYUSHBULL,AAYUSH ART AND BULLION LIMITED,india,2026-07-27
ABAN,ABAN OFFSHORE LTD.,india,2026-07-27
ABANSENT,ABANS ENTERPRISES LTD,india,2026-07-27
ABATEAS,ABATE AS INDUSTRIES LIMITED,india,2026-07-27
ABB,ABB INDIA LIMITED,india,2026-07-27
ABBOTINDIA,ABBOTT INDIA LIMITED,india,2026-07-27
ABCAPITAL,ADITYA BIRLA CAPITAL LTD.,india,2026-07-27
ABCINDQ,ABC INDIA LTD.,india,2026-07-27
ABCL26,,india,2026-07-24
ABCL28,,india,2026-07-20
ABCOTS,A B COTSPIN INDIA LIMITED,india,2026-07-27
ABDL,ALLIED BLEND N DISTILS L,india,2026-07-27
ABFRL,ADITYA BIRLA FASHION & RT,india,2026-07-27
ABHICAP,ABHINAV CAPITAL SERVICES LTD.,india,2026-07-27
ABHIFIN,Abhishek Finlease limited,india,2026-07-27
ABHIINFRA,,india,2026-07-27
ABINFRA,A B INFRABUILD LIMITED,india,2026-07-27
ABIRAFN,,india,2026-07-24
ABLBL,ADITYA BIRLA LIFES BRAN L,india,2026-07-27
ABMINTLLTD,ABM INTERNATIONAL LTD,india,2026-07-27
ABMKNO,A B M KNOWLEDGEWARE LTD.,india,2026-07-27
ABREL,ADITYA BIRLA REAL EST LTD,india,2026-07-27
ABRFL,Abram Food Limited,india,2026-07-24
ABRIL,,india,2026-07-27
ABSLAMC,ADIT BIRL SUN LIF AMC LTD,india,2026-07-27
ABVL,Arunjyoti Bio Ventures Limited,india,2026-07-27
ACC,ACC LIMITED,india,2026-07-27
ACCEDERE,ACCEDERE LIMITED,india,2026-07-27
ACCEL,ACCEL LIMITED,india,2026-07-27
ACCELERATE,,india,2026-07-14
ACCELYA,ACCELYA SOLN INDIA LTD,india,2026-07-27
ACCORDTS,ACCORD TRANSFORMER & SWITCHGEA,india,2026-07-27
ACCURACY,Accuracy Shipping Limited,india,2026-07-27
ACE,ACTION CONST EQUIP LTD,india,2026-07-27
ACEALPHA,Ace Alpha Tech Limited,india,2026-07-27
ACEEDU,,india,2026-07-27
ACEENGITEC,,india,2026-07-06
ACEINTEG,ACE INTEGRATED SOLU. LTD.,india,2026-07-27
ACEMEN,ACE MEN ENGG WORKS LIMITED,india,2026-07-27
ACES-RE1,,india,2025-12-10
ACESOFT,ACE SOFTWARE EXPORTS LTD.,india,2026-07-27
ACFSL,,india,2026-07-23
ACGL,AUTOMOBILE CORPORATION OF GOA,india,2026-07-27
ACHYUT,Achyut Healthcare Limited,india,2026-07-27
ACI,ARCHEAN CHEMICAL IND LTD,india,2026-07-27
ACIIN,ACI INFOCOM LTD.,india,2026-07-27
ACKNIT,ACKNIT INDUSTRIES LTD.,india,2026-07-27
ACL,ANDHRA CEMENTS LIMITED,india,2026-07-27
ACLD,AELEA COMMODITIES LIMITED,india,2026-07-27
ACLGATI,,india,2025-11-11
ACME,,india,2026-07-27
ACMESOLAR,ACME SOLAR HOLDINGS LTD,india,2026-07-27
ACML,ADITYA CONSUMER MARKETING LIMI,india,2026-07-24
ACROW,,india,2026-07-22
ACSTECH,A C S TECHNOLOGIES LTD.,india,2026-07-27
ACTIVE,Active Clothing Co  Limited,india,2026-07-27
ACUTAAS,ACUTAAS CHEMICALS LIMITED,india,2026-07-27
ADANI-RE,,india,2025-12-05
ADANIENSOL,ADANI ENERGY SOLUTION LTD,india,2026-07-27
ADANIENT,ADANI ENTERPRISES LIMITED,india,2026-07-27
ADANIGREEN,ADANI GREEN ENERGY LTD,india,2026-07-27
ADANIPORTS,ADANI PORT & SEZ LTD,india,2026-07-27
ADANIPOWER,ADANI POWER LTD,india,2026-07-27
ADARSH,,india,2025-07-03
ADARSHPL,ADARSH PLANT PROTECT LTD.,india,2026-07-27
ADCINDIA,ADC INDIA COMMUNICATIONS LIMIT,india,2026-07-27
ADCON,Adcon Capital Services Limited,india,2026-07-27
ADCOUNTY,ADCOUNTY MEDIA INDIA LIMITED,india,2026-07-27
ADDIND,ADDI INDUSTRIES LTD.,india,2026-07-27
ADESHWAR,,india,2026-07-15
ADFFOODS,ADF FOODS LIMITED,india,2026-07-27
ADHBHUTIN,Adhbhut Infrastructure Ltd.,india,2026-07-27
ADHHATA,ADHATA GLOBAL LIMITED,india,2026-07-24
ADIEXRE,,india,2025-06-25
ADINATH,ADINATH TEXTILES LTD.,india,2026-07-27
ADISHAKTI,Adishakti Loha and Ispat Limit,india,2026-07-27
ADITYA,ADITYA ISPAT LTD.,india,2026-07-27
ADITYASP,ADITYA SPINNERS LTD.,india,2026-07-27
ADJIA,,india,2026-06-22
ADL,ARCHIDPLY DECOR LIMITED,india,2026-07-27
ADLINE,,india,2026-07-13
ADMACH,ADMACH SYSTEMS LIMITED,india,2026-07-27
ADMANUM,AD-MANUM FINANCE LTD.,india,2026-07-27
ADON,ADON AGRO COMMODITIES LIMITED,india,2026-07-27
ADOR,ADOR WELDING LTD,india,2026-07-27
ADORMUL,,india,2025-12-10
ADROITINFO,ADROIT INFOTECH LIMITED,india,2026-07-27
ADSL,ALLIED DIGITAL SERV. LTD,india,2026-07-27
ADTECH,ADTECH SYSTEMS LIMITED,india,2026-07-27
ADVAIT,ADVAIT ENRGY TRANSITION L,india,2026-07-27
ADVANCE,ADVANCE AGROLIFE LIMITED,india,2026-07-27
ADVANIHOTR,ADVANI HOT.& RES.(I) LTD,india,2026-07-27
ADVENTHTL,ADVENT HOTELS INTERNATI L,india,2026-07-27
ADVENZYMES,ADVANCED ENZYME TECH LTD,india,2026-07-27
ADVIKCA,Advik Capital Limited,india,2026-07-27
ADVIKLA,,india,2026-07-20
ADVLIFE,ADVANCE LIFESTYLES LTD.,india,2026-07-27
ADVPETR-B,,india,2026-07-27
AEGISLOG,AEGIS LOGISTICS LIMITED,india,2026-07-27
AEGISVOPAK,AEGIS VOPAK TERMINALS LTD,india,2026-07-27
AEIM,Artificial Electronics Intelli,india,2026-07-27
AEL,Amba Enterprises Ltd.,india,2026-07-27
AEL120126,,india,2026-06-18
AEL120924,,india,2026-07-23
AEL120924A,,india,2026-06-25
AEL120924B,,india,2026-07-21
AEL1212026,,india,2026-07-20
AEL12126,,india,2026-07-09
AEL170725,,india,2026-06-25
AEL170725A,,india,2026-06-12
AEL17725,,india,2026-07-27
AEONXDIGI,Aeonx Digital Technology Limit,india,2026-07-27
AEPL,ARTEMIS ELECTRICALS & P L,india,2026-07-27
AEQUS,AEQUS LIMITED,india,2026-07-27
AEROENTER,AEROFLEX ENTERPRISES LTD,india,2026-07-27
AEROFLEX,AEROFLEX INDUSTRIES LTD,india,2026-07-27
AERONEU,AEROFLEX NEU LIMITED,india,2026-07-27
AEROPLANE,AMIR CHAND JAG KUM (E) L,india,2026-07-27
AERPACE,Aerpace Industries Limited,india,2026-07-27
AETHER,AETHER INDUSTRIES LIMITED,india,2026-07-27
AFCOM,Afcom Holdings Limited,india,2026-07-27
AFCONS,AFCONS INFRASTRUCTURE LTD,india,2026-07-27
AFEL,,india,2026-07-27
AFFLE,AFFLE 3I LIMITED,india,2026-07-27
AFFORDABLE,Affordable Robotic & Automatio,india,2026-07-27
AFIL,AKME FINTRADE (INDIA) LTD,india,2026-07-27
AFLTD,Autofurnish Limited,india,2026-07-27
AFSL,ABANS FINANCIAL SRVCS LTD,india,2026-07-27
AGARIND,AGARWAL INDS CORP LTD.,india,2026-07-27
AGARWAL,AGARWAL FORTUNE INDIA LIMITED,india,2026-07-24
AGARWALEYE,DR AGARWALS HEALTH CARE L,india,2026-07-27
AGI,AGI GREENPAC LIMITED,india,2026-07-27
AGIIL,AGI INFRA LIMITED,india,2026-07-27
AGIOPAPER,AGIO PAPER & INDUSTRIES LTD.,india,2026-07-27
AGL,ALLCARGO GLOBAL LIMITED,india,2026-07-27
AGOL,Ashapuri Gold Ornament Limited,india,2026-07-27
AGRIBIO,AGRIBIO SPIRITS LIMITED,india,2026-07-27
AGRITECH,,india,2026-07-27
AGROPHOS,AGRO PHOS INDIA LIMITED,india,2026-07-27
AGSTRA,,india,2026-07-27
AGVENTURES,AG VENTURES LIMITED,india,2026-07-27
AHASOLAR,AHASOLAR TECHNOLOGIES LIMITED,india,2026-07-27
AHCL,ANLON HEALTHCARE LIMITED,india,2026-07-27
AHLADA,AHLADA ENGINEERS LIMITED,india,2026-07-27
AHLEAST,ASIAN HOTELS (EAST) LTD,india,2026-07-27
AHLUCONT,AHLUWALIA CONT IND LTD,india,2026-07-27
AHLWEST,ASIAN HOTELS (WEST) LTD.,india,2026-07-24
AHMDSTE,AHMEDABAD STEELCRAFT LTD.,india,2026-07-27
AIAENG,AIA ENGINEERING LIMITED,india,2026-07-27
AICHAMP,AI CHAMPDANY INDUSTRIES LTD.,india,2026-07-27
AIHL,AMBASSADOR INTRA HOLDINGS LIMI,india,2026-07-27
AIIL,AUTHUM INVEST & INFRA LTD,india,2026-07-27
AIKPIPES,AIK Pipes and Polymers Limited,india,2026-07-27
AIMCOPEST,AIMCO PESTICIDES LTD.,india,2026-07-27
AIML,ALLIANCE INTEGRATED METALIKS L,india,2026-07-27
AIRAN,AIRAN LIMITED,india,2026-07-27
AIRFLOA,AIRFLOA RAIL TECHNOLOGY LIMITE,india,2026-07-27
AIRLTD,,india,2026-07-20
AIROLAM,AIRO LAM LIMITED,india,2026-07-27
AJANTPHARM,AJANTA PHARMA LIMITED,india,2026-07-27
AJANTSOY,AJANTA SOYA LTD.,india,2026-07-27
AJAXENGG,AJAX ENGINEERING LIMITED,india,2026-07-27
AJCJEWEL,AJC Jewel Manufacturers Limite,india,2026-07-27
AJCON,AJCON GLOBAL SERVICES LTD.,india,2026-07-27
AJEL,,india,2025-06-30
AJMERA,AJMERA REALTY & INF I LTD,india,2026-07-27
AJOONI,AJOONI BIOTECH LIMITED,india,2026-07-27
AJWAFUN,,india,2026-07-16
AKASH,AKASH INFRA-PROJECTS LTD,india,2026-07-27
AKCAPIT,A K CAPITAL SERVICES LTD.,india,2026-07-27
AKG,AKG EXIM LIMITED,india,2026-07-27
AKI,AKI INDIA LIMITED,india,2026-07-27
AKSHAR,AKSHAR SPINTEX LIMITED,india,2026-07-27
AKSHARCHEM,AKSHARCHEM (INDIA) LTD.,india,2026-07-27
AKSHOPTFBR,AKSH OPTIFIBRE LTD.,india,2026-07-27
AKUMS,AKUMS DRUGS AND PHARMA L,india,2026-07-27
AKZOINDIA,,india,2026-04-13
ALANKIT,ALANKIT LIMITED,india,2026-07-27
ALANSCOTT,ALAN SCOTT ENTERPRISES LIMITED,india,2026-07-27
ALBERTDAVD,ALBERT DAVID LIMITED,india,2026-07-27
ALCHCORP,,india,2026-07-27
ALEMBICLTD,ALEMBIC LIMITED,india,2026-07-27
ALEXANDER,Alexander Stamps And Coin Limi,india,2026-07-27
ALFAICA,ALFA ICA (INDIA) LTD.,india,2026-07-27
ALFATRAN,ALFA TRANSFORMERS LTD.,india,2026-07-27
ALFAVIO,ALFAVISION OVERSEAS (INDIA) LT,india,2026-07-27
ALFL,Abhinav Leasing & Finance Limi,india,2026-07-27
ALFREDHE,ALFRED HERBERT (INDIA) LTD.,india,2026-07-27
ALGOQUANT,ALGOQUANT FINTECH LIMITED,india,2026-07-27
ALICON,ALICON CASTALLOY LIMITED,india,2026-07-27
ALIVUS,ALIVUS LIFE SCIENCES LTD,india,2026-07-27
ALKA,,india,2026-06-03
ALKALI,ALKALI METALS LTD.,india,2026-07-27
ALKEM,ALKEM LABORATORIES LTD.,india,2026-07-27
ALKOSIGN,,india,2026-07-23
ALKYLAMINE,ALKYL AMINES CHEM. LTD,india,2026-07-27
ALLCARGO,ALLCARGO LOGISTICS LTD,india,2026-07-27
ALLDIGI,ALLDIGI TECH LIMITED,india,2026-07-27
ALLTIME,ALL TIME PLASTICS LIMITED,india,2026-07-27
ALMONDZ,ALMONDZ GLOBAL SEC LTD,india,2026-07-27
ALOKINDS,ALOK INDUSTRIES LIMITED,india,2026-07-27
ALPA,ALPA LABORATORIES LTD,india,2026-07-27
ALPHAGEO,ALPHAGEO (INDIA) LIMITED,india,2026-07-27
ALPHAIND,ALPHALOGIC INDUSTRIES LIMITED,india,2026-07-24
ALPHALOGIC,Alphalogic Techsys Limited,india,2026-07-27
ALPINEHOU,ALPINE HOUSING DEVELOPMENT COR,india,2026-07-27
ALPINETEX,ALPINE TEXWORLD LIMITED,india,2026-07-27
ALPSINDUS,,india,2026-01-01
ALSL,ALACRITY SECURITIES LTD,india,2026-07-27
ALSTONE,,india,2026-05-25
ALTIUSINVIT,,india,2026-07-27
ALUFLUOR,ALUFLUORIDE LTD.,india,2026-07-27
AMAGI,AMAGI MEDIA LABS LIMITED,india,2026-07-27
AMAL,AMAL LTD.,india,2026-07-27
AMALGAM,AMALGAMATED ELECTRICITY CO.LTD,india,2026-07-27
AMANAYA,,india,2026-07-27
AMANTA,Amanta Healthcare Limited,india,2026-07-27
AMARJOTHI,AMARJOTHI SPINNING MILLS LTD.,india,2026-07-27
AMARSEC,AMARNATH SECURITIES LTD,india,2026-07-27
AMBALALSA,AMBALAL SARABHAI ENT L,india,2026-07-27
AMBARPIL,Ambar Protein Industries Limit,india,2026-07-27
AMBER,AMBER ENTERPRISES (I) LTD,india,2026-07-27
AMBICAAGAR,AMBICA AGAR & AROMAINDLTD,india,2026-07-27
AMBIKCO,AMBIKA COTTON MILL LTD.,india,2026-07-27
AMBIT,AMBITIOUS PLASTOMAC COMPANY LT,india,2026-07-27
AMBOAGRI,AMBO AGRITEC LIMITED,india,2026-07-27
AMBUJACEM,AMBUJA CEMENTS LTD,india,2026-07-27
AMCOIND,AMCO INDIA LTD.,india,2026-07-27
AMDIND,AMD INDUSTRIES LIMITED,india,2026-07-27
AMEENJI,AMEENJI RUBBER LIMITED,india,2026-07-27
AMERISE,AMERISE BIOSCIENCES LIMITED,india,2026-07-27
AMFORG,AMFORGE INDUSTRIES LTD.,india,2026-07-27
AMIC,Amic Forging Limited,india,2026-07-27
AMINTAN,AMIN TANNERY LIMITED,india,2026-07-27
AMIRCHAND,,india,2026-07-17
AMITINT,,india,2026-07-27
AMITSEC,AMIT SECURITIES LTD.,india,2026-07-27
AMJLAND,AMJ LAND HOLDINGS LIMITED,india,2026-07-27
AMKAY,,india,2026-07-20
AMNPLST,AMINES & PLASTICIZERS LTD,india,2026-07-27
AMPL,AMPL Capital Limited,india,2026-07-27
AMPVOLTS,AMPVOLTS LIMITED,india,2026-07-27
AMRAAGRI,AMRAWORLD AGRICO LTD.,india,2026-07-27
AMRAFIN,,india,2026-07-23
AMRAPLIN,AMRAPALI INDUSTRIES LTD.,india,2026-07-27
AMRUTANJAN,AMRUTAJAN HEALTH LTD,india,2026-07-27
AMS,AMS POLYMERS LIMITED,india,2026-07-27
AMTL,ADVANCE METERING TECHNOLOGY LT,india,2026-07-27
AMWILL,Amwill Health Care Limited,india,2026-07-27
ANANDPROJ,,india,2026-07-14
ANANDRATHI,ANAND RATHI WEALTH LTD,india,2026-07-27
ANANTAM,,india,2026-07-27
ANANTRAJ,ANANT RAJ LIMITED,india,2026-07-27
ANDHRAPAP,ANDHRA PAPER LIMITED,india,2026-07-27
ANDHRAPET,ANDHRA PETROCHEMICALS LTD.,india,2026-07-27
ANDHRSUGAR,ANDHRA SUGARS LTD,india,2026-07-27
ANDREWYU,ANDREW YULE & COMPANY LTD.,india,2026-07-27
ANG,ANG Lifesciences India Limited,india,2026-07-27
ANGEL,,india,2026-07-09
ANGELONE,ANGEL ONE LIMITED,india,2026-07-27
ANIKINDS,ANIK INDUSTRIES LTD.,india,2026-07-27
ANIRIT,,india,2026-07-27
ANIRIT-RE,,india,2025-12-31
ANJANI,ANJANI SYNTHETICS LTD.,india,2026-07-27
ANJANIFIN,ANJANI FINANCE LTD.,india,2026-07-27
ANJANIFOODS,Anjani Foods Limited,india,2026-07-27
ANKIN,ANKA INDIA LTD.,india,2026-07-27
ANKITMETAL,,india,2026-07-27
ANL,Adlai Nortye Ltd.,india,2026-07-27
ANMOL,ANMOL INDIA LIMITED,india,2026-07-27
ANNAINFRA,ANNA INFRASTRUCTURES LTD.,india,2026-07-27
ANSALAPI,,india,2026-07-27
ANSALBU,ANSAL BUILDWELL LTD.,india,2026-07-27
ANSALHSG,ANSAL HOUSING LIMITED,india,2026-07-27
ANSINDUS,,india,2026-07-27
ANTARIKSH,,india,2026-07-21
ANTELOPUS,ANTELOPUS SELAN ENRGY LTD,india,2026-07-27
ANTGRAPHIC,ANTARCTICA LTD,india,2026-07-27
ANTHEM,ANTHEM BIOSCIENCES LTD,india,2026-07-27
ANUBHAV,ANUBHAV PLAST LIMITED,india,2026-07-27
ANUHPHR,ANUH PHARMA LIMITED,india,2026-07-27
ANUP,THE ANUP ENGINEERING LTD,india,2026-07-27
ANUPAM,ANUPAM FINSERV LIMITED,india,2026-07-27
ANURAS,ANUPAM RASAYAN INDIA LTD,india,2026-07-27
ANUROOP,Anuroop Packaging Limited,india,2026-07-27
ANVRDHI,ANNVRRIDHHI VENTURES LIMITED,india,2026-07-27
ANVRDHI-RE,,india,2025-11-20
ANZEN,,india,2026-06-22
APARINDS,APAR INDUSTRIES LTD.,india,2026-07-27
APCL,ANJANI PORTLAND CEM LTD,india,2026-07-27
APCOTEXIND,APCOTEX INDUSTRIES LIMITE,india,2026-07-27
APEX,APEX FROZEN FOODS LIMITED,india,2026-07-27
APIL,,india,2026-07-27
APIS,APIS INDIA LTD.,india,2026-07-27
APL,ASSTON PHARMACEUTICALS LIMITED,india,2026-07-27
APLAB,APLAB LTD.,india,2026-07-27
APLAB-RE1,,india,2025-06-30
APLAPOLLO,APL APOLLO TUBES LTD,india,2026-07-27
APLLTD,ALEMBIC PHARMA LTD,india,2026-07-27
APMIN,APM INDUSTRIES LTD.,india,2026-07-27
APOLLO,APOLLO MICRO SYSTEMS LTD,india,2026-07-27
APOLLOFI,APOLLO FINVEST (INDIA) LTD.,india,2026-07-24
APOLLOHOSP,APOLLO HOSPITALS ENTER. L,india,2026-07-27
APOLLOIN,Apollo Ingredients Limited,india,2026-07-27
APOLLOPIPE,APOLLO PIPES LIMITED,india,2026-07-27
APOLLOTYRE,APOLLO TYRES LTD,india,2026-07-27
APOLSINHOT,APOLLO SINDOORI HOTEL LTD,india,2026-07-27
APOORVA,,india,2026-07-27
APPL,Aptus Pharma Limited,india,2026-07-27
APTECHT,APTECH LTD.,india,2026-07-27
APTPACK,APT PACKAGING LTD.,india,2026-07-27
APTUS,APTUS VALUE HSG FIN I LTD,india,2026-07-27
AQFINTECH,,india,2025-07-24
AQYLON,AQYLON NEXUS LIMITED,india,2026-07-27
ARAVALIS,ARAVALI SECURITIES & FINANCE L,india,2026-07-27
ARCEEIN,,india,2026-07-20
ARCFIN,ARC Finance Limited,india,2026-07-27
ARCHIDPLY,ARCHIDPLY IND. LTD,india,2026-07-27
ARCHIES,ARCHIES LTD,india,2026-07-27
ARCHITORG,ARCHIT ORGANOSYS LTD.,india,2026-07-27
ARCL,ARCL Organics Ltd,india,2026-07-27
ARE&M,AMARA RAJA ENERGY MOB LTD,india,2026-07-27
ARENTERP,RAJDARSHAN INDUSTRIES LTD,india,2026-07-27
AREXMIS,AREX INDUSTRIES LTD.,india,2026-07-27
ARFIN,ARFIN INDIA LIMITED,india,2026-07-27
ARIES,ARIES AGRO LTD.,india,2026-07-27
ARIGATO,ARIGATO UNIVERSE LIMITED,india,2026-07-27
ARIHANT,ARIHANT FOUN & HOU LTD,india,2026-07-27
ARIHANTCAP,ARIHANT CAPITAL MKTS LTD,india,2026-07-27
ARIHANTSUP,ARIHANT SUPERSTRUCT LTD,india,2026-07-27
ARIS,ARISINFRA SOLUTIONS LTD,india,2026-07-27
ARISE,ARIHANTS SECURITIES LTD.,india,2026-07-27
ARISINFRA,,india,2026-02-06
ARISINT,,india,2026-07-27
ARITAS,Aritas Vinyl Limited,india,2026-07-27
ARKADE,ARKADE DEVELOPERS LIMITED,india,2026-07-27
ARL,Anand Rayons Limited,india,2026-07-27
ARMAN,ARMAN HOLDINGS LTD,india,2026-07-27
ARMANFIN,ARMAN FIN SERV LTD,india,2026-07-27
ARNOLD,ARNOLD HOLDINGS LTD,india,2026-07-27
AROGRANITE,ARO GRANITE IND. LTD.,india,2026-07-27
ARROWGREEN,Arrow Greentech Limited,india,2026-07-27
ARROWHEAD,,india,2026-07-17
ARSHIYA,,india,2026-07-27
ARSSBL,ANAND RATHI SH N STK BR L,india,2026-07-27
ARSSINFRA,,india,2025-09-03
ARTEFACT,ARTEFACT PROJECTS LTD.,india,2026-07-27
ARTEMISADR,,india,2026-07-14
ARTEMISMED,ARTEMIS MED SERVICE LTD,india,2026-07-27
ARTNIRMAN,ART NIRMAN LIMITED,india,2026-07-27
ARTSON,ARTSON LIMITED,india,2026-07-27
ARUNAHTEL,ARUNA HOTELS LTD.,india,2026-07-27
ARUNIS,,india,2026-03-09
ARUNIS-RE,,india,2025-09-08
ARUNIS-RE1,,india,2026-02-11
ARVAYA,Arvaya Healthcare Limited,india,2026-07-27
ARVEE,ARVEE LABORATORIES I LTD,india,2026-07-27
ARVIND,ARVIND LIMITED,india,2026-07-27
ARVINDFASN,ARVIND FASHIONS LIMITED,india,2026-07-27
ARVSMART,ARVIND SMARTSPACES LTD,india,2026-07-27
ARYACAPM,Aryaman Capital Markets Limite,india,2026-07-27
ARYAMAN,ARYAMAN FINANCIAL SERVICES LTD,india,2026-07-27
ARYAN,Aryan Share & Stock Brokers Lt,india,2026-07-27
ARYAVAN,ARYAVAN ENTERPRISE LIMITED,india,2026-07-27
ASAHIINDIA,ASAHI INDIA GLASS LIMITED,india,2026-07-27
ASAHISONG,ASAHI SONGWON COLOR LTD,india,2026-07-27
ASAL,AUTOMOTIVE STAMPINGS & AS,india,2026-07-27
ASALCBR,ASSO ALCOHOLS & BREW LTD,india,2026-07-27
ASARFI,ASARFI HOSPITAL LIMITED,india,2026-07-27
ASCENSIVE,,india,2026-07-27
ASGARD,ASGARD ALCOBEV LIMITED,india,2026-07-27
ASHAI,ASHIANA AGRO INDUSTRIES LTD.,india,2026-07-27
ASHAPURMIN,ASHAPURA MINECHEM LTD,india,2026-07-27
ASHCAP,ASHIRWAD CAPITAL LTD.,india,2026-07-27
ASHIANA,ASHIANA HOUSING LTD,india,2026-07-27
ASHIKA,ASHIKA CREDIT CAPITAL L,india,2026-07-24
ASHIKAG,,india,2026-07-27
ASHIMASYN,ASHIMA LTD,india,2026-07-27
ASHIS,,india,2026-06-29
ASHISHPO,,india,2026-07-27
ASHNI,Ashnisha Industries Limited,india,2026-07-27
ASHNI-RE,,india,2025-11-04
ASHNOOR,ASHNOOR TEXTILE MILLS LTD.,india,2026-07-27
ASHOKA,ASHOKA BUILDCON LTD,india,2026-07-27
ASHOKAMET,ASHOKA METCAST LIMITED,india,2026-07-27
ASHOKLEY,ASHOK LEYLAND LTD,india,2026-07-27
"ASHOKLEY#",,india,2025-09-19
ASHOKRE,,india,2026-07-27
ASHRAM,,india,2026-07-27
ASHSI,ASHIRWAD STEELS & INDUSTRIES L,india,2026-07-27
ASHUTPM,,india,2026-07-27
ASIACAP,ASIA CAPITAL LIMITED,india,2026-07-27
ASIAN,Asian Warehousing Limited,india,2026-07-27
ASIANENE,ASIAN ENERGY SERVICES LTD,india,2026-07-27
ASIANHOTNR,ASIAN HOTELS (NORTH) LTD,india,2026-07-27
ASIANPAINT,ASIAN PAINTS LIMITED,india,2026-07-27
ASIANTILES,ASIAN GRANITO IND. LTD.,india,2026-07-27
ASIANTNE,ASIAN TEA & EXPORTS LTD.,india,2026-07-27
ASIAPAK,,india,2026-07-22
ASIIL,ASI INDUSTRIES LIMITED,india,2026-07-27
ASINPET,ASIAN PETROPRODUCTS & EXPORTS,india,2026-07-27
ASITCFIN,ASIT C.MEHTA FINANCIAL SERVICE,india,2026-07-27
ASKAUTOLTD,ASK AUTOMOTIVE LIMITED,india,2026-07-27
ASMS,Avio Smart Market Stack Limite,india,2026-07-27
ASMTEC,ASM TECHNOLOGIES LTD.,india,2026-07-27
ASPINWALL,ASPINWALL & CO LTD,india,2026-07-27
ASPIRA,Aspira Pathlab & Diagnostics L,india,2026-07-27
ASRL,Add-Shop E-Retail Limited,india,2026-07-27
ASSAMENT,,india,2026-07-27
ASSOCER,ASSOCIATED CERAMICS LTD.,india,2026-07-27
ASSOCIATED,,india,2026-07-21
ASTALLTD,ASTAL LABORATORIES LIMITED,india,2026-07-27
ASTAR,ASIAN STAR CO. LTD.,india,2026-07-27
ASTEC,ASTEC LIFESCIENCES LTD,india,2026-07-27
ASTEC-RE,,india,2025-07-22
ASTERDM,ASTER DM HEALTHCARE LTD.,india,2026-07-27
ASTONEALAB,ASTONEA LABS LIMITED,india,2026-07-27
ASTRAL,ASTRAL LIMITED,india,2026-07-27
ASTRAMICRO,ASTRA MICROWAVE LTD,india,2026-07-27
ASTRAZEN,ASTRAZENECA PHARMA IND LT,india,2026-07-27
ASTRON,Astron Paper & Board Mill Limi,india,2026-07-27
ASTRONMULT,Astron Multigrain Limited,india,2026-07-27
ASYL,,india,2026-07-13
ATALREAL,ATAL REALTECH LIMITED,india,2026-07-27
ATAM,ATAM VALVES LIMITED,india,2026-07-27
ATCPLZC27,,india,2026-07-21
ATENPAPERS,Aten Papers & Foam Limited,india,2026-07-27
ATGL,ADANI TOTAL GAS LIMITED,india,2026-07-27
ATHARVA,Atharva Poly-Plast Limited,india,2026-07-27
ATHARVENT,ATHARV ENTERPRISES LTD.,india,2026-07-27
ATHCON,Athena Constructions Limited,india,2026-07-24
ATHENAGLO,Athena Global Technologies Lim,india,2026-07-27
ATHERENERG,ATHER ENERGY LIMITED,india,2026-07-27
ATIL,APOLLO TECHNO INDUSTRIES LIMIT,india,2026-07-27
ATISHAY,Atishay Limited,india,2026-07-27
ATL,ALLCARGO TERMINALS LTD,india,2026-07-27
ATL-RE,,india,2025-12-03
ATLANTAA,ATLANTAA LIMITED,india,2026-07-27
ATLANTAELE,ATLANTA ELECTRICALS LTD,india,2026-07-27
ATLASCYCLE,ATLAS CYCLE (HARYANA) LTD,india,2026-07-27
ATMAIND,,india,2026-07-27
ATUL,ATUL LTD,india,2026-07-27
ATULAUTO,ATUL AUTO LIMITED,india,2026-07-27
ATVOENT,Atvo Enterprises Limited,india,2026-07-27
ATVPR,ATV PROJECTS INDIA LTD.,india,2026-07-27
AUBANK,AU SMALL FINANCE BANK LTD,india,2026-07-27
AUDROC,,india,2026-07-27
AUREATE,AUREATE TRADDE LIMITED,india,2026-07-27
AURIGROW,,india,2026-07-07
AURIONPRO,AURIONPRO SOLN LTD,india,2026-07-27
AURIQUE,,india,2026-07-27
AUROLAB,AURO LABORATORIES LTD.,india,2026-07-27
AUROPHARMA,AUROBINDO PHARMA LTD,india,2026-07-27
AURUM,AURUM PROPTECH LIMITED,india,2026-07-27
AURUS,AURUS GEM CORP LIMITED,india,2026-07-27
AUSOMENT,AUSOM ENTERPRISE LIMITED,india,2026-07-27
AUSTENG,AUSTIN ENGINEERING CO.LTD.,india,2026-07-27
AUSTERE,AUSTERE SYSTEMS LIMITED,india,2026-07-27
AUTOAXLES,AUTOMOTIVE AXLES LIMITED,india,2026-07-27
AUTOIND,AUTOLINE INDUSTRIES LTD.,india,2026-07-27
AUTOINT,AUTORIDERS INTERNATIONAL LTD.,india,2026-07-27
AUTOPINS,,india,2026-07-27
AUTOPRD,AUTOMOBILE PRODUCTS OF INDIA L,india,2026-07-24
AUTOPRD-RE,,india,2026-04-20
AVADHSUGAR,AVADH SUGAR & ENERGY LIMITED,india,2026-07-27
AVAILFC,AVAILABLE FINANCE LTD.,india,2026-07-27
AVALON,AVALON TECHNOLOGIES LTD,india,2026-07-27
AVANCE,AVANCE TECHNOLOGIES LTD.,india,2026-07-27
AVANTEL,AVANTEL LIMITED,india,2026-07-27
AVANTIFEED,AVANTI FEEDS LIMITED,india,2026-07-27
AVASA-RE,,india,2026-01-14
AVASARA,,india,2026-06-01
AVAX,Avax Apparels and Ornaments Li,india,2026-07-27
AVEER,Aveer Foods Limited,india,2026-07-27
AVG,AVG Logistics Limited,india,2026-07-27
AVG-RE,,india,2026-06-04
AVI,,india,2026-06-03
AVI-RE,,india,2026-03-12
AVIVA,AVIVA INDUSTRIES LTD.,india,2026-07-27
AVL,ADITYA VISION LIMITED,india,2026-07-27
AVONMORE,AVONMORE CAP&MGT SERV LTD,india,2026-07-27
AVROIND,AVRO INDIA LIMITED,india,2026-07-27
AVTNPL,AVT NATURAL PRODUCTS LTD,india,2026-07-27
AWFIS,AWFIS SPACE SOLUTIONS LTD,india,2026-07-27
AWHCL,ANTONY WASTE HDG CELL LTD,india,2026-07-27
AWL,AWL AGRI BUSINESS LIMITED,india,2026-07-27
"AWL#",,india,2025-08-06
AXELPOLY,AXEL POLYMERS LTD.,india,2026-07-27
AXENTRA,,india,2026-07-27
AXISBANK,AXIS BANK LIMITED,india,2026-07-27
AXISCADES,AXISCADES TECH LTD,india,2026-07-27
AXISOL,,india,2026-07-27
AXITA,AXITA COTTON LIMITED,india,2026-07-27
AXTEL,AXTEL INDUSTRIES LTD.,india,2026-07-27
AYE,AYE FINANCE LIMITED,india,2026-07-27
AYMSYNTEX,AYM SYNTEX LIMITED,india,2026-07-27
AZAD,AZAD ENGINEERING LIMITED,india,2026-07-27
AZADIND,AZAD INDIA MOBILITY LIMITED,india,2026-07-27
AZTEC,Aztec Fluids & Machinery Limit,india,2026-07-27
B2BSOFT,B2B SOFTWARE TECHNOLOGIES LTD.,india,2026-07-27
BABA,BABA ARTS LTD.,india,2026-07-27
BACPHAR,BACIL PHARMA LTD.,india,2026-07-27
BAFNAPH,BAFNA PHARMACEUTICALS LTD.,india,2026-07-27
BAGFILMS,B.A.G FILMS AND MEDIA LTD,india,2026-07-27
BAGMANE,,india,2026-07-27
BAIDFIN,BAID FINSERV LIMITED,india,2026-07-27
BAIDFIN-RE,,india,2025-11-28
BAIKAKAJI,BAI-KAKAJI POLYMERS LIMITED,india,2026-07-27
BAJAJ-AUTO,BAJAJ AUTO LIMITED,india,2026-07-27
BAJAJCON,BAJAJ CONSUMER CARE LTD,india,2026-07-27
BAJAJELEC,BAJAJ ELECT.LTD,india,2026-07-27
BAJAJFINSV,BAJAJ FINSERV LTD.,india,2026-07-27
BAJAJHCARE,BAJAJ HEALTHCARE LIMITED,india,2026-07-27
BAJAJHFL,BAJAJ HOUSING FINANCE LTD,india,2026-07-27
BAJAJHIND,BAJAJ HINDUSTHAN SUGAR LT,india,2026-07-27
BAJAJHLDNG,BAJAJ HOLDINGS & INVS LTD,india,2026-07-27
BAJAJINDEF,INDEF MANUFACTURING LTD,india,2026-07-27
BAJAJST,BAJAJ STEEL INDS. LTD.,india,2026-07-27
BAJEL,BAJEL PROJECTS LIMITED,india,2026-07-27
BAJFINANCE,BAJAJ FINANCE LIMITED,india,2026-07-27
BALAJEE,SHREE TIRUPATI BALAJEE L,india,2026-07-27
BALAJITELE,BALAJI TELEFILMS LIMITED.,india,2026-07-27
BALAMINES,BALAJI AMINES LIMITED,india,2026-07-27
BALAXI,,india,2026-07-27
BALGOPAL,Balgopal Commercial limited,india,2026-07-27
BALKRISHNA,BALKRISHNA PAPER MILLS L,india,2026-07-27
BALKRISIND,BALKRISHNA IND. LTD,india,2026-07-27
BALMLAWRIE,BALMER LAWRIE & CO LTD,india,2026-07-27
BALPHARMA,BAL PHARMA LTD.,india,2026-07-27
BALRAMCHIN,BALRAMPUR CHINI MILLS LTD,india,2026-07-27
BALTE,BALURGHAT TECHNOLOGIES LTD.,india,2026-07-27
BALUFORGE,BALU FORGE INDUSTRIES LTD,india,2026-07-27
BAMBINO,BAMBINO AGRO INDUSTRIES LTD.,india,2026-07-27
BAMPSL,BAMPSL SECURITIES LTD.,india,2026-07-27
BANARBEADS,BANARAS BEADS LTD,india,2026-07-27
BANARISUG,BANNARI AMMAN SUGARS LTD,india,2026-07-27
BANASFN,BANAS FINANCE LTD.,india,2026-07-27
BANCOINDIA,BANCO PRODUCTS (I) LTD,india,2026-07-27
BANDARAM,BANDARAM PHARMA PACKTECH LIMIT,india,2026-07-27
BANDHANBNK,BANDHAN BANK LIMITED,india,2026-07-27
BANG,BANG OVERSEAS LTD.,india,2026-07-27
BANGANGA,,india,2026-04-16
BANKA,,india,2026-04-16
BANKBARODA,BANK OF BARODA,india,2026-07-27
BANKINDIA,BANK OF INDIA,india,2026-07-27
"BANKINDIA#",,india,2025-11-10
BANSALWIRE,BANSAL WIRE INDUSTRIES L,india,2026-07-27
BANSTEA,,india,2026-06-29
BANSWRAS,BANSWARA SYNTEX LIMITED,india,2026-07-27
BAPACK,B&A PACKAGING INDIA LIMITED,india,2026-07-27
BARBEQUE,,india,2025-10-10
BARODARY,BARODA RAYON CORPORATION LTD.,india,2026-07-27
BAROEXT,BARODA EXTRUSION LTD.,india,2026-07-27
BARONINF,,india,2026-07-27
BASANTGL,BASANT AGRO TECH (INDIA) LTD.,india,2026-07-27
BASF,BASF INDIA LTD,india,2026-07-27
BASML,BANNARI AMMAN SPINNING MILLS L,india,2026-07-27
BATAINDIA,BATA INDIA LTD,india,2026-07-27
BATLIBOI,BATLIBOI LTD.,india,2026-07-27
BAYERCROP,BAYER CROPSCIENCE LTD,india,2026-07-27
BAZELINTER,Bazel International Limited,india,2026-07-27
BBL,BHARAT BIJLEE LTD,india,2026-07-27
BBOX,BLACK BOX LIMITED,india,2026-07-27
BBTC,BOMBAY BURMAH TRADING COR,india,2026-07-27
BBTCL,B&B TRIPLEWALL CONT LTD,india,2026-07-27
BCCFUBA,BCC FUBA INDIA LTD.,india,2026-07-27
BCCFUBA-RE,,india,2026-03-23
BCCL,Bhatia Colour Chem Limited,india,2026-07-27
BCG,BRIGHTCOM GROUP LIMITED,india,2026-07-27
BCLENTERPR,,india,2026-07-27
BCLIND,BCL INDUSTRIES LIMITED,india,2026-07-27
BCONCEPTS,BRAND CONCEPTS LIMITED,india,2026-07-27
BCP,B.C. POWER CONTROLS LTD,india,2026-07-27
BCPL,BCPL RAILWAY INFRA LTD,india,2026-07-27
BDH,BDH INDUSTRIES LTD.,india,2026-07-27
BDI,,india,2026-07-22
BDL,BHARAT DYNAMICS LIMITED,india,2026-07-27
BEARDSELL,BEARDSELL LIMITED,india,2026-07-27
BECTORFOOD,MRS BECTORS FOOD SPE LTD,india,2026-07-27
BEDMUTHA,BEDMUTHA INDUST LTD,india,2026-07-27
BEEKAY,BEEKAY STEEL INDS. LTD.,india,2026-07-27
BEEYU,BEEYU OVERSEAS LTD.,india,2026-07-27
BEEZAASAN,Beezaasan Explotech Limited,india,2026-07-27
BEFOUNDMOL,BEFOUND MOVEMENT LIMITED,india,2026-07-27
BEL,BHARAT ELECTRONICS LTD,india,2026-07-27
BELDING,BELDING INDIA LIMITED,india,2026-07-27
BELLACASA,BELLA CASA FASH AND RET L,india,2026-07-27
BELRISE,BELRISE INDUSTRIES LTD,india,2026-07-27
BEMHY,BEMCO HYDRAULICS LTD.,india,2026-07-27
BEML,BEML LIMITED,india,2026-07-27
BENARA,,india,2026-05-29
BENARAS,BENARES HOTELS LTD.,india,2026-07-27
BENCHMARK,,india,2026-07-27
BENGALASM,BENGAL & ASSAM CO. LTD.,india,2026-07-27
BENGALT,BENGAL TEA & FABRICS LTD.,india,2026-07-27
BEPL,BHANSALI ENG. POLYMERS LT,india,2026-07-27
BERGEPAINT,BERGER PAINTS (I) LTD,india,2026-07-27
BERLDRG,BERYL DRUGS LTD.,india,2026-07-27
BERVINL,BERVIN INVESTMENT & LEASING LT,india,2026-07-27
BERYLSE,BERYL SECURITIES LTD.,india,2026-07-27
BESTAGRO,BEST AGROLIFE LIMITED,india,2026-07-27
BESTEAST,BEST EASTERN HOTELS LTD.,india,2026-07-27
BETA,BETA DRUGS LIMITED,india,2026-07-27
BETXIND,BETEX INDIA LTD.,india,2026-07-24
BFFL,,india,2025-12-01
BFINVEST,BF INVESTMENT LIMITED,india,2026-07-27
BFLAFL,BFL Asset Finvest Limited,india,2026-07-27
BFLZC26,,india,2026-01-28
BFUTILITIE,BF UTILITIES LIMITED,india,2026-07-27
BGDL,BHARAT GLOBAL DEVELOPERS LIMIT,india,2026-07-27
BGIL,BGIL FILMS & TECHNOLOGIES LTD.,india,2026-07-27
BGJL,,india,2026-03-12
BGLOBAL,,india,2026-07-27
BGRENERGY,BGR ENERGY SYSTEMS LTD.,india,2026-07-27
BGWTATO,BHAGWATI AUTOCAST LTD.,india,2026-07-27
BHAGCHEM,BHAGIRADHA CHEM & INDS L,india,2026-07-27
BHAGERIA,Bhageria Industries Limited,india,2026-07-27
BHAGGAS,BHAGAWATI GAS LIMITED,india,2026-07-27
BHAGWOX,BHAGWATI OXYGEN LTD.,india,2026-07-27
BHAGYANGR,BHAGYANAGAR INDIA LTD.,india,2026-07-27
BHANDA-RE2,,india,2026-03-16
BHANDARI,BHANDARI HOSIERY EXPORTS LTD.,india,2026-07-27
BHANDERI,,india,2026-03-19
BHARAT,Bharat Bhushan Finance & Commo,india,2026-07-27
BHARAT-RE,,india,2025-07-01
BHARATAGRI,BHARAT AGRI FERT & REALTY LTD.,india,2026-07-27
BHARATCOAL,BHARAT COKING COAL LTD,india,2026-07-27
BHARATFORG,BHARAT FORGE LTD,india,2026-07-27
BHARATGEAR,BHARAT GEARS LTD.,india,2026-07-27
BHARATRAS,BHARAT RASAYAN LTD,india,2026-07-27
BHARATROHAN,BHARATROHAN AIRBORNE INNOVATIO,india,2026-07-27
BHARATSE,BHARAT SEATS LIMITED,india,2026-07-27
BHARATWIRE,BHARAT WIRE ROPES LTD.,india,2026-07-27
BHARTIARTL,BHARTI AIRTEL LIMITED,india,2026-07-27
BHARTIHEXA,BHARTI HEXACOM LIMITED,india,2026-07-27
BHASKAGR,BHASKAR AGROCHEMICALS LTD.,india,2026-07-27
BHATEXT,,india,2026-04-13
BHATIA,Bhatia Communications & Retail,india,2026-07-27
BHAVIK,,india,2026-07-27
BHEL,BHEL,india,2026-07-27
"BHEL#",,india,2025-11-03
BHILSPIN,BHILWARA SPINNERS LTD.,india,2026-07-27
BHUDEVI,BHUDEVI INFRA PROJECTS LIMITED,india,2026-07-27
BI,BILCARE LTD.,india,2026-07-27
BIBCL,BHARAT IMMUNOLOGICALS & BIOLOG,india,2026-07-27
BIGBLOC,BIGBLOC CONSTRUCTION LTD,india,2026-07-27
BIHSPONG,BIHAR SPONGE IRON LTD.,india,2026-07-27
BIJHANS,,india,2026-07-10
BIKAJI,BIKAJI FOODS INTERN LTD,india,2026-07-27
BIL,BHARTIYA INTERNATIONAL,india,2026-07-27
BILLWIN,Billwin Industries Limited,india,2026-07-27
BILVYAPAR,BIL VYAPAR LIMITED,india,2026-07-27
BIMETAL,BIMETAL BEARINGS LTD.,india,2026-07-27
BINANIIND,,india,2025-07-11
BINDALEXPO,,india,2026-06-30
BINNYMILLS,,india,2026-07-06
BIOCON,BIOCON LIMITED.,india,2026-07-27
BIOFILCHEM,BIOFIL CHEM & PHARMA LTD,india,2026-07-27
BIOGEN,BIOGEN PHARMACHEM INDUSTRIES L,india,2026-07-27
BIRET,,india,2026-07-27
BIRLACABLE,Birla Cable Limited,india,2026-07-27
BIRLACORPN,BIRLA CORPORATION LTD,india,2026-07-27
BIRLACOT,,india,2026-07-27
BIRLAMONEY,ADITYA BIRLA MONEY LTD,india,2026-07-27
BIRLANU,BIRLANU LIMITED,india,2026-07-27
BIRLAPREC,BIRLA PRECISION TECH L,india,2026-07-27
BISIL,,india,2025-12-04
BITS,BITS LTD.,india,2026-07-27
BIZOTIC,Bizotic Commercial Limited,india,2026-07-27
BJDUP,,india,2026-06-22
BKV,BKV INDUSTRIES LTD.,india,2026-07-27
BLACKBUCK,BLACKBUCK LIMITED,india,2026-07-27
BLACKROSE,BLACK ROSE INDUSTRIES LTD.,india,2026-07-27
BLAL,BEML LAND ASSETS LIMITED,india,2026-07-27
BLBLIMITED,BLB LIMITED,india,2026-07-27
BLIL,BALMER LAWRIE INVSTS. L,india,2026-07-27
BLISSGVS,BLISS GVS PHARMA LTD.,india,2026-07-27
BLKASHYAP,B.L.KASHYAP & SON LTD,india,2026-07-27
BLOIN,BLOOM INDUSTRIES LTD.,india,2026-07-27
BLOOM,BLOOM DEKOR LTD.,india,2026-07-27
BLS,BLS INTL SERVS LTD,india,2026-07-27
BLSE,BLS E-SERVICES LIMITED,india,2026-07-27
BLT,BLT Logistics Limited,india,2026-07-24
BLUECHIP,BLUE CHIP INDIA LTD.,india,2026-07-27
BLUECHIPT,BLUE CHIP TEX INDUSTRIES LTD.,india,2026-07-27
BLUECLOUDS,Blue Cloud Softech Solutions L,india,2026-07-27
BLUECOAST,BLUE COAST HOTELS LTD.,india,2026-07-27
BLUEDART,BLUE DART EXPRESS LTD,india,2026-07-27
BLUEGOD,,india,2026-07-13
BLUEJET,BLUE JET HEALTHCARE LTD,india,2026-07-27
BLUESTARCO,BLUE STAR LIMITED,india,2026-07-27
BLUESTONE,BLUESTONE JEWEL LFSTL LTD,india,2026-07-27
BLUGOD-RE,,india,2026-03-13
BLUSPRING,BLUSPRING ENTERPRISES LTD,india,2026-07-27
BMAL,,india,2026-05-12
BMBMUMG,BMB MUSIC & MAGNETICS LTD.,india,2026-07-27
BMW,BMW INDUSTRIES LIMITED,india,2026-07-27
BMWVENTLTD,BMW VENTURES LIMITED,india,2026-07-27
BNAGROCHEM,BN AGROCHEM LIMITED,india,2026-07-27
BNALTD,B & A LTD.,india,2026-07-27
BNHOLDINGS,,india,2025-09-10
BNRSEC,B.N.RATHI SECURITIES LTD.,india,2026-07-27
BNRUDY,BNR UDYOG LTD.,india,2026-07-27
BODALCHEM,BODAL CHEMICALS LTD.,india,2026-07-27
BODH-RE,,india,2025-07-21
BODHTREE,Bodhtree Consulting Limited,india,2026-07-27
BOHRAIND,BOHRA INDUSTRIES LIMITED,india,2026-07-27
BOMBCYC,BOMBAY CYCLE & MOTOR AGENCY LT,india,2026-07-24
BOMBWIR,BOMBAY WIRE ROPES LTD.,india,2026-07-27
BOMDYEING,BOMBAY DYEING & MFG. CO L,india,2026-07-27
BOMOXY-B1,BOMBAY OXYGEN INVESTMENTS LIMI,india,2026-07-27
BOMTALKIES,BOMBAY TALKIES LIMITED,india,2026-07-27
BONDADA,Bondada Engineering Limited,india,2026-07-27
BONLON,BONLON INDUSTRIES LIMITED,india,2026-07-27
BORANA,BORANA WEAVES LIMITED,india,2026-07-27
BOROLTD,BOROSIL LIMITED,india,2026-07-27
BORORENEW,BOROSIL RENEWABLES LTD,india,2026-07-27
BOROSCI,BOROSIL SCIENTIFIC LTD,india,2026-07-27
BOSCH-HCIL,BOSCH HOME COMFRT IND LTD,india,2026-07-27
BOSCHLTD,BOSCH LIMITED,india,2026-07-27
BOSTON,BOSTON COMMERCE LIMITED,india,2026-07-27
BOSTONBIO,,india,2026-02-19
BPAGRI,Blue Pearl Agriventures Limite,india,2026-07-27
BPCAP,,india,2026-07-27
BPCL,BHARAT PETROLEUM CORP  LT,india,2026-07-27
BPL,BPL LTD,india,2026-07-27
BPLPHARMA,Bharat Parenterals Limited,india,2026-07-27
BRADYM,BRADY & MORRIS ENGINEERING CO.,india,2026-07-27
BRAHMINFRA,BRAHMAPUTRA INFRASTRUCTURE LTD,india,2026-07-27
BRAWN,BRAWN BIOTECH LTD.,india,2026-07-27
BRGIL,B.R.GOYAL INFRASTRUCTURE LIMIT,india,2026-07-27
BRIDGESE,BRIDGE SECURITIES LTD.,india,2026-07-27
BRIGADE,BRIGADE ENTER. LTD,india,2026-07-27
BRIGHOTEL,BRIGADE HOTEL VENTURE LTD,india,2026-07-27
BRIGHT,Bright Outdoor Media Limited,india,2026-07-27
BRIGHTBR,BRIGHT BROTHERS LTD.,india,2026-07-27
BRIJLEAS,BRIJLAXMI LEASING & FINANCE LT,india,2026-07-27
BRIPORT,,india,2026-07-20
BRISK,Brisk Technovision Limited,india,2026-07-27
BRITANNIA,BRITANNIA INDUSTRIES LTD,india,2026-07-27
BRNL,BHARAT ROAD NETWORK LTD,india,2026-07-27
BROACH,,india,2026-07-23
BROOKS,BROOKS LABORATORIES LTD.,india,2026-07-27
BRPL,BANSAL ROOFING PRODUCTS LTD,india,2026-07-27
BRRL,B-RIGHT REALESTATE LIMITED,india,2026-07-24
BSE,BSE LIMITED,india,2026-07-27
BSELALGO,BSEL ALGO LIMITED,india,2026-07-27
BSHSL,BOMBAY SUPER HYBRID SEEDS LIMI,india,2026-07-27
BSL,BSL LTD,india,2026-07-27
BSOFT,BIRLASOFT LIMITED,india,2026-07-27
BTML,BODHI TREE MULTIMEDIA LTD,india,2026-07-27
BTTL,BHILWARA TECHNICAL TEXTILES LT,india,2026-07-27
BUILDPRO,SHANKARA BUILDPRO LIMITED,india,2026-07-27
BUTTERFLY,BTRFLY GANDHI APPL LTD,india,2026-07-27
BVCL,BARAK VALLEY CEM. LTD.,india,2026-07-27
BYKE,THE BYKE HOSPITALITY LTD.,india,2026-07-27
BYLD,,india,2026-07-27
CAGL25,,india,2025-07-04
CAGL25A,,india,2025-10-29
CAGL26,,india,2026-05-20
CAGL27,,india,2026-04-08
CAGL27A,,india,2026-06-29
CAGL28,,india,2026-07-15
CALCOM,CALCOM VISION LTD.,india,2026-07-27
CALLISTA,Callista Industries Limited,india,2026-07-27
CALSOFT,CALIFORNIA SOFTWARE CO.LTD.,india,2026-07-27
CAMEXLTD,CAMEX LTD.,india,2026-07-27
CAMLINFINE,CAMLIN FINE SCIENCES LTD,india,2026-07-27
CAMPUS,CAMPUS ACTIVEWEAR LIMITED,india,2026-07-27
CAMS,COMPUTER AGE MNGT SER LTD,india,2026-07-27
CANBK,CANARA BANK,india,2026-07-27
CANDOUR,CANDOUR TECHTEX LIMITED,india,2026-07-27
CANFINHOME,CAN FIN HOMES LTD,india,2026-07-27
CANHLIFE,CANARA HSBC LIFE INS CO L,india,2026-07-27
CANTABIL,CANTABIL RETAIL LTD,india,2026-07-27
CAPACITE,CAPACITE INFRAPROJECT LTD,india,2026-07-27
CAPFIN,,india,2026-07-27
CAPILLARY,CAPILLARY TECHNO INDIA L,india,2026-07-27
CAPINVIT,,india,2026-07-27
CAPITALSFB,CAPITAL SMALL FIN BANK L,india,2026-07-27
CAPLIPOINT,CAPLIN POINT LAB LTD.,india,2026-07-27
CAPPIPES,Captain Pipes Limited,india,2026-07-27
CAPRI-RE,,india,2026-02-19
CAPRICORN,CAPRICORN SYSTEMS GLOBAL SOLUT,india,2026-07-27
CAPRIHANS,CAPRIHANS INDIA LTD.,india,2026-07-27
CAPRO,CAPROLACTAM CHEMICALS LTD.,india,2026-07-27
CAPTRU-RE,,india,2025-07-18
CAPTRU-RE1,,india,2025-11-06
CAPTRUST,CAPITAL TRUST LIMITED,india,2026-07-27
CARBORUNIV,CARBORUNDUM UNIVERSAL LTD,india,2026-07-27
CARERATING,CARE RATINGS LIMITED,india,2026-07-27
CARGOSOL,,india,2026-07-22
CARGOTRANS,,india,2026-07-23
CARNATIN,,india,2026-07-27
CARRARO,CARRARO INDIA LIMITED,india,2026-07-27
CARTRADE,CARTRADE TECH LIMITED,india,2026-07-27
CARYSIL,CARYSIL LIMITED,india,2026-07-27
CASPIAN,CASPIAN CORPORATE SERVICES LIM,india,2026-07-27
CASTORA,,india,2026-07-27
CASTROLIND,CASTROL INDIA LIMITED,india,2026-07-27
CATVISION,CATVISION  LIMITED,india,2026-07-27
CBPL,Chandra Bhagat Pharma Limited,india,2026-07-27
CCAL,CITY CROPS AGRO LIMITED,india,2026-07-27
CCAVENUE,AVENUESAI LIMITED,india,2026-07-27
CCCL,CONS. CONST. CONSORT LTD,india,2026-07-27
CCDL,Consecutive Commodities Limite,india,2026-07-27
CCDL-RE,,india,2026-07-27
CCHHL,COUNTRY CLUB HOSP HOL LTD,india,2026-07-27
CCI110324,,india,2026-02-03
CCI110324A,,india,2026-06-17
CCI170125B,,india,2025-11-20
CCIL101125,,india,2026-07-27
CCIL14824,,india,2025-07-16
CCIL14824A,,india,2026-02-16
CCIL14824C,,india,2026-07-20
CCIL170125,,india,2025-10-23
CCIL18326,,india,2026-07-27
CCIL18326A,,india,2026-07-21
CCIL20625E,,india,2026-05-19
CCIL20625F,,india,2026-07-20
CCIL20625G,,india,2026-07-27
CCILZC25A,,india,2025-09-19
CCILZC26,,india,2025-12-22
CCILZC29,,india,2026-07-03
CCILZC30,,india,2026-03-30
CCL,CCL PRODUCTS (I) LTD,india,2026-07-27
CCL101125A,,india,2026-07-20
CCL101125B,,india,2026-07-27
CCLINTER,CCL INTERNATIONAL LTD.,india,2026-07-27
CCME,CCME GLOBAL LIMITED,india,2026-07-27
CDG,CDG PETCHEM LIMITED,india,2026-07-27
CDSL,CENTRAL DEPO SER (I) LTD,india,2026-07-27
CEATLTD,CEAT LIMITED,india,2026-07-27
CEEJAY,,india,2026-07-27
CEENIK,CEENIK EXPORTS (INDIA) LTD.,india,2026-07-27
CEETAIN,CEETA INDUSTRIES LTD.,india,2026-07-27
CEIGALL,CEIGALL INDIA LIMITED,india,2026-07-27
CEINSYS,CEINSYS TECH LIMITED,india,2026-07-27
CEINSYSTECH,,india,2026-02-17
CELEBRITY,CELEBRITY FASHIONS LTD,india,2026-07-27
CELLA,,india,2026-07-27
CELLO,CELLO WORLD LIMITED,india,2026-07-27
CEMAINFRA,CEMANTIC INFRA-TECH LIMITED,india,2026-07-27
CEMPRO,CEMINDIA PROJECTS LIMITED,india,2026-07-27
CENLUB,CENLUB INDUSTRIES LTD.,india,2026-07-27
CENTENKA,CENTURY ENKA LTD,india,2026-07-27
CENTEXT,CENTURY EXTRUSIONS LTD,india,2026-07-27
CENTRALBK,CENTRAL BANK OF INDIA,india,2026-07-27
CENTRUM,CENTRUM CAPITAL LIMITED,india,2026-07-27
CENTUM,CENTUM ELECTRONICS LTD,india,2026-07-27
CENTUPLE,CENTUPLE GLOBAL LIMITED,india,2026-07-27
CENTURYPLY,CENTURY PLYBOARDS (I) LTD,india,2026-07-27
CERA,CERA SANITARYWARE LTD,india,2026-07-27
CEREBRAINT,,india,2026-07-27
CESC,CESC LTD,india,2026-07-27
CEWATER,CONCORD ENVIRO SYSTEMS L,india,2026-07-27
CFEL,CONFIDENCE FUTURISTIC ENERGETE,india,2026-07-27
CFF,CFF FLUID CONTROL LIMITED,india,2026-07-27
CFL,,india,2026-07-27
CGCL,CAPRI GLOBAL CAPITAL LTD,india,2026-07-27
CGFL,,india,2026-07-10
CGPOWER,CG POWER AND IND SOL LTD,india,2026-07-27
CGVAK,CG-VAK SOFTWARE & EXPORTS LTD.,india,2026-07-27
CHALET,CHALET HOTELS LIMITED,india,2026-07-27
CHALLANI,CHALLANI CAPITAL LIMITED,india,2026-07-27
CHAMBLFERT,CHAMBAL FERTILIZERS LTD,india,2026-07-27
CHANDNIMACH,Chandni Machines Limited,india,2026-07-27
CHANDRAP,CHANDRA PRABHU INTERNATIONAL L,india,2026-07-27
CHANDRIMA,Chandrima Mercantiles limited,india,2026-07-27
CHARMS,,india,2026-05-18
CHATHA,CHATHA FOODS LIMITED,india,2026-07-27
CHCL,,india,2026-07-14
CHDCHEM,CHD Chemicals Limited,india,2026-07-27
CHECKPOINT,,india,2026-05-19
CHEMBOND,Chembond Material Technologies,india,2026-07-27
CHEMBONDCH,CHEMBOND CHEMICALS  LIMITED,india,2026-07-27
CHEMCON,Chemcon Speciality Chemicals L,india,2026-07-27
CHEMCRUX,Chemcrux Enterprises Limited,india,2026-07-27
CHEMFAB,Chemfab Alkalis Ltd,india,2026-07-27
CHEMIESYNT,,india,2026-07-22
CHEMKART,Chemkart India Limited,india,2026-07-27
CHEMOPH,,india,2025-10-31
CHEMPLASTS,CHEMPLAST SANMAR LIMITED,india,2026-07-27
CHEMTECH,CHEMTECH INDUSTRIAL VALVES LTD,india,2026-07-27
CHENFERRO,CHENNAI FERROUS INDUSTRIES LIM,india,2026-07-27
CHENNPETRO,CHENNAI PETROLEUM CORP LT,india,2026-07-27
CHEVIOT,CHEVIOT COMPANY LIMITED,india,2026-07-27
CHIRAHARIT,Chiraharit Limited,india,2026-07-27
CHLLTD,CHL LTD.,india,2026-07-27
CHLOGIST,CHARTERED LOGISTICS LTD.,india,2026-07-27
CHMBBRW,CHAMBAL BREWERIES & DISTILLERI,india,2026-07-27
CHOICEIN,CHOICE INTERNATIONAL LTD,india,2026-07-27
CHOKSI,CHOKSI ASIA LIMITED,india,2026-07-27
CHOKSILA,CHOKSI LABORATORIES LTD.,india,2026-07-27
CHOLAFIN,CHOLAMANDALAM IN & FIN CO,india,2026-07-27
CHOLAHLDNG,CHOLAMANDALAM FIN HOL LTD,india,2026-07-27
CHORDIA,CHORDIA FOOD PRODUCTS LTD.,india,2026-07-27
CHOTHANI,,india,2026-07-20
CHOWGULSTM,CHOWGULE STEAMSHIPS LTD.,india,2026-07-27
CHPLIND,,india,2026-02-20
CHROME,Chrome Silicon Limited,india,2026-07-27
CHRTEDCA,CHARTERED CAPITAL & INVESTMENT,india,2026-07-27
CHTR,Chatterbox Technologies Limite,india,2026-07-27
CIANAGRO,CIAN Agro Ind & Infra Ltd,india,2026-07-27
CIEINDIA,CIE AUTOMOTIVE INDIA LTD,india,2026-07-27
CIF27,,india,2026-07-20
CIF29,,india,2025-09-29
CIFC26,,india,2026-01-07
CIFC26A,,india,2025-08-04
CIFC28,,india,2026-07-21
CIFCZC25,,india,2025-11-17
CIFCZC26,,india,2026-07-24
CIFCZC26A,,india,2026-02-27
CIFCZC28,,india,2026-07-22
CIFCZC28A,,india,2026-06-25
CIFL,CAPITAL INDIA FINANCE LTD,india,2026-07-27
CIGNITITEC,,india,2026-05-14
CIL,,india,2026-07-10
CILSEC,CIL SECURITIES LIMITED,india,2026-07-27
CINDHO,,india,2026-07-27
CINDRELL,,india,2026-07-27
CINELINE,CINELINE INDIA LIMITED,india,2026-07-27
CINEVISTA,CINEVISTA LIMITED,india,2026-07-27
CIPLA,CIPLA LTD,india,2026-07-27
CISTRO,,india,2026-02-23
CITADEL,CITADEL REALTY AND DEVELOPERS,india,2026-07-27
CITICHEM,,india,2026-07-27
CITIPOR,CITIPORT FINANCIAL SERVICES LT,india,2026-07-24
CITIUSINVT,,india,2026-07-27
CITIZEN,Citizen Solar Limited,india,2026-07-27
CITL,,india,2026-01-27
CITURGIA,,india,2026-07-27
CITYMAN,CITYMAN LTD.,india,2026-07-24
CITYONLINE,,india,2026-07-22
CITYSQUARE,,india,2026-07-27
CJGEL,C.J.GELATINE PRODUCTS LTD.,india,2026-07-27
CLARA,,india,2026-07-23
CLASELE,,india,2025-09-01
CLCIND,,india,2026-07-06
CLEAN,CLEAN SCIENCE & TECH LTD,india,2026-07-27
CLEANMAX,CLEAN MAX ENVIRO EN SOL L,india,2026-07-27
CLEDUCATE,CL Educate Limited,india,2026-07-27
CLENON,,india,2026-07-27
CLFL,Classic Leasing & Finance Ltd.,india,2026-07-27
CLIOINFO,CLIO INFOTECH LTD.,india,2026-07-27
CLN,CLN ENERGY LIMITED,india,2026-07-27
CLSEL,CHAMAN LAL SETIA EXP LTD,india,2026-07-27
CMBL,Corporate Merchant Bankers Lim,india,2026-07-27
CMICABLES,,india,2026-07-27
CMLL,CALIBER MINING AND LOG L,india,2026-07-27
CMMHOSP,CHENNAI MEENAKSHI MULTISPECIAL,india,2026-07-27
CMPDI,CENTRAL MINE P N D INST L,india,2026-07-27
CMRGREEN,CMR GREEN TECHNOLOGIES L,india,2026-07-27
CMSINFO,CMS INFO SYSTEMS LIMITED,india,2026-07-27
CMXLTD,CMX HOLDINGS LIMITED,india,2026-07-27
CNCRD,Concord Control Systems Limite,india,2026-07-27
CNINFOTECH,CAPITALNUMBERS INFOTECH  LIMIT,india,2026-07-27
CNIRESLTD,,india,2025-08-28
CNL,CREATIVE NEWTECH LIMITED,india,2026-07-27
COALINDIA,COAL INDIA LTD,india,2026-07-27
COARO,,india,2026-07-27
COASTCORP,COASTAL CORPORATION LTD,india,2026-07-27
COCHINM,COCHIN MINERALS & RUTILE LTD.,india,2026-07-27
COCHINSHIP,COCHIN SHIPYARD LIMITED,india,2026-07-27
COCHMAL,COCHIN MALABAR ESTATES & INDUS,india,2026-07-27
COCKERILL,JOHN COCKERILL INDIA LTD.,india,2026-07-27
COFFEEDAY,Coffee Day Enterprises Limited,india,2026-07-27
COFORGE,COFORGE LIMITED,india,2026-07-27
COHANCE,COHANCE LIFESCIENCES LTD,india,2026-07-27
COLAB,,india,2026-07-27
COLINZ,COLINZ LABORATORIES LTD.,india,2026-07-27
COLORCHIPS,COLORCHIPS NEW MEDIA LIMITED,india,2026-07-27
COLPAL,COLGATE PALMOLIVE LTD.,india,2026-07-27
COMCL,COMFORT COMMOTRADE LTD.,india,2026-07-27
COMFINCAP,COMFORT FINCAP LTD.,india,2026-07-27
COMFINTE,COMFORT INTECH LTD.,india,2026-07-27
COMMAND,,india,2026-03-30
COMPEAU,COMPETENT AUTOMOBILES CO.LTD.,india,2026-07-27
COMPINFO,,india,2026-07-27
COMPUPN,COMPUTER POINT LTD.,india,2026-07-27
COMPUSOFT,COMPUCOM SOFTWARE LTD,india,2026-07-27
COMRADE,Comrade Appliances Limited,india,2026-07-27
COMSYN,COMMERCIAL SYN BAGS LTD,india,2026-07-27
CONART,CONART ENGINEERS LTD.,india,2026-07-27
CONCOR,CONTAINER CORP OF IND LTD,india,2026-07-27
CONCORD,Concord Drugs Limited,india,2026-07-27
CONCORDBIO,CONCORD BIOTECH LIMITED,india,2026-07-27
CONFIPET,CONFIDENCE PETRO IND LTD.,india,2026-07-27
CONSOFINVT,,india,2026-07-22
CONSTRONIC,CONSTRONICS INFRA LIMITED,india,2026-07-27
CONTAINE,CONTAINE TECHNOLOGIES LIMITED,india,2026-07-27
CONTAINER,Containerway International Lim,india,2026-07-27
CONTCHM,CONTINENTAL CHEMICALS LTD.,india,2026-07-27
CONTICON,CONTINENTAL CONTROLS LTD.,india,2026-07-27
CONTILI,,india,2026-07-27
CONTPTR,CONTINENTAL PETROLEUMS LTD.,india,2026-07-27
CONTROLPR,CONTROL PRINT LIMITED,india,2026-07-27
CORALAB,CORAL LABORATORIES LTD.,india,2026-07-27
CORALFINAC,CORAL INDIA FIN & HOUS LT,india,2026-07-27
CORDELIA,WATERWAYS LEISURE TOUR L,india,2026-07-27
CORDSCABLE,CORDS CABLE INDUSTRIES LTD.,india,2026-07-27
CORNE,,india,2026-07-23
COROENGG,COROMANDEL ENGINEERING COMPANY,india,2026-07-27
COROMANDEL,COROMANDEL INTERNTL. LTD,india,2026-07-27
CORONA,CORONA REMEDIES LIMITED,india,2026-07-27
COSCO,COSCO (INDIA) LTD.,india,2026-07-27
COSMICCRF,Cosmic CRF Limited,india,2026-07-27
COSMOFE,COSMO FERRITES LTD.,india,2026-07-27
COSMOFIRST,COSMO FIRST LIMITED,india,2026-07-27
COSPOWER,Cospower Engineering Limited,india,2026-07-27
COSYN,COSYN Limited,india,2026-07-27
COTFAB,United Cotfab Limited,india,2026-07-27
COUNCODOS,COUNTRY CONDO S LIMITED,india,2026-07-27
COVAN-RE,,india,2025-09-16
COVANCE,COVANCE SOFTSOL LIMITED,india,2026-07-27
COVIDH,,india,2026-06-15
COVIDH-RE,,india,2025-11-04
CPCAP,CP CAPITAL LIMITED,india,2026-07-27
CPEDU,CAREER POINT EDUTECH LTD,india,2026-07-27
CPL,CAPTAIN POLYPLAST LIMITED,india,2026-07-27
CPML,CITY PULSE MULTIVENTURES LIMIT,india,2026-07-27
CPPLUS,ADITYA INFOTECH LIMITED,india,2026-07-27
CRAFTSMAN,CRAFTSMAN AUTOMATION LTD,india,2026-07-27
CRAMC,CANARA ROBECO AMC LIMITED,india,2026-07-27
CRANEINFRA,Crane Infrastructure Limited,india,2026-07-27
CRANESSOFT,,india,2026-07-27
CRANEX,CRANEX LTD.,india,2026-07-27
CRAVATEX,CRAVATEX LTD.,india,2026-07-27
CRAZY,CRAZY SNACKS LIMITED,india,2026-07-27
CREATIVE,Creative Castings Limited,india,2026-07-27
CREATIVEYE,CREATIVE EYE LIMITED,india,2026-07-27
CREDITACC,CREDITACCESS GRAMEEN LTD,india,2026-07-27
CRESANTO,,india,2026-07-27
CRESCENTIS,Crescentis Capital Limited,india,2026-07-27
CREST,CREST VENTURES LIMITED,india,2026-07-27
CRIMSON,,india,2026-07-27
CRISIL,CRISIL LTD,india,2026-07-27
CRIZAC,CRIZAC LIMITED,india,2026-07-27
CROISSANCE,CROISSANCE LIMITED,india,2026-07-27
CROMPTON,CROMPT GREA CON ELEC LTD,india,2026-07-27
CROPSTER,CROPSTER AGRO LIMITED,india,2026-07-27
CROWN,CROWN LIFTERS LIMITED,india,2026-07-27
CRSL,CRESSANDA RAILWAY SOLUTIONS LI,india,2026-07-27
CRSTCHM,CRESTCHEM LTD.,india,2026-07-27
CRYOGENIC,CRYOGENIC OGS LIMITED,india,2026-07-27
CRYSTAL,CRYSTAL BUSINESS SYSTEM LIMITE,india,2026-07-27
CSAI240226,,india,2026-06-30
CSBBANK,CSB BANK LIMITED,india,2026-07-27
CSL,Continental Securities Limited,india,2026-07-27
CSLFINANCE,CSL FINANCE LIMITED,india,2026-07-27
CSM,CSM TECHNOLOGIES LIMITED,india,2026-07-27
CSURGSU,CENTENIAL SURGICAL SUTURE LTD.,india,2026-07-27
CTCL,,india,2026-07-27
CTE,CAMBRIDGE TECH ENTER LTD,india,2026-07-27
CTL,CAPITAL TRADE LINKS LTD,india,2026-07-27
CTLLAB,,india,2026-07-20
CUB,CITY UNION BANK LTD,india,2026-07-27
CUBEINVIT,,india,2026-07-07
CUBEXTUB,CUBEX TUBINGS LTD,india,2026-07-27
CUBIFIN,CUBICAL FINANCIAL SERVICES LTD,india,2026-07-27
CUMMINSIND,CUMMINS INDIA LTD,india,2026-07-27
CUPID,CUPID LIMITED,india,2026-07-27
CUPIDALBV,CUPID BREWERIES AND DISTILLERI,india,2026-07-27
CURAA,CURA TECHNOLOGIES LIMITED,india,2026-07-27
CWD,CaliberCos Inc.,india,2026-07-27
CYBELEIND,CYBELE INDUSTRIES LTD.,india,2026-07-27
CYBER-RE,,india,2025-08-19
CYBERMEDIA,CYBER MEDIA (INDIA) LTD.,india,2026-07-27
CYBERTECH,CYBERTECH SYSTEMS AND SOFTWARE,india,2026-07-27
CYIENT,CYIENT LIMITED,india,2026-07-27
CYIENTDLM,CYIENT DLM LIMITED,india,2026-07-27
DABUR,DABUR INDIA LTD,india,2026-07-27
DACHEPALLI,Dachepalli Publishers Limited,india,2026-07-27
DAICHI,DAI-ICHI KARKARIA LTD.,india,2026-07-27
DAIKAFFI,DAIKAFFIL CHEMICALS INDIA LTD.,india,2026-07-27
DALBHARAT,DALMIA BHARAT LIMITED,india,2026-07-27
DALMIASUG,DALMIA BHARAT SUG IN LTD,india,2026-07-27
DAMCAPITAL,DAM CAPITAL ADVISORS LTD,india,2026-07-27
DAMODARIND,,india,2026-07-21
DANGEE,DANGEE DUMS LIMITED,india,2026-07-27
DANLAW,DANLAW TECHNOLOGIES INDIA LTD.,india,2026-07-27
DANUBE,DANUBE INDUSTRIES LIMITED,india,2026-07-27
DAPS,,india,2026-07-10
DARJEELING,DARJEELING INDUSTRIIES LIMITED,india,2026-07-27
DARSHA-RE,,india,2025-11-17
DARSHANORNA,Darshan Orna Limited,india,2026-07-27
DATAMATICS,DATAMATICS GLOBAL SER LTD,india,2026-07-27
DATAPATTNS,DATA PATTERNS INDIA LTD,india,2026-07-27
DATIWARE,,india,2026-07-23
DAULAT,DAULAT SECURITIES LTD.,india,2026-07-27
DAVAN-RE1,,india,2025-08-25
DAVANGERE,DAVANGERE SUGAR COMPANY L,india,2026-07-27
DAVIN,Davin Sons Retail Limited,india,2026-07-27
DBCORP,D.B.CORP LTD,india,2026-07-27
DBEIL,Deepak Builders and Engineers,india,2026-07-27
DBL,DILIP BUILDCON LIMITED,india,2026-07-27
DBOL,DHAMPUR BIO ORGANICS LTD,india,2026-07-27
DBREALTY,VALOR ESTATE LIMITED,india,2026-07-27
DBSTOCKBRO,DB (INTERNATIONAL) STOCK BROKE,india,2026-07-27
DCAL,DISHMAN CARBO AMCIS LTD,india,2026-07-27
DCBBANK,DCB BANK LIMITED,india,2026-07-27
DCI,DC INFOTECH AND COMUN LTD,india,2026-07-27
DCM,DCM LTD.,india,2026-07-27
DCMFINSERV,DCM FINANCIAL SERVICES LTD.,india,2026-07-27
DCMNVL,DCM NOUVELLE LIMITED,india,2026-07-27
DCMSHRIRAM,DCM SHRIRAM LIMITED,india,2026-07-27
DCMSIL,DCM SHRIRAM INTERNATIONAL LIMI,india,2026-07-27
DCMSRIND,DCM SHRIRAM IND LTD,india,2026-07-27
DCW,DCW LTD,india,2026-07-27
DCXINDIA,DCX SYSTEMS LIMITED,india,2026-07-27
DDEVPLSTIK,DDEV PLASTIKS IND LTD,india,2026-07-27
DDIL,,india,2026-03-27
DECANBRG,,india,2026-02-23
DECCAN,Deccan Health Care Limited,india,2026-07-27
DECCANCE,DECCAN CEMENTS LIMITED,india,2026-07-27
DECIPHER,DECIPHER LABS LIMITED,india,2026-07-27
DECNGO-RE,,india,2025-12-22
DECNGOLD,DECCAN GOLD MINES LTD.,india,2026-07-27
DECOMIC,,india,2026-07-27
DECPO,,india,2026-07-23
DEEDEV,DEE DEVELOPMENT ENGINEERS LIMI,india,2026-07-27
DEEP,Deep Polymers Limited,india,2026-07-27
DEEP-RE,,india,2025-09-18
DEEPAI,Deep Health AI India Limited,india,2026-07-27
DEEPAKCHEM,DEEPAK CHEMTEX LIMITED,india,2026-07-27
DEEPAKFERT,DEEPAK FERTILIZERS & PETR,india,2026-07-27
DEEPAKNTR,DEEPAK NITRITE LTD,india,2026-07-27
DEEPAKSP,DEEPAK SPINNERS LTD.,india,2026-07-27
DEEPINDS,DEEP INDUSTRIES LIMITED,india,2026-07-27
DEFRAIL,,india,2026-07-27
DEL,Dhanashree Electronics Limited,india,2026-07-27
DELHIVERY,DELHIVERY LIMITED,india,2026-07-27
DELPH-RE,,india,2025-11-03
DELPHIFX,DELPHI WORLD MONEY LIMITED,india,2026-07-27
DELTA,Delta Industrial Resources Lim,india,2026-07-27
DELTACORP,DELTA CORP LIMITED,india,2026-07-27
DELTAMAGNT,DELTA MANUFACTURING LTD,india,2026-07-27
DEN,DEN NETWORKS LTD,india,2026-07-27
DENISCHEM,DENIS CHEM LAB LTD,india,2026-07-27
DENORA,DE NORA INDIA LIMITED,india,2026-07-27
DENTA,DENTA WATER N INFRA SOL L,india,2026-07-27
DESCO,Desco Infratech Limited,india,2026-07-27
DESHRAK,,india,2026-07-17
DESIFARMS,,india,2026-07-27
DEVINE,,india,2026-07-23
DEVIT,DEV INFO TECHNOLOGY LTD,india,2026-07-27
DEVLAB,,india,2026-07-27
DEVSON,DEVSON CATALYST LIMITED,india,2026-07-27
DEVX,DEV ACCELERATOR LIMITED,india,2026-07-27
DEVYANI,DEVYANI INTERNATIONAL LTD,india,2026-07-27
DFL,,india,2026-07-27
DFPL,DINDIGUL FARM PRODUCT LIMITED,india,2026-07-27
DGCONTENT,DIGICONTENT LIMITED,india,2026-07-27
DGL,,india,2026-07-22
DHABRIYA,Dhabriya Polywood Limited,india,2026-07-27
DHAMPURE,DHAMPURE SPECIALITY SUGARS LTD,india,2026-07-27
DHAMPURSUG,DHAMPUR SUGAR MILLS LTD.,india,2026-07-27
DHANBANK,DHANLAXMI BANK LIMITED,india,2026-07-27
DHANCOT,DHANLAXMI COTEX LTD.,india,2026-07-24
DHANFAB,DHANLAXMI FABRICS LTD.,india,2026-07-27
DHANI,,india,2025-10-27
DHANROTO,DHANALAXMI ROTO SPINNERS LTD.,india,2026-07-27
DHANSAFAL,DHANSAFAL FINSERVE LIMITED,india,2026-07-27
DHANUKA,DHANUKA AGRITECH LTD,india,2026-07-27
DHARAN,,india,2026-07-27
DHARFIN,DHARANI FINANCE LTD.,india,2026-07-27
DHARMAJ,DHARMAJ CROP GUARD LTD,india,2026-07-27
DHARNI,,india,2026-07-10
DHATRE,Dhatre Udyog Limited,india,2026-07-27
DHENUBUILD,,india,2026-07-27
DHILLON,Dhillon Freight Carrier Limite,india,2026-07-27
DHINDIA,D&H INDIA LTD,india,2026-07-27
DHINDIA-RE,,india,2026-02-12
DHOOTIN,DHOOT INDUSTRIAL FINANCE LTD.,india,2026-07-27
DHPIND,DHP INDIA LTD.,india,2026-07-27
DHRUV,Dhruv Consultancy Services Lim,india,2026-07-27
DHRUVCA,DHRUVA CAPITAL SERVICES LTD.,india,2026-07-27
DHUNINV,DHUNSERI INVESTMENTS LTD,india,2026-07-27
DHYAANITR,DHYAANI TRADEVENTTURES LIMITED,india,2026-07-27
DIACABS,DIAMOND POWER INFRA LTD,india,2026-07-27
DIAMANT,,india,2026-07-27
DIAMINESQ,DIAMINES & CHEMICALS LTD,india,2026-07-27
DIAMONDYD,PRATAAP SNACKS LIMITED,india,2026-07-27
DIANATEA,DIANA TEA CO.LTD.,india,2026-07-27
DICIND,DIC INDIA LIMITED,india,2026-07-27
DIDL,,india,2026-07-27
DIFFNKG,DIFFUSION ENGINEERS LTD,india,2026-07-27
DIGIDRIVE,DIGIDRIVE DISTRIBUTORS L,india,2026-07-27
DIGILOGIC,DIGILOGIC SYSTEMS LIMITED,india,2026-07-27
DIGISPICE,DIGISPICE TECHNOLOGIES LIMITED,india,2026-07-27
DIGITIDE,DIGITIDE SOLUTIONS LTD,india,2026-07-27
DIGJAMLMTD,DIGJAM LTD,india,2026-07-27
DIKSAT,,india,2026-04-28
DIKSHA,,india,2026-07-27
DIL,,india,2025-12-24
DILIGENT,DILIGENT INDUSTRIES LTD.,india,2026-07-27
DISAQ,DISA INDIA LTD.,india,2026-07-27
DISHTV,DISH TV INDIA LTD.,india,2026-07-27
DITCO,Decorous Investment and Tradin,india,2026-07-27
DIVGIITTS,DIVGI TORQTRANSFER SYST L,india,2026-07-27
DIVISLAB,DIVI S LABORATORIES LTD,india,2026-07-27
DIVSHKT,DIVYASHAKTI LIMITED,india,2026-07-27
DIXON,DIXON TECHNO (INDIA) LTD,india,2026-07-27
DJML,DJ MEDIAPRINT & LOG LTD,india,2026-07-27
DJSSS,DJS STOCK & SHARES LTD.,india,2026-07-27
DKUAL,Dolphin Kitchen Utensils and A,india,2026-07-27
DLCL,DR LALCHANDANI LABS LIMITED,india,2026-07-27
DLCL-RE,,india,2026-02-24
DLF,DLF LIMITED,india,2026-07-27
DLINKINDIA,D-LINK INDIA LTD,india,2026-07-27
DLTNCBL,DELTON CABLES LTD.,india,2026-07-27
DMART,AVENUE SUPERMARTS LIMITED,india,2026-07-27
DMCC,DMCC SPECIALITY CHEMICALS,india,2026-07-27
DML,,india,2026-07-20
DMR,DMR ENGINEERING LIMITED,india,2026-07-27
DNAMEDIA,DILIGENT MEDIA CORP LTD.,india,2026-07-27
DODLA,DODLA DAIRY LIMITED,india,2026-07-27
DOLATALGO,DOLAT ALGOTECH LIMITED,india,2026-07-27
DOLFIN,Dolfin Rubbers Limited,india,2026-07-27
DOLLAR,DOLLAR INDUSTRIES LIMITED,india,2026-07-27
DOLPHIN,DOLPHIN OFF ENT (IND) L,india,2026-07-27
DOLPHMED,,india,2026-07-27
DOMS,DOMS INDUSTRIES LIMITED,india,2026-07-27
DONEAR,DONEAR IND. LIMITED,india,2026-07-27
DPABHUSHAN,D. P. ABHUSHAN LIMITED,india,2026-07-27
DPL,DIPNA PHARMACHEM LIMITED,india,2026-07-27
DPSCLTD,,india,2026-05-19
DPWIRES,D.P. WIRES LIMITED,india,2026-07-27
DRA,,india,2026-07-27
DRAGARWQ,DR. AGARWAL'S EYE HOSP L,india,2026-07-27
DRCSYSTEMS,DRC SYSTEMS INDIA LIMITED,india,2026-07-27
DREAMFOLKS,DREAMFOLKS SERVICES LTD,india,2026-07-27
DREDGECORP,DREDGING CORP OF INDIA,india,2026-07-27
DRL,DISHA RESOURCES LIMITED,india,2026-07-27
DRONACHRYA,Droneacharya Aerial Innovation,india,2026-07-27
DRREDDY,DR. REDDY S LABORATORIES,india,2026-07-27
DSFCL,DCM SHRIRAM FINE CHEMICALS LIM,india,2026-07-27
DSINVEST,DALAL STREET INVESTMENTS LTD.,india,2026-07-24
DSM,"BNY MELLON STRATEGIC MUNICIPAL BOND FUND, INC.",india,2025-10-30
DSSL,DYNACONS SYS & SOLN LTD,india,2026-07-27
DTIL,DHUNSERI TEA & IND. LTD.,india,2026-07-27
DUCON,DUCON INFRATECHNOLOGIES L,india,2026-07-27
DUGARHOU,,india,2025-12-15
DUKEOFS,DUKE OFFSHORE LTD.,india,2026-07-27
DUNCANENG,Duncan Engineering Limited,india,2026-07-27
DUROPACK,DUROPACK LTD.,india,2026-07-27
DUROPLY,DUROPLY INDUSTRIES LIMITED,india,2026-07-27
DUTRON,,india,2026-07-23
DVL,DHUNSERI VENTURES LIMITED,india,2026-07-27
DWARKESH,DWARIKESH SUGAR IND LTD,india,2026-07-27
DWL,,india,2025-09-29
DYCL,DYNAMIC CABLES LIMITED,india,2026-07-27
DYNAMATECH,DYNAMATIC TECHNOLOGIES,india,2026-07-27
DYNAMICP,,india,2026-07-22
DYNAMIND,DYNAMIC INDUSTRIES LTD.,india,2026-07-27
DYNAVSN,DYNAVISION LTD.,india,2026-07-27
DYNPRO,DYNEMIC PRODUCTS LIMITED,india,2026-07-27
E2E,E2E NETWORKS LIMITED,india,2026-07-27
EARCNIF26B,,india,2025-12-30
EARCNIF26C,,india,2026-03-25
EARCNIF26D,,india,2026-05-27
EARCNIFE26,,india,2026-06-25
EARKART,,india,2026-07-27
EARTH,,india,2026-07-23
EASEMYTRIP,EASY TRIP PLANNERS LTD,india,2026-07-27
EASTBUILD,EAST BUILDTECH LTD.,india,2026-07-27
EASTINDIA,East India Drums and Barrels M,india,2026-07-27
EASTRED,EASTERN TREADS LTD.,india,2026-07-27
EASTSILK,,india,2026-07-16
EASTWEST,EAST WEST FREIGHT CARRIERS LTD,india,2026-07-27
EASUN,Easun Capital Markets Limited,india,2026-07-27
EBGNG,GNG ELECTRONICS LIMITED,india,2026-07-27
EBIX,EBIX LIMITED,india,2026-07-27
ECLERX,ECLERX SERVICES LTD,india,2026-07-27
ECLNIFT26A,,india,2025-09-01
ECOBOAR,ECOBOARD INDUSTRIES LTD.,india,2026-07-27
ECOHO-RE,,india,2025-09-11
ECOHOTELS,ECO HOTELS AND RESORTS LIMITED,india,2026-07-27
ECOPLAST,ECOPLAST LTD.,india,2026-07-27
ECORECO,ECO RECYCLING LTD.,india,2026-07-27
ECOSMOBLTY,ECOS (India) Mobility & Hospit,india,2026-07-27
ECS,,india,2026-07-20
ECSTSTL,,india,2026-07-21
EDELWEISS,EDELWEISS FIN SERV LTD,india,2026-07-27
EDUCOMP,,india,2026-07-27
EDVENSWA,Edvenswa Enterprises Limited,india,2026-07-27
EEL010824,,india,2026-04-28
EEL130826,,india,2026-07-24
EEL130827,,india,2026-07-23
EEL280324,,india,2026-07-23
EEL280324A,,india,2026-07-27
EEL310125,,india,2026-07-24
EELGSEC26B,,india,2026-01-28
EELZC26,,india,2026-03-17
EELZC27,,india,2026-07-27
EENTER,,india,2026-07-09
EFCIL,EFC (I) LIMITED,india,2026-07-27
EFCIL-RE,,india,2026-05-18
EFCL210525,,india,2026-07-27
EFCL21525,,india,2026-03-18
EFCL24326,,india,2026-07-27
EFCL250225,,india,2026-07-27
EFCL25325,,india,2026-07-27
EFCL280723,,india,2026-07-27
EFCL28723A,,india,2026-07-27
EFCL28723B,,india,2025-08-14
EFCL28723C,,india,2025-08-14
EFCL300725,,india,2026-07-27
EFCL30725,,india,2026-05-19
EFORU,EFORU ENTERTAINMENT LIMITED,india,2026-07-27
EFS121225,,india,2026-07-15
EFS121225A,,india,2026-07-16
EFS241024A,,india,2026-06-24
EFS241024C,,india,2026-07-27
EFS290424,,india,2026-07-20
EFS290424A,,india,2026-06-10
EFSL071025,,india,2026-07-24
EFSL121225,,india,2026-07-23
EFSL160626,,india,2026-07-21
EFSL160626B,,india,2026-06-17
EFSL180326,,india,2026-07-27
EFSL180326B,,india,2026-07-09
EFSL18326A,,india,2026-07-27
EFSL240125,,india,2026-07-27
EFSL240725,,india,2026-07-27
EFSL241024,,india,2026-07-24
EFSL24125,,india,2026-06-03
EFSL24125A,,india,2026-06-02
EFSL24725,,india,2026-07-27
EFSL24725A,,india,2026-07-27
EFSL25,,india,2025-10-01
EFSL25B,,india,2025-07-03
EFSL26,,india,2026-07-27
EFSL260724,,india,2026-06-05
EFSL26724,,india,2026-07-01
EFSL26724A,,india,2026-07-03
EFSL26A,,india,2026-07-16
EFSL26B,,india,2026-04-08
EFSL26C,,india,2026-06-25
EFSL26D,,india,2025-12-26
EFSL27,,india,2026-07-20
EFSL27A,,india,2026-07-10
EFSL28,,india,2026-07-27
EFSL28A,,india,2026-06-29
EFSL29,,india,2026-07-14
EFSL290424,,india,2026-02-23
EFSL300425,,india,2026-07-15
EFSL30425,,india,2026-07-21
EFSL30425A,,india,2026-06-22
EFSL71025,,india,2026-07-08
EFSL71025A,,india,2026-07-22
EFSLGSEC26,,india,2025-10-27
EFSLZC25A,,india,2025-10-01
EFSLZC26,,india,2025-12-22
EFSLZC26A,,india,2026-04-01
EFSLZC26B,,india,2025-12-26
EFSLZC26C,,india,2026-07-27
EFSLZC28,,india,2026-07-24
EFSLZC28C,,india,2026-07-14
EICHERMOT,EICHER MOTORS LTD,india,2026-07-27
EIDPARRY,EID PARRY INDIA LTD,india,2026-07-27
EIEL,ENVIRO INFRA ENGINEERS L,india,2026-07-27
EIFFL,,india,2026-06-22
EIGHTY,,india,2026-07-22
EIHAHOTELS,EIH ASSOCIATED HOTELS LTD,india,2026-07-27
EIHOTEL,EIH LIMITED,india,2026-07-27
EIKO,EIKO LIFESCIENCES LIMITED,india,2026-07-27
EIMCOELECO,EIMCO ELECON (INDIA) LTD,india,2026-07-27
EIPPZC27,,india,2026-05-04
EKAMLEA,EKAM LEASING & FINANCE CO.LTD.,india,2026-07-27
EKANSH,Ekansh Concepts Limited,india,2026-07-27
EKC,EVEREST KANTO CYLINDERLTD,india,2026-07-27
EKENNIS,,india,2026-07-16
EKI,EKI Energy Services Limited,india,2026-07-27
ELAND,E-Land Apparel Limited,india,2026-07-27
ELANGO,ELANGO INDUSTRIES LTD.,india,2026-07-27
ELANTAS,ELANTAS BECK INDIA LTD.,india,2026-07-27
ELCIDIN,ELCID INVESTMENTS LTD.,india,2026-07-27
ELDEHSG,ELDECO HSG & IND LTD.,india,2026-07-27
ELECON,ELECON ENG. CO. LTD,india,2026-07-27
ELECTCAST,ELECTROSTEEL CASTINGS LTD,india,2026-07-27
ELECTHERM,ELECTROTHERM (I) LTD.,india,2026-07-27
ELEFLOR,ELEGANT FLORICULTURE & AGROTEC,india,2026-07-27
ELEMARB,ELEGANT MARBLES & GRANI INDUST,india,2026-07-27
ELFIN,Elfin Agro India Limited,india,2026-07-27
ELFORGE,EL FORGE LTD.,india,2026-07-27
ELGIEQUIP,ELGI EQUIPMENTS LTD,india,2026-07-27
ELGIRUBCO,ELGI RUBBER CO. LTD,india,2026-07-27
ELIN,ELIN ELECTRONICS LIMITED,india,2026-07-27
ELITECON,ELITECON INTERNATIONAL L,india,2026-07-27
ELIXIR,Elixir Capital Limited,india,2026-07-27
ELLEN,ELLENBARRIE INDUS GASES L,india,2026-07-27
ELNET,ELNET TECHNOLOGIES LTD.,india,2026-07-27
ELPROINTL,ELPRO INTERNATIONAL LTD,india,2026-07-27
EMAINDIA,EMA INDIA LTD.,india,2026-07-27
EMAMILTD,EMAMI LIMITED,india,2026-07-27
EMAMIPAP,EMAMI PAPER MILLS LIMITED,india,2026-07-27
EMAMIREAL,EMAMI REALTY LIMITED,india,2026-07-27
EMBASSY,,india,2026-07-27
EMBDL,EMBASSY DEVELOPMENTS LTD,india,2026-07-27
EMCURE,EMCURE PHARMACEUTICALS L,india,2026-07-27
EMERALD,Emerald Finance Limited,india,2026-07-27
EMERALL,Emerald Leisures Limited,india,2026-07-27
EMERGENT,EMERGENT INDUSTRIAL SOLUTIONS,india,2026-07-27
EMIAC,EMIAC TECHNOLOGIES LIMITED,india,2026-07-24
EMIL,ELECTRONICS MART IND LTD,india,2026-07-27
EMKAY,EMKAY GLOBAL FIN SERV LTD,india,2026-07-27
EMMBI,EMMBI INDUSTRIES LTD,india,2026-07-27
EMMESSA,EMMESSAR BIOTECH & NUTRITION L,india,2026-07-27
EMMFORCE,EMMFORCE AUTOTECH LIMITED,india,2026-07-27
EMMVEE,EMMVEE PHOTOVOLTAIC PWR L,india,2026-07-27
EMPIND,EMPIRE INDUSTRIES LTD.,india,2026-07-27
EMPOWER,EMPOWER INDIA LTD.,india,2026-07-27
EMROCK,EMROCK CORPORATION LIMITED,india,2026-07-27
EMSLIMITED,EMS LIMITED,india,2026-07-27
EMUDHRA,EMUDHRA LIMITED,india,2026-07-27
ENBEE-RE2,,india,2026-04-07
ENBETRD,Enbee Trade &amp; Finance Ltd,india,2026-07-27
ENCASH,,india,2026-03-23
ENCODE,ENCODE PACKAGING INDIA LIMITED,india,2026-07-27
ENDURANCE,ENDURANCE TECHNO. LTD.,india,2026-07-27
ENERGYDEV,ENERGY DEVE. CO.LTD,india,2026-07-27
ENERGYINF,,india,2026-07-27
ENGINERSIN,ENGINEERS INDIA LTD,india,2026-07-27
ENIL,ENTERTAIN NET. IND. LTD.,india,2026-07-27
ENKEIWHEL,ENKEI WHEELS (INDIA) LTD.,india,2026-07-27
ENRIN,SIEMENS ENERGY INDIA LTD,india,2026-07-27
ENTERO,ENTERO HEALTHCARE SOLU L,india,2026-07-27
ENTRINT,ENTERPRISE INTERNATIONAL LTD.,india,2026-07-27
ENVAIREL,ENVAIR ELECTRODYNE LTD.,india,2026-07-27
EPACK,EPACK DURABLE LIMITED,india,2026-07-27
EPACKPEB,EPACK PREFAB TECHN LTD,india,2026-07-27
EPBIO,,india,2026-07-27
EPIC,EPIC ENERGY LTD.,india,2026-07-27
EPIGRAL,EPIGRAL LIMITED,india,2026-07-27
EPL,EPL LIMITED,india,2026-07-27
EPSOMPRO,EPSOM PROPERTIES LTD.,india,2026-07-27
EPUJA,EPUJA SPIRITECH LIMITED,india,2026-07-27
EQUILATERA,,india,2026-07-22
EQUIPPP,EQUIPPP SOCIAL IMPACT TECHNOLO,india,2026-07-27
EQUITASBNK,EQUITAS SMALL FIN BNK LTD,india,2026-07-27
ERIS,ERIS LIFESCIENCES LIMITED,india,2026-07-27
EROSMEDIA,,india,2025-06-30
ERPSOFT,,india,2026-07-17
ESABINDIA,ESAB INDIA LTD,india,2026-07-27
ESAFSFB,ESAF SMALL FINANCE BANK L,india,2026-07-27
ESARIND,ESAAR (INDIA) LTD.,india,2026-07-27
ESCORP,Escorp Asset Management Limite,india,2026-07-24
ESCORTS,ESCORTS KUBOTA LIMITED,india,2026-07-27
ESHAMEDIA,ESHA MEDIA RESEARCH LIMITED,india,2026-07-27
ESPIRE,ESPIRE HOSPITALITY LIMITED,india,2026-07-27
ESPL051125,,india,2025-08-05
ESSARSHPNG,ESSAR SHIPPING LTD,india,2026-07-27
ESSEN-RE3,,india,2026-06-05
ESSENTIA,Integra Essentia Limited,india,2026-07-27
ESSEX,ESSEX MARINE LIMITED,india,2026-07-27
ESTER,ESTER INDUSTRIES LTD,india,2026-07-27
ETERNAL,ETERNAL LIMITED,india,2026-07-27
ETHOS-RE,,india,2025-06-30
ETHOSLTD,ETHOS LIMITED,india,2026-07-27
ETIL,Econo Trade (India) Limited,india,2026-07-27
EUPHORIAIT,,india,2026-07-27
EUREKAFORB,EUREKA FORBES LIMITED,india,2026-07-27
EUREKAI,EUREKA INDUSTRIES LTD.,india,2026-07-27
EUROASIA,,india,2025-08-11
EUROBOND,EURO PANEL PRODUCTS LTD,india,2026-07-27
EUROLED,EURO LEDER FASHION LTD.,india,2026-07-27
EUROPRATIK,EURO PRATIK SALES LIMITED,india,2026-07-27
EUROTEXIND,EUROTEX INDUSTRIES & EXPORTS L,india,2026-07-24
EVANS,EVANS ELECTRIC LIMITED,india,2026-07-27
EVEREADY,EVEREADY INDS. IND.  LTD.,india,2026-07-27
EVERESTIND,EVEREST INDUSTRIES LTD.,india,2026-07-27
EVERESTO,EVEREST ORGANICS LTD.,india,2026-07-27
EVERFIN,EVERLON FINANCIALS LIMITED,india,2026-07-27
EVEXIA,EVEXIA LIFECARE LIMITED,india,2026-07-27
EVOQ,Evoq Remedies Limited,india,2026-07-27
EXATO,EXATO TECHNOLOGIES LIMITED,india,2026-07-27
EXCEL,,india,2026-04-01
EXCELINDUS,EXCEL INDUSTRIES LTD,india,2026-07-27
EXCELSOFT,EXCELSOFT TECHNOLOGIES L,india,2026-07-27
EXHICON,Exhicon Events Media Solutions,india,2026-07-27
EXICOM,EXICOM TELE SYSTEMS LTD,india,2026-07-27
EXICOM-RE,,india,2025-07-25
EXIDEIND,EXIDE INDUSTRIES LTD,india,2026-07-27
EXPLEOSOL,EXPLEO SOLUTIONS LIMITED,india,2026-07-27
EXPLICITFIN,,india,2026-07-27
EXPOEAPL,EXPO ENGINEERING AND PROJECTS,india,2026-07-27
EXPOGAS,,india,2025-08-05
EXXARO,EXXARO TILES LIMITED,india,2026-07-27
EY,EYANTRA VENTURES LIMITED,india,2026-07-27
FAALCON,Faalcon Concepts Limited,india,2026-07-27
FABCLEAN,FABTECH TECHNOLOGIES CLEANROOM,india,2026-07-27
FABINO,,india,2026-04-27
FABTECH,FABTECH TECHNOLOGIES LTD,india,2026-07-27
FACORALL,FACOR ALLOYS LTD.,india,2026-07-27
FACT,FACT LTD,india,2026-07-27
FAIRCHEMOR,Fairchem Organics Limited,india,2026-07-27
FAMILYCARE,FAMILY CARE HOSPITALS LIMITED,india,2026-07-27
FAZE3Q,FAZE THREE LIMITED,india,2026-07-27
FCL,FINEOTEX CHEMICAL LIMITED,india,2026-07-27
FCONSUMER,,india,2026-07-27
FCSSOFT,FCS SOFTWARE SOLUTIONS LTD.,india,2026-07-27
FDC,FDC LIMITED,india,2026-07-27
FEDDERSHOL,FEDDERS HOLDING LTD.,india,2026-07-27
FEDERALBNK,FEDERAL BANK LTD,india,2026-07-27
FEDFINA,FEDBANK FINANCIAL SER L,india,2026-07-27
FEL,,india,2026-07-27
FERMENTA,FERMENTA BIOTECH LTD.,india,2026-07-27
FERVENTSYN,FERVENT SYNERGIES LTD.,india,2026-07-27
FFPL,,india,2026-07-27
FFSLGSEC26,,india,2026-03-11
FFSPLZC29,,india,2025-06-26
FGP,FGP LTD.,india,2026-07-27
FIBERWEB,FIBERWEB INDIA LIMITED,india,2026-07-27
FIEMIND,FIEM INDUSTRIES LIMITED,india,2026-07-27
FIL,,india,2026-07-22
FILATEX,FILATEX INDIA LTD,india,2026-07-27
FILATFASH,FILATEX FASHIONS LTD.,india,2026-07-27
FILME,FILMCITY MEDIA LTD.,india,2026-07-27
FILTRA,,india,2026-07-13
FILTRON,FILTRON ENGINEERS LTD.,india,2026-07-27
FINCABLES,FINOLEX CABLES LTD,india,2026-07-27
FINELINE,FINE-LINE CIRCUITS LTD.,india,2026-07-27
FINEORG,FINE ORGANIC IND. LTD.,india,2026-07-27
FINKURVE,FINKURVE FINANCIAL SERV L,india,2026-07-27
FINOPB,FINO PAYMENTS BANK LTD,india,2026-07-27
FINPIPE,FINOLEX INDUSTRIES LTD,india,2026-07-27
FIRSTCRY,BRAINBEES SOLUTIONS LTD,india,2026-07-27
FIRSTFIN,FIRST FINTEC LIMITED,india,2026-07-27
FISCHER,FISCHER MEDICAL VENTURE L,india,2026-07-27
FIVESTAR,FIVE-STAR BUS FIN LTD,india,2026-07-27
FLAIR,FLAIR WRITING INDUST LTD,india,2026-07-27
FLEXFO,FLEX FOODS LTD.,india,2026-07-27
FLEXITUFF,FLEXITUFF VENTURES INTERNATION,india,2026-07-27
FLFL,,india,2026-07-27
FLOMIC,FLOMIC GLOBAL LOGISTICS LIMITE,india,2026-07-27
FLORACORP,Flora Corporation Limited,india,2026-07-27
FLUIDOM,FLUIDOMAT LTD.,india,2026-07-27
FLUOROCHEM,GUJARAT FLUOROCHEM LTD,india,2026-07-27
FMEC,F MEC INTERNATIONAL FINANCIAL,india,2026-07-27
FMGOETZE,FEDERAL-MOGUL GOETZE (IND,india,2026-07-27
FMNL,FUTURE MARKET NETWORKS LTD.,india,2026-07-27
FOCUS,,india,2026-07-23
FONE4,,india,2026-06-19
FOODSIN,FOODS & INNS LIMITED,india,2026-07-27
FORBESCO,FORBES & COMPANY LTD.,india,2026-07-27
FORCEMOT,FORCE MOTORS LIMITED,india,2026-07-27
FORINTL,FORTUNE INTERNATIONAL LTD.,india,2026-07-27
FORTIS,FORTIS HEALTHCARE LTD,india,2026-07-27
FORTISMLR,FORTIS MALAR HOSPITALS LIMITED,india,2026-07-27
FOSECOC,FOSECO CRUCIBLE INDIA LIMITED,india,2026-07-27
FOSECOIND,FOSECO INDIA LTD,india,2026-07-27
FRACTAL,FRACTAL ANALYTICS LIMITED,india,2026-07-27
FRANKI-RE1,,india,2025-07-04
FRANKLIN,,india,2026-01-28
FRANKLININD,Franklin Industries Limited,india,2026-07-27
FRASER,Fraser And Company Limited,india,2026-07-27
FRATELLI,Fratelli Vineyards Limited,india,2026-07-27
FREDUN,Fredun Pharmaceuticals Limited,india,2026-07-27
FRONTCAP,FRONTIER CAPITAL LIMITED,india,2026-07-27
FRONTCORP,FRONTLINE CORPORATION LTD.,india,2026-07-24
FRONTFN,,india,2026-07-14
FRONTSP,FRONTIER SPRINGS LTD.,india,2026-07-27
FRUTION,FRUITION VENTURE LTD,india,2026-07-27
FSC,,india,2025-10-27
FSL,FIRSTSOURCE SOLU. LTD.,india,2026-07-27
FTL,Finelistings Technologies Limi,india,2026-07-27
FUNDVISER,FUNDVISER CAPITAL (INDIA) LIMI,india,2026-07-27
FUSION,FUSION FINANCE LIMITED,india,2026-07-27
FUTSOL,,india,2026-07-27
FUTURSEC,FUTURISTIC SECURITIES LTD.,india,2026-07-24
FYNX,FYNX CAPITAL LIMITED,india,2026-07-27
GABRIEL,GABRIEL INDIA LTD,india,2026-07-27
GAEL,GUJARAT AMBUJA EXPORTS LT,india,2026-07-27
GAGAN,GAGAN GASES LTD.,india,2026-07-27
GAIL,GAIL (INDIA) LTD,india,2026-07-27
"GAIL#",,india,2025-11-13
GAJANANSEC,GAJANAN SECURITIES SERVICES LT,india,2026-07-27
GALACT-RE,,india,2026-02-17
GALACTICO,Galactico Corporate Services L,india,2026-07-27
GALADA,GALADA POWER & TELECOMMUNICATI,india,2026-07-27
GALADAFIN,Galada Finance Limited,india,2026-07-27
GALAGEX,GALAXY AGRICO EXPORTS LTD.,india,2026-07-27
GALAGEX-RE,,india,2026-02-23
GALAPREC,GALA PRECISION ENG LTD,india,2026-07-27
GALAXYSURF,GALAXY SURFACTANTS LTD,india,2026-07-27
GALLANTT,GALLANTT ISPAT LIMITED,india,2026-07-27
GALLARD,,india,2026-07-27
GALLOPENT,GALLOPS ENTERPRISE LTD.,india,2026-07-27
GALXBRG,GALAXY BEARINGS LTD.,india,2026-07-27
GAMCO,GAMCO LIMITED,india,2026-07-27
GANDHAR,GANDHAR OIL REFINE IND L,india,2026-07-27
GANDHITUBE,GANDHI SPL. TUBES LTD,india,2026-07-27
GANECOS,GANESHA ECOSPHERE LIMITED,india,2026-07-27
GANESHBE,GANESH BENZOPLAST LIMITED,india,2026-07-27
GANESHCP,GANESH CONSUMER PRODUCT L,india,2026-07-27
GANESHHOU,GANESH HOUSING LIMITED,india,2026-07-27
GANESHHOUC,,india,2025-09-12
GANGAFORGE,,india,2026-07-08
GANGAPA,GANGA PAPERS INDIA LTD.,india,2026-07-24
GANGAPHARM,,india,2026-02-12
GANGESSECU,GANGES SECURITIES LIMITED,india,2026-07-27
GANGOTRI,,india,2025-09-08
GANHOLD,GANESH HOLDINGS LTD.,india,2026-07-27
GANONPRO,Ganon Products Limited,india,2026-07-27
GANVERSE,GANESHA ECOVERSE LIMITED,india,2026-07-27
GARBIFIN,Garbi Finvest Limited,india,2026-07-27
GARFIBRES,GARWARE TECH FIBRES LTD,india,2026-07-27
GARGFUR,GARG FURNACE LTD.,india,2026-07-27
GARGI,PNGS GARGI FASHION JEWELLERY L,india,2026-07-27
GARMNTMNTR,GARMENT MANTRA LIFESTYLE LIMIT,india,2026-07-27
GARNET,GARNET CONSTRUCTION LTD.,india,2026-07-27
GARNETINT,GARNET INTERNATIONAL LTD.,india,2026-07-27
GARODCH,,india,2025-12-09
GARUDA,GARUDA CONSTRUCT N ENG L,india,2026-07-27
GARWAMAR,GARWARE MARINE INDUSTRIES LTD.,india,2026-07-27
GARWAOFFS,GARWARE OFFSHORE SERVICES LIMI,india,2026-07-27
GARWSYN,GARWARE SYNTHETICS LTD.,india,2026-07-27
GATECH,GACM TECHNOLOGIES LIMITED,india,2026-07-27
GATECHDVR,GACM TECHNOLOGIES LIMITED,india,2026-07-27
GATEWAY,GATEWAY DISTRIPARKS LTD,india,2026-07-27
GAUDIUMIVF,Gaudium IVF and Women Health L,india,2026-07-27
GAYAHWS,GAYATRI HIGHWAYS LIMITED,india,2026-07-27
GAYAPROJ,GAYATRI PROJECTS LTD.,india,2026-07-27
GAYATRI,GAYATRI SUGARS LTD.,india,2026-07-27
GAYATRIBI,GAYATRI BIOORGANICS LTD.,india,2026-07-27
GBFL,Goenka Business & Finance Limi,india,2026-07-27
GBLINFRA,,india,2026-07-27
GBLOGISTIC,GB Logistics Commerce Limited,india,2026-07-27
GCKL,,india,2026-03-10
GCMCAPI,,india,2026-07-15
GCMCOMM,,india,2026-07-17
GCMSECU,GCM SECURITIES LTD,india,2026-07-27
GCONNECT,,india,2026-07-21
GCSL,GRETEX CORPORATE SERVICES,india,2026-07-27
GDLLEAS,GDL LEASING & FINANCE LTD.,india,2026-07-27
GEE,GEE LTD.,india,2026-07-27
GEECEE,GEECEE VENTURES LIMITED,india,2026-07-27
GEEKAYWIRE,GEEKAY WIRES LIMITED,india,2026-07-27
GEETANJ,,india,2026-07-13
GEL,Gautam Exim Limited,india,2026-07-27
GEMAROMA,GEM AROMATICS LIMITED,india,2026-07-27
GEMENVIRO,GEM Enviro Management Limited,india,2026-07-27
GEMSI,GEMSTONE INVESTMENTS LTD.,india,2026-07-27
GEMSPIN,,india,2026-07-21
GENCON,GENERIC ENG CONS PROJ LTD,india,2026-07-27
GENESIS,,india,2026-04-21
GENESYS,GENESYS INTL CORPN LTD,india,2026-07-27
GENNEX,GENNEX LABORATORIES LTD.,india,2026-07-27
GENPHARMA,GENPHARMASEC LIMITED,india,2026-07-27
GENSOL,,india,2026-07-27
GENUSPAPER,GENUS P&B LIMITED,india,2026-07-27
GENUSPOWER,GENUS POWER INFRASTRU LTD,india,2026-07-27
GENUSPRIME,GENUS PRIME INFRA LIMITED,india,2026-07-27
GEOJITFSL,GEOJIT FINANCIAL SER L,india,2026-07-27
GEPIL,,india,2025-08-26
GESHIP,THE GE SHPG.LTD,india,2026-07-27
GETALONG,Getalong Enterprise Limited,india,2026-07-24
GFLLIMITED,GFL LIMITED,india,2026-07-27
GFSTEELS,,india,2026-07-27
GGAUTO,G.G.AUTOMOTIVE GEARS LTD.,india,2026-07-27
GGDPROP,G. G. Dandekar Properties Limi,india,2026-07-27
GGENG,,india,2026-06-11
GGL,Gautam Gems Limited,india,2026-07-27
GGPL,,india,2026-07-27
GHCL,GHCL LIMITED,india,2026-07-27
GHCLTEXTIL,GHCL TEXTILES LIMITED,india,2026-07-27
GHUSHINE,,india,2026-07-10
GHVINFRA,GHV INFRA PROJECTS LIMITED,india,2026-07-27
GIANLIFE,,india,2026-07-27
GICHSGFIN,GIC HOUSING FINANCE LTD,india,2026-07-27
GICL,GLOBE INTL CARRIERS LTD,india,2026-07-27
GICRE,GENERAL INS CORP OF INDIA,india,2026-07-27
GILADAFINS,Gilada Finance & Investments L,india,2026-07-27
GILLANDERS,GILLANDERS ARBUTHNOT LTD,india,2026-07-27
GILLETTE,GILLETTE INDIA LTD,india,2026-07-27
GINISILK,GINI SILK MILLS LTD.,india,2026-07-27
GINNIFILA,GINNI FILAMENTS LTD.,india,2026-07-27
GIPCL,GUJ IND POW CO. LTD,india,2026-07-27
GIPLZC26,,india,2025-12-03
GITARENEW,GITA RENEWABLE ENERGY LIMITED,india,2026-07-27
GKB,GKB OPHTHALMICS LTD.,india,2026-07-24
GKCONS,G.K.CONSULTANTS LTD.,india,2026-07-27
GKENERGY,GK ENERGY LIMITED,india,2026-07-27
GKL,GURU KRUPA GEMS AND JEWELLERY,india,2026-07-27
GKP,G. K. P. Printing & Packaging,india,2026-07-27
GKSL,GUJARAT KIDNEY N SUP SP L,india,2026-07-27
GKWLIMITED,GKW LIMITED,india,2026-07-27
GLAAMUP,,india,2026-07-10
GLANCE,GLANCE FINANCE LTD.,india,2026-07-27
GLAND,GLAND PHARMA LIMITED,india,2026-07-27
GLAXO,GLAXOSMITHKLINE PHARMA LT,india,2026-07-27
GLCL,Globe Commercials Limited,india,2026-07-27
GLEAM,,india,2026-02-11
GLEN,Glen Industries Limited,india,2026-07-27
GLENMARK,GLENMARK PHARMACEUTICALS,india,2026-07-27
GLFL,GUJARAT LEASE FINANCING LTD.,india,2026-07-27
GLHRL,Global Longlife Hospital and R,india,2026-07-27
GLITTEKG,GLITTEK GRANITES LTD.,india,2026-07-27
GLOBAL,GLOBAL EDUCATION LIMITED,india,2026-07-27
GLOBALCA,GLOBAL CAPITAL MARKETS LTD.,india,2026-07-27
GLOBALE,,india,2026-07-27
GLOBALLOG,,india,2026-07-27
GLOBALVECT,GLOBAL VEC HELICORP LTD,india,2026-07-27
GLOBE,GLOBE ENTERPRISE (I) LTD,india,2026-07-27
GLOBECIVIL,GLOBE CIVIL PROJECTS LIMITED,india,2026-07-27
GLOBOFFS,,india,2026-04-15
GLOBTIER,Globtier Infotech limited,india,2026-07-27
GLOBUSCON,GLOBUS CONSTRUCTORS & DEVELOPE,india,2026-07-27
GLOBUSSPR,GLOBUS SPIRITS LTD,india,2026-07-27
GLOSTERLTD,GLOSTER LIMITED,india,2026-07-27
GLOTTIS,Glottis Limited,india,2026-07-27
GLPL,GOLDLINE PHARMACEUTICAL LIMITE,india,2026-07-27
GMBREW,G M BREWERIES LTD,india,2026-07-27
GMDCLTD,GUJARAT MINERAL DEV CORP,india,2026-07-27
GMMPFAUDLR,GMM PFAUDLER LIMITED,india,2026-07-27
GMPL,,india,2026-07-21
GMRAIRPORT,GMR AIRPORTS LIMITED,india,2026-07-27
GMRP&UI,GMR POW AND URBAN INFRA L,india,2026-07-27
GNA,GNA AXLES LIMITED,india,2026-07-27
GNFC,GUJ NAR VAL FER & CHEM L,india,2026-07-27
GNRL,GUJARAT NATURAL RES L,india,2026-07-27
GOACARBON,GOA CARBON LIMITED,india,2026-07-27
GOBLIN,,india,2026-07-27
GOCLCORP,GOCL CORPORATION LIMITED,india,2026-07-27
GOCOLORS,GO FASHION INDIA LTD,india,2026-07-27
GODAVARI,GODAVARI DRUGS LTD.,india,2026-07-27
GODAVARIB,GODAVARI BIOREFINERIES L,india,2026-07-27
GODFRYPHLP,GODFREY PHILLIPS INDIA LT,india,2026-07-27
GODHA,,india,2025-10-16
GODIGIT,GO DIGIT GENERAL INS LTD,india,2026-07-27
GODREJAGRO,GODREJ AGROVET LIMITED,india,2026-07-27
GODREJCP,GODREJ CONSUMER PRODUCTS,india,2026-07-27
GODREJIND,GODREJ INDUSTRIES LTD,india,2026-07-27
GODREJPROP,GODREJ PROPERTIES LTD,india,2026-07-27
GOEL,Goel Food Products Limited,india,2026-07-27
GOELCONS,GOEL CONSTRUCTION COMPANY LIMI,india,2026-07-27
GOENKA,,india,2025-12-15
GOGIACAPGL,GOGIA CAPITAL GROWTH LIMITED,india,2026-07-24
GOKAKTEX,GOKAK TEXTILES LTD.,india,2026-07-27
GOKEX,GOKALDAS EXPORTS LTD.,india,2026-07-27
GOKUL,GOKUL REFOILS & SOLV LTD,india,2026-07-27
GOKULAGRO,GOKUL AGRO RESOURCES LTD,india,2026-07-27
GOLCA,,india,2026-07-27
GOLDCOINHF,GOLD COIN HEALTH FOODS LTD,india,2026-07-27
GOLDENCREST,,india,2026-07-22
GOLDENTOBC,,india,2026-07-27
GOLDIAM,GOLDIAM INTERNATIONAL LTD,india,2026-07-27
GOLDLEG,GOLDEN LEGAND LEASING & FINANC,india,2026-07-27
GOLDTECH,AION TECH SOLUTIONS LIMITED,india,2026-07-27
GOLECHA,GOLECHHA GLOBAL FINANCE LTD.,india,2026-07-27
GOLKONDA,,india,2026-04-28
GOLKUNDIA,GOLKUNDA DIAMONDS & JEWELLERY,india,2026-07-27
GOODLUCK,GOODLUCK INDIA LIMITED,india,2026-07-27
GOODRICKE,GOODRICKE GROUP LTD.,india,2026-07-27
GOODYEAR,GOODYEAR INDIA LIMITED,india,2026-07-27
GOPAIST,,india,2026-05-20
GOPAL,GOPAL SNACKS LIMITED,india,2026-07-27
GORANIN,GORANI INDUSTRIES LTD.,india,2026-07-27
GOTHIPL,,india,2026-07-21
GOURMET,GOURMET GATEWAY INDIA LIMITED,india,2026-07-27
GOWRALE,GOWRA LEASING & FINANCE LTD.,india,2026-07-27
GOYALALUM,GOYAL ALUMINIUMS LIMITED,india,2026-07-27
GOYALASS,GOYAL ASSOCIATES LTD.,india,2026-07-27
GPAPL,GUJARAT PEANUT AND AGRI PRODUC,india,2026-07-27
GPIL,GODAWARI POW & ISP LTD,india,2026-07-27
GPPL,GUJARAT PIPAVAV PORT LTD,india,2026-07-27
GPSL,Gabriel Pet Straps Limited,india,2026-07-27
GPTHEALTH,GPT HEALTHCARE LIMITED,india,2026-07-27
GPTINFRA,GPT INFRAPROJECTS LTD,india,2026-07-27
GRADIENTE,,india,2026-07-08
GRAMEVA,GRAMEVA LIMITED,india,2026-07-27
GRANDMA,GRANDMA TRADING & AGENCIES LTD,india,2026-07-27
GRANDOAK,GRAND OAK CANYONS DIST L,india,2026-07-27
GRANULES,GRANULES INDIA LIMITED,india,2026-07-27
GRAPHITE,GRAPHITE INDIA LTD,india,2026-07-27
GRASIM,GRASIM INDUSTRIES LTD,india,2026-07-27
GRATEXI,GRATEX INDUSTRIES LTD.,india,2026-07-27
GRAUWEIL,GRAUER & WEIL IND LTD,india,2026-07-27
GRAVISSHO,GRAVISS HOSPITALITY LTD.,india,2026-07-27
GRAVITA,GRAVITA INDIA LIMITED,india,2026-07-27
GRAVITY,GRAVITY (INDIA) LTD.,india,2026-07-27
GRAVITY-RE,,india,2026-05-19
GREAVESCOT,GREAVES COTTON LTD.,india,2026-07-27
GREENCREST,GREENCREST FINANCIAL SERVICES,india,2026-07-27
GREENLAM,GREENLAM INDUSTRIES LTD.,india,2026-07-27
GREENPANEL,GREENPANEL INDUSTRIES LTD,india,2026-07-27
GREENPLY,GREENPLY INDUSTRIES LTD,india,2026-07-27
GREENPOWER,ORIENT GREEN POWER CO LTD,india,2026-07-27
GRERENEW,GRE Renew Enertech Limited,india,2026-07-27
GRINDWELL,GRINDWELL NORTON LIMITED,india,2026-07-27
GRINFRA,G R INFRAPROJECTS LIMITED,india,2026-07-27
GRMOVER,GRM OVERSEAS LIMITED,india,2026-07-27
GROARC,GROARC INDUSTRIES INDIA LIMITE,india,2026-07-27
GROBTEA,THE GROB TEA COMPANY LTD,india,2026-07-27
GROVY,Grovy India Limited,india,2026-07-27
GROWINGTON,GROWINGTON VENTURES INDIA LIMI,india,2026-07-27
GROWW,BILLIONBRAINS GARAGE VN L,india,2026-07-27
GRPLTD,GRP LIMITED,india,2026-07-27
GRSE,GARDEN REACH SHIP&ENG LTD,india,2026-07-27
GRWRHITECH,GARWARE HI-TECH FILMS LTD,india,2026-07-27
GSAUTO,G.S.AUTO INTERNATIONAL LTD.,india,2026-07-27
GSAUTO-RE,,india,2026-06-05
GSBFIN,GSB FINANCE LTD.,india,2026-07-27
GSFC,GUJ STATE FERT & CHEM LTD,india,2026-07-27
GSLSEC,,india,2026-07-27
GSLSU,GLOBAL SURFACES LIMITED,india,2026-07-27
GSLTD,GALAXY SUPERMARKET LIMITED,india,2026-07-27
GSPCROP,GSP CROP SCIENCE LIMITED,india,2026-07-27
GSPL,,india,2026-05-11
GSS,GSS INFOTECH LIMITED,india,2026-07-27
GSTL,GlobalSpace Technologies Limit,india,2026-07-27
GTECJAINX,,india,2026-06-08
GTEIT,,india,2026-07-20
GTIL,Gabion Technologies India Limi,india,2026-07-27
GTL,GTL LTD,india,2026-07-27
GTLINFRA,GTL INFRA.LTD,india,2026-07-27
GTNINDS,GTN INDUSTRIES LTD.,india,2026-07-27
GTNTEX,GTN TEXTILES LTD.,india,2026-07-27
GTPL,GTPL HATHWAY LIMITED,india,2026-07-27
GTTDATA,GTT DATA SOLUTIONS LIMITED,india,2026-07-27
GTV,GTV Engineering Limited,india,2026-07-27
GUFICBIO,GUFIC BIOSCIENCES LTD.,india,2026-07-27
GUJALKALI,GUJARAT ALKALIES & CHEM,india,2026-07-27
GUJAPOLLO,GUJ. APOLLO IND. LTD.,india,2026-07-27
GUJARATPOLY,Gujarat Poly Electronics Limit,india,2026-07-27
GUJCONT,,india,2026-07-24
GUJCOT-RE,,india,2026-05-05
GUJCOTEX,GUJARAT COTEX LTD.,india,2026-07-27
GUJCRAFT,GUJARAT CRAFT INDUSTRIES LTD.,india,2026-07-27
GUJCRED,,india,2026-07-22
GUJENERGY,GUJARAT ENERGY LIMITED,india,2026-07-27
GUJGASLTD,,india,2026-06-30
GUJHOTE,GUJARAT HOTELS LTD.,india,2026-07-27
GUJHYSPIN,,india,2026-07-22
GUJINJEC,GUJARAT INJECT (KERALA) LTD.,india,2026-07-27
GUJINTRX,GUJARAT INTRUX LTD.,india,2026-07-27
GUJINV,GUJARAT INVESTA LTD.,india,2026-07-27
GUJJUBHAI,GUJJUBHAI INDUSTRIES LIMITED,india,2026-07-27
GUJPETR,GUJARAT PETROSYNTHESE LTD.,india,2026-07-27
GUJRAFFIA,GUJARAT RAFFIA INDUST LTD,india,2026-07-27
GUJSTATFIN,GUJARAT STATE FINANCIAL CORPOR,india,2026-07-27
GUJTERC,GUJARAT TERCE LABORATORIES LTD,india,2026-07-27
GUJTHEM,GUJARAT THEMIS BIOSYN LTD,india,2026-07-27
GUJTLRM,GUJARAT TOOLROOM LTD.,india,2026-07-27
GUJWIND,Gujarat Winding Systems Limite,india,2026-07-27
GULFLLOYDS,,india,2026-07-27
GULFOILLUB,GULF OIL LUB. IND. LTD.,india,2026-07-27
GULFPETRO,GP PETROLEUMS LTD,india,2026-07-27
GULPOLY,GULSHAN POLYOLS LIMITED,india,2026-07-27
GVBL,GENOMIC VALLEY BIOTECH LIMITED,india,2026-07-27
GVFILM,,india,2026-07-27
GVKPIL,GVK POWER & INFRASTRUCTURE LTD,india,2026-07-27
GVL,,india,2026-07-23
GVPIL,GE POWER INDIA LIMITED,india,2026-07-27
GVPTECH,GVP INFOTECH LIMITED,india,2026-07-27
GVT&D,GE VERNOVA T&D INDIA LTD,india,2026-07-27
GVTD,,india,2026-05-29
GYANDEV,GYAN DEVELOPERS & BUILDERS LTD,india,2026-07-24
GYFTR,GYFTR LIMITED,india,2026-07-27
HAL,HINDUSTAN AERONAUTICS LTD,india,2026-07-27
HALDER,HALDER VENTURE LIMITED,india,2026-07-27
HALDYNGL,HALDYN GLASS LTD,india,2026-07-27
HALEOSLABS,HALEOS LABS LIMITED,india,2026-07-27
HAMPS,HAMPS BIO LIMITED,india,2026-07-24
HAMPTON,HAMPTON SKY REALTY LIMITED,india,2026-07-27
HANMAN,,india,2026-07-20
HANNAH,Hannah Joseph Hospital Limited,india,2026-07-27
HANSUGAR,SHREE HANUMAN SUGAR & INDUSTRI,india,2026-07-27
HAPPSTMNDS,HAPPIEST MINDS TECHNO LTD,india,2026-07-27
HAPPYFORGE,HAPPY FORGINGS LIMITED,india,2026-07-27
HARAFIN,,india,2026-06-29
HARCR,,india,2026-07-27
HARDCAS,HARDCASTLE & WAUD MFG.CO.LTD.,india,2026-07-27
HARDWYN,HARDWYN INDIA LIMITED,india,2026-07-27
HARIAAPL,HARIA APPARELS LTD,india,2026-07-27
HARIAEXPO,,india,2026-07-27
HARIGOV,,india,2026-06-04
HARIKANTA,HARIKANTA OVERSEAS LIMITED,india,2026-07-27
HARIOMPIPE,HARIOM PIPE INDUSTRIES L,india,2026-07-27
HARISH,Harish Textile Engineers Limit,india,2026-07-27
HARLETH,HARYANA LEATHER CHEMICALS LTD.,india,2026-07-27
HARRMALAYA,HARRISON MALAYALAM LTD,india,2026-07-27
HARSHA,HARSHA ENGINEERS INT LTD,india,2026-07-27
HARSHDEEP,HARSHDEEP HORTICO LIMITED,india,2026-07-27
HARSHILAGR,HARSHIL AGROTECH LIMITED,india,2026-07-27
HARYNACAP,HARYANA CAPFIN LTD.,india,2026-07-27
HASTIFIN,,india,2026-07-27
HATHWAY,HATHWAY CABLE & DATACOM,india,2026-07-27
HATHWAYB,HATHWAY BHAWANI CABLETEL & DAT,india,2026-07-27
HATSUN,HATSUN AGRO PRODUCT LTD.,india,2026-07-27
HAVELLS,HAVELLS INDIA LIMITED,india,2026-07-27
HAVISHA,SRI HAVISHA HOSP & INFR L,india,2026-07-27
HAWAENG,Hawa Engineers ltd.,india,2026-07-27
HAWKINCOOK,HAWKINS COOKERS LTD,india,2026-07-27
HAZOOR,HAZOOR MULTI PROJECTS LTD.,india,2026-07-27
HBEL,Humming Bird Education Limited,india,2026-07-24
HBESD,H B ESTATE DEVELOPERS L,india,2026-07-27
HBGHOTELS,HBG HOTELS LIMITED,india,2026-07-27
HBLEAS,HB LEASING & FINANCE CO.LTD.,india,2026-07-27
HBLENGINE,HBL ENGINEERING LTD,india,2026-07-27
HBPOR,HB PORTFOLIO LTD.,india,2026-07-27
HBSL,HB STOCKHOLDINGS LTD.,india,2026-07-27
HCC,HINDUSTAN CONSTRUCTION CO,india,2026-07-27
HCC-RE1,,india,2025-12-17
HCG,HEALTHCARE GLOB. ENT. LTD,india,2026-07-27
HCG-RE,,india,2026-03-20
HCKKVENTURE,HCKK Ventures Limited,india,2026-07-27
HCL-INSYS,HCL INFOSYSTEMS LTD,india,2026-07-27
HCLTD,,india,2026-05-20
HCLTECH,HCL TECHNOLOGIES LTD,india,2026-07-27
HDBFS,HDB FINANCIAL SERVICES L,india,2026-07-27
HDFCAMC,HDFC AMC LIMITED,india,2026-07-27
HDFCBANK,HDFC BANK LTD,india,2026-07-27
HDFCLIFE,HDFC LIFE INS CO LTD,india,2026-07-27
HDIL,,india,2026-07-27
HEADSUP,HEADS UP VENTURES LIMITED,india,2026-07-27
HEALTH-RE,,india,2025-10-27
HEALTHX,HEALTH X PLATFORM LIMITED,india,2026-07-27
HEALTHYLIFE,HEALTHY LIFE AGRITEC LIMITED,india,2026-07-27
HECPROJECT,HEC INFRA PROJECTS LTD,india,2026-07-27
HEERAISP,HEERA ISPAT LTD.,india,2026-07-27
HEG,HEG LTD,india,2026-07-27
HEIDELBERG,HEIDELBERGCEMENT (I) LTD,india,2026-07-27
HELLOJI,,india,2026-07-21
HELPAGE,,india,2026-07-27
HEMACEM,,india,2025-11-21
HEMANG,HEMANG RESOURCES LIMITED,india,2026-07-24
HEMIPROP,HEMISPHERE PROP IND LTD,india,2026-07-27
HEMORGANIC,,india,2026-07-27
HERANBA,HERANBA INDUSTRIES LTD,india,2026-07-27
HERCULES,Hercules Investments Limited,india,2026-07-27
HERITGFOOD,HERITAGE FOODS LTD,india,2026-07-27
HEROMOTOCO,HERO MOTOCORP LIMITED,india,2026-07-27
HESTERBIO,HESTER BIOSCIENCES LTD,india,2026-07-27
HEUBACHIND,,india,2026-01-19
HEXAGON,Hexagon Nutrition Limited,india,2026-07-27
HEXATRADEX,HEXA TRADEX LIMITED,india,2026-07-27
HEXT,HEXAWARE TECHNOLOGIES LTD,india,2026-07-27
HFCL,HFCL LIMITED,india,2026-07-27
HFIL,HIMALAYA FOOD INTERNATIONAL LI,india,2026-07-27
HFL280623,,india,2026-04-13
HGINFRA,H.G.INFRA ENGINEERING LTD,india,2026-07-27
HGM,HANDSON GBL MNGMNT LTD,india,2026-07-27
HGS,HINDUJA GLOBAL SOLS. LTD.,india,2026-07-27
HIGHENE,HIGH ENERGY BATTERIES (INDIA),india,2026-07-27
HIGHNESS,Highness Microelectronics Limi,india,2026-07-27
HIGHSTREE,,india,2025-11-18
HIIL,,india,2026-07-27
HIKAL,HIKAL LIMITED,india,2026-07-27
HIKLASS,,india,2026-07-27
HILIKS,HILIKS TECHNOLOGIES LIMITED,india,2026-07-27
HILINFRA,Highway Infrastructure Limited,india,2026-07-27
HILLTONE,Hilltone Software and Gases Lt,india,2026-07-27
HILTON,HILTON METAL FORGING LTD.,india,2026-07-27
HILTON-RE1,,india,2026-01-07
HILTON-RE2,,india,2026-03-10
HIMATSEIDE,HIMATSINGKA SEIDE LTD,india,2026-07-27
HIMTEK,HIM TEKNOFORGE LIMITED,india,2026-07-27
HINDADH,HINDUSTAN ADHESIVES LTD.,india,2026-07-27
HINDALCO,HINDALCO  INDUSTRIES  LTD,india,2026-07-27
HINDALUMI,HIND ALUMINIUM INDUSTRIES LTD.,india,2026-07-27
HINDAPL,HINDUSTAN APPLIANCES LTD.,india,2026-07-27
HINDBIO,HINDUSTAN BIO SCIENCES LTD.,india,2026-07-27
HINDCOMPOS,HINDUSTAN COMPOSITES LTD.,india,2026-07-27
HINDCON,,india,2026-07-27
HINDCOPPER,HINDUSTAN COPPER LTD,india,2026-07-27
"HINDCOPPER#",,india,2025-08-06
HINDHARD,HINDUSTAN HARDY LIMITED,india,2026-07-27
HINDMILL,HINDOOSTAN MILLS LTD.,india,2026-07-27
HINDMOTORS,HINDUSTAN MOTORS LTD.,india,2026-07-27
HINDNATGLS,,india,2025-09-02
HINDOILEXP,HINDUSTAN OIL EXPLORATION,india,2026-07-27
HINDPETRO,HINDUSTAN PETROLEUM CORP,india,2026-07-27
HINDTIN,HINDUSTAN TIN WORKS LTD.,india,2026-07-27
HINDUNILVR,HINDUSTAN UNILEVER LTD.,india,2026-07-27
HINDUST,HINDUSTAN AGRIGENETICS LTD.,india,2026-07-27
HINDWAREAP,HINDWARE HME INOVATON LTD,india,2026-07-27
HINDZINC,HINDUSTAN ZINC LIMITED,india,2026-07-27
HINFLUR,,india,2026-01-29
HIPOLIN,HIPOLIN LTD.,india,2026-07-27
HIRAUTO,,india,2026-07-27
HIRECT,HIND RECTIFIER LIMITED,india,2026-07-27
HISARMETAL,HISAR METAL IND. LIMITED,india,2026-07-27
HISARSP,,india,2026-07-24
HITECH,HI-TECH PIPES LIMITED,india,2026-07-27
HITECHCORP,Hitech Corporation Limited,india,2026-07-27
HITECHGEAR,The Hi-Tech Gears Ltd,india,2026-07-27
HITKITGLO,HIT KIT GLOBAL SOLUTIONS LTD.,india,2026-07-27
HITTCO,HITTCO TOOLS LTD.,india,2026-07-27
HLEGLAS,HLE GLASCOAT LIMITED,india,2026-07-27
HLVLTD,HLV LIMITED,india,2026-07-27
HMAAGRO,HMA AGRO INDUSTRIES LTD,india,2026-07-27
HMEML,H.M. ELECTRO MECH LIMITED,india,2026-07-27
HMT,,india,2026-07-27
HMVL,HINDUSTAN MEDIA VENT LTD,india,2026-07-27
HNDFDS,HINDUSTAN FOODS LIMITED,india,2026-07-27
HOCL,HINDUSTAN ORGANIC CHEMICALS LT,india,2026-07-27
HOM,HOMRE LIMITED,india,2026-07-27
HOMEFIRST,HOME FIRST FIN CO IND LTD,india,2026-07-27
HONASA,HONASA CONSUMER LIMITED,india,2026-07-27
HONAUT,HONEYWELL AUTOMATION IND,india,2026-07-27
HONDAPOWER,HONDA I POWER PRODUCT LTD,india,2026-07-27
HORIZON,HORIZON RECLAIM (INDIA) LIMITE,india,2026-07-27
HOTLSILV,H.S.INDIA LTD.,india,2026-07-27
HOVS,,india,2025-09-02
HOWARHO,HOWARD HOTELS LTD.,india,2026-07-27
HPAL,HP ADHESIVES LIMITED,india,2026-07-27
HPBL,HCP PLASTENE BULKPACK LIMITED,india,2026-07-27
HPCOTTON,,india,2026-07-27
HPIL,HINDPRAKASH INDUSTRY LTD,india,2026-07-27
HPL,HPL ELECTRIC & POWER LTD,india,2026-07-27
HRMNYCP,,india,2026-07-27
HRS,HRS ALUGLAZE LIMITED,india,2026-07-27
HRYNSHP,HARIYANA SHIP BREAKERS LTD.,india,2026-07-27
HSCL,HIMADRI SPECIALITY CHEM L,india,2026-07-27
HSIL,Hemant Surgical Industries Lim,india,2026-07-27
HTMEDIA,HT MEDIA LIMITED,india,2026-07-27
HUBTOWN,HUBTOWN LIMITED,india,2026-07-27
HUDCO,HSG & URBAN DEV CORPN LTD,india,2026-07-27
HUHTAMAKI,HUHTAMAKI INDIA LIMITED,india,2026-07-27
HUIL,,india,2026-03-25
HYBRIDFIN,HYBRID FINANCIAL SERVICES LIMI,india,2026-07-27
HYPERSOFT,HYPERSOFT TECHNOLOGIES LIMITED,india,2026-07-27
HYUNDAI,HYUNDAI MOTOR INDIA LTD,india,2026-07-27
"HYUNDAI#",,india,2025-09-01
IBINFO,IB INFOTECH ENTERPRISES LTD.,india,2026-07-27
IBULLSLTD,Indiabulls Limited,india,2026-07-27
ICDSLTD,ICDS LTD,india,2026-07-27
ICEMAKE,ICE MAKE REFRIGERAT LTD,india,2026-07-27
ICFL250924,,india,2026-07-15
ICFSL18725,,india,2026-07-13
ICICIAMC,ICICI PRUDENTIAL AMC LTD,india,2026-07-27
ICICIBANK,ICICI BANK LTD.,india,2026-07-27
ICICIGI,ICICI LOMBARD GIC LIMITED,india,2026-07-27
ICICIPRULI,ICICI PRU LIFE INS CO LTD,india,2026-07-27
ICICM58,,india,2026-06-18
ICIL,INDO COUNT INDUSTRIES LTD,india,2026-07-27
ICL,Indo Cotspin Limited,india,2026-07-27
ICL021225,,india,2026-07-22
ICL230226,,india,2026-07-23
ICL280426,,india,2026-07-06
ICLF021225,,india,2026-07-23
ICLF160525,,india,2026-07-27
ICLF16525,,india,2026-03-16
ICLF16525A,,india,2026-07-01
ICLF21224,,india,2026-01-07
ICLF21225,,india,2026-06-16
ICLF230226,,india,2026-07-20
ICLF23226,,india,2026-07-01
ICLF27125,,india,2025-11-25
ICLF27125A,,india,2026-07-10
ICLF27125B,,india,2026-04-13
ICLF28426,,india,2026-07-24
ICLFL16525,,india,2026-05-18
ICLFL21224,,india,2025-12-08
ICLFL21225,,india,2026-06-10
ICLFL23226,,india,2026-07-27
ICLFL27125,,india,2026-02-02
ICLFL28426,,india,2026-07-27
ICLFLZC29,,india,2026-06-16
ICODEX,,india,2026-07-27
ICON,Icon Facilitators Limited,india,2026-07-27
ICONIKSPEV,ICONIK SPORTS AND EVENTS LIMIT,india,2026-07-27
ICRA,ICRA LIMITED,india,2026-07-27
ICSL,Integrated Capital Services Lt,india,2026-07-27
IDBI,IDBI BANK LIMITED,india,2026-07-27
IDEA,VODAFONE IDEA LIMITED,india,2026-07-27
"IDEA#",,india,2025-12-03
IDEAFORGE,IDEAFORGE TECHNOLOGY LIMITED,india,2026-07-27
IDENTIXWEB,,india,2026-07-16
IDFCFIRSTB,IDFC FIRST BANK LIMITED,india,2026-07-27
IDM,,india,2026-07-02
IDREAM,,india,2026-07-27
IECEDU,IEC EDUCATION LTD.,india,2026-07-27
IEL,,india,2025-10-27
IEX,INDIAN ENERGY EXC LTD,india,2026-07-27
IFBAGRO,IFB AGRO INDUSTRIES LTD.,india,2026-07-27
IFBIND,IFB INDUSTRIES LTD,india,2026-07-27
IFCI,IFCI LTD,india,2026-07-27
IFGLEXPOR,IFGL REFRACTORIES LIMITED,india,2026-07-27
IFINSEC,INDIA FINSEC LTD.,india,2026-07-27
IFINSER,INTERACTIVE FINANCIAL SERVICES,india,2026-07-27
IFL,IFL ENTERPRISES LIMITED,india,2026-07-27
IFL-RE1,,india,2025-06-25
IFL1942024,,india,2026-02-25
IFL19424A,,india,2026-04-17
IFL200825,,india,2026-07-24
IFL200825A,,india,2025-10-15
IFL200825B,,india,2026-06-17
IFL200828C,,india,2026-07-27
IFSL060624,,india,2026-06-22
IFSL20526,,india,2026-06-08
IFSL220725,,india,2026-04-29
IFSL81025,,india,2026-06-04
IFSLNIFT26,,india,2026-03-10
IGARASHI,IGARASHI MOTORS INDIA LTD,india,2026-07-27
IGCIL,IGC Industries Limited,india,2026-07-27
IGCL,INDOGULF CROPSCIENCES LTD,india,2026-07-27
IGIL,INTL GEMOLOGICAL INST LTD,india,2026-07-27
IGL,INDRAPRASTHA GAS LTD,india,2026-07-27
IGLFXPL-B,,india,2026-07-10
IGPL,I G PETROCHEMICALS LTD,india,2026-07-27
IHF261224,,india,2026-05-27
IHF261224A,,india,2026-05-14
IHFL261224,,india,2026-07-15
IIFCLBDIS3,,india,2026-02-17
IIFCLBDIS4,,india,2026-03-12
IIFL,IIFL FINANCE LIMITED,india,2026-07-27
IIFL060326,,india,2026-07-16
IIFL06326,,india,2026-07-16
IIFL210425,,india,2026-07-02
IIFL21425,,india,2026-05-14
IIFL21425A,,india,2026-07-02
IIFL60326,,india,2026-07-09
IIFLCAPS,IIFL CAPITAL SERVICES LTD,india,2026-07-27
IIFLHF29,,india,2026-07-27
IIFLHFZC27,,india,2026-07-03
IIFLZC26,,india,2026-07-16
IIFLZC26A,,india,2025-12-22
IIFLZC26B,,india,2026-06-03
IIFLZC28,,india,2026-07-23
IIFLZC28A,,india,2026-07-22
IIFLZC28B,,india,2026-07-17
IIFLZC28C,,india,2026-07-27
IIL,,india,2026-03-12
IIRM,IIRM HOLDINGS INDIA LIMITED,india,2026-07-27
IISL,ISHAAN INFRASTRUCTURE AND SHEL,india,2026-07-27
IITL,INDUSTRIAL INV TRUST LTD,india,2026-07-27
IITLPROJ,IITL PROJECTS LIMITED,india,2026-07-27
IKIO,IKIO TECHNOLOGIES LIMITED,india,2026-07-27
IKOMA,IKOMA TECHNOLOGIES LIMITED,india,2026-07-27
IKS,INVENTURUS KNOWLEDGE SO L,india,2026-07-27
IL&FSENGG,,india,2026-07-27
IL&FSTRANS,,india,2026-07-27
IMAGICAA,IMAGICAAWORLD ENT LTD,india,2026-07-27
IMEC,IMEC SERVICES LIMITED,india,2026-07-27
IMFA,INDIAN METALS & FERRO,india,2026-07-27
IML081124,,india,2025-11-18
IML160224,,india,2026-06-10
IML1622024,,india,2026-07-03
IML27,,india,2026-07-21
IML28,,india,2026-07-14
IML28C,,india,2026-07-03
IML29,,india,2026-07-14
IML301025,,india,2026-07-17
IML301025B,,india,2026-05-04
IML301025C,,india,2026-07-06
IML301025D,,india,2026-07-27
IML8112024,,india,2026-07-06
IML81124,,india,2025-10-10
IMPAL,IND MOTOR PART & ACC LTD,india,2026-07-27
IMPEXFERRO,,india,2026-07-27
INA,INSOLATION ENERGY LIMITED,india,2026-07-27
INANI,INANI MARBLES & INDUSTRIES LTD,india,2026-07-27
INANISEC,INANI SECURITIES LTD.,india,2026-07-24
INCAP,INCAP LTD.,india,2026-07-27
INCON,INCON ENGINEERS LTD.,india,2026-07-27
INCREDIBLE,INCREDIBLE INDUSTRIES LTD,india,2026-07-27
INDAG,INDAG RUBBER LTD.,india,2026-07-27
INDAGIV,,india,2026-07-27
INDBANK,INDBANK MERCH BANK,india,2026-07-27
INDBNK,IND BANK HOUSING LTD.,india,2026-07-27
INDCEMCAP,INDIA CEMENTS CAPITAL LTD.,india,2026-07-27
INDCTST,,india,2026-07-27
INDERGR,INDERGIRI FINANCE LTD.,india,2026-07-27
INDGELA,INDIA GELATINE & CHEMICALS LTD,india,2026-07-27
INDGN,INDEGENE LIMITED,india,2026-07-27
INDHOTEL,THE INDIAN HOTELS CO. LTD,india,2026-07-27
INDIACEM,THE INDIA CEMENTS LIMITED,india,2026-07-27
INDIAGLYCO,INDIA GLYCOLS LTD,india,2026-07-27
INDIAHOME,INDIA HOME LOAN LTD.,india,2026-07-27
INDIAHOMES,India Homes Limited,india,2026-07-27
INDIAMART,INDIAMART INTERMESH LTD,india,2026-07-27
INDIANACRY,INDIAN ACRYLICS LTD.,india,2026-07-27
INDIANB,INDIAN BANK,india,2026-07-27
INDIANCARD,INDIAN CARD CLOTHING CO.,india,2026-07-27
INDIANHUME,INDIAN HUME PIPE CO. LTD.,india,2026-07-27
INDIANVSH,INDIANIVESH LTD.,india,2026-07-27
INDIASHLTR,INDIA SHELTER FIN CORP L,india,2026-07-27
INDICAP,,india,2026-07-27
INDIGO,INTERGLOBE AVIATION LTD,india,2026-07-27
INDIGOPNTS,INDIGO PAINTS LIMITED,india,2026-07-27
INDIGRID,,india,2026-07-27
INDINF-RE1,,india,2025-08-08
INDINFO,INDIAN INFOTECH & SOFTWARE LTD,india,2026-07-27
INDIQUBE,INDIQUBE SPACES LIMITED,india,2026-07-27
INDLEASE,,india,2026-07-27
INDNIPPON,INDIA NIPPON ELECT  LTD,india,2026-07-27
INDO-RE2,,india,2025-12-04
INDOAMIN,INDO AMINES LTD.,india,2026-07-27
INDOBELL,Indobell Insulations Limited,india,2026-07-27
INDOBORAX,INDO BORAX & CHEMICAL LTD,india,2026-07-27
INDOCITY,INDO-CITY INFOTECH LTD.,india,2026-07-27
INDOCO,INDOCO REMEDIES LTD.,india,2026-07-27
INDOCRED,INDO CREDIT CAPITAL LTD.,india,2026-07-24
INDOEURO,INDO EURO INDCHEM LTD.,india,2026-07-27
INDOFARM,INDO FARM EQUIPMENT LTD,india,2026-07-27
INDOKEM,INDOKEM LTD.,india,2026-07-27
INDONG,INDONG TEA COMPANY LIMITED,india,2026-07-27
INDORAMA,INDO RAMA SYNTHETICS LTD,india,2026-07-27
INDOSMC,INDO SMC Limited,india,2026-07-27
INDOSTAR,INDOSTAR CAPITAL FIN LTD,india,2026-07-27
INDOTECH,INDO TECH TRANSFORMERS LTD.,india,2026-07-27
INDOTHAI,INDO THAI SEC LTD,india,2026-07-27
INDOUS,INDO US BIOTECH LTD,india,2026-07-27
INDOWIND,INDOWIND ENERGY LTD.,india,2026-07-27
INDPRUD,INDUSTRIAL & PRU INV CO L,india,2026-07-27
INDRAIND,,india,2025-07-07
INDRAMEDCO,INDRAPRASTHA MEDICAL CORP,india,2026-07-27
INDRANIB,INDRAYANI BIOTECH LTD.,india,2026-07-27
INDRENEW,,india,2026-07-27
INDSILHYD,INDSIL HYDRO POWER AND MANGANE,india,2026-07-27
INDSOYA,,india,2026-05-14
INDSUCR,INDIAN SUCROSE LTD.,india,2026-07-27
INDSWFTLAB,IND SWIFT LABORATORIES LT,india,2026-07-27
INDSWFTLTD,,india,2025-08-13
INDTERRAIN,IND TERRAIN FASHIONS LTD,india,2026-07-27
INDTONER,INDIAN TONERS & DEVELOPERS LTD,india,2026-07-27
INDUSFINL,Indus Finance Limited,india,2026-07-27
INDUSINDBK,INDUSIND BANK LIMITED,india,2026-07-27
INDUSINVIT,,india,2026-07-27
INDUSTOWER,INDUS TOWERS LIMITED,india,2026-07-27
INDXTRA,IEL LIMITED,india,2026-07-27
INFIBE-RE,,india,2025-07-07
INFIBEAM,,india,2026-02-02
INFINITY,Infinity Infoway Limited,india,2026-07-24
INFLAME,Inflame Appliances Limited,india,2026-07-27
INFOBEAN,INFOBEANS TECHNO. LTD.,india,2026-07-27
INFOMEDIA,INFOMEDIA PRESS LIMITED,india,2026-07-27
INFONATIVE,INFONATIVE SOLUTIONS LIMITED,india,2026-07-27
INFORTEC,INFORMED TECHNOLOGIES INDIA LT,india,2026-07-27
INFRONICS,INFRONICS SYSTEMS LTD,india,2026-07-27
INFY,INFOSYS LIMITED,india,2026-07-27
"INFY#",,india,2025-10-24
INGERRAND,INGERSOLL-RAND INDIA LTD,india,2026-07-27
INLANPR,INLAND PRINTERS LTD.,india,2026-07-27
INLCM,INDIAN LINK CHAIN MANUFACTURES,india,2026-07-27
INNOCORP,,india,2026-07-27
INNOKAIZ,,india,2026-07-15
INNOVACAP,INNOVA CAPTAB LIMITED,india,2026-07-27
INNOVANA,INNOVANA THINKLABS LTD,india,2026-07-27
INNOVATIVE,,india,2026-07-08
INNOVATORS,Innovators Facade Systems Limi,india,2026-07-27
INNOVISION,INNOVISION LIMITED,india,2026-07-27
INNOVTEC,INNOVATIVE TECH PACK LTD.,india,2026-07-27
INOVSYN-RE,,india,2026-05-12
INOVSYNTH,,india,2026-07-27
INOXGREEN,INOX GREEN ENERGY SER LTD,india,2026-07-27
INOXINDIA,INOX INDIA LIMITED,india,2026-07-27
INOXWI-RE,,india,2025-08-14
INOXWIND,INOX WIND LIMITED,india,2026-07-27
INRADIA,,india,2026-07-20
INSECTICID,INSECTICIDES (I) LTD,india,2026-07-27
INSPIRISYS,Inspirisys Solutions Limited,india,2026-07-27
INTCAPL,INTEGRA CAPITAL LIMITED,india,2026-07-27
INTECCAP,,india,2026-07-27
INTEGFD,INTEGRATED PROTEINS LTD.,india,2026-07-27
INTEGHIT,INTEGRATED HITECH LTD.,india,2026-07-27
INTEGRAEN,INTEGRA ENGINEERING INDIA LTD.,india,2026-07-27
INTEGSW,,india,2026-07-27
INTELLECT,INTELLECT DESIGN ARENA,india,2026-07-27
INTENTECH,INTENSE TECHNOLOGIES LTD,india,2026-07-27
INTERARCH,INTERARCH BLDNG SOLTN LTD,india,2026-07-27
INTERDIGI,,india,2026-07-27
INTETHR,,india,2026-07-23
INTLCOMBQ,INTERNATIONAL COMBUSTION (INDI,india,2026-07-27
INTLCONV,INTL CONVEYORS LIMITED,india,2026-07-27
INTRGLB,INTER GLOBE FINANCE LTD.,india,2026-07-27
INTSTOIL,INTER STATE OIL CARRIER LTD.,india,2026-07-27
INVENTURE,INVENTURE GRO & SEC LTD,india,2026-07-27
INVIGO,Invigorated Business Consultin,india,2026-07-27
INVPRECQ,INVESTMENT & PREC CAST L,india,2026-07-27
IOB,INDIAN OVERSEAS BANK,india,2026-07-27
IOC,INDIAN OIL CORP LTD,india,2026-07-27
"IOC#",,india,2025-09-24
IOLCP,IOL CHEM AND PHARMA LTD,india,2026-07-27
IONEXCHANG,ION EXCHANGE (INDIA) LTD,india,2026-07-27
IPCALAB,IPCA LABORATORIES LTD,india,2026-07-27
IPL,INDIA PESTICIDES LIMITED,india,2026-07-27
IPOWER,,india,2026-07-27
IPRINGLTD,IP RINGS LTD.,india,2026-07-27
IRB,IRB INFRA DEV LTD.,india,2026-07-27
"IRB#",,india,2025-10-24
IRBINVIT,,india,2026-07-27
IRCON,IRCON INTERNATIONAL LTD,india,2026-07-27
IRCTC,INDIAN RAIL TOUR CORP LTD,india,2026-07-27
IREDA,INDIAN RENEWABLE ENERGY,india,2026-07-27
IRFC,INDIAN RAILWAY FIN CORP L,india,2026-07-27
"IRFC#",,india,2026-02-23
IRIS,IRIS REGTECH SOLUTION LTD,india,2026-07-27
IRISDOREME,IRIS CLOTHINGS LIMITED,india,2026-07-27
IRMENERGY,IRM ENERGY LIMITED,india,2026-07-27
IRONWOOD,IRONWOOD EDUCATION LIMITED,india,2026-07-27
ISCITRUST,,india,2026-02-25
ISERA,iSERA LIFESCIENCES LIMITED,india,2026-07-27
ISFL,ISF LIMITED,india,2026-07-27
ISFT,INTRASOFT TECH. LTD,india,2026-07-27
ISGEC,ISGEC HEAVY ENG LTD,india,2026-07-27
ISHANCH,ISHAN DYES N CHEMICALS L,india,2026-07-27
ISHITADR,ISHITA DRUGS & INDUSTRIES LTD.,india,2026-07-27
ISHWATR,,india,2026-02-03
ISLCONSUL,,india,2026-07-27
ISTLTD,IST LTD.,india,2026-07-27
ISTRNETWK,ISTREET NETWORK LIMITED,india,2026-07-27
ISWL,,india,2025-10-10
ITC,ITC LTD,india,2026-07-27
"ITC#",,india,2025-07-01
ITCHOTELS,ITC HOTELS LIMITED,india,2026-07-27
ITCONS,ITCONS E-Solutions Limited,india,2026-07-27
ITDC,INDIA TOUR. DEV. CO. LTD.,india,2026-07-27
ITDCEM,,india,2025-09-16
ITHL,INTERNATIONAL TRAVEL HOUSE LTD,india,2026-07-27
ITI,ITI LTD,india,2026-07-27
ITL,ITL INDUSTRIES LTD.,india,2026-07-27
IVALUE,IVALUE INFOSOLUTIONS LTD,india,2026-07-27
IVC,IL&FS INVESTMENT MANAGERS,india,2026-07-27
IVP,IVP LTD.,india,2026-07-27
IWP,INDIAN WOOD PRODUCTS CO L,india,2026-07-27
IXIGO,LE TRAVENUES TECHNOLOGY L,india,2026-07-27
IYKOTHITE,,india,2026-07-27
IZMO,IZMO LIMITED,india,2026-07-27
J&KBANK,J & K BANK LTD.,india,2026-07-27
JACKSON,JACKSON INVESTMENTS LTD,india,2026-07-27
JAFINANCE,J.A. Finance Limited,india,2026-07-27
JAGAJITIND,JAGATJIT INDUSTRIES LTD.,india,2026-07-27
JAGANLAM,JAGAN LAMPS LTD.,india,2026-07-27
JAGJANANI,JAGJANANI TEXTILES LTD.,india,2026-07-27
JAGRAN,JAGRAN PRAKASHAN LIMITED,india,2026-07-27
JAGSNPHARM,JAGSONPAL PHARMACEUTICALS,india,2026-07-27
JAGSONFI,,india,2025-11-17
JAGSONSER,JAGSONPAL SERVICES LIMITED,india,2026-07-27
JAIBALAJI,JAI BALAJI INDUSTRIES LTD.,india,2026-07-27
JAICORPLTD,JAI CORP LIMITED,india,2026-07-27
JAIHIND,JAIHIND INDUSTRIES LIMITED,india,2026-07-27
JAIHINDS,,india,2026-04-21
JAIMATAG,JAI MATA GLASS LTD.,india,2026-07-27
JAINCO,JAINCO PROJECTS (INDIA) LTD.,india,2026-07-27
JAINEX,JAINEX AAMCOL LTD.,india,2026-07-27
JAINEX-RE,,india,2025-12-04
JAINMARMO,,india,2026-07-15
JAINREC,JAIN RESOURCE RECYCLING L,india,2026-07-27
JAIPAN,JAIPAN INDUSTRIES LTD.,india,2026-07-27
JAIPURKURT,NANDANI CREATION LIMITED,india,2026-07-27
JAMESWARREN,JAMES WARREN TEA LTD,india,2026-07-27
JAMNAAUTO,JAMNA AUTO IND LTD,india,2026-07-27
JAMSHRI,JAMSHRI REALTY LIMITED,india,2026-07-27
JARO,JARO INS OF TEC MG N RE L,india,2026-07-27
JASCH,JASCH INDUSTRIES LTD.,india,2026-07-27
JASH,JASH ENGINEERING LIMITED,india,2026-07-27
JATTAINDUS,JATTASHANKAR INDUSTIES LTD.,india,2026-07-27
JAUSPOL,JAUSS POLYMERS LTD.,india,2026-07-27
JAYAGROGN,JAYANT AGRO ORGANICS LTD,india,2026-07-27
JAYANT,,india,2026-07-27
JAYATMA,JAYATMA ENTERPRISES LIMITED,india,2026-07-27
JAYBARMARU,JAY BHARAT MARUTI LTD,india,2026-07-27
JAYBHCR,JAYABHARAT CREDIT LTD.,india,2026-07-27
JAYCH,JAYSHREE CHEMICALS LTD.,india,2026-07-27
JAYIND,JAYATMA INDUSTRIES LIMITED,india,2026-07-24
JAYKAILASH,Jay Kailash Namkeen Limited,india,2026-07-27
JAYKAY,JAYKAY ENTERPRISES LTD,india,2026-07-27
JAYNECOIND,JAYASWAL NECO INDUSTR LTD,india,2026-07-27
JAYSREETEA,JAYSHREE TEA & INDUSTRIES,india,2026-07-27
JAYSYNTH,JAYSYNTH ORGOCHEM LIMITED,india,2026-07-27
JAYTEX,,india,2026-07-13
JAYUSH,JAY USHIN LTD.,india,2026-07-27
JBCHEPHARM,,india,2026-07-16
JBMA,JBM AUTO LIMITED,india,2026-07-27
JCHAC,,india,2025-12-23
JDCABLES,JD CABLES LIMITED,india,2026-07-27
JEL,,india,2026-06-22
JENBURPH,JENBURKT PHARMACEUTICALS LTD.,india,2026-07-27
JETFREIGHT,JET FREIGHT LOGISTICS LTD,india,2026-07-27
JETKINGQ,JETKING INFOTRAIN LTD.,india,2026-07-27
JETMALL,,india,2026-07-08
JETSOLAR,,india,2026-07-17
JFCZC28,,india,2026-07-27
JFL,,india,2026-07-27
JGCHEM,J.G.CHEMICALS LIMITED,india,2026-07-27
JGTL,JASCH GAUGING TECHNOLOGIES LIM,india,2026-07-27
JHACC,JHAVERI CREDITS & CAPITAL LTD.,india,2026-07-27
JHS,JHS SVEND. LAB. LTD,india,2026-07-27
JIGAR,,india,2026-07-27
JINDALPHOT,JINDAL PHOTO LIMITED,india,2026-07-27
JINDALPOLY,JINDAL POLY FILMS LIMITED,india,2026-07-27
JINDALSAW,JINDAL SAW LIMITED,india,2026-07-27
JINDALSTEL,JINDAL STEEL LIMITED,india,2026-07-27
JINDCAP,JINDAL CAPITAL LTD.,india,2026-07-27
JINDHOT,JINDAL HOTELS LTD.,india,2026-07-27
JINDRILL,JINDAL DRILLING IND. LTD,india,2026-07-27
JINDWORLD,JINDAL WORLDWIDE LTD,india,2026-07-27
JIOFIN,JIO FIN SERVICES LTD,india,2026-07-27
JISLJALEQS,JAIN IRRIGATION SYSTEMS,india,2026-07-27
JITFINFRA,JITF INFRALOGISTICS LTD,india,2026-07-27
JIVIAL,Jivial Industries Limited,india,2026-07-27
JJFINCOR,J.J.FINANCE CORPORATION LTD.,india,2026-07-27
JKAGRI,JK AGRI GENETICS LTD,india,2026-07-27
JKCEMENT,JK CEMENT LIMITED,india,2026-07-27
JKIL,JKUMAR INFR.LTD.,india,2026-07-27
JKIPL,Jinkushal Industries Limited,india,2026-07-27
JKLAKSHMI,JK LAKSHMI CEMENT LTD,india,2026-07-27
JKPAPER,JK PAPER LIMITED,india,2026-07-27
JKTYRE,JK TYRE & INDUSTRIES LTD,india,2026-07-27
JLHL,JUPITER LIFE LINE HOSP L,india,2026-07-27
JLL,JINDAL LEASEFIN LIMITED,india,2026-07-27
JMA,JULLUNDUR MOT AGENCY LTD,india,2026-07-27
JMDVL,JMD Ventures Limited,india,2026-07-27
JMFINANCIL,JM FINANCIAL LIMITED,india,2026-07-27
JMFPZC26,,india,2026-07-16
JMGCORP,,india,2026-07-27
JMJFIN,JMJ Fintech Limited,india,2026-07-27
JMJFIN-RE,,india,2025-08-11
JNKINDIA,JNK INDIA LIMITED,india,2026-07-27
JOCIL,,india,2026-06-01
JOHNPHARMA,JOHNSON PHARMACARE LIMITED,india,2026-07-27
JOINDRE,JOINDRE CAPITAL SERVICES LTD.,india,2026-07-27
JOINTECAED,,india,2026-07-17
JOJO,JOJO LIMITED,india,2026-07-27
JOLYPLS,,india,2026-07-27
JONJUA,Jonjua Overseas Limited,india,2026-07-27
JOSTS,JOSTS ENGINEERING CO.LTD.,india,2026-07-27
JOSTS-RE,,india,2025-09-03
JPASSOCIAT,,india,2026-03-17
JPOLYINVST,JIND POL INV & FIN CO LTD,india,2026-07-27
JPPOWER,JAIPRAKASH POWER VEN. LTD,india,2026-07-27
JPTRLES,,india,2025-12-17
JPTSEC,,india,2026-07-13
JSFB,JANA SMALL FIN BANK LTD,india,2026-07-27
JSHL,,india,2026-07-27
JSL,JINDAL STAINLESS LIMITED,india,2026-07-27
JSLINDL,JSL INDUSTRIES LTD.,india,2026-07-27
JSLL,JEENA SIKHO LIFECARE LTD,india,2026-07-27
JSTL,Jeevan Scientific Technology L,india,2026-07-27
JSWCEMENT,JSW CEMENT LIMITED,india,2026-07-27
JSWDULUX,JSW DULUX LIMITED,india,2026-07-27
JSWENERGY,JSW ENERGY LIMITED,india,2026-07-27
JSWHL,JSW HOLDINGS LIMITED,india,2026-07-27
JSWINFRA,JSW INFRASTRUCTURE LTD,india,2026-07-27
JSWSTEEL,JSW STEEL LIMITED,india,2026-07-27
JTEKT-RE,,india,2025-08-07
JTEKTINDIA,JTEKT INDIA LIMITED,india,2026-07-27
JTLDEFENCE,,india,2026-07-27
JTLIND,JTL INDUSTRIES LIMITED,india,2026-07-27
JUBLCPL,JUBILANT AGRI N CON PRO L,india,2026-07-27
JUBLFOOD,JUBILANT FOODWORKS LTD,india,2026-07-27
JUBLINGREA,JUBILANT INGREVIA LIMITED,india,2026-07-27
JUBLPHARMA,JUBILANT PHARMOVA LTD,india,2026-07-27
JULIEN,JULIEN AGRO INFRATECH LIMITED,india,2026-07-27
JUMBO,JUMBO BAG LTD.,india,2026-07-27
JUNE,,india,2026-07-27
JUNGLECAMP,JUNGLE CAMPS INDIA LIMITED,india,2026-07-27
JUNIPER,JUNIPER HOTELS LIMITED,india,2026-07-27
JUPITERIN,JUPITER INFOMEDIA LTD.,india,2026-07-27
JUSTDIAL,JUSTDIAL LTD.,india,2026-07-27
JUSTO,Justo Realfintech Limited,india,2026-07-27
JWL,JUPITER WAGONS LIMITED,india,2026-07-27
JYOTHI,,india,2025-07-31
JYOTHYLAB,JYOTHY LABS LIMITED,india,2026-07-27
JYOTI,JYOTI LTD.,india,2026-07-27
JYOTICNC,JYOTI CNC AUTOMATION LTD,india,2026-07-27
JYOTIRES,JYOTI RESINS & ADHESIVES LTD.,india,2026-07-27
JYOTISTRUC,JYOTI STRUCTURES LTD,india,2026-07-27
KAARYAFSL,,india,2026-07-23
KABRADG,KABRA DRUGS LTD.,india,2026-07-27
KABRAEXTRU,KABRA EXTRUSION TECHNIK L,india,2026-07-27
KABSON,KABSONS INDUSTRIES LTD.,india,2026-07-27
KACHCHH,KACHCHH MINERALS LTD.,india,2026-07-24
KACL,KAISER CORPORATION LIMITED,india,2026-07-27
KAF080824,,india,2025-11-13
KAF161225A,,india,2026-07-20
KAFL080824,,india,2025-07-15
KAFL161225,,india,2026-07-14
KAFL280725,,india,2026-07-27
KAFL28725,,india,2026-07-24
KAFL29,,india,2026-03-05
KAFLZC26A,,india,2026-07-22
KAFLZC30,,india,2026-07-27
KAHAN,Kahan Packaging Limited,india,2026-07-27
KAIRA,KAIRA CAN CO.LTD.,india,2026-07-27
KAIZENAGRO,KAIZEN AGRO INFRABUILD LIMITED,india,2026-07-27
KAJARIACER,KAJARIA CERAMICS LTD,india,2026-07-27
KAJARIR,KIC METALIKS LTD.,india,2026-07-27
KAKA,Kaka Industries Limited,india,2026-07-27
KAKATCEM,KAKATIYA CEMENT SUGAR & INDUST,india,2026-07-27
KAKTEX,,india,2026-07-27
KALAMANDIR,SAI SILKS (KALAMANDIR) L,india,2026-07-27
KALIND,Kalind Limited,india,2026-07-27
KALLAM,KALLAM TEXTILES LTD,india,2026-07-27
KALPACOMME,Kalpa Commercial Limited,india,2026-07-27
KALPATARU,KALPATARU LIMITED,india,2026-07-27
KALYANCAP,Kalyan Capitals Limited,india,2026-07-27
KALYANI,Kalyani Cast-Tech Limited,india,2026-07-27
KALYANIFRG,KALYANI FORGE LIMITED,india,2026-07-27
KALYANKJIL,KALYAN JEWELLERS IND LTD,india,2026-07-27
KAMADGIRI,KAMADGIRI FASHION LTD.,india,2026-07-27
KAMAHOLD,KAMA HOLDINGS LTD.,india,2026-07-27
KAMANWALA,KAMANWALA HOUSING CONSTRUCTION,india,2026-07-27
KAMATHOTEL,KAMAT HOTELS (I) LTD,india,2026-07-27
KAMATS,VIKRAM KAMATS HOSPITALITY LIMI,india,2026-07-27
KAMDHENU,Kamdhenu Limited,india,2026-07-27
KAMOPAINTS,KAMDHENU VENTURES LIMITED,india,2026-07-27
KANANIIND,KANANI INDUSTRIES LTD,india,2026-07-27
KANCHI,Kanchi Karpooram Ltd.,india,2026-07-27
KANCOTEA,KANCO TEA & INDUSTRIES LIMITED,india,2026-07-27
KANDAGIRI,,india,2026-07-20
KANELIND,,india,2026-07-27
KANISHK,KANISHK ALUMINIUM INDIA LIMITE,india,2026-07-27
KANORICHEM,KANORIA CHEMICALS & INDUSTRIES,india,2026-07-27
KANPRPLA,KANPUR PLASTIPACK LIMITED,india,2026-07-27
KANSAINER,KANSAI NEROLAC PAINTS LTD,india,2026-07-27
KANSHST,KANISHK STEEL INDUSTRIES LTD.,india,2026-07-27
KANUNGO,KANUNGO FINANCIERS LIMITED,india,2026-07-27
KAPILCO,,india,2026-01-23
KAPILRAJ,Kapil Raj Finance Ltd.,india,2026-07-27
KAPSTON,KAPSTON SERVICES LIMITED,india,2026-07-27
KARANWO,KARAN WOO-SIN LTD.,india,2026-07-27
KARBON,,india,2026-07-27
KARMAENG,KARMA ENERGY LIMITED,india,2026-07-27
KARNAVATI,Karnavati Finance Limited,india,2026-07-27
KARNAWATI,Karnawati Innovation Limited,india,2026-07-27
KARTKIN,KARTIK INVESTMENTS TRUST LTD.,india,2026-07-27
KARURVYSYA,KARUR VYSYA BANK LTD,india,2026-07-27
KASHYAP,,india,2026-05-11
KASTURI,KASTURI METAL COMPOSITE LIMITE,india,2026-07-24
KATIPA-RE,,india,2025-07-22
KATIPATANG,KATI PATANG LIFESTYLE LIMITED,india,2026-07-27
KATRSPG,,india,2026-07-23
KAUSHALYA,KAUSHALYA INFRASTRUCTURE DEVEL,india,2026-07-27
KAVDEFENCE,KAVVERI DFS & WIR TEC LTD,india,2026-07-27
KAYA,KAYA LIMITED,india,2026-07-27
KAYCEEI,KAYCEE INDUSTRIES LTD.,india,2026-07-27
KAYNES,KAYNES TECHNOLOGY IND LTD,india,2026-07-27
KAYPOWR,KAY POWER AND PAPER LTD.,india,2026-07-27
KBCGLOBAL,,india,2025-06-25
KBSINDIA,KBS INDIA LIMITED,india,2026-07-27
KCDGROUP,KCD INDUSTRIES INDIA LIMITED,india,2026-07-27
KCLINFRA,KCL Infra Projects Limited,india,2026-07-27
KCP,KCP LTD,india,2026-07-27
KCPSUGIND,KCP SUGAR IND CORP LTD.,india,2026-07-27
KCSL,,india,2025-12-09
KDDL,KDDL LIMITED,india,2026-07-27
KDML,,india,2026-04-28
KEC,KEC INTL. LIMITED,india,2026-07-27
KECL,KIRLOSKAR ELECTRIC COMPANY LTD,india,2026-07-27
KEEPLEARN,DSJ KEEP LEARNING LTD,india,2026-07-27
KEERTHI,KEERTHI INDUSTRIES LTD.,india,2026-07-27
KEI,KEI INDUSTRIES LTD.,india,2026-07-27
KEIL,KANORIA ENERGY & INFRASTRUCTUR,india,2026-07-27
KEL,,india,2026-07-27
KELENRG,KELTECH ENERGIES LTD.,india,2026-07-27
KELLTONTEC,KELLTON TECH SOL LTD,india,2026-07-27
KEMISTAR,KEMISTAR CORPORATION LIMITED,india,2026-07-27
KEMP,,india,2026-07-23
KENFIN,KEN FINANCIAL SERVICES LTD.,india,2026-07-27
KENNAMET,KENNAMETAL INDIA LIMITED,india,2026-07-27
KENRIK,,india,2026-07-27
KENVI,Kenvi Jewels Limited,india,2026-07-27
KERALAYUR,KERALA AYURVEDA LTD.,india,2026-07-27
KERNEX,KERNEX MICROSYS(I) LTD,india,2026-07-27
KESAR,KESAR INDIA LIMITED,india,2026-07-27
KESARENT,KESAR ENTERPRISES LTD.,india,2026-07-27
KESARPE,KESAR PETROPRODUCTS LTD.,india,2026-07-27
KESORAMIND,KESORAM INDUSTRIES LTD.,india,2026-07-27
KETOMOTORS,,india,2026-07-27
KEYCORP,KEY CORP LTD.,india,2026-07-27
KEYFINSERV,KEYNOTE FIN SERV LTD.,india,2026-07-27
KFBL,KOTHARI FERMENTATION & BIOCHEM,india,2026-07-27
KFINTECH,KFIN TECHNOLOGIES LIMITED,india,2026-07-27
KFL070824,,india,2025-12-30
KFL070824A,,india,2025-08-20
KFL070824B,,india,2025-09-22
KFL070824C,,india,2026-06-12
KFL070824D,,india,2026-01-13
KFL101125,,india,2026-07-24
KFL101125A,,india,2026-07-09
KFL101125B,,india,2026-07-03
KFL101125C,,india,2026-05-22
KFL101125D,,india,2026-07-27
KFL121224,,india,2026-05-08
KFL121224D,,india,2026-07-17
KFL121224E,,india,2026-07-27
KFL121224F,,india,2026-07-23
KFL150425,,india,2026-07-10
KFL150425A,,india,2026-07-02
KFL150425B,,india,2026-07-24
KFL150425C,,india,2026-07-13
KFL20226,,india,2026-07-27
KFL20226A,,india,2026-06-29
KFL20226B,,india,2026-07-06
KFL20226C,,india,2026-07-27
KFL240725,,india,2026-07-14
KFL240725A,,india,2026-03-18
KFL240725C,,india,2026-06-16
KFL240725D,,india,2026-06-02
KFL240725E,,india,2026-01-09
KFL25,,india,2025-10-27
KFL25A,,india,2025-07-22
KFL26,,india,2026-03-27
KFL26A,,india,2026-07-10
KFL26B,,india,2025-12-02
KFL26C,,india,2025-10-30
KFL27,,india,2025-09-29
KFL27526,,india,2026-06-30
KFL27526A,,india,2026-06-25
KFL27526B,,india,2026-07-13
KFL27A,,india,2026-06-25
KFL27B,,india,2026-05-22
KFL27C,,india,2026-06-19
KFL28D,,india,2026-07-20
KFL29,,india,2026-07-27
KFL30,,india,2026-05-22
KFL30A,,india,2025-10-03
KFLZC25A,,india,2025-07-25
KFLZC25C,,india,2025-11-06
KFLZC26,,india,2026-01-01
KFLZC26A,,india,2026-02-19
KFLZC26B,,india,2026-07-15
KFLZC26D,,india,2026-04-23
KFLZC26F,,india,2025-09-17
KFLZC27A,,india,2026-06-22
KFLZC28,,india,2025-11-12
KFLZC28A,,india,2026-05-26
KFLZC28B,,india,2026-07-13
KFLZC28C,,india,2026-06-08
KFLZC29,,india,2026-05-19
KFLZC31,,india,2026-05-15
KGDENIM,KG DENIM LTD.,india,2026-07-27
KGES,,india,2026-07-27
KGPETRO,,india,2026-07-23
KGVL,,india,2026-07-16
KHADIM,Khadim India Limited,india,2026-07-27
KHAICHEM,KHAITAN CHEMICALS & FERTILIZER,india,2026-07-27
KHAITANLTD,KHAITAN (INDIA) LTD.,india,2026-07-24
KHANDSE,KHANDWALA SECURITIES LTD,india,2026-07-27
KHAZANCHI,Khazanchi Jewellers Limited,india,2026-07-27
KHOOBSURAT,KHOOBSURAT LTD,india,2026-07-27
KHYATI,KHYATI MULTIMEDIA-ENTERTAINMEN,india,2026-07-27
KIAASA,KIAASA RETAIL LIMITED,india,2026-07-27
KICL,KALYANI INVEST CO LTD,india,2026-07-27
KIDUJA,KIDUJA INDIA LTD.,india,2026-07-27
KIFS,KIFS FINANCIAL SERVICES LTD.,india,2026-07-24
KILITC-RE,,india,2025-08-18
KILITCH,KILITCH DRUGS (INDIA) LTD.,india,2026-07-27
KIMIABL,KIMIA BIOSCIENCES LIMITED,india,2026-07-27
KIMS,KRISHNA INST OF MED SCI L,india,2026-07-27
KINETICENG,KINETIC ENGINEERING LTD.,india,2026-07-27
KINETRU,KINETIC TRUST LTD.,india,2026-07-27
KINGFA,KINGFA SCI & TEC IND LTD.,india,2026-07-27
KINGSINFR,KINGS INFRA VENTURES LIMITED,india,2026-07-27
KIOCL,KIOCL LIMITED,india,2026-07-27
KIRANPR,,india,2026-06-15
KIRANSY-B,KIRAN SYNTEX LTD.,india,2026-07-27
KIRANVYPAR,KIRAN VYAPAR LTD.,india,2026-07-27
KIRIINDUS,KIRI INDUSTRIES LIMITED,india,2026-07-27
KIRLFER,KIRLOSKAR FERROUS IND LTD,india,2026-07-27
KIRLOSBROS,KIRLOSKAR BROTHERS LTD,india,2026-07-27
KIRLOSENG,KIRLOSKAR OIL ENG LTD,india,2026-07-27
KIRLOSIND,KIRLOSKAR INDUSTRIES LTD,india,2026-07-27
KIRLPNU,KIRLOSKAR PNEUMATIC COM L,india,2026-07-27
KISAAN,KISAAN PARIVAR INDUSTRIES LIMI,india,2026-07-27
KISAN,KISAN MOULDINGS LTD.,india,2026-07-27
KISSHT,ONEMI TECHNOLOGY SOL LTD,india,2026-07-27
KITEX,KITEX GARMENTS LTD,india,2026-07-27
KIZI,Kizi Apparels Limited,india,2026-07-27
KJMCCORP,KJMC CORPORATE ADVISORS (INDIA,india,2026-07-27
KJMCFIN,KJMC FINANCIAL SERVICES LTD.,india,2026-07-27
KKALPANAIND,KKALPANA INDUSTRIES (INDIA) LT,india,2026-07-27
KKCL,KEWAL KIRAN CLOTHING LTD,india,2026-07-27
KKPLASTICK,Kkalpana Plastick Limited,india,2026-07-27
KKSHL,,india,2026-07-21
KKSILK,K K SILK MILLS LIMITED,india,2026-07-24
KLBRENG-B,KILBURN ENGINEERING LTD.,india,2026-07-27
KLGCAP,,india,2026-07-20
KLIFESTYL,,india,2026-07-27
KLMA041224,,india,2026-03-04
KLMAF41224,,india,2026-01-12
KLRFM,KOVILPATTI LAKSHMI ROLLER FLOU,india,2026-07-27
KMCSHIL,KMC SPECIALITY HOSPITALS (INDI,india,2026-07-27
KMEW,KNOWLEDGE MARINE & EN W L,india,2026-07-27
KMFBLDR,KMF BUILDERS & DEVELOPERS LTD.,india,2026-07-27
KMGMILK,,india,2026-05-29
KMSMEDI,,india,2026-05-13
KMSUGAR,K M SUGAR MILLS LTD,india,2026-07-27
KNACK,KNACK PACKAGING LIMITED,india,2026-07-27
KNAGRI,KN AGRI RESOURCES LIMITED,india,2026-07-27
KNRCON,KNR CONSTRU LTD.,india,2026-07-27
KOBO,,india,2026-07-27
KOHINOOR,KOHINOOR FOODS LIMITED,india,2026-07-27
KOIYAIN,,india,2026-07-27
KOKUYOCMLN,KOKUYO CAMLIN LIMITED,india,2026-07-27
KOLTEPATIL,KOLTE PATIL DEV. LTD.,india,2026-07-27
KONARKSY,,india,2026-07-20
KONNDOR,KONNDOR INDUSTRIES LIMITED,india,2026-07-27
KOPRAN,KOPRAN LTD.,india,2026-07-27
KORE,"KORE Group Holdings, Inc.",india,2025-10-23
KOTAKBANK,KOTAK MAHINDRA BANK LTD,india,2026-07-27
KOTARISUG,KOTHARI SUG & CHEM LTD.,india,2026-07-27
KOTHARIPET,KOTHARI PETROCHEM LTD,india,2026-07-27
KOTHARIPRO,KOTHARI PRODUCTS LTD,india,2026-07-27
KOTIC,KOTHARI INDUSTRIAL CORP L,india,2026-07-27
KOTYARK,Kotyark Industries Limited,india,2026-07-27
KOURA,KOURA FINE DIAMOND JEWELRY LIM,india,2026-07-24
KOVAI,KOVAI MEDICAL CENTER & HO,india,2026-07-27
KPEL,K.P. ENERGY LIMITED,india,2026-07-27
KPGEL,KP GREEN ENGINEERING LIMITED,india,2026-07-27
KPIGREEN,KPI GREEN ENERGY LIMITED,india,2026-07-27
KPIL,KALPATARU PROJECT INT LTD,india,2026-07-27
KPITTECH,KPIT TECHNOLOGIES LIMITED,india,2026-07-27
KPL,KWALITY PHARMACEUTICALS L,india,2026-07-27
KPRMILL,KPR MILL LTD.,india,2026-07-27
KPT,KPT INDUSTRIES LIMITED,india,2026-07-27
KRANTI,Kranti Industries Limited,india,2026-07-27
KRATIKAL,KRATIKAL TECH LIMITED,india,2026-07-27
KRBL,KRBL LIMITED,india,2026-07-27
KREBSBIO,KREBS BIOCHEMICALS & IND,india,2026-07-27
KREONFIN,KREON FINNANCIAL SERVICES LTD.,india,2026-07-27
KRETTOSYS,KRETTO SYSCON LIMITED,india,2026-07-27
KRIDHANINF,KRIDHAN INFRA LIMITED,india,2026-07-27
KRIFILIND,KRISHNA FILAMENT INDUSTRIES LI,india,2026-07-27
KRISHANA,KRISHANA PHOSCHEM LIMITED,india,2026-07-27
KRISHFL-RE,,india,2025-12-31
KRISHIVAL,KRISHIVAL FOODS LIMITED,india,2026-07-27
KRISHNA,KRISHNA VENTURES LIMITED,india,2026-07-24
KRISHNACAP,,india,2026-07-27
KRISHNADEF,KRISHNA DEF AND ALD IND L,india,2026-07-27
KRITI,KRITI INDUSTRIES (INDIA) LTD.,india,2026-07-27
KRITIKA,KRITIKA WIRES LIMITED,india,2026-07-27
KRITINUT,KRITI NUTRIENTS LTD,india,2026-07-27
KRN,KRN HEAT EXCHANGER AND REFRIGE,india,2026-07-27
KRONOX,KRONOX LAB SCIENCES LTD,india,2026-07-27
KROSS,KROSS LIMITED,india,2026-07-27
KRRAIL,K&R RAIL ENGINEERING LIMITED,india,2026-07-27
KRSNAA,KRSNAA DIAGNOSTICS LTD,india,2026-07-27
KRT,Karat Packaging Inc.,india,2026-07-27
KRUPALU,Krupalu Metals Limited,india,2026-07-27
KRYPTONQ,KRYPTON INDUSTRIES LTD.,india,2026-07-27
KRYSTAL,KRYSTAL INTEGRATED SER L,india,2026-07-27
KSB,KSB LIMITED,india,2026-07-27
KSCL,KAVERI SEED CO. LTD.,india,2026-07-27
KSE,KSE LTD.,india,2026-07-27
KSHINTL,KSH INTERNATIONAL LIMITED,india,2026-07-27
KSHITIJ,,india,2026-05-05
KSHITIJPOL,,india,2026-02-23
KSL,KALYANI STEELS LIMITED,india,2026-07-27
KSL121224A,,india,2026-02-09
KSOLVES,KSOLVES INDIA LIMITED,india,2026-07-27
KSR,KSR FOOTWEAR LIMITED,india,2026-07-27
KSSMART,KS Smart Technologies Limited,india,2026-07-27
KTIL,KESAR TERMINALS & INFRASTRUCTU,india,2026-07-27
KTKBANK,KARNATAKA BANK LIMITED,india,2026-07-27
KUANTUM,KUANTUM PAPERS LIMITED,india,2026-07-27
KUBERJI,Kuber Udyog Limited,india,2026-07-27
KUMPFIN,KUMBHAT FINANCIAL SERVICES LTD,india,2026-07-27
KUNSTOFF,KUNSTSTOFFE INDUSTRIES LTD.,india,2026-07-27
KUSHIND,Kush Industries Limited,india,2026-07-27
KUSUMGAR,KUSUMGAR LIMITED,india,2026-07-27
KUWERIN,KUWER INDUSTRIES LTD.,india,2026-07-27
KVFORGE,KRISHANVEER FORGE LIMITED,india,2026-07-27
KVSCASTING,,india,2026-07-23
KVTOYS,K. V. TOYS INDIA LIMITED,india,2026-07-27
KWIL,KWALITY WALL'S (INDIA) L,india,2026-07-27
KZLFIN,,india,2026-07-22
LABELKRAFT,LABELKRAFT TECHNOLOGIES LIMITE,india,2026-07-27
LACTOSE,LACTOSE (INDIA) LTD.,india,2026-07-27
LADDERUP,,india,2026-07-22
LADDU,LADDU GOPAL ONLINE SERVICES LI,india,2026-07-27
LADIAMO,,india,2026-03-09
LAFFANSQ,LAFFANS PETROCHEMICALS LTD.,india,2026-07-27
LAGNAM,LAGNAM SPINTEX LIMITED,india,2026-07-27
LAHL,Ladam Affortable Housing Limit,india,2026-07-27
LAHOTIOV,LAHOTI OVERSEAS LTD.,india,2026-07-27
LAKESHORE,LAKE SHORE REALTY LIMITED,india,2026-07-27
LAKHOTIA,LAKHOTIA POLYESTERS (INDIA) LT,india,2026-07-27
LAKPRE,,india,2026-07-27
LAKSELEC,LAKSHMI ELECTRICAL CONTROL SYS,india,2026-07-27
LAKSHMIEW,LAKSHMI ENGINEERING AND WAREHO,india,2026-07-24
LAKSHMIMIL,LAKSHMI MILLS COMPANY LTD.,india,2026-07-27
LAL,LORENZINI APPARELS LTD,india,2026-07-27
LALPATHLAB,DR. LAL PATH LABS LTD.,india,2026-07-27
LAMBODHARA,LAMBODHARA TEXTILES LTD.,india,2026-07-27
LANCER,Lancer Container Lines Limited,india,2026-07-27
LANCORHOL,LANCOR HOLDINGS LIMITED,india,2026-07-27
LANDMARC,LANDMARC LEISURE CORPORATION L,india,2026-07-27
LANDMARK,LANDMARK CARS LIMITED,india,2026-07-27
LANDSMILL,LANDSMILL GREEN LIMITED,india,2026-07-27
LAOPALA,LA OPALA RG LIMITED,india,2026-07-27
LASA,LASA SUPERGENERICS LTD,india,2026-07-27
LASERPOWER,LASER POWER & INFRA LTD,india,2026-07-27
LASTMILE,LAST MILE ENTERPRISES LIMITED,india,2026-07-27
LATENTVIEW,LATENT VIEW ANALYTICS LTD,india,2026-07-27
LATIMMETAL,La Tim Metal & Industries Limi,india,2026-07-27
LATTEYS,,india,2026-05-14
LAURUSLABS,LAURUS LABS LIMITED,india,2026-07-27
LAXMICOT,LAXMI COTSPIN LIMITED,india,2026-07-27
LAXMIDENTL,LAXMI DENTAL LIMITED,india,2026-07-27
LAXMIINDIA,LAXMI INDIA FINANCE LIMITED,india,2026-07-27
LAXMIPATI,,india,2026-07-21
LCCINFOTEC,LCC INFOTECH LTD,india,2026-07-27
LEADFIN,,india,2026-07-27
LEENEE,LEE & NEE SOFTWARES (EXPORTS),india,2026-07-27
LEHAR,LEHAR FOOTWEARS LIMITED,india,2026-07-27
LELAVOIR,LE LAVOIR LIMITED,india,2026-07-27
LEMERITE,LE MERITE EXPORTS LIMITED,india,2026-07-27
LEMONTREE,LEMON TREE HOTELS LTD,india,2026-07-27
LENKAMLD26,,india,2026-01-06
LENSKART,LENSKART SOLUTIONS LTD,india,2026-07-27
LERTHAI,LERTHAI FINANCE LIMITED,india,2026-07-27
LESHAIND,LESHA INDUSTRIES LTD.,india,2026-07-27
LESL,LEAPFROG ENGINEERING SERVICES,india,2026-07-27
LEX,,india,2026-06-09
LEXGLOBAL,LEXORA GLOBAL LIMITED,india,2026-07-27
LEXORAA,LEXORAA INDUSTRIES LIMITED,india,2026-07-27
LEXUS,LEXUS GRANITO (INDIA) LTD,india,2026-07-27
LFIC,LAKSHMI FIN IND CORP LTD,india,2026-07-27
LGBBROSLTD,LG BALAKRISHNAN & BROS,india,2026-07-27
LGBFORGE,LGB FORGE LTD.,india,2026-07-27
LGEINDIA,LG ELECTRONICS INDIA LTD,india,2026-07-27
LGHL,LAXMI GOLDORNA HOUSE LTD,india,2026-07-27
LGLL,LANDMARK GLOBAL LEARNING LIMIT,india,2026-07-27
LGT,LGT GLOBAL HOSPITALITY LIMITED,india,2026-07-27
LIBAS,LIBAS CONSU PRODUCTS LTD,india,2026-07-27
LIBERTSHOE,LIBERTY SHOES LTD,india,2026-07-27
LIBORD,,india,2026-07-21
LIBORDFIN,,india,2026-07-27
LICHSGFIN,LIC HOUSING FINANCE LTD,india,2026-07-27
LICI,LIFE INSURA CORP OF INDIA,india,2026-07-27
LICL,,india,2025-07-09
LIKHAMI,,india,2026-07-16
LIKHITHA,LIKHITHA INFRASTRUC LTD,india,2026-07-27
LIMECHM,,india,2026-07-27
LINC,LINC LIMITED,india,2026-07-27
LINCOLN,LINCOLN PHARMA LTD,india,2026-07-27
LINDEINDIA,LINDE INDIA LIMITED,india,2026-07-27
LINKPH,LINK PHARMA CHEM LTD.,india,2026-07-27
LIOTECH,LIOTECH INDUSTRIES LIMITED,india,2026-07-27
LIPPISYS,LIPPI SYSTEMS LTD.,india,2026-07-27
LKMEHTA,,india,2026-07-17
LKPFIN,,india,2026-04-27
LKPFIN-RE,,india,2025-09-22
LKPSEC,LKP Securities Limited,india,2026-07-27
LLFICL,LEADING LEASING FINANCE AND IN,india,2026-07-27
LLOYDSE-RE,,india,2025-09-02
LLOYDSENGG,LLOYDS ENGG WORK LIMITED,india,2026-07-27
LLOYDSENT,LLOYDS ENTERPRISES LTD,india,2026-07-27
LLOYDSME,LLOYDS METALS N ENERGY L,india,2026-07-27
LMW,LMW LIMITED,india,2026-07-27
LODHA,LODHA DEVELOPERS LIMITED,india,2026-07-27
LOGICA,LOGICA INFOWAY LIMITED,india,2026-07-27
LOGICIEL,Logiciel Solutions Limited,india,2026-07-27
LOKESHMACH,LOKESH MACHINES LTD.,india,2026-07-27
LONGSPUR,Longspur International Venture,india,2026-07-27
LONTE,,india,2025-12-29
LOOKS,LOOKS HEALTH SERVICES LIMITED,india,2026-07-27
LORDSCHLO,LORDS CHLORO ALKALI LTD,india,2026-07-27
LORDSHOTL,LORDS ISHWAR HOTELS LIMITED,india,2026-07-27
LORDSMARK,,india,2026-07-27
LOTUSCHO,LOTUS CHOCOLATE CO.LTD.,india,2026-07-27
LOTUSDEV,SRI LOTUS DEVLPRS N RTY L,india,2026-07-27
LOTUSEYE,LOTUS EYE HOSP & INST L,india,2026-07-27
LOVABLE,LOVABLE LINGERIE LTD,india,2026-07-27
LOYAL,Loyal Equipments Limited,india,2026-07-27
LOYALTEX,LOYAL TEXTILE MILLS LTD,india,2026-07-27
LPDC,LANDMARK PR.DEV.CO.LTD,india,2026-07-27
LSIND,,india,2025-12-08
LT,LARSEN & TOUBRO LTD.,india,2026-07-27
LTELEVATOR,L. T. ELEVATOR LIMITED,india,2026-07-27
LTF,L&T FINANCE LIMITED,india,2026-07-27
LTFOODS,LT FOODS LIMITED,india,2026-07-27
LTIM,,india,2026-02-26
LTM,LTM LIMITED,india,2026-07-27
LTTS,L&T TECHNOLOGY SER. LTD.,india,2026-07-27
LUCENT,,india,2025-11-10
LUDLOWJUT,LUDLOW JUTE & SPECIALITIES LTD,india,2026-07-27
LUMAXIND,LUMAX INDUSTRIES LTD,india,2026-07-27
LUMAXTECH,LUMAX AUTO TECH LTD,india,2026-07-27
LUPIN,LUPIN LIMITED,india,2026-07-27
LUXIND,LUX INDUSTRIES LIMITED,india,2026-07-27
LUXURY,Luxury Time Limited,india,2026-07-27
LWSKNIT,LWS KNITWEAR LTD.,india,2026-07-27
LXCHEM,LAXMI ORGANIC INDUS LTD,india,2026-07-27
LYKALABS,LYKA LABS LTD.,india,2026-07-27
LYKISLTD,LYKIS LIMITED,india,2026-07-27
LYNMC,,india,2026-06-29
LYONSCO,LYONS CORPORATE MARKET LTD.,india,2026-07-27
LYPSAGEMS,,india,2026-07-13
M&M,MAHINDRA & MAHINDRA LTD,india,2026-07-27
M&MFIN,M&M FIN. SERVICES LTD,india,2026-07-27
MAANALU,MAAN ALUMINIUM LIMITED,india,2026-07-27
MACH,Mac Hotels Limited,india,2026-07-27
MACHLTD,MACH TRAVEL SOLUTIONS LIMITED,india,2026-07-27
MACIND,Machhar Industries Limited,india,2026-07-27
MACPLASQ,MACHINO PLASTICS LTD.,india,2026-07-27
MACPOWER,MACPOWER CNC MACHINES LTD,india,2026-07-27
MADALA,MADALA HOLDINGS LIMITED,india,2026-07-27
MADHAV,MADHAV MARBLE & GRANITE,india,2026-07-27
MADHAVIPL,MADHAV INFRA PROJECTS L,india,2026-07-27
MADHUCON,MADHUCON PROJECTS LTD.,india,2026-07-27
MADHUDIN,MADHUSUDAN INDUSTRIES LTD.,india,2026-07-27
MADHURIND,,india,2026-07-27
MADHUSE,,india,2026-07-08
MADHUVEER,,india,2026-04-08
MADRASFERT,MADRAS FERTILISERS LTD,india,2026-07-27
MAFATIND,MAFATLAL INDUSTRIES LTD.,india,2026-07-27
MAFIA,,india,2026-07-17
MAGADSUGAR,MAGADH SUGAR & ENERGY LTD,india,2026-07-27
MAGENTA,,india,2026-07-21
MAGNAELQ,MAGNA ELECTRO CASTINGS LTD.,india,2026-07-27
MAGNUM,MAGNUM VENTURES LTD.,india,2026-07-27
MAGNUS,MAGNUS STEEL AND INFRA LIMITED,india,2026-07-27
MAGNUS-RE,,india,2025-11-10
MAHABANK,BANK OF MAHARASHTRA,india,2026-07-27
MAHACORP,MAHARASHTRA CORPORATION LTD.,india,2026-07-27
MAHALIFE,MAHAMAYA LIFESCIENCES LIMITED,india,2026-07-27
MAHALXSE,,india,2026-07-27
MAHANIN,,india,2026-07-27
MAHAPE-RE,,india,2026-04-24
MAHAPEXLTD,MAHA RASHTRA APEX COPR. L,india,2026-07-27
MAHASTEEL,MAHAMAYA STEEL INDS LTD,india,2026-07-27
MAHAVEER,,india,2026-07-27
MAHEPC,MAHINDRA EPC IRRIG LTD,india,2026-07-27
MAHESH,Mahesh Developers Limited,india,2026-07-27
MAHESHWARI,,india,2026-06-05
MAHIP,Mahip Industries Limited,india,2026-07-27
MAHLIFE,MAHINDRA LIFESPACE DEVLTD,india,2026-07-27
MAHLOG,MAHINDRA LOGISTIC LIMITED,india,2026-07-27
MAHLOG-RE,,india,2025-08-11
MAHSCOOTER,MAHARASHTRA SCOOTERS LTD,india,2026-07-27
MAHSEAMLES,MAHARASHTRA SEAMLESS LTD,india,2026-07-27
MAIDEN,Maiden Forgings Limited,india,2026-07-27
MAINFRA,MARUTI INFRASTRUCTURE LTD.,india,2026-07-27
MAITHANALL,MAITHAN ALLOYS LTD,india,2026-07-27
MAITRI,Maitri Enterprises Limited,india,2026-07-27
MAJESAUT,MAJESTIC AUTO LTD.,india,2026-07-27
MAKERSL,MAKERS LABORATORIES LTD.,india,2026-07-27
MAL,,india,2026-07-27
MALLCOM,MALLCOM (INDIA) LIMITED,india,2026-07-27
MALPANI,,india,2026-07-20
MALUPAPER,MALU PAPER MILLS LIMITED,india,2026-07-27
MAMATA,MAMATA MACHINERY LIMITED,india,2026-07-27
MANAKALUCO,MANAK ALUMINIUM CO. LTD.,india,2026-07-27
MANAKCOAT,MAN COAT METAL & IND LTD,india,2026-07-27
MANAKSIA,MANAKSIA LTD.,india,2026-07-27
MANAKSTEEL,Manaksia Steels Limited,india,2026-07-27
MANALIPETC,MANALI PETROCHEMICALS LT,india,2026-07-27
MANAPPURAM,MANAPPURAM FINANCE LTD,india,2026-07-27
MANBA,MANBA FINANCE LIMITED,india,2026-07-27
MANBRO,Manbro Industries Limited,india,2026-07-27
MANCREDIT,MANGAL CREDIT N FINCORP L,india,2026-07-27
MANGALAM,MANGALAM DRUG & CHEM LTD,india,2026-07-27
MANGALCOMP,,india,2026-07-13
MANGCHEFER,,india,2025-10-30
MANGIN-RE,,india,2025-11-10
MANGIND,MANGALAM INDUSTRIAL FINANCE LT,india,2026-07-27
MANGLAM,,india,2026-07-07
MANGLMCEM,MANGALAM CEMENT LTD,india,2026-07-27
MANINDS,MAN INDUSTRIES (I) LTD.,india,2026-07-27
MANINFRA,MAN INFRA LTD,india,2026-07-27
MANIVENI,,india,2026-07-27
MANKIND,MANKIND PHARMA LIMITED,india,2026-07-27
MANOJJEWEL,,india,2026-07-27
MANOMAY,MANOMAY TEX INDIA LTD,india,2026-07-27
MANORAMA,MANORAMA INDUSTRIES LTD,india,2026-07-27
MANORG,MANGALAM ORGANICS LIMITED,india,2026-07-27
MANRAJH,,india,2026-07-13
MANSIFIN,,india,2026-07-27
MANTRA,Mantra Capital Limited,india,2026-07-27
MANUGRAPH,MANUGRAPH INDIA LTD.,india,2026-07-27
MANYAVAR,VEDANT FASHIONS LIMITED,india,2026-07-27
MAPMYINDIA,C.E. INFO SYSTEMS LIMITED,india,2026-07-27
MAPROIN,MAPRO INDUSTRIES LTD.,india,2026-07-27
MARALOVER,,india,2026-07-27
MARATHON,MARATHON NXTGEN REALT LTD,india,2026-07-27
MARBLE,MARBLE CITY INDIA LIMITED,india,2026-07-27
MARBU,MARTIN BURN LTD.,india,2026-07-27
MARCLOIRE,,india,2026-07-27
MARGOFIN,MARGO FINANCE LIMITED,india,2026-07-27
MARICO,MARICO LIMITED,india,2026-07-27
MARINE,MARINE ELECTRICAL (I) LTD,india,2026-07-27
MARIS,MARIS SPINNERS LTD.,india,2026-07-27
MARKOB-RE1,,india,2025-07-02
MARKOBENZ,,india,2025-08-29
MARKOLINES,MARKOLINES PAVEMENT TEC L,india,2026-07-27
MARKSANS,MARKSANS PHARMA LIMITED,india,2026-07-27
MARSONS,MARSONS LIMITED,india,2026-07-27
MARUTI,MARUTI SUZUKI INDIA LTD.,india,2026-07-27
MARUTISE,,india,2026-02-23
MASCH,,india,2025-11-17
MASFIN,MAS FINANCIAL SERV LTD,india,2026-07-27
MASKINVEST,,india,2026-04-29
MASTEK,MASTEK LTD,india,2026-07-27
MASTERTR,MASTER TRUST LIMITED,india,2026-07-27
MATHEWE,,india,2026-07-27
MATRIMONY,MATRIMONY.COM LIMITED,india,2026-07-27
MAWANASUG,MAWANA SUGARS LTD.,india,2026-07-27
MAXESTATES,MAX ESTATES LIMITED,india,2026-07-27
MAXGROW,MAXGROW INDIA LIMITED,india,2026-07-27
MAXHEALTH,MAX HEALTHCARE INS LTD,india,2026-07-27
MAXHEIGHTS,Max heights Infrastucture Ltd,india,2026-07-27
MAXIMUS,Maximus International Limited,india,2026-07-27
MAXIND,MAX INDIA LIMITED,india,2026-07-27
MAYUR,MAYUR LEATHER PRODUCTS LTD.,india,2026-07-27
MAYURFL,MAYUR FLOORINGS LTD.,india,2026-07-27
MAYURUNIQ,MAYUR UNIQUOTERS LTD,india,2026-07-27
MAZDA,MAZDA LTD.,india,2026-07-27
MAZDOCK,MAZAGON DOCK SHIPBUIL LTD,india,2026-07-27
MBAPL,MADHYA BHARAT AGRO P. LTD,india,2026-07-27
MBEL,M AND B ENGINEERING LTD,india,2026-07-27
MBLINFRA,MBL Infrastructure Ltd,india,2026-07-27
MBLNCRPS,,india,2026-01-08
MCCHRLS-B,MAC CHARLES (INDIA) LTD.,india,2026-07-27
MCEL,,india,2026-06-02
MCFL,Mayank Cattle Food Limited,india,2026-07-27
MCIB15626,,india,2026-07-15
MCIBP15626,,india,2026-07-24
MCL,M TEK COPPER LIMITED,india,2026-07-27
MCLEODRUSS,MCLEOD RUSSEL INDIA LTD.,india,2026-07-27
MCLOUD,MAGELLANIC CLOUD LIMITED,india,2026-07-27
MCLTD,,india,2026-07-22
MCPL,Manoj Ceramic Limited,india,2026-07-24
MCX,MULTI COMMODITY EXCHANGE,india,2026-07-27
MDRC,MODERN DIAGNOSTIC & RESEARCH C,india,2026-07-24
MDRNSTL,MODERN STEELS LTD.,india,2026-07-27
MEAPL,MODERN ENGINEERING AND PROJECT,india,2026-07-27
MEDANTA,GLOBAL HEALTH LIMITED,india,2026-07-27
MEDIAONE,,india,2026-07-27
MEDIASSIST,MEDI ASSIST HEALTH SER L,india,2026-07-27
MEDICAMEQ,MEDICAMEN BIOTECH LIMITED,india,2026-07-27
MEDICAPQ,MEDI-CAPS LTD.,india,2026-07-27
MEDICO,MEDICO REMEDIES LIMITED,india,2026-07-27
MEDINOV,,india,2025-11-24
MEDPLUS,MEDPLUS HEALTH SERV LTD,india,2026-07-27
MEERA,Meera Industries Limited,india,2026-07-27
MEESHO,MEESHO LIMITED,india,2026-07-27
MEFCOMCAP,MEFCOM CAPITAL MARKETS LTD.,india,2026-07-27
MEGACOR,MEGA CORPORATION LTD.,india,2026-07-27
MEGAMONT,MEGAMONT LIMITED,india,2026-07-27
MEGASOFT,,india,2026-02-06
MEGASTAR,MEGASTAR FOODS LIMITED,india,2026-07-27
MEGFI,,india,2026-03-09
MEGRISOFT,Megri Soft Limited,india,2026-07-27
MEHAI,Mehai Technology  Limited,india,2026-07-27
MEHAI-RE,,india,2025-10-14
MEHIF,,india,2026-07-23
MEHSECU,,india,2026-07-22
MEHUL,,india,2026-07-27
MEIL,MANGAL ELECTRICAL INDUSTRIES L,india,2026-07-27
MENAMANI,MENA MANI INDUSTRIES LIMITED,india,2026-07-27
MENNPIS,MENON PISTONS LTD.,india,2026-07-27
MENONBE,MENON BEARINGS LTD.,india,2026-07-27
MEP,,india,2026-07-27
MERCANTILE,MERCANTILE VENTURES LTD.,india,2026-07-27
MERCTRD,MERCURY TRADE LINKS LTD.,india,2026-07-27
MERCURYEV,MERCURY EV-TECH LIMITED,india,2026-07-27
MERCURYLAB,Mercury Laboratories Limited,india,2026-07-27
MESON,,india,2025-07-18
META,STRING METAVERSE LIMITED,india,2026-07-27
METAINFO,META INFOTECH LIMITED,india,2026-07-27
METALCO,METAL COATINGS (INDIA) LTD.,india,2026-07-27
METHODHUB,Methodhub Software Limited,india,2026-07-27
METROBRAND,METRO BRANDS LIMITED,india,2026-07-27
METROGLOBL,METROGLOBAL LTD.,india,2026-07-27
METROPOLIS,METROPOLIS HEALTHCARE LTD,india,2026-07-27
METSL,MAESTROS ELECTRONICS & TELECOM,india,2026-07-27
MFCL160924,,india,2026-07-24
MFCL16725,,india,2026-07-23
MFCL16725A,,india,2026-07-14
MFCL16725B,,india,2026-01-06
MFCL16725C,,india,2026-07-22
MFCL16924,,india,2026-06-25
MFCL16924A,,india,2026-04-15
MFCL16924B,,india,2026-06-25
MFCL16924C,,india,2026-07-14
MFCL301024,,india,2026-07-15
MFCL30424,,india,2026-06-05
MFCL30424A,,india,2026-06-25
MFCL30424B,,india,2026-07-16
MFCL30424C,,india,2026-05-11
MFCL30424D,,india,2026-06-29
MFL070726,,india,2026-07-27
MFL100125,,india,2026-07-27
MFL10125,,india,2026-04-24
MFL10125A,,india,2026-05-06
MFL10125B,,india,2026-07-10
MFL10125C,,india,2026-07-21
MFL120226,,india,2026-07-27
MFL120226A,,india,2026-07-14
MFL120226B,,india,2026-06-08
MFL120226C,,india,2026-07-27
MFL120526,,india,2026-07-27
MFL12526,,india,2026-07-21
MFL12526A,,india,2026-07-21
MFL12526B,,india,2026-07-23
MFL190525,,india,2026-07-13
MFL190525A,,india,2026-05-04
MFL190525B,,india,2026-06-22
MFL190525C,,india,2026-06-22
MFL23,,india,2026-03-24
MFL23A,,india,2026-06-25
MFL24225A,,india,2026-07-10
MFL24225B,,india,2026-06-29
MFL24225C,,india,2026-03-27
MFL24225D,,india,2026-07-07
MFL25,,india,2025-11-11
MFL250326,,india,2026-07-23
MFL250326A,,india,2026-07-27
MFL250326B,,india,2026-07-27
MFL250326C,,india,2026-07-24
MFL25A,,india,2025-07-10
MFL25B,,india,2025-08-25
MFL25C,,india,2025-09-26
MFL25E,,india,2025-09-19
MFL26,,india,2026-05-18
MFL26A,,india,2026-07-10
MFL26B,,india,2026-06-05
MFL26C,,india,2026-03-06
MFL26D,,india,2026-07-24
MFL26E,,india,2026-07-27
MFL26F,,india,2026-07-24
MFL26Z,,india,2026-07-17
MFL27,,india,2026-06-24
MFL28,,india,2026-07-07
MFL28A,,india,2026-07-01
MFL28B,,india,2026-07-01
MFL28D,,india,2026-07-20
MFL29,,india,2026-07-13
MFL29A,,india,2026-06-08
MFL30,,india,2026-04-09
MFL301024A,,india,2026-06-23
MFL301024B,,india,2026-06-24
MFL301024C,,india,2026-07-15
MFL301024D,,india,2025-11-12
MFL30A,,india,2026-06-29
MFL31,,india,2026-06-19
MFL31A,,india,2026-06-25
MFL70726,,india,2026-07-27
MFL70726A,,india,2026-07-24
MFL70726B,,india,2026-07-27
MFLII26,,india,2025-12-16
MFLII26B,,india,2026-03-30
MFLII27,,india,2026-07-24
MFLII27B,,india,2026-07-24
MFLINDIA,MFL INDIA LTD.,india,2026-07-27
MFLIV24225,,india,2026-07-27
MFLIV25,,india,2025-10-08
MFLIV26,,india,2025-12-24
MFLIV27,,india,2026-06-17
MFLIV27D,,india,2026-06-30
MFLOPTII24,,india,2025-10-17
MFLTDI25,,india,2025-10-14
MFLTDII27,,india,2026-07-24
MFLTDVI25,,india,2025-10-10
MFLTDVII27,,india,2026-06-16
MFLV26E,,india,2026-04-01
MFLV27,,india,2026-07-24
MFLV29,,india,2026-07-16
MFLV29E,,india,2026-02-09
MFLVI26,,india,2025-12-23
MFLVI31F,,india,2026-07-21
MFLVI32F,,india,2026-07-23
MFLVII27,,india,2026-06-17
MFLVIII26H,,india,2026-04-01
MFLVIII27H,,india,2026-07-21
MFLZC25,,india,2025-12-05
MFLZC25D,,india,2025-09-25
MFLZC26,,india,2026-04-13
MFLZC26A,,india,2026-07-27
MFLZC26B,,india,2025-12-05
MFLZC26C,,india,2026-02-06
MFLZC26D,,india,2026-03-25
MFLZC26E,,india,2026-01-07
MFLZC27,,india,2026-07-10
MFLZC27A,,india,2026-07-16
MFLZC27B,,india,2026-05-29
MFLZC27C,,india,2026-06-24
MFLZC27D,,india,2026-07-08
MFLZC27E,,india,2026-07-10
MFLZC27F,,india,2026-07-27
MFLZC28E,,india,2026-07-02
MFLZC28F,,india,2026-03-30
MFLZC29A,,india,2026-06-29
MFLZC30,,india,2026-07-24
MFLZC32,,india,2026-07-22
MFML,MAHALAXMI FABRIC MILLS LT,india,2026-07-27
MFOPTIV24,,india,2025-10-17
MFOPTVI24,,india,2025-10-16
MFSINTRCRP,MFS INTERCORP LTD.,india,2026-07-27
MFSL,MAX FINANCIAL SERV LTD,india,2026-07-27
MGEL,MANGALAM GLOBAL ENTERPRISE LIM,india,2026-07-27
MGIL,MARUTI GLOBAL INDUSTRIES LIMIT,india,2026-07-27
MGL,MAHANAGAR GAS LTD.,india,2026-07-27
MHEL,,india,2026-07-22
MHFLZC26,,india,2026-07-27
MHLXMIRU,MAHALAXMI RUBTECH LIMITED,india,2026-07-27
MHLZC26,,india,2026-07-08
MHRIL,MAHINDRA HOLIDAYS LTD,india,2026-07-27
MHSGRMS,,india,2026-07-23
MICEL,MIC ELECTRONICS LTD.,india,2026-07-27
MIDEASTP,MID EAST PORTFOLIO MANAGEMENT,india,2026-07-27
MIDHANI,MISHRA DHATU NIGAM LTD,india,2026-07-27
MIDINDIA,MID INDIA INDUSTRIES LTD.,india,2026-07-27
MIDWEST,,india,2026-07-09
MIDWESTLTD,MIDWEST LIMITED,india,2026-07-27
MIHIKA,Mihika Industries Ltd.,india,2026-07-27
MIIL,Meghna Infracon Infrastructure,india,2026-07-27
MIL,Medico Intercontinental Limite,india,2026-07-27
MILEFUR,,india,2026-07-23
MILESTONE,,india,2026-07-27
MILLENNIUM,Millennium Online Solutions (I,india,2026-07-27
MILLWORKS,MILLWORKS TECHNOLOGIES LIMITED,india,2026-07-27
MINALIND,MINAL INDUSTRIES LIMITED,india,2026-07-27
MINAXI,MINAXI TEXTILES LTD.,india,2026-07-27
MINDACORP,MINDA CORPORATION LTD,india,2026-07-27
MINDSPACE,,india,2026-07-27
MINDTECK,MINDTECK (INDIA) LIMITED,india,2026-07-27
MINFY,,india,2025-06-27
MINID,MINI DIAMONDS (INDIA) LTD.,india,2026-07-27
MINOLTAF,MINOLTA FINANCE LTD.,india,2026-07-27
MIRC-RE,,india,2025-07-16
MIRCELECTR,,india,2026-06-18
MIRZAINT,MIRZA INTERNATIONAL LIMIT,india,2026-07-27
MISHDESIGN,,india,2026-07-16
MISHKA,Mishka Exim Limited,india,2026-07-27
MISHTANN,Mishtann Foods Limited,india,2026-07-27
MISQUITA,,india,2026-07-23
MIT,,india,2026-07-03
MITCON,,india,2026-06-04
MITSHI,Mitshi India Limited,india,2026-07-27
MITSU,Mitsu Chem Plast Limited,india,2026-07-27
MITTAL,MITTAL LIFE STYLE LIMITED,india,2026-07-27
MITTALSTL,,india,2026-07-27
MIVENMACH,MIVEN MACHINE TOOLS LTD.,india,2026-07-27
MIZVEN,MIZZEN VENTURES LIMITED,india,2026-07-27
MKEXIM,M. K. Exim (India) Ltd.,india,2026-07-27
MKPL,M K PROTEINS LIMITED,india,2026-07-27
MKPMOB,MKP Mobility Limited,india,2026-07-27
MKTCREAT,,india,2026-07-23
MKVENTURES,MKVENTURES CAPITAL LIMITED,india,2026-07-27
MLINDLTD,,india,2026-05-29
MLKFOOD,MILKFOOD LTD.,india,2026-07-27
MMF191124A,,india,2025-11-21
MMF191124B,,india,2026-02-20
MMFL,MM FORGINGS LTD,india,2026-07-27
MMFL130525,,india,2026-02-23
MMFL191124,,india,2026-02-13
MMFL27,,india,2026-02-04
MMFLZC25A,,india,2025-10-06
MMFLZC26,,india,2026-02-11
MMFLZC27,,india,2026-02-16
MMFLZC27A,,india,2026-01-22
MMFLZC27B,,india,2025-12-29
MMFLZC27C,,india,2026-02-06
MMFLZC27D,,india,2026-02-18
MMFLZC28,,india,2026-01-21
MMFLZC28A,,india,2026-01-27
MMFLZC28B,,india,2026-02-10
MMFSL26A,,india,2026-05-21
MML110924,,india,2026-04-06
MML11924,,india,2025-09-23
MML11924A,,india,2026-03-16
MML11924C,,india,2026-04-23
MML120626,,india,2026-07-27
MML120626A,,india,2026-07-23
MML120626C,,india,2026-07-09
MML130525,,india,2026-07-27
MML191124,,india,2026-06-02
MML191124A,,india,2026-03-23
MML191124B,,india,2026-06-16
MML191225,,india,2026-07-21
MML191225A,,india,2026-07-13
MML191225D,,india,2026-07-22
MML210425,,india,2026-07-02
MML21425,,india,2026-04-24
MML21425A,,india,2026-07-14
MML26,,india,2026-05-11
MML26A,,india,2026-07-17
MML27,,india,2026-06-10
MML290125,,india,2025-12-18
MML290125D,,india,2026-04-28
MML30,,india,2026-07-22
MML310725,,india,2026-07-24
MML31725A,,india,2026-06-10
MML31725B,,india,2026-07-27
MMLF,MONEY MASTERS LEASING & FINANC,india,2026-07-27
MMLZC26,,india,2026-07-23
MMLZC27,,india,2026-07-23
MMLZC27A,,india,2026-04-07
MMLZC27B,,india,2026-04-10
MMLZC27C,,india,2026-04-28
MMLZC27D,,india,2026-07-08
MMLZC28A,,india,2026-06-16
MMLZC28B,,india,2026-06-05
MMP,MMP INDUSTRIES LIMITED,india,2026-07-27
MMRUBBR-B,MM RUBBER COMPANY LTD.,india,2026-07-27
MMTC,MMTC LIMITED,india,2026-07-27
MMWL,MEDIA MATRIX WORLDWIDE LTD.,india,2026-07-27
MNFL,,india,2026-07-21
MNIL,Mega Nirman & Industries Limit,india,2026-07-27
MNPLFIN,,india,2026-07-27
MOBAVENUE,Mobavenue AI Tech Limited,india,2026-07-27
MOBIKWIK,ONE MOBIKWIK SYSTEMS LTD,india,2026-07-27
MODAIRY,MODERN DAIRIES LTD.,india,2026-07-27
MODINATUR,MODI NATURALS LIMITED,india,2026-07-27
MODINSU,MODERN INSULATORS LTD.,india,2026-07-27
MODIPON,MODIPON LTD.,india,2026-07-27
MODIRUBBER,MODI RUBBER LTD,india,2026-07-27
MODIS,MODIS NAVNIRMAN LTD,india,2026-07-27
MODISONLTD,MODISON LIMITED,india,2026-07-27
MODMA,,india,2026-07-27
MODRNSH,MODERN SHARES & STOCKBROKERS L,india,2026-07-27
MODTHREAD,MODERN THREADS INDIA LTD,india,2026-07-27
MODULEX,,india,2026-07-27
MODWOOL,,india,2026-07-23
MOHITE,MOHITE INDUSTRIES LIMITED,india,2026-07-27
MOHITIND,MOHIT INDUSTRIES LTD,india,2026-07-27
MOHITPPR,MOHIT PAPER MILLS LTD.,india,2026-07-27
MOIL,MOIL LIMITED,india,2026-07-27
MOKSH,MOKSH ORNAMENTS LIMITED,india,2026-07-27
MOL,MEGHMANI ORGANICS LIMITED,india,2026-07-27
MOLDTECH,MOLD-TEK TECHNOLOGIES LTD,india,2026-07-27
MOLDTKPAC,MOLD-TEK PACKAGING LTD,india,2026-07-27
MONARCH,MONARCH NETWORTH CAP LTD,india,2026-07-27
MONEYBOXX,MONEYBOXX FINANCE LIMITED,india,2026-07-27
MONGIPA,MOONGIPA CAPITAL FINANCE LTD.,india,2026-07-27
MONIKA,MONIKA ALCOBEV LIMITED,india,2026-07-27
MONIND,,india,2026-07-09
MONOT,MONOTYPE INDIA LTD.,india,2026-07-27
MONTECARLO,MONTE CARLO FASHIONS LTD.,india,2026-07-27
MORARJEE,,india,2026-07-16
MORARKFI,MORARKA FINANCE LTD.,india,2026-07-27
MOREPENLAB,MOREPEN LAB. LTD,india,2026-07-27
MORGAN,MORGAN VENTURES LTD.,india,2026-07-27
MORGANITE,,india,2026-04-10
MOSCHIP,MOSCHIP TECHNOLOGIES LTD,india,2026-07-27
MOTHERSON,SAMVRDHNA MTHRSN INTL LTD,india,2026-07-27
MOTILALOFS,MOTILAL OSWAL FIN LTD,india,2026-07-27
MOTISONS,MOTISONS JEWELLERS LTD,india,2026-07-27
MOTOGENFIN,,india,2026-07-27
MPAGI,M.P.AGRO INDUSTRIES LTD.,india,2026-07-27
MPCOSEMB,,india,2026-06-29
MPDL,MPDL LIMITED,india,2026-07-27
MPFSL,,india,2026-07-27
MPHASIS,MPHASIS LIMITED,india,2026-07-27
MPILCORPL,MPIL CORPORATION LTD.,india,2026-07-27
MPKSTEELS,,india,2026-07-27
MPL,MPL PLASTICS LTD.,india,2026-07-27
MPSLTD,MPS LIMITED,india,2026-07-27
MRCAGRO,MRC AGROTECH LIMITED,india,2026-07-27
MRF,MRF LTD,india,2026-07-27
MRP,MRP Agro Limited,india,2026-07-27
MRPL,MRPL,india,2026-07-27
MRTX,Merritronix Limited,india,2026-07-27
MRUTR,MRUGESH TRADING LTD.,india,2026-07-27
MSAFE,Msafe Equipments Limited,india,2026-07-27
MSCTC,MARDIA SAMYOUNG CAPILLARY TUBE,india,2026-07-27
MSECL,Monarch Surveyors and Engineer,india,2026-07-27
MSFLZC25A,,india,2025-09-08
MSFLZC25B,,india,2025-09-18
MSL,Mangalam Seeds Limited,india,2026-07-27
MSLGLOBAL,MSL GLOBAL LIMITED,india,2026-07-27
MSPL,MSP STEEL & POWER LTD.,india,2026-07-27
MSRINDIA,,india,2026-07-27
MSTCLTD,MSTC LIMITED,india,2026-07-27
MSUMI,MOTHERSON SUMI WRNG IND L,india,2026-07-27
MTARTECH,MTAR Technologies Limited,india,2026-07-27
MTEDUCARE,MT EDUCARE LTD.,india,2026-07-27
MTL,MEHUL TELECOM LIMITED,india,2026-07-27
MTNL,MAHANAGAR TELEPHONE NIGAM,india,2026-07-27
MTPL,MARG TECHNO PROJECTS LIMITED,india,2026-07-27
MTPL-RE,,india,2026-07-22
MUDRA,,india,2026-07-06
MUDUNURU,,india,2026-07-27
MUFIN,MUFIN GREEN FINANCE LTD,india,2026-07-27
MUFTI,CREDO BRANDS MARKETING L,india,2026-07-27
MUKANDLTD,MUKAND LTD.,india,2026-07-27
MUKATPIP,MUKAT PIPES LTD.,india,2026-07-27
MUKESHB,MUKESH BABU FINANCIAL SERVICES,india,2026-07-27
MUKKA,MUKKA PROTEINS LIMITED,india,2026-07-27
MUKTA,Mukta Agriculture Limited,india,2026-07-27
MUKTAARTS,,india,2026-07-27
MUL,MAURIA UDYOG LIMITED,india,2026-07-27
MULLER,,india,2026-07-27
MULTIBASE,MULTIBASE INDIA LTD.,india,2026-07-27
MUNCAPM,,india,2026-07-13
MUNJALAU,MUNJAL AUTO IND. LTD.,india,2026-07-27
MUNJALSHOW,MUNJAL SHOWA LTD,india,2026-07-27
MUNOTHFI,MUNOTH FINANCIAL SERVICES LTD.,india,2026-07-27
MURAE,,india,2026-03-25
MURUDCERA,MURUDESHWAR CERAMICS LTD,india,2026-07-27
MUTHOOTCAP,MUTHOOT CAP SERV LTD,india,2026-07-27
MUTHOOTFIN,MUTHOOT FINANCE LIMITED,india,2026-07-27
MUTHOOTMF,MUTHOOT MICROFIN LIMITED,india,2026-07-27
MVAF27,,india,2026-07-21
MVGJL,MANOJ VAIBHAV GEM N JEW L,india,2026-07-27
MWL,MANGALAM WORLDWIDE LTD,india,2026-07-27
MYMONEY,My Money Securities Ltd.,india,2026-07-27
MYSORPETRO,MYSORE PETRO CHEMICALS LTD.,india,2026-07-27
MYSTICELE,Mystic Electronics Limited,india,2026-07-27
NACDAC,,india,2026-07-27
NACL-RE,,india,2025-12-24
NACLIND,NACL INDUSTRIES LIMITED,india,2026-07-27
NAGAFERT,,india,2026-07-27
NAGPI,NAGPUR POWER & INDUSTRIES LTD.,india,2026-07-27
NAGREEKCAP,NAGREEKA CAPITAL & INFRASTRUCT,india,2026-07-27
NAGREEKEXP,NAGREEKA EXPORTS LTD.,india,2026-07-27
NAGTECH,NAGARJUNA AGRI TECH LTD.,india,2026-07-27
NAHARCAP,NAHAR CAP & FIN.,india,2026-07-27
NAHARINDUS,NAHAR INDS ENT LTD,india,2026-07-27
NAHARPOLY,NAHAR POLY FILMS LIMITED,india,2026-07-27
NAHARSPING,NAHAR SPINNING MILLS LTD.,india,2026-07-27
NAKSH,,india,2026-07-27
NAM,NAM SECURITIES LTD,india,2026-07-27
NAM-INDIA,NIPPON L I A M LTD,india,2026-07-27
NANTA,NANTA TECH LIMITED,india,2026-07-27
NAPEROL,Naperol Investments Limited,india,2026-07-27
NAPL,Naturite Agro Products Limited,india,2026-07-27
NAPSGLOBAL,NAPS Global India Limited,india,2026-07-27
NARBADA,,india,2026-02-26
NARMADA,NARMADA AGROBASE LIMITED,india,2026-07-27
NARMADESH,,india,2026-07-27
NARMP,NARMADA MACPLAST DRIP IRRIGATI,india,2026-07-27
NARPROP,NARENDRA PROPERTIES LTD.,india,2026-07-27
NATCAPSUQ,NATURAL CAPSULES LIMITED,india,2026-07-27
NATCOPHARM,NATCO PHARMA LTD.,india,2026-07-27
NATFIT,NATIONAL FITTINGS LIMITED,india,2026-07-27
NATGENI,NATIONAL GENERAL INDUSTRIES LT,india,2026-07-27
NATHBIOGEN,NATH BIO-GENES (I) LTD,india,2026-07-27
NATHIND,NATH INDUSTRIES LIMITED,india,2026-07-27
NATHUEC,NATURA HUE CHEM LTD.,india,2026-07-27
NATIONALUM,NATIONAL ALUMINIUM CO LTD,india,2026-07-27
NATIONSTD,NATIONAL STAND (INDIA) L,india,2026-07-27
NATPLAS,NATIONAL PLASTIC INDUSTRIES LT,india,2026-07-27
NATPLASTI,NATIONAL PLASTIC TECHNOLOGIES,india,2026-07-27
NATPLY,,india,2026-07-27
NATRAJPR,,india,2026-07-27
NATURAL,Natural Biocon (India) Limited,india,2026-07-27
NATURO,,india,2026-07-13
NAUKRI,INFO EDGE (I) LTD,india,2026-07-27
NAVA,NAVA LIMITED,india,2026-07-27
NAVIGANT,,india,2026-06-17
NAVINFLUOR,NAVIN FLUORINE INT. LTD,india,2026-07-27
NAVKARCORP,NAVKAR CORPORATION LTD.,india,2026-07-27
NAVKARURB,NAVKAR URBANSTRUCTURE LIMITED,india,2026-07-27
NAVNETEDUL,NAVNEET EDUCATION LTD,india,2026-07-27
NAZARA,NAZARA TECHNOLOGIES LTD,india,2026-07-27
NBCC,NBCC (INDIA) LIMITED,india,2026-07-27
NBFOOT,,india,2026-07-27
NBIFIN,N.B.I. IND. FIN. CO. LTD,india,2026-07-27
NBL,,india,2026-07-27
NCC,NCC LIMITED,india,2026-07-27
"NCC#",,india,2026-01-27
NCCBLUE,,india,2026-07-27
NCLIND,NCL INDUSTRIES LIMITED,india,2026-07-27
NCLRESE,NCL RESEARCH & FINANCIAL SERVI,india,2026-07-27
NCML,,india,2026-07-27
NDASEC,NDA SECURITIES LTD.,india,2026-07-27
NDGL,NAGA DHUNSERI GROUP LTD,india,2026-07-27
NDL,NANDAN DENIM LIMITED,india,2026-07-27
NDLVENTURE,NDL VENTURES LIMITED,india,2026-07-27
NDMETAL,,india,2026-07-06
NDRAUTO,NDR AUTO COMPONENTS LTD,india,2026-07-27
NDTV,NDTV LTD,india,2026-07-27
NDTV-RE,,india,2025-10-03
NEAGI,NEELAMALAI AGRO INDS. L,india,2026-07-27
NECCLTD,NORTH EASTERN CARRYING CORPORA,india,2026-07-27
NECLIFE,NECTAR LIFESCIENCES LTD.,india,2026-07-27
NEELKAN,,india,2026-07-27
NEELKANTH,,india,2026-07-22
NEERAJ,,india,2026-07-16
NEETUYOSHI,Neetu Yoshi Limited,india,2026-07-27
NEIL,Neil Industries Ltd.,india,2026-07-27
NELCAST,NELCAST LIMITED,india,2026-07-27
NELCO,NELCO LTD,india,2026-07-27
NEOGEN,NEOGEN CHEMICALS LIMITED,india,2026-07-27
NEOINFRA,NEO INFRACON LTD.,india,2026-07-27
NEPHROPLUS,NEPHROCARE HEALTH SERV L,india,2026-07-27
NEPLOG,NEPTUNE LOGITEK LIMITED,india,2026-07-27
NESCO,NESCO LTD.,india,2026-07-27
NESTLEIND,NESTLE INDIA LIMITED,india,2026-07-27
NETLINK,NETLINK SOLUTIONS (INDIA) LTD.,india,2026-07-27
NETPIX,,india,2026-06-08
NETTLINX,NETTLINX LTD.,india,2026-07-27
NETWEB,NETWEB TECH INDIA LTD,india,2026-07-27
NETWORK18,NETWORK18 MEDIA & INV LTD,india,2026-07-27
NEUEON,,india,2026-07-27
NEULANDLAB,NEULAND LAB LTD.,india,2026-07-27
NEWGEN,NEWGEN SOFTWARE TECH LTD,india,2026-07-27
NEWINFRA,NEWTIME INFRASTRUCTURE LIMITED,india,2026-07-27
NEWLIGHT,NEW LIGHT INDUSTRIES LIMITED,india,2026-07-27
NEWMKTADV,,india,2026-04-28
NEWMKTAVE,,india,2026-07-07
NEWTRAC,NEWTRAC FOODS & BEVERAGES LIMI,india,2026-07-27
NEXOME,NEXOME CAPITAL MARKETS LIMITED,india,2026-07-27
NEXOME-RE,,india,2026-03-18
NEXTMEDIA,NEXT MEDIAWORKS LIMITED,india,2026-07-27
NEXUSSURGL,NEXUS SURGICAL AND MEDICARE LI,india,2026-07-27
NEXXUS,,india,2026-07-27
NFL,NATIONAL FERT. LTD,india,2026-07-27
NGIL,NAKODA GROUP OF INDUSTRIES LIM,india,2026-07-27
NGIND,N.G.INDUSTRIES LTD.,india,2026-07-27
NGLFINE,NGL FINE CHEM LIMITED,india,2026-07-27
NH,NARAYANA HRUDAYALAYA LTD.,india,2026-07-27
NHCFOODS,NHC FOODS LTD.,india,2026-07-27
NHF030425,,india,2026-07-10
NHF030425A,,india,2026-07-22
NHF060124,,india,2026-02-20
NHF060125,,india,2025-09-26
NHF081024,,india,2026-07-08
NHF081024A,,india,2026-02-03
NHFL02725,,india,2026-05-19
NHFL030425,,india,2026-06-11
NHFL081024,,india,2026-07-27
NHFL100925,,india,2026-07-27
NHFL10925,,india,2026-07-24
NHFL10925A,,india,2026-07-14
NHFL20725,,india,2026-07-20
NHFL2725,,india,2026-07-16
NHIT,,india,2026-05-07
NHL,,india,2026-07-27
NHPC,NHPC LTD,india,2026-07-27
NIACL,THE NEW INDIA ASSU CO LTD,india,2026-07-27
NIBE,NIBE LIMITED,india,2026-07-27
NIBEORD,,india,2026-04-06
NIBL,NRB INDUS. BEARINGS LTD.,india,2026-07-27
NICCOPAR,NICCO PARKS & RESORTS LTD.,india,2026-07-27
NIDHGRN,NIDHI GRANITES LTD.,india,2026-07-27
NIDO010326,,india,2026-01-28
NIDO010327,,india,2026-07-27
NIDO010329,,india,2026-03-10
NIDO25A,,india,2025-08-22
NIDO26,,india,2025-07-16
NIDO27,,india,2026-07-27
NIDO28,,india,2026-05-25
NIDOZC26,,india,2026-06-19
NIHARINF,NIHAR INFO GLOBAL LTD.,india,2026-07-27
NIITLTD,NIIT LIMITED,india,2026-07-27
NIITMTS,NIIT LEARNING SYSTEMS LTD,india,2026-07-27
NIKHILAD,NIKHIL ADHESIVES LTD.,india,2026-07-27
NIKKIGL,NIKKI GLOBAL FINANCE LTD.,india,2026-07-27
NIKSTECH,,india,2026-07-22
NILACHAL,NILACHAL REFRACTORIES LTD.,india,2026-07-27
NILAINFRA,NILA INFRASTRUCTURES LTD,india,2026-07-27
NILASPACES,NILA SPACES LIMITED,india,2026-07-27
NILE,NILE LTD.,india,2026-07-27
NILKAMAL,NILKAMAL LIMITED,india,2026-07-27
NIMBSPROJ,,india,2026-07-23
NINSYS,NINtec Systems Limited,india,2026-07-27
NIPPOBATRY,INDO-NATIONAL LIMITED,india,2026-07-27
NIRAJ,NIRAJ CEMENT STRUCTURALS LTD.,india,2026-07-27
NIRAJISPAT,NIRAJ ISPAT IND LTD,india,2026-07-24
NIRAVCOM,NIRAV COMMERCIALS LTD.,india,2026-07-24
NIRLON,NIRLON LTD,india,2026-07-27
NIRMITEE,,india,2026-05-26
NISMGMT,,india,2026-07-22
NISUS,NISUS FINANCE SERVICES CO LIMI,india,2026-07-27
NITCO,NITCO LIMITED,india,2026-07-27
NITINCAST,Nitin Castings Limited,india,2026-07-27
NITINSPIN,NITIN SPINNERS LIMITED,india,2026-07-27
NITIRAJ,NITIRAJ ENGINEERS LTD,india,2026-07-27
NITTAGELA,NITTA GELATIN INDIA LTD.,india,2026-07-27
NIVABUPA,NIVA BUPA HEALTH INS CO L,india,2026-07-27
NIVAKA,NIVAKA FASHIONS LIMITED,india,2026-07-27
NIYOGIN,Niyogin Fintech Limited,india,2026-07-27
NKIND,NK INDUSTRIES LTD,india,2026-07-27
NLCINDIA,NLC INDIA LIMITED,india,2026-07-27
NLFL,NALIN LEASE FINANCE LTD.,india,2026-07-27
NMDC,NMDC LTD.,india,2026-07-27
"NMDC#",,india,2025-10-29
NMSGLOBAL,NMS GLOBAL LIMITED,india,2026-07-27
NMSRESRC,,india,2026-01-29
NNTL,,india,2026-07-20
NOBPOL,NOBLE POLYMERS LIMITED,india,2026-07-27
NOCIL,NOCIL LIMITED,india,2026-07-27
NOGMIND,,india,2025-12-08
NOIDATOLL,NOIDA TOLL BRIDGE COMPANY LTD.,india,2026-07-27
NOL,NATIONAL OXYGEN LTD.,india,2026-07-27
NORBTEAEXP,NORBEN TEA & EXPORTS LTD.,india,2026-07-27
NORRIS,NORRIS MEDICINES LTD.,india,2026-07-27
NORTHARC,NORTHERN ARC CAPITAL LTD,india,2026-07-27
NORTHLINK,,india,2026-07-22
NOUVEAU,NOUVEAU GLOBAL VENTURES LTD.,india,2026-07-27
NOVAAGRI,Nova Agritech Limited,india,2026-07-27
NOVARTIND,NOVARTIS INDIA LIMITED,india,2026-07-27
NOVATEOR,,india,2026-05-12
NOVELIX,NOVELIX PHARMACEUTICALS LIMITE,india,2026-07-27
NOVIS,NOVA IRON & STEEL LTD.,india,2026-07-27
NOVUS,Novus Loyalty Limited,india,2026-07-27
NPFL,,india,2026-07-20
NPL,National Peroxide Limited,india,2026-07-27
NPRFIN,NPR FINANCE LTD.,india,2026-07-27
NPST,NETWORK PEOPLE SRV TECH L,india,2026-07-27
NRAIL,N R AGARWAL INDS LTD,india,2026-07-27
NRBBEARING,NRB BEARING LIMITED,india,2026-07-27
NRL,,india,2026-06-17
NSBBPO,,india,2026-07-07
NSDL,National Securities Depository,india,2026-07-27
NSIL,NALWA SONS INVESTMENT LTD,india,2026-07-27
NSL,Northern Spirits Limited,india,2026-07-27
NSLNISP,NMDC STEEL LIMITED,india,2026-07-27
NTCIND,NTC INDUSTRIES LTD.,india,2026-07-27
NTPC,NTPC LTD,india,2026-07-27
NTPCGREEN,NTPC GREEN ENERGY LIMITED,india,2026-07-27
NUCLEUS,NUCLEUS SOFTWARE EXPORTS,india,2026-07-27
NUKLEUS,NUKLEUS OFFICE SOLUTIONS LIMIT,india,2026-07-27
NURECA,NURECA LIMITED,india,2026-07-27
NUTECGLOB,,india,2026-07-27
NUTRICIRCLE,,india,2026-07-27
NUVAMA,NUVAMA WEALTH MANAGE LTD,india,2026-07-27
NUVOCO,NUVOCO VISTAS CORP LTD,india,2026-07-27
NVENTURES,Nanavati Ventures Limited,india,2026-07-27
NWFL23924,,india,2026-02-25
NWFL24725,,india,2025-08-01
NWFNIFT26A,,india,2025-08-20
NWIL,NURTURE WELL INDUSTRIES LIMITE,india,2026-07-27
NWIL25,,india,2025-06-26
NWIL27,,india,2026-07-01
NXST,"NEXSTAR MEDIA GROUP, INC.",india,2026-07-27
NYKAA,FSN E COMMERCE VENTURES,india,2026-07-27
NYSSACORP,NYSSA CORPORATION LIMITED,india,2026-07-27
OAL,ORIENTAL AROMATICS LTD,india,2026-07-27
OASISE-RE,,india,2026-07-06
OASISEC,OASIS SECURITIES LTD.,india,2026-07-27
OBCL,OBCL LIMITED,india,2026-07-27
OBEROIRLTY,OBEROI REALTY LIMITED,india,2026-07-27
OCCL,,india,2025-07-31
OCCLLTD,OCCL Limited,india,2026-07-27
OCEANIC,Oceanic Foods Limited,india,2026-07-27
OCTAL,Octal Credit Capital Ltd.,india,2026-07-27
OCTAVE,PERFECT-OCTAVE MEDIA PROJECTS,india,2026-07-27
OCTAVIUSPL,,india,2026-07-27
OCTAWARE,,india,2026-06-02
ODIGMA,Odigma Consultancy Solutions L,india,2026-07-27
ODYCORP,ODYSSEY CORPORATION LTD.,india,2026-07-27
ODYSSEY,ODYSSEY TECHNOLOGIES LTD.,india,2026-07-27
OFSS,ORACLE FIN SERV SOFT LTD.,india,2026-07-27
OIL,OIL INDIA LTD,india,2026-07-27
"OIL#",,india,2025-08-06
OILCOUNTUB,OIL COUNTRY TUBULAR LTD.,india,2026-07-27
OIVL,ONESOURCE INDUSTRIES AND VENTU,india,2026-07-27
OKPLA,OK PLAY INDIA LTD.,india,2026-07-27
OLAELEC,OLA ELECTRIC MOBILITY LTD,india,2026-07-27
OLATECH,Olatech Solutions Limited,india,2026-07-27
OLECTRA,OLECTRA GREENTECH LIMITED,india,2026-07-27
OLPCL,OLYMPIC CARDS LTD.,india,2026-07-27
OLYMPTX,OLYMPIA INDUSTRIES LTD.,india,2026-07-27
OLYMTFI,,india,2026-06-15
OLYOI,,india,2026-07-27
OMANSH,,india,2026-06-29
OMAXAUTO,OMAX AUTOS LTD.,india,2026-07-27
OMAXE,OMAXE LIMITED,india,2026-07-27
OMEAG,OMEGA AG-SEEDS (PUNJAB) LTD.,india,2026-07-27
OMEGAIN,OMEGA INTERACTIVE TECHNOLOGIES,india,2026-07-27
OMFREIGHT,Om Freight Forwarders Limited,india,2026-07-27
OMINFRAL,OM INFRA LIMITED,india,2026-07-27
OMKAR,,india,2026-07-27
OMKARCHEM,,india,2026-04-28
OMKARPH,,india,2026-07-27
OML,OM METALLOGIC LIMITED,india,2026-07-27
OMNI,OMNITECH ENGINEERING LTD,india,2026-07-27
OMNIAX,OMNI AXS SOFTWARE LTD.,india,2026-07-27
OMNIPOTENT,Omnipotent Industries Limited,india,2026-07-24
OMNITEX,OMNITEX INDUSTRIES (INDIA) LTD,india,2026-07-27
OMPOWER,OM POWER TRANSMISSION LTD,india,2026-07-27
ONECAP-RE,,india,2026-03-10
ONEGLOBAL,ONE GLOBAL SERVICE PROVIDER LI,india,2026-07-27
ONELIFECAP,ONELIFE CAPITAL ADVISORS LTD.,india,2026-07-27
ONEPOINT,ONE POINT ONE SOL LTD,india,2026-07-27
ONESOURCE,ONESOURCE SPECL PHARMA L,india,2026-07-27
ONGC,OIL AND NATURAL GAS CORP.,india,2026-07-27
ONIDA,ONIDA ELECTRONICS LIMITED,india,2026-07-27
ONIX-RE,,india,2026-03-02
ONIX-RE1,,india,2026-05-26
ONIXSOLAR,ONIX SOLAR ENERGY LIMITED,india,2026-07-27
ONMOBILE,ONMOBILE,india,2026-07-27
ONTIC,Ontic Finserve Limited,india,2026-07-27
ONWARDTEC,ONWARD TECHNOLOGIES LTD,india,2026-07-27
OONE,OBJECTONE INFORMATION SYSTEMS,india,2026-07-27
OPCHAINS,,india,2026-05-20
OPTIEMUS,OPTIEMUS INFRACOM LTD,india,2026-07-27
OPTIFIN,Optimus Finance Limited,india,2026-07-27
ORBTEXP,ORBIT EXPORTS LTD.,india,2026-07-27
ORCHASP,ORCHASP LIMITED,india,2026-07-27
ORCHPHARMA,ORCHID PHARMA LIMITED,india,2026-07-27
ORGANICREC,ORGANIC RECYCLING SYSTEMS LIMI,india,2026-07-27
ORGCOAT,ORGANIC COATINGS LTD.,india,2026-07-27
ORIBEVER,ORIENT BEVERAGES LTD.,india,2026-07-27
ORICONENT,ORICON ENTERPRISES LTD,india,2026-07-27
ORIENTALTL,ORIENTAL TRIMEX LTD,india,2026-07-27
ORIENTBELL,ORIENT BELL LIMITED,india,2026-07-27
ORIENTCEM,ORIENT CEMENT LTD.,india,2026-07-27
ORIENTCER,ORIENT CERATECH LIMITED,india,2026-07-27
ORIENTELEC,ORIENT ELECTRIC LIMITED,india,2026-07-27
ORIENTHOT,ORIENT HOTELS LTD,india,2026-07-27
ORIENTLTD,ORIENT PRESS LIMITED,india,2026-07-27
ORIENTPPR,ORIENT PAPER AND INDS LTD,india,2026-07-27
ORIENTTECH,ORIENT TECHNOLOGIES LTD,india,2026-07-27
ORIENTTR,ORIENT TRADELINK LTD.,india,2026-07-27
ORIRAIL,ORIENTAL RAIL INFRASTRUCTURE L,india,2026-07-27
ORISSAMINE,ORISSA MIN DEV CO LTD,india,2026-07-27
ORKLAINDIA,ORKLA INDIA LIMITED,india,2026-07-27
OROSMITHS,OROSIL SMITHS INDIA LTD.,india,2026-07-27
ORTEL,,india,2026-07-27
ORTINGLOBE,ORTIN GLOBAL LIMITED,india,2026-07-27
OSCARGLO,,india,2026-07-27
OSIAHYPER,,india,2026-05-05
OSIAJEE,OSIAJEE TEXFAB LIMITED,india,2026-07-27
OSWALAGRO,OSWAL AGRO MILLS LTD.,india,2026-07-27
OSWALEA,,india,2026-07-27
OSWALGREEN,OSWAL GREENTECH LIMITED,india,2026-07-27
OSWALOR,,india,2026-07-06
OSWALPUMPS,OSWAL PUMPS LIMITED,india,2026-07-27
OSWALSEEDS,SHREEOSWAL S AND CHE LTD,india,2026-07-27
OSWAYRN,,india,2026-07-27
OTCO,OTCO INTERNATIONAL LTD.,india,2026-07-27
OVAL,,india,2026-07-27
OVOBELE,OVOBEL FOODS LTD.,india,2026-07-27
OXFORDIN,OXFORD INDUSTRIES LTD.,india,2026-07-27
OXYGENTAPH,OXYGENTA PHARMACEUTICAL LIMITE,india,2026-07-27
PACE,PACE E-COMMERCE VENTURES LIMIT,india,2026-07-27
PACEDIGITK,PACE DIGITEK LIMITED,india,2026-07-27
PACIFICI,PACIFIC INDUSTRIES LTD.,india,2026-07-27
PADALPO,,india,2026-07-27
PADAM-RE,,india,2026-03-04
PADAMCO,PADAM COTTON YARNS LTD.,india,2026-07-27
PADMAIND,Padmanabh Industries Ltd,india,2026-07-27
PADMALAYAT,,india,2026-07-27
PAEL,,india,2026-06-22
PAGEIND,PAGE INDUSTRIES LTD,india,2026-07-27
PAISALO,PAISALO DIGITAL LIMITED,india,2026-07-27
PAJSON,Pajson Agro India Limited,india,2026-07-27
PAKKA,PAKKA LIMITED,india,2026-07-27
PALASHSECU,PALASH SECURITIES LTD,india,2026-07-27
PALCO,Palco Metals Limited,india,2026-07-27
PALMJEWELS,Palm Jewels Limited,india,2026-07-27
PALREDTEC,,india,2026-07-27
PANABYTE,PANABYTE TECHNOLOGIES LIMITED,india,2026-07-27
PANACEABIO,PANACEA BIOTEC LTD,india,2026-07-27
PANACHE,,india,2026-07-15
PANAENERG,PANASONIC ENERGY INDIA COMPANY,india,2026-07-27
PANAFIC,PANAFIC INDUSTRIALS LTD,india,2026-07-27
PANAFIC-RE,,india,2026-05-18
PANAMAPET,PANAMA PETROCHEM LTD,india,2026-07-27
PANCARBON,PANASONIC CARBON INDIA CO.LTD.,india,2026-07-27
PANCHMAHQ,PANCHMAHAL STEEL LTD.,india,2026-07-27
PANCHSHEEL,PANCHSHEEL ORGANICS LTD.,india,2026-07-27
PANCM,PANYAM CEMENTS & MINERAL INDUS,india,2026-07-27
PANELEC,PAN ELECTRONICS INDIA LTD.,india,2026-07-27
PANHR,,india,2026-07-21
PANIDPR,PANTHER INDUSTRIAL PRODUCTS LT,india,2026-07-24
PANINDIAC,PAN INDIA CORPORATION LTD.,india,2026-07-27
PANJON,PANJON LTD.,india,2026-07-27
PANKAJPO,PANKAJ POLYMERS LTD.,india,2026-07-27
PANORAMA,PANORAMA STUDIOS INTERNATIONAL,india,2026-07-27
PANSARI,PANSARI DEVELOPERS LTD,india,2026-07-27
PANTH,PANTH INFINITY LIMITED,india,2026-07-27
PAOS,PAOS INDUSTRIES LIMITED,india,2026-07-24
PAR,PAR DRUGS AND CHEM LTD,india,2026-07-27
PARACABLES,PARAMOUNT COMM LTD,india,2026-07-27
PARADEEP,PARADEEP PHOSPHATES LTD,india,2026-07-27
PARAGMILK,PARAG MILK FOODS LTD.,india,2026-07-27
PARAGONF,,india,2026-07-27
PARAS,PARAS DEF AND SPCE TECH L,india,2026-07-27
PARASPETRO,PARAS PETROFILS LTD.,india,2026-07-27
PARKERAC,PARKER AGROCHEM EXPORTS LTD.,india,2026-07-27
PARKHOSPS,PARK MEDI WORLD LIMITED,india,2026-07-27
PARKHOTELS,PARKHOTELS,india,2026-07-27
PARLEIND,PARLE INDUSTRIES LIMITED,india,2026-07-27
PARMAX,Parmax Pharma Limited,india,2026-07-27
PARMCOS-B,PARAMOUNT COSMETICS (INDIA) LT,india,2026-07-27
PARMESHWAR,PARMESHWAR METAL LIMITED,india,2026-07-27
PARMSILK,PARMESHWARI SILK MILLS LIMITED,india,2026-07-27
PARNAXLAB,PARNAX LAB LTD.,india,2026-07-27
PARSHVA,,india,2026-07-27
PARSHWANA,PARSHWANATH CORPORATION LTD.,india,2026-07-27
PARSVNATH,PARSVNATH DEVELOPERS LTD.,india,2026-07-27
PARVATI,Parvati Sweetners and Power Lt,india,2026-07-27
PASARI,PASARI SPINNING MILLS LTD.,india,2026-07-27
PASHUPATI,PASHUPATI COTSPIN LIMITED,india,2026-07-27
PASUFIN,,india,2026-07-27
PASUPTAC,PASUPATI ACRYLON LTD.,india,2026-07-27
PASUSPG,PASUPATI SPG.& WVG.MILLS LTD.,india,2026-07-27
PATANJALI,PATANJALI FOODS LIMITED,india,2026-07-27
PATELCHEM,PATEL CHEM SPECIALITIES LIMITE,india,2026-07-27
PATELEG-RE,,india,2025-12-16
PATELENG,PATEL ENGINEERING LTD.,india,2026-07-27
PATELRMART,PATEL RETAIL LIMITED,india,2026-07-27
PATELSAI,PATELS AIRTEMP (INDIA) LTD.,india,2026-07-27
PATIDAR,,india,2026-07-23
PATINTLOG,PATEL INTEGRATED LOGISTICS LTD,india,2026-07-27
PATRON,Patron Exim Limited,india,2026-07-27
PATSPINLTD,PATSPIN INDIA LTD.,india,2026-07-27
PAUSHAKLTD,PAUSHAK LIMITED,india,2026-07-27
PAVNAIND,PAVNA INDUSTRIES LIMITED,india,2026-07-27
PAYTM,ONE 97 COMMUNICATIONS LTD,india,2026-07-27
PBAINFRA,PBA INFRASTRUCTURE LTD.,india,2026-07-27
PBMPOLY,,india,2026-07-27
PCBL,PCBL CHEMICAL LIMITED,india,2026-07-27
PCCOSMA,PEE CEE COSMA SOPE LTD.,india,2026-07-27
PCJEWELLER,PC JEWELLER LTD,india,2026-07-27
PCL,,india,2026-07-23
PCS,PCS TECHNOLOGY LTD.,india,2026-07-27
PDMJEPAPER,PUDUMJEE PAPER PRO. LTD,india,2026-07-27
PDSL,PDS LIMITED,india,2026-07-27
PEARLPOLY,,india,2026-07-27
PECOS,,india,2026-07-15
PEETISEC,,india,2026-07-27
PEIL,PREMIER ENERGY AND INFRASTRUCT,india,2026-07-27
PEL,,india,2025-09-22
PENIND,PENNAR INDUSTRIES LTD,india,2026-07-27
PENINLAND,PENINSULA LAND LTD.,india,2026-07-27
PEOPLIN,,india,2026-07-27
PERFEPA,PERFECTPAC LTD.,india,2026-07-27
PERMAGN,PERMANENT MAGNETS LTD.,india,2026-07-27
PERSISTENT,PERSISTENT SYSTEMS LTD,india,2026-07-27
PERVASIVE,Pervasive Commodities Limited,india,2026-07-27
PESB,Pune E - Stock Broking Limited,india,2026-07-27
PETRONET,PETRONET LNG LIMITED,india,2026-07-27
PFC,POWER FIN CORP LTD.,india,2026-07-27
PFCBS3,,india,2026-03-16
PFCBS4,,india,2026-03-16
PFCBT1S3,,india,2025-09-10
PFCBT1S4,,india,2026-07-27
PFCLZC26,,india,2026-07-20
PFIZER,PFIZER LTD,india,2026-07-27
PFL,POPULAR FOUNDATIONS LIMITED,india,2026-07-27
PFLINFOTC,PFL INFOTECH LTD.,india,2026-07-24
PFOCUS,PRIME FOCUS LIMITED,india,2026-07-27
PFS,PTC INDIA FIN SERV LTD,india,2026-07-27
PGCRL,Pearl Green Clubs and Resorts,india,2026-07-27
PGEL,PG ELECTROPLAST LTD,india,2026-07-27
PGFOILQ,PG FOILS LTD.,india,2026-07-27
PGHH,P&G HYGIENE & HEALTH CARE,india,2026-07-27
PGHL,PROCTER & GAMBLE HEALTH L,india,2026-07-27
PGIL,PEARL GLOBAL IND LIMITED,india,2026-07-27
PGINVIT,,india,2026-07-27
PHARMAID,PHARMAIDS PHARMACEUTICALS LTD.,india,2026-07-27
PHCAP,P H CAPITAL LIMITED,india,2026-07-27
PHOENIXLTD,THE PHOENIX MILLS LTD,india,2026-07-27
PHOENIXTN,,india,2026-04-08
PHOENXINTL,PHOENIX INTERNATIONAL LTD.,india,2026-07-27
PHOSPHATE,The Phosphate Company Limited,india,2026-07-24
PHOTON,,india,2026-07-27
PHOTOQUP,,india,2026-07-27
PHRMASI,PHAARMASIA LTD.,india,2026-07-27
PHYTO,PHYTO CHEM (INDIA) LTD.,india,2026-07-27
PICCADIL,PICCADILY AGRO INDUSTRI L,india,2026-07-27
PICCASUG,PICCADILY SUGAR & ALLIED INDUS,india,2026-07-27
PICTUREHS,PICTUREHOUSE MEDIA LTD.,india,2026-07-27
PIDILITIND,PIDILITE INDUSTRIES LTD,india,2026-07-27
PIFL,,india,2025-09-19
PIGL,POWER INSTRUMENT (G) LTD,india,2026-07-27
PIIND,PI INDUSTRIES LTD,india,2026-07-27
PILANIINVS,PILANI INV & IND COR LTD,india,2026-07-27
PILITA,Pil Italica Lifestyle Limited,india,2026-07-27
PINELABS,PINE LABS LIMITED,india,2026-07-27
PIONAGR,,india,2026-07-17
PIONEEREMB,PIONEER EMBROIDERIES LTD,india,2026-07-27
PIONRINV,PIONEER INVESTCORP LTD.,india,2026-07-27
PIOTEX,,india,2026-07-17
PIPAN,,india,2026-07-27
PIRAMALFIN,PIRAMAL FINANCE LIMITED,india,2026-07-27
PITHP,,india,2025-11-24
PITTIENG,PITTI ENGINEERING LIMITED,india,2026-07-27
PIXTRANS,PIX TRANSMISSIONS LIMITED,india,2026-07-27
PJL,,india,2026-06-30
PKTEA,THE P K TEA PROD CO LTD,india,2026-07-27
PLASTIBLEN,PLASTIBLENDS INDIA LTD,india,2026-07-27
PLATIND,PLATINUM INDUSTRIES LTD,india,2026-07-27
PLAZACABLE,Plaza Wires Limited,india,2026-07-27
PMCFIN,PMC FINCORP LIMITED,india,2026-07-27
PML,PAUL MERCHANTS LTD.,india,2026-07-27
PMTELELIN,,india,2026-07-27
PNB,PUNJAB NATIONAL BANK,india,2026-07-27
"PNB#",,india,2025-10-07
PNBGILTS,PNB GILTS LIMITED,india,2026-07-27
PNBHOUSING,PNB HOUSING FIN LTD.,india,2026-07-27
PNC,PRITISH NANDY COMMUNICATI,india,2026-07-27
PNCINFRA,PNC INFRATECH LTD.,india,2026-07-27
PNGJL,P N GADGIL JEWELLERS LTD,india,2026-07-27
PNGSREVA,PNGS REVA DIAMOND JEWEL L,india,2026-07-27
PNTKYOR,PENTOKEY ORGANY (INDIA) LTD.,india,2026-07-27
POBS,,india,2026-07-22
POCL,PONDY OXIDES & CHEM LTD,india,2026-07-27
PODDARHOUS,,india,2025-06-30
PODDARMENT,PODDAR PIGMENTS LIMITED,india,2026-07-27
POEL,POCL ENTERPRISES LTD,india,2026-07-27
POKARNA,POKARNA LIMITED,india,2026-07-27
POLICYBZR,PB FINTECH LIMITED,india,2026-07-27
POLOHOT,,india,2026-01-20
POLSON,,india,2026-07-27
POLYCAB,POLYCAB INDIA LIMITED,india,2026-07-27
POLYCHEM,POLYCHEM LTD.,india,2026-07-27
POLYCHMP,POLYMECHPLAST MACHINES LTD.,india,2026-07-27
POLYCON,POLYCON INTERNATIONAL LTD.,india,2026-07-27
POLYLINK,POLYLINK POLYMERS (INDIA) LTD.,india,2026-07-27
POLYMAC,POLYMAC THERMOFORMERS LTD,india,2026-07-27
POLYMED,POLY MEDICURE LIMITED,india,2026-07-27
POLYPLEX,POLYPLEX CORPORATION LTD,india,2026-07-27
POLYSPIN,Polyspin Exports Ltd.,india,2026-07-27
POLYTEX,,india,2026-07-27
PONNIERODE,PONNIE SUGARS (ERODE) LTD,india,2026-07-27
POOJA,Poojawestern Metaliks Limited,india,2026-07-27
POOJAENT,VASHU BHAGNANI INDUSTRIES LIMI,india,2026-07-27
POONADAL,POONA DAL & OIL INDUSTRIES LTD,india,2026-07-27
POONAWALLA,POONAWALLA FINCORP LTD,india,2026-07-27
POPEES,,india,2026-07-27
POPULARES,POPULAR ESTATE MANAGEMENT LTD.,india,2026-07-27
PORWAL,PORWAL AUTO COMPONENTS LTD.,india,2026-07-27
POWERGRID,POWER GRID CORP. LTD.,india,2026-07-27
POWERICA,POWERICA LIMITED,india,2026-07-27
POWERINDIA,HITACHI ENERGY INDIA LTD,india,2026-07-27
POWERMECH,POWER MECH PROJECTS LTD.,india,2026-07-27
PPAP,PPAP,india,2026-07-27
PPARIVAH,PARADEEP PARIVAHAN LIMITED,india,2026-07-27
PPL,Prakash Pipes Limited,india,2026-07-27
PPLPHARMA,PIRAMAL PHARMA LIMITED,india,2026-07-27
PQIF,Polo Queen Industrial and Fint,india,2026-07-27
PRABHA,PRABHA ENERGY LIMITED,india,2026-07-27
PRABHA-RE,,india,2026-03-30
PRABHATAM,,india,2026-07-27
PRABHHANS,PRABHHANS INDUSTRIES LIMITED,india,2026-07-27
PRADHIN,,india,2026-03-11
PRADPME,PRADEEP METALS LTD.,india,2026-07-27
PRAENG,PRAJAY ENG. SYN. LTD.,india,2026-07-27
PRAGBOS,PRAG BOSIMI SYNTHETICS LTD.,india,2026-07-27
PRAJIND,PRAJ INDUSTRIES LTD,india,2026-07-27
PRAKASH,PRAKASH INDUSTRIES LTD,india,2026-07-27
PRAKASHSTL,PRAKASH STEELAGE LTD,india,2026-07-27
PRARUH,PRARUH TECHNOLOGIES LIMITED,india,2026-07-27
PRATIK,PRATIK PANELS LTD.,india,2026-07-27
PRATIKSH,PRATIKSHA CHEMICALS LTD.,india,2026-07-27
PRAVEG,PRAVEG LTD.,india,2026-07-27
PRAXIS,Praxis Home Retail Limited,india,2026-07-27
PRAXIS-RE2,,india,2025-08-12
PRECAM,PRECISION CAMSHAFTS LTD.,india,2026-07-27
PRECISIO,PRECISION ELECTRONICS LTD.,india,2026-07-27
PRECOT,PRECOT LIMITED,india,2026-07-27
PRECWIRE,PRECISION WIRES INDIA LTD,india,2026-07-27
PREMCAP,PREMIER CAPITAL SERVICES LTD.,india,2026-07-27
PREMCAPM,,india,2026-07-27
PREMCO,PREMCO GLOBAL LTD.,india,2026-07-27
PREMEXPLN,PREMIER EXPLOSIVES LTD,india,2026-07-27
PREMIER,PREMIER LTD.,india,2026-07-27
PREMIERENE,PREMIER ENERGIES LIMITED,india,2026-07-27
PREMIERPOL,PREMIER POLYFILM LTD,india,2026-07-27
PREMSYN,PREMIER SYNTHETICS LTD.,india,2026-07-27
PRERINFRA,PRERNA INFRABUILD LTD.,india,2026-07-27
PRESSURS,,india,2026-04-13
PRESTIGE,PRESTIGE ESTATE LTD,india,2026-07-27
PREVEST,Prevest Denpro Limited,india,2026-07-27
PRICOLLTD,PRICOL LIMITED,india,2026-07-27
PRIMAGR,PRIMA AGRO LTD.,india,2026-07-27
PRIMAIN,PRIMA INDUSTRIES LTD.,india,2026-07-27
PRIMAPLA,PRIMA PLASTICS LTD.,india,2026-07-27
PRIMECAPM,PRIME CAPITAL MARKET LTD.,india,2026-07-27
PRIMEFRESH,PRIME FRESH LIMITED,india,2026-07-27
PRIMEPRO,PRIME PROPERTY DEVELOPMENT COR,india,2026-07-27
PRIMESECU,PRIME SECURITIES LIMITED,india,2026-07-27
PRIMEURB,PRIME URBAN DEVELOPMENT INDIA,india,2026-07-27
PRIMIND,PRIME INDUSTRIES LTD.,india,2026-07-27
PRIMO,PRIMO CHEMICALS LIMITED,india,2026-07-27
PRINCEPIPE,PRINCE PIPES FITTINGS LTD,india,2026-07-27
PRISMFN,,india,2026-01-02
PRISMMEDI,PRISM MEDICO AND PHARMACY LTD.,india,2026-07-27
PRISMX,PRISMX GLOBAL VENTURES LIMITED,india,2026-07-27
PRITHVIEXCH,Prithvi Exchange (India) Limit,india,2026-07-27
PRITI,,india,2026-06-08
PRITIKAUTO,Pritika Auto Industries Limite,india,2026-07-27
PRIVISCL,PRIVI SPECIALITY CHE LTD,india,2026-07-27
PRIYALT,,india,2026-07-20
PROCAL,,india,2026-01-19
PROCLB,PRO CLB GLOBAL LIMITED,india,2026-07-27
PRODOCS,,india,2026-07-22
PROFINC,,india,2026-07-27
PROGREXV,,india,2026-07-27
PROMACT,Promact Plastics Limited,india,2026-07-27
PROMAX,,india,2026-07-22
PROSTARM,PROSTARM INFO SYSTEMS LTD,india,2026-07-27
PROTEAN,PROTEAN EGOV TECHNO LTD,india,2026-07-27
PROZONER,PROZONE REALTY LIMITED,india,2026-07-27
PRSMJOHNSN,PRISM JOHNSON LIMITED,india,2026-07-27
PRSNTIN,PRASHANT INDIA LTD.,india,2026-07-24
PRUDENT,PRUDENT CORP ADV SER LTD,india,2026-07-27
PRUDMOULI,PRUDENTIAL SUGAR CORPORATION L,india,2026-07-27
PSB,PUNJAB & SIND BANK,india,2026-07-27
PSCELESTIA,,india,2026-07-24
PSITINFRA,PS IT INFRASTRUCTURE & SERVICE,india,2026-07-27
PSPL,,india,2026-07-23
PSPLATINA,,india,2026-07-27
PSPPROJECT,PSP PROJECTS LIMITED,india,2026-07-27
PSTITANIA,,india,2026-07-24
PTC,PTC INDIA LIMITED,india,2026-07-27
PTCIL,PTC INDUSTRIES LIMITED,india,2026-07-27
PTL,PTL ENTERPRISES LTD,india,2026-07-27
PULSRIN,PULSAR INTERNATIONAL LTD.,india,2026-07-27
PULSRIN-RE,,india,2026-01-13
PUNJABCHEM,PUNJAB CHEM & CROP PROT L,india,2026-07-27
PUNJCOMMU,PUNJAB COMMUNICATIONS LTD.,india,2026-07-27
PURETROP,PURETROP FRUITS LIMITED,india,2026-07-27
PURITY,,india,2026-03-16
PUROHITCON,,india,2026-07-23
PURPLE,PURPLE AGROTECH INDUSTRIES LIM,india,2026-07-27
PURPLEFIN,Purple Finance Limited,india,2026-07-27
PURPLEWAVE,PURPLE WAVE INFOCOM LIMITED,india,2026-07-27
PURSHOTTAM,PURSHOTTAM INVESTOFIN LTD,india,2026-07-27
PURVA,PURAVANKARA LIMITED,india,2026-07-27
PVP,PVP VENTURES LIMITED,india,2026-07-27
PVRINOX,PVR INOX LIMITED,india,2026-07-27
PVSL,POPULAR VEHICLES N SER L,india,2026-07-27
PVVIN-RE,,india,2026-02-17
PVVINFRA,PVV Infra Limited,india,2026-07-27
PWASML,Prakash Woollen & Synthetic Mi,india,2026-07-27
PWL,PHYSICSWALLAH LIMITED,india,2026-07-27
PYRAMID,PYRAMID TECHNOPLAST LTD,india,2026-07-27
QGO,QGO FINANCE LIMITED,india,2026-07-27
QLL,Qualitek Labs Limited,india,2026-07-27
QMSMEDI,QMS MEDICAL ALLIED S LTD,india,2026-07-27
QPOWER,QUALITY POWER ELECTRICAL EQUIP,india,2026-07-27
QRIL,,india,2026-07-22
QUADFUTURE,QUADRANT FUTURE TEK LTD,india,2026-07-27
QUADRANT,,india,2026-07-27
QUANTDIA,QUANTUM DIGITAL VISION (INDIA),india,2026-07-27
QUASAR,,india,2025-12-02
QUESS,QUESS CORP LIMITED,india,2026-07-27
QUESTCAP,QUEST CAPITAL MARKETS LIMITED,india,2026-07-27
QUESTFLOW,QUEST FLOW CONTROLS LIMITED,india,2026-07-27
QUICKHEAL,Quick Heal Technologies Limite,india,2026-07-27
QUINT,QUINT DIGITAL LTD.,india,2026-07-27
QUINTEGRA,,india,2026-07-20
RAAJMEDI,,india,2026-07-17
RAAMA,RAAMA FINANCE LIMITED,india,2026-07-27
RACE,RACE ECO CHAIN LIMITED,india,2026-07-27
RACHIT,Rachit Prints Limited,india,2026-07-24
RACLGEAR,RACL GEARTECH LIMITED,india,2026-07-27
RACONTEUR,,india,2026-07-22
RADAAN,RADAAN MEDIAWORKS (I) LTD,india,2026-07-27
RADHEDE,RADHE DEVELOPERS (INDIA) LTD.,india,2026-07-27
RADHIKAJWE,RADHIKA JEWELTECH LIMITED,india,2026-07-27
RADIANTCMS,RADIANT CASH MGMT SER LTD,india,2026-07-27
RADICO,RADICO KHAITAN LTD,india,2026-07-27
RADIOCITY,MUSIC BROADCAST LIMITED,india,2026-07-27
RADIXIND,RADIX INDUSTRIES (INDIA) LIMIT,india,2026-07-27
RAFL,,india,2026-07-17
RAGHUNAT,RAGHUNATH INTERNATIONAL LTD.,india,2026-07-27
RAGHUSYN,RAGHUVIR SYNTHETICS LTD.,india,2026-07-27
RAGHUTOB,RAGHUNATH TOBACCO CO.LTD.,india,2026-07-27
RAILTEL,RAILTEL CORP OF IND LTD,india,2026-07-27
RAIN,RAIN INDUSTRIES LIMITED,india,2026-07-27
RAINBOW,RAINBOW CHILDRENS MED LTD,india,2026-07-27
RAINBOWF,RAINBOW FOUNDATIONS LTD.,india,2026-07-27
RAJABAH,,india,2026-07-21
RAJESH,RAJESH POWER SERVICES LIMITED,india,2026-07-27
RAJESHEXPO,,india,2026-07-27
RAJGASES,,india,2025-12-10
RAJINFRA,,india,2026-07-27
RAJKOTINV,Rajkot Investment Trust Limite,india,2026-07-24
RAJKSYN,RAJKAMAL SYNTHETICS LTD.,india,2026-07-27
RAJMET,RAJNANDINI METAL LIMITED,india,2026-07-27
RAJNI-RE,,india,2025-08-04
RAJNISH,Rajnish Wellness Limited,india,2026-07-27
RAJOOENG,RAJOO ENGINEERS LTD.,india,2026-07-27
RAJPACK,RAJ PACKAGING INDUSTRIES LTD.,india,2026-07-27
RAJPALAYAM,RAJAPALAYAM MILLS LTD.,india,2026-07-27
RAJPUTANA,Rajputana Investment and Finan,india,2026-07-27
RAJRATAN,RAJRATAN GLOBAL WIRE LTD,india,2026-07-27
RAJRILTD,RAJ RAYON INDUSTRIES LIMITED,india,2026-07-27
RAJSEC,RAJASTHAN SECURITIES LIMITED,india,2026-07-27
RAJSPTR,,india,2026-07-27
RAJSREESUG,RAJSHREE SUGAR & CHEMICAL,india,2026-07-27
RAJTUBE,RAJASTHAN TUBE MANUFACTURING C,india,2026-07-27
RAJTV,RAJ TV NETWORK LTD,india,2026-07-27
RAJVI,,india,2026-06-15
RAJVIR,,india,2026-06-29
RAL,Resourceful Automobile Limited,india,2026-07-24
RALEGRA,RAVILEELA GRANITES LTD.,india,2026-07-27
RALLIS,RALLIS INDIA LTD,india,2026-07-27
RAMANEWS,SHREE RAMA NEWSPRINT LTD,india,2026-07-27
RAMAPETRO,,india,2026-07-27
RAMAPHO,RAMA PHOSPHATES LIMITED,india,2026-07-27
RAMAPPR-B,,india,2026-07-27
RAMASIGNS,,india,2026-06-01
RAMASTEEL,Rama Steel Tubes Limited,india,2026-07-27
RAMAVISION,RAMA VISION LTD.,india,2026-07-27
RAMBHAJO,ADVIT JEWELS LIMITED,india,2026-07-27
RAMCOCEM,THE RAMCO CEMENTS LIMITED,india,2026-07-27
RAMCOIND,RAMCO INDUSTRIES LIMITED,india,2026-07-27
RAMCOSYS,RAMCO SYSTEMS LTD.,india,2026-07-27
RAMGOPOLY,RAMGOPAL POLYTEX LTD.,india,2026-07-27
RAMINFO,RAMINFO LIMITED,india,2026-07-27
RAMKY,RAMKY INFRA LTD,india,2026-07-27
RAMRAT,RAM RATNA WIRES LIMITED,india,2026-07-27
RAMSONS,RAMSONS PROJECTS LTD.,india,2026-07-27
RANASUG,RANA SUGARS LTD.,india,2026-07-27
RANDER,RANDER CORPORATION LTD.,india,2026-07-27
RANEHOLDIN,RANE HOLDINGS LIMITED,india,2026-07-27
RANJEET,,india,2026-07-16
RANJITSE,RANJIT SECURITIES LTD.,india,2026-07-27
RAP,RAP CORP LIMITED,india,2026-07-27
RAPICUT,RAPICUT CARBIDES LTD.,india,2026-07-27
RAPID,,india,2026-07-23
RAPIDIN,,india,2026-07-21
RASANDIK,RASANDIK ENGINEERING INDUSTRIE,india,2026-07-27
RASIELEC,RASI ELECTRODES LTD.,india,2026-07-27
RASRESOR,RAS RESORTS & APART HOTELS LTD,india,2026-07-27
RASSIREF,,india,2026-07-27
RATEGAIN,RATEGAIN TRAVEL TECHN LTD,india,2026-07-27
RATHIBAR,RATHI BARS LTD.,india,2026-07-27
RATHIST,RATHI STEEL & POWER LTD.,india,2026-07-27
RATNABHUMI,Ratnabhumi Developers Limited,india,2026-07-24
RATNAMANI,RATNAMANI MET & TUB LTD.,india,2026-07-27
RATNAVEER,RATNAVEER PRECISION ENG L,india,2026-07-27
RAUNAQ,,india,2026-07-27
RAVALSUGAR,The Ravalgaon Sugar Farm Limit,india,2026-07-27
RAVEL,Ravelcare Limited,india,2026-07-27
RAWEDGE,Raw Edge Industrial Solutions,india,2026-07-27
RAYALEMA,ROYALE MANOR HOTELS & INDUSTRI,india,2026-07-27
RAYLA,,india,2025-09-15
RAYMOND,RAYMOND LTD,india,2026-07-27
RAYMONDLSL,RAYMOND LIFESTYLE LIMITED,india,2026-07-27
RAYMONDREL,RAYMOND REALTY LIMITED,india,2026-07-27
RBA,RESTAURANT BRAND ASIA LTD,india,2026-07-27
RBLBANK,RBL BANK LIMITED,india,2026-07-27
RBZJEWEL,RBZ JEWELLERS LIMITED,india,2026-07-27
RCAN,Rajeshwari Cans Limited,india,2026-07-27
RCCEMEN,,india,2026-04-13
RCCL,Rajasthan Cylinders & Containe,india,2026-07-27
RCF,RASHTRIYA CHEMICALS & FER,india,2026-07-27
RCIIND,,india,2025-11-24
RCL,ROYAL CARIBBEAN CRUISES LTD,india,2026-07-27
RCOM,RELIANCE COMMUNICATIONS LTD.,india,2026-07-27
RDBIPL,RDB INFRASTRUCTURE AND POWER L,india,2026-07-27
RDBRL,RDB RASAYANS LTD.,india,2026-07-27
RDEL,,india,2026-07-27
RDGAIL,RUKMANI DEVI GARG AGRO IMPEX L,india,2026-07-24
REALECO,REAL ECO-ENERGY LIMITED,india,2026-07-27
RECLTD,REC LIMITED,india,2026-07-27
RECODE,RECODE STUDIOS LIMITED,india,2026-07-27
REDINGTON,REDINGTON LIMITED,india,2026-07-27
REDTAPE,REDTAPE LIMITED,india,2026-07-27
REETECH,,india,2026-07-20
REFEX,REFEX INDUSTRIES LIMITED,india,2026-07-27
REFEXRENEW,,india,2026-07-27
REGAAL,REGAAL RESOURCES LIMITED,india,2026-07-27
REGAL,REGAL ENTERTAINMENT & CONSULTA,india,2026-07-27
REGAL-RE,,india,2026-04-15
REGANTO,,india,2026-07-27
REGENCERAM,REGENCY CERAMICS LTD.,india,2026-07-27
REGENCY,REGENCY FINCORP LIMITED,india,2026-07-27
REGENTRP,Regent Enterprises Limited,india,2026-07-27
REGIS,REGIS INDUSTRIES LIMITED,india,2026-07-27
RELAXO,RELAXO FOOT LTD.,india,2026-07-27
RELCHEMQ,RELIANCE CHEMOTEX IND LTD,india,2026-07-27
RELIABLE,RELIABLE DATA SERVICE LTD,india,2026-07-27
RELIABVEN,RELIABLE VENTURES INDIA LTD.,india,2026-07-27
RELIANCE,RELIANCE INDUSTRIES LTD,india,2026-07-27
"RELIANCE#",,india,2025-07-25
RELICAB,Relicab Cable Manufacturing Li,india,2026-07-27
RELICTEC,RELIC TECHNOLOGIES LTD.,india,2026-07-27
RELIGARE,RELIGARE ENTER. LTD.,india,2026-07-27
RELINFRA,,india,2026-07-27
RELTD,RAVINDRA ENERGY LIMITED,india,2026-07-27
RELTD-RE,,india,2026-06-19
REMAGNET,MIDWEST ENERGY LIMITED,india,2026-07-27
REMIEDEL,REMI EDELSTAHL TUBULARS LIMITE,india,2026-07-27
REMLIFE,,india,2026-01-20
REMSONSIND,REMSONS INDUSTRIES LTD,india,2026-07-27
RENUKA,SHREE RENUKA SUGARS LTD,india,2026-07-27
REPCOHOME,REPCO HOME FINANCE LTD,india,2026-07-27
REPL,"Replimune Group, Inc.",india,2026-06-17
REPONO,REPONO LIMITED,india,2026-07-27
REPRO,REPRO INDIA LIMITED,india,2026-07-27
RESGEN,RESGEN LIMITED,india,2026-07-27
RESONANCE,RESONANCE SPECIALTIES LTD.,india,2026-07-27
RESPONIND,RESPONSIVE INDUSTRIES LTD,india,2026-07-27
RESPONSINF,RESPONSE INFORMATICS LTD,india,2026-07-27
RESTILE,RESTILE CERAMICS LTD.,india,2026-07-27
RETAGGIO,Retaggio Industries Limited,india,2026-07-27
RETAIL,JHS SVENDGAARD RETAIL V L,india,2026-07-27
RETINA,Retina Paints Limited,india,2026-07-27
REVAMEDIA,,india,2026-07-22
REVAORG,,india,2025-07-29
REXNORD,REXNORD ELECTRONICS & CONTROLS,india,2026-07-27
REXSEAL,,india,2026-06-12
RFIL,Rajnandini Fashion India Limit,india,2026-07-27
RFL,RUPAREL FOOD PRODUCTS LIMITED,india,2026-07-27
RFLL,RITA FINANCE AND LEASING LIMIT,india,2026-07-27
RFSL,Richfield Financial Services L,india,2026-07-27
RGF,RGF Capital Markets Limited,india,2026-07-27
RGIL,Rotographics (India) Limited,india,2026-07-27
RGL,RENAISSANCE GLOBAL LTD,india,2026-07-27
RGRL,,india,2026-07-27
RHETAN,RHETAN TMT LIMITED,india,2026-07-27
RHFL,,india,2026-07-27
RHIM,RHI MAGNESITA INDIA LTD,india,2026-07-27
RHL,ROBUST HOTELS LIMITED,india,2026-07-27
RIBATEX,RIBA TEXTILES LTD.,india,2026-07-27
RICHAIND,,india,2025-11-03
RICHUNV,RICH UNIVERSE NETWORK LTD.,india,2026-07-27
RICOAUTO,RICO AUTO INDUSTRIES LTD,india,2026-07-27
RIDDHI,RIDDHI SIDDHI GLUCO BIOLS LTD.,india,2026-07-27
RIDDHICORP,Riddhi Corporate Services Limi,india,2026-07-27
RIIL,RELIANCE INDUSTRIAL INFRA,india,2026-07-27
RIIT,,india,2026-07-27
RIKHAV,Rikhav Securities Limited,india,2026-07-27
RIR,RIR POWER ELECTRONICS L,india,2026-07-27
RISAINTL,RISA INTERNATIONAL LTD.,india,2026-07-27
RISHABH,RISHABH INSTRUMENTS LTD,india,2026-07-27
RISHDIGA,RISHABH DIGHA STEEL & ALLIED P,india,2026-07-27
RISHILASE,,india,2026-07-27
RISHIROOP,Rishiroop Limited,india,2026-07-27
RISHITECH,RISHI TECHTEX LTD.,india,2026-07-27
RISHYRN,,india,2026-07-23
RITCO,RITCO LOGISTICS LIMITED,india,2026-07-27
RITES,RITES LIMITED,india,2026-07-27
RITESHIN,RITESH INTERNATIONAL LTD.,india,2026-07-27
RITHWIKFMS,,india,2026-06-24
RIYAASAT,Riyaasat Lifestyle Limited,india,2026-07-27
RJSHAH,,india,2026-07-24
RKDAGRRTL,RKD AGRI AND RETAIL LIMITED,india,2026-07-27
RKDL,RAVI KUMAR DIST. LTD.,india,2026-07-27
RKEC,RKEC PROJECTS LIMITED,india,2026-07-27
RKFORGE,RAMKRISHNA FORGINGS LTD,india,2026-07-27
RKSWAMY,R K SWAMY LIMITED,india,2026-07-27
RLF,RLF LTD.,india,2026-07-27
RLFL,,india,2026-06-30
RMC,RMC SWITCHGEARS LIMITED,india,2026-07-27
RMDRIP,R M DRIP & SPRINK SYS LTD,india,2026-07-27
RML,RANE (MADRAS) LIMITED,india,2026-07-27
RNBDENIMS,R&B DENIMS LIMITED,india,2026-07-27
RNITAI,RNIT AI SOLUTIONS LIMITED,india,2026-07-27
ROADSTAR,,india,2026-07-13
ROBU,Macfos Limited,india,2026-07-27
RODIUM,RODIUM REALTY LIMITED,india,2026-07-27
ROHLTD,ROYAL ORCHID HOTELS LTD,india,2026-07-27
ROJL,RO Jewels Limited,india,2026-07-27
ROLCOEN,,india,2026-07-27
ROLEXRINGS,ROLEX RINGS LIMITED,india,2026-07-27
ROLLT,ROLLATAINERS LTD.,india,2026-07-27
ROLTA,,india,2025-12-17
ROML,RAJ OIL MILLS LIMITED,india,2026-07-27
RONI,Roni Households Limited,india,2026-07-27
ROOPAIND,,india,2026-07-27
ROOPSHRI,,india,2026-04-15
ROSELABS,ROSELABS FINANCE LTD.,india,2026-07-27
ROSEMER,ROSE MERC.LTD.,india,2026-07-27
ROSSARI,ROSSARI BIOTECH LIMITED,india,2026-07-27
ROSSELLIND,ROSSELL INDIA LIMITED,india,2026-07-27
ROSSTECH,ROSSELL TECHSYS LIMITED,india,2026-07-27
ROTO,ROTO PUMPS LIMITED,india,2026-07-27
ROUTE,ROUTE MOBILE LIMITED,india,2026-07-27
ROYAL,Royal Sense Limited,india,2026-07-27
ROYALCU,ROYAL CUSHION VINYL PRODUCTS L,india,2026-07-27
ROYALIND,ROYAL INDIA CORPORATION LIMITE,india,2026-07-27
RPEL,RAGHAV PRODUCTIVITY ENH L,india,2026-07-27
RPGLIFE,RPG LIFE SCIENCES LTD,india,2026-07-27
RPOWER,RELIANCE POWER LTD.,india,2026-07-27
RPPINFRA,R.P.P INFRA PROJECTS LTD,india,2026-07-27
RPPL,RAJSHREE POLYPACK LTD,india,2026-07-27
RPSGVENT,RPSG VENTURES LIMITED,india,2026-07-27
RPTECH,RASHI PERIPHERALS LIMITED,india,2026-07-27
RRECL,RDB Real Estate Constructions,india,2026-07-27
RRETAIL,RAJNISH RETAIL LIMITED,india,2026-07-27
RRFIN,RR FINANCIAL CONSULTANTS LTD.,india,2026-07-27
RRIL,R R I L LTD.,india,2026-07-27
RRKABEL,R R KABEL LIMITED,india,2026-07-27
RRMETAL,RR METALMAKERS INDIA LIMITED,india,2026-07-27
RRP,,india,2026-07-27
RRPDEFENSE,,india,2026-07-27
RRSECUR,,india,2026-07-06
RSCINT,RSC INTERNATIONAL LTD.,india,2026-07-27
RSDFIN,R S D FINANCE LTD.,india,2026-07-27
RSL,RAJPUTANA STAINLESS LTD,india,2026-07-27
RSSOFTWARE,R.S.SOFTWARE INDIA LTD.,india,2026-07-27
RSTL,,india,2026-06-30
RSWM,RSWM LTD.,india,2026-07-27
RSYSTEMS,R SYS INTERNATIONAL LTD,india,2026-07-27
RTFL,,india,2026-07-27
RTNINDIA,RATTANINDIA ENT LIMITED,india,2026-07-27
RTNPOWER,RATTANINDIA POWER LIMITED,india,2026-07-27
RTSPOWR,RTS POWER CORPORATION LTD.,india,2026-07-27
RUBFILA,RUBFILA INTERNATIONAL LTD,india,2026-07-27
RUBICON,RUBICON RESEARCH LIMITED,india,2026-07-27
RUBYMILLS,RUBY MILLS LTD.,india,2026-07-27
RUCHINFRA,RUCHI INFRASTRUCTURE LTD,india,2026-07-27
RUCHIRA,RUCHIRA PAPERS LIMITED,india,2026-07-27
RUDRA,,india,2026-07-27
RUDRAECO,RUDRA ECOVATION LIMITED,india,2026-07-27
RUDRAGAS,Rudra Gas Enterprise Limited,india,2026-07-27
RUNGTAIR,RUNGTA IRRIGATION LTD.,india,2026-07-27
RUPA,RUPA & COMPANY LTD,india,2026-07-27
RUSHIL,RUSHIL DECOR LIMITED,india,2026-07-27
RUSTOMJEE,KEYSTONE REALTORS LIMITED,india,2026-07-27
RVHL,RAVINDER HEIGHTS LIMITED,india,2026-07-27
RVNL,RAIL VIKAS NIGAM LIMITED,india,2026-07-27
RVTH,REVATHI EQUIPMENT INDIA L,india,2026-07-27
S&SPOWER,S&S POWER SWITCHGEARS LTD,india,2026-07-27
SAATVIKGL,SAATVIK GREEN ENERGY LTD,india,2026-07-27
SAB,SAB INDUSTRIES LIMITED,india,2026-07-24
SABEVENTS,SAB EVENTS & GOVERNANCE,india,2026-07-27
SABOOSOD,SABOO SODIUM CHLORO LTD.,india,2026-07-27
SABTNL,,india,2026-02-10
SACHEMT,SACHETA METALS LTD.,india,2026-07-27
SADBHAV,SADBHAV ENGINEERING LTD,india,2026-07-27
SADBHIN,Sadbhav Infrastructure Project,india,2026-07-27
SADHNA-RE,,india,2026-03-05
SADHNANIQ,SADHANA NITROCHEM LTD.,india,2026-07-27
SAENTER,,india,2026-07-21
SAFARI,SAFARI IND (INDIA) LTD,india,2026-07-27
"SAFARI#",,india,2025-10-29
SAFE,Sodhani Academy of Fintech Ena,india,2026-07-27
SAFECURE,Safecure Services Limited,india,2026-07-24
SAFFRON,SAFFRON INDUSTRIES LIMITED,india,2026-07-27
SAGARDEEP,SAGARDEEP ALLOYS LIMITED,india,2026-07-27
SAGARSOFT,Sagarsoft (India) Limited,india,2026-07-27
SAGCEM,SAGAR CEMENTS LIMITED,india,2026-07-27
SAGILITY,SAGILITY LIMITED,india,2026-07-27
SAGL,,india,2025-08-08
SAH,SONIC AUTOMOTIVE INC,india,2025-08-21
SAHARAHOUS,SAHARA HOUSINGFINA CORPORATION,india,2026-07-27
SAHLIBHFI,SHALIBHADRA FINANCE LTD,india,2026-07-27
SAHYADRI,SAHYADRI INDUSTRIES LTD,india,2026-07-27
SAI,,india,2025-12-01
SAICAPI,SAI CAPITAL LTD.,india,2026-07-27
SAICOM,SAIANAND COMMERCIAL LIMITED,india,2026-07-27
SAIL,STEEL AUTHORITY OF INDIA,india,2026-07-27
SAILANI,,india,2026-07-23
SAILIFE,SAI LIFE SCIENCES LIMITED,india,2026-07-27
SAINIK,SAINIK FINANCE & INDUSTRIES LT,india,2026-07-27
SAIPARENT,SAI PARENTERALS LIMITED,india,2026-07-27
SAKAR,SAKAR HEALTHCARE LIMITED,india,2026-07-27
SAKHTISUG,SAKTHI SUGARS LTD,india,2026-07-27
SAKSOFT,SAKSOFT LIMITED,india,2026-07-27
SAKTHIFIN,SAKTHI FINANCE LTD.,india,2026-07-27
SAKUMA,SAKUMA EXPORTS LTD.,india,2026-07-27
SALASAR,SALASAR TECHNO ENGG. LTD.,india,2026-07-27
SALAUTO,SAL AUTOMOTIVE LIMITED,india,2026-07-27
SALEM,Salem Erode Investments Ltd.,india,2026-07-27
SALGUTI,,india,2026-07-23
SALONA,SALONA COTSPIN LTD.,india,2026-07-27
SALORAINTL,,india,2026-07-27
SALSAIN,SHREE SALASAR INVESTMENT LTD.,india,2026-07-27
SALSTEEL,S.A.L.STEEL LTD.,india,2026-07-27
SALZERELEC,SALZER ELECTRONICS LTD,india,2026-07-27
SAMBANDAM,,india,2026-07-27
SAMBHAAV,SAMBHAAV MEDIA LTD,india,2026-07-27
SAMBHV,SAMBHV STEEL TUBES LTD,india,2026-07-27
SAMHI,SAMHI HOTELS LIMITED,india,2026-07-27
SAMINDUS,SAM INDUSTRIES LTD.,india,2026-07-27
SAMKRG,SAMKRG PISTONS & RINGS LTD.,india,2026-07-27
SAMMAANCAP,SAMMAAN CAPITAL LIMITED,india,2026-07-27
SAMOR,Samor Reality Limited,india,2026-07-27
SAMPANN,SAMPANN UTPADAN INDIA LTD,india,2026-07-27
SAMPAT,SAMPAT ALUMINIUM LIMITED,india,2026-07-24
SAMPRE,SAMPRE NUTRITIONS LTD.,india,2026-07-27
SAMRATFORG,,india,2026-07-27
SAMRATPH,SAMRAT PHARMACHEM LTD.,india,2026-07-27
SAMSRITA,SAMSRITA LABS LIMITED,india,2026-07-27
SAMTELIN,SAMTEL INDIA LTD.,india,2026-07-27
SAMTEX,SAMTEX FASHIONS LTD.,india,2026-07-27
SAMYAKINT,SAMYAK INTERNATIONAL LTD.,india,2026-07-27
SANATHAN,SANATHAN TEXTILES LIMITED,india,2026-07-27
SANBLUE,SANBLUE CORPORATION LTD.,india,2026-07-27
SANCF,,india,2026-07-27
SANCODE,Sancode Technologies Limited,india,2026-07-27
SANCTRN,SANCO TRANS LTD.,india,2026-07-24
SANDESH,SANDESH LTD,india,2026-07-27
SANDHAR,SANDHAR TECHNOLOGIES LTD,india,2026-07-27
SANDUMA,SANDUR MANG & IRON ORES L,india,2026-07-27
SANDUPHQ,SANDU PHARMACEUTICALS LTD.,india,2026-07-27
SANGAMFIN,Sangam Finserv Limited,india,2026-07-27
SANGAMIND,SANGAM (INDIA) LTD,india,2026-07-27
SANGHIIND,,india,2026-04-02
SANGHVIMOV,SANGHVI MOVERS LTD,india,2026-07-27
SANGINITA,,india,2026-02-25
SANINFRA,SANMIT INFRA LIMITED,india,2026-07-27
SANJIVIN,SANJIVANI PARANTERAL LTD.,india,2026-07-27
SANOFI,SANOFI INDIA LIMITED,india,2026-07-27
SANOFICONR,SANOFI CONS HEALTHC IND L,india,2026-07-27
SANPA,,india,2026-07-27
SANSERA,SANSERA ENGINEERING LTD,india,2026-07-27
SANSTAR,SANSTAR LIMITED,india,2026-07-27
SANTETX,SANRHEA TECHNICAL TEXTILES LTD,india,2026-07-27
SANTOSHF,,india,2026-06-23
SANWARIA,,india,2026-07-27
SAPL,Sar  Auto Products Limited,india,2026-07-27
SAPPHIRE,SAPPHIRE FOODS INDIA LTD,india,2026-07-27
SAPPL,SHREE AJIT PULP & PAPER L,india,2026-07-27
SARDAEN,SARDA ENERGY & MIN LTD,india,2026-07-27
SAREGAMA,SAREGAMA INDIA LIMITED,india,2026-07-27
SARLAPOLY,SARLA PERF. FIBERS LTD,india,2026-07-27
SARTHAKGL,,india,2026-07-23
SARTHAKIND,SARTHAK INDUSTRIES LTD.,india,2026-07-27
SARUPINDUS,SARUP INDUSTRIES LTD.,india,2026-07-27
SARVES-RE,,india,2025-09-11
SARVESHWAR,Sarveshwar Foods Limited,india,2026-07-27
SARVOTTAM,Survottam Finvest Ltd.,india,2026-07-27
SASHWAT,,india,2026-07-13
SASKEN,SASKEN TECHNOLOGIES LTD,india,2026-07-27
SASTASUNDR,,india,2026-04-29
SATAGRI,,india,2026-02-23
SATANIBRG,,india,2026-07-27
SATCH,SATCHMO HOLDINGS LIMITED,india,2026-07-27
SATIA,SATIA INDUSTRIES LIMITED,india,2026-07-27
SATIN,SATIN CREDIT NET LTD,india,2026-07-27
SATINDLTD,,india,2025-06-24
SATTRIX,,india,2026-07-27
SATTVASUKU,SATTVA SUKUN LIFECARE LIMITED,india,2026-07-27
SAUMYA,Saumya Consultants Ltd.,india,2026-07-27
SAURASHCEM,SAURASHTRA CEMENT LIMITED,india,2026-07-27
SAVERA,SAVERA INDUSTRIES LTD.,india,2026-07-27
SAVFI,,india,2026-02-06
SAWACA,SAWACA ENTERPRISES LIMITED,india,2026-07-27
SAYAJIHOTL,SAYAJI HOTELS LTD.,india,2026-07-27
SAYAJIIND,Sayaji Industries Limited,india,2026-07-27
SBC,SBC EXPORTS LIMITED,india,2026-07-27
SBCL,SHIVALIK BIMETAL CON. LTD,india,2026-07-27
SBECSUG,SBEC SUGAR LTD.,india,2026-07-27
SBECSYS,SBEC SYSTEMS (INDIA) LTD.,india,2026-07-27
SBFC,SBFC FINANCE LIMITED,india,2026-07-27
SBFL,Shree Bhavya Fabrics Limited,india,2026-07-24
SBGLP,SURATWWALA BUS GROUP LTD,india,2026-07-27
SBICARD,SBI CARDS & PAY SER LTD,india,2026-07-27
SBIFUNDS,SBI FUNDS MANAGEMENT LTD,india,2026-07-27
SBILIFE,SBI LIFE INSURANCE CO LTD,india,2026-07-27
SBIN,STATE BANK OF INDIA,india,2026-07-27
"SBIN#",,india,2025-10-28
SBL,,india,2026-07-27
SBLI,,india,2026-07-27
SBRANDS,,india,2026-07-27
SBVCL,Shri Balaji Valve Components L,india,2026-07-27
SCAGRO,SC Agrotech Limited,india,2026-07-27
SCANPRO,SCAN PROJECTS LTD.,india,2026-07-27
SCANSTL,SCAN STEELS LTD.,india,2026-07-27
SCARNOSE,,india,2026-02-10
SCBL,,india,2026-07-23
SCC,Scintilla Commercial & Credit,india,2026-07-27
SCDL,SAFETY CONTROLS & DEVICES LIMI,india,2026-07-27
SCHAEFFLER,SCHAEFFLER INDIA LIMITED,india,2026-07-27
SCHAND,S CHAND AND COMPANY LTD,india,2026-07-27
SCHNEIDER,SCHNEIDER ELECTRIC INFRA,india,2026-07-27
SCI,SHIPPING CORP OF INDIA LT,india,2026-07-27
SCILAL,SHIPPING CORP OF ILA LTD,india,2026-07-27
SCL,STEPAN CO,india,2026-04-28
SCL0182025,,india,2026-07-02
SCL01825,,india,2026-06-29
SCL190325A,,india,2026-03-30
SCL19325A,,india,2026-02-17
SCL25924A,,india,2026-06-15
SCL25924D,,india,2026-01-27
SCL25B,,india,2025-09-10
SCL271224A,,india,2026-05-14
SCL271224B,,india,2025-09-05
SCL310524,,india,2026-02-09
SCL310524A,,india,2026-06-30
SCLZC25B,,india,2025-07-02
SCLZC25D,,india,2025-09-23
SCLZC25F,,india,2025-11-17
SCLZC26,,india,2026-07-14
SCLZC26A,,india,2026-07-22
SCLZC26B,,india,2026-05-25
SCLZC26C,,india,2026-07-27
SCLZC26E,,india,2026-03-13
SCLZC26G,,india,2026-07-21
SCODATUBES,SCODA TUBES LIMITED,india,2026-07-27
SCOOBEE-RE,,india,2025-09-16
SCOOBEEDAY,SCOOBEE DAY GARMENTS (INDIA) L,india,2026-07-24
SCPL,SHEETAL COOL PRODUCTS LTD,india,2026-07-27
SCTL,Suncare Traders Limited,india,2026-07-27
SDBL,SOM DIST & BREW LTD,india,2026-07-27
SDC,,india,2026-05-12
SDL,Span Divergent Limited,india,2026-07-27
SEACOAST,,india,2025-12-29
SEALMATIC,Sealmatic India Limited,india,2026-07-27
SEAMECLTD,SEAMEC LIMITED,india,2026-07-27
SEASONST,SEASONS TEXTILES LTD.,india,2026-07-27
SEATV,SEA TV NETWORK LTD.,india,2026-07-27
SECMARK,SECMARK CONSULTANCY LTD,india,2026-07-27
SECURKLOUD,SECUREKLOUD TECH LIMITED,india,2026-07-27
SEDEMAC,SEDEMAC MECHATRONICS LTD,india,2026-07-27
SEEMAX,Seemax Resources Limited,india,2026-07-27
SEIL,SHANTI EDU INITIATIVES L,india,2026-07-27
SEJALLTD,SEJAL GLASS LIMITED,india,2026-07-27
SEKURITIND,SAINT-GOBAIN SEKURIT INDIA LTD,india,2026-07-27
SEL,SANATHNAGAR ENTERPRISES LIMITE,india,2026-07-27
SELAN,,india,2025-09-19
SELECTRIC,Schneider Electric President S,india,2026-07-27
SELLWIN,,india,2026-06-03
SELMC,SEL MANUFACTURING CO LTD,india,2026-07-27
SEMAC,,india,2026-07-22
SEML,Sunrise Efficient Marketing Li,india,2026-07-27
SENCO,SENCO GOLD LIMITED,india,2026-07-27
SENINFO,,india,2026-07-20
SENORES,SENORES PHARMACEUTICALS L,india,2026-07-27
SEPC,SEPC LIMITED,india,2026-07-27
SEQUENT,,india,2026-01-22
SERA,SERA INVESTMENTS & FINANCE IND,india,2026-07-27
SERIND,,india,2026-04-24
SERVOTECH,SERVOTECH REN POW SYS LTD,india,2026-07-27
SESHACHAL,SESHACHAL TECHNOLOGIES LTD.,india,2026-07-27
SESHAPAPER,SESHASAYEE PAPER & BOARDS,india,2026-07-27
SETCO,SETCO AUTOMOTIVE LTD.,india,2026-07-27
SETL,STANDARD ENGNG TCNLGY LTD,india,2026-07-27
SETUINFRA,,india,2026-07-27
SEVENHILL,,india,2025-12-15
SEVL,SUPERTECH EV LIMITED,india,2026-07-27
SEYAIND,,india,2026-07-27
SFL,SHEELA FOAM LIMITED,india,2026-07-27
SFL011225,,india,2026-07-27
SFL040425D,,india,2026-07-27
SFL26A,,india,2026-02-02
SFL27,,india,2026-07-22
SFL270224,,india,2026-02-02
SFL270224A,,india,2026-06-30
SFL2722024,,india,2026-05-25
SFL27224,,india,2025-11-25
SFL290825D,,india,2025-12-01
SFL290825E,,india,2026-07-20
SFL290825F,,india,2025-09-25
SFL30,,india,2026-07-10
SFLGSEC26,,india,2026-02-04
SFLZC25,,india,2025-08-04
SFLZC26,,india,2025-12-12
SFLZC26A,,india,2026-07-27
SFPIL,SQUARE FOUR PROJECTS INDIA LIM,india,2026-07-27
SFSL,,india,2026-06-23
SGFIN,SG FINSERVE LIMITED,india,2026-07-27
SGFRL,Suyog Gurbaxani Funicular Rope,india,2026-07-27
SGIL,SYNERGY GREEN IND. LTD,india,2026-07-27
SGL,STL GLOBAL LIMITED,india,2026-07-27
SGLRES,SGL RESOURCES LIMITED,india,2026-07-27
SGLTL,,india,2026-01-16
SGMART,SG MART LIMITED,india,2026-07-27
SGNTE,SGN TELECOMS LTD.,india,2026-07-27
SGRL,Shree Ganesh Remedies Limited,india,2026-07-27
SGS301025,,india,2026-07-27
SGSL301025,,india,2026-07-17
SHADOWFAX,SHADOWFAX TECHNOLOGIES L,india,2026-07-27
SHAH,SHAH METACORP LIMITED,india,2026-07-27
SHAH-RE1,,india,2026-06-19
SHAHALLOYS,SHAH ALLOYS LIMITED,india,2026-07-27
SHAHFOOD,SHAH FOODS LTD.,india,2026-07-27
SHAHISHIP,Shahi Shipping Limited,india,2026-07-27
SHAHLON,Shahlon Silk Industries Limite,india,2026-07-27
SHAILY,SHAILY ENG PLASTICS LTD,india,2026-07-27
SHAKTI-RE,,india,2026-05-25
SHAKTIPR,SHAKTI PRESS LTD.,india,2026-07-27
SHAKTIPUMP,SHAKTI PUMPS (I) LTD,india,2026-07-27
SHALBY,SHALBY LIMITED,india,2026-07-27
SHALIWIR,SHALIMAR WIRES INDUSTRIES LTD.,india,2026-07-27
SHALPAINTS,SHALIM PAINTS LTD,india,2026-07-27
SHALPRO,SHALIMAR PRODUCTIONS LTD.,india,2026-07-27
SHAMROIN,,india,2026-07-27
SHANGAR,SHANGAR DECOR LIMITED,india,2026-07-27
SHANKARA,SHANKARA BLDG PRODUCT LTD,india,2026-07-27
SHANMUGA,SHANMUGA HOSPITAL LIMITED,india,2026-07-27
SHANTAI,,india,2026-07-27
SHANTI,SHANTI OVERSEAS INDIA LTD,india,2026-07-27
SHANTIDENM,SHANTI SPINTEX LIMITED,india,2026-07-27
SHANTIGEAR,SHANTHI GEARS LTD,india,2026-07-27
SHANTIGOLD,SHANTI GOLD INTERNATION L,india,2026-07-27
SHANTIGURU,,india,2026-07-23
SHAQUAK,SHANTANU SHEOREY AQUAKULT LTD.,india,2026-07-27
SHARDACROP,SHARDA CROPCHEM LTD.,india,2026-07-27
SHARDAMOTR,SHARDA MOTOR INDS LTD,india,2026-07-27
SHARDUL,SHARDUL SECURITIES LTD.,india,2026-07-27
SHAREINDIA,SHARE IND. SECURITIES LTD,india,2026-07-27
SHARIKA,SHARIKA ENTERPRISES LIMITED,india,2026-07-27
SHARMEH,SHARMA EAST INDIA HOSPITALS &,india,2026-07-27
SHARP,,india,2026-07-27
SHARPINV,SHARP INVESTMENTS LTD,india,2026-07-27
SHARPLINE,SHARPLINE BROADCAST LIMITED,india,2026-07-27
SHARVAYA,SHARVAYA METALS LIMITED,india,2026-07-27
SHASHANK,,india,2026-04-23
SHASHIJIT,Shashijit Infraprojects Limite,india,2026-07-27
SHAWGELTIN,NARMADA GELATINES LTD.,india,2026-07-27
SHAYONAENG,SHAYONA ENGINEERING LIMITED,india,2026-07-27
SHBAJRG,SHRI BAJRANG ALLIANCE L,india,2026-07-27
SHEKHAWATI,SHEKHAWATI INDUSTRIES LIMITED,india,2026-07-27
SHELTER,SHELTER PHARMA LIMITED,india,2026-07-27
SHEMAROO,SHEMAROO ENTERTAINMENT LIMITED,india,2026-07-27
SHENTRA,SHENTRACON CHEMICALS LTD.,india,2026-07-27
SHERVANI,SHERVANI INDUSTRIAL SYNDICATE,india,2026-07-27
SHESHAINDS,SHESHADRI INDUSTRIES LIMITED,india,2026-07-27
SHETR,SHETRON LTD.,india,2026-07-27
SHGANEL,SHREE GANESH ELASTOPLAST LTD.,india,2026-07-24
SHHARICH,SHREE HARI CHEMICALS EXPORT LT,india,2026-07-27
SHIKHAR,,india,2026-07-23
SHILCTECH,SHILCHAR TECHNOLOGIES LTD,india,2026-07-27
SHILGRAVQ,SHILP GRAVURES LTD.,india,2026-07-27
SHILINDORE,,india,2026-07-21
SHILPAMED,SHILPA MEDICARE LTD,india,2026-07-27
SHINDL,SHARAT INDUSTRIES LTD.,india,2026-07-27
SHINEFASH,Shine Fashions (India) Limited,india,2026-07-27
SHIPWAVES,Shipwaves Online Limited,india,2026-07-27
SHISHIND,Shish Industries Limited,india,2026-07-27
SHIVA,Shivansh Finserv Limited,india,2026-07-27
SHIVAAGRO,SHIVA GLOBAL AGRO INDUSTRIES L,india,2026-07-27
SHIVACEM,SHIVA CEMENT LTD.,india,2026-07-27
SHIVAEXPO,,india,2026-06-22
SHIVAGR,,india,2026-07-23
SHIVALIK,Shivalik Rasayan Ltd.,india,2026-07-27
SHIVAM,SHIVAM CHEMICALS LIMITED,india,2026-07-27
SHIVAMAUTO,SHIVAM AUTOTECH LTD.,india,2026-07-27
SHIVAMILLS,Shiva Mills Limited,india,2026-07-24
SHIVATEX,SHIVA TEXYARN LIMITED,india,2026-07-27
SHIVAUM,SHIV AUM STEELS LIMITED,india,2026-07-27
SHIVTEXCHEM,SHIV TEXCHEM LIMITED,india,2026-07-27
SHK,S H KELKAR AND CO. LTD.,india,2026-07-27
SHKALYN,,india,2026-01-06
SHKARTP,SHREE KARTHIK PAPERS LTD.,india,2026-07-27
SHLOKKA,SHLOKKA DYES LIMITED,india,2026-07-27
SHOORA,,india,2026-07-23
SHOPERSTOP,SHOPPERS STOP LIMITED,india,2026-07-27
SHPLPUNE,Sayaji Hotels (Pune) Limited,india,2026-07-27
SHRAAITECH,Shradha AI Technologies Limite,india,2026-07-27
SHRADDHA,SHRADDHA PRIME PROJECTS LTD,india,2026-07-27
SHRADHA,SHRADHA REALTY LIMITED,india,2026-07-27
SHRAJOI,,india,2026-07-10
SHRAJSYNQ,,india,2026-07-27
SHRDAIS,SHARDA ISPAT LTD.,india,2026-07-27
SHREDIGCEM,SHREE DIGVIJAY CEM CO LTD,india,2026-07-27
SHREE,,india,2026-07-23
SHREECEM,SHREE CEMENT LIMITED,india,2026-07-27
SHREEGANES,Shree Ganesh Biotech (India) L,india,2026-07-27
SHREEJISPG,SHREEJI SHIPPING GLOBAL L,india,2026-07-27
SHREENATH,SHREENATH PAPER PRODUCTS LIMIT,india,2026-07-27
SHREEPAC,SHREE PACETRONIX LTD.,india,2026-07-27
SHREEPUSHK,SHRE PUSH CHEM & FERT LTD,india,2026-07-27
SHREERAMA,SHREE RAMA MULTI TECH LTD,india,2026-07-27
SHREEREF,SHREE REFRIGERATIONS LIMITED,india,2026-07-27
SHREESEC,,india,2026-07-27
SHREESHAY,,india,2026-05-21
SHREMETAL,SHREE METALLOYS LTD.,india,2026-07-27
SHRENIK,,india,2026-01-01
SHREYANIND,SHREYANS INDUSTRIES LTD,india,2026-07-27
SHREYASI,SHREYAS INTERMEDIATES LTD.,india,2026-07-27
SHRICON,SHRICON INDUSTRIES LTD.,india,2026-07-27
SHRIDINE,SHRI DINESH MILLS LTD.,india,2026-07-27
SHRIGANG,SHRI GANG INDUSTRIES AND ALLIE,india,2026-07-27
SHRIKRISH,SHRI KRISHNA DEVCON LTD.,india,2026-07-27
SHRINGARMS,SHRINGAR HOU OF MANGALS L,india,2026-07-27
SHRINIWAS,Shri Niwas Leasing and Finance,india,2026-07-27
SHRIPISTON,SPR AUTO TECHNOLOGIES LTD,india,2026-07-27
SHRIRAMFIN,SHRIRAM FINANCE LIMITED,india,2026-07-27
SHRIRAMPPS,SHRIRAM PROPERTIES LTD,india,2026-07-27
SHRISTI,,india,2026-07-27
SHRJAGP,SHRI JAGDAMBA POLYMERS LTD.,india,2026-07-27
SHRMFGC,SHREE MANUFACTURING CO.LTD.,india,2026-07-27
SHRYDUS,SHRYDUS INDUSTRIES LIMITED,india,2026-07-27
SHTL,SHINING TOOLS LIMITED,india,2026-07-27
SHUBHAM,Shubham Polyspin Limited,india,2026-07-27
SHUKJEW,,india,2026-07-23
SHUKRAPHAR,Shukra Pharmaceuticals Limited,india,2026-07-27
SHVFL,SHREEVATSAA FINANCE & LEASING,india,2026-07-24
SHVSUIT,,india,2026-04-16
SHYAMACOMP,,india,2026-07-27
SHYAMCENT,Shyam Century Ferrous Limited,india,2026-07-27
SHYAMMETL,SHYAM METALICS AND ENGY L,india,2026-07-27
SHYAMTEL,SHYAM TELECOM LTD.,india,2026-07-27
SHYMINV,SHYAMKAMAL INVESTMENTS LTD.,india,2026-07-27
SIBARAUT,SIBAR AUTO PARTS LTD.,india,2026-07-27
SICAGEN,SICAGEN INDIA LIMITED,india,2026-07-27
SICAL-RE,,india,2026-03-05
SICALLOG,SICAL LOGISTICS LIMITED,india,2026-07-27
SICAPIT,SI CAPITAL & FINANCIAL SERVICE,india,2026-07-27
SICL,,india,2026-07-21
SIDDHA,SIDDHA VENTURES LTD.,india,2026-07-27
SIDDHEGA,,india,2026-07-23
SIEL,SUPERIOR INDUSTRIAL ENTERPRISE,india,2026-07-27
SIELFNS,,india,2025-09-15
SIEMENS,SIEMENS LTD,india,2026-07-27
SIGACHI,Sigachi Industries Limited,india,2026-07-27
SIGIND,SIGNET INDUSTRIES LIMITED,india,2026-07-27
SIGMA,SIGMA SOLVE LIMITED,india,2026-07-27
SIGMAADV,SIGMA ADVANCED SYSTEMS LIMITED,india,2026-07-27
SIGNATURE,SIGNATUREGLOBAL INDIA LTD,india,2026-07-27
SIGNGCL,,india,2026-07-15
SIGNPOST,SIGNPOST INDIA LIMITED,india,2026-07-27
SIHORA,SIHORA INDUSTRIES LIMITED,india,2026-07-24
SIIL,Sabrimala Industries India Lim,india,2026-07-27
SIKA,SIKA INTERPLANT SYSTEMS L,india,2026-07-27
SIKKO,SIKKO INDUSTRIES LIMITED,india,2026-07-27
SIKOZY,,india,2026-07-20
SIL,STANDARD INDUSTRIES LTD.,india,2026-07-27
SILGO,SILGO RETAIL LIMITED,india,2026-07-27
SILICON,,india,2026-07-06
SILINV,SIL INVESTMENTS LIMITED,india,2026-07-27
SILL,Sampark India Logistics Limite,india,2026-07-27
SILLYMONKS,SILLY MONKS ENTERTAIN LTD,india,2026-07-27
SILVERLINE,,india,2026-05-29
SILVERO,,india,2026-07-27
SILVERPRL,,india,2026-07-03
SILVERTUC,SILVER TOUCH TECHNO LTD,india,2026-07-27
SILVOAK,SILVER OAK (INDIA) LTD.,india,2026-07-27
SIMANDHAR,SIMANDHAR IMPEX LIMITED,india,2026-07-27
SIMBHALS,,india,2026-07-27
SIMMOND,SIMMONDS MARSHALL LTD.,india,2026-07-27
SIMPLEXCAS,SIMPLEX CASTINGS LTD.,india,2026-07-27
SIMPLEXINF,SIMPLEX INFRASTRUCTURES L,india,2026-07-27
SIMPLXMIL,SIMPLEX MILLS COMPANY LTD.,india,2026-07-27
SIMPLXPAP,SIMPLEX PAPERS LTD.,india,2026-07-27
SIMPLXREA,SIMPLEX REALTY LTD.,india,2026-07-27
SIMRAN,SIMRAN FARMS LTD.,india,2026-07-27
SINCLAIR,SINCLAIRS HOTELS LIMITED,india,2026-07-27
SINDHUTRAD,SINDHU TRADE LINKS LTD,india,2026-07-27
SINGER,,india,2026-03-17
SINGERIND,SINGER INDIA LIMITED,india,2026-07-27
SINNAR,,india,2026-07-27
SINTERCOM,SINTERCOM INDIA LIMITED,india,2026-07-27
SIPL,SHELTER INFRA PROJECTS LTD.,india,2026-07-27
SIPTL,,india,2026-05-25
SIRCA,SIRCA PAINT INDIA LIMITED,india,2026-07-27
SIROHIA,,india,2026-07-21
SIS,SIS LIMITED,india,2026-07-27
SISL,,india,2026-05-20
SITAENT,SITA ENTERPRISES LTD.,india,2026-07-27
SITINET,,india,2026-07-27
SIYARAM,Siyaram Recycling Industries L,india,2026-07-27
SIYSIL,SIYARAM SILK MILLS LTD,india,2026-07-27
SIZEMASTER,SIZEMASTERS TECHNOLOGY LIMITED,india,2026-07-27
SJCORP,,india,2026-07-27
SJS,SJS ENTERPRISES LIMITED,india,2026-07-27
SJVN,SJVN LTD,india,2026-07-27
SKCIL,Shri Keshav Cements and Infra,india,2026-07-27
SKFINDIA,SKF INDIA LTD,india,2026-07-27
SKFINDUS,SKF IND (INDUSTRIAL) LTD,india,2026-07-27
SKIEL,SK International Export Limite,india,2026-07-24
SKIFL,Shree Krishna Infrastructure L,india,2026-07-27
SKIL,Skillsoft Corp.,india,2026-07-27
SKILVEN,,india,2026-07-06
SKIPPER,SKIPPER LIMITED,india,2026-07-27
SKL,SUPER FINE KNITTERS LIMITED,india,2026-07-27
SKM,SK Minerals & Additives Limite,india,2026-07-27
SKMEGGPROD,SKM EGG PROD EXPORT(I) LT,india,2026-07-27
SKPMIL,SHREE KRISHNA PAPER MILLS & IN,india,2026-07-27
SKPSEC,SKP SECURITIES LTD.,india,2026-07-27
SKRABUL,,india,2026-07-27
SKYBIOTECH,SKYBIOTECH HEALTHCARE LIMITED,india,2026-07-27
SKYGOLD,SKY GOLD AND DIAMONDS LTD,india,2026-07-27
SKYIND,SKY INDUSTRIES LTD.,india,2026-07-27
SKYLMILAR,SKYLINE MILLARS LTD.,india,2026-07-27
SLSTLQ,SRI LAKSHMI SARASWATHI TEXTILE,india,2026-07-24
SMARITIME,,india,2026-07-17
SMARTFIN,Smart Finsec Limited,india,2026-07-27
SMARTLINK,Smartlink Holdings Limited,india,2026-07-27
SMARTWORKS,SMARTWORKS COWORKING SP L,india,2026-07-27
SMAUTO,,india,2026-07-22
SMCG240425,,india,2026-07-24
SMCGLOBAL,SMC GLOBAL SECURITIES LTD,india,2026-07-27
SMCGS24425,,india,2026-07-27
SMEL,,india,2026-07-07
SMFIL,SMITHS & FOUNDERS (INDIA) LIMI,india,2026-07-27
SMGOLD,S. M. Gold Limited,india,2026-07-27
SMILCCD,,india,2025-10-30
SML,Soni Medicare Limited,india,2026-07-27
SMLISUZU,,india,2025-11-07
SMLMAH,SML MAHINDRA LIMITED,india,2026-07-27
SMLT,SARTHAK METALS LIMITED,india,2026-07-27
SMR,SMR Jewels Limited,india,2026-07-24
SMRUTHIORG,Smruthi Organics Limited,india,2026-07-27
SMSLIFE,,india,2025-11-25
SMSPHARMA,SMS PHARMACEUTICALS LTD.,india,2026-07-27
SMTEL,SMT ENGINEERING LIMITED,india,2026-07-27
SNIM,,india,2026-07-23
SNL,SNL BEARINGS LTD.,india,2026-07-27
SNOWMAN,SNOWMAN LOGISTICS LTD.,india,2026-07-27
SOBHA,SOBHA LIMITED,india,2026-07-27
SOBME,SOBHAGYA MERCHANTILE LTD.,india,2026-07-27
SODFC,,india,2026-02-17
SODFC-RE,,india,2025-06-30
SODHACAP,SODHANI CAPITAL LIMITED,india,2026-07-27
SOFCOM,SOFCOM SYSTEMS LIMITED,india,2026-07-27
SOFTBPO,,india,2026-04-16
SOFTRAKV,SOFTRAK VENTURE INVESTMENT LTD,india,2026-07-27
SOFTSOL,,india,2026-03-09
SOFTTECH,,india,2026-07-27
SOLARA,SOLARA ACTIVE PHA SCI LTD,india,2026-07-27
SOLARINDS,SOLAR INDUSTRIES (I) LTD,india,2026-07-27
SOLARIUM,SOLARIUM GREEN ENERGY LIMITED,india,2026-07-27
SOLARWORLD,SOLARWORLD ENERGY SOL LTD,india,2026-07-27
SOLEX,SOLEX ENERGY LIMITED,india,2026-07-27
SOLIDSTON,SOLID STONE COMPANY LTD.,india,2026-07-27
SOLIMAC,SOLITAIRE MACHINE TOOLS LTD.,india,2026-07-27
SOLVEX,,india,2026-07-27
SOMANYCERA,SOMANY CERAMICS LIMITED,india,2026-07-27
SOMAPPR,,india,2026-02-23
SOMATEX,SOMA TEXTILES & INDUST LT,india,2026-07-27
SOMICONVEY,SOMI CONVEYOR BELT. LTD.,india,2026-07-27
SONACOMS,SONA BLW PRECISION FRGS L,india,2026-07-27
SONAL,Sonal Mercantile Limited,india,2026-07-27
SONALAD,SONAL ADHESIVES LTD.,india,2026-07-27
SONALIS,Sonalis Consumer Products Limi,india,2026-07-27
SONAMLTD,SONAM LIMITED,india,2026-07-27
SONATSOFTW,SONATA SOFTWARE LTD,india,2026-07-27
SOTEFIN,Sotefin Bharat Limited,india,2026-07-27
SOTL,SAVITA OIL TECHNOLO. LTD,india,2026-07-27
SOURCEIND,SOURCE INDUSTRIES (INDIA) LTD.,india,2026-07-27
SOURCENTRL,SOURCE NATURAL FOODS & HERBAL,india,2026-07-27
SOUTHBANK,THE SOUTH INDIAN BANK LTD,india,2026-07-27
SOUTHERNIN,SOUTHERN INFOCONSULTANTS LIMIT,india,2026-07-27
SOUTHMG,SOUTHERN MAGNESIUM & CHEMICALS,india,2026-07-27
SOUTHWEST,SOUTH WEST PINNACLE LTD,india,2026-07-27
SOUTLAT,SOUTHERN LATEX LTD.,india,2026-07-27
SOVERDIA,SOVEREIGN DIAMONDS LTD.,india,2026-07-27
SPACAPS,SPA Capital Services Limited,india,2026-07-24
SPACEINCUBA,Space Incubatrics Technologies,india,2026-07-27
SPAL,S. P. APPARELS LIMITED,india,2026-07-27
SPAND-RE,,india,2025-08-06
SPANDANA,SPANDANA SPHOORTY FIN LTD,india,2026-07-27
SPAR,SPARC ELECTREX LIMITED,india,2026-07-27
SPARC,SUN PHARMA ADV.RES.CO.LTD,india,2026-07-27
SPARKLEGR,SPARKLE GOLD ROCK LIMITED,india,2026-07-27
SPCAPIT,SP CAPITAL FINANCING LTD.,india,2026-07-27
SPCENET,SPACENET ENTERS IND LTD,india,2026-07-27
SPECFOOD,SPECTRUM FOODS LTD.,india,2026-07-27
SPECIALITY,SPECIALITY REST LTD,india,2026-07-27
SPECTRA,,india,2026-07-27
SPECTRUM,SPECTRUM ELECTRIC IND LTD,india,2026-07-27
SPELS,SPEL SEMICONDUCTOR LTD.,india,2026-07-27
SPENCERS,SPENCER S RETAIL LIMITED,india,2026-07-27
SPENTA,SPENTA INTERNATIONAL LTD.,india,2026-07-27
SPIC,SPIC LTD,india,2026-07-27
SPICEISLIN,SPICE ISLANDS INDUSTRIES LIMIT,india,2026-07-27
SPICEJET,SPICEJET LTD.,india,2026-07-27
SPICELOUNG,SPICE LOUNGE FOOD WORKS LIMITE,india,2026-07-27
SPINAROO,,india,2026-06-17
SPITZE,Maruti Interior Products Limit,india,2026-07-27
SPITZE-RE,,india,2026-03-19
SPL,Swashthik Plascon Limited,india,2026-07-27
SPLIL,SPL INDUSTRIES LIMITED,india,2026-07-27
SPLPETRO,SUPREME PETROCHEM LIMITED,india,2026-07-27
SPML,,india,2026-07-27
SPMLINFRA,SPML INFRA LIMITED,india,2026-07-27
SPORTKING,SPORTKING INDIA LIMITED,india,2026-07-27
SPRAYKING,Sprayking Limited,india,2026-07-27
SPRIGHT,SPRIGHT AGRO LIMITED,india,2026-07-27
SPSL,SHREE PRECOATED STEELS LTD.,india,2026-07-27
SPTRSHI,SAPTARISHI AGRO INDUSTRIES LTD,india,2026-07-27
SPVGLOBAL,,india,2025-11-06
SRAMSET,SHRIRAM ASSET MANAGEMENT CO.LT,india,2026-07-27
SRD,SHANKAR LAL RAMPAL LTD,india,2026-07-27
SRDAPRT,,india,2026-07-27
SRECR,,india,2026-07-24
SREEL,SREELEATHERS LIMITED,india,2026-07-27
SRESTHA,Srestha Finvest Limited,india,2026-07-27
SRF,SRF LTD,india,2026-07-27
SRGFFL,SRG FINGROW FINANCE LIMITED,india,2026-07-27
SRGHFL,SRG HOUSING FINANCE L,india,2026-07-27
SRHHYPOLTD,SREE RAYALSEEMA HHP LTD.,india,2026-07-27
SRICC,Sri Chakra Cement Limited,india,2026-07-27
SRIGEE,SRIGEE DLM LIMITED,india,2026-07-27
SRIKPRIND,SRI KPR INDUSTRIES LTD.,india,2026-07-27
SRINACHA,SRI NACHAMMAI COTTON MILLS LTD,india,2026-07-27
SRM,SRM CONTRACTORS LIMITED,india,2026-07-27
SRMCL,SRI RAMAKRISHNA MILLS (COIMBAT,india,2026-07-27
SRMENERGY,SRM ENERGY LTD.,india,2026-07-27
SRSOLTD,SILICON RENTAL SOLUTIONS LIMIT,india,2026-07-27
SRTL,SHREE RAM TWISTEX LIMITED,india,2026-07-27
SRUSTEELS,SRU Steels Limited,india,2026-07-27
SSDL,SARASWATI SAREE DEPOT LTD,india,2026-07-27
SSL,SASOL LTD,india,2026-07-22
SSLEL,,india,2026-06-02
SSMD,SSMD AGROTECH INDIA LIMITED,india,2026-07-27
SSPDL,SSPDL LTD.,india,2026-07-27
SSPNFIN,,india,2026-07-06
SSTL,Safa Systems & Technologies Li,india,2026-07-27
SSWL,STEEL STRIPS WHEELS LTD.,india,2026-07-27
SSWRL,SHREE STEEL WIRE ROPES LTD.,india,2026-07-27
STAL,Storage Technologies and Autom,india,2026-07-27
STALL-RE,,india,2026-02-23
STALLION,STALLION IND FLUOROCHEM L,india,2026-07-27
STANBIK,,india,2026-07-17
STANCAP,STANDARD CAPITAL MARKETS LTD.,india,2026-07-27
STANLEY,STANLEY LIFESTYLES LTD,india,2026-07-27
STANPACK,STANPACKS (INDIA) LTD.,india,2026-07-24
STANROS,STANROSE MAFATLAL INVESTMENTS,india,2026-07-27
STAR,STRIDES PHARMA SCI LTD,india,2026-07-27
STAR-RE,,india,2025-09-18
STARBEAM,,india,2026-07-27
STARCEMENT,STAR CEMENT LIMITED,india,2026-07-27
STARCOM,,india,2026-07-13
STARDELTA,STAR DELTA TRANSFORMERS LIMITE,india,2026-07-27
STARHEALTH,STAR HEALTH & AL INS CO L,india,2026-07-27
STARHF-RE,,india,2025-11-19
STARHFL,STAR HOUSING FINANCE LIMITED,india,2026-07-27
STARIMAGIN,STAR IMAGING AND PATH LAB LIMI,india,2026-07-27
STARLENT,STARLINEPS ENTERPRISES LIMITED,india,2026-07-27
STARLOG,Starlog Enterprises Limited,india,2026-07-27
STARPAPER,STAR PAPER MILLS LTD,india,2026-07-27
STARSOURCE,STARSOURCE MULTITRADE LIMITED,india,2026-07-27
STARTECK,STARTECK FINANCE LIMITED,india,2026-07-27
STCINDIA,THE STATE TRADING CORPN,india,2026-07-27
STCORP,S&T CORPORATION LTD.,india,2026-07-27
STDBAT,STANDARD BATTERIES LTD.,india,2026-07-27
STDSFAC,STANDARD SURFACTANTS LTD.,india,2026-07-27
STDSHOE,,india,2026-07-27
STEEL-RE,,india,2026-05-29
STEELCAS,STEELCAST LIMITED,india,2026-07-27
STEELCITY,STEEL CITY SECURITIES LTD,india,2026-07-27
STEELCO,,india,2026-07-27
STEELXIND,STEEL EXCHANGE INDIA LTD,india,2026-07-27
STEL,STEL HOLDINGS LIMITED,india,2026-07-27
STELLANT,STELLANT SECURITIES (INDIA) LT,india,2026-07-27
STELLAR,,india,2026-07-21
STEP2COR,,india,2026-07-27
STERPOW,STERLING POWERGENSYS LTD,india,2026-07-27
STERTOOLS,STERLING TOOLS LTD.,india,2026-07-27
STHINPA,SOUTH INDIA PAPER MILLS LTD.,india,2026-07-27
STL,Shreeji Translogistics Limited,india,2026-07-27
STLNETWORK,STL Networks Limited,india,2026-07-27
STLSTRINF,STEEL STRIPS INFRASTRUCTURES L,india,2026-07-27
STLTECH,STERLITE TECHNOLOGIES LTD.,india,2026-07-27
STML,,india,2026-07-21
STOVACQ,STOVEC INDUSTRIES LTD.,india,2026-07-27
STOVEKRAFT,STOVE KRAFT LIMITED,india,2026-07-27
STRATMONT,STRATMONT INDUSTRIES LIMITED,india,2026-07-27
STRGRENWO,,india,2026-07-27
STUDDS,STUDDS ACCESSORIES LTD,india,2026-07-27
STURDY,,india,2026-07-27
STYL,SESHAASAI TECHNOLOGIES L,india,2026-07-27
STYLAMIND,STYLAM INDUSTRIES LIMITED,india,2026-07-27
STYLEBAAZA,Baazar Style Retail Limited,india,2026-07-27
STYRENIX,STYRENIX PERFORMANCE LTD,india,2026-07-27
SUBAM,SUBAM PAPERS LIMITED,india,2026-07-27
SUBEXLTD,SUBEX LTD.,india,2026-07-27
SUBROS,SUBROS LIMITED,india,2026-07-27
SUBSM,,india,2026-07-22
SUCROSA,SUPER CROP SAFE LTD.,india,2026-07-27
SUDAI,SUDAL INDUSTRIES LTD.,india,2026-07-27
SUDARCOLOR,SUDARSHAN COLORNT IND LTD,india,2026-07-27
SUDARSCHEM,SUDARSHAN CHEMICAL INDS L,india,2026-07-27
SUDARSHAN,SUDARSHAN PHARMA INDUSTRIES LI,india,2026-07-27
SUDEEPPHRM,SUDEEP PHARMA LIMITED,india,2026-07-27
SUDTIND-B,SUDITI INDUSTRIES LTD.,india,2026-07-27
SUGALDAM,SUGAL & DAMANI SHARE BROKERS L,india,2026-07-27
SUGSLLOYD,SUGS LLOYD LIMITED,india,2026-07-27
SUJALA,Sujala Trading & Holding Ltd.,india,2026-07-27
SUKHJITS,SUKHJIT STARCH & CHEM LTD,india,2026-07-27
SULA,SULA VINEYARDS LIMITED,india,2026-07-27
SULABEN,SULABH ENGINEERS & SERVICES LT,india,2026-07-27
SUMEDHA,SUMEDHA FISCAL SERVICES LTD.,india,2026-07-27
SUMEET-RE,,india,2026-07-15
SUMEETINDS,SUMEET IND LIMITED,india,2026-07-27
SUMERUIND,SUMERU INDUSTRIES LTD.,india,2026-07-27
SUMICHEM,SUMITOMO CHEM INDIA LTD,india,2026-07-27
SUMIT,,india,2026-04-21
SUMMITSEC,SUMMIT SECURITIES LTD,india,2026-07-27
SUMUKA,,india,2026-05-25
SUNCITYSY,SUNCITY SYNTHETICS LTD.,india,2026-07-27
SUNCLAY,SUNDARAM CLAYTON LIMITED,india,2026-07-27
SUNDARAM,SUNDARAM MULTI PAP LTD,india,2026-07-27
SUNDARMFIN,SUNDARAM FINANCE LTD,india,2026-07-27
SUNDARMHLD,,india,2025-10-15
SUNDRMBRAK,SUNDARAM BRAKE LININGS LTD.,india,2026-07-27
SUNDRMFAST,SUNDRAM FASTENERS LTD,india,2026-07-27
SUNDROP,SUNDROP BRANDS LIMITED,india,2026-07-27
SUNFLAG,SUNFLAG IRON AND STEEL CO,india,2026-07-27
SUNGOLD,SUNGOLD CAPITAL LTD.,india,2026-07-27
SUNILAGR,SUNIL AGRO FOODS LTD.,india,2026-07-27
SUNILTX,,india,2026-07-27
SUNITATOOL,Sunita Tools Limited,india,2026-07-27
SUNLOC,SUNIL HEALTHCARE LTD,india,2026-07-27
SUNPHARMA,SUN PHARMACEUTICAL IND L,india,2026-07-27
SUNRAJDI,,india,2026-07-17
SUNRAKSHAK,SUNRAKSHAKK INDUSTRIES INDIA L,india,2026-07-27
SUNRETAIL,Sun Retail Limited,india,2026-07-27
SUNRINV,,india,2026-07-03
SUNSHI-RE,,india,2025-10-16
SUNSHIEL,SUNSHIELD CHEMICALS LTD.,india,2026-07-27
SUNSKY,Sunsky Logistics Limited,india,2026-07-27
SUNTECK,SUNTECK REALTY LIMITED,india,2026-07-27
SUNTV,SUN TV NETWORK LIMITED,india,2026-07-27
SUPER,SUPER SALES INDIA LTD.,india,2026-07-27
SUPERBAK,SUPER BAKERS (INDIA) LTD.,india,2026-07-27
SUPERHOUSE,SUPERHOUSE LIMITED,india,2026-07-27
SUPERIOR,Superior Finlease Limited,india,2026-07-27
SUPERIRON,Super Iron Foundry Limited,india,2026-07-27
SUPERSHAKT,,india,2026-07-23
SUPERSPIN,SUPER SPINNING MILLS LTD.,india,2026-07-24
SUPERTEX,SUPERTEX INDUSTRIES LTD.,india,2026-07-27
SUPHA,SUPHA PHARMACHEM LIMITED,india,2026-07-27
SUPRA-RE,,india,2026-03-23
SUPRAJIT,SUPRAJIT ENGINEERING LTD,india,2026-07-27
SUPRAPFSL,Supra Pacific Financial Servic,india,2026-07-27
SUPRATRE,Supra Trends Limited,india,2026-07-27
SUPREME,SUPREME HOLDIN N HOSP I L,india,2026-07-27
SUPREMEIND,SUPREME INDUSTRIES LTD,india,2026-07-27
SUPREMEINF,SUPREME INFRA. LTD.,india,2026-07-27
SUPRIYA,SUPRIYA LIFESCIENCE LTD,india,2026-07-27
SUPTANERY,SUPER TANNERY LIMITED,india,2026-07-27
SURAJ,,india,2026-07-27
SURAJ-RE,,india,2025-11-03
SURAJEST,SURAJ ESTATE DEVELOPERS L,india,2026-07-27
SURAJLTD,SURAJ LIMITED,india,2026-07-27
SURAKSHA,SURAKSHA DIAGNOSTIC LTD,india,2026-07-27
SURANASOL,SURANA SOLAR LIMITED,india,2026-07-27
SURANAT&P,SURANA TELECOM AND POW LT,india,2026-07-27
SURATRAML,Surat Trade and Mercantile Lim,india,2026-07-27
SURBHIN,SURBHI INDUSTRIES LTD.,india,2026-07-27
SURFI,,india,2026-07-27
SURFI-RE,,india,2026-03-02
SURJIND,SURAJ INDUSTRIES LTD.,india,2026-07-27
SURYAAMBA,,india,2026-07-27
SURYALA,SURYALATA SPINNING MILL L,india,2026-07-27
SURYALAXMI,SURYALAKSHMI COT MIL LTD,india,2026-07-27
SURYAROSNI,SURYA ROSHNI LTD,india,2026-07-27
SURYODAY,SURYODAY SMALL FIN BK LTD,india,2026-07-27
SURYVANSP,,india,2026-07-20
SUSAN,Susan Electricals India Limite,india,2026-07-27
SUTLEJTEX,SUTLEJ TEXTILES & INDUSTRIES L,india,2026-07-27
SUUMAYA,,india,2026-04-13
SUVEN,SUVEN LIFE SCIENCES LTD,india,2026-07-27
SUVIDHAA,SUVIDHAA INFOSERVE LTD,india,2026-07-27
SUYOG,SUYOG TELEMATICS LIMITED,india,2026-07-27
SUZLON,SUZLON ENERGY LIMITED,india,2026-07-27
"SUZLON#",,india,2025-10-06
SVAMSOF,SVAM SOFTWARE LTD.,india,2026-07-27
SVARTCORP,SWASTI VINAYAKA ART AND HERITA,india,2026-07-27
SVCIND,SVC INDUSTRIES LIMITED,india,2026-07-27
SVGLOBAL,S V GLOBAL MILL LTD.,india,2026-07-27
SVJ,S. V. J. Enterprises Limited,india,2026-07-27
SVLL,,india,2026-06-10
SVPGLOB,SVP GLOBAL TEXTILES LIMITED,india,2026-07-27
SVRL,Shri Venkatesh Refineries Limi,india,2026-07-27
SVS,SVS VENTURES LIMITED,india,2026-07-27
SW1,SW INVESTMENTS LTD,india,2026-07-27
SWADEIN,SWADESHI INDUSTRIES LEASING CO,india,2026-07-27
SWADHATURE,Swadha Nature Limited,india,2026-07-27
SWADPOL,SWADESHI POLYTEX LTD.,india,2026-07-27
SWAGTAM,Swagatam Trading & Services Li,india,2026-07-27
SWANAGRO,New Swan Multitech Limited,india,2026-07-24
SWANCORP,SWAN CORP LIMITED,india,2026-07-27
SWANDEF,SWAN DEFENCE AND HEAVY INDUSTR,india,2026-07-27
SWANENERGY,,india,2025-09-03
SWARAJENG,SWARAJ ENGINES LTD,india,2026-07-27
SWARNSAR,SWARNSARITA JEWELS INDIA LIMIT,india,2026-07-27
SWASTH,Swasth Foodtech India Limited,india,2026-07-24
SWASTIKA,SWASTIKA INVESTMART LIMITED,india,2026-07-27
SWASTIKAAL,Swastika Castal Limited,india,2026-07-27
SWASTIVI,SWASTI VINAYAKA SYNTHETICS LTD,india,2026-07-27
SWATIPRO,Swati Projects Limited,india,2026-07-27
SWELECTES,SWELECT ENERGY SYS LTD,india,2026-07-27
SWIGGY,SWIGGY LIMITED,india,2026-07-27
SWISSMLTRY,SWISS MILITARY CONSUMER GOODS,india,2026-07-27
SWITCHTE,SWITCHING TECHNOLOGIES GUNTHER,india,2026-07-27
SWOJAS,SWOJAS FOODS LIMITED,india,2026-07-27
SWORDEDGE,,india,2025-09-01
SWRNASE,SWARNA SECURITIES LTD.,india,2026-07-27
SWSOLAR,STRLNG & WIL REN ENE LTD,india,2026-07-27
SYBLY,,india,2026-07-27
SYLPH,Sylph Industries Limited,india,2026-07-27
SYLPH-RE,,india,2025-06-25
SYMBIOX,Symbiox Investment & Trading C,india,2026-07-27
SYMPHONY,SYMPHONY LIMITED,india,2026-07-27
SYNCOMF,SYNCOM FORMU (I) LTD,india,2026-07-27
SYNGENE,SYNGENE INTERNATIONAL LTD,india,2026-07-27
SYNTHFO,,india,2026-03-18
SYRMA,SYRMA SGS TECHNOLOGY LTD,india,2026-07-27
SYSCHEM,SYSCHEM (INDIA) LTD.,india,2026-07-27
SYSTEMATIC,SYSTEMATIC INDUSTRIES LIMITED,india,2026-07-27
SYSTMTXC,SYSTEMATIX CORPORATE SERVICES,india,2026-07-27
SYTIXSE,,india,2026-07-27
TAALENT,,india,2026-01-08
TAALTECH,TAAL TECH LTD.,india,2026-07-27
TACENT,,india,2026-07-06
TAHMARENT,TAHMAR ENTERPRISES LIMITED,india,2026-07-27
TAIIND,TAI INDUSTRIES LTD.,india,2026-07-27
TAINWALCHM,TAINWALA CHEMICAL AND PLA,india,2026-07-27
TAJGVK,TAJ GVK HOTELS & RESORTS,india,2026-07-27
TAKE,TAKE SOLUTIONS LTD,india,2026-07-27
TAKYON,TAKYON NETWORKS LIMITED,india,2026-07-27
TALBROAUTO,TALBROS AUTO. COMP. LTD,india,2026-07-27
TALBROSENG,TALBROS ENGINEERING LIMITED,india,2026-07-27
TAMBOLIIN,TAMBOLI INDUSTRIES LIMITED,india,2026-07-27
TANAA,TANEJA AEROSPACE & AVIATION LT,india,2026-07-27
TANDHANIN,TANDHAN INDUSTRIES LIMITED,india,2026-07-27
TANFACIND,TANFAC INDUSTRIES LTD.,india,2026-07-27
TANLA,TANLA PLATFORMS LIMITED,india,2026-07-27
TANVI,,india,2026-07-27
TAPARIA,,india,2026-07-23
TARACHAND,TARA CHAND INFRA SOLN LTD,india,2026-07-27
TARAI,,india,2026-07-27
TARAPUR,TARAPUR TRANSFORMERS LTD,india,2026-07-27
TARC,TARC LIMITED,india,2026-07-27
TARIL,TRANS & RECTI. LTD,india,2026-07-27
TARINI,,india,2026-07-27
TARMAT,TARMAT LIMITED,india,2026-07-27
TARSONS,TARSONS PRODUCTS LIMITED,india,2026-07-27
TASTYBITE,TASTY BITE EATABLES LTD,india,2026-07-27
TATACAP,TATA CAPITAL LIMITED,india,2026-07-27
TATACHEM,TATA CHEMICALS LTD,india,2026-07-27
TATACOMM,TATA COMMUNICATIONS LTD,india,2026-07-27
TATACONSUM,TATA CONSUMER PRODUCT LTD,india,2026-07-27
TATAELXSI,TATA ELXSI LIMITED,india,2026-07-27
TATAINVEST,TATA INVESTMENT CORP LTD,india,2026-07-27
TATAMOTORS,,india,2025-10-23
TATAPOWER,TATA POWER CO LTD,india,2026-07-27
"TATAPOWER#",,india,2025-10-13
TATASTEEL,TATA STEEL LIMITED,india,2026-07-27
"TATASTEEL#",,india,2025-10-16
TATATECH,TATA TECHNOLOGIES LIMITED,india,2026-07-27
TATIAGLOB,TATIA GLOBAL VENNTURE LTD.,india,2026-07-27
TATVA,TATVA CHIN PHARM CHEM LTD,india,2026-07-27
TAVERNIER,,india,2026-02-05
TBOTEK,TBO TEK LIMITED,india,2026-07-27
TBZ,TRIB BHIMJI ZAVERI LTD,india,2026-07-27
TCAPPERP,,india,2025-11-12
TCC,TCC CONCEPT LIMITED,india,2026-07-27
TCFCFINQ,TCFC FINANCE LTD.,india,2026-07-27
TCHF30,,india,2026-06-01
TCI,TRANSPORT CORPN OF INDIA,india,2026-07-27
TCIEXP,TCI EXPRESS LIMITED,india,2026-07-27
TCIFINANCE,TCI FINANCE LTD.,india,2026-07-27
TCIIND,,india,2026-07-23
TCMLMTD,TCM LTD.,india,2026-07-27
TCPLPACK,TCPL PACKAGING LIMITED,india,2026-07-27
TCS,TATA CONSULTANCY SERV LT,india,2026-07-27
"TCS#",,india,2025-08-11
TDPOWERSYS,TD POWER SYSTEMS LTD.,india,2026-07-27
TDSL,,india,2026-07-27
TEAM24,TEAM24 CONSUMER PRODUCTS LIMIT,india,2026-07-27
TEAMGTY,TEAM INDIA GUARANTY LTD,india,2026-07-27
TEAMLEASE,TEAMLEASE SERVICES LTD.,india,2026-07-27
TECHCON,,india,2025-12-01
TECHKGREEN,TECHKNOWGREEN SOLUTIONS LIMITE,india,2026-07-27
TECHM,TECH MAHINDRA LIMITED,india,2026-07-27
TECHNICHEM,,india,2026-07-27
TECHNOE,TECHNO ELEC & ENG CO. LTD,india,2026-07-27
TECHNOPACK,Technopack Polymers Limited,india,2026-07-27
TECHNVISN,TECHNVISION VENTURES LTD.,india,2026-07-27
TECILCHEM,TECIL CHEMICALS,india,2026-07-27
TEEAI,TEESTA AGRO INDUSTRIES LTD.,india,2026-07-27
TEGA,TEGA INDUSTRIES LIMITED,india,2026-07-27
TEJASNET,TEJAS NETWORKS LIMITED,india,2026-07-27
TEJASSVI,TEJASSVI AAHARAM LIMITED,india,2026-07-27
TEJNAKSH,Tejnaksh Healthcare Limited,india,2026-07-27
TELECANOR,TELECANOR GLOBAL LTD.,india,2026-07-27
TELGE,TELGE PROJECTS LIMITED,india,2026-07-27
TELOGICA,TELOGICA LIMITED,india,2026-07-27
TEMBO,TEMBO GLOBAL IND LTD,india,2026-07-27
TENNIND,TENNECO CLEAN AIR INDIA L,india,2026-07-27
TERAI,TERAI TEA CO.LTD.,india,2026-07-27
TERASOFT,TERA SOFTWARE LIMITED,india,2026-07-27
TEXELIN,TEXEL INDUSTRIES LTD.,india,2026-07-27
TEXINFRA,TEXMACO INFRA & HOLDG LTD,india,2026-07-27
TEXMOPIPES,TEXMO PIPE & PRODUCTS LTD,india,2026-07-27
TEXRAIL,TEXMACO RAIL & ENG. LTD.,india,2026-07-27
TFCILTD,TOURISM FINANCE CORP. OF,india,2026-07-27
TFL,TRANSWARRANTY FIN. LTD.,india,2026-07-27
TFSL,TFS Financial CORP,india,2026-07-23
TGBHOTELS,TGB BANQUETS&HOTELS LTD,india,2026-07-27
TGIF,TGIF AGRIBUSINESS LIMITED,india,2026-07-27
TGVSL,TGV SRAAC Limited,india,2026-07-27
THACKER,THACKER & CO.LTD.,india,2026-07-24
THAKDEV,THAKKERS DEVELOPERS LTD.,india,2026-07-27
THAKKERS,,india,2026-06-05
THAKRAL,THAKRAL SERVICES (INDIA) LTD.,india,2026-07-27
THANGAMAYL,THANGAMAYIL JEWELLERY LTD,india,2026-07-27
THEINVEST,THE INVEST TRUST OF IND L,india,2026-07-27
THEJO,THEJO ENGINEERING LIMITED,india,2026-07-27
THELEELA,LEELA PALACES HOTEL LTD,india,2026-07-27
THEMISMED,THEMIS MEDICARE LTD.,india,2026-07-27
THERMAX,THERMAX LTD,india,2026-07-27
THINKINK,THINKINK PICTUREZ LIMITED,india,2026-07-27
THOMASCOOK,THOMAS COOK (INDIA) LTD,india,2026-07-27
THOMASCOTT,THOMAS SCOTT (INDIA) LTD,india,2026-07-27
THREEMPAPE,THREE M PAPER BOARDS LIMITED,india,2026-07-27
THRIVE,THRIVE FUTURE HABITATS LIMITED,india,2026-07-27
THYROCARE,THYROCARE TECH LTD,india,2026-07-27
TI,TILAKNAGAR INDUSTRIES LTD,india,2026-07-27
TIAANC,,india,2026-04-24
TICL,TwamevConstruction and Infrast,india,2026-07-27
TIERRA,Tierra Agrotech Limited,india,2026-07-27
TIGERLOGS,TIGER LOGISTICS (INDIA) LTD,india,2026-07-27
TIGLOB,T & I GLOBAL LTD.,india,2026-07-27
TIHIL,TRANS INDIA HOUSE IMPEX LIMITE,india,2026-07-27
TIIL,TECHNOCRAFT IND LTD,india,2026-07-27
TIINDIA,TUBE INVEST OF INDIA LTD,india,2026-07-27
TIJARIA,TIJARIA POLYPIPES LTD,india,2026-07-27
TIL,TIL LTD,india,2026-07-27
TIL-RE1,,india,2026-04-01
TILAK,Tilak Ventures Limited,india,2026-07-27
TILAK-RE2,,india,2026-01-02
TIMES-RE,,india,2025-11-12
TIMESGREEN,,india,2026-07-23
TIMESGTY,,india,2025-08-12
TIMETECHNO,TIME TECHNOPLAST LTD.,india,2026-07-27
TIMEX,TIMEX GROUP INDIA LTD.,india,2026-07-27
TIMKEN,TIMKEN INDIA LTD.,india,2026-07-27
TINNARUBR,TINNA RUBBER AND INFR LTD,india,2026-07-27
TIPCO,Tipco Engineering India Limite,india,2026-07-27
TIPSFILMS,TIPS FILMS LIMITED,india,2026-07-27
TIPSMUSIC,TIPS MUSIC LIMITED,india,2026-07-27
TIRSARJ,TIRUPATI SARJAN LTD.,india,2026-07-27
TIRTPLS,TIRTH PLASTIC LTD.,india,2026-07-27
TIRUFOAM,TIRUPATI FOAM LIMITED,india,2026-07-27
TIRUIN-RE,,india,2026-05-11
TIRUMALCHM,THIRUMALAI CHEMICALS LTD,india,2026-07-27
TIRUPATIFL,,india,2026-07-23
TIRUPATIIN,TIRUPATI INNOVAR LIMITED,india,2026-07-27
TIRUSTA,TIRUPATI STARCH & CHEMICALS LT,india,2026-07-27
TITAANIUM,Titaanium Ten Enterprise Limit,india,2026-07-27
TITAGARH,TITAGARH RAIL SYSTEMS LTD,india,2026-07-27
TITAN,TITAN COMPANY LIMITED,india,2026-07-27
TITANBIO,TITAN BIOTECH LTD.,india,2026-07-27
TITANI-RE,,india,2025-11-14
TITANIN,TITAN INTECH LIMITED,india,2026-07-27
TITANSEC,TITAN SECURITIES LTD.,india,2026-07-27
TLL,Trident Lifeline Limited,india,2026-07-27
TMB,TAMILNAD MERCA BANK LTD,india,2026-07-27
TMCV,TATA MOTORS LIMITED,india,2026-07-27
TMPV,TATA MOTORS PASS VEH LTD,india,2026-07-27
TMTIND-B1,,india,2026-07-13
TNPETRO,TAMILNADU PETROPRODUCTS L,india,2026-07-27
TNPL,TAMILNADU NEWSPRT & PAPER,india,2026-07-27
TNSTLTU,,india,2026-07-24
TNTELE,TAMILNADU TELECOMMUNICATI,india,2026-07-27
TOKYOFIN,TOKYO FINANCE LTD.,india,2026-07-27
TOKYOPLAST,TOKYO PLAST INTERNATIONAL LTD.,india,2026-07-27
TOLINS,TOLINS TYRES LIMITED,india,2026-07-27
TORNTPHARM,TORRENT PHARMACEUTICALS L,india,2026-07-27
TORNTPOWER,TORRENT POWER LTD,india,2026-07-27
TOTAL,TOTAL TRANSPORT SYS LTD,india,2026-07-27
TOTEM,Forbes Precision Tools and Mac,india,2026-07-27
TOUCHWOOD,TOUCHWOOD ENTERTAIN LTD.,india,2026-07-27
TOYAMSL,TOYAM SPORTS LIMITED,india,2026-07-27
TPHQ,TEAMO PRODUCTIONS HQ LTD,india,2026-07-27
TPINDIA,TPI INDIA LTD.,india,2026-07-27
TPLPLASTEH,TPL PLASTECH LIMITED,india,2026-07-27
TPROJECT,THIRANI PROJECTS LTD,india,2026-07-27
TRABI,TRANSGENE BIOTEK LTD.,india,2026-07-27
TRACXN,TRACXN TECHNOLOGIES LTD,india,2026-07-27
TRADEUNO,GAME CHANGERS TEXFAB LIMITED,india,2026-07-27
TRADEWELL,,india,2026-07-21
TRADWIN,,india,2026-07-27
TRANSCHEM,TRANSCHEM LTD.,india,2026-07-27
TRANSCOR,TRANSCORP INTERNATIONAL LTD.,india,2026-07-27
TRANSFD,TRANSGLOBE FOODS LTD.,india,2026-07-27
TRANSFRE,TRANS-FREIGHT CONTAINERS LTD.,india,2026-07-27
TRANSPACT,,india,2026-07-22
TRANSPEK,TRANSPEK INDUSTRY LTD,india,2026-07-27
TRANSRAILL,TRANSRAIL LIGHTING LTD,india,2026-07-27
TRANSVOY,,india,2026-07-27
TRANSWORLD,TRANSWORLD SHIPPING LINES LIMI,india,2026-07-27
TRANWAY21,,india,2026-07-20
TRAVELFOOD,TRAVEL FOOD SERVICES LTD,india,2026-07-27
TRAVELS,,india,2026-07-21
TRAVELS-RE,,india,2026-03-02
TREEHOUSE,TREE HOUSE EDU LTD,india,2026-07-27
TREJHARA,TREJHARA SOLUTIONS LTD,india,2026-07-27
TREL,TRANSINDIA REAL ESTATE L,india,2026-07-27
TRENT,TRENT LTD,india,2026-07-27
TRESCON,TRESCON LIMITED,india,2026-07-27
TRF,TRF LIMITED,india,2026-07-27
TRICOMFRU,TRICOM FRUIT PRODUCTS LIMITED,india,2026-07-27
TRIDENT,TRIDENT LIMITED,india,2026-07-27
TRIGYN,TRIGYN TECHNOLOGIES LTD,india,2026-07-27
TRILIANCE,,india,2026-07-27
TRINITYLEA,TRINITY LEAGUE INDIA LTD.,india,2026-07-27
TRIOMERC,TRIO MERCANTILE & TRADING LTD.,india,2026-07-27
TRISHAKT,Trishakti Industries Limited,india,2026-07-27
TRITON,,india,2026-04-23
TRITONV,TRITON VALVES LTD.,india,2026-07-27
TRITURBINE,TRIVENI TURBINE LIMITED,india,2026-07-27
TRIUMPIN,TRIUMPH INTERNATIONAL FINANCE,india,2026-07-27
TRIVENI,TRIVENI ENGINEERING & INDUSTRI,india,2026-07-27
TRIVENIENT,TRIVENI ENTERPRISES LTD,india,2026-07-27
TRIVENIGQ,TRIVENI GLASS LTD.,india,2026-07-27
TRL,Taylormade Renewables Limited,india,2026-07-27
TRU,TRUCAP FINANCE LIMITED,india,2026-07-27
TRUALT,TRUALT BIOENERGY LIMITED,india,2026-07-27
TRUCAP-RE,,india,2025-10-13
TRUECOLORS,TRUE COLORS LIMITED,india,2026-07-27
TRUEGREEN,TRUE GREEN BIO ENERGY LIMITED,india,2026-07-27
TRUSTEDGE,Trustedge Capital Limited,india,2026-07-27
TRUSTWAVE,,india,2026-04-24
TSFINV,TSF INVESTMENTS LIMITED,india,2026-07-27
TSPIRITUAL,T.SPIRITUAL WORLD LTD.,india,2026-07-27
TTC,TORO CO,india,2026-07-27
TTFL,Trident Texofab Limited,india,2026-07-27
TTGIL,TOMORROW TECHNOLOGIES GLOBAL I,india,2026-07-27
TTIENT,TTI ENTERPRISE LTD,india,2026-07-27
TTIL,,india,2025-12-18
TTKHLTCARE,TTK HEALTHCARE LIMITED,india,2026-07-27
TTKPRESTIG,TTK PRESTIGE LTD,india,2026-07-27
TTL,T T LIMITED,india,2026-07-27
TTL-RE,,india,2025-07-25
TTML,TATA TELESERV(MAHARASTRA),india,2026-07-27
TULASEEBIOE,,india,2026-07-27
TULIVE,,india,2026-06-24
TULSYAN,TULSYAN NEC LTD.,india,2026-07-27
TUNITEX,TUNI TEXTILE MILLS LTD.,india,2026-07-27
TUNTEX-RE,,india,2025-12-03
TURTLEMINT,TURTLEMINT FINTECH SOLS L,india,2026-07-27
TUSALDAH,,india,2026-07-22
TUTIALKA,TUTICORIN ALKALI CHEMICALS AND,india,2026-07-27
TVSELECT,TVS ELECTRONICS LTD,india,2026-07-27
TVSHLTD,TVS HOLDINGS LIMITED,india,2026-07-27
TVSMNCRPS,,india,2026-07-27
TVSMOTOR,TVS MOTOR COMPANY  LTD,india,2026-07-27
TVSSCS,TVS SUPPLY CHAIN SOL L,india,2026-07-27
TVSSRICHAK,TVS SRICHAKRA LIMITED,india,2026-07-27
TVTODAY,TV TODAY NETWORK LTD,india,2026-07-27
TVVISION,TV VISION LIMITED,india,2026-07-27
TYCHE,TYCHE INDUSTRIES LTD.,india,2026-07-27
TYROON,TYROON TEA CO.LTD.,india,2026-07-27
UBL,UNITED BREWERIES LTD,india,2026-07-27
UCAL,UCAL LIMITED,india,2026-07-27
UCIL,UNIFINZ CAPITAL INDIA LIMITED,india,2026-07-27
UCOBANK,UCO BANK,india,2026-07-27
"UCOBANK#",,india,2025-10-28
UDAICEMENT,,india,2025-08-22
UDAYJEW,Uday Jewellery Industries Limi,india,2026-07-27
UDS,UPDATER SERVICES LIMITED,india,2026-07-27
UEL,UJAAS ENERGY LIMITED,india,2026-07-27
UFBL,UNITED FOODBRANDS LIMITED,india,2026-07-27
UFLEX,UFLEX LIMITED,india,2026-07-27
UFO,UFO MOVIEZ INDIA LTD.,india,2026-07-27
UGARSUGAR,THE UGAR SUGAR WORKS LTD,india,2026-07-27
UGROCAP,UGRO CAPITAL LIMITED,india,2026-07-27
UHMVL,UHM Vacation Limited,india,2026-07-27
UHZAVE-RE,,india,2025-11-04
UHZAVERI,U. H. ZAVERI LIMITED,india,2026-07-27
UJJIVANSFB,UJJIVAN SMALL FINANC BANK,india,2026-07-27
ULTRACAB,Ultracab (India) Limited,india,2026-07-27
ULTRACEMCO,ULTRATECH CEMENT LIMITED,india,2026-07-27
ULTRAMAR,ULTRAMARINE & PIGMENTS L,india,2026-07-27
UMAEXPORTS,Uma Exports Limited,india,2026-07-27
UMANGDAIRY,,india,2025-06-26
UMESLTD,USHA MARTIN EDU & SOL LTD,india,2026-07-27
UMIYA,Umiya Tubes Limited,india,2026-07-27
UMIYA-MRO,UMIYA BUILDCON LIMITED,india,2026-07-27
UML,,india,2026-07-27
UNIABEXAL,UNI ABEX ALLOY PRODUCTS LTD.,india,2026-07-27
UNIAUTO,Universal Autofoundry Limited,india,2026-07-27
UNICHEMLAB,UNICHEM LABORATORIES LTD,india,2026-07-27
UNICK,Unick Fix-A- Form and Printers,india,2026-07-27
UNIDT,UNITED DRILLING TOOLS LTD.,india,2026-07-27
UNIECOM,UNICOMMERCE ESOLUTIONS L,india,2026-07-27
UNIENTER,UNIPHOS ENTERPRISES LTD,india,2026-07-27
UNIFIED,UNIFIED DATA TECH SOLUTIONS LI,india,2026-07-27
UNIINFO,,india,2026-04-29
UNIMECH,UNIMECH AEROSPACE N MFG L,india,2026-07-27
UNIOFFICE,UNIVERSAL OFFICE AUTOMATION LT,india,2026-07-27
UNIONBANK,UNION BANK OF INDIA,india,2026-07-27
UNIPARTS,UNIPARTS INDIA LIMITED,india,2026-07-27
UNIQUEO,UNIQUE ORGANICS LTD.,india,2026-07-27
UNIROYAL,,india,2026-07-27
UNISEM,,india,2026-07-22
UNISHIRE,UNISHIRE URBAN INFRA LTD,india,2026-07-24
UNISON,UNISON METALS LTD,india,2026-07-27
UNISTRMU,,india,2025-06-30
UNITDCR,UNITED CREDIT LTD.,india,2026-07-27
UNITDSPR,UNITED SPIRITS LIMITED,india,2026-07-27
UNITECH,UNITECH LTD,india,2026-07-27
UNITEDINT,UNITED INTERACTIVE LTD.,india,2026-07-24
UNITEDPOLY,United Polyfab Gujarat Limited,india,2026-07-27
UNITEDTE,,india,2026-07-27
UNITEDTEA,UNITED NILGIRI TEA LTD,india,2026-07-27
UNITINT,,india,2026-07-27
UNIVAFOODS,,india,2026-07-20
UNIVARTS,UNIVERSAL ARTS LTD.,india,2026-07-27
UNIVASTU,,india,2026-07-01
UNIVCABLES,UNIVERSAL CABLES LTD,india,2026-07-27
UNIVPHOTO,UNIVERSUS PHOTO IMAGINGS LIMIT,india,2026-07-27
UNIVSTAR,UNIVERSAL STARCH-CHEM ALLIED L,india,2026-07-27
UNJHAFOR,UNJHA FORMULATIONS LTD.,india,2026-07-27
UNOMINDA,UNO MINDA LIMITED,india,2026-07-27
UNQTYMI,,india,2026-07-27
UNRYLMA,UNIROYAL MARINE EXPORTS LTD.,india,2026-07-27
UNTTEMI,,india,2026-07-17
UPHOT,U.P.HOTELS LTD.,india,2026-07-27
UPL,UPL LIMITED,india,2026-07-27
UPROTECH,,india,2026-07-27
UPSURGE,UPSURGE INVESTMENT & FINANCE L,india,2026-07-27
URAVIDEF,Uravi Defence and Technology L,india,2026-07-27
URBANCO,URBAN COMPANY LIMITED,india,2026-07-27
URJA,URJA GLOBAL LIMITED,india,2026-07-27
URSUGAR,UR SUGAR INDUSTRIES LIMITED,india,2026-07-27
USGTECH,USG TECH SOLUTIONS LTD.,india,2026-07-27
USHAKIRA,USHAKIRAN FINANCE LTD.,india,2026-07-27
USHAMART,USHA MARTIN LTD.,india,2026-07-27
USK,UDAYSHIVAKUMAR INFRA LTD,india,2026-07-27
UTIAMC,UTI ASSET MNGMT CO LTD,india,2026-07-27
UTIQUE,UTIQUE ENTERPRISES LIMITED,india,2026-07-27
UTKAR-RE,,india,2025-10-28
UTKARSHBNK,UTKARSH SMALL FIN BANK L,india,2026-07-27
UTLINDS,UTL INDUSTRIES LIMITED,india,2026-07-27
UTLSOLAR,FUJIYAMA POWER SYSTEMS L,india,2026-07-27
UTTAMSUGAR,UTTAM SUGAR MILLS LTD.,india,2026-07-27
UVDRHOR,UNITED VAN DER HORST LTD.,india,2026-07-27
UVS,UVS HOSPITALITY AND SERVICES L,india,2026-07-27
UYFINCORP,U. Y. FINCORP LIMITED,india,2026-07-27
V2RETAIL,V2 RETAIL LIMITED,india,2026-07-27
VAARAD,VAARAD VENTURES LTD,india,2026-07-27
VADILALIND,VADILAL INDUSTRIES LTD,india,2026-07-27
VADILENT,VADILAL ENTERPRISES LTD.,india,2026-07-27
VAGHANI,,india,2026-01-27
VAHH,Vahh Chemicals Limited,india,2026-07-24
VAIBHAVGBL,VAIBHAV GLOBAL LIMITED,india,2026-07-27
VAICC,,india,2026-07-27
VAISHALI,,india,2026-07-27
VAKRANGEE,VAKRANGEE LIMITED,india,2026-07-27
VALENCIA,,india,2026-07-24
VALIANT,VALIANT COMMUNICATIONS LTD.,india,2026-07-27
VALIANT-RE,,india,2025-08-05
VALIANTLAB,Valiant Laboratories Limited,india,2026-07-27
VALIANTORG,Valiant Organics Limited,india,2026-07-27
VALINDIA,Valencia India Limited,india,2026-07-27
VALLABHSQ,VALLABH STEELS LTD.,india,2026-07-27
VALPLAST,,india,2026-07-27
VALSONQ,VALSON INDUSTRIES LTD.,india,2026-07-27
VAMA,VAMA INDUSTRIES LTD.,india,2026-07-27
VAML,VEDANTA ALUMINIUM METAL L,india,2026-07-27
VAMSHIRU,VAMSHI RUBBER LTD.,india,2026-07-27
VANDAN,VANDAN FOODS LIMITED,india,2026-07-27
VANDANA,,india,2025-06-27
VANDU,LEO DRYFRUITS & SPICES TRADING,india,2026-07-27
VANICOM,Vani Commercials Limited,india,2026-07-27
VANTABIO,,india,2026-07-13
VAPIENTER,VAPI ENTERPRISE LIMITED,india,2026-07-27
VARDHACRLC,,india,2026-07-02
VARDHMAN,,india,2026-07-27
VARDMNPOLY,VARDHMAN POLYTEX LTD.,india,2026-07-27
VARIMAN,VARIMAN GLOBAL ENTERPRISES LIM,india,2026-07-27
VARROC,VARROC ENGINEERING LTD.,india,2026-07-27
VARUNME,,india,2025-10-27
VARYAA,VARYAA CREATIONS LIMITED,india,2026-07-27
VASCONEQ,VASCON ENGINEERS LTD,india,2026-07-27
VASHISHTHA,,india,2026-07-23
VASINFRA,VAS INFRASTRUCTURE LTD.,india,2026-07-27
VASUDHAGAM,,india,2026-06-22
VASUPRADA,,india,2026-07-27
VASWANI,VASWANI IND LTD,india,2026-07-27
VBDESAI,V.B.DESAI FINANCIAL SERVICES L,india,2026-07-27
VBIND,V B INDUSTRIES LIMITED,india,2026-07-27
VBL,VARUN BEVERAGES LIMITED,india,2026-07-27
VCL,VAXTEX COTFAB LIMITED,india,2026-07-27
VCU,VCU DATA MANAGEMENT LTD,india,2026-07-27
VEDANTASSET,VEDANT ASSET LIMITED,india,2026-07-27
VEDAVAAG,VEDAVAAG SYSTEMS LTD.,india,2026-07-27
VEDL,VEDANTA LIMITED,india,2026-07-27
VEDPOWER,VEDANTA POWER LIMITED,india,2026-07-27
VEEDOL,VEEDOL CORPORATION LTD,india,2026-07-27
VEEFIN,VEEFIN SOLUTIONS LIMITED,india,2026-07-27
VEERENRGY,VEER ENERGY & INFRASTRUCTURE L,india,2026-07-27
VEERHEALTH,VEERHEALTH CARE LIMITED,india,2026-07-27
VEERKRUPA,Veerkrupa Jewellers Limited,india,2026-07-27
VEGA,VEGA JEWELLERS LIMITED,india,2026-07-27
VEL,Vaxfab Enterprises Limited,india,2026-07-27
VELHO,VELAN HOTELS LTD.,india,2026-07-27
VELJAN,VELJAN DENISON LIMITED,india,2026-07-27
VENKEYS,VENKY S (INDIA) LIMITED,india,2026-07-27
VENLONENT,VENLON ENTERPRISES LTD.,india,2026-07-27
VENMAX,VENMAX DRUGS AND PHARMACEUTICA,india,2026-07-27
VENTIVE,VENTIVE HOSPITALITY LTD,india,2026-07-27
VENTURA,VENTURA TEXTILES LTD.,india,2026-07-27
VENUSPIPES,VENUS PIPES & TUBES LTD,india,2026-07-27
VENUSREM,VENUS REMEDIES LTD.,india,2026-07-27
VERANDA,VERANDA LEARNING SOL LTD,india,2026-07-27
VERITAS,VERITAS (INDIA) LTD.,india,2026-07-27
VERTEX,VERTEX SECURITIES LTD.,india,2026-07-27
VERTEX-RE,,india,2026-03-23
VERTOZ,,india,2026-05-27
VESUVIUS,VESUVIUS INDIA LTD,india,2026-07-27
VETO,VETO SWITCHGEARS AND CABLES LI,india,2026-07-27
VGCL,Vibrant Global Capital Limited,india,2026-07-27
VGIL,Veer Global Infraconstruction,india,2026-07-27
VGL,VARVEE GLOBAL LIMITED,india,2026-07-27
VGUARD,V-GUARD IND LTD.,india,2026-07-27
VHL,VARDHMAN HOLDINGS LIMITED,india,2026-07-27
VHLTD,VICEROY HOTELS LTD.,india,2026-07-27
VICTMILL,VICTORIA MILLS LTD.,india,2026-07-27
VIDHIING,VIDHI SPCLTY F INGRDNTS L,india,2026-07-27
VIDYAWIRES,VIDYA WIRES LIMITED,india,2026-07-27
VIJAYA,VIJAYA DIAGNOSTIC CEN LTD,india,2026-07-27
VIJAYTX,,india,2026-07-27
VIJIFIN,VIJI FINANCE LTD,india,2026-07-27
VIJSOLX,VIJAY SOLVEX LTD.,india,2026-07-27
VIKALPS,,india,2026-07-20
VIKASECO,VIKAS ECOTECH LIMITED,india,2026-07-27
VIKASLIFE,VIKAS LIFECARE LIMITED,india,2026-07-27
VIKASPROP,,india,2026-07-27
VIKASWSP,,india,2026-07-27
VIKRAMAR,VIKRAM AROMA LIMITED,india,2026-07-27
VIKRAMSOLR,VIKRAM SOLAR LIMITED,india,2026-07-27
VIKRAMTH,VIKRAM THERMO (INDIA) LTD.,india,2026-07-27
VIKRAN,VIKRAN ENGINEERING LTD,india,2026-07-27
VIMTALABS,VIMTA LABS LIMITED,india,2026-07-27
VINATIORGA,VINATI ORGANICS LTD,india,2026-07-27
VINAYAKPOL,,india,2026-07-27
VINCOFE,VINTAGE COFFEE N BVRGS L,india,2026-07-27
VINDHYATEL,VINDHYA TELELINKS LTD,india,2026-07-27
VINEET-RE,,india,2026-01-27
VINEETLAB,Vineet Laboratories Limited,india,2026-07-27
VINNY,VINNY OVERSEAS LIMITED,india,2026-07-27
VINRKLB,REKVINA LABORATORIES LTD.,india,2026-07-24
VINTAGES,,india,2026-07-27
VINTRON,,india,2026-01-13
VINYLINDIA,VINYL CHEMICALS (I) LTD.,india,2026-07-27
VINYOFL,VINYOFLEX LTD.,india,2026-07-27
VIPCLOTHNG,VIP Clothing Limited,india,2026-07-27
VIPIND,VIP INDUSTRIES LTD,india,2026-07-27
VIPPYSP,VIPPY SPINPRO LTD.,india,2026-07-27
VIPULLTD,VIPUL LTD.,india,2026-07-27
VIPULORG,Vipul Organics Limited,india,2026-07-27
VIRAT,VIRAT INDUSTRIES LTD.,india,2026-07-27
VIRATCRA,VIRAT CRANE INDUSTRIES LTD.,india,2026-07-27
VIRGOGLOB,Virgo Global Limited,india,2026-07-27
VIRINCHI,VIRINCHI LIMITED,india,2026-07-27
VIRTUALG,VIRTUAL GLOBAL EDUCATION LTD.,india,2026-07-27
VIRYA,,india,2026-06-11
VISACHROME,VISA Chrome Limited,india,2026-07-27
VISAGAR,VISAGAR FINANCIAL SERVICES LTD,india,2026-07-27
VISAKAIND,VISAKA INDUSTRIES LIMITED,india,2026-07-27
VISASTEEL,,india,2026-05-19
VISHAL,VISHAL FABRICS LTD,india,2026-07-27
VISHALBL,Vishal Bearings Limited,india,2026-07-27
VISHNU,VISHNU CHEMICALS LIMITED,india,2026-07-27
VISHWARAJ,VISHWARAJ SUGAR IND LTD,india,2026-07-27
VISIONCINE,VISION CINEMAS LTD.,india,2026-07-27
VISIONCO,VISION CORPORATION LTD.,india,2026-07-27
VISL,VEDANTA IRON AND STEEL L,india,2026-07-27
VISTAPH,VISTA PHARMACEUTICALS LTD.,india,2026-07-27
VISTARAMAR,Vistar Amar Limited,india,2026-07-27
VISVEN,VISHVPRABHA VENTURES LIMITED,india,2026-07-27
VITAL,,india,2026-04-16
VIVAA,Vivaa Tradecom Limited,india,2026-07-24
VIVANTA,Vivanta Industries Limited,india,2026-07-27
VIVANZA,Vivanza Biosciences Limited,india,2026-07-27
VIVIDHA,VISAGAR POLYTEX LTD,india,2026-07-27
VIVIDIND,,india,2026-07-23
VIVIDM,VIVID MERCANTILE LIMITED,india,2026-07-27
VIVIMEDLAB,VIVIMED LABS LTD.,india,2026-07-27
VIVOBIOT,VIVO BIO TECH LTD.,india,2026-07-27
VIYASH,VIYASH SCIENTIFIC LIMITED,india,2026-07-27
VJLAXMIE,VEEJAY LAKSHMI ENGINEERING WOR,india,2026-07-27
VJTFEDU,VJTF EDUSERVICES LTD.,india,2026-07-27
VKAL,Vantage Knowledge Academy Limi,india,2026-07-27
VKGLOBAL,,india,2026-06-29
VKJINFRA,,india,2025-09-29
VLEGOV,VL E-Governance & IT Solutions,india,2026-07-27
VLL,,india,2026-07-27
VLSFINANCE,VLS FINANCE LTD,india,2026-07-27
VMART,VMART RETAIL LTD,india,2026-07-27
VMM,VISHAL MEGA MART LIMITED,india,2026-07-27
VMS,VMS INDUSTRIES LTD.,india,2026-07-27
VMSTMT,VMS TMT LIMITED,india,2026-07-27
VOEPL,VIRTUOSO OPTOELECTRONIC L,india,2026-07-27
VOGL,VEDANTA OIL AND GAS LTD,india,2026-07-27
VOITHPAPR,VOITH PAPER FABRICS INDIA LTD.,india,2026-07-27
VOLKAI,Kairosoft AI Solutions Limited,india,2026-07-27
VOLLF,VOLTAIRE LEASING & FINANCE LTD,india,2026-07-27
VOLTAMP,VOLTAMP TRANSFORMERS LTD,india,2026-07-27
VOLTAS,VOLTAS LTD,india,2026-07-27
VPAL,Vegorama Punjabi Angithi Limit,india,2026-07-27
VPL,,india,2026-07-22
VPRPL,VISHNU PRAKASH R PUNGLIA LIMIT,india,2026-07-27
VRAJ,VRAJ IRON AND STEEL LTD,india,2026-07-27
VRFILMS,V R FILMS & STUDIOS LIMITED,india,2026-07-27
VRL,VASUNDHARA RASAYANS LTD,india,2026-07-27
VRLLOG,VRL LOGISTICS LIMITED,india,2026-07-27
VRUDDHI,Vruddhi Engineering Works Limi,india,2026-07-24
VRWODAR,,india,2026-05-29
VSFPROJ,VSF PROJECTS LTD.,india,2026-07-27
VSL,Viram Suvarn Limited,india,2026-07-27
VSL-RE,,india,2026-02-13
VSSL,VARDHMAN SPC STEEL LTD,india,2026-07-27
VSTIND,VST INDUSTRIES LTD,india,2026-07-27
VSTL,VIBHOR STEEL TUBES LTD,india,2026-07-27
VSTTILLERS,VST TILLERS TRACTORS LTD,india,2026-07-27
VTL,VARDHMAN TEXTILES LIMITED,india,2026-07-27
VTMLTD,VTM LTD.,india,2026-07-27
VUENOW,,india,2025-11-20
VVIPIL,VVIP Infratech Limited,india,2026-07-27
VXLINSTR,VXL INSTRUMENTS LTD.,india,2026-07-27
WAA,Waa Solar Limited,india,2026-07-27
WAAREE,WAAREE TECHNOLOGIES LIMITED,india,2026-07-27
WAAREEENER,WAAREE ENERGIES LIMITED,india,2026-07-27
WAAREEINDO,INDOSOLAR LIMITED,india,2026-07-27
WAAREERTL,WAAREE RENEWABLE TECH LTD,india,2026-07-27
WABAG,VA TECH WABAG LTD,india,2026-07-27
WAGEND,WAGEND INFRA VENTURE LIMITED,india,2026-07-27
WAKEFIT,WAKEFIT INNOVATIONS LTD,india,2026-07-27
WALCHANNAG,WALCHANDNAGAR INDUSTRIES,india,2026-07-27
WALCHPF,WALCHAND PEOPLEFIRST LTD.,india,2026-07-27
WALLFORT,WALLFORT FINANCIAL SERVICES LT,india,2026-07-27
WANBURY,WANBURY LIMITED,india,2026-07-27
WARDHEALTH,,india,2025-12-22
WARDINMOBI,WARDWIZARD INNOVATIONS AND MOB,india,2026-07-27
WARDWIZFBL,Wardwizard Foods and Beverages,india,2026-07-27
WARRENTEA,WARREN TEA LTD.,india,2026-07-27
WARWIZ-RE,,india,2025-10-01
WATERBASE,WATERBASE LTD.,india,2026-07-27
WCIL,WESTERN CARRIERS (IND) L,india,2026-07-27
WEALTH,WEALTH FRST PORT. MG. LTD,india,2026-07-27
WEBELSOLAR,WEBSOL ENERGY SYSTEM LTD,india,2026-07-27
WEIZMANIND,WEIZMANN LTD,india,2026-07-27
WEL,WONDER ELECTRICALS LTD,india,2026-07-27
WELCORP,WELSPUN CORP LIMITED,india,2026-07-27
WELCURE,WELCURE DRUGS & PHARMACEUTICAL,india,2026-07-27
WELENT,WELSPUN ENTERPRISES LTD.,india,2026-07-27
WELINV,WELSPUN INVESTMENTS AND COMMER,india,2026-07-24
WELSPLSOL,WELSPUN SPECIALTY SOL L,india,2026-07-27
WELSPUNLIV,WELSPUN LIVING LIMITED,india,2026-07-27
WELTI,,india,2026-07-27
WENDT,WENDT (INDIA) LIMITED,india,2026-07-27
WEPSOLN,WEP SOLUTIONS LTD.,india,2026-07-27
WESTLEIRES,,india,2026-07-23
WESTLIFE,WESTLIFE FOODWORLD LTD,india,2026-07-27
WEWIN,,india,2026-07-27
WEWORK,WEWORK INDIA MANAGEMENT L,india,2026-07-27
WHBRADY,W.H.BRADY & CO.LTD.,india,2026-07-27
WHEELS,WHEELS INDIA LTD,india,2026-07-27
WHIRLPOOL,WHIRLPOOL OF INDIA LTD,india,2026-07-27
WHITEORG,White Organic Agro Limited,india,2026-07-27
WILLAMAGOR,WILLIAMSON MAGOR,india,2026-07-27
WILLIMFI,WILLIAMSON FINANCIAL SERVICES,india,2026-07-27
WIMPLAST,,india,2026-06-08
WINDLAS,WINDLAS BIOTECH LIMITED,india,2026-07-27
WINDMACHIN,WINDSOR MACHINES LIMITED,india,2026-07-27
WINPRO,,india,2025-11-21
WINSOMBR,WINSOME BREWERIES LTD.,india,2026-07-27
WINSOME,,india,2026-07-27
WINSOMTX,WINSOME TEXTILE INDUSTRIES LTD,india,2026-07-27
WIPL,THE WESTERN INDIA PLY LTD,india,2026-07-27
WIPRO,WIPRO LTD,india,2026-07-27
"WIPRO#",,india,2025-08-06
WIREFABR,WIRES & FABRIKS (SA) LTD.,india,2026-07-27
WITS,,india,2026-06-24
WMINIMT,,india,2026-06-25
WOCKPHARMA,WOCKHARDT LIMITED,india,2026-07-27
WOMENNET,WOMEN NETWORKS LTD.,india,2026-07-27
WONDERLA,WONDERLA HOLIDAYS LTD.,india,2026-07-27
WOODSVILA,,india,2026-07-22
WORKMATES,WORKMATES CORE2CLOUD SOLUTION,india,2026-07-27
WORL,,india,2025-09-08
WORTH,WORTH INVESTMENT & TRADING CO,india,2026-07-27
WORTHPERI,WORTH PERIPHERALS LIMITED,india,2026-07-27
WOSAL,Western Overseas Study Abroad,india,2026-07-24
WPIL,W P I L LTD.,india,2026-07-27
WSFX,WSFX Global Pay Limited,india,2026-07-27
WSI,W.S.INDUSTRIES (I) LTD.,india,2026-07-27
WSTCSTPAPR,WEST COAST PAPER MILLS LT,india,2026-07-27
WWALUM,WORLDWIDE ALUMINIUM LIMITED,india,2026-07-27
XCHANGING,XCHANGING SOLUTIONS LTD,india,2026-07-27
XELPMOC,XELPMOC DESIGN & TECH LTD,india,2026-07-27
XPROINDIA,XPRO INDIA LIMITED,india,2026-07-27
XTGLOBAL,XTGLOBAL INFOTECH LIMITED,india,2026-07-27
YAANENT,YAAN ENTERPRISES LIMITED,india,2026-07-27
YAARI,,india,2025-11-03
YAASHVI,YAASHVI JEWELLERS LIMITED,india,2026-07-27
YAJUR,YAJUR FIBRES LIMITED,india,2026-07-27
YAMNINV,YAMINI INVESTMENTS COMPANY LTD,india,2026-07-27
YARNSYN,YARN SYNDICATE LTD.,india,2026-07-27
YASHCHEM,Yash Chemex Limited,india,2026-07-27
YASHHTEJ,Yashhtej Industries (India) Li,india,2026-07-27
YASHHV,Yash Highvoltage Limited,india,2026-07-27
YASHINNO,YASH INNOVENTURES LIMITED,india,2026-07-27
YASHMGM,YASH MANAGEMENT & SATELLITE LT,india,2026-07-27
YASHO,YASHO INDUSTRIES LIMITED,india,2026-07-27
YASHRAJC,YASHRAJ CONTAINEURS LTD.,india,2026-07-27
YASTF,,india,2026-05-05
YATHARTH,YATHARTH HOSP & TRA C S L,india,2026-07-27
YATRA,YATRA ONLINE LIMITED,india,2026-07-27
YESBANK,YES BANK LIMITED,india,2026-07-27
"YESBANK#",,india,2025-10-30
YOGI,YOGI LIMITED,india,2026-07-27
YOGISUNG,YOGI SUNG-WON (INDIA) LTD.,india,2026-07-27
YORKEXP,YORK EXPORTS LTD.,india,2026-07-27
YSL,,india,2026-07-23
YUG,,india,2026-07-21
YUG-RE1,,india,2026-01-20
YUKEN,YUKEN INDIA LIMITED,india,2026-07-27
YUNIKM,Yunik Managing Advisors Limite,india,2026-07-27
YURANUS,YURANUS INFRASTRUCTURE LTD,india,2026-07-27
YUVRAAJHPL,YUVRAAJ HYGIENE PRODUCTS LTD.,india,2026-07-27
ZAGGLE,ZAGGLE PREPA OCEAN SER L,india,2026-07-27
ZAPPFRESH,DSM Fresh Foods Limited,india,2026-07-27
ZARCOLEA,,india,2026-02-23
ZBINTXPP,BINAYAK TEX PROCESSORS LTD.,india,2026-07-24
ZCHDBFS28,,india,2026-06-10
ZDHJERK,DHANVANTRI JEEVAN REKHA LTD.,india,2026-07-27
ZEAL,Zeal Aqua Limited,india,2026-07-27
ZEEL,ZEE ENTERTAINMENT ENT LTD,india,2026-07-27
ZEELEARN,ZEE LEARN LTD.,india,2026-07-27
ZEEMEDIA,ZEE MEDIA CORPORATION LTD,india,2026-07-27
ZELIO,Zelio E Mobility Limited,india,2026-07-27
ZENIFIB,ZENITH FIBRES LTD.,india,2026-07-27
ZENITHEXPO,ZENITH EXPORTS LTD,india,2026-07-27
ZENITHHE,ZENITH HEALTH CARE LTD.,india,2026-07-27
ZENITHSTL,ZENITH STEEL PIP IND LTD,india,2026-07-27
ZENLABS,Zenlabs Ethica Limited,india,2026-07-27
ZENOTECH,ZENOTECH LABORATORIES LTD.,india,2026-07-27
ZENSARTECH,ZENSAR TECHNOLOGIES  LTD,india,2026-07-27
ZENTEC,ZEN TECHNOLOGIES LIMITED,india,2026-07-27
ZFCVINDIA,ZF COM VE CTR SYS IND LTD,india,2026-07-27
ZFSTEERING,Z F STEERING GEAR (I) LTD,india,2026-07-27
ZGAEKWAR,,india,2026-03-25
ZGOLDINV,,india,2025-12-16
ZHEMHOLD,,india,2026-05-19
ZIMLAB,ZIM Laboratories Limited,india,2026-07-27
ZINEMA,ZINEMA MEDIA AND ENTERTAINMENT,india,2026-07-24
ZKHANDEN,KHANDELWAL EXTRACTION LTD.,india,2026-07-27
ZKOVALIN,,india,2026-03-18
ZMILGFIN,MILGREY FINANCE & INVESTMENT L,india,2026-07-27
ZMULTIPU,MULTIPURPOSE TRADING & AGENCIE,india,2026-07-27
ZODIAC,Zodiac Energy Limited,india,2026-07-27
ZODIAC-RE,,india,2025-08-08
ZODIACLOTH,ZODIAC CLOTHING CO. LTD.,india,2026-07-27
ZODIACVEN,ZODIAC VENTURES LIMITED,india,2026-07-27
ZODJRDMKJ,ZODIAC-JRD-MKJ LTD.,india,2026-07-27
ZOTA,ZOTA HEALTH CARE LIMITED,india,2026-07-27
ZR2,ZR2 BIOENERGY LIMITED,india,2026-07-27
ZSANMCOM,,india,2026-05-27
ZSARACOM,SARASWATI COMM (INDIA) L,india,2026-07-27
ZSOUTGAS,,india,2025-08-18
ZSVARAJT,SVARAJ TRADING & AGENCIES LTD.,india,2026-07-27
ZSWASTSA,,india,2025-11-10
ZUARI,ZUARI AGRO CHEMICALS LTD,india,2026-07-27
ZUARIIND,ZUARI INDUSTRIES LIMITED,india,2026-07-27
ZWELCAST,WELCAST STEELS LTD.,india,2026-07-27
ZYDUSLIFE,ZYDUS LIFESCIENCES LTD,india,2026-07-27
ZYDUSWELL,ZYDUS WELLNESS LIMITED,india,2026-07-27
1301.T,極洋,japan,2026-07-27
1332.T,ニッスイ,japan,2026-07-27
1333.T,Ｕｍｉｏｓ,japan,2026-07-27
1375.T,ユキグニファクトリー,japan,2026-07-27
1376.T,カネコ種苗,japan,2026-07-27
1377.T,サカタのタネ,japan,2026-07-27
1379.T,ホクト,japan,2026-07-27
1380.T,秋川牧園,japan,2026-07-14
1381.T,アクシーズ,japan,2026-07-27
1382.T,ホーブ,japan,2026-07-27
1383.T,ベルグアース,japan,2026-07-27
1384.T,ホクリヨウ,japan,2026-07-27
1407.T,ウエストホールディングス,japan,2026-07-27
1414.T,ショーボンドホールディングス,japan,2026-07-27
1417.T,ミライト・ワン,japan,2026-07-27
1418.T,インターライフホールディングス,japan,2026-07-27
1419.T,タマホーム,japan,2026-07-27
1420.T,サンヨーホームズ,japan,2026-07-27
1429.T,日本アクア,japan,2026-07-27
1430.T,ファーストコーポレーション,japan,2026-07-27
1433.T,ベステラ,japan,2026-07-27
1434.T,ＪＥＳＣＯホールディングス,japan,2026-07-27
1435.T,ｒｏｂｏｔ　ｈｏｍｅ,japan,2026-07-27
1438.T,岐阜造園,japan,2026-07-27
1443.T,技研ホールディングス,japan,2026-07-27
1446.T,キャンディル,japan,2026-07-27
1450.T,ＴＡＮＡＫＥＮ,japan,2026-07-27
1491.T,中外鉱業,japan,2026-07-27
1514.T,住石ホールディングス,japan,2026-07-27
1515.T,日鉄鉱業,japan,2026-07-27
1518.T,三井松島ホールディングス,japan,2026-07-27
1605.T,ＩＮＰＥＸ,japan,2026-07-27
1662.T,石油資源開発,japan,2026-07-27
1663.T,Ｋ＆Ｏエナジーグループ,japan,2026-07-27
1711.T,ＳＤＳホールディングス,japan,2026-07-27
1716.T,第一カッター興業,japan,2026-07-27
1717.T,明豊ファシリティワークス,japan,2026-07-27
1718.T,美樹工業,japan,2026-07-27
1719.T,安藤・間,japan,2026-07-27
1720.T,東急建設,japan,2026-07-27
1721.T,コムシスホールディングス,japan,2026-07-27
1723.T,日本電技,japan,2026-07-27
1724.T,シンクレイヤ,japan,2026-07-27
1736.T,オーテック,japan,2026-07-27
1758.T,太洋基礎工業,japan,2026-07-27
1762.T,高松コンストラクショングループ,japan,2026-07-27
1764.T,工藤建設,japan,2026-07-27
1766.T,東建コーポレーション,japan,2026-07-27
1768.T,ソネック,japan,2026-07-27
1770.T,藤田エンジニアリング,japan,2026-07-27
1773.T,,japan,2026-07-14
1780.T,ヤマウラ,japan,2026-07-27
1783.T,ｆａｎｔａｓｉｓｔａ,japan,2026-07-27
1786.T,オリエンタル白石,japan,2026-07-27
1787.T,ナカボーテック,japan,2026-07-27
1788.T,三東工業社,japan,2026-07-27
1793.T,大本組,japan,2026-07-27
1795.T,マサル,japan,2026-07-27
1798.T,守谷商会,japan,2026-07-27
1799.T,第一建設工業,japan,2026-07-27
1801.T,大成建設,japan,2026-07-27
1802.T,大林組,japan,2026-07-27
1803.T,清水建設,japan,2026-07-27
1807.T,佐藤渡辺,japan,2026-07-27
1808.T,長谷工コーポレーション,japan,2026-07-27
1810.T,松井建設,japan,2026-07-27
1811.T,錢高組,japan,2026-07-27
1812.T,鹿島建設,japan,2026-07-27
1813.T,不動テトラ,japan,2026-07-27
1814.T,大末建設,japan,2026-07-27
1815.T,鉄建建設,japan,2026-07-27
1820.T,西松建設,japan,2026-07-27
1822.T,大豊建設,japan,2026-07-27
1826.T,佐田建設,japan,2026-07-27
1827.T,ナカノフドー建設,japan,2026-07-27
1828.T,田辺工業,japan,2026-07-27
1833.T,奥村組,japan,2026-07-27
1835.T,東鉄工業,japan,2026-07-27
1840.T,土屋ホールディングス,japan,2026-07-27
1844.T,大盛工業,japan,2026-07-27
1847.T,イチケン,japan,2026-07-27
1848.T,富士ピー・エス,japan,2026-07-27
1850.T,南海辰村建設,japan,2026-07-27
1852.T,淺沼組,japan,2026-07-27
1853.T,森組,japan,2026-07-27
1860.T,戸田建設,japan,2026-07-27
1861.T,熊谷組,japan,2026-07-27
1866.T,北野建設,japan,2026-07-27
1867.T,植木組,japan,2026-07-27
1870.T,矢作建設工業,japan,2026-07-27
1871.T,ピーエス・コンストラクション,japan,2026-07-27
1873.T,日本ハウスホールディングス,japan,2026-07-27
1878.T,大東建託,japan,2026-07-27
1879.T,新日本建設,japan,2026-07-27
1882.T,東亜道路工業,japan,2026-07-27
1885.T,東亜建設工業,japan,2026-07-27
1887.T,日本国土開発,japan,2026-07-27
1888.T,若築建設,japan,2026-07-27
1893.T,五洋建設,japan,2026-07-27
1897.T,金下建設,japan,2026-07-27
1898.T,世紀東急工業,japan,2026-07-27
1899.T,福田組,japan,2026-07-27
1904.T,大成温調,japan,2026-07-27
1905.T,テノックス,japan,2026-07-27
1909.T,日本ドライケミカル,japan,2026-07-27
1911.T,住友林業,japan,2026-07-27
1914.T,日本基礎技術,japan,2026-07-27
1921.T,巴コーポレーション,japan,2026-07-27
1925.T,大和ハウス工業,japan,2026-07-27
1926.T,ライト工業,japan,2026-07-27
1928.T,積水ハウス,japan,2026-07-27
1929.T,日特建設,japan,2026-07-27
1930.T,北陸電気工事,japan,2026-07-27
1934.T,ユアテック,japan,2026-07-27
1938.T,日本リーテック,japan,2026-07-27
1939.T,四電工,japan,2026-07-27
1941.T,中電工,japan,2026-07-27
1942.T,関電工,japan,2026-07-27
1944.T,きんでん,japan,2026-07-27
1945.T,東京エネシス,japan,2026-07-27
1946.T,トーエネック,japan,2026-07-27
1948.T,弘電社,japan,2026-07-27
1950.T,日本電設工業,japan,2026-07-27
1951.T,エクシオグループ,japan,2026-07-27
1952.T,新日本空調,japan,2026-07-27
1959.T,クラフティア,japan,2026-07-27
1960.T,サンテック,japan,2026-07-27
1961.T,三機工業,japan,2026-07-27
1963.T,日揮ホールディングス,japan,2026-07-27
1964.T,中外炉工業,japan,2026-07-27
1965.T,テクノ菱和,japan,2026-07-27
1966.T,高田工業所,japan,2026-07-27
1967.T,ヤマト,japan,2026-07-27
1968.T,太平電業,japan,2026-07-27
1969.T,高砂熱学工業,japan,2026-07-27
1972.T,三晃金属工業,japan,2026-07-27
1975.T,朝日工業社,japan,2026-07-27
1976.T,明星工業,japan,2026-07-27
1979.T,大氣社,japan,2026-07-27
1980.T,ダイダン,japan,2026-07-27
1981.T,協和日成,japan,2026-07-27
1982.T,日比谷総合設備,japan,2026-07-27
1992.T,神田通信機,japan,2026-07-14
1994.T,高橋カーテンウォール工業,japan,2026-07-27
1997.T,暁飯島工業,japan,2026-07-27
2001.T,ニップン,japan,2026-07-27
2002.T,日清製粉グループ本社,japan,2026-07-27
2003.T,日東富士製粉,japan,2026-07-27
2004.T,昭和産業,japan,2026-07-27
2009.T,鳥越製粉,japan,2026-07-27
2053.T,中部飼料,japan,2026-07-27
2055.T,日和産業,japan,2026-07-27
2060.T,フィード・ワン,japan,2026-07-27
2108.T,日本甜菜製糖,japan,2026-07-27
2109.T,ＤＭ三井製糖,japan,2026-07-27
2112.T,塩水港精糖,japan,2026-07-27
2114.T,フジ日本,japan,2026-07-27
2117.T,ウェルネオシュガー,japan,2026-07-27
2120.T,ＬＩＦＵＬＬ,japan,2026-07-27
2121.T,ＭＩＸＩ,japan,2026-07-27
2122.T,インタースペース,japan,2026-07-27
2124.T,ジェイエイシーリクルートメント,japan,2026-07-27
2127.T,日本Ｍ＆Ａセンターホールディングス,japan,2026-07-27
2130.T,メンバーズ,japan,2026-07-27
2134.T,北浜キャピタルパートナーズ,japan,2026-07-27
2136.T,ヒップ,japan,2026-07-27
2138.T,クルーズ,japan,2026-07-27
2139.T,中広,japan,2026-07-27
2146.T,ＵＴグループ,japan,2026-07-27
2148.T,アイティメディア,japan,2026-07-27
2152.T,幼児活動研究会,japan,2026-07-14
2153.T,Ｅ・Ｊホールディングス,japan,2026-07-27
2154.T,オープンアップグループ,japan,2026-07-27
2156.T,セーラー広告,japan,2026-07-27
2157.T,コシダカホールディングス,japan,2026-07-27
2162.T,ｎｍｓ　ホールディングス,japan,2026-07-27
2163.T,アルトナー,japan,2026-07-27
2164.T,地域新聞社,japan,2026-07-27
2168.T,パソナグループ,japan,2026-07-27
2169.T,ＣＤＳ,japan,2026-07-27
2170.T,リンクアンドモチベーション,japan,2026-07-27
2175.T,エス・エム・エス,japan,2026-07-27
2180.T,サニーサイドアップグループ,japan,2026-07-27
2181.T,パーソルホールディングス,japan,2026-07-27
2183.T,リニカル,japan,2026-07-27
2185.T,シイエム・シイ,japan,2026-07-27
2186.T,ソーバル,japan,2026-07-27
2193.T,クックパッド,japan,2026-07-27
2198.T,アイ・ケイ・ケイホールディングス,japan,2026-07-27
2201.T,森永製菓,japan,2026-07-27
2204.T,中村屋,japan,2026-07-27
2206.T,江崎グリコ,japan,2026-07-27
2207.T,ｍｅｉｔｏ,japan,2026-07-27
2208.T,ブルボン,japan,2026-07-27
2209.T,井村屋グループ,japan,2026-07-27
2211.T,不二家,japan,2026-07-27
2212.T,山崎製パン,japan,2026-07-27
2215.T,第一屋製パン,japan,2026-07-27
2216.T,カンロ,japan,2026-07-27
2217.T,モロゾフ,japan,2026-07-27
2220.T,亀田製菓,japan,2026-07-27
2221.T,岩塚製菓,japan,2026-07-27
2222.T,寿スピリッツ,japan,2026-07-27
2224.T,コモ,japan,2026-07-27
2226.T,湖池屋,japan,2026-07-27
2229.T,カルビー,japan,2026-07-27
2264.T,森永乳業,japan,2026-07-27
2266.T,六甲バター,japan,2026-07-27
2267.T,ヤクルト本社,japan,2026-07-27
2268.T,Ｂ－Ｒ　サーティワン　アイスクリーム,japan,2026-07-27
2269.T,明治ホールディングス,japan,2026-07-27
2270.T,雪印メグミルク,japan,2026-07-27
2281.T,プリマハム,japan,2026-07-27
2282.T,日本ハム,japan,2026-07-27
2286.T,林兼産業,japan,2026-07-27
2288.T,丸大食品,japan,2026-07-27
2291.T,福留ハム,japan,2026-07-27
2292.T,Ｓ　Ｆｏｏｄｓ,japan,2026-07-27
2293.T,滝沢ハム,japan,2026-07-27
2294.T,柿安本店,japan,2026-07-27
2296.T,伊藤ハム米久ホールディングス,japan,2026-07-27
2300.T,きょくとう,japan,2026-07-14
2301.T,学情,japan,2026-07-27
2303.T,ドーン,japan,2026-07-27
2304.T,ＣＳＳホールディングス,japan,2026-07-27
2305.T,スタジオアリス,japan,2026-07-27
2307.T,クロスキャット,japan,2026-07-27
2311.T,エプコ,japan,2026-07-27
2315.T,ＣＡＩＣＡ　ＤＩＧＩＴＡＬ,japan,2026-07-27
2317.T,システナ,japan,2026-07-27
2323.T,ｆｏｎｆｕｎ,japan,2026-07-27
2325.T,ＮＪＳ,japan,2026-07-27
2326.T,デジタルアーツ,japan,2026-07-27
2327.T,日鉄ソリューションズ,japan,2026-07-27
2329.T,東北新社,japan,2026-07-27
2330.T,フォーサイド,japan,2026-07-27
2331.T,ＡＬＳＯＫ,japan,2026-07-27
2332.T,クエスト,japan,2026-07-27
2335.T,キューブシステム,japan,2026-07-27
2337.T,いちご,japan,2026-07-27
2338.T,クオンタムソリューションズ,japan,2026-07-27
2340.T,極楽湯ホールディングス,japan,2026-07-27
2341.T,アルバイトタイムス,japan,2026-07-27
2342.T,トランスジェニックグループ,japan,2026-07-27
2345.T,ＨＯＤＬ１,japan,2026-07-27
2349.T,エヌアイデイ,japan,2026-07-27
2351.T,ＡＳＪ,japan,2026-07-27
2353.T,日本駐車場開発,japan,2026-07-27
2354.T,ＹＥ　ＤＩＧＩＴＡＬ,japan,2026-07-27
2359.T,コア,japan,2026-07-27
2371.T,カカクコム,japan,2026-07-27
2373.T,ケア２１,japan,2026-07-27
2375.T,ギグワークス,japan,2026-07-27
2376.T,サイネックス,japan,2026-07-14
2378.T,ルネサンス,japan,2026-07-27
2379.T,ディップ,japan,2026-07-27
2384.T,ＳＢＳホールディングス,japan,2026-07-27
2391.T,プラネット,japan,2026-07-27
2393.T,日本ケアサプライ,japan,2026-07-27
2395.T,新日本科学,japan,2026-07-27
2404.T,鉄人化ホールディングス,japan,2026-07-27
2408.T,ＫＧ情報,japan,2026-07-27
2410.T,キャリアデザインセンター,japan,2026-07-27
2411.T,ゲンダイエージェンシー,japan,2026-07-27
2413.T,エムスリー,japan,2026-07-27
2415.T,ヒューマンホールディングス,japan,2026-07-27
2418.T,ツカダ・グローバルホールディング,japan,2026-07-27
2424.T,ブラス,japan,2026-07-27
2425.T,ケアサービス,japan,2026-07-27
2428.T,ウェルネット,japan,2026-07-27
2429.T,ワールドホールディングス,japan,2026-07-27
2432.T,ディー・エヌ・エー,japan,2026-07-27
2433.T,博報堂ＤＹホールディングス,japan,2026-07-27
2435.T,シダー,japan,2026-07-27
2436.T,共同ピーアール,japan,2026-07-27
2437.T,Ｓｈｉｎｗａ　Ｗｉｓｅ　Ｈｏｌｄｉｎｇｓ,japan,2026-07-27
2440.T,ぐるなび,japan,2026-07-27
2445.T,タカミヤ,japan,2026-07-27
2449.T,プラップジャパン,japan,2026-07-27
2454.T,オールアバウト,japan,2026-07-27
2459.T,アウンコンサルティング,japan,2026-07-27
2461.T,ファンコミュニケーションズ,japan,2026-07-27
2462.T,ライク,japan,2026-07-27
2464.T,Ａｏｂａ‐ＢＢＴ,japan,2026-07-27
2469.T,ヒビノ,japan,2026-07-27
2471.T,エスプール,japan,2026-07-27
2475.T,ＷＤＢホールディングス,japan,2026-07-27
2477.T,手間いらず,japan,2026-07-27
2479.T,ジェイテック,japan,2026-07-27
2480.T,システム・ロケーション,japan,2026-07-27
2481.T,タウンニュース社,japan,2026-07-14
2483.T,翻訳センター,japan,2026-07-27
2484.T,出前館,japan,2026-07-27
2485.T,ティア,japan,2026-07-27
2488.T,ＪＴＰ,japan,2026-07-27
2489.T,アドウェイズ,japan,2026-07-27
2491.T,バリューコマース,japan,2026-07-27
2492.T,インフォマート,japan,2026-07-27
2493.T,イーサポートリンク,japan,2026-07-27
2498.T,オリエンタルコンサルタンツホールディングス,japan,2026-07-27
2499.T,日本和装ホールディングス,japan,2026-07-27
2501.T,サッポロホールディングス,japan,2026-07-27
2502.T,アサヒグループホールディングス,japan,2026-07-27
2503.T,キリンホールディングス,japan,2026-07-27
2531.T,宝ホールディングス,japan,2026-07-27
2533.T,オエノンホールディングス,japan,2026-07-27
2573.T,北海道コカ・コーラボトリング,japan,2026-07-27
2579.T,コカ・コーラ　ボトラーズジャパンホールディングス,japan,2026-07-27
2585.T,ライフドリンク　カンパニー,japan,2026-07-27
2587.T,サントリービバレッジ＆フード,japan,2026-07-27
2588.T,プレミアムウォーターホールディングス,japan,2026-07-27
2590.T,ダイドーグループホールディングス,japan,2026-07-27
2593.T,伊藤園,japan,2026-07-27
2594.T,キーコーヒー,japan,2026-07-27
2597.T,ユニカフェ,japan,2026-07-27
2602.T,日清オイリオグループ,japan,2026-07-27
2607.T,不二製油,japan,2026-07-27
2612.T,かどや製油,japan,2026-07-27
2613.T,Ｊ－オイルミルズ,japan,2026-07-27
2652.T,まんだらけ,japan,2026-07-27
2653.T,イオン九州,japan,2026-07-27
2654.T,アスモ,japan,2026-07-27
2656.T,ベクターホールディングス,japan,2026-07-27
2659.T,サンエー,japan,2026-07-27
2664.T,カワチ薬品,japan,2026-07-27
2666.T,オートウェーブ,japan,2026-07-27
2667.T,イメージ　ワン,japan,2026-07-27
2668.T,タビオ,japan,2026-07-27
2669.T,カネ美食品,japan,2026-07-27
2670.T,エービーシー・マート,japan,2026-07-27
2673.T,夢みつけ隊,japan,2026-07-27
2674.T,ハードオフコーポレーション,japan,2026-07-27
2676.T,高千穂交易,japan,2026-07-27
2678.T,アスクル,japan,2026-07-27
2681.T,ゲオホールディングス,japan,2026-07-27
2683.T,魚喜,japan,2026-07-27
2685.T,アンドエスティＨＤ,japan,2026-07-27
2687.T,シー・ヴイ・エス・ベイエリア,japan,2026-07-27
2689.T,オルバヘルスケアホールディングス,japan,2026-07-27
2693.T,ＹＫＴ,japan,2026-07-27
2694.T,焼肉坂井ホールディングス,japan,2026-07-27
2695.T,くら寿司,japan,2026-07-27
2698.T,キャンドゥ,japan,2026-07-27
2700.T,木徳神糧,japan,2026-07-27
2702.T,日本マクドナルドホールディングス,japan,2026-07-27
2705.T,大戸屋ホールディングス,japan,2026-07-27
2708.T,久世,japan,2026-07-27
2721.T,ジェイホールディングス,japan,2026-07-27
2722.T,ＩＫホールディングス,japan,2026-07-27
2726.T,パルグループホールディングス,japan,2026-07-27
2730.T,エディオン,japan,2026-07-27
2733.T,あらた,japan,2026-07-27
2734.T,サーラコーポレーション,japan,2026-07-27
2735.T,ワッツ,japan,2026-07-27
2736.T,フェスタリアホールディングス,japan,2026-07-27
2737.T,トーメンデバイス,japan,2026-07-27
2742.T,ハローズ,japan,2026-07-27
2747.T,北雄ラッキー,japan,2026-07-14
2749.T,ＪＰホールディングス,japan,2026-07-27
2750.T,石光商事,japan,2026-07-27
2751.T,テンポスホールディングス,japan,2026-07-27
2752.T,フジオフードグループ本社,japan,2026-07-27
2753.T,あみやき亭,japan,2026-07-27
2760.T,東京エレクトロン　デバイス,japan,2026-07-27
2762.T,ＳＡＮＫＯ　ＭＡＲＫＥＴＩＮＧ　ＦＯＯＤＳ,japan,2026-07-27
2763.T,エフティグループ,japan,2026-07-27
2764.T,ひらまつ,japan,2026-07-27
2767.T,円谷フィールズホールディングス,japan,2026-07-27
2768.T,双日,japan,2026-07-27
2769.T,ヴィレッジヴァンガードコーポレーション,japan,2026-07-27
2776.T,新都ホールディングス,japan,2026-07-27
2778.T,パレモ・ホールディングス,japan,2026-07-27
2780.T,コメ兵ホールディングス,japan,2026-07-27
2782.T,セリア,japan,2026-07-27
2784.T,アルフレッサ　ホールディングス,japan,2026-07-27
2788.T,アップルインターナショナル,japan,2026-07-27
2789.T,カルラ,japan,2026-07-14
2790.T,ナフコ,japan,2026-07-27
2791.T,大黒天物産,japan,2026-07-27
2792.T,ハニーズホールディングス,japan,2026-07-27
2795.T,日本プリメックス,japan,2026-07-14
2796.T,ファーマライズホールディングス,japan,2026-07-27
2798.T,ワイズテーブルコーポレーション,japan,2026-07-27
2801.T,キッコーマン,japan,2026-07-27
2802.T,味の素,japan,2026-07-27
2804.T,ブルドックソース,japan,2026-07-27
2805.T,ヱスビー食品,japan,2026-07-27
2806.T,ユタカフーズ,japan,2026-07-27
2809.T,キユーピー,japan,2026-07-27
2810.T,ハウス食品グループ本社,japan,2026-07-27
2811.T,カゴメ,japan,2026-07-27
2813.T,和弘食品,japan,2026-07-27
2814.T,佐藤食品工業,japan,2026-07-27
2815.T,アリアケジャパン,japan,2026-07-27
2816.T,ダイショー,japan,2026-07-27
2818.T,ピエトロ,japan,2026-07-27
2819.T,エバラ食品工業,japan,2026-07-27
2820.T,やまみ,japan,2026-07-27
2831.T,はごろもフーズ,japan,2026-07-27
2871.T,ニチレイ,japan,2026-07-27
2872.T,セイヒョー,japan,2026-07-27
2874.T,横浜冷凍,japan,2026-07-27
2875.T,東洋水産,japan,2026-07-27
2876.T,デルソーレ,japan,2026-07-14
2877.T,日東ベスト,japan,2026-07-27
2882.T,イートアンドホールディングス,japan,2026-07-27
2883.T,大冷,japan,2026-07-27
2884.T,ヨシムラ・フード・ホールディングス,japan,2026-07-27
2892.T,日本食品化工,japan,2026-07-27
2894.T,石井食品,japan,2026-07-27
2897.T,日清食品ホールディングス,japan,2026-07-27
2901.T,ウェルディッシュ,japan,2026-07-27
2903.T,シノブフーズ,japan,2026-07-27
2904.T,一正蒲鉾,japan,2026-07-27
2907.T,あじかん,japan,2026-07-27
2908.T,フジッコ,japan,2026-07-27
2910.T,ロック・フィールド,japan,2026-07-27
2911.T,旭松食品,japan,2026-07-14
2914.T,日本たばこ産業,japan,2026-07-27
2915.T,ケンコーマヨネーズ,japan,2026-07-27
2916.T,仙波糖化工業,japan,2026-07-14
2917.T,大森屋,japan,2026-07-27
2918.T,わらべや日洋ホールディングス,japan,2026-07-27
2922.T,なとり,japan,2026-07-27
2923.T,サトウ食品,japan,2026-07-27
2924.T,イフジ産業,japan,2026-07-27
2926.T,篠崎屋,japan,2026-07-27
2927.T,ＡＦＣ－ＨＤアムスライフサイエンス,japan,2026-07-27
2929.T,ファーマフーズ,japan,2026-07-27
2930.T,北の達人コーポレーション,japan,2026-07-27
2931.T,ユーグレナ,japan,2026-07-27
2932.T,ＳＴＩフードホールディングス,japan,2026-07-27
2933.T,紀文食品,japan,2026-07-27
2935.T,ピックルスホールディングス,japan,2026-07-27
2938.T,オカムラ食品工業,japan,2026-07-27
2961.T,日本調理機,japan,2026-07-14
2962.T,テクニスコ,japan,2026-07-27
2970.T,ＧＬＣ　ＧＲＯＵＰ,japan,2026-07-27
2975.T,スター・マイカ・ホールディングス,japan,2026-07-27
2980.T,ＳＲＥホールディングス,japan,2026-07-27
2982.T,ＡＤワークスグループ,japan,2026-07-27
2984.T,ヤマイチエステート,japan,2026-07-27
2991.T,ランドネット,japan,2026-07-27
2993.T,長栄,japan,2026-07-27
2999.T,ホームポジション,japan,2026-07-27
3001.T,片倉工業,japan,2026-07-27
3002.T,グンゼ,japan,2026-07-27
3003.T,ヒューリック,japan,2026-07-27
3004.T,神栄,japan,2026-07-27
3010.T,ポラリス・ホールディングス,japan,2026-07-27
3011.T,バナーズ,japan,2026-07-27
3020.T,アプライド,japan,2026-07-27
3021.T,パシフィックネット,japan,2026-07-27
3023.T,ラサ商事,japan,2026-07-27
3024.T,クリエイト,japan,2026-07-27
3028.T,アルペン,japan,2026-07-27
3030.T,ハブ,japan,2026-07-27
3031.T,ラクーンホールディングス,japan,2026-07-27
3034.T,クオールホールディングス,japan,2026-07-27
3035.T,ケイティケイ,japan,2026-07-27
3036.T,アルコニックス,japan,2026-07-27
3038.T,神戸物産,japan,2026-07-27
3040.T,ソリトンシステムズ,japan,2026-07-27
3041.T,ビューティカダンホールディングス,japan,2026-07-27
3042.T,セキュアヴェイル,japan,2026-07-27
3045.T,カワサキ,japan,2026-07-27
3046.T,ジンズホールディングス,japan,2026-07-27
3048.T,ビックカメラ,japan,2026-07-27
3050.T,ＤＣＭホールディングス,japan,2026-07-27
3053.T,ペッパーフードサービス,japan,2026-07-27
3054.T,ハイパー,japan,2026-07-27
3058.T,三洋堂ホールディングス,japan,2026-07-14
3059.T,ヒラキ,japan,2026-07-27
3064.T,ＭｏｎｏｔａＲＯ,japan,2026-07-27
3065.T,ライフフーズ,japan,2026-07-27
3067.T,東京一番フーズ,japan,2026-07-27
3068.T,ＷＤＩ,japan,2026-07-27
3069.T,ＪＦＬＡホールディングス,japan,2026-07-27
3071.T,ストリーム,japan,2026-07-27
3075.T,銚子丸,japan,2026-07-27
3076.T,あい　ホールディングス,japan,2026-07-27
3077.T,ホリイフードサービス,japan,2026-07-27
3079.T,ディーブイエックス,japan,2026-07-27
3080.T,ジェーソン,japan,2026-07-27
3082.T,きちりホールディングス,japan,2026-07-27
3083.T,スターシーズ,japan,2026-07-27
3086.T,Ｊ．フロント　リテイリング,japan,2026-07-27
3087.T,ドトール・日レスホールディングス,japan,2026-07-27
3088.T,マツキヨココカラ＆カンパニー,japan,2026-07-27
3089.T,テクノアルファ,japan,2026-07-27
3091.T,ブロンコビリー,japan,2026-07-27
3092.T,ＺＯＺＯ,japan,2026-07-27
3093.T,トレジャー・ファクトリー,japan,2026-07-27
3096.T,オーシャンシステム,japan,2026-07-27
3097.T,物語コーポレーション,japan,2026-07-27
3099.T,三越伊勢丹ホールディングス,japan,2026-07-27
3101.T,東洋紡,japan,2026-07-27
3103.T,ユニチカ,japan,2026-07-27
3104.T,富士紡ホールディングス,japan,2026-07-27
3105.T,日清紡ホールディングス,japan,2026-07-27
3106.T,倉敷紡績,japan,2026-07-27
3107.T,ダイワボウホールディングス,japan,2026-07-27
3109.T,シキボウ,japan,2026-07-27
3110.T,日東紡績,japan,2026-07-27
3111.T,オーミケンシ,japan,2026-07-27
3113.T,ＵＮＩＶＡ・Ｏａｋホールディングス,japan,2026-07-27
3116.T,トヨタ紡織,japan,2026-07-27
3121.T,マーチャント・バンカーズ,japan,2026-07-27
3123.T,サイボー,japan,2026-07-27
3131.T,シンデン・ハイテックス,japan,2026-07-27
3132.T,マクニカホールディングス,japan,2026-07-27
3134.T,Ｈａｍｅｅ,japan,2026-07-27
3135.T,マーケットエンタープライズ,japan,2026-07-27
3137.T,ファンデリー,japan,2026-07-27
3138.T,富士山マガジンサービス,japan,2026-07-27
3139.T,ラクト・ジャパン,japan,2026-07-27
3143.T,オーウイル,japan,2026-07-27
3148.T,クリエイトＳＤホールディングス,japan,2026-07-27
3150.T,グリムス,japan,2026-07-27
3151.T,バイタルケーエスケー・ホールディングス,japan,2026-07-27
3153.T,八洲電機,japan,2026-07-27
3154.T,メディアスホールディングス,japan,2026-07-27
3156.T,レスター,japan,2026-07-27
3157.T,ジオリーブグループ,japan,2026-07-27
3159.T,丸善ＣＨＩホールディングス,japan,2026-07-27
3160.T,大光,japan,2026-07-27
3161.T,アゼアス,japan,2026-07-27
3166.T,ＯＣＨＩホールディングス,japan,2026-07-27
3167.T,ＴＯＫＡＩホールディングス,japan,2026-07-27
3168.T,ＭＥＲＦ,japan,2026-07-27
3169.T,ミサワ,japan,2026-07-27
3172.T,ティーライフ,japan,2026-07-27
3173.T,Ｃｏｍｉｎｉｘ,japan,2026-07-27
3174.T,ハピネス・アンド・ディ,japan,2026-07-27
3175.T,エー・ピーホールディングス,japan,2026-07-27
3176.T,三洋貿易,japan,2026-07-27
3177.T,ありがとうサービス,japan,2026-07-27
3178.T,チムニー,japan,2026-07-27
3179.T,シュッピン,japan,2026-07-27
3180.T,ビューティガレージ,japan,2026-07-27
3181.T,買取王国,japan,2026-07-27
3182.T,オイシックス・ラ・大地,japan,2026-07-27
3183.T,ウイン・パートナーズ,japan,2026-07-27
3184.T,ＩＣＤＡホールディングス,japan,2026-07-14
3186.T,ネクステージ,japan,2026-07-27
3189.T,ＡＮＡＰホールディングス,japan,2026-07-27
3190.T,ホットマン,japan,2026-07-14
3191.T,ジョイフル本田,japan,2026-07-27
3192.T,白鳩,japan,2026-07-27
3193.T,エターナルホスピタリティグループ,japan,2026-07-27
3195.T,ジェネレーションパス,japan,2026-07-27
3196.T,ホットランドホールディングス,japan,2026-07-27
3197.T,すかいらーくホールディングス,japan,2026-07-27
3199.T,綿半ホールディングス,japan,2026-07-27
3201.T,日本毛織,japan,2026-07-27
3202.T,ダイトウボウ,japan,2026-07-27
3204.T,トーア紡コーポレーション,japan,2026-07-27
3205.T,ダイドーリミテッド,japan,2026-07-27
3221.T,ヨシックスホールディングス,japan,2026-07-27
3222.T,ユナイテッド・スーパーマーケット・ホールディングス,japan,2026-07-27
3223.T,エスエルディー,japan,2026-07-27
3231.T,野村不動産ホールディングス,japan,2026-07-27
3232.T,三重交通グループホールディングス,japan,2026-07-27
3236.T,プロパスト,japan,2026-07-27
3238.T,セントラル総合開発,japan,2026-07-27
3241.T,ウィル,japan,2026-07-27
3242.T,アーバネットコーポレーション,japan,2026-07-27
3245.T,ディア・ライフ,japan,2026-07-27
3246.T,コーセーアールイー,japan,2026-07-27
3248.T,アールエイジ,japan,2026-07-27
3252.T,地主,japan,2026-07-27
3266.T,ファンドクリエーショングループ,japan,2026-07-27
3267.T,フィル・カンパニー,japan,2026-07-27
3271.T,ＴＨＥグローバル社,japan,2026-07-27
3276.T,ＪＰＭＣ,japan,2026-07-27
3277.T,サンセイランディック,japan,2026-07-27
3280.T,エストラスト,japan,2026-07-27
3284.T,フージャースホールディングス,japan,2026-07-27
3286.T,トラストホールディングス,japan,2026-07-27
3288.T,オープンハウスグループ,japan,2026-07-27
3289.T,東急不動産ホールディングス,japan,2026-07-27
3291.T,飯田グループホールディングス,japan,2026-07-27
3293.T,アズマハウス,japan,2026-07-27
3297.T,東武住販,japan,2026-07-27
3299.T,ムゲンエステート,japan,2026-07-27
3302.T,帝国繊維,japan,2026-07-27
3306.T,日本製麻,japan,2026-07-27
3315.T,日本コークス工業,japan,2026-07-27
3317.T,フライングガーデン,japan,2026-07-27
3320.T,クロスプラス,japan,2026-07-27
3321.T,ミタチ産業,japan,2026-07-27
3323.T,レカム,japan,2026-07-27
3326.T,ランシステム,japan,2026-07-27
3329.T,東和フードサービス,japan,2026-07-27
3333.T,あさひ,japan,2026-07-27
3349.T,コスモス薬品,japan,2026-07-27
3350.T,メタプラネット,japan,2026-07-27
3352.T,バッファロー,japan,2026-07-27
3353.T,メディカル一光グループ,japan,2026-07-27
3355.T,クリヤマホールディングス,japan,2026-07-27
3358.T,Ｔｒａｉｌｈｅａｄ　Ｇｌｏｂａｌ　Ｈｏｌｄｉｎｇｓ,japan,2026-07-27
3360.T,シップヘルスケアホールディングス,japan,2026-07-27
3361.T,トーエル,japan,2026-07-27
3370.T,フジタコーポレーション,japan,2026-07-27
3371.T,ソフトクリエイトホールディングス,japan,2026-07-27
3372.T,関門海,japan,2026-07-27
3374.T,内外テック,japan,2026-07-27
3377.T,バイク王＆カンパニー,japan,2026-07-27
3382.T,セブン＆アイ・ホールディングス,japan,2026-07-27
3386.T,コスモ・バイオ,japan,2026-07-27
3387.T,クリエイト・レストランツ・ホールディングス,japan,2026-07-27
3388.T,明治電機工業,japan,2026-07-27
3391.T,ツルハホールディングス,japan,2026-07-27
3392.T,デリカフーズホールディングス,japan,2026-07-27
3393.T,スターティアホールディングス,japan,2026-07-27
3395.T,サンマルクホールディングス,japan,2026-07-27
3396.T,フェリシモ,japan,2026-07-27
3397.T,トリドールホールディングス,japan,2026-07-27
3399.T,丸千代山岡家,japan,2026-07-27
3401.T,帝人,japan,2026-07-27
3402.T,東レ,japan,2026-07-27
3405.T,クラレ,japan,2026-07-27
3407.T,旭化成,japan,2026-07-27
3409.T,北紡,japan,2026-07-27
3415.T,ＴＯＫＹＯ　ＢＡＳＥ,japan,2026-07-27
3416.T,ピクスタ,japan,2026-07-27
3417.T,大木ヘルスケアホールディングス,japan,2026-07-27
3420.T,ケー・エフ・シー,japan,2026-07-27
3421.T,稲葉製作所,japan,2026-07-27
3422.T,Ｊ－ＭＡＸ,japan,2026-07-27
3423.T,エスイー,japan,2026-07-27
3426.T,アトムリビンテック,japan,2026-07-14
3431.T,宮地エンジニアリンググループ,japan,2026-07-27
3433.T,トーカロ,japan,2026-07-27
3434.T,アルファＣｏ,japan,2026-07-27
3435.T,サンコーテクノ,japan,2026-07-27
3436.T,ＳＵＭＣＯ,japan,2026-07-27
3439.T,三ツ知,japan,2026-07-14
3440.T,日創グループ,japan,2026-07-27
3441.T,山王,japan,2026-07-27
3443.T,川田テクノロジーズ,japan,2026-07-27
3444.T,菊池製作所,japan,2026-07-27
3445.T,ＲＳ　Ｔｅｃｈｎｏｌｏｇｉｅｓ,japan,2026-07-27
3446.T,ジェイテックコーポレーション,japan,2026-07-27
3447.T,信和,japan,2026-07-27
3449.T,テクノフレックス,japan,2026-07-27
3452.T,ビーロット,japan,2026-07-27
3454.T,ファーストブラザーズ,japan,2026-07-27
3457.T,Ａｎｄ　Ｄｏホールディングス,japan,2026-07-27
3461.T,パルマ,japan,2026-07-27
3465.T,ケイアイスター不動産,japan,2026-07-27
3467.T,アグレ都市デザイン,japan,2026-07-27
3469.T,デュアルタップ,japan,2026-07-27
3475.T,グッドコムアセット,japan,2026-07-27
3480.T,ジェイ・エス・ビー,japan,2026-07-27
3482.T,ロードスターキャピタル,japan,2026-07-27
3484.T,イノベーションホールディングス,japan,2026-07-27
3486.T,グローバル・リンク・マネジメント,japan,2026-07-27
3489.T,フェイスネットワーク,japan,2026-07-27
3490.T,アズ企画設計,japan,2026-07-27
3494.T,マリオン,japan,2026-07-27
3496.T,アズーム,japan,2026-07-27
3498.T,霞ヶ関キャピタル,japan,2026-07-27
3501.T,ＳＵＭＩＮＯＥ,japan,2026-07-27
3512.T,日本フエルト,japan,2026-07-27
3513.T,イチカワ,japan,2026-07-27
3521.T,テルマー湯ホールディングス,japan,2026-07-27
3524.T,日東製網,japan,2026-07-27
3529.T,アツギ,japan,2026-07-27
3536.T,アクサスホールディングス,japan,2026-07-27
3537.T,昭栄薬品,japan,2026-07-27
3538.T,ウイルプラスホールディングス,japan,2026-07-27
3539.T,ＪＭホールディングス,japan,2026-07-27
3543.T,コメダホールディングス,japan,2026-07-27
3544.T,サツドラホールディングス,japan,2026-07-27
3547.T,ユニシアホールディングス,japan,2026-07-27
3548.T,バロックジャパンリミテッド,japan,2026-07-27
3549.T,クスリのアオキホールディングス,japan,2026-07-27
3551.T,ダイニック,japan,2026-07-27
3553.T,共和レザー,japan,2026-07-27
3559.T,ピーバンドットコム,japan,2026-07-27
3560.T,ほぼ日,japan,2026-07-27
3561.T,力の源ホールディングス,japan,2026-07-27
3562.T,Ｎｏ．１,japan,2026-07-27
3563.T,ＦＯＯＤ　＆　ＬＩＦＥ　ＣＯＭＰＡＮＩＥＳ,japan,2026-07-27
3565.T,アセンテック,japan,2026-07-27
3569.T,セーレン,japan,2026-07-27
3571.T,ソトー,japan,2026-07-27
3577.T,東海染工,japan,2026-07-14
3580.T,小松マテーレ,japan,2026-07-27
3583.T,オーベクス,japan,2026-07-27
3591.T,ワコールホールディングス,japan,2026-07-27
3597.T,自重堂,japan,2026-07-27
3598.T,山喜,japan,2026-07-27
3607.T,クラウディアホールディングス,japan,2026-07-27
3608.T,ＴＳＩホールディングス,japan,2026-07-27
3611.T,マツオカコーポレーション,japan,2026-07-27
3612.T,ワールド,japan,2026-07-27
3622.T,ネットイヤーグループ,japan,2026-07-27
3626.T,ＴＩＳ,japan,2026-07-27
3627.T,テクミラホールディングス,japan,2026-07-27
3632.T,グリーホールディングス,japan,2026-07-27
3633.T,ＧＭＯペパボ,japan,2026-07-27
3634.T,ソケッツ,japan,2026-07-27
3635.T,コーエーテクモホールディングス,japan,2026-07-27
3636.T,三菱総合研究所,japan,2026-07-27
3639.T,ボルテージ,japan,2026-07-27
3640.T,電算,japan,2026-07-27
3641.T,パピレス,japan,2026-07-27
3646.T,駅探,japan,2026-07-27
3647.T,アスリナ,japan,2026-07-27
3648.T,ＡＧＳ,japan,2026-07-27
3649.T,ファインデックス,japan,2026-07-27
3656.T,ＫＬａｂ,japan,2026-07-27
3657.T,ポールトゥウィンホールディングス,japan,2026-07-27
3659.T,ネクソン,japan,2026-07-27
3660.T,アイスタイル,japan,2026-07-27
3661.T,エムアップホールディングス,japan,2026-07-27
3662.T,エイチームホールディングス,japan,2026-07-27
3663.T,セルシス,japan,2026-07-27
3665.T,エニグモ,japan,2026-07-27
3667.T,ｅｎｉｓｈ,japan,2026-07-27
3668.T,コロプラ,japan,2026-07-27
3670.T,協立情報通信,japan,2026-07-22
3671.T,ソフトマックス,japan,2026-07-27
3672.T,オルトプラス,japan,2026-07-27
3673.T,ブロードリーフ,japan,2026-07-27
3675.T,クロス・マーケティンググループ,japan,2026-07-27
3676.T,デジタルハーツホールディングス,japan,2026-07-27
3678.T,メディアドゥ,japan,2026-07-27
3679.T,じげん,japan,2026-07-27
3681.T,ブイキューブ,japan,2026-07-27
3682.T,エンカレッジ・テクノロジ,japan,2026-07-27
3683.T,サイバーリンクス,japan,2026-07-27
3686.T,ディー・エル・イー,japan,2026-07-27
3687.T,フィックスターズ,japan,2026-07-27
3690.T,イルグルム,japan,2026-07-27
3694.T,オプティム,japan,2026-07-27
3696.T,セレス,japan,2026-07-27
3697.T,ＳＨＩＦＴ,japan,2026-07-27
3698.T,ＣＲＩ・ミドルウェア,japan,2026-07-27
3708.T,特種東海製紙,japan,2026-07-27
3712.T,情報企画,japan,2026-07-27
3719.T,ＡＩストーム,japan,2026-07-27
3726.T,フォーシーズＨＤ,japan,2026-07-27
3733.T,ソフトウェア・サービス,japan,2026-07-27
3741.T,セック,japan,2026-07-27
3744.T,サイオス,japan,2026-07-27
3747.T,インタートレード,japan,2026-07-27
3750.T,ＡＤＲ１２０Ｓ,japan,2026-07-27
3753.T,フライトソリューションズ,japan,2026-07-27
3758.T,アエリア,japan,2026-07-27
3760.T,ケイブ,japan,2026-07-27
3762.T,テクマトリックス,japan,2026-07-27
3763.T,プロシップ,japan,2026-07-27
3765.T,ガンホー・オンライン・エンターテイメント,japan,2026-07-27
3766.T,システムズ・デザイン,japan,2026-07-27
3768.T,リスクモンスター,japan,2026-07-27
3769.T,ＧＭＯペイメントゲートウェイ,japan,2026-07-27
3771.T,システムリサーチ,japan,2026-07-27
3772.T,ウェルス・マネジメント,japan,2026-07-27
3774.T,インターネットイニシアティブ,japan,2026-07-27
3776.T,ブロードバンドタワー,japan,2026-07-27
3778.T,さくらインターネット,japan,2026-07-27
3779.T,ジェイ・エスコムホールディングス,japan,2026-07-27
3787.T,テクノマセマティカル,japan,2026-07-27
3788.T,ＧＭＯグローバルサイン・ホールディングス,japan,2026-07-27
3791.T,ＩＧポート,japan,2026-07-27
3796.T,いい生活,japan,2026-07-27
3798.T,ＵＬＳグループ,japan,2026-07-27
3799.T,キーウェアソリューションズ,japan,2026-07-27
3800.T,ユニリタ,japan,2026-07-27
3804.T,システム　ディ,japan,2026-07-27
3810.T,サイバーステップホールディングス,japan,2026-07-27
3817.T,ＳＲＡホールディングス,japan,2026-07-27
3823.T,ＴＨＥ　ＷＨＹ　ＨＯＷ　ＤＯ　ＣＯＭＰＡＮＹ,japan,2026-07-27
3825.T,リミックスポイント,japan,2026-07-27
3826.T,システムインテグレータ,japan,2026-07-27
3834.T,朝日ネット,japan,2026-07-27
3835.T,ｅＢＡＳＥ,japan,2026-07-27
3836.T,アバントグループ,japan,2026-07-27
3837.T,アドソル日進,japan,2026-07-27
3839.T,ＯＤＫソリューションズ,japan,2026-07-14
3840.T,パス,japan,2026-07-27
3841.T,ジーダット,japan,2026-07-27
3842.T,ネクストジェン,japan,2026-07-27
3843.T,フリービット,japan,2026-07-27
3844.T,コムチュア,japan,2026-07-27
3845.T,アイフリークモバイル,japan,2026-07-27
3848.T,データ・アプリケーション,japan,2026-07-27
3850.T,エヌ・ティ・ティ・データ・イントラマート,japan,2026-07-27
3851.T,日本一ソフトウェア,japan,2026-07-27
3853.T,アステリア,japan,2026-07-27
3854.T,アイル,japan,2026-07-27
3856.T,Ａｂａｌａｎｃｅ,japan,2026-07-27
3858.T,ユビキタスＡＩ,japan,2026-07-27
3861.T,王子ホールディングス,japan,2026-07-27
3863.T,日本製紙,japan,2026-07-27
3864.T,三菱製紙,japan,2026-07-27
3865.T,北越コーポレーション,japan,2026-07-27
3877.T,中越パルプ工業,japan,2026-07-27
3878.T,巴川コーポレーション,japan,2026-07-27
3880.T,大王製紙,japan,2026-07-27
3891.T,ニッポン高度紙工業,japan,2026-07-27
3892.T,岡山製紙,japan,2026-07-27
3895.T,ハビックス,japan,2026-07-27
3896.T,阿波製紙,japan,2026-07-27
3901.T,マークラインズ,japan,2026-07-27
3903.T,ｇｕｍｉ,japan,2026-07-27
3907.T,シリコンスタジオ,japan,2026-07-27
3908.T,コラボス,japan,2026-07-27
3909.T,ショーケース,japan,2026-07-27
3910.T,エムケイシステム,japan,2026-07-14
3912.T,モバイルファクトリー,japan,2026-07-27
3913.T,ＧｒｅｅｎＢｅｅ,japan,2026-07-27
3915.T,テラスカイ,japan,2026-07-27
3916.T,デジタル・インフォメーション・テクノロジー,japan,2026-07-27
3918.T,ＰＣＩホールディングス,japan,2026-07-27
3920.T,アイビーシー,japan,2026-07-27
3921.T,ネオジャパン,japan,2026-07-27
3922.T,ＰＲ　ＴＩＭＥＳ,japan,2026-07-27
3923.T,ラクス,japan,2026-07-27
3925.T,ダブルスタンダード,japan,2026-07-27
3926.T,オープンドア,japan,2026-07-27
3927.T,フーバーブレイン,japan,2026-07-27
3928.T,マイネット,japan,2026-07-27
3932.T,アカツキ,japan,2026-07-27
3933.T,チエル,japan,2026-07-27
3934.T,ベネフィットジャパン,japan,2026-07-27
3935.T,エディア,japan,2026-07-27
3937.T,Ｕｂｉｃｏｍホールディングス,japan,2026-07-27
3939.T,カナミックネットワーク,japan,2026-07-27
3940.T,ノムラシステムコーポレーション,japan,2026-07-27
3941.T,レンゴー,japan,2026-07-27
3943.T,大石産業,japan,2026-07-27
3944.T,古林紙工,japan,2026-07-14
3945.T,スーパーバッグ,japan,2026-07-27
3946.T,トーモク,japan,2026-07-27
3947.T,ダイナパック,japan,2026-07-27
3948.T,光ビジネスフォーム,japan,2026-07-27
3950.T,ザ・パック,japan,2026-07-27
3951.T,朝日印刷,japan,2026-07-27
3953.T,大村紙業,japan,2026-07-27
3954.T,昭和パックス,japan,2026-07-27
3955.T,イムラ,japan,2026-07-27
3958.T,笹徳印刷,japan,2026-07-14
3962.T,チェンジホールディングス,japan,2026-07-27
3963.T,シンクロ・フード,japan,2026-07-27
3964.T,オークネット,japan,2026-07-27
3965.T,キャピタル・アセット・プランニング,japan,2026-07-27
3968.T,セグエグループ,japan,2026-07-27
3969.T,エイトレッド,japan,2026-07-27
3970.T,イノベーション,japan,2026-07-27
3974.T,ＳＣＡＴ,japan,2026-07-27
3981.T,ビーグリー,japan,2026-07-27
3983.T,オロ,japan,2026-07-27
3984.T,ユーザーローカル,japan,2026-07-27
3985.T,テモナ,japan,2026-07-27
3986.T,ビーブレイクシステムズ,japan,2026-07-27
3988.T,ＳＹＳホールディングス,japan,2026-07-27
3992.T,ニーズウェル,japan,2026-07-27
3993.T,ＰＫＳＨＡ　Ｔｅｃｈｎｏｌｏｇｙ,japan,2026-07-27
3994.T,マネーフォワード,japan,2026-07-27
3996.T,サインポスト,japan,2026-07-27
3997.T,トレードワークス,japan,2026-07-27
4004.T,レゾナック・ホールディングス,japan,2026-07-27
4005.T,住友化学,japan,2026-07-27
4008.T,住友精化,japan,2026-07-27
4012.T,アクシス,japan,2026-07-27
4016.T,ＭＩＴホールディングス,japan,2026-07-27
4021.T,日産化学,japan,2026-07-27
4022.T,ラサ工業,japan,2026-07-27
4023.T,クレハ,japan,2026-07-27
4025.T,多木化学,japan,2026-07-27
4026.T,神島化学工業,japan,2026-07-27
4027.T,テイカ,japan,2026-07-27
4028.T,石原産業,japan,2026-07-27
4031.T,片倉コープアグリ,japan,2026-07-27
4040.T,南海化学,japan,2026-07-27
4041.T,日本曹達,japan,2026-07-27
4042.T,東ソー,japan,2026-07-27
4043.T,トクヤマ,japan,2026-07-27
4044.T,セントラル硝子,japan,2026-07-27
4045.T,東亞合成,japan,2026-07-27
4046.T,大阪ソーダ,japan,2026-07-27
4047.T,関東電化工業,japan,2026-07-27
4051.T,ＧＭＯフィナンシャルゲート,japan,2026-07-27
4053.T,Ｓｕｎ　Ａｓｔｅｒｉｓｋ,japan,2026-07-27
4059.T,まぐまぐ,japan,2026-07-27
4061.T,デンカ,japan,2026-07-27
4062.T,イビデン,japan,2026-07-27
4063.T,信越化学工業,japan,2026-07-27
4064.T,日本カーバイド工業,japan,2026-07-27
4071.T,プラスアルファ・コンサルティング,japan,2026-07-27
4072.T,電算システムホールディングス,japan,2026-07-27
4078.T,堺化学工業,japan,2026-07-27
4082.T,第一稀元素化学工業,japan,2026-07-27
4088.T,エア・ウォーター,japan,2026-07-27
4091.T,日本酸素ホールディングス,japan,2026-07-27
4092.T,日本化学工業,japan,2026-07-27
4093.T,東邦アセチレン,japan,2026-07-27
4094.T,日本化学産業,japan,2026-07-27
4095.T,日本パーカライジング,japan,2026-07-27
4097.T,高圧ガス工業,japan,2026-07-27
4098.T,チタン工業,japan,2026-07-27
4099.T,四国化成ホールディングス,japan,2026-07-27
4100.T,戸田工業,japan,2026-07-27
4102.T,丸尾カルシウム,japan,2026-07-14
4107.T,伊勢化学工業,japan,2026-07-27
4109.T,ステラ　ケミファ,japan,2026-07-27
4112.T,保土谷化学工業,japan,2026-07-27
4113.T,田岡化学工業,japan,2026-07-27
4114.T,日本触媒,japan,2026-07-27
4116.T,大日精化工業,japan,2026-07-27
4118.T,カネカ,japan,2026-07-27
4119.T,日本ピグメントホールディングス,japan,2026-07-27
4120.T,スガイ化学工業,japan,2026-07-14
4124.T,大阪油化工業,japan,2026-07-27
4125.T,三和油化工業,japan,2026-07-27
4151.T,協和キリン,japan,2026-07-27
4171.T,グローバルインフォメーション,japan,2026-07-27
4172.T,Ｈｉクラテス,japan,2026-07-27
4174.T,アピリッツ,japan,2026-07-27
4180.T,Ａｐｐｉｅｒ　Ｇｒｏｕｐ,japan,2026-07-27
4182.T,三菱瓦斯化学,japan,2026-07-27
4183.T,三井化学,japan,2026-07-27
4186.T,東京応化工業,japan,2026-07-27
4187.T,大阪有機化学工業,japan,2026-07-27
4188.T,三菱ケミカルグループ,japan,2026-07-27
4189.T,ＫＨネオケム,japan,2026-07-27
4193.T,ファブリカホールディングス,japan,2026-07-27
4194.T,ビジョナル,japan,2026-07-27
4196.T,ネオマーケティング,japan,2026-07-27
4197.T,アスマーク,japan,2026-07-27
4198.T,テンダ,japan,2026-07-27
4202.T,ダイセル,japan,2026-07-27
4203.T,住友ベークライト,japan,2026-07-27
4204.T,積水化学工業,japan,2026-07-27
4205.T,日本ゼオン,japan,2026-07-27
4206.T,アイカ工業,japan,2026-07-27
4208.T,ＵＢＥ,japan,2026-07-27
4212.T,積水樹脂,japan,2026-07-27
4216.T,旭有機材,japan,2026-07-27
4218.T,ニチバン,japan,2026-07-27
4220.T,リケンテクノス,japan,2026-07-27
4221.T,大倉工業,japan,2026-07-27
4222.T,児玉化学工業,japan,2026-07-27
4224.T,ロンシール工業,japan,2026-07-27
4228.T,積水化成品工業,japan,2026-07-27
4229.T,群栄化学工業,japan,2026-07-27
4231.T,タイガースポリマー,japan,2026-07-27
4234.T,サンエー化研,japan,2026-07-27
4235.T,ウルトラファブリックス・ホールディングス,japan,2026-07-27
4237.T,フジプレアム,japan,2026-07-27
4238.T,ミライアル,japan,2026-07-27
4240.T,クラスターテクノロジー,japan,2026-07-27
4241.T,アテクト,japan,2026-07-27
4242.T,タカギセイコー,japan,2026-07-27
4243.T,ニックス,japan,2026-07-14
4245.T,ダイキアクシス,japan,2026-07-27
4246.T,ダイキョーニシカワ,japan,2026-07-27
4247.T,ポバール興業,japan,2026-07-14
4248.T,竹本容器,japan,2026-07-27
4249.T,森六,japan,2026-07-27
4251.T,恵和,japan,2026-07-27
4272.T,日本化薬,japan,2026-07-27
4274.T,細谷火工,japan,2026-07-27
4275.T,カーリット,japan,2026-07-27
4284.T,ソルクシーズ,japan,2026-07-27
4286.T,ＣＬホールディングス,japan,2026-07-27
4287.T,ジャストプランニング,japan,2026-07-27
4288.T,アズジェント,japan,2026-07-27
4290.T,プレステージ・インターナショナル,japan,2026-07-27
4293.T,セプテーニ・ホールディングス,japan,2026-07-27
4299.T,ハイマックス,japan,2026-07-27
4301.T,アミューズ,japan,2026-07-27
4307.T,野村総合研究所,japan,2026-07-27
4310.T,ドリームインキュベータ,japan,2026-07-27
4317.T,レイ,japan,2026-07-27
4318.T,クイック,japan,2026-07-27
4320.T,ＣＥホールディングス,japan,2026-07-27
4323.T,日本システム技術,japan,2026-07-27
4324.T,電通グループ,japan,2026-07-27
4326.T,インテージホールディングス,japan,2026-07-27
4331.T,テイクアンドギヴ・ニーズ,japan,2026-07-27
4334.T,ユークス,japan,2026-07-27
4335.T,ＩＰＳホールディングス,japan,2026-07-27
4337.T,ぴあ,japan,2026-07-27
4341.T,西菱電機,japan,2026-07-27
4343.T,イオンファンタジー,japan,2026-07-27
4344.T,ソースネクスト,japan,2026-07-27
4345.T,シーティーエス,japan,2026-07-27
4346.T,ＮＥＸＹＺ．Ｇｒｏｕｐ,japan,2026-07-27
4347.T,ブロードメディア,japan,2026-07-27
4350.T,メディカルシステムネットワーク,japan,2026-07-27
4351.T,山田再生系債権回収総合事務所,japan,2026-07-27
4356.T,応用技術,japan,2026-07-27
4360.T,マナック・ケミカル・パートナーズ,japan,2026-07-27
4361.T,川口化学工業,japan,2026-07-27
4362.T,日本精化,japan,2026-07-27
4365.T,松本油脂製薬,japan,2026-07-14
4366.T,ダイトーケミックス,japan,2026-07-27
4367.T,広栄化学,japan,2026-07-27
4368.T,扶桑化学工業,japan,2026-07-27
4369.T,トリケミカル研究所,japan,2026-07-27
4373.T,シンプレクス・ホールディングス,japan,2026-07-27
4382.T,ＨＥＲＯＺ,japan,2026-07-27
4385.T,メルカリ,japan,2026-07-27
4386.T,ＳＩＧグループ,japan,2026-07-27
4388.T,エーアイ,japan,2026-07-27
4390.T,ＩＰＳ,japan,2026-07-27
4392.T,ＦＩＧ,japan,2026-07-27
4396.T,システムサポートホールディングス,japan,2026-07-27
4398.T,ブロードバンドセキュリティ,japan,2026-07-27
4401.T,ＡＤＥＫＡ,japan,2026-07-27
4403.T,日油,japan,2026-07-27
4404.T,ミヨシ油脂,japan,2026-07-27
4406.T,新日本理化,japan,2026-07-27
4409.T,東邦化学工業,japan,2026-07-27
4410.T,ハリマ化成グループ,japan,2026-07-27
4413.T,ボードルア,japan,2026-07-27
4420.T,イーソル,japan,2026-07-27
4421.T,ディ・アイ・システム,japan,2026-07-27
4430.T,東海ソフト,japan,2026-07-27
4432.T,ウイングアーク１ｓｔ,japan,2026-07-27
4433.T,ヒト・コミュニケーションズ・ホールディングス,japan,2026-07-27
4434.T,サーバーワークス,japan,2026-07-27
4439.T,東名,japan,2026-07-27
4440.T,ヴィッツ,japan,2026-07-27
4441.T,トビラシステムズ,japan,2026-07-27
4443.T,Ｓａｎｓａｎ,japan,2026-07-27
4446.T,Ｌｉｎｋ－Ｕグループ,japan,2026-07-27
4452.T,花王,japan,2026-07-27
4461.T,第一工業製薬,japan,2026-07-27
4462.T,石原ケミカル,japan,2026-07-27
4463.T,日華化学,japan,2026-07-27
4464.T,ソフト９９コーポレーション,japan,2026-07-27
4465.T,ニイタカ,japan,2026-07-27
4471.T,三洋化成工業,japan,2026-07-27
4480.T,メドレー,japan,2026-07-27
4481.T,ベース,japan,2026-07-27
4483.T,ＪＭＤＣ,japan,2026-07-27
4491.T,コンピューターマネージメント,japan,2026-07-27
4492.T,ゼネテック,japan,2026-07-27
4499.T,Ｓｐｅｅｅ,japan,2026-07-27
4502.T,武田薬品工業,japan,2026-07-27
4503.T,アステラス製薬,japan,2026-07-27
4506.T,住友ファーマ,japan,2026-07-27
4507.T,塩野義製薬,japan,2026-07-27
4512.T,わかもと製薬,japan,2026-07-27
4516.T,日本新薬,japan,2026-07-27
4519.T,中外製薬,japan,2026-07-27
4521.T,科研製薬,japan,2026-07-27
4523.T,エーザイ,japan,2026-07-27
4524.T,森下仁丹,japan,2026-07-27
4526.T,理研ビタミン,japan,2026-07-27
4527.T,ロート製薬,japan,2026-07-27
4528.T,小野薬品工業,japan,2026-07-27
4531.T,有機合成薬品工業,japan,2026-07-27
4534.T,持田製薬,japan,2026-07-27
4536.T,参天製薬,japan,2026-07-27
4538.T,扶桑薬品工業,japan,2026-07-27
4539.T,日本ケミファ,japan,2026-07-27
4540.T,ツムラ,japan,2026-07-27
4543.T,テルモ,japan,2026-07-27
4544.T,Ｈ．Ｕ．グループホールディングス,japan,2026-07-27
4547.T,キッセイ薬品工業,japan,2026-07-27
4548.T,生化学工業,japan,2026-07-27
4549.T,栄研化学,japan,2026-07-27
4552.T,ＪＣＲファーマ,japan,2026-07-27
4553.T,東和薬品,japan,2026-07-27
4554.T,富士製薬工業,japan,2026-07-27
4558.T,中京医薬品,japan,2026-07-27
4559.T,ゼリア新薬工業,japan,2026-07-27
4565.T,ネクセラファーマ,japan,2026-07-27
4568.T,第一三共,japan,2026-07-27
4569.T,杏林製薬,japan,2026-07-27
4574.T,大幸薬品,japan,2026-07-27
4577.T,ダイト,japan,2026-07-27
4578.T,大塚ホールディングス,japan,2026-07-27
4587.T,ペプチドリーム,japan,2026-07-27
4595.T,ミズホメディー,japan,2026-07-27
4611.T,大日本塗料,japan,2026-07-27
4612.T,日本ペイントホールディングス,japan,2026-07-27
4613.T,関西ペイント,japan,2026-07-27
4615.T,神東塗料,japan,2026-07-27
4616.T,川上塗料,japan,2026-07-27
4617.T,中国塗料,japan,2026-07-27
4619.T,日本特殊塗料,japan,2026-07-27
4620.T,藤倉化成,japan,2026-07-27
4623.T,アサヒペン,japan,2026-07-27
4624.T,イサム塗料,japan,2026-07-27
4625.T,アトミクス,japan,2026-07-27
4626.T,太陽ホールディングス,japan,2026-07-27
4627.T,ナトコ,japan,2026-07-27
4628.T,エスケー化研,japan,2026-07-27
4629.T,大伸化学,japan,2026-07-27
4631.T,ＤＩＣ,japan,2026-07-27
4633.T,サカタインクス,japan,2026-07-27
4634.T,ａｒｔｉｅｎｃｅ,japan,2026-07-27
4635.T,東京インキ,japan,2026-07-27
4641.T,アルプス技研,japan,2026-07-27
4642.T,オリジナル設計,japan,2026-07-27
4644.T,イマジニア,japan,2026-07-27
4645.T,市進ホールディングス,japan,2026-07-14
4650.T,ＳＤエンターテイメント,japan,2026-07-14
4651.T,サニックスホールディングス,japan,2026-07-27
4657.T,環境管理センター,japan,2026-07-27
4658.T,日本空調サービス,japan,2026-07-27
4661.T,オリエンタルランド,japan,2026-07-27
4662.T,フォーカスシステムズ,japan,2026-07-27
4664.T,アール・エス・シー,japan,2026-07-27
4665.T,ダスキン,japan,2026-07-27
4666.T,パーク２４,japan,2026-07-27
4667.T,アイサンテクノロジー,japan,2026-07-27
4668.T,明光ネットワークジャパン,japan,2026-07-27
4671.T,ファルコホールディングス,japan,2026-07-27
4673.T,川崎地質,japan,2026-07-27
4674.T,クレスコ,japan,2026-07-27
4676.T,フジ・メディア・ホールディングス,japan,2026-07-27
4678.T,秀英予備校,japan,2026-07-27
4679.T,田谷,japan,2026-07-27
4680.T,ラウンドワン,japan,2026-07-27
4681.T,リゾートトラスト,japan,2026-07-27
4684.T,オービック,japan,2026-07-27
4685.T,菱友システムズ,japan,2026-07-27
4686.T,ジャストシステム,japan,2026-07-27
4687.T,ＴＤＣソフト,japan,2026-07-27
4689.T,ＬＩＮＥヤフー,japan,2026-07-27
4691.T,ワシントンホテル,japan,2026-07-27
4694.T,ビー・エム・エル,japan,2026-07-27
4704.T,トレンドマイクロ,japan,2026-07-27
4705.T,クリップコーポレーション,japan,2026-07-14
4707.T,キタック,japan,2026-07-27
4709.T,ＩＤホールディングス,japan,2026-07-27
4712.T,ＫｅｙＨｏｌｄｅｒ,japan,2026-07-27
4714.T,リソー教育グループ,japan,2026-07-27
4716.T,日本オラクル,japan,2026-07-27
4718.T,早稲田アカデミー,japan,2026-07-27
4719.T,アルファシステムズ,japan,2026-07-27
4720.T,城南進学研究社,japan,2026-07-27
4722.T,フューチャー,japan,2026-07-27
4725.T,ＣＡＣ　Ｈｏｌｄｉｎｇｓ,japan,2026-07-27
4728.T,トーセ,japan,2026-07-27
4732.T,ユー・エス・エス,japan,2026-07-27
4733.T,オービックビジネスコンサルタント,japan,2026-07-27
4735.T,京進,japan,2026-07-14
4736.T,日本ラッド,japan,2026-07-27
4743.T,アイティフォー,japan,2026-07-27
4746.T,東計電算,japan,2026-07-27
4750.T,ダイサン,japan,2026-07-27
4751.T,サイバーエージェント,japan,2026-07-27
4752.T,昭和システムエンジニアリング,japan,2026-07-14
4754.T,トスネット,japan,2026-07-14
4755.T,楽天グループ,japan,2026-07-27
4760.T,アルファ,japan,2026-07-27
4761.T,さくらケーシーエス,japan,2026-07-27
4762.T,エックスネット,japan,2026-07-27
4763.T,クリーク・アンド・リバー社,japan,2026-07-27
4765.T,ＳＢＩグローバルアセットマネジメント,japan,2026-07-27
4766.T,ピーエイ,japan,2026-07-27
4767.T,テー・オー・ダブリュー,japan,2026-07-27
4768.T,大塚商会,japan,2026-07-27
4769.T,ＩＣ,japan,2026-07-14
4771.T,エフアンドエム,japan,2026-07-27
4776.T,サイボウズ,japan,2026-07-27
4777.T,ガーラ,japan,2026-07-27
4783.T,ＮＣＤ,japan,2026-07-27
4784.T,ＧＭＯインターネット,japan,2026-07-27
4792.T,山田コンサルティンググループ,japan,2026-07-27
4800.T,オリコン,japan,2026-07-27
4801.T,セントラルスポーツ,japan,2026-07-27
4809.T,パラカ,japan,2026-07-27
4812.T,電通総研,japan,2026-07-27
4813.T,ＡＣＣＥＳＳ,japan,2026-07-27
4814.T,ネクストウェア,japan,2026-07-27
4816.T,東映アニメーション,japan,2026-07-27
4819.T,デジタルガレージ,japan,2026-07-27
4820.T,イーエムシステムズ,japan,2026-07-27
4825.T,ウェザーニューズ,japan,2026-07-27
4826.T,ＣＩＪ,japan,2026-07-27
4828.T,ビジネスエンジニアリング,japan,2026-07-27
4829.T,日本エンタープライズ,japan,2026-07-27
4832.T,ＪＦＥシステムズ,japan,2026-07-27
4838.T,スペースシャワーＳＫＩＹＡＫＩホールディングス,japan,2026-07-27
4839.T,ＷＯＷＯＷ,japan,2026-07-27
4840.T,トライアイズ,japan,2026-07-27
4845.T,スカラ,japan,2026-07-27
4847.T,インテリジェント　ウェイブ,japan,2026-07-27
4848.T,フルキャストホールディングス,japan,2026-07-27
4849.T,エン,japan,2026-07-27
4875.T,メディシノバ・インク,japan,2026-07-27
4880.T,セルソース,japan,2026-07-27
4885.T,室町ケミカル,japan,2026-07-27
4886.T,あすか製薬ホールディングス,japan,2026-07-27
4887.T,サワイグループホールディングス,japan,2026-07-27
4901.T,富士フイルムホールディングス,japan,2026-07-27
4902.T,コニカミノルタ,japan,2026-07-27
4911.T,資生堂,japan,2026-07-27
4912.T,ライオン,japan,2026-07-27
4914.T,高砂香料工業,japan,2026-07-27
4918.T,アイビー化粧品,japan,2026-07-27
4919.T,ミルボン,japan,2026-07-27
4920.T,日本色材工業研究所,japan,2026-07-14
4922.T,コーセーホールディングス,japan,2026-07-27
4923.T,コタ,japan,2026-07-27
4925.T,ハーバー研究所,japan,2026-07-27
4926.T,シーボン,japan,2026-07-27
4927.T,ポーラ・オルビスホールディングス,japan,2026-07-27
4928.T,ノエビアホールディングス,japan,2026-07-27
4929.T,アジュバンホールディングス,japan,2026-07-27
4931.T,新日本製薬,japan,2026-07-27
4932.T,アルマード,japan,2026-07-27
4933.T,Ｉ－ｎｅ,japan,2026-07-27
4935.T,リベルタ,japan,2026-07-27
4936.T,アクシージア,japan,2026-07-27
4951.T,エステー,japan,2026-07-27
4956.T,コニシ,japan,2026-07-27
4958.T,長谷川香料,japan,2026-07-27
4960.T,ケミプロ化成,japan,2026-07-27
4966.T,上村工業,japan,2026-07-27
4967.T,小林製薬,japan,2026-07-27
4968.T,荒川化学工業,japan,2026-07-27
4970.T,東洋合成工業,japan,2026-07-27
4971.T,メック,japan,2026-07-27
4972.T,綜研化学,japan,2026-07-27
4973.T,日本高純度化学,japan,2026-07-27
4975.T,ＪＣＵ,japan,2026-07-27
4976.T,東洋ドライルーブ,japan,2026-07-27
4977.T,新田ゼラチン,japan,2026-07-27
4979.T,ＯＡＴアグリオ,japan,2026-07-27
4980.T,デクセリアルズ,japan,2026-07-27
4985.T,アース製薬,japan,2026-07-27
4990.T,昭和化学工業,japan,2026-07-14
4992.T,北興化学工業,japan,2026-07-27
4994.T,大成ラミックグループ,japan,2026-07-27
4996.T,クミアイ化学工業,japan,2026-07-27
4997.T,日本農薬,japan,2026-07-27
4998.T,フマキラー,japan,2026-07-27
5010.T,日本精蝋,japan,2026-07-27
5011.T,ニチレキグループ,japan,2026-07-27
5013.T,ユシロ,japan,2026-07-27
5015.T,ビーピー・カストロール,japan,2026-07-27
5016.T,ＪＸ金属,japan,2026-07-27
5018.T,ＭＯＲＥＳＣＯ,japan,2026-07-27
5019.T,出光興産,japan,2026-07-27
5020.T,ＥＮＥＯＳホールディングス,japan,2026-07-27
5021.T,コスモエネルギーホールディングス,japan,2026-07-27
5032.T,ＡＮＹＣＯＬＯＲ,japan,2026-07-27
5036.T,日本ビジネスシステムズ,japan,2026-07-27
5071.T,ヴィス,japan,2026-07-27
5074.T,テスホールディングス,japan,2026-07-27
5076.T,インフロニア・ホールディングス,japan,2026-07-27
5078.T,セレコーポレーション,japan,2026-07-27
5079.T,ノバック,japan,2026-07-27
5101.T,横浜ゴム,japan,2026-07-27
5103.T,昭和ホールディングス,japan,2026-07-27
5105.T,ＴＯＹＯ　ＴＩＲＥ,japan,2026-07-27
5108.T,ブリヂストン,japan,2026-07-27
5110.T,住友ゴム工業,japan,2026-07-27
5121.T,藤倉コンポジット,japan,2026-07-27
5122.T,オカモト,japan,2026-07-27
5133.T,テリロジーホールディングス,japan,2026-07-27
5142.T,アキレス,japan,2026-07-27
5161.T,西川ゴム工業,japan,2026-07-27
5162.T,朝日ラバー,japan,2026-07-27
5184.T,ニチリン,japan,2026-07-27
5185.T,フコク,japan,2026-07-27
5186.T,ニッタ,japan,2026-07-27
5187.T,クリエートメディック,japan,2026-07-27
5189.T,櫻護謨,japan,2026-07-27
5192.T,三ツ星ベルト,japan,2026-07-27
5194.T,相模ゴム工業,japan,2026-07-27
5195.T,バンドー化学,japan,2026-07-27
5199.T,不二ラテックス,japan,2026-07-14
5201.T,ＡＧＣ,japan,2026-07-27
5202.T,日本板硝子,japan,2026-07-27
5204.T,石塚硝子,japan,2026-07-27
5208.T,有沢製作所,japan,2026-07-27
5210.T,日本山村硝子,japan,2026-07-27
5214.T,日本電気硝子,japan,2026-07-27
5216.T,倉元製作所,japan,2026-07-27
5218.T,オハラ,japan,2026-07-27
5232.T,住友大阪セメント,japan,2026-07-27
5233.T,太平洋セメント,japan,2026-07-27
5237.T,ノザワ,japan,2026-07-27
5250.T,ＧＭＯプライム・ストラテジー,japan,2026-07-27
5257.T,ノバシステム,japan,2026-07-27
5261.T,リソルホールディングス,japan,2026-07-27
5262.T,日本ヒューム,japan,2026-07-27
5268.T,旭コンクリート工業,japan,2026-07-27
5269.T,日本コンクリート工業,japan,2026-07-27
5271.T,トーヨーアサノ,japan,2026-07-27
5273.T,三谷セキサン,japan,2026-07-27
5279.T,日本興業,japan,2026-07-27
5280.T,ヨシコン,japan,2026-07-27
5282.T,ジオスター,japan,2026-07-27
5283.T,高見澤,japan,2026-07-27
5284.T,ヤマウホールディングス,japan,2026-07-27
5285.T,ヤマックス,japan,2026-07-27
5287.T,イトーヨーギョー,japan,2026-07-27
5288.T,アジアパイルホールディングス,japan,2026-07-27
5290.T,ベルテクスコーポレーション,japan,2026-07-27
5301.T,東海カーボン,japan,2026-07-27
5302.T,日本カーボン,japan,2026-07-27
5304.T,ＳＥＣカーボン,japan,2026-07-27
5310.T,東洋炭素,japan,2026-07-27
5331.T,ノリタケ,japan,2026-07-27
5332.T,ＴＯＴＯ,japan,2026-07-27
5333.T,ＮＧＫ,japan,2026-07-27
5334.T,日本特殊陶業,japan,2026-07-27
5337.T,ダントーホールディングス,japan,2026-07-27
5341.T,ＡＳＡＨＩ　ＥＩＴＯホールディングス,japan,2026-07-27
5344.T,ＭＡＲＵＷＡ,japan,2026-07-27
5351.T,品川リフラ,japan,2026-07-27
5355.T,日本坩堝,japan,2026-07-27
5356.T,美濃窯業,japan,2026-07-27
5357.T,ヨータイ,japan,2026-07-27
5363.T,東京窯業,japan,2026-07-27
5367.T,ニッカトー,japan,2026-07-27
5368.T,日本インシュレーション,japan,2026-07-27
5380.T,新東,japan,2026-07-14
5381.T,マイポックス,japan,2026-07-27
5384.T,フジミインコーポレーテッド,japan,2026-07-27
5388.T,クニミネ工業,japan,2026-07-27
5391.T,エーアンドエーマテリアル,japan,2026-07-27
5393.T,ニチアス,japan,2026-07-27
5401.T,日本製鉄,japan,2026-07-27
5406.T,神戸製鋼所,japan,2026-07-27
5408.T,中山製鋼所,japan,2026-07-27
5410.T,合同製鐵,japan,2026-07-27
5411.T,ＪＦＥホールディングス,japan,2026-07-27
5423.T,東京製鐵,japan,2026-07-27
5440.T,共英製鋼,japan,2026-07-27
5444.T,大和工業,japan,2026-07-27
5445.T,東京鐵鋼,japan,2026-07-27
5446.T,北越メタル,japan,2026-07-14
5449.T,大阪製鐵,japan,2026-07-27
5451.T,ヨドコウ,japan,2026-07-27
5458.T,高砂鐵工,japan,2026-07-27
5461.T,中部鋼鈑,japan,2026-07-27
5463.T,丸一鋼管,japan,2026-07-27
5464.T,モリ工業,japan,2026-07-27
5471.T,大同特殊鋼,japan,2026-07-27
5480.T,日本冶金工業,japan,2026-07-27
5482.T,愛知製鋼,japan,2026-07-27
5484.T,東北特殊鋼,japan,2026-07-27
5491.T,日本金属,japan,2026-07-27
5533.T,エリッツホールディングス,japan,2026-07-14
5535.T,ミガロホールディングス,japan,2026-07-27
5541.T,大平洋金属,japan,2026-07-27
5542.T,新報国マテリアル,japan,2026-07-27
5563.T,新日本電工,japan,2026-07-27
5571.T,エキサイトホールディングス,japan,2026-07-27
5576.T,オービーシステム,japan,2026-07-27
5589.T,オートサーバー,japan,2026-07-27
5602.T,栗本鐵工所,japan,2026-07-27
5603.T,虹技,japan,2026-07-27
5609.T,日本鋳造,japan,2026-07-27
5612.T,日本鋳鉄管,japan,2026-07-27
5631.T,日本製鋼所,japan,2026-07-27
5632.T,三菱製鋼,japan,2026-07-27
5644.T,メタルアート,japan,2026-07-27
5658.T,日亜鋼業,japan,2026-07-27
5659.T,日本精線,japan,2026-07-27
5660.T,神鋼鋼線工業,japan,2026-07-27
5695.T,パウダーテック,japan,2026-07-27
5697.T,サンユウ,japan,2026-07-27
5698.T,エンビプロ・ホールディングス,japan,2026-07-27
5699.T,イボキン,japan,2026-07-27
5702.T,大紀アルミニウム工業所,japan,2026-07-27
5703.T,日本軽金属ホールディングス,japan,2026-07-27
5706.T,三井金属,japan,2026-07-27
5707.T,東邦亜鉛,japan,2026-07-27
5711.T,三菱マテリアル,japan,2026-07-27
5713.T,住友金属鉱山,japan,2026-07-27
5714.T,ＤＯＷＡホールディングス,japan,2026-07-27
5715.T,古河機械金属,japan,2026-07-27
5721.T,エスクリプトエナジー,japan,2026-07-27
5724.T,アサカ理研,japan,2026-07-27
5726.T,大阪チタニウムテクノロジーズ,japan,2026-07-27
5729.T,日本精鉱,japan,2026-07-27
5741.T,ＵＡＣＪ,japan,2026-07-27
5742.T,エヌアイシ・オートテック,japan,2026-07-27
5753.T,日本伸銅,japan,2026-07-27
5757.T,ＣＫサンエツ,japan,2026-07-27
5801.T,古河電気工業,japan,2026-07-27
5802.T,住友電気工業,japan,2026-07-27
5803.T,フジクラ,japan,2026-07-27
5805.T,ＳＷＣＣ,japan,2026-07-27
5816.T,オーナンバ,japan,2026-07-27
5817.T,ＪＭＡＣＳ,japan,2026-07-27
5819.T,カナレ電気,japan,2026-07-27
5820.T,三ッ星,japan,2026-07-27
5821.T,平河ヒューテック,japan,2026-07-27
5830.T,いよぎんホールディングス,japan,2026-07-27
5831.T,しずおかフィナンシャルグループ,japan,2026-07-27
5832.T,ちゅうぎんフィナンシャルグループ,japan,2026-07-27
5838.T,楽天銀行,japan,2026-07-27
5843.T,ニッポンインシュア,japan,2026-07-27
5844.T,京都フィナンシャルグループ,japan,2026-07-27
5845.T,全保連,japan,2026-07-27
5851.T,リョービ,japan,2026-07-27
5852.T,アーレスティ,japan,2026-07-27
5857.T,ＡＲＥホールディングス,japan,2026-07-27
5868.T,ロココ,japan,2026-07-27
5869.T,早稲田学習研究会,japan,2026-07-27
5871.T,ＳＯＬＩＺＥ　Ｈｏｌｄｉｎｇｓ,japan,2026-07-27
5885.T,ジーデップ・アドバンス,japan,2026-07-27
5889.T,Ｊａｐａｎ　Ｅｙｅｗｅａｒ　Ｈｏｌｄｉｎｇｓ,japan,2026-07-27
5891.T,魁力屋,japan,2026-07-27
5900.T,ダイケン,japan,2026-07-14
5901.T,東洋製罐グループホールディングス,japan,2026-07-27
5902.T,ホッカンホールディングス,japan,2026-07-27
5903.T,シンポ,japan,2026-07-27
5905.T,日本製罐,japan,2026-07-14
5906.T,エムケー精工,japan,2026-07-27
5909.T,コロナ,japan,2026-07-27
5911.T,横河ブリッジホールディングス,japan,2026-07-27
5915.T,駒井ハルテック,japan,2026-07-27
5918.T,瀧上工業,japan,2026-07-27
5921.T,川岸工業,japan,2026-07-27
5922.T,那須電機鉄工,japan,2026-07-27
5923.T,高田機工,japan,2026-07-27
5928.T,アルメタックス,japan,2026-07-27
5929.T,三和ホールディングス,japan,2026-07-27
5930.T,文化シヤッター,japan,2026-07-27
5932.T,三協立山,japan,2026-07-27
5933.T,アルインコ,japan,2026-07-27
5936.T,東洋シヤッター,japan,2026-07-27
5938.T,ＬＩＸＩＬ,japan,2026-07-27
5939.T,大谷工業,japan,2026-07-27
5940.T,不二サッシ,japan,2026-07-27
5941.T,中西製作所,japan,2026-07-27
5942.T,日本フイルコン,japan,2026-07-27
5943.T,ノーリツ,japan,2026-07-27
5945.T,天龍製鋸,japan,2026-07-27
5946.T,長府製作所,japan,2026-07-27
5947.T,リンナイ,japan,2026-07-27
5949.T,ユニプレス,japan,2026-07-27
5950.T,日本パワーファスニング,japan,2026-07-27
5951.T,ダイニチ工業,japan,2026-07-27
5952.T,アマテイ,japan,2026-07-27
5955.T,ワイズホールディングス,japan,2026-07-27
5956.T,トーソー,japan,2026-07-27
5957.T,日東精工,japan,2026-07-27
5958.T,三洋工業,japan,2026-07-27
5959.T,岡部,japan,2026-07-27
5962.T,浅香工業,japan,2026-07-22
5965.T,フジマック,japan,2026-07-27
5966.T,京都機械工具,japan,2026-07-14
5967.T,ＴＯＮＥ,japan,2026-07-27
5969.T,ロブテックス,japan,2026-07-14
5970.T,ジーテクト,japan,2026-07-27
5971.T,共和工業所,japan,2026-07-27
5973.T,トーアミ,japan,2026-07-14
5974.T,中国工業,japan,2026-07-27
5975.T,東プレ,japan,2026-07-27
5976.T,高周波熱錬,japan,2026-07-27
5981.T,東京製綱,japan,2026-07-27
5982.T,マルゼン,japan,2026-07-27
5983.T,イワブチ,japan,2026-07-27
5984.T,兼房,japan,2026-07-27
5985.T,サンコール,japan,2026-07-27
5986.T,モリテック　スチール,japan,2026-07-27
5987.T,オーネックス,japan,2026-07-14
5988.T,パイオラックス,japan,2026-07-27
5989.T,エイチワン,japan,2026-07-27
5990.T,スーパーツール,japan,2026-07-14
5991.T,日本発條,japan,2026-07-27
5992.T,中央発條,japan,2026-07-27
5994.T,ファインシンター,japan,2026-07-27
5997.T,協立エアテック,japan,2026-07-27
5998.T,アドバネクス,japan,2026-07-27
6005.T,三浦工業,japan,2026-07-27
6013.T,タクマ,japan,2026-07-27
6016.T,ジャパンエンジンコーポレーション,japan,2026-07-27
6018.T,阪神内燃機工業,japan,2026-07-27
6022.T,赤阪鐵工所,japan,2026-07-27
6023.T,ダイハツインフィニアース,japan,2026-07-27
6027.T,弁護士ドットコム,japan,2026-07-27
6029.T,アトラグループ,japan,2026-07-27
6035.T,アイ・アールジャパンホールディングス,japan,2026-07-27
6036.T,ＫｅｅＰｅｒ技研,japan,2026-07-27
6037.T,楽待,japan,2026-07-27
6042.T,ニッキ,japan,2026-07-27
6044.T,三機サービス,japan,2026-07-27
6046.T,リンクバル,japan,2026-07-27
6047.T,Ｇｕｎｏｓｙ,japan,2026-07-27
6050.T,イー・ガーディアン,japan,2026-07-27
6054.T,リブセンス,japan,2026-07-27
6055.T,ジャパンマテリアル,japan,2026-07-27
6058.T,ベクトル,japan,2026-07-27
6059.T,ウチヤマホールディングス,japan,2026-07-27
6061.T,ユニバーサル園芸社,japan,2026-07-27
6062.T,チャーム・ケア・コーポレーション,japan,2026-07-27
6063.T,日本エマージェンシーアシスタンス,japan,2026-07-14
6070.T,キャリアリンク,japan,2026-07-27
6071.T,ＩＢＪ,japan,2026-07-27
6072.T,地盤ネットホールディングス,japan,2026-07-27
6073.T,アサンテ,japan,2026-07-27
6074.T,ジェイエスエス,japan,2026-07-14
6078.T,バリューＨＲ,japan,2026-07-27
6080.T,Ｍ＆Ａキャピタルパートナーズ,japan,2026-07-27
6082.T,ライドオンエクスプレスホールディングス,japan,2026-07-27
6083.T,ＥＲＩホールディングス,japan,2026-07-27
6087.T,アビスト,japan,2026-07-27
6088.T,シグマクシス・ホールディングス,japan,2026-07-27
6089.T,ウィルグループ,japan,2026-07-27
6090.T,ヒューマン・メタボローム・テクノロジーズ,japan,2026-07-27
6091.T,ウエスコホールディングス,japan,2026-07-27
6092.T,エンバイオ・ホールディングス,japan,2026-07-27
6093.T,ミトラグループ,japan,2026-07-27
6096.T,レアジョブ,japan,2026-07-27
6098.T,リクルートホールディングス,japan,2026-07-27
6099.T,エラン,japan,2026-07-27
6101.T,ツガミ,japan,2026-07-27
6103.T,オークマ,japan,2026-07-27
6104.T,芝浦機械,japan,2026-07-27
6113.T,アマダ,japan,2026-07-27
6118.T,アイダエンジニアリング,japan,2026-07-27
6125.T,岡本工作機械製作所,japan,2026-07-27
6134.T,ＦＵＪＩ,japan,2026-07-27
6135.T,牧野フライス製作所,japan,2026-07-27
6136.T,オーエスジー,japan,2026-07-27
6137.T,小池酸素工業,japan,2026-07-27
6138.T,ダイジェット工業,japan,2026-07-27
6140.T,旭ダイヤモンド工業,japan,2026-07-27
6141.T,ＤＭＧ森精機,japan,2026-07-27
6143.T,ソディック,japan,2026-07-27
6144.T,西部電機,japan,2026-07-27
6145.T,ＮＩＴＴＯＫＵ,japan,2026-07-27
6146.T,ディスコ,japan,2026-07-27
6147.T,ヤマザキ,japan,2026-07-27
6149.T,小田原エンジニアリング,japan,2026-07-27
6150.T,タケダ機械,japan,2026-07-27
6151.T,日東工器,japan,2026-07-27
6155.T,高松機械工業,japan,2026-07-27
6156.T,エーワン精密,japan,2026-07-27
6157.T,日進工具,japan,2026-07-27
6158.T,和井田製作所,japan,2026-07-27
6159.T,ミクロン精密,japan,2026-07-27
6161.T,エスティック,japan,2026-07-27
6165.T,パンチ工業,japan,2026-07-27
6167.T,冨士ダイス,japan,2026-07-27
6171.T,土木管理総合試験所,japan,2026-07-27
6176.T,ブランジスタ,japan,2026-07-27
6178.T,日本郵政,japan,2026-07-27
6183.T,ベルシステム２４ホールディングス,japan,2026-07-27
6184.T,鎌倉新書,japan,2026-07-27
6185.T,ＳＭＮ,japan,2026-07-27
6186.T,一蔵,japan,2026-07-14
6189.T,グローバルキッズＣＯＭＰＡＮＹ,japan,2026-07-27
6191.T,エアトリ,japan,2026-07-27
6194.T,アトラエ,japan,2026-07-27
6196.T,ストライクグループ,japan,2026-07-27
6197.T,ソラスト,japan,2026-07-27
6199.T,セラク,japan,2026-07-27
6200.T,インソース,japan,2026-07-27
6203.T,豊和工業,japan,2026-07-27
6208.T,石川製作所,japan,2026-07-27
6209.T,リケンＮＰＲ,japan,2026-07-27
6217.T,津田駒工業,japan,2026-07-27
6218.T,エンシュウ,japan,2026-07-27
6222.T,島精機製作所,japan,2026-07-27
6223.T,西部技研,japan,2026-07-27
6226.T,守谷輸送機工業,japan,2026-07-27
6227.T,ＡＩメカテック,japan,2026-07-27
6228.T,ジェイ・イー・ティ,japan,2026-07-27
6229.T,オーケーエム,japan,2026-07-27
6230.T,ＳＡＮＥＩ,japan,2026-07-27
6231.T,木村工機,japan,2026-07-27
6233.T,ＫＬＡＳＳ,japan,2026-07-14
6235.T,オプトラン,japan,2026-07-27
6237.T,イワキポンプ,japan,2026-07-27
6238.T,フリュー,japan,2026-07-27
6239.T,ナガオカ,japan,2026-07-27
6240.T,ヤマシンフィルタ,japan,2026-07-27
6245.T,ヒラノテクシード,japan,2026-07-27
6246.T,テクノスマート,japan,2026-07-27
6247.T,日阪製作所,japan,2026-07-27
6248.T,横田製作所,japan,2026-07-27
6249.T,ゲームカードホールディングス,japan,2026-07-27
6250.T,やまびこ,japan,2026-07-27
6254.T,野村マイクロ・サイエンス,japan,2026-07-27
6257.T,藤商事,japan,2026-07-27
6258.T,平田機工,japan,2026-07-27
6262.T,ＰＥＧＡＳＵＳ,japan,2026-07-27
6264.T,マルマエ,japan,2026-07-27
6265.T,コンバム,japan,2026-07-27
6266.T,タツモ,japan,2026-07-27
6267.T,ゼネラルパッカー,japan,2026-07-27
6268.T,ナブテスコ,japan,2026-07-27
6269.T,三井海洋開発,japan,2026-07-27
6272.T,レオン自動機,japan,2026-07-27
6273.T,ＳＭＣ,japan,2026-07-27
6276.T,シリウスビジョン,japan,2026-07-27
6277.T,ホソカワミクロン,japan,2026-07-27
6278.T,ユニオンツール,japan,2026-07-27
6279.T,瑞光,japan,2026-07-27
6282.T,オイレス工業,japan,2026-07-27
6284.T,日精エー・エス・ビー機械,japan,2026-07-27
6286.T,靜甲,japan,2026-07-27
6287.T,サトー,japan,2026-07-27
6289.T,技研製作所,japan,2026-07-27
6291.T,日本エアーテック,japan,2026-07-27
6292.T,カワタ,japan,2026-07-27
6294.T,オカダアイヨン,japan,2026-07-27
6298.T,ワイエイシイホールディングス,japan,2026-07-27
6301.T,小松製作所,japan,2026-07-27
6302.T,住友重機械工業,japan,2026-07-27
6305.T,日立建機,japan,2026-07-27
6306.T,日工,japan,2026-07-27
6307.T,サンセイ,japan,2026-07-27
6309.T,巴工業,japan,2026-07-27
6310.T,井関農機,japan,2026-07-27
6315.T,ＴＯＷＡ,japan,2026-07-27
6316.T,丸山製作所,japan,2026-07-27
6317.T,北川鉄工所,japan,2026-07-27
6322.T,タクミナ,japan,2026-07-27
6323.T,ローツェ,japan,2026-07-27
6324.T,ハーモニック・ドライブ・システムズ,japan,2026-07-27
6325.T,タカキタ,japan,2026-07-27
6326.T,クボタ,japan,2026-07-27
6327.T,北川精機,japan,2026-07-27
6328.T,荏原実業,japan,2026-07-27
6330.T,東洋エンジニアリング,japan,2026-07-27
6331.T,三菱化工機,japan,2026-07-27
6332.T,月島ホールディングス,japan,2026-07-27
6333.T,ＴＥＩＫＯＫＵ,japan,2026-07-27
6334.T,明治機械,japan,2026-07-27
6335.T,東京機械製作所,japan,2026-07-27
6336.T,石井表記,japan,2026-07-27
6337.T,テセック,japan,2026-07-27
6338.T,タカトリ,japan,2026-07-27
6339.T,新東工業,japan,2026-07-27
6340.T,澁谷工業,japan,2026-07-27
6342.T,太平製作所,japan,2026-07-27
6343.T,フリージア・マクロス,japan,2026-07-27
6345.T,アイチ　コーポレーション,japan,2026-07-27
6346.T,キクカワエンタープライズ,japan,2026-07-14
6347.T,プラコー,japan,2026-07-27
6349.T,小森コーポレーション,japan,2026-07-27
6351.T,鶴見製作所,japan,2026-07-27
6356.T,日本ギア工業,japan,2026-07-27
6357.T,三精テクノロジーズ,japan,2026-07-27
6358.T,酒井重工業,japan,2026-07-27
6360.T,東京自働機械製作所,japan,2026-07-27
6361.T,荏原製作所,japan,2026-07-27
6363.T,酉島製作所,japan,2026-07-27
6364.T,ＡＩＲＭＡＮ,japan,2026-07-27
6365.T,電業社機械製作所,japan,2026-07-27
6366.T,千代田化工建設,japan,2026-07-27
6367.T,ダイキン工業,japan,2026-07-27
6368.T,オルガノ,japan,2026-07-27
6369.T,トーヨーカネツ,japan,2026-07-27
6370.T,栗田工業,japan,2026-07-27
6371.T,椿本チエイン,japan,2026-07-27
6376.T,日機装,japan,2026-07-27
6378.T,木村化工機,japan,2026-07-27
6379.T,レイズネクスト,japan,2026-07-27
6380.T,オリエンタルチエン工業,japan,2026-07-27
6381.T,アネスト岩田,japan,2026-07-27
6382.T,トリニティ工業,japan,2026-07-27
6383.T,ダイフク,japan,2026-07-27
6384.T,昭和真空,japan,2026-07-27
6387.T,サムコ,japan,2026-07-27
6390.T,加藤製作所,japan,2026-07-27
6391.T,加地テック,japan,2026-07-27
6392.T,ヤマダコーポレーション,japan,2026-07-27
6393.T,油研工業,japan,2026-07-27
6395.T,タダノ,japan,2026-07-27
6396.T,宇野澤組鐵工所,japan,2026-07-14
6400.T,不二精機,japan,2026-07-27
6402.T,兼松エンジニアリング,japan,2026-07-27
6405.T,鈴茂器工,japan,2026-07-27
6407.T,ＣＫＤ,japan,2026-07-27
6408.T,小倉クラッチ,japan,2026-07-27
6412.T,平和,japan,2026-07-27
6413.T,理想科学工業,japan,2026-07-27
6417.T,ＳＡＮＫＹＯ,japan,2026-07-27
6418.T,日本金銭機械,japan,2026-07-27
6419.T,マースグループホールディングス,japan,2026-07-27
6420.T,ガリレイ,japan,2026-07-27
6424.T,高見沢サイバネティックス,japan,2026-07-27
6425.T,ユニバーサルエンターテインメント,japan,2026-07-27
6428.T,オーイズミ,japan,2026-07-27
6430.T,ダイコク電機,japan,2026-07-27
6432.T,竹内製作所,japan,2026-07-27
6433.T,ヒーハイスト,japan,2026-07-27
6436.T,アマノ,japan,2026-07-27
6440.T,ＪＵＫＩ,japan,2026-07-27
6444.T,サンデン,japan,2026-07-27
6445.T,ジャノメ,japan,2026-07-27
6448.T,ブラザー工業,japan,2026-07-27
6454.T,マックス,japan,2026-07-27
6455.T,モリタホールディングス,japan,2026-07-27
6457.T,グローリー,japan,2026-07-27
6458.T,新晃工業,japan,2026-07-27
6459.T,大和冷機工業,japan,2026-07-27
6460.T,セガサミーホールディングス,japan,2026-07-27
6463.T,ＴＰＲ,japan,2026-07-27
6464.T,ツバキ・ナカシマ,japan,2026-07-27
6465.T,ホシザキ,japan,2026-07-27
6466.T,ＴＶＥ,japan,2026-07-27
6467.T,ニチダイ,japan,2026-07-27
6469.T,放電精密加工研究所,japan,2026-07-27
6470.T,大豊工業,japan,2026-07-27
6471.T,日本精工,japan,2026-07-27
6472.T,ＮＴＮ,japan,2026-07-27
6473.T,ジェイテクト,japan,2026-07-27
6474.T,不二越,japan,2026-07-27
6479.T,ミネベアミツミ,japan,2026-07-27
6480.T,日本トムソン,japan,2026-07-27
6481.T,ＴＨＫ,japan,2026-07-27
6482.T,ＹＵＳＨＩＮ,japan,2026-07-27
6484.T,ＫＶＫ,japan,2026-07-27
6485.T,前澤給装工業,japan,2026-07-27
6486.T,イーグル工業,japan,2026-07-27
6488.T,ヨシタケ,japan,2026-07-27
6490.T,ＰＩＬＬＡＲ,japan,2026-07-27
6492.T,岡野バルブ製造,japan,2026-07-27
6493.T,ＮＩＴＴＡＮ,japan,2026-07-27
6494.T,ＮＦＫホールディングス,japan,2026-07-27
6495.T,宮入バルブ製作所,japan,2026-07-27
6496.T,中北製作所,japan,2026-07-27
6497.T,ハマイ,japan,2026-07-27
6498.T,キッツ,japan,2026-07-27
6501.T,日立製作所,japan,2026-07-27
6503.T,三菱電機,japan,2026-07-27
6504.T,富士電機,japan,2026-07-27
6505.T,東洋電機製造,japan,2026-07-27
6506.T,安川電機,japan,2026-07-27
6507.T,シンフォニアテクノロジー,japan,2026-07-27
6508.T,明電舎,japan,2026-07-27
6513.T,オリジン,japan,2026-07-27
6516.T,山洋電気,japan,2026-07-27
6517.T,デンヨー,japan,2026-07-27
6518.T,三相電機,japan,2026-07-27
6523.T,ＰＨＣホールディングス,japan,2026-07-27
6524.T,湖北工業,japan,2026-07-27
6525.T,ＫＯＫＵＳＡＩ　ＥＬＥＣＴＲＩＣ,japan,2026-07-27
6526.T,ソシオネクスト,japan,2026-07-27
6532.T,ベイカレント,japan,2026-07-27
6533.T,Ｏｒｃｈｅｓｔｒａ　Ｈｏｌｄｉｎｇｓ,japan,2026-07-27
6535.T,アイモバイル,japan,2026-07-27
6538.T,ディスラプターズ,japan,2026-07-27
6539.T,ＭＳ－Ｊａｐａｎ,japan,2026-07-27
6540.T,船場,japan,2026-07-27
6543.T,日宣,japan,2026-07-27
6544.T,ジャパンエレベーターサービスホールディングス,japan,2026-07-27
6546.T,フルテック,japan,2026-07-27
6547.T,グリーンズ,japan,2026-07-27
6549.T,ディーエムソリューションズ,japan,2026-07-27
6551.T,ツナググループ・ホールディングス,japan,2026-07-27
6552.T,ＧａｍｅＷｉｔｈ,japan,2026-07-27
6555.T,ＭＳ＆Ｃｏｎｓｕｌｔｉｎｇ,japan,2026-07-14
6560.T,エル・ティー・エス,japan,2026-07-27
6564.T,ミダックホールディングス,japan,2026-07-27
6566.T,要興業,japan,2026-07-27
6570.T,共和コーポレーション,japan,2026-07-27
6571.T,キュービーネットホールディングス,japan,2026-07-27
6572.T,オープングループ,japan,2026-07-27
6578.T,コレックホールディングス,japan,2026-07-27
6584.T,三櫻工業,japan,2026-07-27
6586.T,マキタ,japan,2026-07-27
6588.T,東芝テック,japan,2026-07-27
6590.T,芝浦メカトロニクス,japan,2026-07-27
6592.T,マブチモーター,japan,2026-07-27
6594.T,ニデック,japan,2026-07-27
6599.T,エブレン,japan,2026-07-27
6614.T,シキノハイテック,japan,2026-07-27
6615.T,ユー・エム・シー・エレクトロニクス,japan,2026-07-27
6616.T,トレックス・セミコンダクター,japan,2026-07-27
6617.T,東光高岳,japan,2026-07-27
6619.T,ダブル・スコープ,japan,2026-07-27
6620.T,宮越ホールディングス,japan,2026-07-27
6622.T,ダイヘン,japan,2026-07-27
6625.T,ＪＡＬＣＯホールディングス,japan,2026-07-27
6626.T,ＳＥＭＩＴＥＣ,japan,2026-07-27
6627.T,テラプローブ,japan,2026-07-27
6629.T,テクノホライゾン,japan,2026-07-27
6630.T,ヤーマン,japan,2026-07-27
6632.T,ＪＶＣケンウッド,japan,2026-07-27
6633.T,ＣＧＳホールディングス,japan,2026-07-27
6634.T,ＪＮグループ,japan,2026-07-27
6635.T,大日光・エンジニアリング,japan,2026-07-27
6637.T,寺崎電気産業,japan,2026-07-27
6638.T,ミマキエンジニアリング,japan,2026-07-27
6643.T,戸上電機製作所,japan,2026-07-27
6644.T,大崎電気工業,japan,2026-07-27
6645.T,オムロン,japan,2026-07-27
6647.T,森尾電機,japan,2026-07-27
6648.T,かわでん,japan,2026-07-27
6651.T,日東工業,japan,2026-07-27
6652.T,ＩＤＥＣ,japan,2026-07-27
6653.T,正興電機製作所,japan,2026-07-27
6654.T,不二電機工業,japan,2026-07-27
6656.T,インスペック,japan,2026-07-27
6658.T,シライ電子工業,japan,2026-07-27
6659.T,メディアリンクス,japan,2026-07-27
6662.T,ユビテック,japan,2026-07-27
6663.T,太洋テクノレックス,japan,2026-07-27
6664.T,オプトエレクトロニクス,japan,2026-07-27
6666.T,リバーエレテック,japan,2026-07-27
6668.T,アドテック　プラズマ　テクノロジー,japan,2026-07-27
6674.T,ジーエス・ユアサ　コーポレーション,japan,2026-07-27
6675.T,サクサ,japan,2026-07-27
6676.T,ＢＵＦＦＡＬＯ,japan,2026-07-27
6677.T,エスケーエレクトロニクス,japan,2026-07-27
6678.T,テクノメディカ,japan,2026-07-27
6694.T,ズーム,japan,2026-07-27
6699.T,ダイヤモンドエレクトリックホールディングス,japan,2026-07-27
6701.T,日本電気,japan,2026-07-27
6702.T,富士通,japan,2026-07-27
6703.T,沖電気工業,japan,2026-07-27
6706.T,電気興業,japan,2026-07-27
6707.T,サンケン電気,japan,2026-07-27
6718.T,アイホン,japan,2026-07-27
6721.T,ウインテスト,japan,2026-07-27
6723.T,ルネサスエレクトロニクス,japan,2026-07-27
6724.T,セイコーエプソン,japan,2026-07-27
6727.T,ワコム,japan,2026-07-27
6728.T,アルバック,japan,2026-07-27
6730.T,アクセル,japan,2026-07-27
6731.T,ピクセラ,japan,2026-07-27
6736.T,サン電子,japan,2026-07-27
6737.T,ＥＩＺＯ,japan,2026-07-27
6740.T,ジャパンディスプレイ,japan,2026-07-27
6741.T,日本信号,japan,2026-07-27
6742.T,京三製作所,japan,2026-07-27
6743.T,大同信号,japan,2026-07-27
6744.T,能美防災,japan,2026-07-27
6745.T,ホーチキ,japan,2026-07-27
6748.T,星和電機,japan,2026-07-27
6750.T,エレコム,japan,2026-07-27
6752.T,パナソニック　ホールディングス,japan,2026-07-27
6753.T,シャープ,japan,2026-07-27
6754.T,アンリツ,japan,2026-07-27
6757.T,ＯＳＧコーポレーション,japan,2026-07-27
6758.T,ソニーグループ,japan,2026-07-27
6762.T,ＴＤＫ,japan,2026-07-27
6763.T,帝国通信工業,japan,2026-07-27
6768.T,タムラ製作所,japan,2026-07-27
6769.T,ザインエレクトロニクス,japan,2026-07-27
6770.T,アルプスアルパイン,japan,2026-07-27
6771.T,池上通信機,japan,2026-07-27
6772.T,東京コスモス電機,japan,2026-07-27
6775.T,ＴＢグループ,japan,2026-07-27
6776.T,天昇電気工業,japan,2026-07-27
6777.T,ｓａｎｔｅｃ　Ｈｏｌｄｉｎｇｓ,japan,2026-07-27
6778.T,アルチザネットワークス,japan,2026-07-27
6779.T,日本電波工業,japan,2026-07-27
6785.T,鈴木,japan,2026-07-27
6786.T,ＲＶＨ,japan,2026-07-27
6787.T,メイコー,japan,2026-07-27
6788.T,日本トリム,japan,2026-07-27
6794.T,フォスター電機,japan,2026-07-27
6797.T,名古屋電機工業,japan,2026-07-27
6798.T,ＳＭＫ,japan,2026-07-27
6800.T,ヨコオ,japan,2026-07-27
6803.T,ティアック,japan,2026-07-27
6804.T,ホシデン,japan,2026-07-27
6806.T,ヒロセ電機,japan,2026-07-27
6807.T,日本航空電子工業,japan,2026-07-27
6809.T,ＴＯＡ,japan,2026-07-27
6810.T,マクセル,japan,2026-07-27
6814.T,古野電気,japan,2026-07-27
6817.T,スミダコーポレーション,japan,2026-07-27
6819.T,伊豆シャボテンリゾート,japan,2026-07-27
6820.T,アイコム,japan,2026-07-27
6822.T,大井電気,japan,2026-07-27
6823.T,リオン,japan,2026-07-27
6824.T,新コスモス電機,japan,2026-07-27
6832.T,アオイ電子,japan,2026-07-27
6834.T,精工技研,japan,2026-07-27
6835.T,アライドテレシスホールディングス,japan,2026-07-27
6836.T,ぷらっとホーム,japan,2026-07-27
6837.T,京写,japan,2026-07-27
6838.T,多摩川ホールディングス,japan,2026-07-27
6840.T,ＡＫＩＢＡホールディングス,japan,2026-07-27
6841.T,横河電機,japan,2026-07-27
6844.T,新電元工業,japan,2026-07-27
6845.T,アズビル,japan,2026-07-27
6848.T,東亜ディーケーケー,japan,2026-07-27
6849.T,日本光電工業,japan,2026-07-27
6850.T,チノー,japan,2026-07-27
6853.T,共和電業,japan,2026-07-27
6855.T,日本電子材料,japan,2026-07-27
6856.T,堀場製作所,japan,2026-07-27
6857.T,アドバンテスト,japan,2026-07-27
6858.T,小野測器,japan,2026-07-27
6859.T,エスペック,japan,2026-07-27
6861.T,キーエンス,japan,2026-07-27
6862.T,ミナトホールディングス,japan,2026-07-27
6863.T,ニレコ,japan,2026-07-27
6864.T,エヌエフホールディングス,japan,2026-07-27
6866.T,日置電機,japan,2026-07-27
6867.T,リーダー電子,japan,2026-07-27
6869.T,シスメックス,japan,2026-07-27
6870.T,日本フェンオール,japan,2026-07-27
6871.T,日本マイクロニクス,japan,2026-07-27
6874.T,協立電機,japan,2026-07-27
6875.T,メガチップス,japan,2026-07-27
6877.T,ＯＢＡＲＡ　ＧＲＯＵＰ,japan,2026-07-27
6882.T,三社電機製作所,japan,2026-07-27
6888.T,アクモス,japan,2026-07-27
6890.T,フェローテック,japan,2026-07-27
6894.T,パルステック工業,japan,2026-07-27
6897.T,ツインバード,japan,2026-07-27
6898.T,トミタ電機,japan,2026-07-27
6899.T,ＡＳＴＩ,japan,2026-07-27
6902.T,デンソー,japan,2026-07-27
6904.T,原田工業,japan,2026-07-27
6905.T,コーセル,japan,2026-07-27
6907.T,ジオマテック,japan,2026-07-27
6908.T,イリソ電子工業,japan,2026-07-27
6912.T,菊水ホールディングス,japan,2026-07-27
6914.T,オプテックスグループ,japan,2026-07-27
6915.T,千代田インテグレ,japan,2026-07-27
6918.T,アバールデータ,japan,2026-07-27
6919.T,ケル,japan,2026-07-27
6920.T,レーザーテック,japan,2026-07-27
6923.T,スタンレー電気,japan,2026-07-27
6925.T,ウシオ電機,japan,2026-07-27
6926.T,岡谷電機産業,japan,2026-07-27
6927.T,ヘリオス　テクノ　ホールディング,japan,2026-07-27
6928.T,エノモト,japan,2026-07-27
6929.T,日本セラミック,japan,2026-07-27
6932.T,遠藤照明,japan,2026-07-27
6941.T,山一電機,japan,2026-07-27
6942.T,ソフィアホールディングス,japan,2026-07-27
6943.T,ＮＫＫスイッチズ,japan,2026-07-14
6946.T,日本アビオニクス,japan,2026-07-27
6947.T,図研,japan,2026-07-27
6951.T,日本電子,japan,2026-07-27
6952.T,カシオ計算機,japan,2026-07-27
6954.T,ファナック,japan,2026-07-27
6955.T,ＦＤＫ,japan,2026-07-27
6958.T,日本シイエムケイ,japan,2026-07-27
6960.T,フクダ電子,japan,2026-07-27
6961.T,エンプラス,japan,2026-07-27
6962.T,大真空,japan,2026-07-27
6963.T,ローム,japan,2026-07-27
6964.T,サンコー,japan,2026-07-27
6965.T,浜松ホトニクス,japan,2026-07-27
6966.T,三井ハイテック,japan,2026-07-27
6969.T,松尾電機,japan,2026-07-27
6971.T,京セラ,japan,2026-07-27
6976.T,太陽誘電,japan,2026-07-27
6977.T,日本抵抗器製作所,japan,2026-07-27
6981.T,村田製作所,japan,2026-07-27
6982.T,リード,japan,2026-07-14
6986.T,双葉電子工業,japan,2026-07-27
6988.T,日東電工,japan,2026-07-27
6989.T,北陸電気工業,japan,2026-07-27
6993.T,大黒屋ホールディングス,japan,2026-07-27
6994.T,指月電機製作所,japan,2026-07-27
6995.T,東海理化電機製作所,japan,2026-07-27
6996.T,ニチコン,japan,2026-07-27
6997.T,日本ケミコン,japan,2026-07-27
6998.T,日本タングステン,japan,2026-07-27
6999.T,ＫＯＡ,japan,2026-07-27
7003.T,三井Ｅ＆Ｓ,japan,2026-07-27
7004.T,カナデビア,japan,2026-07-27
7011.T,三菱重工業,japan,2026-07-27
7012.T,川崎重工業,japan,2026-07-27
7013.T,ＩＨＩ,japan,2026-07-27
7014.T,名村造船所,japan,2026-07-27
7018.T,内海造船,japan,2026-07-27
7021.T,ニッチツ,japan,2026-07-27
7022.T,サノヤスホールディングス,japan,2026-07-27
7030.T,スプリックス,japan,2026-07-27
7033.T,マネジメントソリューションズ,japan,2026-07-27
7034.T,プロレド・パートナーズ,japan,2026-07-27
7035.T,ａｎｄ　ｆａｃｔｏｒｙ,japan,2026-07-27
7037.T,テノ．ホールディングス,japan,2026-07-27
7038.T,フロンティア・マネジメント,japan,2026-07-27
7040.T,サン・ライフホールディング,japan,2026-07-27
7042.T,アクセスグループ・ホールディングス,japan,2026-07-27
7044.T,ピアラ,japan,2026-07-27
7057.T,エヌ・シー・エヌ,japan,2026-07-27
7058.T,共栄セキュリティーサービス,japan,2026-07-27
7059.T,コプロ・ホールディングス,japan,2026-07-27
7060.T,ギークス,japan,2026-07-27
7064.T,ハウテレビジョン,japan,2026-07-27
7065.T,ユーピーアール,japan,2026-07-27
7071.T,アンビスホールディングス,japan,2026-07-27
7081.T,コーユーレンティア,japan,2026-07-27
7085.T,カーブスホールディングス,japan,2026-07-27
7087.T,ウイルテック,japan,2026-07-27
7095.T,Ｍａｃｂｅｅ　Ｐｌａｎｅｔ,japan,2026-07-27
7102.T,日本車輌製造,japan,2026-07-27
7111.T,ＩＮＥＳＴ,japan,2026-07-27
7115.T,アルファパーチェス,japan,2026-07-27
7120.T,ＳＨＩＮＫＯ,japan,2026-07-27
7122.T,近畿車輛,japan,2026-07-27
7126.T,グローバルスタイル,japan,2026-07-27
7127.T,一家ホールディングス,japan,2026-07-27
7128.T,ユニソルホールディングス,japan,2026-07-27
7129.T,ミアヘルサホールディングス,japan,2026-07-14
7130.T,ヤマエグループホールディングス,japan,2026-07-27
7131.T,のむら産業,japan,2026-07-27
7134.T,アップガレージグループ,japan,2026-07-27
7135.T,ジャパンクラフトホールディングス,japan,2026-07-27
7148.T,ＦＰＧ,japan,2026-07-27
7150.T,島根銀行,japan,2026-07-27
7157.T,ライフネット生命保険,japan,2026-07-27
7161.T,じもとホールディングス,japan,2026-07-27
7162.T,アストマックス,japan,2026-07-27
7164.T,全国保証,japan,2026-07-27
7167.T,めぶきフィナンシャルグループ,japan,2026-07-27
7172.T,ジャパンインベストメントアドバイザー,japan,2026-07-27
7173.T,東京きらぼしフィナンシャルグループ,japan,2026-07-27
7175.T,今村証券,japan,2026-07-27
7177.T,ＧＭＯフィナンシャルホールディングス,japan,2026-07-27
7180.T,九州フィナンシャルグループ,japan,2026-07-27
7181.T,かんぽ生命保険,japan,2026-07-27
7182.T,ゆうちょ銀行,japan,2026-07-27
7183.T,あんしん保証,japan,2026-07-27
7184.T,富山第一銀行,japan,2026-07-27
7185.T,ヒロセ通商,japan,2026-07-27
7186.T,横浜フィナンシャルグループ,japan,2026-07-27
7187.T,ジェイリース,japan,2026-07-27
7189.T,西日本フィナンシャルホールディングス,japan,2026-07-27
7191.T,イントラスト,japan,2026-07-27
7192.T,日本モーゲージサービス,japan,2026-07-27
7196.T,Ｃａｓａ,japan,2026-07-27
7198.T,ＳＢＩアルヒ,japan,2026-07-27
7199.T,プレミアグループ,japan,2026-07-27
7201.T,日産自動車,japan,2026-07-27
7202.T,いすゞ自動車,japan,2026-07-27
7203.T,トヨタ自動車,japan,2026-07-27
7208.T,カネミツ,japan,2026-07-27
7211.T,三菱自動車工業,japan,2026-07-27
7212.T,エフテック,japan,2026-07-27
7213.T,レシップホールディングス,japan,2026-07-27
7214.T,ＧＭＢ,japan,2026-07-27
7215.T,ファルテック,japan,2026-07-27
7217.T,テイン,japan,2026-07-14
7218.T,田中精密工業,japan,2026-07-27
7219.T,エッチ・ケー・エス,japan,2026-07-14
7220.T,武蔵精密工業,japan,2026-07-27
7222.T,日産車体,japan,2026-07-27
7224.T,新明和工業,japan,2026-07-27
7226.T,極東開発工業,japan,2026-07-27
7228.T,デイトナ,japan,2026-07-27
7231.T,トピー工業,japan,2026-07-27
7235.T,東京ラヂエーター製造,japan,2026-07-27
7236.T,ティラド,japan,2026-07-27
7238.T,曙ブレーキ工業,japan,2026-07-27
7239.T,タチエス,japan,2026-07-27
7240.T,ＮＯＫ,japan,2026-07-27
7241.T,フタバ産業,japan,2026-07-27
7242.T,カヤバ,japan,2026-07-27
7244.T,市光工業,japan,2026-07-27
7245.T,大同メタル工業,japan,2026-07-27
7246.T,プレス工業,japan,2026-07-27
7247.T,ミクニ,japan,2026-07-27
7254.T,ユニバンス,japan,2026-07-27
7255.T,桜井製作所,japan,2026-07-27
7256.T,河西工業,japan,2026-07-27
7259.T,アイシン,japan,2026-07-27
7261.T,マツダ,japan,2026-07-27
7264.T,ムロコーポレーション,japan,2026-07-27
7265.T,エイケン工業,japan,2026-07-27
7266.T,今仙電機製作所,japan,2026-07-27
7267.T,本田技研工業,japan,2026-07-27
7269.T,スズキ,japan,2026-07-27
7270.T,ＳＵＢＡＲＵ,japan,2026-07-27
7271.T,安永,japan,2026-07-27
7272.T,ヤマハ発動機,japan,2026-07-27
7273.T,イクヨ,japan,2026-07-27
7276.T,小糸製作所,japan,2026-07-27
7277.T,ＴＢＫ,japan,2026-07-27
7278.T,エクセディ,japan,2026-07-27
7279.T,ハイレックスコーポレーション,japan,2026-07-27
7280.T,ミツバ,japan,2026-07-27
7282.T,豊田合成,japan,2026-07-27
7283.T,愛三工業,japan,2026-07-27
7284.T,盟和産業,japan,2026-07-27
7287.T,日本精機,japan,2026-07-27
7291.T,日本プラスト,japan,2026-07-27
7292.T,村上開明堂,japan,2026-07-27
7294.T,ヨロズ,japan,2026-07-27
7296.T,エフ・シー・シー,japan,2026-07-27
7297.T,カーメイト,japan,2026-07-14
7299.T,フジオーゼックス,japan,2026-07-27
7305.T,新家工業,japan,2026-07-27
7309.T,シマノ,japan,2026-07-27
7313.T,テイ・エス　テック,japan,2026-07-27
7314.T,小田原機器,japan,2026-07-27
7322.T,三十三フィナンシャルグループ,japan,2026-07-27
7327.T,第四北越フィナンシャルグループ,japan,2026-07-27
7337.T,ひろぎんホールディングス,japan,2026-07-27
7347.T,マーキュリアホールディングス,japan,2026-07-27
7350.T,おきなわフィナンシャルグループ,japan,2026-07-27
7354.T,ダイレクトマーケティングミックス,japan,2026-07-27
7357.T,ジオコード,japan,2026-07-27
7358.T,ポピンズ,japan,2026-07-27
7366.T,ＬＩＴＡＬＩＣＯ,japan,2026-07-27
7367.T,セルム,japan,2026-07-27
7368.T,表示灯,japan,2026-07-27
7377.T,ＤＮホールディングス,japan,2026-07-27
7380.T,十六フィナンシャルグループ,japan,2026-07-27
7381.T,ＣＣＩグループ,japan,2026-07-27
7383.T,ネットプロテクションズホールディングス,japan,2026-07-27
7384.T,プロクレアホールディングス,japan,2026-07-27
7388.T,ＦＰパートナー,japan,2026-07-27
7389.T,あいちフィナンシャルグループ,japan,2026-07-27
7399.T,ナンシン,japan,2026-07-27
7412.T,アトム,japan,2026-07-27
7413.T,創健社,japan,2026-07-14
7414.T,小野建,japan,2026-07-27
7416.T,はるやまホールディングス,japan,2026-07-27
7417.T,南陽,japan,2026-07-27
7419.T,ノジマ,japan,2026-07-27
7421.T,カッパ・クリエイト,japan,2026-07-27
7422.T,東邦レマック,japan,2026-07-27
7425.T,初穂商事,japan,2026-07-27
7426.T,山大,japan,2026-07-27
7427.T,エコートレーディング,japan,2026-07-27
7433.T,伯東,japan,2026-07-27
7434.T,オータケ,japan,2026-07-27
7435.T,ナ・デックス,japan,2026-07-27
7438.T,コンドーテック,japan,2026-07-27
7442.T,中山福,japan,2026-07-27
7443.T,横浜魚類,japan,2026-07-27
7444.T,ハリマ共和物産,japan,2026-07-27
7446.T,東北化学薬品,japan,2026-07-14
7447.T,ナガイレーベン,japan,2026-07-27
7453.T,良品計画,japan,2026-07-27
7456.T,松田産業,japan,2026-07-27
7458.T,第一興商,japan,2026-07-27
7459.T,メディパルホールディングス,japan,2026-07-27
7460.T,ヤギ,japan,2026-07-27
7461.T,キムラ,japan,2026-07-14
7462.T,ＣＡＰＩＴＡ,japan,2026-07-27
7463.T,アドヴァングループ,japan,2026-07-27
7464.T,セフテック,japan,2026-07-14
7466.T,ＳＰＫ,japan,2026-07-27
7472.T,鳥羽洋行,japan,2026-07-27
7475.T,アルビス,japan,2026-07-27
7476.T,アズワン,japan,2026-07-27
7477.T,ムラキ,japan,2026-07-27
7480.T,スズデン,japan,2026-07-27
7481.T,尾家産業,japan,2026-07-27
7482.T,シモジマ,japan,2026-07-27
7483.T,ドウシシャ,japan,2026-07-27
7486.T,サンリン,japan,2026-07-14
7487.T,小津産業,japan,2026-07-27
7490.T,日新商事,japan,2026-07-27
7494.T,コナカ,japan,2026-07-27
7500.T,西川計測,japan,2026-07-27
7501.T,ティムコ,japan,2026-07-27
7502.T,プラザホールディングス,japan,2026-07-14
7504.T,高速,japan,2026-07-27
7505.T,扶桑電通,japan,2026-07-27
7506.T,ハウス　オブ　ローゼ,japan,2026-07-27
7508.T,Ｇ‐７ホールディングス,japan,2026-07-27
7509.T,アイエーグループ,japan,2026-07-14
7510.T,たけびし,japan,2026-07-27
7512.T,イオン北海道,japan,2026-07-27
7513.T,コジマ,japan,2026-07-27
7514.T,ヒマラヤ,japan,2026-07-27
7515.T,マルヨシセンター,japan,2026-07-14
7516.T,コーナン商事,japan,2026-07-27
7520.T,エコス,japan,2026-07-27
7521.T,ムサシ,japan,2026-07-27
7522.T,ワタミ,japan,2026-07-27
7523.T,アールビバン,japan,2026-07-27
7524.T,マルシェ,japan,2026-07-27
7525.T,リックス,japan,2026-07-27
7527.T,システムソフト,japan,2026-07-27
7531.T,清和中央ホールディングス,japan,2026-07-14
7532.T,パン・パシフィック・インターナショナルホールディングス,japan,2026-07-27
7537.T,丸文,japan,2026-07-27
7538.T,大水,japan,2026-07-27
7539.T,アイナボホールディングス,japan,2026-07-27
7544.T,スリーエフ,japan,2026-07-27
7545.T,西松屋チェーン,japan,2026-07-27
7550.T,ゼンショーホールディングス,japan,2026-07-27
7551.T,ウェッズ,japan,2026-07-27
7552.T,ハピネット,japan,2026-07-27
7554.T,幸楽苑,japan,2026-07-27
7555.T,大田花き,japan,2026-07-14
7561.T,ハークスレイ,japan,2026-07-27
7562.T,安楽亭,japan,2026-07-27
7564.T,ワークマン,japan,2026-07-27
7565.T,萬世電機,japan,2026-07-14
7567.T,栄電子,japan,2026-07-27
7570.T,橋本総業ホールディングス,japan,2026-07-27
7571.T,ヤマノホールディングス,japan,2026-07-27
7575.T,日本ライフライン,japan,2026-07-27
7578.T,ニチリョク,japan,2026-07-27
7581.T,サイゼリヤ,japan,2026-07-27
7585.T,かんなん丸,japan,2026-07-27
7590.T,タカショー,japan,2026-07-27
7593.T,ＶＴホールディングス,japan,2026-07-27
7595.T,アルゴグラフィックス,japan,2026-07-27
7596.T,魚力,japan,2026-07-27
7599.T,ＩＤＯＭ,japan,2026-07-27
7600.T,日本エム・ディ・エム,japan,2026-07-27
7601.T,ポプラ,japan,2026-07-27
7602.T,レダックス,japan,2026-07-27
7603.T,ジーイエット,japan,2026-07-27
7604.T,梅の花グループ,japan,2026-07-27
7606.T,ユナイテッドアローズ,japan,2026-07-27
7607.T,進和,japan,2026-07-27
7608.T,エスケイジャパン,japan,2026-07-27
7609.T,ダイトロン,japan,2026-07-27
7610.T,テイツー,japan,2026-07-27
7611.T,ハイデイ日高,japan,2026-07-27
7613.T,シークス,japan,2026-07-27
7614.T,オーエムツーネットワーク,japan,2026-07-27
7615.T,京都きもの友禅ホールディングス,japan,2026-07-27
7616.T,コロワイド,japan,2026-07-27
7619.T,田中商事,japan,2026-07-27
7621.T,うかい,japan,2026-07-27
7624.T,ＮａＩＴＯ,japan,2026-07-27
7625.T,グローバルダイニング,japan,2026-07-27
7628.T,オーハシテクニカ,japan,2026-07-27
7630.T,壱番屋,japan,2026-07-27
7634.T,星医療酸器,japan,2026-07-27
7636.T,ハンズマン,japan,2026-07-27
7637.T,白銅,japan,2026-07-27
7638.T,ＮＥＷ　ＡＲＴ　ＨＯＬＤＩＮＧＳ,japan,2026-07-27
7640.T,トップカルチャー,japan,2026-07-27
7643.T,ダイイチ,japan,2026-07-27
7646.T,ＰＬＡＮＴ,japan,2026-07-27
7649.T,スギホールディングス,japan,2026-07-27
7670.T,オーウエル,japan,2026-07-27
7673.T,ダイコー通産,japan,2026-07-27
7677.T,ヤシマキザイ,japan,2026-07-14
7678.T,あさくま,japan,2026-07-27
7679.T,薬王堂ホールディングス,japan,2026-07-27
7681.T,レオクラン,japan,2026-07-14
7682.T,浜木綿,japan,2026-07-27
7683.T,ダブルエー,japan,2026-07-27
7686.T,ひとまいる,japan,2026-07-27
7692.T,アースインフィニティ,japan,2026-07-27
7698.T,アイスコ,japan,2026-07-27
7701.T,島津製作所,japan,2026-07-27
7702.T,ＪＭＳ,japan,2026-07-27
7709.T,クボテック,japan,2026-07-27
7711.T,助川電気工業,japan,2026-07-27
7713.T,シグマ光機,japan,2026-07-27
7715.T,長野計器,japan,2026-07-27
7716.T,ナカニシ,japan,2026-07-27
7717.T,ブイ・テクノロジー,japan,2026-07-27
7719.T,東京衡機,japan,2026-07-27
7721.T,東京計器,japan,2026-07-27
7722.T,国際計測器,japan,2026-07-27
7723.T,愛知時計電機,japan,2026-07-27
7725.T,インターアクション,japan,2026-07-27
7726.T,黒田精工,japan,2026-07-27
7727.T,オーバル,japan,2026-07-27
7729.T,東京精密,japan,2026-07-27
7730.T,マニー,japan,2026-07-27
7731.T,ニコン,japan,2026-07-27
7733.T,オリンパス,japan,2026-07-27
7734.T,理研計器,japan,2026-07-27
7735.T,ＳＣＲＥＥＮホールディングス,japan,2026-07-27
7740.T,タムロン,japan,2026-07-27
7741.T,ＨＯＹＡ,japan,2026-07-27
7743.T,シード,japan,2026-07-27
7744.T,ノーリツ鋼機,japan,2026-07-27
7745.T,Ａ＆Ｄホロンホールディングス,japan,2026-07-27
7746.T,岡本硝子,japan,2026-07-27
7747.T,朝日インテック,japan,2026-07-27
7749.T,メディキット,japan,2026-07-27
7751.T,キヤノン,japan,2026-07-27
7752.T,リコー,japan,2026-07-27
7760.T,ＩＭＶ,japan,2026-07-27
7762.T,シチズン時計,japan,2026-07-27
7769.T,リズム,japan,2026-07-27
7771.T,日本精密,japan,2026-07-27
7775.T,大研医器,japan,2026-07-27
7780.T,メニコン,japan,2026-07-27
7781.T,平山ホールディングス,japan,2026-07-27
7782.T,シンシア,japan,2026-07-27
7791.T,ドリームベッド,japan,2026-07-27
7795.T,ＫＹＯＲＩＴＳＵ,japan,2026-07-27
7800.T,アミファ,japan,2026-07-27
7804.T,ビーアンドピー,japan,2026-07-27
7805.T,プリントネット,japan,2026-07-27
7807.T,幸和製作所,japan,2026-07-27
7808.T,シー・エス・ランバー,japan,2026-07-27
7809.T,壽屋,japan,2026-07-27
7810.T,クロスフォー,japan,2026-07-27
7811.T,中本パックス,japan,2026-07-27
7812.T,クレステック,japan,2026-07-27
7813.T,プラッツ,japan,2026-07-27
7814.T,日本創発グループ,japan,2026-07-27
7815.T,東京ボード工業,japan,2026-07-14
7818.T,トランザクション,japan,2026-07-27
7819.T,粧美堂,japan,2026-07-27
7820.T,ニホンフラッシュ,japan,2026-07-27
7821.T,前田工繊,japan,2026-07-27
7822.T,永大産業,japan,2026-07-27
7823.T,アートネイチャー,japan,2026-07-27
7826.T,フルヤ金属,japan,2026-07-27
7827.T,オービス,japan,2026-07-27
7831.T,ウイルコホールディングス,japan,2026-07-27
7832.T,バンダイナムコホールディングス,japan,2026-07-27
7833.T,アイフィスジャパン,japan,2026-07-27
7836.T,アビックス,japan,2026-07-27
7837.T,アールシーコア,japan,2026-07-27
7839.T,ＳＨＯＥＩ,japan,2026-07-27
7840.T,フランスベッドホールディングス,japan,2026-07-27
7841.T,遠藤製作所,japan,2026-07-27
7844.T,マーベラス,japan,2026-07-27
7846.T,パイロットコーポレーション,japan,2026-07-27
7847.T,グラファイトデザイン,japan,2026-07-27
7849.T,スターツ出版,japan,2026-07-27
7850.T,総合商研,japan,2026-07-14
7851.T,カワセコンピュータサプライ,japan,2026-07-20
7856.T,萩原工業,japan,2026-07-27
7857.T,セキ,japan,2026-07-14
7859.T,アルメディオ,japan,2026-07-27
7860.T,エイベックス,japan,2026-07-27
7863.T,平賀,japan,2026-07-14
7864.T,フジシールインターナショナル,japan,2026-07-27
7865.T,ピープル,japan,2026-07-14
7867.T,タカラトミー,japan,2026-07-27
7868.T,広済堂ホールディングス,japan,2026-07-27
7871.T,フクビ化学工業,japan,2026-07-27
7872.T,エステールホールディングス,japan,2026-07-27
7874.T,レック,japan,2026-07-27
7875.T,竹田ｉＰホールディングス,japan,2026-07-27
7877.T,永大化工,japan,2026-07-27
7878.T,光・彩,japan,2026-07-27
7879.T,ノダ,japan,2026-07-27
7883.T,サンメッセ,japan,2026-07-27
7885.T,タカノ,japan,2026-07-27
7886.T,ヤマト　モビリティ　＆　Ｍｆｇ．,japan,2026-07-27
7887.T,南海プライウッド,japan,2026-07-27
7888.T,三光合成,japan,2026-07-27
7893.T,プロネクサス,japan,2026-07-27
7896.T,セブン工業,japan,2026-07-14
7897.T,ホクシン,japan,2026-07-27
7898.T,ウッドワン,japan,2026-07-27
7901.T,マツモト,japan,2026-07-27
7902.T,ソノコム,japan,2026-07-14
7906.T,ヨネックス,japan,2026-07-27
7908.T,きもと,japan,2026-07-27
7911.T,ＴＯＰＰＡＮホールディングス,japan,2026-07-27
7912.T,大日本印刷,japan,2026-07-27
7914.T,共同印刷,japan,2026-07-27
7915.T,ＮＩＳＳＨＡ,japan,2026-07-27
7916.T,光村印刷,japan,2026-07-27
7917.T,ＺＡＣＲＯＳ,japan,2026-07-27
7918.T,ヴィア・ホールディングス,japan,2026-07-27
7919.T,野崎印刷紙業,japan,2026-07-27
7921.T,ＴＡＫＡＲＡ　＆　ＣＯＭＰＡＮＹ,japan,2026-07-27
7927.T,ムトー精工,japan,2026-07-27
7928.T,旭化学工業,japan,2026-07-27
7931.T,未来工業,japan,2026-07-27
7932.T,ニッピ,japan,2026-07-27
7936.T,アシックス,japan,2026-07-27
7937.T,ツツミ,japan,2026-07-27
7938.T,リーガルコーポレーション,japan,2026-07-27
7939.T,研創,japan,2026-07-14
7940.T,ウェーブロックホールディングス,japan,2026-07-27
7942.T,ＪＳＰ,japan,2026-07-27
7943.T,ニチハ,japan,2026-07-27
7944.T,ローランド,japan,2026-07-27
7946.T,光陽社,japan,2026-07-27
7947.T,エフピコ,japan,2026-07-27
7949.T,小松ウオール工業,japan,2026-07-27
7951.T,ヤマハ,japan,2026-07-27
7952.T,河合楽器製作所,japan,2026-07-27
7953.T,菊水化学工業,japan,2026-07-27
7955.T,クリナップ,japan,2026-07-27
7956.T,ピジョン,japan,2026-07-27
7957.T,フジコピアン,japan,2026-07-14
7962.T,キングジム,japan,2026-07-27
7963.T,興研,japan,2026-07-27
7965.T,象印マホービン,japan,2026-07-27
7966.T,リンテック,japan,2026-07-27
7970.T,信越ポリマー,japan,2026-07-27
7971.T,東リ,japan,2026-07-27
7972.T,イトーキ,japan,2026-07-27
7974.T,任天堂,japan,2026-07-27
7975.T,リヒトラブ,japan,2026-07-27
7976.T,三菱鉛筆,japan,2026-07-27
7979.T,松風,japan,2026-07-27
7980.T,重松製作所,japan,2026-07-27
7981.T,タカラスタンダード,japan,2026-07-27
7983.T,ミロク,japan,2026-07-27
7984.T,コクヨ,japan,2026-07-27
7986.T,日本アイ・エス・ケイ,japan,2026-07-27
7987.T,ナカバヤシ,japan,2026-07-27
7988.T,ニフコ,japan,2026-07-27
7989.T,立川ブラインド工業,japan,2026-07-27
7990.T,グローブライド,japan,2026-07-27
7991.T,マミヤ・オーピー,japan,2026-07-27
7992.T,セーラー万年筆,japan,2026-07-27
7994.T,オカムラ,japan,2026-07-27
7995.T,バルカー,japan,2026-07-27
7997.T,くろがね工作所,japan,2026-07-27
8001.T,伊藤忠商事,japan,2026-07-27
8002.T,丸紅,japan,2026-07-27
8005.T,スクロール,japan,2026-07-27
8006.T,ユアサ・フナショク,japan,2026-07-27
8007.T,高島,japan,2026-07-27
8008.T,ヨンドシーホールディングス,japan,2026-07-27
8011.T,三陽商会,japan,2026-07-27
8012.T,長瀬産業,japan,2026-07-27
8013.T,ナイガイ,japan,2026-07-27
8014.T,蝶理,japan,2026-07-27
8015.T,豊田通商,japan,2026-07-27
8016.T,オンワードホールディングス,japan,2026-07-27
8018.T,三共生興,japan,2026-07-27
8020.T,兼松,japan,2026-07-27
8022.T,美津濃,japan,2026-07-27
8023.T,ＤＡＩＫＯ　ＸＴＥＣＨ,japan,2026-07-27
8025.T,ツカモトコーポレーション,japan,2026-07-14
8029.T,ルックホールディングス,japan,2026-07-27
8030.T,中央魚類,japan,2026-07-27
8031.T,三井物産,japan,2026-07-27
8032.T,日本紙パルプ商事,japan,2026-07-27
8035.T,東京エレクトロン,japan,2026-07-27
8037.T,カメイ,japan,2026-07-27
8039.T,築地魚市場,japan,2026-07-27
8040.T,東京ソワール,japan,2026-07-27
8041.T,ＯＵＧホールディングス,japan,2026-07-27
8043.T,スターゼン,japan,2026-07-27
8045.T,横浜丸魚,japan,2026-07-14
8046.T,丸藤シートパイル,japan,2026-07-27
8050.T,セイコーグループ,japan,2026-07-27
8051.T,山善,japan,2026-07-27
8052.T,椿本興業,japan,2026-07-27
8053.T,住友商事,japan,2026-07-27
8056.T,ＢＩＰＲＯＧＹ,japan,2026-07-27
8057.T,内田洋行,japan,2026-07-27
8058.T,三菱商事,japan,2026-07-27
8059.T,第一実業,japan,2026-07-27
8060.T,キヤノンマーケティングジャパン,japan,2026-07-27
8061.T,西華産業,japan,2026-07-27
8065.T,佐藤商事,japan,2026-07-27
8066.T,三谷商事,japan,2026-07-27
8070.T,東京産業,japan,2026-07-27
8074.T,ＹＵＡＳＡ,japan,2026-07-27
8075.T,神鋼商事,japan,2026-07-27
8076.T,カノークス,japan,2026-07-27
8077.T,トルク,japan,2026-07-27
8078.T,阪和興業,japan,2026-07-27
8079.T,正栄食品工業,japan,2026-07-27
8081.T,カナデン,japan,2026-07-27
8084.T,ＲＹＯＤＥＮ,japan,2026-07-27
8085.T,ナラサキ産業,japan,2026-07-27
8086.T,ニプロ,japan,2026-07-27
8088.T,岩谷産業,japan,2026-07-27
8089.T,ナイス,japan,2026-07-27
8091.T,ニチモウ,japan,2026-07-27
8093.T,極東貿易,japan,2026-07-27
8095.T,アステナホールディングス,japan,2026-07-27
8097.T,三愛オブリ,japan,2026-07-27
8098.T,稲畑産業,japan,2026-07-27
8101.T,ＧＳＩクレオス,japan,2026-07-27
8103.T,明和産業,japan,2026-07-27
8104.T,クワザワホールディングス,japan,2026-07-27
8105.T,Ｂｉｔｃｏｉｎ　Ｊａｐａｎ,japan,2026-07-27
8107.T,キムラタン,japan,2026-07-27
8111.T,ゴールドウイン,japan,2026-07-27
8113.T,ユニ・チャーム,japan,2026-07-27
8115.T,ムーンバット,japan,2026-07-27
8117.T,中央自動車工業,japan,2026-07-27
8118.T,キング,japan,2026-07-27
8119.T,三栄コーポレーション,japan,2026-07-27
8123.T,川辺,japan,2026-07-14
8125.T,ワキタ,japan,2026-07-27
8127.T,ヤマトインターナショナル,japan,2026-07-27
8129.T,東邦ホールディングス,japan,2026-07-27
8130.T,サンゲツ,japan,2026-07-27
8131.T,ミツウロコグループホールディングス,japan,2026-07-27
8132.T,シナネンホールディングス,japan,2026-07-27
8133.T,伊藤忠エネクス,japan,2026-07-27
8135.T,ゼット,japan,2026-07-27
8136.T,サンリオ,japan,2026-07-27
8137.T,サンワテクノス,japan,2026-07-27
8138.T,三京化成,japan,2026-07-14
8139.T,ナガホリ,japan,2026-07-27
8141.T,新光商事,japan,2026-07-27
8142.T,トーホー,japan,2026-07-27
8143.T,ラピーヌ,japan,2026-07-27
8144.T,デンキョーグループホールディングス,japan,2026-07-27
8147.T,トミタ,japan,2026-07-27
8150.T,三信電気,japan,2026-07-27
8151.T,東陽テクニカ,japan,2026-07-27
8152.T,ソマール,japan,2026-07-27
8153.T,モスフードサービス,japan,2026-07-27
8154.T,加賀電子,japan,2026-07-27
8157.T,都築電気,japan,2026-07-27
8158.T,ソーダニッカ,japan,2026-07-27
8159.T,立花エレテック,japan,2026-07-27
8160.T,木曽路,japan,2026-07-27
8163.T,ＳＲＳホールディングス,japan,2026-07-27
8165.T,千趣会,japan,2026-07-27
8166.T,タカキュー,japan,2026-07-27
8167.T,リテールパートナーズ,japan,2026-07-27
8173.T,Ｊｏｓｈｉｎ,japan,2026-07-27
8174.T,日本瓦斯,japan,2026-07-27
8179.T,ロイヤルホールディングス,japan,2026-07-27
8181.T,東天紅,japan,2026-07-27
8185.T,チヨダ,japan,2026-07-27
8194.T,ライフコーポレーション,japan,2026-07-27
8198.T,マックスバリュ東海,japan,2026-07-27
8200.T,リンガーハット,japan,2026-07-27
8202.T,ラオックスホールディングス,japan,2026-07-27
8203.T,ＭｒＭａｘＨＤ,japan,2026-07-27
8207.T,テンアライド,japan,2026-07-27
8214.T,ＡＯＫＩホールディングス,japan,2026-07-27
8217.T,オークワ,japan,2026-07-27
8218.T,コメリ,japan,2026-07-27
8219.T,青山商事,japan,2026-07-27
8225.T,タカチホ,japan,2026-07-14
8226.T,理経,japan,2026-07-27
8227.T,しまむら,japan,2026-07-27
8230.T,はせがわ,japan,2026-07-27
8233.T,高島屋,japan,2026-07-27
8237.T,松屋,japan,2026-07-27
8242.T,エイチ・ツー・オー　リテイリング,japan,2026-07-27
8244.T,近鉄百貨店,japan,2026-07-27
8247.T,大和,japan,2026-07-27
8252.T,丸井グループ,japan,2026-07-27
8253.T,クレディセゾン,japan,2026-07-27
8254.T,さいか屋,japan,2026-07-27
8255.T,アクシアル　リテイリング,japan,2026-07-27
8260.T,井筒屋,japan,2026-07-27
8267.T,イオン,japan,2026-07-27
8273.T,イズミ,japan,2026-07-27
8275.T,フォーバル,japan,2026-07-27
8276.T,平和堂,japan,2026-07-27
8278.T,フジ,japan,2026-07-27
8281.T,ゼビオホールディングス,japan,2026-07-27
8282.T,ケーズホールディングス,japan,2026-07-27
8283.T,ＰＡＬＴＡＣ,japan,2026-07-27
8285.T,三谷産業,japan,2026-07-27
8291.T,日産東京販売ホールディングス,japan,2026-07-27
8303.T,ＳＢＩ新生銀行,japan,2026-07-27
8304.T,あおぞら銀行,japan,2026-07-27
8306.T,三菱ＵＦＪフィナンシャル・グループ,japan,2026-07-27
8308.T,りそなホールディングス,japan,2026-07-27
8309.T,三井住友トラストグループ,japan,2026-07-27
8316.T,三井住友フィナンシャルグループ,japan,2026-07-27
8331.T,千葉銀行,japan,2026-07-27
8334.T,群馬銀行,japan,2026-07-27
8336.T,武蔵野銀行,japan,2026-07-27
8337.T,千葉興業銀行,japan,2026-07-27
8338.T,筑波銀行,japan,2026-07-27
8341.T,七十七銀行,japan,2026-07-27
8343.T,秋田銀行,japan,2026-07-27
8344.T,山形銀行,japan,2026-07-27
8345.T,岩手銀行,japan,2026-07-27
8346.T,東邦銀行,japan,2026-07-27
8349.T,東北銀行,japan,2026-07-27
8354.T,ふくおかフィナンシャルグループ,japan,2026-07-27
8358.T,スルガ銀行,japan,2026-07-27
8359.T,八十二長野銀行,japan,2026-07-27
8360.T,山梨中央銀行,japan,2026-07-27
8361.T,大垣共立銀行,japan,2026-07-27
8362.T,福井銀行,japan,2026-07-27
8364.T,清水銀行,japan,2026-07-27
8365.T,富山銀行,japan,2026-07-27
8366.T,滋賀銀行,japan,2026-07-27
8367.T,南都銀行,japan,2026-07-27
8368.T,百五銀行,japan,2026-07-27
8370.T,紀陽銀行,japan,2026-07-27
8377.T,ほくほくフィナンシャルグループ,japan,2026-07-27
8381.T,山陰合同銀行,japan,2026-07-27
8383.T,鳥取銀行,japan,2026-07-27
8386.T,百十四銀行,japan,2026-07-27
8387.T,四国銀行,japan,2026-07-27
8388.T,阿波銀行,japan,2026-07-27
8392.T,大分銀行,japan,2026-07-27
8393.T,宮崎銀行,japan,2026-07-27
8395.T,佐賀銀行,japan,2026-07-27
8399.T,琉球銀行,japan,2026-07-27
8410.T,セブン銀行,japan,2026-07-27
8411.T,みずほフィナンシャルグループ,japan,2026-07-27
8416.T,高知銀行,japan,2026-07-27
8418.T,山口フィナンシャルグループ,japan,2026-07-27
8424.T,芙蓉総合リース,japan,2026-07-27
8425.T,みずほリース,japan,2026-07-27
8439.T,東京センチュリー,japan,2026-07-27
8473.T,ＳＢＩホールディングス,japan,2026-07-27
8508.T,Ｊトラスト,japan,2026-07-27
8511.T,日本証券金融,japan,2026-07-27
8518.T,日本アジア投資,japan,2026-07-27
8522.T,名古屋銀行,japan,2026-07-27
8524.T,北洋銀行,japan,2026-07-27
8537.T,大光銀行,japan,2026-07-27
8541.T,愛媛銀行,japan,2026-07-27
8542.T,トマト銀行,japan,2026-07-27
8544.T,京葉銀行,japan,2026-07-27
8550.T,栃木銀行,japan,2026-07-27
8551.T,北日本銀行,japan,2026-07-27
8558.T,東和銀行,japan,2026-07-27
8562.T,福島銀行,japan,2026-07-27
8563.T,大東銀行,japan,2026-07-27
8566.T,リコーリース,japan,2026-07-27
8570.T,イオンフィナンシャルサービス,japan,2026-07-27
8572.T,アコム,japan,2026-07-27
8584.T,ジャックス,japan,2026-07-27
8585.T,オリエントコーポレーション,japan,2026-07-27
8591.T,オリックス,japan,2026-07-27
8593.T,三菱ＨＣキャピタル,japan,2026-07-27
8595.T,ジャフコ　グループ,japan,2026-07-27
8596.T,九州リースサービス,japan,2026-07-27
8600.T,トモニホールディングス,japan,2026-07-27
8601.T,大和証券グループ本社,japan,2026-07-27
8604.T,野村ホールディングス,japan,2026-07-27
8609.T,岡三証券グループ,japan,2026-07-27
8613.T,丸三証券,japan,2026-07-27
8614.T,東洋証券,japan,2026-07-27
8616.T,東海東京フィナンシャル・ホールディングス,japan,2026-07-27
8617.T,光世証券,japan,2026-07-27
8622.T,水戸証券,japan,2026-07-27
8624.T,いちよし証券,japan,2026-07-27
8628.T,松井証券,japan,2026-07-27
8630.T,ＳＯＭＰＯホールディングス,japan,2026-07-27
8697.T,日本取引所グループ,japan,2026-07-27
8698.T,マネックスグループ,japan,2026-07-27
8699.T,ＨＳホールディングス,japan,2026-07-27
8700.T,丸八証券,japan,2026-07-27
8704.T,トレイダーズホールディングス,japan,2026-07-27
8705.T,日産証券グループ,japan,2026-07-27
8706.T,極東証券,japan,2026-07-27
8707.T,岩井コスモホールディングス,japan,2026-07-27
8708.T,アイザワ証券グループ,japan,2026-07-27
8713.T,フィデアホールディングス,japan,2026-07-27
8714.T,池田泉州ホールディングス,japan,2026-07-27
8715.T,アニコム　ホールディングス,japan,2026-07-27
8725.T,ＭＳ＆ＡＤインシュアランスグループホールディングス,japan,2026-07-27
8729.T,ソニーフィナンシャルグループ,japan,2026-07-27
8737.T,あかつき本社,japan,2026-07-27
8739.T,スパークス・グループ,japan,2026-07-27
8742.T,小林洋行,japan,2026-07-27
8746.T,ｕｎｂａｎｋｅｄ,japan,2026-07-27
8747.T,豊トラスティ証券,japan,2026-07-27
8750.T,第一ライフグループ,japan,2026-07-27
8766.T,東京海上ホールディングス,japan,2026-07-27
8769.T,アドバンテッジリスクマネジメント,japan,2026-07-27
8771.T,イー・ギャランティ,japan,2026-07-27
8772.T,アサックス,japan,2026-07-27
8783.T,ａｂｃ,japan,2026-07-27
8789.T,フィンテック　グローバル,japan,2026-07-27
8793.T,ＮＥＣキャピタルソリューション,japan,2026-07-27
8795.T,Ｔ＆Ｄホールディングス,japan,2026-07-27
8798.T,アドバンスクリエイト,japan,2026-07-27
8801.T,三井不動産,japan,2026-07-27
8802.T,三菱地所,japan,2026-07-27
8803.T,平和不動産,japan,2026-07-27
8804.T,東京建物,japan,2026-07-27
8818.T,京阪神ビルディング,japan,2026-07-27
8830.T,住友不動産,japan,2026-07-27
8835.T,太平洋興発,japan,2026-07-27
8836.T,ＲＩＳＥ,japan,2026-07-27
8841.T,テーオーシー,japan,2026-07-27
8844.T,コスモスイニシア,japan,2026-07-27
8848.T,レオパレス２１,japan,2026-07-27
8850.T,スターツコーポレーション,japan,2026-07-27
8860.T,フジ住宅,japan,2026-07-27
8864.T,空港施設,japan,2026-07-27
8869.T,明和地所,japan,2026-07-27
8871.T,ゴールドクレスト,japan,2026-07-27
8876.T,リログループ,japan,2026-07-27
8877.T,エスリード,japan,2026-07-27
8881.T,日神グループホールディングス,japan,2026-07-27
8887.T,シーラホールディングス,japan,2026-07-27
8891.T,ＡＭＧホールディングス,japan,2026-07-27
8892.T,エスコン,japan,2026-07-27
8894.T,ＲＥＶＯＬＵＴＩＯＮ,japan,2026-07-27
8897.T,ＭＩＲＡＲＴＨホールディングス,japan,2026-07-27
8898.T,センチュリー２１・ジャパン,japan,2026-07-27
8904.T,ＡＶＡＮＴＩＡ,japan,2026-07-27
8908.T,毎日コムネット,japan,2026-07-27
8912.T,エリアクエスト,japan,2026-07-27
8914.T,エリアリンク,japan,2026-07-27
8917.T,ファースト住建,japan,2026-07-27
8918.T,ランド,japan,2026-07-27
8919.T,カチタス,japan,2026-07-27
8920.T,東祥,japan,2026-07-27
8923.T,トーセイ,japan,2026-07-27
8927.T,明豊エンタープライズ,japan,2026-07-27
8928.T,穴吹興産,japan,2026-07-27
8929.T,青山財産ネットワークス,japan,2026-07-27
8931.T,和田興産,japan,2026-07-27
8934.T,サンフロンティア不動産,japan,2026-07-27
8935.T,ＦＪネクストホールディングス,japan,2026-07-27
8944.T,ランドビジネス,japan,2026-07-27
8945.T,サンネクスタグループ,japan,2026-07-27
8946.T,ＡＳＩＡＮ　ＳＴＡＲ,japan,2026-07-27
8995.T,誠建設工業,japan,2026-07-27
8996.T,ハウスフリーダム,japan,2026-07-27
8999.T,グランディハウス,japan,2026-07-27
9001.T,東武鉄道,japan,2026-07-27
9003.T,相鉄ホールディングス,japan,2026-07-27
9005.T,東急,japan,2026-07-27
9006.T,京浜急行電鉄,japan,2026-07-27
9007.T,小田急電鉄,japan,2026-07-27
9008.T,京王電鉄,japan,2026-07-27
9009.T,京成電鉄,japan,2026-07-27
9010.T,富士急行,japan,2026-07-27
9012.T,秩父鉄道,japan,2026-07-14
9017.T,新潟交通,japan,2026-07-14
9020.T,東日本旅客鉄道,japan,2026-07-27
9021.T,西日本旅客鉄道,japan,2026-07-27
9022.T,東海旅客鉄道,japan,2026-07-27
9023.T,東京地下鉄,japan,2026-07-27
9024.T,西武ホールディングス,japan,2026-07-27
9025.T,鴻池運輸,japan,2026-07-27
9028.T,ゼロ,japan,2026-07-27
9029.T,ヒガシホールディングス,japan,2026-07-27
9031.T,西日本鉄道,japan,2026-07-27
9033.T,広島電鉄,japan,2026-07-27
9034.T,南総通運,japan,2026-07-27
9036.T,東部ネットワーク,japan,2026-07-27
9037.T,ハマキョウレックス,japan,2026-07-27
9039.T,サカイ引越センター,japan,2026-07-27
9041.T,近鉄グループホールディングス,japan,2026-07-27
9042.T,阪急阪神ホールディングス,japan,2026-07-27
9044.T,ＮＡＮＫＡＩ,japan,2026-07-27
9045.T,京阪ホールディングス,japan,2026-07-27
9046.T,神戸電鉄,japan,2026-07-27
9048.T,名古屋鉄道,japan,2026-07-27
9049.T,京福電気鉄道,japan,2026-07-14
9051.T,センコン物流,japan,2026-07-27
9052.T,山陽電気鉄道,japan,2026-07-27
9057.T,遠州トラック,japan,2026-07-27
9059.T,カンダホールディングス,japan,2026-07-27
9060.T,日本ロジテム,japan,2026-07-27
9063.T,岡山県貨物運送,japan,2026-07-27
9064.T,ヤマトホールディングス,japan,2026-07-27
9065.T,山九,japan,2026-07-27
9068.T,丸全昭和運輸,japan,2026-07-27
9069.T,センコーグループホールディングス,japan,2026-07-27
9072.T,ニッコンホールディングス,japan,2026-07-27
9073.T,京極運輸商事,japan,2026-07-14
9074.T,日本石油輸送,japan,2026-07-27
9075.T,福山通運,japan,2026-07-27
9076.T,セイノーホールディングス,japan,2026-07-27
9081.T,神奈川中央交通,japan,2026-07-27
9082.T,大和自動車交通,japan,2026-07-27
9083.T,神姫バス,japan,2026-07-27
9087.T,タカセ,japan,2026-07-14
9090.T,ＡＺ－ＣＯＭ丸和ホールディングス,japan,2026-07-27
9101.T,日本郵船,japan,2026-07-27
9104.T,商船三井,japan,2026-07-27
9107.T,川崎汽船,japan,2026-07-27
9110.T,ＮＳユナイテッド海運,japan,2026-07-27
9115.T,明海グループ,japan,2026-07-27
9119.T,飯野海運,japan,2026-07-27
9127.T,玉井商船,japan,2026-07-27
9130.T,共栄タンカー,japan,2026-07-27
9142.T,九州旅客鉄道,japan,2026-07-27
9143.T,ＳＧホールディングス,japan,2026-07-27
9145.T,ビーイングホールディングス,japan,2026-07-27
9147.T,ＮＩＰＰＯＮ　ＥＸＰＲＥＳＳホールディングス,japan,2026-07-27
9160.T,オンザページ,japan,2026-07-27
9171.T,栗林商船,japan,2026-07-27
9173.T,東海汽船,japan,2026-07-27
9193.T,東京汽船,japan,2026-07-27
9201.T,日本航空,japan,2026-07-27
9202.T,ＡＮＡホールディングス,japan,2026-07-27
9206.T,スターフライヤー,japan,2026-07-27
9213.T,セイファート,japan,2026-07-27
9216.T,ビーウィズ,japan,2026-07-27
9220.T,エフビー介護サービス,japan,2026-07-27
9221.T,フルハシＥＰＯ,japan,2026-07-27
9229.T,サンウェルズ,japan,2026-07-27
9233.T,アジア航測,japan,2026-07-27
9247.T,ＴＲＥホールディングス,japan,2026-07-27
9248.T,人・夢・技術グループ,japan,2026-07-27
9249.T,日本エコシステム,japan,2026-07-27
9262.T,シルバーライフ,japan,2026-07-27
9264.T,ポエック,japan,2026-07-27
9265.T,ヤマシタヘルスケアホールディングス,japan,2026-07-27
9267.T,Ｇｅｎｋｙ　ＤｒｕｇＳｔｏｒｅｓ,japan,2026-07-27
9268.T,オプティマスグループ,japan,2026-07-27
9273.T,コーア商事ホールディングス,japan,2026-07-27
9274.T,ＫＰＰグループホールディングス,japan,2026-07-27
9278.T,ブックオフグループホールディングス,japan,2026-07-27
9279.T,ギフトホールディングス,japan,2026-07-27
9301.T,三菱倉庫,japan,2026-07-27
9302.T,三井倉庫ホールディングス,japan,2026-07-27
9303.T,住友倉庫,japan,2026-07-27
9304.T,澁澤倉庫,japan,2026-07-27
9305.T,ヤマタネ,japan,2026-07-27
9306.T,東陽倉庫,japan,2026-07-27
9307.T,杉村倉庫,japan,2026-07-27
9308.T,乾汽船,japan,2026-07-27
9310.T,日本トランスシティ,japan,2026-07-27
9311.T,アサガミ,japan,2026-07-27
9312.T,ケイヒン,japan,2026-07-27
9313.T,丸八倉庫,japan,2026-07-14
9319.T,中央倉庫,japan,2026-07-27
9322.T,川西倉庫,japan,2026-07-27
9324.T,安田倉庫,japan,2026-07-27
9325.T,ファイズホールディングス,japan,2026-07-27
9327.T,イー・ロジット,japan,2026-07-27
9332.T,ＮＩＳＳＯホールディングス,japan,2026-07-27
9336.T,大栄環境,japan,2026-07-27
9339.T,コーチ・エィ,japan,2026-07-27
9340.T,アソインターナショナル,japan,2026-07-27
9341.T,ＧＥＮＯＶＡ,japan,2026-07-27
9347.T,日本管財ホールディングス,japan,2026-07-27
9351.T,東洋埠頭,japan,2026-07-27
9353.T,櫻島埠頭,japan,2026-07-27
9355.T,リンコーコーポレーション,japan,2026-07-14
9360.T,鈴与シンワート,japan,2026-07-27
9361.T,伏木海陸運送,japan,2026-07-14
9362.T,兵機海運,japan,2026-07-14
9363.T,大運,japan,2026-07-27
9364.T,上組,japan,2026-07-27
9365.T,トレーディア,japan,2026-07-14
9366.T,サンリツ,japan,2026-07-27
9367.T,大東港運,japan,2026-07-27
9368.T,キムラユニティー,japan,2026-07-27
9369.T,キユーソー流通システム,japan,2026-07-27
9376.T,ユーラシア旅行社,japan,2026-07-27
9380.T,東海運,japan,2026-07-27
9381.T,エーアイテイー,japan,2026-07-27
9385.T,ショーエイコーポレーション,japan,2026-07-27
9399.T,ビート・ホールディングス・リミテッド,japan,2026-07-27
9401.T,ＴＢＳホールディングス,japan,2026-07-27
9404.T,日本テレビホールディングス,japan,2026-07-27
9405.T,朝日放送グループホールディングス,japan,2026-07-27
9408.T,ＢＳＮメディアホールディングス,japan,2026-07-14
9409.T,テレビ朝日ホールディングス,japan,2026-07-27
9412.T,スカパーＪＳＡＴ,japan,2026-07-27
9413.T,テレビ東京ホールディングス,japan,2026-07-27
9414.T,日本ＢＳ放送,japan,2026-07-27
9416.T,ビジョン,japan,2026-07-27
9417.T,スマートバリュー,japan,2026-07-27
9418.T,Ｕ－ＮＥＸＴ　ＨＯＬＤＩＮＧＳ,japan,2026-07-27
9419.T,ワイヤレスゲート,japan,2026-07-27
9421.T,エヌジェイホールディングス,japan,2026-07-24
9423.T,フォーバル・リアルストレート,japan,2026-07-27
9424.T,日本通信,japan,2026-07-27
9425.T,ＲｅＹｕｕ　Ｊａｐａｎ,japan,2026-07-27
9428.T,クロップス,japan,2026-07-27
9432.T,ＮＴＴ,japan,2026-07-27
9433.T,ＫＤＤＩ,japan,2026-07-27
9434.T,ソフトバンク,japan,2026-07-27
9435.T,光通信,japan,2026-07-27
9436.T,沖縄セルラー電話,japan,2026-07-27
9438.T,エムティーアイ,japan,2026-07-27
9439.T,エム・エイチ・グループ,japan,2026-07-27
9441.T,ベルパーク,japan,2026-07-27
9444.T,トーシンホールディングス,japan,2026-07-27
9445.T,フォーバルテレコム,japan,2026-07-14
9446.T,サカイホールディングス,japan,2026-07-27
9449.T,ＧＭＯインターネットグループ,japan,2026-07-27
9450.T,ファイバーゲート,japan,2026-07-27
9466.T,アイドママーケティングコミュニケーション,japan,2026-07-27
9468.T,ＫＡＤＯＫＡＷＡ,japan,2026-07-27
9470.T,学研ホールディングス,japan,2026-07-27
9474.T,ゼンリン,japan,2026-07-27
9475.T,昭文社ホールディングス,japan,2026-07-27
9476.T,中央経済社ホールディングス,japan,2026-07-14
9478.T,ＳＥホールディングス・アンド・インキュベーションズ,japan,2026-07-27
9501.T,東京電力ホールディングス,japan,2026-07-27
9502.T,中部電力,japan,2026-07-27
9503.T,関西電力,japan,2026-07-27
9504.T,中国電力,japan,2026-07-27
9505.T,北陸電力,japan,2026-07-27
9506.T,東北電力,japan,2026-07-27
9507.T,四国電力,japan,2026-07-27
9508.T,九州電力,japan,2026-07-27
9509.T,北海道電力,japan,2026-07-27
9511.T,沖縄電力,japan,2026-07-27
9513.T,電源開発,japan,2026-07-27
9514.T,エフオン,japan,2026-07-27
9517.T,イーレックス,japan,2026-07-27
9519.T,レノバ,japan,2026-07-27
9531.T,東京瓦斯,japan,2026-07-27
9532.T,大阪瓦斯,japan,2026-07-27
9533.T,東邦瓦斯,japan,2026-07-27
9534.T,北海道瓦斯,japan,2026-07-27
9535.T,広島ガス,japan,2026-07-27
9536.T,西部ガスホールディングス,japan,2026-07-27
9537.T,北陸瓦斯,japan,2026-07-27
9539.T,京葉瓦斯,japan,2026-07-27
9543.T,静岡ガス,japan,2026-07-27
9551.T,メタウォーター,japan,2026-07-27
9552.T,クオンツ総研ホールディングス,japan,2026-07-27
9564.T,ＦＣＥ,japan,2026-07-27
9601.T,松竹,japan,2026-07-27
9602.T,東宝,japan,2026-07-27
9603.T,エイチ・アイ・エス,japan,2026-07-27
9605.T,東映,japan,2026-07-27
9610.T,ウィルソン・ラーニング　ワールドワイド,japan,2026-07-27
9612.T,ラックランド,japan,2026-07-27
9616.T,共立メンテナンス,japan,2026-07-27
9619.T,イチネンホールディングス,japan,2026-07-27
9621.T,建設技術研究所,japan,2026-07-27
9622.T,スペース,japan,2026-07-27
9625.T,セレスポ,japan,2026-07-27
9627.T,アインホールディングス,japan,2026-07-27
9628.T,燦ホールディングス,japan,2026-07-27
9629.T,ピー・シー・エー,japan,2026-07-27
9632.T,スバル興業,japan,2026-07-27
9633.T,東京テアトル,japan,2026-07-27
9635.T,武蔵野興業,japan,2026-07-14
9636.T,きんえい,japan,2026-07-27
9639.T,三協フロンテア,japan,2026-07-27
9640.T,セゾンテクノロジー,japan,2026-07-27
9644.T,タナベコンサルティンググループ,japan,2026-07-27
9647.T,協和コンサルタンツ,japan,2026-07-27
9651.T,日本プロセス,japan,2026-07-27
9656.T,グリーンランドリゾート,japan,2026-07-27
9658.T,ビジネスブレイン太田昭和,japan,2026-07-27
9661.T,歌舞伎座,japan,2026-07-27
9663.T,ナガワ,japan,2026-07-27
9672.T,東京都競馬,japan,2026-07-27
9678.T,カナモト,japan,2026-07-27
9679.T,ホウライ,japan,2026-07-14
9682.T,ＤＴＳ,japan,2026-07-27
9684.T,スクウェア・エニックス・ホールディングス,japan,2026-07-27
9685.T,ＫＹＣＯＭホールディングス,japan,2026-07-14
9686.T,東洋テック,japan,2026-07-27
9687.T,ＫＳＫ,japan,2026-07-27
9691.T,両毛システムズ,japan,2026-07-27
9692.T,シーイーシー,japan,2026-07-27
9697.T,カプコン,japan,2026-07-27
9698.T,クレオ,japan,2026-07-27
9699.T,ニシオホールディングス,japan,2026-07-27
9701.T,東京會舘,japan,2026-07-27
9702.T,アイ・エス・ビー,japan,2026-07-27
9704.T,アゴーラ　ホスピタリティー　グループ,japan,2026-07-27
9706.T,日本空港ビルデング,japan,2026-07-27
9708.T,帝国ホテル,japan,2026-07-27
9709.T,ＮＣＳ＆Ａ,japan,2026-07-27
9713.T,ロイヤルホテル,japan,2026-07-27
9715.T,トランス・コスモス,japan,2026-07-27
9716.T,乃村工藝社,japan,2026-07-27
9720.T,ホテル、ニューグランド,japan,2026-07-14
9722.T,藤田観光,japan,2026-07-27
9723.T,京都ホテル,japan,2026-07-27
9726.T,ＫＮＴ－ＣＴホールディングス,japan,2026-07-27
9729.T,トーカイ,japan,2026-07-27
9731.T,白洋舎,japan,2026-07-27
9733.T,ナガセ,japan,2026-07-27
9735.T,セコム,japan,2026-07-27
9739.T,ＮＳＷ,japan,2026-07-27
9740.T,セントラル警備保障,japan,2026-07-27
9742.T,アイネス,japan,2026-07-27
9743.T,丹青社,japan,2026-07-27
9744.T,メイテックグループホールディングス,japan,2026-07-27
9746.T,ＴＫＣ,japan,2026-07-27
9753.T,アイエックス・ナレッジ,japan,2026-07-27
9755.T,応用地質,japan,2026-07-27
9757.T,船井総研ホールディングス,japan,2026-07-27
9759.T,ＮＳＤ,japan,2026-07-27
9760.T,進学会ホールディングス,japan,2026-07-27
9761.T,東海リース,japan,2026-07-27
9763.T,丸建リース,japan,2026-07-27
9765.T,オオバ,japan,2026-07-27
9766.T,コナミグループ,japan,2026-07-27
9767.T,日建工学,japan,2026-07-27
9768.T,いであ,japan,2026-07-27
9769.T,学究社,japan,2026-07-27
9778.T,昴,japan,2026-07-27
9780.T,ハリマビステム,japan,2026-07-27
9782.T,ディーエムエス,japan,2026-07-27
9788.T,ナック,japan,2026-07-27
9790.T,福井コンピュータホールディングス,japan,2026-07-27
9791.T,ビケンテクノ,japan,2026-07-27
9793.T,ダイセキ,japan,2026-07-27
9795.T,ステップ,japan,2026-07-27
9799.T,旭情報サービス,japan,2026-07-27
9812.T,テーオーホールディングス,japan,2026-07-27
9816.T,ストライダーズ,japan,2026-07-27
9818.T,大丸エナウィン,japan,2026-07-27
9820.T,エムティジェネックス,japan,2026-07-27
9823.T,マミーマートホールディングス,japan,2026-07-27
9824.T,泉州電業,japan,2026-07-27
9827.T,リリカラ,japan,2026-07-27
9828.T,Ｇｅｎｋｉ　Ｇｌｏｂａｌ　Ｄｉｎｉｎｇ　Ｃｏｎｃｅｐｔｓ,japan,2026-07-27
9830.T,トラスコ中山,japan,2026-07-27
9831.T,ヤマダホールディングス,japan,2026-07-27
9832.T,オートバックスセブン,japan,2026-07-27
9835.T,ジュンテンドー,japan,2026-07-27
9837.T,モリト,japan,2026-07-27
9842.T,アークランズ,japan,2026-07-27
9843.T,ニトリホールディングス,japan,2026-07-27
9845.T,パーカーコーポレーション,japan,2026-07-27
9846.T,天満屋ストア,japan,2026-07-27
9849.T,共同紙販ホールディングス,japan,2026-07-14
9850.T,グルメ杵屋,japan,2026-07-27
9853.T,銀座ルノアール,japan,2026-07-27
9854.T,愛眼,japan,2026-07-27
9856.T,ケーユーホールディングス,japan,2026-07-27
9857.T,英和,japan,2026-07-27
9861.T,吉野家ホールディングス,japan,2026-07-27
9867.T,ソレキア,japan,2026-07-27
9869.T,加藤産業,japan,2026-07-27
9872.T,北恵,japan,2026-07-27
9876.T,コックス,japan,2026-07-27
9878.T,セキド,japan,2026-07-27
9880.T,イノテック,japan,2026-07-27
9882.T,イエローハット,japan,2026-07-27
9885.T,シャルレ,japan,2026-07-27
9887.T,松屋フーズホールディングス,japan,2026-07-27
9888.T,ＵＥＸ,japan,2026-07-27
9889.T,ＪＢＣＣホールディングス,japan,2026-07-27
9890.T,マキヤ,japan,2026-07-27
9895.T,コンセック,japan,2026-07-14
9896.T,ＪＫホールディングス,japan,2026-07-27
9900.T,サガミホールディングス,japan,2026-07-27
9902.T,日伝,japan,2026-07-27
9903.T,カンセキ,japan,2026-07-14
9904.T,ベリテ,japan,2026-07-27
9906.T,藤井産業,japan,2026-07-27
9908.T,日本電計,japan,2026-07-27
9913.T,日邦産業,japan,2026-07-27
9928.T,ミロク情報サービス,japan,2026-07-27
9929.T,平和紙業,japan,2026-07-14
9930.T,北沢産業,japan,2026-07-27
9932.T,杉本商事,japan,2026-07-27
9934.T,因幡電機産業,japan,2026-07-27
9936.T,王将フードサービス,japan,2026-07-27
9941.T,太洋物産,japan,2026-07-27
9946.T,ミニストップ,japan,2026-07-27
9948.T,アークス,japan,2026-07-27
9950.T,ハチバン,japan,2026-07-27
9955.T,ヨンキュウ,japan,2026-07-27
9956.T,バローホールディングス,japan,2026-07-27
9959.T,アシードホールディングス,japan,2026-07-27
9960.T,東テク,japan,2026-07-27
9962.T,ミスミグループ本社,japan,2026-07-27
9969.T,ショクブン,japan,2026-07-24
9972.T,アルテック,japan,2026-07-27
9973.T,ＫＯＺＯホールディングス,japan,2026-07-27
9974.T,ベルク,japan,2026-07-27
9976.T,セキチュー,japan,2026-07-14
9978.T,文教堂グループホールディングス,japan,2026-07-27
9979.T,大庄,japan,2026-07-27
9980.T,ＭＲＫホールディングス,japan,2026-07-27
9982.T,タキヒヨー,japan,2026-07-27
9983.T,ファーストリテイリング,japan,2026-07-27
9984.T,ソフトバンクグループ,japan,2026-07-27
9986.T,蔵王産業,japan,2026-07-27
9987.T,スズケン,japan,2026-07-27
9989.T,サンドラッグ,japan,2026-07-27
9990.T,サックスバー　ホールディングス,japan,2026-07-27
9991.T,ジェコス,japan,2026-07-27
9993.T,ヤマザワ,japan,2026-07-27
9994.T,やまや,japan,2026-07-27
9996.T,サトー商会,japan,2026-07-14
9997.T,ベルーナ,japan,2026-07-27
000020.KS,동화약품,korea,2026-07-27
000040.KS,KR모터스,korea,2026-07-27
000050.KS,경방,korea,2026-07-27
000070.KS,삼양홀딩스,korea,2026-07-27
000080.KS,하이트진로,korea,2026-07-27
000100.KS,유한양행,korea,2026-07-27
000120.KS,CJ대한통운,korea,2026-07-27
000140.KS,하이트진로홀딩스,korea,2026-07-27
000150.KS,두산,korea,2026-07-27
000180.KS,성창기업지주,korea,2026-07-27
000210.KS,DL,korea,2026-07-27
000220.KS,유유제약,korea,2026-07-27
000230.KS,일동홀딩스,korea,2026-07-27
000240.KS,한국앤컴퍼니,korea,2026-07-27
000250.KQ,삼천당제약,korea,2026-07-27
000270.KS,기아,korea,2026-07-27
000300.KS,DH오토넥스,korea,2026-07-14
000320.KS,노루홀딩스,korea,2026-07-27
000370.KS,한화손해보험,korea,2026-07-27
000390.KS,SP삼화,korea,2026-07-27
000400.KS,롯데손해보험,korea,2026-07-27
000430.KS,대원강업,korea,2026-07-27
000440.KQ,중앙에너비스,korea,2026-07-27
000480.KS,시알홀딩스,korea,2026-07-27
000490.KS,대동,korea,2026-07-27
000500.KS,가온전선,korea,2026-07-27
000520.KS,삼일제약,korea,2026-07-27
000540.KS,흥국화재,korea,2026-07-27
000590.KS,CS홀딩스,korea,2026-07-27
000640.KS,동아쏘시오홀딩스,korea,2026-07-27
000650.KS,천일고속,korea,2026-07-27
000660.KS,SK하이닉스,korea,2026-07-27
000670.KS,영풍,korea,2026-07-27
000680.KS,LS네트웍스,korea,2026-07-27
000700.KS,유수홀딩스,korea,2026-07-27
000720.KS,현대건설,korea,2026-07-27
000760.KS,이화산업,korea,2026-07-27
000810.KS,삼성화재해상보험,korea,2026-07-27
000850.KS,화천기공,korea,2026-07-27
000860.KS,강남제비스코,korea,2026-07-27
000880.KS,한화,korea,2026-07-27
000890.KS,보해양조,korea,2026-07-27
000910.KS,유니온,korea,2026-07-27
000950.KS,전방,korea,2026-07-27
000970.KS,한국주철관공업,korea,2026-07-27
000990.KS,DB하이텍,korea,2026-07-27
001000.KQ,신라섬유,korea,2026-07-27
001020.KS,페이퍼코리아,korea,2026-07-27
001040.KS,CJ,korea,2026-07-27
001060.KS,JW중외제약,korea,2026-07-27
001070.KS,대한방직,korea,2026-07-27
001080.KS,만호제강,korea,2026-07-27
001120.KS,LX인터내셔널,korea,2026-07-27
001130.KS,대한제분,korea,2026-07-27
001200.KS,유진증권,korea,2026-07-27
001210.KS,금호전기,korea,2026-07-27
001230.KS,동국홀딩스,korea,2026-07-27
001250.KS,GS글로벌,korea,2026-07-27
001260.KS,남광토건,korea,2026-07-27
001270.KS,부국증권,korea,2026-07-27
001290.KS,상상인증권,korea,2026-07-27
001340.KS,PKC,korea,2026-07-27
001360.KS,삼성제약,korea,2026-07-27
001380.KS,SG글로벌,korea,2026-07-27
001390.KS,KG케미칼,korea,2026-07-27
001420.KS,태원물산,korea,2026-07-27
001430.KS,세아베스틸지주,korea,2026-07-27
001440.KS,대한전선,korea,2026-07-27
001450.KS,현대해상,korea,2026-07-27
001460.KS,BYC,korea,2026-07-27
001470.KS,삼부토건,korea,2026-07-14
001500.KS,현대차증권,korea,2026-07-27
001510.KS,SK증권,korea,2026-07-27
001520.KS,동양,korea,2026-07-27
001530.KS,디아이동일,korea,2026-07-27
001540.KQ,안국약품,korea,2026-07-27
001550.KS,조비,korea,2026-07-27
001560.KS,제일연마,korea,2026-07-27
001570.KS,금양,korea,2026-07-14
001620.KS,케이비아이동국실업,korea,2026-07-27
001630.KS,종근당홀딩스,korea,2026-07-27
001680.KS,대상,korea,2026-07-27
001720.KS,신영증권,korea,2026-07-27
001740.KS,SK네트웍스,korea,2026-07-27
001750.KS,한양증권,korea,2026-07-27
001770.KS,SHD,korea,2026-07-27
001780.KS,알루코,korea,2026-07-27
001790.KS,대한제당,korea,2026-07-27
001800.KS,오리온홀딩스,korea,2026-07-27
001810.KQ,무림SP,korea,2026-07-27
001820.KS,삼화콘덴서공업,korea,2026-07-27
001840.KQ,이화공영,korea,2026-07-14
001940.KS,KISCO홀딩스,korea,2026-07-27
002020.KS,코오롱,korea,2026-07-27
002030.KS,아세아,korea,2026-07-27
002070.KS,비비안,korea,2026-07-27
002100.KS,경농,korea,2026-07-27
002140.KS,고려산업,korea,2026-07-27
002150.KS,도화엔지니어링,korea,2026-07-27
002170.KS,SYTS,korea,2026-07-27
002200.KS,한국수출포장공업,korea,2026-07-27
002210.KS,동성제약,korea,2026-07-14
002220.KS,한일철강,korea,2026-07-27
002230.KQ,피에스텍,korea,2026-07-27
002240.KS,고려제강,korea,2026-07-27
002290.KQ,삼일기업공사,korea,2026-07-27
002310.KS,아세아제지,korea,2026-07-27
002320.KS,한진,korea,2026-07-27
002350.KS,넥센타이어,korea,2026-07-27
002360.KS,SH에너지화학,korea,2026-07-27
002380.KS,케이씨씨,korea,2026-07-27
002390.KS,한독,korea,2026-07-27
002410.KS,범양건영,korea,2026-07-14
002420.KS,세기상사,korea,2026-07-27
002450.KS,삼익악기,korea,2026-07-27
002460.KS,HS화성,korea,2026-07-27
002600.KS,조흥,korea,2026-07-14
002620.KS,제일파마홀딩스,korea,2026-07-27
002630.KS,오리엔트바이오,korea,2026-07-27
002680.KQ,한탑,korea,2026-07-27
002690.KS,동일제강,korea,2026-07-27
002700.KS,신일전자,korea,2026-07-27
002710.KS,TCC스틸,korea,2026-07-27
002720.KS,국제약품,korea,2026-07-27
002760.KS,보락,korea,2026-07-27
002780.KS,진흥기업,korea,2026-07-27
002790.KS,아모레퍼시픽홀딩스,korea,2026-07-27
002800.KQ,신신제약,korea,2026-07-27
002810.KS,삼영무역,korea,2026-07-27
002820.KS,SUN&L,korea,2026-07-27
002840.KS,미원상사,korea,2026-07-27
002870.KS,신풍,korea,2026-07-27
002880.KS,디와이에이,korea,2026-07-27
002900.KS,TYM,korea,2026-07-27
002920.KS,유성기업,korea,2026-07-27
002960.KS,한국쉘석유,korea,2026-07-27
002990.KS,금호건설,korea,2026-07-27
003000.KS,부광약품,korea,2026-07-27
003010.KS,혜인,korea,2026-07-27
003030.KS,세아제강지주,korea,2026-07-27
003060.KS,에이프로젠바이오로직스,korea,2026-07-27
003070.KS,코오롱글로벌,korea,2026-07-27
003080.KS,SB성보,korea,2026-07-27
003090.KS,대웅,korea,2026-07-27
003100.KQ,선광,korea,2026-07-27
003120.KS,일성아이에스,korea,2026-07-27
003160.KS,디아이,korea,2026-07-27
003200.KS,일신방직,korea,2026-07-27
003220.KS,대원제약,korea,2026-07-27
003230.KS,삼양식품,korea,2026-07-27
003240.KS,태광산업,korea,2026-07-27
003280.KS,흥아해운,korea,2026-07-27
003300.KS,한일홀딩스,korea,2026-07-27
003310.KQ,대주산업,korea,2026-07-27
003350.KS,한국화장품제조,korea,2026-07-27
003380.KQ,하림지주,korea,2026-07-27
003460.KS,유화증권,korea,2026-07-27
003470.KS,유안타증권,korea,2026-07-27
003480.KS,한진중공업홀딩스,korea,2026-07-27
003490.KS,대한항공,korea,2026-07-27
003520.KS,영진약품,korea,2026-07-27
003530.KS,한화투자증권,korea,2026-07-27
003540.KS,대신증권,korea,2026-07-27
003550.KS,LG,korea,2026-07-27
003570.KS,SNT다이내믹스,korea,2026-07-27
003580.KS,HLB글로벌,korea,2026-07-27
003610.KS,방림,korea,2026-07-27
003620.KS,KG모빌리티,korea,2026-07-27
003650.KS,미창석유공업,korea,2026-07-27
003670.KS,포스코퓨처엠,korea,2026-07-27
003680.KS,한성기업,korea,2026-07-27
003690.KS,코리안리,korea,2026-07-27
003720.KS,삼영,korea,2026-07-27
003780.KS,진양산업,korea,2026-07-27
003800.KQ,에이스침대,korea,2026-07-27
003830.KS,대한화섬,korea,2026-07-27
003850.KS,보령,korea,2026-07-27
003920.KS,남양유업,korea,2026-07-27
003960.KS,사조대림,korea,2026-07-27
004000.KS,롯데정밀화학,korea,2026-07-27
004020.KS,현대제철,korea,2026-07-27
004060.KS,SG세계물산,korea,2026-07-27
004080.KS,신흥,korea,2026-07-27
004090.KS,한국석유공업,korea,2026-07-27
004100.KS,태양금속공업,korea,2026-07-27
004140.KS,동방,korea,2026-07-27
004150.KS,한솔홀딩스,korea,2026-07-27
004170.KS,신세계,korea,2026-07-27
004250.KS,엔피씨,korea,2026-07-27
004270.KS,남성,korea,2026-07-27
004310.KS,현대약품,korea,2026-07-27
004360.KS,세방,korea,2026-07-27
004370.KS,농심,korea,2026-07-27
004380.KS,삼익THK,korea,2026-07-14
004410.KS,서울식품공업,korea,2026-07-27
004430.KS,송원산업,korea,2026-07-27
004440.KS,삼일씨엔에스,korea,2026-07-27
004450.KS,삼화왕관,korea,2026-07-27
004490.KS,세방전지,korea,2026-07-27
004540.KS,깨끗한나라,korea,2026-07-27
004560.KS,현대비앤지스틸,korea,2026-07-27
004590.KQ,한국가구,korea,2026-07-27
004650.KQ,창해에탄올,korea,2026-07-27
004690.KS,삼천리,korea,2026-07-27
004700.KS,조광피혁,korea,2026-07-27
004710.KS,한솔테크닉스,korea,2026-07-27
004720.KS,팜젠사이언스,korea,2026-07-27
004770.KS,써니전자,korea,2026-07-27
004780.KQ,대륙제관,korea,2026-07-27
004800.KS,효성,korea,2026-07-27
004830.KS,덕성,korea,2026-07-27
004840.KS,DRB동일,korea,2026-07-27
004870.KS,티웨이홀딩스,korea,2026-07-27
004890.KS,동일산업,korea,2026-07-27
004910.KS,조광페인트,korea,2026-07-27
004920.KS,씨아이테크,korea,2026-07-27
004960.KS,한신공영,korea,2026-07-27
004970.KS,신라교역,korea,2026-07-27
004980.KS,성신양회,korea,2026-07-27
004990.KS,롯데지주,korea,2026-07-27
005010.KS,휴스틸,korea,2026-07-27
005030.KS,부산주공,korea,2026-07-14
005070.KS,코스모신소재,korea,2026-07-27
005090.KS,SGC에너지,korea,2026-07-27
005110.KS,한창,korea,2026-07-14
005160.KQ,동국산업,korea,2026-07-27
005180.KS,빙그레,korea,2026-07-27
005250.KS,녹십자홀딩스,korea,2026-07-27
005290.KQ,동진쎄미켐,korea,2026-07-27
005300.KS,롯데칠성음료,korea,2026-07-27
005320.KS,온타이드,korea,2026-07-27
005360.KS,모나미,korea,2026-07-27
005380.KS,현대자동차,korea,2026-07-27
005420.KS,코스모화학,korea,2026-07-27
005430.KS,한국공항,korea,2026-07-27
005440.KS,현대지에프홀딩스,korea,2026-07-27
005490.KS,POSCO홀딩스,korea,2026-07-27
005500.KS,삼진제약,korea,2026-07-27
005610.KS,삼립,korea,2026-07-27
005670.KQ,푸드웰,korea,2026-07-27
005680.KS,삼영전자공업,korea,2026-07-27
005690.KS,파미셀,korea,2026-07-27
005710.KQ,대원산업,korea,2026-07-27
005720.KS,넥센,korea,2026-07-27
005740.KS,크라운해태홀딩스,korea,2026-07-27
005750.KS,대림바스,korea,2026-07-27
005800.KS,신영와코루,korea,2026-07-27
005810.KS,풍산홀딩스,korea,2026-07-27
005820.KS,원림,korea,2026-07-27
005830.KS,DB손해보험,korea,2026-07-27
005850.KS,에스엘,korea,2026-07-27
005860.KQ,한일사료,korea,2026-07-27
005870.KS,휴니드테크놀러지스,korea,2026-07-27
005880.KS,대한해운,korea,2026-07-27
005930.KS,삼성전자,korea,2026-07-27
005940.KS,NH투자증권,korea,2026-07-27
005950.KS,이수화학,korea,2026-07-27
005960.KS,동부건설,korea,2026-07-27
005990.KQ,매일홀딩스,korea,2026-07-27
006040.KS,동원산업,korea,2026-07-27
006050.KQ,국영지앤엠,korea,2026-07-27
006060.KS,화승인더스트리,korea,2026-07-27
006090.KS,사조오양,korea,2026-07-27
006110.KS,삼아알미늄,korea,2026-07-27
006120.KS,SK디스커버리,korea,2026-07-27
006140.KQ,피제이전자,korea,2026-07-27
006200.KS,한국전자홀딩스,korea,2026-07-27
006220.KS,제주은행,korea,2026-07-27
006260.KS,LS,korea,2026-07-27
006280.KS,녹십자,korea,2026-07-27
006340.KS,대원전선,korea,2026-07-27
006360.KS,GS건설,korea,2026-07-27
006370.KS,대구백화점,korea,2026-07-27
006380.KS,카프로,korea,2026-07-14
006400.KS,삼성SDI,korea,2026-07-27
006490.KS,프리티,korea,2026-07-27
006570.KS,대림통상,korea,2026-07-27
006620.KQ,동구바이오제약,korea,2026-07-27
006650.KS,대한유화,korea,2026-07-27
006660.KS,삼성공조,korea,2026-07-27
006730.KQ,서부T&D,korea,2026-07-27
006740.KS,블루산업개발,korea,2026-07-27
006800.KS,미래에셋증권,korea,2026-07-27
006840.KS,AK홀딩스,korea,2026-07-27
006880.KS,신송홀딩스,korea,2026-07-27
006890.KS,태경케미컬,korea,2026-07-27
006910.KQ,보성파워텍,korea,2026-07-27
006920.KQ,모헨즈,korea,2026-07-27
006980.KS,우성,korea,2026-07-27
007070.KS,GS리테일,korea,2026-07-27
007110.KS,일신석재,korea,2026-07-27
007120.KS,미래아이앤지,korea,2026-07-27
007160.KS,사조산업,korea,2026-07-27
007210.KS,벽산,korea,2026-07-27
007280.KS,한국특강,korea,2026-07-27
007310.KS,오뚜기,korea,2026-07-27
007330.KQ,푸른저축은행,korea,2026-07-27
007340.KS,DN오토모티브,korea,2026-07-27
007370.KQ,진양제약,korea,2026-07-27
007390.KQ,네이처셀,korea,2026-07-27
007460.KS,에이프로젠,korea,2026-07-27
007530.KQ,와이엠,korea,2026-07-27
007540.KS,샘표,korea,2026-07-27
007570.KS,일양약품,korea,2026-07-14
007590.KS,동방아그로,korea,2026-07-27
007610.KS,선도전기,korea,2026-07-14
007660.KS,이수페타시스,korea,2026-07-27
007680.KQ,대원,korea,2026-07-27
007690.KS,국도화학,korea,2026-07-27
007700.KS,F&F 홀딩스,korea,2026-07-27
007720.KQ,소노스퀘어,korea,2026-07-27
007770.KQ,한일화학,korea,2026-07-27
007810.KS,코리아써키트,korea,2026-07-27
007820.KQ,엠엑스로보틱스,korea,2026-07-27
007860.KS,서연,korea,2026-07-27
007980.KS,TP,korea,2026-07-27
008040.KS,사조동아원,korea,2026-07-27
008060.KS,대덕,korea,2026-07-27
008250.KS,이건산업,korea,2026-07-27
008260.KS,NI스틸,korea,2026-07-27
008290.KQ,원풍물산,korea,2026-07-27
008350.KS,남선알미늄,korea,2026-07-27
008370.KQ,원풍,korea,2026-07-27
008420.KS,문배철강,korea,2026-07-27
008470.KQ,부스타,korea,2026-07-27
008490.KS,서흥,korea,2026-07-27
008600.KS,윌비스,korea,2026-07-27
008700.KS,아남전자,korea,2026-07-27
008730.KS,율촌화학,korea,2026-07-27
008770.KS,호텔신라,korea,2026-07-27
008830.KQ,대동기어,korea,2026-07-27
008870.KS,금비,korea,2026-07-27
008930.KS,한미사이언스,korea,2026-07-27
008970.KS,KBI동양철관,korea,2026-07-27
009070.KS,케이씨티시,korea,2026-07-27
009140.KS,경인전자,korea,2026-07-27
009150.KS,삼성전기,korea,2026-07-27
009160.KS,SIMPAC,korea,2026-07-27
009180.KS,한솔로지스틱스,korea,2026-07-27
009190.KS,대양금속,korea,2026-07-27
009200.KS,무림페이퍼,korea,2026-07-27
009240.KS,한샘,korea,2026-07-27
009270.KS,신원,korea,2026-07-27
009290.KS,광동제약,korea,2026-07-27
009300.KQ,삼아제약,korea,2026-07-27
009310.KS,참엔지니어링,korea,2026-07-27
009320.KS,아진전자부품,korea,2026-07-27
009410.KS,태영건설,korea,2026-07-27
009420.KS,한올바이오파마,korea,2026-07-27
009440.KS,KC그린홀딩스,korea,2026-07-14
009450.KS,경동나비엔,korea,2026-07-27
009460.KS,한창제지,korea,2026-07-27
009470.KS,삼화전기,korea,2026-07-27
009520.KQ,포스코엠텍,korea,2026-07-27
009540.KS,HD한국조선해양,korea,2026-07-27
009580.KS,무림P&P,korea,2026-07-27
009620.KQ,삼보산업,korea,2026-07-27
009680.KS,모토닉,korea,2026-07-27
009730.KQ,이렘,korea,2026-07-27
009770.KS,삼정펄프,korea,2026-07-27
009780.KQ,엠에스씨,korea,2026-07-27
009810.KS,플레이그램,korea,2026-07-27
009830.KS,한화솔루션,korea,2026-07-27
009900.KS,명신산업,korea,2026-07-27
009970.KS,영원무역홀딩스,korea,2026-07-27
010040.KS,한국내화,korea,2026-07-27
010060.KS,OCI홀딩스,korea,2026-07-27
010100.KS,한국무브넥스,korea,2026-07-27
010120.KS,엘에스일렉트릭,korea,2026-07-27
010130.KS,고려아연,korea,2026-07-27
010140.KS,삼성중공업,korea,2026-07-27
010170.KQ,대한광통신,korea,2026-07-27
010240.KQ,흥국,korea,2026-07-27
010280.KQ,아이티센엔텍,korea,2026-07-27
010400.KS,우진아이엔에스,korea,2026-07-27
010470.KQ,오리콤,korea,2026-07-27
010580.KS,에스엠벡셀,korea,2026-07-27
010640.KS,진양폴리우레탄,korea,2026-07-27
010660.KS,화천기계,korea,2026-07-27
010690.KS,화신,korea,2026-07-27
010770.KS,평화홀딩스,korea,2026-07-27
010780.KS,아이에스동서,korea,2026-07-27
010820.KS,퍼스텍,korea,2026-07-27
010950.KS,S-Oil,korea,2026-07-27
010960.KS,삼호개발,korea,2026-07-27
011000.KS,진원생명과학,korea,2026-07-27
011040.KQ,경동제약,korea,2026-07-27
011070.KS,LG이노텍,korea,2026-07-27
011080.KQ,형지I&C,korea,2026-07-27
011090.KS,에넥스,korea,2026-07-27
011150.KS,CJ씨푸드,korea,2026-07-27
011170.KS,롯데케미칼,korea,2026-07-27
011200.KS,HMM,korea,2026-07-27
011210.KS,현대위아,korea,2026-07-27
011230.KS,삼화전자공업,korea,2026-07-27
011280.KS,태림포장,korea,2026-07-27
011300.KS,우성머티리얼스,korea,2026-07-27
011320.KQ,유니크,korea,2026-07-27
011330.KS,유니켐,korea,2026-07-27
011370.KQ,서한,korea,2026-07-27
011390.KS,부산산업,korea,2026-07-27
011420.KS,갤럭시아에스엠,korea,2026-07-27
011500.KS,한농화성,korea,2026-07-27
011560.KQ,세보엠이씨,korea,2026-07-27
011690.KS,와이투솔루션,korea,2026-07-27
011700.KS,한신기계공업,korea,2026-07-27
011760.KS,현대코퍼레이션,korea,2026-07-27
011780.KS,금호석유화학,korea,2026-07-27
011790.KS,SKC,korea,2026-07-27
011810.KS,STX,korea,2026-07-14
011930.KS,신성이엔지,korea,2026-07-27
012030.KS,DB,korea,2026-07-27
012160.KS,영흥,korea,2026-07-27
012170.KS,아센디오,korea,2026-07-27
012200.KS,계양전기,korea,2026-07-27
012210.KQ,삼미금속,korea,2026-07-27
012280.KS,영화금속,korea,2026-07-27
012320.KS,경동인베스트,korea,2026-07-27
012330.KS,현대모비스,korea,2026-07-27
012340.KQ,뉴인텍,korea,2026-07-27
012450.KS,한화에어로스페이스,korea,2026-07-27
012510.KS,,korea,2026-07-14
012610.KS,경인양행,korea,2026-07-27
012620.KQ,원일특강,korea,2026-07-27
012630.KS,HDC,korea,2026-07-27
012690.KS,모나리자,korea,2026-07-27
012700.KQ,리드코프,korea,2026-07-27
012750.KS,에스원,korea,2026-07-27
012790.KQ,신일제약,korea,2026-07-27
012800.KS,대창,korea,2026-07-27
012860.KQ,모베이스전자,korea,2026-07-27
013000.KS,세우글로벌,korea,2026-07-27
013030.KQ,하이록코리아,korea,2026-07-27
013120.KQ,동원개발,korea,2026-07-27
013310.KQ,아진산업,korea,2026-07-27
013360.KS,일성건설,korea,2026-07-27
013520.KS,화승코퍼레이션,korea,2026-07-27
013570.KS,디와이,korea,2026-07-27
013580.KS,계룡건설산업,korea,2026-07-27
013700.KS,까뮤이앤씨,korea,2026-07-27
013720.KQ,청보,korea,2026-07-27
013810.KQ,스페코,korea,2026-07-27
013870.KS,지엠비코리아,korea,2026-07-27
013890.KS,지누스,korea,2026-07-27
013990.KQ,아가방컴퍼니,korea,2026-07-27
014100.KQ,메디앙스,korea,2026-07-27
014130.KS,한익스프레스,korea,2026-07-27
014160.KS,대영포장,korea,2026-07-27
014190.KQ,원익큐브,korea,2026-07-27
014280.KS,금강공업,korea,2026-07-27
014440.KS,영보화학,korea,2026-07-27
014470.KQ,부방,korea,2026-07-27
014530.KS,극동유화,korea,2026-07-27
014570.KQ,고려제약,korea,2026-07-27
014580.KS,태경비케이,korea,2026-07-27
014620.KQ,성광벤드,korea,2026-07-27
014680.KS,한솔케미칼,korea,2026-07-27
014710.KS,사조씨푸드,korea,2026-07-27
014790.KS,HL D&I,korea,2026-07-27
014820.KS,동원시스템즈,korea,2026-07-27
014830.KS,유니드,korea,2026-07-27
014910.KS,성문전자,korea,2026-07-27
014940.KQ,오리엔탈정공,korea,2026-07-27
014950.KQ,삼익제약,korea,2026-07-27
014970.KQ,삼륭물산,korea,2026-07-27
014990.KS,인디에프,korea,2026-07-27
015020.KS,이스타코,korea,2026-07-27
015230.KS,대창단조,korea,2026-07-27
015260.KS,에이엔피,korea,2026-07-27
015360.KS,INVENI,korea,2026-07-27
015590.KS,DKME,korea,2026-07-14
015710.KQ,코콤,korea,2026-07-27
015750.KQ,성우하이텍,korea,2026-07-27
015760.KS,한국전력공사,korea,2026-07-27
015860.KS,일진홀딩스,korea,2026-07-27
015890.KS,태경산업,korea,2026-07-27
016090.KS,대현,korea,2026-07-27
016100.KQ,리더스코스메틱,korea,2026-07-27
016250.KQ,SGC E&C,korea,2026-07-27
016360.KS,삼성증권,korea,2026-07-27
016380.KS,KG스틸,korea,2026-07-27
016450.KS,한세예스24홀딩스,korea,2026-07-27
016580.KS,환인제약,korea,2026-07-27
016590.KS,신대양제지,korea,2026-07-27
016600.KQ,큐캐피탈,korea,2026-07-27
016610.KS,DB증권,korea,2026-07-27
016670.KQ,디모아,korea,2026-07-27
016710.KS,대성홀딩스,korea,2026-07-27
016740.KS,두올,korea,2026-07-27
016790.KQ,현대사료,korea,2026-07-14
016800.KS,퍼시스,korea,2026-07-27
016880.KS,웅진,korea,2026-07-27
016920.KQ,카스,korea,2026-07-27
017000.KQ,신원종합개발,korea,2026-07-27
017040.KS,광명전기,korea,2026-07-27
017180.KS,명문제약,korea,2026-07-27
017250.KQ,인터엠,korea,2026-07-27
017370.KS,우신시스템,korea,2026-07-27
017390.KS,서울도시가스,korea,2026-07-27
017480.KQ,삼현철강,korea,2026-07-27
017510.KQ,세명전기,korea,2026-07-27
017550.KS,수산세보틱스,korea,2026-07-27
017650.KQ,대림제지,korea,2026-07-27
017670.KS,SK텔레콤,korea,2026-07-27
017800.KS,현대엘리베이터,korea,2026-07-27
017810.KS,풀무원,korea,2026-07-27
017860.KS,DS단석,korea,2026-07-27
017890.KQ,한국알콜,korea,2026-07-27
017900.KS,광전자,korea,2026-07-27
017940.KS,E1,korea,2026-07-27
017960.KS,한국카본,korea,2026-07-27
018000.KQ,유니슨,korea,2026-07-27
018120.KQ,진로발효,korea,2026-07-27
018250.KS,애경산업,korea,2026-07-27
018260.KS,삼성에스디에스,korea,2026-07-27
018290.KQ,브이티,korea,2026-07-27
018310.KQ,삼목에스폼,korea,2026-07-27
018470.KS,조일알미늄,korea,2026-07-27
018500.KS,동원모빌리티,korea,2026-07-27
018620.KQ,우진비앤지,korea,2026-07-27
018670.KS,SK가스,korea,2026-07-27
018680.KQ,서울제약,korea,2026-07-27
018700.KQ,졸스,korea,2026-07-27
018880.KS,한온시스템,korea,2026-07-27
019010.KQ,베뉴지,korea,2026-07-27
019170.KS,신풍제약,korea,2026-07-27
019180.KS,티에이치엔,korea,2026-07-27
019210.KQ,와이지-원,korea,2026-07-27
019490.KS,엑시큐어하이트론,korea,2026-07-14
019540.KQ,일지테크,korea,2026-07-27
019550.KQ,SBI인베스트먼트,korea,2026-07-27
019570.KQ,플루토스,korea,2026-07-27
019660.KQ,글로본,korea,2026-07-27
019680.KS,대교,korea,2026-07-27
019770.KQ,서연탑메탈,korea,2026-07-27
019990.KQ,에너토크,korea,2026-07-27
020000.KS,한섬,korea,2026-07-27
020120.KS,키다리스튜디오,korea,2026-07-27
020150.KS,롯데에너지머티리얼즈,korea,2026-07-27
020180.KQ,대신정보통신,korea,2026-07-27
020400.KQ,대동금속,korea,2026-07-27
020560.KS,아시아나항공,korea,2026-07-27
020710.KQ,시공테크,korea,2026-07-27
020760.KS,일진디스플,korea,2026-07-14
021040.KQ,대호특수강,korea,2026-07-27
021050.KS,서원,korea,2026-07-27
021080.KQ,에이티넘인베스트,korea,2026-07-27
021240.KS,코웨이,korea,2026-07-27
021320.KQ,KCC건설,korea,2026-07-27
021650.KQ,한국큐빅,korea,2026-07-27
021820.KS,세원정공,korea,2026-07-27
021880.KQ,메이슨캐피탈,korea,2026-07-27
022100.KS,포스코DX,korea,2026-07-27
022220.KQ,티케이지애강,korea,2026-07-27
023000.KS,삼원강재,korea,2026-07-27
023150.KS,MH에탄올,korea,2026-07-27
023160.KQ,태광,korea,2026-07-27
023350.KS,한국종합기술,korea,2026-07-27
023410.KQ,유진기업,korea,2026-07-27
023440.KQ,제이스코홀딩스,korea,2026-07-27
023450.KS,동남합성,korea,2026-07-27
023530.KS,롯데쇼핑,korea,2026-07-27
023590.KS,다우기술,korea,2026-07-27
023600.KQ,삼보판지,korea,2026-07-27
023760.KQ,한국캐피탈,korea,2026-07-27
023770.KQ,플레이위드,korea,2026-07-27
023790.KQ,동일스틸럭스,korea,2026-07-27
023800.KS,인지컨트롤스,korea,2026-07-27
023810.KS,인팩,korea,2026-07-27
023900.KQ,풍국주정,korea,2026-07-27
023910.KQ,대한약품,korea,2026-07-27
023960.KS,에쓰씨엔지니어링,korea,2026-07-27
024060.KQ,흥구석유,korea,2026-07-27
024070.KS,WISCOM,korea,2026-07-27
024090.KS,디씨엠,korea,2026-07-27
024110.KS,기업은행,korea,2026-07-27
024120.KQ,KB오토시스,korea,2026-07-27
024720.KS,콜마홀딩스,korea,2026-07-27
024740.KQ,한일단조,korea,2026-07-27
024800.KQ,유성티엔에스,korea,2026-07-27
024830.KQ,세원물산,korea,2026-07-27
024840.KQ,KBI메탈,korea,2026-07-27
024850.KQ,HLB이노베이션,korea,2026-07-27
024880.KQ,케이피에프,korea,2026-07-27
024890.KS,대원화성,korea,2026-07-27
024900.KS,디와이덕양,korea,2026-07-27
024910.KQ,경창산업,korea,2026-07-27
024940.KQ,PN풍년,korea,2026-07-27
024950.KQ,삼천리자전거,korea,2026-07-27
025000.KS,KPX케미칼,korea,2026-07-27
025320.KQ,시노펙스,korea,2026-07-27
025440.KQ,DH오토웨어,korea,2026-07-27
025530.KS,에스제이엠홀딩스,korea,2026-07-27
025540.KS,한국단자공업,korea,2026-07-27
025550.KQ,한국선재,korea,2026-07-27
025560.KS,미래산업,korea,2026-07-27
025620.KS,차AI헬스케어,korea,2026-07-27
025750.KS,한솔홈데코,korea,2026-07-27
025770.KQ,한국정보통신,korea,2026-07-27
025820.KS,이구산업,korea,2026-07-27
025860.KS,남해화학,korea,2026-07-27
025870.KQ,신라에스지,korea,2026-07-27
025880.KQ,케이씨피드,korea,2026-07-27
025890.KS,한국주강,korea,2026-07-27
025900.KQ,동화기업,korea,2026-07-27
025950.KQ,동신건설,korea,2026-07-27
025980.KQ,아난티,korea,2026-07-27
026040.KQ,제이에스티나,korea,2026-07-27
026150.KQ,특수건설,korea,2026-07-27
026890.KS,스틱인베스트먼트,korea,2026-07-27
026910.KQ,광진실업,korea,2026-07-27
026940.KS,부국철강,korea,2026-07-27
026960.KS,동서,korea,2026-07-27
027040.KQ,서울전자통신,korea,2026-07-27
027050.KQ,코리아나,korea,2026-07-27
027360.KQ,아주IB투자,korea,2026-07-27
027410.KS,BGF,korea,2026-07-27
027580.KQ,상보,korea,2026-07-27
027710.KQ,팜스토리,korea,2026-07-27
027740.KS,마니커,korea,2026-07-27
027830.KQ,대성창투,korea,2026-07-27
027970.KS,한국제지,korea,2026-07-27
028050.KS,삼성E&A,korea,2026-07-27
028080.KQ,휴맥스홀딩스,korea,2026-07-27
028100.KS,동아지질,korea,2026-07-27
028260.KS,삼성물산,korea,2026-07-27
028300.KQ,HLB,korea,2026-07-27
028670.KS,팬오션,korea,2026-07-27
029460.KS,케이씨,korea,2026-07-27
029480.KQ,광무,korea,2026-07-27
029530.KS,신도리코,korea,2026-07-27
029780.KS,삼성카드,korea,2026-07-27
030000.KS,제일기획,korea,2026-07-27
030190.KS,NICE평가정보,korea,2026-07-27
030200.KS,케이티,korea,2026-07-27
030210.KS,다올투자증권,korea,2026-07-27
030350.KQ,드래곤플라이,korea,2026-07-14
030520.KQ,한컴,korea,2026-07-27
030530.KQ,원익홀딩스,korea,2026-07-27
030610.KS,교보증권,korea,2026-07-27
030720.KS,동원수산,korea,2026-07-27
030960.KQ,양지사,korea,2026-07-27
031210.KS,서울보증보험,korea,2026-07-27
031310.KQ,아이즈비전,korea,2026-07-27
031330.KQ,에스에이엠티,korea,2026-07-27
031430.KS,신세계인터내셔날,korea,2026-07-27
031440.KS,신세계푸드,korea,2026-07-27
031510.KQ,오스템,korea,2026-07-27
031820.KS,아이티센씨티에스,korea,2026-07-27
031860.KQ,디에이치엑스컴퍼니,korea,2026-07-27
031980.KQ,피에스케이홀딩스,korea,2026-07-27
032080.KQ,아즈텍WB,korea,2026-07-27
032190.KQ,다우데이타,korea,2026-07-27
032280.KQ,삼일,korea,2026-07-27
032300.KQ,한국파마,korea,2026-07-27
032350.KS,롯데관광개발,korea,2026-07-27
032500.KQ,케이엠더블유,korea,2026-07-27
032540.KQ,TJ미디어,korea,2026-07-27
032560.KS,황금에스티,korea,2026-07-27
032580.KQ,피델릭스,korea,2026-07-27
032620.KQ,GC메디아이,korea,2026-07-27
032640.KS,LG유플러스,korea,2026-07-27
032680.KQ,소프트센,korea,2026-07-27
032750.KQ,삼진,korea,2026-07-27
032790.KQ,엠젠솔루션,korea,2026-07-27
032800.KQ,판타지오,korea,2026-07-27
032820.KQ,우리기술,korea,2026-07-27
032830.KS,삼성생명,korea,2026-07-27
032850.KQ,비트컴퓨터,korea,2026-07-27
032860.KQ,더라미,korea,2026-07-27
032940.KQ,원익,korea,2026-07-27
032960.KQ,동일기연,korea,2026-07-27
033050.KQ,제이엠아이,korea,2026-07-27
033100.KQ,제룡전기,korea,2026-07-27
033130.KQ,디지틀조선,korea,2026-07-27
033160.KQ,엠케이전자,korea,2026-07-27
033170.KQ,시그네틱스,korea,2026-07-27
033200.KQ,모아텍,korea,2026-07-27
033230.KQ,인성정보,korea,2026-07-27
033240.KS,자화전자,korea,2026-07-27
033250.KS,체시스,korea,2026-07-27
033270.KS,유나이티드,korea,2026-07-27
033290.KQ,로젠,korea,2026-07-27
033310.KQ,엠투엔,korea,2026-07-27
033320.KQ,제이씨현시스템,korea,2026-07-27
033340.KQ,좋은사람들,korea,2026-07-27
033500.KQ,동성화인텍,korea,2026-07-27
033530.KS,SJG세종,korea,2026-07-27
033540.KQ,파라텍,korea,2026-07-27
033560.KQ,블루콤,korea,2026-07-27
033640.KQ,네패스,korea,2026-07-27
033780.KS,케이티앤지,korea,2026-07-27
033790.KQ,피노,korea,2026-07-27
033830.KQ,티비씨,korea,2026-07-27
033920.KS,무학,korea,2026-07-27
034020.KS,두산에너빌리티,korea,2026-07-27
034120.KS,SBS,korea,2026-07-27
034220.KS,LG디스플레이,korea,2026-07-27
034230.KS,파라다이스,korea,2026-07-27
034310.KS,NICE,korea,2026-07-27
034590.KS,인천도시가스,korea,2026-07-27
034730.KS,SK,korea,2026-07-27
034810.KQ,해성산업,korea,2026-07-27
034830.KS,한국토지신탁,korea,2026-07-27
034940.KQ,조아제약,korea,2026-07-27
034950.KQ,한국기업평가,korea,2026-07-27
035000.KS,HS애드,korea,2026-07-27
035080.KQ,그래디언트,korea,2026-07-27
035150.KS,백산,korea,2026-07-27
035200.KQ,프럼파스트,korea,2026-07-27
035250.KS,강원랜드,korea,2026-07-27
035290.KQ,골드앤에스,korea,2026-07-27
035420.KS,NAVER,korea,2026-07-27
035460.KQ,기산텔레콤,korea,2026-07-27
035510.KS,신세계I&C,korea,2026-07-27
035600.KQ,KG이니시스,korea,2026-07-27
035610.KQ,솔본,korea,2026-07-27
035620.KQ,바른손이앤에이,korea,2026-07-27
035720.KS,카카오,korea,2026-07-27
035760.KQ,CJ ENM,korea,2026-07-27
035810.KQ,이지홀딩스,korea,2026-07-27
035890.KQ,서희건설,korea,2026-07-14
035900.KQ,JYP Ent.,korea,2026-07-27
036000.KQ,예림당,korea,2026-07-27
036010.KQ,아비코전자,korea,2026-07-27
036030.KQ,케이티알파,korea,2026-07-27
036090.KQ,위지트,korea,2026-07-27
036120.KQ,서울평가정보,korea,2026-07-27
036170.KQ,에이치엠넥스,korea,2026-07-27
036190.KQ,금화피에스시,korea,2026-07-27
036200.KQ,유니셈,korea,2026-07-27
036220.KQ,오상헬스케어,korea,2026-07-27
036420.KS,콘텐트리중앙,korea,2026-07-27
036460.KS,한국가스공사,korea,2026-07-27
036480.KQ,대성미생물,korea,2026-07-27
036530.KS,SNT홀딩스,korea,2026-07-27
036540.KQ,SFA반도체,korea,2026-07-27
036560.KQ,KZ정밀,korea,2026-07-27
036570.KS,NC,korea,2026-07-27
036580.KS,팜스코,korea,2026-07-27
036620.KQ,감성코퍼레이션,korea,2026-07-27
036630.KQ,세종텔레콤,korea,2026-07-27
036640.KQ,HRS,korea,2026-07-27
036670.KQ,삼양케이씨아이,korea,2026-07-27
036690.KQ,코맥스,korea,2026-07-14
036710.KQ,심텍홀딩스,korea,2026-07-27
036800.KQ,나이스정보통신,korea,2026-07-27
036810.KQ,에프에스티,korea,2026-07-27
036830.KQ,솔브레인홀딩스,korea,2026-07-27
036890.KQ,진성티이씨,korea,2026-07-27
036930.KQ,주성엔지니어링,korea,2026-07-27
037030.KQ,파워넷,korea,2026-07-27
037070.KQ,파세코,korea,2026-07-27
037230.KQ,한국팩키지,korea,2026-07-27
037270.KS,YG PLUS,korea,2026-07-27
037330.KQ,인지디스플레,korea,2026-07-27
037350.KQ,성도이엔지,korea,2026-07-27
037370.KQ,EG,korea,2026-07-27
037400.KQ,우리엔터프라이즈,korea,2026-07-27
037440.KQ,희림,korea,2026-07-27
037460.KQ,삼지전자,korea,2026-07-27
037560.KS,LG헬로비전,korea,2026-07-27
037710.KS,광주신세계,korea,2026-07-27
037760.KQ,쎄니트,korea,2026-07-27
037950.KQ,엘컴텍,korea,2026-07-27
038010.KQ,제일테크노스,korea,2026-07-27
038060.KQ,루멘스,korea,2026-07-27
038070.KQ,서린바이오,korea,2026-07-27
038110.KQ,에코플라스틱,korea,2026-07-27
038290.KQ,마크로젠,korea,2026-07-27
038390.KQ,레드캡투어,korea,2026-07-27
038460.KQ,바이오스마트,korea,2026-07-27
038500.KQ,삼표시멘트,korea,2026-07-27
038530.KQ,케이바이오랩스,korea,2026-07-27
038540.KQ,상상인,korea,2026-07-27
038620.KQ,위즈코프,korea,2026-07-27
038680.KQ,에스넷,korea,2026-07-27
038870.KQ,에코심플렉스,korea,2026-07-27
038880.KQ,아이에이,korea,2026-07-27
038950.KQ,파인디지털,korea,2026-07-27
039010.KQ,현대에이치티,korea,2026-07-27
039020.KQ,이건홀딩스,korea,2026-07-27
039030.KQ,이오테크닉스,korea,2026-07-27
039130.KS,하나투어,korea,2026-07-27
039200.KQ,오스코텍,korea,2026-07-27
039240.KQ,경남스틸,korea,2026-07-27
039290.KQ,인포뱅크,korea,2026-07-27
039310.KQ,세중,korea,2026-07-27
039340.KQ,한국경제TV,korea,2026-07-27
039420.KQ,케이엘넷,korea,2026-07-27
039440.KQ,에스티아이,korea,2026-07-27
039490.KS,키움증권,korea,2026-07-27
039560.KQ,다산네트웍스,korea,2026-07-27
039570.KS,HDC랩스,korea,2026-07-27
039610.KQ,화성밸브,korea,2026-07-27
039740.KQ,한국정보공학,korea,2026-07-27
039830.KQ,오로라,korea,2026-07-27
039840.KQ,디오,korea,2026-07-27
039860.KQ,나노엔텍,korea,2026-07-27
039980.KQ,폴라리스AI,korea,2026-07-27
040160.KQ,누리플렉스,korea,2026-07-27
040300.KQ,YTN,korea,2026-07-27
040350.KQ,크레오에스지,korea,2026-07-27
040420.KQ,정상제이엘에스,korea,2026-07-27
040610.KQ,SG&G,korea,2026-07-27
040910.KQ,아이씨디,korea,2026-07-27
041020.KQ,폴라리스오피스,korea,2026-07-27
041190.KQ,우리기술투자,korea,2026-07-27
041440.KQ,현대에버다임,korea,2026-07-27
041460.KQ,한국전자인증,korea,2026-07-27
041510.KQ,에스엠,korea,2026-07-27
041520.KQ,이엘씨,korea,2026-07-27
041590.KQ,플래스크,korea,2026-07-14
041650.KS,상신브레이크,korea,2026-07-27
041830.KQ,인바디,korea,2026-07-27
041910.KQ,폴라리스AI파마,korea,2026-07-27
041920.KQ,메디아나,korea,2026-07-27
041930.KQ,SY동아,korea,2026-07-27
041960.KQ,코미팜,korea,2026-07-27
042000.KQ,카페24,korea,2026-07-27
042040.KQ,케이피엠테크,korea,2026-07-27
042110.KQ,에스씨디,korea,2026-07-27
042370.KQ,비츠로테크,korea,2026-07-27
042420.KQ,네오위즈홀딩스,korea,2026-07-27
042500.KQ,링네트,korea,2026-07-27
042510.KQ,라온시큐어,korea,2026-07-27
042520.KQ,한스바이오메드,korea,2026-07-27
042600.KQ,새로닉스,korea,2026-07-27
042660.KS,한화오션,korea,2026-07-27
042700.KS,한미반도체,korea,2026-07-27
042940.KQ,상지건설,korea,2026-07-27
043090.KQ,더테크놀로지,korea,2026-07-14
043100.KQ,알파AI,korea,2026-07-27
043150.KQ,바텍,korea,2026-07-27
043200.KQ,파루,korea,2026-07-27
043220.KQ,티에스넥스젠,korea,2026-07-14
043260.KQ,성호전자,korea,2026-07-27
043340.KQ,에쎈테크,korea,2026-07-27
043360.KQ,디지아이,korea,2026-07-27
043370.KQ,피에이치에이,korea,2026-07-27
043590.KQ,웰킵스하이텍,korea,2026-07-27
043610.KQ,KT지니뮤직,korea,2026-07-27
043650.KQ,국순당,korea,2026-07-27
043710.KQ,코스리거글로벌,korea,2026-07-27
043910.KQ,자연과환경,korea,2026-07-27
044180.KQ,KD,korea,2026-07-27
044340.KQ,위닉스,korea,2026-07-27
044380.KS,주연테크,korea,2026-07-27
044450.KS,KSS해운,korea,2026-07-27
044480.KQ,빌리언스,korea,2026-07-27
044490.KQ,태웅,korea,2026-07-27
044780.KQ,에이치케이,korea,2026-07-27
044820.KS,코스맥스비티아이,korea,2026-07-27
044960.KQ,이글벳,korea,2026-07-27
044990.KQ,에이치엔에스하이텍,korea,2026-07-27
045060.KQ,오공,korea,2026-07-27
045100.KQ,한양이엔지,korea,2026-07-27
045300.KQ,성우테크론,korea,2026-07-27
045340.KQ,토탈소프트,korea,2026-07-27
045390.KQ,대아티아이,korea,2026-07-27
045510.KQ,정원엔시스,korea,2026-07-27
045520.KQ,크린앤사이언스,korea,2026-07-27
045660.KQ,에이텍,korea,2026-07-27
045970.KQ,코아시아,korea,2026-07-27
046070.KQ,코다코,korea,2026-07-14
046120.KQ,오르비텍,korea,2026-07-27
046210.KQ,HLB파나진,korea,2026-07-27
046310.KQ,백금T&A,korea,2026-07-27
046390.KQ,삼화네트웍스,korea,2026-07-27
046440.KQ,KG파이낸셜,korea,2026-07-27
046890.KQ,서울반도체,korea,2026-07-27
046940.KQ,우원개발,korea,2026-07-27
046970.KQ,우리로,korea,2026-07-27
047040.KS,대우건설,korea,2026-07-27
047050.KS,포스코인터내셔널,korea,2026-07-27
047080.KQ,한빛소프트,korea,2026-07-27
047310.KQ,파워로직스,korea,2026-07-27
047400.KS,유니온머티리얼,korea,2026-07-27
047560.KQ,이스트소프트,korea,2026-07-27
047770.KQ,코데즈컴바인,korea,2026-07-27
047810.KS,한국항공우주,korea,2026-07-27
047820.KQ,초록뱀미디어,korea,2026-07-27
047920.KQ,HLB제약,korea,2026-07-27
048410.KQ,현대바이오,korea,2026-07-27
048430.KQ,유라테크,korea,2026-07-27
048470.KQ,대동스틸,korea,2026-07-27
048530.KQ,인트론바이오,korea,2026-07-27
048550.KQ,SM C&C,korea,2026-07-27
048770.KQ,TPC로보틱스,korea,2026-07-27
048830.KQ,엔피케이,korea,2026-07-27
048870.KQ,시너지이노베이션,korea,2026-07-27
048910.KQ,대원미디어,korea,2026-07-27
049070.KQ,인탑스,korea,2026-07-27
049080.KQ,기가레인,korea,2026-07-27
049120.KQ,파인디앤씨,korea,2026-07-27
049180.KQ,셀루메드,korea,2026-07-27
049430.KQ,코메론,korea,2026-07-27
049470.KQ,비트플래닛,korea,2026-07-27
049480.KQ,오픈베이스,korea,2026-07-27
049520.KQ,유아이엘,korea,2026-07-27
049550.KQ,잉크테크,korea,2026-07-27
049630.KQ,재영솔루텍,korea,2026-07-27
049720.KQ,고려신용정보,korea,2026-07-27
049800.KS,우진플라임,korea,2026-07-27
049830.KQ,승일,korea,2026-07-14
049950.KQ,미래컴퍼니,korea,2026-07-27
049960.KQ,쎌바이오텍,korea,2026-07-27
050090.KQ,비케이홀딩스,korea,2026-07-27
050110.KQ,캠시스,korea,2026-07-27
050120.KQ,ES큐브,korea,2026-07-27
050760.KQ,에스폴리텍,korea,2026-07-27
050860.KQ,아세아텍,korea,2026-07-27
050890.KQ,쏠리드,korea,2026-07-27
050960.KQ,수산아이앤티,korea,2026-07-27
051160.KQ,지어소프트,korea,2026-07-27
051360.KQ,토비스,korea,2026-07-27
051370.KQ,인터플렉스,korea,2026-07-27
051380.KQ,피씨디렉트,korea,2026-07-27
051390.KQ,YW,korea,2026-07-27
051490.KQ,나라엠앤디,korea,2026-07-27
051500.KQ,CJ프레시웨이,korea,2026-07-27
051600.KS,한전KPS,korea,2026-07-27
051630.KS,진양화학,korea,2026-07-27
051780.KQ,큐로홀딩스,korea,2026-07-27
051900.KS,LG생활건강,korea,2026-07-27
051910.KS,LG화학,korea,2026-07-27
051980.KQ,중앙첨단소재,korea,2026-07-27
052020.KQ,에스티큐브,korea,2026-07-27
052220.KQ,iMBC,korea,2026-07-27
052260.KQ,현대바이오랜드,korea,2026-07-27
052300.KQ,오션인더블유,korea,2026-07-27
052330.KQ,코텍,korea,2026-07-27
052400.KQ,코나아이,korea,2026-07-27
052420.KQ,오성첨단소재,korea,2026-07-27
052460.KQ,아이크래프트,korea,2026-07-27
052600.KQ,한네트,korea,2026-07-27
052690.KS,한전기술,korea,2026-07-27
052710.KQ,아모텍,korea,2026-07-27
052770.KQ,아이톡시,korea,2026-07-27
052790.KQ,액토즈소프트,korea,2026-07-27
052860.KQ,아이앤씨,korea,2026-07-27
052900.KQ,KX하이텍,korea,2026-07-27
053030.KQ,바이넥스,korea,2026-07-27
053050.KQ,지에스이,korea,2026-07-27
053060.KQ,세동,korea,2026-07-27
053080.KQ,케이엔솔,korea,2026-07-27
053160.KQ,프리엠스,korea,2026-07-27
053210.KS,케이티스카이라이프,korea,2026-07-27
053260.KQ,금강철강,korea,2026-07-27
053270.KQ,구영테크,korea,2026-07-27
053280.KQ,예스24,korea,2026-07-27
053290.KQ,NE능률,korea,2026-07-27
053300.KQ,한국정보인증,korea,2026-07-27
053350.KQ,이니텍,korea,2026-07-27
053450.KQ,세코닉스,korea,2026-07-27
053580.KQ,웹케시,korea,2026-07-27
053610.KQ,프로텍,korea,2026-07-27
053620.KQ,태양,korea,2026-07-27
053690.KS,한미글로벌,korea,2026-07-27
053700.KQ,삼보모터스,korea,2026-07-27
053800.KQ,안랩,korea,2026-07-27
053950.KQ,경남제약,korea,2026-07-27
053980.KQ,오상자이엘,korea,2026-07-27
054040.KQ,한국컴퓨터,korea,2026-07-27
054050.KQ,NH농우바이오,korea,2026-07-27
054090.KQ,삼진엘앤디,korea,2026-07-27
054180.KQ,메디콕스,korea,2026-07-14
054210.KQ,이랜텍,korea,2026-07-27
054220.KQ,비츠로시스,korea,2026-07-27
054300.KQ,팬스타엔터프라이즈,korea,2026-07-27
054410.KQ,케이피티유,korea,2026-07-27
054450.KQ,텔레칩스,korea,2026-07-27
054540.KQ,삼영엠텍,korea,2026-07-27
054620.KQ,APS,korea,2026-07-27
054670.KQ,대한뉴팜,korea,2026-07-27
054780.KQ,키이스트,korea,2026-07-27
054800.KQ,아이디스홀딩스,korea,2026-07-27
054920.KQ,한컴위드,korea,2026-07-27
054930.KQ,유신,korea,2026-07-27
054940.KQ,엑사이엔씨,korea,2026-07-27
054950.KQ,제이브이엠,korea,2026-07-27
055490.KS,테이팩스,korea,2026-07-27
055550.KS,신한지주,korea,2026-07-27
056080.KQ,유진로봇,korea,2026-07-27
056090.KQ,시지메드텍,korea,2026-07-27
056190.KQ,SFA,korea,2026-07-27
056360.KQ,코위버,korea,2026-07-27
056700.KQ,신화인터텍,korea,2026-07-27
056730.KQ,CNT85,korea,2026-07-27
057030.KQ,YBM넷,korea,2026-07-27
057050.KS,현대홈쇼핑,korea,2026-07-17
057540.KQ,옴니시스템,korea,2026-07-27
057680.KQ,티사이언티픽,korea,2026-07-27
058110.KQ,멕아이씨에스,korea,2026-07-27
058400.KQ,KNN,korea,2026-07-27
058430.KS,포스코스틸리온,korea,2026-07-27
058450.KQ,한주에이알티,korea,2026-07-27
058470.KQ,리노공업,korea,2026-07-27
058610.KQ,에스피지,korea,2026-07-27
058630.KQ,엠게임,korea,2026-07-27
058650.KS,세아홀딩스,korea,2026-07-27
058730.KS,다스코,korea,2026-07-27
058820.KQ,CMG제약,korea,2026-07-27
058850.KS,KTcs,korea,2026-07-27
058860.KS,KTis,korea,2026-07-27
058970.KQ,엠로,korea,2026-07-27
059090.KQ,미코,korea,2026-07-27
059100.KQ,아이컴포넌트,korea,2026-07-27
059120.KQ,아진엑스텍,korea,2026-07-27
059210.KQ,메타바이오메드,korea,2026-07-27
059270.KQ,해성에어로보틱스,korea,2026-07-27
060150.KQ,인선이엔티,korea,2026-07-27
060230.KQ,제이케이시냅스,korea,2026-07-27
060240.KQ,,korea,2026-07-14
060250.KQ,NHN KCP,korea,2026-07-27
060260.KQ,뉴보텍,korea,2026-07-27
060280.KQ,큐렉소,korea,2026-07-27
060310.KQ,3S,korea,2026-07-27
060370.KQ,LS마린솔루션,korea,2026-07-27
060380.KQ,동양에스텍,korea,2026-07-27
060480.KQ,국일신동,korea,2026-07-27
060540.KQ,에스에이티,korea,2026-07-27
060560.KQ,HC홈센타,korea,2026-07-27
060570.KQ,드림어스컴퍼니,korea,2026-07-27
060590.KQ,씨티씨바이오,korea,2026-07-27
060720.KQ,KH바텍,korea,2026-07-27
060850.KQ,영림원소프트랩,korea,2026-07-27
060900.KQ,에이전트AI,korea,2026-07-27
060980.KS,HL홀딩스,korea,2026-07-27
061040.KQ,알에프텍,korea,2026-07-27
061090.KQ,세나테크놀로지,korea,2026-07-27
061250.KQ,화일약품,korea,2026-07-27
061970.KQ,LB세미콘,korea,2026-07-27
062040.KS,산일전기,korea,2026-07-27
062970.KQ,한국첨단소재,korea,2026-07-27
063080.KQ,컴투스홀딩스,korea,2026-07-27
063160.KS,종근당바이오,korea,2026-07-27
063170.KQ,서울옥션,korea,2026-07-27
063440.KQ,SM Life Design,korea,2026-07-27
063570.KQ,NICE인프라,korea,2026-07-27
063760.KQ,이엘피,korea,2026-07-27
064090.KQ,인크레더블버즈,korea,2026-07-27
064240.KQ,홈캐스트,korea,2026-07-27
064260.KQ,다날,korea,2026-07-27
064290.KQ,인텍플러스,korea,2026-07-27
064350.KS,현대로템,korea,2026-07-27
064400.KS,LG씨엔에스,korea,2026-07-27
064480.KQ,브리지텍,korea,2026-07-27
064520.KQ,테크엘,korea,2026-07-27
064550.KQ,바이오니아,korea,2026-07-27
064760.KQ,티씨케이,korea,2026-07-27
064800.KQ,포니링크,korea,2026-07-27
064820.KQ,케이프,korea,2026-07-27
064850.KQ,에프앤가이드,korea,2026-07-27
064960.KS,SNT모티브,korea,2026-07-27
065060.KQ,지엔코,korea,2026-07-27
065130.KQ,탑엔지니어링,korea,2026-07-27
065150.KQ,대산F&B,korea,2026-07-14
065170.KQ,비엘팜텍,korea,2026-07-27
065350.KQ,신성델타테크,korea,2026-07-27
065370.KQ,위세아이텍,korea,2026-07-27
065420.KQ,에스아이리소스,korea,2026-07-27
065440.KQ,이루온,korea,2026-07-27
065450.KQ,빅텍,korea,2026-07-27
065500.KQ,오리엔트정공,korea,2026-07-27
065510.KQ,휴비츠,korea,2026-07-27
065530.KQ,와이어블,korea,2026-07-27
065570.KQ,삼영이엔씨,korea,2026-07-14
065650.KQ,하이퍼코퍼레이션,korea,2026-07-27
065660.KQ,안트로젠,korea,2026-07-27
065680.KQ,우주일렉트로,korea,2026-07-27
065690.KQ,파커스,korea,2026-07-27
065710.KQ,서호전기,korea,2026-07-27
065770.KQ,CS,korea,2026-07-27
065950.KQ,웰크론,korea,2026-07-27
066130.KQ,하츠,korea,2026-07-27
066310.KQ,큐에스아이,korea,2026-07-27
066360.KQ,체리부로,korea,2026-07-27
066410.KQ,버킷스튜디오,korea,2026-07-14
066430.KQ,아이로보틱스,korea,2026-07-27
066570.KS,LG전자,korea,2026-07-27
066590.KQ,스모트로닉,korea,2026-07-27
066620.KQ,국보디자인,korea,2026-07-27
066670.KQ,디티씨,korea,2026-07-27
066700.KQ,테라젠이텍스,korea,2026-07-27
066790.KQ,씨씨에스,korea,2026-07-14
066900.KQ,디에이피,korea,2026-07-27
066910.KQ,손오공,korea,2026-07-27
066970.KS,엘앤에프,korea,2026-07-27
066980.KQ,한성크린텍,korea,2026-07-27
067000.KQ,조이시티,korea,2026-07-27
067010.KQ,이씨에스,korea,2026-07-27
067080.KQ,대화제약,korea,2026-07-27
067160.KQ,SOOP,korea,2026-07-27
067170.KQ,오텍,korea,2026-07-27
067280.KQ,멀티캠퍼스,korea,2026-07-27
067290.KQ,JW신약,korea,2026-07-27
067310.KQ,하나마이크론,korea,2026-07-27
067370.KQ,선바이오,korea,2026-07-27
067390.KQ,아스트,korea,2026-07-27
067570.KQ,엔브이에이치코리아,korea,2026-07-27
067630.KQ,HLB생명과학,korea,2026-07-27
067730.KQ,로지시스,korea,2026-07-27
067770.KQ,세진티에스,korea,2026-07-27
067830.KS,세이브존I&C,korea,2026-07-27
067900.KQ,와이엔텍,korea,2026-07-27
067920.KQ,이글루,korea,2026-07-27
067990.KQ,도이치모터스,korea,2026-07-27
068050.KQ,팬엔터테인먼트,korea,2026-07-27
068100.KQ,케이웨더,korea,2026-07-27
068240.KQ,다원시스,korea,2026-07-27
068270.KS,셀트리온,korea,2026-07-27
068290.KS,삼성출판사,korea,2026-07-27
068330.KQ,일신바이오,korea,2026-07-27
068760.KQ,셀트리온제약,korea,2026-07-27
068790.KQ,DMS,korea,2026-07-14
068930.KQ,디지털대성,korea,2026-07-27
068940.KQ,셀피글로벌,korea,2026-07-14
069080.KQ,웹젠,korea,2026-07-27
069140.KQ,누리플랜,korea,2026-07-27
069260.KS,티케이지휴켐스,korea,2026-07-27
069330.KQ,유아이디,korea,2026-07-27
069410.KQ,엔텔스,korea,2026-07-27
069460.KS,대호에이엘,korea,2026-07-27
069510.KQ,에스텍,korea,2026-07-27
069540.KQ,빛과전자,korea,2026-07-27
069620.KS,대웅제약,korea,2026-07-27
069640.KS,한세엠케이,korea,2026-07-27
069730.KS,DSR제강,korea,2026-07-27
069920.KQ,엑시온그룹,korea,2026-07-27
069960.KS,현대백화점,korea,2026-07-27
070300.KQ,엑스큐어,korea,2026-07-27
070590.KQ,인티큐브,korea,2026-07-27
070960.KS,모나용평,korea,2026-07-27
071050.KS,한국금융지주,korea,2026-07-27
071090.KS,하이스틸,korea,2026-07-27
071200.KQ,인피니트헬스케어,korea,2026-07-27
071280.KQ,로체시스템즈,korea,2026-07-27
071320.KS,지역난방공사,korea,2026-07-27
071670.KQ,에이테크솔루션,korea,2026-07-27
071840.KS,롯데하이마트,korea,2026-07-27
071850.KQ,캐스텍코리아,korea,2026-07-14
071950.KS,코아스,korea,2026-07-27
071970.KS,HD현대마린엔진,korea,2026-07-27
072020.KQ,중앙백신,korea,2026-07-27
072130.KS,유엔젤,korea,2026-07-27
072470.KQ,우리산업홀딩스,korea,2026-07-27
072710.KS,농심홀딩스,korea,2026-07-27
072770.KQ,멤레이비티,korea,2026-07-27
072870.KQ,메가스터디,korea,2026-07-27
072950.KQ,빛샘전자,korea,2026-07-27
072990.KQ,에이치시티,korea,2026-07-27
073010.KQ,케이에스피,korea,2026-07-27
073110.KQ,엘엠에스,korea,2026-07-27
073190.KQ,듀오백,korea,2026-07-27
073240.KS,금호타이어,korea,2026-07-27
073490.KQ,LIG아큐버,korea,2026-07-27
073540.KQ,에프알텍,korea,2026-07-27
073560.KQ,우리손에프앤지,korea,2026-07-27
073570.KQ,리튬포어스,korea,2026-07-27
073640.KQ,테라사이언스,korea,2026-07-14
074430.KQ,아미노로직스,korea,2026-07-27
074600.KQ,원익QnC,korea,2026-07-27
074610.KS,이엔플러스,korea,2026-07-14
075130.KQ,플랜티넷,korea,2026-07-27
075180.KS,새론오토모티브,korea,2026-07-27
075580.KS,세진중공업,korea,2026-07-27
075970.KQ,동국알앤에스,korea,2026-07-27
076080.KQ,웰크론한텍,korea,2026-07-27
076610.KQ,해성옵틱스,korea,2026-07-27
077360.KQ,덕산하이메탈,korea,2026-07-27
077500.KS,유니퀘스트,korea,2026-07-27
077970.KS,STX엔진,korea,2026-07-27
078000.KS,텔코웨어,korea,2026-07-27
078020.KQ,LS증권,korea,2026-07-27
078070.KQ,유비쿼스홀딩스,korea,2026-07-27
078130.KQ,국일제지,korea,2026-07-27
078140.KQ,대봉엘에스,korea,2026-07-27
078150.KQ,HB테크놀러지,korea,2026-07-27
078160.KQ,메디포스트,korea,2026-07-27
078340.KQ,컴투스,korea,2026-07-27
078350.KQ,한양디지텍,korea,2026-07-27
078520.KS,에이블씨엔씨,korea,2026-07-27
078590.KQ,휴림에이텍,korea,2026-07-27
078600.KQ,대주전자재료,korea,2026-07-27
078860.KQ,아이오케이이엔엠,korea,2026-07-27
078890.KQ,가온그룹,korea,2026-07-27
078930.KS,GS,korea,2026-07-27
079000.KQ,와토스코리아,korea,2026-07-27
079160.KS,CJ CGV,korea,2026-07-27
079170.KQ,한창산업,korea,2026-07-27
079190.KQ,케스피온,korea,2026-07-27
079370.KQ,제우스,korea,2026-07-27
079430.KS,현대리바트,korea,2026-07-27
079550.KS,LIG디펜스앤에어로스페이스,korea,2026-07-27
079650.KQ,서산,korea,2026-07-27
079810.KQ,APS이노베이션,korea,2026-07-27
079900.KS,전진건설로봇,korea,2026-07-27
079940.KQ,가비아,korea,2026-07-27
079950.KQ,인베니아,korea,2026-07-27
079960.KQ,동양이엔피,korea,2026-07-27
079970.KQ,투비소프트,korea,2026-07-14
079980.KS,휴비스,korea,2026-07-27
080010.KQ,이상네트웍스,korea,2026-07-27
080160.KQ,모두투어,korea,2026-07-27
080220.KQ,제주반도체,korea,2026-07-27
080420.KQ,모다이노칩,korea,2026-07-27
080470.KQ,성창오토텍,korea,2026-07-27
080520.KQ,오디텍,korea,2026-07-27
080530.KQ,코디,korea,2026-07-27
080580.KQ,오킨스전자,korea,2026-07-27
080720.KQ,한국유니온제약,korea,2026-07-14
081000.KS,일진다이아,korea,2026-07-27
081150.KQ,티플랙스,korea,2026-07-27
081180.KQ,쎄크,korea,2026-07-27
081580.KQ,성우전자,korea,2026-07-27
081660.KS,미스토홀딩스,korea,2026-07-27
082210.KQ,옵트론텍,korea,2026-07-27
082270.KQ,젬백스,korea,2026-07-27
082640.KS,동양생명,korea,2026-07-27
082660.KQ,코스나인,korea,2026-07-14
082740.KS,한화엔진,korea,2026-07-27
082800.KQ,비보존 제약,korea,2026-07-27
082850.KQ,우리바이오,korea,2026-07-27
082920.KQ,비츠로셀,korea,2026-07-27
083310.KQ,엘오티베큠,korea,2026-07-27
083420.KS,그린케미칼,korea,2026-07-27
083450.KQ,GST,korea,2026-07-27
083470.KQ,이엠앤아이,korea,2026-07-27
083500.KQ,에프엔에스테크,korea,2026-07-27
083550.KQ,케이엠,korea,2026-07-27
083640.KQ,인콘,korea,2026-07-27
083650.KQ,비에이치아이,korea,2026-07-27
083660.KQ,CSA 코스믹,korea,2026-07-27
083790.KQ,CG인바이츠,korea,2026-07-27
083930.KQ,아바코,korea,2026-07-27
084010.KS,대한제강,korea,2026-07-27
084110.KQ,휴온스글로벌,korea,2026-07-27
084180.KQ,수성웹툰,korea,2026-07-27
084370.KQ,유진테크,korea,2026-07-27
084440.KQ,유비온,korea,2026-07-27
084650.KQ,랩지노믹스,korea,2026-07-27
084670.KS,동양고속,korea,2026-07-27
084680.KS,이월드,korea,2026-07-27
084690.KS,대상홀딩스,korea,2026-07-27
084730.KQ,팅크웨어,korea,2026-07-27
084850.KQ,아이티엠반도체,korea,2026-07-27
084870.KS,티비에이치글로벌,korea,2026-07-27
084990.KQ,헬릭스미스,korea,2026-07-27
085310.KS,엔케이,korea,2026-07-27
085620.KS,미래에셋생명,korea,2026-07-27
085660.KQ,차바이오텍,korea,2026-07-27
085670.KQ,뉴프렉스,korea,2026-07-27
085810.KQ,알티캐스트,korea,2026-07-27
085910.KQ,네오티스,korea,2026-07-27
086040.KQ,바이오톡스텍,korea,2026-07-27
086060.KQ,진바이오텍,korea,2026-07-27
086280.KS,현대글로비스,korea,2026-07-27
086390.KQ,유니테스트,korea,2026-07-27
086450.KQ,동국제약,korea,2026-07-27
086520.KQ,에코프로,korea,2026-07-27
086670.KQ,비엠티,korea,2026-07-27
086710.KQ,선진뷰티사이언스,korea,2026-07-27
086790.KS,하나금융지주,korea,2026-07-27
086820.KQ,바이오솔루션,korea,2026-07-27
086890.KQ,이수앱지스,korea,2026-07-27
086900.KQ,메디톡스,korea,2026-07-27
086960.KQ,MDS테크,korea,2026-07-27
086980.KQ,쇼박스,korea,2026-07-27
087010.KQ,펩트론,korea,2026-07-27
087260.KQ,모바일어플라이언스,korea,2026-07-27
087600.KQ,픽셀플러스,korea,2026-07-27
088130.KQ,동아엘텍,korea,2026-07-27
088260.KS,이리츠코크렙,korea,2026-07-27
088280.KQ,쏘닉스,korea,2026-07-27
088290.KQ,이원컴포텍,korea,2026-07-27
088340.KQ,유라클,korea,2026-07-27
088350.KS,한화생명,korea,2026-07-27
088390.KQ,이녹스,korea,2026-07-27
088790.KS,진도,korea,2026-07-27
088800.KQ,에이스테크,korea,2026-07-27
088910.KQ,동우팜투테이블,korea,2026-07-27
088980.KS,맥쿼리인프라,korea,2026-07-27
089010.KQ,켐트로닉스,korea,2026-07-27
089030.KQ,테크윙,korea,2026-07-27
089140.KQ,넥스턴앤롤코리아,korea,2026-07-27
089150.KQ,케이씨티,korea,2026-07-27
089230.KQ,THE E&M,korea,2026-07-27
089470.KS,HDC현대EP,korea,2026-07-27
089590.KS,제주항공,korea,2026-07-27
089600.KQ,KT나스미디어,korea,2026-07-27
089790.KQ,제이티,korea,2026-07-27
089850.KQ,유비벨록스,korea,2026-07-27
089860.KS,롯데렌탈,korea,2026-07-27
089890.KQ,코세스,korea,2026-07-27
089970.KQ,브이엠,korea,2026-07-27
089980.KQ,상아프론테크,korea,2026-07-27
090080.KS,평화산업,korea,2026-07-27
090150.KQ,아이윈,korea,2026-07-27
090350.KS,노루페인트,korea,2026-07-27
090360.KQ,로보스타,korea,2026-07-27
090370.KS,메타랩스,korea,2026-07-27
090410.KQ,덕신이피씨,korea,2026-07-27
090430.KS,아모레퍼시픽,korea,2026-07-27
090460.KS,비에이치,korea,2026-07-27
090470.KQ,제이스로보틱스,korea,2026-07-27
090710.KQ,휴림로봇,korea,2026-07-27
090850.KQ,현대이지웰,korea,2026-07-27
091120.KQ,이엠텍,korea,2026-07-27
091340.KQ,S&K폴리텍,korea,2026-07-27
091440.KQ,한울소재과학,korea,2026-07-27
091580.KQ,상신이디피,korea,2026-07-27
091590.KQ,남화토건,korea,2026-07-27
091700.KQ,파트론,korea,2026-07-27
091810.KS,트리니티항공,korea,2026-07-27
091970.KQ,LSK아이로봇,korea,2026-07-27
092040.KQ,아미코젠,korea,2026-07-27
092070.KQ,디엔에프,korea,2026-07-27
092130.KQ,이크레더블,korea,2026-07-27
092190.KQ,서울바이오시스,korea,2026-07-27
092200.KS,디아이씨,korea,2026-07-27
092220.KS,KEC,korea,2026-07-27
092230.KS,KPX홀딩스,korea,2026-07-27
092300.KQ,현우산업,korea,2026-07-27
092440.KS,기신정기,korea,2026-07-27
092460.KQ,한라IMS,korea,2026-07-27
092600.KQ,앤씨앤,korea,2026-07-27
092730.KQ,네오팜,korea,2026-07-27
092780.KS,DYP,korea,2026-07-27
092790.KS,넥스틸,korea,2026-07-27
092870.KQ,엑시콘,korea,2026-07-27
093050.KS,LF,korea,2026-07-27
093190.KQ,빅솔론,korea,2026-07-27
093240.KS,형지엘리트,korea,2026-07-27
093320.KQ,케이아이엔엑스,korea,2026-07-27
093370.KS,후성,korea,2026-07-27
093380.KQ,풍강,korea,2026-07-27
093520.KQ,매커스,korea,2026-07-27
093640.KQ,케이알엠,korea,2026-07-27
093920.KQ,서원인텍,korea,2026-07-27
094170.KQ,동운아나텍,korea,2026-07-27
094280.KS,효성 ITX,korea,2026-07-27
094360.KQ,칩스앤미디어,korea,2026-07-27
094480.KQ,갤럭시아머니트리,korea,2026-07-27
094800.KS,맵스리얼티,korea,2026-07-27
094820.KQ,일진파워,korea,2026-07-27
094840.KQ,슈프리마에이치큐,korea,2026-07-27
094850.KQ,참좋은여행,korea,2026-07-27
094860.KQ,네오리진,korea,2026-07-27
094940.KQ,푸른로보틱스,korea,2026-07-27
094970.KQ,제이엠티,korea,2026-07-27
095190.KQ,신화프리텍,korea,2026-07-27
095270.KQ,웨이브일렉트로,korea,2026-07-27
095340.KQ,ISC,korea,2026-07-27
095500.KQ,미래나노텍,korea,2026-07-27
095570.KS,AJ네트웍스,korea,2026-07-27
095610.KQ,테스,korea,2026-07-27
095660.KQ,네오위즈,korea,2026-07-27
095700.KQ,제넥신,korea,2026-07-27
095720.KS,웅진씽크빅,korea,2026-07-27
095910.KQ,에스에너지,korea,2026-07-27
096240.KQ,크레버스,korea,2026-07-27
096250.KQ,와이즈넛,korea,2026-07-27
096350.KQ,대창솔루션,korea,2026-07-27
096530.KQ,씨젠,korea,2026-07-27
096610.KQ,알에프세미,korea,2026-07-14
096630.KQ,에스코넥,korea,2026-07-27
096690.KQ,에이루트,korea,2026-07-27
096760.KS,JW홀딩스,korea,2026-07-27
096770.KS,SK이노베이션,korea,2026-07-27
096870.KQ,엘디티,korea,2026-07-27
097230.KS,HJ중공업,korea,2026-07-27
097520.KS,엠씨넥스,korea,2026-07-27
097780.KQ,에코볼트,korea,2026-07-14
097800.KQ,윈팩,korea,2026-07-27
097870.KQ,효성오앤비,korea,2026-07-27
097950.KS,CJ제일제당,korea,2026-07-27
098070.KQ,한텍,korea,2026-07-27
098120.KQ,마이크로컨텍솔,korea,2026-07-27
098460.KQ,고영,korea,2026-07-27
098660.KQ,에스티오,korea,2026-07-27
099190.KQ,아이센스,korea,2026-07-27
099220.KQ,SDN,korea,2026-07-27
099320.KQ,쎄트렉아이,korea,2026-07-27
099390.KQ,브레인즈컴퍼니,korea,2026-07-27
099410.KQ,동방선기,korea,2026-07-27
099430.KQ,바이오플러스,korea,2026-07-27
099440.KQ,스맥,korea,2026-07-27
099520.KQ,DGI,korea,2026-07-14
099750.KQ,이지케어텍,korea,2026-07-27
100030.KQ,인지소프트,korea,2026-07-27
100090.KS,SK오션플랜트,korea,2026-07-27
100120.KQ,뷰웍스,korea,2026-07-27
100130.KQ,동국S&C,korea,2026-07-27
100220.KS,비상교육,korea,2026-07-27
100250.KS,진양홀딩스,korea,2026-07-27
100590.KQ,머큐리,korea,2026-07-27
100660.KQ,서암기계공업,korea,2026-07-27
100700.KQ,세운메디칼,korea,2026-07-27
100790.KQ,미래에셋벤처투자,korea,2026-07-27
100840.KS,SNT에너지,korea,2026-07-27
101000.KQ,KS인더스트리,korea,2026-07-27
101140.KS,인바이오젠,korea,2026-07-27
101160.KQ,월덱스,korea,2026-07-27
101170.KQ,우림피티에스,korea,2026-07-27
101240.KQ,씨큐브,korea,2026-07-27
101330.KQ,모베이스,korea,2026-07-27
101360.KQ,에코앤드림,korea,2026-07-27
101400.KQ,엔시트론,korea,2026-07-27
101490.KQ,에스앤에스텍,korea,2026-07-27
101530.KS,해태제과식품,korea,2026-07-27
101670.KQ,하이드로리튬,korea,2026-07-27
101680.KQ,한국정밀기계,korea,2026-07-27
101730.KQ,위메이드맥스,korea,2026-07-27
101930.KQ,인화정공,korea,2026-07-27
101970.KQ,우양에이치씨,korea,2026-07-27
102120.KQ,어보브반도체,korea,2026-07-27
102260.KS,동성케미컬,korea,2026-07-27
102370.KQ,케이옥션,korea,2026-07-27
102460.KS,이연제약,korea,2026-07-27
102710.KQ,이엔에프테크놀로지,korea,2026-07-27
102940.KQ,코오롱생명과학,korea,2026-07-27
103140.KS,풍산,korea,2026-07-27
103230.KQ,에스앤더블류,korea,2026-07-27
103590.KS,일진전기,korea,2026-07-27
103840.KQ,우양,korea,2026-07-27
104040.KQ,디에스엠,korea,2026-07-27
104200.KQ,NHN벅스,korea,2026-07-27
104460.KQ,디와이피엔에프,korea,2026-07-27
104480.KQ,티케이케미칼,korea,2026-07-27
104540.KQ,코렌텍,korea,2026-07-27
104620.KQ,노랑풍선,korea,2026-07-27
104700.KS,한국철강,korea,2026-07-27
104830.KQ,원익머트리얼즈,korea,2026-07-27
105330.KQ,케이엔더블유,korea,2026-07-27
105550.KQ,엣지파운드리,korea,2026-07-27
105560.KS,KB금융,korea,2026-07-27
105630.KS,한세실업,korea,2026-07-27
105740.KQ,디케이락,korea,2026-07-27
105760.KQ,포스뱅크,korea,2026-07-27
105840.KS,우진,korea,2026-07-27
106080.KQ,케이이엠텍,korea,2026-07-27
106190.KQ,하이텍팜,korea,2026-07-27
106240.KQ,파인테크닉스,korea,2026-07-27
107590.KS,미원홀딩스,korea,2026-07-27
107600.KQ,새빗켐,korea,2026-07-27
107640.KQ,한중엔시에스,korea,2026-07-27
108230.KQ,톱텍,korea,2026-07-27
108320.KS,LX세미콘,korea,2026-07-27
108380.KQ,대양전기공업,korea,2026-07-27
108490.KQ,로보티즈,korea,2026-07-27
108670.KS,LX하우시스,korea,2026-07-27
108860.KQ,셀바스AI,korea,2026-07-27
109070.KS,주성코퍼레이션,korea,2026-07-27
109080.KQ,옵티시스,korea,2026-07-27
109610.KQ,에스와이,korea,2026-07-27
109670.KQ,씨싸이트,korea,2026-07-27
109740.KQ,디에스케이,korea,2026-07-27
109820.KQ,진매트릭스,korea,2026-07-27
109860.KQ,동일금속,korea,2026-07-27
109960.KQ,앱토크롬,korea,2026-07-27
110020.KQ,전진바이오팜,korea,2026-07-27
110790.KQ,크리스에프앤씨,korea,2026-07-27
110990.KQ,디아이티,korea,2026-07-27
111110.KS,호전실업,korea,2026-07-27
111380.KS,동인기연,korea,2026-07-27
111710.KQ,남화산업,korea,2026-07-27
111770.KS,영원무역,korea,2026-07-27
112040.KQ,위메이드,korea,2026-07-27
112290.KQ,와이씨켐,korea,2026-07-27
112610.KS,씨에스윈드,korea,2026-07-27
113810.KQ,디젠스,korea,2026-07-27
114090.KS,GKL,korea,2026-07-27
114190.KQ,강원에너지,korea,2026-07-27
114450.KQ,그린생명과학,korea,2026-07-27
114630.KQ,폴라리스우노,korea,2026-07-27
114810.KQ,한솔아이원스,korea,2026-07-27
114840.KQ,아이패밀리에스씨,korea,2026-07-27
115160.KQ,휴맥스,korea,2026-07-27
115180.KQ,큐리언트,korea,2026-07-27
115310.KQ,인포바인,korea,2026-07-27
115440.KQ,우리넷,korea,2026-07-27
115450.KQ,HLB테라퓨틱스,korea,2026-07-27
115480.KQ,씨유메디칼,korea,2026-07-27
115500.KQ,케이씨에스,korea,2026-07-27
115530.KQ,씨엔플러스,korea,2026-07-27
115570.KQ,스타플렉스,korea,2026-07-27
115610.KQ,이미지스,korea,2026-07-27
117580.KS,대성에너지,korea,2026-07-27
117670.KQ,알파칩스,korea,2026-07-27
117730.KQ,티로보틱스,korea,2026-07-27
118000.KS,메타케어,korea,2026-07-27
118990.KQ,모트렉스,korea,2026-07-27
119500.KQ,포메탈,korea,2026-07-27
119610.KQ,인터로조,korea,2026-07-27
119650.KS,KC코트렐,korea,2026-07-14
119830.KQ,아이텍,korea,2026-07-27
119850.KQ,지엔씨에너지,korea,2026-07-27
120030.KS,조선선재,korea,2026-07-27
120110.KS,코오롱인더,korea,2026-07-27
120240.KQ,대정화금,korea,2026-07-27
121440.KQ,골프존홀딩스,korea,2026-07-27
121600.KQ,나노신소재,korea,2026-07-27
121800.KQ,비덴트,korea,2026-07-14
121850.KQ,코이즈,korea,2026-07-27
121890.KQ,에스디시스템,korea,2026-07-27
122310.KQ,제노레이,korea,2026-07-27
122350.KQ,삼기,korea,2026-07-27
122450.KQ,KX,korea,2026-07-27
122640.KQ,예스티,korea,2026-07-27
122690.KQ,서진오토모티브,korea,2026-07-27
122870.KQ,와이지엔터테인먼트,korea,2026-07-27
122900.KS,아이마켓코리아,korea,2026-07-27
122990.KQ,와이솔,korea,2026-07-27
123010.KQ,알엔티엑스,korea,2026-07-27
123040.KQ,엠에스오토텍,korea,2026-07-27
123330.KQ,제닉,korea,2026-07-27
123410.KQ,코리아에프티,korea,2026-07-27
123420.KQ,위메이드플레이,korea,2026-07-27
123570.KQ,이엠넷,korea,2026-07-27
123690.KS,한국화장품,korea,2026-07-27
123700.KS,에스제이엠,korea,2026-07-27
123750.KQ,알톤,korea,2026-07-27
123840.KQ,뉴온,korea,2026-07-27
123860.KQ,아나패스,korea,2026-07-27
123890.KS,한국자산신탁,korea,2026-07-27
124500.KQ,아이티센글로벌,korea,2026-07-27
124560.KQ,태웅로직스,korea,2026-07-27
125020.KQ,티씨머티리얼즈,korea,2026-07-27
125210.KQ,아모그린텍,korea,2026-07-27
125490.KQ,한라캐스트,korea,2026-07-27
126340.KQ,비나텍,korea,2026-07-27
126560.KS,현대퓨처넷,korea,2026-07-27
126600.KQ,BGF에코머티리얼즈,korea,2026-07-27
126640.KQ,화신정공,korea,2026-07-27
126700.KQ,하이비젼시스템,korea,2026-07-27
126720.KS,수산인더스트리,korea,2026-07-27
126730.KQ,코칩,korea,2026-07-27
126880.KQ,제이엔케이글로벌,korea,2026-07-27
127120.KQ,제이에스링크,korea,2026-07-27
127710.KQ,아시아경제,korea,2026-07-27
127980.KQ,화인써키트,korea,2026-07-27
128540.KQ,에코캡,korea,2026-07-27
128660.KQ,피제이메탈,korea,2026-07-27
128820.KS,대성산업,korea,2026-07-27
128940.KS,한미약품,korea,2026-07-27
129260.KS,인터지스,korea,2026-07-27
129890.KQ,앱코,korea,2026-07-27
129920.KQ,대성하이텍,korea,2026-07-27
130500.KQ,GH신소재,korea,2026-07-27
130580.KQ,나이스디앤비,korea,2026-07-27
130660.KS,한전산업,korea,2026-07-27
130740.KQ,티피씨글로벌,korea,2026-07-27
131030.KQ,옵투스제약,korea,2026-07-27
131090.KQ,시큐브,korea,2026-07-27
131100.KQ,티엔엔터테인먼트,korea,2026-07-27
131180.KQ,딜리,korea,2026-07-27
131220.KQ,대한과학,korea,2026-07-27
131290.KQ,티에스이,korea,2026-07-27
131370.KQ,알서포트,korea,2026-07-27
131400.KQ,이브이첨단소재,korea,2026-07-27
131760.KQ,파인텍,korea,2026-07-27
131970.KQ,두산테스나,korea,2026-07-27
133750.KQ,메가엠디,korea,2026-07-27
133820.KS,화인베스틸,korea,2026-07-27
134060.KQ,이퓨쳐,korea,2026-07-27
134380.KS,미원화학,korea,2026-07-27
134580.KQ,탑코미디어,korea,2026-07-27
134790.KS,시디즈,korea,2026-07-27
136150.KQ,원일티엔아이,korea,2026-07-27
136410.KQ,아셈스,korea,2026-07-27
136480.KQ,하림,korea,2026-07-27
136490.KS,선진,korea,2026-07-27
136540.KQ,윈스테크넷,korea,2026-07-27
137080.KQ,나래나노텍,korea,2026-07-27
137310.KS,에스디바이오센서,korea,2026-07-27
137400.KQ,피엔티,korea,2026-07-27
137940.KQ,넥스트아이,korea,2026-07-27
137950.KQ,제이씨케미칼,korea,2026-07-27
138040.KS,메리츠금융지주,korea,2026-07-27
138070.KQ,신진에스엠,korea,2026-07-27
138080.KQ,오이솔루션,korea,2026-07-27
138360.KQ,앤로보틱스,korea,2026-07-27
138610.KQ,나이벡,korea,2026-07-27
138930.KS,BNK금융지주,korea,2026-07-27
139130.KS,iM금융지주,korea,2026-07-27
139480.KS,이마트,korea,2026-07-27
139670.KQ,키네마스터,korea,2026-07-27
139990.KS,아주스틸,korea,2026-07-27
140070.KQ,서플러스글로벌,korea,2026-07-27
140410.KQ,메지온,korea,2026-07-27
140430.KQ,카티스,korea,2026-07-27
140520.KQ,대창스틸,korea,2026-07-27
140670.KQ,알에스오토메이션,korea,2026-07-27
140860.KQ,파크시스템스,korea,2026-07-27
141000.KQ,비아트론,korea,2026-07-27
141080.KQ,리가켐바이오,korea,2026-07-27
142210.KQ,유니트론텍,korea,2026-07-27
142280.KQ,녹십자엠에스,korea,2026-07-27
142760.KQ,모아라이프플러스,korea,2026-07-27
143160.KQ,아이디스,korea,2026-07-27
143210.KS,핸즈코퍼레이션,korea,2026-07-27
143240.KQ,사람인,korea,2026-07-27
143540.KQ,영우디에스피,korea,2026-07-27
144510.KQ,지씨셀,korea,2026-07-27
144960.KQ,뉴파워프라즈마,korea,2026-07-27
145020.KQ,휴젤,korea,2026-07-27
145170.KQ,노브랜드,korea,2026-07-27
145210.KS,다이나믹디자인,korea,2026-07-27
145270.KS,케이탑리츠,korea,2026-07-27
145720.KS,덴티움,korea,2026-07-27
145990.KS,삼양사,korea,2026-07-27
146060.KQ,율촌,korea,2026-07-27
146320.KQ,비씨엔씨,korea,2026-07-27
147760.KQ,피엠티,korea,2026-07-27
147830.KQ,제룡산업,korea,2026-07-27
148150.KQ,세경하이테크,korea,2026-07-27
148250.KQ,알엔투테크놀로지,korea,2026-07-27
148780.KQ,비큐AI,korea,2026-07-27
148930.KQ,에이치와이티씨,korea,2026-07-27
149950.KQ,아바텍,korea,2026-07-27
149980.KQ,하이로닉,korea,2026-07-14
150900.KQ,파수AI,korea,2026-07-27
151860.KQ,KG에코솔루션,korea,2026-07-27
153460.KQ,네이블,korea,2026-07-27
153490.KQ,우리이앤엘하루틴,korea,2026-07-27
153710.KQ,옵티팜,korea,2026-07-27
153890.KQ,져스텍,korea,2026-07-27
154030.KQ,아시아종묘,korea,2026-07-27
154040.KQ,다산솔루에타,korea,2026-07-27
155650.KQ,와이엠씨,korea,2026-07-27
155660.KS,DSR,korea,2026-07-27
156100.KQ,엘앤케이바이오,korea,2026-07-27
158430.KQ,아톤,korea,2026-07-27
159010.KQ,아스플로,korea,2026-07-27
159580.KQ,제로투세븐,korea,2026-07-27
159910.KQ,에코글로우,korea,2026-07-27
160190.KQ,하이젠알앤엠,korea,2026-07-27
160550.KQ,NEW,korea,2026-07-27
160980.KQ,싸이맥스,korea,2026-07-27
161000.KS,애경케미칼,korea,2026-07-27
161390.KS,한국타이어앤테크놀로지,korea,2026-07-27
161580.KQ,필옵틱스,korea,2026-07-27
161890.KS,한국콜마,korea,2026-07-27
162300.KQ,신스틸,korea,2026-07-27
163280.KQ,에어레인,korea,2026-07-27
163560.KS,동일고무벨트,korea,2026-07-27
163730.KQ,핑거,korea,2026-07-27
166090.KQ,하나머티리얼즈,korea,2026-07-27
166480.KQ,코아스템켐온,korea,2026-07-27
168330.KQ,내츄럴엔도텍,korea,2026-07-27
168360.KQ,펨트론,korea,2026-07-27
169330.KQ,엠브레인,korea,2026-07-27
170030.KQ,현대공업,korea,2026-07-27
170790.KQ,파이오링크,korea,2026-07-27
170900.KS,동아에스티,korea,2026-07-27
170920.KQ,엘티씨,korea,2026-07-27
171010.KQ,램테크놀러지,korea,2026-07-27
171090.KQ,선익시스템,korea,2026-07-27
171120.KQ,라이온켐텍,korea,2026-07-27
172670.KQ,에이엘티,korea,2026-07-27
173130.KQ,오파스넷,korea,2026-07-27
173940.KQ,에프엔씨엔터,korea,2026-07-27
174900.KQ,앱클론,korea,2026-07-27
175140.KQ,아고스,korea,2026-07-27
175250.KQ,아이큐어,korea,2026-07-14
175330.KS,JB금융지주,korea,2026-07-27
176750.KQ,듀켐바이오,korea,2026-07-27
177350.KQ,베셀,korea,2026-07-27
177830.KQ,파버나인,korea,2026-07-27
177900.KQ,쓰리에이로직스,korea,2026-07-27
178320.KQ,서진시스템,korea,2026-07-27
178780.KQ,일월지엠엘,korea,2026-07-27
178920.KS,PI첨단소재,korea,2026-07-27
179290.KQ,엠아이텍,korea,2026-07-27
179530.KQ,애드바이오텍,korea,2026-07-27
179900.KQ,유티아이,korea,2026-07-27
180400.KQ,DXVX,korea,2026-07-27
180640.KS,한진칼,korea,2026-07-27
181710.KS,NHN,korea,2026-07-27
182360.KQ,큐브엔터,korea,2026-07-27
182400.KQ,엔케이젠바이오텍코리아,korea,2026-07-14
183190.KS,아세아시멘트,korea,2026-07-27
183300.KQ,코미코,korea,2026-07-27
183490.KQ,엔지켐생명과학,korea,2026-07-27
184230.KQ,SGA솔루션즈,korea,2026-07-27
185490.KQ,아이진,korea,2026-07-27
185750.KS,종근당,korea,2026-07-27
186230.KQ,그린플러스,korea,2026-07-27
187220.KQ,디티앤씨,korea,2026-07-27
187270.KQ,신화콘텍,korea,2026-07-27
187420.KQ,HLB제넥스,korea,2026-07-27
187660.KQ,페니트리움바이오,korea,2026-07-27
187790.KQ,나노,korea,2026-07-27
187870.KQ,디바이스,korea,2026-07-27
188040.KQ,바이오포트,korea,2026-07-27
188260.KQ,세니젠,korea,2026-07-27
189300.KQ,인텔리안테크,korea,2026-07-27
189330.KQ,씨이랩,korea,2026-07-27
189690.KQ,포시에스,korea,2026-07-27
189860.KQ,서전기전,korea,2026-07-27
189980.KQ,흥국에프엔비,korea,2026-07-27
190510.KQ,나무가,korea,2026-07-27
190650.KQ,코리아에셋투자증권,korea,2026-07-27
191410.KQ,육일씨엔에쓰,korea,2026-07-27
191420.KQ,테고사이언스,korea,2026-07-27
192080.KS,더블유게임즈,korea,2026-07-27
192250.KQ,케이사인,korea,2026-07-27
192390.KQ,윈하이텍,korea,2026-07-27
192400.KS,쿠쿠홀딩스,korea,2026-07-27
192410.KQ,오늘이엔엠,korea,2026-07-27
192440.KQ,슈피겐코리아,korea,2026-07-27
192650.KS,드림텍,korea,2026-07-27
192820.KS,코스맥스,korea,2026-07-27
193250.KQ,링크드,korea,2026-07-27
194370.KS,제이에스코퍼레이션,korea,2026-07-27
194480.KQ,데브시스터즈,korea,2026-07-27
194700.KQ,노바렉스,korea,2026-07-27
195500.KQ,마니커에프앤지,korea,2026-07-27
195870.KS,해성디에스,korea,2026-07-27
195940.KQ,HK이노엔,korea,2026-07-27
195990.KQ,루트K,korea,2026-07-27
196170.KQ,알테오젠,korea,2026-07-27
196300.KQ,HLB펩,korea,2026-07-27
196450.KQ,코아시아씨엠,korea,2026-07-27
196490.KQ,디에이테크놀로지,korea,2026-07-14
196700.KQ,웹스,korea,2026-07-27
197140.KQ,디지캡,korea,2026-07-27
198080.KQ,캐프,korea,2026-07-27
198440.KQ,강동씨앤엘,korea,2026-07-27
198940.KQ,한주라이트메탈,korea,2026-07-27
199430.KQ,케이엔알시스템,korea,2026-07-27
199480.KQ,뱅크웨어글로벌,korea,2026-07-27
199550.KQ,레이저옵텍,korea,2026-07-27
199730.KQ,바이오인프라,korea,2026-07-27
199800.KQ,툴젠,korea,2026-07-27
199820.KQ,제일일렉트릭,korea,2026-07-27
200130.KQ,콜마비앤에이치,korea,2026-07-27
200230.KQ,텔콘RF제약,korea,2026-07-27
200350.KQ,아티스트스튜디오,korea,2026-07-27
200470.KQ,에이팩트,korea,2026-07-27
200670.KQ,휴메딕스,korea,2026-07-27
200710.KQ,에이디테크놀로지,korea,2026-07-27
200780.KQ,비씨월드제약,korea,2026-07-27
200880.KS,서연이화,korea,2026-07-27
201490.KQ,미투온,korea,2026-07-27
203400.KQ,에이비온,korea,2026-07-27
203450.KQ,유니온바이오메트릭스,korea,2026-07-27
203650.KQ,드림시큐리티,korea,2026-07-27
204020.KQ,그리티,korea,2026-07-27
204270.KQ,제이앤티씨,korea,2026-07-27
204320.KS,HL만도,korea,2026-07-27
204610.KQ,티쓰리,korea,2026-07-27
204620.KQ,글로벌텍스프리,korea,2026-07-27
204840.KQ,지엘팜텍,korea,2026-07-27
205100.KQ,엑셈,korea,2026-07-27
205470.KQ,휴마시스,korea,2026-07-27
205500.KQ,넥써쓰,korea,2026-07-27
206400.KQ,베노티앤알,korea,2026-07-27
206560.KQ,덱스터,korea,2026-07-27
206640.KQ,바디텍메드,korea,2026-07-27
206650.KQ,유바이오로직스,korea,2026-07-27
207760.KQ,미스터블루,korea,2026-07-27
207940.KS,삼성바이오로직스,korea,2026-07-27
208140.KQ,정다운,korea,2026-07-27
208350.KQ,지란지교시큐리티,korea,2026-07-27
208370.KQ,셀바스헬스케어,korea,2026-07-27
208640.KQ,썸에이지,korea,2026-07-27
208710.KQ,포톤,korea,2026-07-27
208860.KQ,다산디엠씨,korea,2026-07-27
209640.KQ,와이제이링크,korea,2026-07-27
210120.KQ,캔버스엔,korea,2026-07-27
210540.KS,디와이파워,korea,2026-07-27
210980.KS,SK디앤디,korea,2026-07-27
211050.KQ,인카금융서비스,korea,2026-07-27
211270.KQ,AP위성,korea,2026-07-27
212560.KQ,네오오토,korea,2026-07-27
212710.KQ,아이에스티이,korea,2026-07-27
213420.KQ,덕산네오룩스,korea,2026-07-27
213500.KS,한솔제지,korea,2026-07-27
214150.KQ,클래시스,korea,2026-07-27
214180.KQ,헥토이노베이션,korea,2026-07-27
214260.KQ,라파스,korea,2026-07-27
214270.KQ,FSN,korea,2026-07-27
214320.KS,이노션,korea,2026-07-27
214330.KS,금호에이치티,korea,2026-07-27
214370.KQ,케어젠,korea,2026-07-27
214390.KS,경보제약,korea,2026-07-27
214420.KS,토니모리,korea,2026-07-27
214430.KQ,아이쓰리시스템,korea,2026-07-27
214450.KQ,파마리서치,korea,2026-07-27
214610.KQ,롤링스톤,korea,2026-07-27
214680.KQ,디알텍,korea,2026-07-27
215000.KQ,골프존,korea,2026-07-27
215090.KQ,솔디펜스,korea,2026-07-27
215100.KQ,로보로보,korea,2026-07-27
215200.KQ,메가스터디교육,korea,2026-07-27
215360.KQ,우리산업,korea,2026-07-27
215380.KQ,콜마바이오텍,korea,2026-07-27
215480.KQ,토박스코리아,korea,2026-07-27
215600.KQ,신라젠,korea,2026-07-27
215790.KQ,이노인스트루먼트,korea,2026-07-27
216050.KQ,인크로스,korea,2026-07-27
216080.KQ,제테마,korea,2026-07-27
217190.KQ,제너셈,korea,2026-07-27
217270.KQ,넵튠,korea,2026-07-27
217330.KQ,싸이토젠,korea,2026-07-27
217480.KQ,에스디생명공학,korea,2026-07-14
217500.KQ,러셀,korea,2026-07-27
217590.KS,티엠씨,korea,2026-07-27
217730.KQ,강스템바이오텍,korea,2026-07-27
217820.KQ,원익피앤이,korea,2026-07-27
218150.KQ,미래생명자원,korea,2026-07-27
218410.KQ,RFHIC,korea,2026-07-27
219130.KQ,타이거일렉,korea,2026-07-27
219420.KQ,링크제니시스,korea,2026-07-27
219550.KQ,디와이디,korea,2026-07-27
219750.KQ,한국비티비,korea,2026-07-27
220100.KQ,퓨쳐켐,korea,2026-07-27
220180.KQ,핸디소프트,korea,2026-07-27
220260.KQ,켐트로스,korea,2026-07-27
221800.KQ,지구홀딩스,korea,2026-07-27
221840.KQ,하이즈항공,korea,2026-07-27
221980.KQ,케이디켐,korea,2026-07-27
222040.KQ,코스맥스엔비티,korea,2026-07-27
222080.KQ,SFA넥셀,korea,2026-07-27
222110.KQ,팬젠,korea,2026-07-27
222420.KQ,쎄노텍,korea,2026-07-27
222800.KQ,심텍,korea,2026-07-27
222980.KQ,한국맥널티,korea,2026-07-27
223250.KQ,드림씨아이에스,korea,2026-07-27
223310.KQ,사토시홀딩스,korea,2026-07-27
224060.KQ,더코디,korea,2026-07-27
224110.KQ,에이텍모빌리티,korea,2026-07-27
225190.KQ,LK삼양,korea,2026-07-27
225220.KQ,제놀루션,korea,2026-07-27
225430.KQ,케이엠제약,korea,2026-07-27
225530.KQ,HC보광산업,korea,2026-07-27
225570.KQ,넥슨게임즈,korea,2026-07-27
225590.KQ,패션플랫폼,korea,2026-07-27
226320.KS,잇츠한불,korea,2026-07-27
226330.KQ,신테카바이오,korea,2026-07-27
226340.KQ,본느,korea,2026-07-27
226400.KQ,오스테오닉,korea,2026-07-27
226590.KQ,엠디바이스,korea,2026-07-27
226950.KQ,올릭스,korea,2026-07-27
227610.KQ,아우딘퓨쳐스,korea,2026-07-27
227840.KS,현대코퍼레이션홀딩스,korea,2026-07-27
227950.KQ,엔투텍,korea,2026-07-27
228340.KQ,동양파일,korea,2026-07-27
228670.KQ,레이,korea,2026-07-27
228760.KQ,지노믹트리,korea,2026-07-27
228850.KQ,레이언스,korea,2026-07-27
229000.KQ,젠큐릭스,korea,2026-07-27
229640.KS,LS에코에너지,korea,2026-07-27
230240.KQ,에치에프알,korea,2026-07-27
232140.KQ,와이씨,korea,2026-07-27
232680.KQ,라온로보틱스,korea,2026-07-27
232830.KQ,아이티센피엔에스,korea,2026-07-27
234030.KQ,싸이닉솔루션,korea,2026-07-27
234080.KS,JW생명과학,korea,2026-07-27
234100.KQ,폴라리스세원,korea,2026-07-27
234300.KQ,에스트래픽,korea,2026-07-27
234340.KQ,헥토파이낸셜,korea,2026-07-27
234690.KQ,녹십자웰빙,korea,2026-07-27
234920.KQ,자이글,korea,2026-07-14
235980.KQ,메드팩토,korea,2026-07-27
236200.KQ,슈프리마,korea,2026-07-27
236810.KQ,엔비티,korea,2026-07-27
237690.KQ,에스티팜,korea,2026-07-27
237750.KQ,피앤씨테크,korea,2026-07-27
237820.KQ,플레이디,korea,2026-07-27
237880.KQ,클리오,korea,2026-07-27
238090.KQ,앤디포스,korea,2026-07-27
238120.KQ,얼라인드,korea,2026-07-27
238200.KQ,비피도,korea,2026-07-27
238490.KQ,힘스,korea,2026-07-27
239340.KQ,이스트에이드,korea,2026-07-27
239610.KQ,에이치엘사이언스,korea,2026-07-27
239890.KQ,피엔에이치테크,korea,2026-07-27
240550.KQ,동방메디컬,korea,2026-07-27
240600.KQ,유진테크놀로지,korea,2026-07-27
240810.KQ,원익IPS,korea,2026-07-27
241520.KQ,DSC인베스트먼트,korea,2026-07-27
241560.KS,두산밥캣,korea,2026-07-27
241590.KS,화승엔터프라이즈,korea,2026-07-27
241690.KQ,유니테크노,korea,2026-07-27
241710.KQ,코스메카코리아,korea,2026-07-27
241770.KQ,메카로,korea,2026-07-27
241790.KQ,티이엠씨씨엔에스,korea,2026-07-27
241820.KQ,피씨엘,korea,2026-07-14
241840.KQ,에이스토리,korea,2026-07-27
242040.KQ,나무기술,korea,2026-07-27
243070.KQ,휴온스,korea,2026-07-27
243840.KQ,신흥에스이씨,korea,2026-07-27
244460.KQ,올리패스,korea,2026-07-14
244920.KS,에이플러스에셋,korea,2026-07-27
245620.KQ,EDGC,korea,2026-07-14
246250.KQ,에스엘에스바이오,korea,2026-07-14
246690.KQ,TS인베스트먼트,korea,2026-07-27
246710.KQ,티앤알바이오팹,korea,2026-07-27
246720.KQ,아스타,korea,2026-07-27
246960.KQ,SCL사이언스,korea,2026-07-27
247540.KQ,에코프로비엠,korea,2026-07-27
247660.KQ,나노씨엠에스,korea,2026-07-27
248070.KS,솔루엠,korea,2026-07-27
248170.KS,샘표식품,korea,2026-07-27
249420.KS,일동제약,korea,2026-07-27
250000.KQ,보라티알,korea,2026-07-27
250060.KQ,모비스,korea,2026-07-27
250930.KQ,예선테크,korea,2026-07-27
251120.KQ,바이오에프디엔씨,korea,2026-07-27
251270.KS,넷마블,korea,2026-07-27
251370.KQ,와이엠티,korea,2026-07-27
251630.KQ,브이원텍,korea,2026-07-27
251970.KQ,펌텍코리아,korea,2026-07-27
252500.KQ,세화피앤씨,korea,2026-07-27
252990.KQ,샘씨엔에스,korea,2026-07-27
253450.KQ,스튜디오드래곤,korea,2026-07-27
253590.KQ,네오셈,korea,2026-07-27
253840.KQ,수젠텍,korea,2026-07-27
254120.KQ,자비스,korea,2026-07-27
254490.KQ,미래반도체,korea,2026-07-27
255220.KQ,SG,korea,2026-07-27
255440.KQ,야스,korea,2026-07-27
256150.KQ,한독크린텍,korea,2026-07-27
256630.KQ,포인트엔지니어링,korea,2026-07-27
256840.KQ,한국비엔씨,korea,2026-07-27
256940.KQ,킵스파마,korea,2026-07-27
257370.KQ,피엔티엠에스,korea,2026-07-27
257720.KQ,실리콘투,korea,2026-07-27
258610.KQ,케일럼,korea,2026-07-27
258790.KQ,소프트캠프,korea,2026-07-27
258830.KQ,세종메디칼,korea,2026-07-14
259630.KQ,엠플러스,korea,2026-07-27
259960.KS,크래프톤,korea,2026-07-27
260660.KQ,알리코제약,korea,2026-07-27
260930.KQ,씨티케이,korea,2026-07-27
260970.KQ,에스앤디,korea,2026-07-27
261200.KQ,덴티스,korea,2026-07-27
261520.KQ,이지스,korea,2026-07-27
261780.KQ,아리바이오LAB,korea,2026-07-27
262260.KQ,에이프로,korea,2026-07-27
262840.KQ,아이퀘스트,korea,2026-07-27
263020.KQ,디케이앤디,korea,2026-07-27
263050.KQ,유틸렉스,korea,2026-07-27
263600.KQ,덕우전자,korea,2026-07-27
263690.KQ,디알젬,korea,2026-07-27
263700.KQ,케어랩스,korea,2026-07-27
263720.KQ,디앤씨미디어,korea,2026-07-27
263750.KQ,펄어비스,korea,2026-07-27
263770.KQ,유에스티,korea,2026-07-27
263800.KQ,데이타솔루션,korea,2026-07-27
263810.KQ,상신전자,korea,2026-07-27
263860.KQ,지니언스,korea,2026-07-27
263920.KQ,휴엠앤씨,korea,2026-07-27
264450.KQ,유비쿼스,korea,2026-07-27
264660.KQ,씨앤지하이테크,korea,2026-07-27
264850.KQ,이랜시스,korea,2026-07-27
264900.KS,크라운제과,korea,2026-07-27
265520.KQ,AP시스템,korea,2026-07-27
265560.KQ,영화테크,korea,2026-07-27
265740.KQ,엔에프씨,korea,2026-07-27
267250.KS,HD현대,korea,2026-07-27
267260.KS,HD현대일렉트릭,korea,2026-07-27
267270.KS,HD건설기계,korea,2026-07-27
267290.KS,경동도시가스,korea,2026-07-27
267320.KQ,나인테크,korea,2026-07-27
267790.KQ,배럴,korea,2026-07-27
267850.KS,아시아나IDT,korea,2026-07-27
267980.KQ,매일유업,korea,2026-07-27
268280.KS,미원에스씨,korea,2026-07-27
269620.KQ,시스웍,korea,2026-07-14
270520.KQ,앱튼,korea,2026-07-27
270660.KQ,에브리봇,korea,2026-07-27
270870.KQ,뉴트리,korea,2026-07-27
271560.KS,오리온,korea,2026-07-27
271830.KQ,팸텍,korea,2026-07-27
271940.KS,일진하이솔루스,korea,2026-07-27
271980.KS,제일약품,korea,2026-07-27
272110.KQ,케이엔제이,korea,2026-07-27
272210.KS,한화시스템,korea,2026-07-27
272290.KQ,이녹스첨단소재,korea,2026-07-27
272450.KS,진에어,korea,2026-07-27
272550.KS,삼양패키징,korea,2026-07-27
273060.KQ,와이즈버즈,korea,2026-07-27
273640.KQ,와이엠텍,korea,2026-07-27
274090.KQ,켄코아에어로스페이스,korea,2026-07-27
274400.KQ,이노시뮬레이션,korea,2026-07-27
275630.KQ,에스에스알,korea,2026-07-27
276040.KQ,스코넥,korea,2026-07-27
276730.KQ,한울앤제주,korea,2026-07-27
277070.KQ,린드먼아시아,korea,2026-07-27
277410.KQ,인산가,korea,2026-07-27
277810.KQ,레인보우로보틱스,korea,2026-07-27
277880.KQ,티에스아이,korea,2026-07-27
278280.KQ,천보,korea,2026-07-27
278470.KS,에이피알,korea,2026-07-27
278650.KQ,HLB바이오스텝,korea,2026-07-27
279570.KS,케이뱅크,korea,2026-07-27
279600.KQ,미디어젠,korea,2026-07-27
280360.KS,롯데웰푸드,korea,2026-07-27
281740.KQ,레이크머티리얼즈,korea,2026-07-27
281820.KS,케이씨텍,korea,2026-07-27
282330.KS,BGF리테일,korea,2026-07-27
282720.KQ,금양그린파워,korea,2026-07-27
282880.KQ,코윈테크,korea,2026-07-27
284620.KQ,카이노스메드,korea,2026-07-14
284740.KS,쿠쿠홈시스,korea,2026-07-27
285130.KS,SK케미칼,korea,2026-07-27
285490.KQ,노바텍,korea,2026-07-27
285800.KQ,진영,korea,2026-07-27
286750.KQ,나노실리칸첨단소재,korea,2026-07-27
286940.KS,롯데이노베이트,korea,2026-07-27
287840.KQ,인투셀,korea,2026-07-27
288180.KQ,케이피항공산업,korea,2026-07-27
288330.KQ,파라택시스코리아,korea,2026-07-27
288620.KQ,에스프리즘,korea,2026-07-27
288980.KQ,모아데이타,korea,2026-07-27
289010.KQ,아이스크림에듀,korea,2026-07-27
289080.KQ,SV인베스트먼트,korea,2026-07-27
289220.KQ,자이언트스텝,korea,2026-07-27
289930.KQ,웨이비스,korea,2026-07-27
290090.KQ,트윔,korea,2026-07-27
290120.KQ,DH오토리드,korea,2026-07-27
290270.KQ,휴네시온,korea,2026-07-27
290520.KQ,신도기연,korea,2026-07-27
290550.KQ,디케이티,korea,2026-07-27
290560.KQ,파라택시스이더리움,korea,2026-07-27
290650.KQ,엘앤씨바이오,korea,2026-07-27
290660.KQ,다이나믹솔루션,korea,2026-07-27
290670.KQ,대보마그네틱,korea,2026-07-27
290690.KQ,소룩스,korea,2026-07-27
290720.KQ,푸드나무,korea,2026-07-27
290740.KQ,액트로,korea,2026-07-27
291230.KQ,엔피,korea,2026-07-27
291650.KQ,압타머사이언스,korea,2026-07-27
291810.KQ,핀텔,korea,2026-07-27
293480.KS,하나제약,korea,2026-07-27
293490.KQ,카카오게임즈,korea,2026-07-27
293580.KQ,나우IB,korea,2026-07-27
293780.KQ,압타바이오,korea,2026-07-27
293940.KS,신한알파리츠,korea,2026-07-27
294090.KQ,이오플로우,korea,2026-07-14
294140.KQ,레몬,korea,2026-07-27
294570.KQ,쿠콘,korea,2026-07-27
294630.KQ,서남,korea,2026-07-27
294870.KS,IPARK현대산업개발,korea,2026-07-27
295310.KQ,에이치브이엠,korea,2026-07-27
296640.KQ,이노에이엑스,korea,2026-07-27
297090.KQ,씨에스베어링,korea,2026-07-27
297570.KQ,아틀라스링크,korea,2026-07-27
297890.KQ,HB솔루션,korea,2026-07-27
298000.KS,효성화학,korea,2026-07-14
298020.KS,효성티앤씨,korea,2026-07-27
298040.KS,효성중공업,korea,2026-07-27
298050.KS,HS효성첨단소재,korea,2026-07-27
298060.KQ,풍전약품,korea,2026-07-27
298380.KQ,에이비엘바이오,korea,2026-07-27
298540.KQ,더네이쳐홀딩스,korea,2026-07-27
298690.KS,에어부산,korea,2026-07-27
298830.KQ,슈어소프트테크,korea,2026-07-27
299030.KQ,하나기술,korea,2026-07-27
299170.KQ,더블유에스아이,korea,2026-07-27
299660.KQ,셀리드,korea,2026-07-27
299900.KQ,위지윅스튜디오,korea,2026-07-27
300080.KQ,플리토,korea,2026-07-27
300120.KQ,라온피플,korea,2026-07-27
300720.KS,한일시멘트,korea,2026-07-27
301300.KQ,바이브컴퍼니,korea,2026-07-27
302430.KQ,이노메트리,korea,2026-07-27
302440.KS,SK바이오사이언스,korea,2026-07-27
302550.KQ,리메드,korea,2026-07-27
303030.KQ,지니틱스,korea,2026-07-27
303360.KQ,프로티아,korea,2026-07-27
303530.KQ,이노뎁,korea,2026-07-27
303810.KQ,동국생명과학,korea,2026-07-27
304100.KQ,솔트룩스,korea,2026-07-27
304360.KQ,에스바이오메딕스,korea,2026-07-27
304840.KQ,피플바이오,korea,2026-07-27
305090.KQ,마이크로디지탈,korea,2026-07-27
306040.KQ,에스제이그룹,korea,2026-07-27
306200.KS,세아제강,korea,2026-07-27
306620.KQ,지아이에스,korea,2026-07-27
307180.KQ,아이엘,korea,2026-07-27
307280.KQ,원바이오젠,korea,2026-07-27
307750.KQ,국전,korea,2026-07-27
307870.KQ,비투엔,korea,2026-07-27
307930.KQ,컴퍼니케이,korea,2026-07-27
307950.KS,현대오토에버,korea,2026-07-27
308080.KQ,바이젠셀,korea,2026-07-27
308100.KQ,형지글로벌,korea,2026-07-27
308170.KS,씨티알모빌리티,korea,2026-07-27
308430.KQ,셀비온,korea,2026-07-27
309710.KQ,아이티켐,korea,2026-07-27
309930.KQ,조이웍스앤코,korea,2026-07-27
309960.KQ,LB인베스트먼트,korea,2026-07-27
310200.KQ,애니플러스,korea,2026-07-27
310210.KQ,보로노이,korea,2026-07-27
310870.KQ,디와이씨,korea,2026-07-27
311320.KQ,지오엘리먼트,korea,2026-07-27
311390.KQ,네오크레마,korea,2026-07-27
311690.KQ,CJ 바이오사이언스,korea,2026-07-27
312610.KQ,에이에프더블류,korea,2026-07-27
313760.KQ,캐리,korea,2026-07-27
314130.KQ,지놈앤컴퍼니,korea,2026-07-27
314140.KQ,알피바이오,korea,2026-07-27
314930.KQ,바이오다인,korea,2026-07-27
315640.KQ,딥노이드,korea,2026-07-27
316140.KS,우리금융지주,korea,2026-07-27
317120.KQ,라닉스,korea,2026-07-27
317240.KQ,TS트릴리온,korea,2026-07-27
317330.KQ,덕산테코피아,korea,2026-07-27
317400.KS,자이에스앤디,korea,2026-07-27
317450.KS,명인제약,korea,2026-07-27
317530.KQ,에피소드컴퍼니,korea,2026-07-27
317690.KQ,퀀타매트릭스,korea,2026-07-27
317770.KQ,엑스페릭스,korea,2026-07-27
317830.KQ,에스피시스템스,korea,2026-07-27
317850.KQ,대모,korea,2026-07-27
317870.KQ,엔바이오니아,korea,2026-07-27
318000.KQ,KBG,korea,2026-07-27
318010.KQ,팜스빌,korea,2026-07-27
318020.KQ,포인트모바일,korea,2026-07-27
318060.KQ,그래피,korea,2026-07-27
318160.KQ,셀바이오휴먼텍,korea,2026-07-27
318410.KQ,비비씨,korea,2026-07-27
319400.KQ,현대무벡스,korea,2026-07-27
319660.KQ,피에스케이,korea,2026-07-27
320000.KQ,한울반도체,korea,2026-07-27
321260.KQ,프로이천,korea,2026-07-27
321370.KQ,센서뷰,korea,2026-07-27
321550.KQ,티움바이오,korea,2026-07-27
321820.KQ,아티스트컴퍼니,korea,2026-07-27
322000.KS,HD현대에너지솔루션,korea,2026-07-27
322180.KQ,LS티라유텍,korea,2026-07-27
322310.KQ,오로스테크놀로지,korea,2026-07-27
322510.KQ,제이엘케이,korea,2026-07-27
322780.KQ,코퍼스코리아,korea,2026-07-27
323280.KQ,태성,korea,2026-07-27
323350.KQ,다원넥스뷰,korea,2026-07-27
323410.KS,카카오뱅크,korea,2026-07-27
323990.KQ,박셀바이오,korea,2026-07-27
326030.KS,에스케이바이오팜,korea,2026-07-27
327260.KQ,RF머트리얼즈,korea,2026-07-27
328130.KQ,루닛,korea,2026-07-27
328380.KQ,솔트웨어,korea,2026-07-27
329180.KS,HD현대중공업,korea,2026-07-27
330350.KQ,위더스제약,korea,2026-07-27
330590.KS,롯데리츠,korea,2026-07-27
330730.KQ,스톤브릿지벤처스,korea,2026-07-27
330860.KQ,네패스아크,korea,2026-07-27
331380.KQ,포커스에이아이,korea,2026-07-27
331520.KQ,밸로프,korea,2026-07-27
331740.KQ,아우토크립트,korea,2026-07-27
331920.KQ,셀레믹스,korea,2026-07-27
332290.KQ,누보,korea,2026-07-27
332370.KQ,아이디피,korea,2026-07-27
332570.KQ,PS일렉트로닉스,korea,2026-07-27
333050.KQ,이노테나,korea,2026-07-27
333430.KQ,일승,korea,2026-07-27
333620.KQ,엔시스,korea,2026-07-27
334890.KS,이지스밸류플러스리츠,korea,2026-07-27
334970.KQ,프레스티지바이오로직스,korea,2026-07-27
335810.KQ,프리시젼바이오,korea,2026-07-27
335870.KQ,윙스풋,korea,2026-07-27
336060.KQ,웨이버스,korea,2026-07-27
336260.KS,두산퓨얼셀,korea,2026-07-27
336370.KS,솔루스첨단소재,korea,2026-07-27
336570.KQ,원텍,korea,2026-07-27
336680.KQ,탑런토탈솔루션,korea,2026-07-27
337930.KQ,젝시믹스,korea,2026-07-27
338100.KS,NH프라임리츠,korea,2026-07-27
338220.KQ,뷰노,korea,2026-07-27
338840.KQ,와이바이오로직스,korea,2026-07-27
339770.KS,교촌에프앤비,korea,2026-07-27
339950.KQ,아이비김영,korea,2026-07-27
340360.KQ,다보링크,korea,2026-07-27
340440.KQ,세림B&G,korea,2026-07-27
340450.KQ,지씨지놈,korea,2026-07-27
340570.KQ,티앤엘,korea,2026-07-27
340810.KQ,시선AI,korea,2026-07-27
340930.KQ,성원에너텍,korea,2026-07-27
342870.KQ,오아,korea,2026-07-27
344820.KS,케이씨씨글라스,korea,2026-07-27
344860.KQ,이노진,korea,2026-07-27
347000.KQ,센코,korea,2026-07-27
347700.KQ,스피어,korea,2026-07-27
347740.KQ,피엔케이피부임상연구센타,korea,2026-07-27
347770.KQ,핌스,korea,2026-07-27
347850.KQ,디앤디파마텍,korea,2026-07-27
347860.KQ,알체라,korea,2026-07-27
347890.KQ,엠엑스온,korea,2026-07-27
348030.KQ,모비릭스,korea,2026-07-27
348080.KQ,큐라티스,korea,2026-07-27
348150.KQ,고바이오랩,korea,2026-07-27
348210.KQ,넥스틴,korea,2026-07-27
348340.KQ,뉴로메카,korea,2026-07-27
348350.KQ,위드텍,korea,2026-07-27
348370.KQ,엔켐,korea,2026-07-27
348950.KS,제이알글로벌리츠,korea,2026-07-27
350520.KS,이지스레지던스리츠,korea,2026-07-27
351320.KQ,넥사다이내믹스,korea,2026-07-27
351330.KQ,이삭엔지니어링,korea,2026-07-27
351870.KQ,차이커뮤니케이션,korea,2026-07-27
352090.KQ,스톰테크,korea,2026-07-27
352480.KQ,씨앤씨인터내셔널,korea,2026-07-27
352700.KQ,씨앤투스,korea,2026-07-27
352770.KQ,셀레스트라,korea,2026-07-14
352820.KS,하이브,korea,2026-07-27
352910.KQ,오비고,korea,2026-07-27
352940.KQ,인바이오,korea,2026-07-27
353190.KQ,휴럼,korea,2026-07-27
353200.KS,대덕전자,korea,2026-07-27
353590.KQ,오토앤,korea,2026-07-27
353810.KQ,이지바이오,korea,2026-07-27
354200.KQ,엔젠바이오,korea,2026-07-27
354320.KQ,알멕,korea,2026-07-27
355150.KQ,코스텍시스,korea,2026-07-27
355390.KQ,크라우드웍스,korea,2026-07-27
355690.KQ,에이텀,korea,2026-07-27
356680.KQ,엑스게이트,korea,2026-07-27
356860.KQ,티엘비,korea,2026-07-27
356890.KQ,싸이버원,korea,2026-07-27
357120.KS,코람코라이프인프라리츠,korea,2026-07-27
357230.KQ,에이치피오,korea,2026-07-27
357250.KS,미래에셋맵스리츠,korea,2026-07-27
357430.KS,마스턴프리미어리츠,korea,2026-07-27
357550.KQ,석경에이티,korea,2026-07-27
357580.KQ,아모센스,korea,2026-07-27
357780.KQ,솔브레인,korea,2026-07-27
357880.KQ,SKAI,korea,2026-07-27
358570.KQ,지아이이노베이션,korea,2026-07-27
359090.KQ,씨엔알리서치,korea,2026-07-27
360070.KQ,탑머티리얼,korea,2026-07-27
360350.KQ,코셈,korea,2026-07-27
361390.KQ,제노코,korea,2026-07-27
361570.KQ,알비더블유,korea,2026-07-27
361610.KS,SK아이이테크놀로지,korea,2026-07-27
361670.KQ,삼영에스앤씨,korea,2026-07-27
362320.KQ,청담글로벌,korea,2026-07-27
362990.KQ,드림인사이트,korea,2026-07-27
363250.KQ,진시스템,korea,2026-07-27
363260.KQ,모비데이즈,korea,2026-07-27
363280.KS,티와이홀딩스,korea,2026-07-27
364950.KQ,에이아이코리아,korea,2026-07-27
365270.KQ,큐라클,korea,2026-07-27
365330.KQ,에스와이스틸텍,korea,2026-07-27
365340.KQ,성일하이텍,korea,2026-07-27
365550.KS,ESR켄달스퀘어리츠,korea,2026-07-27
365590.KQ,하이딥,korea,2026-07-27
365660.KQ,레몬헬스케어,korea,2026-07-27
365900.KQ,브이씨,korea,2026-07-27
366030.KQ,나인앤컴퍼니,korea,2026-07-27
367000.KQ,플래티어,korea,2026-07-27
368600.KQ,아이씨에이치,korea,2026-07-27
368770.KQ,파이버프로,korea,2026-07-27
368970.KQ,오에스피,korea,2026-07-27
369370.KQ,블리츠웨이엔터테인먼트,korea,2026-07-27
370090.KQ,퓨런티어,korea,2026-07-27
371950.KQ,풍원정밀,korea,2026-07-27
372170.KQ,윤성에프앤씨,korea,2026-07-27
372320.KQ,큐로셀,korea,2026-07-27
372800.KQ,아이티아이즈,korea,2026-07-27
372910.KS,한컴라이프케어,korea,2026-07-27
373110.KQ,엑셀세라퓨틱스,korea,2026-07-27
373160.KQ,데이원컴퍼니,korea,2026-07-27
373170.KQ,엠아이큐브솔루션,korea,2026-07-27
373200.KQ,엑스플러스,korea,2026-07-27
373220.KS,LG에너지솔루션,korea,2026-07-27
375500.KS,DL이앤씨,korea,2026-07-27
376180.KQ,피코그램,korea,2026-07-27
376270.KQ,HEM파마,korea,2026-07-27
376290.KQ,씨유테크,korea,2026-07-27
376300.KQ,디어유,korea,2026-07-27
376900.KQ,로킷헬스케어,korea,2026-07-27
376930.KQ,노을,korea,2026-07-27
376980.KQ,원티드랩,korea,2026-07-27
377030.KQ,비트맥스,korea,2026-07-27
377190.KS,디앤디플랫폼리츠,korea,2026-07-27
377220.KQ,프롬바이오,korea,2026-07-27
377300.KS,카카오페이,korea,2026-07-27
377330.KQ,이지트로닉스,korea,2026-07-27
377450.KQ,리파인,korea,2026-07-27
377460.KQ,큐에이드,korea,2026-07-14
377480.KQ,마음AI,korea,2026-07-27
377740.KS,바이오노트,korea,2026-07-27
378340.KQ,필에너지,korea,2026-07-27
378800.KQ,샤페론,korea,2026-07-27
378850.KS,화승알앤에이,korea,2026-07-27
380540.KQ,옵티코어,korea,2026-07-27
380550.KQ,뉴로핏,korea,2026-07-27
381620.KQ,제닉스로보틱스,korea,2026-07-27
381970.KS,케이카,korea,2026-07-27
382150.KQ,온코크로스,korea,2026-07-27
382480.KQ,지아이텍,korea,2026-07-27
382800.KQ,지앤비에스 에코,korea,2026-07-27
382840.KQ,원준,korea,2026-07-27
382900.KQ,범한퓨얼셀,korea,2026-07-27
383220.KS,F&F,korea,2026-07-27
383310.KQ,에코프로에이치엔,korea,2026-07-27
383800.KS,LX홀딩스,korea,2026-07-27
383930.KQ,디티앤씨알오,korea,2026-07-27
384470.KQ,코어라인소프트,korea,2026-07-27
387570.KQ,파인메딕스,korea,2026-07-27
387690.KQ,레메디,korea,2026-07-27
388050.KQ,지투파워,korea,2026-07-27
388210.KQ,씨엠티엑스,korea,2026-07-27
388610.KQ,지에프씨생명과학,korea,2026-07-27
388720.KQ,유일로보틱스,korea,2026-07-27
388790.KQ,라이콤,korea,2026-07-27
388870.KQ,파로스아이바이오,korea,2026-07-27
389020.KQ,자람테크놀로지,korea,2026-07-27
389030.KQ,지니너스,korea,2026-07-27
389140.KQ,포바이포,korea,2026-07-27
389260.KQ,대명에너지,korea,2026-07-27
389470.KQ,인벤티지랩,korea,2026-07-27
389500.KQ,에스비비테크,korea,2026-07-27
389650.KQ,넥스트바이오메디컬,korea,2026-07-27
389680.KQ,유디엠텍,korea,2026-07-27
391710.KQ,코닉오토메이션,korea,2026-07-27
393210.KQ,토마토시스템,korea,2026-07-27
393890.KQ,더블유씨피,korea,2026-07-27
393970.KQ,대진첨단소재,korea,2026-07-14
394280.KQ,오픈엣지테크놀로지,korea,2026-07-27
394420.KQ,리센스메디컬,korea,2026-07-27
394800.KQ,쓰리빌리언,korea,2026-07-27
395400.KS,SK리츠,korea,2026-07-27
396270.KQ,넥스트칩,korea,2026-07-27
396300.KQ,세아메카닉스,korea,2026-07-27
396470.KQ,워트,korea,2026-07-27
396690.KS,미래에셋글로벌리츠,korea,2026-07-27
397030.KQ,에이프릴바이오,korea,2026-07-27
397810.KQ,애드포러스,korea,2026-07-27
398120.KQ,에스지헬스케어,korea,2026-07-27
399720.KQ,가온칩스,korea,2026-07-27
400760.KS,NH올원리츠,korea,2026-07-27
402030.KQ,코난테크놀로지,korea,2026-07-27
402340.KS,SK스퀘어,korea,2026-07-27
402490.KQ,그린리소스,korea,2026-07-27
403490.KQ,우듬지팜,korea,2026-07-27
403550.KS,쏘카,korea,2026-07-27
403850.KQ,더핑크퐁컴퍼니,korea,2026-07-27
403870.KQ,HPSP,korea,2026-07-27
404990.KS,신한서부티엔디리츠,korea,2026-07-27
405000.KQ,플라즈맵,korea,2026-07-27
405100.KQ,큐알티,korea,2026-07-27
405920.KQ,나라셀라,korea,2026-07-27
406820.KQ,뷰티스킨,korea,2026-07-27
407400.KQ,꿈비,korea,2026-07-27
408470.KQ,한패스,korea,2026-07-27
408900.KQ,스튜디오미르,korea,2026-07-27
408920.KQ,메쎄이상,korea,2026-07-27
411080.KQ,샌즈랩,korea,2026-07-27
412350.KQ,레이저쎌,korea,2026-07-27
412540.KQ,제일엠앤에스,korea,2026-07-14
413390.KQ,엠오티,korea,2026-07-27
413630.KQ,씨피시스템,korea,2026-07-27
413640.KQ,비아이매트릭스,korea,2026-07-27
415380.KQ,스튜디오삼익,korea,2026-07-27
415640.KS,KB발해인프라,korea,2026-07-27
416180.KQ,신성에스티,korea,2026-07-27
417010.KQ,나노팀,korea,2026-07-27
417180.KQ,핑거스토리,korea,2026-07-27
417200.KQ,LS머트리얼즈,korea,2026-07-27
417310.KS,코람코더원리츠,korea,2026-07-27
417500.KQ,제이아이테크,korea,2026-07-27
417790.KQ,트루엔,korea,2026-07-27
417840.KQ,저스템,korea,2026-07-27
417860.KQ,오브젠,korea,2026-07-27
417970.KQ,모델솔루션,korea,2026-07-27
418250.KQ,시큐레터,korea,2026-07-14
418420.KQ,라온텍,korea,2026-07-27
418470.KQ,KT밀리의서재,korea,2026-07-27
418550.KQ,제이오,korea,2026-07-27
418620.KQ,E8,korea,2026-07-27
419050.KQ,삼기에너지솔루션즈,korea,2026-07-27
419080.KQ,엔젯,korea,2026-07-27
419120.KQ,산돌,korea,2026-07-27
419530.KQ,SAMG엔터,korea,2026-07-27
419540.KQ,비스토스,korea,2026-07-27
420570.KQ,제이투케이바이오,korea,2026-07-27
420770.KQ,기가비스,korea,2026-07-27
424760.KQ,벨로크,korea,2026-07-27
424870.KQ,이뮨온시아,korea,2026-07-27
424960.KQ,스마트레이더시스템,korea,2026-07-27
424980.KQ,마이크로투나노,korea,2026-07-27
425040.KQ,티이엠씨,korea,2026-07-27
425420.KQ,티에프이,korea,2026-07-27
429270.KQ,시지트로닉스,korea,2026-07-27
430690.KQ,한싹,korea,2026-07-27
431190.KQ,케이쓰리아이,korea,2026-07-27
432320.KS,KB스타리츠,korea,2026-07-27
432430.KQ,와이랩,korea,2026-07-27
432470.KQ,케이엔에스,korea,2026-07-27
432720.KQ,퀄리타스반도체,korea,2026-07-27
432980.KQ,엠에프씨,korea,2026-07-27
434480.KQ,모니터랩,korea,2026-07-27
435570.KQ,에르코스,korea,2026-07-27
437730.KQ,삼현,korea,2026-07-27
438700.KQ,버넥트,korea,2026-07-27
439090.KQ,마녀공장,korea,2026-07-27
439260.KS,대한조선,korea,2026-07-27
439580.KQ,블루엠텍,korea,2026-07-27
439960.KQ,코스모로보틱스,korea,2026-07-27
440110.KQ,파두,korea,2026-07-27
440290.KQ,HB인베스트먼트,korea,2026-07-27
440320.KQ,오픈놀,korea,2026-07-27
441270.KQ,파인엠텍,korea,2026-07-27
443060.KS,HD현대마린솔루션,korea,2026-07-27
443250.KQ,레뷰코퍼레이션,korea,2026-07-27
443670.KQ,에스피소프트,korea,2026-07-27
444530.KQ,심플랫폼,korea,2026-07-27
445090.KQ,에이직랜드,korea,2026-07-27
445180.KQ,퓨릿,korea,2026-07-27
445680.KQ,큐리옥스바이오시스템즈,korea,2026-07-27
446070.KS,유니드비티플러스,korea,2026-07-27
446540.KQ,메가터치,korea,2026-07-27
446840.KQ,지슨,korea,2026-07-27
448280.KQ,에코아이,korea,2026-07-27
448710.KQ,코츠테크놀로지,korea,2026-07-27
448730.KS,삼성FN리츠,korea,2026-07-27
448900.KQ,한국피아이엠,korea,2026-07-27
450080.KS,에코프로머티,korea,2026-07-27
450330.KQ,하스,korea,2026-07-27
450520.KQ,인스웨이브,korea,2026-07-27
450950.KQ,아스테라시스,korea,2026-07-27
451220.KQ,아이엠티,korea,2026-07-27
451250.KQ,삐아,korea,2026-07-27
451760.KQ,컨텍,korea,2026-07-27
451800.KS,한화리츠,korea,2026-07-27
452160.KQ,제이엔비,korea,2026-07-27
452190.KQ,한빛레이저,korea,2026-07-27
452200.KQ,민테크,korea,2026-07-27
452260.KS,한화갤러리아,korea,2026-07-27
452280.KQ,한선엔지니어링,korea,2026-07-27
452300.KQ,캡스톤파트너스,korea,2026-07-27
452400.KQ,이닉스,korea,2026-07-27
452430.KQ,사피엔반도체,korea,2026-07-27
452450.KQ,피아이이,korea,2026-07-27
453340.KS,현대그린푸드,korea,2026-07-27
453450.KQ,그리드위즈,korea,2026-07-27
453860.KQ,에이에스텍,korea,2026-07-27
454910.KS,두산로보틱스,korea,2026-07-27
455180.KQ,케이지에이,korea,2026-07-27
455900.KQ,엔젤로보틱스,korea,2026-07-27
456010.KQ,아이씨티케이,korea,2026-07-27
456040.KS,OCI,korea,2026-07-27
456070.KQ,이엔셀,korea,2026-07-27
456160.KQ,지투지바이오,korea,2026-07-27
457190.KS,이수스페셜티케미컬,korea,2026-07-27
457370.KQ,한켐,korea,2026-07-27
457550.KQ,우진엔텍,korea,2026-07-27
457600.KQ,벡트,korea,2026-07-27
458350.KQ,에스팀,korea,2026-07-27
458650.KQ,성우,korea,2026-07-27
458870.KQ,씨어스,korea,2026-07-27
459100.KQ,위츠,korea,2026-07-27
459510.KQ,나우로보틱스,korea,2026-07-27
459550.KQ,알트,korea,2026-07-27
460470.KQ,아이빔테크놀로지,korea,2026-07-27
460850.KS,동국씨엠,korea,2026-07-27
460860.KS,동국제강,korea,2026-07-27
460870.KQ,에스엠씨지,korea,2026-07-27
460930.KQ,현대힘스,korea,2026-07-27
460940.KQ,피앤에스로보틱스,korea,2026-07-27
461030.KQ,아이엠비디엑스,korea,2026-07-27
461300.KQ,아이스크림미디어,korea,2026-07-27
462310.KQ,뉴키즈온,korea,2026-07-27
462350.KQ,이노스페이스,korea,2026-07-27
462510.KQ,라메디텍,korea,2026-07-27
462520.KS,조선내화,korea,2026-07-27
462860.KQ,더즌,korea,2026-07-27
462870.KS,시프트업,korea,2026-07-27
462980.KQ,아이지넷,korea,2026-07-27
463020.KQ,뉴엔AI,korea,2026-07-27
463480.KQ,모티브링크,korea,2026-07-27
464080.KQ,에스오에스랩,korea,2026-07-27
464280.KQ,티디에스팜,korea,2026-07-27
464490.KQ,쿼드메디슨,korea,2026-07-27
464500.KQ,아이언디바이스,korea,2026-07-27
464580.KQ,닷밀,korea,2026-07-27
465320.KQ,교보15호스팩,korea,2026-07-14
465480.KQ,인스피언,korea,2026-07-27
465770.KS,STX그린로지스,korea,2026-07-27
466100.KQ,클로봇,korea,2026-07-27
466410.KQ,사이냅소프트,korea,2026-07-27
466690.KQ,키움히어로제1호스팩,korea,2026-07-27
467930.KQ,IBKS제23호스팩,korea,2026-07-14
468530.KQ,프로티나,korea,2026-07-27
468760.KQ,유진스팩10호,korea,2026-07-14
469480.KQ,IBKS제24호스팩,korea,2026-07-14
469610.KQ,이노테크,korea,2026-07-27
469750.KQ,아이비젼웍스,korea,2026-07-27
469880.KQ,하나30호스팩,korea,2026-07-27
469900.KQ,하나31호스팩,korea,2026-07-14
471050.KQ,대신밸런스제17호스팩,korea,2026-07-27
471820.KQ,셀로맥스사이언스,korea,2026-07-27
472220.KQ,신영스팩10호,korea,2026-07-14
472230.KQ,에스케이증권제11호스팩,korea,2026-07-14
472850.KQ,폰드그룹,korea,2026-07-27
473000.KQ,에스케이증권제12호스팩,korea,2026-07-14
473050.KQ,유안타제15호스팩,korea,2026-07-27
473950.KQ,에스케이증권제13호스팩,korea,2026-07-14
473980.KQ,노머스,korea,2026-07-27
474170.KQ,루미르,korea,2026-07-27
474490.KQ,유안타제16호스팩,korea,2026-07-27
474610.KQ,RF시스템즈,korea,2026-07-27
474650.KQ,링크솔루션,korea,2026-07-27
474660.KQ,신한제12호스팩,korea,2026-07-14
474930.KQ,신한제13호스팩,korea,2026-07-14
475040.KQ,스트라드비젼,korea,2026-07-27
475150.KS,SK이터닉스,korea,2026-07-27
475230.KQ,엔알비,korea,2026-07-27
475240.KQ,하나32호스팩,korea,2026-07-14
475250.KQ,하나33호스팩,korea,2026-07-14
475400.KQ,씨메스로보틱스,korea,2026-07-27
475430.KQ,키스트론,korea,2026-07-27
475460.KQ,미트박스,korea,2026-07-27
475560.KS,더본코리아,korea,2026-07-27
475580.KQ,에이럭스,korea,2026-07-27
475660.KQ,에스켐,korea,2026-07-27
475830.KQ,오름테라퓨틱,korea,2026-07-27
475960.KQ,토모큐브,korea,2026-07-27
476040.KQ,오가노이드사이언스,korea,2026-07-27
476060.KQ,온코닉테라퓨틱스,korea,2026-07-27
476080.KQ,M83,korea,2026-07-27
476830.KQ,알지노믹스,korea,2026-07-27
477340.KQ,에이치엠씨제7호스팩,korea,2026-07-14
477380.KQ,미래에셋비전스팩4호,korea,2026-07-27
477470.KQ,미래에셋비전스팩5호,korea,2026-07-14
477760.KQ,DB금융스팩12호,korea,2026-07-14
477850.KQ,마키나락스,korea,2026-07-27
478110.KQ,이베스트스팩6호,korea,2026-07-14
478340.KQ,나라스페이스테크놀로지,korea,2026-07-27
478390.KQ,KB제29호스팩,korea,2026-07-14
478440.KQ,미래에셋비전스팩6호,korea,2026-07-14
478560.KQ,블랙야크아이앤씨,korea,2026-07-27
479880.KQ,한국제15호스팩,korea,2026-07-14
479960.KQ,위너스일렉,korea,2026-07-27
480370.KS,씨케이솔루션,korea,2026-07-27
481070.KQ,에이유브랜즈,korea,2026-07-27
481850.KS,신한글로벌액티브리츠,korea,2026-07-27
481890.KQ,엔에이치스팩31호,korea,2026-07-27
482520.KQ,교보16호스팩,korea,2026-07-14
482630.KQ,삼양엔씨켐,korea,2026-07-27
482680.KQ,미래에셋비전스팩7호,korea,2026-07-27
482690.KQ,대신밸런스제19호스팩,korea,2026-07-14
483650.KS,달바글로벌,korea,2026-07-27
484120.KQ,도우인시스,korea,2026-07-27
484130.KQ,하나34호스팩,korea,2026-07-14
484590.KQ,삼양컴텍,korea,2026-07-27
484810.KQ,티엑스알로보틱스,korea,2026-07-27
484870.KS,엠앤씨솔루션,korea,2026-07-27
486630.KQ,KB제30호스팩,korea,2026-07-14
486990.KQ,노타,korea,2026-07-27
487360.KQ,신한제14호스팩,korea,2026-07-14
487570.KS,HS효성,korea,2026-07-27
487580.KQ,폴레드,korea,2026-07-27
487720.KQ,키움제10호스팩,korea,2026-07-14
487830.KQ,신한제15호스팩,korea,2026-07-14
488060.KQ,유진스팩11호,korea,2026-07-14
488280.KQ,에스투더블유,korea,2026-07-27
488900.KQ,비츠로넥스텍,korea,2026-07-27
489210.KQ,교보17호스팩,korea,2026-07-14
489460.KQ,바이오비쥬,korea,2026-07-27
489480.KQ,키움제11호스팩,korea,2026-07-14
489500.KQ,엘케이켐,korea,2026-07-27
489730.KQ,디비금융제13호스팩,korea,2026-07-14
489790.KS,한화비전,korea,2026-07-27
490470.KQ,세미파이브,korea,2026-07-27
491000.KQ,리브스메드,korea,2026-07-27
492220.KQ,KB제31호스팩,korea,2026-07-21
493280.KQ,아이엠바이오로직스,korea,2026-07-27
493330.KQ,지에프아이,korea,2026-07-27
493790.KQ,유안타제17호스팩,korea,2026-07-14
494120.KQ,큐리오시스,korea,2026-07-27
496070.KQ,신한제16호스팩,korea,2026-07-27
498390.KQ,한화플러스제5호스팩,korea,2026-07-27
499790.KS,GS피앤엘,korea,2026-07-27
900070.KQ,글로벌에스엠,korea,2026-07-27
900100.KQ,파이온엑스,korea,2026-07-27
900110.KQ,딥커머스,korea,2026-07-27
900120.KQ,씨엑스아이,korea,2026-07-27
900140.KS,엘브이엠씨,korea,2026-07-27
900250.KQ,크리스탈신소재,korea,2026-07-27
900260.KQ,로스웰,korea,2026-07-27
900270.KQ,헝셩그룹,korea,2026-07-27
900290.KQ,GRT,korea,2026-07-27
900300.KQ,오가닉티코스메틱,korea,2026-07-27
900310.KQ,컬러레이,korea,2026-07-27
900340.KQ,윙입푸드,korea,2026-07-27
950130.KQ,엑세스바이오,korea,2026-07-27
950140.KQ,잉글우드랩,korea,2026-07-27
950160.KQ,코오롱티슈진,korea,2026-07-27
950170.KQ,JTC,korea,2026-07-27
950190.KQ,고스트스튜디오,korea,2026-07-27
950200.KQ,소마젠,korea,2026-07-27
950210.KS,프레스티지바이오파마,korea,2026-07-27
950220.KQ,네오이뮨텍,korea,2026-07-27
950250.KQ,테라뷰,korea,2026-07-27
A,"AGILENT TECHNOLOGIES, INC.",us,2026-07-27
AA,Alcoa Corp,us,2026-07-27
AAC-UN,,us,2026-07-27
AACB,Artius II Acquisition Inc.,us,2026-07-27
AACBU,Artius II Acquisition Inc.,us,2026-07-14
AACI,Armada Acquisition Corp. III,us,2026-07-16
AACIU,Armada Acquisition Corp. III,us,2026-07-14
AACO,Abony Acquisition Corp. I,us,2026-07-14
AACOU,Abony Acquisition Corp. I,us,2026-07-14
AACP,Apogee Acquisition Corp,us,2026-07-27
AACPU,Apogee Acquisition Corp,us,2026-07-27
AADX,"Applied Aerospace & Defense, Inc.",us,2026-07-27
AAL,American Airlines Group Inc.,us,2026-07-27
AAME,ATLANTIC AMERICAN CORP,us,2026-07-15
AAMI,Acadian Asset Management Inc.,us,2026-07-27
AAOI,"APPLIED OPTOELECTRONICS, INC.",us,2026-07-27
AAON,"AAON, INC.",us,2026-07-27
AAP,ADVANCE AUTO PARTS INC,us,2026-07-27
AAPG,ASCENTAGE PHARMA GROUP INTERNATIONAL,us,2026-07-27
AAPL,Apple Inc.,us,2026-07-27
AARD,"Aardvark Therapeutics, Inc.",us,2026-07-27
AAT,"American Assets Trust, Inc.",us,2026-07-27
AAUC,Allied Gold Corp,us,2026-07-27
AB,ALLIANCEBERNSTEIN HOLDING L.P.,us,2026-07-27
ABAT,AMERICAN BATTERY TECHNOLOGY Co,us,2026-07-27
ABBV,AbbVie Inc.,us,2026-07-27
ABCB,Ameris Bancorp,us,2026-07-27
ABCL,AbCellera Biologics Inc.,us,2026-07-27
ABEO,ABEONA THERAPEUTICS INC.,us,2026-07-27
ABEV,AMBEV S.A.,us,2026-07-27
ABG,ASBURY AUTOMOTIVE GROUP INC,us,2026-07-27
ABLV,Able View Global Inc.,us,2026-07-15
ABM,ABM INDUSTRIES INC /DE/,us,2026-07-27
ABNB,"Airbnb, Inc.",us,2026-07-27
ABOS,"Acumen Pharmaceuticals, Inc.",us,2026-07-27
ABR,ARBOR REALTY TRUST INC,us,2026-07-27
ABR-PD,,us,2026-07-27
ABR-PE,,us,2026-07-27
ABR-PF,,us,2026-07-27
ABSI,Absci Corp,us,2026-07-27
ABT,ABBOTT LABORATORIES,us,2026-07-27
ABTC,American Bitcoin Corp.,us,2026-07-27
ABTS,Abits Group Inc,us,2026-07-15
ABUS,Arbutus Biopharma Corp,us,2026-07-27
ABVC,"ABVC BIOPHARMA, INC.",us,2026-07-15
ABVX,Abivax S.A.,us,2026-07-27
ABX,"Abacus Global Management, Inc.",us,2026-07-27
ABXL,"Abacus Global Management, Inc.",us,2026-07-27
ACA,"Arcosa, Inc.",us,2026-07-27
ACAA,Averin Capital Acquisition Corp.,us,2026-07-14
ACAAU,Averin Capital Acquisition Corp.,us,2026-07-27
ACAD,ACADIA PHARMACEUTICALS INC,us,2026-07-27
ACB,AURORA CANNABIS INC,us,2026-07-27
ACCL,Acco Group Holdings Ltd,us,2026-07-27
ACCO,ACCO BRANDS Corp,us,2026-07-27
ACCS,ACCESS Newswire Inc.,us,2026-07-27
ACDC,ProFrac Holding Corp.,us,2026-07-27
ACEL,"Accel Entertainment, Inc.",us,2026-07-27
ACET,"Adicet Bio, Inc.",us,2026-07-27
ACFN,"ACORN ENERGY, INC.",us,2026-07-27
ACGC,ACP Holdings Acquisition Corp.,us,2026-07-27
ACGCU,ACP Holdings Acquisition Corp.,us,2026-07-23
ACGL,AUTOMOBILE CORPORATION OF GOA,us,2026-07-27
ACGLN,ARCH CAPITAL GROUP LTD.,us,2026-07-27
ACGLO,ARCH CAPITAL GROUP LTD.,us,2026-07-27
ACH,ACCENDRA HEALTH INC/VA/,us,2026-07-27
ACHC,"Acadia Healthcare Company, Inc.",us,2026-07-27
ACHR,Archer Aviation Inc.,us,2026-07-27
ACHV,"ACHIEVE LIFE SCIENCES, INC.",us,2026-07-27
ACI,ARCHEAN CHEMICAL IND LTD,us,2026-07-27
ACIC,AMERICAN COASTAL INSURANCE Corp,us,2026-07-27
ACIU,AC Immune SA,us,2026-07-27
ACIW,"ACI WORLDWIDE, INC.",us,2026-07-27
ACLS,AXCELIS TECHNOLOGIES INC,us,2026-07-27
ACM,AECOM,us,2026-07-27
ACMR,"ACM Research, Inc.",us,2026-07-27
ACN,Accenture plc,us,2026-07-27
ACNB,ACNB CORP,us,2026-07-27
ACNT,ASCENT INDUSTRIES CO.,us,2026-07-27
ACOG,Alpha Cognition Inc.,us,2026-07-27
ACON,"Aclarion, Inc.",us,2026-07-27
ACP,abrdn Income Credit Strategies Fund,us,2026-07-27
ACP-PA,,us,2026-07-27
ACR,ACRES Commercial Realty Corp.,us,2026-07-27
ACR-PC,,us,2026-07-27
ACR-PD,,us,2026-07-27
ACRE,Ares Commercial Real Estate Corp,us,2026-07-27
ACRS,"Aclaris Therapeutics, Inc.",us,2026-07-27
ACRV,"Acrivon Therapeutics, Inc.",us,2026-07-16
ACT,"Enact Holdings, Inc.",us,2026-07-27
ACTG,ACACIA RESEARCH CORP,us,2026-07-27
ACTU,"ACTUATE THERAPEUTICS, INC.",us,2026-07-15
ACU,ACME UNITED CORP,us,2026-07-27
ACV,Virtus Diversified Income & Convertible Fund,us,2026-07-27
ACVA,ACV Auctions Inc.,us,2026-07-27
ACXP,"Acurx Pharmaceuticals, Inc.",us,2026-07-15
AD,"ARRAY DIGITAL INFRASTRUCTURE, INC.",us,2026-07-27
ADAC,American Drive Acquisition Co,us,2026-07-14
ADACU,American Drive Acquisition Co,us,2026-07-14
ADAG,Adagene Inc.,us,2026-07-27
ADAM,"ADAMAS TRUST, INC.",us,2026-07-27
ADAMG,"ADAMAS TRUST, INC.",us,2026-07-27
ADAMH,"ADAMAS TRUST, INC.",us,2026-07-27
ADAMI,"ADAMAS TRUST, INC.",us,2026-07-27
ADAML,"ADAMAS TRUST, INC.",us,2026-07-27
ADAMM,"ADAMAS TRUST, INC.",us,2026-07-27
ADAMN,"ADAMAS TRUST, INC.",us,2026-07-27
ADAMO,"ADAMAS TRUST, INC.",us,2026-07-27
ADAMZ,"ADAMAS TRUST, INC.",us,2026-07-27
ADBE,ADOBE INC.,us,2026-07-27
ADC,AGREE REALTY CORP,us,2026-07-27
ADC-PA,,us,2026-07-27
ADCT,ADC Therapeutics SA,us,2026-07-15
ADEA,Adeia Inc.,us,2026-07-27
ADI,ANALOG DEVICES INC,us,2026-07-27
ADIL,"ADIAL PHARMACEUTICALS, INC.",us,2026-07-27
ADM,Archer-Daniels-Midland Co,us,2026-07-27
ADMA,"ADMA BIOLOGICS, INC.",us,2026-07-27
ADNT,Adient plc,us,2026-07-27
ADP,AUTOMATIC DATA PROCESSING INC,us,2026-07-27
ADPT,Adaptive Biotechnologies Corp,us,2026-07-27
ADSE,Ads-Tec Energy Public Ltd Co,us,2026-07-27
ADSK,"Autodesk, Inc.",us,2026-07-27
ADT,ADT Inc.,us,2026-07-27
ADTN,"ADTRAN Holdings, Inc.",us,2026-07-27
ADUR,ADURO CLEAN TECHNOLOGIES INC.,us,2026-07-27
ADUS,Addus HomeCare Corp,us,2026-07-27
ADV,Advantage Solutions Inc.,us,2026-07-27
ADVB,Advanced Biomed Inc.,us,2026-07-27
ADX,"ADAMS DIVERSIFIED EQUITY FUND, INC.",us,2026-07-27
ADXN,Addex Therapeutics Ltd.,us,2026-07-27
AEAQ,Activate Energy Acquisition Corp.,us,2026-07-14
AEAQU,Activate Energy Acquisition Corp.,us,2026-07-14
AEBI,Aebi Schmidt Holding AG,us,2026-07-27
AEC,ANFIELD ENERGY INC.,us,2026-07-27
AEE,AMEREN CORP,us,2026-07-27
AEF,"abrdn Emerging Markets ex-China Fund, Inc.",us,2026-07-27
AEFC,AEGON LTD.,us,2026-07-27
AEG,AEGON LTD.,us,2026-07-27
AEHR,AEHR TEST SYSTEMS,us,2026-07-27
AEI,Alset Inc.,us,2026-07-15
AEIS,ADVANCED ENERGY INDUSTRIES INC,us,2026-07-27
AEM,AGNICO EAGLE MINES LTD,us,2026-07-27
AENT,ALLIANCE ENTERTAINMENT HOLDING CORP,us,2026-07-27
AEO,AMERICAN EAGLE OUTFITTERS INC,us,2026-07-27
AEP,AMERICAN ELECTRIC POWER CO INC,us,2026-07-27
AER,AerCap Holdings N.V.,us,2026-07-27
AERO,"Grupo Aeromexico, S.A.B. de C.V.",us,2026-07-27
AERT,"Aeries Technology, Inc.",us,2026-07-27
AES,AES CORP,us,2026-07-27
AESI,Atlas Energy Solutions Inc.,us,2026-07-27
AESP,Aeon Acquisition I Corp.,us,2026-07-27
AESPU,Aeon Acquisition I Corp.,us,2026-07-27
AEVA,"Aeva Technologies, Inc.",us,2026-07-27
AEXA,American Exceptionalism Acquisition Corp. A,us,2026-07-27
AEYE,AUDIOEYE INC,us,2026-07-27
AFB,ALLIANCEBERNSTEIN NATIONAL MUNICIPAL INCOME FUND,us,2026-07-27
AFBI,"Affinity Bancshares, Inc.",us,2026-07-27
AFCG,Advanced Flower Capital Inc.,us,2026-07-27
AFG,AMERICAN FINANCIAL GROUP INC,us,2026-07-27
AFGB,AMERICAN FINANCIAL GROUP INC,us,2026-07-27
AFGC,AMERICAN FINANCIAL GROUP INC,us,2026-07-27
AFGD,AMERICAN FINANCIAL GROUP INC,us,2026-07-27
AFGE,AMERICAN FINANCIAL GROUP INC,us,2026-07-27
AFJK,"Aimei Health Technology Co., Ltd.",us,2026-07-27
AFJKU,"Aimei Health Technology Co., Ltd.",us,2026-07-14
AFL,AFLAC INC,us,2026-07-27
AFRI,Forafric Global PLC,us,2026-07-27
AFRM,"Affirm Holdings, Inc.",us,2026-07-27
AFYA,Afya Ltd,us,2026-07-27
AG,FIRST MAJESTIC SILVER CORP,us,2026-07-27
AGBK,AGI Inc,us,2026-07-27
AGCC,Agencia Comercial Spirits Ltd.,us,2026-07-27
AGCO,AGCO CORP /DE,us,2026-07-27
AGD,abrdn Global Dynamic Dividend Fund,us,2026-07-27
AGEN,AGENUS INC,us,2026-07-27
AGI,AGI GREENPAC LIMITED,us,2026-07-27
AGIG,"ABUNDIA GLOBAL IMPACT GROUP, INC.",us,2026-07-15
AGIO,"AGIOS PHARMACEUTICALS, INC.",us,2026-07-27
AGL,ALLCARGO GLOBAL LIMITED,us,2026-07-27
AGM,FEDERAL AGRICULTURAL MORTGAGE CORP,us,2026-07-27
AGM-A,FEDERAL AGRICULTURAL MORTGAGE CORP,us,2026-07-14
AGM-PD,,us,2026-07-27
AGM-PE,,us,2026-07-27
AGM-PF,,us,2026-07-27
AGM-PG,,us,2026-07-27
AGM-PH,,us,2026-07-27
AGM-PI,,us,2026-07-27
AGMB,Agomab Therapeutics NV,us,2026-07-27
AGMH,"AGM GROUP HOLDINGS, INC.",us,2026-07-15
AGNC,AGNC Investment Corp.,us,2026-07-27
AGNCL,AGNC Investment Corp.,us,2026-07-27
AGNCM,AGNC Investment Corp.,us,2026-07-27
AGNCN,AGNC Investment Corp.,us,2026-07-27
AGNCO,AGNC Investment Corp.,us,2026-07-27
AGNCP,AGNC Investment Corp.,us,2026-07-27
AGNCZ,AGNC Investment Corp.,us,2026-07-27
AGNT,"AGNT, Inc.",us,2026-07-27
AGO,ASSURED GUARANTY LTD,us,2026-07-27
AGPU,Axe Compute Inc.,us,2026-07-27
AGQ,ProShares Trust II,us,2026-07-27
AGRO,Adecoagro S.A.,us,2026-07-27
AGX,ARGAN INC,us,2026-07-27
AGYS,AGILYSYS INC,us,2026-07-27
AHCO,AdaptHealth Corp.,us,2026-07-27
AHG,Akso Health Group,us,2026-07-15
AHL-PD,,us,2026-07-27
AHL-PE,,us,2026-07-27
AHL-PF,,us,2026-07-27
AHMA,AMBITIONS ENTERPRISE MANAGEMENT CO. L.L.C,us,2026-07-15
AHR,"American Healthcare REIT, Inc.",us,2026-07-27
AHRT,"AH Realty Trust, Inc.",us,2026-07-27
AHRT-PA,,us,2026-07-27
AHT,ASHFORD HOSPITALITY TRUST INC,us,2026-07-27
AHT-PD,,us,2026-07-27
AHT-PF,,us,2026-07-27
AHT-PG,,us,2026-07-27
AHT-PH,,us,2026-07-27
AHT-PI,,us,2026-07-27
AI,"C3.ai, Inc.",us,2026-07-27
AIAI,AIAI Holdings Corp,us,2026-07-27
AIB,AIB Data Centers Inc.,us,2026-07-23
AIBZ,Bitzero Holdings Inc.,us,2026-07-27
AIFA,"All In FutureTech Alliance, Inc.",us,2026-07-24
AIFF,"FIREFLY NEUROSCIENCE, INC.",us,2026-07-15
AIFU,AIFU Inc.,us,2026-07-27
AIG,"AMERICAN INTERNATIONAL GROUP, INC.",us,2026-07-27
AIHS,Senmiao Technology Ltd,us,2026-07-15
AII,"American Integrity Insurance Group, Inc.",us,2026-07-27
AIIA,AI Infrastructure Acquisition Corp.,us,2026-07-27
AIIA-UN,,us,2026-07-14
AIIO,ROBO.AI INC.,us,2026-07-27
AIIR,AIR Global PLC,us,2026-07-27
AIMD,"Ainos, Inc.",us,2026-07-15
AIN,ALBANY INTERNATIONAL CORP /DE/,us,2026-07-27
AIO,Virtus Artificial Intelligence & Technology Opportunities Fund,us,2026-07-27
AIOS,AIOS Tech Inc.,us,2026-07-27
AIOT,"Powerfleet, Inc.",us,2026-07-27
AIP,"Arteris, Inc.",us,2026-07-27
AIQD,BANK OF MONTREAL /CAN/,us,2026-07-27
AIQU,BANK OF MONTREAL /CAN/,us,2026-07-27
AIR,AAR CORP,us,2026-07-27
AIRE,reAlpha Tech Corp.,us,2026-07-15
AIRG,AIRGAIN INC,us,2026-07-27
AIRI,AIR INDUSTRIES GROUP,us,2026-07-27
AIRJ,AirJoule Technologies Corp.,us,2026-07-27
AIRO,"AIRO Group Holdings, Inc.",us,2026-07-27
AIRS,"Airsculpt Technologies, Inc.",us,2026-07-27
AIRT,AIR T INC,us,2026-07-27
AIRTP,AIR T INC,us,2026-07-27
AISP,"Airship AI Holdings, Inc.",us,2026-07-27
AIT,APPLIED INDUSTRIAL TECHNOLOGIES INC,us,2026-07-27
AIV,APARTMENT INVESTMENT & MANAGEMENT CO,us,2026-07-27
AIXC,"AIxCrypto Holdings, Inc.",us,2026-07-13
AIXI,Xiao-I Corp,us,2026-07-15
AIZ,"ASSURANT, INC.",us,2026-07-27
AIZN,"ASSURANT, INC.",us,2026-07-27
AJG,Arthur J. Gallagher & Co.,us,2026-07-27
AKA,A.K.A. BRANDS HOLDING CORP.,us,2026-07-27
AKAM,AKAMAI TECHNOLOGIES INC,us,2026-07-27
AKAN,AKANDA CORP.,us,2026-07-27
AKBA,"Akebia Therapeutics, Inc.",us,2026-07-15
AKO-A,ANDINA BOTTLING CO INC,us,2026-07-14
AKO-B,ANDINA BOTTLING CO INC,us,2026-07-27
AKR,ACADIA REALTY TRUST,us,2026-07-27
AKTS,"Aktis Oncology, Inc.",us,2026-07-27
AKTX,Akari Therapeutics Plc,us,2026-07-27
ALAB,"Astera Labs, Inc.",us,2026-07-27
ALAR,Alarum Technologies Ltd.,us,2026-07-23
ALB,ALBEMARLE CORP,us,2026-07-27
ALB-PA,,us,2026-07-27
ALC,ALCON INC,us,2026-07-27
ALCO,"ALICO, INC.",us,2026-07-27
ALDF,Aldel Financial II Inc.,us,2026-07-27
ALDFU,Aldel Financial II Inc.,us,2026-07-14
ALDX,"Aldeyra Therapeutics, Inc.",us,2026-07-15
ALEC,"Alector, Inc.",us,2026-07-15
ALF,Centurion Acquisition Corp.,us,2026-07-27
ALFUU,Centurion Acquisition Corp.,us,2026-07-14
ALG,ALAMO GROUP INC,us,2026-07-27
ALGM,"ALLEGRO MICROSYSTEMS, INC.",us,2026-07-27
ALGN,ALIGN TECHNOLOGY INC,us,2026-07-27
ALGS,"Aligos Therapeutics, Inc.",us,2026-07-27
ALGT,Allegiant Travel CO,us,2026-07-27
ALH,Alliance Laundry Holdings Inc.,us,2026-07-27
ALHC,"Alignment Healthcare, Inc.",us,2026-07-27
ALIS,Calisa Acquisition Corp,us,2026-07-27
ALISU,Calisa Acquisition Corp,us,2026-07-14
ALIT,"Alight, Inc. / Delaware",us,2026-07-27
ALK,"ALASKA AIR GROUP, INC.",us,2026-07-27
ALKS,Alkermes plc.,us,2026-07-27
ALKT,"ALKAMI TECHNOLOGY, INC.",us,2026-07-27
ALL,ALLSTATE CORP,us,2026-07-27
ALL-PB,,us,2026-07-27
ALL-PH,,us,2026-07-27
ALL-PI,,us,2026-07-27
ALL-PJ,,us,2026-07-27
ALLE,Allegion plc,us,2026-07-27
ALLO,"Allogene Therapeutics, Inc.",us,2026-07-15
ALLR,"Allarity Therapeutics, Inc.",us,2026-07-15
ALLT,Allot Ltd.,us,2026-07-27
ALLY,Ally Financial Inc.,us,2026-07-27
ALM,Almonty Industries Inc.,us,2026-07-27
ALMR,"Alamar Biosciences, Inc.",us,2026-07-27
ALMS,ALUMIS INC.,us,2026-07-27
ALMU,"Aeluma, Inc.",us,2026-07-27
ALNT,ALLIENT INC,us,2026-07-27
ALNY,"ALNYLAM PHARMACEUTICALS, INC.",us,2026-07-27
ALOT,"AstroNova, Inc.",us,2026-07-27
ALOV,"Aldabra 4 Liquidity Opportunity Vehicle, Inc.",us,2026-07-14
ALOVU,"Aldabra 4 Liquidity Opportunity Vehicle, Inc.",us,2026-07-14
ALOY,REALLOYS INC.,us,2026-07-27
ALPX,Alpex Acquisition Corp,us,2026-07-27
ALPXU,Alpex Acquisition Corp,us,2026-07-27
ALRM,"Alarm.com Holdings, Inc.",us,2026-07-27
ALRS,ALERUS FINANCIAL CORP,us,2026-07-27
ALSN,Allison Transmission Holdings Inc,us,2026-07-27
ALT,"Altimmune, Inc.",us,2026-07-27
ALTG,ALTA EQUIPMENT GROUP INC.,us,2026-07-27
ALTG-PA,,us,2026-07-27
ALTI,"AlTi Global, Inc.",us,2026-07-27
ALTO,"Alto Ingredients, Inc.",us,2026-07-27
ALUB,Alussa Energy Acquisition Corp. II,us,2026-07-27
ALUB-UN,,us,2026-07-14
ALV,AUTOLIV INC,us,2026-07-27
ALVO,Alvotech,us,2026-07-27
ALX,ALEXANDERS INC,us,2026-07-27
ALXO,ALX ONCOLOGY HOLDINGS INC,us,2026-07-27
ALZN,"Alzamend Neuro, Inc.",us,2026-07-15
AM,Antero Midstream Corp,us,2026-07-27
AMACU,AMR Resources Acquisition Corp.,us,2026-07-27
AMAL,AMAL LTD.,us,2026-07-27
AMAN,Amanat Acquisition Corp.,us,2026-07-27
AMAT,APPLIED MATERIALS INC /DE,us,2026-07-27
AMBA,AMBARELLA INC,us,2026-07-27
AMBO,Ambow Education Holding Ltd.,us,2026-07-27
AMBP,Ardagh Metal Packaging S.A.,us,2026-07-27
AMBQ,"Ambiq Micro, Inc.",us,2026-07-27
AMBR,Amber International Holding Ltd,us,2026-07-15
AMC,"AMC ENTERTAINMENT HOLDINGS, INC.",us,2026-07-27
AMCI,AMC Robotics Corp,us,2026-07-27
AMCR,Amcor plc,us,2026-07-27
AMCX,AMC Global Media Inc.,us,2026-07-27
AMD,ADVANCED MICRO DEVICES INC,us,2026-07-27
AME,AMETEK INC/,us,2026-07-27
AMG,"AFFILIATED MANAGERS GROUP, INC.",us,2026-07-27
AMGN,AMGEN INC,us,2026-07-27
AMH,American Homes 4 Rent,us,2026-07-27
AMH-PG,,us,2026-07-27
AMH-PH,,us,2026-07-27
AMIX,"Autonomix Medical, Inc.",us,2026-07-27
AMJB,JPMORGAN CHASE & CO,us,2026-07-27
AMKR,"AMKOR TECHNOLOGY, INC.",us,2026-07-27
AMLX,"Amylyx Pharmaceuticals, Inc.",us,2026-07-27
AMN,AMN HEALTHCARE SERVICES INC,us,2026-07-27
AMOD,"ALPHA MODUS HOLDINGS, INC.",us,2026-07-27
AMP,AMERIPRISE FINANCIAL INC,us,2026-07-27
AMPG,"AmpliTech Group, Inc.",us,2026-07-27
AMPGR,"AmpliTech Group, Inc.",us,2026-07-15
AMPGZ,"AmpliTech Group, Inc.",us,2026-07-15
AMPH,"Amphastar Pharmaceuticals, Inc.",us,2026-07-27
AMPL,AMPL Capital Limited,us,2026-07-27
AMPX,"Amprius Technologies, Inc.",us,2026-07-27
AMPX-WT,,us,2026-07-27
AMPY,Amplify Energy Corp.,us,2026-07-27
AMR,"Alpha Metallurgical Resources, Inc.",us,2026-07-27
AMRC,"Ameresco, Inc.",us,2026-07-27
AMRN,AMARIN CORP PLC\UK,us,2026-07-27
AMRX,"Amneal Pharmaceuticals, Inc.",us,2026-07-27
AMRZ,Amrize Ltd,us,2026-07-27
AMS,AMS POLYMERS LIMITED,us,2026-07-15
AMSC,AMERICAN SUPERCONDUCTOR CORP /DE/,us,2026-07-27
AMSF,AMERISAFE INC,us,2026-07-27
AMSS,AMASS BRANDS,us,2026-07-15
AMST,Amesite Inc.,us,2026-07-15
AMT,AMERICAN TOWER CORP /MA/,us,2026-07-27
AMTB,Amerant Bancorp Inc.,us,2026-07-27
AMTM,"Amentum Holdings, Inc.",us,2026-07-27
AMTX,"AEMETIS, INC",us,2026-07-15
AMUB,UBS AG,us,2026-07-14
AMWL,American Well Corp,us,2026-07-27
AMX,AMERICA MOVIL SAB DE CV/,us,2026-07-27
AMZN,AMAZON COM INC,us,2026-07-27
AN,"AUTONATION, INC.",us,2026-07-27
ANAB,"ANAPTYSBIO, INC",us,2026-07-27
ANDE,"Andersons, Inc.",us,2026-07-27
ANDG,Andersen Group Inc.,us,2026-07-27
ANET,"Arista Networks, Inc.",us,2026-07-27
ANF,ABERCROMBIE & FITCH CO /DE/,us,2026-07-27
ANG-PD,,us,2026-07-27
ANGH,Anghami Inc,us,2026-07-27
ANGI,Angi Inc.,us,2026-07-27
ANGO,ANGIODYNAMICS INC,us,2026-07-27
ANGX,"Angel Studios, Inc.",us,2026-07-27
ANIK,"Anika Therapeutics, Inc.",us,2026-07-27
ANIP,ANI PHARMACEUTICALS INC,us,2026-07-27
ANIX,Anixa Biosciences Inc,us,2026-07-27
ANL,Adlai Nortye Ltd.,us,2026-07-27
ANNA,"AleAnna, Inc.",us,2026-07-27
ANNX,"Annexon, Inc.",us,2026-07-27
ANPA,Rich Sparkle Holdings Ltd,us,2026-07-27
ANRO,"Alto Neuroscience, Inc.",us,2026-07-27
ANSC,Agriculture & Natural Solutions Acquisition Corp,us,2026-07-27
ANSCU,Agriculture & Natural Solutions Acquisition Corp,us,2026-07-14
ANTA,Antalpha Platform Holding Co,us,2026-07-27
ANTX,"AN2 Therapeutics, Inc.",us,2026-07-27
ANVS,"Annovis Bio, Inc.",us,2026-07-15
ANY,Sphere 3D Corp.,us,2026-07-15
AOD,abrdn Total Dynamic Dividend Fund,us,2026-07-27
AOMD,"Angel Oak Mortgage REIT, Inc.",us,2026-07-27
AOMN,"Angel Oak Mortgage REIT, Inc.",us,2026-07-27
AOMR,"Angel Oak Mortgage REIT, Inc.",us,2026-07-27
AON,Aon plc,us,2026-07-27
AORT,"ARTIVION, INC.",us,2026-07-27
AOS,SMITH A O CORP,us,2026-07-27
AOSL,ALPHA & OMEGA SEMICONDUCTOR Ltd,us,2026-07-27
AOUT,"American Outdoor Brands, Inc.",us,2026-07-27
AP,AMPCO PITTSBURGH CORP,us,2026-07-27
APA,APA Corp,us,2026-07-27
APAC,StoneBridge Acquisition II Corp,us,2026-07-14
APACU,StoneBridge Acquisition II Corp,us,2026-07-14
APAM,Artisan Partners Asset Management Inc.,us,2026-07-27
APC,ARKO Petroleum Corp.,us,2026-07-27
APD,"Air Products & Chemicals, Inc.",us,2026-07-27
APEI,AMERICAN PUBLIC EDUCATION INC,us,2026-07-27
APG,APi Group Corp,us,2026-07-27
APGE,"Apogee Therapeutics, Inc.",us,2026-07-27
APH,AMPHENOL CORP /DE/,us,2026-07-27
API,"Agora, Inc.",us,2026-07-27
APLD,Applied Digital Corp.,us,2026-07-27
APLE,"Apple Hospitality REIT, Inc.",us,2026-07-27
APLM,Apollomics Inc.,us,2026-07-27
APM,"Niki BioSolutions, Inc.",us,2026-07-27
APMC,AmperCap Acquisition Co,us,2026-07-27
APMCU,AmperCap Acquisition Co,us,2026-07-27
APO,"Apollo Global Management, Inc.",us,2026-07-27
APO-PA,,us,2026-07-27
APOG,"APOGEE ENTERPRISES, INC.",us,2026-07-27
APOS,"Apollo Global Management, Inc.",us,2026-07-27
APP,AppLovin Corp,us,2026-07-27
APPF,APPFOLIO INC,us,2026-07-27
APPN,APPIAN CORP,us,2026-07-27
APPS,"Digital Turbine, Inc.",us,2026-07-27
APT,ALPHA PRO TECH LTD,us,2026-07-27
APTV,Aptiv PLC,us,2026-07-27
APUR,Aperture AC,us,2026-07-27
APVO,Aptevo Therapeutics Inc.,us,2026-07-27
APWC,ASIA PACIFIC WIRE & CABLE CORP LTD,us,2026-07-13
APXT,Apex Treasury Corp,us,2026-07-27
APXTU,Apex Treasury Corp,us,2026-07-14
APYX,Apyx Medical Corp,us,2026-07-27
AQMS,"Aqua Metals, Inc.",us,2026-07-27
AQN,ALGONQUIN POWER & UTILITIES CORP.,us,2026-07-27
AQNB,ALGONQUIN POWER & UTILITIES CORP.,us,2026-07-27
AQST,"Aquestive Therapeutics, Inc.",us,2026-07-27
AR,ANTERO RESOURCES Corp,us,2026-07-27
ARBB,ARB IOT Group Ltd,us,2026-07-27
ARBK,Argo Blockchain Plc,us,2026-07-27
ARCB,ARCBEST CORP /DE/,us,2026-07-27
ARCC,ARES CAPITAL CORP,us,2026-07-27
ARCI,Archimedes Tech SPAC Partners III Co.,us,2026-07-27
ARCIU,Archimedes Tech SPAC Partners III Co.,us,2026-07-14
ARCL,ARCL Organics Ltd,us,2026-07-14
ARCLU,ARC Group Acquisition I Corp.,us,2026-07-14
ARCO,Arcos Dorados Holdings Inc.,us,2026-07-27
ARCT,Arcturus Therapeutics Holdings Inc.,us,2026-07-27
ARDC,"Ares Dynamic Credit Allocation Fund, Inc.",us,2026-07-27
ARDT,"Ardent Health, Inc.",us,2026-07-27
ARDX,"ARDELYX, INC.",us,2026-07-27
ARE,"ALEXANDRIA REAL ESTATE EQUITIES, INC.",us,2026-07-27
AREC,American Resources Corp,us,2026-07-15
ARES,Ares Management Corp,us,2026-07-27
ARES-PB,,us,2026-07-27
ARGX,ARGENX SE,us,2026-07-27
ARHS,"Arhaus, Inc.",us,2026-07-27
ARI,"Apollo Commercial Real Estate Finance, Inc.",us,2026-07-27
ARIS,ARISINFRA SOLUTIONS LTD,us,2026-07-27
ARKO,ARKO Corp.,us,2026-07-27
ARKR,ARK RESTAURANTS CORP,us,2026-07-27
ARL,Anand Rayons Limited,us,2026-07-27
ARLO,"Arlo Technologies, Inc.",us,2026-07-27
ARLP,ALLIANCE RESOURCE PARTNERS LP,us,2026-07-27
ARM,ARM HOLDINGS PLC /UK,us,2026-07-27
ARMK,Aramark,us,2026-07-27
ARMP,"Armata Pharmaceuticals, Inc.",us,2026-07-27
AROC,"Archrock, Inc.",us,2026-07-27
AROW,ARROW FINANCIAL CORP,us,2026-07-27
ARQ,"Arq, Inc.",us,2026-07-27
ARQQ,Arqit Quantum Inc.,us,2026-07-27
ARQT,"Arcutis Biotherapeutics, Inc.",us,2026-07-27
ARR,"Armour Residential REIT, Inc.",us,2026-07-27
ARR-PC,,us,2026-07-27
ARRY,"Array Technologies, Inc.",us,2026-07-27
ARTC,Art Technology Acquisition Corp.,us,2026-07-27
ARTCU,Art Technology Acquisition Corp.,us,2026-07-14
ARTL,"ARTELO BIOSCIENCES, INC.",us,2026-07-15
ARTNA,ARTESIAN RESOURCES CORP,us,2026-07-27
ARTV,"Artiva Biotherapeutics, Inc.",us,2026-07-27
ARTW,ARTS WAY MANUFACTURING CO INC,us,2026-07-27
ARVN,"ARVINAS, INC.",us,2026-07-27
ARW,"ARROW ELECTRONICS, INC.",us,2026-07-27
ARWR,"ARROWHEAD PHARMACEUTICALS, INC.",us,2026-07-27
ARX,Accelerant Holdings,us,2026-07-27
ARXS,"Arxis, Inc.",us,2026-07-27
AS,"Amer Sports, Inc.",us,2026-07-27
ASA,ASA Gold & Precious Metals Ltd,us,2026-07-27
ASAN,"Asana, Inc.",us,2026-07-27
ASB,ASSOCIATED BANC-CORP,us,2026-07-27
ASB-PE,,us,2026-07-27
ASB-PF,,us,2026-07-27
ASBA,ASSOCIATED BANC-CORP,us,2026-07-27
ASBP,"Aspire Biopharma Holdings, Inc.",us,2026-07-27
ASC,Ardmore Shipping Corp,us,2026-07-27
ASG,LIBERTY ALL STAR GROWTH FUND INC.,us,2026-07-27
ASGI,abrdn Global Infrastructure Income Fund,us,2026-07-27
ASH,ASHLAND INC.,us,2026-07-27
ASIC,Ategrity Specialty Insurance Co Holdings,us,2026-07-27
ASIX,AdvanSix Inc.,us,2026-07-27
ASLE,AerSale Corp,us,2026-07-27
ASM,AVINO SILVER & GOLD MINES LTD,us,2026-07-27
ASMB,"ASSEMBLY BIOSCIENCES, INC.",us,2026-07-27
ASML,ASML HOLDING NV,us,2026-07-27
ASND,Ascendis Pharma A/S,us,2026-07-27
ASO,"Academy Sports & Outdoors, Inc.",us,2026-07-27
ASPC,ASPAC III Acquisition Corp.,us,2026-07-27
ASPCU,ASPAC III Acquisition Corp.,us,2026-07-14
ASPI,ASP Isotopes Inc.,us,2026-07-27
ASPN,ASPEN AEROGELS INC,us,2026-07-27
ASPS,ALTISOURCE PORTFOLIO SOLUTIONS S.A.,us,2026-07-27
ASR,SOUTHEAST AIRPORT GROUP,us,2026-07-27
ASRV,AMERISERV FINANCIAL INC /PA/,us,2026-07-27
ASST,"Strive, Inc.",us,2026-07-27
ASTC,ASTROTECH Corp,us,2026-07-27
ASTE,ASTEC INDUSTRIES INC,us,2026-07-27
ASTH,"Astrana Health, Inc.",us,2026-07-27
ASTI,"Ascent Solar Technologies, Inc.",us,2026-07-27
ASTL,Algoma Steel Group Inc.,us,2026-07-27
ASTS,"AST SpaceMobile, Inc.",us,2026-07-27
ASUR,ASURE SOFTWARE INC,us,2026-07-27
ASX,"ASE Technology Holding Co., Ltd.",us,2026-07-27
ASYS,AMTECH SYSTEMS INC,us,2026-07-27
ATAI,AtaiBeckley Inc.,us,2026-07-27
ATAT,Atour Lifestyle Holdings Ltd,us,2026-07-27
ATCX,ATLAS CRITICAL MINERALS Corp,us,2026-07-27
ATEC,"Alphatec Holdings, Inc.",us,2026-07-27
ATEN,"A10 Networks, Inc.",us,2026-07-27
ATER,"Aterian, Inc.",us,2026-07-15
ATEX,Anterix Inc.,us,2026-07-27
ATGL,ADANI TOTAL GAS LIMITED,us,2026-07-27
ATH-PA,,us,2026-07-27
ATH-PB,,us,2026-07-27
ATH-PD,,us,2026-07-27
ATH-PE,,us,2026-07-27
ATHE,ALTERITY THERAPEUTICS LTD,us,2026-07-27
ATHM,Autohome Inc.,us,2026-07-27
ATHR,"Aether Holdings, Inc.",us,2026-07-27
ATHS,Athene Holding Ltd.,us,2026-07-27
ATI,ATI INC,us,2026-07-27
ATII,Archimedes Tech SPAC Partners II Co.,us,2026-07-27
ATIIU,Archimedes Tech SPAC Partners II Co.,us,2026-07-14
ATKR,Atkore Inc.,us,2026-07-27
ATLC,Atlanticus Holdings Corp,us,2026-07-27
ATLCL,Atlanticus Holdings Corp,us,2026-07-27
ATLCP,Atlanticus Holdings Corp,us,2026-07-27
ATLCZ,Atlanticus Holdings Corp,us,2026-07-27
ATLO,AMES NATIONAL CORP,us,2026-07-27
ATLX,Atlas Lithium Corp,us,2026-07-27
ATMU,Atmus Filtration Technologies Inc.,us,2026-07-27
ATNI,"ATN International, Inc.",us,2026-07-27
ATO,ATMOS ENERGY CORP,us,2026-07-27
ATOM,Atomera Inc,us,2026-07-27
ATOS,"ATOSSA THERAPEUTICS, INC.",us,2026-07-27
ATPC,Agape ATP Corp,us,2026-07-27
ATR,"APTARGROUP, INC.",us,2026-07-27
ATRA,"Atara Biotherapeutics, Inc.",us,2026-07-27
ATRC,"AtriCure, Inc.",us,2026-07-27
ATRO,ASTRONICS CORP,us,2026-07-27
ATS,ATS Corp /ATS,us,2026-07-27
ATXG,ADDENTAX GROUP CORP.,us,2026-07-27
AU,AngloGold Ashanti PLC,us,2026-07-27
AUB,Atlantic Union Bankshares Corp,us,2026-07-27
AUB-PA,,us,2026-07-27
AUBN,"AUBURN NATIONAL BANCORPORATION, INC",us,2026-07-27
AUC,ATIF Holdings Ltd,us,2026-07-27
AUDC,AUDIOCODES LTD,us,2026-07-27
AUGO,Aura Minerals Inc.,us,2026-07-27
AUID,authID Inc.,us,2026-07-15
AUNA,AUNA S.A.,us,2026-07-27
AUPH,Aurinia Pharmaceuticals Inc.,us,2026-07-27
AUR,"Aurora Innovation, Inc.",us,2026-07-27
AURA,"Aura Biosciences, Inc.",us,2026-07-27
AURE,Aurelion Inc.,us,2026-07-15
AUST,Austin Gold Corp.,us,2026-07-15
AUTL,Autolus Therapeutics plc,us,2026-07-15
AUUD,AUDDIA INC.,us,2026-07-15
AVA,AVISTA CORP,us,2026-07-27
AVAH,"Aveanna Healthcare Holdings, Inc.",us,2026-07-27
AVAL,Grupo Aval Acciones Y Valores S.A.,us,2026-07-27
AVAV,AeroVironment Inc,us,2026-07-27
AVB,AVALONBAY COMMUNITIES INC,us,2026-07-27
AVBC,"Avidia Bancorp, Inc.",us,2026-07-27
AVBH,"Avidbank Holdings, Inc.",us,2026-07-27
AVBP,"ArriVent BioPharma, Inc.",us,2026-07-27
AVD,AMERICAN VANGUARD CORP,us,2026-07-27
AVEX,AEVEX Corp.,us,2026-07-27
AVGO,Broadcom Inc.,us,2026-07-27
AVIR,"Atea Pharmaceuticals, Inc.",us,2026-07-27
AVK,ADVENT CONVERTIBLE & INCOME FUND,us,2026-07-27
AVLN,Avalyn Pharma Inc.,us,2026-07-27
AVNS,"AVANOS MEDICAL, INC.",us,2026-07-27
AVNT,AVIENT CORP,us,2026-07-27
AVNW,"AVIAT NETWORKS, INC.",us,2026-07-27
AVO,"Mission Produce, Inc.",us,2026-07-27
AVPT,"AvePoint, Inc.",us,2026-07-27
AVR,Anteris Technologies Global Corp.,us,2026-07-27
AVT,AVNET INC,us,2026-07-27
AVTR,"Avantor, Inc.",us,2026-07-27
AVTX,"Avalo Therapeutics, Inc.",us,2026-07-27
AVX,AVAX ONE TECHNOLOGY LTD.,us,2026-07-27
AVXL,ANAVEX LIFE SCIENCES CORP.,us,2026-07-27
AVY,Avery Dennison Corp,us,2026-07-27
AWF,ALLIANCEBERNSTEIN GLOBAL HIGH INCOME FUND INC,us,2026-07-27
AWI,ARMSTRONG WORLD INDUSTRIES INC,us,2026-07-27
AWK,"American Water Works Company, Inc.",us,2026-07-27
AWP,abrdn Global Premier Properties Fund,us,2026-07-27
AWR,AMERICAN STATES WATER CO,us,2026-07-27
AWRE,AWARE INC /MA/,us,2026-07-15
AWX,AVALON HOLDINGS CORP,us,2026-07-27
AX,"Axos Financial, Inc.",us,2026-07-27
AXG,"Solowin Holdings, Ltd.",us,2026-07-27
AXGN,"Axogen, Inc.",us,2026-07-27
AXIA,AXIA Energia S.A.,us,2026-07-27
AXIA-PC,,us,2026-07-27
AXIL,"Axil Brands, Inc.",us,2026-07-27
AXIN,Axiom Intelligence Acquisition Corp 1,us,2026-07-27
AXINU,Axiom Intelligence Acquisition Corp 1,us,2026-07-14
AXON,"AXON ENTERPRISE, INC.",us,2026-07-27
AXP,AMERICAN EXPRESS CO,us,2026-07-27
AXR,AMREP CORP.,us,2026-07-27
AXS,AXIS CAPITAL HOLDINGS LTD,us,2026-07-27
AXS-PE,,us,2026-07-27
AXSM,"Axsome Therapeutics, Inc.",us,2026-07-27
AXTA,Axalta Coating Systems Ltd.,us,2026-07-27
AXTI,AXT INC,us,2026-07-27
AYA,Aya Gold & Silver Inc.,us,2026-07-27
AYI,ACUITY INC. (DE),us,2026-07-27
AYTU,"AYTU BIOPHARMA, INC",us,2026-07-27
AZ,A2Z CUST2MATE SOLUTIONS CORP.,us,2026-07-27
AZI,Autozi Internet Technology (Global) Ltd.,us,2026-07-15
AZIO,"AZIO AI HOLDINGS, INC.",us,2026-07-15
AZN,ASTRAZENECA PLC,us,2026-07-27
AZO,AUTOZONE INC,us,2026-07-27
AZTA,"Azenta, Inc.",us,2026-07-27
AZUL,AZUL SA,us,2026-07-27
AZZ,AZZ INC,us,2026-07-27
B,BARRICK MINING CORP,us,2026-07-27
BA,BOEING CO,us,2026-07-27
BA-PA,BOEING CO,us,2026-07-27
BABA,BABA ARTS LTD.,us,2026-07-27
BAC,BANK OF AMERICA CORP /DE/,us,2026-07-27
BAC-PB,,us,2026-07-27
BAC-PE,,us,2026-07-27
BAC-PK,,us,2026-07-27
BAC-PL,,us,2026-07-27
BAC-PM,,us,2026-07-27
BAC-PN,,us,2026-07-27
BAC-PO,,us,2026-07-27
BAC-PP,,us,2026-07-27
BAC-PQ,,us,2026-07-27
BAC-PS,,us,2026-07-27
BACC,Blue Acquisition Corp/Cayman,us,2026-07-27
BACCU,Blue Acquisition Corp/Cayman,us,2026-07-14
BAER,"Bridger Aerospace Group Holdings, Inc.",us,2026-07-15
BAFN,BayFirst Financial Corp.,us,2026-07-27
BAH,Booz Allen Hamilton Holding Corp,us,2026-07-27
BAK,BRASKEM SA,us,2026-07-27
BALL,BALL Corp,us,2026-07-27
BALY,Bally's Corp,us,2026-07-27
BAM,Brookfield Asset Management Ltd.,us,2026-07-27
BANC,"BANC OF CALIFORNIA, INC.",us,2026-07-27
BANC-PF,,us,2026-07-27
BAND,Bandwidth Inc.,us,2026-07-27
BANF,BANCFIRST CORP /OK/,us,2026-07-27
BANFP,BANCFIRST CORP /OK/,us,2026-07-14
BANL,CBL International Ltd,us,2026-07-27
BANR,BANNER CORP,us,2026-07-27
BANX,ArrowMark Financial Corp.,us,2026-07-27
BAOS,Baosheng Media Group Holdings Ltd,us,2026-07-20
BAP,CREDICORP LTD,us,2026-07-27
BAR,GraniteShares Gold Trust,us,2026-07-27
BARK,"Bark, Inc.",us,2026-07-27
BATL,BATTALION OIL CORP,us,2026-07-15
BATRA,"Atlanta Braves Holdings, Inc.",us,2026-07-27
BATRK,"Atlanta Braves Holdings, Inc.",us,2026-07-27
BAVA,Bitwise Avalanche ETF,us,2026-07-27
BAX,BAXTER INTERNATIONAL INC,us,2026-07-27
BAYA,,us,2026-07-14
BAYAU,,us,2026-07-14
BB,BLACKBERRY Ltd,us,2026-07-27
BBAI,"BigBear.ai Holdings, Inc.",us,2026-07-27
BBAR,Banco BBVA Argentina S.A.,us,2026-07-27
BBBY,"BED BATH & BEYOND, INC.",us,2026-07-27
BBCP,"Concrete Pumping Holdings, Inc.",us,2026-07-27
BBCQ,Bleichroeder Acquisition Corp. II,us,2026-07-27
BBCQU,Bleichroeder Acquisition Corp. II,us,2026-07-14
BBCQW,Bleichroeder Acquisition Corp. II,us,2026-07-16
BBD,BANK BRADESCO,us,2026-07-27
BBDC,"Barings BDC, Inc.",us,2026-07-27
BBDO,BANK BRADESCO,us,2026-07-27
BBGI,BEASLEY BROADCAST GROUP INC,us,2026-07-27
BBIO,"BridgeBio Pharma, Inc.",us,2026-07-27
BBLG,Bone Biologics Corp,us,2026-07-15
BBLGW,Bone Biologics Corp,us,2026-07-14
BBN,BlackRock Taxable Municipal Bond Trust,us,2026-07-27
BBNX,"Beta Bionics, Inc.",us,2026-07-27
BBOT,"BridgeBio Oncology Therapeutics, Inc.",us,2026-07-27
BBSI,BARRETT BUSINESS SERVICES INC,us,2026-07-27
BBT,Beacon Financial Corp,us,2026-07-27
BBUC,Brookfield Business Corp,us,2026-07-27
BBVA,"BANCO BILBAO VIZCAYA ARGENTARIA, S.A.",us,2026-07-27
BBW,BUILD-A-BEAR WORKSHOP INC,us,2026-07-27
BBWI,"Bath & Body Works, Inc.",us,2026-07-27
BBY,BEST BUY CO INC,us,2026-07-27
BC,BRUNSWICK CORP,us,2026-07-27
BC-PC,BRUNSWICK CORP,us,2026-07-27
BCAB,"BioAtla, Inc.",us,2026-07-27
BCAL,California BanCorp \ CA,us,2026-07-27
BCAR,D. Boral ARC Acquisition I Corp.,us,2026-07-27
BCARU,D. Boral ARC Acquisition I Corp.,us,2026-07-14
BCAT,BlackRock Capital Allocation Term Trust,us,2026-07-27
BCAX,Bicara Therapeutics Inc.,us,2026-07-27
BCBP,BCB BANCORP INC,us,2026-07-27
BCC,BOISE CASCADE Co,us,2026-07-27
BCCQU,Bleichroeder Acquisition Corp. III,us,2026-07-27
BCE,BCE INC,us,2026-07-27
BCG,BRIGHTCOM GROUP LIMITED,us,2026-07-15
BCH,BANK OF CHILE,us,2026-07-27
BCHT,Birchtech Corp.,us,2026-07-15
BCIC,BCP Investment Corp,us,2026-07-27
BCML,BayCom Corp,us,2026-07-27
BCO,BRINKS CO,us,2026-07-27
BCPC,BALCHEM CORP,us,2026-07-27
BCRX,BIOCRYST PHARMACEUTICALS INC,us,2026-07-27
BCS,BARCLAYS PLC,us,2026-07-27
BCSF,"Bain Capital Specialty Finance, Inc.",us,2026-07-27
BCSS,Bain Capital GSS Investment Corp.,us,2026-07-27
BCSS-UN,,us,2026-07-14
BCTX,BriaCell Therapeutics Corp.,us,2026-07-27
BCV,BANCROFT FUND LTD,us,2026-07-27
BCV-PA,,us,2026-07-27
BCX,BlackRock Resources & Commodities Strategy Trust,us,2026-07-27
BCYC,BICYCLE THERAPEUTICS PLC,us,2026-07-27
BDC,BELDEN INC.,us,2026-07-27
BDCI,BTC Development Corp.,us,2026-07-27
BDCIU,BTC Development Corp.,us,2026-07-14
BDCX,UBS AG,us,2026-07-27
BDCZ,UBS AG,us,2026-07-27
BDJ,BlackRock Enhanced Equity Dividend Trust,us,2026-07-27
BDL,BHARAT DYNAMICS LIMITED,us,2026-07-27
BDMD,Baird Medical Investment Holdings Ltd,us,2026-07-15
BDN,BRANDYWINE REALTY TRUST,us,2026-07-27
BDRX,Biodexa Pharmaceuticals Plc,us,2026-07-22
BDRY,Amplify Commodity Trust,us,2026-07-27
BDSX,BIODESIX INC,us,2026-07-27
BDTX,"Black Diamond Therapeutics, Inc.",us,2026-07-15
BDX,BECTON DICKINSON & CO,us,2026-07-27
BE,Bloom Energy Corp,us,2026-07-27
BEAG,Bold Eagle Acquisition Corp.,us,2026-07-27
BEAGU,Bold Eagle Acquisition Corp.,us,2026-07-14
BEAM,Beam Therapeutics Inc.,us,2026-07-27
BEBE,TGE Value Creative Solutions Corp,us,2026-07-14
BEBE-UN,,us,2026-07-14
BEEM,Beam Global,us,2026-07-15
BEEP,Mobile Infrastructure Corp,us,2026-07-15
BEKE,KE Holdings Inc.,us,2026-07-27
BELFA,BEL FUSE INC /NJ,us,2026-07-27
BELFB,BEL FUSE INC /NJ,us,2026-07-27
BEN,FRANKLIN RESOURCES INC,us,2026-07-27
BENF,Beneficient,us,2026-07-27
BEP,Brookfield Renewable Partners L.P.,us,2026-07-27
BEP-PA,,us,2026-07-27
BEPC,Brookfield Renewable Corp,us,2026-07-27
BEPH,Brookfield Renewable Partners L.P.,us,2026-07-27
BEPI,Brookfield Renewable Partners L.P.,us,2026-07-27
BEPJ,Brookfield Renewable Partners L.P.,us,2026-07-27
BERZ,BANK OF MONTREAL /CAN/,us,2026-07-27
BESS,Bimergen Energy Corp,us,2026-07-14
BESS-WT,,us,2026-07-13
BETA,BETA DRUGS LIMITED,us,2026-07-27
BETR,Better Home & Finance Holding Co,us,2026-07-27
BF-A,BROWN FORMAN CORP,us,2026-07-27
BF-B,BROWN FORMAN CORP,us,2026-07-27
BFAM,BRIGHT HORIZONS FAMILY SOLUTIONS INC.,us,2026-07-27
BFC,Bank First Corp,us,2026-07-27
BFH,"BREAD FINANCIAL HOLDINGS, INC.",us,2026-07-27
BFH-PA,,us,2026-07-27
BFH-PB,,us,2026-07-27
BFLY,"Butterfly Network, Inc.",us,2026-07-27
BFRI,Biofrontera Inc.,us,2026-07-15
BFS,"SAUL CENTERS, INC.",us,2026-07-27
BFS-PD,,us,2026-07-27
BFS-PE,,us,2026-07-27
BFST,"Business First Bancshares, Inc.",us,2026-07-27
BG,Bunge Global SA,us,2026-07-27
BGB,Blackstone Strategic Credit 2027 Term Fund,us,2026-07-27
BGC,"BGC Group, Inc.",us,2026-07-27
BGDE,"Big Digital Energy, Inc.",us,2026-07-27
BGH,BARINGS GLOBAL SHORT DURATION HIGH YIELD FUND,us,2026-07-27
BGIN,BGIN BLOCKCHAIN Ltd,us,2026-07-27
BGLC,BioNexus Gene Lab Corp,us,2026-07-15
BGR,BlackRock Energy & Resources Trust,us,2026-07-27
BGS,"B&G Foods, Inc.",us,2026-07-27
BGSF,"BGSF, INC.",us,2026-07-27
BGSI,Boyd Group Services Inc.,us,2026-07-27
BGT,BLACKROCK FLOATING RATE INCOME TRUST,us,2026-07-27
BGX,Blackstone Long-Short Credit Income Fund,us,2026-07-27
BGY,BlackRock Enhanced International Dividend Trust,us,2026-07-27
BH,Biglari Holdings Inc.,us,2026-07-27
BH-A,Biglari Holdings Inc.,us,2026-07-27
BHAV,BHAV Acquisition Corp,us,2026-07-27
BHAVU,BHAV Acquisition Corp,us,2026-07-23
BHB,BAR HARBOR BANKSHARES,us,2026-07-27
BHC,Bausch Health Companies Inc.,us,2026-07-27
BHE,BENCHMARK ELECTRONICS INC,us,2026-07-27
BHF,"Brighthouse Financial, Inc.",us,2026-07-27
BHFAL,"Brighthouse Financial, Inc.",us,2026-07-27
BHFAM,"Brighthouse Financial, Inc.",us,2026-07-27
BHFAN,"Brighthouse Financial, Inc.",us,2026-07-27
BHFAO,"Brighthouse Financial, Inc.",us,2026-07-27
BHFAP,"Brighthouse Financial, Inc.",us,2026-07-27
BHK,BLACKROCK CORE BOND TRUST,us,2026-07-27
BHM,"Bluerock Homes Trust, Inc.",us,2026-07-27
BHP,BHP Group Ltd,us,2026-07-27
BHR,Braemar Hotels & Resorts Inc.,us,2026-07-27
BHR-PB,,us,2026-07-27
BHR-PD,,us,2026-07-27
BHRB,Burke & Herbert Financial Services Corp.,us,2026-07-27
BHST,BIOHARVEST SCIENCES INC.,us,2026-07-24
BHV,BLACKROCK VIRGINIA MUNICIPAL BOND TRUST,us,2026-07-27
BHVN,Biohaven Ltd.,us,2026-07-27
BHYP,Bitwise Hyperliquid ETF,us,2026-07-27
BID,Tribeca Strategic Acquisition Corp.,us,2026-07-27
BIDU,"Baidu, Inc.",us,2026-07-27
BIDWU,Tribeca Strategic Acquisition Corp.,us,2026-07-27
BIIB,BIOGEN INC.,us,2026-07-27
BIII,Black Spade Acquisition III Co,us,2026-07-14
BIII-UN,,us,2026-07-14
BILI,Bilibili Inc.,us,2026-07-27
BILL,"BILL Holdings, Inc.",us,2026-07-27
BIO,"BIO-RAD LABORATORIES, INC.",us,2026-07-27
BIO-B,"BIO-RAD LABORATORIES, INC.",us,2026-07-14
BIOA,"BioAge Labs, Inc.",us,2026-07-27
BIP,Brookfield Infrastructure Partners L.P.,us,2026-07-27
BIP-PA,,us,2026-07-27
BIP-PB,,us,2026-07-27
BIPC,Brookfield Infrastructure Corp,us,2026-07-27
BIPH,Brookfield Infrastructure Partners L.P.,us,2026-07-27
BIPI,Brookfield Infrastructure Partners L.P.,us,2026-07-27
BIPJ,Brookfield Infrastructure Partners L.P.,us,2026-07-27
BIRD,"Smartbird, Inc.",us,2026-07-27
BIRK,Birkenstock Holding plc,us,2026-07-27
BIT,BlackRock Multi-Sector Income Trust,us,2026-07-27
BITA,iShares Bitcoin Premium Income ETF,us,2026-07-27
BITB,Bitwise Bitcoin ETF,us,2026-07-27
BITW,Bitwise 10 Crypto Index ETF,us,2026-07-27
BIVI,BIOVIE INC.,us,2026-07-15
BIXI,Bitcoin Infrastructure Acquisition Corp Ltd,us,2026-07-27
BIXIU,Bitcoin Infrastructure Acquisition Corp Ltd,us,2026-07-14
BIYA,Baiya International Group Inc.,us,2026-07-24
BJ,"BJ's Wholesale Club Holdings, Inc.",us,2026-07-27
BJDX,"Bluejay Diagnostics, Inc.",us,2026-07-15
BJRI,BJs RESTAURANTS INC,us,2026-07-27
BKD,Brookdale Senior Living Inc.,us,2026-07-27
BKE,BUCKLE INC,us,2026-07-27
BKH,BLACK HILLS CORP /SD/,us,2026-07-27
BKHA,Black Hawk Acquisition Corp,us,2026-07-14
BKHAR,Black Hawk Acquisition Corp,us,2026-07-13
BKHAU,Black Hawk Acquisition Corp,us,2026-07-14
BKKT,"Bakkt, Inc.",us,2026-07-27
BKNG,Booking Holdings Inc.,us,2026-07-27
BKR,Baker Hughes Co,us,2026-07-27
BKSY,BlackSky Technology Inc.,us,2026-07-27
BKT,"BLACKROCK INCOME TRUST, INC.",us,2026-07-27
BKTI,BK Technologies Corp,us,2026-07-27
BKU,"BankUnited, Inc.",us,2026-07-27
BKV,BKV INDUSTRIES LTD.,us,2026-07-27
BKYI,BIO KEY INTERNATIONAL INC,us,2026-07-27
BL,"BLACKLINE, INC.",us,2026-07-27
BLBD,Blue Bird Corp,us,2026-07-27
BLCO,Bausch & Lomb Corp,us,2026-07-27
BLD,,us,2026-07-14
BLDP,Ballard Power Systems Inc.,us,2026-07-27
BLDR,"Builders FirstSource, Inc.",us,2026-07-27
BLFS,BIOLIFE SOLUTIONS INC,us,2026-07-27
BLIN,"Bridgeline Digital, Inc.",us,2026-07-15
BLIV,BeLive Holdings,us,2026-07-27
BLK,"BlackRock, Inc.",us,2026-07-27
BLKB,BLACKBAUD INC,us,2026-07-27
BLLN,"BillionToOne, Inc.",us,2026-07-27
BLMN,"Bloomin' Brands, Inc.",us,2026-07-27
BLND,"Blend Labs, Inc.",us,2026-07-15
BLNE,"Beeline Holdings, Inc.",us,2026-07-15
BLRK,Bluerock Acquisition Corp.,us,2026-07-14
BLRKU,Bluerock Acquisition Corp.,us,2026-07-14
BLRX,BioLineRx Ltd.,us,2026-07-27
BLSH,Bullish,us,2026-07-27
BLTE,"BELITE BIO, INC",us,2026-07-27
BLUW,Blue Water Acquisition Corp. III,us,2026-07-27
BLUWU,Blue Water Acquisition Corp. III,us,2026-07-14
BLW,BLACKROCK Ltd DURATION INCOME TRUST,us,2026-07-27
BLX,"FOREIGN TRADE BANK OF LATIN AMERICA, INC.",us,2026-07-27
BLZE,"Backblaze, Inc.",us,2026-07-27
BLZR,Trailblazer Acquisition Corp.,us,2026-07-27
BLZRU,Trailblazer Acquisition Corp.,us,2026-07-14
BMA,Macro Bank Inc.,us,2026-07-27
BMBL,Bumble Inc.,us,2026-07-27
BME,BlackRock Health Sciences Trust,us,2026-07-27
BMEA,"Biomea Fusion, Inc.",us,2026-07-15
BMEZ,BlackRock Health Sciences Term Trust,us,2026-07-27
BMGL,Basel Medical Group Ltd,us,2026-07-27
BMHL,Bluemount Holdings Ltd,us,2026-07-24
BMI,BADGER METER INC,us,2026-07-27
BML-PG,,us,2026-07-27
BML-PH,,us,2026-07-27
BML-PJ,,us,2026-07-27
BML-PL,,us,2026-07-27
BMM,Blue Moon Metals Inc.,us,2026-07-27
BMN,BlackRock 2037 Municipal Target Term Trust,us,2026-07-27
BMNP,"BITMINE IMMERSION TECHNOLOGIES, INC.",us,2026-07-27
BMNR,"BITMINE IMMERSION TECHNOLOGIES, INC.",us,2026-07-27
BMO,BANK OF MONTREAL /CAN/,us,2026-07-27
BMR,Beamr Imaging Ltd.,us,2026-07-15
BMRA,BIOMERICA INC,us,2026-07-15
BMRC,Bank of Marin Bancorp,us,2026-07-27
BMRN,BIOMARIN PHARMACEUTICAL INC,us,2026-07-27
BMY,BRISTOL MYERS SQUIBB CO,us,2026-07-27
BN,BROOKFIELD Corp /ON/,us,2026-07-27
BNAI,Brand Engagement Network Inc.,us,2026-07-27
BNC,CEA Industries Inc.,us,2026-07-27
BNED,"Barnes & Noble Education, Inc.",us,2026-07-27
BNGO,"Bionano Genomics, Inc.",us,2026-07-15
BNH,BROOKFIELD Corp /ON/,us,2026-07-27
BNJ,BROOKFIELD Corp /ON/,us,2026-07-27
BNKD,BANK OF MONTREAL /CAN/,us,2026-07-14
BNKK,"BONK, INC.",us,2026-07-15
BNKU,BANK OF MONTREAL /CAN/,us,2026-07-27
BNL,"Broadstone Net Lease, Inc.",us,2026-07-27
BNO,"United States Brent Oil Fund, LP",us,2026-07-27
BNR,Burning Rock Biotech Ltd,us,2026-07-27
BNS,BANK OF NOVA SCOTIA,us,2026-07-27
BNT,Brookfield Wealth Solutions Ltd.,us,2026-07-27
BNTC,Benitec Biopharma Inc.,us,2026-07-27
BNTX,BioNTech SE,us,2026-07-27
BNY,Bank of New York Mellon Corp,us,2026-07-27
BNY-PK,,us,2026-07-27
BNZI,"Banzai International, Inc.",us,2026-07-27
BOBS,"Bob's Discount Furniture, Inc.",us,2026-07-27
BOC,BOSTON OMAHA Corp,us,2026-07-27
BODI,"Beachbody Company, Inc.",us,2026-07-27
BOE,BlackRock Enhanced Global Dividend Trust,us,2026-07-27
BOF,BranchOut Food Inc.,us,2026-07-27
BOH,BANK OF HAWAII CORP,us,2026-07-27
BOH-PA,,us,2026-07-27
BOH-PB,,us,2026-07-27
BOIL,ProShares Trust II,us,2026-07-27
BOKF,BOK FINANCIAL CORP,us,2026-07-27
BOLD,"Boundless Bio, Inc.",us,2026-07-27
BOLT,"Bolt Biotherapeutics, Inc.",us,2026-07-27
BON,Bon Natural Life Ltd,us,2026-07-15
BOOM,DMC Global Inc.,us,2026-07-27
BOOT,"Boot Barn Holdings, Inc.",us,2026-07-27
BORR,Borr Drilling Ltd,us,2026-07-27
BOSC,BOS BETTER ONLINE SOLUTIONS LTD,us,2026-07-27
BOT,"RoboStrategy, Inc.",us,2026-07-27
BOTJ,BANK OF THE JAMES FINANCIAL GROUP INC,us,2026-07-27
BOW,Bowhead Specialty Holdings Inc.,us,2026-07-27
BOX,BOX INC,us,2026-07-27
BOXL,Boxlight Corp,us,2026-07-27
BP,BP PLC,us,2026-07-27
BPAC,Blueport Acquisition Ltd,us,2026-07-14
BPACU,Blueport Acquisition Ltd,us,2026-07-14
BPOP,"POPULAR, INC.",us,2026-07-27
BPOPM,"POPULAR, INC.",us,2026-07-27
BPRE,Bluerock Private Real Estate Fund,us,2026-07-27
BPRN,"Princeton Bancorp, Inc.",us,2026-07-27
BPYPM,Brookfield Property Partners L.P.,us,2026-07-27
BPYPN,Brookfield Property Partners L.P.,us,2026-07-27
BPYPO,Brookfield Property Partners L.P.,us,2026-07-27
BPYPP,Brookfield Property Partners L.P.,us,2026-07-27
BR,"BROADRIDGE FINANCIAL SOLUTIONS, INC.",us,2026-07-27
BRAG,Bragg Gaming Group Inc.,us,2026-07-15
BRAI,Braiin Ltd,us,2026-07-27
BRBI,BRBI BR Partners S.A.,us,2026-07-27
BRBR,"BELLRING BRANDS, INC.",us,2026-07-27
BRBS,"BLUE RIDGE BANKSHARES, INC.",us,2026-07-27
BRC,BRADY CORP,us,2026-07-27
BRCB,"Black Rock Coffee Bar, Inc.",us,2026-07-27
BRCC,BRC Inc.,us,2026-07-15
BREZ,Breeze Acquisition Corp. II,us,2026-07-27
BRFH,BARFRESH FOOD GROUP INC.,us,2026-07-15
BRIA,BrilliA Inc,us,2026-07-15
BRID,BRIDGFORD FOODS CORP,us,2026-07-27
BRK-A,BERKSHIRE HATHAWAY INC,us,2026-07-27
BRK-B,BERKSHIRE HATHAWAY INC,us,2026-07-27
BRKH,Burtech Acquisition Corp II,us,2026-07-27
BRKHU,Burtech Acquisition Corp II,us,2026-07-14
BRKR,BRUKER CORP,us,2026-07-27
BRKRP,BRUKER CORP,us,2026-07-27
BRLS,Borealis Foods Inc.,us,2026-07-15
BRLT,"Brilliant Earth Group, Inc.",us,2026-07-15
BRN,BARNWELL INDUSTRIES INC,us,2026-07-15
BRO,"BROWN & BROWN, INC.",us,2026-07-27
BROS,Dutch Bros Inc.,us,2026-07-27
BRR,"ProCap Financial, Inc.",us,2026-07-20
BRRR,CoinShares Bitcoin ETF,us,2026-07-27
BRSL,Brightstar Lottery PLC,us,2026-07-27
BRSP,"BrightSpire Capital, Inc.",us,2026-07-27
BRT,BRT Apartments Corp.,us,2026-07-27
BRTMU,B&R Technology Merger Corp.,us,2026-07-27
BRUN,Boost Run Inc.,us,2026-07-27
BRUNW,Boost Run Inc.,us,2026-07-27
BRW,Saba Capital Income & Opportunities Fund,us,2026-07-27
BRX,Brixmor Property Group Inc.,us,2026-07-27
BRZE,"Braze, Inc.",us,2026-07-27
BSAA,BEST SPAC I Acquisition Corp.,us,2026-07-14
BSAAU,BEST SPAC I Acquisition Corp.,us,2026-07-14
BSAC,BANCO SANTANDER CHILE,us,2026-07-27
BSBK,Bogota Financial Corp.,us,2026-07-27
BSBR,Banco Santander (Brasil) S.A.,us,2026-07-27
BSET,BASSETT FURNITURE INDUSTRIES INC,us,2026-07-27
BSIN,BIG SKY INDUSTRIAL INC.,us,2026-07-15
BSL,BSL LTD,us,2026-07-27
BSM,"Black Stone Minerals, L.P.",us,2026-07-27
BSOL,Bitwise Solana Staking ETF,us,2026-07-27
BSP,Bending Spoons S.p.A.,us,2026-07-27
BSRR,SIERRA BANCORP,us,2026-07-27
BST,BlackRock Science & Technology Trust,us,2026-07-27
BSTZ,BlackRock Science & Technology Term Trust,us,2026-07-27
BSVN,Bank7 Corp.,us,2026-07-27
BSX,BOSTON SCIENTIFIC CORP,us,2026-07-27
BSY,BENTLEY SYSTEMS INC,us,2026-07-27
BTAI,"BioXcel Therapeutics, Inc.",us,2026-07-15
BTBD,"BT Brands, Inc.",us,2026-07-15
BTBT,"Bit Digital, Inc",us,2026-07-15
BTC,Grayscale Bitcoin Mini Trust ETF,us,2026-07-27
BTCK,Teucrium Commodity Trust,us,2026-07-22
BTCS,BTCS Inc.,us,2026-07-15
BTDR,Bitdeer Technologies Group,us,2026-07-27
BTE,BAYTEX ENERGY CORP.,us,2026-07-27
BTG,B2GOLD CORP,us,2026-07-27
BTGO,"BITGO HOLDINGS, INC.",us,2026-07-27
BTI,British American Tobacco p.l.c.,us,2026-07-27
BTMD,biote Corp.,us,2026-07-27
BTO,JOHN HANCOCK FINANCIAL OPPORTUNITIES FUND,us,2026-07-27
BTOG,BIT ORIGIN Ltd,us,2026-07-13
BTQ,BTQ Technologies Corp.,us,2026-07-27
BTSG,"BrightSpring Health Services, Inc.",us,2026-07-27
BTSGU,"BrightSpring Health Services, Inc.",us,2026-07-27
BTT,BlackRock Municipal 2030 Target Term Trust,us,2026-07-27
BTU,PEABODY ENERGY CORP,us,2026-07-27
BTX,BlackRock Technology & Private Equity Term Trust,us,2026-07-27
BTZ,BLACKROCK CREDIT ALLOCATION INCOME TRUST,us,2026-07-27
BUD,Anheuser-Busch InBev SA/NV,us,2026-07-27
BUDA,"BUDA JUICE, INC.",us,2026-07-27
BUI,"BlackRock Utilities, Infrastructure & Power Opportunities Trust",us,2026-07-27
BULL,Webull Corp,us,2026-07-27
BULLW,Webull Corp,us,2026-07-14
BULZ,BANK OF MONTREAL /CAN/,us,2026-07-27
BUR,Burford Capital Ltd,us,2026-07-27
BURL,"Burlington Stores, Inc.",us,2026-07-27
BUSE,FIRST BUSEY CORP /NV/,us,2026-07-27
BUSEP,FIRST BUSEY CORP /NV/,us,2026-07-27
BUUU,BUUU Group Ltd,us,2026-07-27
BV,"BrightView Holdings, Inc.",us,2026-07-27
BVC,BitVentures Ltd,us,2026-07-27
BVFL,"BV Financial, Inc.",us,2026-07-27
BVN,BUENAVENTURA MINING CO INC,us,2026-07-27
BVS,Bioventus Inc.,us,2026-07-27
BW,"Babcock & Wilcox Enterprises, Inc.",us,2026-07-27
BW-PA,"Babcock & Wilcox Enterprises, Inc.",us,2026-07-27
BWA,BORGWARNER INC,us,2026-07-27
BWAY,Brainsway Ltd.,us,2026-07-27
BWB,Bridgewater Bancshares Inc,us,2026-07-27
BWBBP,Bridgewater Bancshares Inc,us,2026-07-27
BWEN,"BROADWIND, INC.",us,2026-07-27
BWET,Amplify Commodity Trust,us,2026-07-27
BWFG,"Bankwell Financial Group, Inc.",us,2026-07-27
BWG,BrandywineGLOBAL-Global Income Opportunities Fund Inc,us,2026-07-27
BWIN,"Baldwin Insurance Group, Inc.",us,2026-07-27
BWIV,Blue Water Acquisition Corp. IV,us,2026-07-16
BWIV-UN,,us,2026-07-27
BWLP,BW LPG Ltd,us,2026-07-27
BWMN,Bowman Consulting Group Ltd.,us,2026-07-27
BWMX,"BETTERWARE DE MEXICO, S.A.P.I. DE C.V",us,2026-07-27
BWNB,"Babcock & Wilcox Enterprises, Inc.",us,2026-07-27
BWOW,Bitwise Dogecoin ETF,us,2026-07-14
BWXT,"BWX Technologies, Inc.",us,2026-07-27
BX,Blackstone Inc.,us,2026-07-27
BXBL,FG Merger II Corp.,us,2026-07-27
BXC,BlueLinx Holdings Inc.,us,2026-07-27
BXDC,Blackstone Digital Infrastructure Trust Inc.,us,2026-07-27
BXMT,"BLACKSTONE MORTGAGE TRUST, INC.",us,2026-07-27
BXP,"BXP, Inc.",us,2026-07-27
BXSL,Blackstone Secured Lending Fund,us,2026-07-27
BY,"BYLINE BANCORP, INC.",us,2026-07-27
BYD,BOYD GAMING CORP,us,2026-07-27
BYFC,BROADWAY FINANCIAL CORP \DE\,us,2026-07-27
BYRN,Byrna Technologies Inc.,us,2026-07-27
BYSI,BeyondSpring Inc.,us,2026-07-15
BZ,Kanzhun Ltd,us,2026-07-27
BZAI,"Blaize Holdings, Inc.",us,2026-07-15
BZFD,"BuzzFeed, Inc.",us,2026-07-15
BZH,BEAZER HOMES USA INC,us,2026-07-27
BZUN,Baozun Inc.,us,2026-07-27
C,CITIGROUP INC,us,2026-07-27
C-PN,CITIGROUP INC,us,2026-07-27
C-PR,CITIGROUP INC,us,2026-07-27
CAAP,CORPORACION AMERICA AIRPORTS S.A.,us,2026-07-27
CAAS,"China Automotive Systems, Inc.",us,2026-07-27
CABA,"Cabaletta Bio, Inc.",us,2026-07-27
CABO,"Cable One, Inc.",us,2026-07-27
CABR,"Caring Brands, Inc.",us,2026-07-15
CAC,CAMDEN NATIONAL CORP,us,2026-07-27
CACC,CREDIT ACCEPTANCE CORP,us,2026-07-27
CACI,CACI INTERNATIONAL INC /DE/,us,2026-07-27
CADL,"Candel Therapeutics, Inc.",us,2026-07-27
CAE,CAE INC,us,2026-07-27
CAES,"Cantor Equity Partners VII, Inc.",us,2026-07-27
CAF,"Morgan Stanley China A Share Fund, Inc.",us,2026-07-27
CAG,CONAGRA BRANDS INC.,us,2026-07-27
CAH,CARDINAL HEALTH INC,us,2026-07-27
CAI,"Caris Life Sciences, Inc.",us,2026-07-27
CAII,Collective Acquisition Corp. II,us,2026-07-27
CAIIU,Collective Acquisition Corp. II,us,2026-07-27
CAKE,CHEESECAKE FACTORY INC,us,2026-07-27
CAL,CALERES INC,us,2026-07-27
CALM,CAL-MAINE FOODS INC,us,2026-07-27
CALX,"CALIX, INC",us,2026-07-27
CALY,Callaway Golf Co,us,2026-07-27
CAMP,Camp4 Therapeutics Corp,us,2026-07-27
CAMT,CAMTEK LTD,us,2026-07-27
CANE,Teucrium Commodity Trust,us,2026-07-27
CANF,Can-Fite BioPharma Ltd.,us,2026-07-27
CAPL,CrossAmerica Partners LP,us,2026-07-27
CAPN,Cayson Acquisition Corp,us,2026-07-14
CAPNU,Cayson Acquisition Corp,us,2026-07-14
CAPR,"CAPRICOR THERAPEUTICS, INC.",us,2026-07-27
CAQ,Cambridge Acquisition Corp.,us,2026-07-14
CAQUU,Cambridge Acquisition Corp.,us,2026-07-14
CAR,"AVIS BUDGET GROUP, INC.",us,2026-07-27
CARD,BANK OF MONTREAL /CAN/,us,2026-07-27
CARE,"Carter Bankshares, Inc.",us,2026-07-27
CARG,"CarGurus, Inc.",us,2026-07-27
CARL,"CARLSMED, INC.",us,2026-07-27
CARR,CARRIER GLOBAL Corp,us,2026-07-27
CARS,Cars.com Inc.,us,2026-07-27
CART,Maplebear Inc.,us,2026-07-27
CARU,BANK OF MONTREAL /CAN/,us,2026-07-14
CASH,"PATHWARD FINANCIAL, INC.",us,2026-07-27
CASS,CASS INFORMATION SYSTEMS INC,us,2026-07-27
CAST,"FreeCast, Inc.",us,2026-07-24
CASY,CASEYS GENERAL STORES INC,us,2026-07-27
CAT,CATERPILLAR INC,us,2026-07-27
CATO,CATO CORP,us,2026-07-27
CATX,"Perspective Therapeutics, Inc.",us,2026-07-27
CATY,CATHAY GENERAL BANCORP,us,2026-07-27
CAVA,"CAVA GROUP, INC.",us,2026-07-27
CB,Chubb Ltd,us,2026-07-27
CBAN,COLONY BANKCORP INC,us,2026-07-27
CBC,"Central Bancompany, Inc.",us,2026-07-27
CBFV,"CB Financial Services, Inc.",us,2026-07-27
CBIO,"CRESCENT BIOPHARMA, INC.",us,2026-07-27
CBK,"Commercial Bancgroup, Inc.",us,2026-07-27
CBL,CBL & ASSOCIATES PROPERTIES INC,us,2026-07-27
CBLL,"Ceribell, Inc.",us,2026-07-27
CBNA,CHAIN BRIDGE BANCORP INC,us,2026-07-27
CBNK,Capital Bancorp Inc,us,2026-07-27
CBRE,"CBRE GROUP, INC.",us,2026-07-27
CBRL,"CRACKER BARREL OLD COUNTRY STORE, INC",us,2026-07-27
CBRS,Cerebras Systems Inc.,us,2026-07-27
CBSH,COMMERCE BANCSHARES INC /MO/,us,2026-07-27
CBT,CABOT CORP,us,2026-07-27
CBU,"COMMUNITY FINANCIAL SYSTEM, INC.",us,2026-07-27
CBUS,"Cibus, Inc.",us,2026-07-16
CBZ,"CBIZ, Inc.",us,2026-07-27
CC,Chemours Co,us,2026-07-27
CCAP,"Crescent Capital BDC, Inc.",us,2026-07-27
CCAQ,COLLECTIVE ACQUISITION CORP.,us,2026-07-14
CCAQU,COLLECTIVE ACQUISITION CORP.,us,2026-07-14
CCB,COASTAL FINANCIAL CORP,us,2026-07-27
CCBG,CAPITAL CITY BANK GROUP INC,us,2026-07-27
CCC,CCC Intelligent Solutions Holdings Inc.,us,2026-07-27
CCCC,"C4 Therapeutics, Inc.",us,2026-07-27
CCCTU,Columbus Circle Capital Corp III,us,2026-07-27
CCD,Calamos Dynamic Convertible & Income Fund,us,2026-07-27
CCEC,Capital Clean Energy Carriers Corp.,us,2026-07-27
CCEL,CRYO CELL INTERNATIONAL INC,us,2026-07-27
CCEP,COCA-COLA EUROPACIFIC PARTNERS plc,us,2026-07-27
CCG,Cheche Group Inc.,us,2026-07-27
CCHH,CCH Holdings Ltd,us,2026-07-15
CCI,CROWN CASTLE INC.,us,2026-07-27
CCID,Carlyle Credit Income Fund,us,2026-07-27
CCIF,Carlyle Credit Income Fund,us,2026-07-27
CCII,Cohen Circle Acquisition Corp. II,us,2026-07-27
CCIIU,Cohen Circle Acquisition Corp. II,us,2026-07-14
CCIX,Churchill Capital Corp IX/Cayman,us,2026-07-27
CCIXU,Churchill Capital Corp IX/Cayman,us,2026-07-14
CCJ,CAMECO CORP,us,2026-07-27
CCK,"CROWN HOLDINGS, INC.",us,2026-07-27
CCL,CCL PRODUCTS (I) LTD,us,2026-07-27
CCLD,"CareCloud, Inc.",us,2026-07-27
CCM,Concord Medical Services Holdings Ltd,us,2026-07-14
CCNE,CNB FINANCIAL CORP/PA,us,2026-07-27
CCNEP,CNB FINANCIAL CORP/PA,us,2026-07-27
CCO,"Clear Channel Outdoor Holdings, Inc.",us,2026-07-27
CCOI,"COGENT COMMUNICATIONS HOLDINGS, INC.",us,2026-07-27
CCRN,CROSS COUNTRY HEALTHCARE INC,us,2026-07-27
CCS,"Century Communities, Inc.",us,2026-07-27
CCSI,"Consensus Cloud Solutions, Inc.",us,2026-07-27
CCU,UNITED BREWERIES CO INC,us,2026-07-27
CCXI,Churchill Capital Corp XI,us,2026-07-27
CCXIU,Churchill Capital Corp XI,us,2026-07-27
CCXIW,Churchill Capital Corp XI,us,2026-07-27
CCZ,COMCAST CORP,us,2026-07-14
CD,Chaince Digital Holdings Inc.,us,2026-07-27
CDE,"Coeur Mining, Inc.",us,2026-07-27
CDIO,"Cardio Diagnostics Holdings, Inc.",us,2026-07-15
CDLR,Cadeler A/S,us,2026-07-27
CDLX,"Cardlytics, Inc.",us,2026-07-27
CDNA,"CareDx, Inc.",us,2026-07-27
CDNL,Cardinal Infrastructure Group Inc.,us,2026-07-27
CDNS,CADENCE DESIGN SYSTEMS INC,us,2026-07-27
CDP,COPT DEFENSE PROPERTIES,us,2026-07-27
CDR-PB,,us,2026-07-27
CDR-PC,,us,2026-07-27
CDRE,"Cadre Holdings, Inc.",us,2026-07-27
CDRO,"Codere Online Luxembourg, S.A.",us,2026-07-27
CDT,CDT Equity Inc.,us,2026-07-27
CDTG,CDT Environmental Technology Investment Holdings Ltd,us,2026-07-15
CDW,CDW Corp,us,2026-07-27
CDXS,"CODEXIS, INC.",us,2026-07-23
CDZI,CADIZ INC,us,2026-07-27
CDZIP,CADIZ INC,us,2026-07-27
CE,Celanese Corp,us,2026-07-27
CECO,CECO ENVIRONMENTAL CORP,us,2026-07-27
CEE,"CENTRAL & EASTERN EUROPE FUND, INC.",us,2026-07-27
CEF,Sprott Physical Gold & Silver Trust,us,2026-07-27
CEFD,UBS AG,us,2026-07-27
CEG,Constellation Energy Corp,us,2026-07-27
CELC,Celcuity Inc.,us,2026-07-27
CELH,"Celsius Holdings, Inc.",us,2026-07-27
CENN,Cenntro Inc.,us,2026-07-27
CENT,CENTRAL GARDEN & PET CO,us,2026-07-27
CENTA,CENTRAL GARDEN & PET CO,us,2026-07-27
CENX,CENTURY ALUMINUM CO,us,2026-07-27
CEPF,"Cantor Equity Partners IV, Inc.",us,2026-07-27
CEPL,"Capstone Energy Plus, Inc.",us,2026-07-27
CEPO,"Cantor Equity Partners I, Inc.",us,2026-07-27
CEPS,"Cantor Equity Partners VI, Inc.",us,2026-07-27
CEPT,,us,2026-07-14
CEPU,CENTRAL PUERTO S.A.,us,2026-07-27
CEPV,"Cantor Equity Partners V, Inc.",us,2026-07-27
CERS,CERUS CORP,us,2026-07-27
CERT,"Certara, Inc.",us,2026-07-27
CET,CENTRAL SECURITIES CORP,us,2026-07-27
CETX,CEMTREX INC,us,2026-07-14
CEV,Eaton Vance California Municipal Income Trust,us,2026-07-27
CEVA,CEVA INC,us,2026-07-27
CF,"CF Industries Holdings, Inc.",us,2026-07-27
CFBK,CF BANKSHARES INC.,us,2026-07-27
CFFI,C & F FINANCIAL CORP,us,2026-07-27
CFFN,"Capitol Federal Financial, Inc.",us,2026-07-27
CFG,CITIZENS FINANCIAL GROUP INC/RI,us,2026-07-27
CFG-PE,,us,2026-07-27
CFG-PH,,us,2026-07-27
CFG-PI,,us,2026-07-27
CFND,C1 Fund Inc.,us,2026-07-27
CFR,"CULLEN/FROST BANKERS, INC.",us,2026-07-27
CFR-PB,,us,2026-07-27
CFTR-PA,,us,2026-07-27
CG,Carlyle Group Inc.,us,2026-07-27
CGABL,Carlyle Group Inc.,us,2026-07-27
CGAU,Centerra Gold Inc.,us,2026-07-27
CGBD,"Carlyle Secured Lending, Inc.",us,2026-07-27
CGCFU,Cartesian Growth Corp IV,us,2026-07-27
CGEM,"Cullinan Therapeutics, Inc.",us,2026-07-27
CGEN,COMPUGEN LTD,us,2026-07-27
CGNT,Cognyte Software Ltd.,us,2026-07-27
CGNX,COGNEX CORP,us,2026-07-27
CGO,CALAMOS GLOBAL TOTAL RETURN FUND,us,2026-07-27
CGON,"CG Oncology, Inc.",us,2026-07-27
CGTL,Creative Global Technology Holdings Ltd,us,2026-07-27
CGTX,COGNITION THERAPEUTICS INC,us,2026-07-15
CHA,Chagee Holdings Ltd.,us,2026-07-27
CHAR,Charlton Aria Acquisition Corp,us,2026-07-14
CHARU,Charlton Aria Acquisition Corp,us,2026-07-14
CHCI,"Comstock Holding Companies, Inc.",us,2026-07-27
CHCO,CITY HOLDING CO,us,2026-07-27
CHCT,Community Healthcare Trust Inc,us,2026-07-27
CHD,CHURCH & DWIGHT CO INC /DE/,us,2026-07-27
CHDN,Churchill Downs Inc,us,2026-07-27
CHE,CHEMED CORP,us,2026-07-27
CHEC,Chenghe Acquisition III Co.,us,2026-07-14
CHECU,Chenghe Acquisition III Co.,us,2026-07-14
CHEF,"Chefs' Warehouse, Inc.",us,2026-07-27
CHH,CHOICE HOTELS INTERNATIONAL INC /DE,us,2026-07-27
CHI,CALAMOS CONVERTIBLE OPPORTUNITIES & INCOME FUND,us,2026-07-27
CHKP,CHECK POINT SOFTWARE TECHNOLOGIES LTD,us,2026-07-27
CHMG,CHEMUNG FINANCIAL CORP,us,2026-07-27
CHMI,Cherry Hill Mortgage Investment Corp,us,2026-07-27
CHMI-PA,,us,2026-07-27
CHMI-PB,,us,2026-07-27
CHNR,CHINA NATURAL RESOURCES INC,us,2026-07-27
CHPG,ChampionsGate Acquisition Corp,us,2026-07-14
CHPGU,ChampionsGate Acquisition Corp,us,2026-07-14
CHPT,"ChargePoint Holdings, Inc.",us,2026-07-27
CHR,"Cheer Holding, Inc.",us,2026-07-24
CHRD,Chord Energy Corp,us,2026-07-27
CHRN,ChronoScale Holdings Corp,us,2026-07-27
CHRS,"Coherus Oncology, Inc.",us,2026-07-15
CHRW,"C. H. ROBINSON WORLDWIDE, INC.",us,2026-07-27
CHSCL,CHS INC,us,2026-07-27
CHSCM,CHS INC,us,2026-07-27
CHSCN,CHS INC,us,2026-07-27
CHSCO,CHS INC,us,2026-07-27
CHSCP,CHS INC,us,2026-07-27
CHSN,Chanson International Holding,us,2026-07-15
CHT,CHUNGHWA TELECOM CO LTD,us,2026-07-27
CHTR,Chatterbox Technologies Limite,us,2026-07-27
CHW,Calamos Global Dynamic Income Fund,us,2026-07-27
CHWY,"Chewy, Inc.",us,2026-07-27
CHY,CALAMOS CONVERTIBLE & HIGH INCOME FUND,us,2026-07-27
CHYM,"Chime Financial, Inc.",us,2026-07-27
CI,Cigna Group,us,2026-07-27
CIA,"CITIZENS, INC.",us,2026-07-27
CIB,Grupo Cibest S.A.,us,2026-07-27
CICB,CION Investment Corp,us,2026-07-27
CICC,CION Investment Corp,us,2026-07-27
CIEN,CIENA CORP,us,2026-07-27
CIFR,Cipher Digital Inc.,us,2026-07-27
CIG,ENERGY CO OF MINAS GERAIS,us,2026-07-27
CIG-C,ENERGY CO OF MINAS GERAIS,us,2026-07-27
CIGI,Colliers International Group Inc.,us,2026-07-27
CII,"BlackRock Enhanced Large Cap Core Fund, Inc.",us,2026-07-27
CIK,"CREDIT SUISSE ASSET MANAGEMENT INCOME FUND, INC.",us,2026-07-27
CIM,CHIMERA INVESTMENT CORP,us,2026-07-27
CIM-PA,,us,2026-07-27
CIM-PB,,us,2026-07-27
CIM-PC,,us,2026-07-27
CIM-PD,,us,2026-07-27
CIMN,CHIMERA INVESTMENT CORP,us,2026-07-27
CIMO,CHIMERA INVESTMENT CORP,us,2026-07-27
CIMP,CHIMERA INVESTMENT CORP,us,2026-07-27
CINF,CINCINNATI FINANCIAL CORP,us,2026-07-27
CING,Cingulate Inc.,us,2026-07-27
CINT,CI&T Inc,us,2026-07-27
CION,CION Investment Corp,us,2026-07-27
CISS,C3is Inc.,us,2026-07-15
CITR,CitroTech Inc.,us,2026-07-27
CIVB,"CIVISTA BANCSHARES, INC.",us,2026-07-27
CIX,COMPX INTERNATIONAL INC,us,2026-07-27
CJMB,CALLAN JMB INC.,us,2026-07-27
CKX,"CKX LANDS, INC.",us,2026-07-14
CL,COLGATE PALMOLIVE CO,us,2026-07-27
CLAR,Clarus Corp,us,2026-07-27
CLB,Core Laboratories Inc. /DE/,us,2026-07-27
CLBK,"Columbia Financial, Inc.",us,2026-07-27
CLBR,Colombier Acquisition Corp. III,us,2026-07-27
CLBR-UN,,us,2026-07-27
CLBT,Cellebrite DI Ltd.,us,2026-07-27
CLDT,Chatham Lodging Trust,us,2026-07-27
CLDT-PA,,us,2026-07-27
CLDX,"Celldex Therapeutics, Inc.",us,2026-07-27
CLF,CLEVELAND-CLIFFS INC.,us,2026-07-27
CLFD,"Clearfield, Inc.",us,2026-07-27
CLH,CLEAN HARBORS INC,us,2026-07-27
CLIK,Click Holdings Ltd.,us,2026-07-15
CLIR,ClearSign Technologies Corp,us,2026-07-27
CLLS,Cellectis S.A.,us,2026-07-27
CLM,"Cornerstone Strategic Investment Fund, Inc.",us,2026-07-27
CLMB,"Climb Global Solutions, Inc.",us,2026-07-27
CLMT,"Calumet, Inc. /DE",us,2026-07-27
CLNE,Clean Energy Fuels Corp.,us,2026-07-27
CLNK,Bitwise Chainlink ETF,us,2026-07-27
CLNN,Clene Inc.,us,2026-07-27
CLOV,"CLOVER HEALTH INVESTMENTS, CORP. /DE",us,2026-07-27
CLPR,Clipper Realty Inc.,us,2026-07-27
CLPT,"ClearPoint Neuro, Inc.",us,2026-07-27
CLRB,"Cellectar Biosciences, Inc.",us,2026-07-27
CLRO,CLEARONE INC,us,2026-07-27
CLS,CELESTICA INC,us,2026-07-27
CLSK,"CLEANSPARK, INC.",us,2026-07-27
CLST,"Catalyst Bancorp, Inc.",us,2026-07-27
CLVT,CLARIVATE PLC,us,2026-07-27
CLW,Clearwater Paper Corp,us,2026-07-27
CLWT,EURO TECH HOLDINGS CO LTD,us,2026-07-15
CLX,CLOROX CO /DE/,us,2026-07-27
CLYM,"Climb Bio, Inc.",us,2026-07-27
CM,CANADIAN IMPERIAL BANK OF COMMERCE /CAN/,us,2026-07-27
CMBT,CMB.TECH NV,us,2026-07-27
CMC,COMMERCIAL METALS Co,us,2026-07-27
CMCL,Caledonia Mining Corp Plc,us,2026-07-27
CMCM,Cheetah Mobile Inc.,us,2026-07-27
CMCO,COLUMBUS MCKINNON CORP,us,2026-07-27
CMCSA,COMCAST CORP,us,2026-07-27
CMCT,Creative Media & Community Trust Corp,us,2026-07-27
CMDB,Costamare Bulkers Holdings Ltd,us,2026-07-27
CME,CME GROUP INC.,us,2026-07-27
CMG,CHIPOTLE MEXICAN GRILL INC,us,2026-07-27
CMI,CUMMINS INC,us,2026-07-27
CMII,Columbus Circle Capital Corp II,us,2026-07-27
CMIIU,Columbus Circle Capital Corp II,us,2026-07-14
CMMB,Chemomab Therapeutics Ltd.,us,2026-07-15
CMND,Clearmind Medicine Inc.,us,2026-07-15
CMP,COMPASS MINERALS INTERNATIONAL INC,us,2026-07-27
CMPR,CIMPRESS plc,us,2026-07-27
CMPS,COMPASS Pathways plc,us,2026-07-27
CMPX,"Compass Therapeutics, Inc.",us,2026-07-27
CMRC,"Commerce.com, Inc.",us,2026-07-27
CMRE,Costamare Inc.,us,2026-07-27
CMRE-PB,,us,2026-07-27
CMRE-PC,,us,2026-07-27
CMRE-PD,,us,2026-07-27
CMS,CMS ENERGY CORP,us,2026-07-27
CMS-PB,,us,2026-07-27
CMS-PC,,us,2026-07-27
CMSA,CMS ENERGY CORP,us,2026-07-27
CMSC,CMS ENERGY CORP,us,2026-07-27
CMSD,CMS ENERGY CORP,us,2026-07-27
CMT,CORE MOLDING TECHNOLOGIES INC,us,2026-07-27
CMTG,"Claros Mortgage Trust, Inc.",us,2026-07-27
CMTL,COMTECH TELECOMMUNICATIONS CORP /DE/,us,2026-07-15
CMTV,COMMUNITY BANCORP /VT,us,2026-07-14
CNA,CNA FINANCIAL CORP,us,2026-07-27
CNC,CENTENE CORP,us,2026-07-27
CNCK,Coincheck Group N.V.,us,2026-07-27
CNDT,CONDUENT Inc,us,2026-07-15
CNET,ZW Data Action Technologies Inc.,us,2026-07-13
CNF,CNFinance Holdings Ltd.,us,2026-07-27
CNH,CNH Industrial N.V.,us,2026-07-27
CNI,CANADIAN NATIONAL RAILWAY CO,us,2026-07-27
CNK,"Cinemark Holdings, Inc.",us,2026-07-27
CNL,CREATIVE NEWTECH LIMITED,us,2026-07-14
CNM,"Core & Main, Inc.",us,2026-07-27
CNMD,CONMED Corp,us,2026-07-27
CNNE,"Cannae Holdings, Inc.",us,2026-07-27
CNO,"CNO Financial Group, Inc.",us,2026-07-27
CNO-PA,,us,2026-07-27
CNOB,"ConnectOne Bancorp, Inc.",us,2026-07-27
CNOBP,"ConnectOne Bancorp, Inc.",us,2026-07-27
CNP,CENTERPOINT ENERGY INC,us,2026-07-27
CNQ,CANADIAN NATURAL RESOURCES Ltd,us,2026-07-27
CNR,"Core Natural Resources, Inc.",us,2026-07-27
CNS,"COHEN & STEERS, INC.",us,2026-07-27
CNSP,"CNS Pharmaceuticals, Inc.",us,2026-07-27
CNTB,Connect Biopharma Holdings Ltd,us,2026-07-27
CNTN,"Canton Strategic Holdings, Inc.",us,2026-07-24
CNTY,CENTURY CASINOS INC /CO/,us,2026-07-15
CNVS,Cineverse Corp.,us,2026-07-27
CNX,CNX Resources Corp,us,2026-07-27
CNXC,Concentrix Corp,us,2026-07-27
CNXN,PC CONNECTION INC,us,2026-07-27
CNXU,Conexeu Sciences Inc.,us,2026-07-27
COAG,"Hemab Therapeutics Holdings, Inc.",us,2026-07-27
COCO,"Vita Coco Company, Inc.",us,2026-07-27
COCP,"Cocrystal Pharma, Inc.",us,2026-07-13
CODA,"Coda Octopus Group, Inc.",us,2026-07-27
CODI,Compass Diversified Holdings,us,2026-07-27
CODI-PA,,us,2026-07-27
CODI-PB,,us,2026-07-27
CODI-PC,,us,2026-07-27
CODX,"Co-Diagnostics, Inc.",us,2026-07-27
COE,51Talk Online Education Group,us,2026-07-27
COF,CAPITAL ONE FINANCIAL CORP,us,2026-07-27
COF-PI,,us,2026-07-27
COF-PJ,,us,2026-07-27
COF-PK,,us,2026-07-27
COF-PL,,us,2026-07-27
COF-PN,,us,2026-07-27
COFS,CHOICEONE FINANCIAL SERVICES INC,us,2026-07-27
COGT,"Cogent Biosciences, Inc.",us,2026-07-27
COHN,Cohen & Co Inc.,us,2026-07-27
COHR,COHERENT CORP.,us,2026-07-27
COHU,COHU INC,us,2026-07-27
COIN,"Coinbase Global, Inc.",us,2026-07-27
COKE,"Coca-Cola Consolidated, Inc.",us,2026-07-27
COLA,Columbus Acquisition Corp/Cayman Islands,us,2026-07-27
COLAU,Columbus Acquisition Corp/Cayman Islands,us,2026-07-14
COLB,"COLUMBIA BANKING SYSTEM, INC.",us,2026-07-27
COLD,AMERICOLD REALTY TRUST,us,2026-07-27
COLL,"COLLEGIUM PHARMACEUTICAL, INC",us,2026-07-27
COLM,COLUMBIA SPORTSWEAR CO,us,2026-07-27
COMP,"Compass, Inc.",us,2026-07-27
CON,"Concentra Group Holdings Parent, Inc.",us,2026-07-27
COO,"COOPER COMPANIES, INC.",us,2026-07-27
COOK,"Traeger, Inc.",us,2026-07-27
COP,CONOCOPHILLIPS,us,2026-07-27
COPL,Copley Acquisition Corp,us,2026-07-27
COPL-UN,,us,2026-07-14
COPR,Idaho Copper Corp,us,2026-07-27
COPR-WT,,us,2026-07-15
COR,"Cencora, Inc.",us,2026-07-27
CORN,Teucrium Commodity Trust,us,2026-07-27
CORT,CORCEPT THERAPEUTICS INC,us,2026-07-27
CORZ,"Core Scientific, Inc./tx",us,2026-07-27
CORZW,"Core Scientific, Inc./tx",us,2026-07-24
CORZZ,"Core Scientific, Inc./tx",us,2026-07-14
COSO,"CoastalSouth Bancshares, Inc.",us,2026-07-27
COST,COSTCO WHOLESALE CORP /NEW,us,2026-07-27
COTY,COTY INC.,us,2026-07-27
COUR,"Coursera, Inc.",us,2026-07-27
COYA,"Coya Therapeutics, Inc.",us,2026-07-27
CP,CANADIAN PACIFIC KANSAS CITY LTD/CN,us,2026-07-27
CPA,"Copa Holdings, S.A.",us,2026-07-27
CPAC,CEMENTOS PACASMAYO SAA,us,2026-07-27
CPAY,"CORPAY, INC.",us,2026-07-27
CPB,CAMPBELL'S Co,us,2026-07-27
CPBI,"Central Plains Bancshares, Inc.",us,2026-07-27
CPER,United States Commodity Index Funds Trust,us,2026-07-27
CPF,CENTRAL PACIFIC FINANCIAL CORP,us,2026-07-27
CPHC,Canterbury Park Holding Corp,us,2026-07-27
CPIX,CUMBERLAND PHARMACEUTICALS INC,us,2026-07-27
CPK,CHESAPEAKE UTILITIES CORP,us,2026-07-27
CPNG,"Coupang, Inc.",us,2026-07-27
CPRI,Capri Holdings Ltd,us,2026-07-27
CPRT,COPART INC,us,2026-07-27
CPRX,"CATALYST PHARMACEUTICALS, INC.",us,2026-07-24
CPS,Cooper-Standard Holdings Inc.,us,2026-07-27
CPSH,CPS TECHNOLOGIES CORP/DE/,us,2026-07-27
CPSS,"CONSUMER PORTFOLIO SERVICES, INC.",us,2026-07-27
CPT,CAMDEN PROPERTY TRUST,us,2026-07-27
CPZ,Calamos Long/Short Equity & Dynamic Income Trust,us,2026-07-27
CQP,"Cheniere Energy Partners, L.P.",us,2026-07-27
CR,Crane Co,us,2026-07-27
CRAC,Crown Reserve Acquisition Corp. I,us,2026-07-27
CRACU,Crown Reserve Acquisition Corp. I,us,2026-07-14
CRAI,"CRA INTERNATIONAL, INC.",us,2026-07-27
CRAN,Crane Harbor Acquisition Corp. II,us,2026-07-27
CRANU,Crane Harbor Acquisition Corp. II,us,2026-07-27
CRAQ,Cal Redwood Acquisition Corp.,us,2026-07-14
CRAQU,Cal Redwood Acquisition Corp.,us,2026-07-14
CRBD,"Corebridge Financial, Inc.",us,2026-07-27
CRBG,"Corebridge Financial, Inc.",us,2026-07-27
CRBP,"Corbus Pharmaceuticals Holdings, Inc.",us,2026-07-27
CRBU,"Caribou Biosciences, Inc.",us,2026-07-15
CRC,California Resources Corp,us,2026-07-27
CRCL,"Circle Internet Group, Inc.",us,2026-07-27
CRCT,"Cricut, Inc.",us,2026-07-27
CRD-A,CRAWFORD & CO,us,2026-07-27
CRD-B,CRAWFORD & CO,us,2026-07-27
CRDF,"Cardiff Oncology, Inc.",us,2026-07-15
CRDL,Cardiol Therapeutics Inc.,us,2026-07-15
CRDO,Credo Technology Group Holding Ltd,us,2026-07-27
CRE,Cre8 Enterprise Ltd,us,2026-07-27
CREG,Smart Powerr Corp.,us,2026-07-15
CRESY,CRESUD INC,us,2026-07-27
CREX,"CREATIVE REALITIES, INC.",us,2026-07-27
CRF,CORNERSTONE TOTAL RETURN FUND INC,us,2026-07-27
CRGO,Freightos Ltd,us,2026-07-15
CRGY,Crescent Energy Co,us,2026-07-27
CRH,CRH PUBLIC LTD CO,us,2026-07-27
CRI,CARTERS INC,us,2026-07-27
CRIS,CURIS INC,us,2026-07-27
CRK,COMSTOCK RESOURCES INC,us,2026-07-27
CRL,"CHARLES RIVER LABORATORIES INTERNATIONAL, INC.",us,2026-07-27
CRM,"Salesforce, Inc.",us,2026-07-27
CRMD,CorMedix Inc.,us,2026-07-27
CRML,Critical Metals Corp.,us,2026-07-27
CRMLW,Critical Metals Corp.,us,2026-07-14
CRMT,AMERICAS CARMART INC,us,2026-07-27
CRNC,Cerence Inc.,us,2026-07-27
CRNT,CERAGON NETWORKS LTD,us,2026-07-27
CRNX,"Crinetics Pharmaceuticals, Inc.",us,2026-07-27
CRON,Cronos Group Inc.,us,2026-07-27
CROX,"Crocs, Inc.",us,2026-07-27
CRS,CARPENTER TECHNOLOGY CORP,us,2026-07-27
CRSP,CRISPR Therapeutics AG,us,2026-07-27
CRSR,"Corsair Gaming, Inc.",us,2026-07-27
CRT,CROSS TIMBERS ROYALTY TRUST,us,2026-07-27
CRTO,Criteo S.A.,us,2026-07-27
CRUS,"CIRRUS LOGIC, INC.",us,2026-07-27
CRVL,CORVEL CORP,us,2026-07-27
CRVO,CervoMed Inc.,us,2026-07-27
CRVS,"Corvus Pharmaceuticals, Inc.",us,2026-07-27
CRWD,"CrowdStrike Holdings, Inc.",us,2026-07-27
CRWS,CROWN CRAFTS INC,us,2026-07-27
CRWV,"CoreWeave, Inc.",us,2026-07-27
CSAN,Cosan S.A.,us,2026-07-27
CSBR,"CHAMPIONS ONCOLOGY, INC.",us,2026-07-27
CSCO,"CISCO SYSTEMS, INC.",us,2026-07-27
CSGP,"COSTAR GROUP, INC.",us,2026-07-27
CSHR,CoinShares PLC,us,2026-07-27
CSIQ,Canadian Solar Inc.,us,2026-07-27
CSL,Continental Securities Limited,us,2026-07-27
CSPI,CSP INC /MA/,us,2026-07-27
CSQ,CALAMOS STRATEGIC TOTAL RETURN FUND,us,2026-07-27
CSQR,"Csquare, Inc.",us,2026-07-27
CSR,CENTERSPACE,us,2026-07-27
CSTE,Caesarstone Ltd.,us,2026-07-27
CSTL,CASTLE BIOSCIENCES INC,us,2026-07-27
CSTM,CONSTELLIUM SE,us,2026-07-27
CSV,CARRIAGE SERVICES INC,us,2026-07-27
CSW,"CSW INDUSTRIALS, INC.",us,2026-07-27
CSWC,CAPITAL SOUTHWEST CORP,us,2026-07-27
CSX,CSX CORP,us,2026-07-27
CTA-PA,,us,2026-07-27
CTA-PB,,us,2026-07-27
CTAA,Clearthink 1 Acquisition Corp.,us,2026-07-14
CTAAU,Clearthink 1 Acquisition Corp.,us,2026-07-14
CTAS,CINTAS CORP,us,2026-07-27
CTBI,COMMUNITY TRUST BANCORP INC /KY/,us,2026-07-27
CTEV,Claritev Corp,us,2026-07-27
CTGG,QWEST CORP,us,2026-07-27
CTGO,Contango Silver & Gold Inc.,us,2026-07-27
CTHH,QWEST CORP,us,2026-07-27
CTKB,"Cytek Biosciences, Inc.",us,2026-07-27
CTMX,"CytomX Therapeutics, Inc.",us,2026-07-27
CTNM,"Contineum Therapeutics, Inc.",us,2026-07-27
CTNT,CHEETAH NET SUPPLY CHAIN SERVICE INC.,us,2026-07-15
CTO,"CTO Realty Growth, Inc.",us,2026-07-27
CTO-PA,,us,2026-07-27
CTOS,"Custom Truck One Source, Inc.",us,2026-07-27
CTRE,"CareTrust REIT, Inc.",us,2026-07-27
CTRI,"Centuri Holdings, Inc.",us,2026-07-27
CTRM,Castor Maritime Inc.,us,2026-07-16
CTRN,Citi Trends Inc,us,2026-07-27
CTS,CTS CORP,us,2026-07-27
CTSH,COGNIZANT TECHNOLOGY SOLUTIONS CORP,us,2026-07-27
CTVA,"Corteva, Inc.",us,2026-07-27
CTW,CTW Cayman,us,2026-07-27
CTWO,COTWO ADVISORS PHYSICAL EUROPEAN CARBON ALLOWANCE TRUST,us,2026-07-14
CUB,CITY UNION BANK LTD,us,2026-07-27
CUBB,"Customers Bancorp, Inc.",us,2026-07-27
CUBE,CubeSmart,us,2026-07-27
CUBI,"Customers Bancorp, Inc.",us,2026-07-27
CUBWU,Lionheart Holdings,us,2026-07-14
CUE,"Cue Biopharma, Inc.",us,2026-07-27
CULP,CULP INC,us,2026-07-27
CUPR,Cuprina Holdings (Cayman) LTD,us,2026-07-27
CURB,Curbline Properties Corp.,us,2026-07-27
CURI,CuriosityStream Inc.,us,2026-07-27
CURR,Currenc Group Inc.,us,2026-07-27
CURV,Torrid Holdings Inc.,us,2026-07-27
CUVL,Clinuvel Pharmaceuticals Ltd,us,2026-07-27
CUZ,COUSINS PROPERTIES INC,us,2026-07-27
CV,"CapsoVision, Inc",us,2026-07-27
CVBF,CVB FINANCIAL CORP,us,2026-07-27
CVCO,"CAVCO INDUSTRIES, INC.",us,2026-07-27
CVE,CENOVUS ENERGY INC.,us,2026-07-27
CVEO,Civeo Corp,us,2026-07-27
CVGI,"Commercial Vehicle Group, Inc.",us,2026-07-27
CVI,CVR ENERGY INC,us,2026-07-27
CVKD,"Cadrenal Therapeutics, Inc.",us,2026-07-27
CVLG,"COVENANT LOGISTICS GROUP, INC.",us,2026-07-27
CVLT,COMMVAULT SYSTEMS INC,us,2026-07-27
CVM,CEL SCI CORP,us,2026-07-15
CVNA,CARVANA CO.,us,2026-07-27
CVR,CHICAGO RIVET & MACHINE CO,us,2026-07-27
CVRX,"CVRx, Inc.",us,2026-07-27
CVS,CVS HEALTH Corp,us,2026-07-27
CVSA,Covista Inc.,us,2026-07-27
CVU,CPI AEROSTRUCTURES INC,us,2026-07-27
CVV,CVD EQUIPMENT CORP,us,2026-07-27
CVX,CHEVRON CORP,us,2026-07-27
CW,CURTISS WRIGHT CORP,us,2026-07-27
CWBC,Community West Bancshares,us,2026-07-27
CWCO,Consolidated Water Co. Ltd.,us,2026-07-27
CWEN,"Clearway Energy, Inc.",us,2026-07-27
CWH,"Camping World Holdings, Inc.",us,2026-07-27
CWK,Cushman & Wakefield Ltd.,us,2026-07-27
CWST,CASELLA WASTE SYSTEMS INC,us,2026-07-27
CWT,CALIFORNIA WATER SERVICE GROUP,us,2026-07-27
CX,CEMEX SAB DE CV,us,2026-07-27
CXDO,"Crexendo, Inc.",us,2026-07-27
CXII,Churchill Capital Corp XII,us,2026-07-27
CXIIU,Churchill Capital Corp XII,us,2026-07-27
CXIIW,Churchill Capital Corp XII,us,2026-07-16
CXM,"Sprinklr, Inc.",us,2026-07-27
CXT,"Crane NXT, Co.",us,2026-07-27
CXW,"CoreCivic, Inc.",us,2026-07-27
CYCN,"Cyclerion Therapeutics, Inc.",us,2026-07-27
CYD,CHINA YUCHAI INTERNATIONAL LTD,us,2026-07-27
CYH,COMMUNITY HEALTH SYSTEMS INC,us,2026-07-27
CYN,Cyngn Inc.,us,2026-07-15
CYRX,"Cryoport, Inc.",us,2026-07-27
CYTK,CYTOKINETICS INC,us,2026-07-27
CZFS,CITIZENS FINANCIAL SERVICES INC,us,2026-07-27
CZNC,CITIZENS & NORTHERN CORP,us,2026-07-27
CZR,"Caesars Entertainment, Inc.",us,2026-07-27
CZWI,Citizens Community Bancorp Inc.,us,2026-07-27
D,"DOMINION ENERGY, INC",us,2026-07-27
DAAQ,Digital Asset Acquisition Corp.,us,2026-07-27
DAAQU,Digital Asset Acquisition Corp.,us,2026-07-14
DAC,Danaos Corp,us,2026-07-27
DAIC,"CID Holdco, Inc.",us,2026-07-15
DAIO,DATA I/O CORP,us,2026-07-27
DAKT,DAKTRONICS INC /SD/,us,2026-07-27
DAL,"DELTA AIR LINES, INC.",us,2026-07-27
DAN,DANA Inc,us,2026-07-27
DAO,"Youdao, Inc.",us,2026-07-27
DAR,DARLING INGREDIENTS INC.,us,2026-07-27
DARE,"Dare Bioscience, Inc.",us,2026-07-16
DASH,"DoorDash, Inc.",us,2026-07-27
DAVA,Endava plc,us,2026-07-27
DAVE,Dave Inc./DE,us,2026-07-27
DAVEW,Dave Inc./DE,us,2026-07-24
DB,DEUTSCHE BANK AKTIENGESELLSCHAFT,us,2026-07-27
DBA,INVESCO DB AGRICULTURE FUND,us,2026-07-27
DBB,INVESCO DB BASE METALS FUND,us,2026-07-27
DBC,Invesco DB Commodity Index Tracking Fund,us,2026-07-27
DBCA,D. Boral Acquisition I Corp.,us,2026-07-27
DBCAU,D. Boral Acquisition I Corp.,us,2026-07-14
DBD,"DIEBOLD NIXDORF, Inc",us,2026-07-27
DBE,Invesco DB Energy Fund,us,2026-07-27
DBI,Designer Brands Inc.,us,2026-07-27
DBL,DILIP BUILDCON LIMITED,us,2026-07-27
DBO,Invesco DB Oil Fund,us,2026-07-27
DBP,Invesco DB Precious Metals Fund,us,2026-07-27
DBRG,"DigitalBridge Group, Inc.",us,2026-07-27
DBRG-PH,,us,2026-07-27
DBRG-PI,,us,2026-07-27
DBRG-PJ,,us,2026-07-27
DBVT,DBV Technologies S.A.,us,2026-07-27
DBX,"DROPBOX, INC.",us,2026-07-27
DC,Dakota Gold Corp.,us,2026-07-27
DCBG,"Dime Commercial Bancshares, Inc. /NY/",us,2026-07-27
DCBO,Docebo Inc.,us,2026-07-27
DCH,Dauch Corp,us,2026-07-27
DCI,DC INFOTECH AND COMUN LTD,us,2026-07-27
DCO,DUCOMMUN INC /DE/,us,2026-07-27
DCOM,"Dime Commercial Bancshares, Inc. /NY/",us,2026-07-27
DCOM-P,,us,2026-07-27
DCOY,Decoy Therapeutics Inc.,us,2026-07-27
DCTH,"DELCATH SYSTEMS, INC.",us,2026-07-27
DCX,Digital Currency X Technology Inc.,us,2026-07-13
DD,"DuPont de Nemours, Inc.",us,2026-07-27
DDD,3D SYSTEMS CORP,us,2026-07-27
DDI,"DoubleDown Interactive Co., Ltd.",us,2026-07-27
DDL,Dingdong (Cayman) Ltd,us,2026-07-27
DDOG,"Datadog, Inc.",us,2026-07-27
DDS,"DILLARD'S, INC.",us,2026-07-27
DDT,"DILLARD'S, INC.",us,2026-07-27
DE,DEERE & CO,us,2026-07-27
DEA,"Easterly Government Properties, Inc.",us,2026-07-27
DEC,Diversified Energy Co,us,2026-07-27
DECK,DECKERS OUTDOOR CORP,us,2026-07-27
DEFI,Hashdex Commodities Trust,us,2026-07-27
DEI,Douglas Emmett Inc,us,2026-07-27
DELL,Dell Technologies Inc.,us,2026-07-27
DEO,DIAGEO PLC,us,2026-07-27
DERM,Journey Medical Corp,us,2026-07-27
DETX,"LIBERTY DEFENSE HOLDINGS, LTD.",us,2026-07-27
DFDV,DeFi Development Corp.,us,2026-07-27
DFH,"Dream Finders Homes, Inc.",us,2026-07-27
DFIN,"Donnelley Financial Solutions, Inc.",us,2026-07-27
DFLI,Dragonfly Energy Holdings Corp.,us,2026-07-15
DFNS,T3 Defense Inc.,us,2026-07-27
DFP,Flaherty & Crumrine Dynamic Preferred & Income Fund Inc,us,2026-07-27
DFSC,DEFSEC Technologies Inc.,us,2026-07-16
DFTX,"Definium Therapeutics, Inc.",us,2026-07-27
DG,DOLLAR GENERAL CORP,us,2026-07-27
DGAC,DISCIPLINED GROWTH ACQUISITION Corp,us,2026-07-27
DGAC-UN,,us,2026-07-27
DGICA,DONEGAL GROUP INC,us,2026-07-27
DGICB,DONEGAL GROUP INC,us,2026-07-14
DGII,DIGI INTERNATIONAL INC,us,2026-07-27
DGNX,Diginex Ltd,us,2026-07-15
DGP,DEUTSCHE BANK AKTIENGESELLSCHAFT,us,2026-07-27
DGX,QUEST DIAGNOSTICS INC,us,2026-07-27
DGXX,Digi Power X Inc.,us,2026-07-27
DGZ,DEUTSCHE BANK AKTIENGESELLSCHAFT,us,2026-07-14
DHC,DIVERSIFIED HEALTHCARE TRUST,us,2026-07-27
DHCNI,DIVERSIFIED HEALTHCARE TRUST,us,2026-07-27
DHCNL,DIVERSIFIED HEALTHCARE TRUST,us,2026-07-27
DHF,BNY MELLON HIGH YIELD STRATEGIES FUND,us,2026-07-27
DHI,HORTON D R INC /DE/,us,2026-07-27
DHR,DANAHER CORP /DE/,us,2026-07-27
DHT,"DHT Holdings, Inc.",us,2026-07-27
DHX,"DHI GROUP, INC.",us,2026-07-27
DHY,CREDIT SUISSE HIGH YIELD CREDIT FUND,us,2026-07-15
DIA,SPDR DOW JONES INDUSTRIAL AVERAGE ETF TRUST,us,2026-07-27
DIBS,"1stdibs.com, Inc.",us,2026-07-27
DIN,"Dine Brands Global, Inc.",us,2026-07-27
DINO,HF Sinclair Corp,us,2026-07-27
DIOD,DIODES INC /DEL/,us,2026-07-27
DIS,Walt Disney Co,us,2026-07-27
DIT,AMCON DISTRIBUTING CO,us,2026-07-27
DJCO,DAILY JOURNAL CORP,us,2026-07-27
DJP,BARCLAYS BANK PLC,us,2026-07-27
DJT,Trump Media & Technology Group Corp.,us,2026-07-27
DJTWW,Trump Media & Technology Group Corp.,us,2026-07-24
DK,"Delek US Holdings, Inc.",us,2026-07-27
DKI,DarkIris Inc.,us,2026-07-27
DKL,"Delek Logistics Partners, LP",us,2026-07-27
DKNG,DraftKings Inc.,us,2026-07-27
DKS,"DICK'S SPORTING GOODS, INC.",us,2026-07-27
DLB,"Dolby Laboratories, Inc.",us,2026-07-27
DLHC,DLH Holdings Corp.,us,2026-07-27
DLNG,Dynagas LNG Partners LP,us,2026-07-27
DLNG-PA,,us,2026-07-27
DLO,dLocal Ltd,us,2026-07-27
DLPN,"Dolphin Entertainment, Inc.",us,2026-07-15
DLR,"DIGITAL REALTY TRUST, INC.",us,2026-07-27
DLR-PJ,,us,2026-07-27
DLR-PK,,us,2026-07-27
DLR-PL,,us,2026-07-27
DLTH,DULUTH HOLDINGS INC.,us,2026-07-27
DLTR,"DOLLAR TREE, INC.",us,2026-07-27
DLX,DELUXE CORP,us,2026-07-27
DLY,DoubleLine Yield Opportunities Fund,us,2026-07-27
DMA,Destra Multi-Alternative Fund,us,2026-07-27
DMAA,Drugs Made In America Acquisition Corp.,us,2026-07-27
DMAAU,Drugs Made In America Acquisition Corp.,us,2026-07-14
DMAC,DiaMedica Therapeutics Inc.,us,2026-07-27
DMB,"BNY Mellon Municipal Bond Infrastructure Fund, Inc.",us,2026-07-27
DMC,DEL MONTE CORP,us,2026-07-27
DMII,Drugs Made In America Acquisition II Corp.,us,2026-07-27
DMIIU,Drugs Made In America Acquisition II Corp.,us,2026-07-14
DMLP,"DORCHESTER MINERALS, L.P.",us,2026-07-27
DMO,Western Asset Mortgage Opportunity Fund Inc.,us,2026-07-27
DMRA,"Damora Therapeutics, Inc.",us,2026-07-27
DMRC,Digimarc Corp,us,2026-07-27
DNA,"Ginkgo Bioworks Holdings, Inc.",us,2026-07-27
DNLI,Denali Therapeutics Inc.,us,2026-07-27
DNMX,Dynamix Corp III,us,2026-07-27
DNMXU,Dynamix Corp III,us,2026-07-27
DNN,DENISON MINES CORP.,us,2026-07-27
DNOW,DNOW Inc.,us,2026-07-27
DNP,DNP SELECT INCOME FUND INC,us,2026-07-27
DNTH,"Dianthus Therapeutics, Inc. /DE/",us,2026-07-27
DNUT,"Krispy Kreme, Inc.",us,2026-07-27
DOC,"HEALTHPEAK PROPERTIES, INC.",us,2026-07-27
DOCN,"DigitalOcean Holdings, Inc.",us,2026-07-27
DOCS,"Doximity, Inc.",us,2026-07-27
DOCU,"DOCUSIGN, INC.",us,2026-07-27
DOLE,Dole plc,us,2026-07-27
DOMH,Dominari Holdings Inc.,us,2026-07-27
DOMO,"DOMO, INC.",us,2026-07-27
DOO,BRP Inc.,us,2026-07-27
DORM,"Dorman Products, Inc.",us,2026-07-27
DOUG,Douglas Elliman Inc.,us,2026-07-15
DOV,DOVER Corp,us,2026-07-27
DOW,DOW INC.,us,2026-07-27
DOX,AMDOCS LTD,us,2026-07-27
DOYU,DouYu International Holdings Ltd,us,2026-07-27
DPC,DPC Holdings Ltd,us,2026-07-27
DPG,Duff & Phelps Utility & Infrastructure Fund Inc.,us,2026-07-27
DPRO,Draganfly Inc.,us,2026-07-27
DPU,Top KingWin Ltd,us,2026-07-27
DPZ,DOMINOS PIZZA INC,us,2026-07-27
DQ,DAQO NEW ENERGY CORP.,us,2026-07-27
DRCT,"Direct Digital Holdings, Inc.",us,2026-07-27
DRD,DRDGOLD LTD,us,2026-07-27
DRDB,Roman DBDR Acquisition Corp. II,us,2026-07-27
DRDBU,Roman DBDR Acquisition Corp. II,us,2026-07-14
DRH,DiamondRock Hospitality Co,us,2026-07-27
DRI,DARDEN RESTAURANTS INC,us,2026-07-27
DRIO,DarioHealth Corp.,us,2026-07-27
DRMA,"Dermata Therapeutics, Inc.",us,2026-07-15
DRS,"Leonardo DRS, Inc.",us,2026-07-27
DRTS,Alpha Tau Medical Ltd.,us,2026-07-27
DRTSW,Alpha Tau Medical Ltd.,us,2026-07-13
DRUG,BRIGHT MINDS BIOSCIENCES INC.,us,2026-07-27
DRVN,Driven Brands Holdings Inc.,us,2026-07-27
DSAC,Daedalus Special Acquisition Corp.,us,2026-07-27
DSACU,Daedalus Special Acquisition Corp.,us,2026-07-14
DSC,DSC Holdings Ltd.,us,2026-07-27
DSGN,"Design Therapeutics, Inc.",us,2026-07-27
DSGR,"Distribution Solutions Group, Inc.",us,2026-07-27
DSGX,DESCARTES SYSTEMS GROUP INC,us,2026-07-27
DSL,DoubleLine Income Solutions Fund,us,2026-07-27
DSM,"BNY MELLON STRATEGIC MUNICIPAL BOND FUND, INC.",us,2026-07-27
DSP,Viant Technology Inc.,us,2026-07-27
DSU,"BLACKROCK DEBT STRATEGIES FUND, INC.",us,2026-07-27
DSWL,DESWELL INDUSTRIES INC,us,2026-07-27
DSX,DIANA SHIPPING INC.,us,2026-07-27
DSX-PB,,us,2026-07-27
DSY,Big Tree Cloud Holdings Ltd,us,2026-07-27
DT,"Dynatrace, Inc.",us,2026-07-27
DTB,DTE ENERGY CO,us,2026-07-27
DTCX,"Datacentrex, Inc.",us,2026-07-14
DTE,DTE ENERGY CO,us,2026-07-27
DTF,DTF TAX-FREE INCOME 2028 TERM FUND INC,us,2026-07-27
DTG,DTE ENERGY CO,us,2026-07-27
DTI,Drilling Tools International Corp,us,2026-07-27
DTIL,DHUNSERI TEA & IND. LTD.,us,2026-07-27
DTK,DTE ENERGY CO,us,2026-07-27
DTM,"DT Midstream, Inc.",us,2026-07-27
DTSQ,DT Cloud Star Acquisition Corp,us,2026-07-14
DTSQU,DT Cloud Star Acquisition Corp,us,2026-07-14
DTST,Data Storage Corp,us,2026-07-27
DTW,DTE ENERGY CO,us,2026-07-27
DUK,Duke Energy CORP,us,2026-07-27
DUK-PA,,us,2026-07-27
DUKB,Duke Energy CORP,us,2026-07-27
DUKR,DUKE Robotics Corp.,us,2026-07-14
DUKRW,DUKE Robotics Corp.,us,2026-07-13
DULL,BANK OF MONTREAL /CAN/,us,2026-07-27
DUOL,"Duolingo, Inc.",us,2026-07-27
DUOT,"DUOS TECHNOLOGIES GROUP, INC.",us,2026-07-27
DV,"DoubleVerify Holdings, Inc.",us,2026-07-27
DVA,DAVITA INC.,us,2026-07-27
DVN,DEVON ENERGY CORP/DE,us,2026-07-27
DWSN,DAWSON GEOPHYSICAL CO,us,2026-07-27
DWTX,"Dogwood Therapeutics, Inc.",us,2026-07-15
DX,DYNEX CAPITAL INC,us,2026-07-27
DX-PC,DYNEX CAPITAL INC,us,2026-07-27
DXC,DXC Technology Co,us,2026-07-27
DXCM,DEXCOM INC,us,2026-07-27
DXPE,DXP ENTERPRISES INC,us,2026-07-27
DXR,DAXOR CORP,us,2026-07-27
DXST,Decent Holding Inc.,us,2026-07-27
DXYZ,Destiny Tech100 Inc.,us,2026-07-27
DY,DYCOM INDUSTRIES INC,us,2026-07-27
DYAI,DYADIC INTERNATIONAL INC,us,2026-07-15
DYN,"Dyne Therapeutics, Inc.",us,2026-07-27
DYNC,Dynamix Corp,us,2026-07-27
DYNCU,Dynamix Corp,us,2026-07-14
DYOR,Insight Digital Partners II,us,2026-07-27
DYORU,Insight Digital Partners II,us,2026-07-14
DZZ,DEUTSCHE BANK AKTIENGESELLSCHAFT,us,2026-07-15
E,ENI SPA,us,2026-07-27
EA,ELECTRONIC ARTS INC.,us,2026-07-27
EAD,ALLSPRING INCOME OPPORTUNITIES FUND,us,2026-07-27
EAF,GRAFTECH INTERNATIONAL LTD,us,2026-07-27
EAI,"ENTERGY ARKANSAS, LLC",us,2026-07-27
EARN,Ellington Credit Co,us,2026-07-27
EAT,"BRINKER INTERNATIONAL, INC",us,2026-07-27
EBAY,EBAY INC,us,2026-07-27
EBC,"Eastern Bankshares, Inc.",us,2026-07-27
EBF,"ENNIS, INC.",us,2026-07-27
EBMT,"Eagle Bancorp Montana, Inc.",us,2026-07-27
EBON,Ebang International Holdings Inc.,us,2026-07-27
EBS,Emergent BioSolutions Inc.,us,2026-07-27
EC,ECOPETROL S.A.,us,2026-07-27
ECAT,BlackRock ESG Capital Allocation Term Trust,us,2026-07-27
ECBK,"ECB Bancorp, Inc. /MD/",us,2026-07-27
ECC,Eagle Point Credit Co,us,2026-07-27
ECC-PD,,us,2026-07-27
ECCC,Eagle Point Credit Co,us,2026-07-27
ECCU,Eagle Point Credit Co,us,2026-07-27
ECCV,Eagle Point Credit Co,us,2026-07-27
ECF,ELLSWORTH GROWTH & INCOME FUND LTD,us,2026-07-27
ECF-PA,,us,2026-07-27
ECG,"Everus Construction Group, Inc.",us,2026-07-27
ECHO,EchoStar CORP,us,2026-07-27
ECL,ECOLAB INC.,us,2026-07-27
ECO,Okeanis Eco Tankers Corp.,us,2026-07-27
ECOR,"electroCore, Inc.",us,2026-07-27
ECPG,ENCORE CAPITAL GROUP INC,us,2026-07-27
ECVT,Ecovyst Inc.,us,2026-07-27
ECX,ECARX Holdings Inc.,us,2026-07-15
ED,CONSOLIDATED EDISON INC,us,2026-07-27
EDBL,Edible Garden AG Inc,us,2026-07-27
EDD,"Morgan Stanley Emerging Markets Domestic Debt Fund, Inc.",us,2026-07-27
EDF,Virtus Stone Harbor Emerging Markets Income Fund,us,2026-07-27
EDHL,Everbright Digital Holding Ltd.,us,2026-07-27
EDIT,"Editas Medicine, Inc.",us,2026-07-27
EDN,EDENOR,us,2026-07-27
EDRY,EuroDry Ltd.,us,2026-07-27
EDSA,"Edesa Biotech, Inc.",us,2026-07-27
EDU,New Oriental Education & Technology Group Inc.,us,2026-07-27
EDUC,EDUCATIONAL DEVELOPMENT CORP,us,2026-07-15
EE,"Excelerate Energy, Inc.",us,2026-07-27
EEA,"EUROPEAN EQUITY FUND, INC / MD",us,2026-07-27
EEFT,"EURONET WORLDWIDE, INC.",us,2026-07-27
EEIQ,EpicQuest Education Group International Ltd,us,2026-07-27
EEX,"Emerald Holding, Inc.",us,2026-07-24
EFC,Ellington Financial Inc.,us,2026-07-27
EFC-PB,,us,2026-07-27
EFC-PC,,us,2026-07-27
EFC-PD,,us,2026-07-14
EFOI,"ENERGY FOCUS, INC/DE",us,2026-07-27
EFOR,Everforth Inc,us,2026-07-27
EFR,Eaton Vance Senior Floating-Rate Trust,us,2026-07-27
EFSC,ENTERPRISE FINANCIAL SERVICES CORP,us,2026-07-27
EFSCP,ENTERPRISE FINANCIAL SERVICES CORP,us,2026-07-27
EFSI,EAGLE FINANCIAL SERVICES INC,us,2026-07-27
EFT,Eaton Vance Floating-Rate Income Trust,us,2026-07-27
EFTY,"ETOILES CAPITAL GROUP CO., LTD",us,2026-07-14
EFX,EQUIFAX INC,us,2026-07-27
EFXT,Enerflex Ltd.,us,2026-07-27
EG,"EVEREST GROUP, LTD.",us,2026-07-27
EGAN,EGAIN Corp,us,2026-07-27
EGBN,EAGLE BANCORP INC,us,2026-07-27
EGG,ENIGMATIG LTD,us,2026-07-27
EGHA,EGH Acquisition Corp.,us,2026-07-27
EGHAU,EGH Acquisition Corp.,us,2026-07-14
EGHT,8X8 INC /DE/,us,2026-07-16
EGO,ELDORADO GOLD CORP /FI,us,2026-07-27
EGP,EASTGROUP PROPERTIES INC,us,2026-07-27
EGY,VAALCO ENERGY INC /DE/,us,2026-07-27
EH,EHang Holdings Ltd,us,2026-07-27
EHC,Encompass Health Corp,us,2026-07-27
EHGO,EShallGo Inc.,us,2026-07-27
EHI,WESTERN ASSET GLOBAL HIGH INCOME FUND INC.,us,2026-07-27
EHLD,Euroholdings Ltd.,us,2026-07-27
EHTH,"eHealth, Inc.",us,2026-07-15
EIC,Eagle Point Income Co Inc.,us,2026-07-27
EICA,Eagle Point Income Co Inc.,us,2026-07-27
EIG,"Employers Holdings, Inc.",us,2026-07-27
EIIA,Eagle Point Institutional Income Fund,us,2026-07-27
EIKN,"Eikon Therapeutics, Inc.",us,2026-07-27
EIM,Eaton Vance Municipal Bond Fund,us,2026-07-27
EIX,EDISON INTERNATIONAL,us,2026-07-27
EJH,E-Home Household Service Holdings Ltd,us,2026-07-15
EL,ESTEE LAUDER COMPANIES INC,us,2026-07-27
ELA,Envela Corp,us,2026-07-27
ELAB,PMGC Holdings Inc.,us,2026-07-15
ELAN,Elanco Animal Health Inc,us,2026-07-27
ELC,"ENTERGY LOUISIANA, LLC",us,2026-07-27
ELDN,"Eledon Pharmaceuticals, Inc.",us,2026-07-27
ELE,Elemental Royalty Corp,us,2026-07-27
ELF,"e.l.f. Beauty, Inc.",us,2026-07-27
ELLA,Ellington Credit Co,us,2026-07-27
ELLO,Ellomay Capital Ltd.,us,2026-07-27
ELMD,"Electromed, Inc.",us,2026-07-27
ELME,Elme Communities,us,2026-07-15
ELMT,Elmet Group Co.,us,2026-07-27
ELOX,"Eloxx Pharmaceuticals, Inc.",us,2026-07-27
ELPC,ENERGY CO OF PARANA,us,2026-07-27
ELS,EQUITY LIFESTYLE PROPERTIES INC,us,2026-07-27
ELSE,ELECTRO SENSORS INC,us,2026-07-27
ELTK,ELTEK LTD,us,2026-07-27
ELTX,"Elicio Therapeutics, Inc.",us,2026-07-27
ELV,"Elevance Health, Inc.",us,2026-07-27
ELVA,Electrovaya Inc.,us,2026-07-27
ELVN,"Enliven Therapeutics, Inc.",us,2026-07-27
ELVR,Elevra Lithium Ltd,us,2026-07-27
ELWT,"Elauwit Connection, Inc.",us,2026-07-27
EMA,EMERA INC,us,2026-07-27
EMAT,Evolution Metals & Technologies Corp.,us,2026-07-27
EMBC,Embecta Corp.,us,2026-07-27
EMBJ,EMBRAER S.A.,us,2026-07-27
EMD,WESTERN ASSET EMERGING MARKETS DEBT FUND INC.,us,2026-07-27
EME,"EMCOR Group, Inc.",us,2026-07-27
EMF,TEMPLETON EMERGING MARKETS FUND,us,2026-07-27
EMIS,Emmis Acquisition Corp.,us,2026-07-14
EML,EASTERN CO,us,2026-07-27
EMN,EASTMAN CHEMICAL CO,us,2026-07-27
EMO,ClearBridge Energy Midstream Opportunity Fund Inc.,us,2026-07-27
EMP,"ENTERGY MISSISSIPPI, LLC",us,2026-07-27
EMPD,Empery Digital Inc.,us,2026-07-27
EMPG,Empro Group Inc.,us,2026-07-14
EMR,EMERSON ELECTRIC CO,us,2026-07-27
ENB,ENBRIDGE INC,us,2026-07-27
ENGN,enGene Therapeutics Inc.,us,2026-07-15
ENGNW,enGene Therapeutics Inc.,us,2026-07-14
ENGS,Energys Group Ltd,us,2026-07-27
ENHA,Enhanced Group Inc.,us,2026-07-27
ENIC,Enel Chile S.A.,us,2026-07-27
ENJ,"ENTERGY NEW ORLEANS, LLC",us,2026-07-27
ENLT,Enlight Renewable Energy Ltd.,us,2026-07-27
ENLV,Enlivex Ltd.,us,2026-07-27
ENO,"ENTERGY NEW ORLEANS, LLC",us,2026-07-27
ENOV,Enovis CORP,us,2026-07-27
ENPH,"Enphase Energy, Inc.",us,2026-07-27
ENR,"ENERGIZER HOLDINGS, INC.",us,2026-07-27
ENRD,Einride AB,us,2026-07-27
ENS,EnerSys,us,2026-07-27
ENSG,"ENSIGN GROUP, INC",us,2026-07-27
ENTA,ENANTA PHARMACEUTICALS INC,us,2026-07-27
ENTG,ENTEGRIS INC,us,2026-07-27
ENTX,Entera Bio Ltd.,us,2026-07-27
ENVA,"Enova International, Inc.",us,2026-07-27
ENVB,"Enveric Biosciences, Inc.",us,2026-07-15
ENVX,Enovix Corp,us,2026-07-27
EOD,ALLSPRING GLOBAL DIVIDEND OPPORTUNITY FUND,us,2026-07-27
EOG,EOG RESOURCES INC,us,2026-07-27
EOI,Eaton Vance Enhanced Equity Income Fund,us,2026-07-27
EOLS,"Evolus, Inc.",us,2026-07-27
EOS,Eaton Vance Enhanced Equity Income Fund II,us,2026-07-27
EOSE,"Eos Energy Enterprises, Inc.",us,2026-07-27
EOT,Eaton Vance National Municipal Opportunities Trust,us,2026-07-27
EP,EMPIRE PETROLEUM CORP,us,2026-07-27
EP-PC,"KINDER MORGAN, INC.",us,2026-07-27
EPAC,ENERPAC TOOL GROUP CORP,us,2026-07-27
EPAM,"EPAM Systems, Inc.",us,2026-07-27
EPC,EDGEWELL PERSONAL CARE Co,us,2026-07-27
EPD,ENTERPRISE PRODUCTS PARTNERS L.P.,us,2026-07-27
EPM,EVOLUTION PETROLEUM CORP,us,2026-07-27
EPR,EPR PROPERTIES,us,2026-07-27
EPR-PC,,us,2026-07-27
EPR-PE,,us,2026-07-27
EPR-PG,,us,2026-07-27
EPRT,"ESSENTIAL PROPERTIES REALTY TRUST, INC.",us,2026-07-27
EPRX,EUPRAXIA PHARMACEUTICALS INC.,us,2026-07-27
EPSM,Epsium Enterprise Ltd,us,2026-07-15
EPSN,Epsilon Energy Ltd.,us,2026-07-27
EQ,"Equillium, Inc.",us,2026-07-27
EQBK,EQUITY BANCSHARES INC,us,2026-07-27
EQH,"Equitable Holdings, Inc.",us,2026-07-27
EQH-PA,,us,2026-07-27
EQH-PC,,us,2026-07-27
EQIX,EQUINIX INC,us,2026-07-27
EQNR,EQUINOR ASA,us,2026-07-27
EQPT,EquipmentShare.com Inc,us,2026-07-27
EQR,EQUITY RESIDENTIAL,us,2026-07-27
EQS,"EQUUS TOTAL RETURN, INC.",us,2026-07-13
EQT,EQT Corp,us,2026-07-27
EQX,Equinox Gold Corp.,us,2026-07-27
ERAS,"Erasca, Inc.",us,2026-07-27
ERC,ALLSPRING MULTI-SECTOR INCOME FUND,us,2026-07-27
ERH,ALLSPRING UTILITIES & HIGH INCOME FUND,us,2026-07-27
ERIC,ERICSSON LM TELEPHONE CO,us,2026-07-27
ERIE,ERIE INDEMNITY CO,us,2026-07-27
ERII,"Energy Recovery, Inc.",us,2026-07-27
ERNA,Ernexa Therapeutics Inc.,us,2026-07-27
ERO,Ero Copper Corp.,us,2026-07-27
EROC,"ERock, Inc.",us,2026-07-27
EROK,"EagleRock Land, LLC",us,2026-07-27
ES,EVERSOURCE ENERGY,us,2026-07-27
ESAB,ESAB Corp,us,2026-07-27
ESBA,"Empire State Realty OP, L.P.",us,2026-07-27
ESCA,ESCALADE INC,us,2026-07-27
ESE,ESCO TECHNOLOGIES INC,us,2026-07-27
ESEA,EUROSEAS LTD.,us,2026-07-27
ESI,Element Solutions Inc,us,2026-07-27
ESLT,ELBIT SYSTEMS LTD,us,2026-07-27
ESNT,Essent Group Ltd.,us,2026-07-27
ESOA,Energy Services of America CORP,us,2026-07-27
ESP,ESPEY MFG & ELECTRONICS CORP,us,2026-07-27
ESPR,"Esperion Therapeutics, Inc.",us,2026-07-24
ESQ,"Esquire Financial Holdings, Inc.",us,2026-07-27
ESRT,"Empire State Realty Trust, Inc.",us,2026-07-27
ESS,"ESSEX PROPERTY TRUST, INC.",us,2026-07-27
ESTA,ESTABLISHMENT LABS HOLDINGS INC.,us,2026-07-27
ESTC,Elastic N.V.,us,2026-07-27
ET,Energy Transfer LP,us,2026-07-27
ET-PI,Energy Transfer LP,us,2026-07-27
ETB,Eaton Vance Tax-Managed Buy-Write Income Fund,us,2026-07-27
ETD,ETHAN ALLEN INTERIORS INC,us,2026-07-27
ETG,Eaton Vance Tax-Advantaged Global Dividend Income Fund,us,2026-07-27
ETH,Grayscale Ethereum Staking Mini ETF,us,2026-07-27
ETHA,iShares Ethereum Trust ETF,us,2026-07-27
ETHB,iShares Staked Ethereum Trust ETF,us,2026-07-27
ETHE,Grayscale Ethereum Staking ETF,us,2026-07-27
ETHW,Bitwise Ethereum ETF,us,2026-07-27
ETI-P,"ENTERGY TEXAS, INC.",us,2026-07-27
ETJ,Eaton Vance Risk-Managed Diversified Equity Income Fund,us,2026-07-27
ETN,Eaton Corp plc,us,2026-07-27
ETO,Eaton Vance Tax-Advantaged Global Dividend Opportunities Fund,us,2026-07-27
ETON,"Eton Pharmaceuticals, Inc.",us,2026-07-27
ETOR,eToro Group Ltd.,us,2026-07-27
ETR,ENTERGY CORP /DE/,us,2026-07-27
ETSS,Energy Transition Special Opportunities,us,2026-07-14
ETSS-UN,,us,2026-07-14
ETSY,ETSY INC,us,2026-07-27
ETV,Eaton Vance Tax-Managed Buy-Write Opportunities Fund,us,2026-07-27
ETW,Eaton Vance Tax-Managed Global Buy-Write Opportunities Fund,us,2026-07-27
ETX,Eaton Vance Municipal Income 2028 Term Trust,us,2026-07-27
ETY,Eaton Vance Tax-Managed Diversified Equity Income Fund,us,2026-07-27
EU,enCore Energy Corp.,us,2026-07-15
EUDA,EUDA Health Holdings Ltd,us,2026-07-27
EUO,ProShares Trust II,us,2026-07-27
EURK,Eureka Acquisition Corp,us,2026-07-14
EURKU,Eureka Acquisition Corp,us,2026-07-14
EVAC,EQV Ventures Acquisition Corp. II,us,2026-07-27
EVAC-UN,,us,2026-07-14
EVAX,Evaxion A/S,us,2026-07-27
EVC,ENTRAVISION COMMUNICATIONS CORP,us,2026-07-27
EVCM,EverCommerce Inc.,us,2026-07-27
EVER,"EverQuote, Inc.",us,2026-07-27
EVEX,"Eve Holding, Inc.",us,2026-07-27
EVF,Eaton Vance Senior Income Trust,us,2026-07-27
EVG,Eaton Vance Short Duration Diversified Income Fund,us,2026-07-27
EVGO,EVgo Inc.,us,2026-07-15
EVH,"Evolent Health, Inc.",us,2026-07-27
EVI,"EVI INDUSTRIES, INC.",us,2026-07-27
EVLV,"Evolv Technologies Holdings, Inc.",us,2026-07-27
EVMN,"Evommune, Inc.",us,2026-07-27
EVN,Eaton Vance Municipal Income Trust,us,2026-07-27
EVO,Evotec SE,us,2026-07-16
EVOX,Evolution Global Acquisition Corp,us,2026-07-27
EVOXU,Evolution Global Acquisition Corp,us,2026-07-14
EVR,Evercore Inc.,us,2026-07-27
EVRG,"Evergy, Inc.",us,2026-07-27
EVT,Eaton Vance Tax-Advantaged Dividend Income Fund,us,2026-07-27
EVTC,"EVERTEC, Inc.",us,2026-07-27
EVTL,Vertical Aerospace Ltd.,us,2026-07-15
EVTV,"AZIO AI HOLDINGS, INC.",us,2026-07-15
EVV,Eaton Vance Ltd Duration Income Fund,us,2026-07-27
EW,Edwards Lifesciences Corp,us,2026-07-27
EWBC,EAST WEST BANCORP INC,us,2026-07-27
EWTX,"Edgewise Therapeutics, Inc.",us,2026-07-27
EXC,EXELON CORP,us,2026-07-27
EXE,EXPAND ENERGY Corp,us,2026-07-27
EXEL,"EXELIXIS, INC.",us,2026-07-27
EXFY,"Expensify, Inc.",us,2026-07-15
EXG,Eaton Vance Tax-Managed Global Diversified Equity Income Fund,us,2026-07-27
EXK,ENDEAVOUR SILVER CORP,us,2026-07-27
EXLS,"ExlService Holdings, Inc.",us,2026-07-27
EXOD,"Exodus Movement, Inc.",us,2026-07-14
EXOZ,EXOZYMES INC.,us,2026-07-27
EXP,EAGLE MATERIALS INC,us,2026-07-27
EXPD,EXPEDITORS INTERNATIONAL OF WASHINGTON INC,us,2026-07-27
EXPE,"Expedia Group, Inc.",us,2026-07-27
EXPO,EXPONENT INC,us,2026-07-27
EXR,Extra Space Storage Inc.,us,2026-07-27
EXTR,EXTREME NETWORKS INC,us,2026-07-27
EXYN,"Exyn Technologies, Inc.",us,2026-07-27
EXYNW,"Exyn Technologies, Inc.",us,2026-07-13
EYE,"National Vision Holdings, Inc.",us,2026-07-27
EYPT,"EyePoint, Inc.",us,2026-07-27
EZGO,EZGO Technologies Ltd.,us,2026-07-15
EZPW,EZCORP INC,us,2026-07-27
EZRA,"Reliance Global Group, Inc.",us,2026-07-27
F,FORD MOTOR CO,us,2026-07-27
F-PB,FORD MOTOR CO,us,2026-07-27
F-PC,FORD MOTOR CO,us,2026-07-27
F-PD,FORD MOTOR CO,us,2026-07-27
FA,FIRST ADVANTAGE CORP,us,2026-07-27
FABC,"Fabric.AI, Inc.",us,2026-07-27
FAC,Factorial Energy Inc.,us,2026-07-27
FACT,FACT LTD,us,2026-07-27
FACTU,FACT II Acquisition Corp.,us,2026-07-14
FACWW,Factorial Energy Inc.,us,2026-07-13
FAF,First American Financial Corp,us,2026-07-27
FANG,"Diamondback Energy, Inc.",us,2026-07-27
FAST,FASTENAL CO,us,2026-07-27
FATE,FATE THERAPEUTICS INC,us,2026-07-27
FATN,Fatpipe Inc/UT,us,2026-07-27
FAX,"ABRDN ASIA-PACIFIC INCOME FUND, INC.",us,2026-07-27
FBIN,"Fortune Brands Innovations, Inc.",us,2026-07-27
FBIO,"Fortress Biotech, Inc.",us,2026-07-27
FBIOP,"Fortress Biotech, Inc.",us,2026-07-27
FBIZ,"FIRST BUSINESS FINANCIAL SERVICES, INC.",us,2026-07-27
FBK,FB Financial Corp,us,2026-07-27
FBLA,"FB Bancorp, Inc. /MD/",us,2026-07-27
FBNC,FIRST BANCORP /NC/,us,2026-07-27
FBP,FIRST BANCORP /PR/,us,2026-07-27
FBRT,"Franklin BSP Realty Trust, Inc.",us,2026-07-27
FBRT-PE,,us,2026-07-27
FBRX,"Forte Biosciences, Inc.",us,2026-07-27
FBYD,"Falcon's Beyond Global, Inc.",us,2026-07-27
FC,FRANKLIN COVEY CO,us,2026-07-27
FCAP,FIRST CAPITAL INC,us,2026-07-27
FCBC,FIRST COMMUNITY BANKSHARES INC /VA/,us,2026-07-27
FCBM,"First Carolina Financial Services, Inc.",us,2026-07-27
FCCO,FIRST COMMUNITY CORP /SC/,us,2026-07-27
FCEL,FUELCELL ENERGY INC,us,2026-07-27
FCF,FIRST COMMONWEALTH FINANCIAL CORP /PA/,us,2026-07-27
FCFS,"FirstCash Holdings, Inc.",us,2026-07-27
FCHL,Fitness Champs Holdings Ltd,us,2026-07-15
FCN,"FTI CONSULTING, INC",us,2026-07-27
FCNCA,FIRST CITIZENS BANCSHARES INC /DE/,us,2026-07-27
FCNCN,FIRST CITIZENS BANCSHARES INC /DE/,us,2026-07-27
FCNCO,FIRST CITIZENS BANCSHARES INC /DE/,us,2026-07-27
FCNCP,FIRST CITIZENS BANCSHARES INC /DE/,us,2026-07-27
FCPT,"Four Corners Property Trust, Inc.",us,2026-07-27
FCRS,FutureCrest Acquisition Corp.,us,2026-07-27
FCRS-UN,,us,2026-07-27
FCT,FIRST TRUST SENIOR FLOATING RATE INCOME FUND II,us,2026-07-27
FCUV,FOCUS UNIVERSAL INC.,us,2026-07-27
FCX,FREEPORT-MCMORAN INC,us,2026-07-27
FDBC,FIDELITY D & D BANCORP INC,us,2026-07-27
FDMMU,Freedom Metals Acquisition Corp.,us,2026-07-27
FDMT,"4D Molecular Therapeutics, Inc.",us,2026-07-27
FDS,FACTSET RESEARCH SYSTEMS INC,us,2026-07-27
FDSB,"Fifth District Bancorp, Inc.",us,2026-07-27
FDUS,FIDUS INVESTMENT Corp,us,2026-07-27
FDX,FEDEX CORP,us,2026-07-27
FDXF,"FedEx Freight Holding Company, Inc.",us,2026-07-27
FE,FIRSTENERGY CORP,us,2026-07-27
FEAM,"5E Advanced Materials, Inc.",us,2026-07-15
FEDU,Four Seasons Education (Cayman) Inc.,us,2026-07-14
FEIM,FREQUENCY ELECTRONICS INC,us,2026-07-27
FELE,FRANKLIN ELECTRIC CO INC,us,2026-07-27
FEMY,FEMASYS INC,us,2026-07-27
FENC,FENNEC PHARMACEUTICALS INC.,us,2026-07-27
FENG,Phoenix New Media Ltd,us,2026-07-15
FER,Ferrovial N.V.,us,2026-07-14
FERA,Fifth Era Acquisition Corp I,us,2026-07-27
FERAU,Fifth Era Acquisition Corp I,us,2026-07-14
FERG,Ferguson Enterprises Inc. /DE/,us,2026-07-27
FET,"FORUM ENERGY TECHNOLOGIES, INC.",us,2026-07-27
FF,FutureFuel Corp.,us,2026-07-27
FFA,FIRST TRUST ENHANCED EQUITY INCOME FUND,us,2026-07-27
FFBC,FIRST FINANCIAL BANCORP /OH/,us,2026-07-27
FFC,Flaherty & Crumrine PREFERRED & INCOME SECURITIES FUND INC,us,2026-07-27
FFIN,FIRST FINANCIAL BANKSHARES INC,us,2026-07-27
FFIV,"F5, INC.",us,2026-07-27
FG,"F&G Annuities & Life, Inc.",us,2026-07-27
FGBI,"First Guaranty Bancshares, Inc.",us,2026-07-27
FGBIP,"First Guaranty Bancshares, Inc.",us,2026-07-27
FGDL,Franklin Templeton Holdings Trust,us,2026-07-27
FGI,FGI Industries Ltd.,us,2026-07-27
FGII,FG Imperii Acquisition Corp.,us,2026-07-14
FGIIU,FG Imperii Acquisition Corp.,us,2026-07-14
FGL,Founder Group Ltd,us,2026-07-15
FGMC,,us,2026-07-24
FGMCU,FG Merger II Corp.,us,2026-07-14
FGN,"F&G Annuities & Life, Inc.",us,2026-07-27
FGNX,FG Nexus Inc.,us,2026-07-27
FGNXP,FG Nexus Inc.,us,2026-07-27
FGSN,"F&G Annuities & Life, Inc.",us,2026-07-27
FHB,"FIRST HAWAIIAN, INC.",us,2026-07-27
FHI,"FEDERATED HERMES, INC.",us,2026-07-27
FHN,FIRST HORIZON CORP,us,2026-07-27
FHN-PE,,us,2026-07-27
FHN-PF,,us,2026-07-27
FHN-PH,,us,2026-07-27
FHTX,Foghorn Therapeutics Inc.,us,2026-07-27
FIBK,FIRST INTERSTATE BANCSYSTEM INC,us,2026-07-27
FICO,FAIR ISAAC CORP,us,2026-07-27
FIEE,"FiEE, Inc.",us,2026-07-27
FIG,"Figma, Inc.",us,2026-07-27
FIGR,"Figure Technology Solutions, Inc.",us,2026-07-27
FIGS,"FIGS, Inc.",us,2026-07-27
FIGX,FIGX Capital Acquisition Corp.,us,2026-07-14
FIGXU,FIGX Capital Acquisition Corp.,us,2026-07-14
FINS,Angel Oak Financial Strategies Income Term Trust,us,2026-07-27
FINV,FinVolution Group,us,2026-07-27
FINW,Finwise Bancorp,us,2026-07-27
FIP,FTAI Infrastructure Inc.,us,2026-07-27
FIRY,Firy Inc.,us,2026-07-27
FIS,"Fidelity National Information Services, Inc.",us,2026-07-27
FISI,FINANCIAL INSTITUTIONS INC,us,2026-07-27
FISK,"Empire State Realty OP, L.P.",us,2026-07-14
FISN,"DEEP FISSION, INC.",us,2026-07-27
FISV,FISERV INC,us,2026-07-27
FITB,FIFTH THIRD BANCORP,us,2026-07-27
FITB-PA,,us,2026-07-27
FITB-PI,,us,2026-07-27
FITB-PK,,us,2026-07-27
FITB-PM,,us,2026-07-27
FIVE,"FIVE BELOW, INC",us,2026-07-27
FIVN,"Five9, Inc.",us,2026-07-27
FIX,COMFORT SYSTEMS USA INC,us,2026-07-27
FIZZ,NATIONAL BEVERAGE CORP,us,2026-07-27
FJET,"Starfighters Space, Inc.",us,2026-07-27
FKWL,FRANKLIN WIRELESS CORP,us,2026-07-27
FLC,FLAHERTY & CRUMRINE TOTAL RETURN FUND INC,us,2026-07-27
FLEX,FLEX LTD.,us,2026-07-27
FLG,"FLAGSTAR BANK, NATIONAL ASSOCIATION",us,2026-07-27
FLG-PA,,us,2026-07-27
FLG-PU,,us,2026-07-27
FLGT,"Fulgent Genetics, Inc.",us,2026-07-27
FLL,FULL HOUSE RESORTS INC,us,2026-07-27
FLNA,"FILANA THERAPEUTICS, INC.",us,2026-07-15
FLNC,"Fluence Energy, Inc.",us,2026-07-27
FLNG,Flex LNG Ltd.,us,2026-07-27
FLNT,"Fluent, Inc.",us,2026-07-27
FLO,FLOWERS FOODS INC,us,2026-07-27
FLOC,Flowco Holdings Inc.,us,2026-07-27
FLR,FLUOR CORP,us,2026-07-27
FLS,FLOWSERVE CORP,us,2026-07-27
FLUT,Flutter Entertainment plc,us,2026-07-27
FLWS,1 800 FLOWERS COM INC,us,2026-07-27
FLX,BingEx Ltd,us,2026-07-27
FLXS,FLEXSTEEL INDUSTRIES INC,us,2026-07-27
FLY,Firefly Aerospace Inc.,us,2026-07-27
FLYD,BANK OF MONTREAL /CAN/,us,2026-07-27
FLYE,"Fly-E Group, Inc.",us,2026-07-16
FLYU,BANK OF MONTREAL /CAN/,us,2026-07-27
FLYW,Flywire Corp,us,2026-07-27
FLYX,FLYEXCLUSIVE INC.,us,2026-07-15
FLZH,"Flash Sports & Media Holdings, Inc.",us,2026-07-15
FMAC,Future Money Acquisition Corp,us,2026-07-14
FMACU,Future Money Acquisition Corp,us,2026-07-27
FMAO,FARMERS & MERCHANTS BANCORP INC,us,2026-07-27
FMBH,"FIRST MID BANCSHARES, INC.",us,2026-07-27
FMC,FMC CORP,us,2026-07-27
FMN,Federated Hermes Premier Municipal Income Fund,us,2026-07-27
FMNB,FARMERS NATIONAL BANC CORP /OH/,us,2026-07-27
FMS,Fresenius Medical Care AG,us,2026-07-27
FMST,Foremost Clean Energy Ltd.,us,2026-07-15
FMX,MEXICAN ECONOMIC DEVELOPMENT INC,us,2026-07-27
FMY,FIRST TRUST MORTGAGE INCOME FUND,us,2026-07-27
FN,Fabrinet,us,2026-07-27
FNB,FNB CORP/PA/,us,2026-07-27
FND,"Floor & Decor Holdings, Inc.",us,2026-07-27
FNF,"Fidelity National Financial, Inc.",us,2026-07-27
FNGD,BANK OF MONTREAL /CAN/,us,2026-07-27
FNGO,BANK OF MONTREAL /CAN/,us,2026-07-27
FNGS,BANK OF MONTREAL /CAN/,us,2026-07-27
FNGU,BANK OF MONTREAL /CAN/,us,2026-07-27
FNKO,"Funko, Inc.",us,2026-07-27
FNLC,"First Bancorp, Inc /ME/",us,2026-07-27
FNRN,FIRST NORTHERN COMMUNITY BANCORP,us,2026-07-27
FNUC,Frontier Nuclear & Minerals Inc.,us,2026-07-15
FNV,FRANCO NEVADA Corp,us,2026-07-27
FNWB,First Northwest Bancorp,us,2026-07-27
FNWD,Finward Bancorp,us,2026-07-27
FOA,Finance of America Companies Inc.,us,2026-07-27
FOCL,EDAP TMS SA,us,2026-07-27
FOF,"Cohen & Steers Closed-End Opportunity Fund, Inc.",us,2026-07-27
FOFO,"Hang Feng Technology Innovation Co., Ltd.",us,2026-07-27
FOR,Forestar Group Inc.,us,2026-07-27
FORM,FORMFACTOR INC,us,2026-07-27
FORR,"FORRESTER RESEARCH, INC.",us,2026-07-27
FORTY,FORMULA SYSTEMS (1985) LTD,us,2026-07-27
FOSL,"Fossil Group, Inc.",us,2026-07-27
FOUR,"Shift4 Payments, Inc.",us,2026-07-27
FOUR-PA,,us,2026-07-27
FOX,Fox Corp,us,2026-07-27
FOXA,Fox Corp,us,2026-07-27
FOXF,FOX FACTORY HOLDING CORP,us,2026-07-27
FOXX,Foxx Development Holdings Inc.,us,2026-07-27
FPF,First Trust Intermediate Duration Preferred & Income Fund,us,2026-07-27
FPH,"Five Point Holdings, LLC",us,2026-07-27
FPI,Farmland Partners Inc.,us,2026-07-27
FPS,"Forgent Power Solutions, Inc.",us,2026-07-27
FR,FIRST INDUSTRIAL REALTY TRUST INC,us,2026-07-27
FRA,"BLACKROCK FLOATING RATE INCOME STRATEGIES FUND, INC.",us,2026-07-27
FRAF,FRANKLIN FINANCIAL SERVICES CORP /PA/,us,2026-07-27
FRBT,"Forbright, Inc.",us,2026-07-27
FRD,FRIEDMAN INDUSTRIES INC,us,2026-07-27
FRGT,"Freight Technologies, Inc.",us,2026-07-27
FRHC,Freedom Holding Corp.,us,2026-07-27
FRME,FIRST MERCHANTS CORP,us,2026-07-27
FRMEP,FIRST MERCHANTS CORP,us,2026-07-14
FRMI,Fermi Inc.,us,2026-07-27
FRMM,FORUM MARKETS Inc,us,2026-07-27
FRNM,"Freenome, Inc.",us,2026-07-27
FRO,Frontline plc,us,2026-07-27
FROG,JFrog Ltd,us,2026-07-27
FRPH,"FRP HOLDINGS, INC.",us,2026-07-27
FRPT,"Freshpet, Inc.",us,2026-07-27
FRSH,Freshworks Inc.,us,2026-07-27
FRST,Primis Financial Corp.,us,2026-07-27
FRSX,Foresight Autonomous Holdings Ltd.,us,2026-07-15
FRT,FEDERAL REALTY INVESTMENT TRUST,us,2026-07-27
FRT-PC,,us,2026-07-27
FRTT,Fort Technology Inc,us,2026-07-13
FRVO,Fervo Energy Co,us,2026-07-27
FSBC,FIVE STAR BANCORP,us,2026-07-27
FSBW,"FS Bancorp, Inc.",us,2026-07-27
FSCO,FS Credit Opportunities Corp.,us,2026-07-27
FSEA,"First Seacoast Bancorp, Inc.",us,2026-07-27
FSHP,Flag Ship Acquisition Corp,us,2026-07-14
FSHPU,Flag Ship Acquisition Corp,us,2026-07-14
FSI,FLEXIBLE SOLUTIONS INTERNATIONAL INC,us,2026-07-27
FSK,FS KKR Capital Corp,us,2026-07-27
FSLR,"FIRST SOLAR, INC.",us,2026-07-27
FSLY,"Fastly, Inc.",us,2026-07-27
FSM,FORTUNA MINING CORP.,us,2026-07-27
FSOL,Fidelity Solana Fund,us,2026-07-27
FSS,FEDERAL SIGNAL CORP /DE/,us,2026-07-27
FSSL,FS Specialty Lending Fund,us,2026-07-27
FSTR,FOSTER L B CO,us,2026-07-27
FSUN,FIRSTSUN CAPITAL BANCORP,us,2026-07-27
FSV,FirstService Corp,us,2026-07-27
FT,FRANKLIN UNIVERSAL TRUST,us,2026-07-27
FTAI,FTAI Aviation Ltd.,us,2026-07-27
FTAIM,FTAI Aviation Ltd.,us,2026-07-27
FTCI,"FTC Solar, Inc.",us,2026-07-27
FTDR,"Frontdoor, Inc.",us,2026-07-27
FTEK,"FUEL TECH, INC.",us,2026-07-15
FTF,FRANKLIN LTD DURATION INCOME TRUST,us,2026-07-27
FTFT,Future FinTech Group Inc.,us,2026-07-15
FTH,"Faeth Therapeutics, Inc.",us,2026-07-27
FTHA,Forefront Tech Holdings Acquisition Corp,us,2026-07-20
FTHAU,Forefront Tech Holdings Acquisition Corp,us,2026-07-27
FTHY,FIRST TRUST HIGH YIELD OPPORTUNITIES 2027 TERM FUND,us,2026-07-27
FTI,TechnipFMC plc,us,2026-07-27
FTK,FLOTEK INDUSTRIES INC/CN/,us,2026-07-27
FTLF,"FITLIFE BRANDS, INC.",us,2026-07-27
FTNT,"Fortinet, Inc.",us,2026-07-27
FTRA-UN,,us,2026-07-27
FTRE,Fortrea Holdings Inc.,us,2026-07-27
FTS,Fortis Inc.,us,2026-07-27
FTV,Fortive Corp,us,2026-07-27
FTW,PRESIDIO PRODUCTION Co,us,2026-07-27
FTW-WT,,us,2026-07-15
FUBO,FuboTV Inc.,us,2026-07-27
FUFU,Bitfufu Inc.,us,2026-07-15
FUL,FULLER H B CO,us,2026-07-27
FULC,"Fulcrum Therapeutics, Inc.",us,2026-07-27
FULT,FULTON FINANCIAL CORP,us,2026-07-27
FULTP,FULTON FINANCIAL CORP,us,2026-07-27
FUN,Six Flags Entertainment Corporation/NEW,us,2026-07-27
FUNC,FIRST UNITED CORP/MD/,us,2026-07-27
FUND,SPROTT FOCUS TRUST INC.,us,2026-07-27
FUSB,"FIRST US BANCSHARES, INC.",us,2026-07-27
FUTU,Futu Holdings Ltd,us,2026-07-27
FVAV,Fortress Value Acquisition Corp. V,us,2026-07-27
FVCB,"FVCBankcorp, Inc.",us,2026-07-27
FVN,Future Vision II Acquisition Corp.,us,2026-07-14
FVNNU,Future Vision II Acquisition Corp.,us,2026-07-14
FVR,"FrontView REIT, Inc.",us,2026-07-27
FVRR,Fiverr International Ltd.,us,2026-07-27
FWACU,Futurewave Acquisition Corp,us,2026-07-27
FWDI,"Forward Industries, Inc.",us,2026-07-27
FWONA,Liberty Media Corp,us,2026-07-27
FWONK,Liberty Media Corp,us,2026-07-27
FWRD,FORWARD AIR CORP,us,2026-07-27
FWRG,"First Watch Restaurant Group, Inc.",us,2026-07-27
FXA,Invesco CurrencyShares Australian Dollar Trust,us,2026-07-27
FXAC,FortuneX Acquisition Corp,us,2026-07-27
FXACU,FortuneX Acquisition Corp,us,2026-07-27
FXB,Invesco CurrencyShares British Pound Sterling Trust,us,2026-07-27
FXC,Invesco CurrencyShares Canadian Dollar Trust,us,2026-07-27
FXE,Invesco CurrencyShares Euro Trust,us,2026-07-27
FXF,Invesco CurrencyShares Swiss Franc Trust,us,2026-07-27
FXHO,UTime Ltd,us,2026-07-14
FXNC,FIRST NATIONAL CORP /VA/,us,2026-07-27
FXY,Invesco CurrencyShares Japanese Yen Trust,us,2026-07-27
G,Genpact LTD,us,2026-07-27
GAB,GABELLI EQUITY TRUST INC,us,2026-07-27
GAB-PG,,us,2026-07-27
GAB-PH,,us,2026-07-27
GAB-PK,,us,2026-07-27
GABC,"GERMAN AMERICAN BANCORP, INC.",us,2026-07-27
GAIA,"GAIA, INC",us,2026-07-22
GAIN,GLADSTONE INVESTMENT CORPORATION\DE,us,2026-07-27
GAING,GLADSTONE INVESTMENT CORPORATION\DE,us,2026-07-27
GAINI,GLADSTONE INVESTMENT CORPORATION\DE,us,2026-07-27
GAINZ,GLADSTONE INVESTMENT CORPORATION\DE,us,2026-07-27
GALT,GALECTIN THERAPEUTICS INC,us,2026-07-27
GAM,GENERAL AMERICAN INVESTORS CO INC,us,2026-07-27
GAM-PB,,us,2026-07-27
GAMB,Gambling.com Group Ltd,us,2026-07-15
GANX,"Gain Therapeutics, Inc.",us,2026-07-15
GAP,GAP INC,us,2026-07-27
GASS,StealthGas Inc.,us,2026-07-27
GATX,GATX CORP,us,2026-07-27
GAU,Galiano Gold Inc.,us,2026-07-15
GAVA,Grayscale Avalanche Staking ETF,us,2026-07-27
GBAB,Guggenheim Taxable Municipal Bond & Investment Grade Debt Trust,us,2026-07-27
GBCI,"GLACIER BANCORP, INC.",us,2026-07-27
GBDC,"GOLUB CAPITAL BDC, Inc.",us,2026-07-27
GBFH,GBank Financial Holdings Inc.,us,2026-07-27
GBLI,"Global Indemnity Group, LLC",us,2026-07-27
GBTC,Grayscale Bitcoin Trust ETF,us,2026-07-27
GBTG,"Global Business Travel Group, Inc.",us,2026-07-27
GBUG,BARCLAYS BANK PLC,us,2026-07-27
GBX,GREENBRIER COMPANIES INC,us,2026-07-27
GCBC,GREENE COUNTY BANCORP INC,us,2026-07-27
GCGR,General Catalyst Global Resilience Merger Corp.,us,2026-07-27
GCGRU,General Catalyst Global Resilience Merger Corp.,us,2026-07-27
GCMG,GCM Grosvenor Inc.,us,2026-07-27
GCO,GENESCO INC,us,2026-07-27
GCT,GigaCloud Technology Inc,us,2026-07-27
GCTS,"GCT Semiconductor Holding, Inc.",us,2026-07-24
GCV,GABELLI CONVERTIBLE & INCOME SECURITIES FUND INC,us,2026-07-27
GD,GENERAL DYNAMICS CORP,us,2026-07-27
GDC,GD Culture Group Ltd,us,2026-07-23
GDDY,GoDaddy Inc.,us,2026-07-27
GDEV,GDEV Inc.,us,2026-07-27
GDHG,GOLDEN HEAVEN GROUP HOLDINGS LTD.,us,2026-07-15
GDL,GDL FUND,us,2026-07-27
GDLC,Grayscale CoinDesk Crypto 5 ETF,us,2026-07-27
GDO,WESTERN ASSET GLOBAL CORPORATE OPPORTUNITY FUND INC.,us,2026-07-27
GDOG,Grayscale Dogecoin Trust ETF,us,2026-07-27
GDOT,GREEN DOT CORP,us,2026-07-27
GDRX,"GoodRx Holdings, Inc.",us,2026-07-27
GDS,GDS Holdings Ltd,us,2026-07-27
GDTC,CytoMed Therapeutics Ltd,us,2026-07-15
GDV,GABELLI DIVIDEND & INCOME TRUST,us,2026-07-27
GDV-PH,,us,2026-07-27
GDV-PK,,us,2026-07-27
GDXD,BANK OF MONTREAL /CAN/,us,2026-07-27
GDXU,BANK OF MONTREAL /CAN/,us,2026-07-27
GDYN,"GRID DYNAMICS HOLDINGS, INC.",us,2026-07-27
GE,GENERAL ELECTRIC CO,us,2026-07-27
GECC,Great Elm Capital Corp.,us,2026-07-27
GECCG,Great Elm Capital Corp.,us,2026-07-27
GECCH,Great Elm Capital Corp.,us,2026-07-27
GECCI,Great Elm Capital Corp.,us,2026-07-27
GEF,"GREIF, INC",us,2026-07-27
GEF-B,"GREIF, INC",us,2026-07-27
GEG,"Great Elm Group, Inc.",us,2026-07-27
GEGGL,"Great Elm Group, Inc.",us,2026-07-27
GEHC,GE HealthCare Technologies Inc.,us,2026-07-27
GEL,Gautam Exim Limited,us,2026-07-27
GEMI,"Gemini Space Station, Inc.",us,2026-07-27
GEN,Gen Digital Inc.,us,2026-07-27
GENB,"Generate Biomedicines, Inc.",us,2026-07-27
GENC,GENCOR INDUSTRIES INC,us,2026-07-27
GENI,Genius Sports Ltd,us,2026-07-27
GENK,"GEN Restaurant Group, Inc.",us,2026-07-15
GENVR,Gen Digital Inc.,us,2026-07-15
GEO,GEO GROUP INC,us,2026-07-27
GEOS,GEOSPACE TECHNOLOGIES CORP,us,2026-07-27
GERN,GERON CORP,us,2026-07-15
GEV,GE Vernova Inc.,us,2026-07-27
GEVO,"Gevo, Inc.",us,2026-07-15
GF,NEW GERMANY FUND INC,us,2026-07-27
GFF,GRIFFON CORP,us,2026-07-27
GFI,GOLD FIELDS LTD,us,2026-07-27
GFL,GFL Environmental Inc.,us,2026-07-27
GFR,Greenfire Resources Ltd.,us,2026-07-27
GFS,GLOBALFOUNDRIES Inc.,us,2026-07-27
GFUZ,General Fusion Group Ltd.,us,2026-07-27
GFUZW,General Fusion Group Ltd.,us,2026-07-16
GGAL,GRUPO FINANCIERO GALICIA SA,us,2026-07-27
GGB,GERDAU S.A.,us,2026-07-27
GGG,GRACO INC,us,2026-07-27
GGN,"GAMCO Global Gold, Natural Resources & Income Trust",us,2026-07-27
GGN-PB,,us,2026-07-27
GGR,Gogoro Inc.,us,2026-07-27
GGT,GABELLI MULTIMEDIA TRUST INC.,us,2026-07-27
GGT-PE,,us,2026-07-14
GGT-PG,,us,2026-07-27
GGZ,Gabelli Global Small & Mid Cap Value Trust,us,2026-07-27
GH,"Guardant Health, Inc.",us,2026-07-27
GHC,Graham Holdings Co,us,2026-07-27
GHG,GreenTree Hospitality Group Ltd.,us,2026-07-15
GHI,Greystone Housing Impact Investors LP,us,2026-07-27
GHM,GRAHAM CORP,us,2026-07-27
GHRS,GH Research PLC,us,2026-07-27
GHXIU,"Gores Holdings XI, Inc.",us,2026-07-27
GHY,"PGIM Global High Yield Fund, Inc.",us,2026-07-27
GIB,CGI INC,us,2026-07-27
GIBO,GIBO HOLDINGS Ltd,us,2026-07-27
GIC,GLOBAL INDUSTRIAL Co,us,2026-07-27
GIGM,GIGAMEDIA Ltd,us,2026-07-15
GIII,G III APPAREL GROUP LTD /DE/,us,2026-07-27
GIL,Gildan Activewear Inc.,us,2026-07-27
GILD,"GILEAD SCIENCES, INC.",us,2026-07-27
GILT,GILAT SATELLITE NETWORKS LTD,us,2026-07-27
GIPR,"GENERATION INCOME PROPERTIES, INC.",us,2026-07-15
GIS,GENERAL MILLS INC,us,2026-07-27
GITS,"Global Interactive Technologies, Inc.",us,2026-07-27
GIW,GigCapital8 Corp.,us,2026-07-27
GIWWU,GigCapital8 Corp.,us,2026-07-14
GIX,GigCapital9 Corp.,us,2026-07-27
GIXXU,GigCapital9 Corp.,us,2026-07-14
GJH,STRATS SM TRUST FOR U S CELL CORP SEC SERIES 2004 6,us,2026-07-14
GJO,"STRATS SM TRUST FOR WAL-MART STORES, INC. SECURITIES, SERIES 2005-4",us,2026-07-14
GJP,"STRATS(SM) TRUST FOR DOMINION RESOURCES, INC. SECURITIES, SERIES 2005-6",us,2026-07-14
GJR,"STRATS(SM) Trust for Procter & Gamble Securities, Series 2006-1",us,2026-07-14
GJS,"STRATS(SM) Trust for Goldman Sachs Group Securities, Series 2006-2",us,2026-07-14
GJT,"STRATS(SM) Trust for Allstate Corp Securities, Series 2006-3",us,2026-07-14
GKOS,GLAUKOS Corp,us,2026-07-27
GL,GLOBE LIFE INC.,us,2026-07-27
GL-PD,GLOBE LIFE INC.,us,2026-07-27
GLAD,GLADSTONE CAPITAL CORP,us,2026-07-27
GLAS,Glass House Brands Inc.,us,2026-07-27
GLBE,Global-E Online Ltd.,us,2026-07-27
GLBS,GLOBUS MARITIME LTD,us,2026-07-27
GLD,SPDR GOLD TRUST,us,2026-07-27
GLDI,CREDIT SUISSE AG,us,2026-07-27
GLDM,World Gold Trust,us,2026-07-27
GLED,GalaxyEdge Acquisition Corp,us,2026-07-14
GLED-UN,,us,2026-07-14
GLIBA,Liberty Capital Corp/NV,us,2026-07-27
GLIBK,Liberty Capital Corp/NV,us,2026-07-27
GLL,ProShares Trust II,us,2026-07-27
GLND,Greenland Energy Co,us,2026-07-27
GLNG,GOLAR LNG LTD,us,2026-07-27
GLNK,Grayscale Chainlink Trust ETF,us,2026-07-27
GLO,Clough Global Opportunities Fund,us,2026-07-27
GLOB,Globant S.A.,us,2026-07-27
GLOO,"Gloo Holdings, Inc.",us,2026-07-27
GLOP-PA,,us,2026-07-27
GLOP-PB,,us,2026-07-27
GLOP-PC,,us,2026-07-27
GLP,GLOBAL PARTNERS LP,us,2026-07-27
GLP-PB,,us,2026-07-27
GLPI,"Gaming & Leisure Properties, Inc.",us,2026-07-27
GLQ,Clough Global Equity Fund,us,2026-07-27
GLRE,"GREENLIGHT CAPITAL RE, LTD.",us,2026-07-27
GLSI,"Greenwich LifeSciences, Inc.",us,2026-07-27
GLTR,abrdn Precious Metals Basket ETF Trust,us,2026-07-27
GLU,GABELLI GLOBAL UTILITY & INCOME TRUST,us,2026-07-27
GLU-PA,,us,2026-07-24
GLU-PB,,us,2026-07-27
GLUE,"Monte Rosa Therapeutics, Inc.",us,2026-07-27
GLV,Clough Global Dividend & Income Fund,us,2026-07-27
GLW,CORNING INC /NY,us,2026-07-27
GLXG,Galaxy Payroll Group Ltd,us,2026-07-15
GLXY,Galaxy Digital Inc.,us,2026-07-27
GM,General Motors Co,us,2026-07-27
GMAB,GENMAB A/S,us,2026-07-27
GME,GameStop Corp.,us,2026-07-27
GME-WT,,us,2026-07-22
GMED,GLOBUS MEDICAL INC,us,2026-07-27
GMEX,GMEX Robotics Corp,us,2026-07-15
GMM,Global Mofy AI Ltd,us,2026-07-27
GMRS,GMR Solutions Inc.,us,2026-07-27
GMTL,Guardian Metal Resources PLC,us,2026-07-27
GNE,Genie Energy Ltd.,us,2026-07-27
GNK,GENCO SHIPPING & TRADING LTD,us,2026-07-27
GNL,"Global Net Lease, Inc.",us,2026-07-27
GNL-PA,,us,2026-07-27
GNL-PB,,us,2026-07-27
GNL-PD,,us,2026-07-27
GNL-PE,,us,2026-07-27
GNLN,"Greenlane Holdings, Inc.",us,2026-07-27
GNLX,GENELUX Corp,us,2026-07-27
GNPX,"Genprex, Inc.",us,2026-07-27
GNRC,GENERAC HOLDINGS INC.,us,2026-07-27
GNSS,Genasys Inc.,us,2026-07-15
GNT,"GAMCO Natural Resources, Gold & Income Trust",us,2026-07-27
GNT-PA,,us,2026-07-27
GNTA,Genenta Science S.p.A.,us,2026-07-15
GNTX,GENTEX CORP,us,2026-07-27
GNW,GENWORTH FINANCIAL INC,us,2026-07-27
GO,Grocery Outlet Holding Corp.,us,2026-07-27
GOAI,Eva Live Inc,us,2026-07-24
GOF,GUGGENHEIM STRATEGIC OPPORTUNITIES FUND,us,2026-07-27
GOGO,Gogo Inc.,us,2026-07-27
GOLD,"Gold.com, Inc.",us,2026-07-27
GOLF,Acushnet Holdings Corp.,us,2026-07-27
GOOD,GLADSTONE COMMERCIAL CORP,us,2026-07-27
GOODN,GLADSTONE COMMERCIAL CORP,us,2026-07-27
GOODO,GLADSTONE COMMERCIAL CORP,us,2026-07-27
GOOG,Alphabet Inc.,us,2026-07-27
GOOGL,Alphabet Inc.,us,2026-07-27
GOOGM,Alphabet Inc.,us,2026-07-27
GOOGN,Alphabet Inc.,us,2026-07-27
GOOS,Canada Goose Holdings Inc.,us,2026-07-27
GORO,GOLD RESOURCE CORP,us,2026-07-24
GOTU,Gaotu Techedu Inc.,us,2026-07-15
GOVX,"GeoVax Labs, Inc.",us,2026-07-15
GP,GREENPOWER MOTOR Co INC.,us,2026-07-15
GPAC,General Purpose Acquisition Corp.,us,2026-07-27
GPACU,General Purpose Acquisition Corp.,us,2026-07-14
GPAT,GP-Act III Acquisition Corp.,us,2026-07-27
GPATU,GP-Act III Acquisition Corp.,us,2026-07-14
GPC,GENUINE PARTS CO,us,2026-07-27
GPCR,Structure Therapeutics Inc.,us,2026-07-27
GPGI,"GPGI, Inc.",us,2026-07-27
GPI,GROUP 1 AUTOMOTIVE INC,us,2026-07-27
GPJA,GEORGIA POWER CO,us,2026-07-27
GPK,GRAPHIC PACKAGING HOLDING CO,us,2026-07-27
GPMT,Granite Point Mortgage Trust Inc.,us,2026-07-15
GPMT-PA,,us,2026-07-27
GPN,GLOBAL PAYMENTS INC,us,2026-07-27
GPOR,GULFPORT ENERGY CORP,us,2026-07-27
GPRE,Green Plains Inc.,us,2026-07-27
GPRK,GeoPark Ltd,us,2026-07-27
GPUS-PD,,us,2026-07-27
GRAB,Grab Holdings Ltd,us,2026-07-27
GRAF,Graf Global Corp.,us,2026-07-27
GRAF-UN,,us,2026-07-27
GRAL,"GRAIL, Inc.",us,2026-07-27
GRAN,Grande Group Ltd/HK,us,2026-07-15
GRBK,"Green Brick Partners, Inc.",us,2026-07-27
GRBK-PA,,us,2026-07-27
GRC,GORMAN RUPP CO,us,2026-07-27
GRCE,"Grace Therapeutics, Inc.",us,2026-07-27
GRDN,"Guardian Pharmacy Services, Inc.",us,2026-07-27
GRDX,GridAI Technologies Corp.,us,2026-07-27
GREE,Vulcan Infrastructure & Power Inc.,us,2026-07-27
GREEL,Vulcan Infrastructure & Power Inc.,us,2026-07-27
GRF,"EAGLE CAPITAL GROWTH FUND, INC.",us,2026-07-27
GRFS,Grifols SA,us,2026-07-27
GRI,"GRI Bio, Inc.",us,2026-07-15
GRMN,GARMIN LTD,us,2026-07-27
GRN,BARCLAYS BANK PLC,us,2026-07-27
GRND,Grindr Inc.,us,2026-07-27
GRNQ,Greenpro Capital Corp.,us,2026-07-15
GRNT,"Granite Ridge Resources, Inc.",us,2026-07-27
GRO,Brazil Potash Corp.,us,2026-07-27
GROV,"Grove Collaborative Holdings, Inc.",us,2026-07-15
GROW,U S GLOBAL INVESTORS INC,us,2026-07-27
GROY,Gold Royalty Corp.,us,2026-07-27
GROY-WT,,us,2026-07-13
GRPN,"Groupon, Inc.",us,2026-07-27
GRRR,Gorilla Technology Group Inc.,us,2026-07-27
GRVY,"GRAVITY Co., Ltd.",us,2026-07-27
GRWG,GrowGeneration Corp.,us,2026-07-15
GRX,Gabelli Healthcare & WellnessRx Trust,us,2026-07-27
GS,GOLDMAN SACHS GROUP INC,us,2026-07-27
GS-PA,GOLDMAN SACHS GROUP INC,us,2026-07-27
GS-PC,GOLDMAN SACHS GROUP INC,us,2026-07-27
GS-PD,GOLDMAN SACHS GROUP INC,us,2026-07-27
GSAT,"Globalstar, Inc.",us,2026-07-27
GSBC,"GREAT SOUTHERN BANCORP, INC.",us,2026-07-27
GSBD,"Goldman Sachs BDC, Inc.",us,2026-07-27
GSG,iShares S&P GSCI Commodity-Indexed Trust,us,2026-07-27
GSHD,"Goosehead Insurance, Inc.",us,2026-07-27
GSHR,Gesher Acquisition Corp. II,us,2026-07-14
GSHRU,Gesher Acquisition Corp. II,us,2026-07-14
GSIT,GSI TECHNOLOGY INC,us,2026-07-27
GSIW,Garden Stage Ltd,us,2026-07-27
GSK,GSK plc,us,2026-07-27
GSL,"Global Ship Lease, Inc.",us,2026-07-27
GSL-PB,,us,2026-07-27
GSM,Ferroglobe PLC,us,2026-07-27
GSOL,Grayscale Solana Staking ETF,us,2026-07-27
GSRF,GSR IV Acquisition Corp.,us,2026-07-27
GSRFR,GSR IV Acquisition Corp.,us,2026-07-14
GSRFU,GSR IV Acquisition Corp.,us,2026-07-14
GSRV,GSR V Acquisition Corp.,us,2026-07-27
GSRVR,GSR V Acquisition Corp.,us,2026-07-13
GSRVU,GSR V Acquisition Corp.,us,2026-07-14
GSUI,Grayscale Sui Staking ETF,us,2026-07-27
GT,GOODYEAR TIRE & RUBBER CO /OH/,us,2026-07-27
GTE,GRAN TIERRA ENERGY INC.,us,2026-07-27
GTEN,"Gores Holdings X, Inc. / CI",us,2026-07-27
GTENU,"Gores Holdings X, Inc. / CI",us,2026-07-14
GTERA,Globa Terra Acquisition Corp,us,2026-07-27
GTERU,Globa Terra Acquisition Corp,us,2026-07-14
GTES,Gates Industrial Corp plc,us,2026-07-27
GTIM,Good Times Restaurants Inc.,us,2026-07-15
GTLB,Gitlab Inc.,us,2026-07-27
GTLS,CHART INDUSTRIES INC,us,2026-07-27
GTM,ZoomInfo Technologies Inc.,us,2026-07-27
GTN,"GRAY MEDIA, INC",us,2026-07-27
GTN-A,"GRAY MEDIA, INC",us,2026-07-14
GTX,Garrett Motion Inc.,us,2026-07-27
GTY,GETTY REALTY CORP /MD/,us,2026-07-27
GUAC,Berto Acquisition Corp. II,us,2026-07-27
GUACU,Berto Acquisition Corp. II,us,2026-07-27
GUG,Guggenheim Active Allocation Fund,us,2026-07-27
GURE,"GULF RESOURCES, INC.",us,2026-07-27
GUT,GABELLI UTILITY TRUST,us,2026-07-27
GUT-PC,,us,2026-07-27
GVA,GRANITE CONSTRUCTION INC,us,2026-07-27
GVH,Globavend Holdings Ltd,us,2026-07-20
GWAV,"Greenwave Technology Solutions, Inc.",us,2026-07-27
GWRE,"Guidewire Software, Inc.",us,2026-07-27
GWRS,"Global Water Resources, Inc.",us,2026-07-27
GWW,"W.W. GRAINGER, INC.",us,2026-07-27
GXAI,GAXOS.AI INC.,us,2026-07-15
GXO,"GXO Logistics, Inc.",us,2026-07-27
GXRP,Grayscale XRP Trust ETF,us,2026-07-27
GYRE,"GYRE THERAPEUTICS, INC.",us,2026-07-27
GYRO,"Gyrodyne, LLC",us,2026-07-14
H,Hyatt Hotels Corp,us,2026-07-27
HACQ,HCM IV Acquisition Corp.,us,2026-07-27
HACQU,HCM IV Acquisition Corp.,us,2026-07-27
HAE,HAEMONETICS CORP,us,2026-07-27
HAFC,HANMI FINANCIAL CORP,us,2026-07-27
HAFN,Hafnia Ltd,us,2026-07-27
HAL,HINDUSTAN AERONAUTICS LTD,us,2026-07-27
HALO,"HALOZYME THERAPEUTICS, INC.",us,2026-07-27
HAPN,"Happen, Inc.",us,2026-07-27
HAS,"HASBRO, INC.",us,2026-07-27
HASI,"HA Sustainable Infrastructure Capital, Inc.",us,2026-07-27
HAVA,Harvard Ave Acquisition Corp,us,2026-07-14
HAVAU,Harvard Ave Acquisition Corp,us,2026-07-14
HAWK,"HawkEye 360, Inc.",us,2026-07-27
HAYW,"Hayward Holdings, Inc.",us,2026-07-27
HBAN,HUNTINGTON BANCSHARES INC /MD/,us,2026-07-27
HBANL,HUNTINGTON BANCSHARES INC /MD/,us,2026-07-27
HBANM,HUNTINGTON BANCSHARES INC /MD/,us,2026-07-27
HBANP,HUNTINGTON BANCSHARES INC /MD/,us,2026-07-27
HBANZ,HUNTINGTON BANCSHARES INC /MD/,us,2026-07-27
HBB,Hamilton Beach Brands Holding Co,us,2026-07-27
HBCP,"HOME BANCORP, INC.",us,2026-07-27
HBIO,HARVARD BIOSCIENCE INC,us,2026-07-27
HBM,Hudbay Minerals Inc.,us,2026-07-27
HBNB,Hotel101 Global Holdings Corp.,us,2026-07-27
HBNC,HORIZON BANCORP INC /IN/,us,2026-07-27
HBT,"HBT Financial, Inc.",us,2026-07-27
HCA,"HCA Healthcare, Inc.",us,2026-07-27
HCAC,Hall Chadwick Acquisition Corp,us,2026-07-27
HCACU,Hall Chadwick Acquisition Corp,us,2026-07-14
HCAI,"Huachen AI Parking Management Technology Holding Co., Ltd",us,2026-07-27
HCAT,"Health Catalyst, Inc.",us,2026-07-27
HCC,HINDUSTAN CONSTRUCTION CO,us,2026-07-27
HCHL,Happy City Holdings Ltd,us,2026-07-27
HCI,"HCI Group, Inc.",us,2026-07-27
HCIC,Hennessy Capital Investment Corp. VIII,us,2026-07-27
HCICU,Hennessy Capital Investment Corp. VIII,us,2026-07-14
HCKT,"HACKETT GROUP, INC.",us,2026-07-27
HCM,HUTCHMED (China) Ltd,us,2026-07-27
HCMA,HCM III ACQUISITION CORP.,us,2026-07-27
HCMAU,HCM III ACQUISITION CORP.,us,2026-07-14
HCSG,HEALTHCARE SERVICES GROUP INC,us,2026-07-27
HCTI,"Healthcare Triangle, Inc.",us,2026-07-15
HCWB,HCW Biologics Inc.,us,2026-07-27
HCXY,"Hercules Capital, Inc.",us,2026-07-27
HD,"HOME DEPOT, INC.",us,2026-07-27
HDB,HDFC BANK LTD,us,2026-07-27
HDL,SUPER HI INTERNATIONAL HOLDING LTD.,us,2026-07-27
HDLB,UBS AG,us,2026-07-27
HDRN,"Hadron Energy, Inc.",us,2026-07-22
HDSN,HUDSON TECHNOLOGIES INC /NY,us,2026-07-27
HE,HAWAIIAN ELECTRIC INDUSTRIES INC,us,2026-07-27
HEI,HEICO CORP,us,2026-07-27
HEI-A,HEICO CORP,us,2026-07-27
HELE,HELEN OF TROY LTD,us,2026-07-27
HELP,CYBIN INC.,us,2026-07-27
HEPS,D-MARKET Electronic Services & Trading,us,2026-07-27
HEQ,John Hancock Diversified Income Fund,us,2026-07-27
HERE,Here Group Ltd,us,2026-07-15
HERZ,"Herzfeld Credit Income Fund, Inc",us,2026-07-27
HESM,Hess Midstream LP,us,2026-07-27
HFBL,"Home Federal Bancorp, Inc. of Louisiana",us,2026-07-14
HFFG,HF Foods Group Inc.,us,2026-07-15
HFRO,HIGHLAND OPPORTUNITIES & INCOME FUND,us,2026-07-27
HFRO-PA,,us,2026-07-27
HFRO-PB,,us,2026-07-27
HFWA,HERITAGE FINANCIAL CORP /WA/,us,2026-07-27
HG,"Hamilton Insurance Group, Ltd.",us,2026-07-27
HGBL,Heritage Global Inc.,us,2026-07-15
HGLB,HIGHLAND GLOBAL ALLOCATION FUND,us,2026-07-27
HGTY,"Hagerty, Inc.",us,2026-07-27
HGV,Hilton Grand Vacations Inc.,us,2026-07-27
HHH,Howard Hughes Holdings Inc.,us,2026-07-27
HHS,HARTE HANKS INC,us,2026-07-27
HIG,"HARTFORD INSURANCE GROUP, INC.",us,2026-07-27
HIG-PG,,us,2026-07-27
HII,"HUNTINGTON INGALLS INDUSTRIES, INC.",us,2026-07-27
HIMS,"Hims & Hers Health, Inc.",us,2026-07-27
HIMX,"Himax Technologies, Inc.",us,2026-07-27
HIND,"Vyome Holdings, Inc",us,2026-07-27
HIO,WESTERN ASSET HIGH INCOME OPPORTUNITY FUND INC.,us,2026-07-27
HIPO,Hippo Holdings Inc.,us,2026-07-27
HIT,"Health In Tech, Inc.",us,2026-07-15
HITI,High Tide Inc.,us,2026-07-27
HIVE,HIVE Digital Technologies Ltd.,us,2026-07-27
HIW,"HIGHWOODS PROPERTIES, INC.",us,2026-07-27
HIX,WESTERN ASSET HIGH INCOME FUND II INC.,us,2026-07-27
HKD,AMTD Digital Inc.,us,2026-07-15
HKIT,HiTek Global Inc.,us,2026-07-27
HL,HECLA MINING CO/DE/,us,2026-07-27
HL-PB,HECLA MINING CO/DE/,us,2026-07-14
HLF,HERBALIFE LTD.,us,2026-07-27
HLI,"HOULIHAN LOKEY, INC.",us,2026-07-27
HLIO,"HELIOS TECHNOLOGIES, INC.",us,2026-07-27
HLIT,HARMONIC INC.,us,2026-07-27
HLLY,Holley Inc.,us,2026-07-27
HLMN,Hillman Solutions Corp.,us,2026-07-27
HLN,Haleon plc,us,2026-07-27
HLNE,Hamilton Lane INC,us,2026-07-27
HLP,Hongli Group Inc.,us,2026-07-15
HLT,Hilton Worldwide Holdings Inc.,us,2026-07-27
HLTH,Cue Health Inc.,us,2026-07-27
HLX,HELIX ENERGY SOLUTIONS GROUP INC,us,2026-07-27
HLXC,Helix Acquisition Corp. III,us,2026-07-27
HMC,HONDA MOTOR CO LTD,us,2026-07-27
HMH,HMH Holding Inc,us,2026-07-27
HMN,HORACE MANN EDUCATORS CORP /DE/,us,2026-07-27
HMR,Heidmar Maritime Holdings Corp.,us,2026-07-15
HMY,HARMONY GOLD MINING CO LTD,us,2026-07-27
HNGE,"Hinge Health, Inc.",us,2026-07-27
HNI,HNI CORP,us,2026-07-27
HNNA,HENNESSY ADVISORS INC,us,2026-07-27
HNRG,HALLADOR ENERGY CO,us,2026-07-27
HNST,"Honest Company, Inc.",us,2026-07-27
HNVR,"Hanover Bancorp, Inc. /MD",us,2026-07-27
HODO,House of Doge Inc.,us,2026-07-15
HOFT,HOOKER FURNISHINGS Corp,us,2026-07-27
HOG,"HARLEY-DAVIDSON, INC.",us,2026-07-27
HOLO,MicroCloud Hologram Inc.,us,2026-07-15
HOMB,HOME BANCSHARES INC,us,2026-07-27
HON,HONEYWELL INTERNATIONAL INC,us,2026-07-27
HONA,Honeywell Aerospace Inc.,us,2026-07-27
HOOD,"Robinhood Markets, Inc.",us,2026-07-27
HOPE,HOPE BANCORP INC,us,2026-07-27
HOUR,"Hour Loop, Inc",us,2026-07-16
HOV,HOVNANIAN ENTERPRISES INC,us,2026-07-27
HOVNP,HOVNANIAN ENTERPRISES INC,us,2026-07-27
HOVR,New Horizon Aircraft Ltd.,us,2026-07-15
HP,"Helmerich & Payne, Inc.",us,2026-07-27
HPE,Hewlett Packard Enterprise Co,us,2026-07-27
HPE-PC,,us,2026-07-27
HPF,JOHN HANCOCK PREFERRED INCOME FUND II,us,2026-07-27
HPI,JOHN HANCOCK PREFERRED INCOME FUND,us,2026-07-27
HPK,"HighPeak Energy, Inc.",us,2026-07-27
HPP,"Hudson Pacific Properties, Inc.",us,2026-07-27
HPP-PC,,us,2026-07-27
HPQ,HP INC,us,2026-07-27
HPS,JOHN HANCOCK PREFERRED INCOME FUND III,us,2026-07-27
HQ,Horizon Quantum Holdings Ltd.,us,2026-07-27
HQH,abrdn Healthcare Investors,us,2026-07-27
HQI,"HireQuest, Inc.",us,2026-07-27
HQL,abrdn Life Sciences Investors,us,2026-07-27
HQWWW,Horizon Quantum Holdings Ltd.,us,2026-07-27
HQY,"HEALTHEQUITY, INC.",us,2026-07-27
HR,Healthcare Realty Trust Inc,us,2026-07-27
HRB,H&R BLOCK INC,us,2026-07-27
HRI,HERC HOLDINGS INC,us,2026-07-27
HRL,HORMEL FOODS CORP /DE/,us,2026-07-27
HRMY,"Harmony Biosciences Holdings, Inc.",us,2026-07-27
HROW,"HARROW, INC.",us,2026-07-27
HRTG,"Heritage Insurance Holdings, Inc.",us,2026-07-27
HRZN,Horizon Technology Finance Corp,us,2026-07-27
HSAI,Hesai Group,us,2026-07-27
HSBC,HSBC HOLDINGS PLC,us,2026-07-27
HSCS,HeartSciences Inc.,us,2026-07-27
HSDT,Solana Co,us,2026-07-15
HSHP,Himalaya Shipping Ltd.,us,2026-07-27
HSIC,HENRY SCHEIN INC,us,2026-07-27
HSLV,Highlander Silver Corp.,us,2026-07-27
HST,"HOST HOTELS & RESORTS, INC.",us,2026-07-27
HSTM,HEALTHSTREAM INC,us,2026-07-27
HSY,HERSHEY CO,us,2026-07-27
HTB,"HomeTrust Bancshares, Inc.",us,2026-07-27
HTCO,High-Trend International Group,us,2026-07-27
HTCR,"HeartCore Enterprises, Inc.",us,2026-07-27
HTD,JOHN HANCOCK TAX-ADVANTAGED DIVIDEND INCOME FUND,us,2026-07-27
HTFC,Horizon Technology Finance Corp,us,2026-07-27
HTFL,"Heartflow, Inc.",us,2026-07-27
HTGC,"Hercules Capital, Inc.",us,2026-07-27
HTH,Hilltop Holdings Inc.,us,2026-07-27
HTHT,H World Group Ltd,us,2026-07-27
HTLD,HEARTLAND EXPRESS INC,us,2026-07-27
HTLM,HomesToLife Ltd,us,2026-07-20
HTO,H2O AMERICA,us,2026-07-27
HTOO,Fusion Fuel Green PLC,us,2026-07-27
HTT,High Templar Tech Ltd,us,2026-07-27
HTZ,"HERTZ GLOBAL HOLDINGS, INC",us,2026-07-15
HTZWW,"HERTZ GLOBAL HOLDINGS, INC",us,2026-07-14
HUBB,HUBBELL INC,us,2026-07-27
HUBC,Hub Cyber Security Ltd.,us,2026-07-15
HUBG,"Hub Group, Inc.",us,2026-07-27
HUBS,HUBSPOT INC,us,2026-07-27
HUHU,HUHUTECH International Group Inc.,us,2026-07-27
HUIZ,Huize Holding Ltd,us,2026-07-15
HUM,HUMANA INC,us,2026-07-27
HUN,Huntsman CORP,us,2026-07-27
HURA,"TuHURA Biosciences, Inc./NV",us,2026-07-27
HURC,HURCO COMPANIES INC,us,2026-07-27
HURN,Huron Consulting Group Inc.,us,2026-07-27
HUT,Hut 8 Corp.,us,2026-07-27
HUYA,HUYA Inc.,us,2026-07-27
HVII,Hennessy Capital Investment Corp. VII,us,2026-07-27
HVIIU,Hennessy Capital Investment Corp. VII,us,2026-07-14
HVMC,Highview Merger Corp.,us,2026-07-14
HVMCU,Highview Merger Corp.,us,2026-07-14
HVT,HAVERTY FURNITURE COMPANIES INC,us,2026-07-27
HVT-A,HAVERTY FURNITURE COMPANIES INC,us,2026-07-14
HWBK,"HAWTHORN BANCSHARES, INC.",us,2026-07-27
HWC,HANCOCK WHITNEY CORP,us,2026-07-27
HWCPZ,HANCOCK WHITNEY CORP,us,2026-07-27
HWH,HWH International Inc.,us,2026-07-15
HWKN,HAWKINS INC,us,2026-07-27
HWM,Howmet Aerospace Inc.,us,2026-07-27
HXL,HEXCEL CORP /DE/,us,2026-07-27
HY,"HYSTER-YALE, INC.",us,2026-07-27
HYFT,MindWalk Holdings Corp.,us,2026-07-15
HYI,Western Asset High Yield Opportunity Fund Inc.,us,2026-07-27
HYLN,Hyliion Holdings Corp.,us,2026-07-27
HYMC,HYCROFT MINING HOLDING CORP,us,2026-07-27
HYNE,"Hoyne Bancorp, Inc.",us,2026-07-27
HYPD,"HYPERION DEFI, INC.",us,2026-07-27
HYPG,Grayscale Hyperliquid Staking ETF,us,2026-07-27
HYPR,"Hyperfine, Inc.",us,2026-07-15
HYT,"BLACKROCK CORPORATE HIGH YIELD FUND, INC.",us,2026-07-27
HZO,MARINEMAX INC,us,2026-07-27
IACO,Idea Acquisition Corp.,us,2026-07-27
IACOU,Idea Acquisition Corp.,us,2026-07-27
IACQ,Irenic Acquisition Corp.,us,2026-07-27
IACQU,Irenic Acquisition Corp.,us,2026-07-27
IAE,Voya Asia Pacific High Dividend Equity Income Fund,us,2026-07-27
IAF,"ABRDN AUSTRALIA EQUITY FUND, INC.",us,2026-07-27
IAG,IAMGOLD CORP,us,2026-07-27
IART,INTEGRA LIFESCIENCES HOLDINGS CORP,us,2026-07-27
IAU,ISHARES GOLD TRUST,us,2026-07-27
IAUM,iShares Gold Trust Micro,us,2026-07-27
IAUX,i-80 Gold Corp.,us,2026-07-15
IBAC,IB Acquisition Corp.,us,2026-07-27
IBCP,INDEPENDENT BANK CORP /MI/,us,2026-07-27
IBEX,IBEX Ltd,us,2026-07-27
IBG,Innovation Beverage Group Ltd,us,2026-07-15
IBIO,"iBio, Inc.",us,2026-07-15
IBIT,iShares Bitcoin Trust ETF,us,2026-07-27
IBKR,"Interactive Brokers Group, Inc.",us,2026-07-27
IBM,INTERNATIONAL BUSINESS MACHINES CORP,us,2026-07-27
IBN,ICICI BANK LTD,us,2026-07-27
IBOC,INTERNATIONAL BANCSHARES CORP,us,2026-07-27
IBP,"Installed Building Products, Inc.",us,2026-07-27
IBRX,"ImmunityBio, Inc.",us,2026-07-27
IBTA,"Ibotta, Inc.",us,2026-07-27
ICCC,IMMUCELL CORP /DE/,us,2026-07-27
ICCM,IceCure Medical Ltd.,us,2026-07-27
ICE,"Intercontinental Exchange, Inc.",us,2026-07-27
ICFI,"ICF International, Inc.",us,2026-07-27
ICHR,"ICHOR HOLDINGS, LTD.",us,2026-07-27
ICL,Indo Cotspin Limited,us,2026-07-27
ICLR,ICON PLC,us,2026-07-27
ICR-PA,,us,2026-07-27
ICU,SeaStar Medical Holding Corp,us,2026-07-27
ICUI,ICU MEDICAL INC/DE,us,2026-07-27
IDA,IDACORP INC,us,2026-07-27
IDAC,Iron Dome Acquisition I Corp.,us,2026-07-27
IDACU,Iron Dome Acquisition I Corp.,us,2026-07-27
IDAI,T Stamp Inc,us,2026-07-24
IDCC,"InterDigital, Inc.",us,2026-07-27
IDE,"Voya Infrastructure, Industrials & Materials Fund",us,2026-07-27
IDN,"Intellicheck, Inc.",us,2026-07-27
IDR,"Idaho Strategic Resources, Inc.",us,2026-07-27
IDT,IDT CORP,us,2026-07-27
IDXX,IDEXX LABORATORIES INC /DE,us,2026-07-27
IDYA,"IDEAYA Biosciences, Inc.",us,2026-07-27
IE,Ivanhoe Electric Inc.,us,2026-07-27
IEAG,Infinite Eagle Acquisition Corp.,us,2026-07-14
IEAGU,Infinite Eagle Acquisition Corp.,us,2026-07-27
IEP,ICAHN ENTERPRISES L.P.,us,2026-07-27
IESC,"IES Holdings, Inc.",us,2026-07-27
IEX,INDIAN ENERGY EXC LTD,us,2026-07-27
IFBD,"Infobird Co., Ltd",us,2026-07-15
IFED,UBS AG,us,2026-07-14
IFF,INTERNATIONAL FLAVORS & FRAGRANCES INC,us,2026-07-27
IFN,"ABERDEEN INDIA FUND, INC.",us,2026-07-27
IFRX,InflaRx N.V.,us,2026-07-16
IFS,Intercorp Financial Services Inc.,us,2026-07-27
IGA,Voya Global Advantage & Premium Opportunity Fund,us,2026-07-27
IGAC,Invest Green Acquisition Corp,us,2026-07-14
IGACU,Invest Green Acquisition Corp,us,2026-07-14
IGD,Voya GLOBAL EQUITY DIVIDEND & PREMIUM OPPORTUNITY FUND,us,2026-07-27
IGI,Western Asset Investment Grade Opportunity Trust Inc.,us,2026-07-27
IGIC,International General Insurance Holdings Ltd.,us,2026-07-27
IGR,CBRE GLOBAL REAL ESTATE INCOME FUND,us,2026-07-27
IH,iHuman Inc.,us,2026-07-15
IHD,Voya Emerging Markets High Dividend Equity Fund,us,2026-07-27
IHG,INTERCONTINENTAL HOTELS GROUP PLC /NEW/,us,2026-07-27
IHRT,"iHeartMedia, Inc.",us,2026-07-27
IHS,IHS Holding Ltd,us,2026-07-27
IHT,INNSUITES HOSPITALITY TRUST,us,2026-07-15
IIF,"MORGAN STANLEY INDIA INVESTMENT FUND, INC.",us,2026-07-27
III,Information Services Group Inc.,us,2026-07-27
IIIN,INSTEEL INDUSTRIES INC,us,2026-07-27
IIIV,"i3 Verticals, Inc.",us,2026-07-27
IIM,Invesco Value Municipal Income Trust,us,2026-07-27
IIPR,INNOVATIVE INDUSTRIAL PROPERTIES INC,us,2026-07-27
IIPR-PA,,us,2026-07-27
IKT,"Inhibikase Therapeutics, Inc.",us,2026-07-27
ILAG,Intelligent Living Application Group Inc.,us,2026-07-27
ILLR,Triller Group Inc.,us,2026-07-16
ILLU,Illumination Acquisition Corp. I,us,2026-07-14
ILLUU,Illumination Acquisition Corp. I,us,2026-07-14
ILMN,"ILLUMINA, INC.",us,2026-07-27
ILPT,Industrial Logistics Properties Trust,us,2026-07-27
IMA,"ImageneBio, Inc.",us,2026-07-27
IMAX,IMAX CORP,us,2026-07-27
IMCR,Immunocore Holdings plc,us,2026-07-27
IMDX,Insight Molecular Diagnostics Inc.,us,2026-07-27
IMKTA,INGLES MARKETS INC,us,2026-07-27
IMMR,IMMERSION CORP,us,2026-07-27
IMMX,"Immix Biopharma, Inc.",us,2026-07-27
IMNM,Immunome Inc.,us,2026-07-27
IMNN,"Imunon, Inc.",us,2026-07-15
IMO,IMPERIAL OIL LTD,us,2026-07-27
IMOS,CHIPMOS TECHNOLOGIES INC,us,2026-07-27
IMPP,Imperial Petroleum Inc./Marshall Islands,us,2026-07-27
IMPPP,Imperial Petroleum Inc./Marshall Islands,us,2026-07-27
IMRN,Immuron Ltd,us,2026-07-15
IMRX,Immuneering Corp,us,2026-07-27
IMSR,Terrestrial Energy Inc. /DE/,us,2026-07-27
IMSRW,Terrestrial Energy Inc. /DE/,us,2026-07-14
IMTX,Immatics N.V.,us,2026-07-27
IMUX,"IMMUNIC, INC.",us,2026-07-27
IMVT,"Immunovant, Inc.",us,2026-07-27
IMXI,"International Money Express, Inc.",us,2026-07-27
INAB,"IN8BIO, INC.",us,2026-07-15
INAC,Indigo Acquisition Corp.,us,2026-07-14
INACU,Indigo Acquisition Corp.,us,2026-07-14
INBK,First Internet Bancorp,us,2026-07-27
INBKZ,First Internet Bancorp,us,2026-07-27
INBS,INTELLIGENT BIO SOLUTIONS INC.,us,2026-07-20
INBX,"Inhibrx Biosciences, Inc.",us,2026-07-27
INCY,INCYTE CORP,us,2026-07-27
INDB,INDEPENDENT BANK CORP,us,2026-07-27
INDI,"indie Semiconductor, Inc.",us,2026-07-27
INDO,Indonesia Energy Corp Ltd,us,2026-07-27
INDP,"Indaptus Therapeutics, Inc.",us,2026-07-27
INDV,"Indivior Pharmaceuticals, Inc.",us,2026-07-27
INFQ,"Infleqtion, Inc.",us,2026-07-27
INFQ-WT,,us,2026-07-27
INFU,"InfuSystem Holdings, Inc",us,2026-07-27
INFY,INFOSYS LIMITED,us,2026-07-27
ING,ING GROEP NV,us,2026-07-27
INGM,Ingram Micro Holding Corp,us,2026-07-27
INGN,Inogen Inc,us,2026-07-27
INGR,Ingredion Inc,us,2026-07-27
INHD,INNO HOLDINGS INC.,us,2026-07-27
INIO,INNIO N.V.,us,2026-07-27
INKT,"MiNK Therapeutics, Inc.",us,2026-07-27
INLF,INLIF Ltd,us,2026-07-27
INLX,"INTELLINETICS, INC.",us,2026-07-27
INM,InMed Pharmaceuticals Inc.,us,2026-07-15
INMB,"Inmune Bio, Inc.",us,2026-07-16
INMD,InMode Ltd.,us,2026-07-27
INN,"Summit Hotel Properties, Inc.",us,2026-07-27
INN-PE,,us,2026-07-27
INN-PF,,us,2026-07-27
INNV,InnovAge Holding Corp.,us,2026-07-27
INO,"INOVIO PHARMACEUTICALS, INC.",us,2026-07-15
INOD,INNODATA INC,us,2026-07-27
INR,"INFINITY NATURAL RESOURCES, INC.",us,2026-07-27
INSE,"Inspired Entertainment, Inc.",us,2026-07-27
INSG,INSEEGO CORP.,us,2026-07-27
INSM,INSMED Inc,us,2026-07-27
INSP,"Inspire Medical Systems, Inc.",us,2026-07-27
INSW,"International Seaways, Inc.",us,2026-07-27
INTA,"Intapp, Inc.",us,2026-07-27
INTC,INTEL CORP,us,2026-07-27
INTG,INTERGROUP CORP,us,2026-07-27
INTJ,Intelligent Group Ltd,us,2026-07-27
INTR,"Inter & Co, Inc.",us,2026-07-27
INTS,"INTENSITY THERAPEUTICS, INC.",us,2026-07-27
INTT,INTEST CORP,us,2026-07-27
INTU,INTUIT INC.,us,2026-07-27
INTZ,INTRUSION INC,us,2026-07-15
INUV,"Inuvo, Inc.",us,2026-07-15
INV,"Innventure, Inc.",us,2026-07-27
INVA,"Innoviva, Inc.",us,2026-07-27
INVE,"Identiv, Inc.",us,2026-07-27
INVH,Invitation Homes Inc.,us,2026-07-27
INVX,"Innovex International, Inc.",us,2026-07-27
IONQ,"IonQ, Inc.",us,2026-07-27
IONQ-WT,,us,2026-07-27
IONR,ioneer Ltd,us,2026-07-27
IONS,IONIS PHARMACEUTICALS INC,us,2026-07-27
IOR,INCOME OPPORTUNITY REALTY INVESTORS INC /TX/,us,2026-07-14
IOSP,INNOSPEC INC.,us,2026-07-27
IOT,Samsara Inc.,us,2026-07-27
IOTR,iOThree Ltd,us,2026-07-27
IOVA,"IOVANCE BIOTHERAPEUTICS, INC.",us,2026-07-27
IP,INTERNATIONAL PAPER CO /NEW/,us,2026-07-27
IPAR,INTERPARFUMS INC,us,2026-07-27
IPB,MERRILL LYNCH DEPOSITOR INC INDEXPLUS TRUST SERIES 2003-1,us,2026-07-27
IPCX,Inflection Point Acquisition Corp. III,us,2026-07-27
IPCXU,Inflection Point Acquisition Corp. III,us,2026-07-14
IPEX,Inflection Point Acquisition Corp. V,us,2026-07-27
IPEXU,Inflection Point Acquisition Corp. V,us,2026-07-14
IPFX,Inflection Point Acquisition Corp. VI,us,2026-07-27
IPFXU,Inflection Point Acquisition Corp. VI,us,2026-07-23
IPFXW,Inflection Point Acquisition Corp. VI,us,2026-07-15
IPGP,IPG PHOTONICS CORP,us,2026-07-27
IPHA,Innate Pharma SA,us,2026-07-15
IPI,"Intrepid Potash, Inc.",us,2026-07-27
IPM,INTELLIGENT PROTECTION MANAGEMENT CORP.,us,2026-07-15
IPSC,"Century Therapeutics, Inc.",us,2026-07-27
IPST,"IP STRATEGY HOLDINGS, INC.",us,2026-07-27
IPVVU,"InterPrivate Investment Partners V, Inc.",us,2026-07-27
IPW,iPower Inc.,us,2026-07-15
IPWR,Ideal Power Inc.,us,2026-07-27
IPX,IPERIONX Ltd,us,2026-07-27
IQ,"iQIYI, Inc.",us,2026-07-15
IQI,Invesco Quality Municipal Income Trust,us,2026-07-27
IQMX,IQM Quantum Computers Oyj,us,2026-07-27
IQMXW,IQM Quantum Computers Oyj,us,2026-07-27
IQST,iQSTEL Inc,us,2026-07-13
IQV,IQVIA HOLDINGS INC.,us,2026-07-27
IR,Ingersoll Rand Inc.,us,2026-07-27
IRAB,Iris Acquisition Corp II,us,2026-07-14
IRAB-UN,,us,2026-07-14
IRD,"Opus Genetics, Inc.",us,2026-07-27
IRDM,Iridium Communications Inc.,us,2026-07-27
IREN,IREN Ltd,us,2026-07-27
IRHO,Iron Horse Acquisition II Corp.,us,2026-07-27
IRHOU,Iron Horse Acquisition II Corp.,us,2026-07-14
IRIX,IRIDEX CORP,us,2026-07-15
IRM,IRON MOUNTAIN INC,us,2026-07-27
IRMD,IRADIMED CORP,us,2026-07-27
IRON,"Disc Medicine, Inc.",us,2026-07-27
IRS,IRSA INVESTMENTS & REPRESENTATIONS INC,us,2026-07-27
IRT,"INDEPENDENCE REALTY TRUST, INC.",us,2026-07-27
IRTC,"iRhythm Holdings, Inc.",us,2026-07-27
IRWD,IRONWOOD PHARMACEUTICALS INC,us,2026-07-27
ISBA,ISABELLA BANK CORP,us,2026-07-27
ISD,"PGIM High Yield Bond Fund, Inc.",us,2026-07-27
ISNRU,Snow Rothschild Acquisition Corp.,us,2026-07-27
ISOU,IsoEnergy Ltd.,us,2026-07-27
ISPC,iSpecimen Inc.,us,2026-07-24
ISPR,Ispire Technology Inc.,us,2026-07-15
ISRG,INTUITIVE SURGICAL INC,us,2026-07-27
ISSC,INNOVATIVE SOLUTIONS & SUPPORT INC,us,2026-07-27
ISTR,Investar Holding Corp,us,2026-07-27
IT,KOTAKMAMC - KOTAKIT,us,2026-07-27
ITG,"ITG, Inc./DE/",us,2026-07-27
ITGR,Integer Holdings Corp,us,2026-07-27
ITHA,ITHAX Acquisition Corp III,us,2026-07-14
ITHAU,ITHAX Acquisition Corp III,us,2026-07-14
ITIC,INVESTORS TITLE CO,us,2026-07-27
ITRG,Integra Resources Corp.,us,2026-07-27
ITRI,"ITRON, INC.",us,2026-07-27
ITRN,Ituran Location & Control Ltd.,us,2026-07-27
ITT,ITT INC.,us,2026-07-27
ITUB,Itau Unibanco Holding S.A.,us,2026-07-27
ITW,ILLINOIS TOOL WORKS INC,us,2026-07-27
IVA,Inventiva S.A.,us,2026-07-27
IVF,"INVO Fertility, Inc.",us,2026-07-15
IVR,Invesco Mortgage Capital Inc.,us,2026-07-27
IVR-PC,,us,2026-07-27
IVT,InvenTrust Properties Corp.,us,2026-07-27
IVZ,Invesco Ltd.,us,2026-07-27
IWDL,UBS AG,us,2026-07-14
IWFL,UBS AG,us,2026-07-14
IWML,UBS AG,us,2026-07-14
IX,ORIX CORP,us,2026-07-27
IXHL,Incannex Healthcare Inc.,us,2026-07-27
IZEA,"IZEA Worldwide, Inc.",us,2026-07-27
J,JACOBS SOLUTIONS INC.,us,2026-07-27
JABRU,JAB Acquisition Corp I,us,2026-07-27
JACK,JACK IN THE BOX INC,us,2026-07-27
JACS,Jackson Acquisition Co II,us,2026-07-27
JACS-UN,,us,2026-07-14
JAGU,Jaguar Uranium Corp.,us,2026-07-15
JAGX,"Jaguar Health, Inc.",us,2026-07-16
JAKK,JAKKS PACIFIC INC,us,2026-07-27
JAN,"Janus Living, Inc.",us,2026-07-27
JANX,"Janux Therapeutics, Inc.",us,2026-07-27
JATT,JATT II Acquisition Corp.,us,2026-07-27
JAZZ,Jazz Pharmaceuticals plc,us,2026-07-27
JBDI,JBDI Holdings Ltd,us,2026-07-15
JBGS,JBG SMITH Properties,us,2026-07-27
JBHT,HUNT J B TRANSPORT SERVICES INC,us,2026-07-27
JBI,"Janus International Group, Inc.",us,2026-07-27
JBIO,"Jade Biosciences, Inc.",us,2026-07-27
JBK,LEHMAN ABS CORP GOLDMAN SACHS CAP 1 SEC BACKED SER 2004-6,us,2026-07-14
JBL,JABIL INC,us,2026-07-27
JBLU,JETBLUE AIRWAYS CORP,us,2026-07-27
JBS,JBS N.V.,us,2026-07-27
JBSS,SANFILIPPO JOHN B & SON INC,us,2026-07-27
JBTM,JBT MAREL Corp,us,2026-07-27
JCAP,"Jefferson Capital, Inc. / DE",us,2026-07-27
JCE,Nuveen Core Equity Alpha Fund,us,2026-07-27
JCI,Johnson Controls International plc,us,2026-07-27
JCSE,JE Cleantech Holdings Ltd,us,2026-07-15
JCTC,JEWETT CAMERON TRADING CO LTD,us,2026-07-27
JD,"JD.com, Inc.",us,2026-07-27
JDZG,JIADE Ltd,us,2026-07-27
JEF,Jefferies Financial Group Inc.,us,2026-07-27
JELD,"JELD-WEN Holding, Inc.",us,2026-07-15
JEM,707 Cayman Holdings Ltd.,us,2026-07-27
JENA,JENA ACQUISITION Corp II,us,2026-07-14
JENA-UN,,us,2026-07-14
JETD,BANK OF MONTREAL /CAN/,us,2026-07-27
JETU,BANK OF MONTREAL /CAN/,us,2026-07-27
JF,J & Friends Holdings Ltd,us,2026-07-13
JFB,JFB Construction Holdings,us,2026-07-27
JFIN,Jiayin Group Inc.,us,2026-07-27
JFR,NUVEEN FLOATING RATE INCOME FUND,us,2026-07-27
JFU,9F Inc.,us,2026-07-27
JG,Aurora Mobile Ltd,us,2026-07-27
JGH,Nuveen Global High Income Fund,us,2026-07-27
JHG,,us,2026-07-14
JHI,JOHN HANCOCK INVESTORS TRUST,us,2026-07-27
JHS,JHS SVEND. LAB. LTD,us,2026-07-27
JHX,James Hardie Industries plc,us,2026-07-27
JILL,"J.Jill, Inc.",us,2026-07-27
JJSF,J&J SNACK FOODS CORP,us,2026-07-27
JKHY,JACK HENRY & ASSOCIATES INC,us,2026-07-27
JKS,"JinkoSolar Holding Co., Ltd.",us,2026-07-27
JL,J-Long Group Ltd,us,2026-07-27
JLHL,JUPITER LIFE LINE HOSP L,us,2026-07-27
JLL,JINDAL LEASEFIN LIMITED,us,2026-07-27
JLS,Nuveen Mortgage & Income Fund/MA/,us,2026-07-27
JMIA,Jumia Technologies AG,us,2026-07-27
JMM,Nuveen Multi-Market Income Fund,us,2026-07-27
JMSB,"John Marshall Bancorp, Inc.",us,2026-07-27
JNJ,JOHNSON & JOHNSON,us,2026-07-27
JOBY,"Joby Aviation, Inc.",us,2026-07-27
JOE,ST JOE Co,us,2026-07-27
JOF,JAPAN SMALLER CAPITALIZATION FUND INC,us,2026-07-27
JONEU,Jones Ventures INTL Acquisition1 Corp,us,2026-07-27
JOUT,JOHNSON OUTDOORS INC,us,2026-07-27
JOYY,JOYY Inc.,us,2026-07-27
JPC,Nuveen Preferred & Income Opportunities Fund,us,2026-07-27
JPM,JPMORGAN CHASE & CO,us,2026-07-27
JPM-PC,,us,2026-07-27
JPM-PD,,us,2026-07-27
JPM-PJ,,us,2026-07-27
JPM-PK,,us,2026-07-27
JPM-PL,,us,2026-07-27
JPM-PM,,us,2026-07-27
JQC,Nuveen Credit Strategies Income Fund,us,2026-07-27
JRI,Nuveen Real Asset Income & Growth Fund,us,2026-07-27
JRS,NUVEEN REAL ESTATE INCOME FUND,us,2026-07-27
JRSH,"Jerash Holdings (US), Inc.",us,2026-07-27
JRVR,"James River Group Holdings, Inc.",us,2026-07-27
JSM,NAVIENT CORP,us,2026-07-27
JTAI,Jet.AI Inc.,us,2026-07-27
JVA,COFFEE HOLDING CO INC,us,2026-07-27
JWEL,Jowell Global Ltd.,us,2026-07-20
JXG,JX Luxventure Group Inc.,us,2026-07-27
JXN,Jackson Financial Inc.,us,2026-07-27
JXN-PA,,us,2026-07-27
JYNT,JOINT Corp,us,2026-07-27
JZ,Jianzhi Education Technology Group Co Ltd,us,2026-07-27
JZXN,"Jiuzi Holdings, Inc.",us,2026-07-15
KAI,KADANT INC,us,2026-07-27
KALA,"KALA BIO, Inc.",us,2026-07-13
KALU,KAISER ALUMINUM CORP,us,2026-07-27
KARD,"Kardigan, Inc.",us,2026-07-27
KARO,Karooooo Ltd.,us,2026-07-27
KAZR,Skyline Builders Group Holding Ltd,us,2026-07-23
KB,KB Financial Group Inc.,us,2026-07-27
KBDC,"Kayne Anderson BDC, Inc.",us,2026-07-27
KBH,KB HOME,us,2026-07-27
KBON,Karbon Capital Partners Corp.,us,2026-07-27
KBONU,Karbon Capital Partners Corp.,us,2026-07-27
KBR,"KBR, INC.",us,2026-07-27
KC,Kingsoft Cloud Holdings Ltd,us,2026-07-27
KCA-UN,,us,2026-07-27
KCAC-UN,,us,2026-07-27
KCAC-WT,,us,2026-07-13
KCHV,Kochav Defense Acquisition Corp.,us,2026-07-27
KCHVU,Kochav Defense Acquisition Corp.,us,2026-07-14
KD,"Kyndryl Holdings, Inc.",us,2026-07-27
KDK,"Kodiak AI, Inc.",us,2026-07-27
KDP,Keurig Dr Pepper Inc.,us,2026-07-27
KE,"Kimball Electronics, Inc.",us,2026-07-27
KEEL,Keel Infrastructure Corp.,us,2026-07-27
KELYA,KELLY SERVICES INC,us,2026-07-27
KELYB,KELLY SERVICES INC,us,2026-07-14
KEN,Kenon Holdings Ltd.,us,2026-07-27
KEP,KOREA ELECTRIC POWER CORP,us,2026-07-27
KEQU,KEWAUNEE SCIENTIFIC CORP /DE/,us,2026-07-27
KEX,KIRBY CORP,us,2026-07-27
KEY,KEYCORP /NEW/,us,2026-07-27
KEY-PI,,us,2026-07-27
KEY-PJ,,us,2026-07-27
KEY-PK,,us,2026-07-27
KEY-PL,,us,2026-07-27
KEYS,"Keysight Technologies, Inc.",us,2026-07-27
KEYY,Keystone Acquisition Corp.,us,2026-07-27
KEYYU,Keystone Acquisition Corp.,us,2026-07-23
KF,KOREA FUND INC,us,2026-07-27
KFFB,Kentucky First Federal Bancorp,us,2026-07-14
KFII,K&F GROWTH ACQUISITION CORP. II,us,2026-07-27
KFIIU,K&F GROWTH ACQUISITION CORP. II,us,2026-07-14
KFRC,KFORCE INC,us,2026-07-27
KFY,KORN FERRY,us,2026-07-27
KG,Kestrel Group Ltd,us,2026-07-27
KGC,KINROSS GOLD CORP,us,2026-07-27
KGEI,Kolibri Global Energy Inc.,us,2026-07-27
KGS,"Kodiak Gas Services, Inc.",us,2026-07-27
KHC,Kraft Heinz Co,us,2026-07-27
KIDS,ORTHOPEDIATRICS CORP,us,2026-07-27
KIM,KIMCO REALTY CORP,us,2026-07-27
KIM-PL,,us,2026-07-27
KIM-PM,,us,2026-07-27
KIM-PN,,us,2026-07-27
KINS,"KINGSTONE COMPANIES, INC.",us,2026-07-27
KIO,KKR Income Opportunities Fund,us,2026-07-27
KITT,"Nauticus Robotics, Inc.",us,2026-07-13
KKR,KKR & Co. Inc.,us,2026-07-27
KKR-PD,,us,2026-07-27
KKRS,KKR & Co. Inc.,us,2026-07-27
KKRT,KKR & Co. Inc.,us,2026-07-27
KLAC,KLA CORP,us,2026-07-27
KLAR,Klarna Group plc,us,2026-07-27
KLC,"KinderCare Learning Companies, Inc.",us,2026-07-27
KLIC,KULICKE & SOFFA INDUSTRIES INC,us,2026-07-27
KLRA,"Kailera Therapeutics, Inc.",us,2026-07-27
KLRS,"Kalaris Therapeutics, Inc.",us,2026-07-27
KLTR,KALTURA INC,us,2026-07-15
KLXE,"KLX Energy Services Holdings, Inc.",us,2026-07-27
KMB,KIMBERLY CLARK CORP,us,2026-07-27
KMDA,KAMADA LTD,us,2026-07-27
KMI,"KINDER MORGAN, INC.",us,2026-07-27
KMPB,KEMPER Corp,us,2026-07-27
KMPR,KEMPER Corp,us,2026-07-27
KMRK,K-TECH SOLUTIONS CO LTD,us,2026-07-15
KMT,KENNAMETAL INC,us,2026-07-27
KMTS,"KESTRA MEDICAL TECHNOLOGIES, LTD.",us,2026-07-27
KMX,CARMAX INC,us,2026-07-27
KN,Knowles Corp,us,2026-07-27
KNF,Knife River Corp,us,2026-07-27
KNOP,KNOT Offshore Partners LP,us,2026-07-27
KNSA,"Kiniksa Pharmaceuticals International, plc",us,2026-07-27
KNSL,"Kinsale Capital Group, Inc.",us,2026-07-27
KNTK,Kinetik Holdings Inc.,us,2026-07-27
KNX,Knight-Swift Transportation Holdings Inc.,us,2026-07-27
KO,COCA COLA CO,us,2026-07-27
KOD,Kodiak Sciences Inc.,us,2026-07-27
KODK,EASTMAN KODAK CO,us,2026-07-27
KOF,COCA COLA FEMSA SAB DE CV,us,2026-07-27
KOLD,ProShares Trust II,us,2026-07-27
KOP,Koppers Holdings Inc.,us,2026-07-27
KOPN,KOPIN CORP,us,2026-07-27
KORE,"KORE Group Holdings, Inc.",us,2026-07-27
KOS,Kosmos Energy Ltd.,us,2026-07-27
KOSS,KOSS CORP,us,2026-07-27
KOYN,"CSLM Digital Asset Acquisition Corp III, Ltd",us,2026-07-27
KOYNU,"CSLM Digital Asset Acquisition Corp III, Ltd",us,2026-07-14
KPET,KPET Ultra Paceline Corp,us,2026-07-14
KPET-UN,,us,2026-07-14
KPLT,"Katapult Holdings, Inc.",us,2026-07-27
KPRX,KIORA PHARMACEUTICALS INC,us,2026-07-27
KPTI,Karyopharm Therapeutics Inc.,us,2026-07-27
KR,KROGER CO,us,2026-07-27
KRAQ,KRAKacquisition Corp,us,2026-07-27
KRAQU,KRAKacquisition Corp,us,2026-07-27
KRC,KILROY REALTY CORP,us,2026-07-27
KREF,KKR Real Estate Finance Trust Inc.,us,2026-07-27
KREF-PA,,us,2026-07-27
KRG,KITE REALTY GROUP TRUST,us,2026-07-27
KRKR,36Kr Holdings Inc.,us,2026-07-27
KRMD,"KORU Medical Systems, Inc.",us,2026-07-27
KRMN,Karman Holdings Inc.,us,2026-07-27
KRNT,Kornit Digital Ltd.,us,2026-07-27
KRNY,Kearny Financial Corp.,us,2026-07-27
KRO,KRONOS WORLDWIDE INC,us,2026-07-27
KROS,"Keros Therapeutics, Inc.",us,2026-07-27
KRP,"Kimbell Royalty Partners, LP",us,2026-07-27
KRRO,"Korro Bio, Inc.",us,2026-07-27
KRSP,Rice Acquisition Corp 3,us,2026-07-27
KRSP-UN,,us,2026-07-27
KRT,Karat Packaging Inc.,us,2026-07-27
KRUS,"KURA SUSHI USA, INC.",us,2026-07-27
KRYS,"Krystal Biotech, Inc.",us,2026-07-27
KSCP,"Knightscope, Inc.",us,2026-07-23
KSPI,Joint Stock Co Kaspi.kz,us,2026-07-27
KSS,KOHLS Corp,us,2026-07-27
KT,KT CORP,us,2026-07-27
KTB,"Kontoor Brands, Inc.",us,2026-07-27
KTCC,KEY TRONIC CORP,us,2026-07-27
KTF,DWS MUNICIPAL INCOME TRUST,us,2026-07-27
KTH,STRUCTURED PRODUCTS CORP CORTS TR FOR PECO ENERGY CAP TR III,us,2026-07-27
KTN,STRUCTURED PRODUCTS CORP CRED ENHANCE CORTS TR FOR AON CAP A,us,2026-07-27
KTOS,"KRATOS DEFENSE & SECURITY SOLUTIONS, INC.",us,2026-07-27
KTWO,K2 Capital Acquisition Corp,us,2026-07-14
KTWOU,K2 Capital Acquisition Corp,us,2026-07-14
KULR,"KULR Technology Group, Inc.",us,2026-07-27
KURA,"Kura Oncology, Inc.",us,2026-07-27
KVAC,Keen Vision Acquisition Corp.,us,2026-07-14
KVACU,Keen Vision Acquisition Corp.,us,2026-07-14
KVHI,KVH INDUSTRIES INC \DE\,us,2026-07-27
KVUE,Kenvue Inc.,us,2026-07-27
KVYO,"Klaviyo, Inc.",us,2026-07-27
KWR,QUAKER CHEMICAL CORP,us,2026-07-27
KWY,KINGSWAY Corp,us,2026-07-27
KXIN,Kaixin Holdings,us,2026-07-27
KYIV,Kyivstar Group Ltd.,us,2026-07-27
KYIVW,Kyivstar Group Ltd.,us,2026-07-14
KYMR,"Kymera Therapeutics, Inc.",us,2026-07-27
KYN,"Kayne Anderson Energy Infrastructure Fund, Inc.",us,2026-07-27
KYNB,"KYNTRA BIO, INC.",us,2026-07-27
KYTX,"Kyverna Therapeutics, Inc.",us,2026-07-27
KZIA,KAZIA THERAPEUTICS LTD,us,2026-07-27
L,LOEWS CORP,us,2026-07-27
LABT,Lakewood-Amedex Biotherapeutics Inc.,us,2026-07-27
LAC,LITHIUM AMERICAS CORP.,us,2026-07-27
LAD,LITHIA MOTORS INC,us,2026-07-27
LADR,Ladder Capital Corp,us,2026-07-27
LAES,SEALSQ Corp,us,2026-07-27
LAFA,LaFayette Acquisition Corp.,us,2026-07-14
LAFAU,LaFayette Acquisition Corp.,us,2026-07-14
LAKE,LAKELAND INDUSTRIES INC,us,2026-07-27
LAMR,LAMAR ADVERTISING CO/NEW,us,2026-07-27
LAND,GLADSTONE LAND Corp,us,2026-07-27
LANDO,GLADSTONE LAND Corp,us,2026-07-27
LANDP,GLADSTONE LAND Corp,us,2026-07-27
LANV,Lanvin Group Holdings Ltd,us,2026-07-15
LAR,Lithium Argentina AG,us,2026-07-27
LARK,LANDMARK BANCORP INC,us,2026-07-27
LASE,Laser Photonics Corp,us,2026-07-15
LASR,"NLIGHT, INC.",us,2026-07-27
LATA,Galata Acquisition Corp. II,us,2026-07-14
LATAU,Galata Acquisition Corp. II,us,2026-07-14
LAUR,"LAUREATE EDUCATION, INC.",us,2026-07-27
LAW,"CS Disco, Inc.",us,2026-07-27
LAWR,"Robot Consulting Co., Ltd.",us,2026-07-14
LAZ,"Lazard, Inc.",us,2026-07-27
LB,LandBridge Co LLC,us,2026-07-27
LBGJ,Li Bang International Corp Inc.,us,2026-07-20
LBRDA,Liberty Broadband Corp,us,2026-07-27
LBRDK,Liberty Broadband Corp,us,2026-07-27
LBRDP,Liberty Broadband Corp,us,2026-07-27
LBRT,Liberty Energy Inc.,us,2026-07-27
LBRX,LB PHARMACEUTICALS INC,us,2026-07-27
LBTYA,Liberty Global Ltd.,us,2026-07-27
LBTYB,Liberty Global Ltd.,us,2026-07-14
LBTYK,Liberty Global Ltd.,us,2026-07-27
LCCC,Lakeshore Acquisition III Corp.,us,2026-07-14
LCCCU,Lakeshore Acquisition III Corp.,us,2026-07-14
LCFY,Locafy Ltd,us,2026-07-27
LCFYW,Locafy Ltd,us,2026-07-14
LCID,"Lucid Group, Inc.",us,2026-07-27
LCII,LCI INDUSTRIES,us,2026-07-27
LCLN,"Lincoln International, Inc.",us,2026-07-27
LCNB,LCNB CORP,us,2026-07-27
LCTX,"Lineage Cell Therapeutics, Inc.",us,2026-07-15
LCUT,"LIFETIME BRANDS, INC",us,2026-07-27
LDI,"loanDepot, Inc.",us,2026-07-15
LDOS,"Leidos Holdings, Inc.",us,2026-07-27
LDP,"Cohen & Steers Ltd Duration Preferred & Income Fund, Inc.",us,2026-07-27
LE,"LANDS' END, INC.",us,2026-07-27
LEA,LEAR CORP,us,2026-07-27
LECO,LINCOLN ELECTRIC HOLDINGS INC,us,2026-07-27
LEDS,SemiLEDs Corp,us,2026-07-27
LEE,"LEE ENTERPRISES, Inc",us,2026-07-27
LEG,LEGGETT & PLATT INC,us,2026-07-27
LEGH,Legacy Housing Corp,us,2026-07-27
LEGN,Legend Biotech Corp,us,2026-07-27
LEGO,Legato Merger Corp. IV,us,2026-07-27
LEGO-UN,,us,2026-07-27
LEN,LENNAR CORP /NEW/,us,2026-07-27
LEN-B,LENNAR CORP /NEW/,us,2026-07-27
LENZ,"LENZ Therapeutics, Inc.",us,2026-07-27
LEO,"BNY MELLON STRATEGIC MUNICIPALS, INC.",us,2026-07-27
LESL,LEAPFROG ENGINEERING SERVICES,us,2026-07-23
LEU,CENTRUS ENERGY CORP,us,2026-07-27
LEVI,LEVI STRAUSS & CO,us,2026-07-27
LFAC,Leapfrog Acquisition Corp,us,2026-07-14
LFACU,Leapfrog Acquisition Corp,us,2026-07-14
LFCR,"LIFECORE BIOMEDICAL, INC. \DE\",us,2026-07-27
LFMD,"LifeMD, Inc.",us,2026-07-27
LFMDP,"LifeMD, Inc.",us,2026-07-27
LFS,"LEIFRAS Co., Ltd.",us,2026-07-27
LFST,"LifeStance Health Group, Inc.",us,2026-07-27
LFT-PA,,us,2026-07-27
LFTO,"Liftoff Mobile, Inc.",us,2026-07-27
LFUS,LITTELFUSE INC /DE,us,2026-07-27
LFVN,Lifevantage Corp,us,2026-07-27
LFWD,Lifeward Ltd.,us,2026-07-27
LGCL,Lucas GC Ltd,us,2026-07-15
LGCY,Legacy Education Inc.,us,2026-07-27
LGHL,LAXMI GOLDORNA HOUSE LTD,us,2026-07-16
LGI,LAZARD GLOBAL TOTAL RETURN & INCOME FUND INC,us,2026-07-27
LGIH,"LGI Homes, Inc.",us,2026-07-27
LGL,LGL GROUP INC,us,2026-07-27
LGN,Legence Corp.,us,2026-07-27
LGND,LIGAND PHARMACEUTICALS INC,us,2026-07-27
LGPS,LOGPROSTYLE INC.,us,2026-07-15
LH,LABCORP HOLDINGS INC.,us,2026-07-27
LHAI,Linkhome Holdings Inc.,us,2026-07-15
LHSW,Lianhe Sowell International Group Ltd,us,2026-07-27
LHX,"L3HARRIS TECHNOLOGIES, INC. /DE/",us,2026-07-27
LI,Li Auto Inc.,us,2026-07-27
LICN,Lichen International Ltd,us,2026-07-15
LIDR,"AEye, Inc.",us,2026-07-15
LIEN,"Chicago Atlantic BDC, Inc.",us,2026-07-27
LIF,"Life360, Inc.",us,2026-07-27
LIFE,Ethos Technologies Inc.,us,2026-07-27
LII,LENNOX INTERNATIONAL INC,us,2026-07-27
LILA,Liberty Latin America Ltd.,us,2026-07-27
LILAK,Liberty Latin America Ltd.,us,2026-07-27
LILAP,Liberty Latin America Ltd.,us,2026-07-27
LIME,"Neutron Holdings, Inc.",us,2026-07-27
LIN,LINDE PLC,us,2026-07-27
LINC,LINC LIMITED,us,2026-07-27
LIND,"LINDBLAD EXPEDITIONS HOLDINGS, INC.",us,2026-07-27
LINE,"Lineage, Inc.",us,2026-07-27
LINK,INTERLINK ELECTRONICS INC,us,2026-07-27
LION,Lionsgate Studios Corp.,us,2026-07-27
LITB,"LightInTheBox Holding Co., Ltd.",us,2026-07-27
LITE,Lumentum Holdings Inc.,us,2026-07-27
LITS,"Lite Strategy, Inc.",us,2026-07-13
LIVE,LIVE VENTURES Inc,us,2026-07-27
LIVN,LivaNova PLC,us,2026-07-27
LIXT,,us,2026-07-23
LKFN,LAKELAND FINANCIAL CORP,us,2026-07-27
LKFT,Lakefront Biotherapeutics NV,us,2026-07-27
LKQ,LKQ CORP,us,2026-07-27
LKSP,Lake Superior Acquisition Corp,us,2026-07-27
LKSPU,Lake Superior Acquisition Corp,us,2026-07-14
LLY,ELI LILLY & Co,us,2026-07-27
LLYVA,"Liberty Live Holdings, Inc.",us,2026-07-27
LLYVK,"Liberty Live Holdings, Inc.",us,2026-07-27
LMAT,LEMAITRE VASCULAR INC,us,2026-07-27
LMB,"Limbach Holdings, Inc.",us,2026-07-27
LMFA,"LM FUNDING AMERICA, INC.",us,2026-07-27
LMND,"Lemonade, Inc.",us,2026-07-27
LMNR,Limoneira CO,us,2026-07-27
LMRI,"Lumexa Imaging Holdings, Inc.",us,2026-07-27
LMT,LOCKHEED MARTIN CORP,us,2026-07-27
LNAI,Lunai Bioworks Inc.,us,2026-07-27
LNC,LINCOLN NATIONAL CORP,us,2026-07-27
LNC-PD,,us,2026-07-27
LND,BrasilAgro - Brazilian Agricultural Real Estate Co,us,2026-07-27
LNG,"Cheniere Energy, Inc.",us,2026-07-27
LNKS,Linkers Industries Ltd,us,2026-07-15
LNN,LINDSAY CORP,us,2026-07-27
LNSR,"LENSAR, Inc.",us,2026-07-27
LNT,ALLIANT ENERGY CORP,us,2026-07-27
LNTH,"Lantheus Holdings, Inc.",us,2026-07-27
LNZA,"LanzaTech Global, Inc.",us,2026-07-27
LOAN,"MANHATTAN BRIDGE CAPITAL, INC",us,2026-07-27
LOAR,Loar Holdings Inc.,us,2026-07-27
LOB,"Live Oak Bancshares, Inc.",us,2026-07-27
LOB-PA,,us,2026-07-27
LOCL,Local Bounti Corporation/DE,us,2026-07-15
LOCO,"El Pollo Loco Holdings, Inc.",us,2026-07-27
LODE,Comstock Inc.,us,2026-07-27
LOGI,LOGITECH INTERNATIONAL S.A.,us,2026-07-27
LOMA,Loma Negra Compania Industrial Argentina Sociedad Anonima,us,2026-07-27
LONA,"LeonaBio, Inc.",us,2026-07-27
LOPE,"Grand Canyon Education, Inc.",us,2026-07-27
LOT,Lotus Technology Inc.,us,2026-07-15
LOVE,Lovesac Co,us,2026-07-27
LOW,LOWES COMPANIES INC,us,2026-07-27
LPA,Logistic Properties of the Americas,us,2026-07-27
LPAA,Launch One Acquisition Corp.,us,2026-07-27
LPAAU,Launch One Acquisition Corp.,us,2026-07-14
LPBB,Launch Two Acquisition Corp.,us,2026-07-27
LPBBU,Launch Two Acquisition Corp.,us,2026-07-14
LPCN,Lipocine Inc.,us,2026-07-27
LPCV,Launchpad Cadenza Acquisition Corp I,us,2026-07-14
LPCVU,Launchpad Cadenza Acquisition Corp I,us,2026-07-14
LPG,DORIAN LPG LTD.,us,2026-07-27
LPL,"LG Display Co., Ltd.",us,2026-07-27
LPLA,LPL Financial Holdings Inc.,us,2026-07-27
LPRO,Open Lending Corp,us,2026-07-27
LPSN,LIVEPERSON INC,us,2026-07-15
LPTH,LIGHTPATH TECHNOLOGIES INC,us,2026-07-27
LPX,LOUISIANA-PACIFIC CORP,us,2026-07-27
LQDA,Liquidia Corp,us,2026-07-27
LQDT,LIQUIDITY SERVICES INC,us,2026-07-27
LRCX,LAM RESEARCH CORP,us,2026-07-27
LRE,"LEAD REAL ESTATE CO., LTD",us,2026-07-15
LRHC,La Rosa Holdings Corp.,us,2026-07-15
LRMR,"Larimar Therapeutics, Inc.",us,2026-07-27
LRN,"Stride, Inc.",us,2026-07-27
LSAK,LESAKA TECHNOLOGIES INC,us,2026-07-27
LSBK,"Lake Shore Bancorp, Inc. /MD/",us,2026-07-27
LSCC,LATTICE SEMICONDUCTOR CORP,us,2026-07-27
LSE,"Leishen Energy Holding Co., Ltd.",us,2026-07-27
LSF,"Laird Superfood, Inc.",us,2026-07-27
LSPD,Lightspeed Commerce Inc.,us,2026-07-27
LSTA,"LISATA THERAPEUTICS, INC.",us,2026-07-24
LSTR,LANDSTAR SYSTEM INC,us,2026-07-27
LTBR,LIGHTBRIDGE Corp,us,2026-07-27
LTC,LTC PROPERTIES INC,us,2026-07-27
LTGRU,Long Table Growth Corp.,us,2026-07-27
LTH,"Life Time Group Holdings, Inc.",us,2026-07-27
LTM,LTM LIMITED,us,2026-07-27
LTRN,Lantern Pharma Inc.,us,2026-07-27
LTRX,LANTRONIX INC,us,2026-07-27
LU,Lufax Holding Ltd,us,2026-07-15
LUCD,Lucid Diagnostics Inc.,us,2026-07-15
LUCK,Lucky Strike Entertainment Corp,us,2026-07-27
LUCY,Innovative Eyewear Inc,us,2026-07-13
LUD,Luda Technology Group Ltd,us,2026-07-27
LULU,lululemon athletica inc.,us,2026-07-27
LUMN,"Lumen Technologies, Inc.",us,2026-07-27
LUNG,Pulmonx Corp,us,2026-07-15
LUNR,"Intuitive Machines, Inc.",us,2026-07-27
LUV,SOUTHWEST AIRLINES CO,us,2026-07-27
LUXE,LuxExperience B.V.,us,2026-07-27
LVLU,"Lulu's Fashion Lounge Holdings, Inc.",us,2026-07-27
LVO,"LiveOne, Inc.",us,2026-07-27
LVS,LAS VEGAS SANDS CORP,us,2026-07-27
LW,"Lamb Weston Holdings, Inc.",us,2026-07-27
LWAC,LightWave Acquisition Corp.,us,2026-07-14
LWACU,LightWave Acquisition Corp.,us,2026-07-14
LWAY,"Lifeway Foods, Inc.",us,2026-07-27
LWLG,"Lightwave Logic, Inc.",us,2026-07-27
LX,LexinFintech Holdings Ltd.,us,2026-07-15
LXEH,Lixiang Education Holding Co. Ltd.,us,2026-07-15
LXEO,"Lexeo Therapeutics, Inc.",us,2026-07-27
LXFR,LUXFER HOLDINGS PLC,us,2026-07-27
LXP,LXP Industrial Trust,us,2026-07-27
LXP-PC,,us,2026-07-27
LXRX,"LEXICON PHARMACEUTICALS, INC.",us,2026-07-27
LXU,"LSB INDUSTRIES, INC.",us,2026-07-27
LYB,LyondellBasell Industries N.V.,us,2026-07-27
LYEL,"Lyell Immunopharma, Inc.",us,2026-07-27
LYFT,"Lyft, Inc.",us,2026-07-27
LYG,Lloyds Banking Group plc,us,2026-07-27
LYTS,LSI INDUSTRIES INC,us,2026-07-27
LYV,"Live Nation Entertainment, Inc.",us,2026-07-27
LZ,"LEGALZOOM.COM, INC.",us,2026-07-27
LZB,LA-Z-BOY INC,us,2026-07-27
LZM,Lifezone Metals Ltd,us,2026-07-27
LZMH,LZ Technology Holdings Ltd,us,2026-07-15
M,"Macy's, Inc.",us,2026-07-27
MA,Mastercard Inc,us,2026-07-27
MAA,MID AMERICA APARTMENT COMMUNITIES INC.,us,2026-07-27
MAA-PI,,us,2026-07-27
MAAS,Maase Inc.,us,2026-07-27
MAC,MACERICH CO,us,2026-07-27
MACI,Melar Acquisition Corp. I/Cayman,us,2026-07-27
MACIU,Melar Acquisition Corp. I/Cayman,us,2026-07-14
MAGH,Magnitude International Ltd,us,2026-07-14
MAGN,Magnera Corp,us,2026-07-27
MAIA,"MAIA Biotechnology, Inc.",us,2026-07-15
MAIN,Main Street Capital CORP,us,2026-07-27
MAIR,Madison Air Solutions Corp,us,2026-07-27
MAKO,Mako Mining Corp.,us,2026-07-27
MAMA,"Mama's Creations, Inc.",us,2026-07-27
MAMK,MaxsMaking Inc.,us,2026-07-14
MAMO,Massimo Group,us,2026-07-15
MAN,ManpowerGroup Inc.,us,2026-07-27
MANE,"Veradermics, Inc",us,2026-07-27
MANH,MANHATTAN ASSOCIATES INC,us,2026-07-27
MANU,Manchester United plc,us,2026-07-27
MAR,MARRIOTT INTERNATIONAL INC /MD/,us,2026-07-27
MARA,"MARA Holdings, Inc.",us,2026-07-27
MARPS,MARINE PETROLEUM TRUST,us,2026-07-27
MAS,MASCO CORP /DE/,us,2026-07-27
MASK,3 E Network Technology Group Ltd,us,2026-07-15
MASS,908 Devices Inc.,us,2026-07-27
MAT,MATTEL INC /DE/,us,2026-07-27
MATV,"Mativ Holdings, Inc.",us,2026-07-27
MATW,MATTHEWS INTERNATIONAL CORP,us,2026-07-27
MATX,"Matson, Inc.",us,2026-07-27
MAX,"MediaAlpha, Inc.",us,2026-07-27
MAYS,MAYS J W INC,us,2026-07-14
MAZE,"Maze Therapeutics, Inc.",us,2026-07-27
MB,MASTERBEEF GROUP,us,2026-07-27
MBAI,Check-Cap Ltd,us,2026-07-15
MBAV,M3-Brigade Acquisition V Corp.,us,2026-07-27
MBAVU,M3-Brigade Acquisition V Corp.,us,2026-07-14
MBBC,"Marathon Bancorp, Inc. /MD/",us,2026-07-14
MBC,"MasterBrand, Inc.",us,2026-07-27
MBGL,Mobility Global Inc.,us,2026-07-27
MBI,MBIA INC,us,2026-07-27
MBIN,Merchants Bancorp,us,2026-07-27
MBINL,Merchants Bancorp,us,2026-07-27
MBINM,Merchants Bancorp,us,2026-07-27
MBINN,Merchants Bancorp,us,2026-07-27
MBLY,Mobileye Global Inc.,us,2026-07-27
MBNKO,MEDALLION FINANCIAL CORP,us,2026-07-27
MBOT,Microbot Medical Inc.,us,2026-07-15
MBRX,"Moleculin Biotech, Inc.",us,2026-07-27
MBUU,"MALIBU BOATS, INC.",us,2026-07-27
MBVI,M3-Brigade Acquisition VI Corp.,us,2026-07-27
MBVIU,M3-Brigade Acquisition VI Corp.,us,2026-07-14
MBWM,MERCANTILE BANK CORP,us,2026-07-27
MBX,"MBX Biosciences, Inc.",us,2026-07-27
MC,Moelis & Co,us,2026-07-27
MCAH,Mountain Crest Acquisition 6 Corp.,us,2026-07-27
MCAHU,Mountain Crest Acquisition 6 Corp.,us,2026-07-27
MCB,Metropolitan Bank Holding Corp.,us,2026-07-27
MCBS,"MetroCity Bankshares, Inc.",us,2026-07-27
MCD,MCDONALDS CORP,us,2026-07-27
MCFT,"MasterCraft Boat Holdings, Inc.",us,2026-07-27
MCGA,Yorkville Acquisition Corp.,us,2026-07-27
MCGAU,Yorkville Acquisition Corp.,us,2026-07-27
MCHB,Mechanics Bancorp,us,2026-07-27
MCHP,MICROCHIP TECHNOLOGY INC,us,2026-07-27
MCHPP,MICROCHIP TECHNOLOGY INC,us,2026-07-27
MCHX,MARCHEX INC,us,2026-07-15
MCI,BARINGS CORPORATE INVESTORS,us,2026-07-27
MCK,MCKESSON CORP,us,2026-07-27
MCN,XAI Madison Equity Premium Income Fund,us,2026-07-27
MCO,MOODYS CORP /DE/,us,2026-07-27
MCRB,"Seres Therapeutics, Inc.",us,2026-07-27
MCRI,MONARCH CASINO & RESORT INC,us,2026-07-27
MCRP,Micropolis AI Robotics,us,2026-07-15
MCS,MARCUS CORP,us,2026-07-27
MCTA,Charming Medical Ltd,us,2026-07-14
MCY,MERCURY GENERAL CORP,us,2026-07-27
MD,"Pediatrix Medical Group, Inc.",us,2026-07-27
MDA,MDA Space Ltd.,us,2026-07-27
MDAI,"Spectral AI, Inc.",us,2026-07-15
MDB,"MongoDB, Inc.",us,2026-07-27
MDBH,"MDB Capital Holdings, LLC",us,2026-07-27
MDGL,"MADRIGAL PHARMACEUTICALS, INC.",us,2026-07-27
MDIA,Mediaco Holding Inc.,us,2026-07-15
MDLN,Medline Inc.,us,2026-07-27
MDLZ,"Mondelez International, Inc.",us,2026-07-27
MDRR,"Medalist Diversified, Inc.",us,2026-07-27
MDT,Medtronic plc,us,2026-07-27
MDU,MDU RESOURCES GROUP INC,us,2026-07-27
MDV,"MODIV INDUSTRIAL, INC.",us,2026-07-27
MDV-PA,,us,2026-07-27
MDWD,MediWound Ltd.,us,2026-07-27
MDXG,"MIMEDX GROUP, INC.",us,2026-07-27
MDY,SPDR S&P MIDCAP 400 ETF TRUST,us,2026-07-27
MEC,"Mayville Engineering Company, Inc.",us,2026-07-27
MED,MEDIFAST INC,us,2026-07-27
MEDP,"Medpace Holdings, Inc.",us,2026-07-27
MEGI,NYLI CBRE Global Infrastructure Megatrends Term Fund,us,2026-07-27
MEGL,Magic Empire Global Ltd,us,2026-07-15
MEI,METHODE ELECTRONICS INC,us,2026-07-27
MELI,MERCADOLIBRE INC,us,2026-07-27
MENS,Jyong Biotech Ltd.,us,2026-07-27
MEOH,METHANEX CORP,us,2026-07-27
MER-PK,,us,2026-07-27
MESH,Meshflow Acquisition Corp,us,2026-07-27
MESHU,Meshflow Acquisition Corp,us,2026-07-14
MESO,MESOBLAST LTD,us,2026-07-27
MET,METLIFE INC,us,2026-07-27
MET-PA,,us,2026-07-27
MET-PE,,us,2026-07-27
MET-PF,,us,2026-07-27
META,STRING METAVERSE LIMITED,us,2026-07-27
METC,"Ramaco Resources, Inc.",us,2026-07-27
METCB,"Ramaco Resources, Inc.",us,2026-07-27
METCI,"Ramaco Resources, Inc.",us,2026-07-27
METCZ,"Ramaco Resources, Inc.",us,2026-07-27
MEVO,M Evo Global Acquisition Corp II,us,2026-07-27
MEVOU,M Evo Global Acquisition Corp II,us,2026-07-14
MF,MindForge Inc.,us,2026-07-27
MFA,"MFA FINANCIAL, INC.",us,2026-07-27
MFA-PB,,us,2026-07-27
MFA-PC,,us,2026-07-27
MFAN,"MFA FINANCIAL, INC.",us,2026-07-27
MFAO,"MFA FINANCIAL, INC.",us,2026-07-27
MFC,MANULIFE FINANCIAL CORP,us,2026-07-27
MFG,MIZUHO FINANCIAL GROUP INC,us,2026-07-27
MFI,mF International Ltd,us,2026-07-27
MFIC,MidCap Financial Investment Corp,us,2026-07-27
MFICL,MidCap Financial Investment Corp,us,2026-07-27
MFIN,MEDALLION FINANCIAL CORP,us,2026-07-27
MFM,ABERDEEN MUNICIPAL INCOME FUND,us,2026-07-27
MFP,"Midera Food Processing, Inc.",us,2026-07-27
MFPVV,,us,2026-07-23
MG,"Mistras Group, Inc.",us,2026-07-27
MGA,MAGNA INTERNATIONAL INC,us,2026-07-27
MGEE,MGE ENERGY INC,us,2026-07-27
MGF,ABERDEEN GOVERNMENT MARKETS INCOME FUND,us,2026-07-27
MGIH,Millennium Group International Holdings Ltd,us,2026-07-15
MGLD,"Marygold Companies, Inc.",us,2026-07-13
MGM,MGM Resorts International,us,2026-07-27
MGNI,"MAGNITE, INC.",us,2026-07-27
MGNX,MACROGENICS INC,us,2026-07-27
MGPI,MGP INGREDIENTS INC,us,2026-07-27
MGR,"AFFILIATED MANAGERS GROUP, INC.",us,2026-07-27
MGRB,"AFFILIATED MANAGERS GROUP, INC.",us,2026-07-27
MGRC,MCGRATH RENTCORP,us,2026-07-27
MGRD,"AFFILIATED MANAGERS GROUP, INC.",us,2026-07-27
MGRE,"AFFILIATED MANAGERS GROUP, INC.",us,2026-07-27
MGRT,Mega Fortune Co Ltd,us,2026-07-27
MGTX,MeiraGTx Holdings plc,us,2026-07-27
MGX,"Metagenomi Therapeutics, Inc.",us,2026-07-15
MGY,Magnolia Oil & Gas Corp,us,2026-07-27
MGYR,"Magyar Bancorp, Inc.",us,2026-07-27
MH,"McGraw Hill, Inc.",us,2026-07-27
MHD,"BLACKROCK MUNIHOLDINGS FUND, INC.",us,2026-07-27
MHF,WESTERN ASSET MUNICIPAL HIGH INCOME FUND INC.,us,2026-07-27
MHH,"Mastech Digital, Inc.",us,2026-07-27
MHK,MOHAWK INDUSTRIES INC,us,2026-07-27
MHLA,"Maiden Holdings, Ltd.",us,2026-07-27
MHNC,"Maiden Holdings, Ltd.",us,2026-07-27
MHO,"M/I HOMES, INC.",us,2026-07-27
MI,NFT Ltd,us,2026-07-27
MIACU,Meridian3 Industrials Acquisition Corp,us,2026-07-27
MIAX,"MIAMI INTERNATIONAL HOLDINGS, INC.",us,2026-07-27
MICC,Magnum Ice Cream Co N.V.,us,2026-07-27
MIDD,MIDDLEBY Corp,us,2026-07-27
MIDDV,,us,2026-07-23
MIMI,Mint Inc Ltd,us,2026-07-24
MIN,ABERDEEN INTERMEDIATE INCOME FUND,us,2026-07-27
MIND,"MIND TECHNOLOGY, INC",us,2026-07-27
MINE,MAYFAIR GOLD CORP.,us,2026-07-27
MIR,"Mirion Technologies, Inc.",us,2026-07-27
MIRM,"Mirum Pharmaceuticals, Inc.",us,2026-07-27
MIST,Milestone Pharmaceuticals Inc.,us,2026-07-15
MITK,MITEK SYSTEMS INC,us,2026-07-27
MITN,"TPG Mortgage Investment Trust, Inc.",us,2026-07-27
MITP,"TPG Mortgage Investment Trust, Inc.",us,2026-07-27
MITT,"TPG Mortgage Investment Trust, Inc.",us,2026-07-27
MITT-PA,,us,2026-07-27
MITT-PB,,us,2026-07-27
MITT-PC,,us,2026-07-27
MIY,"BLACKROCK MUNIYIELD MICHIGAN QUALITY FUND, INC.",us,2026-07-27
MKC,MCCORMICK & CO INC,us,2026-07-27
MKC-V,MCCORMICK & CO INC,us,2026-07-27
MKDW,MKDWELL Tech Inc.,us,2026-07-27
MKL,MARKEL GROUP INC.,us,2026-07-27
MKLY,McKinley Acquisition Corp,us,2026-07-27
MKLYU,McKinley Acquisition Corp,us,2026-07-14
MKSI,MKS INC,us,2026-07-27
MKTW,"MARKETWISE, INC.",us,2026-07-27
MKTX,MARKETAXESS HOLDINGS INC,us,2026-07-27
MKZR,"MacKenzie Realty Capital, Inc.",us,2026-07-15
MLAA,Mountain Lake Acquisition Corp. II,us,2026-07-27
MLAAU,Mountain Lake Acquisition Corp. II,us,2026-07-27
MLAB,MESA LABORATORIES INC /CO/,us,2026-07-27
MLCI,Mount Logan Capital Inc.,us,2026-07-27
MLCIL,Mount Logan Capital Inc.,us,2026-07-27
MLCO,Melco Resorts & Entertainment LTD,us,2026-07-27
MLEC,Moolec Science SA,us,2026-07-27
MLGO,MicroAlgo Inc.,us,2026-07-27
MLI,MUELLER INDUSTRIES INC,us,2026-07-27
MLKN,"MILLERKNOLL, INC.",us,2026-07-27
MLM,MARTIN MARIETTA MATERIALS INC,us,2026-07-27
MLP,MAUI LAND & PINEAPPLE CO INC,us,2026-07-27
MLPB,UBS AG,us,2026-07-27
MLPR,UBS AG,us,2026-07-27
MLR,MILLER INDUSTRIES INC /TN/,us,2026-07-27
MLTX,MoonLake Immunotherapeutics,us,2026-07-27
MLYS,"Mineralys Therapeutics, Inc.",us,2026-07-27
MMD,NYLI MacKay DefinedTerm Muni Opportunities Fund,us,2026-07-27
MMED,"MiniMed Group, Inc.",us,2026-07-27
MMI,"Marcus & Millichap, Inc.",us,2026-07-27
MMLP,MARTIN MIDSTREAM PARTNERS L.P.,us,2026-07-27
MMM,3M CO,us,2026-07-27
MMS,"MAXIMUS, INC.",us,2026-07-27
MMSI,MERIT MEDICAL SYSTEMS INC,us,2026-07-27
MMT,ABERDEEN MULTI-MARKET INCOME FUND,us,2026-07-27
MMTX,Miluna Acquisition Corp,us,2026-07-14
MMTXU,Miluna Acquisition Corp,us,2026-07-14
MMU,WESTERN ASSET MANAGED MUNICIPALS FUND INC.,us,2026-07-27
MMYT,MakeMyTrip Ltd,us,2026-07-27
MNDO,MIND CTI LTD,us,2026-07-15
MNDR,Mobile-health Network Solutions,us,2026-07-27
MNDY,monday.com Ltd.,us,2026-07-27
MNKD,MANNKIND CORP,us,2026-07-27
MNOV,MEDICINOVA INC,us,2026-07-15
MNPR,Monopar Therapeutics,us,2026-07-27
MNR,MACH NATURAL RESOURCES LP,us,2026-07-27
MNRO,"MONRO, INC.",us,2026-07-27
MNSB,"MainStreet Bancshares, Inc.",us,2026-07-27
MNSBP,"MainStreet Bancshares, Inc.",us,2026-07-27
MNSO,MINISO Group Holding Ltd,us,2026-07-27
MNST,Monster Beverage Corp,us,2026-07-27
MNTK,"Montauk Renewables, Inc.",us,2026-07-15
MNTN,"MNTN, Inc.",us,2026-07-27
MNTS,Momentus Inc.,us,2026-07-27
MO,"ALTRIA GROUP, INC.",us,2026-07-27
MOB,Mobilicom Ltd,us,2026-07-27
MOBBW,Mobilicom Ltd,us,2026-07-14
MOBI,"Mobia Medical, Inc.",us,2026-07-27
MOBX,"MOBIX LABS, INC",us,2026-07-16
MOD,MODINE MANUFACTURING CO,us,2026-07-27
MODD,"Modular Medical, Inc.",us,2026-07-27
MOG-A,MOOG INC.,us,2026-07-27
MOG-B,MOOG INC.,us,2026-07-14
MOGU,MOGU Inc.,us,2026-07-15
MOH,"MOLINA HEALTHCARE, INC.",us,2026-07-27
MOLN,MOLECULAR PARTNERS AG,us,2026-07-27
MOMO,Hello Group Inc.,us,2026-07-27
MORN,"Morningstar, Inc.",us,2026-07-27
MOS,MOSAIC CO,us,2026-07-27
MOV,MOVADO GROUP INC,us,2026-07-27
MOVE,"Corvex, Inc.",us,2026-07-27
MP,MP Materials Corp. / DE,us,2026-07-27
MPA,BLACKROCK MUNIYIELD PENNSYLVANIA QUALITY FUND,us,2026-07-27
MPAA,MOTORCAR PARTS OF AMERICA INC,us,2026-07-27
MPB,MID PENN BANCORP INC,us,2026-07-27
MPC,Marathon Petroleum Corp,us,2026-07-27
MPLT,"MapLight Therapeutics, Inc.",us,2026-07-27
MPLX,MPLX LP,us,2026-07-27
MPT,MEDICAL PROPERTIES TRUST INC,us,2026-07-27
MPTI,"M-tron Industries, Inc.",us,2026-07-27
MPV,BARINGS PARTICIPATION INVESTORS,us,2026-07-27
MPWR,"MONOLITHIC POWER SYSTEMS, INC.",us,2026-07-27
MQ,"Marqeta, Inc.",us,2026-07-27
MQY,"BLACKROCK MUNIYIELD QUALITY FUND, INC.",us,2026-07-27
MRAM,EVERSPIN TECHNOLOGIES INC.,us,2026-07-27
MRBK,Meridian Corp,us,2026-07-27
MRCOU,Mercator Acquisition Corp.,us,2026-07-27
MRCY,MERCURY SYSTEMS INC,us,2026-07-27
MRDN,Meridian Holdings Inc./NV,us,2026-07-27
MRK,"Merck & Co., Inc.",us,2026-07-27
MRKR,"Marker Therapeutics, Inc.",us,2026-07-15
MRLN,"Merlin, Inc.",us,2026-07-27
MRNA,"Moderna, Inc.",us,2026-07-27
MRP,MRP Agro Limited,us,2026-07-27
MRSH,"MARSH & MCLENNAN COMPANIES, INC.",us,2026-07-27
MRT,"Marti Technologies, Inc.",us,2026-07-27
MRTN,MARTEN TRANSPORT LTD,us,2026-07-27
MRVI,"MARAVAI LIFESCIENCES HOLDINGS, INC.",us,2026-07-27
MRVL,"Marvell Technology, Inc.",us,2026-07-27
MRX,Marex Group Ltd,us,2026-07-27
MS,MORGAN STANLEY,us,2026-07-27
MS-PA,MORGAN STANLEY,us,2026-07-27
MS-PE,MORGAN STANLEY,us,2026-07-27
MS-PF,MORGAN STANLEY,us,2026-07-27
MS-PI,MORGAN STANLEY,us,2026-07-27
MS-PK,MORGAN STANLEY,us,2026-07-27
MS-PL,MORGAN STANLEY,us,2026-07-27
MS-PO,MORGAN STANLEY,us,2026-07-27
MS-PP,MORGAN STANLEY,us,2026-07-27
MS-PQ,MORGAN STANLEY,us,2026-07-27
MSA,MSA Safety Inc,us,2026-07-27
MSAI,"MultiSensor AI Holdings, Inc.",us,2026-07-27
MSB,MESABI TRUST,us,2026-07-27
MSBI,"Midland States Bancorp, Inc.",us,2026-07-27
MSBIP,"Midland States Bancorp, Inc.",us,2026-07-27
MSBT,Morgan Stanley Bitcoin Trust,us,2026-07-27
MSC,STUDIO CITY INTERNATIONAL HOLDINGS Ltd,us,2026-07-15
MSCI,MSCI Inc.,us,2026-07-27
MSD,MORGAN STANLEY EMERGING MARKETS DEBT FUND INC,us,2026-07-27
MSDL,Morgan Stanley Direct Lending Fund,us,2026-07-27
MSEX,MIDDLESEX WATER CO,us,2026-07-27
MSFT,MICROSOFT CORP,us,2026-07-27
MSGE,Madison Square Garden Entertainment Corp.,us,2026-07-27
MSGM,Motorsport Games Inc.,us,2026-07-27
MSGS,Madison Square Garden Sports Corp.,us,2026-07-27
MSI,"Motorola Solutions, Inc.",us,2026-07-27
MSIF,"MSC INCOME FUND, INC.",us,2026-07-27
MSLE,Satellos Bioscience Inc.,us,2026-07-14
MSM,MSC INDUSTRIAL DIRECT CO INC,us,2026-07-27
MSS,Maison Solutions Inc.,us,2026-07-24
MSTR,Strategy Inc,us,2026-07-27
MSW,,us,2026-07-15
MT,ArcelorMittal,us,2026-07-27
MTA,Metalla Royalty & Streaming Ltd.,us,2026-07-27
MTAL,Metals Acquisition Corp. II,us,2026-07-27
MTAL-UN,,us,2026-07-14
MTAL-WT,,us,2026-07-13
MTB,M&T BANK CORP,us,2026-07-27
MTB-PH,,us,2026-07-27
MTB-PJ,,us,2026-07-27
MTB-PK,,us,2026-07-27
MTC,"MMTEC, INC.",us,2026-07-27
MTCH,"Match Group, Inc.",us,2026-07-27
MTD,METTLER TOLEDO INTERNATIONAL INC/,us,2026-07-27
MTDR,Matador Resources Co,us,2026-07-27
MTEK,Maris Tech Ltd.,us,2026-07-15
MTEN,Mingteng International Corp Inc.,us,2026-07-15
MTEX,MANNATECH INC,us,2026-07-27
MTG,MGIC INVESTMENT CORP,us,2026-07-27
MTH,Meritage Homes CORP,us,2026-07-27
MTLS,MATERIALISE NV,us,2026-07-27
MTN,VAIL RESORTS INC,us,2026-07-27
MTNE,CH4 Natural Solutions Corp,us,2026-07-27
MTNE-UN,,us,2026-07-27
MTR,MESA ROYALTY TRUST/TX,us,2026-07-27
MTRN,MATERION Corp,us,2026-07-27
MTRX,MATRIX SERVICE CO,us,2026-07-27
MTSI,"MACOM Technology Solutions Holdings, Inc.",us,2026-07-27
MTUL,UBS AG,us,2026-07-14
MTUS,Metallus Inc.,us,2026-07-27
MTVA,MetaVia Inc.,us,2026-07-15
MTW,MANITOWOC CO INC,us,2026-07-27
MTX,MINERALS TECHNOLOGIES INC,us,2026-07-27
MTZ,MASTEC INC,us,2026-07-27
MU,MICRON TECHNOLOGY INC,us,2026-07-27
MUA,"BLACKROCK MUNIASSETS FUND, INC.",us,2026-07-27
MUC,"BLACKROCK MUNIHOLDINGS CALIFORNIA QUALITY FUND, INC.",us,2026-07-27
MUFG,MITSUBISHI UFJ FINANCIAL GROUP INC,us,2026-07-27
MUJ,"BLACKROCK MUNIHOLDINGS NEW JERSEY QUALITY FUND, INC.",us,2026-07-27
MUR,MURPHY OIL CORP,us,2026-07-27
MUSA,Murphy USA Inc.,us,2026-07-27
MUX,McEwen Inc.,us,2026-07-27
MUZE,Muzero Acquisition Corp,us,2026-07-27
MUZEU,Muzero Acquisition Corp,us,2026-07-14
MVBF,MVB FINANCIAL CORP,us,2026-07-27
MVRL,UBS AG,us,2026-07-27
MVST,"Microvast Holdings, Inc.",us,2026-07-13
MWA,"Mueller Water Products, Inc.",us,2026-07-27
MWC,"Micware Co., Ltd.",us,2026-07-16
MWG,Multi Ways Holdings Ltd,us,2026-07-15
MWH,"SOLV Energy, Inc.",us,2026-07-27
MWYN,"Marwynn Holdings, Inc.",us,2026-07-13
MX,MAGNACHIP SEMICONDUCTOR Corp,us,2026-07-27
MXC,MEXCO ENERGY CORP,us,2026-07-27
MXCT,"MAXCYTE, INC.",us,2026-07-15
MXE,MEXICO EQUITY & INCOME FUND INC,us,2026-07-27
MXF,MEXICO FUND INC,us,2026-07-27
MXL,"MAXLINEAR, INC",us,2026-07-27
MYE,MYERS INDUSTRIES INC,us,2026-07-27
MYFW,First Western Financial Inc,us,2026-07-27
MYGN,MYRIAD GENETICS INC,us,2026-07-27
MYI,"BLACKROCK MUNIYIELD QUALITY FUND III, INC.",us,2026-07-27
MYN,"BLACKROCK MUNIYIELD NEW YORK QUALITY FUND, INC.",us,2026-07-27
MYO,"MYOMO, INC.",us,2026-07-15
MYRG,MYR GROUP INC.,us,2026-07-27
MYSE,"Myseum.AI, Inc.",us,2026-07-27
MYX,Maywood Acquisition Corp. 2,us,2026-07-16
MYXXU,Maywood Acquisition Corp. 2,us,2026-07-14
MZTI,MARZETTI CO,us,2026-07-27
MZYX,MOZAYYX Acquisition Corp.,us,2026-07-27
MZYX-UN,,us,2026-07-14
NAAS,NaaS Technology Inc.,us,2026-07-27
NABL,"N-able, Inc.",us,2026-07-27
NAC,Nuveen California Quality Municipal Income Fund,us,2026-07-27
NAD,Nuveen Quality Municipal Income Fund,us,2026-07-27
NAGE,"Niagen Bioscience, Inc.",us,2026-07-27
NAII,NATURAL ALTERNATIVES INTERNATIONAL INC,us,2026-07-27
NAK,NORTHERN DYNASTY MINERALS LTD,us,2026-07-15
NAKA,Nakamoto Inc.,us,2026-07-27
NAMI,Jinxin Technology Holding Co,us,2026-07-27
NAMM,Namib Minerals,us,2026-07-15
NAMS,NewAmsterdam Pharma Co N.V.,us,2026-07-27
NAMSW,NewAmsterdam Pharma Co N.V.,us,2026-07-14
NAN,NUVEEN NEW YORK QUALITY MUNICIPAL INCOME FUND,us,2026-07-27
NAT,NORDIC AMERICAN TANKERS Ltd,us,2026-07-27
NATH,"NATHANS FAMOUS, INC.",us,2026-07-27
NATL,NCR Atleos Corp,us,2026-07-27
NATR,NATURES SUNSHINE PRODUCTS INC,us,2026-07-27
NAUT,"Nautilus Biotechnology, Inc.",us,2026-07-15
NAVI,NAVIENT CORP,us,2026-07-27
NAVN,"Navan, Inc.",us,2026-07-27
NAZ,NUVEEN ARIZONA QUALITY MUNICIPAL INCOME FUND,us,2026-07-27
NB,NIOCORP DEVELOPMENTS LTD,us,2026-07-27
NBB,Nuveen Taxable Municipal Income Fund,us,2026-07-27
NBBK,"NB Bancorp, Inc.",us,2026-07-27
NBH,NEUBERGER MUNICIPAL FUND INC.,us,2026-07-27
NBHC,National Bank Holdings Corp,us,2026-07-27
NBIS,Nebius Group N.V.,us,2026-07-27
NBIX,NEUROCRINE BIOSCIENCES INC,us,2026-07-27
NBP,NovaBridge Biosciences,us,2026-07-15
NBR,NABORS INDUSTRIES LTD,us,2026-07-27
NBRG,Newbridge Acquisition Ltd,us,2026-07-14
NBRGU,Newbridge Acquisition Ltd,us,2026-07-14
NBTB,NBT BANCORP INC,us,2026-07-27
NBTX,Nanobiotix S.A.,us,2026-07-27
NBXG,Neuberger Next Generation Connectivity Fund Inc.,us,2026-07-27
NC,NACCO INDUSTRIES INC,us,2026-07-27
NCA,NUVEEN CALIFORNIA MUNICIPAL VALUE FUND,us,2026-07-27
NCDL,Nuveen Churchill Direct Lending Corp.,us,2026-07-27
NCEL,NewcelX Ltd.,us,2026-07-27
NCEW,New Century Logistics (BVI) Ltd,us,2026-07-27
NCI,Neo-Concept International Group Holdings Ltd,us,2026-07-27
NCIQ,Hashdex Nasdaq CME Crypto Index ETF,us,2026-07-27
NCLH,Norwegian Cruise Line Holdings Ltd.,us,2026-07-27
NCMI,"National CineMedia, Inc.",us,2026-07-27
NCNA,NuCana plc,us,2026-07-15
NCNO,"nCino, Inc.",us,2026-07-27
NCRA,"NOCERA, INC.",us,2026-07-13
NCSM,"NCS Multistage Holdings, Inc.",us,2026-07-27
NCT,Intercont (Cayman) Ltd,us,2026-07-27
NCTY,The9 LTD,us,2026-07-27
NCV,Virtus Convertible & Income Fund,us,2026-07-27
NCV-PA,,us,2026-07-27
NCZ,Virtus Convertible & Income Fund II,us,2026-07-27
NCZ-PA,,us,2026-07-27
NDAQ,"NASDAQ, INC.",us,2026-07-27
NDLS,NOODLES & Co,us,2026-07-27
NDMO,Nuveen Dynamic Municipal Opportunities Fund,us,2026-07-27
NDRA,ENDRA Life Sciences Inc.,us,2026-07-27
NDSN,NORDSON CORP,us,2026-07-27
NE,Noble Corp plc,us,2026-07-27
NE-WT,Noble Corp plc,us,2026-07-22
NE-WTA,,us,2026-07-27
NEA,Nuveen AMT-Free Quality Municipal Income Fund,us,2026-07-27
NECB,"NorthEast Community Bancorp, Inc./MD/",us,2026-07-27
NEE,NEXTERA ENERGY INC,us,2026-07-27
NEE-PN,,us,2026-07-27
NEE-PS,,us,2026-07-27
NEE-PT,,us,2026-07-27
NEE-PU,,us,2026-07-27
NEE-PV,,us,2026-07-27
NEE-PW,,us,2026-07-27
NEGG,"Newegg Commerce, Inc.",us,2026-07-27
NEM,NEWMONT Corp /DE/,us,2026-07-27
NEN,NEW ENGLAND REALTY ASSOCIATES LIMITED PARTNERSHIP,us,2026-07-27
NEO,NEOGENOMICS INC,us,2026-07-27
NEOG,NEOGEN CORP,us,2026-07-27
NEOV,NeoVolta Inc.,us,2026-07-27
NEOVW,NeoVolta Inc.,us,2026-07-13
NEPH,NEPHROS INC,us,2026-07-27
NERV,"Minerva Neurosciences, Inc.",us,2026-07-27
NESR,National Energy Services Reunited Corp.,us,2026-07-27
NET,"Cloudflare, Inc.",us,2026-07-27
NEU,NEWMARKET CORP,us,2026-07-27
NEUP,Neuphoria Therapeutics Inc.,us,2026-07-27
NEWP,NEW PACIFIC METALS CORP,us,2026-07-27
NEWT,"NewtekOne, Inc.",us,2026-07-27
NEWTG,"NewtekOne, Inc.",us,2026-07-27
NEWTH,"NewtekOne, Inc.",us,2026-07-27
NEWTI,"NewtekOne, Inc.",us,2026-07-27
NEWTO,"NewtekOne, Inc.",us,2026-07-14
NEWTP,"NewtekOne, Inc.",us,2026-07-27
NEXA,Nexa Resources S.A.,us,2026-07-27
NEXM,NexMetals Mining Corp.,us,2026-07-27
NEXN,Nexxen International Ltd.,us,2026-07-27
NEXT,NextDecade Corp,us,2026-07-27
NFBK,"Northfield Bancorp, Inc.",us,2026-07-27
NFG,NATIONAL FUEL GAS CO,us,2026-07-27
NFGC,New Found Gold Corp.,us,2026-07-15
NFJ,"Virtus Dividend, Interest & Premium Strategy Fund",us,2026-07-27
NFLX,NETFLIX INC,us,2026-07-27
NG,NOVAGOLD RESOURCES INC,us,2026-07-27
NGEN,NERVGEN PHARMA CORP.,us,2026-07-15
NGG,NATIONAL GRID PLC,us,2026-07-27
NGL,NGL Energy Partners LP,us,2026-07-27
NGL-PB,,us,2026-07-27
NGL-PC,,us,2026-07-27
NGNE,Neurogene Inc.,us,2026-07-27
NGS,NATURAL GAS SERVICES GROUP INC,us,2026-07-27
NGVC,"Natural Grocers by Vitamin Cottage, Inc.",us,2026-07-27
NGVT,Ingevity Corp,us,2026-07-27
NHC,NATIONAL HEALTHCARE CORP,us,2026-07-27
NHI,NATIONAL HEALTH INVESTORS INC,us,2026-07-27
NHIC,NewHold Investment Corp. III,us,2026-07-27
NHICU,NewHold Investment Corp. III,us,2026-07-14
NHIV,NewHold Investment Corp IV,us,2026-07-14
NHIVU,NewHold Investment Corp IV,us,2026-07-14
NHP,"National Healthcare Properties, Inc.",us,2026-07-27
NHPAP,"National Healthcare Properties, Inc.",us,2026-07-27
NHPBP,"National Healthcare Properties, Inc.",us,2026-07-27
NHS,Neuberger High Yield Strategies Fund Inc.,us,2026-07-27
NHTC,NATURAL HEALTH TRENDS CORP,us,2026-07-15
NI,NISOURCE INC.,us,2026-07-27
NIC,NICOLET BANKSHARES INC,us,2026-07-27
NICE,NICE Ltd.,us,2026-07-27
NICM,NICOLA MINING INC.,us,2026-07-27
NIE,Virtus Equity & Convertible Income Fund,us,2026-07-27
NIKI,"Niki BioSolutions, Inc.",us,2026-07-27
NIM,NUVEEN SELECT MATURITIES MUNICIPAL FUND,us,2026-07-27
NINE,"Nine Energy Service, Inc.",us,2026-07-27
NIO,NIO Inc.,us,2026-07-27
NIOBW,NIOCORP DEVELOPMENTS LTD,us,2026-07-13
NIPG,NIP Group Inc.,us,2026-07-27
NIQ,NIQ Global Intelligence plc,us,2026-07-27
NIU,Niu Technologies,us,2026-07-27
NIVF,NewGenIvf Group Ltd,us,2026-07-15
NIXX,"Nixxy, Inc.",us,2026-07-15
NJR,NEW JERSEY RESOURCES CORP,us,2026-07-27
NKE,"NIKE, Inc.",us,2026-07-27
NKLR,Terra Innovatum Global N.V.,us,2026-07-27
NKSH,NATIONAL BANKSHARES INC,us,2026-07-27
NKTR,NEKTAR THERAPEUTICS,us,2026-07-27
NKTX,"Nkarta, Inc.",us,2026-07-27
NKX,NUVEEN CALIFORNIA AMT-FREE QUALITY MUNICIPAL INCOME FUND,us,2026-07-27
NL,NL INDUSTRIES INC,us,2026-07-27
NLOP,Net Lease Office Properties,us,2026-07-27
NLY,ANNALY CAPITAL MANAGEMENT INC,us,2026-07-27
NLY-PF,,us,2026-07-27
NLY-PG,,us,2026-07-27
NLY-PI,,us,2026-07-27
NLY-PJ,,us,2026-07-27
NMAD,"NOMAD POWER SOLUTIONS, INC.",us,2026-07-27
NMAI,Nuveen Multi-Asset Income Fund,us,2026-07-27
NMAX,Newsmax Inc.,us,2026-07-27
NMCO,Nuveen Municipal Credit Opportunities Fund,us,2026-07-27
NMFC,New Mountain Finance Corp,us,2026-07-27
NMFCZ,New Mountain Finance Corp,us,2026-07-27
NMG,Nouveau Monde Graphite Inc.,us,2026-07-15
NMI,NUVEEN MUNICIPAL INCOME FUND INC,us,2026-07-27
NMIH,"NMI Holdings, Inc.",us,2026-07-27
NML,Neuberger Energy Infrastructure & Income Fund Inc.,us,2026-07-27
NMM,Navios Maritime Partners L.P.,us,2026-07-27
NMP,NMP Acquisition Corp.,us,2026-07-14
NMPAU,NMP Acquisition Corp.,us,2026-07-14
NMR,NOMURA HOLDINGS INC,us,2026-07-27
NMRA,"Neumora Therapeutics, Inc.",us,2026-07-15
NMRK,"NEWMARK GROUP, INC.",us,2026-07-27
NMS,Nuveen Minnesota Quality Municipal Income Fund,us,2026-07-27
NMT,NUVEEN MASSACHUSETTS QUALITY MUNICIPAL INCOME FUND,us,2026-07-27
NMTC,NEUROONE MEDICAL TECHNOLOGIES Corp,us,2026-07-22
NMZ,NUVEEN MUNICIPAL HIGH INCOME OPPORTUNITY FUND,us,2026-07-27
NN,NEXTNAV INC.,us,2026-07-27
NNBR,NN INC,us,2026-07-27
NNDM,Nano Dimension Ltd.,us,2026-07-15
NNE,Nano Nuclear Energy Inc.,us,2026-07-27
NNI,NELNET INC,us,2026-07-27
NNN,"NNN REIT, INC.",us,2026-07-27
NNNN,Anbio Biotechnology,us,2026-07-27
NNOX,Nano-X Imaging Ltd.,us,2026-07-15
NNVC,"NANOVIRICIDES, INC.",us,2026-07-15
NNY,NUVEEN NEW YORK MUNICIPAL VALUE FUND,us,2026-07-27
NOA,North American Construction Group Ltd.,us,2026-07-27
NOAH,NOAH HOLDINGS LTD,us,2026-07-27
NOC,NORTHROP GRUMMAN CORP /DE/,us,2026-07-27
NODK,"NI Holdings, Inc.",us,2026-07-27
NOEM,CO2 Energy Transition Corp.,us,2026-07-14
NOEMU,CO2 Energy Transition Corp.,us,2026-07-14
NOG,"NORTHERN OIL & GAS, INC.",us,2026-07-27
NOK,NOKIA CORP,us,2026-07-27
NOMA,Nomadar Corp.,us,2026-07-27
NOMD,Nomad Foods Ltd,us,2026-07-27
NOV,NOV Inc.,us,2026-07-27
NOVT,NOVANTA INC,us,2026-07-27
NOVTU,NOVANTA INC,us,2026-07-27
NOW,"ServiceNow, Inc.",us,2026-07-27
NP,Neptune Insurance Holdings Inc.,us,2026-07-27
NPAC,New Providence Acquisition Corp. III/Cayman,us,2026-07-27
NPACU,New Providence Acquisition Corp. III/Cayman,us,2026-07-14
NPB,NORTHPOINTE BANCSHARES INC,us,2026-07-27
NPCE,NeuroPace Inc,us,2026-07-27
NPCT,Nuveen Core Plus Impact Fund,us,2026-07-27
NPFD,Nuveen Variable Rate Preferred & Income Fund,us,2026-07-27
NPK,NATIONAL PRESTO INDUSTRIES INC,us,2026-07-27
NPKI,NPK International Inc.,us,2026-07-27
NPO,Enpro Inc.,us,2026-07-27
NPT,Texxon Holding Ltd,us,2026-07-27
NPV,NUVEEN VIRGINIA QUALITY MUNICIPAL INCOME FUND,us,2026-07-27
NPWR,NET Power Inc.,us,2026-07-15
NRC,NRC HEALTH,us,2026-07-27
NRDS,"NERDWALLET, INC.",us,2026-07-27
NREF,"NexPoint Real Estate Finance, Inc.",us,2026-07-27
NREF-PA,,us,2026-07-27
NRG,"NRG ENERGY, INC.",us,2026-07-27
NRGD,BANK OF MONTREAL /CAN/,us,2026-07-27
NRGU,BANK OF MONTREAL /CAN/,us,2026-07-27
NRGV,"Energy Vault Holdings, Inc.",us,2026-07-27
NRIM,NORTHRIM BANCORP INC,us,2026-07-27
NRIX,"Nurix Therapeutics, Inc.",us,2026-07-27
NRK,NUVEEN NEW YORK AMT-FREE QUALITY MUNICIPAL INCOME FUND,us,2026-07-27
NRO,NEUBERGER REAL ESTATE SECURITIES INCOME FUND INC,us,2026-07-27
NRP,NATURAL RESOURCE PARTNERS LP,us,2026-07-27
NRT,NORTH EUROPEAN OIL ROYALTY TRUST,us,2026-07-27
NRUC,NATIONAL RURAL UTILITIES COOPERATIVE FINANCE CORP /DC/,us,2026-07-27
NRXP,"NRX Pharmaceuticals, Inc.",us,2026-07-27
NRXS,"Neuraxis, INC",us,2026-07-27
NSA,National Storage Affiliates Trust,us,2026-07-27
NSA-PA,,us,2026-07-27
NSA-PB,,us,2026-07-27
NSC,NORFOLK SOUTHERN CORP,us,2026-07-27
NSIT,INSIGHT ENTERPRISES INC,us,2026-07-27
NSLR,Neostellar Capital Corp.,us,2026-07-27
NSLRL,Neostellar Capital Corp.,us,2026-07-27
NSP,"INSPERITY, INC.",us,2026-07-27
NSRX,Nasus Pharma Ltd,us,2026-07-27
NSSC,"NAPCO SECURITY TECHNOLOGIES, INC",us,2026-07-27
NSTS,"NSTS Bancorp, Inc.",us,2026-07-27
NSYS,NORTECH SYSTEMS INC,us,2026-07-27
NTAP,"NetApp, Inc.",us,2026-07-27
NTB,Bank of N.T. Butterfield & Son Ltd,us,2026-07-27
NTCL,NetClass Technology Inc,us,2026-07-27
NTCT,NETSCOUT SYSTEMS INC,us,2026-07-27
NTES,"NetEase, Inc.",us,2026-07-27
NTGR,"NETGEAR, INC.",us,2026-07-27
NTHI,"NEONC TECHNOLOGIES HOLDINGS, INC.",us,2026-07-27
NTIC,NORTHERN TECHNOLOGIES INTERNATIONAL CORP,us,2026-07-27
NTIP,"NETWORK-1 TECHNOLOGIES, INC.",us,2026-07-15
NTLA,"Intellia Therapeutics, Inc.",us,2026-07-27
NTNX,"Nutanix, Inc.",us,2026-07-27
NTR,Nutrien Ltd.,us,2026-07-27
NTRA,"Natera, Inc.",us,2026-07-27
NTRB,NutriBand Inc.,us,2026-07-27
NTRP,"NextTrip, Inc.",us,2026-07-16
NTRS,NORTHERN TRUST CORP,us,2026-07-27
NTRSO,NORTHERN TRUST CORP,us,2026-07-27
NTSK,Netskope Inc,us,2026-07-27
NTST,NETSTREIT Corp.,us,2026-07-27
NTWK,NETSOL TECHNOLOGIES INC,us,2026-07-27
NTWO,Newbury Street II Acquisition Corp,us,2026-07-14
NTWOU,Newbury Street II Acquisition Corp,us,2026-07-14
NTZ,NATUZZI S P A,us,2026-07-15
NU,Nu Holdings Ltd.,us,2026-07-27
NUAI,"New ERA Energy & Digital, Inc.",us,2026-07-27
NUAIW,"New ERA Energy & Digital, Inc.",us,2026-07-24
NUCL,Eagle Nuclear Energy Corp.,us,2026-07-27
NUCLW,Eagle Nuclear Energy Corp.,us,2026-07-15
NUE,NUCOR CORP,us,2026-07-27
NUS,"NU SKIN ENTERPRISES, INC.",us,2026-07-27
NUTR,NUSATRIP Inc,us,2026-07-14
NUTX,Nutex Health Inc.,us,2026-07-27
NUV,NUVEEN MUNICIPAL VALUE FUND INC,us,2026-07-27
NUVB,Nuvation Bio Inc.,us,2026-07-27
NUVL,"Nuvalent, Inc.",us,2026-07-24
NUW,Nuveen AMT-Free Municipal Value Fund,us,2026-07-27
NUWE,"Nuwellis, Inc.",us,2026-07-27
NVA,Nova Minerals Corp,us,2026-07-27
NVA-WT,,us,2026-07-27
NVAX,NOVAVAX INC,us,2026-07-27
NVCR,NovoCure Ltd,us,2026-07-27
NVCT,"Nuvectis Pharma, Inc.",us,2026-07-27
NVDA,NVIDIA CORP,us,2026-07-27
NVEC,NVE CORP /NEW/,us,2026-07-27
NVG,Nuveen AMT-Free Municipal Credit Income Fund,us,2026-07-27
NVGS,Navigator Holdings Ltd.,us,2026-07-27
NVMI,NOVA LTD.,us,2026-07-27
NVNI,Nvni Group Ltd,us,2026-07-15
NVNO,enVVeno Medical Corp,us,2026-07-27
NVO,NOVO NORDISK A S,us,2026-07-27
NVR,NVR INC,us,2026-07-27
NVRI,Enviri Corp,us,2026-07-27
NVS,NOVARTIS AG,us,2026-07-27
NVST,Envista Holdings Corp,us,2026-07-27
NVT,nVent Electric plc,us,2026-07-27
NVTS,Navitas Semiconductor Corp,us,2026-07-27
NVVE,Nuvve Holding Corp.,us,2026-07-27
NWAX,New America Acquisition I Corp.,us,2026-07-27
NWAX-UN,,us,2026-07-27
NWBI,"Northwest Bancshares, Inc.",us,2026-07-27
NWE,"NorthWestern Energy Group, Inc.",us,2026-07-27
NWFL,NORWOOD FINANCIAL CORP,us,2026-07-27
NWG,NatWest Group plc,us,2026-07-27
NWL,NEWELL BRANDS INC.,us,2026-07-27
NWN,Northwest Natural Holding Co,us,2026-07-27
NWPX,"NWPX Infrastructure, Inc.",us,2026-07-27
NWS,NEWS CORP,us,2026-07-27
NWSA,NEWS CORP,us,2026-07-27
NX,Quanex Building Products CORP,us,2026-07-27
NXB,NextBoat Inc.,us,2026-07-22
NXDR,"Nextdoor Holdings, Inc.",us,2026-07-27
NXDT,NEXPOINT DIVERSIFIED REAL ESTATE TRUST,us,2026-07-27
NXDT-PA,,us,2026-07-27
NXE,NexGen Energy Ltd.,us,2026-07-27
NXG,NXG NextGen Infrastructure Income Fund,us,2026-07-27
NXP,NUVEEN SELECT TAX FREE INCOME PORTFOLIO,us,2026-07-27
NXPI,NXP Semiconductors N.V.,us,2026-07-27
NXPL,NextPlat Corp,us,2026-07-27
NXRT,"NexPoint Residential Trust, Inc.",us,2026-07-27
NXST,"NEXSTAR MEDIA GROUP, INC.",us,2026-07-27
NXT,Nextpower Inc.,us,2026-07-27
NXTC,"NextCure, Inc.",us,2026-07-27
NXTS,Nexentis Technologies Inc.,us,2026-07-23
NXTT,Next Technology Holding Inc.,us,2026-07-13
NYAX,Nayax Ltd.,us,2026-07-27
NYC,American Strategic Investment Co.,us,2026-07-27
NYT,NEW YORK TIMES CO,us,2026-07-27
NYXH,Nyxoah SA,us,2026-07-15
NZF,Nuveen Municipal Credit Income Fund,us,2026-07-27
O,REALTY INCOME CORP,us,2026-07-27
OABI,"OmniAb, Inc.",us,2026-07-27
OACC,Oaktree Acquisition Corp. III Life Sciences,us,2026-07-27
OACCU,Oaktree Acquisition Corp. III Life Sciences,us,2026-07-14
OAK-PA,,us,2026-07-27
OAK-PB,,us,2026-07-27
OBA,Oxley Bridge Acquisition Ltd,us,2026-07-14
OBAWU,Oxley Bridge Acquisition Ltd,us,2026-07-14
OBDC,Blue Owl Capital Corp,us,2026-07-27
OBE,OBSIDIAN ENERGY LTD.,us,2026-07-27
OBIO,"Orchestra BioMed Holdings, Inc.",us,2026-07-27
OBK,"Origin Bancorp, Inc.",us,2026-07-27
OBT,"Orange County Bancorp, Inc. /DE/",us,2026-07-27
OBTC,Osprey Bitcoin Trust,us,2026-07-27
OC,Owens Corning,us,2026-07-27
OCAC-UN,,us,2026-07-27
OCC,OPTICAL CABLE CORP,us,2026-07-27
OCCI,"OFS Credit Company, Inc.",us,2026-07-27
OCCIM,"OFS Credit Company, Inc.",us,2026-07-27
OCCIN,"OFS Credit Company, Inc.",us,2026-07-27
OCFC,OCEANFIRST FINANCIAL CORP,us,2026-07-27
OCG,Oriental Culture Holding LTD,us,2026-07-15
OCGN,"Ocugen, Inc.",us,2026-07-15
OCS,Oculis Holding AG,us,2026-07-27
OCSAW,Oculis Holding AG,us,2026-07-14
OCSL,Oaktree Specialty Lending Corp,us,2026-07-27
OCTV,Octave Intelligence plc,us,2026-07-27
OCUL,"OCULAR THERAPEUTIX, INC",us,2026-07-27
ODC,Oil-Dri Corp of America,us,2026-07-27
ODD,Oddity Tech Ltd,us,2026-07-27
ODFL,"OLD DOMINION FREIGHT LINE, INC.",us,2026-07-27
ODTX,"Odyssey Therapeutics, Inc.",us,2026-07-27
ODV,Osisko Gold Group Inc.,us,2026-07-27
ODYS,Odysight.ai Inc.,us,2026-07-14
OEC,Orion S.A.,us,2026-07-27
OESX,"ORION ENERGY SYSTEMS, INC.",us,2026-07-27
OFG,OFG BANCORP,us,2026-07-27
OFIX,Orthofix Medical Inc.,us,2026-07-27
OFLX,"Omega Flex, Inc.",us,2026-07-27
OFRM,"Once Upon a Farm, PBC",us,2026-07-27
OFS,OFS Capital Corp,us,2026-07-27
OFSSH,OFS Capital Corp,us,2026-07-14
OFSSO,OFS Capital Corp,us,2026-07-14
OGC,OceanaGold Corp,us,2026-07-27
OGCP,"Empire State Realty OP, L.P.",us,2026-07-14
OGE,OGE ENERGY CORP.,us,2026-07-27
OGG,Osisko Gold Group Inc.,us,2026-07-27
OGN,Organon & Co.,us,2026-07-27
OGS,"ONE Gas, Inc.",us,2026-07-27
OHAC,Oceanhawk Acquisition Corp.,us,2026-07-27
OHACU,Oceanhawk Acquisition Corp.,us,2026-07-14
OHI,OMEGA HEALTHCARE INVESTORS INC,us,2026-07-27
OI,"O-I Glass, Inc. /DE/",us,2026-07-27
OIA,Invesco Municipal Income Opportunities Trust,us,2026-07-27
OII,OCEANEERING INTERNATIONAL INC,us,2026-07-27
OILD,BANK OF MONTREAL /CAN/,us,2026-07-27
OILU,BANK OF MONTREAL /CAN/,us,2026-07-27
OIM,OneIM Acquisition Corp.,us,2026-07-14
OIMAU,OneIM Acquisition Corp.,us,2026-07-14
OIO,OIO Group,us,2026-07-24
OIS,"OIL STATES INTERNATIONAL, INC",us,2026-07-27
OKE,ONEOK INC /NEW/,us,2026-07-27
OKLO,Oklo Inc.,us,2026-07-27
OKTA,"Okta, Inc.",us,2026-07-27
OKUR,"OnKure Therapeutics, Inc.",us,2026-07-27
OKYO,OKYO Pharma Ltd,us,2026-07-15
OLED,UNIVERSAL DISPLAY CORP \PA\,us,2026-07-27
OLLI,"Ollie's Bargain Outlet Holdings, Inc.",us,2026-07-27
OLMA,"Olema Pharmaceuticals, Inc.",us,2026-07-27
OLN,OLIN Corp,us,2026-07-27
OLOX,OLENOX INDUSTRIES INC.,us,2026-07-27
OLP,ONE LIBERTY PROPERTIES INC,us,2026-07-27
OLPX,,us,2026-07-23
OM,"Outset Medical, Inc.",us,2026-07-27
OMAB,Central North Airport Group,us,2026-07-27
OMC,OMNICOM GROUP INC.,us,2026-07-27
OMCL,"OMNICELL, INC.",us,2026-07-27
OMDA,"Omada Health, Inc.",us,2026-07-27
OMER,OMEROS CORP,us,2026-07-27
OMF,"OneMain Holdings, Inc.",us,2026-07-27
OMSE,OMS Energy Technologies Inc.,us,2026-07-27
ON,ON SEMICONDUCTOR CORP,us,2026-07-27
ONB,OLD NATIONAL BANCORP /IN/,us,2026-07-27
ONBPO,OLD NATIONAL BANCORP /IN/,us,2026-07-27
ONBPP,OLD NATIONAL BANCORP /IN/,us,2026-07-27
ONC,BeOne Medicines Ltd.,us,2026-07-27
ONCH,1RT Acquisition Corp.,us,2026-07-27
ONCHU,1RT Acquisition Corp.,us,2026-07-27
ONDS,Ondas Inc.,us,2026-07-27
ONEG,OneConstruction Group Ltd,us,2026-07-15
ONEW,OneWater Marine Inc.,us,2026-07-27
ONIT,ONITY GROUP INC.,us,2026-07-27
ONL,Orion Properties Inc.,us,2026-07-27
ONON,On Holding AG,us,2026-07-27
ONT,"Onterris, Inc.",us,2026-07-27
ONTO,ONTO INNOVATION INC.,us,2026-07-27
OOMA,OOMA INC,us,2026-07-27
OPAD,Offerpad Solutions Inc.,us,2026-07-27
OPAL,OPAL Fuels Inc.,us,2026-07-27
OPBK,OP Bancorp,us,2026-07-27
OPCH,"Option Care Health, Inc.",us,2026-07-27
OPEN,Opendoor Technologies Inc.,us,2026-07-27
OPFI,OppFi Inc.,us,2026-07-27
OPHC,"OptimumBank Holdings, Inc.",us,2026-07-27
OPI,OFFICE PROPERTIES INCOME TRUST,us,2026-07-27
OPK,"OPKO HEALTH, INC.",us,2026-07-15
OPLN,"OPENLANE, Inc.",us,2026-07-27
OPP,"RiverNorth/DoubleLine Strategic Opportunity Fund, Inc.",us,2026-07-27
OPP-PA,,us,2026-07-27
OPP-PB,,us,2026-07-27
OPP-PC,,us,2026-07-14
OPRA,Opera Ltd,us,2026-07-27
OPRT,Oportun Financial Corp,us,2026-07-27
OPRX,OptimizeRx Corp,us,2026-07-27
OPTH,Optimi Health Corp.,us,2026-07-27
OPTU,"Optimum Communications, Inc.",us,2026-07-15
OPTX,"SYNTEC OPTICS HOLDINGS, INC.",us,2026-07-27
OPTXW,"SYNTEC OPTICS HOLDINGS, INC.",us,2026-07-13
OPXS,Optex Systems Holdings Inc,us,2026-07-27
OPY,OPPENHEIMER HOLDINGS INC,us,2026-07-27
OR,OR Royalties Inc.,us,2026-07-27
ORA,"ORMAT TECHNOLOGIES, INC.",us,2026-07-27
ORC,"Orchid Island Capital, Inc.",us,2026-07-27
ORCL,ORACLE CORP,us,2026-07-27
ORCL-PD,,us,2026-07-27
ORGO,Organogenesis Holdings Inc.,us,2026-07-27
ORI,OLD REPUBLIC INTERNATIONAL CORP,us,2026-07-27
ORIC,"Oric Pharmaceuticals, Inc.",us,2026-07-27
ORIQ,Origin Investment Corp I,us,2026-07-14
ORIQU,Origin Investment Corp I,us,2026-07-14
ORKA,"Oruka Therapeutics, Inc.",us,2026-07-27
ORKT,ORANGEKLOUD TECHNOLOGY INC.,us,2026-07-15
ORLA,Orla Mining Ltd.,us,2026-07-27
ORLY,O REILLY AUTOMOTIVE INC,us,2026-07-27
ORMP,ORAMED PHARMACEUTICALS INC.,us,2026-07-27
ORN,Orion Group Holdings Inc,us,2026-07-27
ORRF,ORRSTOWN FINANCIAL SERVICES INC,us,2026-07-27
OSBC,OLD SECOND BANCORP INC,us,2026-07-27
OSCR,"Oscar Health, Inc.",us,2026-07-27
OSG,OCTAVE SPECIALTY GROUP INC,us,2026-07-27
OSIS,OSI SYSTEMS INC,us,2026-07-27
OSK,OSHKOSH CORP,us,2026-07-27
OSPN,OneSpan Inc.,us,2026-07-27
OSPRU,Osprey Acquisition Corp. III,us,2026-07-27
OSS,"ONE STOP SYSTEMS, INC.",us,2026-07-27
OST,"Ostin Technology Group Co., Ltd.",us,2026-07-15
OSTX,OS Therapies Inc,us,2026-07-15
OSUR,ORASURE TECHNOLOGIES INC,us,2026-07-27
OSW,ONESPAWORLD HOLDINGS Ltd,us,2026-07-27
OTAI,Starlink AI Acquisition Corp,us,2026-07-27
OTAI-UN,,us,2026-07-27
OTEX,OPEN TEXT CORP,us,2026-07-27
OTF,Blue Owl Technology Finance Corp.,us,2026-07-27
OTGA,OTG Acquisition Corp. I,us,2026-07-27
OTGAU,OTG Acquisition Corp. I,us,2026-07-27
OTIS,Otis Worldwide Corp,us,2026-07-27
OTLK,"Outlook Therapeutics, Inc.",us,2026-07-15
OTLY,Oatly Group AB,us,2026-07-27
OTTR,Otter Tail Corp,us,2026-07-27
OUNZ,VanEck Merk Gold ETF,us,2026-07-27
OUST,"Ouster, Inc.",us,2026-07-27
OUT,OUTFRONT Media Inc.,us,2026-07-27
OVBC,OHIO VALLEY BANC CORP,us,2026-07-27
OVID,Ovid Therapeutics Inc.,us,2026-07-27
OVLY,Oak Valley Bancorp,us,2026-07-27
OVV,Ovintiv Inc.,us,2026-07-27
OWL,BLUE OWL CAPITAL INC.,us,2026-07-27
OWLS,OBOOK HOLDINGS INC.,us,2026-07-27
OWLT,"Owlet, Inc.",us,2026-07-27
OXBR,OXBRIDGE RE HOLDINGS Ltd,us,2026-07-15
OXLC,Oxford Lane Capital Corp.,us,2026-07-27
OXLCG,Oxford Lane Capital Corp.,us,2026-07-27
OXLCI,Oxford Lane Capital Corp.,us,2026-07-27
OXLCL,Oxford Lane Capital Corp.,us,2026-07-27
OXLCM,Oxford Lane Capital Corp.,us,2026-07-27
OXLCN,Oxford Lane Capital Corp.,us,2026-07-27
OXLCO,Oxford Lane Capital Corp.,us,2026-07-27
OXLCZ,Oxford Lane Capital Corp.,us,2026-07-27
OXM,OXFORD INDUSTRIES INC,us,2026-07-27
OXSQ,Oxford Square Capital Corp.,us,2026-07-15
OXSQG,Oxford Square Capital Corp.,us,2026-07-27
OXSQH,Oxford Square Capital Corp.,us,2026-07-27
OXY,OCCIDENTAL PETROLEUM CORP /DE/,us,2026-07-27
OXY-WT,,us,2026-07-27
OYSE,Oyster Enterprises II Acquisition Corp,us,2026-07-14
OYSEU,Oyster Enterprises II Acquisition Corp,us,2026-07-14
OZ,"Belpointe PREP, LLC",us,2026-07-27
OZK,Bank OZK,us,2026-07-27
OZKAP,Bank OZK,us,2026-07-27
P,"Everpure, Inc.",us,2026-07-27
PAA,PLAINS ALL AMERICAN PIPELINE LP,us,2026-07-27
PAAC,Proem Acquisition Corp. I,us,2026-07-14
PAACU,Proem Acquisition Corp. I,us,2026-07-14
PAAS,PAN AMERICAN SILVER CORP,us,2026-07-27
PAC,Pacific Airport Group,us,2026-07-27
PACB,"PACIFIC BIOSCIENCES OF CALIFORNIA, INC.",us,2026-07-15
PACH,Pioneer Acquisition I Corp,us,2026-07-27
PACHU,Pioneer Acquisition I Corp,us,2026-07-14
PACK,Ranpak Holdings Corp.,us,2026-07-27
PACS,"PACS Group, Inc.",us,2026-07-27
PAG,"PENSKE AUTOMOTIVE GROUP, INC.",us,2026-07-27
PAGP,PLAINS GP HOLDINGS LP,us,2026-07-27
PAGS,PagSeguro Digital Ltd.,us,2026-07-27
PAHC,PHIBRO ANIMAL HEALTH CORP,us,2026-07-27
PAI,Western Asset Investment Grade Income Fund Inc.,us,2026-07-27
PAII,Pyrophyte Acquisition Corp. II,us,2026-07-16
PAII-UN,,us,2026-07-14
PAL,"Proficient Auto Logistics, Inc",us,2026-07-27
PALI,"PALISADE BIO, INC.",us,2026-07-24
PALL,abrdn Palladium ETF Trust,us,2026-07-27
PALO,PALOMA ACQUISITION CORP I,us,2026-07-14
PALOU,PALOMA ACQUISITION CORP I,us,2026-07-14
PAM,Pampa Energy Inc.,us,2026-07-27
PAMT,PAMT CORP,us,2026-07-27
PANL,Pangaea Logistics Solutions Ltd.,us,2026-07-27
PANW,Palo Alto Networks Inc,us,2026-07-27
PAR,PAR DRUGS AND CHEM LTD,us,2026-07-27
PARK,"Park Dental Partners, Inc.",us,2026-07-27
PARR,"PAR PACIFIC HOLDINGS, INC.",us,2026-07-27
PASG,"Passage BIO, Inc.",us,2026-07-27
PATH,"UiPath, Inc.",us,2026-07-27
PATK,PATRICK INDUSTRIES INC,us,2026-07-27
PAVM,PAVmed Inc.,us,2026-07-27
PAVS,Paranovus Entertainment Technology Ltd.,us,2026-07-14
PAX,Patria Investments Ltd,us,2026-07-27
PAXS,PIMCO Access Income Fund,us,2026-07-27
PAY,"Paymentus Holdings, Inc.",us,2026-07-27
PAYC,"Paycom Software, Inc.",us,2026-07-27
PAYO,Payoneer Global Inc.,us,2026-07-27
PAYP,PayPay Corp,us,2026-07-27
PAYS,"Paysign, Inc.",us,2026-07-27
PAYX,PAYCHEX INC,us,2026-07-27
PB,PROSPERITY BANCSHARES INC,us,2026-07-27
PBA,PEMBINA PIPELINE CORP,us,2026-07-27
PBF,PBF Energy Inc.,us,2026-07-27
PBFS,"Pioneer Bancorp, Inc./MD",us,2026-07-27
PBH,Prestige Consumer Healthcare Inc.,us,2026-07-27
PBHC,"Pathfinder Bancorp, Inc.",us,2026-07-27
PBI,PITNEY BOWES INC /DE/,us,2026-07-27
PBI-PB,,us,2026-07-27
PBLS,"Parabilis Medicines, Inc.",us,2026-07-27
PBM,PSYENCE BIOMEDICAL LTD.,us,2026-07-27
PBR,PETROBRAS - PETROLEO BRASILEIRO SA,us,2026-07-27
PBR-A,PETROBRAS - PETROLEO BRASILEIRO SA,us,2026-07-27
PBT,PERMIAN BASIN ROYALTY TRUST,us,2026-07-27
PBYI,"PUMA BIOTECHNOLOGY, INC.",us,2026-07-27
PC,Premium Catering (Holdings) Ltd,us,2026-07-27
PCAP,ProCap Acquisition Corp,us,2026-07-27
PCAPU,ProCap Acquisition Corp,us,2026-07-27
PCAR,PACCAR INC,us,2026-07-27
PCB,PCB BANCORP,us,2026-07-27
PCF,HIGH INCOME SECURITIES FUND,us,2026-07-27
PCG,PG&E Corp,us,2026-07-27
PCG-PA,,us,2026-07-27
PCG-PB,,us,2026-07-27
PCG-PC,,us,2026-07-22
PCG-PD,,us,2026-07-27
PCG-PE,,us,2026-07-27
PCG-PG,,us,2026-07-27
PCG-PH,,us,2026-07-27
PCG-PI,,us,2026-07-14
PCG-PX,,us,2026-07-27
PCLA,PicoCELA Inc.,us,2026-07-27
PCM,"PCM FUND, INC.",us,2026-07-27
PCN,PIMCO CORPORATE & INCOME STRATEGY FUND,us,2026-07-27
PCOR,"PROCORE TECHNOLOGIES, INC.",us,2026-07-27
PCQ,PIMCO CALIFORNIA MUNICIPAL INCOME FUND,us,2026-07-27
PCRX,"Pacira BioSciences, Inc.",us,2026-07-27
PCSA,"Processa Pharmaceuticals, Inc.",us,2026-07-27
PCSC,"Freenome, Inc.",us,2026-07-27
PCT,"PureCycle Technologies, Inc.",us,2026-07-27
PCTTU,"PureCycle Technologies, Inc.",us,2026-07-14
PCTY,Paylocity Holding Corp,us,2026-07-27
PCVX,"Vaxcyte, Inc.",us,2026-07-27
PCYO,PURE CYCLE CORP,us,2026-07-27
PD,"PagerDuty, Inc.",us,2026-07-27
PDC,Perpetuals.com Ltd,us,2026-07-27
PDCC,Pearl Diver Credit Co Inc.,us,2026-07-27
PDD,PDD Holdings Inc.,us,2026-07-27
PDEX,PRO DEX INC,us,2026-07-27
PDFS,PDF SOLUTIONS INC,us,2026-07-27
PDI,PIMCO Dynamic Income Fund,us,2026-07-27
PDLB,"Ponce Financial Group, Inc.",us,2026-07-27
PDM,"Piedmont Realty Trust, Inc.",us,2026-07-27
PDO,PIMCO Dynamic Income Opportunities Fund,us,2026-07-27
PDPA,Pearl Diver Credit Co Inc.,us,2026-07-27
PDS,PRECISION DRILLING Corp,us,2026-07-27
PDT,JOHN HANCOCK PREMIUM DIVIDEND FUND,us,2026-07-27
PDX,PIMCO Dynamic Income Strategy Fund,us,2026-07-27
PDYN,Palladyne AI Corp.,us,2026-07-27
PEB,Pebblebrook Hotel Trust,us,2026-07-27
PEB-PE,,us,2026-07-27
PEB-PF,,us,2026-07-27
PEB-PG,,us,2026-07-27
PEB-PH,,us,2026-07-27
PEBK,PEOPLES BANCORP OF NORTH CAROLINA INC,us,2026-07-27
PEBO,PEOPLES BANCORP INC,us,2026-07-27
PECE,Peace Acquisition Corp.,us,2026-07-27
PECEU,Peace Acquisition Corp.,us,2026-07-27
PECO,"Phillips Edison & Company, Inc.",us,2026-07-27
PED,PEDEVCO CORP,us,2026-07-27
PEG,PUBLIC SERVICE ENTERPRISE GROUP INC,us,2026-07-27
PEGA,PEGASYSTEMS INC,us,2026-07-27
PEN,Penumbra Inc,us,2026-07-27
PENG,"Penguin Solutions, Inc.",us,2026-07-27
PENN,"PENN Entertainment, Inc.",us,2026-07-27
PEO,"ADAMS NATURAL RESOURCES FUND, INC.",us,2026-07-27
PEP,PEPSICO INC,us,2026-07-27
PEPG,PepGen Inc.,us,2026-07-24
PERF,Perfect Corp.,us,2026-07-15
PERI,Perion Network Ltd.,us,2026-07-27
PESI,PERMA FIX ENVIRONMENTAL SERVICES INC,us,2026-07-27
PETS,PETMED EXPRESS INC,us,2026-07-24
PETZ,"TDH Holdings, Inc.",us,2026-07-15
PEW,GrabAGun Digital Holdings Inc.,us,2026-07-27
PFAI,Pinnacle Food Group Ltd,us,2026-07-27
PFBC,Preferred Bank,us,2026-07-27
PFD,FLAHERTY & CRUMRINE PREFERRED & INCOME FUND INC,us,2026-07-27
PFE,PFIZER INC,us,2026-07-27
PFFL,UBS AG,us,2026-07-27
PFG,PRINCIPAL FINANCIAL GROUP INC,us,2026-07-27
PFGC,Performance Food Group Co,us,2026-07-27
PFH,PRUDENTIAL FINANCIAL INC,us,2026-07-27
PFIS,PEOPLES FINANCIAL SERVICES CORP.,us,2026-07-27
PFL,POPULAR FOUNDATIONS LIMITED,us,2026-07-27
PFLA,PennantPark Floating Rate Capital Ltd.,us,2026-07-27
PFLT,PennantPark Floating Rate Capital Ltd.,us,2026-07-27
PFN,PIMCO Income Strategy Fund II,us,2026-07-27
PFO,Flaherty & Crumrine PREFERRED & INCOME OPPORTUNITY FUND INC,us,2026-07-27
PFS,PTC INDIA FIN SERV LTD,us,2026-07-27
PFSA,"Profusa, Inc.",us,2026-07-16
PFSI,"PennyMac Financial Services, Inc.",us,2026-07-27
PFX,PhenixFIN Corp,us,2026-07-27
PFXNZ,PhenixFIN Corp,us,2026-07-14
PG,PROCTER & GAMBLE Co,us,2026-07-27
PGAC,PANTAGES CAPITAL ACQUISITION Corp,us,2026-07-14
PGACU,PANTAGES CAPITAL ACQUISITION Corp,us,2026-07-14
PGC,PEAPACK GLADSTONE FINANCIAL CORP,us,2026-07-27
PGEN,"PRECIGEN, INC.",us,2026-07-27
PGNY,"Progyny, Inc.",us,2026-07-27
PGP,PIMCO Global StocksPLUS & Income Fund,us,2026-07-27
PGR,PROGRESSIVE CORP/OH/,us,2026-07-27
PGY,Pagaya Technologies Ltd.,us,2026-07-27
PGZ,Principal Real Estate Income Fund,us,2026-07-27
PH,Parker-Hannifin Corp,us,2026-07-27
PHAR,Pharming Group N.V.,us,2026-07-27
PHAT,"Phathom Pharmaceuticals, Inc.",us,2026-07-27
PHG,KONINKLIJKE PHILIPS NV,us,2026-07-27
PHI,PLDT Inc.,us,2026-07-27
PHIN,PHINIA INC.,us,2026-07-27
PHIO,Phio Pharmaceuticals Corp.,us,2026-07-15
PHK,PIMCO HIGH INCOME FUND,us,2026-07-27
PHM,PULTEGROUP INC/MI/,us,2026-07-27
PHOE,Phoenix Asia Holdings Ltd,us,2026-07-27
PHR,"Phreesia, Inc.",us,2026-07-27
PHUN,"Phunware, Inc.",us,2026-07-27
PHVS,Pharvaris N.V.,us,2026-07-27
PHXE-P,,us,2026-07-27
PHYS,Sprott Physical Gold Trust,us,2026-07-27
PI,IMPINJ INC,us,2026-07-27
PICS,PicS N.V.,us,2026-07-27
PII,Polaris Inc.,us,2026-07-27
PIII,P3 Health Partners Inc.,us,2026-07-27
PIM,PUTNAM MASTER INTERMEDIATE INCOME TRUST,us,2026-07-27
PINE,"Alpine Income Property Trust, Inc.",us,2026-07-27
PINE-PA,,us,2026-07-27
PINS,"PINTEREST, INC.",us,2026-07-27
PIPR,PIPER SANDLER COMPANIES,us,2026-07-27
PJT,PJT Partners Inc.,us,2026-07-27
PK,Park Hotels & Resorts Inc.,us,2026-07-27
PKBK,"PARKE BANCORP, INC.",us,2026-07-27
PKE,PARK AEROSPACE CORP,us,2026-07-27
PKG,PACKAGING CORP OF AMERICA,us,2026-07-27
PKOH,PARK OHIO HOLDINGS CORP,us,2026-07-27
PKX,POSCO HOLDINGS INC.,us,2026-07-27
PL,Planet Labs PBC,us,2026-07-27
PLAB,PHOTRONICS INC,us,2026-07-27
PLAG,Planet Green Holdings Corp.,us,2026-07-15
PLAY,"Dave & Buster's Entertainment, Inc.",us,2026-07-27
PLBC,PLUMAS BANCORP,us,2026-07-27
PLBL,Polibeli Group Ltd,us,2026-07-27
PLBY,"Playboy, Inc.",us,2026-07-15
PLCE,"Childrens Place, Inc.",us,2026-07-27
PLD,"Prologis, Inc.",us,2026-07-27
PLG,PLATINUM GROUP METALS LTD,us,2026-07-15
PLGO,Pelagos Insurance Capital Ltd,us,2026-07-27
PLMK,"Plum Acquisition Corp, IV",us,2026-07-27
PLMKU,"Plum Acquisition Corp, IV",us,2026-07-14
PLMR,"Palomar Holdings, Inc.",us,2026-07-27
PLNT,"Planet Fitness, Inc.",us,2026-07-27
PLOW,"DOUGLAS DYNAMICS, INC",us,2026-07-27
PLPC,PREFORMED LINE PRODUCTS CO,us,2026-07-27
PLRX,"PLIANT THERAPEUTICS, INC.",us,2026-07-15
PLRZ,Polyrizon Ltd.,us,2026-07-27
PLSE,"PULSE BIOSCIENCES, INC.",us,2026-07-27
PLSM,Pulsenmore Ltd.,us,2026-07-27
PLTK,Playtika Holding Corp.,us,2026-07-27
PLTM,GraniteShares Platinum Trust,us,2026-07-27
PLTR,Palantir Technologies Inc.,us,2026-07-27
PLTS,Platinum Analytics Cayman Ltd,us,2026-07-14
PLUG,PLUG POWER INC,us,2026-07-27
PLUN,Plutonian Acquisition Corp. II,us,2026-07-27
PLUN-UN,,us,2026-07-27
PLUR,Pluri Inc.,us,2026-07-15
PLUS,EPLUS INC,us,2026-07-27
PLUT,Plutus Financial Group Ltd,us,2026-07-27
PLX,"Protalix BioTherapeutics, Inc.",us,2026-07-27
PLXS,PLEXUS CORP,us,2026-07-27
PLYX,"Polaryx Therapeutics, Inc.",us,2026-07-27
PM,Philip Morris International Inc.,us,2026-07-27
PMA,Ming Shing Group Holdings Ltd,us,2026-07-15
PMAX,Powell Max Ltd,us,2026-07-15
PML,PAUL MERCHANTS LTD.,us,2026-07-27
PMM,PUTNAM MANAGED MUNICIPAL INCOME TRUST,us,2026-07-27
PMN,ProMIS Neurosciences Inc.,us,2026-07-27
PMO,PUTNAM MUNICIPAL OPPORTUNITIES TRUST,us,2026-07-27
PMT,PennyMac Mortgage Investment Trust,us,2026-07-27
PMT-PA,,us,2026-07-27
PMT-PB,,us,2026-07-27
PMT-PC,,us,2026-07-27
PMTR,Perimeter Acquisition Corp. I,us,2026-07-27
PMTRU,Perimeter Acquisition Corp. I,us,2026-07-14
PMTS,CPI Card Group Inc.,us,2026-07-27
PMTU,PennyMac Mortgage Investment Trust,us,2026-07-27
PMTV,PennyMac Mortgage Investment Trust,us,2026-07-27
PMTW,PennyMac Mortgage Investment Trust,us,2026-07-27
PMVP,"PMV Pharmaceuticals, Inc.",us,2026-07-15
PN,PN Smart Energy Ltd,us,2026-07-27
PNBK,PATRIOT NATIONAL BANCORP INC,us,2026-07-15
PNC,PRITISH NANDY COMMUNICATI,us,2026-07-27
PNFP,"Pinnacle Financial Partners, Inc.",us,2026-07-27
PNFP-PA,,us,2026-07-27
PNFP-PB,,us,2026-07-27
PNFP-PC,,us,2026-07-27
PNI,PIMCO NEW YORK MUNICIPAL INCOME FUND II,us,2026-07-27
PNNT,PENNANTPARK INVESTMENT CORP,us,2026-07-27
PNR,PENTAIR plc,us,2026-07-27
PNRG,PRIMEENERGY RESOURCES CORP,us,2026-07-27
PNTG,"Pennant Group, Inc.",us,2026-07-27
PNW,PINNACLE WEST CAPITAL CORP,us,2026-07-27
POCI,"PRECISION OPTICS CORPORATION, INC.",us,2026-07-27
PODC,"PodcastOne, Inc.",us,2026-07-27
PODD,INSULET CORP,us,2026-07-27
POET,POET TECHNOLOGIES INC.,us,2026-07-27
POLA,"Polar Power, Inc.",us,2026-07-15
POLE,Andretti Acquisition Corp. II,us,2026-07-27
POLEU,Andretti Acquisition Corp. II,us,2026-07-14
POM,POMDOCTOR Ltd,us,2026-07-15
PONO,"Pono Capital Four, Inc.",us,2026-07-14
PONOU,"Pono Capital Four, Inc.",us,2026-07-14
PONY,Pony AI Inc.,us,2026-07-27
POOL,POOL CORP,us,2026-07-27
POR,PORTLAND GENERAL ELECTRIC CO /OR/,us,2026-07-27
POST,"Post Holdings, Inc.",us,2026-07-27
POWI,POWER INTEGRATIONS INC,us,2026-07-27
POWL,POWELL INDUSTRIES INC,us,2026-07-27
POWW,Outdoor Holding Co,us,2026-07-27
POWWP,Outdoor Holding Co,us,2026-07-27
PPBT,PURPLE BIOTECH LTD.,us,2026-07-15
PPC,PILGRIMS PRIDE CORP,us,2026-07-27
PPCB,"Propanc Biopharma, Inc.",us,2026-07-15
PPG,PPG INDUSTRIES INC,us,2026-07-27
PPHC,"Public Policy Holding Company, Inc.",us,2026-07-27
PPIH,"Perma-Pipe International Holdings, Inc.",us,2026-07-27
PPL,Prakash Pipes Limited,us,2026-07-27
PPLC,PPL Corp,us,2026-07-27
PPLI,People Inc,us,2026-07-27
PPLT,abrdn Platinum ETF Trust,us,2026-07-27
PPSI,"PIONEER POWER SOLUTIONS, INC.",us,2026-07-27
PPT,PUTNAM PREMIER INCOME TRUST,us,2026-07-27
PPTA,PERPETUA RESOURCES CORP.,us,2026-07-27
PR,Permian Resources Corp,us,2026-07-27
PRAA,PRA GROUP INC,us,2026-07-27
PRAX,"Praxis Precision Medicines, Inc.",us,2026-07-27
PRCH,"Porch Group, Inc.",us,2026-07-27
PRCT,PROCEPT BioRobotics Corp,us,2026-07-27
PRDO,PERDOCEO EDUCATION Corp,us,2026-07-27
PRE,Prenetics Global Ltd,us,2026-07-27
PRFX,PRF Technologies Ltd.,us,2026-07-15
PRG,"PROG Holdings, Inc.",us,2026-07-27
PRGO,PERRIGO Co plc,us,2026-07-27
PRGS,PROGRESS SOFTWARE CORP /MA,us,2026-07-27
PRH,PRUDENTIAL FINANCIAL INC,us,2026-07-27
PRHI,"Presurance Holdings, Inc.",us,2026-07-14
PRHIZ,"Presurance Holdings, Inc.",us,2026-07-27
PRI,"Primerica, Inc.",us,2026-07-27
PRIF-PD,,us,2026-07-14
PRIF-PK,,us,2026-07-27
PRIF-PL,,us,2026-07-27
PRIM,Primoris Services Corp,us,2026-07-27
PRK,PARK NATIONAL CORP /OH/,us,2026-07-27
PRKS,United Parks & Resorts Inc.,us,2026-07-27
PRLB,Proto Labs Inc,us,2026-07-27
PRLD,Prelude Therapeutics Inc,us,2026-07-27
PRM,"Perimeter Solutions, Inc.",us,2026-07-27
PRMB,Primo Brands Corp,us,2026-07-27
PRME,"Prime Medicine, Inc.",us,2026-07-27
PROF,Profound Medical Corp.,us,2026-07-27
PROK,PROKIDNEY CORP.,us,2026-07-15
PROV,PROVIDENT FINANCIAL HOLDINGS INC,us,2026-07-27
PRPL,"Purple Innovation, Inc.",us,2026-07-27
PRPO,"Precipio, Inc.",us,2026-07-27
PRQR,ProQR Therapeutics N.V.,us,2026-07-15
PRS,PRUDENTIAL FINANCIAL INC,us,2026-07-27
PRSU,"Pursuit Attractions & Hospitality, Inc.",us,2026-07-27
PRT,PermRock Royalty Trust,us,2026-07-27
PRTA,PROTHENA CORP PUBLIC LTD CO,us,2026-07-27
PRTH,"Priority Technology Holdings, Inc.",us,2026-07-27
PRTS,"CarParts.com, Inc.",us,2026-07-27
PRU,PRUDENTIAL FINANCIAL INC,us,2026-07-27
PRVA,"Privia Health Group, Inc.",us,2026-07-27
PS,PERSHING SQUARE INC.,us,2026-07-27
PSA,Public Storage,us,2026-07-27
PSA-PF,,us,2026-07-27
PSA-PG,,us,2026-07-27
PSA-PH,,us,2026-07-27
PSA-PI,,us,2026-07-27
PSA-PJ,,us,2026-07-27
PSA-PK,,us,2026-07-27
PSA-PL,,us,2026-07-27
PSA-PM,,us,2026-07-27
PSA-PN,,us,2026-07-27
PSA-PO,,us,2026-07-27
PSA-PP,,us,2026-07-27
PSA-PQ,,us,2026-07-27
PSA-PR,,us,2026-07-27
PSA-PS,,us,2026-07-27
PSBD,Palmer Square Capital BDC Inc.,us,2026-07-27
PSEC,PROSPECT CAPITAL CORP,us,2026-07-27
PSEC-PA,,us,2026-07-27
PSF,"Cohen & Steers Select Preferred & Income Fund, Inc.",us,2026-07-27
PSFE,Paysafe Ltd,us,2026-07-27
PSHG,Performance Shipping Inc.,us,2026-07-15
PSIG,PS International Group Ltd.,us,2026-07-15
PSIX,"POWER SOLUTIONS INTERNATIONAL, INC.",us,2026-07-27
PSKY,Paramount Skydance Corp,us,2026-07-27
PSLV,Sprott Physical Silver Trust,us,2026-07-27
PSMT,PRICESMART INC,us,2026-07-27
PSN,PARSONS CORP,us,2026-07-27
PSNL,"Personalis, Inc.",us,2026-07-27
PSNY,Polestar Automotive Holding UK PLC,us,2026-07-27
PSNYW,Polestar Automotive Holding UK PLC,us,2026-07-27
PSO,PEARSON PLC,us,2026-07-27
PSQH,"PSQ Holdings, Inc.",us,2026-07-27
PSTL,"Postal Realty Trust, Inc.",us,2026-07-27
PSTV,"PLUS THERAPEUTICS, INC.",us,2026-07-27
PSUS,"Pershing Square USA, Ltd.",us,2026-07-27
PSX,Phillips 66,us,2026-07-27
PTA,Cohen & Steers Tax-Advantaged Preferred Securities & Income Fund,us,2026-07-27
PTAC,Patriot Acquisition Corp./CI,us,2026-07-14
PTACU,Patriot Acquisition Corp./CI,us,2026-07-27
PTC,PTC INDIA LIMITED,us,2026-07-27
PTCT,"PTC THERAPEUTICS, INC.",us,2026-07-27
PTEN,PATTERSON UTI ENERGY INC,us,2026-07-27
PTGX,"Protagonist Therapeutics, Inc",us,2026-07-27
PTHS,Pelthos Therapeutics Inc.,us,2026-07-27
PTLE,PTL Ltd,us,2026-07-27
PTLO,Portillo's Inc.,us,2026-07-27
PTN,PALATIN TECHNOLOGIES INC,us,2026-07-27
PTNM,,us,2026-07-14
PTON,"PELOTON INTERACTIVE, INC.",us,2026-07-27
PTOR,Praetorian Acquisition Corp.,us,2026-07-27
PTORU,Praetorian Acquisition Corp.,us,2026-07-14
PTRN,Pattern Group Inc.,us,2026-07-27
PTY,PIMCO CORPORATE & INCOME OPPORTUNITY FUND,us,2026-07-27
PUBM,"PubMatic, Inc.",us,2026-07-27
PUK,PRUDENTIAL PLC,us,2026-07-27
PULM,"Pulmatrix, Inc.",us,2026-07-15
PUMP,ProPetro Holding Corp.,us,2026-07-27
PURR,Hyperliquid Strategies Inc,us,2026-07-27
PUSA,Aureus Greenway Holdings Inc,us,2026-07-27
PVH,PVH CORP. /DE/,us,2026-07-27
PVL,Permianville Royalty Trust,us,2026-07-15
PVLA,"PALVELLA THERAPEUTICS, INC.",us,2026-07-27
PW,Power REIT,us,2026-07-27
PW-PA,Power REIT,us,2026-07-14
PWP,Perella Weinberg Partners,us,2026-07-27
PWR,"QUANTA SERVICES, INC.",us,2026-07-27
PWRL,Powerlaw Corp.,us,2026-07-27
PXED,"Phoenix Education Partners, Inc.",us,2026-07-27
PXLW,"PIXELWORKS, INC",us,2026-07-27
PXS,Pyxis Tankers Inc.,us,2026-07-27
PYPD,PolyPid Ltd.,us,2026-07-27
PYPL,"PayPal Holdings, Inc.",us,2026-07-27
PYT,PPLUS Trust Series GSC-2,us,2026-07-14
PYXS,"Pyxis Oncology, Inc.",us,2026-07-27
PZG,Paramount Gold Nevada Corp.,us,2026-07-15
PZZA,PAPA JOHNS INTERNATIONAL INC,us,2026-07-27
Q,"Qnity Electronics, Inc.",us,2026-07-27
QADR,QDRO Acquisition Corp.,us,2026-07-14
QADRU,QDRO Acquisition Corp.,us,2026-07-14
QBTS,D-Wave Quantum Inc.,us,2026-07-27
QCLS,"Q/C TECHNOLOGIES, INC.",us,2026-07-27
QCOM,QUALCOMM INC/DE,us,2026-07-27
QCRH,QCR HOLDINGS INC,us,2026-07-27
QDEL,QuidelOrtho Corp,us,2026-07-27
QETA,Quetta Acquisition Corp,us,2026-07-14
QETAU,Quetta Acquisition Corp,us,2026-07-14
QFIN,"Qfin Holdings, Inc.",us,2026-07-27
QGEN,QIAGEN N.V.,us,2026-07-27
QH,QUHUO Ltd,us,2026-07-27
QLEP,Quantum Leap Acquisition Corp,us,2026-07-27
QLYS,"QUALYS, INC.",us,2026-07-27
QMCO,QUANTUM CORP /DE/,us,2026-07-27
QMLS,"QumulusAI, Inc.",us,2026-07-27
QMMM,QMMM Holdings Ltd,us,2026-07-27
QNC,Quantum eMotion Corp,us,2026-07-27
QNCX,"Quince Therapeutics, Inc.",us,2026-07-27
QNRX,"Quoin Pharmaceuticals, Ltd.",us,2026-07-27
QNST,"QUINSTREET, INC",us,2026-07-27
QNT,Quantinuum Inc.,us,2026-07-27
QNTM,Quantum Biopharma Ltd.,us,2026-07-27
QQQ,"INVESCO QQQ TRUST, SERIES 1",us,2026-07-27
QQQX,Nuveen NASDAQ 100 Dynamic Overwrite Fund,us,2026-07-27
QRED,QuasarEdge Acquisition Corp,us,2026-07-27
QRED-UN,,us,2026-07-23
QRHC,Quest Resource Holding Corp,us,2026-07-15
QRVO,"Qorvo, Inc.",us,2026-07-27
QS,QuantumScape Corp,us,2026-07-27
QSEA,Quartzsea Acquisition Corp,us,2026-07-27
QSEAU,Quartzsea Acquisition Corp,us,2026-07-14
QSR,Restaurant Brands International Inc.,us,2026-07-27
QTEX,QTREX Quantum Ltd.,us,2026-07-15
QTI,"QT IMAGING HOLDINGS, INC.",us,2026-07-27
QTRX,Quanterix Corp,us,2026-07-27
QTTB,Q32 Bio Inc.,us,2026-07-27
QTWO,"Q2 Holdings, Inc.",us,2026-07-27
QUAD,"Quad/Graphics, Inc.",us,2026-07-27
QUBT,Quantum Computing Inc.,us,2026-07-27
QUCY,Quantum Cyber N.V.,us,2026-07-15
QUIK,QUICKLOGIC Corp,us,2026-07-27
QULL,UBS AG,us,2026-07-14
QUMS,Quantumsphere Acquisition Corp,us,2026-07-27
QUMSU,Quantumsphere Acquisition Corp,us,2026-07-14
QURE,uniQure N.V.,us,2026-07-27
QXL,QUANTUM X LABS INC.,us,2026-07-14
QXO,"QXO, Inc.",us,2026-07-27
QXO-PB,,us,2026-07-27
R,RYDER SYSTEM INC,us,2026-07-27
RA,Brookfield Real Assets Income Fund Inc.,us,2026-07-27
RAAQU,,us,2026-07-14
RAAQW,,us,2026-07-13
RAC,Rithm Acquisition Corp.,us,2026-07-27
RAC-UN,,us,2026-07-14
RACC,Research Alliance Corp III,us,2026-07-27
RACD,Research Alliance Corp IV,us,2026-07-27
RACE,RACE ECO CHAIN LIMITED,us,2026-07-27
RADX,Radiopharm Theranostics Ltd,us,2026-07-27
RAIL,"FreightCar America, Inc.",us,2026-07-27
RAIN,RAIN INDUSTRIES LIMITED,us,2026-07-15
RAL,Resourceful Automobile Limited,us,2026-07-27
RAMP,"LiveRamp Holdings, Inc.",us,2026-07-27
RAND,RAND CAPITAL CORP,us,2026-07-27
RANG,Range Capital Acquisition Corp.,us,2026-07-14
RANGU,Range Capital Acquisition Corp.,us,2026-07-14
RAPP,"Rapport Therapeutics, Inc.",us,2026-07-27
RARE,Ultragenyx Pharmaceutical Inc.,us,2026-07-27
RAVE,"RAVE RESTAURANT GROUP, INC.",us,2026-07-27
RAY,Raytech Holding Ltd,us,2026-07-27
RAYA,Erayak Power Solution Group Inc.,us,2026-07-27
RBA,RESTAURANT BRAND ASIA LTD,us,2026-07-27
RBB,RBB Bancorp,us,2026-07-27
RBBN,Ribbon Communications Inc.,us,2026-07-27
RBC,RBC Bearings INC,us,2026-07-27
RBCAA,REPUBLIC BANCORP INC /KY/,us,2026-07-27
RBKB,"Rhinebeck Bancorp, Inc.",us,2026-07-27
RBLX,Roblox Corp,us,2026-07-27
RBNE,Robin Energy Ltd.,us,2026-07-27
RBRK,"Rubrik, Inc.",us,2026-07-27
RC,Ready Capital Corp,us,2026-07-15
RC-PC,Ready Capital Corp,us,2026-07-14
RC-PE,Ready Capital Corp,us,2026-07-27
RCAT,"Red Cat Holdings, Inc.",us,2026-07-27
RCD,Ready Capital Corp,us,2026-07-27
RCEL,"AVITA Medical, Inc.",us,2026-07-27
RCG,"RENN Fund, Inc.",us,2026-07-27
RCI,ROGERS COMMUNICATIONS INC,us,2026-07-27
RCKT,"ROCKET PHARMACEUTICALS, INC.",us,2026-07-27
RCKY,"ROCKY BRANDS, INC.",us,2026-07-27
RCL,ROYAL CARIBBEAN CRUISES LTD,us,2026-07-27
RCMT,"RCM TECHNOLOGIES, INC.",us,2026-07-27
RCS,"PIMCO STRATEGIC INCOME FUND, INC.",us,2026-07-27
RCUS,"Arcus Biosciences, Inc.",us,2026-07-27
RDAC,Rising Dragon Acquisition Corp.,us,2026-07-27
RDACU,Rising Dragon Acquisition Corp.,us,2026-07-14
RDAG,Republic Digital Acquisition Co,us,2026-07-27
RDAGU,Republic Digital Acquisition Co,us,2026-07-14
RDCM,RADCOM LTD,us,2026-07-27
RDDT,"Reddit, Inc.",us,2026-07-27
RDGT,Ridgetech Inc.,us,2026-07-15
RDI,READING INTERNATIONAL INC,us,2026-07-15
RDIB,READING INTERNATIONAL INC,us,2026-07-27
RDN,RADIAN GROUP INC,us,2026-07-27
RDNT,"RadNet, Inc.",us,2026-07-27
RDNW,"RideNow Group, Inc.",us,2026-07-27
RDVT,"Red Violet, Inc.",us,2026-07-27
RDW,Redwire Corp,us,2026-07-27
RDWR,RADWARE LTD,us,2026-07-27
RDY,DR REDDYS LABORATORIES LTD,us,2026-07-27
RDZN,Roadzen Inc.,us,2026-07-15
REA,"Rare Earths Americas, Inc.",us,2026-07-27
REAL,"TheRealReal, Inc.",us,2026-07-27
REAX,Real Brokerage Inc,us,2026-07-22
REBN,"Reborn Coffee, Inc.",us,2026-07-15
RECT,Rectitude Holdings Ltd.,us,2026-07-15
REED,"REED'S, INC.",us,2026-07-15
REFI,"Chicago Atlantic Real Estate Finance, Inc.",us,2026-07-27
REG,REGENCY CENTERS CORP,us,2026-07-27
REGCO,REGENCY CENTERS CORP,us,2026-07-27
REGCP,REGENCY CENTERS CORP,us,2026-07-27
REGN,"REGENERON PHARMACEUTICALS, INC.",us,2026-07-27
REI,"RING ENERGY, INC.",us,2026-07-15
RELL,"RICHARDSON ELECTRONICS, LTD.",us,2026-07-27
RELX,RELX PLC,us,2026-07-27
RELY,"Remitly Global, Inc.",us,2026-07-27
RENT,"Rent the Runway, Inc.",us,2026-07-27
RENX,RenX Enterprises Corp.,us,2026-07-27
REPL,"Replimune Group, Inc.",us,2026-07-27
REPX,"Riley Exploration Permian, Inc.",us,2026-07-27
RERE,ATRenew Inc.,us,2026-07-27
RES,RPC INC,us,2026-07-27
RETO,"ReTo Eco-Solutions, Inc.",us,2026-07-27
REVB,"REVELATION BIOSCIENCES, INC.",us,2026-07-15
REX,REX AMERICAN RESOURCES Corp,us,2026-07-27
REXR,"Rexford Industrial Realty, Inc.",us,2026-07-27
REXR-PB,,us,2026-07-27
REXR-PC,,us,2026-07-27
REYN,Reynolds Consumer Products Inc.,us,2026-07-27
REZI,"RESIDEO TECHNOLOGIES, INC.",us,2026-07-27
RF,REGIONS FINANCIAL CORP,us,2026-07-27
RF-PC,REGIONS FINANCIAL CORP,us,2026-07-27
RF-PE,REGIONS FINANCIAL CORP,us,2026-07-27
RF-PF,REGIONS FINANCIAL CORP,us,2026-07-27
RFAI,RF Acquisition Corp II,us,2026-07-14
RFAIU,RF Acquisition Corp II,us,2026-07-14
RFAM,RF Acquisition Corp III,us,2026-07-14
RFAMU,RF Acquisition Corp III,us,2026-07-14
RFI,COHEN & STEERS TOTAL RETURN REALTY FUND INC,us,2026-07-27
RFIL,Rajnandini Fashion India Limit,us,2026-07-27
RFL,RUPAREL FOOD PRODUCTS LIMITED,us,2026-07-27
RFM,"RiverNorth Flexible Municipal Income Fund, Inc.",us,2026-07-27
RFMZ,"RiverNorth Flexible Municipal Income Fund II, Inc.",us,2026-07-27
RGA,REINSURANCE GROUP OF AMERICA INC,us,2026-07-27
RGC,Regencell Bioscience Holdings Ltd,us,2026-07-27
RGCO,RGC RESOURCES INC,us,2026-07-27
RGEN,REPLIGEN CORP,us,2026-07-27
RGLD,ROYAL GOLD INC,us,2026-07-27
RGNT,REGENTIS BIOMATERIALS LTD.,us,2026-07-23
RGNX,REGENXBIO Inc.,us,2026-07-27
RGP,"RESOURCES CONNECTION, INC.",us,2026-07-27
RGR,STURM RUGER & CO INC,us,2026-07-27
RGS,REGIS CORP,us,2026-07-27
RGT,"ROYCE GLOBAL TRUST, INC.",us,2026-07-27
RGTI,"Rigetti Computing, Inc.",us,2026-07-27
RGTIW,"Rigetti Computing, Inc.",us,2026-07-24
RH,RH,us,2026-07-27
RHI,ROBERT HALF INC.,us,2026-07-27
RHLD,"Resolute Holdings Management, Inc.",us,2026-07-27
RHP,"Ryman Hospitality Properties, Inc.",us,2026-07-27
RIBB,Ribbon Acquisition Corp.,us,2026-07-14
RIBBU,Ribbon Acquisition Corp.,us,2026-07-14
RICK,"RCI HOSPITALITY HOLDINGS, INC.",us,2026-07-27
RIG,Transocean Ltd.,us,2026-07-27
RIGL,RIGEL PHARMACEUTICALS INC,us,2026-07-27
RILY,"BRC Group Holdings, Inc.",us,2026-07-27
RILYG,"BRC Group Holdings, Inc.",us,2026-07-27
RILYL,"BRC Group Holdings, Inc.",us,2026-07-27
RILYN,"BRC Group Holdings, Inc.",us,2026-07-27
RILYP,"BRC Group Holdings, Inc.",us,2026-07-27
RILYT,"BRC Group Holdings, Inc.",us,2026-07-27
RILYZ,"BRC Group Holdings, Inc.",us,2026-07-27
RIO,RIO TINTO PLC,us,2026-07-27
RIOT,"Riot Platforms, Inc.",us,2026-07-27
RITM,Rithm Capital Corp.,us,2026-07-27
RITM-PA,,us,2026-07-27
RITM-PB,,us,2026-07-27
RITM-PC,,us,2026-07-27
RITM-PD,,us,2026-07-27
RITM-PE,,us,2026-07-27
RITM-PF,,us,2026-07-27
RIV,"RIVERNORTH OPPORTUNITIES FUND, INC.",us,2026-07-27
RIV-PA,,us,2026-07-27
RIVN,"Rivian Automotive, Inc. / DE",us,2026-07-27
RJET,REPUBLIC AIRWAYS HOLDINGS INC.,us,2026-07-27
RJF,RAYMOND JAMES FINANCIAL INC,us,2026-07-27
RKLB,Rocket Lab Corp,us,2026-07-27
RKT,"Rocket Companies, Inc.",us,2026-07-27
RL,RALPH LAUREN CORP,us,2026-07-27
RLAY,"Relay Therapeutics, Inc.",us,2026-07-27
RLGT,"RADIANT LOGISTICS, INC",us,2026-07-27
RLI,RLI CORP,us,2026-07-27
RLJ,RLJ Lodging Trust,us,2026-07-27
RLJ-PA,,us,2026-07-27
RLMD,"RELMADA THERAPEUTICS, INC.",us,2026-07-27
RLTY,Cohen & Steers Real Estate Opportunities & Income Fund,us,2026-07-27
RLX,RLX Technology Inc.,us,2026-07-27
RLYB,Rallybio Corp,us,2026-07-27
RM,Regional Management Corp.,us,2026-07-27
RMAX,"RE/MAX Holdings, Inc.",us,2026-07-27
RMBI,"Richmond Mutual Bancorporation, Inc.",us,2026-07-27
RMBS,RAMBUS INC,us,2026-07-27
RMCF,"Rocky Mountain Chocolate Factory, Inc.",us,2026-07-15
RMCO,Royalty Management Holding Corp,us,2026-07-27
RMD,RESMED INC,us,2026-07-27
RMI,"RiverNorth Opportunistic Municipal Income Fund, Inc.",us,2026-07-27
RMIX,"Suncrete, Inc.",us,2026-07-27
RMM,"RiverNorth Managed Duration Municipal Income Fund, Inc.",us,2026-07-27
RMMZ,"RiverNorth Managed Duration Municipal Income Fund II, Inc.",us,2026-07-27
RMNI,"Rimini Street, Inc.",us,2026-07-27
RMR,RMR GROUP INC.,us,2026-07-27
RMT,"ROYCE MICRO-CAP TRUST, INC.",us,2026-07-27
RMTI,"ROCKWELL MEDICAL, INC.",us,2026-07-27
RNA,"Atrium Therapeutics, Inc.",us,2026-07-27
RNAC,"Cartesian Therapeutics, Inc.",us,2026-07-27
RNAZ,"Transcode Therapeutics, Inc.",us,2026-07-27
RNG,"RingCentral, Inc.",us,2026-07-27
RNGR,"Ranger Energy Services, Inc.",us,2026-07-27
RNGT,Range Capital Acquisition Corp II,us,2026-07-14
RNGTU,Range Capital Acquisition Corp II,us,2026-07-14
RNP,COHEN & STEERS REIT & PREFERRED & INCOME FUND INC,us,2026-07-27
RNR,RENAISSANCERE HOLDINGS LTD,us,2026-07-27
RNR-PF,,us,2026-07-27
RNR-PG,,us,2026-07-27
RNST,RENASANT CORP,us,2026-07-27
RNW,ReNew Energy Global plc,us,2026-07-27
ROAD,"Construction Partners, Inc.",us,2026-07-27
ROC,Rank One Computing Corp,us,2026-07-27
ROCK,"GIBRALTAR INDUSTRIES, INC.",us,2026-07-27
ROG,ROGERS CORP,us,2026-07-27
ROIV,Roivant Sciences Ltd.,us,2026-07-27
ROK,"ROCKWELL AUTOMATION, INC",us,2026-07-27
ROKU,"ROKU, INC",us,2026-07-27
ROL,ROLLINS INC,us,2026-07-27
ROLR,"High Roller Technologies, Inc.",us,2026-07-27
ROMA,Roma Green Finance Ltd,us,2026-07-27
ROOT,"Root, Inc.",us,2026-07-27
ROP,ROPER TECHNOLOGIES INC,us,2026-07-27
ROST,"ROSS STORES, INC.",us,2026-07-27
RPAY,Repay Holdings Corp,us,2026-07-27
RPC,"Ridgepost Capital, Inc.",us,2026-07-27
RPD,"Rapid7, Inc.",us,2026-07-27
RPGL,Republic Power Group Ltd,us,2026-07-15
RPID,"RAPID MICRO BIOSYSTEMS, INC.",us,2026-07-23
RPM,RPM INTERNATIONAL INC/DE/,us,2026-07-27
RPRX,Royalty Pharma plc,us,2026-07-27
RPT,Rithm Property Trust Inc.,us,2026-07-27
RPT-PC,,us,2026-07-27
RQI,COHEN & STEERS QUALITY INCOME REALTY FUND INC,us,2026-07-27
RR,RICHTECH ROBOTICS INC.,us,2026-07-15
RRBI,RED RIVER BANCSHARES INC,us,2026-07-27
RRC,RANGE RESOURCES CORP,us,2026-07-27
RREV,RRE Ventures Acquisition Corp.,us,2026-07-27
RREVU,RRE Ventures Acquisition Corp.,us,2026-07-27
RRGB,RED ROBIN GOURMET BURGERS INC,us,2026-07-27
RRR,"Red Rock Resorts, Inc.",us,2026-07-27
RRX,REGAL REXNORD CORP,us,2026-07-27
RS,"RELIANCE, INC.",us,2026-07-27
RSF,"RiverNorth Capital & Income Fund, Inc.",us,2026-07-27
RSG,"REPUBLIC SERVICES, INC.",us,2026-07-27
RSI,"Rush Street Interactive, Inc.",us,2026-07-27
RSKD,RISKIFIED LTD.,us,2026-07-27
RSSS,"Research Solutions, Inc.",us,2026-07-27
RSVR,"Reservoir Media, Inc.",us,2026-07-27
RTAC,Renatus Tactical Acquisition Corp I,us,2026-07-27
RTACU,Renatus Tactical Acquisition Corp I,us,2026-07-27
RTB,"RTB Digital, Inc.",us,2026-07-27
RTO,RENTOKIL INITIAL PLC /FI,us,2026-07-27
RTX,RTX Corp,us,2026-07-27
RUBI,Rubico Inc.,us,2026-07-27
RUM,RUM Group Inc.,us,2026-07-27
RUMBW,RUM Group Inc.,us,2026-07-13
RUN,Sunrun Inc.,us,2026-07-27
RUSHA,RUSH ENTERPRISES INC \TX\,us,2026-07-27
RUSHB,RUSH ENTERPRISES INC \TX\,us,2026-07-27
RVI,Robinhood Ventures Fund I,us,2026-07-27
RVLV,"Revolve Group, Inc.",us,2026-07-27
RVMD,"Revolution Medicines, Inc.",us,2026-07-27
RVMDW,"Revolution Medicines, Inc.",us,2026-07-24
RVSB,RIVERVIEW BANCORP INC,us,2026-07-27
RVSN,Rail Vision Ltd.,us,2026-07-27
RVT,"ROYCE SMALL-CAP TRUST, INC.",us,2026-07-27
RVTY,"REVVITY, INC.",us,2026-07-27
RWAY,Runway Growth Finance Corp.,us,2026-07-27
RWAYI,Runway Growth Finance Corp.,us,2026-07-27
RWAYL,Runway Growth Finance Corp.,us,2026-07-27
RWT,REDWOOD TRUST INC,us,2026-07-27
RWT-PA,,us,2026-07-27
RWTN,REDWOOD TRUST INC,us,2026-07-27
RWTO,REDWOOD TRUST INC,us,2026-07-27
RWTP,REDWOOD TRUST INC,us,2026-07-27
RWTQ,REDWOOD TRUST INC,us,2026-07-27
RWTS,REDWOOD TRUST INC,us,2026-07-27
RXO,"RXO, Inc.",us,2026-07-27
RXRX,"RECURSION PHARMACEUTICALS, INC.",us,2026-07-27
RXST,"RxSight, Inc.",us,2026-07-27
RXT,"Rackspace Technology, Inc.",us,2026-07-27
RY,ROYAL BANK OF CANADA,us,2026-07-27
RYAAY,RYANAIR HOLDINGS PLC,us,2026-07-27
RYAM,RAYONIER ADVANCED MATERIALS INC.,us,2026-07-27
RYAN,"RYAN SPECIALTY HOLDINGS, INC.",us,2026-07-27
RYET,Ruanyun Edai Technology Inc.,us,2026-07-15
RYM,"RYTHM, Inc.",us,2026-07-27
RYN,RAYONIER INC,us,2026-07-27
RYOJ,"rYojbaba Co., Ltd.",us,2026-07-27
RYTM,"RHYTHM PHARMACEUTICALS, INC.",us,2026-07-27
RYZ,Ryerson Holding Corp,us,2026-07-27
RZC,REINSURANCE GROUP OF AMERICA INC,us,2026-07-27
RZLT,"Rezolute, Inc.",us,2026-07-27
RZLV,REZOLVE AI PLC,us,2026-07-27
RZLVW,REZOLVE AI PLC,us,2026-07-13
S,"SentinelOne, Inc.",us,2026-07-27
SA,SEABRIDGE GOLD INC,us,2026-07-27
SAAQ,Space Asset Acquisition Corp.,us,2026-07-27
SAAQU,Space Asset Acquisition Corp.,us,2026-07-27
SABA,Saba Capital Income & Opportunities Fund II,us,2026-07-27
SABR,Sabre Corp,us,2026-07-15
SABS,"SAB Biotherapeutics, Inc.",us,2026-07-27
SAC,Safeguard Acquisition Corp.,us,2026-07-14
SAC-UN,,us,2026-07-14
SACH-PA,,us,2026-07-27
SAFE,Sodhani Academy of Fintech Ena,us,2026-07-27
SAFT,SAFETY INSURANCE GROUP INC,us,2026-07-27
SAGU,Shreya Acquisition Group,us,2026-07-27
SAGU-UN,,us,2026-07-14
SAH,SONIC AUTOMOTIVE INC,us,2026-07-27
SAIA,SAIA INC,us,2026-07-27
SAIC,Science Applications International Corp,us,2026-07-27
SAIH,SAIHEAT Ltd,us,2026-07-27
SAIL,STEEL AUTHORITY OF INDIA,us,2026-07-27
SAJ,SARATOGA INVESTMENT CORP.,us,2026-07-27
SAM,BOSTON BEER CO INC,us,2026-07-27
SAMG,Silvercrest Asset Management Group Inc.,us,2026-07-27
SAMO-UN,,us,2026-07-27
SAN,"Banco Santander, S.A.",us,2026-07-27
SANA,"Sana Biotechnology, Inc.",us,2026-07-27
SANG,Sangoma Technologies Corp,us,2026-07-27
SANM,SANMINA CORP,us,2026-07-27
SAP,SAP SE,us,2026-07-27
SAR,SARATOGA INVESTMENT CORP.,us,2026-07-27
SARO,"StandardAero, Inc.",us,2026-07-27
SAT,SARATOGA INVESTMENT CORP.,us,2026-07-27
SATA,"Strive, Inc.",us,2026-07-27
SATL,Satellogic Inc.,us,2026-07-27
SAV,SARATOGA INVESTMENT CORP.,us,2026-07-27
SAY,SARATOGA INVESTMENT CORP.,us,2026-07-27
SAZ,SARATOGA INVESTMENT CORP.,us,2026-07-27
SB,"SAFE BULKERS, INC.",us,2026-07-27
SB-PC,"SAFE BULKERS, INC.",us,2026-07-27
SB-PD,"SAFE BULKERS, INC.",us,2026-07-27
SBAC,SBA COMMUNICATIONS CORP,us,2026-07-27
SBC,SBC EXPORTS LIMITED,us,2026-07-27
SBCF,SEACOAST BANKING CORP OF FLORIDA,us,2026-07-27
SBET,"Sharplink, Inc.",us,2026-07-27
SBFG,"SB FINANCIAL GROUP, INC.",us,2026-07-27
SBFM,Sunshine Biopharma Inc.,us,2026-07-15
SBGI,"Sinclair, Inc.",us,2026-07-27
SBH,"Sally Beauty Holdings, Inc.",us,2026-07-27
SBI,WESTERN ASSET INTERMEDIATE MUNI FUND INC.,us,2026-07-27
SBLK,Star Bulk Carriers Corp.,us,2026-07-27
SBMT,SILVER BOW MINING CORP.,us,2026-07-27
SBR,SABINE ROYALTY TRUST,us,2026-07-27
SBRA,"Sabra Health Care REIT, Inc.",us,2026-07-27
SBS,COMPANHIA DE SANEAMENTO BASICO DO ESTADO DE SAO PAULO-SABESP,us,2026-07-27
SBSI,SOUTHSIDE BANCSHARES INC,us,2026-07-27
SBSW,Sibanye Stillwater Ltd,us,2026-07-27
SBUX,STARBUCKS CORP,us,2026-07-27
SBXD,SilverBox Corp IV,us,2026-07-27
SBXD-UN,,us,2026-07-14
SBXE,SilverBox Corp V,us,2026-07-14
SBXE-UN,,us,2026-07-14
SCCD,Sachem Capital Corp.,us,2026-07-27
SCCE,Sachem Capital Corp.,us,2026-07-27
SCCF,Sachem Capital Corp.,us,2026-07-27
SCCG,Sachem Capital Corp.,us,2026-07-27
SCCO,SOUTHERN COPPER CORP/,us,2026-07-27
SCD,LMP CAPITAL & INCOME FUND INC.,us,2026-07-27
SCDL,SAFETY CONTROLS & DEVICES LIMI,us,2026-07-14
SCE-PG,,us,2026-07-27
SCE-PL,,us,2026-07-27
SCE-PM,,us,2026-07-27
SCE-PN,,us,2026-07-27
SCHL,SCHOLASTIC CORP,us,2026-07-27
SCHW,SCHWAB CHARLES CORP,us,2026-07-27
SCHW-PD,,us,2026-07-27
SCHW-PJ,,us,2026-07-27
SCI,SHIPPING CORP OF INDIA LT,us,2026-07-27
SCII,SC II Acquisition Corp.,us,2026-07-14
SCIIU,SC II Acquisition Corp.,us,2026-07-14
SCL,STEPAN CO,us,2026-07-27
SCLX,Scilex Holding Co,us,2026-07-27
SCM,Stellus Capital Investment Corp,us,2026-07-27
SCO,ProShares Trust II,us,2026-07-27
SCOP,Sprott Physical Copper Trust,us,2026-07-27
SCOR,"COMSCORE, INC.",us,2026-07-27
SCPQ,Social Commerce Partners Corp,us,2026-07-14
SCPQU,Social Commerce Partners Corp,us,2026-07-14
SCSC,"SCANSOURCE, INC.",us,2026-07-27
SCWO,374Water Inc.,us,2026-07-27
SCYX,SCYNEXIS INC,us,2026-07-27
SCZM,Santacruz Silver Mining Ltd.,us,2026-07-27
SD,SANDRIDGE ENERGY INC,us,2026-07-27
SDEV,Stablecoin Development Corp,us,2026-07-15
SDGR,"Schrodinger, Inc.",us,2026-07-27
SDHC,Smith Douglas Homes Corp.,us,2026-07-27
SDHI,Siddhi Acquisition Corp (Cayman Islands),us,2026-07-14
SDHIU,Siddhi Acquisition Corp (Cayman Islands),us,2026-07-14
SDHY,PGIM Short Duration High Yield Opportunities Fund,us,2026-07-27
SDOT,Sadot Group Inc.,us,2026-07-27
SDRL,SEADRILL Ltd,us,2026-07-27
SDST,Stardust Power Inc.,us,2026-07-15
SE,Sea Ltd,us,2026-07-27
SEAL-PA,,us,2026-07-27
SEAL-PB,,us,2026-07-27
SEAT,Vivid Seats Inc.,us,2026-07-27
SEB,SEABOARD CORP /DE/,us,2026-07-27
SECZ,Securitize Corp.,us,2026-07-27
SEDG,"SOLAREDGE TECHNOLOGIES, INC.",us,2026-07-27
SEED,Origin Agritech LTD,us,2026-07-15
SEER,"Seer, Inc.",us,2026-07-24
SEG,Seaport Entertainment Group Inc.,us,2026-07-27
SEI,"Solaris Energy Infrastructure, Inc.",us,2026-07-27
SEIC,SEI INVESTMENTS CO,us,2026-07-27
SELF,"Global Self Storage, Inc.",us,2026-07-27
SEM,,us,2026-07-14
SENEA,Seneca Foods Corp,us,2026-07-27
SENEB,Seneca Foods Corp,us,2026-07-14
SENS,"Senseonics Holdings, Inc.",us,2026-07-27
SEPN,"Septerna, Inc.",us,2026-07-27
SER,"Serina Therapeutics, Inc.",us,2026-07-27
SERA,SERA INVESTMENTS & FINANCE IND,us,2026-07-27
SERV,Serve Robotics Inc. /DE/,us,2026-07-27
SEV,Aptera Motors Corp,us,2026-07-15
SEVN,Seven Hills Realty Trust,us,2026-07-27
SEZL,Sezzle Inc.,us,2026-07-27
SF,STIFEL FINANCIAL CORP,us,2026-07-27
SF-PB,STIFEL FINANCIAL CORP,us,2026-07-27
SF-PC,STIFEL FINANCIAL CORP,us,2026-07-27
SF-PD,STIFEL FINANCIAL CORP,us,2026-07-27
SFB,STIFEL FINANCIAL CORP,us,2026-07-27
SFBC,"Sound Financial Bancorp, Inc.",us,2026-07-27
SFBS,"ServisFirst Bancshares, Inc.",us,2026-07-27
SFD,SMITHFIELD FOODS INC,us,2026-07-27
SFHG,SAMFINE CREATION HOLDINGS GROUP Ltd,us,2026-07-27
SFIX,"Stitch Fix, Inc.",us,2026-07-27
SFL,SHEELA FOAM LIMITED,us,2026-07-27
SFM,"Sprouts Farmers Market, Inc.",us,2026-07-27
SFNC,SIMMONS FIRST NATIONAL CORP,us,2026-07-27
SFST,SOUTHERN FIRST BANCSHARES INC,us,2026-07-27
SG,"Sweetgreen, Inc.",us,2026-07-27
SGA,SAGA COMMUNICATIONS INC,us,2026-07-27
SGC,"SUPERIOR GROUP OF COMPANIES, INC.",us,2026-07-27
SGHC,Super Group (SGHC) Ltd,us,2026-07-27
SGHT,"Sight Sciences, Inc.",us,2026-07-27
SGI,SOMNIGROUP INTERNATIONAL INC.,us,2026-07-27
SGML,Sigma Lithium Corp,us,2026-07-27
SGMT,Sagimet Biosciences Inc.,us,2026-07-27
SGOL,abrdn Gold ETF Trust,us,2026-07-27
SGP,"SpyGlass Pharma, Inc.",us,2026-07-27
SGRY,"Surgery Partners, Inc.",us,2026-07-27
SGU,"STAR GROUP, L.P.",us,2026-07-27
SHAK,Shake Shack Inc.,us,2026-07-27
SHAZ,SharonAI Holdings Inc.,us,2026-07-27
SHBI,SHORE BANCSHARES INC,us,2026-07-27
SHC,Sotera Health Co,us,2026-07-27
SHEL,Shell plc,us,2026-07-27
SHEN,SHENANDOAH TELECOMMUNICATIONS CO/VA/,us,2026-07-27
SHG,SHINHAN FINANCIAL GROUP CO LTD,us,2026-07-27
SHIM,Shimmick Corp,us,2026-07-27
SHIP,Seanergy Maritime Holdings Corp.,us,2026-07-27
SHLS,"Shoals Technologies Group, Inc.",us,2026-07-27
SHMD,SCHMID Group N.V.,us,2026-07-27
SHMDW,SCHMID Group N.V.,us,2026-07-14
SHNY,BANK OF MONTREAL /CAN/,us,2026-07-27
SHO,"Sunstone Hotel Investors, Inc.",us,2026-07-27
SHO-PH,,us,2026-07-27
SHO-PI,,us,2026-07-27
SHOE,SHOE STATION GROUP INC,us,2026-07-27
SHOO,"STEVEN MADDEN, LTD.",us,2026-07-27
SHOP,SHOPIFY INC.,us,2026-07-27
SHOT,RMG ML Sports Holdings,us,2026-07-27
SHOTU,RMG ML Sports Holdings,us,2026-07-27
SHPH,"Shuttle Pharmaceuticals Holdings, Inc.",us,2026-07-27
SHW,SHERWIN WILLIAMS CO,us,2026-07-27
SI,"SHOULDER INNOVATIONS, INC.",us,2026-07-27
SIBN,"SI-BONE, Inc.",us,2026-07-27
SID,NATIONAL STEEL CO,us,2026-07-15
SIDU,Sidus Space Inc.,us,2026-07-16
SIEB,SIEBERT FINANCIAL CORP,us,2026-07-15
SIF,SIFCO INDUSTRIES INC,us,2026-07-27
SIFY,SIFY TECHNOLOGIES LTD,us,2026-07-27
SIG,SIGNET JEWELERS LTD,us,2026-07-27
SIGA,SIGA TECHNOLOGIES INC,us,2026-07-27
SIGI,SELECTIVE INSURANCE GROUP INC,us,2026-07-27
SIGIP,SELECTIVE INSURANCE GROUP INC,us,2026-07-27
SII,SPROTT INC.,us,2026-07-27
SILA,,us,2026-07-14
SILC,SILICOM LTD.,us,2026-07-27
SILO,"Silo Pharma, Inc.",us,2026-07-27
SIM,"GRUPO SIMEC, S.A.B. de C.V.",us,2026-07-24
SIMA,SIM Acquisition Corp. I,us,2026-07-27
SIMAU,SIM Acquisition Corp. I,us,2026-07-14
SIMO,Silicon Motion Technology CORP,us,2026-07-27
SIND,Sinda Ltd.,us,2026-07-27
SINT,"Sintx Technologies, Inc.",us,2026-07-15
SION,"Sionna Therapeutics, Inc.",us,2026-07-27
SIRI,SIRIUS XM HOLDINGS INC.,us,2026-07-27
SITC,SITE Centers Corp.,us,2026-07-27
SITE,"SiteOne Landscape Supply, Inc.",us,2026-07-27
SITM,SITIME Corp,us,2026-07-27
SIVR,abrdn Silver ETF Trust,us,2026-07-27
SJ,Scienjoy Holding Corp,us,2026-07-13
SJM,J M SMUCKER Co,us,2026-07-27
SJT,SAN JUAN BASIN ROYALTY TRUST,us,2026-07-27
SKE,Skeena Resources Ltd,us,2026-07-27
SKHY,SK hynix Inc.,us,2026-07-27
SKHYV,SK hynix Inc.,us,2026-07-27
SKIL,Skillsoft Corp.,us,2026-07-27
SKK,SKK Holdings Ltd,us,2026-07-27
SKM,SK Minerals & Additives Limite,us,2026-07-27
SKT,TANGER INC.,us,2026-07-27
SKWD,"Skyward Specialty Insurance Group, Inc.",us,2026-07-27
SKY,"Champion Homes, Inc.",us,2026-07-27
SKYA,"SkyAI, Inc.",us,2026-07-15
SKYH,Sky Harbour Group Corp,us,2026-07-27
SKYQ,Sky Quarry Inc.,us,2026-07-27
SKYT,"SkyWater Technology, Inc",us,2026-07-27
SKYW,SKYWEST INC,us,2026-07-27
SKYX,SKYX Platforms Corp.,us,2026-07-15
SLAB,SILICON LABORATORIES INC.,us,2026-07-27
SLAI,SOLAI Ltd,us,2026-07-24
SLB,SLB LIMITED/NV,us,2026-07-27
SLBT,SL Science Holding Ltd,us,2026-07-27
SLDB,Solid Biosciences Inc.,us,2026-07-27
SLDE,"Slide Insurance Holdings, Inc.",us,2026-07-27
SLDP,"Solid Power, Inc.",us,2026-07-27
SLE,"Super League Enterprise, Inc.",us,2026-07-27
SLF,SUN LIFE FINANCIAL INC,us,2026-07-27
SLG,SL GREEN REALTY CORP,us,2026-07-27
SLG-PI,,us,2026-07-27
SLGL,Sol-Gel Technologies Ltd.,us,2026-07-27
SLGN,SILGAN HOLDINGS INC,us,2026-07-27
SLI,STANDARD LITHIUM LTD.,us,2026-07-27
SLM,SLM Corp,us,2026-07-27
SLMBP,SLM Corp,us,2026-07-27
SLMT,Brera Holdings PLC,us,2026-07-27
SLN,Silence Therapeutics plc,us,2026-07-27
SLNG,"Stabilis Solutions, Inc.",us,2026-07-27
SLNH,"Soluna Holdings, Inc",us,2026-07-15
SLNHP,"Soluna Holdings, Inc",us,2026-07-27
SLP,"Simulations Plus, Inc.",us,2026-07-27
SLRC,SLR Investment Corp.,us,2026-07-27
SLS,"SELLAS Life Sciences Group, Inc.",us,2026-07-27
SLSR,Solaris Resources Inc.,us,2026-07-27
SLV,iShares Silver Trust,us,2026-07-27
SLVM,Sylvamo Corp,us,2026-07-27
SLVO,CREDIT SUISSE AG,us,2026-07-27
SLXN,Silexion Therapeutics Corp,us,2026-07-27
SM,SM Energy Co,us,2026-07-27
SMA,"SmartStop Self Storage REIT, Inc.",us,2026-07-27
SMBC,"SOUTHERN MISSOURI BANCORP, INC.",us,2026-07-27
SMBK,SMARTFINANCIAL INC.,us,2026-07-27
SMC,Summit Midstream Corp,us,2026-07-27
SMCI,"Super Micro Computer, Inc.",us,2026-07-27
SMCIP,"Super Micro Computer, Inc.",us,2026-07-27
SMFG,"SUMITOMO MITSUI FINANCIAL GROUP, INC.",us,2026-07-27
SMG,SCOTTS MIRACLE-GRO CO,us,2026-07-27
SMHB,UBS AG,us,2026-07-27
SMHI,SEACOR Marine Holdings Inc.,us,2026-07-27
SMID,SMITH MIDLAND CORP,us,2026-07-27
SMJF,SMJ International Holdings Inc.,us,2026-07-27
SMMT,Summit Therapeutics Inc.,us,2026-07-27
SMP,"STANDARD MOTOR PRODUCTS, INC.",us,2026-07-27
SMPL,Simply Good Foods Co,us,2026-07-27
SMR,SMR Jewels Limited,us,2026-07-27
SMRT,"SmartRent, Inc.",us,2026-07-13
SMSI,"SMITH MICRO SOFTWARE, INC.",us,2026-07-27
SMTC,SEMTECH CORP,us,2026-07-27
SMTI,Sanara MedTech Inc.,us,2026-07-27
SMWB,SIMILARWEB LTD.,us,2026-07-27
SMX,SMX (Security Matters) Public Ltd Co,us,2026-07-14
SN,"SharkNinja, Inc.",us,2026-07-27
SNA,Snap-on Inc,us,2026-07-27
SNAL,"Snail, Inc.",us,2026-07-27
SNAP,Snap Inc,us,2026-07-27
SND,"Smart Sand, Inc.",us,2026-07-27
SNDA,"SONIDA SENIOR LIVING, INC.",us,2026-07-27
SNDK,Sandisk Corp,us,2026-07-27
SNDL,SNDL Inc.,us,2026-07-15
SNDR,"Schneider National, Inc.",us,2026-07-27
SNDX,Syndax Pharmaceuticals Inc,us,2026-07-27
SNES,"SenesTech, Inc.",us,2026-07-15
SNEX,StoneX Group Inc.,us,2026-07-27
SNFCA,SECURITY NATIONAL FINANCIAL CORP,us,2026-07-27
SNN,SMITH & NEPHEW PLC,us,2026-07-27
SNOA,"Sonoma Pharmaceuticals, Inc.",us,2026-07-15
SNOW,Snowflake Inc.,us,2026-07-27
SNPS,SYNOPSYS INC,us,2026-07-27
SNT,Senstar Technologies Corp,us,2026-07-15
SNTG,Sentage Holdings Inc.,us,2026-07-27
SNTI,"Senti Biosciences Holdings, Inc.",us,2026-07-13
SNWV,"SANUWAVE Health, Inc.",us,2026-07-27
SNX,TD SYNNEX CORP,us,2026-07-27
SNY,Sanofi,us,2026-07-27
SO,SOUTHERN CO,us,2026-07-27
SOBO,South Bow Corp,us,2026-07-27
SOBR,"SOBR Safe, Inc.",us,2026-07-15
SOC,Sable Offshore Corp.,us,2026-07-27
SOCA,Solarius Capital Acquisition Corp.,us,2026-07-14
SOCAU,Solarius Capital Acquisition Corp.,us,2026-07-14
SOEZ,Franklin Solana Trust,us,2026-07-27
SOFI,"SoFi Technologies, Inc.",us,2026-07-27
SOGP,Sound Group Inc.,us,2026-07-27
SOHU,Sohu.com Ltd,us,2026-07-27
SOJC,SOUTHERN CO,us,2026-07-27
SOJD,SOUTHERN CO,us,2026-07-27
SOJE,SOUTHERN CO,us,2026-07-27
SOJF,SOUTHERN CO,us,2026-07-27
SOLC,Canary Marinade Solana ETF,us,2026-07-27
SOLS,Solstice Advanced Materials Inc.,us,2026-07-27
SOLV,Solventum Corp,us,2026-07-27
SOMN,SOUTHERN CO,us,2026-07-27
SON,SONOCO PRODUCTS CO,us,2026-07-27
SONM,"DNA X, Inc.",us,2026-07-27
SONO,Sonos Inc,us,2026-07-27
SONY,Sony Group Corp,us,2026-07-27
SOPH,SOPHiA GENETICS SA,us,2026-07-27
SOR,SOURCE CAPITAL /DE/,us,2026-07-27
SORA,AsiaStrategy,us,2026-07-27
SORN,Soren Acquisition Corp.,us,2026-07-14
SORNU,Soren Acquisition Corp.,us,2026-07-14
SOS,SOS Ltd,us,2026-07-15
SOTK,SONO TEK CORP,us,2026-07-27
SOUL,Soulpower Acquisition Corp.,us,2026-07-27
SOUL-UN,,us,2026-07-14
SOUN,"SOUNDHOUND AI, INC.",us,2026-07-27
SOUNW,"SOUNDHOUND AI, INC.",us,2026-07-14
SOWG,Sow Good Inc.,us,2026-07-27
SOYB,Teucrium Commodity Trust,us,2026-07-27
SPAI,Safe Pro Group Inc.,us,2026-07-27
SPB,"Spectrum Brands Holdings, Inc.",us,2026-07-27
SPCB,SuperCom Ltd,us,2026-07-27
SPCE,"Virgin Galactic Holdings, Inc",us,2026-07-27
SPCX,SPACE EXPLORATION TECHNOLOGIES CORP,us,2026-07-27
SPE,"SPECIAL OPPORTUNITIES FUND, INC.",us,2026-07-27
SPE-PC,,us,2026-07-14
SPEG,Silver Pegasus Acquisition Corp.,us,2026-07-27
SPEGU,Silver Pegasus Acquisition Corp.,us,2026-07-14
SPFI,"SOUTH PLAINS FINANCIAL, INC.",us,2026-07-27
SPG,SIMON PROPERTY GROUP INC.,us,2026-07-27
SPG-PJ,,us,2026-07-27
SPGI,S&P Global Inc.,us,2026-07-27
SPH,SUBURBAN PROPANE PARTNERS LP,us,2026-07-27
SPHL,SPRINGVIEW HOLDINGS LTD,us,2026-07-27
SPHR,Sphere Entertainment Co.,us,2026-07-27
SPIR,"Spire Global, Inc.",us,2026-07-27
SPKL,Spark I Acquisition Corp,us,2026-07-27
SPKLU,Spark I Acquisition Corp,us,2026-07-14
SPMA,"Sound Point Meridian Capital, Inc.",us,2026-07-27
SPMC,"Sound Point Meridian Capital, Inc.",us,2026-07-27
SPME,"Sound Point Meridian Capital, Inc.",us,2026-07-27
SPNT,SiriusPoint Ltd,us,2026-07-27
SPOK,"Spok Holdings, Inc",us,2026-07-27
SPOT,Spotify Technology S.A.,us,2026-07-27
SPPL,SIMPPLE LTD.,us,2026-07-27
SPPP,SPROTT PHYSICAL PLATINUM & PALLADIUM TRUST,us,2026-07-27
SPRB,"SPRUCE BIOSCIENCES, INC.",us,2026-07-27
SPRC,SciSparc Ltd.,us,2026-07-27
SPRO,"Spero Therapeutics, Inc.",us,2026-07-15
SPRU,SPRUCE POWER HOLDING CORP,us,2026-07-27
SPRY,"ARS Pharmaceuticals, Inc.",us,2026-07-27
SPSC,SPS COMMERCE INC,us,2026-07-27
SPT,"Sprout Social, Inc.",us,2026-07-27
SPTX,"Seaport Therapeutics, Inc.",us,2026-07-27
SPWH,"SPORTSMAN'S WAREHOUSE HOLDINGS, INC.",us,2026-07-15
SPXC,"SPX Technologies, Inc.",us,2026-07-27
SPXX,Nuveen S&P 500 Dynamic Overwrite Fund,us,2026-07-27
SPY,SPDR S&P 500 ETF TRUST,us,2026-07-27
SQFT,"Presidio Property Trust, Inc.",us,2026-07-27
SQFTP,"Presidio Property Trust, Inc.",us,2026-07-27
SQM,CHEMICAL & MINING CO OF CHILE INC,us,2026-07-27
SQNS,SEQUANS COMMUNICATIONS,us,2026-07-27
SR,SPIRE INC,us,2026-07-27
SRAD,Sportradar Group AG,us,2026-07-27
SRBK,"SR Bancorp, Inc.",us,2026-07-27
SRCE,1ST SOURCE CORP,us,2026-07-27
SRE,SEMPRA,us,2026-07-27
SREA,SEMPRA,us,2026-07-27
SRG,Seritage Growth Properties,us,2026-07-27
SRG-PA,,us,2026-07-27
SRI,STONERIDGE INC,us,2026-07-27
SRJN,SPIRE INC,us,2026-07-27
SRL,Scully Royalty Ltd.,us,2026-07-27
SRPT,"Sarepta Therapeutics, Inc.",us,2026-07-27
SRRK,Scholar Rock Holding Corp,us,2026-07-27
SRTA,"Strata Critical Medical, Inc.",us,2026-07-27
SRTS,"Sensus Healthcare, Inc.",us,2026-07-27
SRV,NXG Cushing Midstream Energy Fund,us,2026-07-27
SRXH,SRX Global Inc.,us,2026-07-22
SRZN,"Surrozen, Inc./DE",us,2026-07-27
SSAC,SPACSphere Acquisition Corp.,us,2026-07-27
SSACU,SPACSphere Acquisition Corp.,us,2026-07-14
SSB,SouthState Bank Corp,us,2026-07-27
SSD,"Simpson Manufacturing Co., Inc.",us,2026-07-27
SSEA,STARRY SEA ACQUISITION CORP,us,2026-07-14
SSEAU,STARRY SEA ACQUISITION CORP,us,2026-07-14
SSII,"SS Innovations International, Inc.",us,2026-07-27
SSL,SASOL LTD,us,2026-07-27
SSM,Sono Group N.V.,us,2026-07-27
SSMR,Sunshine Silver Mining & Refining Co,us,2026-07-27
SSNC,SS&C Technologies Holdings Inc,us,2026-07-27
SSP,E.W. SCRIPPS Co,us,2026-07-27
SSRM,SSR MINING INC.,us,2026-07-27
SSSS,,us,2026-07-14
SSSSL,,us,2026-07-14
SST,"System1, Inc.",us,2026-07-16
SSTI,"SOUNDTHINKING, INC.",us,2026-07-27
SSTK,"Shutterstock, Inc.",us,2026-07-27
SSYS,STRATASYS LTD.,us,2026-07-27
ST,Sensata Technologies Holding plc,us,2026-07-27
STAA,STAAR SURGICAL CO,us,2026-07-27
STAG,"STAG Industrial, Inc.",us,2026-07-27
STAK,STAK Inc.,us,2026-07-27
STBA,S&T BANCORP INC,us,2026-07-27
STC,STEWART INFORMATION SERVICES CORP,us,2026-07-27
STDN,"Standard Nuclear, Inc.",us,2026-07-27
STE,STERIS plc,us,2026-07-27
STEL,STEL HOLDINGS LIMITED,us,2026-07-14
STEM,"STEM, INC.",us,2026-07-27
STEP,StepStone Group Inc.,us,2026-07-27
STEW,"SRH Total Return Fund, Inc.",us,2026-07-27
STFS,Star Fashion Culture Holdings Ltd,us,2026-07-27
STG,Sunlands Technology Group,us,2026-07-27
STGW,Stagwell Inc,us,2026-07-27
STHO,Star Holdings,us,2026-07-27
STI,Solidion Technology Inc.,us,2026-07-27
STIM,"Neuronetics, Inc.",us,2026-07-22
STK,"Columbia Seligman Premium Technology Growth Fund, Inc.",us,2026-07-27
STKE,SOL Strategies Inc.,us,2026-07-13
STKS,"ONE Group Hospitality, Inc.",us,2026-07-15
STLA,Stellantis N.V.,us,2026-07-27
STLD,STEEL DYNAMICS INC,us,2026-07-27
STM,STMicroelectronics N.V.,us,2026-07-27
STN,STANTEC INC,us,2026-07-27
STNE,StoneCo Ltd.,us,2026-07-27
STNG,Scorpio Tankers Inc.,us,2026-07-27
STOK,"Stoke Therapeutics, Inc.",us,2026-07-27
STRA,"Strategic Education, Inc.",us,2026-07-27
STRC,Strategy Inc,us,2026-07-27
STRD,Strategy Inc,us,2026-07-27
STRF,Strategy Inc,us,2026-07-27
STRK,Strategy Inc,us,2026-07-27
STRL,"STERLING INFRASTRUCTURE, INC.",us,2026-07-27
STRO,"SUTRO BIOPHARMA, INC.",us,2026-07-27
STRR,"Star Equity Holdings, Inc.",us,2026-07-27
STRRP,"Star Equity Holdings, Inc.",us,2026-07-14
STRS,STRATUS PROPERTIES INC,us,2026-07-27
STRT,STRATTEC SECURITY CORP,us,2026-07-27
STRW,"Strawberry Fields REIT, Inc.",us,2026-07-27
STRZ,STARZ ENTERTAINMENT CORP /CN/,us,2026-07-27
STT,STATE STREET CORP,us,2026-07-27
STT-PG,,us,2026-07-27
STTK,"Shattuck Labs, Inc.",us,2026-07-27
STUB,"StubHub Holdings, Inc.",us,2026-07-27
STVN,Stevanato Group S.p.A.,us,2026-07-27
STWD,"STARWOOD PROPERTY TRUST, INC.",us,2026-07-27
STX,Seagate Technology Holdings plc,us,2026-07-27
STXS,"Stereotaxis, Inc.",us,2026-07-15
STZ,"CONSTELLATION BRANDS, INC.",us,2026-07-27
SU,SUNCOR ENERGY INC,us,2026-07-27
SUI,SUN COMMUNITIES INC,us,2026-07-27
SUIG,SUI Group Holdings Ltd.,us,2026-07-15
SUIS,Canary Staked SUI ETF,us,2026-07-27
SUJA,"SUJA LIFE, INC.",us,2026-07-27
SUMA,SUMA Acquisition Corp,us,2026-07-27
SUMAU,SUMA Acquisition Corp,us,2026-07-14
SUN,Sunoco LP,us,2026-07-27
SUNB,"Sunbelt Rentals Holdings, Inc.",us,2026-07-27
SUNC,SunocoCorp LLC,us,2026-07-27
SUNE,"SUNation Energy, Inc.",us,2026-07-27
SUNS,"Sunrise Realty Trust, Inc.",us,2026-07-27
SUPN,"SUPERNUS PHARMACEUTICALS, INC.",us,2026-07-27
SUPV,Grupo Supervielle S.A.,us,2026-07-27
SUPX,SuperX AI Technology Ltd,us,2026-07-27
SUZ,Suzano S.A.,us,2026-07-27
SVAC,General Fusion Group Ltd.,us,2026-07-24
SVACU,General Fusion Group Ltd.,us,2026-07-14
SVACW,General Fusion Group Ltd.,us,2026-07-13
SVAQ,Silicon Valley Acquisition Corp.,us,2026-07-27
SVAQU,Silicon Valley Acquisition Corp.,us,2026-07-14
SVC,Service Properties Trust,us,2026-07-27
SVCC,Stellar V Capital Corp. (Cayman Islands),us,2026-07-14
SVCCU,Stellar V Capital Corp. (Cayman Islands),us,2026-07-14
SVCO,"Silvaco Group, Inc.",us,2026-07-27
SVIV,Spring Valley Acquisition Corp. IV,us,2026-07-27
SVIVU,Spring Valley Acquisition Corp. IV,us,2026-07-14
SVM,SILVERCORP METALS INC,us,2026-07-27
SVRA,Savara Inc,us,2026-07-27
SVRE,SaverOne 2014 Ltd.,us,2026-07-27
SVRN,OceanPal Inc.,us,2026-07-27
SVV,"Savers Value Village, Inc.",us,2026-07-27
SW,Smurfit Westrock plc,us,2026-07-27
SWAG,"Stran & Company, Inc.",us,2026-07-24
SWBI,"SMITH & WESSON BRANDS, INC.",us,2026-07-27
SWIM,"Latham Group, Inc.",us,2026-07-27
SWK,"STANLEY BLACK & DECKER, INC.",us,2026-07-27
SWKHL,SWK Holdings Corp,us,2026-07-27
SWKS,"SKYWORKS SOLUTIONS, INC.",us,2026-07-27
SWMR,"Swarmer, Inc",us,2026-07-27
SWVL,Swvl Holdings Corp,us,2026-07-15
SWX,"Southwest Gas Holdings, Inc.",us,2026-07-27
SWZ,Total Return Securities Fund,us,2026-07-27
SXC,"SunCoke Energy, Inc.",us,2026-07-27
SXI,STANDEX INTERNATIONAL CORP/DE/,us,2026-07-27
SXT,SENSIENT TECHNOLOGIES CORP,us,2026-07-27
SXTC,"China SXT Pharmaceuticals, Inc.",us,2026-07-23
SXTP,"60 DEGREES PHARMACEUTICALS, INC.",us,2026-07-15
SY,So-Young International Inc.,us,2026-07-15
SYBT,"Stock Yards Bancorp, Inc.",us,2026-07-27
SYF,Synchrony Financial,us,2026-07-27
SYF-PA,,us,2026-07-27
SYF-PB,,us,2026-07-27
SYK,STRYKER CORP,us,2026-07-27
SYM,Symbotic Inc.,us,2026-07-27
SYNA,SYNAPTICS Inc,us,2026-07-27
SYNX,Silynxcom Ltd.,us,2026-07-15
SYPR,SYPRIS SOLUTIONS INC,us,2026-07-16
SYRE,"Spyre Therapeutics, Inc.",us,2026-07-27
SYY,SYSCO CORP,us,2026-07-27
SZZL,Sizzle Acquisition Corp. II,us,2026-07-27
SZZLU,Sizzle Acquisition Corp. II,us,2026-07-14
T,AT&T INC.,us,2026-07-27
T-PA,AT&T INC.,us,2026-07-27
T-PC,AT&T INC.,us,2026-07-27
TAC,TRANSALTA CORP,us,2026-07-27
TACH,Titan Acquisition Corp.,us,2026-07-27
TACHU,Titan Acquisition Corp.,us,2026-07-14
TACO,Berto Acquisition Corp.,us,2026-07-27
TACOU,Berto Acquisition Corp.,us,2026-07-27
TACT,TRANSACT TECHNOLOGIES INC,us,2026-07-27
TAGS,Teucrium Commodity Trust,us,2026-07-27
TAK,TAKEDA PHARMACEUTICAL CO LTD,us,2026-07-27
TAL,TAL Education Group,us,2026-07-27
TALK,"Talkspace, Inc.",us,2026-07-27
TALO,TALOS ENERGY INC.,us,2026-07-27
TAOP,Taoping Inc.,us,2026-07-15
TAOX,TAO Synergies Inc.,us,2026-07-27
TAP,MOLSON COORS BEVERAGE CO,us,2026-07-27
TAP-A,MOLSON COORS BEVERAGE CO,us,2026-07-14
TARA,"Protara Therapeutics, Inc.",us,2026-07-27
TARS,"Tarsus Pharmaceuticals, Inc.",us,2026-07-27
TASK,"TaskUs, Inc.",us,2026-07-27
TATT,TAT TECHNOLOGIES LTD,us,2026-07-27
TAVI,Tavia Acquisition Corp.,us,2026-07-14
TAVIU,Tavia Acquisition Corp.,us,2026-07-14
TAYD,"TAYLOR DEVICES, INC.",us,2026-07-27
TBB,AT&T INC.,us,2026-07-27
TBBB,BBB FOODS INC,us,2026-07-27
TBBK,"Bancorp, Inc.",us,2026-07-27
TBCH,Turtle Beach Corp,us,2026-07-27
TBH,,us,2026-07-14
TBI,"TrueBlue, Inc.",us,2026-07-27
TBLA,Taboola.com Ltd.,us,2026-07-27
TBLD,Thornburg Income Builder Opportunities Trust,us,2026-07-27
TBN,Tamboran Resources Corp,us,2026-07-27
TBPH,"Theravance Biopharma, Inc.",us,2026-07-27
TBRG,,us,2026-07-23
TC,Token Cat Ltd,us,2026-07-27
TCBI,TEXAS CAPITAL BANCSHARES INC/TX,us,2026-07-27
TCBIO,TEXAS CAPITAL BANCSHARES INC/TX,us,2026-07-27
TCBK,TRICO BANCSHARES /,us,2026-07-27
TCBS,"Texas Community Bancshares, Inc.",us,2026-07-27
TCBX,"Third Coast Bancshares, Inc.",us,2026-07-27
TCI,TRANSPORT CORPN OF INDIA,us,2026-07-27
TCMD,TACTILE SYSTEMS TECHNOLOGY INC,us,2026-07-27
TCOM,Trip.com Group Ltd,us,2026-07-27
TCPA,TRANSCANADA PIPELINES LTD,us,2026-07-27
TCPC,BlackRock TCP Capital Corp.,us,2026-07-27
TCRT,"Alaunos Therapeutics, Inc.",us,2026-07-23
TCRX,"TScan Therapeutics, Inc.",us,2026-07-13
TCX,TUCOWS INC /PA/,us,2026-07-27
TD,TORONTO DOMINION BANK,us,2026-07-27
TDAC,Translational Development Acquisition Corp.,us,2026-07-14
TDACU,Translational Development Acquisition Corp.,us,2026-07-14
TDAY,"USA TODAY Co., Inc.",us,2026-07-27
TDC,TERADATA CORP /DE/,us,2026-07-27
TDF,TEMPLETON DRAGON FUND INC,us,2026-07-27
TDG,TransDigm Group INC,us,2026-07-27
TDIC,Dreamland Ltd,us,2026-07-27
TDOC,"Teladoc Health, Inc.",us,2026-07-27
TDOG,21Shares Dogecoin ETF,us,2026-07-27
TDS,TELEPHONE & DATA SYSTEMS INC /DE/,us,2026-07-27
TDS-PU,,us,2026-07-27
TDS-PV,,us,2026-07-27
TDTH,Trident Digital Tech Holdings Ltd,us,2026-07-27
TDUP,ThredUp Inc.,us,2026-07-27
TDW,TIDEWATER INC,us,2026-07-27
TDWD,Tailwind 2.0 Acquisition Corp.,us,2026-07-14
TDWDU,Tailwind 2.0 Acquisition Corp.,us,2026-07-14
TDY,TELEDYNE TECHNOLOGIES INC,us,2026-07-27
TE,T1 Energy Inc.,us,2026-07-27
TEAM,Atlassian Corp,us,2026-07-27
TECH,BIRLASLAMC - TECH,us,2026-07-27
TECK,TECK RESOURCES LTD,us,2026-07-27
TECX,"Tectonic Therapeutic, Inc.",us,2026-07-27
TEI,TEMPLETON EMERGING MARKETS INCOME FUND,us,2026-07-27
TEL,TE Connectivity plc,us,2026-07-27
TELO,"Telomir Pharmaceuticals, Inc.",us,2026-07-15
TEM,"Tempus AI, Inc.",us,2026-07-27
TEN,TSAKOS ENERGY NAVIGATION LTD,us,2026-07-27
TEN-PE,,us,2026-07-27
TEN-PF,,us,2026-07-27
TENB,"Tenable Holdings, Inc.",us,2026-07-27
TENX,"TENAX THERAPEUTICS, INC.",us,2026-07-27
TEO,TELECOM ARGENTINA SA,us,2026-07-27
TER,"TERADYNE, INC",us,2026-07-27
TEVA,TEVA PHARMACEUTICAL INDUSTRIES LTD,us,2026-07-27
TEX,TEREX CORP,us,2026-07-27
TFC,TRUIST FINANCIAL CORP,us,2026-07-27
TFC-PI,,us,2026-07-27
TFC-PO,,us,2026-07-27
TFC-PR,,us,2026-07-27
TFII,TFI International Inc.,us,2026-07-27
TFIN,"Triumph Financial, Inc.",us,2026-07-27
TFIN-P,,us,2026-07-27
TFPM,Triple Flag Precious Metals Corp.,us,2026-07-27
TFSL,TFS Financial CORP,us,2026-07-27
TFX,TELEFLEX INC,us,2026-07-27
TG,TREDEGAR CORP,us,2026-07-27
TGB,Trekor Metals Ltd,us,2026-07-27
TGE,Generation Essentials Group,us,2026-07-13
TGEN,TECOGEN INC.,us,2026-07-27
TGL,TREASURE GLOBAL INC,us,2026-07-27
TGLS,Tecnoglass Holdings Inc.,us,2026-07-27
TGS,GAS TRANSPORTER OF THE SOUTH INC,us,2026-07-27
TGT,TARGET CORP,us,2026-07-27
TGTX,"TG THERAPEUTICS, INC.",us,2026-07-27
TH,Target Hospitality Corp.,us,2026-07-27
THC,TENET HEALTHCARE CORP,us,2026-07-27
THCH,TH International Ltd,us,2026-07-15
THFF,FIRST FINANCIAL CORP /IN/,us,2026-07-27
THG,"HANOVER INSURANCE GROUP, INC.",us,2026-07-27
THM,INTERNATIONAL TOWER HILL MINES LTD,us,2026-07-27
THO,THOR INDUSTRIES INC,us,2026-07-27
THQ,abrdn Healthcare Opportunities Fund,us,2026-07-27
THRM,Gentherm Inc,us,2026-07-27
THRY,"Thryv Holdings, Inc.",us,2026-07-27
THW,abrdn World Healthcare Fund,us,2026-07-27
THYP,21Shares Hyperliquid ETF,us,2026-07-27
TIC,"TIC Solutions, Inc.",us,2026-07-27
TIGO,MILLICOM INTERNATIONAL CELLULAR SA,us,2026-07-27
TIGR,UP Fintech Holding Ltd,us,2026-07-27
TII,Titan Mining Corp,us,2026-07-14
TIL,TIL LTD,us,2026-07-27
TILE,INTERFACE INC,us,2026-07-27
TIMB,TIM S.A.,us,2026-07-27
TIPT,TIPTREE INC.,us,2026-07-27
TISI,TEAM INC,us,2026-07-27
TITN,Titan Machinery Inc.,us,2026-07-27
TJGC,TJGC GROUP Ltd,us,2026-07-27
TJX,TJX COMPANIES INC /DE/,us,2026-07-27
TK,TEEKAY CORP LTD,us,2026-07-27
TKC,TURKCELL ILETISIM HIZMETLERI A S,us,2026-07-27
TKLF,"Tokyo Lifestyle Co., Ltd.",us,2026-07-27
TKNO,"Alpha Teknova, Inc.",us,2026-07-27
TKNZ,T. Rowe Price Active Crypto ETF,us,2026-07-27
TKO,"TKO Group Holdings, Inc.",us,2026-07-27
TKR,TIMKEN CO,us,2026-07-27
TLF,TANDY LEATHER FACTORY INC,us,2026-07-27
TLIH,Ten-League International Holdings Ltd,us,2026-07-27
TLK,PERUSAHAAN PERSEROAN PERSERO PT TELEKOMUNIKASI INDONESIA TBK,us,2026-07-27
TLN,Talen Energy Corp,us,2026-07-27
TLNC,Talon Capital Corp.,us,2026-07-14
TLNCU,Talon Capital Corp.,us,2026-07-14
TLPH,"TALPHERA, INC.",us,2026-07-15
TLRY,"Tilray Brands, Inc.",us,2026-07-27
TLS,TELOS CORP,us,2026-07-27
TLSA,Tiziana Life Sciences Ltd,us,2026-07-15
TLSI,"TriSalus Life Sciences, Inc.",us,2026-07-27
TLX,Telix Pharmaceuticals Ltd,us,2026-07-27
TLYS,"TILLY'S, INC.",us,2026-07-27
TM,TOYOTA MOTOR CORP/,us,2026-07-27
TMC,TMC the metals Co Inc.,us,2026-07-27
TMCI,"TREACE MEDICAL CONCEPTS, INC.",us,2026-07-27
TMCR,Metals Royalty Co Inc.,us,2026-07-27
TMDX,"TransMedics Group, Inc.",us,2026-07-27
TME,Tencent Music Entertainment Group,us,2026-07-27
TMHC,Taylor Morrison Home Corp,us,2026-07-27
TMO,THERMO FISHER SCIENTIFIC INC.,us,2026-07-27
TMP,TOMPKINS FINANCIAL CORP,us,2026-07-27
TMQ,Trilogy Metals Inc.,us,2026-07-27
TMS,Teamshares Inc,us,2026-07-27
TMSWW,Teamshares Inc,us,2026-07-13
TMTS,Spartacus Acquisition Corp. II,us,2026-07-14
TMTSU,Spartacus Acquisition Corp. II,us,2026-07-14
TMUS,"T-Mobile US, Inc.",us,2026-07-27
TMUSI,"T-Mobile US, Inc.",us,2026-07-27
TMUSL,"T-Mobile US, Inc.",us,2026-07-27
TMUSZ,"T-Mobile US, Inc.",us,2026-07-27
TNC,TENNANT CO,us,2026-07-27
TNDM,TANDEM DIABETES CARE INC,us,2026-07-27
TNET,"TRINET GROUP, INC.",us,2026-07-27
TNGX,"Tango Therapeutics, Inc.",us,2026-07-27
TNK,TEEKAY TANKERS LTD.,us,2026-07-27
TNL,Travel & Leisure Co.,us,2026-07-27
TNXP,Tonix Pharmaceuticals Holding Corp.,us,2026-07-27
TOI,"Oncology Institute, Inc.",us,2026-07-27
TOL,"Toll Brothers, Inc.",us,2026-07-27
TOMZ,"TOMI Environmental Solutions, Inc.",us,2026-07-20
TONX,TON Strategy Co,us,2026-07-27
TOP,TOP Financial Group Ltd,us,2026-07-27
TORO,TORO CORP.,us,2026-07-27
TOST,"Toast, Inc.",us,2026-07-27
TOUR,Tuniu Corp,us,2026-07-27
TOYO,"TOYO Co., Ltd",us,2026-07-27
TPB,"Turning Point Brands, Inc.",us,2026-07-27
TPC,TUTOR PERINI CORP,us,2026-07-27
TPCS,TECHPRECISION CORP,us,2026-07-27
TPG,TPG Inc.,us,2026-07-27
TPGXL,TPG Inc.,us,2026-07-27
TPL,Texas Pacific Land Corp,us,2026-07-27
TPR,"TAPESTRY, INC.",us,2026-07-27
TPTS,"Terra Property Trust, Inc.",us,2026-07-27
TPVG,TriplePoint Venture Growth BDC Corp.,us,2026-07-27
TR,TOOTSIE ROLL INDUSTRIES INC,us,2026-07-27
TRAD,APEX Tech Acquisition Inc.,us,2026-07-27
TRAD-UN,,us,2026-07-27
TRAK,"ReposiTrak, Inc.",us,2026-07-27
TRAX,"First Tracks Biotherapeutics, Inc.",us,2026-07-27
TRC,TEJON RANCH CO,us,2026-07-27
TRDA,"Entrada Therapeutics, Inc.",us,2026-07-27
TREE,"LendingTree, Inc.",us,2026-07-27
TREX,TREX CO INC,us,2026-07-27
TRGP,Targa Resources Corp.,us,2026-07-27
TRGS,TRG Latin America Acquisitions Corp.,us,2026-07-14
TRGSU,TRG Latin America Acquisitions Corp.,us,2026-07-14
TRI,THOMSON REUTERS CORP /CAN/,us,2026-07-27
TRIN,Trinity Capital Inc.,us,2026-07-27
TRINI,Trinity Capital Inc.,us,2026-07-27
TRINZ,Trinity Capital Inc.,us,2026-07-27
TRIP,"TripAdvisor, Inc.",us,2026-07-27
TRLV,Trulieve Cannabis Corp.,us,2026-07-27
TRMB,TRIMBLE INC.,us,2026-07-27
TRMD,TORM plc,us,2026-07-27
TRMK,TRUSTMARK CORP,us,2026-07-27
TRN,TRINITY INDUSTRIES INC,us,2026-07-27
TRNO,Terreno Realty Corp,us,2026-07-27
TRNR,"Interactive Strength, Inc.",us,2026-07-27
TRNS,TRANSCAT INC,us,2026-07-27
TRON,Tron Inc.,us,2026-07-15
TROO,"Troops, Inc. /Cayman Islands/",us,2026-07-24
TROW,PRICE T ROWE GROUP INC,us,2026-07-27
TROX,Tronox Holdings plc,us,2026-07-27
TRP,TC ENERGY CORP,us,2026-07-27
TRS,TRIMAS CORP,us,2026-07-27
TRSG,Tungray Technologies Inc,us,2026-07-15
TRST,TRUSTCO BANK CORP N Y,us,2026-07-27
TRT,TRIO-TECH INTERNATIONAL,us,2026-07-27
TRTN-PA,,us,2026-07-27
TRTN-PB,,us,2026-07-27
TRTN-PC,,us,2026-07-27
TRTN-PD,,us,2026-07-27
TRTN-PE,,us,2026-07-27
TRTN-PF,,us,2026-07-27
TRTN-PG,,us,2026-07-27
TRTX,"TPG RE Finance Trust, Inc.",us,2026-07-27
TRTX-PC,,us,2026-07-27
TRU,TRUCAP FINANCE LIMITED,us,2026-07-27
TRUG,"TruGolf Holdings, Inc.",us,2026-07-15
TRUP,"TRUPANION, INC.",us,2026-07-27
TRV,"TRAVELERS COMPANIES, INC.",us,2026-07-27
TRVG,trivago N.V.,us,2026-07-27
TRVI,"Trevi Therapeutics, Inc.",us,2026-07-27
TS,TENARIS SA,us,2026-07-27
TSAT,Telesat Corp,us,2026-07-27
TSBK,TIMBERLAND BANCORP INC,us,2026-07-27
TSCO,TRACTOR SUPPLY CO /DE/,us,2026-07-27
TSEM,TOWER SEMICONDUCTOR LTD,us,2026-07-27
TSHA,"Taysha Gene Therapies, Inc.",us,2026-07-27
TSI,TCW STRATEGIC INCOME FUND INC,us,2026-07-27
TSLA,"Tesla, Inc.",us,2026-07-27
TSLX,"Sixth Street Specialty Lending, Inc.",us,2026-07-27
TSM,TAIWAN SEMICONDUCTOR MANUFACTURING CO LTD,us,2026-07-27
TSN,"TYSON FOODS, INC.",us,2026-07-27
TSQ,"Townsquare Media, Inc.",us,2026-07-27
TSSI,"TSS, Inc.",us,2026-07-27
TSUI,21Shares Sui ETF,us,2026-07-27
TT,Trane Technologies plc,us,2026-07-27
TTAM,Titan America SA,us,2026-07-27
TTAN,"ServiceTitan, Inc.",us,2026-07-27
TTC,TORO CO,us,2026-07-27
TTD,"Trade Desk, Inc.",us,2026-07-27
TTE,TotalEnergies SE,us,2026-07-27
TTEC,"TTEC Holdings, Inc.",us,2026-07-27
TTEK,TETRA TECH INC,us,2026-07-27
TTGT,"TechTarget, Inc.",us,2026-07-27
TTI,TETRA TECHNOLOGIES INC,us,2026-07-27
TTMI,TTM TECHNOLOGIES INC,us,2026-07-27
TTRX,Turn Therapeutics Inc.,us,2026-07-27
TTWO,TAKE TWO INTERACTIVE SOFTWARE INC,us,2026-07-27
TU,TELUS CORP,us,2026-07-27
TULP,"BLOOMIA HOLDINGS, INC.",us,2026-07-27
TURB,"Turbo Energy, S.A.",us,2026-07-15
TUSK,"MAMMOTH ENERGY SERVICES, INC.",us,2026-07-27
TUYA,Tuya Inc.,us,2026-07-15
TV,"GRUPO TELEVISA, S.A.B.",us,2026-07-27
TVA,Texas Ventures Acquisition III Corp,us,2026-07-27
TVACU,Texas Ventures Acquisition III Corp,us,2026-07-14
TVAI,Thayer Ventures Acquisition Corp II,us,2026-07-14
TVAIU,Thayer Ventures Acquisition Corp II,us,2026-07-14
TVC,Tennessee Valley Authority,us,2026-07-27
TVE,Tennessee Valley Authority,us,2026-07-27
TVGN,Tevogen Bio Holdings Inc.,us,2026-07-27
TVIV,Texas Ventures Acquisition IV Corp,us,2026-07-27
TVIVU,Texas Ventures Acquisition IV Corp,us,2026-07-27
TVRD,"Tvardi Therapeutics, Inc.",us,2026-07-27
TVTX,"Travere Therapeutics, Inc.",us,2026-07-27
TW,Tradeweb Markets Inc.,us,2026-07-27
TWAV,"TaoWeave, Inc.",us,2026-07-15
TWFG,"TWFG, Inc.",us,2026-07-27
TWG,Top Wealth Group Holding Ltd,us,2026-07-27
TWI,TITAN INTERNATIONAL INC,us,2026-07-27
TWIN,TWIN DISC INC,us,2026-07-27
TWLO,TWILIO INC,us,2026-07-27
TWLV,Twelve Seas Investment Co III/Cayman,us,2026-07-14
TWLVU,Twelve Seas Investment Co III/Cayman,us,2026-07-14
TWN,TAIWAN FUND INC,us,2026-07-27
TWO,TWO HARBORS INVESTMENT CORP.,us,2026-07-27
TWO-PA,,us,2026-07-27
TWO-PB,,us,2026-07-27
TWO-PC,,us,2026-07-27
TWOD,TWO HARBORS INVESTMENT CORP.,us,2026-07-27
TWST,Twist Bioscience Corp,us,2026-07-27
TX,Ternium S.A.,us,2026-07-27
TXG,"10x Genomics, Inc.",us,2026-07-27
TXMD,"TherapeuticsMD, Inc.",us,2026-07-27
TXN,TEXAS INSTRUMENTS INC,us,2026-07-27
TXNM,TXNM ENERGY INC,us,2026-07-27
TXO,"TXO Partners, L.P.",us,2026-07-27
TXRH,"Texas Roadhouse, Inc.",us,2026-07-27
TXT,TEXTRON INC,us,2026-07-27
TY,TRI-CONTINENTAL Corp,us,2026-07-27
TY-P,TRI-CONTINENTAL Corp,us,2026-07-27
TYG,TORTOISE ENERGY INFRASTRUCTURE CORP,us,2026-07-27
TYGO,"TIGO ENERGY, INC.",us,2026-07-15
TYL,TYLER TECHNOLOGIES INC,us,2026-07-27
TYRA,"Tyra Biosciences, Inc.",us,2026-07-27
TZOO,TRAVELZOO,us,2026-07-27
U,Unity Software Inc.,us,2026-07-27
UA,"Under Armour, Inc.",us,2026-07-27
UAA,"Under Armour, Inc.",us,2026-07-27
UAC,United Acquisition Corp. I,us,2026-07-14
UAC-UN,,us,2026-07-27
UAC-WT,,us,2026-07-13
UAL,"United Airlines Holdings, Inc.",us,2026-07-27
UAMY,UNITED STATES ANTIMONY CORP,us,2026-07-27
UAN,"CVR PARTNERS, LP",us,2026-07-27
UBCP,UNITED BANCORP INC /OH/,us,2026-07-27
UBER,"Uber Technologies, Inc",us,2026-07-27
UBS,UBS Group AG,us,2026-07-27
UBSI,UNITED BANKSHARES INC/WV,us,2026-07-27
UBXG,MindForge Inc.,us,2026-07-27
UCAR,U Power Ltd,us,2026-07-15
UCB,UNITED COMMUNITY BANKS INC,us,2026-07-27
UCFI,CN Healthy Food Tech Group Corp.,us,2026-07-14
UCIB,UBS AG,us,2026-07-27
UCO,ProShares Trust II,us,2026-07-27
UCTT,"Ultra Clean Holdings, Inc.",us,2026-07-27
UDN,INVESCO DB US DOLLAR INDEX BEARISH FUND,us,2026-07-27
UDR,"UDR, Inc.",us,2026-07-27
UE,Urban Edge Properties,us,2026-07-27
UEC,URANIUM ENERGY CORP,us,2026-07-27
UEIC,UNIVERSAL ELECTRONICS INC,us,2026-07-27
UFCS,UNITED FIRE GROUP INC,us,2026-07-27
UFI,UNIFI INC,us,2026-07-27
UFPI,UFP INDUSTRIES INC,us,2026-07-27
UFPT,UFP TECHNOLOGIES INC,us,2026-07-27
UG,UNITED GUARDIAN INC,us,2026-07-27
UGA,"United States Gasoline Fund, LP",us,2026-07-27
UGI,UGI CORP /PA/,us,2026-07-27
UGL,ProShares Trust II,us,2026-07-27
UGP,ULTRAPAR HOLDINGS INC,us,2026-07-27
UHAL,U-Haul Holding Co /NV/,us,2026-07-27
UHAL-B,,us,2026-07-27
UHS,UNIVERSAL HEALTH SERVICES INC,us,2026-07-27
UHT,UNIVERSAL HEALTH REALTY INCOME TRUST,us,2026-07-27
UI,Ubiquiti Inc.,us,2026-07-27
UIS,UNISYS CORP,us,2026-07-27
UK,Ucommune International Ltd,us,2026-07-27
UL,UNILEVER PLC,us,2026-07-27
ULBI,ULTRALIFE CORP,us,2026-07-27
ULCC,"Frontier Group Holdings, Inc.",us,2026-07-27
ULE,ProShares Trust II,us,2026-07-27
ULH,"UNIVERSAL LOGISTICS HOLDINGS, INC.",us,2026-07-27
ULS,UL Solutions Inc.,us,2026-07-27
ULTA,"Ulta Beauty, Inc.",us,2026-07-27
UMAC,"Unusual Machines, Inc.",us,2026-07-27
UMBF,UMB FINANCIAL CORP,us,2026-07-27
UMBFO,UMB FINANCIAL CORP,us,2026-07-27
UMC,UNITED MICROELECTRONICS CORP,us,2026-07-27
UMH,"UMH PROPERTIES, INC.",us,2026-07-27
UMH-PD,,us,2026-07-27
UNB,UNION BANKSHARES INC,us,2026-07-27
UNCY,"Unicycive Therapeutics, Inc.",us,2026-07-27
UNF,UNIFIRST CORP,us,2026-07-27
UNFI,UNITED NATURAL FOODS INC,us,2026-07-27
UNG,"United States Natural Gas Fund, LP",us,2026-07-27
UNH,UNITEDHEALTH GROUP INC,us,2026-07-27
UNIT,Uniti Group Inc.,us,2026-07-27
UNL,"United States 12 Month Natural Gas Fund, LP",us,2026-07-27
UNM,Unum Group,us,2026-07-27
UNMA,Unum Group,us,2026-07-27
UNP,UNION PACIFIC CORP,us,2026-07-27
UNTY,UNITY BANCORP INC /NJ/,us,2026-07-27
UONE,"URBAN ONE, INC.",us,2026-07-27
UONEK,"URBAN ONE, INC.",us,2026-07-27
UP,Wheels Up Experience Inc.,us,2026-07-27
UPB,"Upstream Bio, Inc.",us,2026-07-27
UPBD,"UPBOUND GROUP, INC.",us,2026-07-27
UPC,Universe Pharmaceuticals INC,us,2026-07-27
UPLD,"Upland Software, Inc.",us,2026-07-27
UPS,UNITED PARCEL SERVICE INC,us,2026-07-27
UPST,"Upstart Holdings, Inc.",us,2026-07-27
UPWK,"UPWORK, INC",us,2026-07-27
URBN,URBAN OUTFITTERS INC,us,2026-07-27
URG,UR-ENERGY INC,us,2026-07-15
URGN,UroGen Pharma Ltd.,us,2026-07-27
URI,"UNITED RENTALS, INC.",us,2026-07-27
UROY,Uranium Royalty Corp.,us,2026-07-27
USA,LIBERTY ALL STAR EQUITY FUND,us,2026-07-27
USAC,"USA Compression Partners, LP",us,2026-07-27
USAR,"USA Rare Earth, Inc.",us,2026-07-27
USAS,Americas Gold & Silver Corp,us,2026-07-27
USAU,U.S. GOLD CORP.,us,2026-07-27
USB,US BANCORP \DE\,us,2026-07-27
USB-PA,,us,2026-07-27
USB-PH,,us,2026-07-27
USB-PP,,us,2026-07-27
USB-PQ,,us,2026-07-27
USB-PR,,us,2026-07-27
USB-PS,,us,2026-07-27
USCB,"USCB FINANCIAL HOLDINGS, INC.",us,2026-07-27
USCI,United States Commodity Index Funds Trust,us,2026-07-27
USDE,StableCoinX Inc.,us,2026-07-15
USEA,United Maritime Corp,us,2026-07-27
USFD,US Foods Holding Corp.,us,2026-07-27
USGO,U.S. GoldMining Inc.,us,2026-07-27
USIO,"Usio, Inc.",us,2026-07-23
USL,"United States 12 Month Oil Fund, LP",us,2026-07-27
USLM,UNITED STATES LIME & MINERALS INC,us,2026-07-27
USML,UBS AG,us,2026-07-14
USNA,USANA HEALTH SCIENCES INC,us,2026-07-27
USO,"United States Oil Fund, LP",us,2026-07-27
USOI,CREDIT SUISSE AG,us,2026-07-27
USPH,U S PHYSICAL THERAPY INC /NV,us,2026-07-27
UTF,COHEN & STEERS INFRASTRUCTURE FUND INC,us,2026-07-27
UTG,REAVES UTILITY INCOME FUND,us,2026-07-27
UTHR,UNITED THERAPEUTICS Corp,us,2026-07-27
UTI,UNIVERSAL TECHNICAL INSTITUTE INC,us,2026-07-27
UTL,UNITIL CORP,us,2026-07-27
UTMD,UTAH MEDICAL PRODUCTS INC,us,2026-07-27
UTSI,UTSTARCOM HOLDINGS CORP.,us,2026-07-14
UTZ,"Utz Brands, Inc.",us,2026-07-27
UUU,"UNIVERSAL SAFETY PRODUCTS, INC.",us,2026-07-27
UUUU,ENERGY FUELS INC,us,2026-07-27
UVE,"UNIVERSAL INSURANCE HOLDINGS, INC.",us,2026-07-27
UVSP,UNIVEST FINANCIAL Corp,us,2026-07-27
UVV,UNIVERSAL CORP /VA/,us,2026-07-27
UWMC,UWM Holdings Corp,us,2026-07-20
UXIN,Uxin Ltd,us,2026-07-15
UYSC,UY Scuti Acquisition Corp.,us,2026-07-27
UYSCU,UY Scuti Acquisition Corp.,us,2026-07-14
UZD,"ARRAY DIGITAL INFRASTRUCTURE, INC.",us,2026-07-27
UZE,"ARRAY DIGITAL INFRASTRUCTURE, INC.",us,2026-07-27
UZF,"ARRAY DIGITAL INFRASTRUCTURE, INC.",us,2026-07-27
V,VISA INC.,us,2026-07-27
VABK,Virginia National Bankshares Corp,us,2026-07-27
VAC,MARRIOTT VACATIONS WORLDWIDE Corp,us,2026-07-27
VACI,Viking Acquisition Corp I,us,2026-07-27
VACI-UN,,us,2026-07-14
VAL,Valaris Ltd,us,2026-07-27
VAL-WT,,us,2026-07-27
VALE,Vale S.A.,us,2026-07-27
VALN,Valneva SE,us,2026-07-27
VALU,VALUE LINE INC,us,2026-07-27
VANI,"Vivani Medical, Inc.",us,2026-07-15
VATE,INNOVATE Corp.,us,2026-07-27
VAVX,VanEck Avalanche ETF,us,2026-07-27
VBF,Invesco Bond Fund,us,2026-07-27
VBNB,VanEck BNB ETF,us,2026-07-27
VBNK,VersaBank,us,2026-07-27
VC,VISTEON CORP,us,2026-07-27
VCEL,Vericel Corp,us,2026-07-27
VCIG,VCI Global Ltd,us,2026-07-16
VCRE,Vicore Pharma Holding AB,us,2026-07-27
VCTR,"Victory Capital Holdings, Inc.",us,2026-07-27
VCV,Invesco California Value Municipal Income Trust,us,2026-07-27
VCX,"Fundrise Innovation Fund, LLC",us,2026-07-27
VCYT,"VERACYTE, INC.",us,2026-07-27
VECA,Vernal Capital Acquisition Corp.,us,2026-07-27
VECA-UN,,us,2026-07-27
VECO,VEECO INSTRUMENTS INC,us,2026-07-27
VEEE,"Twin Vee PowerCats, Co.",us,2026-07-27
VEEV,VEEVA SYSTEMS INC,us,2026-07-27
VEL,Vaxfab Enterprises Limited,us,2026-07-27
VELO,"Velo3D, Inc.",us,2026-07-27
VENU,Venu Holding Corp,us,2026-07-27
VEON,VEON Ltd.,us,2026-07-27
VERA,"Vera Therapeutics, Inc.",us,2026-07-27
VERI,"Veritone, Inc.",us,2026-07-15
VERU,VERU INC.,us,2026-07-27
VERX,"Vertex, Inc.",us,2026-07-27
VET,VERMILION ENERGY INC.,us,2026-07-27
VFC,V F CORP,us,2026-07-27
VFF,"Village Farms International, Inc.",us,2026-07-23
VFL,abrdn National Municipal Income Fund,us,2026-07-27
VFS,VinFast Auto Ltd.,us,2026-07-27
VG,"Venture Global, Inc.",us,2026-07-27
VGAS,"Verde Clean Fuels, Inc.",us,2026-07-15
VGI,Virtus Global Multi-Sector Income Fund,us,2026-07-27
VGM,Invesco Trust for Investment Grade Municipals,us,2026-07-27
VGNT,Versigent PLC,us,2026-07-27
VGZ,VISTA GOLD CORP,us,2026-07-15
VHC,VirnetX Holding Corp,us,2026-07-27
VHCP,Vine Hill Capital Investment Corp. II,us,2026-07-14
VHCPU,Vine Hill Capital Investment Corp. II,us,2026-07-14
VHI,VALHI INC /DE/,us,2026-07-27
VHUB,"VenHub Global, Inc.",us,2026-07-15
VIA,"Via Transportation, Inc.",us,2026-07-27
VIASP,,us,2026-07-14
VIAV,VIAVI SOLUTIONS INC.,us,2026-07-27
VICI,VICI PROPERTIES INC.,us,2026-07-27
VICR,VICOR CORP,us,2026-07-27
VIDA,VIDA Global Inc.,us,2026-07-27
VII,Viking Acquisition Corp. II,us,2026-07-27
VII-UN,,us,2026-07-27
VIK,Viking Holdings Ltd,us,2026-07-27
VINP,Vinci Compass Investments Ltd.,us,2026-07-27
VIPS,Vipshop Holdings Ltd,us,2026-07-27
VIR,"Vir Biotechnology, Inc.",us,2026-07-27
VIRC,VIRCO MFG CORPORATION,us,2026-07-27
VIRT,"Virtu Financial, Inc.",us,2026-07-27
VISN,"Vistance Networks, Inc.",us,2026-07-27
VIST,"Vista Energy, S.A.B. de C.V.",us,2026-07-27
VITL,"Vital Farms, Inc.",us,2026-07-27
VIV,TELEFONICA BRASIL S.A.,us,2026-07-27
VIVK,"Vivakor, Inc.",us,2026-07-27
VIVO,VivoPower PLC,us,2026-07-27
VKI,Invesco Advantage Municipal Income Trust II,us,2026-07-27
VKQ,Invesco Municipal Trust,us,2026-07-27
VKTX,"Viking Therapeutics, Inc.",us,2026-07-27
VLGEA,VILLAGE SUPER MARKET INC,us,2026-07-27
VLN,Valens Semiconductor Ltd.,us,2026-07-16
VLO,VALERO ENERGY CORP/TX,us,2026-07-27
VLRS,"Controladora Vuela Compania de Aviacion, S.A.B. de C.V.",us,2026-07-27
VLT,Invesco High Income Trust II,us,2026-07-27
VLTO,Veralto Corp,us,2026-07-27
VLY,VALLEY NATIONAL BANCORP,us,2026-07-27
VLYPN,VALLEY NATIONAL BANCORP,us,2026-07-27
VLYPO,VALLEY NATIONAL BANCORP,us,2026-07-27
VLYPP,VALLEY NATIONAL BANCORP,us,2026-07-27
VMAR,Vision Marine Technologies Inc.,us,2026-07-13
VMC,Vulcan Materials CO,us,2026-07-27
VMD,"VIEMED HEALTHCARE, INC.",us,2026-07-27
VMET,Versamet Royalties Corp,us,2026-07-27
VMI,VALMONT INDUSTRIES INC,us,2026-07-27
VMO,Invesco Municipal Opportunity Trust,us,2026-07-27
VNCE,VINCE HOLDING CORP.,us,2026-07-27
VNDA,Vanda Pharmaceuticals Inc.,us,2026-07-27
VNET,"VNET Group, Inc.",us,2026-07-27
VNME,Vendome Acquisition Corp I,us,2026-07-14
VNMEU,Vendome Acquisition Corp I,us,2026-07-14
VNO,VORNADO REALTY TRUST,us,2026-07-27
VNO-PL,,us,2026-07-27
VNO-PM,,us,2026-07-27
VNO-PN,,us,2026-07-27
VNO-PO,,us,2026-07-27
VNOM,"Viper Energy, Inc.",us,2026-07-27
VNRX,VOLITIONRX LTD,us,2026-07-15
VNT,Vontier Corp,us,2026-07-27
VOC,VOC Energy Trust,us,2026-07-27
VOD,VODAFONE GROUP PUBLIC LTD CO,us,2026-07-27
VOR,Vor Biopharma Inc.,us,2026-07-27
VOXR,VOX ROYALTY CORP.,us,2026-07-27
VOYA,"Voya Financial, Inc.",us,2026-07-27
VOYA-PB,,us,2026-07-27
VOYG,"Voyager Technologies, Inc./TX",us,2026-07-27
VPG,"Vishay Precision Group, Inc.",us,2026-07-27
VPV,Invesco Pennsylvania Value Municipal Income Trust,us,2026-07-27
VRA,"Vera Bradley, Inc.",us,2026-07-27
VRAX,Virax Biolabs Group Ltd,us,2026-07-27
VRCA,Verrica Pharmaceuticals Inc.,us,2026-07-27
VRDN,"Viridian Therapeutics, Inc.\DE",us,2026-07-27
VREX,Varex Imaging Corp,us,2026-07-27
VRM,"Vroom, Inc.",us,2026-07-27
VRNS,VARONIS SYSTEMS INC,us,2026-07-27
VRRM,VERRA MOBILITY Corp,us,2026-07-27
VRSK,"Verisk Analytics, Inc.",us,2026-07-27
VRSN,VERISIGN INC/CA,us,2026-07-27
VRT,Vertiv Holdings Co,us,2026-07-27
VRTS,"VIRTUS INVESTMENT PARTNERS, INC.",us,2026-07-27
VRTX,VERTEX PHARMACEUTICALS INC / MA,us,2026-07-27
VRXA,Veraxa Biotech Holding AG,us,2026-07-23
VS,Versus Systems Inc.,us,2026-07-15
VSA,VisionSys AI Inc,us,2026-07-27
VSAT,VIASAT INC,us,2026-07-27
VSEC,VSE CORP,us,2026-07-27
VSECU,VSE CORP,us,2026-07-27
VSH,VISHAY INTERTECHNOLOGY INC,us,2026-07-27
VSME,VS MEDIA Holdings Ltd,us,2026-07-15
VSNT,"Versant Media Group, Inc.",us,2026-07-27
VSOL,VanEck Solana ETF,us,2026-07-27
VST,Vistra Corp.,us,2026-07-27
VSTM,"Verastem, Inc.",us,2026-07-27
VSTS,Vestis Corp,us,2026-07-27
VSXY,Victoria's Secret & Co.,us,2026-07-27
VTEX,VTEX,us,2026-07-27
VTIX,Virtuix Holdings Inc.,us,2026-07-27
VTMX,"Vesta Real Estate Corporation, S.A.B. de C.V.",us,2026-07-27
VTN,Invesco Trust for Investment Grade New York Municipals,us,2026-07-27
VTOL,Bristow Group Inc.,us,2026-07-27
VTR,"Ventas, Inc.",us,2026-07-27
VTRS,Viatris Inc,us,2026-07-27
VTS,"Vitesse Energy, Inc.",us,2026-07-27
VTSI,"VirTra, Inc",us,2026-07-27
VTVT,vTv Therapeutics Inc.,us,2026-07-27
VUZI,Vuzix Corp,us,2026-07-27
VVR,Invesco Senior Income Trust,us,2026-07-27
VVV,VALVOLINE INC,us,2026-07-27
VVX,"V2X, Inc.",us,2026-07-27
VWAV,"VisionWave Holdings, Inc.",us,2026-07-27
VWAVW,"VisionWave Holdings, Inc.",us,2026-07-13
VYGR,"Voyager Therapeutics, Inc.",us,2026-07-27
VYLD,JPMORGAN CHASE & CO,us,2026-07-27
VYX,NCR Voyix Corp,us,2026-07-27
VZ,VERIZON COMMUNICATIONS INC,us,2026-07-27
VZLA,Vizsla Silver Corp.,us,2026-07-27
W,Wayfair Inc.,us,2026-07-27
WAB,WESTINGHOUSE AIR BRAKE TECHNOLOGIES CORP,us,2026-07-27
WABC,WESTAMERICA BANCORPORATION,us,2026-07-27
WAFD,WAFD INC,us,2026-07-27
WAFDP,WAFD INC,us,2026-07-27
WAFU,Wah Fu Education Group Ltd,us,2026-07-15
WAI,,us,2026-07-23
WAL,WESTERN ALLIANCE BANCORPORATION,us,2026-07-27
WAL-PA,,us,2026-07-27
WALD,Waldencast plc,us,2026-07-15
WASH,WASHINGTON TRUST BANCORP INC,us,2026-07-27
WAT,WATERS CORP /DE/,us,2026-07-27
WATT,Energous Corp,us,2026-07-27
WAVE,Eco Wave Power Global AB (publ),us,2026-07-27
WAY,Waystar Holding Corp.,us,2026-07-27
WB,WEIBO Corp,us,2026-07-27
WBD,"Warner Bros. Discovery, Inc.",us,2026-07-27
WBI,WaterBridge Infrastructure LLC,us,2026-07-27
WBS,WEBSTER FINANCIAL CORP,us,2026-07-27
WBS-PF,,us,2026-07-27
WBS-PG,,us,2026-07-27
WBTN,WEBTOON Entertainment Inc.,us,2026-07-27
WBX,Wallbox N.V.,us,2026-07-27
WCC,WESCO INTERNATIONAL INC,us,2026-07-27
WCN,"Waste Connections, Inc.",us,2026-07-27
WCT,Wellchange Holdings Co Ltd,us,2026-07-15
WD,"Walker & Dunlop, Inc.",us,2026-07-27
WDAY,"Workday, Inc.",us,2026-07-27
WDC,WESTERN DIGITAL CORP,us,2026-07-27
WDFC,WD 40 CO,us,2026-07-27
WDH,Waterdrop Inc.,us,2026-07-15
WDI,Western Asset Diversified Income Fund (WDI),us,2026-07-27
WDS,WOODSIDE ENERGY GROUP LTD,us,2026-07-27
WEA,WESTERN ASSET PREMIER BOND FUND,us,2026-07-27
WEAT,Teucrium Commodity Trust,us,2026-07-27
WEAV,"Weave Communications, Inc.",us,2026-07-27
WEC,"WEC ENERGY GROUP, INC.",us,2026-07-27
WELL,WELLTOWER INC.,us,2026-07-27
WEN,Wendy's Co,us,2026-07-27
WENC,West Enclave Merger Corp.,us,2026-07-27
WENC-UN,,us,2026-07-14
WENN,WEN Acquisition Corp,us,2026-07-27
WENNU,WEN Acquisition Corp,us,2026-07-14
WERN,WERNER ENTERPRISES INC,us,2026-07-27
WES,"Western Midstream Partners, LP",us,2026-07-27
WEST,Westrock Coffee Co,us,2026-07-27
WETH,Wetouch Technology Inc.,us,2026-07-15
WEX,WEX Inc.,us,2026-07-27
WEYS,WEYCO GROUP INC,us,2026-07-27
WF,WOORI FINANCIAL GROUP INC.,us,2026-07-27
WFC,WELLS FARGO & COMPANY/MN,us,2026-07-27
WFC-PA,,us,2026-07-27
WFC-PC,,us,2026-07-27
WFC-PD,,us,2026-07-27
WFC-PL,,us,2026-07-27
WFC-PY,,us,2026-07-27
WFC-PZ,,us,2026-07-27
WFCF,"Where Food Comes From, Inc.",us,2026-07-27
WFF,WF Holding Ltd,us,2026-07-27
WFG,"WEST FRASER TIMBER CO., LTD",us,2026-07-27
WFRD,Weatherford International plc,us,2026-07-27
WGO,WINNEBAGO INDUSTRIES INC,us,2026-07-27
WGRX,"Wellgistics Health, Inc.",us,2026-07-27
WGS,GeneDx Holdings Corp.,us,2026-07-27
WH,"WYNDHAM HOTELS & RESORTS, INC.",us,2026-07-27
WHD,"Cactus, Inc.",us,2026-07-27
WHF,"WhiteHorse Finance, Inc.",us,2026-07-27
WHFCL,"WhiteHorse Finance, Inc.",us,2026-07-27
WHG,WESTWOOD HOLDINGS GROUP INC,us,2026-07-27
WHK,WhiteHawk Minerals Corp.,us,2026-07-27
WHLRD,"Wheeler Real Estate Investment Trust, Inc.",us,2026-07-27
WHLRL,"Wheeler Real Estate Investment Trust, Inc.",us,2026-07-27
WHLRP,"Wheeler Real Estate Investment Trust, Inc.",us,2026-07-14
WHR,WHIRLPOOL CORP /DE/,us,2026-07-27
WHR-PA,,us,2026-07-27
WHWK,"Whitehawk Therapeutics, Inc.",us,2026-07-27
WIA,WESTERN ASSET INFLATION-LINKED INCOME FUND,us,2026-07-27
WILC,G WILLI FOOD INTERNATIONAL LTD,us,2026-07-27
WIMI,WiMi Hologram Cloud Inc.,us,2026-07-15
WINA,WINMARK CORP,us,2026-07-27
WING,Wingstop Inc.,us,2026-07-27
WIT,WIPRO LTD,us,2026-07-15
WIW,WESTERN ASSET INFLATION-LINKED OPPORTUNITIES & INCOME FUND,us,2026-07-27
WIX,Wix.com Ltd.,us,2026-07-27
WK,WORKIVA INC,us,2026-07-27
WKC,WORLD KINECT CORP,us,2026-07-27
WKEY,Wisekey International Holding S.A.,us,2026-07-27
WKHS,Workhorse Group Inc.,us,2026-07-27
WLCOU,Wilco 63 Corp,us,2026-07-27
WLDN,"Willdan Group, Inc.",us,2026-07-27
WLDS,Wearable Devices Ltd.,us,2026-07-27
WLDSW,Wearable Devices Ltd.,us,2026-07-14
WLFC,WILLIS LEASE FINANCE CORP,us,2026-07-27
WLII,Willow Lane Acquisition Corp. II,us,2026-07-27
WLIIU,Willow Lane Acquisition Corp. II,us,2026-07-14
WLK,WESTLAKE CORP,us,2026-07-27
WLKP,Westlake Chemical Partners LP,us,2026-07-27
WLTH,WEALTHFRONT CORP,us,2026-07-27
WLY,"JOHN WILEY & SONS, INC.",us,2026-07-27
WLYB,"JOHN WILEY & SONS, INC.",us,2026-07-14
WM,WASTE MANAGEMENT INC,us,2026-07-27
WMB,"WILLIAMS COMPANIES, INC.",us,2026-07-27
WMG,Warner Music Group Corp.,us,2026-07-27
WMK,WEIS MARKETS INC,us,2026-07-27
WMS,"ADVANCED DRAINAGE SYSTEMS, INC.",us,2026-07-27
WMT,Walmart Inc.,us,2026-07-27
WNC,WABASH NATIONAL Corp,us,2026-07-27
WNEB,"Western New England Bancorp, Inc.",us,2026-07-27
WNW,Meiwu Technology Co Ltd,us,2026-07-27
WOK,WORK Medical Technology Group LTD,us,2026-07-13
WOLF,"WOLFSPEED, INC.",us,2026-07-27
WOOF,"Petco Health & Wellness Company, Inc.",us,2026-07-27
WOR,"WORTHINGTON ENTERPRISES, INC.",us,2026-07-27
WPAC,White Pearl Acquisition Corp.,us,2026-07-14
WPAC-UN,,us,2026-07-14
WPC,W. P. Carey Inc.,us,2026-07-27
WPM,Wheaton Precious Metals Corp.,us,2026-07-27
WPP,WPP plc,us,2026-07-27
WPRT,WESTPORT FUEL SYSTEMS INC.,us,2026-07-15
WRAP,"WRAP TECHNOLOGIES, INC.",us,2026-07-20
WRB,BERKLEY W R CORP,us,2026-07-27
WRB-PE,,us,2026-07-27
WRB-PF,,us,2026-07-27
WRB-PG,,us,2026-07-27
WRB-PH,,us,2026-07-27
WRBY,Warby Parker Inc.,us,2026-07-27
WRD,WeRide Inc.,us,2026-07-27
WRLD,WORLD ACCEPTANCE CORP,us,2026-07-27
WRN,Western Copper & Gold Corp,us,2026-07-27
WS,"Worthington Steel, Inc.",us,2026-07-27
WSBC,WESBANCO INC,us,2026-07-27
WSBCO,WESBANCO INC,us,2026-07-27
WSBF,"Waterstone Financial, Inc.",us,2026-07-27
WSBK,"Winchester Bancorp, Inc./MD/",us,2026-07-27
WSC,WillScot Holdings Corp,us,2026-07-27
WSE,Wise Group plc,us,2026-07-27
WSFS,WSFS FINANCIAL CORP,us,2026-07-27
WSHP,WeShop Holdings Ltd,us,2026-07-27
WSM,WILLIAMS SONOMA INC,us,2026-07-27
WSO,WATSCO INC,us,2026-07-27
WSO-B,WATSCO INC,us,2026-07-14
WSR,Whitestone REIT,us,2026-07-27
WST,WEST PHARMACEUTICAL SERVICES INC,us,2026-07-27
WSTN,Westin Acquisition Corp,us,2026-07-14
WSTNU,Westin Acquisition Corp,us,2026-07-14
WT,"WisdomTree, Inc.",us,2026-07-27
WTBA,WEST BANCORPORATION INC,us,2026-07-27
WTF,Waton Financial Ltd,us,2026-07-27
WTFC,WINTRUST FINANCIAL CORP,us,2026-07-27
WTFCN,WINTRUST FINANCIAL CORP,us,2026-07-27
WTG,Wintergreen Acquisition Corp.,us,2026-07-14
WTGUU,Wintergreen Acquisition Corp.,us,2026-07-14
WTI,W&T OFFSHORE INC,us,2026-07-27
WTID,BANK OF MONTREAL /CAN/,us,2026-07-27
WTIU,BANK OF MONTREAL /CAN/,us,2026-07-27
WTM,WHITE MOUNTAINS INSURANCE GROUP LTD,us,2026-07-27
WTO,,us,2026-07-14
WTRG,"Essential Utilities, Inc.",us,2026-07-27
WTS,WATTS WATER TECHNOLOGIES INC,us,2026-07-27
WTTR,"Select Water Solutions, Inc.",us,2026-07-27
WTW,WILLIS TOWERS WATSON PLC,us,2026-07-27
WU,Western Union CO,us,2026-07-27
WULF,TERAWULF INC.,us,2026-07-27
WVE,Wave Life Sciences Ltd.,us,2026-07-27
WVVI,WILLAMETTE VALLEY VINEYARDS INC,us,2026-07-27
WVVIP,WILLAMETTE VALLEY VINEYARDS INC,us,2026-07-14
WW,"WW INTERNATIONAL, INC.",us,2026-07-27
WWD,"Woodward, Inc.",us,2026-07-27
WWW,WOLVERINE WORLD WIDE INC /DE/,us,2026-07-27
WXM,WF International Ltd.,us,2026-07-27
WY,WEYERHAEUSER CO,us,2026-07-27
WYFI,"WhiteFiber, Inc.",us,2026-07-27
WYHG,Wing Yip Food Holdings Group Ltd,us,2026-07-27
WYNN,WYNN RESORTS LTD,us,2026-07-27
WYY,WIDEPOINT CORP,us,2026-07-27
XAIR,"Beyond Air, Inc.",us,2026-07-27
XBIO,"Xenetic Biosciences, Inc.",us,2026-07-27
XBIT,XBiotech Inc.,us,2026-07-27
XBP,"XBP Global Holdings, Inc.",us,2026-07-27
XCBE,X3 Acquisition Corp. Ltd.,us,2026-07-27
XCBEU,X3 Acquisition Corp. Ltd.,us,2026-07-14
XCUR,"EXICURE, INC.",us,2026-07-15
XE,"X-Energy, Inc.",us,2026-07-27
XEL,XCEL ENERGY INC,us,2026-07-27
XELB,"XCel Brands, Inc.",us,2026-07-15
XELLL,XCEL ENERGY INC,us,2026-07-27
XENE,Xenon Pharmaceuticals Inc.,us,2026-07-27
XERS,"Xeris Biopharma Holdings, Inc.",us,2026-07-27
XFLH,XFLH Capital Corp,us,2026-07-27
XFLH-UN,,us,2026-07-14
XFLT,XAI Floating Rate & Alternative Income Trust,us,2026-07-27
XFOR,"X4 Pharmaceuticals, Inc",us,2026-07-27
XGN,EXAGEN INC.,us,2026-07-27
XHLD,"TEN Holdings, Inc.",us,2026-07-24
XHR,"Xenia Hotels & Resorts, Inc.",us,2026-07-27
XIFR,"XPLR Infrastructure, LP",us,2026-07-27
XLO,"Xilio Therapeutics, Inc.",us,2026-07-27
XMAX,XMax Inc.,us,2026-07-27
XMTR,"Xometry, Inc.",us,2026-07-27
XNCR,Xencor Inc,us,2026-07-27
XNDU,Xanadu Quantum Technologies Ltd,us,2026-07-27
XNET,Xunlei Ltd,us,2026-07-27
XOM,ExxonMobil Holdings Corp,us,2026-07-27
XOMA,XOMA Royalty Corp,us,2026-07-24
XOMAO,XOMA Royalty Corp,us,2026-07-24
XOMAP,XOMA Royalty Corp,us,2026-07-24
XOS,"Xos, Inc.",us,2026-07-27
XP,XP Inc.,us,2026-07-27
XPEL,"XPEL, Inc.",us,2026-07-27
XPER,Xperi Inc.,us,2026-07-27
XPEV,XPENG INC.,us,2026-07-27
XPO,"XPO, Inc.",us,2026-07-27
XPOF,"Xponential Fitness, Inc.",us,2026-07-27
XPON,Expion360 Inc.,us,2026-07-27
XPRO,Expro Ltd,us,2026-07-27
XRAY,DENTSPLY SIRONA Inc.,us,2026-07-27
XRN,Chiron Real Estate Inc.,us,2026-07-27
XRN-PA,,us,2026-07-27
XRN-PB,,us,2026-07-27
XRP,Bitwise XRP ETF,us,2026-07-27
XRPN,Armada Acquisition Corp. II,us,2026-07-27
XRPNU,Armada Acquisition Corp. II,us,2026-07-14
XRPZ,Franklin XRP Trust,us,2026-07-27
XRTX,XORTX Therapeutics Inc.,us,2026-07-27
XRX,Xerox Holdings Corp,us,2026-07-27
XSLL,Xsolla SPAC 1,us,2026-07-14
XSLLU,Xsolla SPAC 1,us,2026-07-14
XTIA,"XTI Aerospace, Inc.",us,2026-07-15
XTLB,XTL BIOPHARMACEUTICALS LTD,us,2026-07-14
XXI,"Twenty One Capital, Inc.",us,2026-07-27
XXII,"22nd Century Group, Inc.",us,2026-07-14
XYF,X Financial,us,2026-07-27
XYL,Xylem Inc.,us,2026-07-27
XYZ,"Block, Inc.",us,2026-07-27
XZO,"Exzeo Group, Inc.",us,2026-07-27
YALA,Yalla Group Ltd,us,2026-07-27
YB,Yuanbao Inc.,us,2026-07-27
YCL,ProShares Trust II,us,2026-07-27
YCS,ProShares Trust II,us,2026-07-27
YCY,AA Mission Acquisition Corp. II,us,2026-07-14
YCY-UN,,us,2026-07-14
YDDL,One & one Green Technologies. INC,us,2026-07-15
YDES,YD Bio Ltd,us,2026-07-27
YELP,YELP INC,us,2026-07-27
YETI,"YETI Holdings, Inc.",us,2026-07-27
YEXT,"Yext, Inc.",us,2026-07-27
YHC,LQR House Inc.,us,2026-07-16
YHGJ,YUNHONG GREEN CTI LTD.,us,2026-07-27
YHNA,YHN Acquisition I Ltd,us,2026-07-14
YHNAU,YHN Acquisition I Ltd,us,2026-07-14
YI,"111, Inc.",us,2026-07-27
YIBO,Planet Image International Ltd,us,2026-07-15
YICC,Yorkville International Capital Corp.,us,2026-07-27
YICCU,Yorkville International Capital Corp.,us,2026-07-27
YJ,Yunji Inc.,us,2026-07-15
YMAT,"J-Star Holding Co., Ltd.",us,2026-07-24
YMM,Full Truck Alliance Co. Ltd.,us,2026-07-27
YORW,YORK WATER CO,us,2026-07-27
YOU,"Clear Secure, Inc.",us,2026-07-27
YPF,YPF SOCIEDAD ANONIMA,us,2026-07-27
YQ,17 Education & Technology Group Inc.,us,2026-07-27
YRD,Yiren Digital Ltd.,us,2026-07-15
YSAG,Texas Precious Metals Trust,us,2026-07-27
YSAU,Texas Precious Metals Trust,us,2026-07-27
YSG,Yatsen Holding Ltd,us,2026-07-27
YSS,York Space Systems Inc.,us,2026-07-27
YSWY,"Yesway, Inc.",us,2026-07-27
YSXT,"YSX Tech Co., Ltd",us,2026-07-13
YUM,YUM BRANDS INC,us,2026-07-27
YUMC,"Yum China Holdings, Inc.",us,2026-07-27
YXT,YXT.COM GROUP HOLDING Ltd,us,2026-07-27
YYAI,AIRWA INC.,us,2026-07-27
YYGH,YY Group Holding Ltd.,us,2026-07-15
Z,"ZILLOW GROUP, INC.",us,2026-07-27
ZBH,"ZIMMER BIOMET HOLDINGS, INC.",us,2026-07-27
ZBIO,"Zenas BioPharma, Inc.",us,2026-07-27
ZBRA,ZEBRA TECHNOLOGIES CORP,us,2026-07-27
ZCMD,Zhongchao Inc.,us,2026-07-23
ZD,"ZIFF DAVIS, INC.",us,2026-07-27
ZDAI,"DirectBooking Technology Co., Ltd.",us,2026-07-15
ZDGE,"Zedge, Inc.",us,2026-07-27
ZENA,"ZenaTech, Inc.",us,2026-07-15
ZEPP,Zepp Health Corp,us,2026-07-27
ZETA,Zeta Global Holdings Corp.,us,2026-07-27
ZG,"ZILLOW GROUP, INC.",us,2026-07-27
ZGN,Ermenegildo Zegna N.V.,us,2026-07-27
ZH,Zhihu Inc.,us,2026-07-27
ZIM,ZIM Integrated Shipping Services Ltd.,us,2026-07-27
ZION,"ZIONS BANCORPORATION, NATIONAL ASSOCIATION /UT/",us,2026-07-27
ZIONP,"ZIONS BANCORPORATION, NATIONAL ASSOCIATION /UT/",us,2026-07-27
ZIP,"ZIPRECRUITER, INC.",us,2026-07-27
ZJK,"ZJK Industrial Co., Ltd.",us,2026-07-16
ZJYL,Jin Medical International Ltd.,us,2026-07-27
ZKH,ZKH Group Ltd,us,2026-07-27
ZKIN,"ZK International Group Co., Ltd.",us,2026-07-15
ZKP,Lafayette Digital Acquisition Corp. I,us,2026-07-14
ZKPU,Lafayette Digital Acquisition Corp. I,us,2026-07-14
ZLAB,Zai Lab Ltd,us,2026-07-27
ZM,"Zoom Communications, Inc.",us,2026-07-27
ZNTL,"Zentalis Pharmaceuticals, Inc.",us,2026-07-27
ZOOZ,ZOOZ Strategy Ltd.,us,2026-07-27
ZS,"Zscaler, Inc.",us,2026-07-27
ZSL,ProShares Trust II,us,2026-07-27
ZSQR,Z Squared Inc.,us,2026-07-27
ZSTK,ZeroStack Corp.,us,2026-07-15
ZTG,Zenta Group Co Ltd,us,2026-07-27
ZTO,ZTO Express (Cayman) Inc.,us,2026-07-27
ZTR,Virtus Total Return Fund Inc.,us,2026-07-27
ZTS,Zoetis Inc.,us,2026-07-27
ZUMZ,Zumiez Inc,us,2026-07-27
ZURA,Zura Bio Ltd,us,2026-07-27
ZVIA,Zevia PBC,us,2026-07-15
ZVRA,"ZEVRA THERAPEUTICS, INC.",us,2026-07-27
ZWS,Zurn Elkay Water Solutions Corp,us,2026-07-27
ZYBT,Zhengye Biotechnology Holding Ltd,us,2026-07-22
ZYME,Zymeworks Inc.,us,2026-07-27
nan,,us,2026-07-15
