market,symbol,evict_date,rsi_at_evict,drift_at_evict,outcome,days,exit_ret_pct
US,ADBE,2019-08-30,44.6,-46.9,ageout_validated,90,8.63
US,ADBE,2020-10-30,34.3,-43.6,ANOMALY,6,11.04
US,ADBE,2021-01-29,40.5,-44.1,ANOMALY,73,10.3
US,ADBE,2021-09-30,24.2,-82.2,ANOMALY,19,10.48
US,ADBE,2021-12-31,38.5,-142.8,validated_decline,42,-16.42
US,ADBE,2024-02-29,41.5,-95.4,validated_decline,43,-15.38
US,ADBE,2024-04-30,33.6,-97.4,ANOMALY,45,13.5
US,ADBE,2024-09-30,39.6,-71.9,validated_decline,80,-15.53
US,ADBE,2024-12-31,32.1,-141.0,validated_decline,72,-15.03
US,ADBE,2025-06-30,43.7,-40.9,ageout_validated,90,-6.85
US,ADBE,2025-10-31,44.3,-14.1,ageout_validated,90,-14.3
US,ADBE,2026-01-30,32.2,-143.5,validated_decline,24,-15.88
US,ADBE,2026-02-27,39.9,-171.7,ageout_validated,90,-7.99
US,ADI,2018-02-28,53.0,-10.9,ageout_validated,90,5.25
US,ADI,2018-09-28,42.6,-38.4,validated_decline,26,-15.83
US,ADI,2019-08-30,49.8,-56.2,ageout_validated,90,3.52
US,ADI,2020-01-31,33.0,-34.5,ANOMALY,19,12.88
US,ADI,2020-07-31,45.0,-39.9,ANOMALY,73,10.37
US,ADI,2021-07-30,56.1,-6.4,ageout_validated,90,3.45
US,ADI,2021-12-31,48.0,-39.7,validated_decline,66,-16.37
US,ADI,2023-04-28,38.8,-31.2,ANOMALY,76,10.75
US,ADI,2023-08-31,47.6,-61.2,ageout_validated,90,0.99
US,ADI,2024-11-29,48.3,-46.3,ANOMALY,82,11.3
US,ADI,2025-07-31,36.7,-16.6,ANOMALY,22,12.27
US,ADI,2025-10-31,43.3,-25.0,ANOMALY,26,10.16
US,ADP,2018-02-28,47.4,-19.9,ANOMALY,70,10.77
US,ADP,2019-09-30,47.0,-33.8,ageout_validated,90,6.37
US,ADP,2020-07-31,28.9,-61.7,ANOMALY,69,11.35
US,ADP,2021-01-29,45.3,-52.3,ANOMALY,39,10.86
US,ADP,2021-09-30,44.6,-39.7,ANOMALY,27,11.02
US,ADP,2023-01-31,38.1,-86.1,ageout_validated,90,-1.52
US,ADP,2024-04-30,43.0,-7.7,ageout_validated,90,6.11
US,ADP,2024-12-31,43.3,-17.3,ageout_validated,90,4.93
US,ADP,2025-06-30,47.9,-27.3,ageout_validated,90,-4.98
US,ADP,2025-09-30,48.2,-30.3,validated_decline,51,-15.14
US,ADP,2025-11-28,41.6,-86.3,validated_decline,76,-17.23
US,ADP,2026-02-27,36.5,-169.0,ageout_validated,90,3.41
US,ADSK,2018-07-31,39.6,-24.6,ANOMALY,24,22.39
US,ADSK,2019-03-29,53.0,-0.9,ANOMALY,13,10.31
US,ADSK,2019-07-31,31.8,-18.4,ageout_validated,90,-6.77
US,ADSK,2020-09-30,48.4,-52.4,ANOMALY,16,12.54
US,ADSK,2021-01-29,36.9,-18.7,ANOMALY,7,10.25
US,ADSK,2021-05-28,52.3,-2.5,ANOMALY,62,12.12
US,ADSK,2021-09-30,39.6,-81.8,ANOMALY,28,11.2
US,ADSK,2022-11-30,47.5,-6.7,ANOMALY,63,10.02
US,ADSK,2023-04-28,46.8,-47.9,ANOMALY,48,13.68
US,ADSK,2024-04-30,28.1,-167.6,ANOMALY,48,13.0
US,ADSK,2025-02-28,31.1,-58.3,ageout_validated,90,8.31
US,ADSK,2025-10-31,41.7,-35.6,validated_decline,81,-15.75
US,ADSK,2026-01-30,31.6,-119.8,ageout_validated,90,-6.28
US,AFRM,2021-02-26,56.4,-94.7,validated_decline,10,-20.15
US,AFRM,2021-03-31,43.3,-339.6,ANOMALY,26,10.25
US,AFRM,2021-05-28,52.8,-187.0,ANOMALY,14,11.79
US,AFRM,2021-07-30,39.8,-81.4,ANOMALY,3,14.9
US,AFRM,2021-12-31,40.7,-274.8,validated_decline,4,-15.07
US,AFRM,2022-11-30,43.0,-343.6,validated_decline,7,-18.53
US,AFRM,2023-03-31,51.0,-233.0,validated_decline,32,-20.05
US,AFRM,2024-01-31,46.1,-5.8,ANOMALY,7,10.12
US,AFRM,2024-02-29,43.3,-132.7,validated_decline,46,-17.22
US,AFRM,2024-04-30,43.6,-100.8,ANOMALY,6,12.99
US,AFRM,2024-05-31,41.1,-113.5,ANOMALY,11,15.48
US,AFRM,2024-07-31,45.5,-102.8,ANOMALY,23,11.21
US,AFRM,2025-09-30,37.4,-1.0,ageout_validated,90,3.33
US,AFRM,2026-01-30,28.8,-120.5,validated_decline,13,-17.48
US,AFRM,2026-02-27,29.8,-356.7,ANOMALY,6,11.75
US,ALAB,2024-05-31,39.7,-83.9,validated_decline,47,-15.8
US,ALAB,2024-07-31,28.6,-295.1,validated_decline,7,-17.04
US,ALAB,2025-01-31,40.4,-246.3,validated_decline,21,-15.48
US,ALAB,2025-02-28,32.0,-363.3,validated_decline,10,-17.01
US,ALAB,2025-10-31,52.8,-193.2,validated_decline,12,-15.48
US,ALAB,2025-11-28,48.6,-196.2,ANOMALY,10,11.53
US,ALAB,2026-02-27,36.1,-280.1,validated_decline,31,-15.62
US,AMAT,2018-08-31,34.1,-95.3,validated_decline,39,-16.97
US,AMAT,2020-01-31,38.1,-0.5,ANOMALY,5,10.02
US,AMAT,2020-08-31,43.1,-0.8,ANOMALY,66,13.56
US,AMAT,2021-08-31,52.3,-23.2,ANOMALY,65,11.1
US,AMAT,2023-04-28,46.4,-58.4,ANOMALY,19,11.21
US,AMAT,2024-04-30,47.3,-31.4,ANOMALY,20,10.72
US,AMAT,2024-07-31,44.1,-127.3,validated_decline,7,-15.88
US,AMAT,2024-10-31,40.7,-59.1,ageout_validated,90,-3.24
US,AMAT,2025-02-28,35.3,-80.2,validated_decline,35,-19.69
US,AMAT,2025-08-29,34.5,-135.8,ANOMALY,19,10.8
US,AMD,2019-09-30,40.0,-56.1,ANOMALY,21,10.49
US,AMD,2020-09-30,55.8,-23.9,ANOMALY,61,13.01
US,AMD,2021-01-29,38.6,-28.8,ageout_validated,90,-2.02
US,AMD,2021-05-28,56.2,-26.3,ANOMALY,32,11.79
US,AMD,2021-09-30,46.0,-31.6,ANOMALY,18,13.15
US,AMD,2023-04-28,48.6,-43.0,ANOMALY,18,13.55
US,AMD,2023-08-31,45.7,-76.6,ANOMALY,71,12.17
US,AMD,2024-04-30,43.6,-156.5,ANOMALY,69,12.82
US,AMD,2024-07-31,38.5,-146.8,ANOMALY,56,12.14
US,AMD,2024-10-31,37.8,-27.0,validated_decline,48,-15.73
US,AMD,2024-12-31,34.4,-139.6,validated_decline,58,-17.62
US,AMD,2025-02-28,29.4,-132.6,ANOMALY,24,14.01
US,AMD,2025-11-28,45.7,-58.4,ANOMALY,54,14.83
US,AMD,2026-02-27,42.0,-109.4,ANOMALY,26,10.02
US,AMGN,2019-04-30,37.5,-52.3,ageout_validated,90,-0.96
US,AMGN,2019-09-30,42.2,-15.3,ANOMALY,31,10.2
US,AMGN,2020-01-31,25.2,-57.6,validated_decline,41,-15.05
US,AMGN,2020-10-30,29.3,-111.5,ANOMALY,11,11.37
US,AMGN,2021-02-26,33.3,-38.9,ANOMALY,24,11.01
US,AMGN,2021-08-31,42.7,-64.3,ageout_validated,90,-9.02
US,AMGN,2023-01-31,30.6,-63.4,ageout_validated,90,-4.51
US,AMGN,2024-02-29,30.4,-76.6,ANOMALY,64,13.68
US,AMGN,2024-09-30,44.6,-8.2,validated_decline,74,-15.34
US,AMGN,2024-12-31,31.6,-107.7,ANOMALY,34,10.83
US,AMGN,2025-09-30,51.0,-36.3,ANOMALY,36,13.35
US,AMT,2018-02-28,48.8,-5.0,ageout_validated,90,-1.9
US,AMT,2018-09-28,46.1,-17.3,ANOMALY,32,10.77
US,AMT,2019-09-30,48.7,-4.7,ageout_validated,90,4.06
US,AMT,2020-08-31,45.7,-44.3,ageout_validated,90,-5.59
US,AMT,2020-12-31,52.0,-44.3,ageout_validated,90,6.5
US,AMT,2021-09-30,27.0,-48.6,ageout_validated,90,9.38
US,AMT,2023-08-31,47.1,-50.2,ANOMALY,77,10.92
US,AMT,2024-01-31,34.6,-59.8,ageout_validated,90,-11.53
US,AMT,2024-10-31,35.6,-51.4,validated_decline,49,-15.99
US,AMT,2024-12-31,33.2,-113.1,ANOMALY,56,11.09
US,AMT,2025-05-30,51.1,-14.0,ageout_validated,90,-4.89
US,AMT,2025-08-29,39.7,-55.9,ageout_validated,90,-10.31
US,AMZN,2019-08-30,42.6,-68.4,ageout_validated,90,2.38
US,AMZN,2020-09-30,50.2,-49.5,ageout_validated,90,5.5
US,AMZN,2021-02-26,37.4,-25.9,ANOMALY,59,10.22
US,AMZN,2021-05-28,45.9,-21.0,ANOMALY,39,14.04
US,AMZN,2021-09-30,36.4,-14.5,ANOMALY,49,12.51
US,AMZN,2021-12-31,40.9,-32.4,validated_decline,25,-16.03
US,AMZN,2022-11-30,46.4,-133.6,validated_decline,28,-15.25
US,AMZN,2024-04-30,43.9,-8.0,ANOMALY,57,10.63
US,AMZN,2024-07-31,49.6,-36.8,ageout_validated,90,2.06
US,AMZN,2025-02-28,35.7,-73.6,validated_decline,34,-15.96
US,AMZN,2025-09-30,40.6,-30.2,ANOMALY,31,11.23
US,AMZN,2026-02-27,42.6,-120.5,ANOMALY,41,11.26
US,ARM,2024-04-30,40.3,-257.2,ANOMALY,13,15.83
US,ARM,2024-07-31,42.6,-60.0,validated_decline,1,-15.72
US,ARM,2024-11-29,44.7,-80.3,ANOMALY,13,10.21
US,ARM,2024-12-31,35.9,-87.5,ANOMALY,3,14.36
US,ARM,2025-02-28,36.8,-88.9,validated_decline,11,-15.34
US,ARM,2025-11-28,37.4,-197.0,validated_decline,19,-15.48
US,ARM,2025-12-31,21.7,-260.5,ANOMALY,37,13.16
US,ASML,2018-08-31,49.3,-20.2,validated_decline,40,-16.16
US,ASML,2020-10-30,41.0,-11.9,ANOMALY,6,10.67
US,ASML,2021-09-30,29.9,-16.0,ANOMALY,34,11.68
US,ASML,2023-04-28,49.1,-31.2,ANOMALY,24,10.02
US,ASML,2023-08-31,45.2,-55.1,ageout_validated,90,4.37
US,ASML,2024-04-30,39.4,-81.9,ANOMALY,28,13.68
US,ASML,2024-07-31,46.8,-145.8,validated_decline,36,-15.06
US,ASML,2024-09-30,50.0,-48.0,validated_decline,16,-17.97
US,ASML,2024-10-31,32.6,-166.6,ANOMALY,67,14.27
US,ASML,2025-07-31,35.1,-88.3,ANOMALY,27,10.84
US,AVGO,2018-01-31,39.5,-60.9,ageout_validated,90,-5.76
US,AVGO,2018-07-31,43.9,-117.4,ANOMALY,51,11.27
US,AVGO,2020-01-31,44.4,-1.8,validated_decline,38,-18.82
US,AVGO,2020-10-30,38.7,-6.6,ANOMALY,24,10.69
US,AVGO,2024-04-30,50.1,-15.2,ANOMALY,15,10.45
US,AVGO,2024-11-29,39.1,-75.4,ANOMALY,7,10.77
US,AVGO,2025-12-31,44.2,-61.1,validated_decline,89,-15.05
US,AXP,2019-08-30,44.6,-46.4,ageout_validated,90,0.35
US,AXP,2020-10-30,31.3,-71.8,ANOMALY,10,28.64
US,AXP,2021-08-31,49.7,-29.6,ANOMALY,52,13.01
US,AXP,2023-03-31,49.5,-60.7,ageout_validated,90,4.71
US,AXP,2023-08-31,36.2,-60.5,ageout_validated,90,6.41
US,AXP,2024-06-28,50.3,-26.7,ANOMALY,52,10.04
US,AXP,2025-02-28,44.8,-43.9,validated_decline,11,-15.14
US,AXP,2025-07-31,40.4,-4.3,ANOMALY,29,10.68
US,AXP,2026-01-30,40.2,-41.3,validated_decline,45,-15.32
US,AZO,2018-02-28,32.7,-89.3,ageout_validated,90,-5.33
US,AZO,2019-09-30,39.9,-3.1,ANOMALY,71,15.25
US,AZO,2020-01-31,22.3,-78.4,validated_decline,45,-19.53
US,AZO,2020-10-30,37.1,-32.6,ANOMALY,69,10.37
US,AZO,2021-01-29,31.2,-11.0,ANOMALY,38,10.97
US,AZO,2021-05-28,36.1,-19.1,ANOMALY,35,10.16
US,AZO,2021-08-31,38.1,-10.9,ANOMALY,29,12.13
US,AZO,2024-04-30,43.7,-40.2,ageout_validated,90,3.93
US,AZO,2024-09-30,54.5,-4.0,ageout_validated,90,2.91
US,AZO,2025-10-31,24.3,-105.7,ageout_validated,90,0.8
US,AZO,2026-05-29,24.3,-122.5,ageout_validated,90,1.27
US,BA,2019-03-29,46.0,-89.1,ageout_validated,90,-4.01
US,BA,2019-07-31,39.5,-27.4,ANOMALY,42,12.94
US,BA,2019-10-31,37.7,-86.7,ANOMALY,25,10.41
US,BA,2019-12-31,35.5,-86.9,validated_decline,59,-15.05
US,BA,2020-07-31,37.4,-75.1,ANOMALY,5,10.3
US,BA,2020-09-30,51.4,-67.7,ANOMALY,41,14.18
US,BA,2021-01-29,35.6,-84.5,ANOMALY,11,10.78
US,BA,2021-04-30,41.5,-37.7,ageout_validated,90,-1.14
US,BA,2021-07-30,47.1,-63.3,ageout_validated,90,-8.23
US,BA,2021-10-29,32.6,-47.6,ANOMALY,17,12.59
US,BA,2024-01-31,42.8,-165.1,validated_decline,69,-15.6
US,BA,2024-04-30,37.7,-110.6,ANOMALY,17,10.19
US,BA,2024-09-30,37.6,-102.0,ANOMALY,73,10.33
US,BA,2025-09-30,42.7,-60.9,validated_decline,51,-16.89
US,BA,2025-11-28,40.4,-138.2,ANOMALY,20,10.2
US,BA,2026-02-27,39.8,-19.5,validated_decline,28,-16.27
US,BABA,2018-08-31,43.7,-55.0,validated_decline,39,-16.04
US,BABA,2020-11-30,40.6,-97.3,validated_decline,24,-15.7
US,BABA,2020-12-31,35.2,-144.1,ANOMALY,20,14.08
US,BABA,2021-02-26,33.9,-8.5,ageout_validated,90,-10.52
US,BABA,2021-05-28,42.3,-83.2,validated_decline,81,-18.8
US,BABA,2021-08-31,38.2,-213.8,validated_decline,34,-16.38
US,BABA,2023-04-28,37.7,-70.7,ANOMALY,75,10.99
US,BABA,2023-11-30,32.2,-91.8,ageout_validated,90,0.95
US,BABA,2024-03-28,45.8,-22.6,ANOMALY,35,11.01
US,BABA,2024-06-28,37.1,-65.4,ANOMALY,14,10.62
US,BABA,2024-11-29,40.2,-154.8,ANOMALY,61,10.7
US,BABA,2025-05-30,37.6,-19.5,ANOMALY,75,13.32
US,BABA,2025-11-28,44.7,-82.4,ANOMALY,55,12.64
US,BABA,2026-02-27,30.0,-84.2,validated_decline,21,-15.06
US,BABA,2026-05-29,37.7,-33.5,validated_decline,25,-16.65
US,BAC,2018-09-28,33.3,-18.7,validated_decline,73,-15.48
US,BAC,2019-03-29,42.2,-47.8,ANOMALY,28,10.0
US,BAC,2019-08-30,48.3,-76.9,ANOMALY,14,10.39
US,BAC,2020-01-31,36.2,-38.5,validated_decline,32,-15.47
US,BAC,2020-09-30,43.7,-66.9,ANOMALY,40,15.23
US,BAC,2021-06-30,50.4,-22.8,ageout_validated,90,5.22
US,BAC,2023-03-31,40.1,-179.6,ageout_validated,90,1.01
US,BAC,2023-08-31,40.3,-64.8,ageout_validated,90,5.72
US,BAC,2024-12-31,41.4,-31.2,ageout_validated,90,-4.45
US,BAC,2026-01-30,47.9,-45.6,ageout_validated,90,1.06
US,BAC,2026-05-29,51.2,-11.6,ANOMALY,18,10.73
US,BIDU,2019-07-31,39.3,-25.5,validated_decline,14,-15.09
US,BIDU,2019-08-30,48.9,-46.4,ANOMALY,69,16.66
US,BIDU,2021-03-31,38.8,-247.1,validated_decline,40,-15.68
US,BIDU,2021-05-28,47.5,-94.8,validated_decline,59,-17.27
US,BIDU,2021-07-30,36.5,-138.0,validated_decline,20,-16.27
US,BIDU,2021-08-31,48.8,-124.7,ANOMALY,49,14.0
US,BIDU,2023-04-28,33.2,-193.6,ANOMALY,18,10.01
US,BIDU,2023-08-31,55.7,-49.0,validated_decline,47,-16.15
US,BIDU,2024-01-31,42.1,-78.5,ageout_validated,90,-1.81
US,BIDU,2024-05-31,34.8,-43.4,validated_decline,66,-15.24
US,BIDU,2024-10-31,43.7,-42.5,validated_decline,71,-15.13
US,BIDU,2025-05-30,37.1,-45.6,ANOMALY,39,10.23
US,BIDU,2025-10-31,46.5,-5.6,ANOMALY,63,24.35
US,BIDU,2026-02-27,27.9,-117.8,ANOMALY,68,12.98
US,BIIB,2018-02-28,32.1,-160.4,ageout_validated,90,-0.66
US,BIIB,2019-03-29,29.0,-326.6,ageout_validated,90,1.43
US,BIIB,2019-08-30,35.6,-59.5,ANOMALY,53,28.27
US,BIIB,2020-01-31,29.0,-63.4,ANOMALY,5,23.81
US,BIIB,2020-06-30,40.2,-147.4,ANOMALY,38,14.26
US,BIIB,2020-10-30,34.1,-99.8,ANOMALY,5,41.08
US,BIIB,2021-04-30,48.9,-14.3,ANOMALY,38,48.08
US,BIIB,2021-07-30,42.4,-60.8,validated_decline,80,-17.45
US,BIIB,2021-10-29,36.8,-114.6,validated_decline,35,-16.03
US,BIIB,2023-06-30,37.0,-65.5,ageout_validated,90,-9.49
US,BIIB,2024-01-31,45.8,-13.3,validated_decline,62,-15.82
US,BIIB,2024-07-31,38.9,-49.2,ageout_validated,90,-13.94
US,BIIB,2024-10-31,29.5,-68.9,validated_decline,48,-15.64
US,BIIB,2024-12-31,44.5,-89.0,ageout_validated,90,-10.52
US,BIIB,2025-06-30,44.1,-0.1,ANOMALY,46,10.36
US,BKNG,2018-08-31,50.8,-45.3,ageout_validated,90,-4.43
US,BKNG,2019-11-29,46.6,-57.7,ageout_validated,90,-12.82
US,BKNG,2020-09-30,44.4,-81.2,ANOMALY,40,23.82
US,BKNG,2021-01-29,38.9,-62.0,ANOMALY,12,10.15
US,BKNG,2021-05-28,53.9,-23.5,ageout_validated,90,-3.59
US,BKNG,2024-04-30,42.7,-21.8,ANOMALY,10,10.25
US,BKNG,2024-07-31,38.4,-42.6,ANOMALY,54,10.54
US,BKNG,2025-01-31,44.3,-63.9,ageout_validated,90,7.9
US,BKNG,2025-09-30,41.5,-14.7,validated_decline,51,-15.12
US,BKNG,2025-11-28,47.0,-63.5,ANOMALY,17,11.26
US,BKNG,2026-01-30,36.9,-39.7,validated_decline,10,-15.29
US,BKNG,2026-02-27,41.6,-206.1,ANOMALY,49,13.49
US,BKNG,2026-05-29,52.4,-57.2,ANOMALY,48,10.54
US,BLK,2018-02-28,52.5,-0.0,ageout_validated,90,-4.07
US,BLK,2019-03-29,51.4,-1.5,ANOMALY,25,10.92
US,BLK,2019-08-30,45.2,-98.7,ANOMALY,59,11.3
US,BLK,2020-09-30,51.9,-46.0,ANOMALY,13,13.38
US,BLK,2021-09-30,31.1,-65.7,ANOMALY,25,10.26
US,BLK,2023-08-31,55.0,-42.8,ageout_validated,90,7.45
US,BLK,2024-04-30,37.6,-68.4,ANOMALY,72,10.03
US,BLK,2025-02-28,46.8,-55.5,validated_decline,35,-15.41
US,BLK,2025-10-31,34.0,-33.2,ageout_validated,90,4.66
US,BLK,2026-02-27,43.9,-18.9,ageout_validated,90,-1.03
US,BMY,2019-03-29,35.9,-58.2,ageout_validated,90,-4.64
US,BMY,2019-07-31,46.1,-34.9,ANOMALY,42,10.88
US,BMY,2020-06-30,50.9,-50.2,ageout_validated,90,2.32
US,BMY,2020-09-30,53.1,-27.9,ageout_validated,90,2.64
US,BMY,2021-08-31,44.2,-2.5,validated_decline,90,-17.61
US,BMY,2023-07-31,44.1,-26.1,validated_decline,88,-17.13
US,BMY,2023-11-30,38.2,-103.3,ageout_validated,90,4.32
US,BMY,2024-04-30,22.5,-118.4,ANOMALY,87,16.56
US,BMY,2024-12-31,46.7,-5.3,ANOMALY,69,12.81
US,BMY,2025-05-30,49.7,-69.7,ageout_validated,90,-1.62
US,BMY,2025-09-30,44.5,-59.4,ANOMALY,43,10.32
US,BRK-B,2018-02-28,53.8,-6.8,ageout_validated,90,-8.36
US,BRK-B,2019-07-31,40.0,-7.4,ageout_validated,90,3.69
US,BRK-B,2020-06-30,45.3,-24.8,ANOMALY,29,10.03
US,BRK-B,2020-10-30,34.0,-45.0,ANOMALY,11,13.16
US,BRK-B,2021-06-30,44.1,-34.1,ageout_validated,90,-0.41
US,BRK-B,2021-09-30,37.0,-27.3,ageout_validated,90,9.72
US,BRK-B,2024-04-30,36.6,-23.1,ANOMALY,77,10.63
US,BRK-B,2024-10-31,40.9,-2.8,ageout_validated,90,4.07
US,BRK-B,2025-05-30,43.4,-32.1,ageout_validated,90,-0.81
US,BRK-B,2025-10-31,35.4,-28.5,ageout_validated,90,-0.16
US,BRK-B,2026-01-30,39.9,-44.6,ageout_validated,90,-1.44
US,BSX,2019-03-29,47.3,-38.4,ageout_validated,90,9.25
US,BSX,2019-09-30,39.7,-15.0,ANOMALY,74,10.81
US,BSX,2020-01-31,36.0,-33.3,validated_decline,38,-18.58
US,BSX,2020-06-30,46.1,-59.1,ANOMALY,29,13.39
US,BSX,2020-09-30,43.4,-49.5,ageout_validated,90,-7.09
US,BSX,2021-09-30,41.6,-15.4,ageout_validated,90,-0.51
US,BSX,2023-07-31,43.0,-12.4,ageout_validated,90,-4.49
US,BSX,2024-07-31,39.1,-18.8,ANOMALY,30,10.71
US,BSX,2025-09-30,32.8,-75.8,ageout_validated,90,-1.92
US,BSX,2025-12-31,45.4,-30.2,validated_decline,35,-20.82
US,BSX,2026-02-27,40.1,-189.3,validated_decline,31,-18.11
US,BSX,2026-05-29,28.6,-149.4,ageout_validated,90,-11.05
US,C,2019-03-29,47.3,-20.5,ANOMALY,18,11.4
US,C,2019-08-30,47.8,-86.5,ANOMALY,46,10.68
US,C,2020-01-31,35.1,-13.5,validated_decline,35,-17.65
US,C,2020-09-30,35.4,-182.7,ANOMALY,40,11.88
US,C,2021-06-30,40.8,-85.6,ageout_validated,90,1.63
US,C,2021-09-30,49.0,-2.4,validated_decline,81,-16.35
US,C,2021-12-31,39.4,-87.3,ANOMALY,11,11.13
US,C,2023-03-31,50.2,-102.5,ageout_validated,90,-0.2
US,C,2023-08-31,28.7,-107.5,ANOMALY,76,10.11
US,CAT,2018-02-28,45.0,-15.1,ageout_validated,90,-0.15
US,CAT,2019-08-30,46.6,-108.0,ANOMALY,12,11.84
US,CAT,2020-01-31,25.1,-66.8,validated_decline,38,-20.77
US,CAT,2021-06-30,41.2,-95.5,ageout_validated,90,-7.35
US,CAT,2021-09-30,36.4,-70.0,ANOMALY,39,12.22
US,CAT,2023-03-31,49.5,-92.9,ageout_validated,90,7.31
US,CAT,2024-04-30,37.2,-17.5,ageout_validated,90,3.4
US,CAT,2024-12-31,33.3,-78.2,ANOMALY,21,10.22
US,CAT,2025-02-28,36.5,-90.9,validated_decline,35,-16.24
US,CCL,2018-02-28,41.2,-5.5,ageout_validated,90,-5.79
US,CCL,2019-03-29,28.5,-76.1,ANOMALY,33,10.06
US,CCL,2019-06-28,32.0,-120.2,ageout_validated,90,-4.55
US,CCL,2020-01-31,31.3,-47.8,validated_decline,25,-16.71
US,CCL,2020-07-31,41.4,-164.4,ANOMALY,10,11.24
US,CCL,2020-09-30,46.7,-64.4,validated_decline,28,-18.97
US,CCL,2020-10-30,44.2,-130.7,ANOMALY,10,40.41
US,CCL,2021-01-29,38.8,-74.4,ANOMALY,6,12.75
US,CCL,2021-06-30,39.0,-59.1,validated_decline,15,-16.73
US,CCL,2021-07-30,38.3,-192.8,ANOMALY,12,10.81
US,CCL,2021-10-29,39.6,-95.0,ANOMALY,7,11.87
US,CCL,2023-03-31,54.7,-113.9,ANOMALY,48,11.13
US,CCL,2023-08-31,42.0,-109.3,validated_decline,33,-19.47
US,CCL,2024-01-31,47.2,-55.0,validated_decline,75,-15.2
US,CCL,2024-04-30,45.3,-70.2,ANOMALY,35,14.31
US,CCL,2025-02-28,40.6,-82.0,validated_decline,10,-20.27
US,CCL,2025-09-30,34.2,-23.6,ANOMALY,83,11.38
US,CEG,2023-12-29,48.4,-15.4,ANOMALY,35,10.97
US,CEG,2024-07-31,46.8,-184.2,ANOMALY,50,10.06
US,CEG,2024-12-31,37.2,-84.7,ANOMALY,3,12.82
US,CEG,2025-02-28,34.7,-78.6,validated_decline,6,-17.1
US,CEG,2025-08-29,39.6,-41.1,ANOMALY,24,12.71
US,CEG,2025-11-28,53.9,-39.4,validated_decline,49,-15.55
US,CEG,2026-01-30,30.0,-216.5,ANOMALY,25,11.39
US,CHTR,2018-02-28,38.5,-17.3,validated_decline,58,-22.99
US,CHTR,2020-06-30,43.8,-14.6,ANOMALY,17,10.71
US,CHTR,2020-10-30,47.9,-57.3,ANOMALY,33,10.49
US,CHTR,2021-01-29,41.3,-22.0,ANOMALY,90,10.27
US,CHTR,2021-09-30,29.6,-67.8,validated_decline,70,-15.89
US,CHTR,2024-01-31,45.7,-23.0,validated_decline,5,-18.09
US,CHTR,2024-02-29,38.5,-199.0,ageout_validated,90,-7.68
US,CHTR,2024-09-30,42.8,-68.0,ANOMALY,32,13.09
US,CHTR,2024-12-31,33.3,-94.9,ANOMALY,64,10.4
US,CHTR,2025-07-31,18.2,-283.0,ageout_validated,90,-10.32
US,CHTR,2025-10-31,30.7,-112.1,validated_decline,19,-16.94
US,CHTR,2025-11-28,32.4,-213.0,ANOMALY,68,12.02
US,CHTR,2026-05-29,34.2,-300.4,ageout_validated,90,-10.3
US,CI,2018-02-28,43.5,-76.5,validated_decline,13,-16.06
US,CI,2019-02-28,32.0,-38.6,validated_decline,48,-16.58
US,CI,2019-08-30,42.6,-98.1,ANOMALY,53,10.66
US,CI,2020-01-31,36.3,-3.8,ANOMALY,6,10.13
US,CI,2020-06-30,44.9,-38.9,ageout_validated,90,-12.45
US,CI,2020-09-30,49.4,-77.6,ANOMALY,35,24.33
US,CI,2021-06-30,40.8,-74.8,ageout_validated,90,-13.86
US,CI,2021-09-30,38.4,-46.3,ANOMALY,78,10.27
US,CI,2023-01-31,52.6,-38.3,validated_decline,51,-18.63
US,CI,2023-03-31,31.4,-123.6,ageout_validated,90,9.01
US,CI,2023-08-31,41.5,-24.5,ANOMALY,43,10.93
US,CI,2023-11-30,24.7,-85.5,ANOMALY,11,15.41
US,CI,2024-05-31,53.4,-46.8,ageout_validated,90,5.2
US,CI,2024-10-31,33.0,-110.3,validated_decline,47,-15.28
US,CI,2024-12-31,34.5,-155.6,ANOMALY,27,10.71
US,CI,2025-05-30,46.7,-46.5,validated_decline,62,-15.15
US,CI,2025-09-30,42.9,-23.5,validated_decline,31,-15.21
US,CI,2025-11-28,50.5,-41.1,ageout_validated,90,4.75
US,CMCSA,2018-02-28,31.2,-79.1,validated_decline,69,-15.04
US,CMCSA,2020-01-31,38.5,-3.1,validated_decline,41,-19.1
US,CMCSA,2020-10-30,37.6,-45.9,ANOMALY,10,11.7
US,CMCSA,2021-01-29,48.8,-18.8,ANOMALY,35,11.14
US,CMCSA,2021-09-30,40.1,-62.4,ageout_validated,90,-9.15
US,CMCSA,2024-02-29,50.6,-42.6,ageout_validated,90,-10.8
US,CMCSA,2024-12-31,33.2,-121.3,ageout_validated,90,-0.85
US,CMCSA,2025-07-31,40.2,-41.1,ageout_validated,90,-13.23
US,CMCSA,2025-10-31,30.1,-99.3,ANOMALY,73,11.38
US,CMCSA,2026-05-29,35.1,-108.0,ageout_validated,90,-4.14
US,CMG,2018-09-28,32.1,-47.9,validated_decline,87,-15.11
US,CMG,2019-10-31,39.7,-49.8,ANOMALY,63,10.28
US,CMG,2020-09-30,48.4,-1.1,ANOMALY,77,12.62
US,CMG,2021-03-31,47.2,-17.0,ageout_validated,90,7.99
US,CMG,2021-09-30,38.4,-5.3,ageout_validated,90,-3.79
US,CMG,2023-07-31,39.9,-38.8,ageout_validated,90,-3.81
US,CMG,2024-07-31,43.3,-184.5,ANOMALY,76,10.11
US,CMG,2025-01-31,48.4,-53.0,validated_decline,41,-16.49
US,CMG,2025-07-31,23.5,-173.6,ageout_validated,90,-7.28
US,CMG,2025-10-31,18.1,-91.6,ANOMALY,41,10.03
US,CMG,2026-02-27,46.0,-42.1,validated_decline,28,-17.09
US,CMG,2026-05-29,41.5,-35.0,ANOMALY,34,10.66
US,COIN,2021-05-28,35.7,-291.6,ANOMALY,73,18.57
US,COIN,2021-09-30,37.2,-102.5,ANOMALY,6,10.07
US,COIN,2021-12-31,42.2,-172.2,validated_decline,21,-23.93
US,COIN,2022-11-30,41.1,-384.1,validated_decline,13,-15.39
US,COIN,2023-04-28,36.5,-164.2,ANOMALY,11,11.94
US,COIN,2023-08-31,47.7,-115.3,ANOMALY,68,11.9
US,COIN,2024-01-31,43.4,-159.6,ANOMALY,9,10.76
US,COIN,2024-04-30,40.9,-84.0,ANOMALY,2,12.22
US,COIN,2024-06-28,45.6,-22.5,ANOMALY,18,13.17
US,COIN,2024-08-30,38.7,-134.8,validated_decline,7,-19.64
US,COIN,2024-09-30,50.7,-75.1,ANOMALY,14,10.2
US,COIN,2024-12-31,38.0,-71.9,ANOMALY,6,15.89
US,COIN,2025-02-28,33.2,-243.7,validated_decline,10,-16.88
US,COIN,2025-08-29,40.7,-145.0,ANOMALY,20,12.67
US,COIN,2025-11-28,43.4,-268.0,validated_decline,32,-15.11
US,COIN,2025-12-31,30.5,-182.7,ANOMALY,5,12.73
US,COIN,2026-01-30,25.3,-194.3,validated_decline,6,-24.97
US,COIN,2026-02-27,46.3,-220.1,ANOMALY,5,18.81
US,COP,2018-02-28,44.4,-35.7,ANOMALY,34,10.53
US,COP,2019-04-30,37.0,-51.9,ageout_validated,90,-6.88
US,COP,2019-07-31,45.4,-12.4,ageout_validated,90,-2.64
US,COP,2020-01-31,28.3,-41.0,validated_decline,27,-20.14
US,COP,2020-07-31,38.7,-79.7,ANOMALY,12,11.42
US,COP,2020-09-30,36.9,-127.8,ANOMALY,47,17.38
US,COP,2021-04-30,47.8,-40.4,ANOMALY,7,11.65
US,COP,2021-07-30,45.3,-50.6,ANOMALY,54,11.06
US,COP,2023-03-31,45.7,-92.4,ageout_validated,90,5.04
US,COP,2023-11-30,48.2,-36.3,ageout_validated,90,-2.36
US,COP,2024-05-31,37.9,-79.2,ageout_validated,90,-1.1
US,COP,2024-09-30,44.3,-32.0,ageout_validated,90,-7.3
US,COP,2024-12-31,42.7,-104.2,ageout_validated,90,6.76
US,COP,2025-05-30,40.4,-49.3,ANOMALY,13,10.94
US,COP,2025-10-31,46.6,-62.2,ANOMALY,66,12.67
US,COP,2026-05-29,38.9,-41.4,ageout_validated,90,4.22
US,COST,2018-02-28,54.2,-0.9,ageout_validated,90,3.36
US,COST,2019-12-31,46.1,-15.7,ANOMALY,50,10.13
US,COST,2020-06-30,51.5,-17.2,ANOMALY,35,12.31
US,COST,2020-12-31,58.8,-2.3,validated_decline,63,-15.16
US,COST,2024-07-31,42.9,-32.4,ANOMALY,27,10.57
US,COST,2024-12-31,32.6,-7.6,ANOMALY,35,11.52
US,COST,2025-06-30,46.2,-25.3,ageout_validated,90,-7.35
US,COST,2025-09-30,38.7,-31.8,ageout_validated,90,-6.11
US,COST,2025-12-31,39.8,-49.0,ANOMALY,14,10.28
US,CRM,2020-10-30,36.2,-31.9,ANOMALY,6,12.03
US,CRM,2020-12-31,39.4,-80.6,ANOMALY,47,11.71
US,CRM,2024-04-30,32.9,-100.3,validated_decline,30,-18.94
US,CRM,2024-05-31,30.1,-104.5,ANOMALY,33,11.31
US,CRM,2025-02-28,30.9,-98.7,validated_decline,35,-19.17
US,CRM,2025-07-31,39.8,-11.7,ageout_validated,90,-2.49
US,CRM,2025-11-28,41.7,-82.0,ANOMALY,7,13.03
US,CRM,2026-01-30,25.9,-147.8,validated_decline,24,-16.08
US,CRM,2026-02-27,44.3,-187.8,validated_decline,42,-15.1
US,CRWD,2019-09-30,35.2,-364.4,ANOMALY,7,17.96
US,CRWD,2019-10-31,40.7,-297.3,ANOMALY,15,19.72
US,CRWD,2019-12-31,47.8,-62.0,ANOMALY,6,10.51
US,CRWD,2020-10-30,32.6,-36.8,ANOMALY,5,10.08
US,CRWD,2021-03-31,41.8,-182.4,ANOMALY,8,11.47
US,CRWD,2021-09-30,41.5,-44.8,ANOMALY,13,10.03
US,CRWD,2022-11-30,30.4,-140.6,validated_decline,28,-15.04
US,CRWD,2023-04-28,37.9,-25.2,ANOMALY,10,10.3
US,CRWD,2024-04-30,40.8,-74.3,ANOMALY,14,12.65
US,CRWD,2024-07-31,17.8,-407.2,ANOMALY,14,10.46
US,CRWD,2025-07-31,39.1,-45.8,ANOMALY,49,10.57
US,CRWD,2025-11-28,46.9,-13.3,validated_decline,67,-17.17
US,CRWD,2026-02-27,38.2,-190.5,ANOMALY,6,14.57
US,CSCO,2019-08-30,34.5,-162.0,ageout_validated,90,-2.62
US,CSCO,2019-11-29,40.4,-47.6,ANOMALY,75,11.01
US,CSCO,2020-08-31,34.7,-101.8,ageout_validated,90,2.07
US,CSCO,2021-09-30,31.2,-35.6,ANOMALY,76,10.85
US,CSCO,2023-04-28,38.3,-59.1,ANOMALY,49,10.2
US,CSCO,2023-11-30,35.8,-98.7,ageout_validated,90,0.11
US,CSCO,2024-02-29,39.1,-44.7,ageout_validated,90,-3.96
US,CSX,2018-02-28,45.0,-22.0,ANOMALY,49,13.57
US,CSX,2019-07-31,37.1,-104.4,ageout_validated,90,0.98
US,CSX,2021-01-29,38.1,-43.6,ANOMALY,54,10.14
US,CSX,2021-06-30,46.4,-42.9,ageout_validated,90,-4.66
US,CSX,2021-09-30,31.7,-78.4,ANOMALY,14,12.41
US,CSX,2023-03-31,53.2,-49.8,ANOMALY,75,10.92
US,CSX,2023-08-31,37.3,-65.2,ageout_validated,90,5.43
US,CSX,2024-03-28,48.8,-4.3,ageout_validated,90,-10.63
US,CSX,2024-12-31,36.9,-84.6,ageout_validated,90,-8.43
US,CSX,2025-08-29,33.2,-44.2,ANOMALY,31,10.21
US,CVS,2018-02-28,31.7,-120.6,ageout_validated,90,-3.59
US,CVS,2019-02-28,26.9,-79.6,ageout_validated,90,-8.31
US,CVS,2020-01-31,29.1,-42.8,validated_decline,41,-19.49
US,CVS,2020-07-31,46.5,-7.8,ageout_validated,90,-10.38
US,CVS,2020-10-30,37.7,-18.9,ANOMALY,7,15.8
US,CVS,2021-02-26,36.5,-39.4,ANOMALY,17,10.04
US,CVS,2021-06-30,44.5,-14.5,ageout_validated,90,3.28
US,CVS,2023-01-31,41.8,-84.6,validated_decline,45,-15.7
US,CVS,2023-03-31,34.9,-131.7,ageout_validated,90,-6.71
US,CVS,2023-08-31,28.8,-93.8,ANOMALY,19,10.46
US,CVS,2024-01-31,47.4,-25.0,ageout_validated,90,-8.07
US,CVS,2024-08-30,45.7,-17.8,ANOMALY,35,12.84
US,CVS,2024-10-31,36.9,-60.3,validated_decline,46,-17.46
US,CVS,2024-12-31,32.9,-251.9,ANOMALY,13,14.77
US,CVS,2025-05-30,51.3,-63.5,ANOMALY,80,10.77
US,CVS,2026-01-30,40.7,-26.0,ANOMALY,89,13.58
US,CVX,2018-02-28,39.5,-106.1,ANOMALY,49,10.63
US,CVX,2018-08-31,42.1,-29.0,ageout_validated,90,1.31
US,CVX,2019-04-30,46.1,-39.3,ageout_validated,90,4.49
US,CVX,2020-01-31,23.8,-74.9,validated_decline,38,-23.83
US,CVX,2020-06-30,46.6,-37.9,validated_decline,85,-18.2
US,CVX,2020-09-30,30.5,-153.1,ANOMALY,40,10.28
US,CVX,2021-07-30,49.1,-46.8,ANOMALY,81,11.19
US,CVX,2024-08-30,50.6,-29.3,ANOMALY,82,10.16
US,CVX,2024-12-31,36.3,-92.1,ANOMALY,16,10.04
US,CVX,2025-11-28,47.8,-16.6,ANOMALY,47,10.66
US,CVX,2026-05-29,42.3,-15.8,ageout_validated,90,5.77
US,DAL,2018-02-28,50.7,-43.3,ageout_validated,90,1.21
US,DAL,2019-08-30,47.8,-48.6,ageout_validated,90,-0.63
US,DAL,2020-01-31,36.3,-14.1,validated_decline,28,-16.67
US,DAL,2020-07-31,41.1,-97.5,ANOMALY,10,17.5
US,DAL,2021-01-29,42.3,-25.2,ANOMALY,10,13.91
US,DAL,2021-04-30,49.5,-42.4,validated_decline,80,-17.82
US,DAL,2021-07-30,39.4,-87.9,ANOMALY,63,13.73
US,DAL,2021-10-29,34.9,-63.5,ANOMALY,7,13.19
US,DAL,2023-03-31,49.7,-135.8,ANOMALY,69,12.0
US,DAL,2023-08-31,45.5,-73.9,validated_decline,33,-17.82
US,DAL,2024-06-28,35.5,-51.0,validated_decline,35,-15.75
US,DAL,2024-12-31,45.5,-16.8,ANOMALY,10,10.66
US,DAL,2025-02-28,37.9,-71.3,validated_decline,10,-16.28
US,DAL,2025-09-30,41.0,-24.3,ANOMALY,21,10.15
US,DAL,2026-01-30,40.8,-31.5,ANOMALY,7,14.36
US,DASH,2021-02-26,41.9,-1.9,validated_decline,10,-21.29
US,DASH,2021-03-31,38.9,-269.9,ANOMALY,12,12.74
US,DASH,2021-10-29,38.4,-7.5,ANOMALY,13,16.75
US,DASH,2021-12-31,36.8,-226.0,validated_decline,21,-21.46
US,DASH,2024-04-30,45.5,-31.3,validated_decline,59,-15.84
US,DASH,2024-12-31,43.9,-12.9,ANOMALY,29,10.75
US,DASH,2025-10-31,42.9,-25.3,validated_decline,6,-22.77
US,DASH,2025-11-28,37.4,-264.3,ANOMALY,5,12.15
US,DASH,2026-01-30,36.5,-77.8,validated_decline,13,-21.25
US,DASH,2026-02-27,43.3,-192.9,validated_decline,28,-16.93
US,DASH,2026-05-29,47.5,-62.9,ANOMALY,26,11.7
US,DDOG,2020-08-31,47.9,-45.9,ANOMALY,22,11.8
US,DDOG,2021-03-31,45.6,-193.7,ANOMALY,13,13.04
US,DDOG,2023-08-31,50.2,-100.9,validated_decline,55,-15.43
US,DDOG,2024-03-28,47.3,-43.5,ageout_validated,90,-0.33
US,DDOG,2024-07-31,41.7,-39.2,ANOMALY,71,11.72
US,DDOG,2025-02-28,29.2,-209.8,validated_decline,13,-15.33
US,DDOG,2025-12-31,29.7,-170.7,validated_decline,36,-21.52
US,DDOG,2026-02-27,42.8,-139.0,ANOMALY,7,12.32
US,DE,2019-03-29,52.8,-18.2,validated_decline,49,-15.65
US,DE,2019-08-30,50.9,-49.6,ANOMALY,42,10.86
US,DE,2020-01-31,28.7,-61.0,ANOMALY,21,11.89
US,DE,2021-05-28,42.6,-47.1,ageout_validated,90,5.45
US,DE,2021-09-30,35.4,-67.3,ageout_validated,90,3.18
US,DE,2023-04-28,42.3,-49.4,ANOMALY,54,10.2
US,DE,2023-08-31,49.8,-57.8,ageout_validated,90,-11.13
US,DE,2024-02-29,41.0,-72.4,ANOMALY,27,12.49
US,DE,2024-05-31,37.7,-69.8,ageout_validated,90,2.28
US,DE,2025-08-29,39.1,-44.4,ageout_validated,90,-1.49
US,DE,2026-05-29,40.6,-79.2,ANOMALY,24,10.4
US,DG,2018-02-28,42.8,-28.8,ageout_validated,90,2.06
US,DG,2019-11-29,41.8,-11.6,ageout_validated,90,0.4
US,DG,2020-12-31,47.3,-12.4,validated_decline,63,-15.15
US,DG,2021-05-28,43.6,-45.4,ANOMALY,52,10.71
US,DG,2021-08-31,34.9,-1.1,ageout_validated,90,1.17
US,DG,2023-01-31,44.2,-47.9,ageout_validated,90,-5.52
US,DG,2023-06-30,42.8,-147.9,validated_decline,62,-18.14
US,DG,2024-04-30,31.1,-75.6,validated_decline,85,-15.52
US,DG,2024-07-31,41.8,-84.4,validated_decline,29,-30.2
US,DG,2024-08-30,16.3,-153.4,ageout_validated,90,-7.44
US,DG,2025-01-31,43.7,-47.0,ANOMALY,24,11.22
US,DG,2025-07-31,37.7,-40.0,ANOMALY,7,10.23
US,DG,2025-09-30,41.9,-72.2,ANOMALY,65,21.96
US,DHR,2020-11-30,48.3,-29.3,ageout_validated,90,-2.13
US,DHR,2021-09-30,33.0,-16.7,ageout_validated,90,7.34
US,DHR,2023-04-28,39.9,-36.0,ANOMALY,89,11.93
US,DHR,2024-06-28,42.2,-19.3,ANOMALY,32,10.14
US,DHR,2024-10-31,31.1,-98.2,ageout_validated,90,-8.82
US,DHR,2025-01-31,34.6,-1.5,validated_decline,63,-18.27
US,DHR,2025-05-30,47.0,-28.1,ANOMALY,75,10.31
US,DHR,2025-09-30,55.2,-69.5,ANOMALY,21,11.35
US,DHR,2026-01-30,34.4,-7.7,validated_decline,56,-16.9
US,DIA,2018-02-28,48.4,-9.6,ageout_validated,90,-2.19
US,DIA,2020-09-30,52.6,-15.1,ANOMALY,89,10.05
US,DIA,2021-09-30,36.6,-22.5,ageout_validated,90,8.29
US,DIA,2023-08-31,51.1,-7.4,ageout_validated,90,2.5
US,DIA,2024-04-30,39.6,-22.0,ageout_validated,90,7.69
US,DIA,2024-12-31,37.7,-23.4,ageout_validated,90,-0.95
US,DIS,2018-02-28,41.5,-35.1,ageout_validated,90,-3.36
US,DIS,2019-03-29,47.2,-24.7,ANOMALY,14,17.14
US,DIS,2019-08-30,50.2,-36.6,ANOMALY,88,10.48
US,DIS,2020-01-31,39.2,-53.9,validated_decline,32,-15.81
US,DIS,2020-06-30,44.3,-20.9,ANOMALY,36,14.44
US,DIS,2020-09-30,41.1,-36.4,ANOMALY,40,14.92
US,DIS,2021-03-31,42.9,-13.5,ageout_validated,90,-5.74
US,DIS,2021-06-30,48.3,-10.5,ageout_validated,90,-0.71
US,DIS,2021-09-30,35.2,-32.9,validated_decline,62,-15.97
US,DIS,2022-11-30,50.9,-35.8,ANOMALY,56,10.47
US,DIS,2023-08-31,40.0,-42.1,ANOMALY,76,12.25
US,DIS,2024-04-30,38.9,-29.3,validated_decline,84,-17.77
US,DIS,2024-07-31,42.1,-82.6,ageout_validated,90,2.6
US,DIS,2025-09-30,46.1,-31.8,ageout_validated,90,0.4
US,DIS,2026-02-27,46.9,-48.9,ageout_validated,90,-2.18
US,DKNG,2020-10-30,29.8,-260.5,ANOMALY,5,11.47
US,DKNG,2021-04-30,41.7,-100.2,validated_decline,10,-19.98
US,DKNG,2021-05-28,49.4,-173.5,ANOMALY,11,10.71
US,DKNG,2021-07-30,48.4,-18.9,ANOMALY,13,12.6
US,DKNG,2021-09-30,28.0,-109.8,validated_decline,42,-15.47
US,DKNG,2021-12-31,38.4,-268.5,validated_decline,14,-15.58
US,DKNG,2023-12-29,47.2,-1.5,ANOMALY,31,13.22
US,DKNG,2024-04-30,43.5,-64.8,ANOMALY,15,11.04
US,DKNG,2024-05-31,27.7,-144.6,ANOMALY,12,10.7
US,DKNG,2024-10-31,38.0,-40.4,ANOMALY,7,10.36
US,DKNG,2024-12-31,35.6,-91.7,ANOMALY,21,11.59
US,DKNG,2025-09-30,18.7,-101.1,validated_decline,28,-16.68
US,DKNG,2025-10-31,29.3,-243.1,ANOMALY,31,10.72
US,DKNG,2026-01-30,26.3,-144.9,validated_decline,14,-20.9
US,DKNG,2026-02-27,39.0,-313.5,ageout_validated,90,2.89
US,EA,2018-07-31,31.1,-37.1,validated_decline,71,-18.33
US,EA,2019-04-30,45.0,-58.3,ageout_validated,90,-6.11
US,EA,2019-07-31,52.4,-61.3,ageout_validated,90,2.06
US,EA,2020-09-30,47.3,-59.3,ageout_validated,90,8.03
US,EA,2021-02-26,34.8,-22.9,ageout_validated,90,6.82
US,EA,2023-08-31,37.5,-85.2,ANOMALY,71,10.67
US,EA,2024-03-28,41.3,-53.7,ageout_validated,90,6.11
US,EA,2024-09-30,48.1,-30.3,ANOMALY,37,10.12
US,EA,2024-12-31,27.8,-89.6,validated_decline,23,-18.95
US,EA,2025-01-31,29.8,-240.7,ANOMALY,34,11.45
US,EA,2026-02-27,46.1,-12.1,ageout_validated,90,0.38
US,EA,2026-05-29,54.5,-4.5,ageout_validated,90,3.58
US,EBAY,2018-07-31,30.1,-116.2,validated_decline,84,-15.72
US,EBAY,2019-09-30,42.6,-21.1,ageout_validated,90,-7.1
US,EBAY,2020-01-31,34.4,-18.2,ANOMALY,4,11.47
US,EBAY,2020-09-30,47.6,-61.5,ANOMALY,13,10.54
US,EBAY,2020-10-30,33.0,-27.2,ANOMALY,47,12.99
US,EBAY,2021-04-30,33.5,-10.1,ANOMALY,10,10.13
US,EBAY,2021-09-30,38.1,-20.0,ANOMALY,22,15.67
US,EBAY,2023-03-31,54.0,-57.3,ageout_validated,90,1.1
US,EBAY,2024-01-31,42.5,-12.7,ANOMALY,28,16.61
US,EBAY,2024-10-31,21.8,-31.0,ANOMALY,25,13.01
US,EBAY,2025-10-31,30.6,-2.1,ANOMALY,66,11.66
US,EBAY,2026-02-27,57.0,-43.9,ANOMALY,46,10.87
US,ELV,2018-02-28,48.5,-21.1,ageout_validated,90,-2.27
US,ELV,2019-03-29,41.0,-30.7,validated_decline,19,-17.68
US,ELV,2019-04-30,45.2,-135.7,ANOMALY,50,10.98
US,ELV,2019-08-30,38.2,-124.2,ANOMALY,77,14.25
US,ELV,2020-01-31,28.2,-62.5,ANOMALY,12,11.58
US,ELV,2020-06-30,45.1,-65.3,ageout_validated,90,-1.9
US,ELV,2020-09-30,54.5,-62.2,ANOMALY,12,11.16
US,ELV,2021-01-29,37.0,-39.0,ANOMALY,35,12.33
US,ELV,2021-06-30,48.6,-26.1,ageout_validated,90,1.33
US,ELV,2023-01-31,55.2,-26.6,ageout_validated,90,-5.24
US,ELV,2023-08-31,37.1,-11.5,ageout_validated,90,5.63
US,ELV,2024-09-30,35.1,-27.0,validated_decline,18,-17.16
US,ELV,2024-10-31,22.6,-235.8,ageout_validated,90,-0.94
US,ELV,2025-05-30,42.7,-96.7,validated_decline,48,-20.86
US,ELV,2025-07-31,32.9,-259.0,ANOMALY,19,10.22
US,ELV,2026-02-27,37.0,-72.5,ANOMALY,59,11.98
US,EOG,2018-02-28,36.5,-52.4,ANOMALY,49,11.46
US,EOG,2018-08-31,44.9,-50.4,ANOMALY,33,10.28
US,EOG,2019-02-28,43.0,-14.6,ANOMALY,43,12.03
US,EOG,2019-07-31,44.9,-35.3,validated_decline,23,-16.42
US,EOG,2019-08-30,39.7,-139.5,ANOMALY,17,15.43
US,EOG,2020-01-31,29.3,-49.7,validated_decline,27,-17.71
US,EOG,2020-07-31,44.5,-53.2,validated_decline,41,-18.89
US,EOG,2020-09-30,32.2,-201.8,ANOMALY,40,13.29
US,EOG,2021-07-30,40.2,-118.0,ANOMALY,59,12.28
US,EOG,2023-03-31,54.0,-76.2,ageout_validated,90,-0.75
US,EOG,2023-11-30,45.4,-32.2,ageout_validated,90,-5.3
US,EOG,2024-02-29,52.0,-2.4,ANOMALY,21,10.15
US,EOG,2024-05-31,41.4,-61.3,ageout_validated,90,5.09
US,EOG,2024-09-30,47.5,-13.1,ANOMALY,44,10.08
US,EOG,2024-12-31,43.0,-79.0,ANOMALY,14,10.76
US,EOG,2025-05-30,39.8,-20.1,ANOMALY,12,10.45
US,EOG,2025-09-30,34.5,-41.9,ageout_validated,90,-5.78
US,EOG,2025-12-31,46.6,-36.3,ANOMALY,35,10.24
US,ETHA,2024-08-30,30.6,-218.7,ANOMALY,69,15.94
US,ETHA,2025-02-28,29.6,-287.5,validated_decline,10,-15.9
US,ETHA,2025-09-30,47.7,-23.1,ANOMALY,6,13.58
US,ETHA,2025-10-31,45.4,-106.8,validated_decline,4,-17.3
US,ETHA,2025-11-28,41.2,-285.8,ANOMALY,12,10.63
US,ETHA,2026-01-30,34.9,-59.3,validated_decline,5,-18.99
US,ETHA,2026-02-27,36.8,-362.3,ANOMALY,5,11.91
US,ETHA,2026-05-29,33.4,-100.8,validated_decline,7,-21.91
US,F,2018-01-31,25.2,-95.7,ageout_validated,90,4.02
US,F,2018-07-31,27.2,-110.6,validated_decline,79,-15.24
US,F,2019-07-31,37.6,-23.6,ageout_validated,90,-7.85
US,F,2020-01-31,39.8,-26.9,validated_decline,25,-18.03
US,F,2020-09-30,44.2,-35.1,ANOMALY,8,10.36
US,F,2021-04-30,41.6,-45.0,ANOMALY,21,15.51
US,F,2021-07-30,46.8,-48.8,ANOMALY,74,12.11
US,F,2023-07-31,35.6,-25.8,validated_decline,88,-24.6
US,F,2024-01-31,55.1,-5.4,ANOMALY,12,10.75
US,F,2024-04-30,40.6,-8.9,ANOMALY,72,12.21
US,F,2024-07-31,27.1,-77.9,ageout_validated,90,-2.29
US,F,2024-12-31,37.3,-88.9,ageout_validated,90,4.62
US,FBTC,2024-04-30,38.4,-52.2,ANOMALY,15,11.94
US,FBTC,2024-06-28,37.7,-80.7,ANOMALY,21,12.24
US,FBTC,2024-08-30,45.1,-29.8,ANOMALY,27,10.5
US,FBTC,2025-02-28,31.9,-131.8,ANOMALY,54,11.1
US,FBTC,2025-08-29,39.2,-35.6,ANOMALY,34,11.81
US,FBTC,2025-10-31,45.7,-48.9,validated_decline,17,-16.38
US,FBTC,2025-11-28,39.2,-223.0,validated_decline,67,-15.81
US,FBTC,2026-02-27,37.1,-252.9,ANOMALY,5,11.43
US,FBTC,2026-05-29,38.5,-7.8,validated_decline,7,-17.9
US,FCX,2018-07-31,49.3,-55.1,validated_decline,15,-17.21
US,FCX,2018-08-31,36.8,-110.2,validated_decline,53,-17.05
US,FCX,2019-04-30,39.1,-2.7,validated_decline,17,-15.76
US,FCX,2019-08-30,39.5,-187.9,ANOMALY,11,10.12
US,FCX,2020-01-31,33.3,-102.3,ANOMALY,5,11.8
US,FCX,2021-03-31,47.3,-31.8,ANOMALY,14,10.51
US,FCX,2021-06-30,42.8,-111.5,validated_decline,82,-15.83
US,FCX,2021-09-30,43.5,-86.8,ANOMALY,13,10.11
US,FCX,2023-03-31,57.9,-59.0,validated_decline,41,-15.26
US,FCX,2023-08-31,47.9,-53.3,validated_decline,53,-15.7
US,FCX,2024-01-31,49.7,-15.6,ANOMALY,44,12.4
US,FCX,2024-06-28,44.4,-50.8,validated_decline,38,-15.66
US,FCX,2024-10-31,37.7,-5.1,validated_decline,49,-15.06
US,FCX,2024-12-31,29.0,-139.0,ANOMALY,84,13.38
US,FCX,2025-07-31,37.5,-5.8,ANOMALY,26,10.21
US,FCX,2025-09-30,40.4,-119.4,ANOMALY,9,10.43
US,FDX,2018-02-28,45.3,-51.5,ageout_validated,90,0.7
US,FDX,2018-09-28,43.3,-10.0,validated_decline,70,-16.11
US,FDX,2019-08-30,49.7,-64.5,ANOMALY,12,10.11
US,FDX,2019-09-30,37.0,-90.2,ANOMALY,35,13.24
US,FDX,2019-12-31,44.6,-37.0,validated_decline,66,-15.14
US,FDX,2020-12-31,31.7,-69.9,ANOMALY,89,10.42
US,FDX,2021-06-30,51.0,-23.0,validated_decline,82,-15.69
US,FDX,2021-09-30,15.3,-183.6,ANOMALY,35,11.73
US,FDX,2024-01-31,37.1,-39.9,ANOMALY,50,10.32
US,FDX,2024-05-31,45.6,-63.6,ANOMALY,26,17.27
US,FDX,2024-09-30,45.0,-74.2,ANOMALY,56,11.5
US,FDX,2024-12-31,51.0,-28.5,validated_decline,80,-17.68
US,FISV,2019-09-30,47.7,-11.8,ANOMALY,45,10.15
US,FISV,2020-06-30,43.0,-61.8,ageout_validated,90,6.61
US,FISV,2020-10-30,39.5,-47.2,ANOMALY,10,14.28
US,FISV,2021-01-29,32.5,-75.7,ANOMALY,10,10.43
US,FISV,2021-05-28,43.0,-57.4,ageout_validated,90,1.92
US,FISV,2021-09-30,42.4,-45.9,ageout_validated,90,-3.9
US,FISV,2023-03-31,52.7,-9.2,ageout_validated,90,9.75
US,FISV,2023-08-31,43.3,-33.8,ageout_validated,90,6.57
US,FISV,2024-04-30,50.3,-6.3,ageout_validated,90,6.58
US,FISV,2024-12-31,46.3,-20.4,ANOMALY,36,11.74
US,FISV,2025-05-30,36.6,-203.5,validated_decline,63,-16.87
US,FISV,2025-09-30,35.3,-61.2,validated_decline,29,-45.24
US,FISV,2025-10-31,14.0,-395.6,ageout_validated,90,-4.89
US,FISV,2026-01-30,37.0,-27.0,validated_decline,56,-15.42
US,FISV,2026-05-29,48.1,-56.9,validated_decline,17,-15.29
US,GE,2018-01-31,36.4,-100.5,validated_decline,50,-16.76
US,GE,2018-08-31,52.7,-36.7,validated_decline,60,-20.58
US,GE,2019-08-30,38.4,-220.4,ANOMALY,11,10.79
US,GE,2020-07-31,34.6,-60.6,ANOMALY,11,10.87
US,GE,2021-06-30,53.0,-28.2,ageout_validated,90,-1.73
US,GE,2024-06-28,45.5,-10.8,ANOMALY,63,10.03
US,GE,2024-10-31,35.4,-34.5,ANOMALY,84,17.08
US,GE,2025-11-28,48.3,-28.2,ANOMALY,82,10.56
US,GEV,2025-02-28,43.1,-110.9,validated_decline,10,-19.41
US,GEV,2025-10-31,45.5,-61.1,ANOMALY,40,23.56
US,GEV,2026-05-29,40.3,-2.3,ANOMALY,20,14.66
US,GILD,2018-08-31,52.0,-17.9,ageout_validated,90,-7.26
US,GILD,2019-02-28,40.2,-33.3,ageout_validated,90,-1.59
US,GILD,2019-07-31,44.0,-6.1,ageout_validated,90,-2.25
US,GILD,2020-01-31,41.0,-30.5,ANOMALY,21,10.28
US,GILD,2020-07-31,29.9,-37.7,ageout_validated,90,-14.94
US,GILD,2020-10-30,27.3,-77.6,ANOMALY,77,10.14
US,GILD,2021-02-26,34.1,-7.7,ANOMALY,49,10.15
US,GILD,2021-04-30,39.8,-0.3,ANOMALY,62,10.05
US,GILD,2021-10-29,32.8,-48.8,ANOMALY,47,10.87
US,GILD,2023-01-31,46.6,-27.0,ageout_validated,90,-2.08
US,GILD,2023-11-30,51.4,-31.0,ANOMALY,35,11.29
US,GILD,2024-01-31,39.1,-15.7,validated_decline,85,-15.74
US,GILD,2024-04-30,28.3,-91.0,ANOMALY,77,11.22
US,GLD,2018-07-31,36.2,-37.8,ageout_validated,90,0.28
US,GLD,2019-03-29,42.7,-3.8,ageout_validated,90,8.88
US,GLD,2019-09-30,40.7,-1.7,ageout_validated,90,2.49
US,GLD,2020-09-30,42.2,-34.0,ageout_validated,90,-0.43
US,GLD,2021-01-29,43.6,-13.3,ageout_validated,90,-3.7
US,GLD,2021-06-30,34.8,-50.1,ageout_validated,90,-2.16
US,GLD,2021-09-30,45.3,-28.4,ageout_validated,90,2.66
US,GLD,2023-06-30,41.1,-32.8,ageout_validated,90,-2.83
US,GLD,2024-01-31,52.3,-3.1,ANOMALY,61,10.28
US,GLD,2024-11-29,50.8,-17.3,ANOMALY,76,10.07
US,GLD,2025-07-31,43.1,-6.2,ANOMALY,39,10.52
US,GM,2018-02-28,36.7,-54.6,ageout_validated,90,-4.04
US,GM,2018-07-31,39.8,-74.7,validated_decline,73,-15.23
US,GM,2019-03-29,42.9,-46.1,ageout_validated,90,4.4
US,GM,2019-08-30,44.5,-71.0,ageout_validated,90,-1.58
US,GM,2019-11-29,44.6,-29.7,ageout_validated,90,-13.78
US,GM,2020-06-30,44.4,-2.7,ANOMALY,41,10.59
US,GM,2021-07-30,48.7,-56.2,validated_decline,24,-15.24
US,GM,2021-08-31,36.7,-136.9,ANOMALY,34,10.14
US,GM,2023-03-31,51.8,-111.9,ageout_validated,90,4.43
US,GM,2023-08-31,39.6,-125.7,validated_decline,57,-18.77
US,GM,2024-07-31,37.3,-39.4,ANOMALY,27,11.12
US,GM,2024-12-31,50.7,-21.6,validated_decline,63,-15.11
US,GM,2026-02-27,42.5,-21.9,ageout_validated,90,7.42
US,GOOG,2018-09-28,52.2,-24.2,validated_decline,83,-15.42
US,GOOG,2019-06-28,42.3,-38.0,ANOMALY,28,15.68
US,GOOG,2020-09-30,44.1,-75.8,ANOMALY,23,11.66
US,GOOG,2020-12-31,50.2,-0.9,ANOMALY,33,10.03
US,GOOG,2021-09-30,31.7,-25.4,ANOMALY,29,11.26
US,GOOG,2024-02-29,42.6,-33.9,ANOMALY,32,11.96
US,GOOG,2024-07-31,40.4,-54.1,ageout_validated,90,-1.03
US,GOOG,2025-02-28,30.8,-107.6,ageout_validated,90,0.54
US,GOOG,2026-02-27,44.6,-57.8,ANOMALY,59,11.99
US,GOOGL,2018-02-28,49.5,-5.2,ageout_validated,90,-3.25
US,GOOGL,2018-09-28,53.3,-27.1,validated_decline,80,-15.03
US,GOOGL,2019-06-28,42.3,-40.4,ANOMALY,28,15.0
US,GOOGL,2020-09-30,44.2,-76.8,ANOMALY,23,11.42
US,GOOGL,2021-09-30,34.1,-18.0,ANOMALY,29,10.75
US,GOOGL,2024-02-29,42.5,-32.4,ANOMALY,32,12.3
US,GOOGL,2024-07-31,40.3,-55.6,ageout_validated,90,-0.95
US,GOOGL,2025-02-28,30.8,-110.6,ageout_validated,90,1.04
US,GOOGL,2026-02-27,45.3,-56.1,ANOMALY,56,10.55
US,GS,2018-09-28,35.1,-22.7,validated_decline,56,-15.67
US,GS,2019-03-29,45.6,-20.1,ageout_validated,90,4.29
US,GS,2019-08-30,52.0,-41.6,ageout_validated,90,9.34
US,GS,2020-10-30,33.5,-32.8,ANOMALY,10,13.7
US,GS,2021-09-30,38.5,-38.6,ANOMALY,26,10.47
US,GS,2023-03-31,48.2,-100.5,ageout_validated,90,-0.48
US,GS,2023-08-31,47.4,-44.3,ageout_validated,90,4.68
US,GS,2024-12-31,47.3,-10.7,ANOMALY,21,10.85
US,GS,2026-02-27,38.1,-29.6,ANOMALY,52,10.14
US,HD,2018-02-28,39.7,-54.1,ageout_validated,90,2.08
US,HD,2019-11-29,37.2,-55.4,ANOMALY,74,10.28
US,HD,2020-09-30,53.5,-19.3,ageout_validated,90,-3.63
US,HD,2020-12-31,42.7,-14.7,ANOMALY,83,10.9
US,HD,2021-05-28,49.1,-8.9,ageout_validated,90,1.33
US,HD,2024-04-30,34.3,-104.5,ANOMALY,77,11.21
US,HD,2024-12-31,35.5,-55.7,ageout_validated,90,-5.19
US,HD,2025-10-31,36.6,-51.6,ageout_validated,90,-1.42
US,HON,2018-02-28,44.6,-15.0,ageout_validated,90,-1.4
US,HON,2019-08-30,50.2,-56.0,ANOMALY,70,10.08
US,HON,2020-01-31,39.8,-6.6,validated_decline,41,-21.71
US,HON,2021-01-29,33.7,-43.0,ANOMALY,42,10.24
US,HON,2021-06-30,47.1,-42.6,ageout_validated,90,-1.59
US,HON,2021-09-30,30.2,-60.0,ageout_validated,90,-1.79
US,HON,2023-01-31,49.1,-29.0,ageout_validated,90,-3.3
US,HON,2023-07-31,32.6,-5.7,ageout_validated,90,-8.3
US,HON,2024-02-29,53.2,-7.3,ageout_validated,90,-0.28
US,HON,2024-07-31,40.0,-25.6,ageout_validated,90,1.18
US,HON,2025-02-28,50.1,-46.2,ageout_validated,90,6.34
US,HON,2025-07-31,37.2,-21.1,ageout_validated,90,-3.73
US,HON,2025-11-28,46.4,-29.5,ANOMALY,47,10.85
US,HOOD,2021-09-30,46.5,-41.7,validated_decline,27,-15.78
US,HOOD,2021-10-29,28.4,-146.3,validated_decline,21,-17.1
US,HOOD,2021-12-31,31.5,-464.1,validated_decline,18,-18.92
US,HOOD,2022-11-30,47.5,-137.2,validated_decline,20,-15.54
US,HOOD,2023-04-28,33.5,-34.0,ANOMALY,47,12.43
US,HOOD,2023-08-31,49.5,-80.5,validated_decline,43,-16.07
US,HOOD,2024-01-31,42.9,-60.3,ANOMALY,12,11.82
US,HOOD,2024-04-30,41.7,-35.5,ANOMALY,15,12.31
US,HOOD,2024-07-31,38.9,-44.1,validated_decline,5,-20.18
US,HOOD,2025-11-28,52.0,-141.8,validated_decline,49,-15.37
US,HOOD,2026-01-30,29.6,-158.8,validated_decline,5,-18.96
US,HOOD,2026-02-27,38.1,-323.3,ANOMALY,47,15.12
US,HUM,2019-03-29,37.9,-92.3,ageout_validated,90,-0.32
US,HUM,2019-08-30,47.7,-1.2,ANOMALY,69,11.51
US,HUM,2020-01-31,32.7,-29.1,ANOMALY,12,11.19
US,HUM,2020-06-30,54.9,-21.6,ANOMALY,64,10.32
US,HUM,2021-01-29,37.8,-39.0,ANOMALY,56,10.57
US,HUM,2021-08-31,34.8,-81.0,ANOMALY,50,12.3
US,HUM,2023-03-31,45.1,-10.9,ANOMALY,13,10.26
US,HUM,2023-06-30,32.6,-141.8,ANOMALY,38,10.63
US,HUM,2023-11-30,41.5,-5.3,validated_decline,50,-17.02
US,HUM,2024-01-31,31.6,-220.3,validated_decline,62,-19.3
US,HUM,2024-04-30,31.3,-84.5,ANOMALY,9,10.79
US,HUM,2024-09-30,37.4,-127.7,validated_decline,2,-22.18
US,HUM,2024-12-31,41.8,-110.7,ANOMALY,13,13.26
US,HUM,2025-02-28,51.4,-67.8,validated_decline,74,-15.08
US,HUM,2025-05-30,42.6,-129.6,ANOMALY,61,12.57
US,HUM,2025-09-30,42.2,-91.8,ANOMALY,6,13.46
US,HUM,2025-11-28,46.6,-154.6,ANOMALY,17,11.79
US,HUM,2026-01-30,21.3,-186.9,validated_decline,41,-16.15
US,IBIT,2024-04-30,38.0,-53.5,ANOMALY,15,12.21
US,IBIT,2024-06-28,37.5,-80.9,ANOMALY,21,12.48
US,IBIT,2024-08-30,45.1,-30.2,ANOMALY,27,10.4
US,IBIT,2025-02-28,32.2,-131.5,ANOMALY,54,11.06
US,IBIT,2025-08-29,39.3,-35.8,ANOMALY,34,11.93
US,IBIT,2025-10-31,45.7,-49.0,validated_decline,17,-16.37
US,IBIT,2025-11-28,39.3,-222.8,validated_decline,67,-16.0
US,IBIT,2026-02-27,37.1,-252.9,ANOMALY,5,11.43
US,IBIT,2026-05-29,38.8,-7.6,validated_decline,7,-17.99
US,IBM,2018-02-28,49.5,-21.4,ageout_validated,90,-8.37
US,IBM,2019-08-30,48.8,-65.8,ageout_validated,90,-0.13
US,IBM,2020-06-30,47.8,-31.7,ageout_validated,90,2.11
US,IBM,2020-10-30,38.0,-100.8,ANOMALY,25,13.04
US,IBM,2021-01-29,39.0,-25.3,ANOMALY,48,10.65
US,IBM,2021-07-30,45.9,-22.8,ageout_validated,90,-9.7
US,IBM,2021-10-29,26.1,-90.1,ANOMALY,55,10.68
US,IBM,2023-01-31,32.4,-51.6,ageout_validated,90,-5.26
US,IBM,2024-04-30,23.3,-103.3,ANOMALY,73,11.1
US,IBM,2024-10-31,30.2,-25.5,ANOMALY,25,10.25
US,IBM,2025-07-31,25.8,-74.4,ANOMALY,56,11.93
US,IBM,2025-12-31,39.4,-3.9,validated_decline,54,-24.17
US,IBM,2026-02-27,35.0,-217.6,ANOMALY,90,10.8
US,INTC,2018-07-31,32.1,-56.3,ageout_validated,90,-5.04
US,INTC,2019-08-30,51.9,-48.8,ANOMALY,12,11.35
US,INTC,2020-06-30,48.9,-34.9,validated_decline,24,-15.44
US,INTC,2020-07-31,21.3,-184.4,ANOMALY,33,10.21
US,INTC,2020-10-30,25.6,-99.6,ANOMALY,32,12.74
US,INTC,2021-04-30,33.8,-86.7,ageout_validated,90,-6.08
US,INTC,2021-07-30,41.6,-49.1,ageout_validated,90,-9.92
US,INTC,2021-10-29,35.0,-85.4,ANOMALY,68,10.7
US,INTC,2024-01-31,36.7,-28.4,validated_decline,72,-16.91
US,INTC,2024-04-30,21.4,-256.9,ANOMALY,69,12.01
US,INTC,2024-08-30,46.2,-301.8,ANOMALY,68,13.66
US,INTC,2024-12-31,40.8,-150.4,ANOMALY,43,12.12
US,INTC,2025-05-30,39.9,-20.0,ANOMALY,11,12.94
US,INTC,2025-07-31,32.3,-44.7,ANOMALY,12,10.15
US,INTC,2025-12-31,46.9,-43.3,ANOMALY,7,15.53
US,INTU,2019-09-30,43.4,-43.0,ageout_validated,90,0.63
US,INTU,2020-09-30,54.6,-10.6,ANOMALY,40,10.6
US,INTU,2021-03-31,49.2,-40.8,ANOMALY,49,10.11
US,INTU,2021-12-31,50.4,-4.1,validated_decline,18,-16.29
US,INTU,2022-11-30,54.9,-24.4,ANOMALY,64,11.16
US,INTU,2024-04-30,48.1,-19.7,ageout_validated,90,1.86
US,INTU,2024-12-31,42.0,-20.0,ageout_validated,90,-2.15
US,INTU,2025-08-29,29.1,-141.3,ageout_validated,90,-5.51
US,INTU,2025-11-28,41.4,-34.8,validated_decline,53,-16.43
US,INTU,2026-01-30,24.2,-221.3,validated_decline,11,-15.54
US,INTU,2026-02-27,39.6,-362.2,ANOMALY,6,14.12
US,INTU,2026-05-29,40.1,-207.4,validated_decline,13,-16.48
US,ISRG,2019-04-30,35.8,-95.5,ageout_validated,90,3.72
US,ISRG,2019-08-30,52.8,-40.4,ANOMALY,49,10.74
US,ISRG,2020-01-31,33.9,-24.9,ANOMALY,20,10.45
US,ISRG,2020-10-30,35.2,-5.9,ANOMALY,7,10.01
US,ISRG,2021-01-29,41.1,-28.7,ANOMALY,82,19.23
US,ISRG,2021-09-30,38.8,-26.3,ANOMALY,36,10.13
US,ISRG,2023-01-31,40.5,-73.3,ANOMALY,78,21.52
US,ISRG,2024-04-30,40.9,-44.5,ANOMALY,36,12.58
US,ISRG,2024-12-31,41.4,-8.7,ANOMALY,15,11.14
US,ISRG,2025-06-30,58.5,-23.7,validated_decline,65,-18.81
US,ISRG,2025-09-30,45.9,-68.2,ANOMALY,22,17.84
US,ISRG,2026-01-30,26.4,-98.5,ageout_validated,90,-9.24
US,ISRG,2026-05-29,40.1,-70.7,validated_decline,49,-18.66
US,JD,2018-07-31,40.0,-92.1,validated_decline,35,-17.93
US,JD,2018-09-28,38.8,-230.7,validated_decline,26,-16.6
US,JD,2019-09-30,37.5,-28.1,ANOMALY,16,10.74
US,JD,2021-03-31,44.8,-141.3,validated_decline,40,-15.33
US,JD,2021-05-28,49.8,-67.9,validated_decline,83,-15.89
US,JD,2021-12-31,41.6,-186.5,ANOMALY,40,11.73
US,JD,2023-03-31,50.9,-161.3,validated_decline,20,-16.3
US,JD,2023-04-28,39.0,-172.8,ANOMALY,48,11.87
US,JD,2023-08-31,38.8,-117.9,validated_decline,42,-16.2
US,JD,2024-01-31,36.5,-154.2,ANOMALY,35,10.47
US,JD,2024-06-28,27.2,-131.3,ANOMALY,13,10.8
US,JD,2024-11-29,51.5,-101.7,ANOMALY,10,10.41
US,JD,2024-12-31,41.0,-58.2,ANOMALY,17,12.49
US,JD,2025-07-31,41.1,-3.9,ANOMALY,47,10.23
US,JD,2025-10-31,46.3,-13.2,ageout_validated,90,-12.02
US,JD,2026-02-27,33.0,-68.6,ANOMALY,26,12.14
US,JNJ,2018-02-28,41.1,-70.6,ageout_validated,90,-7.39
US,JNJ,2019-07-31,37.2,-64.4,ageout_validated,90,-0.1
US,JNJ,2020-06-30,43.0,-46.9,ANOMALY,64,10.11
US,JNJ,2020-09-30,53.8,-18.9,ageout_validated,90,4.25
US,JNJ,2021-09-30,29.6,-59.2,ageout_validated,90,6.92
US,JNJ,2023-01-31,27.5,-64.0,ageout_validated,90,0.83
US,JNJ,2023-08-31,37.3,-16.6,ageout_validated,90,-5.17
US,JNJ,2024-03-28,51.1,-14.4,ageout_validated,90,-6.44
US,JNJ,2024-11-29,47.7,-34.1,ageout_validated,90,6.47
US,JPM,2019-03-29,43.1,-30.8,ANOMALY,14,10.7
US,JPM,2019-08-30,52.0,-42.6,ANOMALY,46,10.07
US,JPM,2020-01-31,41.3,-12.5,validated_decline,35,-18.34
US,JPM,2020-06-30,44.6,-13.0,ANOMALY,42,11.45
US,JPM,2020-09-30,46.2,-52.1,ANOMALY,40,22.56
US,JPM,2021-06-30,47.6,-50.5,ageout_validated,90,7.39
US,JPM,2023-03-31,46.4,-82.5,ANOMALY,76,10.67
US,JPM,2023-08-31,37.7,-34.6,ageout_validated,90,6.24
US,JPM,2024-04-30,52.9,-0.9,ANOMALY,76,10.16
US,JPM,2024-09-30,49.4,-13.7,ANOMALY,37,17.89
US,JPM,2024-12-31,49.9,-3.1,ANOMALY,21,10.3
US,JPM,2026-01-30,44.9,-49.8,ageout_validated,90,2.92
US,JPM,2026-05-29,45.8,-17.8,ANOMALY,18,10.63
US,KLAC,2018-09-28,36.7,-101.9,validated_decline,26,-15.45
US,KLAC,2019-11-29,45.2,-1.1,ANOMALY,34,11.42
US,KLAC,2020-01-31,38.2,-4.9,validated_decline,41,-23.99
US,KLAC,2020-09-30,54.5,-60.2,ANOMALY,12,10.74
US,KLAC,2024-04-30,52.9,-16.4,ANOMALY,15,10.44
US,KLAC,2024-10-31,37.3,-128.5,ANOMALY,77,12.47
US,KO,2018-02-28,35.8,-61.2,ageout_validated,90,-0.38
US,KO,2018-08-31,33.1,-7.1,ANOMALY,66,10.17
US,KO,2019-02-28,38.8,-61.1,ANOMALY,77,10.31
US,KO,2020-06-30,44.1,-25.3,ANOMALY,59,11.53
US,KO,2020-10-30,38.1,-12.9,ANOMALY,11,12.32
US,KO,2021-01-29,35.9,-81.2,ANOMALY,56,11.07
US,KO,2021-06-30,45.4,-7.0,ageout_validated,90,-1.98
US,KO,2021-09-30,27.4,-51.8,ANOMALY,74,10.94
US,KO,2023-01-31,48.6,-37.3,ageout_validated,90,5.66
US,KO,2023-08-31,38.4,-17.1,ageout_validated,90,-1.9
US,KO,2024-10-31,25.7,-65.1,ageout_validated,90,-3.07
US,KO,2025-07-31,38.6,-24.9,ageout_validated,90,1.45
US,KO,2025-12-31,47.0,-5.7,ANOMALY,35,10.64
US,KVUE,2023-07-31,34.4,-60.0,validated_decline,65,-15.97
US,KVUE,2024-01-31,46.8,-10.0,ageout_validated,90,-8.41
US,KVUE,2024-06-28,40.1,-50.5,ANOMALY,39,14.74
US,KVUE,2024-12-31,32.6,-83.7,ANOMALY,52,10.31
US,KVUE,2025-06-30,33.3,-94.6,validated_decline,84,-18.14
US,KVUE,2025-09-30,26.9,-224.5,ageout_validated,90,7.25
US,LIN,2018-02-28,40.6,-33.9,ageout_validated,90,2.93
US,LIN,2018-08-31,49.6,-22.3,ageout_validated,90,0.71
US,LIN,2019-07-31,32.2,-5.1,ageout_validated,90,4.58
US,LIN,2020-01-31,38.5,-5.8,ANOMALY,18,10.05
US,LIN,2020-09-30,44.2,-46.8,ANOMALY,41,10.04
US,LIN,2021-01-29,39.0,-29.0,ANOMALY,45,10.09
US,LIN,2021-06-30,47.9,-25.9,ageout_validated,90,4.1
US,LIN,2021-09-30,32.0,-23.8,ANOMALY,32,10.09
US,LIN,2024-01-31,47.2,-7.6,ANOMALY,22,10.42
US,LIN,2024-04-30,34.6,-36.3,ageout_validated,90,2.37
US,LIN,2024-10-31,31.0,-0.8,ageout_validated,90,-3.62
US,LIN,2025-10-31,18.8,-82.8,ageout_validated,90,9.17
US,LLY,2018-01-31,34.1,-6.7,ageout_validated,90,-2.2
US,LLY,2019-04-30,36.0,-72.1,ageout_validated,90,-6.59
US,LLY,2019-07-31,44.8,-47.7,ageout_validated,90,3.07
US,LLY,2020-07-31,32.9,-11.4,ageout_validated,90,-11.37
US,LLY,2020-10-30,28.2,-105.5,ANOMALY,5,13.9
US,LLY,2021-03-31,42.3,-92.5,ANOMALY,68,19.64
US,LLY,2021-09-30,40.1,-120.0,ANOMALY,29,10.26
US,LLY,2023-01-31,40.7,-54.0,ANOMALY,80,12.3
US,LLY,2024-07-31,34.5,-80.5,ANOMALY,9,10.87
US,LLY,2024-09-30,41.3,-8.0,validated_decline,46,-15.63
US,LLY,2024-11-29,47.5,-124.8,ANOMALY,70,10.43
US,LLY,2025-05-30,45.3,-100.2,ANOMALY,13,10.08
US,LLY,2025-07-31,38.6,-6.6,validated_decline,8,-15.46
US,LLY,2026-01-30,46.2,-13.9,validated_decline,56,-15.18
US,LMT,2019-03-29,53.9,-10.8,ANOMALY,25,10.97
US,LMT,2020-06-30,43.1,-46.9,ageout_validated,90,7.67
US,LMT,2020-10-30,29.7,-77.1,ageout_validated,90,-5.69
US,LMT,2021-01-29,28.4,-67.8,ANOMALY,48,12.24
US,LMT,2021-07-30,42.7,-22.9,ageout_validated,90,-10.19
US,LMT,2021-10-29,32.0,-15.9,ANOMALY,73,10.21
US,LMT,2023-01-31,51.5,-49.5,ageout_validated,90,1.97
US,LMT,2023-07-31,39.0,-15.4,ageout_validated,90,-0.0
US,LMT,2024-01-31,33.2,-41.6,ageout_validated,90,9.07
US,LMT,2024-10-31,28.7,-52.3,validated_decline,89,-15.7
US,LMT,2025-01-31,38.1,-47.6,ageout_validated,90,3.95
US,LMT,2025-07-31,32.1,-106.9,ANOMALY,36,11.0
US,LMT,2025-11-28,40.5,-64.4,ANOMALY,38,12.58
US,LOW,2018-02-28,31.1,-46.0,ageout_validated,90,7.43
US,LOW,2020-10-30,35.7,-0.4,ANOMALY,87,10.51
US,LOW,2021-02-26,35.1,-13.6,ANOMALY,21,12.36
US,LOW,2024-01-31,46.5,-4.3,ANOMALY,27,10.59
US,LOW,2024-04-30,39.0,-55.8,ageout_validated,90,5.69
US,LOW,2024-12-31,32.5,-86.4,ageout_validated,90,-5.09
US,LOW,2025-10-31,39.4,-46.7,ANOMALY,70,12.21
US,LOW,2026-05-29,37.3,-97.8,ageout_validated,90,-4.67
US,LRCX,2018-08-31,44.3,-38.6,validated_decline,38,-15.02
US,LRCX,2020-08-31,38.1,-20.2,ANOMALY,42,10.47
US,LRCX,2021-08-31,50.5,-49.8,ANOMALY,90,12.8
US,LRCX,2024-04-30,42.9,-58.1,ANOMALY,41,12.15
US,LRCX,2024-07-31,42.4,-143.6,validated_decline,2,-17.18
US,LRCX,2024-10-31,43.4,-50.5,ANOMALY,83,12.31
US,LULU,2018-07-31,40.9,-10.0,ANOMALY,20,13.94
US,LULU,2020-09-30,50.5,-106.1,ANOMALY,58,10.94
US,LULU,2021-01-29,35.1,-74.4,ageout_validated,90,4.33
US,LULU,2021-05-28,51.4,-3.8,ANOMALY,25,11.13
US,LULU,2021-12-31,38.9,-124.1,validated_decline,14,-15.96
US,LULU,2023-01-31,43.3,-64.1,ANOMALY,57,17.65
US,LULU,2024-01-31,33.0,-28.1,validated_decline,61,-15.12
US,LULU,2024-04-30,40.3,-132.5,validated_decline,22,-16.91
US,LULU,2024-05-31,36.6,-171.5,validated_decline,55,-20.73
US,LULU,2024-07-31,33.0,-162.8,ANOMALY,75,10.86
US,LULU,2025-02-28,39.6,-79.1,validated_decline,13,-15.3
US,LULU,2025-06-30,34.9,-254.9,validated_decline,31,-15.59
US,LULU,2025-09-30,47.8,-103.2,ANOMALY,73,15.2
US,LULU,2026-01-30,32.4,-102.3,validated_decline,56,-16.42
US,LULU,2026-05-29,46.1,-141.2,validated_decline,24,-19.63
US,MA,2019-09-30,45.8,-20.3,ANOMALY,81,10.08
US,MA,2020-09-30,52.3,-4.5,ageout_validated,90,2.63
US,MA,2021-01-29,38.3,-50.4,ANOMALY,25,10.79
US,MA,2021-05-28,41.4,-36.0,ageout_validated,90,-2.03
US,MA,2021-08-31,32.1,-63.4,ageout_validated,90,-6.59
US,MA,2024-04-30,33.6,-36.8,ageout_validated,90,-2.05
US,MA,2025-06-30,49.7,-34.1,ageout_validated,90,0.7
US,MA,2025-09-30,41.4,-22.2,ageout_validated,90,1.73
US,MA,2026-01-30,45.5,-59.6,ageout_validated,90,-6.5
US,MA,2026-05-29,45.6,-18.0,ANOMALY,48,11.65
US,MAR,2018-08-31,54.0,-18.0,validated_decline,54,-15.29
US,MAR,2019-08-30,39.5,-79.4,ANOMALY,88,11.52
US,MAR,2020-01-31,40.5,-33.0,validated_decline,32,-18.08
US,MAR,2020-06-30,44.3,-63.5,ANOMALY,41,13.3
US,MAR,2020-09-30,42.3,-39.8,ANOMALY,37,12.22
US,MAR,2021-01-29,34.9,-66.7,ANOMALY,7,11.32
US,MAR,2021-05-28,50.2,-30.7,ageout_validated,90,-6.9
US,MAR,2021-08-31,47.3,-37.7,ANOMALY,23,10.93
US,MAR,2023-03-31,52.5,-53.9,ageout_validated,90,9.51
US,MAR,2024-04-30,36.8,-46.9,ageout_validated,90,1.25
US,MAR,2024-07-31,35.1,-16.4,ANOMALY,57,10.61
US,MAR,2025-02-28,45.8,-16.6,validated_decline,13,-15.39
US,MAR,2025-09-30,44.5,-12.4,ANOMALY,38,11.8
US,MCD,2018-02-28,37.9,-73.1,ageout_validated,90,1.83
US,MCD,2019-09-30,54.2,-15.5,ageout_validated,90,-7.11
US,MCD,2020-10-30,32.7,-2.3,ageout_validated,90,-2.32
US,MCD,2021-01-29,42.4,-12.2,ANOMALY,59,10.06
US,MCD,2021-06-30,45.5,-2.3,ageout_validated,90,6.11
US,MCD,2023-08-31,40.0,-31.7,ageout_validated,90,-0.27
US,MCD,2024-03-28,42.8,-36.6,ageout_validated,90,-7.96
US,MCD,2024-10-31,39.0,-8.1,ageout_validated,90,-0.09
US,MCD,2025-06-30,39.8,-74.2,ageout_validated,90,5.07
US,MCD,2025-09-30,46.8,-14.9,ageout_validated,90,2.14
US,MCD,2026-05-29,40.4,-62.4,ageout_validated,90,-4.96
US,MDB,2018-01-31,35.3,-30.2,ANOMALY,14,11.14
US,MDB,2019-09-30,37.5,-158.5,ANOMALY,7,13.48
US,MDB,2019-12-31,48.3,-24.8,ANOMALY,9,13.94
US,MDB,2021-03-31,33.6,-314.3,ANOMALY,6,10.87
US,MDB,2022-11-30,43.7,-195.0,ANOMALY,7,16.77
US,MDB,2023-08-31,53.8,-76.6,ANOMALY,90,10.28
US,MDB,2024-03-28,34.6,-199.8,validated_decline,64,-34.18
US,MDB,2024-06-28,44.9,-295.0,ANOMALY,63,16.33
US,MDB,2024-12-31,28.9,-246.7,ANOMALY,21,10.76
US,MDB,2026-01-30,39.4,-46.6,validated_decline,24,-17.76
US,MDB,2026-02-27,41.6,-180.5,validated_decline,4,-23.06
US,MDLZ,2019-10-31,39.8,-41.4,ageout_validated,90,4.56
US,MDLZ,2020-10-30,27.9,-47.0,ANOMALY,17,10.47
US,MDLZ,2021-01-29,38.2,-18.3,ANOMALY,89,10.39
US,MDLZ,2021-08-31,44.1,-17.6,ageout_validated,90,-1.72
US,MDLZ,2023-01-31,49.0,-26.1,ANOMALY,83,10.34
US,MDLZ,2023-08-31,42.7,-30.0,ageout_validated,90,-0.55
US,MDLZ,2024-02-29,47.2,-8.9,ageout_validated,90,-7.84
US,MDLZ,2024-05-31,43.8,-20.4,ageout_validated,90,3.87
US,MDLZ,2024-10-31,34.8,-46.7,validated_decline,71,-17.21
US,MDLZ,2025-01-31,47.3,-46.8,ANOMALY,21,11.52
US,MDLZ,2025-08-29,36.7,-72.2,ageout_validated,90,-6.14
US,MDLZ,2025-12-31,41.6,-35.3,ANOMALY,34,10.48
US,MDT,2018-02-28,40.8,-40.9,ageout_validated,90,7.5
US,MDT,2019-04-30,55.4,-42.0,ANOMALY,41,10.07
US,MDT,2020-06-30,45.5,-63.4,ANOMALY,43,11.33
US,MDT,2021-09-30,37.1,-25.9,validated_decline,62,-15.86
US,MDT,2022-11-30,44.3,-70.9,ANOMALY,64,11.79
US,MDT,2023-08-31,40.6,-52.5,ageout_validated,90,-2.41
US,MDT,2024-02-29,41.1,-20.3,ageout_validated,90,-1.43
US,MDT,2024-06-28,39.6,-32.2,ANOMALY,54,11.22
US,MDT,2024-11-29,45.6,-44.4,ageout_validated,90,5.76
US,MDT,2025-05-30,46.7,-26.8,ANOMALY,53,11.37
US,MDT,2025-10-31,31.9,-24.9,ANOMALY,18,11.14
US,MDT,2025-12-31,40.4,-17.0,ageout_validated,90,-9.06
US,MDT,2026-05-29,30.9,-84.9,ANOMALY,6,11.0
US,MDY,2018-02-28,43.1,-23.6,ageout_validated,90,4.36
US,MDY,2019-08-30,49.2,-35.0,ageout_validated,90,8.39
US,MDY,2020-09-30,49.0,-39.4,ANOMALY,40,12.18
US,MDY,2021-06-30,48.6,-9.9,ageout_validated,90,-0.32
US,MDY,2021-09-30,41.4,-13.8,ANOMALY,36,10.12
US,MDY,2023-03-31,53.5,-55.8,ageout_validated,90,4.09
US,MDY,2023-08-31,54.0,-20.3,ageout_validated,90,-3.27
US,MDY,2024-04-30,41.8,-24.6,ageout_validated,90,7.62
US,MDY,2024-12-31,35.8,-44.4,ageout_validated,90,-6.11
US,MELI,2018-09-28,54.6,-42.4,validated_decline,31,-15.6
US,MELI,2019-08-30,44.1,-58.7,validated_decline,63,-17.59
US,MELI,2020-09-30,51.5,-70.2,ANOMALY,9,10.84
US,MELI,2021-02-26,35.1,-42.5,validated_decline,10,-16.4
US,MELI,2021-03-31,44.9,-177.2,ANOMALY,26,10.25
US,MELI,2021-05-28,40.5,-118.7,ANOMALY,25,10.77
US,MELI,2021-09-30,34.6,-39.7,validated_decline,50,-16.56
US,MELI,2023-06-30,44.4,-67.4,ANOMALY,34,11.69
US,MELI,2024-02-29,39.2,-32.5,ANOMALY,81,12.06
US,MELI,2024-06-28,53.2,-7.0,ANOMALY,39,10.16
US,MELI,2024-12-31,34.9,-138.4,ANOMALY,28,11.47
US,MELI,2025-07-31,43.9,-43.8,ageout_validated,90,-3.28
US,MELI,2025-11-28,46.9,-91.1,ANOMALY,60,10.77
US,MELI,2026-02-27,30.4,-140.1,ageout_validated,90,-3.53
US,META,2018-02-28,46.7,-18.2,ageout_validated,90,4.16
US,META,2018-07-31,29.5,-62.3,validated_decline,85,-15.38
US,META,2019-08-30,49.0,-59.1,ageout_validated,90,8.8
US,META,2020-09-30,49.2,-55.1,ANOMALY,36,12.52
US,META,2020-12-31,48.2,-16.9,ageout_validated,90,7.82
US,META,2021-09-30,32.5,-66.2,ageout_validated,90,1.05
US,META,2023-08-31,49.6,-40.3,ANOMALY,41,10.79
US,META,2024-04-30,29.1,-102.9,ANOMALY,9,10.52
US,META,2024-07-31,45.4,-73.0,ANOMALY,13,11.31
US,META,2024-11-29,52.5,-14.7,ANOMALY,12,10.16
US,META,2025-10-31,27.1,-47.4,ANOMALY,90,13.97
US,META,2026-05-29,55.4,-12.5,ageout_validated,90,-0.75
US,MMM,2018-02-28,48.1,-16.3,validated_decline,56,-15.57
US,MMM,2019-04-30,25.5,-50.2,ageout_validated,90,-5.93
US,MMM,2019-08-30,48.3,-63.6,ageout_validated,90,6.41
US,MMM,2020-01-31,23.0,-47.6,validated_decline,41,-15.04
US,MMM,2020-07-31,40.1,-6.0,ANOMALY,13,10.23
US,MMM,2021-06-30,51.4,-30.9,ageout_validated,90,-8.66
US,MMM,2021-09-30,28.8,-79.5,ageout_validated,90,2.53
US,MMM,2023-01-31,40.5,-77.2,ageout_validated,90,-6.8
US,MMM,2024-01-31,30.8,-90.8,ANOMALY,42,12.13
US,MMM,2024-10-31,42.0,-45.3,ANOMALY,78,10.36
US,MMM,2025-12-31,39.4,-38.4,ageout_validated,90,-8.88
US,MPC,2018-02-28,38.7,-38.8,ANOMALY,20,11.55
US,MPC,2019-03-29,41.7,-24.2,validated_decline,45,-15.25
US,MPC,2019-08-30,52.3,-108.2,ANOMALY,11,10.71
US,MPC,2019-11-29,39.7,-26.8,validated_decline,90,-20.17
US,MPC,2020-08-31,45.8,-26.2,validated_decline,23,-18.98
US,MPC,2020-09-30,36.4,-187.3,ANOMALY,40,24.3
US,MPC,2021-07-30,45.0,-104.7,ANOMALY,55,13.04
US,MPC,2023-04-28,40.5,-43.5,ageout_validated,90,6.94
US,MPC,2024-04-30,30.5,-3.6,ageout_validated,90,-4.92
US,MPC,2024-09-30,44.0,-46.8,validated_decline,79,-16.62
US,MPC,2024-12-31,41.7,-127.6,ANOMALY,23,10.62
US,MPC,2025-12-31,23.7,-157.6,ANOMALY,14,11.35
US,MRK,2018-02-28,38.3,-67.3,ANOMALY,48,10.27
US,MRK,2019-04-30,52.3,-65.7,ANOMALY,64,11.14
US,MRK,2019-07-31,52.7,-9.7,ageout_validated,90,3.22
US,MRK,2020-01-31,34.0,-32.6,validated_decline,45,-17.49
US,MRK,2020-09-30,47.8,-4.2,ageout_validated,90,-1.07
US,MRK,2021-01-29,34.5,-25.3,ageout_validated,90,-3.56
US,MRK,2023-01-31,43.8,-25.6,ageout_validated,90,9.07
US,MRK,2023-07-31,43.2,-42.3,ageout_validated,90,-2.93
US,MRK,2024-05-31,38.6,-7.8,ageout_validated,90,-5.88
US,MRK,2024-09-30,40.9,-11.0,validated_decline,46,-15.19
US,MRK,2024-11-29,49.0,-54.5,validated_decline,75,-15.04
US,MRK,2025-02-28,53.0,-70.2,validated_decline,41,-15.21
US,MRK,2025-05-30,44.3,-60.5,ANOMALY,40,10.03
US,MRNA,2019-06-28,31.0,-417.1,validated_decline,38,-16.26
US,MRNA,2020-08-31,41.6,-97.2,validated_decline,8,-16.26
US,MRNA,2021-03-31,44.8,-161.3,ANOMALY,13,14.33
US,MRNA,2021-10-29,48.4,-115.0,validated_decline,6,-17.73
US,MRNA,2021-12-31,43.5,-125.3,validated_decline,5,-15.26
US,MRNA,2023-04-28,34.1,-116.6,ageout_validated,90,-10.82
US,MRNA,2023-07-31,39.2,-31.3,validated_decline,8,-15.23
US,MRNA,2024-02-29,46.9,-56.7,ANOMALY,8,11.7
US,MRNA,2024-06-28,32.9,-75.8,validated_decline,34,-20.7
US,MRNA,2024-08-30,27.7,-311.2,validated_decline,21,-15.13
US,MRNA,2024-09-30,36.4,-254.0,validated_decline,17,-17.97
US,MRNA,2024-10-31,32.2,-200.7,validated_decline,11,-21.36
US,MRNA,2024-11-29,41.9,-285.2,ANOMALY,39,10.38
US,MRNA,2025-02-28,38.8,-159.8,ANOMALY,5,13.73
US,MRNA,2025-05-30,50.6,-9.0,ANOMALY,33,14.01
US,MRNA,2025-08-29,33.5,-180.9,ANOMALY,24,10.25
US,MRVL,2018-08-31,47.6,-40.2,validated_decline,40,-15.7
US,MRVL,2019-08-30,44.3,-59.0,ANOMALY,66,12.1
US,MRVL,2020-01-31,35.7,-19.9,validated_decline,41,-18.64
US,MRVL,2021-02-26,43.9,-32.1,validated_decline,6,-16.94
US,MRVL,2021-04-30,43.0,-27.6,ANOMALY,39,12.21
US,MRVL,2023-03-31,55.1,-27.6,ANOMALY,55,14.42
US,MRVL,2023-08-31,47.9,-91.1,validated_decline,53,-15.75
US,MRVL,2024-04-30,44.9,-58.8,ANOMALY,16,10.88
US,MRVL,2024-06-28,48.2,-16.3,validated_decline,35,-15.17
US,MRVL,2025-02-28,37.1,-187.1,validated_decline,6,-21.28
US,MRVL,2025-08-29,31.7,-47.1,ANOMALY,19,12.9
US,MRVL,2025-12-31,46.4,-29.2,ANOMALY,84,15.93
US,MS,2018-08-31,47.7,-2.6,ageout_validated,90,-8.22
US,MS,2019-08-30,52.2,-59.5,ANOMALY,54,10.65
US,MS,2020-09-30,44.6,-77.4,ANOMALY,40,16.72
US,MS,2021-09-30,39.2,-12.2,ageout_validated,90,2.16
US,MS,2023-03-31,45.5,-112.2,ageout_validated,90,-2.07
US,MS,2023-08-31,44.0,-47.3,validated_decline,53,-15.8
US,MS,2024-01-31,50.9,-7.0,ageout_validated,90,5.09
US,MS,2024-12-31,47.7,-22.2,ANOMALY,28,10.2
US,MS,2025-02-28,48.0,-9.5,validated_decline,10,-16.09
US,MS,2026-02-27,40.9,-56.6,ANOMALY,46,10.11
US,MSFT,2020-09-30,51.8,-33.0,ageout_validated,90,6.85
US,MSFT,2021-09-30,32.2,-24.3,ANOMALY,21,10.23
US,MSFT,2024-04-30,34.1,-46.0,ANOMALY,21,10.4
US,MSFT,2024-07-31,34.7,-46.6,ageout_validated,90,3.44
US,MSFT,2025-02-28,37.4,-63.0,ANOMALY,69,10.37
US,MSFT,2025-08-29,46.6,-8.7,ageout_validated,90,-4.0
US,MSFT,2025-11-28,45.3,-67.5,validated_decline,67,-16.42
US,MSFT,2026-02-27,36.6,-137.4,ANOMALY,54,10.23
US,MU,2018-09-28,44.0,-111.9,validated_decline,26,-21.67
US,MU,2020-08-31,44.4,-112.7,ANOMALY,16,10.33
US,MU,2021-05-28,52.1,-60.8,validated_decline,76,-16.51
US,MU,2021-08-31,47.6,-62.5,ANOMALY,80,12.82
US,MU,2023-06-30,39.9,-9.0,ANOMALY,27,12.82
US,MU,2024-07-31,37.9,-220.5,validated_decline,2,-15.59
US,MU,2024-08-30,38.8,-120.3,ANOMALY,27,14.17
US,MU,2024-11-29,42.5,-46.4,ANOMALY,17,10.53
US,MU,2024-12-31,34.0,-152.3,ANOMALY,6,17.94
US,MU,2025-07-31,40.9,-44.9,ANOMALY,11,13.36
US,NBIS,2025-11-28,46.4,-244.5,validated_decline,19,-20.47
US,NBIS,2025-12-31,42.6,-132.5,ANOMALY,5,10.9
US,NEE,2018-09-28,43.6,-20.1,ageout_validated,90,3.37
US,NEE,2020-06-30,46.0,-2.2,ANOMALY,16,11.75
US,NEE,2021-02-26,29.9,-70.6,ANOMALY,49,10.15
US,NEE,2021-05-28,43.2,-44.1,ANOMALY,69,10.51
US,NEE,2021-09-30,33.6,-49.4,ANOMALY,28,10.06
US,NEE,2023-01-31,27.3,-91.6,ageout_validated,90,3.57
US,NEE,2023-08-31,36.2,-64.2,validated_decline,32,-21.93
US,NEE,2024-01-31,46.2,-33.1,ANOMALY,57,10.0
US,NEE,2024-06-28,41.4,-19.1,ANOMALY,34,10.7
US,NEE,2024-10-31,38.9,-23.8,ageout_validated,90,-9.95
US,NEE,2025-07-31,42.5,-3.0,ANOMALY,62,11.57
US,NEE,2025-12-31,43.0,-39.1,ANOMALY,34,10.64
US,NEE,2026-05-29,35.7,-65.8,ageout_validated,90,3.51
US,NEM,2018-02-28,48.1,-10.1,ANOMALY,50,10.19
US,NEM,2018-07-31,42.4,-26.6,validated_decline,30,-15.35
US,NEM,2018-08-31,24.9,-150.1,ageout_validated,90,4.72
US,NEM,2019-04-30,27.2,-75.3,ANOMALY,35,10.62
US,NEM,2019-11-29,53.9,-5.3,ANOMALY,25,10.24
US,NEM,2020-09-30,46.2,-57.3,ageout_validated,90,-5.23
US,NEM,2021-02-26,31.5,-81.2,ANOMALY,17,14.05
US,NEM,2021-06-30,35.2,-111.7,ageout_validated,90,-13.06
US,NEM,2021-09-30,39.3,-69.1,ANOMALY,78,10.17
US,NEM,2023-08-31,45.5,-70.6,ageout_validated,90,4.53
US,NEM,2024-01-31,31.6,-148.7,ANOMALY,64,10.16
US,NEM,2024-10-31,25.6,-96.1,validated_decline,48,-16.67
US,NEM,2024-12-31,30.3,-140.2,ANOMALY,15,11.15
US,NEM,2025-10-31,44.7,-10.6,ANOMALY,11,11.09
US,NET,2019-12-31,45.9,-11.9,ANOMALY,15,10.49
US,NET,2021-03-31,47.1,-128.9,ANOMALY,13,10.46
US,NET,2021-09-30,36.2,-25.5,ANOMALY,5,11.49
US,NET,2021-12-31,37.2,-297.7,validated_decline,5,-19.43
US,NET,2022-11-30,50.2,-111.1,validated_decline,36,-20.82
US,NET,2023-04-28,27.1,-17.9,ANOMALY,19,15.2
US,NET,2024-04-30,42.1,-94.8,validated_decline,7,-15.18
US,NET,2024-05-31,27.7,-182.8,ANOMALY,12,11.42
US,NET,2024-07-31,45.4,-13.8,ANOMALY,54,10.46
US,NET,2025-11-28,42.6,-131.6,validated_decline,54,-15.1
US,NET,2026-01-30,42.7,-86.8,ANOMALY,14,10.43
US,NET,2026-02-27,45.1,-63.9,ANOMALY,6,11.68
US,NFLX,2018-07-31,31.7,-103.7,ANOMALY,57,11.98
US,NFLX,2019-07-31,37.4,-116.0,validated_decline,51,-16.17
US,NFLX,2019-09-30,37.2,-128.1,ANOMALY,46,10.24
US,NFLX,2020-09-30,53.1,-32.8,ANOMALY,13,10.81
US,NFLX,2020-10-30,39.7,-30.6,ANOMALY,47,10.32
US,NFLX,2021-03-31,50.0,-39.2,ageout_validated,90,2.27
US,NFLX,2021-12-31,41.4,-61.8,validated_decline,18,-15.21
US,NFLX,2024-04-30,35.8,-93.4,ANOMALY,7,10.05
US,NFLX,2024-07-31,38.6,-54.2,ANOMALY,20,11.17
US,NFLX,2025-07-31,36.8,-65.9,ageout_validated,90,-5.09
US,NFLX,2025-10-31,40.6,-87.0,validated_decline,40,-17.14
US,NFLX,2025-12-31,34.5,-131.7,validated_decline,42,-15.08
US,NFLX,2026-05-29,37.1,-77.7,validated_decline,24,-15.28
US,NIO,2019-03-29,30.6,-428.7,validated_decline,45,-15.1
US,NIO,2019-06-28,32.6,-383.4,ANOMALY,4,10.59
US,NIO,2019-08-30,41.0,-109.9,ANOMALY,11,16.08
US,NIO,2019-09-30,19.1,-416.2,validated_decline,1,-15.38
US,NIO,2019-10-31,36.0,-388.8,ANOMALY,4,17.93
US,NIO,2021-02-26,33.5,-121.2,validated_decline,7,-16.75
US,NIO,2021-03-31,42.3,-274.7,validated_decline,43,-19.91
US,NIO,2021-07-30,51.0,-49.4,validated_decline,20,-18.78
US,NIO,2021-08-31,45.1,-151.1,validated_decline,34,-15.03
US,NIO,2021-12-31,45.9,-228.2,validated_decline,24,-21.5
US,NIO,2023-04-28,37.8,-141.1,ANOMALY,24,11.69
US,NIO,2023-08-31,36.1,-129.8,validated_decline,19,-16.75
US,NIO,2024-01-31,27.8,-305.8,ANOMALY,41,10.14
US,NIO,2024-03-28,28.1,-203.8,validated_decline,19,-15.33
US,NIO,2024-06-28,36.9,-146.1,ANOMALY,5,17.07
US,NIO,2024-10-31,42.6,-65.3,validated_decline,26,-15.49
US,NIO,2024-11-29,40.7,-192.9,ANOMALY,10,15.62
US,NIO,2025-05-30,35.5,-47.4,ANOMALY,42,10.17
US,NIO,2025-11-28,32.3,-242.8,validated_decline,42,-15.64
US,NIO,2026-01-30,45.4,-84.8,ANOMALY,24,12.55
US,NIO,2026-05-29,44.5,-111.8,validated_decline,27,-15.54
US,NKE,2021-01-29,39.4,-31.0,ageout_validated,90,-0.04
US,NKE,2021-09-30,26.6,-116.3,ANOMALY,21,11.67
US,NKE,2023-07-31,54.2,-4.6,validated_decline,52,-16.75
US,NKE,2024-01-31,41.2,-80.4,ageout_validated,90,-8.81
US,NKE,2024-06-28,18.3,-29.5,ANOMALY,49,10.43
US,NKE,2024-10-31,33.7,-61.6,ageout_validated,90,-0.21
US,NKE,2025-09-30,33.3,-78.1,validated_decline,80,-15.27
US,NOC,2018-07-31,39.2,-49.9,ageout_validated,90,-14.36
US,NOC,2019-03-29,44.5,-45.6,ANOMALY,42,11.57
US,NOC,2019-10-31,44.6,-49.8,ageout_validated,90,8.97
US,NOC,2020-06-30,41.4,-75.5,ANOMALY,42,11.19
US,NOC,2020-09-30,36.5,-30.4,ageout_validated,90,-4.15
US,NOC,2021-01-29,36.6,-24.6,ANOMALY,48,10.41
US,NOC,2021-09-30,54.2,-13.3,ANOMALY,19,10.87
US,NOC,2023-01-31,34.0,-170.3,ageout_validated,90,3.65
US,NOC,2023-08-31,47.8,-27.9,ANOMALY,42,10.21
US,NOC,2024-01-31,38.7,-51.7,ageout_validated,90,9.01
US,NOC,2024-05-31,37.2,-27.8,ANOMALY,73,11.29
US,NOC,2024-10-31,39.5,-29.4,ageout_validated,90,-5.0
US,NOC,2025-02-28,49.0,-53.5,ANOMALY,25,10.21
US,NOC,2025-10-31,41.1,-13.3,ANOMALY,75,12.4
US,NOC,2026-05-29,43.0,-107.2,ageout_validated,90,-6.4
US,NOW,2019-08-30,45.1,-62.2,validated_decline,54,-15.98
US,NOW,2021-03-31,50.0,-102.0,ANOMALY,15,11.85
US,NOW,2021-05-28,43.8,-82.1,ANOMALY,20,11.93
US,NOW,2024-04-30,34.1,-67.6,ANOMALY,17,10.34
US,NOW,2024-05-31,32.0,-41.8,ANOMALY,14,10.91
US,NOW,2025-02-28,34.6,-134.7,validated_decline,10,-15.7
US,NOW,2025-07-31,40.9,-35.0,ageout_validated,90,-3.33
US,NOW,2025-11-28,35.6,-116.7,validated_decline,47,-17.15
US,NOW,2026-01-30,25.3,-227.7,validated_decline,56,-15.04
US,NU,2022-11-30,48.6,-60.7,validated_decline,15,-15.96
US,NU,2023-08-31,32.6,-111.1,ANOMALY,13,10.22
US,NU,2024-04-30,42.7,-67.3,ANOMALY,6,10.5
US,NU,2024-11-29,32.6,-82.5,validated_decline,19,-17.0
US,NU,2024-12-31,30.4,-265.7,ANOMALY,15,10.14
US,NU,2025-02-28,32.1,-60.2,ANOMALY,19,11.16
US,NU,2025-07-31,38.8,-20.6,ANOMALY,20,11.46
US,NU,2026-02-27,31.5,-87.1,validated_decline,77,-18.62
US,NU,2026-05-29,44.5,-112.5,ANOMALY,54,10.51
US,NVDA,2020-10-30,41.1,-3.8,ANOMALY,5,10.05
US,NVDA,2020-12-31,46.3,-22.0,ANOMALY,39,10.6
US,NVDA,2021-09-30,41.8,-4.1,ANOMALY,25,11.83
US,NVDA,2021-12-31,48.9,-8.1,validated_decline,20,-17.89
US,NVDA,2024-04-30,52.0,-36.1,ANOMALY,21,10.4
US,NVDA,2024-07-31,48.2,-84.1,validated_decline,7,-15.48
US,NVDA,2024-12-31,45.2,-32.1,ANOMALY,6,11.27
US,NVDA,2025-01-31,38.8,-85.0,ANOMALY,10,11.24
US,NVDA,2025-11-28,41.5,-51.4,ANOMALY,89,10.49
US,NXPI,2018-07-31,33.5,-138.9,validated_decline,71,-17.8
US,NXPI,2019-03-29,44.6,-25.6,ANOMALY,7,11.04
US,NXPI,2021-09-30,35.6,-28.1,ANOMALY,34,10.16
US,NXPI,2023-04-28,38.1,-72.9,ANOMALY,28,10.65
US,NXPI,2023-08-31,51.1,-52.8,validated_decline,60,-16.86
US,NXPI,2024-01-31,44.1,-3.4,ANOMALY,9,10.91
US,NXPI,2024-11-29,49.9,-38.7,ageout_validated,90,-5.02
US,NXPI,2025-10-31,41.7,-57.7,ANOMALY,40,10.85
US,ORCL,2019-08-30,38.1,-80.3,ageout_validated,90,9.22
US,ORCL,2019-12-31,37.3,-46.5,validated_decline,71,-15.22
US,ORCL,2020-10-30,32.9,-35.2,ANOMALY,46,10.25
US,ORCL,2021-01-29,41.7,-10.7,ANOMALY,32,10.31
US,ORCL,2021-06-30,44.3,-20.7,ANOMALY,7,10.6
US,ORCL,2023-12-29,42.9,-63.7,ANOMALY,34,10.0
US,ORCL,2024-04-30,35.7,-57.8,ANOMALY,38,10.7
US,ORCL,2024-12-31,36.8,-89.4,ANOMALY,22,10.82
US,ORCL,2025-08-29,38.5,-27.2,ANOMALY,12,45.2
US,ORCL,2025-10-31,40.6,-50.4,validated_decline,13,-17.15
US,ORCL,2025-11-28,30.7,-303.0,ANOMALY,12,10.43
US,ORCL,2026-01-30,31.4,-142.2,validated_decline,6,-17.07
US,ORCL,2026-02-27,38.3,-182.6,ANOMALY,12,12.19
US,ORLY,2018-02-28,42.6,-49.9,ANOMALY,72,10.41
US,ORLY,2019-12-31,48.8,-0.1,validated_decline,58,-15.47
US,ORLY,2020-10-30,37.1,-30.7,ANOMALY,73,10.82
US,ORLY,2021-01-29,33.8,-31.6,ANOMALY,38,11.15
US,ORLY,2023-01-31,41.4,-52.5,ANOMALY,17,10.18
US,ORLY,2023-12-29,46.3,-20.7,ANOMALY,35,10.23
US,ORLY,2024-04-30,25.7,-55.7,ANOMALY,90,10.36
US,ORLY,2024-12-31,36.6,-21.9,ANOMALY,30,10.49
US,ORLY,2025-05-30,49.7,-10.4,ANOMALY,66,11.19
US,ORLY,2025-10-31,28.5,-85.2,ageout_validated,90,4.67
US,ORLY,2026-02-27,48.3,-26.7,ageout_validated,90,-4.95
US,ORLY,2026-05-29,35.0,-40.6,ageout_validated,90,-0.4
US,OXY,2018-02-28,28.6,-103.9,ANOMALY,42,10.57
US,OXY,2018-08-31,47.0,-32.3,validated_decline,59,-15.94
US,OXY,2019-04-30,26.9,-84.9,validated_decline,31,-15.47
US,OXY,2019-08-30,37.4,-145.1,ANOMALY,17,11.88
US,OXY,2019-10-31,37.4,-48.9,ANOMALY,67,13.53
US,OXY,2020-07-31,42.7,-84.8,validated_decline,21,-16.39
US,OXY,2020-08-31,32.5,-233.5,validated_decline,10,-20.02
US,OXY,2020-09-30,32.1,-266.4,ANOMALY,8,11.69
US,OXY,2020-10-30,37.0,-162.8,ANOMALY,6,14.68
US,OXY,2021-04-30,49.4,-65.9,ANOMALY,32,12.26
US,OXY,2021-07-30,41.2,-110.2,validated_decline,20,-15.36
US,OXY,2023-11-30,36.9,-49.1,ageout_validated,90,2.2
US,OXY,2024-05-31,43.1,-64.2,ageout_validated,90,-8.12
US,OXY,2024-08-30,43.2,-53.9,ageout_validated,90,-11.31
US,OXY,2024-12-31,55.9,-35.4,ageout_validated,90,0.41
US,OXY,2025-10-31,39.3,-102.5,ANOMALY,90,10.88
US,OXY,2026-05-29,45.9,-7.3,ageout_validated,90,2.01
US,PANW,2018-07-31,37.6,-12.6,ANOMALY,24,13.7
US,PANW,2019-08-30,43.4,-78.5,ANOMALY,56,10.33
US,PANW,2020-09-30,48.0,-44.8,ANOMALY,47,13.79
US,PANW,2021-03-31,38.6,-129.3,ANOMALY,12,10.34
US,PANW,2023-04-28,38.0,-17.1,ANOMALY,26,11.98
US,PANW,2024-02-29,44.1,-81.0,ageout_validated,90,-1.18
US,PANW,2024-09-30,50.8,-4.0,ANOMALY,17,10.05
US,PANW,2024-12-31,37.1,-42.5,ANOMALY,44,10.95
US,PANW,2025-07-31,30.7,-39.8,ANOMALY,28,10.03
US,PANW,2025-11-28,36.6,-124.8,validated_decline,69,-18.6
US,PANW,2026-02-27,35.0,-203.3,ANOMALY,7,10.83
US,PDD,2019-03-29,44.4,-178.5,validated_decline,45,-16.33
US,PDD,2019-11-29,44.6,-47.2,ANOMALY,34,14.69
US,PDD,2020-01-31,35.3,-52.4,ANOMALY,67,15.36
US,PDD,2020-09-30,32.9,-158.5,ANOMALY,12,14.25
US,PDD,2021-03-31,38.3,-287.0,ANOMALY,6,10.64
US,PDD,2021-05-28,45.9,-72.8,ANOMALY,4,11.58
US,PDD,2021-06-30,50.5,-10.9,validated_decline,16,-15.41
US,PDD,2021-07-30,36.1,-287.9,validated_decline,20,-18.47
US,PDD,2021-09-30,42.1,-17.3,ANOMALY,25,11.0
US,PDD,2021-12-31,41.8,-273.2,validated_decline,5,-16.76
US,PDD,2023-03-31,39.3,-210.6,validated_decline,32,-15.43
US,PDD,2024-01-31,30.8,-68.8,ageout_validated,90,-1.33
US,PDD,2024-06-28,34.2,-31.8,ANOMALY,49,12.29
US,PDD,2024-08-30,28.4,-267.3,ANOMALY,25,18.41
US,PDD,2024-11-29,26.3,-215.2,ANOMALY,10,14.26
US,PDD,2025-05-30,32.4,-13.2,ANOMALY,25,11.04
US,PDD,2025-11-28,30.3,-143.1,ageout_validated,90,-9.21
US,PDD,2026-05-29,32.3,-113.0,ageout_validated,90,-1.01
US,PEP,2018-02-28,37.9,-74.8,ageout_validated,90,-7.18
US,PEP,2018-08-31,45.7,-11.5,ageout_validated,90,6.46
US,PEP,2019-07-31,37.0,-18.0,ANOMALY,65,10.52
US,PEP,2019-11-29,56.4,-8.6,ageout_validated,90,1.1
US,PEP,2020-10-30,36.6,-4.3,ANOMALY,35,10.2
US,PEP,2021-01-29,36.1,-40.9,ageout_validated,90,6.24
US,PEP,2021-09-30,35.0,-20.4,ANOMALY,36,10.36
US,PEP,2023-01-31,39.1,-62.9,ANOMALY,84,11.68
US,PEP,2023-08-31,42.1,-38.7,ageout_validated,90,-6.05
US,PEP,2024-02-29,44.3,-5.3,ANOMALY,77,10.75
US,PEP,2024-06-28,37.2,-47.1,ageout_validated,90,3.67
US,PEP,2024-10-31,30.0,-22.3,ageout_validated,90,-8.69
US,PEP,2025-05-30,43.9,-59.1,ANOMALY,48,11.86
US,PEP,2025-09-30,43.7,-30.3,ageout_validated,90,3.71
US,PEP,2025-12-31,39.8,-9.3,ANOMALY,34,13.47
US,PEP,2026-05-29,35.0,-57.3,ageout_validated,90,-4.93
US,PFE,2019-04-30,46.4,-61.9,ANOMALY,64,10.3
US,PFE,2019-07-31,24.9,-52.5,ageout_validated,90,-0.7
US,PFE,2020-01-31,36.0,-11.0,validated_decline,41,-19.39
US,PFE,2020-06-30,36.4,-124.4,ANOMALY,17,10.86
US,PFE,2020-09-30,50.5,-35.6,ANOMALY,61,11.16
US,PFE,2020-12-31,42.8,-15.4,ageout_validated,90,-0.5
US,PFE,2021-09-30,35.2,-66.6,ANOMALY,36,14.01
US,PFE,2023-01-31,32.5,-131.1,ageout_validated,90,-11.21
US,PFE,2023-06-30,38.5,-36.1,ageout_validated,90,-11.54
US,PFE,2023-12-29,50.9,-46.5,ageout_validated,90,-2.16
US,PFE,2024-04-30,39.5,-60.3,ANOMALY,8,10.34
US,PFE,2024-08-30,51.2,-11.1,ageout_validated,90,-9.58
US,PFE,2024-11-29,46.6,-89.1,ageout_validated,90,1.23
US,PFE,2025-10-31,48.3,-16.8,ANOMALY,88,11.23
US,PG,2018-01-31,32.3,-30.2,validated_decline,83,-15.25
US,PG,2021-01-29,34.2,-53.5,ageout_validated,90,4.02
US,PG,2021-09-30,37.1,-9.8,ANOMALY,70,10.35
US,PG,2023-01-31,39.4,-56.1,ANOMALY,80,10.3
US,PG,2023-12-29,48.1,-29.2,ANOMALY,54,10.15
US,PG,2024-10-31,34.3,-22.6,ageout_validated,90,1.25
US,PG,2025-06-30,42.9,-28.5,ageout_validated,90,-3.63
US,PG,2025-09-30,42.9,-21.9,ageout_validated,90,-5.25
US,PG,2025-12-31,45.1,-17.2,ANOMALY,35,10.24
US,PG,2026-05-29,48.0,-3.9,ageout_validated,90,3.88
US,PINS,2019-09-30,33.4,-165.9,validated_decline,32,-21.13
US,PINS,2019-11-29,34.0,-242.7,ANOMALY,46,10.42
US,PINS,2021-03-31,52.6,-85.9,ANOMALY,6,12.51
US,PINS,2021-04-30,37.4,-69.8,validated_decline,13,-16.45
US,PINS,2021-05-28,52.6,-116.4,ANOMALY,20,12.01
US,PINS,2021-07-30,30.0,-24.6,validated_decline,66,-15.76
US,PINS,2021-10-29,34.1,-89.5,validated_decline,33,-16.47
US,PINS,2023-04-28,28.6,-11.3,ANOMALY,49,10.26
US,PINS,2024-02-29,50.2,-45.9,ANOMALY,62,10.3
US,PINS,2024-07-31,11.6,-165.0,ageout_validated,90,1.5
US,PINS,2024-11-29,47.0,-69.5,ANOMALY,59,10.42
US,PINS,2025-08-29,52.7,-25.1,validated_decline,42,-17.01
US,PINS,2025-11-28,38.6,-234.1,validated_decline,63,-15.28
US,PINS,2026-02-27,35.4,-348.0,ANOMALY,4,11.5
US,PLTR,2021-02-26,38.2,-139.3,ANOMALY,13,11.84
US,PLTR,2021-03-31,44.4,-197.8,validated_decline,37,-15.2
US,PLTR,2021-07-30,40.9,-102.6,ANOMALY,13,14.65
US,PLTR,2021-12-31,38.7,-150.5,validated_decline,18,-17.79
US,PLTR,2022-11-30,47.1,-102.6,validated_decline,19,-15.33
US,PLTR,2023-04-28,40.4,-32.5,ANOMALY,11,23.23
US,PLTR,2023-08-31,46.0,-111.3,ANOMALY,36,10.88
US,PLTR,2023-12-29,41.8,-65.5,ANOMALY,39,27.37
US,PLTR,2024-04-30,46.5,-79.9,ANOMALY,6,14.75
US,PLTR,2025-11-28,45.5,-119.4,ANOMALY,12,11.55
US,PLTR,2026-01-30,25.3,-138.8,ageout_validated,90,-5.1
US,PM,2018-02-28,48.3,-9.9,validated_decline,50,-16.4
US,PM,2018-08-31,31.1,-52.4,ANOMALY,38,10.53
US,PM,2019-04-30,55.7,-24.0,ageout_validated,90,1.74
US,PM,2019-08-30,29.7,-99.7,ANOMALY,35,10.38
US,PM,2020-01-31,32.6,-4.4,validated_decline,45,-15.84
US,PM,2020-06-30,45.1,-13.6,ANOMALY,27,12.1
US,PM,2020-09-30,40.5,-28.5,ANOMALY,69,10.2
US,PM,2021-01-29,43.0,-6.6,ANOMALY,42,10.13
US,PM,2021-09-30,33.0,-20.5,ageout_validated,90,0.84
US,PM,2023-08-31,51.1,-19.2,ageout_validated,90,-1.14
US,PM,2024-01-31,38.0,-21.7,ANOMALY,84,10.51
US,PM,2024-12-31,35.8,-54.4,ANOMALY,37,20.75
US,PM,2025-07-31,38.2,-100.5,ageout_validated,90,-9.69
US,PM,2025-10-31,29.8,-73.9,ANOMALY,52,10.65
US,PYPL,2018-02-28,54.2,-9.1,ageout_validated,90,1.66
US,PYPL,2019-07-31,35.0,-13.8,ageout_validated,90,-4.89
US,PYPL,2020-09-30,57.3,-30.1,ANOMALY,65,10.53
US,PYPL,2021-03-31,47.3,-90.0,ANOMALY,12,10.78
US,PYPL,2021-05-28,56.2,-4.9,ANOMALY,25,10.28
US,PYPL,2021-09-30,34.0,-57.1,validated_decline,40,-21.06
US,PYPL,2022-11-30,40.8,-62.2,ANOMALY,64,10.9
US,PYPL,2023-08-31,46.0,-104.7,validated_decline,55,-17.63
US,PYPL,2024-02-29,50.9,-34.2,ANOMALY,26,10.49
US,PYPL,2024-05-31,47.4,-41.1,ANOMALY,80,10.22
US,PYPL,2025-02-28,27.4,-170.9,validated_decline,35,-17.85
US,PYPL,2025-07-31,35.5,-3.4,ANOMALY,69,10.72
US,PYPL,2025-11-28,44.7,-117.9,validated_decline,62,-15.28
US,PYPL,2026-01-30,27.9,-99.1,validated_decline,4,-20.86
US,PYPL,2026-02-27,48.4,-172.2,ANOMALY,49,10.29
US,PYPL,2026-05-29,42.6,-80.6,ANOMALY,47,24.48
US,QCOM,2021-02-26,35.0,-117.7,ageout_validated,90,-1.4
US,QCOM,2021-05-28,52.9,-17.2,ANOMALY,62,12.8
US,QCOM,2021-09-30,25.9,-96.2,ANOMALY,35,21.03
US,QCOM,2023-04-28,42.2,-59.3,ageout_validated,90,8.5
US,QCOM,2023-08-31,50.8,-75.7,ANOMALY,75,11.2
US,QCOM,2024-04-30,49.6,-19.7,ANOMALY,13,11.07
US,QCOM,2024-07-31,42.7,-144.0,ageout_validated,90,-2.23
US,QCOM,2024-11-29,43.8,-71.8,ANOMALY,55,10.56
US,QCOM,2025-02-28,36.9,-29.9,validated_decline,35,-18.47
US,QCOM,2025-11-28,49.2,-35.4,validated_decline,69,-18.5
US,QCOM,2026-02-27,40.9,-104.2,ANOMALY,61,10.28
US,QQQ,2020-09-30,53.0,-21.8,ANOMALY,68,10.59
US,QQQ,2021-05-28,55.5,-2.4,ANOMALY,56,10.39
US,QQQ,2021-09-30,32.1,-23.3,ANOMALY,35,11.25
US,QQQ,2024-04-30,43.4,-32.6,ANOMALY,42,10.23
US,QQQ,2024-07-31,47.0,-26.4,ageout_validated,90,6.32
US,QQQ,2025-02-28,39.7,-13.1,validated_decline,35,-16.7
US,QQQ,2025-11-28,56.3,-9.4,ageout_validated,90,-1.49
US,QQQ,2026-02-27,47.1,-19.0,ANOMALY,62,10.09
US,RBLX,2021-07-30,40.2,-109.9,ANOMALY,10,11.08
US,RBLX,2021-09-30,37.7,-64.4,ANOMALY,21,10.11
US,RBLX,2021-12-31,48.4,-71.7,validated_decline,7,-18.21
US,RBLX,2022-11-30,40.9,-261.4,validated_decline,22,-16.81
US,RBLX,2023-04-28,29.5,-140.9,ANOMALY,13,12.02
US,RBLX,2023-08-31,35.1,-338.5,ANOMALY,41,12.27
US,RBLX,2024-01-31,40.1,-63.7,ANOMALY,7,15.28
US,RBLX,2024-03-28,45.5,-96.6,validated_decline,42,-20.32
US,RBLX,2024-05-31,47.2,-101.2,ANOMALY,27,10.71
US,RBLX,2025-02-28,49.0,-61.3,validated_decline,10,-15.51
US,RBLX,2025-10-31,34.2,-64.2,validated_decline,20,-19.36
US,RBLX,2025-11-28,34.7,-285.6,validated_decline,39,-20.2
US,RBLX,2026-01-30,30.7,-160.8,ANOMALY,10,11.69
US,RBLX,2026-02-27,48.9,-117.6,validated_decline,13,-18.0
US,RBLX,2026-05-29,47.5,-145.1,ANOMALY,31,15.25
US,RDDT,2024-07-31,43.1,-33.5,validated_decline,7,-16.7
US,RDDT,2025-02-28,36.8,-122.5,validated_decline,7,-17.18
US,RDDT,2026-01-30,28.5,-161.2,validated_decline,5,-15.3
US,RDDT,2026-02-27,37.9,-341.8,validated_decline,28,-16.44
US,REGN,2018-01-31,42.4,-7.6,validated_decline,89,-17.17
US,REGN,2019-03-29,50.7,-38.2,validated_decline,19,-16.48
US,REGN,2019-04-30,33.0,-178.2,ageout_validated,90,-10.81
US,REGN,2019-07-31,48.8,-4.5,ageout_validated,90,1.87
US,REGN,2020-01-31,31.2,-84.7,ANOMALY,5,10.13
US,REGN,2020-09-30,43.3,-65.9,ageout_validated,90,-13.5
US,REGN,2020-12-31,39.1,-83.6,ANOMALY,19,10.51
US,REGN,2021-02-26,27.6,-97.9,ANOMALY,19,10.09
US,REGN,2021-09-30,32.2,-40.0,ANOMALY,70,10.0
US,REGN,2024-04-30,34.8,-70.6,ANOMALY,14,10.55
US,REGN,2024-09-30,32.8,-84.5,validated_decline,31,-20.27
US,REGN,2024-11-29,21.8,-228.4,ageout_validated,90,-6.2
US,REGN,2025-05-30,32.4,-22.3,ANOMALY,33,11.72
US,REGN,2025-09-30,46.3,-4.3,ANOMALY,28,16.4
US,REGN,2026-01-30,44.6,-10.1,ageout_validated,90,-4.52
US,REGN,2026-05-29,27.4,-159.9,ANOMALY,48,10.44
US,RIVN,2021-12-31,60.6,-207.0,validated_decline,6,-15.78
US,RIVN,2022-11-30,51.6,-96.6,validated_decline,12,-20.07
US,RIVN,2023-04-28,42.4,-165.2,ANOMALY,12,10.06
US,RIVN,2023-08-31,54.2,-86.9,validated_decline,35,-19.62
US,RIVN,2024-01-31,34.0,-273.0,validated_decline,22,-25.21
US,RIVN,2024-02-29,31.6,-394.3,ANOMALY,7,10.51
US,RIVN,2024-04-30,40.3,-216.9,ANOMALY,2,10.45
US,RIVN,2024-08-30,49.5,-90.3,validated_decline,21,-17.13
US,RIVN,2024-09-30,35.1,-198.5,ANOMALY,67,15.86
US,RIVN,2025-01-31,43.6,-65.6,ANOMALY,14,11.7
US,RIVN,2025-02-28,41.5,-99.6,ANOMALY,32,12.16
US,RIVN,2025-06-30,46.7,-50.9,validated_decline,37,-15.28
US,RIVN,2026-01-30,27.3,-210.0,ANOMALY,14,20.2
US,ROKU,2018-01-31,42.1,-130.0,ANOMALY,7,12.48
US,ROKU,2019-09-30,31.8,-259.1,ANOMALY,9,15.75
US,ROKU,2019-12-31,43.6,-61.3,validated_decline,57,-15.83
US,ROKU,2021-03-31,41.4,-245.0,ANOMALY,6,10.31
US,ROKU,2021-08-31,36.8,-167.6,validated_decline,34,-15.76
US,ROKU,2023-04-28,39.9,-92.2,ANOMALY,39,12.04
US,ROKU,2024-01-31,46.6,-46.0,ANOMALY,12,11.94
US,ROKU,2024-02-29,28.2,-346.7,ageout_validated,90,-10.6
US,ROKU,2024-05-31,43.8,-50.8,ANOMALY,46,12.77
US,ROKU,2024-10-31,31.6,-1.1,ANOMALY,6,12.78
US,ROKU,2024-11-29,45.4,-82.6,ANOMALY,3,11.62
US,ROKU,2026-01-30,31.0,-55.1,ANOMALY,74,11.91
US,RTX,2020-07-31,34.8,-60.6,ANOMALY,10,13.32
US,RTX,2020-09-30,39.3,-49.0,ANOMALY,40,12.95
US,RTX,2021-01-29,42.5,-51.5,ANOMALY,21,11.28
US,RTX,2021-06-30,43.9,-2.5,ageout_validated,90,2.4
US,RTX,2023-07-31,32.6,-91.8,validated_decline,52,-16.81
US,RTX,2024-06-28,30.7,-30.7,ANOMALY,27,13.03
US,RTX,2024-12-31,42.6,-33.0,ANOMALY,28,10.91
US,SBUX,2019-09-30,36.2,-62.6,ageout_validated,90,0.17
US,SBUX,2020-06-30,43.7,-44.7,ANOMALY,56,13.02
US,SBUX,2021-01-29,35.5,-21.6,ANOMALY,28,12.06
US,SBUX,2021-06-30,49.1,-4.1,ANOMALY,23,12.66
US,SBUX,2021-08-31,53.9,-23.2,ageout_validated,90,-5.35
US,SBUX,2023-08-31,45.8,-31.0,ANOMALY,77,10.63
US,SBUX,2023-12-29,43.5,-44.0,ageout_validated,90,-4.24
US,SBUX,2024-04-30,50.5,-25.4,validated_decline,1,-15.88
US,SBUX,2024-12-31,40.4,-91.9,ANOMALY,28,10.04
US,SBUX,2025-09-30,46.5,-46.9,ageout_validated,90,1.88
US,SCHW,2018-09-28,37.8,-1.4,validated_decline,70,-15.4
US,SCHW,2019-03-29,41.2,-70.3,ageout_validated,90,-5.62
US,SCHW,2019-06-28,40.5,-91.4,ANOMALY,26,10.18
US,SCHW,2019-08-30,49.7,-86.2,ANOMALY,12,11.73
US,SCHW,2020-01-31,40.0,-36.1,validated_decline,32,-15.6
US,SCHW,2020-06-30,42.3,-70.0,ageout_validated,90,7.86
US,SCHW,2021-07-30,43.6,-64.2,ANOMALY,12,10.1
US,SCHW,2023-01-31,43.1,-54.6,validated_decline,38,-23.94
US,SCHW,2023-03-31,32.1,-344.7,ageout_validated,90,9.66
US,SCHW,2023-08-31,43.3,-62.8,validated_decline,53,-16.6
US,SCHW,2024-01-31,40.7,-31.8,ANOMALY,49,11.17
US,SCHW,2024-07-31,38.0,-125.4,ANOMALY,76,10.83
US,SCHW,2024-12-31,34.9,-57.8,ANOMALY,23,10.9
US,SCHW,2025-11-28,48.7,-26.2,ANOMALY,38,11.87
US,SCHW,2026-02-27,44.1,-71.7,ageout_validated,90,-10.02
US,SCHW,2026-05-29,41.7,-47.0,ANOMALY,34,10.56
US,SE,2018-01-31,42.8,-44.7,validated_decline,72,-15.58
US,SE,2018-07-31,42.6,-71.2,validated_decline,71,-15.53
US,SE,2019-08-30,43.6,-89.6,validated_decline,49,-16.0
US,SE,2021-03-31,49.9,-142.2,ANOMALY,6,10.66
US,SE,2021-12-31,37.4,-296.4,validated_decline,5,-17.43
US,SE,2023-04-28,42.9,-26.0,ANOMALY,10,10.71
US,SE,2023-08-31,26.2,-480.7,ANOMALY,27,11.85
US,SE,2023-11-30,39.9,-142.9,ANOMALY,8,10.44
US,SE,2024-07-31,36.4,-106.3,ANOMALY,13,13.93
US,SE,2025-10-31,33.8,-169.5,validated_decline,20,-16.17
US,SE,2025-11-28,40.0,-196.5,validated_decline,63,-16.2
US,SE,2026-02-27,42.4,-115.1,validated_decline,4,-19.02
US,SHOP,2019-09-30,38.9,-166.4,ANOMALY,14,10.47
US,SHOP,2021-03-31,44.9,-153.5,ANOMALY,8,10.5
US,SHOP,2021-09-30,32.9,-83.2,ANOMALY,21,10.39
US,SHOP,2021-12-31,44.5,-93.8,validated_decline,6,-15.13
US,SHOP,2024-02-29,44.9,-50.3,validated_decline,69,-17.86
US,SHOP,2024-05-31,39.2,-198.4,ANOMALY,12,10.68
US,SHOP,2024-07-31,44.3,-65.1,ANOMALY,8,12.01
US,SHOP,2025-11-28,53.7,-52.9,validated_decline,63,-17.28
US,SHOP,2026-02-27,44.5,-174.7,ANOMALY,6,11.65
US,SHW,2018-02-28,47.0,-39.9,ageout_validated,90,-3.17
US,SHW,2021-01-29,32.3,-14.4,ANOMALY,66,11.24
US,SHW,2021-06-30,45.0,-31.0,ANOMALY,42,10.97
US,SHW,2021-09-30,30.9,-53.6,ANOMALY,25,10.72
US,SHW,2024-04-30,29.4,-96.5,ANOMALY,84,15.24
US,SHW,2024-10-31,36.4,-36.5,ANOMALY,25,11.62
US,SHW,2024-12-31,26.7,-111.2,ageout_validated,90,2.95
US,SHW,2025-06-30,46.4,-33.4,ageout_validated,90,-0.21
US,SHW,2025-09-30,42.9,-47.6,ageout_validated,90,-5.85
US,SHW,2025-12-31,41.5,-33.0,ANOMALY,12,10.37
US,SHW,2026-05-29,40.9,-58.3,ANOMALY,27,11.6
US,SLB,2018-02-28,38.7,-101.8,ANOMALY,77,11.38
US,SLB,2018-08-31,39.2,-34.4,validated_decline,54,-15.4
US,SLB,2019-08-30,37.9,-170.2,ANOMALY,10,13.47
US,SLB,2020-01-31,24.7,-128.6,validated_decline,27,-18.72
US,SLB,2020-09-30,31.9,-161.7,ANOMALY,40,17.29
US,SLB,2021-07-30,42.9,-118.9,ANOMALY,70,10.3
US,SLB,2023-03-31,48.5,-120.8,ageout_validated,90,-0.75
US,SLB,2023-11-30,35.1,-89.3,ageout_validated,90,-6.48
US,SLB,2024-02-29,45.6,-24.7,ANOMALY,14,10.14
US,SLB,2024-04-30,23.1,-79.7,ageout_validated,90,1.44
US,SLB,2024-08-30,43.5,-44.1,ageout_validated,90,-0.1
US,SLB,2024-12-31,37.8,-121.5,ANOMALY,17,13.67
US,SLB,2025-07-31,42.8,-3.4,ageout_validated,90,9.84
US,SLV,2018-02-28,41.7,-25.6,ageout_validated,90,-0.13
US,SLV,2018-07-31,41.1,-52.6,ageout_validated,90,-6.98
US,SLV,2019-03-29,41.7,-22.4,ageout_validated,90,0.71
US,SLV,2019-11-29,44.2,-36.8,ageout_validated,90,3.45
US,SLV,2020-09-30,37.8,-115.0,ANOMALY,78,11.6
US,SLV,2021-03-31,37.7,-74.9,ANOMALY,36,11.76
US,SLV,2021-06-30,41.8,-58.2,ageout_validated,90,-14.2
US,SLV,2021-09-30,38.7,-80.1,ANOMALY,25,10.82
US,SLV,2023-06-30,41.5,-57.8,ANOMALY,18,10.05
US,SLV,2024-01-31,46.5,-36.1,ANOMALY,44,10.14
US,SLV,2024-06-28,47.2,-13.6,ANOMALY,88,10.58
US,SLV,2024-11-29,45.1,-56.3,ageout_validated,90,1.72
US,SNAP,2018-01-31,41.3,-79.9,ANOMALY,7,53.48
US,SNAP,2018-07-31,41.0,-6.4,validated_decline,35,-15.28
US,SNAP,2018-09-28,20.0,-263.8,validated_decline,11,-17.45
US,SNAP,2019-08-30,48.4,-10.4,validated_decline,54,-16.74
US,SNAP,2021-03-31,41.9,-165.1,ANOMALY,7,15.18
US,SNAP,2021-10-29,27.8,-292.7,validated_decline,52,-15.52
US,SNAP,2023-04-28,32.5,-94.9,ANOMALY,20,11.25
US,SNAP,2023-08-31,53.5,-153.8,validated_decline,21,-16.62
US,SNAP,2024-02-29,33.6,-377.9,ANOMALY,8,12.43
US,SNAP,2024-07-31,31.4,-174.9,validated_decline,2,-29.73
US,SNAP,2024-08-30,33.9,-307.4,ANOMALY,25,13.17
US,SNAP,2024-12-31,37.3,-49.6,ANOMALY,3,11.14
US,SNAP,2025-02-28,42.0,-89.8,validated_decline,13,-18.34
US,SNAP,2025-08-29,36.1,-243.1,ANOMALY,19,11.9
US,SNAP,2025-10-31,48.1,-20.2,ANOMALY,10,11.41
US,SNAP,2026-01-30,33.0,-75.6,validated_decline,6,-26.12
US,SNAP,2026-02-27,36.6,-354.7,validated_decline,25,-16.31
US,SNOW,2021-01-29,40.3,-125.6,ANOMALY,4,10.37
US,SNOW,2021-03-31,45.6,-184.1,validated_decline,40,-15.47
US,SNOW,2022-11-30,44.9,-126.2,ANOMALY,58,11.52
US,SNOW,2023-08-31,48.9,-106.6,ANOMALY,90,11.78
US,SNOW,2024-03-28,36.0,-253.3,validated_decline,64,-15.73
US,SNOW,2024-06-28,48.8,-146.4,validated_decline,38,-16.63
US,SNOW,2024-08-30,39.1,-102.2,ANOMALY,75,14.44
US,SNOW,2025-02-28,49.5,-1.3,validated_decline,10,-16.66
US,SNOW,2025-11-28,48.9,-18.4,validated_decline,46,-16.66
US,SNOW,2026-01-30,31.6,-104.4,validated_decline,6,-18.68
US,SNOW,2026-02-27,41.2,-192.4,validated_decline,41,-21.48
US,SOFI,2021-03-31,43.8,-180.3,ANOMALY,54,15.34
US,SOFI,2021-07-30,39.5,-234.1,ANOMALY,11,10.04
US,SOFI,2021-08-31,40.8,-141.9,ANOMALY,7,11.71
US,SOFI,2022-11-30,44.4,-118.2,ANOMALY,43,10.97
US,SOFI,2023-03-31,54.1,-109.8,validated_decline,32,-19.19
US,SOFI,2023-08-31,49.7,-94.4,validated_decline,33,-15.94
US,SOFI,2024-01-31,46.1,-78.2,ANOMALY,27,16.86
US,SOFI,2024-03-28,44.4,-113.6,ageout_validated,90,-11.51
US,SOFI,2024-06-28,45.5,-81.9,ANOMALY,17,10.89
US,SOFI,2025-02-28,44.3,-87.0,validated_decline,10,-22.74
US,SOFI,2025-12-31,43.7,-53.5,ANOMALY,5,11.84
US,SOFI,2026-01-30,29.5,-105.0,validated_decline,13,-15.39
US,SOFI,2026-02-27,28.5,-290.8,ageout_validated,90,-4.45
US,SPGI,2019-09-30,39.1,-20.2,ANOMALY,66,11.08
US,SPGI,2020-10-30,24.2,-78.2,ANOMALY,6,10.31
US,SPGI,2020-12-31,52.3,-46.2,ANOMALY,88,10.3
US,SPGI,2021-09-30,33.3,-9.9,ANOMALY,28,10.5
US,SPGI,2024-02-29,45.1,-27.8,ageout_validated,90,-0.59
US,SPGI,2024-10-31,28.0,-52.9,ageout_validated,90,7.86
US,SPGI,2025-09-30,26.4,-110.2,ageout_validated,90,9.13
US,SPGI,2026-02-27,46.5,-189.2,ageout_validated,90,-5.48
US,SPGI,2026-05-29,53.4,-29.1,ANOMALY,38,11.49
US,SPOT,2018-09-28,49.4,-38.5,validated_decline,12,-17.34
US,SPOT,2019-08-30,35.4,-101.1,validated_decline,28,-16.83
US,SPOT,2019-09-30,27.5,-200.1,ANOMALY,28,22.98
US,SPOT,2020-01-31,34.9,-45.9,validated_decline,45,-16.74
US,SPOT,2020-09-30,47.0,-97.8,ANOMALY,13,10.05
US,SPOT,2021-02-26,40.0,-2.7,validated_decline,10,-15.96
US,SPOT,2021-03-31,43.3,-192.1,ANOMALY,15,11.86
US,SPOT,2021-04-30,40.3,-41.1,ageout_validated,90,-10.65
US,SPOT,2021-07-30,34.8,-88.3,ANOMALY,34,11.09
US,SPOT,2021-09-30,41.8,-7.7,ANOMALY,18,10.42
US,SPOT,2023-07-31,42.1,-28.6,ANOMALY,85,14.2
US,SPOT,2025-07-31,36.9,-85.9,ANOMALY,8,12.66
US,SPOT,2025-10-31,41.2,-61.4,validated_decline,69,-15.51
US,SPOT,2026-01-30,31.3,-135.0,validated_decline,6,-17.51
US,SPY,2018-02-28,48.9,-7.7,ageout_validated,90,-0.57
US,SPY,2020-09-30,51.5,-21.5,ANOMALY,65,10.44
US,SPY,2021-09-30,34.6,-20.1,ANOMALY,84,10.05
US,SPY,2024-04-30,43.2,-20.4,ANOMALY,64,10.21
US,SPY,2024-12-31,41.6,-1.5,ageout_validated,90,-4.27
US,SPY,2026-02-27,48.5,-2.4,ANOMALY,90,10.3
US,T,2018-02-28,45.4,-15.4,ageout_validated,90,-9.25
US,T,2019-11-29,42.6,-11.1,ageout_validated,90,-2.71
US,T,2020-09-30,41.3,-49.6,ANOMALY,69,10.71
US,T,2021-02-26,37.6,-0.9,ANOMALY,32,10.18
US,T,2021-05-28,39.1,-38.9,ageout_validated,90,-5.95
US,T,2021-08-31,41.4,-29.6,ageout_validated,90,-10.62
US,T,2023-04-28,38.1,-53.4,validated_decline,77,-16.48
US,T,2023-07-31,42.4,-62.4,ageout_validated,90,4.02
US,T,2024-02-29,49.7,-9.7,ageout_validated,90,2.78
US,T,2025-07-31,47.4,-6.4,ageout_validated,90,-7.29
US,T,2025-10-31,33.9,-98.4,ageout_validated,90,2.73
US,T,2026-05-29,41.7,-55.6,validated_decline,32,-16.53
US,TEM,2024-10-31,43.5,-134.2,ANOMALY,4,10.94
US,TEM,2024-12-31,32.7,-471.1,ANOMALY,3,13.3
US,TEM,2025-07-31,42.0,-59.2,ANOMALY,12,17.23
US,TEM,2025-11-28,51.9,-156.7,validated_decline,19,-17.09
US,TEM,2025-12-31,28.1,-203.0,ANOMALY,6,17.76
US,TEM,2026-02-27,41.1,-138.4,validated_decline,28,-19.96
US,TGT,2020-01-31,28.0,-98.9,validated_decline,41,-15.89
US,TGT,2021-08-31,40.2,-21.4,ageout_validated,90,1.23
US,TGT,2021-12-31,47.1,-91.4,validated_decline,54,-17.59
US,TGT,2023-08-31,46.2,-48.0,validated_decline,32,-15.69
US,TGT,2024-04-30,37.0,-23.5,ageout_validated,90,-8.17
US,TGT,2024-11-29,40.5,-151.8,ageout_validated,90,-6.62
US,TGT,2025-02-28,38.8,-78.3,validated_decline,13,-15.89
US,TGT,2025-08-29,39.6,-48.5,ageout_validated,90,-5.26
US,TJX,2020-01-31,32.5,-2.2,validated_decline,41,-16.09
US,TJX,2020-06-30,43.9,-9.4,ANOMALY,41,11.79
US,TJX,2020-10-30,32.2,-52.8,ANOMALY,10,19.88
US,TJX,2021-01-29,39.5,-20.1,ANOMALY,25,10.08
US,TJX,2021-05-28,44.0,-26.6,ANOMALY,84,10.02
US,TJX,2021-09-30,30.9,-27.5,ANOMALY,48,11.89
US,TJX,2024-04-30,42.5,-32.1,ANOMALY,30,10.28
US,TJX,2024-10-31,39.1,-23.8,ANOMALY,25,10.75
US,TJX,2025-06-30,43.1,-41.9,ANOMALY,51,12.32
US,TJX,2026-01-30,40.5,-30.9,ANOMALY,69,10.45
US,TMO,2019-07-31,36.2,-11.6,ageout_validated,90,7.37
US,TMO,2021-02-26,32.5,-72.2,ageout_validated,90,5.04
US,TMO,2024-06-28,36.1,-37.5,ANOMALY,32,11.22
US,TMO,2024-10-31,26.0,-94.1,ageout_validated,90,4.09
US,TMO,2025-02-28,40.8,-55.8,validated_decline,35,-17.14
US,TMO,2025-05-30,41.7,-84.2,ANOMALY,54,15.98
US,TMO,2026-02-27,36.5,-145.5,validated_decline,77,-15.8
US,TMUS,2018-02-28,48.2,-55.4,ageout_validated,90,-6.58
US,TMUS,2019-06-28,45.5,-8.6,ANOMALY,28,13.64
US,TMUS,2019-08-30,51.5,-7.0,ageout_validated,90,1.19
US,TMUS,2019-11-29,46.7,-28.6,ANOMALY,74,20.29
US,TMUS,2020-10-30,40.1,-29.1,ANOMALY,7,12.77
US,TMUS,2021-01-29,43.5,-26.7,ageout_validated,90,6.29
US,TMUS,2021-08-31,32.3,-44.0,validated_decline,42,-15.14
US,TMUS,2021-10-29,33.0,-99.7,ageout_validated,90,-7.82
US,TMUS,2024-12-31,37.5,-62.8,ANOMALY,37,11.98
US,TMUS,2025-05-30,47.5,-44.2,ageout_validated,90,3.45
US,TMUS,2025-09-30,44.0,-38.9,validated_decline,34,-15.06
US,TMUS,2025-11-28,43.5,-55.6,ageout_validated,90,1.98
US,TMUS,2026-05-29,43.1,-32.1,ageout_validated,90,1.82
US,TSLA,2018-07-31,41.8,-85.1,ANOMALY,2,17.24
US,TSLA,2018-08-31,39.5,-55.6,validated_decline,38,-16.94
US,TSLA,2019-03-29,48.0,-95.4,validated_decline,28,-15.98
US,TSLA,2019-04-30,32.6,-126.1,validated_decline,22,-19.26
US,TSLA,2019-08-30,49.8,-79.2,ANOMALY,45,13.9
US,TSLA,2020-10-30,39.4,-20.3,ANOMALY,6,12.9
US,TSLA,2021-02-26,33.7,-117.9,validated_decline,10,-16.65
US,TSLA,2021-05-28,48.4,-120.6,ANOMALY,31,10.16
US,TSLA,2022-11-30,48.3,-197.7,validated_decline,13,-17.33
US,TSLA,2023-04-28,40.1,-159.6,ANOMALY,24,14.95
US,TSLA,2024-01-31,26.2,-240.0,validated_decline,76,-16.11
US,TSLA,2025-02-28,30.5,-274.0,validated_decline,10,-24.18
US,TSLA,2025-11-28,52.5,-59.2,ANOMALY,17,10.49
US,TSLA,2026-01-30,45.7,-51.8,validated_decline,56,-15.93
US,TSM,2020-01-31,36.0,-18.5,ANOMALY,12,10.55
US,TSM,2021-03-31,50.0,-94.2,ageout_validated,90,2.04
US,TSM,2021-07-30,48.4,-17.6,ageout_validated,90,-0.13
US,TSM,2023-04-28,39.9,-73.5,ANOMALY,27,19.75
US,TSM,2023-08-31,45.5,-50.8,ageout_validated,90,6.22
US,TSM,2024-04-30,50.4,-20.5,ANOMALY,14,10.64
US,TSM,2024-11-29,44.7,-34.3,ANOMALY,6,10.64
US,TSM,2025-02-28,33.1,-94.4,validated_decline,35,-18.37
US,TSM,2025-08-29,44.6,-4.5,ANOMALY,12,12.81
US,TSM,2025-11-28,53.9,-27.8,ANOMALY,38,10.84
US,TTD,2018-07-31,37.4,-7.0,ANOMALY,9,10.64
US,TTD,2019-08-30,46.7,-11.4,validated_decline,14,-15.58
US,TTD,2019-09-30,29.6,-244.5,ANOMALY,15,13.04
US,TTD,2021-01-29,43.0,-94.0,ANOMALY,6,11.49
US,TTD,2021-03-31,40.5,-185.9,ANOMALY,13,10.94
US,TTD,2021-05-28,48.7,-185.3,ANOMALY,26,11.18
US,TTD,2021-09-30,41.9,-94.3,ANOMALY,15,11.61
US,TTD,2023-08-31,53.8,-64.7,validated_decline,56,-17.26
US,TTD,2024-01-31,47.5,-29.2,ANOMALY,15,10.64
US,TTD,2024-04-30,49.7,-11.3,ANOMALY,6,10.27
US,TTD,2024-07-31,39.0,-57.0,ANOMALY,9,10.48
US,TTD,2024-12-31,34.5,-52.3,validated_decline,44,-30.3
US,TTD,2025-02-28,20.8,-513.0,validated_decline,11,-16.33
US,TTD,2025-08-29,36.2,-380.7,validated_decline,12,-15.59
US,TTD,2025-09-30,44.8,-190.1,ANOMALY,8,10.32
US,TTD,2025-11-28,32.2,-240.5,validated_decline,60,-18.63
US,TTD,2026-01-30,25.4,-170.5,validated_decline,18,-16.72
US,TTD,2026-02-27,25.9,-321.9,ANOMALY,6,25.06
US,TTD,2026-05-29,46.1,-55.3,validated_decline,19,-15.77
US,TXN,2018-02-28,54.8,-17.2,ageout_validated,90,3.01
US,TXN,2018-09-28,45.2,-38.5,validated_decline,28,-15.59
US,TXN,2019-10-31,36.3,-61.6,ANOMALY,70,11.31
US,TXN,2021-12-31,46.0,-16.8,ageout_validated,90,-2.0
US,TXN,2023-04-28,35.1,-47.4,ANOMALY,76,10.36
US,TXN,2023-08-31,46.0,-38.7,validated_decline,55,-15.63
US,TXN,2024-11-29,46.9,-19.1,ageout_validated,90,-4.14
US,TXN,2025-07-31,29.7,-74.2,ANOMALY,20,10.89
US,TXN,2025-09-30,44.7,-62.3,validated_decline,51,-15.8
US,U,2021-02-26,29.5,-292.5,validated_decline,27,-15.56
US,U,2021-03-31,44.6,-189.0,validated_decline,40,-18.67
US,U,2021-05-28,51.2,-33.1,ANOMALY,21,11.18
US,U,2021-12-31,43.6,-122.8,validated_decline,5,-15.37
US,U,2023-04-28,39.1,-92.0,ANOMALY,13,20.36
US,U,2023-08-31,48.5,-155.1,validated_decline,25,-15.4
US,U,2024-01-31,41.1,-85.1,validated_decline,33,-16.64
US,U,2024-03-28,39.6,-147.1,validated_decline,43,-18.76
US,U,2024-05-31,23.3,-260.2,validated_decline,39,-15.05
US,U,2026-01-30,21.2,-175.1,validated_decline,6,-20.24
US,U,2026-02-27,29.4,-734.8,ANOMALY,5,11.79
US,UAL,2019-03-29,41.1,-91.6,ANOMALY,19,11.86
US,UAL,2019-08-30,45.6,-73.9,ANOMALY,67,10.45
US,UAL,2019-12-31,42.3,-27.0,validated_decline,31,-15.09
US,UAL,2020-07-31,44.8,-62.5,ANOMALY,10,19.63
US,UAL,2020-10-30,44.8,-36.4,ANOMALY,10,22.03
US,UAL,2021-01-29,40.2,-71.8,ANOMALY,10,10.9
US,UAL,2021-04-30,49.0,-52.5,ANOMALY,33,10.83
US,UAL,2021-06-30,35.3,-53.6,validated_decline,19,-16.89
US,UAL,2021-07-30,39.2,-115.3,ageout_validated,90,-1.52
US,UAL,2021-10-29,42.5,-24.9,ANOMALY,7,14.24
US,UAL,2023-03-31,43.4,-156.9,ANOMALY,67,10.26
US,UAL,2023-08-31,42.0,-83.5,validated_decline,27,-15.62
US,UAL,2024-06-28,40.2,-77.9,validated_decline,35,-17.41
US,UAL,2025-02-28,38.5,-86.2,validated_decline,10,-17.26
US,UAL,2025-09-30,36.6,-4.2,ANOMALY,64,12.41
US,UAL,2026-01-30,36.8,-44.8,ANOMALY,7,13.28
US,UBER,2019-07-31,37.9,-6.4,validated_decline,14,-19.41
US,UBER,2019-08-30,30.1,-245.5,validated_decline,68,-17.29
US,UBER,2019-11-29,52.6,-54.5,ANOMALY,39,10.84
US,UBER,2020-06-30,43.9,-80.8,ANOMALY,37,11.68
US,UBER,2020-10-30,41.6,-31.5,ANOMALY,5,22.69
US,UBER,2021-05-28,49.7,-86.9,validated_decline,67,-15.82
US,UBER,2021-08-31,32.7,-134.4,ANOMALY,21,13.34
US,UBER,2023-03-31,48.6,-69.2,ANOMALY,32,15.21
US,UBER,2024-04-30,28.9,-124.7,ANOMALY,43,10.38
US,UBER,2024-07-31,39.1,-77.2,ANOMALY,13,10.22
US,UBER,2024-11-29,46.6,-71.5,validated_decline,14,-16.72
US,UBER,2024-12-31,32.4,-156.1,ANOMALY,15,11.11
US,UBER,2025-07-31,41.3,-9.8,ANOMALY,22,10.3
US,UBER,2025-11-28,42.0,-105.2,validated_decline,68,-15.56
US,UBER,2026-02-27,49.3,-104.9,ageout_validated,90,-5.97
US,UBER,2026-05-29,37.8,-43.9,ageout_validated,90,-0.1
US,UNH,2018-02-28,46.4,-13.5,ageout_validated,90,7.43
US,UNH,2019-02-28,28.8,-8.5,ageout_validated,90,0.46
US,UNH,2019-08-30,42.5,-86.3,ANOMALY,69,10.12
US,UNH,2020-01-31,32.4,-16.2,ANOMALY,12,11.39
US,UNH,2020-06-30,52.0,-3.7,ageout_validated,90,3.23
US,UNH,2021-01-29,38.1,-13.2,ANOMALY,52,10.37
US,UNH,2021-06-30,50.6,-13.6,ageout_validated,90,-0.11
US,UNH,2021-09-30,30.7,-37.1,ANOMALY,20,11.35
US,UNH,2023-01-31,49.8,-63.1,ageout_validated,90,-0.35
US,UNH,2023-08-31,33.6,-15.6,ANOMALY,36,10.55
US,UNH,2024-01-31,45.1,-55.0,ageout_validated,90,-5.11
US,UNH,2024-10-31,43.3,-37.5,ANOMALY,11,10.76
US,UNH,2024-12-31,37.4,-147.3,ageout_validated,90,3.98
US,UNH,2025-05-30,30.3,-417.5,validated_decline,62,-16.75
US,UNH,2025-11-28,49.2,-80.6,validated_decline,68,-15.77
US,UNP,2018-02-28,46.7,-10.9,ANOMALY,79,10.4
US,UNP,2019-08-30,45.0,-61.6,ANOMALY,87,11.08
US,UNP,2020-10-30,32.4,-93.3,ANOMALY,10,11.74
US,UNP,2021-01-29,39.4,-16.1,ANOMALY,56,13.41
US,UNP,2021-06-30,48.3,-18.1,ageout_validated,90,-8.11
US,UNP,2021-09-30,29.3,-87.3,ANOMALY,8,10.44
US,UNP,2023-01-31,45.7,-34.4,ageout_validated,90,-2.07
US,UNP,2024-03-28,48.6,-18.4,ageout_validated,90,-8.56
US,UNP,2024-10-31,36.6,-52.6,ANOMALY,88,10.26
US,UNP,2025-07-31,42.4,-16.1,ageout_validated,90,-1.91
US,UNP,2025-10-31,43.3,-36.9,ageout_validated,90,6.61
US,UPS,2018-02-28,30.2,-162.9,ANOMALY,72,10.57
US,UPS,2018-09-28,37.7,-31.8,validated_decline,80,-16.34
US,UPS,2019-04-30,37.3,-27.6,ANOMALY,86,12.39
US,UPS,2019-12-31,45.4,-10.7,validated_decline,55,-15.03
US,UPS,2020-10-30,37.3,-11.0,ANOMALY,25,10.59
US,UPS,2021-01-29,36.6,-59.2,ANOMALY,61,10.37
US,UPS,2021-06-30,55.8,-11.8,ageout_validated,90,-9.72
US,UPS,2021-09-30,31.6,-47.9,ANOMALY,22,11.92
US,UPS,2023-04-28,40.1,-25.5,ageout_validated,90,4.73
US,UPS,2023-08-31,39.7,-63.2,validated_decline,56,-18.41
US,UPS,2024-01-31,27.6,-31.1,ANOMALY,40,10.28
US,UPS,2024-05-31,40.1,-53.5,ageout_validated,90,-7.44
US,UPS,2024-12-31,43.6,-48.6,ageout_validated,90,-11.53
US,UPS,2025-07-31,25.5,-71.4,ANOMALY,89,13.95
US,UVXY,2018-07-31,43.7,-156.3,validated_decline,8,-15.46
US,UVXY,2018-08-31,43.4,-122.2,validated_decline,33,-15.05
US,UVXY,2019-02-28,34.1,-328.8,validated_decline,36,-16.71
US,UVXY,2019-04-30,36.8,-244.6,ANOMALY,7,33.12
US,UVXY,2019-06-28,39.5,-126.2,validated_decline,13,-16.01
US,UVXY,2019-07-31,48.2,-237.7,ANOMALY,1,11.6
US,UVXY,2019-09-30,45.1,-173.7,ANOMALY,2,17.43
US,UVXY,2019-10-31,34.3,-321.7,validated_decline,15,-17.33
US,UVXY,2019-11-29,27.4,-356.5,ANOMALY,4,17.45
US,UVXY,2019-12-31,37.5,-259.5,validated_decline,16,-17.92
US,UVXY,2020-07-31,38.0,-277.2,validated_decline,12,-15.93
US,UVXY,2020-08-31,49.4,-247.9,ANOMALY,3,27.59
US,UVXY,2020-09-30,42.3,-89.7,validated_decline,9,-15.21
US,UVXY,2020-11-30,31.3,-443.4,ANOMALY,14,10.85
US,UVXY,2020-12-31,40.8,-166.6,ANOMALY,4,12.96
US,UVXY,2021-02-26,46.4,-186.0,validated_decline,13,-17.19
US,UVXY,2021-03-31,33.2,-456.4,validated_decline,12,-15.58
US,UVXY,2021-04-30,39.2,-353.2,ANOMALY,12,30.89
US,UVXY,2021-05-28,38.3,-219.8,validated_decline,14,-16.92
US,UVXY,2021-06-30,36.4,-345.9,ANOMALY,8,10.4
US,UVXY,2021-08-31,38.3,-205.2,ANOMALY,20,25.22
US,UVXY,2021-10-29,35.5,-319.6,ANOMALY,28,28.83
US,UVXY,2021-12-31,38.2,-270.5,ANOMALY,18,10.06
US,UVXY,2022-11-30,29.0,-333.4,validated_decline,37,-15.82
US,UVXY,2023-01-31,28.2,-349.3,ANOMALY,10,11.0
US,UVXY,2023-04-28,35.2,-285.8,ANOMALY,6,16.01
US,UVXY,2023-06-30,26.1,-482.6,validated_decline,61,-19.25
US,UVXY,2023-08-31,34.4,-107.2,ANOMALY,26,24.5
US,UVXY,2023-11-30,30.8,-440.4,validated_decline,27,-15.6
US,UVXY,2023-12-29,32.6,-270.3,validated_decline,40,-15.4
US,UVXY,2024-02-29,38.0,-124.0,ANOMALY,43,11.98
US,UVXY,2024-05-31,38.7,-237.5,validated_decline,32,-15.54
US,UVXY,2024-08-30,43.2,-194.4,ANOMALY,4,29.64
US,UVXY,2024-11-29,36.3,-258.0,ANOMALY,19,30.78
US,UVXY,2025-05-30,43.1,-281.0,validated_decline,26,-15.54
US,UVXY,2025-06-30,38.2,-208.8,validated_decline,23,-16.21
US,UVXY,2025-07-31,31.9,-257.1,ANOMALY,1,12.63
US,UVXY,2025-08-29,32.1,-309.4,ANOMALY,48,14.01
US,UVXY,2025-11-28,40.7,-11.2,validated_decline,21,-18.76
US,UVXY,2025-12-31,28.8,-342.4,ANOMALY,20,15.53
US,UVXY,2026-05-29,26.4,-274.3,ANOMALY,12,15.64
US,V,2019-09-30,39.0,-27.4,ANOMALY,87,10.15
US,V,2020-09-30,47.5,-23.1,ageout_validated,90,7.36
US,V,2021-01-29,33.1,-62.4,ANOMALY,26,13.72
US,V,2021-08-31,37.8,-41.0,ageout_validated,90,-14.17
US,V,2024-04-30,35.5,-30.2,ageout_validated,90,-2.43
US,V,2025-07-31,40.8,-11.0,ageout_validated,90,-1.04
US,V,2025-11-28,49.7,-35.0,ageout_validated,90,-5.11
US,VLO,2018-02-28,45.5,-13.3,ANOMALY,42,10.94
US,VLO,2018-09-28,46.3,-10.2,validated_decline,21,-18.45
US,VLO,2019-08-30,44.1,-85.4,ANOMALY,13,11.18
US,VLO,2019-12-31,45.0,-26.4,validated_decline,55,-15.62
US,VLO,2020-06-30,43.2,-95.6,validated_decline,70,-15.68
US,VLO,2020-09-30,31.8,-173.8,validated_decline,28,-16.46
US,VLO,2020-10-30,39.6,-172.6,ANOMALY,10,29.71
US,VLO,2021-06-30,45.4,-1.8,validated_decline,16,-16.91
US,VLO,2021-07-30,41.8,-168.3,ANOMALY,63,11.51
US,VLO,2023-04-28,29.4,-127.5,ANOMALY,87,10.64
US,VLO,2024-08-30,49.5,-53.5,ageout_validated,90,-4.85
US,VLO,2024-12-31,38.2,-128.6,ANOMALY,15,12.5
US,VLO,2025-02-28,44.8,-3.1,validated_decline,35,-19.92
US,VLO,2025-12-31,38.5,-61.4,ANOMALY,5,10.92
US,VRTX,2019-03-29,49.3,-7.5,ageout_validated,90,-2.92
US,VRTX,2019-07-31,37.0,-44.3,ANOMALY,13,10.38
US,VRTX,2019-09-30,40.8,-46.7,ANOMALY,22,12.77
US,VRTX,2020-07-31,39.4,-23.3,validated_decline,76,-20.85
US,VRTX,2020-10-30,30.0,-248.5,ANOMALY,32,10.53
US,VRTX,2021-02-26,43.5,-70.0,ageout_validated,90,-2.47
US,VRTX,2021-05-28,40.3,-28.4,ageout_validated,90,-4.98
US,VRTX,2021-09-30,31.1,-73.9,ANOMALY,62,13.02
US,VRTX,2023-08-31,48.9,-0.7,ANOMALY,67,10.74
US,VRTX,2024-03-28,51.2,-17.5,ANOMALY,67,12.48
US,VRTX,2024-09-30,43.0,-35.3,ANOMALY,39,11.11
US,VRTX,2024-12-31,31.2,-149.2,ANOMALY,27,10.23
US,VRTX,2025-05-30,43.6,-86.8,validated_decline,67,-15.17
US,VRTX,2025-08-29,40.2,-128.0,ANOMALY,75,11.04
US,VXX,2018-07-31,44.2,-98.8,validated_decline,51,-15.11
US,VXX,2018-09-28,37.0,-105.0,ANOMALY,12,27.15
US,VXX,2019-02-28,34.8,-211.8,validated_decline,43,-16.4
US,VXX,2019-04-30,37.8,-156.2,ANOMALY,7,22.0
US,VXX,2019-06-28,39.9,-76.1,validated_decline,26,-17.15
US,VXX,2019-07-31,49.3,-153.1,ANOMALY,5,24.21
US,VXX,2019-09-30,46.0,-103.3,ANOMALY,2,11.42
US,VXX,2019-10-31,34.5,-205.5,validated_decline,25,-16.3
US,VXX,2019-11-29,27.9,-232.3,ANOMALY,4,11.31
US,VXX,2019-12-31,38.0,-167.4,ANOMALY,55,16.87
US,VXX,2020-07-31,38.2,-168.1,ANOMALY,34,11.19
US,VXX,2020-09-30,43.2,-51.1,ANOMALY,28,11.37
US,VXX,2020-11-30,31.0,-282.5,ANOMALY,58,17.87
US,VXX,2021-02-26,47.5,-108.3,validated_decline,17,-17.9
US,VXX,2021-03-31,33.1,-290.2,validated_decline,29,-15.42
US,VXX,2021-04-30,40.1,-228.5,ANOMALY,12,20.51
US,VXX,2021-05-28,38.6,-125.3,validated_decline,28,-15.99
US,VXX,2021-06-30,36.6,-218.1,ANOMALY,19,18.5
US,VXX,2021-08-31,38.8,-126.0,ANOMALY,20,16.67
US,VXX,2021-10-29,36.4,-204.0,ANOMALY,28,22.01
US,VXX,2021-12-31,38.7,-152.0,ANOMALY,20,14.62
US,VXX,2022-11-30,29.0,-217.7,validated_decline,43,-17.36
US,VXX,2023-01-31,28.4,-225.1,ANOMALY,21,11.13
US,VXX,2023-04-28,35.9,-179.4,ANOMALY,6,11.09
US,VXX,2023-06-30,25.5,-312.0,validated_decline,63,-15.16
US,VXX,2023-11-30,30.3,-282.3,validated_decline,41,-15.1
US,VXX,2024-02-29,38.5,-74.3,ANOMALY,46,15.12
US,VXX,2024-05-31,39.7,-151.6,ANOMALY,63,35.91
US,VXX,2024-11-29,36.6,-161.0,ANOMALY,19,21.45
US,VXX,2025-05-30,44.1,-161.8,validated_decline,40,-15.92
US,VXX,2025-07-31,32.9,-164.9,validated_decline,22,-15.26
US,VXX,2025-08-29,33.0,-197.8,ANOMALY,48,10.2
US,VXX,2025-12-31,27.6,-222.2,ANOMALY,20,10.99
US,VXX,2026-05-29,26.9,-176.5,ANOMALY,12,10.19
US,VZ,2018-02-28,35.0,-83.3,ageout_validated,90,2.23
US,VZ,2018-09-28,46.3,-2.6,ANOMALY,32,10.18
US,VZ,2019-04-30,46.4,-12.2,ageout_validated,90,1.37
US,VZ,2019-07-31,39.9,-11.0,ANOMALY,76,10.69
US,VZ,2019-11-29,56.7,-3.2,ageout_validated,90,-7.65
US,VZ,2020-10-30,40.5,-34.6,ageout_validated,90,-1.8
US,VZ,2021-01-29,30.1,-51.8,ageout_validated,90,5.82
US,VZ,2021-05-28,40.0,-20.6,ageout_validated,90,-2.26
US,VZ,2021-08-31,42.5,-15.7,ageout_validated,90,-4.96
US,VZ,2023-07-31,46.7,-43.5,ageout_validated,90,0.22
US,VZ,2024-04-30,45.8,-16.7,ageout_validated,90,3.03
US,VZ,2024-10-31,46.2,-33.2,ageout_validated,90,-2.7
US,VZ,2025-10-31,44.4,-70.3,ageout_validated,90,1.91
US,WDAY,2019-07-31,34.8,-9.1,validated_decline,44,-16.2
US,WDAY,2019-09-30,41.5,-92.0,ageout_validated,90,-2.42
US,WDAY,2019-12-31,48.5,-15.5,ANOMALY,13,10.62
US,WDAY,2020-07-31,45.9,-8.0,ANOMALY,26,18.07
US,WDAY,2020-10-30,43.4,-1.6,ANOMALY,48,14.13
US,WDAY,2021-01-29,48.3,-6.4,ANOMALY,4,13.29
US,WDAY,2021-05-28,41.1,-75.3,ageout_validated,90,7.89
US,WDAY,2023-04-28,42.4,-20.0,ANOMALY,28,16.08
US,WDAY,2024-03-28,42.3,-55.7,validated_decline,57,-19.01
US,WDAY,2024-05-31,24.4,-148.9,ANOMALY,46,11.44
US,WDAY,2025-07-31,41.0,-21.1,ageout_validated,90,0.86
US,WDAY,2025-11-28,40.0,-61.3,validated_decline,53,-15.13
US,WDAY,2026-01-30,25.1,-169.2,validated_decline,12,-17.7
US,WDAY,2026-02-27,28.7,-339.9,ANOMALY,6,10.03
US,WFC,2018-02-28,42.0,-50.5,ageout_validated,90,-8.67
US,WFC,2018-09-28,23.2,-84.4,validated_decline,87,-16.38
US,WFC,2019-03-29,41.1,-9.1,ageout_validated,90,-3.28
US,WFC,2020-01-31,26.8,-119.9,validated_decline,34,-16.24
US,WFC,2020-06-30,42.9,-25.7,ageout_validated,90,-6.57
US,WFC,2020-09-30,44.2,-40.0,ANOMALY,50,11.78
US,WFC,2021-06-30,51.0,-23.7,ANOMALY,41,10.06
US,WFC,2023-03-31,35.9,-198.9,ANOMALY,17,10.49
US,WFC,2023-08-31,35.7,-63.5,ageout_validated,90,6.98
US,WFC,2024-12-31,45.7,-18.9,ANOMALY,21,10.83
US,WFC,2026-01-30,50.5,-37.6,validated_decline,41,-16.43
US,WFC,2026-05-29,51.2,-43.7,ANOMALY,33,10.83
US,WMT,2018-02-28,30.7,-105.5,ageout_validated,90,-7.33
US,WMT,2020-01-31,39.7,-26.7,ANOMALY,66,10.6
US,WMT,2020-06-30,46.0,-33.3,ANOMALY,14,10.21
US,WMT,2020-12-31,41.9,-24.3,ageout_validated,90,-5.38
US,WMT,2021-09-30,26.4,-42.1,ageout_validated,90,2.8
US,WMT,2023-11-30,39.8,-38.2,ANOMALY,82,13.37
US,WMT,2024-04-30,45.6,-3.2,ANOMALY,21,10.15
US,WMT,2026-05-29,29.0,-62.5,ageout_validated,90,-5.55
US,XOM,2018-02-28,37.3,-97.7,ageout_validated,90,4.59
US,XOM,2019-07-31,39.7,-9.9,ageout_validated,90,-6.82
US,XOM,2020-01-31,22.0,-78.8,validated_decline,27,-18.65
US,XOM,2020-07-31,42.0,-55.6,validated_decline,54,-16.66
US,XOM,2020-09-30,30.1,-161.8,ANOMALY,47,13.84
US,XOM,2021-07-30,42.6,-69.4,ANOMALY,77,10.37
US,XOM,2023-11-30,41.0,-41.6,ageout_validated,90,2.48
US,XOM,2024-12-31,34.8,-102.4,ANOMALY,85,10.93
US,XOM,2025-05-30,40.0,-33.0,ANOMALY,18,11.44
US,XOM,2026-05-29,39.5,-12.9,ageout_validated,90,6.33
US,XYZ,2019-03-29,49.5,-1.9,validated_decline,45,-16.72
US,XYZ,2019-08-30,36.1,-171.7,ANOMALY,87,10.37
US,XYZ,2019-12-31,40.6,-36.6,ANOMALY,15,12.47
US,XYZ,2021-03-31,49.7,-107.1,ANOMALY,8,13.79
US,XYZ,2021-05-28,50.7,-110.6,ANOMALY,31,10.82
US,XYZ,2021-09-30,38.6,-61.4,ANOMALY,21,10.52
US,XYZ,2021-12-31,33.2,-263.9,validated_decline,13,-15.21
US,XYZ,2023-03-31,45.6,-147.6,validated_decline,32,-15.86
US,XYZ,2023-08-31,37.5,-216.2,validated_decline,20,-17.48
US,XYZ,2024-01-31,45.1,-62.1,ANOMALY,23,21.4
US,XYZ,2024-04-30,44.5,-73.3,validated_decline,49,-15.21
US,XYZ,2024-06-28,46.9,-78.5,ANOMALY,17,11.74
US,XYZ,2025-02-28,26.4,-272.8,validated_decline,10,-16.17
US,XYZ,2025-09-30,40.2,-22.2,ANOMALY,8,12.23
US,XYZ,2025-11-28,48.9,-172.4,validated_decline,69,-20.09
US,ZM,2019-08-30,48.0,-31.8,validated_decline,28,-17.05
US,ZM,2019-09-30,31.8,-145.9,validated_decline,22,-18.64
US,ZM,2019-10-31,47.4,-176.9,ANOMALY,76,10.09
US,ZM,2020-12-31,28.9,-186.0,ANOMALY,14,13.61
US,ZM,2021-03-31,43.1,-177.9,ANOMALY,72,14.04
US,ZM,2021-08-31,25.0,-129.2,validated_decline,83,-16.31
US,ZM,2021-12-31,37.7,-187.0,validated_decline,20,-15.28
US,ZM,2022-11-30,45.2,-52.4,ANOMALY,69,12.24
US,ZM,2023-04-28,32.7,-122.1,ANOMALY,19,10.45
US,ZM,2024-01-31,36.6,-36.0,ageout_validated,90,-5.43
US,ZM,2024-06-28,46.3,-69.8,ANOMALY,55,14.95
US,ZM,2025-02-28,28.0,-87.2,ANOMALY,70,10.33
US,ZM,2025-06-30,47.5,-31.8,ANOMALY,79,10.67
US,ZM,2026-02-27,28.7,-72.3,ANOMALY,34,11.39
US,ZS,2018-09-28,47.7,-8.7,validated_decline,12,-17.75
US,ZS,2019-08-30,33.9,-164.3,validated_decline,12,-27.74
US,ZS,2019-09-30,26.1,-407.0,ANOMALY,58,10.16
US,ZS,2021-03-31,39.6,-171.0,ANOMALY,13,14.55
US,ZS,2022-11-30,44.2,-78.7,validated_decline,19,-15.87
US,ZS,2023-03-31,52.2,-108.2,validated_decline,25,-20.98
US,ZS,2023-04-28,27.7,-177.4,ANOMALY,10,19.78
US,ZS,2024-03-28,33.9,-174.4,validated_decline,63,-18.68
US,ZS,2024-07-31,39.7,-28.2,ANOMALY,21,11.78
US,ZS,2024-09-30,45.7,-58.4,ANOMALY,10,14.37
US,ZS,2024-12-31,36.3,-91.0,ANOMALY,28,13.45
US,ZS,2025-07-31,42.4,-42.5,ANOMALY,70,10.38
US,ZS,2025-11-28,27.8,-149.5,validated_decline,48,-16.27
US,ZS,2026-01-30,31.7,-127.5,validated_decline,6,-15.31
US,ZS,2026-02-27,32.8,-292.9,ANOMALY,6,10.18
JP,1605.T,2018-02-28,42.1,-79.0,ANOMALY,71,11.23
JP,1605.T,2018-05-31,28.5,-110.8,ageout_validated,90,-0.49
JP,1605.T,2020-01-31,31.7,-54.0,validated_decline,38,-25.67
JP,1605.T,2021-07-30,43.7,-46.4,ANOMALY,59,10.58
JP,1605.T,2023-03-31,48.2,-50.9,ANOMALY,54,11.17
JP,1605.T,2023-11-30,47.7,-26.0,ageout_validated,90,-2.45
JP,1605.T,2024-07-31,46.4,-24.2,validated_decline,5,-23.45
JP,1605.T,2024-08-30,48.9,-46.7,validated_decline,12,-15.42
JP,1605.T,2024-09-30,41.4,-93.7,ANOMALY,4,11.76
JP,1605.T,2025-01-31,38.3,-40.0,ANOMALY,46,10.24
JP,1605.T,2026-04-30,50.4,-82.3,validated_decline,32,-17.69
JP,1605.T,2026-06-30,36.8,-119.9,ANOMALY,22,10.72
JP,1801.T,2018-02-28,52.0,-39.5,ANOMALY,71,11.09
JP,1801.T,2020-01-31,42.9,-5.3,validated_decline,28,-16.21
JP,1801.T,2020-12-30,46.7,-25.2,ANOMALY,68,11.25
JP,1801.T,2021-04-30,39.4,-12.3,ageout_validated,90,-6.7
JP,1801.T,2021-08-31,33.8,-64.4,ageout_validated,90,-1.16
JP,1801.T,2023-03-31,44.5,-76.2,ANOMALY,27,10.74
JP,1801.T,2023-08-31,46.8,-53.2,ANOMALY,63,10.95
JP,1801.T,2023-12-29,41.5,-72.0,ANOMALY,17,10.85
JP,1801.T,2024-02-29,35.4,-93.3,ANOMALY,6,10.18
JP,1801.T,2026-03-31,41.7,-87.8,ANOMALY,41,10.25
JP,1801.T,2026-05-29,40.2,-158.3,ageout_validated,90,-2.43
JP,1802.T,2018-01-31,29.9,-19.8,ageout_validated,90,-4.42
JP,1802.T,2018-05-31,30.2,-71.6,ageout_validated,90,-4.37
JP,1802.T,2020-01-31,46.1,-1.5,validated_decline,35,-15.17
JP,1802.T,2020-12-30,43.0,-55.4,ANOMALY,68,10.34
JP,1802.T,2021-04-30,44.8,-4.5,ageout_validated,90,-9.03
JP,1802.T,2022-08-31,51.8,-1.3,ANOMALY,85,10.55
JP,1802.T,2023-10-31,49.3,-39.8,ageout_validated,90,5.86
JP,1802.T,2024-08-30,47.8,-30.6,ANOMALY,69,10.18
JP,1802.T,2026-03-31,45.4,-36.6,validated_decline,62,-15.68
JP,1812.T,2018-02-28,46.4,-65.8,ageout_validated,90,-9.77
JP,1812.T,2018-05-31,25.8,-119.6,ageout_validated,90,-8.56
JP,1812.T,2019-11-29,45.9,-9.0,validated_decline,88,-15.45
JP,1812.T,2021-02-26,38.8,-9.9,ANOMALY,11,10.82
JP,1812.T,2021-04-30,43.7,-14.7,ageout_validated,90,-4.77
JP,1812.T,2021-07-30,40.0,-7.8,ageout_validated,90,2.79
JP,1812.T,2021-10-29,37.1,-15.5,ageout_validated,90,-2.5
JP,1812.T,2022-08-31,47.1,-4.3,ANOMALY,85,10.13
JP,1812.T,2023-11-30,45.5,-46.7,ANOMALY,47,12.56
JP,1812.T,2024-04-30,56.5,-10.2,ageout_validated,90,-5.47
JP,1812.T,2024-08-30,50.6,-33.8,ageout_validated,90,3.71
JP,1812.T,2025-01-31,56.7,-15.5,ANOMALY,18,10.69
JP,1812.T,2026-03-31,41.9,-116.5,ANOMALY,28,10.02
JP,1878.T,2018-01-31,22.0,-119.4,ageout_validated,90,-1.03
JP,1878.T,2018-05-31,34.3,-26.1,ageout_validated,90,-6.56
JP,1878.T,2018-09-28,39.5,-99.3,ageout_validated,90,4.41
JP,1878.T,2019-11-29,40.6,-30.6,ageout_validated,90,-13.49
JP,1878.T,2020-12-30,49.4,-36.1,ANOMALY,29,10.06
JP,1878.T,2021-04-30,37.9,-27.0,ANOMALY,73,12.39
JP,1878.T,2021-08-31,41.8,-31.4,ANOMALY,13,10.76
JP,1878.T,2023-01-31,29.4,-13.7,ageout_validated,90,4.87
JP,1878.T,2024-04-30,47.7,-15.2,ageout_validated,90,2.6
JP,1878.T,2024-10-31,46.1,-37.3,ageout_validated,90,0.15
JP,1878.T,2025-01-31,36.4,-36.1,ageout_validated,90,-2.51
JP,1878.T,2025-06-30,44.1,-16.4,ageout_validated,90,5.33
JP,1878.T,2025-10-31,30.9,-44.8,ageout_validated,90,4.57
JP,1878.T,2026-04-30,45.2,-20.3,validated_decline,35,-16.97
JP,1925.T,2018-02-28,42.0,-95.4,ageout_validated,90,2.58
JP,1925.T,2018-05-31,38.2,-7.8,ageout_validated,90,-12.69
JP,1925.T,2019-11-29,38.2,-72.8,ageout_validated,90,-8.06
JP,1925.T,2020-12-30,46.6,-51.0,ANOMALY,48,10.02
JP,1925.T,2021-05-31,47.6,-34.0,ageout_validated,90,3.74
JP,1925.T,2022-08-31,44.8,-12.9,ageout_validated,90,2.91
JP,1925.T,2024-02-29,45.2,-22.2,ageout_validated,90,-4.48
JP,1925.T,2024-05-31,47.2,-52.3,ageout_validated,90,8.19
JP,1925.T,2025-05-30,39.9,-29.6,ANOMALY,75,10.14
JP,1925.T,2026-03-31,31.1,-76.3,ageout_validated,90,-9.48
JP,1928.T,2018-02-28,42.7,-68.2,ageout_validated,90,5.48
JP,1928.T,2018-09-28,47.3,-48.4,ageout_validated,90,-6.55
JP,1928.T,2019-12-30,44.4,-8.9,validated_decline,70,-16.77
JP,1928.T,2021-04-30,35.1,-20.2,ageout_validated,90,0.44
JP,1928.T,2021-07-30,40.5,-10.9,ANOMALY,46,10.32
JP,1928.T,2024-10-31,42.9,-40.9,ageout_validated,90,-1.29
JP,1928.T,2025-01-31,52.1,-0.3,validated_decline,66,-16.19
JP,1928.T,2025-06-30,57.2,-41.5,ANOMALY,51,11.57
JP,1928.T,2026-03-31,44.0,-34.7,ageout_validated,90,-3.95
JP,2267.T,2018-02-28,37.9,-125.8,ageout_validated,90,-4.23
JP,2267.T,2018-05-31,33.8,-60.9,ANOMALY,57,15.22
JP,2267.T,2019-12-30,41.6,-36.5,validated_decline,60,-18.16
JP,2267.T,2020-11-30,36.9,-51.6,ANOMALY,50,10.35
JP,2267.T,2021-04-30,41.6,-51.8,ANOMALY,17,11.28
JP,2267.T,2021-08-31,48.7,-6.9,ageout_validated,90,-9.04
JP,2267.T,2022-10-31,49.5,-1.2,ANOMALY,81,10.19
JP,2267.T,2023-05-31,33.3,-75.7,validated_decline,76,-15.31
JP,2267.T,2023-08-31,33.4,-103.5,ageout_validated,90,-12.7
JP,2267.T,2023-11-30,32.1,-75.5,ageout_validated,90,-1.09
JP,2267.T,2024-03-29,47.9,-10.2,ageout_validated,90,-7.77
JP,2267.T,2024-12-30,38.9,-36.6,ageout_validated,90,-2.02
JP,2267.T,2025-06-30,28.9,-67.4,ageout_validated,90,-8.87
JP,2267.T,2025-10-31,35.3,-25.6,ANOMALY,13,18.04
JP,2269.T,2018-01-31,30.8,-51.5,validated_decline,29,-15.88
JP,2269.T,2019-11-29,36.2,-47.0,ageout_validated,90,-11.02
JP,2269.T,2020-11-30,36.2,-21.4,ageout_validated,90,-8.4
JP,2269.T,2021-04-30,38.8,-39.4,ageout_validated,90,0.74
JP,2269.T,2022-08-31,38.5,-27.3,ageout_validated,90,2.57
JP,2269.T,2023-01-31,56.3,-5.4,ageout_validated,90,1.49
JP,2269.T,2023-05-31,35.2,-14.1,ANOMALY,69,16.8
JP,2269.T,2023-11-30,42.1,-61.9,ageout_validated,90,-0.79
JP,2269.T,2024-02-29,39.1,-25.3,ageout_validated,90,3.56
JP,2269.T,2024-08-30,53.6,-13.4,ageout_validated,90,-10.67
JP,2269.T,2025-05-30,43.1,-63.0,ageout_validated,90,-4.16
JP,2269.T,2025-10-31,39.2,-22.6,ANOMALY,26,11.37
JP,2269.T,2026-04-30,40.1,-48.2,ageout_validated,90,0.0
JP,2413.T,2018-04-30,34.5,-63.1,ANOMALY,23,10.49
JP,2413.T,2021-02-26,38.9,-116.0,validated_decline,76,-17.66
JP,2413.T,2021-07-30,35.9,-44.6,ANOMALY,35,10.52
JP,2413.T,2021-10-29,29.3,-108.8,validated_decline,49,-17.67
JP,2413.T,2023-02-28,33.4,-110.0,ageout_validated,90,-4.84
JP,2413.T,2023-05-31,46.2,-46.5,ageout_validated,90,-7.14
JP,2413.T,2023-08-31,46.0,-84.5,validated_decline,49,-16.45
JP,2413.T,2023-10-31,32.3,-177.1,ANOMALY,6,11.86
JP,2413.T,2023-12-29,53.4,-31.9,validated_decline,40,-15.24
JP,2413.T,2024-02-29,50.4,-64.2,validated_decline,50,-15.81
JP,2413.T,2024-04-30,27.4,-130.3,validated_decline,90,-15.7
JP,2413.T,2024-07-31,31.3,-50.9,validated_decline,5,-18.04
JP,2413.T,2024-12-30,46.3,-57.3,ANOMALY,44,18.75
JP,2413.T,2025-07-31,46.0,-49.2,ANOMALY,7,17.52
JP,2413.T,2025-10-31,44.4,-60.6,ANOMALY,13,21.2
JP,2413.T,2025-12-30,43.0,-119.2,validated_decline,37,-16.75
JP,2413.T,2026-02-27,46.1,-229.2,validated_decline,69,-16.54
JP,2413.T,2026-05-29,47.5,-89.5,ANOMALY,7,11.66
JP,2502.T,2018-04-30,49.1,-19.3,ageout_validated,90,1.4
JP,2502.T,2018-09-28,47.7,-13.7,validated_decline,88,-16.02
JP,2502.T,2019-11-29,47.4,-18.2,validated_decline,89,-15.49
JP,2502.T,2021-04-30,44.4,-24.0,ANOMALY,17,10.25
JP,2502.T,2021-07-30,38.8,-48.8,ANOMALY,41,10.49
JP,2502.T,2021-10-29,44.5,-63.3,validated_decline,31,-16.15
JP,2502.T,2022-10-31,36.3,-91.2,ageout_validated,90,3.8
JP,2502.T,2023-10-31,48.8,-52.9,ageout_validated,90,2.62
JP,2502.T,2024-02-29,33.4,-43.9,ANOMALY,76,13.21
JP,2502.T,2025-05-30,45.5,-40.2,ageout_validated,90,-0.33
JP,2502.T,2025-08-29,40.6,-18.0,ageout_validated,90,-3.77
JP,2502.T,2025-12-30,39.2,-58.3,ageout_validated,90,-3.75
JP,2502.T,2026-03-31,42.3,-60.4,ageout_validated,90,-0.73
JP,2503.T,2018-01-31,41.5,-7.2,ANOMALY,43,10.22
JP,2503.T,2021-01-29,38.8,-25.5,ageout_validated,90,-8.06
JP,2503.T,2021-04-30,42.9,-35.2,ANOMALY,39,11.39
JP,2503.T,2021-07-30,31.9,-62.8,ageout_validated,90,-0.6
JP,2503.T,2021-10-29,37.7,-36.1,ageout_validated,90,-6.63
JP,2503.T,2022-10-31,46.2,-28.7,ageout_validated,90,-7.62
JP,2503.T,2023-01-31,52.4,-26.4,ANOMALY,84,10.48
JP,2503.T,2023-05-31,38.2,-19.1,ageout_validated,90,-0.83
JP,2503.T,2023-08-31,52.5,-26.5,ageout_validated,90,1.98
JP,2503.T,2024-05-31,43.3,-14.1,ageout_validated,90,4.55
JP,2503.T,2025-01-31,44.8,-37.1,ANOMALY,82,10.87
JP,2503.T,2025-05-30,44.5,-25.2,ageout_validated,90,5.24
JP,2503.T,2026-03-31,49.0,-27.4,ANOMALY,79,10.28
JP,2768.T,2020-01-31,45.9,-11.0,validated_decline,38,-20.17
JP,2768.T,2021-08-31,48.1,-36.6,ANOMALY,13,11.46
JP,2768.T,2023-10-31,46.0,-36.5,ANOMALY,80,10.98
JP,2768.T,2024-06-28,46.1,-56.1,validated_decline,35,-16.07
JP,2768.T,2024-10-31,34.1,-24.1,ageout_validated,90,0.6
JP,2768.T,2026-03-31,47.7,-4.0,validated_decline,62,-16.03
JP,2801.T,2018-02-28,46.8,-56.8,ANOMALY,58,11.83
JP,2801.T,2019-12-30,44.9,-4.2,validated_decline,73,-18.34
JP,2801.T,2021-03-31,40.6,-86.0,ANOMALY,58,10.62
JP,2801.T,2021-07-30,33.8,-41.8,ANOMALY,6,11.08
JP,2801.T,2022-10-31,47.0,-34.1,validated_decline,65,-16.21
JP,2801.T,2023-01-31,45.7,-62.1,ANOMALY,87,18.23
JP,2801.T,2023-09-29,38.2,-16.9,ANOMALY,33,11.97
JP,2801.T,2023-12-29,40.9,-52.5,ANOMALY,14,10.1
JP,2801.T,2024-04-30,45.5,-1.5,ageout_validated,90,1.3
JP,2801.T,2024-08-30,41.4,-99.8,ANOMALY,60,10.72
JP,2801.T,2025-01-31,43.0,-40.5,validated_decline,66,-16.15
JP,2801.T,2025-05-30,31.6,-91.9,ageout_validated,90,-2.57
JP,2801.T,2025-08-29,37.8,-14.4,ANOMALY,73,10.02
JP,2801.T,2026-01-30,44.5,-3.3,ANOMALY,61,10.72
JP,2801.T,2026-05-29,44.2,-40.8,ANOMALY,11,11.45
JP,2802.T,2018-01-31,40.9,-15.6,ageout_validated,90,-2.34
JP,2802.T,2019-11-29,38.0,-91.7,ageout_validated,90,3.43
JP,2802.T,2021-02-26,27.8,-71.0,ANOMALY,24,10.48
JP,2802.T,2021-04-30,42.4,-28.6,ANOMALY,11,10.22
JP,2802.T,2023-02-28,44.4,-17.3,ANOMALY,3,10.85
JP,2802.T,2023-07-31,48.7,-15.9,ANOMALY,30,10.1
JP,2802.T,2023-09-29,44.7,-10.3,ageout_validated,90,-5.41
JP,2802.T,2024-02-29,37.4,-20.6,ANOMALY,71,11.38
JP,2802.T,2024-08-30,49.3,-56.4,ANOMALY,70,13.65
JP,2802.T,2025-01-31,47.3,-25.1,validated_decline,66,-15.01
JP,2802.T,2025-11-28,38.6,-153.5,ANOMALY,70,13.14
JP,2914.T,2018-02-28,25.6,-153.6,ageout_validated,90,-3.74
JP,2914.T,2018-05-31,43.2,-14.4,ANOMALY,61,10.79
JP,2914.T,2020-01-31,32.3,-41.6,validated_decline,42,-15.48
JP,2914.T,2021-02-26,32.6,-68.6,ANOMALY,21,10.42
JP,2914.T,2021-04-30,43.4,-0.8,ANOMALY,89,10.74
JP,2914.T,2023-01-31,52.9,-7.6,ANOMALY,87,10.11
JP,2914.T,2024-12-30,50.6,-13.1,ageout_validated,90,2.92
JP,2914.T,2025-06-30,49.2,-15.1,ANOMALY,37,10.38
JP,2914.T,2026-04-30,49.7,-20.7,ANOMALY,19,10.03
JP,3038.T,2018-02-28,51.7,-31.6,ANOMALY,29,11.02
JP,3038.T,2020-12-30,46.6,-10.0,ageout_validated,90,-4.25
JP,3038.T,2021-05-31,35.7,-66.0,ANOMALY,14,14.69
JP,3038.T,2021-09-30,31.1,-87.8,ANOMALY,35,10.57
JP,3038.T,2022-10-31,45.4,-98.1,ANOMALY,15,11.13
JP,3038.T,2023-02-28,52.2,-31.6,ANOMALY,83,12.35
JP,3038.T,2023-06-30,41.8,-52.9,ageout_validated,90,-4.88
JP,3038.T,2023-09-29,41.1,-33.4,ANOMALY,38,10.41
JP,3038.T,2024-01-31,35.4,-53.5,ANOMALY,41,10.77
JP,3038.T,2024-03-29,43.0,-34.4,ageout_validated,90,-4.56
JP,3038.T,2024-10-31,27.1,-134.7,ageout_validated,90,-6.69
JP,3038.T,2025-07-31,34.7,-100.6,ageout_validated,90,-9.42
JP,3038.T,2025-10-31,33.3,-93.3,ANOMALY,19,10.43
JP,3038.T,2026-02-27,44.7,-14.1,validated_decline,46,-16.65
JP,3038.T,2026-04-30,20.3,-240.3,ANOMALY,7,5.52
JP,3064.T,2018-02-28,44.7,-35.8,ANOMALY,30,10.89
JP,3064.T,2019-12-30,47.4,-51.3,validated_decline,59,-15.81
JP,3064.T,2020-12-30,42.0,-73.4,ANOMALY,35,17.71
JP,3064.T,2021-04-30,39.5,-80.2,ageout_validated,90,-6.93
JP,3064.T,2021-07-30,42.3,-3.5,ageout_validated,90,4.93
JP,3064.T,2023-02-28,37.9,-51.7,ANOMALY,59,10.58
JP,3064.T,2023-06-30,40.8,-55.9,ageout_validated,90,-13.85
JP,3064.T,2023-09-29,43.0,-93.2,validated_decline,12,-18.78
JP,3064.T,2023-10-31,29.5,-273.3,ANOMALY,6,21.2
JP,3064.T,2024-01-31,37.2,-50.4,ANOMALY,16,10.1
JP,3064.T,2024-05-31,45.6,-128.8,ANOMALY,14,12.58
JP,3064.T,2024-10-31,46.8,-29.5,ANOMALY,5,12.69
JP,3064.T,2025-01-31,56.7,-16.3,ANOMALY,5,12.46
JP,3064.T,2025-06-30,45.6,-11.1,validated_decline,73,-18.28
JP,3064.T,2025-09-30,23.1,-170.1,ANOMALY,76,10.02
JP,3064.T,2026-01-30,36.6,-81.3,validated_decline,52,-16.42
JP,3064.T,2026-03-31,32.6,-167.4,ANOMALY,27,10.73
JP,3088.T,2018-01-31,43.5,-9.5,ageout_validated,90,7.67
JP,3088.T,2019-10-31,42.2,-23.6,ANOMALY,15,10.2
JP,3088.T,2020-12-30,39.3,-38.5,ANOMALY,62,10.68
JP,3088.T,2021-04-30,35.2,-90.9,ANOMALY,33,14.03
JP,3088.T,2022-07-29,47.0,-34.4,ANOMALY,25,10.56
JP,3088.T,2022-10-31,35.8,-79.2,ANOMALY,35,10.15
JP,3088.T,2023-09-29,41.2,-57.3,ageout_validated,90,-5.26
JP,3088.T,2023-12-29,46.1,-31.6,ANOMALY,25,10.35
JP,3088.T,2024-02-29,36.4,-37.3,ageout_validated,90,-12.69
JP,3088.T,2024-08-30,57.3,-17.5,ageout_validated,90,-9.57
JP,3088.T,2025-09-30,41.4,-31.6,ageout_validated,90,-9.35
JP,3088.T,2025-12-30,36.6,-50.6,ageout_validated,90,-7.01
JP,3088.T,2026-04-30,34.2,-67.7,ANOMALY,69,10.59
JP,3092.T,2018-01-31,40.4,-60.4,validated_decline,33,-15.82
JP,3092.T,2018-09-28,47.1,-102.2,validated_decline,27,-18.37
JP,3092.T,2019-11-29,20.5,-107.3,validated_decline,55,-15.97
JP,3092.T,2020-01-31,23.1,-155.4,validated_decline,28,-16.95
JP,3092.T,2020-11-30,45.1,-133.1,ANOMALY,52,12.71
JP,3092.T,2021-03-31,50.7,-30.5,ANOMALY,28,15.44
JP,3092.T,2021-10-29,32.6,-17.9,validated_decline,81,-15.91
JP,3092.T,2023-02-28,41.8,-68.0,ageout_validated,90,-4.88
JP,3092.T,2023-05-31,37.1,-38.3,ageout_validated,90,2.25
JP,3092.T,2024-04-30,43.3,-81.3,ANOMALY,35,11.6
JP,3092.T,2025-07-31,42.8,-20.0,ageout_validated,90,-11.3
JP,3092.T,2026-01-30,50.6,-39.6,validated_decline,21,-15.32
JP,3092.T,2026-02-27,46.1,-123.1,ageout_validated,90,-11.61
JP,3092.T,2026-05-29,36.7,-75.4,ANOMALY,12,12.15
JP,3099.T,2018-01-31,37.5,-26.5,ageout_validated,90,-5.95
JP,3099.T,2020-01-31,26.0,-117.5,validated_decline,28,-17.89
JP,3099.T,2021-07-30,35.7,-59.1,ANOMALY,45,10.31
JP,3099.T,2022-07-29,52.6,-8.3,ANOMALY,41,11.03
JP,3099.T,2023-05-31,41.5,-22.6,ANOMALY,62,12.38
JP,3099.T,2023-10-31,54.0,-34.2,ageout_validated,90,0.24
JP,3099.T,2024-04-30,39.9,-25.7,ANOMALY,15,19.39
JP,3099.T,2024-07-31,42.2,-32.6,validated_decline,2,-19.23
JP,3099.T,2024-08-30,34.9,-282.5,ANOMALY,28,14.77
JP,3099.T,2025-10-31,36.8,-105.4,ANOMALY,81,10.33
JP,3099.T,2026-03-31,49.6,-0.8,ANOMALY,8,15.3
JP,3197.T,2018-01-31,35.1,-20.3,ageout_validated,90,2.67
JP,3197.T,2020-01-31,23.5,-64.8,validated_decline,27,-15.11
JP,3197.T,2021-04-30,42.8,-39.5,ageout_validated,90,-8.32
JP,3197.T,2021-07-30,40.3,-51.9,ANOMALY,62,11.11
JP,3197.T,2021-10-29,46.2,-33.1,ageout_validated,90,-4.31
JP,3197.T,2022-08-31,44.5,-42.8,ageout_validated,90,5.48
JP,3197.T,2023-01-31,52.9,-25.2,ANOMALY,57,10.23
JP,3197.T,2023-06-30,36.1,-1.0,ANOMALY,45,15.27
JP,3197.T,2023-12-29,37.7,-69.6,ANOMALY,14,11.86
JP,3197.T,2024-02-29,41.1,-67.5,ANOMALY,27,10.47
JP,3197.T,2024-04-30,45.5,-36.7,ageout_validated,90,-8.58
JP,3197.T,2024-07-31,42.1,-73.4,ANOMALY,28,10.05
JP,3197.T,2025-06-30,40.6,-25.8,ageout_validated,90,1.69
JP,3197.T,2025-10-31,31.3,-64.7,ANOMALY,13,12.41
JP,3197.T,2026-01-30,36.9,-65.2,ANOMALY,14,12.92
JP,3197.T,2026-03-31,48.2,-11.9,validated_decline,44,-15.99
JP,3197.T,2026-05-29,34.8,-130.2,ageout_validated,90,5.51
JP,3382.T,2018-01-31,32.5,-27.5,ageout_validated,90,8.32
JP,3382.T,2019-11-29,42.1,-19.8,ageout_validated,90,-7.5
JP,3382.T,2021-07-30,36.5,-17.7,ageout_validated,90,1.5
JP,3382.T,2021-10-29,43.0,-40.3,ANOMALY,87,10.02
JP,3382.T,2022-10-31,46.8,-32.6,ANOMALY,74,10.59
JP,3382.T,2023-07-31,43.0,-45.2,ageout_validated,90,-6.51
JP,3382.T,2023-10-31,46.2,-94.3,ageout_validated,90,6.88
JP,3382.T,2024-04-30,45.3,-53.8,validated_decline,87,-15.2
JP,3382.T,2024-07-31,40.4,-107.0,ANOMALY,19,19.36
JP,3382.T,2024-12-30,51.7,-2.7,validated_decline,64,-17.12
JP,3382.T,2025-07-31,36.2,-119.5,ageout_validated,90,-1.82
JP,3382.T,2026-03-31,52.0,-37.3,ageout_validated,90,-8.01
JP,3402.T,2018-03-30,42.1,-58.0,validated_decline,89,-15.28
JP,3402.T,2019-11-29,32.2,-90.4,ageout_validated,90,-10.06
JP,3402.T,2021-04-30,43.7,-37.1,ANOMALY,33,13.16
JP,3402.T,2021-07-30,48.8,-37.9,ageout_validated,90,-0.96
JP,3402.T,2023-03-31,51.3,-37.7,ageout_validated,90,4.67
JP,3402.T,2023-10-31,41.7,-77.7,ageout_validated,90,1.32
JP,3402.T,2024-02-29,41.8,-55.2,ANOMALY,74,14.62
JP,3402.T,2024-06-28,52.1,-17.8,validated_decline,38,-16.59
JP,3402.T,2025-08-29,49.6,-12.9,ageout_validated,90,2.59
JP,3402.T,2026-03-31,43.1,-109.3,ageout_validated,90,3.45
JP,3407.T,2018-01-31,36.4,-6.1,ageout_validated,90,8.97
JP,3407.T,2020-01-31,38.2,-84.5,validated_decline,27,-16.15
JP,3407.T,2021-04-30,34.6,-55.6,ANOMALY,35,10.51
JP,3407.T,2021-07-30,44.8,-30.8,ageout_validated,90,1.16
JP,3407.T,2022-08-31,42.8,-25.2,ageout_validated,90,1.04
JP,3407.T,2023-02-28,49.5,-7.4,ageout_validated,90,3.66
JP,3407.T,2023-08-31,54.0,-24.5,ANOMALY,76,10.33
JP,3407.T,2024-02-29,43.8,-38.9,ANOMALY,41,10.29
JP,3407.T,2024-05-31,41.2,-60.1,ageout_validated,90,0.49
JP,3407.T,2025-01-31,47.9,-25.5,ageout_validated,90,-3.34
JP,3407.T,2026-03-31,41.2,-95.3,ANOMALY,43,15.97
JP,3436.T,2018-02-28,51.8,-54.1,ANOMALY,13,10.13
JP,3436.T,2018-04-30,47.4,-61.7,validated_decline,49,-17.54
JP,3436.T,2018-09-28,37.0,-197.5,validated_decline,26,-15.78
JP,3436.T,2020-01-31,40.1,-3.7,ANOMALY,14,10.11
JP,3436.T,2021-05-31,49.1,-75.8,ANOMALY,43,10.84
JP,3436.T,2021-07-30,40.5,-30.3,validated_decline,21,-15.18
JP,3436.T,2021-08-31,45.0,-133.9,ANOMALY,10,12.96
JP,3436.T,2021-09-30,36.2,-29.0,ANOMALY,48,10.26
JP,3436.T,2023-02-28,45.2,-15.8,ANOMALY,87,11.39
JP,3436.T,2023-08-31,45.6,-42.7,ANOMALY,76,10.79
JP,3436.T,2024-08-30,33.9,-294.5,validated_decline,18,-16.3
JP,3436.T,2024-09-30,44.3,-174.3,validated_decline,45,-17.02
JP,3436.T,2025-11-28,39.2,-275.0,ANOMALY,7,11.88
JP,3563.T,2021-05-31,57.1,-45.2,validated_decline,73,-17.07
JP,3563.T,2021-10-29,49.5,-7.5,validated_decline,52,-16.95
JP,3563.T,2022-07-29,41.7,-101.2,validated_decline,10,-15.66
JP,3563.T,2022-08-31,31.9,-80.5,ANOMALY,16,12.57
JP,3563.T,2023-04-28,44.1,-61.2,validated_decline,69,-17.29
JP,3563.T,2023-09-29,35.9,-29.7,ANOMALY,48,10.04
JP,3563.T,2024-03-29,42.1,-15.6,ANOMALY,10,11.3
JP,3563.T,2024-05-31,42.0,-44.6,validated_decline,63,-18.46
JP,3563.T,2025-09-30,44.3,-14.8,validated_decline,50,-18.25
JP,3563.T,2026-04-30,41.7,-48.2,ANOMALY,8,13.51
JP,3563.T,2026-06-30,48.2,-37.4,ANOMALY,16,11.08
JP,3659.T,2018-03-30,40.1,-47.1,ageout_validated,90,-9.55
JP,3659.T,2019-09-30,35.0,-78.6,ANOMALY,43,11.14
JP,3659.T,2021-05-31,25.1,-319.4,validated_decline,64,-17.64
JP,3659.T,2021-08-31,35.0,-100.5,ANOMALY,6,10.35
JP,3659.T,2021-09-30,35.4,-179.0,ANOMALY,20,10.4
JP,3659.T,2022-08-31,44.8,-52.8,validated_decline,70,-15.6
JP,3659.T,2023-02-28,41.0,-11.8,ANOMALY,50,10.43
JP,3659.T,2023-05-31,31.2,-53.2,ageout_validated,90,-0.38
JP,3659.T,2023-09-29,41.1,-43.1,ANOMALY,42,13.33
JP,3659.T,2023-12-29,32.2,-115.4,ANOMALY,38,13.35
JP,3659.T,2024-08-30,43.6,-71.6,validated_decline,75,-25.75
JP,3659.T,2025-01-31,33.2,-70.2,ANOMALY,53,10.31
JP,3659.T,2025-07-31,53.7,-16.9,ANOMALY,14,17.02
JP,3659.T,2025-10-31,48.1,-66.7,ANOMALY,12,17.68
JP,3659.T,2026-02-27,41.3,-219.6,validated_decline,33,-16.0
JP,3659.T,2026-04-30,38.1,-87.1,validated_decline,15,-15.12
JP,3659.T,2026-05-29,34.0,-193.6,ageout_validated,90,-0.05
JP,3697.T,2018-04-30,49.4,-39.8,ageout_validated,90,-5.99
JP,3697.T,2020-01-31,39.5,-23.0,validated_decline,42,-18.97
JP,3697.T,2020-12-30,52.7,-28.1,validated_decline,13,-17.26
JP,3697.T,2021-01-29,46.8,-92.8,ANOMALY,21,14.51
JP,3697.T,2023-02-28,43.1,-93.1,ANOMALY,42,14.72
JP,3697.T,2023-08-31,46.7,-13.6,validated_decline,56,-16.5
JP,3697.T,2024-01-31,35.4,-247.6,validated_decline,62,-16.68
JP,3697.T,2024-04-30,19.8,-472.1,ANOMALY,14,11.04
JP,3697.T,2024-06-28,42.4,-102.0,validated_decline,13,-22.81
JP,3697.T,2024-07-31,37.8,-268.0,validated_decline,2,-15.18
JP,3697.T,2025-07-31,47.4,-73.2,validated_decline,50,-15.38
JP,3697.T,2025-09-30,27.2,-182.9,validated_decline,29,-16.8
JP,3697.T,2025-10-31,33.2,-194.2,validated_decline,46,-16.11
JP,3697.T,2026-01-30,27.7,-200.9,validated_decline,25,-19.16
JP,3697.T,2026-02-27,47.7,-257.8,ageout_validated,90,-5.91
JP,3697.T,2026-06-30,54.5,-52.6,ANOMALY,17,10.3
JP,3769.T,2018-02-28,45.5,-49.7,ANOMALY,8,11.37
JP,3769.T,2019-09-30,46.3,-98.1,ANOMALY,7,10.24
JP,3769.T,2019-12-30,48.7,-15.0,validated_decline,74,-17.65
JP,3769.T,2021-04-30,43.6,-47.3,validated_decline,13,-17.49
JP,3769.T,2021-05-31,47.7,-68.0,ANOMALY,30,10.12
JP,3769.T,2023-02-28,41.1,-47.2,ageout_validated,90,-5.27
JP,3769.T,2023-07-31,45.3,-33.2,validated_decline,14,-15.84
JP,3769.T,2023-08-31,34.9,-140.7,validated_decline,41,-17.4
JP,3769.T,2023-10-31,28.0,-323.4,ANOMALY,2,11.44
JP,3769.T,2024-01-31,48.2,-15.4,ANOMALY,27,10.34
JP,3769.T,2024-04-30,32.1,-260.9,ANOMALY,16,10.87
JP,3769.T,2024-05-31,30.8,-126.5,ANOMALY,4,10.78
JP,3769.T,2025-07-31,42.7,-58.6,ageout_validated,90,-0.97
JP,3769.T,2026-01-30,34.2,-76.8,validated_decline,17,-16.51
JP,3769.T,2026-02-27,45.6,-210.5,ANOMALY,47,10.99
JP,3769.T,2026-04-30,37.7,-3.1,ANOMALY,18,12.78
JP,4004.T,2018-03-30,45.3,-116.0,validated_decline,7,-16.33
JP,4004.T,2018-04-30,36.5,-175.0,ANOMALY,9,10.67
JP,4004.T,2019-11-29,40.1,-10.0,ageout_validated,90,-14.54
JP,4004.T,2021-06-30,41.1,-46.5,validated_decline,51,-17.06
JP,4004.T,2021-08-31,28.0,-239.6,ANOMALY,14,14.3
JP,4004.T,2022-07-29,45.0,-85.3,ageout_validated,90,-3.29
JP,4004.T,2023-03-31,52.5,-54.1,ageout_validated,90,8.18
JP,4004.T,2023-10-31,45.8,-8.6,ANOMALY,16,10.98
JP,4004.T,2024-04-30,44.5,-2.2,ANOMALY,70,12.49
JP,4004.T,2025-01-31,41.7,-45.4,validated_decline,56,-18.0
JP,4005.T,2018-02-28,33.7,-194.0,ageout_validated,90,0.76
JP,4005.T,2020-01-31,38.4,-53.6,validated_decline,28,-16.74
JP,4005.T,2021-04-30,46.6,-2.1,ANOMALY,28,10.05
JP,4005.T,2021-06-30,46.9,-9.5,ageout_validated,90,1.87
JP,4005.T,2021-10-29,44.5,-1.6,ageout_validated,90,0.18
JP,4005.T,2022-07-29,47.7,-23.5,ageout_validated,90,-1.11
JP,4005.T,2023-03-31,46.5,-67.8,ageout_validated,90,-1.53
JP,4005.T,2023-08-31,47.8,-75.8,ageout_validated,90,-4.6
JP,4005.T,2023-12-29,43.5,-115.0,ageout_validated,90,-3.71
JP,4005.T,2024-05-31,45.5,-66.6,ANOMALY,34,12.35
JP,4005.T,2024-10-31,50.4,-0.6,validated_decline,43,-15.02
JP,4005.T,2024-12-30,40.1,-91.7,ageout_validated,90,7.84
JP,4005.T,2025-12-30,44.2,-39.7,ANOMALY,16,10.75
JP,4005.T,2026-03-31,50.2,-44.3,ANOMALY,8,11.29
JP,4005.T,2026-06-30,36.6,-90.2,ageout_validated,90,8.14
JP,4021.T,2018-02-28,54.4,-83.8,ANOMALY,40,11.37
JP,4021.T,2020-01-31,47.9,-5.6,ANOMALY,12,10.58
JP,4021.T,2021-01-29,46.2,-41.5,ageout_validated,90,-3.36
JP,4021.T,2021-04-30,38.1,-41.8,ageout_validated,90,-4.09
JP,4021.T,2021-07-30,46.9,-24.5,ANOMALY,21,11.24
JP,4021.T,2021-10-29,47.0,-15.9,ANOMALY,19,10.43
JP,4021.T,2023-08-31,53.8,-1.5,ageout_validated,90,-12.91
JP,4021.T,2023-11-30,30.7,-139.5,ANOMALY,43,11.16
JP,4021.T,2024-03-29,40.5,-38.6,validated_decline,48,-17.88
JP,4021.T,2024-05-31,25.1,-223.9,ANOMALY,4,10.39
JP,4021.T,2024-07-31,50.4,-4.1,validated_decline,5,-17.15
JP,4021.T,2024-12-30,41.9,-73.6,ageout_validated,90,-6.32
JP,4021.T,2025-10-31,44.9,-9.9,ageout_validated,90,1.15
JP,4021.T,2026-01-30,45.7,-2.1,ANOMALY,10,10.26
JP,4021.T,2026-03-31,46.0,-26.7,ANOMALY,21,13.14
JP,4062.T,2018-03-30,40.0,-69.8,ANOMALY,25,13.01
JP,4062.T,2021-02-26,33.4,-75.0,ANOMALY,20,14.32
JP,4062.T,2023-02-28,45.7,-96.2,ANOMALY,31,12.98
JP,4062.T,2023-09-29,46.7,-86.0,validated_decline,28,-17.72
JP,4062.T,2023-10-31,28.0,-179.1,ANOMALY,6,12.43
JP,4062.T,2024-02-29,36.0,-62.8,validated_decline,63,-21.63
JP,4062.T,2024-07-31,35.6,-85.1,validated_decline,5,-26.78
JP,4062.T,2024-08-30,41.4,-133.3,validated_decline,7,-15.3
JP,4062.T,2024-09-30,43.0,-131.3,ANOMALY,9,11.39
JP,4062.T,2026-03-31,41.4,-57.0,ANOMALY,3,11.37
JP,4063.T,2018-02-28,45.2,-60.6,ageout_validated,90,-2.19
JP,4063.T,2018-09-28,53.8,-50.7,validated_decline,26,-16.27
JP,4063.T,2019-11-29,45.6,-12.8,ANOMALY,68,11.83
JP,4063.T,2021-02-26,37.0,-21.5,ANOMALY,35,11.25
JP,4063.T,2021-07-30,43.5,-52.4,ANOMALY,39,11.75
JP,4063.T,2023-04-28,36.8,-1.2,ANOMALY,21,10.61
JP,4063.T,2023-07-31,53.6,-7.6,ageout_validated,90,-7.02
JP,4063.T,2024-04-30,46.3,-43.2,ANOMALY,78,10.04
JP,4063.T,2024-09-30,51.2,-33.0,validated_decline,81,-15.44
JP,4063.T,2024-12-30,44.5,-77.0,validated_decline,60,-15.18
JP,4063.T,2025-07-31,38.9,-22.9,ANOMALY,61,11.65
JP,4063.T,2025-10-31,39.7,-2.8,ANOMALY,67,12.27
JP,4063.T,2026-06-30,45.9,-19.8,ageout_validated,90,1.7
JP,4151.T,2018-05-31,41.3,-42.5,ageout_validated,90,-11.72
JP,4151.T,2020-12-30,56.4,-12.9,ANOMALY,30,10.16
JP,4151.T,2021-07-30,33.2,-29.1,ANOMALY,38,11.53
JP,4151.T,2021-10-29,47.3,-46.9,validated_decline,32,-15.24
JP,4151.T,2022-11-30,41.9,-34.3,ageout_validated,90,-7.37
JP,4151.T,2023-05-31,37.5,-104.6,ageout_validated,90,0.06
JP,4151.T,2023-08-31,53.1,-15.9,ageout_validated,90,-8.95
JP,4151.T,2023-12-29,49.2,-24.3,ANOMALY,41,14.24
JP,4151.T,2024-04-30,46.7,-43.3,ANOMALY,65,12.06
JP,4151.T,2024-09-30,19.0,-140.5,ANOMALY,10,5.5
JP,4151.T,2024-12-30,41.1,-52.4,ageout_validated,90,-7.2
JP,4151.T,2025-09-30,25.1,-119.1,ANOMALY,52,11.7
JP,4151.T,2026-03-31,58.6,-15.3,ageout_validated,90,1.37
JP,4183.T,2018-01-31,34.6,-47.0,ageout_validated,90,-7.07
JP,4183.T,2020-01-31,35.4,-81.6,validated_decline,42,-17.27
JP,4183.T,2021-07-30,38.2,-66.4,ANOMALY,13,10.07
JP,4183.T,2021-10-29,33.2,-85.2,ageout_validated,90,-12.13
JP,4183.T,2022-07-29,41.0,-62.8,ANOMALY,31,12.63
JP,4183.T,2022-10-31,41.2,-57.1,ANOMALY,8,11.25
JP,4183.T,2023-08-31,49.5,-16.8,ANOMALY,85,10.75
JP,4183.T,2024-02-29,48.5,-43.5,ANOMALY,41,11.14
JP,4183.T,2024-06-28,48.8,-50.0,validated_decline,38,-20.65
JP,4183.T,2024-08-30,52.5,-78.6,ageout_validated,90,-8.36
JP,4183.T,2026-03-31,38.3,-161.6,ANOMALY,8,12.56
JP,4188.T,2018-01-31,34.6,-36.3,validated_decline,51,-17.43
JP,4188.T,2018-03-30,50.1,-65.7,ageout_validated,90,-11.76
JP,4188.T,2020-01-31,42.7,-27.7,validated_decline,38,-18.53
JP,4188.T,2020-11-30,42.8,-22.7,ANOMALY,4,10.18
JP,4188.T,2021-04-30,46.8,-5.8,ANOMALY,24,11.53
JP,4188.T,2021-10-29,40.4,-32.7,ageout_validated,90,-7.34
JP,4188.T,2022-08-31,45.5,-6.1,ageout_validated,90,1.33
JP,4188.T,2023-10-31,38.6,-75.0,ANOMALY,6,14.18
JP,4188.T,2023-12-29,33.3,-82.5,ANOMALY,84,10.3
JP,4188.T,2024-05-31,42.6,-102.8,ANOMALY,31,10.5
JP,4188.T,2024-10-31,37.7,-76.7,ageout_validated,90,-5.74
JP,4188.T,2025-10-31,37.3,-10.2,ANOMALY,42,12.03
JP,4188.T,2026-03-31,40.4,-150.8,ANOMALY,8,11.74
JP,4307.T,2018-02-28,48.9,-100.1,ANOMALY,58,18.31
JP,4307.T,2021-02-26,32.5,-63.0,ageout_validated,90,7.03
JP,4307.T,2022-08-31,41.0,-37.4,validated_decline,65,-15.97
JP,4307.T,2022-11-30,31.7,-79.3,ageout_validated,90,1.47
JP,4307.T,2023-09-29,35.2,-9.7,ageout_validated,90,5.47
JP,4307.T,2024-02-29,50.7,-32.3,ageout_validated,90,-2.18
JP,4307.T,2024-10-31,30.7,-58.8,ANOMALY,90,10.65
JP,4307.T,2025-12-30,46.0,-15.8,validated_decline,31,-21.92
JP,4307.T,2026-02-27,45.2,-349.4,ANOMALY,47,12.81
JP,4307.T,2026-06-30,51.8,-50.7,ANOMALY,6,10.78
JP,4324.T,2018-03-30,50.1,-49.9,ANOMALY,24,10.28
JP,4324.T,2019-12-30,41.9,-49.1,validated_decline,57,-18.94
JP,4324.T,2020-12-30,37.9,-51.8,ANOMALY,29,11.09
JP,4324.T,2021-03-31,38.2,-11.2,ANOMALY,68,10.28
JP,4324.T,2021-10-29,48.9,-22.2,ageout_validated,90,-5.93
JP,4324.T,2022-11-30,45.3,-8.2,ageout_validated,90,1.38
JP,4324.T,2023-05-31,38.0,-43.9,ageout_validated,90,-1.27
JP,4324.T,2023-08-31,45.6,-76.8,ageout_validated,90,-9.0
JP,4324.T,2023-11-30,34.2,-100.0,ANOMALY,78,10.59
JP,4324.T,2024-05-31,47.4,-16.0,ANOMALY,88,12.39
JP,4324.T,2025-01-31,39.7,-62.5,validated_decline,17,-15.23
JP,4324.T,2025-07-31,48.3,-34.7,ANOMALY,53,11.29
JP,4324.T,2025-10-31,42.9,-15.5,ANOMALY,17,11.14
JP,4324.T,2026-01-30,36.7,-113.1,ageout_validated,90,-0.22
JP,4385.T,2019-10-31,48.4,-61.7,validated_decline,8,-16.08
JP,4385.T,2019-12-30,49.5,-41.4,validated_decline,29,-16.11
JP,4385.T,2020-01-31,34.9,-152.6,ANOMALY,5,10.71
JP,4385.T,2020-12-30,54.2,-6.4,ANOMALY,7,10.38
JP,4385.T,2021-03-31,43.2,-52.5,ANOMALY,85,12.15
JP,4385.T,2021-08-31,47.4,-90.6,ANOMALY,8,11.03
JP,4385.T,2023-02-28,36.5,-145.1,ANOMALY,62,10.96
JP,4385.T,2023-08-31,50.2,-83.8,ageout_validated,90,-11.66
JP,4385.T,2023-11-30,34.0,-57.0,validated_decline,49,-15.78
JP,4385.T,2024-01-31,43.2,-78.4,validated_decline,15,-17.07
JP,4385.T,2024-02-29,32.8,-176.1,validated_decline,50,-15.23
JP,4385.T,2024-04-30,49.2,-95.7,ANOMALY,34,11.15
JP,4385.T,2024-10-31,38.4,-152.4,validated_decline,6,-15.54
JP,4385.T,2024-12-30,36.5,-97.3,ANOMALY,39,28.67
JP,4385.T,2025-07-31,37.8,-100.0,ageout_validated,90,-2.83
JP,4452.T,2021-01-29,43.1,-19.7,ageout_validated,90,-8.12
JP,4452.T,2021-04-30,38.2,-33.1,ageout_validated,90,-3.92
JP,4452.T,2021-07-30,36.6,-3.5,ageout_validated,90,-0.93
JP,4452.T,2021-10-29,42.2,-39.8,ageout_validated,90,-9.28
JP,4452.T,2022-10-31,41.4,-65.4,ageout_validated,90,-5.42
JP,4452.T,2023-01-31,53.2,-11.9,ageout_validated,90,5.19
JP,4452.T,2023-05-31,27.2,-49.0,ANOMALY,33,10.4
JP,4452.T,2023-09-29,49.0,-10.0,ageout_validated,90,5.7
JP,4452.T,2024-02-29,49.4,-23.5,ANOMALY,50,10.13
JP,4452.T,2024-06-28,38.6,-11.3,ANOMALY,73,10.19
JP,4452.T,2024-10-31,44.3,-20.6,ageout_validated,90,-8.09
JP,4452.T,2025-01-31,53.1,-37.5,ageout_validated,90,-2.59
JP,4452.T,2025-09-30,32.8,-39.0,ageout_validated,90,-2.0
JP,4452.T,2026-01-30,48.0,-16.1,ageout_validated,90,-5.69
JP,4502.T,2018-02-28,48.8,-61.3,validated_decline,33,-15.14
JP,4502.T,2018-04-30,32.5,-146.5,ageout_validated,90,1.23
JP,4502.T,2020-01-31,35.9,-23.8,validated_decline,41,-20.2
JP,4502.T,2021-02-26,37.7,-16.0,ANOMALY,11,10.25
JP,4502.T,2021-04-30,37.6,-76.9,ageout_validated,90,3.33
JP,4502.T,2021-10-29,34.2,-113.5,ageout_validated,90,2.62
JP,4502.T,2023-07-31,42.3,-37.4,ANOMALY,45,10.69
JP,4502.T,2023-10-31,28.6,-88.8,ageout_validated,90,7.36
JP,4502.T,2024-03-29,40.9,-4.4,ageout_validated,90,-0.6
JP,4502.T,2024-09-30,44.8,-9.1,ageout_validated,90,2.07
JP,4502.T,2025-07-31,37.7,-14.6,ANOMALY,39,10.71
JP,4502.T,2025-10-31,38.2,-20.7,ANOMALY,49,10.86
JP,4502.T,2026-04-30,34.0,-67.8,ageout_validated,90,4.88
JP,4503.T,2021-04-30,44.9,-52.9,ANOMALY,33,12.77
JP,4503.T,2021-07-30,25.5,-18.4,ANOMALY,39,10.47
JP,4503.T,2022-08-31,41.0,-53.2,ANOMALY,85,10.1
JP,4503.T,2023-01-31,38.2,-54.3,ANOMALY,90,11.19
JP,4503.T,2023-06-30,39.6,-18.5,ageout_validated,90,-1.17
JP,4503.T,2023-09-29,40.7,-23.8,validated_decline,45,-15.12
JP,4503.T,2023-11-30,41.0,-73.1,ageout_validated,90,-7.43
JP,4503.T,2024-02-29,44.1,-24.6,ageout_validated,90,-5.06
JP,4503.T,2024-09-30,41.1,-15.2,ageout_validated,90,-6.22
JP,4503.T,2024-12-30,41.5,-62.5,ageout_validated,90,-1.28
JP,4503.T,2026-04-30,28.6,-39.9,ageout_validated,90,-2.62
JP,4507.T,2018-02-28,42.3,-85.9,ageout_validated,90,1.88
JP,4507.T,2021-04-30,49.3,-22.9,ageout_validated,90,2.45
JP,4507.T,2022-10-31,51.0,-5.3,ageout_validated,90,-8.0
JP,4507.T,2023-01-31,39.0,-65.0,ageout_validated,90,-0.09
JP,4507.T,2023-06-30,42.3,-3.5,ANOMALY,77,11.14
JP,4507.T,2023-12-29,41.0,-31.0,ANOMALY,62,10.09
JP,4507.T,2024-04-30,50.0,-42.7,validated_decline,42,-17.28
JP,4507.T,2024-06-28,40.3,-129.3,ageout_validated,90,3.15
JP,4507.T,2024-09-30,39.9,-24.9,ageout_validated,90,8.5
JP,4507.T,2026-04-30,40.3,-98.7,ageout_validated,90,-9.64
JP,4519.T,2018-02-28,50.3,-46.2,ageout_validated,90,8.29
JP,4519.T,2021-02-26,29.5,-82.2,validated_decline,75,-16.29
JP,4519.T,2021-07-30,37.8,-41.6,ANOMALY,38,10.62
JP,4519.T,2021-09-30,42.9,-14.7,ageout_validated,90,-6.94
JP,4519.T,2022-08-31,38.8,-0.4,ageout_validated,90,1.08
JP,4519.T,2023-03-31,41.9,-51.3,ANOMALY,32,10.18
JP,4519.T,2023-10-31,49.0,-4.7,ANOMALY,22,10.76
JP,4519.T,2024-04-30,39.2,-157.6,ANOMALY,56,11.62
JP,4519.T,2025-08-29,47.1,-112.4,ANOMALY,38,11.22
JP,4519.T,2026-03-31,42.3,-99.5,ageout_validated,90,-11.25
JP,4523.T,2018-01-31,37.5,-36.8,ANOMALY,41,11.2
JP,4523.T,2020-12-30,41.0,-84.2,ageout_validated,90,2.63
JP,4523.T,2021-04-30,38.9,-24.7,ANOMALY,39,29.77
JP,4523.T,2021-07-30,35.6,-108.5,ageout_validated,90,-9.94
JP,4523.T,2021-10-29,42.9,-48.4,validated_decline,33,-15.54
JP,4523.T,2022-08-31,37.3,-57.0,ANOMALY,28,19.08
JP,4523.T,2023-01-31,38.3,-91.1,ageout_validated,90,-0.0
JP,4523.T,2023-07-31,44.8,-60.6,ageout_validated,90,-9.56
JP,4523.T,2023-10-31,39.6,-66.9,ageout_validated,90,-11.56
JP,4523.T,2024-02-29,34.8,-121.1,ANOMALY,75,10.87
JP,4523.T,2024-07-31,30.8,-73.0,ageout_validated,90,-7.89
JP,4523.T,2024-10-31,37.2,-78.5,validated_decline,43,-15.39
JP,4523.T,2024-12-30,36.1,-104.2,ageout_validated,90,1.35
JP,4523.T,2025-10-31,43.6,-68.6,ANOMALY,26,10.09
JP,4523.T,2025-12-30,51.6,-5.6,ANOMALY,57,10.92
JP,4523.T,2026-04-30,41.8,-39.3,validated_decline,26,-15.08
JP,4523.T,2026-05-29,27.9,-182.2,ANOMALY,49,11.7
JP,4528.T,2018-04-30,31.1,-237.8,ANOMALY,23,10.34
JP,4528.T,2020-12-30,42.3,-6.5,ageout_validated,90,-5.44
JP,4528.T,2021-04-30,39.7,-24.5,ageout_validated,90,-8.09
JP,4528.T,2021-10-29,38.4,-56.4,ANOMALY,38,11.07
JP,4528.T,2022-08-31,40.1,-78.6,ANOMALY,85,10.86
JP,4528.T,2023-01-31,28.9,-114.6,ageout_validated,90,-1.19
JP,4528.T,2023-05-31,45.7,-44.2,ageout_validated,90,6.02
JP,4528.T,2023-10-31,37.9,-71.4,ageout_validated,90,0.71
JP,4528.T,2024-02-29,47.7,-55.0,ageout_validated,90,-9.99
JP,4528.T,2024-08-30,47.1,-13.7,validated_decline,80,-15.17
JP,4528.T,2024-12-30,37.0,-108.1,ageout_validated,90,3.07
JP,4528.T,2025-05-30,49.1,-58.2,ANOMALY,74,10.03
JP,4528.T,2026-04-30,36.9,-55.2,ANOMALY,13,10.71
JP,4543.T,2021-01-29,43.2,-9.0,ANOMALY,10,12.18
JP,4543.T,2021-03-31,47.3,-69.0,ANOMALY,71,11.85
JP,4543.T,2021-07-30,43.6,-32.5,ANOMALY,33,10.79
JP,4543.T,2021-10-29,46.8,-1.8,validated_decline,81,-15.05
JP,4543.T,2022-11-30,40.0,-76.1,ageout_validated,90,-9.45
JP,4543.T,2023-08-31,57.3,-39.6,ageout_validated,90,7.27
JP,4543.T,2025-01-31,39.7,-11.5,ageout_validated,90,-4.75
JP,4543.T,2025-05-30,42.4,-11.7,ageout_validated,90,0.08
JP,4543.T,2025-09-30,38.4,-80.6,ageout_validated,90,-6.59
JP,4543.T,2025-12-30,37.0,-56.9,validated_decline,48,-15.9
JP,4543.T,2026-04-30,36.0,-15.6,ANOMALY,18,14.12
JP,4568.T,2018-03-30,38.6,-49.2,ANOMALY,32,10.89
JP,4568.T,2018-05-31,32.6,-39.8,ANOMALY,7,10.67
JP,4568.T,2021-02-26,26.0,-96.2,ANOMALY,19,10.3
JP,4568.T,2021-04-30,32.5,-87.2,validated_decline,38,-15.09
JP,4568.T,2021-06-30,37.7,-72.9,validated_decline,35,-15.35
JP,4568.T,2021-10-29,53.1,-3.3,ageout_validated,90,-13.9
JP,4568.T,2023-01-31,40.5,-10.3,ANOMALY,37,10.75
JP,4568.T,2023-05-31,42.8,-11.8,ANOMALY,12,12.58
JP,4568.T,2023-07-31,55.1,-91.1,validated_decline,80,-17.27
JP,4568.T,2023-10-31,43.5,-29.4,ANOMALY,71,12.29
JP,4568.T,2024-09-30,32.3,-186.4,ageout_validated,90,-6.35
JP,4568.T,2024-12-30,41.2,-74.1,validated_decline,44,-18.93
JP,4568.T,2025-06-30,42.1,-82.3,ANOMALY,31,10.55
JP,4568.T,2025-09-30,37.7,-66.7,ANOMALY,3,12.46
JP,4568.T,2025-12-30,42.5,-72.0,validated_decline,31,-15.29
JP,4568.T,2026-03-31,41.8,-22.5,ageout_validated,90,-5.5
JP,4578.T,2018-01-31,41.0,-9.0,ANOMALY,26,10.63
JP,4578.T,2018-05-31,51.3,-7.2,ageout_validated,90,-5.78
JP,4578.T,2021-02-26,31.3,-11.8,ANOMALY,17,10.58
JP,4578.T,2021-04-30,32.8,-81.1,ANOMALY,39,10.76
JP,4578.T,2021-07-30,37.3,-28.8,ANOMALY,35,13.37
JP,4578.T,2021-10-29,31.0,-50.9,ageout_validated,90,-7.87
JP,4578.T,2022-08-31,40.6,-42.6,ageout_validated,90,2.37
JP,4578.T,2023-01-31,41.9,-44.8,ANOMALY,87,10.65
JP,4578.T,2023-09-29,42.1,-15.2,ageout_validated,90,0.75
JP,4578.T,2023-12-29,45.0,-27.7,ANOMALY,13,10.95
JP,4578.T,2024-05-31,55.8,-18.4,ANOMALY,41,12.2
JP,4578.T,2024-09-30,49.5,-0.7,ANOMALY,18,11.95
JP,4578.T,2025-01-31,44.2,-60.7,validated_decline,70,-17.35
JP,4578.T,2026-06-30,52.2,-19.9,ageout_validated,90,1.16
JP,4587.T,2018-04-30,31.5,-167.9,ANOMALY,43,11.71
JP,4587.T,2019-09-30,35.2,-86.4,ANOMALY,87,10.33
JP,4587.T,2021-02-26,28.9,-102.0,ageout_validated,90,-0.99
JP,4587.T,2021-07-30,32.4,-112.6,validated_decline,53,-15.98
JP,4587.T,2021-09-30,28.7,-98.5,validated_decline,6,-19.2
JP,4587.T,2021-10-29,39.0,-299.1,validated_decline,70,-16.31
JP,4587.T,2023-02-28,41.7,-73.9,ANOMALY,84,10.33
JP,4587.T,2023-07-31,34.9,-165.8,validated_decline,63,-15.52
JP,4587.T,2023-10-31,19.8,-340.3,ANOMALY,2,8.48
JP,4587.T,2024-03-29,50.5,-15.2,ANOMALY,25,13.98
JP,4587.T,2024-08-30,55.7,-38.6,ANOMALY,35,10.78
JP,4587.T,2024-12-30,46.9,-79.9,validated_decline,16,-18.91
JP,4587.T,2025-01-31,34.3,-207.8,validated_decline,66,-21.67
JP,4587.T,2025-05-30,45.6,-112.9,ageout_validated,90,-13.14
JP,4587.T,2025-08-29,39.5,-71.7,ANOMALY,10,14.3
JP,4587.T,2026-01-30,38.5,-38.4,validated_decline,33,-15.51
JP,4587.T,2026-03-31,37.2,-221.8,validated_decline,65,-16.94
JP,4612.T,2018-09-28,48.7,-7.4,validated_decline,25,-16.27
JP,4612.T,2019-12-30,49.2,-70.3,validated_decline,77,-17.55
JP,4612.T,2021-01-29,37.8,-176.8,validated_decline,28,-15.92
JP,4612.T,2021-06-30,40.2,-10.3,validated_decline,84,-15.38
JP,4612.T,2021-09-30,33.2,-104.5,ANOMALY,74,10.44
JP,4612.T,2022-10-31,42.2,-86.5,ANOMALY,14,10.42
JP,4612.T,2023-05-31,22.6,-103.4,ANOMALY,6,10.08
JP,4612.T,2023-08-31,45.2,-86.1,ageout_validated,90,0.27
JP,4612.T,2024-02-29,42.7,-3.3,ageout_validated,90,-6.53
JP,4612.T,2024-07-31,39.2,-99.2,ANOMALY,58,11.24
JP,4612.T,2025-01-31,41.2,-22.4,ANOMALY,26,11.91
JP,4612.T,2025-08-29,30.5,-133.7,ageout_validated,90,-5.26
JP,4612.T,2026-01-30,49.2,-13.1,ANOMALY,17,17.91
JP,4612.T,2026-03-31,36.2,-102.2,ANOMALY,77,11.61
JP,4661.T,2018-02-28,44.8,-9.9,ANOMALY,69,10.38
JP,4661.T,2019-11-29,40.4,-57.5,validated_decline,89,-16.18
JP,4661.T,2020-12-30,49.1,-23.6,ageout_validated,90,-0.39
JP,4661.T,2021-03-31,42.6,-34.3,ageout_validated,90,-4.09
JP,4661.T,2021-07-30,35.5,-53.5,ANOMALY,27,10.1
JP,4661.T,2023-07-31,49.3,-1.1,validated_decline,80,-16.71
JP,4661.T,2024-02-29,51.1,-10.8,validated_decline,48,-15.68
JP,4661.T,2024-04-30,31.8,-79.6,ageout_validated,90,4.93
JP,4661.T,2024-07-31,38.9,-15.3,validated_decline,5,-16.07
JP,4661.T,2024-08-30,44.3,-74.1,validated_decline,84,-15.04
JP,4661.T,2024-12-30,48.9,-42.8,ageout_validated,90,-10.61
JP,4661.T,2025-07-31,47.5,-23.4,ANOMALY,15,12.55
JP,4661.T,2025-10-31,24.2,-48.7,ageout_validated,90,-12.0
JP,4661.T,2026-01-30,31.8,-52.7,validated_decline,90,-18.99
JP,4661.T,2026-05-29,50.2,-130.2,ANOMALY,35,10.8
JP,4684.T,2020-12-30,43.8,-16.1,ageout_validated,90,-3.34
JP,4684.T,2021-07-30,30.4,-52.0,ANOMALY,25,10.93
JP,4684.T,2023-02-28,41.0,-19.1,ANOMALY,73,12.68
JP,4684.T,2023-09-29,30.5,-48.3,ageout_validated,90,6.85
JP,4684.T,2024-01-31,34.6,-21.2,ageout_validated,90,-9.78
JP,4684.T,2024-12-30,36.3,-53.9,ageout_validated,90,-6.84
JP,4684.T,2025-08-29,34.7,-33.7,ageout_validated,90,-2.62
JP,4684.T,2025-12-30,46.4,-12.3,validated_decline,36,-23.3
JP,4684.T,2026-02-27,52.2,-148.5,ANOMALY,54,10.42
JP,4684.T,2026-05-29,44.0,-4.1,ageout_validated,90,3.96
JP,4689.T,2018-02-28,39.5,-10.4,validated_decline,62,-20.99
JP,4689.T,2020-11-30,51.7,-117.7,ageout_validated,90,-1.29
JP,4689.T,2021-03-31,34.4,-147.2,validated_decline,41,-16.0
JP,4689.T,2022-08-31,40.5,-45.9,validated_decline,65,-18.07
JP,4689.T,2023-05-31,36.2,-50.8,ANOMALY,42,11.7
JP,4689.T,2023-09-29,45.9,-10.0,ANOMALY,73,12.25
JP,4689.T,2024-02-29,27.7,-124.5,validated_decline,48,-16.54
JP,4689.T,2024-05-31,48.6,-4.1,ANOMALY,42,10.19
JP,4689.T,2025-08-29,36.3,-133.8,ageout_validated,90,-9.32
JP,4689.T,2025-11-28,37.3,-69.7,ageout_validated,90,-9.66
JP,4704.T,2018-01-31,30.9,-56.5,ANOMALY,78,10.37
JP,4704.T,2018-05-31,45.7,-36.3,ANOMALY,85,11.17
JP,4704.T,2020-11-30,43.0,-96.9,ANOMALY,77,10.25
JP,4704.T,2021-02-26,26.5,-46.1,ANOMALY,89,10.35
JP,4704.T,2022-10-31,42.9,-70.5,validated_decline,50,-17.71
JP,4704.T,2023-07-31,49.5,-56.0,validated_decline,59,-15.48
JP,4704.T,2023-09-29,29.9,-84.8,ANOMALY,42,21.47
JP,4704.T,2024-02-29,41.1,-95.6,ageout_validated,90,-3.95
JP,4704.T,2024-05-31,31.6,-84.9,ANOMALY,74,16.35
JP,4704.T,2024-10-31,43.0,-60.1,ANOMALY,57,10.12
JP,4704.T,2025-06-30,38.6,-67.7,validated_decline,39,-16.87
JP,4704.T,2025-08-29,28.9,-168.3,ageout_validated,90,-0.66
JP,4704.T,2025-12-30,34.2,-126.0,validated_decline,45,-16.63
JP,4704.T,2026-02-27,37.0,-179.4,ANOMALY,48,15.35
JP,4704.T,2026-06-30,53.0,-35.4,ageout_validated,90,3.44
JP,4751.T,2019-09-30,41.7,-45.9,validated_decline,32,-16.75
JP,4751.T,2019-11-29,53.1,-68.9,ANOMALY,62,12.3
JP,4751.T,2021-02-26,38.6,-56.5,ANOMALY,19,11.53
JP,4751.T,2021-07-30,29.1,-79.3,ANOMALY,39,10.85
JP,4751.T,2021-10-29,29.9,-84.1,ANOMALY,19,10.47
JP,4751.T,2022-07-29,45.8,-0.7,ANOMALY,6,11.2
JP,4751.T,2023-02-28,42.3,-28.8,validated_decline,87,-15.44
JP,4751.T,2023-05-31,28.6,-134.5,ANOMALY,20,10.17
JP,4751.T,2023-07-31,29.6,-107.5,ageout_validated,90,-12.25
JP,4751.T,2023-10-31,48.7,-48.4,ANOMALY,22,12.55
JP,4751.T,2024-04-30,42.5,-59.8,ageout_validated,90,-1.14
JP,4751.T,2024-07-31,49.3,-12.0,validated_decline,5,-16.1
JP,4751.T,2025-10-31,30.5,-106.9,validated_decline,41,-16.66
JP,4751.T,2025-12-30,44.5,-65.3,ageout_validated,90,-1.23
JP,4751.T,2026-04-30,38.5,-58.0,ANOMALY,19,11.01
JP,4755.T,2018-01-31,43.1,-56.2,validated_decline,68,-15.94
JP,4755.T,2018-04-30,34.0,-139.7,ageout_validated,90,-0.46
JP,4755.T,2019-11-29,41.9,-86.6,ageout_validated,90,0.16
JP,4755.T,2020-12-30,42.2,-95.2,ANOMALY,37,11.07
JP,4755.T,2021-05-31,42.6,-53.5,validated_decline,81,-16.33
JP,4755.T,2021-08-31,45.7,-133.5,ANOMALY,83,10.16
JP,4755.T,2023-03-31,38.7,-75.9,ANOMALY,18,11.73
JP,4755.T,2023-05-31,32.6,-127.5,validated_decline,23,-15.02
JP,4755.T,2023-06-30,34.7,-204.7,ANOMALY,14,12.51
JP,4755.T,2023-10-31,43.0,-53.5,ANOMALY,59,12.79
JP,4755.T,2024-04-30,41.2,-103.6,ANOMALY,34,10.02
JP,4755.T,2025-05-30,45.0,-20.3,ANOMALY,81,11.68
JP,4755.T,2026-01-30,37.0,-50.1,validated_decline,33,-15.02
JP,4755.T,2026-03-31,29.4,-159.3,ANOMALY,8,10.98
JP,4755.T,2026-05-29,43.7,-27.9,ageout_validated,90,5.89
JP,4901.T,2018-01-31,19.0,-28.0,ANOMALY,1,12.12
JP,4901.T,2018-03-30,47.8,-38.6,ageout_validated,90,0.14
JP,4901.T,2020-12-30,45.4,-37.8,ANOMALY,9,11.84
JP,4901.T,2021-10-29,43.5,-54.2,validated_decline,90,-15.4
JP,4901.T,2022-08-31,38.1,-37.7,ageout_validated,90,4.05
JP,4901.T,2023-02-28,31.4,-62.1,ANOMALY,56,10.04
JP,4901.T,2023-07-31,48.2,-47.0,ANOMALY,45,10.16
JP,4901.T,2023-10-31,38.4,-48.2,ANOMALY,73,12.58
JP,4901.T,2024-07-31,42.7,-51.7,validated_decline,5,-22.93
JP,4901.T,2024-12-30,43.5,-38.8,ageout_validated,90,-9.59
JP,4901.T,2025-06-30,51.7,-11.9,ANOMALY,39,10.73
JP,4901.T,2025-11-28,46.2,-72.2,ageout_validated,90,-5.09
JP,4901.T,2026-03-31,48.0,-36.7,ANOMALY,42,11.24
JP,4911.T,2019-11-29,37.4,-90.6,validated_decline,89,-15.35
JP,4911.T,2020-12-30,49.8,-16.2,ANOMALY,41,10.66
JP,4911.T,2021-03-31,38.7,-59.4,ANOMALY,77,11.41
JP,4911.T,2021-07-30,29.8,-65.9,ANOMALY,40,11.98
JP,4911.T,2022-08-31,40.1,-20.6,ANOMALY,75,12.05
JP,4911.T,2023-02-28,47.4,-47.4,ANOMALY,62,10.38
JP,4911.T,2023-05-31,39.3,-5.3,ANOMALY,16,12.09
JP,4911.T,2023-07-31,42.5,-59.1,validated_decline,59,-15.46
JP,4911.T,2023-09-29,21.0,-122.1,validated_decline,45,-20.29
JP,4911.T,2023-11-30,27.4,-174.1,ageout_validated,90,4.46
JP,4911.T,2024-06-28,40.1,-7.8,validated_decline,41,-16.96
JP,4911.T,2024-08-30,28.8,-301.0,ANOMALY,26,12.57
JP,4911.T,2024-10-31,41.3,-52.9,validated_decline,11,-15.06
JP,4911.T,2025-01-31,45.2,-38.1,ANOMALY,45,10.41
JP,4911.T,2025-07-31,49.7,-26.2,ANOMALY,78,10.2
JP,4911.T,2025-11-28,34.6,-157.6,ANOMALY,46,12.07
JP,4911.T,2026-05-29,42.3,-174.9,ANOMALY,49,10.16
JP,4922.T,2018-04-30,41.8,-31.8,ANOMALY,18,10.07
JP,4922.T,2019-11-29,43.3,-47.1,validated_decline,63,-15.49
JP,4922.T,2021-01-29,53.5,-13.7,ageout_validated,90,-4.64
JP,4922.T,2021-08-31,30.3,-232.8,ANOMALY,73,10.52
JP,4922.T,2023-01-31,55.3,-17.1,ANOMALY,20,10.39
JP,4922.T,2023-05-31,31.6,-102.4,validated_decline,89,-17.6
JP,4922.T,2023-08-31,39.1,-139.1,validated_decline,46,-16.54
JP,4922.T,2023-10-31,32.6,-121.1,ANOMALY,24,10.33
JP,4922.T,2024-01-31,41.5,-86.2,validated_decline,15,-16.94
JP,4922.T,2024-02-29,35.6,-163.8,ANOMALY,70,18.02
JP,4922.T,2024-07-31,44.0,-36.9,validated_decline,9,-15.02
JP,4922.T,2024-08-30,44.7,-112.6,validated_decline,74,-20.75
JP,4922.T,2025-05-30,52.0,-73.2,ageout_validated,90,-0.55
JP,4922.T,2025-11-28,40.3,-155.9,ANOMALY,56,10.26
JP,4922.T,2026-04-30,40.6,-55.9,ageout_validated,90,-0.3
JP,5019.T,2018-01-31,38.4,-25.2,ageout_validated,90,7.31
JP,5019.T,2018-05-31,35.8,-78.0,ANOMALY,28,10.53
JP,5019.T,2019-11-29,42.8,-53.5,ageout_validated,90,-8.53
JP,5019.T,2021-04-30,38.9,-70.2,ageout_validated,90,-0.8
JP,5019.T,2021-07-30,41.4,-31.7,ANOMALY,46,10.41
JP,5019.T,2023-02-28,39.1,-31.1,ageout_validated,90,-6.07
JP,5019.T,2023-05-31,35.5,-33.5,ANOMALY,54,10.06
JP,5019.T,2024-07-31,47.4,-64.3,validated_decline,5,-15.01
JP,5019.T,2026-04-30,36.0,-97.4,ageout_validated,90,-1.89
JP,5020.T,2018-02-28,39.8,-102.0,ANOMALY,51,10.39
JP,5020.T,2019-11-29,41.9,-32.5,ageout_validated,90,-8.63
JP,5020.T,2021-04-30,47.2,-45.7,ageout_validated,90,-1.63
JP,5020.T,2021-07-30,45.6,-17.5,ageout_validated,90,2.56
JP,5020.T,2022-07-29,51.9,-26.9,ageout_validated,90,-1.66
JP,5020.T,2022-11-30,37.9,-45.6,ageout_validated,90,0.92
JP,5020.T,2023-05-31,40.8,-4.0,ANOMALY,55,10.5
JP,5020.T,2023-10-31,50.6,-26.8,ANOMALY,90,10.02
JP,5020.T,2024-07-31,45.7,-39.6,validated_decline,5,-24.19
JP,5020.T,2025-01-31,43.9,-34.4,validated_decline,66,-20.92
JP,5020.T,2026-04-30,42.3,-68.8,ageout_validated,90,0.61
JP,5032.T,2022-07-29,60.8,-95.7,ANOMALY,26,13.68
JP,5032.T,2022-11-30,42.2,-47.9,validated_decline,5,-17.02
JP,5032.T,2023-01-31,35.4,-288.1,validated_decline,24,-16.38
JP,5032.T,2023-02-28,32.1,-225.2,ANOMALY,17,22.01
JP,5032.T,2023-12-29,34.8,-148.0,ANOMALY,24,13.18
JP,5032.T,2024-02-29,47.9,-108.3,validated_decline,15,-24.58
JP,5032.T,2024-03-29,34.5,-230.4,validated_decline,25,-15.1
JP,5032.T,2024-04-30,30.9,-224.7,ANOMALY,44,30.48
JP,5032.T,2024-07-31,48.7,-3.5,validated_decline,5,-22.69
JP,5032.T,2024-10-31,43.7,-113.6,ANOMALY,42,10.53
JP,5032.T,2025-12-30,36.6,-212.6,validated_decline,36,-16.19
JP,5032.T,2026-02-27,36.1,-158.2,validated_decline,20,-17.53
JP,5032.T,2026-03-31,30.6,-323.1,ANOMALY,15,12.11
JP,5032.T,2026-04-30,33.2,-124.0,validated_decline,43,-17.7
JP,5032.T,2026-06-30,38.2,-282.3,ANOMALY,6,12.1
JP,5108.T,2018-02-28,36.4,-98.5,ageout_validated,90,-7.17
JP,5108.T,2018-05-31,33.7,-31.3,ageout_validated,90,-3.01
JP,5108.T,2019-11-29,45.7,-5.4,ageout_validated,90,-13.44
JP,5108.T,2020-12-30,40.7,-61.3,ANOMALY,15,15.25
JP,5108.T,2021-07-30,46.1,-38.2,ANOMALY,39,10.83
JP,5108.T,2021-10-29,40.0,-34.4,ageout_validated,90,0.68
JP,5108.T,2023-08-31,50.8,-29.3,ageout_validated,90,6.52
JP,5108.T,2023-12-29,48.3,-4.8,ANOMALY,33,10.34
JP,5108.T,2024-06-28,38.3,-59.8,validated_decline,38,-20.04
JP,5108.T,2024-08-30,43.8,-57.5,ageout_validated,90,-5.67
JP,5108.T,2025-06-30,52.2,-10.2,ANOMALY,39,11.0
JP,5108.T,2026-01-30,47.0,-12.9,ageout_validated,90,-6.31
JP,5201.T,2018-02-28,40.8,-69.5,ageout_validated,90,0.79
JP,5201.T,2020-01-31,39.8,-22.0,validated_decline,27,-15.31
JP,5201.T,2021-05-31,47.0,-7.6,ageout_validated,90,8.06
JP,5201.T,2023-03-31,54.1,-14.8,ageout_validated,90,6.99
JP,5201.T,2023-10-31,48.0,-18.8,ANOMALY,90,10.9
JP,5201.T,2024-02-29,45.8,-0.1,ANOMALY,46,10.44
JP,5201.T,2024-05-31,46.3,-34.9,validated_decline,66,-23.35
JP,5201.T,2024-08-30,39.9,-88.8,ageout_validated,90,0.61
JP,5201.T,2025-01-31,45.6,-6.0,ageout_validated,90,-1.02
JP,5201.T,2025-05-30,46.7,-25.3,ANOMALY,70,11.0
JP,5201.T,2026-03-31,40.5,-113.3,ANOMALY,43,10.31
JP,5332.T,2018-01-31,38.2,-32.0,validated_decline,51,-15.25
JP,5332.T,2020-01-31,40.7,-30.8,ANOMALY,6,10.39
JP,5332.T,2021-01-29,42.0,-18.8,ANOMALY,3,12.44
JP,5332.T,2021-04-30,25.9,-87.2,ageout_validated,90,0.88
JP,5332.T,2021-07-30,43.3,-32.4,ANOMALY,34,11.17
JP,5332.T,2021-09-30,33.8,-102.8,ageout_validated,90,0.56
JP,5332.T,2022-10-31,26.7,-75.8,ANOMALY,14,11.65
JP,5332.T,2023-02-28,40.1,-61.2,ageout_validated,90,-4.65
JP,5332.T,2023-05-31,31.0,-55.6,ageout_validated,90,-5.9
JP,5332.T,2023-08-31,45.6,-71.3,ageout_validated,90,-3.9
JP,5332.T,2023-12-29,51.9,-33.4,ANOMALY,63,11.93
JP,5332.T,2024-05-31,39.0,-69.5,ANOMALY,62,15.4
JP,5332.T,2024-10-31,30.9,-98.3,validated_decline,75,-15.15
JP,5332.T,2025-06-30,50.0,-31.3,ANOMALY,56,12.32
JP,5332.T,2026-03-31,38.3,-42.0,ANOMALY,8,12.16
JP,5401.T,2018-01-31,34.3,-10.2,validated_decline,35,-15.53
JP,5401.T,2018-03-30,45.0,-90.6,ageout_validated,90,-7.38
JP,5401.T,2020-01-31,31.9,-70.4,validated_decline,25,-17.26
JP,5401.T,2021-01-29,32.3,-61.3,ANOMALY,7,10.6
JP,5401.T,2021-06-30,45.0,-85.1,ANOMALY,36,12.38
JP,5401.T,2023-04-28,43.0,-23.4,ANOMALY,90,10.99
JP,5401.T,2023-10-31,43.7,-74.7,ANOMALY,90,10.77
JP,5401.T,2024-04-30,50.7,-38.4,ageout_validated,90,-8.84
JP,5401.T,2024-07-31,43.0,-43.6,ageout_validated,90,-4.68
JP,5401.T,2024-10-31,47.7,-24.3,ageout_validated,90,3.84
JP,5401.T,2025-05-30,46.6,-40.6,ageout_validated,90,7.29
JP,5401.T,2026-03-31,40.4,-88.4,ageout_validated,90,-5.17
JP,5401.T,2026-06-30,40.3,-19.7,ANOMALY,21,11.66
JP,5406.T,2018-03-30,53.8,-69.0,ANOMALY,25,10.69
JP,5406.T,2018-05-31,34.0,-10.7,validated_decline,77,-15.65
JP,5406.T,2019-11-29,45.0,-38.0,ANOMALY,10,12.16
JP,5406.T,2020-01-31,29.6,-130.3,validated_decline,25,-15.78
JP,5406.T,2021-01-29,30.5,-64.2,ANOMALY,7,10.47
JP,5406.T,2021-10-29,48.9,-20.3,validated_decline,31,-15.67
JP,5406.T,2022-07-29,46.2,-39.8,ageout_validated,90,2.18
JP,5406.T,2023-10-31,42.5,-87.2,ANOMALY,66,10.56
JP,5406.T,2024-04-30,47.7,-52.4,ageout_validated,90,-3.49
JP,5406.T,2024-07-31,42.4,-60.1,validated_decline,5,-21.71
JP,5406.T,2024-08-30,52.1,-45.2,ageout_validated,90,-11.04
JP,5406.T,2025-06-30,44.6,-51.9,ANOMALY,39,10.96
JP,5406.T,2026-03-31,37.0,-128.8,ageout_validated,90,-1.19
JP,5406.T,2026-06-30,39.6,-27.0,ageout_validated,90,5.95
JP,5411.T,2018-01-31,35.8,-26.5,validated_decline,44,-15.28
JP,5411.T,2018-03-30,38.7,-127.7,ANOMALY,25,10.12
JP,5411.T,2020-01-31,34.3,-55.7,validated_decline,20,-15.74
JP,5411.T,2021-01-29,34.4,-64.5,ANOMALY,7,10.45
JP,5411.T,2021-06-30,43.7,-113.8,ANOMALY,41,10.53
JP,5411.T,2023-10-31,45.9,-59.9,ANOMALY,66,10.82
JP,5411.T,2024-04-30,41.9,-44.5,ageout_validated,90,-7.16
JP,5411.T,2024-07-31,41.3,-55.3,validated_decline,5,-17.19
JP,5411.T,2024-08-30,49.9,-85.3,ageout_validated,90,-12.68
JP,5411.T,2025-06-30,51.4,-12.0,ANOMALY,24,10.32
JP,5411.T,2026-03-31,34.6,-133.5,ageout_validated,90,-13.88
JP,5411.T,2026-06-30,38.2,-59.0,ANOMALY,21,11.47
JP,5713.T,2018-03-30,48.3,-90.1,ageout_validated,90,-5.89
JP,5713.T,2019-11-29,42.7,-30.5,ANOMALY,14,10.37
JP,5713.T,2020-01-31,33.5,-78.3,validated_decline,28,-15.12
JP,5713.T,2021-03-31,50.0,-36.9,ANOMALY,40,10.55
JP,5713.T,2021-06-30,36.8,-81.5,ageout_validated,90,-1.09
JP,5713.T,2022-07-29,47.3,-104.6,ageout_validated,90,3.46
JP,5713.T,2023-05-31,30.3,-159.2,ANOMALY,12,10.05
JP,5713.T,2023-08-31,46.7,-49.7,ageout_validated,90,-4.35
JP,5713.T,2024-01-31,43.7,-29.7,ANOMALY,50,12.63
JP,5713.T,2024-06-28,46.6,-37.9,validated_decline,38,-25.65
JP,5713.T,2024-08-30,44.4,-107.8,validated_decline,12,-16.58
JP,5713.T,2024-12-30,45.9,-94.0,ageout_validated,90,-3.06
JP,5713.T,2026-03-31,44.3,-85.8,ANOMALY,8,16.94
JP,5713.T,2026-05-29,42.5,-61.3,validated_decline,11,-15.12
JP,5713.T,2026-06-30,36.1,-176.4,ageout_validated,90,4.31
JP,5802.T,2018-01-31,33.8,-6.6,validated_decline,51,-16.39
JP,5802.T,2018-03-30,49.5,-46.5,ANOMALY,49,10.32
JP,5802.T,2020-01-31,22.4,-76.3,validated_decline,35,-16.66
JP,5802.T,2021-04-30,45.6,-27.9,ageout_validated,90,-3.29
JP,5802.T,2021-07-30,41.4,-63.0,ageout_validated,90,-0.67
JP,5802.T,2023-10-31,31.6,-106.8,ANOMALY,6,14.82
JP,5802.T,2023-12-29,51.4,-5.3,ANOMALY,33,10.05
JP,5802.T,2024-07-31,41.3,-89.6,validated_decline,5,-19.68
JP,5831.T,2023-03-31,40.9,-133.8,ANOMALY,83,10.99
JP,5831.T,2023-11-30,42.0,-28.7,ANOMALY,55,11.33
JP,5831.T,2024-07-31,52.0,-9.7,validated_decline,5,-23.92
JP,5831.T,2024-08-30,41.9,-95.6,ageout_validated,90,2.02
JP,5831.T,2024-12-30,43.8,-31.7,ANOMALY,45,14.6
JP,5831.T,2026-03-31,45.6,-63.4,ANOMALY,8,11.77
JP,5838.T,2023-08-31,43.0,-43.5,ANOMALY,14,10.34
JP,5838.T,2023-12-29,36.9,-178.4,ANOMALY,26,11.03
JP,5838.T,2024-05-31,40.5,-135.6,ANOMALY,46,10.92
JP,5838.T,2025-11-28,46.8,-140.6,ANOMALY,74,13.33
JP,5838.T,2026-03-31,33.7,-196.1,ANOMALY,7,10.48
JP,5838.T,2026-05-29,29.8,-245.4,ANOMALY,14,13.05
JP,6098.T,2018-01-31,35.7,-9.7,ageout_validated,90,-3.0
JP,6098.T,2021-04-30,41.3,-44.5,ANOMALY,24,10.67
JP,6098.T,2022-08-31,39.4,-14.1,ageout_validated,90,-1.68
JP,6098.T,2022-11-30,40.6,-11.7,validated_decline,89,-15.11
JP,6098.T,2023-02-28,28.4,-127.5,ANOMALY,78,10.37
JP,6098.T,2023-09-29,33.2,-54.8,ANOMALY,48,10.96
JP,6098.T,2025-01-31,51.4,-3.4,validated_decline,25,-16.63
JP,6098.T,2025-09-30,40.6,-83.9,ANOMALY,79,11.13
JP,6098.T,2026-01-30,35.9,-37.4,validated_decline,13,-15.99
JP,6098.T,2026-02-27,43.9,-280.2,ANOMALY,52,11.27
JP,6146.T,2018-02-28,54.6,-41.2,validated_decline,58,-22.68
JP,6146.T,2018-04-30,27.8,-120.0,ANOMALY,11,11.93
JP,6146.T,2021-02-26,41.1,-30.5,ANOMALY,34,11.35
JP,6146.T,2021-05-31,49.7,-95.8,ageout_validated,90,-6.85
JP,6146.T,2021-10-29,48.0,-37.5,ANOMALY,14,10.13
JP,6146.T,2022-07-29,55.7,-3.1,ANOMALY,21,10.68
JP,6146.T,2023-09-29,55.9,-4.3,ANOMALY,13,10.66
JP,6146.T,2024-04-30,34.6,-106.6,ANOMALY,7,10.5
JP,6146.T,2024-07-31,37.3,-258.9,validated_decline,5,-23.98
JP,6146.T,2024-08-30,42.0,-190.6,validated_decline,5,-15.12
JP,6146.T,2024-09-30,47.1,-135.2,ANOMALY,30,20.89
JP,6146.T,2025-11-28,40.6,-144.5,ANOMALY,11,13.58
JP,6146.T,2026-03-31,37.9,-80.9,ANOMALY,8,10.14
JP,6146.T,2026-05-29,43.5,-68.3,ANOMALY,6,10.94
JP,6178.T,2018-02-28,47.3,-9.5,ageout_validated,90,0.19
JP,6178.T,2018-05-31,25.4,-46.2,ageout_validated,90,5.69
JP,6178.T,2020-01-31,37.7,-32.3,validated_decline,38,-17.29
JP,6178.T,2021-04-30,44.3,-50.7,ageout_validated,90,1.9
JP,6178.T,2021-10-29,38.9,-86.5,ANOMALY,70,10.58
JP,6178.T,2023-03-31,46.6,-68.9,ageout_validated,90,-4.13
JP,6178.T,2023-12-29,44.8,-35.6,ANOMALY,24,10.48
JP,6178.T,2024-08-30,46.1,-81.3,ageout_validated,90,6.12
JP,6178.T,2025-06-30,46.3,-21.5,ANOMALY,43,10.6
JP,6178.T,2026-03-31,45.6,-59.8,ANOMALY,48,14.81
JP,6201.T,2018-02-28,41.9,-67.1,ageout_validated,90,-1.87
JP,6201.T,2019-12-30,42.2,-8.9,validated_decline,70,-19.59
JP,6201.T,2021-04-30,29.9,-69.9,ANOMALY,33,10.86
JP,6201.T,2021-07-30,42.8,-44.2,ANOMALY,39,10.07
JP,6201.T,2022-07-29,47.7,-16.2,ageout_validated,90,-7.02
JP,6201.T,2023-03-31,49.0,-128.7,ANOMALY,47,10.48
JP,6201.T,2023-08-31,57.4,-6.2,ANOMALY,14,11.65
JP,6201.T,2023-10-31,48.4,-30.2,ANOMALY,17,10.72
JP,6201.T,2023-12-29,47.3,-48.4,ANOMALY,24,10.17
JP,6201.T,2024-04-30,57.7,-25.2,validated_decline,86,-17.56
JP,6201.T,2024-07-31,40.5,-79.9,validated_decline,5,-29.01
JP,6201.T,2024-08-30,45.9,-84.6,ageout_validated,90,0.18
JP,6201.T,2025-06-30,45.4,-21.8,ageout_validated,90,2.88
JP,6273.T,2018-02-28,38.5,-117.5,ageout_validated,90,-4.31
JP,6273.T,2020-01-31,38.0,-25.0,validated_decline,38,-19.51
JP,6273.T,2021-02-26,40.7,-13.0,ageout_validated,90,1.95
JP,6273.T,2021-07-30,46.3,-0.3,ANOMALY,13,12.76
JP,6273.T,2021-10-29,50.8,-45.0,ANOMALY,21,13.51
JP,6273.T,2023-04-28,46.4,-9.1,ANOMALY,21,10.61
JP,6273.T,2023-07-31,39.7,-52.2,ageout_validated,90,-5.95
JP,6273.T,2024-05-31,40.4,-39.3,validated_decline,66,-21.96
JP,6273.T,2024-08-30,44.8,-93.1,ageout_validated,90,-1.78
JP,6273.T,2024-12-30,43.2,-49.9,ageout_validated,90,-8.79
JP,6273.T,2025-06-30,51.7,-12.3,validated_decline,66,-15.12
JP,6273.T,2026-03-31,38.8,-98.3,ANOMALY,8,11.59
JP,6301.T,2018-02-28,42.5,-56.0,ageout_validated,90,-6.17
JP,6301.T,2020-01-31,29.3,-46.8,validated_decline,35,-15.48
JP,6301.T,2021-04-30,42.7,-43.6,validated_decline,68,-15.3
JP,6301.T,2021-08-31,44.3,-47.8,ANOMALY,52,10.21
JP,6301.T,2023-10-31,27.5,-130.1,ANOMALY,17,10.19
JP,6301.T,2023-12-29,49.3,-4.9,ANOMALY,33,15.1
JP,6301.T,2024-07-31,35.2,-37.5,validated_decline,5,-20.22
JP,6301.T,2024-08-30,44.9,-93.2,ageout_validated,90,2.64
JP,6301.T,2025-11-28,46.2,-46.0,ANOMALY,49,10.82
JP,6301.T,2026-03-31,37.8,-120.2,ANOMALY,8,12.69
JP,6301.T,2026-05-29,51.8,-44.6,ageout_validated,90,-0.32
JP,6305.T,2018-03-30,46.5,-73.4,validated_decline,90,-15.47
JP,6305.T,2020-01-31,33.8,-31.1,validated_decline,38,-19.07
JP,6305.T,2021-04-30,48.6,-49.4,ANOMALY,28,11.33
JP,6305.T,2021-06-30,44.2,-39.9,ageout_validated,90,-4.12
JP,6305.T,2022-07-29,47.0,-25.4,ageout_validated,90,0.3
JP,6305.T,2023-10-31,32.1,-134.8,ageout_validated,90,2.54
JP,6305.T,2024-05-31,39.4,-64.2,ANOMALY,47,11.48
JP,6305.T,2024-07-31,29.2,-73.4,validated_decline,5,-22.27
JP,6305.T,2024-08-30,45.9,-122.3,ageout_validated,90,-3.2
JP,6305.T,2025-06-30,51.1,-11.3,ANOMALY,24,10.26
JP,6305.T,2025-11-28,46.7,-62.2,ANOMALY,42,10.67
JP,6305.T,2026-03-31,40.1,-124.4,ageout_validated,90,0.0
JP,6326.T,2018-02-28,36.1,-120.2,ageout_validated,90,-4.06
JP,6326.T,2021-06-30,37.1,-95.8,ANOMALY,70,10.1
JP,6326.T,2023-03-31,52.8,-37.2,ANOMALY,76,10.26
JP,6326.T,2023-10-31,33.6,-114.3,ANOMALY,72,10.35
JP,6326.T,2024-05-31,35.8,-90.9,validated_decline,66,-21.21
JP,6326.T,2024-08-30,47.0,-37.5,ageout_validated,90,-5.92
JP,6326.T,2026-03-31,38.5,-113.2,ANOMALY,14,11.88
JP,6326.T,2026-06-30,43.5,-6.8,ageout_validated,90,3.09
JP,6367.T,2018-02-28,45.4,-51.3,ageout_validated,90,0.84
JP,6367.T,2020-12-30,53.6,-3.9,ageout_validated,90,-2.2
JP,6367.T,2021-06-30,46.6,-23.8,ANOMALY,27,11.02
JP,6367.T,2021-09-30,31.3,-29.9,ANOMALY,74,10.02
JP,6367.T,2023-08-31,45.1,-134.7,validated_decline,56,-15.59
JP,6367.T,2023-10-31,37.0,-117.2,ANOMALY,20,10.26
JP,6367.T,2024-02-29,37.0,-93.0,ANOMALY,71,17.31
JP,6367.T,2024-08-30,44.0,-146.5,ANOMALY,28,12.09
JP,6367.T,2024-10-31,48.9,-12.5,ageout_validated,90,1.15
JP,6367.T,2025-09-30,34.0,-96.3,ANOMALY,37,12.97
JP,6367.T,2026-01-30,37.2,-52.2,ANOMALY,25,10.12
JP,6367.T,2026-03-31,45.3,-7.1,ANOMALY,10,10.44
JP,6383.T,2018-02-28,55.8,-11.7,validated_decline,26,-15.16
JP,6383.T,2018-03-30,48.3,-74.2,validated_decline,76,-15.38
JP,6383.T,2021-02-26,30.0,-164.2,ANOMALY,34,10.37
JP,6383.T,2021-05-31,32.8,-135.5,ANOMALY,29,10.98
JP,6383.T,2022-08-31,44.0,-1.1,validated_decline,26,-16.36
JP,6383.T,2022-10-31,44.2,-93.1,ageout_validated,90,5.72
JP,6383.T,2023-08-31,44.2,-100.7,ageout_validated,90,2.12
JP,6383.T,2024-04-30,45.3,-74.5,validated_decline,30,-15.51
JP,6383.T,2024-05-31,25.8,-169.1,ANOMALY,34,10.41
JP,6383.T,2024-07-31,38.4,-86.5,validated_decline,5,-27.84
JP,6383.T,2025-01-31,48.4,-15.1,ANOMALY,17,13.62
JP,6383.T,2025-06-30,55.1,-1.3,ANOMALY,39,21.55
JP,6383.T,2026-03-31,41.4,-52.3,ANOMALY,8,13.78
JP,6479.T,2018-03-30,43.0,-57.5,validated_decline,80,-15.4
JP,6479.T,2020-01-31,35.8,-3.0,validated_decline,35,-17.02
JP,6479.T,2020-12-30,43.1,-28.3,ANOMALY,22,11.28
JP,6479.T,2021-04-30,45.6,-9.8,ANOMALY,28,10.18
JP,6479.T,2021-06-30,56.2,-7.5,ageout_validated,90,2.93
JP,6479.T,2023-07-31,48.9,-17.7,ageout_validated,90,-11.18
JP,6479.T,2023-10-31,42.4,-53.6,ANOMALY,6,18.05
JP,6479.T,2024-03-29,47.6,-26.3,ANOMALY,49,10.2
JP,6479.T,2024-08-30,45.6,-83.8,validated_decline,18,-15.77
JP,6479.T,2024-09-30,48.6,-79.6,ageout_validated,90,-8.48
JP,6479.T,2025-05-30,43.6,-17.7,ANOMALY,54,17.16
JP,6479.T,2026-03-31,33.5,-193.6,ANOMALY,10,12.25
JP,6501.T,2018-02-28,41.8,-69.9,ageout_validated,90,0.56
JP,6501.T,2018-05-31,36.6,-6.0,ageout_validated,90,-7.66
JP,6501.T,2020-01-31,32.8,-21.1,validated_decline,33,-16.22
JP,6501.T,2021-08-31,45.6,-38.3,ANOMALY,14,10.06
JP,6501.T,2024-07-31,41.9,-64.8,validated_decline,5,-18.0
JP,6501.T,2025-08-29,41.2,-46.0,ANOMALY,38,11.2
JP,6501.T,2026-03-31,34.4,-81.0,ANOMALY,8,10.1
JP,6501.T,2026-06-30,35.3,-90.5,ANOMALY,7,10.53
JP,6503.T,2018-02-28,40.6,-86.7,ageout_validated,90,-11.6
JP,6503.T,2018-05-31,32.7,-63.1,ageout_validated,90,-1.94
JP,6503.T,2021-02-26,39.5,-8.0,ANOMALY,14,10.81
JP,6503.T,2021-06-30,36.4,-29.3,ageout_validated,90,-1.43
JP,6503.T,2023-09-29,46.0,-2.5,ANOMALY,52,11.01
JP,6503.T,2024-08-30,54.0,-56.5,ANOMALY,63,12.61
JP,6503.T,2025-01-31,44.3,-16.3,ANOMALY,42,11.06
JP,6503.T,2026-03-31,39.8,-49.1,ANOMALY,8,12.65
JP,6503.T,2026-06-30,46.6,-30.2,ageout_validated,90,-2.62
JP,6504.T,2018-02-28,46.7,-78.3,ageout_validated,90,-1.26
JP,6504.T,2019-11-29,49.6,-6.6,ageout_validated,90,-8.46
JP,6504.T,2021-07-30,35.7,-29.5,ANOMALY,40,10.92
JP,6504.T,2023-10-31,26.2,-117.0,ANOMALY,6,14.6
JP,6504.T,2023-12-29,51.0,-8.0,ANOMALY,21,11.2
JP,6504.T,2024-05-31,45.6,-53.8,validated_decline,55,-15.76
JP,6504.T,2024-07-31,43.3,-96.2,validated_decline,5,-26.82
JP,6504.T,2024-10-31,45.8,-38.9,ANOMALY,11,10.26
JP,6504.T,2025-01-31,34.8,-99.4,validated_decline,61,-15.86
JP,6504.T,2026-01-30,40.0,-7.2,ANOMALY,21,14.42
JP,6504.T,2026-03-31,41.5,-75.8,ANOMALY,14,10.44
JP,6504.T,2026-06-30,41.3,-36.8,ageout_validated,90,-3.7
JP,6506.T,2018-02-28,46.8,-92.8,ageout_validated,90,-11.48
JP,6506.T,2018-09-28,44.8,-15.2,validated_decline,83,-15.17
JP,6506.T,2019-11-29,46.5,-14.9,ANOMALY,46,11.32
JP,6506.T,2020-01-31,37.2,-60.8,validated_decline,35,-15.52
JP,6506.T,2021-04-30,35.2,-72.1,ANOMALY,67,11.71
JP,6506.T,2021-10-29,38.9,-111.7,ANOMALY,27,10.16
JP,6506.T,2022-10-31,45.8,-84.1,ANOMALY,11,10.53
JP,6506.T,2023-04-28,50.2,-2.3,ANOMALY,32,10.34
JP,6506.T,2023-07-31,46.2,-23.0,validated_decline,80,-15.6
JP,6506.T,2023-10-31,33.1,-106.1,ANOMALY,6,12.12
JP,6506.T,2024-05-31,39.8,-46.3,validated_decline,55,-16.27
JP,6506.T,2024-07-31,36.7,-130.9,validated_decline,5,-22.08
JP,6506.T,2024-08-30,46.8,-66.4,validated_decline,89,-16.8
JP,6506.T,2025-08-29,43.8,-26.7,ANOMALY,38,28.13
JP,6506.T,2025-11-28,52.5,-17.6,ANOMALY,6,18.07
JP,6506.T,2026-03-31,33.5,-174.0,ANOMALY,8,15.9
JP,6525.T,2024-03-29,54.9,-101.4,ANOMALY,73,10.12
JP,6525.T,2024-07-31,41.1,-137.4,validated_decline,2,-16.55
JP,6525.T,2024-09-30,43.0,-174.5,validated_decline,44,-21.16
JP,6525.T,2024-12-30,41.4,-152.5,ANOMALY,8,12.49
JP,6525.T,2025-08-29,38.7,-136.0,ANOMALY,14,18.84
JP,6525.T,2025-11-28,45.3,-139.3,ANOMALY,11,13.48
JP,6525.T,2026-03-31,38.5,-146.7,ANOMALY,8,15.76
JP,6526.T,2023-07-31,49.3,-244.6,ANOMALY,1,13.32
JP,6526.T,2023-09-29,42.0,-138.9,validated_decline,66,-16.2
JP,6526.T,2024-06-28,36.2,-144.1,validated_decline,26,-15.8
JP,6526.T,2024-07-31,29.0,-258.9,validated_decline,5,-24.94
JP,6526.T,2024-09-30,46.1,-37.2,validated_decline,49,-17.28
JP,6526.T,2025-01-31,41.1,-44.8,validated_decline,3,-15.79
JP,6526.T,2025-11-28,41.1,-258.2,ageout_validated,90,-8.04
JP,6526.T,2026-02-27,43.5,-100.1,ANOMALY,70,10.27
JP,6532.T,2019-12-30,50.7,-21.4,ANOMALY,16,22.04
JP,6532.T,2021-10-29,45.9,-153.7,ANOMALY,4,11.3
JP,6532.T,2023-04-28,36.1,-106.7,ANOMALY,13,11.37
JP,6532.T,2023-07-31,35.4,-146.3,ANOMALY,32,12.31
JP,6532.T,2023-10-31,31.1,-238.4,ANOMALY,6,14.66
JP,6532.T,2024-01-31,27.3,-304.2,validated_decline,62,-17.15
JP,6532.T,2024-10-31,45.7,-31.5,ANOMALY,13,10.57
JP,6532.T,2025-06-30,47.5,-58.4,ANOMALY,17,14.04
JP,6532.T,2025-10-31,31.2,-166.6,validated_decline,90,-17.91
JP,6532.T,2026-01-30,29.3,-110.6,validated_decline,13,-17.02
JP,6532.T,2026-02-27,41.1,-363.0,ANOMALY,47,24.02
JP,6586.T,2018-02-28,51.1,-1.4,ageout_validated,90,-2.3
JP,6586.T,2020-12-30,47.5,-17.8,ageout_validated,90,-5.54
JP,6586.T,2021-10-29,28.8,-109.0,validated_decline,89,-15.3
JP,6586.T,2022-07-29,38.0,-17.5,validated_decline,75,-15.9
JP,6586.T,2022-10-31,37.4,-82.8,ANOMALY,17,11.4
JP,6586.T,2023-03-31,49.0,-31.8,ANOMALY,28,16.46
JP,6586.T,2023-08-31,45.8,-38.3,ageout_validated,90,-5.03
JP,6586.T,2024-06-28,41.2,-55.4,ANOMALY,19,13.88
JP,6586.T,2025-01-31,47.6,-5.3,ANOMALY,34,17.05
JP,6586.T,2025-09-30,39.6,-26.6,ageout_validated,90,-1.48
JP,6586.T,2026-03-31,40.2,-84.5,ANOMALY,10,10.44
JP,6594.T,2018-02-28,56.3,-11.2,ageout_validated,90,-0.45
JP,6594.T,2019-12-30,32.4,-60.1,validated_decline,70,-16.83
JP,6594.T,2021-03-31,50.9,-38.0,ageout_validated,90,-4.39
JP,6594.T,2021-07-30,39.6,-12.8,ANOMALY,46,11.36
JP,6594.T,2022-10-31,49.3,-76.3,validated_decline,53,-15.02
JP,6594.T,2023-02-28,41.3,-51.4,ageout_validated,90,3.41
JP,6594.T,2023-08-31,48.7,-62.2,validated_decline,54,-21.05
JP,6594.T,2023-10-31,14.9,-219.1,ANOMALY,6,6.12
JP,6594.T,2024-06-28,45.9,-3.7,validated_decline,38,-24.08
JP,6594.T,2024-08-30,40.3,-98.8,ANOMALY,61,10.6
JP,6594.T,2025-09-30,43.4,-111.2,validated_decline,28,-21.38
JP,6594.T,2025-10-31,22.7,-243.2,ANOMALY,5,8.34
JP,6594.T,2025-11-28,37.5,-193.6,ANOMALY,52,20.87
JP,6594.T,2026-03-31,31.7,-116.1,ANOMALY,3,11.09
JP,6645.T,2018-02-28,45.7,-102.5,ageout_validated,90,-7.14
JP,6645.T,2018-05-31,33.3,-25.1,validated_decline,77,-15.97
JP,6645.T,2021-02-26,30.7,-35.6,ageout_validated,90,-0.82
JP,6645.T,2023-07-31,26.8,-77.9,validated_decline,65,-15.88
JP,6645.T,2023-10-31,22.6,-139.7,ANOMALY,2,5.03
JP,6645.T,2024-02-29,37.3,-140.0,ageout_validated,90,-4.53
JP,6645.T,2024-05-31,38.7,-24.3,ANOMALY,31,10.28
JP,6645.T,2024-10-31,45.6,-13.8,validated_decline,15,-15.49
JP,6645.T,2025-05-30,34.4,-98.5,ageout_validated,90,2.48
JP,6645.T,2025-11-28,49.4,-93.9,ANOMALY,70,13.33
JP,6645.T,2026-03-31,45.8,-62.1,ANOMALY,16,12.36
JP,6701.T,2018-03-30,36.1,-40.4,ageout_validated,90,0.3
JP,6701.T,2019-10-31,35.9,-21.1,ANOMALY,68,10.35
JP,6701.T,2020-12-30,50.8,-12.8,ANOMALY,33,16.06
JP,6701.T,2021-04-30,47.5,-19.2,validated_decline,13,-19.18
JP,6701.T,2021-05-31,29.5,-212.1,ANOMALY,30,11.94
JP,6701.T,2022-07-29,31.1,-1.7,ageout_validated,90,0.88
JP,6701.T,2023-10-31,36.8,-66.3,ANOMALY,16,11.99
JP,6701.T,2024-10-31,46.0,-5.4,ageout_validated,90,1.51
JP,6701.T,2025-12-30,39.7,-58.9,ANOMALY,15,11.83
JP,6701.T,2026-01-30,35.1,-0.4,validated_decline,6,-15.6
JP,6701.T,2026-02-27,44.5,-317.7,ageout_validated,90,-5.2
JP,6701.T,2026-05-29,47.4,-15.7,ageout_validated,90,3.88
JP,6702.T,2018-02-28,33.8,-179.2,ageout_validated,90,5.58
JP,6702.T,2021-02-26,43.4,-3.9,ANOMALY,40,10.11
JP,6702.T,2022-08-31,40.7,-69.1,ANOMALY,77,10.36
JP,6702.T,2023-02-28,39.6,-45.8,ageout_validated,90,3.5
JP,6702.T,2023-07-31,49.3,-9.7,ageout_validated,90,2.82
JP,6702.T,2024-01-31,51.8,-11.9,ANOMALY,5,12.57
JP,6702.T,2024-05-31,36.4,-70.2,ANOMALY,27,10.43
JP,6702.T,2024-12-30,49.9,-19.7,ANOMALY,45,11.06
JP,6702.T,2025-07-31,51.1,-40.2,ANOMALY,39,10.32
JP,6702.T,2026-02-27,38.9,-193.8,ageout_validated,90,-1.03
JP,6702.T,2026-05-29,48.7,-22.9,ageout_validated,90,-3.38
JP,6723.T,2018-01-31,40.7,-31.3,validated_decline,51,-16.99
JP,6723.T,2018-03-30,39.1,-103.0,ageout_validated,90,2.71
JP,6723.T,2018-09-28,35.3,-119.0,validated_decline,27,-20.42
JP,6723.T,2019-11-29,48.0,-9.4,ANOMALY,42,15.15
JP,6723.T,2020-01-31,35.9,-5.7,ANOMALY,13,11.39
JP,6723.T,2021-05-31,37.1,-69.5,ANOMALY,3,13.82
JP,6723.T,2023-08-31,45.7,-81.4,validated_decline,57,-16.22
JP,6723.T,2023-10-31,29.6,-100.9,ANOMALY,6,18.13
JP,6723.T,2024-07-31,34.2,-160.6,validated_decline,5,-27.66
JP,6723.T,2024-09-30,42.3,-142.8,ageout_validated,90,0.72
JP,6723.T,2025-08-29,45.1,-50.8,ANOMALY,53,12.93
JP,6723.T,2025-11-28,49.5,-11.8,ANOMALY,6,15.07
JP,6723.T,2026-03-31,33.8,-175.5,ANOMALY,8,21.36
JP,6724.T,2018-02-28,28.8,-228.4,ageout_validated,90,-3.89
JP,6724.T,2018-05-31,36.9,-26.0,ageout_validated,90,0.89
JP,6724.T,2020-01-31,45.6,-26.7,validated_decline,38,-18.89
JP,6724.T,2021-07-30,44.0,-37.6,ANOMALY,12,10.93
JP,6724.T,2021-10-29,36.5,-66.2,ageout_validated,90,-7.16
JP,6724.T,2023-02-28,48.8,-35.4,ANOMALY,59,12.79
JP,6724.T,2023-10-31,30.9,-70.1,ageout_validated,90,5.85
JP,6724.T,2024-05-31,52.2,-58.0,ageout_validated,90,6.85
JP,6724.T,2025-01-31,61.1,-10.1,validated_decline,61,-15.9
JP,6724.T,2025-05-30,43.7,-69.9,ageout_validated,90,-0.16
JP,6724.T,2026-03-31,42.6,-41.9,ANOMALY,8,10.45
JP,6752.T,2018-01-31,33.5,-9.7,ageout_validated,90,0.95
JP,6752.T,2018-05-31,30.4,-47.3,ageout_validated,90,-8.49
JP,6752.T,2021-04-30,37.1,-62.2,ageout_validated,90,4.73
JP,6752.T,2022-07-29,41.0,-6.3,ageout_validated,90,-1.17
JP,6752.T,2023-08-31,54.3,-22.0,validated_decline,61,-21.27
JP,6752.T,2023-12-29,43.3,-60.4,ageout_validated,90,4.25
JP,6752.T,2024-04-30,49.4,-35.0,ageout_validated,90,-12.84
JP,6752.T,2024-07-31,41.8,-74.8,validated_decline,5,-20.42
JP,6752.T,2025-01-31,60.5,-8.4,ANOMALY,6,11.21
JP,6752.T,2025-06-30,51.7,-58.3,ageout_validated,90,7.07
JP,6753.T,2018-02-28,55.0,-69.1,validated_decline,29,-15.74
JP,6753.T,2018-03-30,28.2,-114.5,ANOMALY,20,11.01
JP,6753.T,2018-05-31,27.4,-79.9,validated_decline,27,-15.88
JP,6753.T,2018-09-28,36.0,-134.1,validated_decline,18,-15.2
JP,6753.T,2020-01-31,30.0,-69.3,validated_decline,28,-17.21
JP,6753.T,2021-04-30,46.3,-41.9,ANOMALY,26,10.4
JP,6753.T,2021-06-30,43.0,-59.8,validated_decline,41,-15.33
JP,6753.T,2021-08-31,27.2,-170.2,ageout_validated,90,-10.46
JP,6753.T,2022-08-31,38.7,-40.9,validated_decline,41,-18.34
JP,6753.T,2023-02-28,38.2,-77.9,ageout_validated,90,-12.66
JP,6753.T,2023-05-31,22.8,-148.1,ANOMALY,68,14.01
JP,6753.T,2024-02-29,31.5,-213.1,ANOMALY,83,14.36
JP,6753.T,2024-07-31,36.7,-78.3,ANOMALY,23,15.98
JP,6753.T,2024-10-31,43.9,-4.5,ageout_validated,90,1.28
JP,6753.T,2025-01-31,47.3,-28.3,validated_decline,66,-21.58
JP,6753.T,2025-05-30,37.9,-149.6,ANOMALY,74,15.5
JP,6753.T,2025-11-28,40.4,-83.2,validated_decline,84,-16.38
JP,6753.T,2026-02-27,37.3,-153.1,validated_decline,59,-15.34
JP,6758.T,2018-03-30,45.3,-32.5,ANOMALY,90,11.27
JP,6758.T,2021-04-30,35.9,-7.2,ageout_validated,90,5.69
JP,6758.T,2023-06-30,42.4,-10.9,ageout_validated,90,-5.4
JP,6758.T,2024-02-29,33.7,-78.3,ageout_validated,90,-3.15
JP,6758.T,2024-10-31,49.3,-8.2,ANOMALY,20,10.81
JP,6758.T,2025-06-30,51.5,-8.0,ANOMALY,44,10.72
JP,6758.T,2025-12-30,39.9,-92.4,validated_decline,29,-15.41
JP,6758.T,2026-01-30,24.7,-168.7,ageout_validated,90,-9.52
JP,6758.T,2026-06-30,46.7,-69.9,ageout_validated,90,4.48
JP,6762.T,2018-02-28,55.5,-19.5,ANOMALY,83,10.63
JP,6762.T,2021-02-26,39.2,-31.5,ANOMALY,41,10.55
JP,6762.T,2021-04-30,39.2,-35.4,ageout_validated,90,-13.47
JP,6762.T,2021-07-30,33.8,-47.2,ageout_validated,90,1.69
JP,6762.T,2022-07-29,50.6,-16.8,ANOMALY,4,14.18
JP,6762.T,2023-08-31,57.4,-20.0,ANOMALY,47,10.15
JP,6762.T,2024-03-29,49.0,-27.7,ANOMALY,67,10.86
JP,6762.T,2024-10-31,48.1,-7.7,ANOMALY,6,12.65
JP,6762.T,2025-01-31,44.6,-40.3,validated_decline,28,-16.02
JP,6762.T,2025-12-30,39.9,-106.7,ANOMALY,50,10.06
JP,6762.T,2026-03-31,39.3,-76.3,ANOMALY,8,11.9
JP,6770.T,2018-01-31,36.1,-47.8,validated_decline,51,-17.58
JP,6770.T,2018-03-30,38.6,-87.3,ageout_validated,90,6.98
JP,6770.T,2018-09-28,36.7,-79.6,validated_decline,55,-15.21
JP,6770.T,2020-01-31,16.5,-107.4,validated_decline,28,-17.13
JP,6770.T,2020-11-30,34.7,-109.3,ANOMALY,44,13.15
JP,6770.T,2021-04-30,41.4,-124.1,validated_decline,17,-15.11
JP,6770.T,2021-05-31,37.4,-133.0,ageout_validated,90,-3.31
JP,6770.T,2021-10-29,36.7,-23.9,ageout_validated,90,-7.57
JP,6770.T,2022-07-29,53.7,-26.1,validated_decline,59,-17.5
JP,6770.T,2023-04-28,50.7,-42.8,ageout_validated,90,-0.24
JP,6770.T,2023-10-31,49.0,-26.8,ageout_validated,90,5.25
JP,6770.T,2024-02-29,48.4,-126.0,ANOMALY,32,11.12
JP,6770.T,2025-01-31,46.6,-7.0,validated_decline,66,-20.01
JP,6770.T,2025-05-30,50.5,-24.0,ANOMALY,27,11.9
JP,6770.T,2026-06-30,43.9,-45.9,ageout_validated,90,4.13
JP,6857.T,2018-09-28,49.3,-54.5,validated_decline,27,-20.98
JP,6857.T,2021-05-31,53.7,-50.5,ageout_validated,90,-6.07
JP,6857.T,2021-10-29,47.9,-83.6,ANOMALY,19,13.08
JP,6857.T,2023-04-28,37.2,-12.9,ANOMALY,13,11.39
JP,6857.T,2023-08-31,46.2,-72.3,validated_decline,61,-16.33
JP,6857.T,2024-04-30,29.0,-220.9,ANOMALY,16,10.43
JP,6857.T,2024-07-31,49.3,-24.1,ANOMALY,1,13.83
JP,6857.T,2026-03-31,35.5,-156.4,ANOMALY,1,10.67
JP,6861.T,2018-02-28,50.1,-31.5,ageout_validated,90,1.79
JP,6861.T,2020-01-31,37.0,-15.6,validated_decline,41,-17.37
JP,6861.T,2021-02-26,29.6,-41.8,ageout_validated,90,6.05
JP,6861.T,2023-07-31,34.3,-39.8,validated_decline,84,-16.16
JP,6861.T,2024-07-31,35.2,-69.4,validated_decline,5,-19.38
JP,6861.T,2025-06-30,47.3,-66.9,ageout_validated,90,-3.45
JP,6861.T,2025-09-30,45.4,-16.6,ANOMALY,20,11.45
JP,6861.T,2025-11-28,35.6,-87.3,ANOMALY,47,10.71
JP,6861.T,2026-03-31,37.7,-55.0,ANOMALY,8,10.32
JP,6869.T,2019-10-31,55.0,-0.1,ANOMALY,7,12.56
JP,6869.T,2019-12-30,46.4,-10.2,ANOMALY,39,10.11
JP,6869.T,2021-02-26,28.3,-88.1,ANOMALY,31,10.15
JP,6869.T,2021-04-30,38.4,-17.9,ANOMALY,53,13.55
JP,6869.T,2021-08-31,53.3,-56.8,ANOMALY,6,12.7
JP,6869.T,2022-08-31,47.4,-33.9,ageout_validated,90,-0.82
JP,6869.T,2023-02-28,41.2,-28.7,ANOMALY,49,11.97
JP,6869.T,2023-07-31,51.8,-17.3,validated_decline,9,-18.45
JP,6869.T,2023-08-31,33.2,-198.2,ageout_validated,90,5.9
JP,6869.T,2024-04-30,50.0,-68.9,ageout_validated,90,-3.67
JP,6869.T,2024-07-31,44.7,-40.6,ANOMALY,20,10.13
JP,6869.T,2024-12-30,38.7,-51.1,ageout_validated,90,-1.26
JP,6869.T,2025-05-30,34.6,-99.5,validated_decline,69,-16.07
JP,6869.T,2025-08-29,18.1,-243.7,validated_decline,77,-15.34
JP,6869.T,2025-11-28,28.4,-162.2,ageout_validated,90,-5.65
JP,6869.T,2026-03-31,47.3,-48.8,ageout_validated,90,8.62
JP,6902.T,2018-02-28,41.4,-90.6,ageout_validated,90,-13.42
JP,6902.T,2018-05-31,32.5,-65.4,ageout_validated,90,3.63
JP,6902.T,2020-01-31,26.8,-75.3,validated_decline,38,-19.75
JP,6902.T,2021-04-30,49.4,-12.4,ANOMALY,34,11.57
JP,6902.T,2021-07-30,52.7,-41.0,ageout_validated,90,9.03
JP,6902.T,2023-10-31,34.5,-74.6,ANOMALY,15,10.46
JP,6902.T,2023-12-29,41.5,-93.5,ANOMALY,25,10.04
JP,6902.T,2024-04-30,37.7,-5.8,ageout_validated,90,-10.7
JP,6902.T,2024-08-30,46.5,-59.4,ageout_validated,90,-1.88
JP,6902.T,2025-11-28,43.0,-69.9,ANOMALY,48,10.44
JP,6902.T,2026-03-31,46.2,-108.3,ageout_validated,90,-3.06
JP,6920.T,2018-03-30,43.8,-91.7,validated_decline,77,-17.39
JP,6920.T,2021-02-26,41.7,-2.6,ANOMALY,31,10.41
JP,6920.T,2023-02-28,42.2,-90.0,validated_decline,59,-16.93
JP,6920.T,2024-04-30,36.4,-176.2,ANOMALY,1,14.88
JP,6920.T,2024-06-28,44.6,-117.1,validated_decline,20,-17.59
JP,6920.T,2024-07-31,26.5,-300.9,validated_decline,2,-15.77
JP,6920.T,2024-09-30,44.3,-104.7,validated_decline,32,-16.9
JP,6920.T,2024-12-30,37.7,-163.7,ageout_validated,90,-11.56
JP,6920.T,2025-07-31,38.2,-69.7,ANOMALY,15,12.15
JP,6920.T,2026-02-27,56.2,-33.8,ANOMALY,14,11.56
JP,6920.T,2026-05-29,49.2,-12.1,ANOMALY,17,20.36
JP,6954.T,2018-02-28,43.8,-80.0,ageout_validated,90,-12.11
JP,6954.T,2018-05-31,38.7,-61.0,ageout_validated,90,-4.75
JP,6954.T,2019-12-30,39.5,-22.2,validated_decline,67,-15.64
JP,6954.T,2021-04-30,38.1,-42.0,ANOMALY,74,11.52
JP,6954.T,2021-07-30,35.8,-48.9,ANOMALY,46,10.68
JP,6954.T,2021-10-29,35.8,-36.8,ANOMALY,48,10.82
JP,6954.T,2022-10-31,34.8,-70.8,ANOMALY,79,11.16
JP,6954.T,2023-04-28,49.7,-4.7,ANOMALY,39,11.53
JP,6954.T,2023-07-31,25.2,-71.4,validated_decline,87,-15.29
JP,6954.T,2023-10-31,28.6,-75.3,ANOMALY,17,10.68
JP,6954.T,2024-08-30,54.4,-1.5,ageout_validated,90,-7.23
JP,6954.T,2026-03-31,32.9,-141.9,ANOMALY,8,11.73
JP,6954.T,2026-06-30,49.6,-27.9,ageout_validated,90,-6.09
JP,6963.T,2018-01-31,40.6,-4.7,validated_decline,51,-16.46
JP,6963.T,2018-03-30,41.0,-94.8,ageout_validated,90,-8.29
JP,6963.T,2018-09-28,39.3,-127.7,validated_decline,26,-15.82
JP,6963.T,2019-12-30,46.1,-22.7,validated_decline,59,-15.03
JP,6963.T,2021-05-31,49.0,-76.3,ageout_validated,90,-1.83
JP,6963.T,2021-10-29,53.4,-27.0,ANOMALY,18,11.66
JP,6963.T,2023-04-28,37.2,-18.1,ANOMALY,20,15.52
JP,6963.T,2023-08-31,41.6,-82.0,validated_decline,56,-17.31
JP,6963.T,2023-10-31,21.6,-131.7,ANOMALY,15,11.97
JP,6963.T,2024-01-31,39.8,-42.3,validated_decline,79,-16.73
JP,6963.T,2024-04-30,48.8,-100.2,ageout_validated,90,-12.99
JP,6963.T,2024-07-31,39.9,-57.4,validated_decline,5,-19.13
JP,6963.T,2024-08-30,49.0,-115.2,validated_decline,11,-15.95
JP,6963.T,2024-09-30,47.6,-99.6,ANOMALY,3,14.32
JP,6963.T,2025-11-28,45.5,-108.6,ANOMALY,39,10.53
JP,6971.T,2018-02-28,41.4,-152.3,ANOMALY,58,11.28
JP,6971.T,2021-04-30,35.2,-36.1,ageout_validated,90,4.08
JP,6971.T,2021-10-29,43.9,-32.0,ANOMALY,48,10.92
JP,6971.T,2022-11-30,46.3,-36.3,ageout_validated,90,-3.91
JP,6971.T,2023-07-31,51.0,-23.0,ageout_validated,90,-1.38
JP,6971.T,2023-10-31,49.1,-14.1,ANOMALY,24,11.19
JP,6971.T,2024-03-29,37.7,-53.0,ageout_validated,90,-7.74
JP,6971.T,2024-08-30,56.2,-39.7,validated_decline,75,-15.59
JP,6971.T,2025-06-30,56.1,-5.3,ANOMALY,43,10.76
JP,6971.T,2026-03-31,41.9,-67.0,ANOMALY,16,13.54
JP,6976.T,2018-03-30,49.8,-32.2,ANOMALY,41,11.59
JP,6976.T,2018-09-28,33.8,-153.2,validated_decline,27,-15.82
JP,6976.T,2021-03-31,40.3,-33.7,validated_decline,43,-15.1
JP,6976.T,2021-10-29,41.4,-166.1,ANOMALY,17,11.83
JP,6976.T,2022-07-29,47.1,-34.8,validated_decline,55,-15.03
JP,6976.T,2023-02-28,42.2,-40.6,ageout_validated,90,8.54
JP,6976.T,2023-06-30,38.9,-25.6,ageout_validated,90,-2.0
JP,6976.T,2023-10-31,30.9,-169.3,ANOMALY,6,12.32
JP,6976.T,2023-12-29,55.2,-2.1,ageout_validated,90,-3.05
JP,6976.T,2024-05-31,46.2,-80.2,ANOMALY,13,15.12
JP,6976.T,2024-08-30,43.7,-197.2,validated_decline,11,-17.01
JP,6976.T,2024-09-30,40.5,-207.1,validated_decline,39,-19.86
JP,6976.T,2025-11-28,42.0,-142.2,ANOMALY,5,13.5
JP,6976.T,2026-01-30,35.7,-57.5,ANOMALY,10,20.36
JP,6976.T,2026-03-31,39.8,-44.7,ANOMALY,3,18.03
JP,6981.T,2018-02-28,43.5,-46.5,ageout_validated,90,8.62
JP,6981.T,2018-09-28,45.6,-40.9,validated_decline,88,-17.35
JP,6981.T,2020-01-31,36.6,-14.5,validated_decline,38,-17.02
JP,6981.T,2021-02-26,38.1,-38.8,ageout_validated,90,-10.29
JP,6981.T,2021-05-31,44.5,-76.9,ANOMALY,42,10.07
JP,6981.T,2021-10-29,43.6,-101.2,ANOMALY,68,10.27
JP,6981.T,2022-08-31,42.1,-17.4,ageout_validated,90,-0.31
JP,6981.T,2023-08-31,53.4,-17.0,ANOMALY,76,10.26
JP,6981.T,2024-03-29,40.5,-44.0,ANOMALY,75,10.67
JP,6981.T,2024-08-30,50.1,-125.1,validated_decline,88,-15.95
JP,6988.T,2018-02-28,47.8,-120.2,ageout_validated,90,-0.51
JP,6988.T,2021-04-30,41.1,-24.2,ageout_validated,90,-9.93
JP,6988.T,2021-07-30,44.4,-30.1,ANOMALY,39,10.62
JP,6988.T,2022-07-29,41.5,-35.5,ageout_validated,90,-6.79
JP,6988.T,2023-07-31,48.2,-36.6,ageout_validated,90,-4.14
JP,6988.T,2024-04-30,36.7,-4.9,ageout_validated,90,0.77
JP,6988.T,2024-08-30,54.1,-55.8,ageout_validated,90,-0.04
JP,6988.T,2026-01-30,34.7,-74.7,ageout_validated,90,-11.66
JP,6988.T,2026-05-29,41.8,-33.2,ANOMALY,46,11.15
JP,7011.T,2018-01-31,36.1,-9.3,ageout_validated,90,7.23
JP,7011.T,2018-05-31,41.4,-3.3,ageout_validated,90,1.14
JP,7011.T,2019-11-29,37.2,-18.9,validated_decline,90,-15.88
JP,7011.T,2021-04-30,45.0,-34.4,ageout_validated,90,-2.4
JP,7011.T,2021-07-30,42.9,-62.3,ageout_validated,90,-2.87
JP,7011.T,2023-01-31,50.2,-40.6,ageout_validated,90,4.6
JP,7011.T,2023-10-31,41.5,-55.6,ANOMALY,6,10.83
JP,7011.T,2024-05-31,54.0,-9.3,ANOMALY,14,12.94
JP,7011.T,2025-11-28,42.6,-75.5,ANOMALY,46,13.4
JP,7011.T,2026-03-31,36.6,-72.3,ANOMALY,2,11.56
JP,7011.T,2026-05-29,28.5,-174.3,ageout_validated,90,1.52
JP,7012.T,2018-02-28,37.8,-67.8,validated_decline,23,-16.58
JP,7012.T,2018-03-30,42.2,-140.6,ANOMALY,27,10.76
JP,7012.T,2018-05-31,38.0,-36.6,ageout_validated,90,-6.35
JP,7012.T,2019-11-29,44.1,-7.2,validated_decline,89,-15.5
JP,7012.T,2021-04-30,51.6,-39.5,validated_decline,82,-15.35
JP,7012.T,2021-07-30,43.4,-68.8,ANOMALY,12,10.14
JP,7012.T,2021-10-29,38.9,-54.0,validated_decline,32,-17.26
JP,7012.T,2023-01-31,52.6,-28.5,ageout_validated,90,3.23
JP,7012.T,2023-10-31,38.6,-105.0,ageout_validated,90,1.58
JP,7012.T,2024-07-31,44.7,-50.5,validated_decline,2,-15.54
JP,7012.T,2024-08-30,52.9,-76.5,validated_decline,12,-16.23
JP,7012.T,2025-08-29,27.2,-135.4,ANOMALY,38,12.39
JP,7012.T,2025-11-28,39.6,-64.6,ANOMALY,10,10.91
JP,7012.T,2026-03-31,39.0,-67.6,ANOMALY,8,13.32
JP,7013.T,2018-01-31,38.0,-3.2,ageout_validated,90,-0.46
JP,7013.T,2021-07-30,45.4,-61.3,ANOMALY,61,14.25
JP,7013.T,2022-07-29,43.7,-55.2,ageout_validated,90,-4.72
JP,7013.T,2023-02-28,34.6,-56.7,ageout_validated,90,-2.92
JP,7013.T,2023-05-31,37.5,-6.5,ANOMALY,6,13.36
JP,7013.T,2023-07-31,38.1,-73.3,validated_decline,65,-15.69
JP,7013.T,2023-10-31,41.7,-121.7,ageout_validated,90,-1.03
JP,7013.T,2025-08-29,41.1,-24.2,ANOMALY,26,14.48
JP,7013.T,2025-11-28,46.5,-51.0,ANOMALY,39,11.72
JP,7013.T,2026-03-31,32.3,-151.4,validated_decline,49,-18.39
JP,7013.T,2026-05-29,43.7,-134.8,ANOMALY,38,11.01
JP,7182.T,2018-02-28,48.2,-21.2,ageout_validated,90,-2.41
JP,7182.T,2018-05-31,26.7,-57.6,ageout_validated,90,-3.6
JP,7182.T,2019-11-29,48.7,-3.2,ageout_validated,90,-7.36
JP,7182.T,2021-04-30,48.8,-39.9,ageout_validated,90,-5.71
JP,7182.T,2021-10-29,32.0,-74.0,ANOMALY,47,10.8
JP,7182.T,2022-08-31,43.7,-37.1,ageout_validated,90,3.25
JP,7182.T,2023-03-31,46.8,-51.4,ageout_validated,90,3.92
JP,7182.T,2024-05-31,51.0,-32.6,validated_decline,66,-18.93
JP,7182.T,2024-08-30,42.0,-79.6,ageout_validated,90,2.9
JP,7182.T,2025-10-31,46.3,-53.1,ANOMALY,31,11.4
JP,7182.T,2026-03-31,43.4,-94.3,ANOMALY,8,11.22
JP,7201.T,2018-02-28,45.6,-27.2,ageout_validated,90,0.9
JP,7201.T,2018-05-31,28.6,-20.7,ageout_validated,90,-2.64
JP,7201.T,2019-11-29,47.2,-12.9,validated_decline,76,-16.25
JP,7201.T,2021-04-30,36.9,-77.1,ANOMALY,90,14.64
JP,7201.T,2021-08-31,49.9,-31.2,ANOMALY,76,12.15
JP,7201.T,2022-07-29,43.6,-30.1,ANOMALY,45,10.05
JP,7201.T,2022-10-31,49.0,-88.0,ageout_validated,90,-3.67
JP,7201.T,2023-03-31,57.4,-26.1,ANOMALY,89,10.94
JP,7201.T,2023-10-31,34.0,-99.5,ANOMALY,9,12.0
JP,7201.T,2023-12-29,43.8,-57.3,ANOMALY,40,10.81
JP,7201.T,2024-04-30,54.3,-34.9,validated_decline,86,-16.62
JP,7201.T,2024-07-31,33.8,-116.2,validated_decline,5,-22.23
JP,7201.T,2024-08-30,40.6,-142.5,ageout_validated,90,-12.13
JP,7201.T,2025-01-31,49.2,-2.7,validated_decline,62,-15.52
JP,7201.T,2025-06-30,48.5,-23.5,ageout_validated,90,6.0
JP,7201.T,2026-03-31,34.9,-181.7,ANOMALY,16,11.05
JP,7201.T,2026-06-30,30.6,-171.8,ANOMALY,21,10.77
JP,7202.T,2018-02-28,35.4,-88.0,ageout_validated,90,-9.88
JP,7202.T,2018-05-31,19.8,-88.5,ANOMALY,67,12.2
JP,7202.T,2020-01-31,23.2,-153.0,validated_decline,38,-21.55
JP,7202.T,2020-12-30,45.9,-10.3,ANOMALY,35,12.86
JP,7202.T,2021-04-30,44.3,-27.6,ANOMALY,14,17.72
JP,7202.T,2021-08-31,46.6,-69.3,ANOMALY,41,12.65
JP,7202.T,2022-07-29,40.5,-28.7,ANOMALY,24,11.28
JP,7202.T,2023-10-31,30.8,-83.7,ANOMALY,13,12.32
JP,7202.T,2023-12-29,47.0,-29.8,ANOMALY,20,10.41
JP,7202.T,2024-04-30,50.4,-38.5,ANOMALY,62,11.0
JP,7202.T,2024-07-31,41.5,-10.7,validated_decline,5,-19.61
JP,7202.T,2024-09-30,41.8,-40.4,ANOMALY,74,10.23
JP,7202.T,2025-01-31,51.0,-6.4,validated_decline,66,-17.92
JP,7202.T,2025-06-30,47.5,-44.1,ageout_validated,90,7.1
JP,7202.T,2025-09-30,40.1,-10.4,ANOMALY,44,20.99
JP,7202.T,2026-03-31,34.7,-162.0,ageout_validated,90,-2.7
JP,7202.T,2026-06-30,44.7,-23.4,ANOMALY,6,11.16
JP,7203.T,2018-02-28,43.7,-33.0,ageout_validated,90,-1.87
JP,7203.T,2018-05-31,34.6,-4.6,ageout_validated,90,2.15
JP,7203.T,2021-01-29,32.5,-26.0,ANOMALY,10,10.1
JP,7203.T,2021-08-31,49.1,-40.8,ANOMALY,76,10.85
JP,7203.T,2022-08-31,45.7,-16.4,ageout_validated,90,-3.33
JP,7203.T,2023-02-28,43.7,-2.3,ageout_validated,90,5.54
JP,7203.T,2023-10-31,46.7,-9.8,ANOMALY,15,10.42
JP,7203.T,2023-12-29,44.2,-75.0,ANOMALY,18,10.19
JP,7203.T,2024-04-30,52.2,-19.7,validated_decline,48,-16.55
JP,7203.T,2024-07-31,32.2,-84.6,validated_decline,5,-24.31
JP,7203.T,2024-08-30,50.5,-83.6,ageout_validated,90,-4.12
JP,7203.T,2025-06-30,40.4,-67.7,ANOMALY,23,14.5
JP,7203.T,2026-03-31,36.9,-97.6,validated_decline,85,-15.05
JP,7203.T,2026-06-30,39.2,-80.6,ageout_validated,90,7.49
JP,7211.T,2018-03-30,47.6,-69.1,ANOMALY,41,12.75
JP,7211.T,2019-12-30,36.9,-61.6,validated_decline,57,-15.72
JP,7211.T,2020-11-30,39.5,-96.3,ANOMALY,15,10.64
JP,7211.T,2021-04-30,45.3,-53.2,ANOMALY,35,11.15
JP,7211.T,2021-08-31,44.7,-87.5,ANOMALY,34,15.3
JP,7211.T,2022-10-31,44.5,-128.5,ANOMALY,4,23.2
JP,7211.T,2023-03-31,56.2,-36.0,ageout_validated,90,-4.23
JP,7211.T,2023-10-31,26.9,-194.6,ageout_validated,90,-3.58
JP,7211.T,2024-05-31,41.9,-104.2,ANOMALY,40,12.86
JP,7211.T,2024-07-31,44.3,-23.0,validated_decline,5,-16.9
JP,7211.T,2024-08-30,51.0,-56.0,ANOMALY,62,12.5
JP,7211.T,2025-01-31,46.8,-15.1,validated_decline,4,-17.66
JP,7211.T,2025-06-30,48.1,-34.6,ageout_validated,90,5.85
JP,7211.T,2025-10-31,38.5,-37.7,ageout_validated,90,-3.66
JP,7211.T,2026-03-31,26.0,-212.6,ANOMALY,45,12.96
JP,7211.T,2026-06-30,38.1,-98.2,ANOMALY,10,15.92
JP,7259.T,2018-02-28,48.5,-34.2,ageout_validated,90,-11.23
JP,7259.T,2018-05-31,32.0,-62.2,ageout_validated,90,-5.29
JP,7259.T,2020-01-31,37.8,-106.9,validated_decline,38,-18.81
JP,7259.T,2020-11-30,40.0,-49.0,ANOMALY,64,10.5
JP,7259.T,2021-07-30,32.4,-28.0,ageout_validated,90,-0.62
JP,7259.T,2022-07-29,34.7,-15.5,ANOMALY,21,10.04
JP,7259.T,2022-11-30,41.4,-18.3,ageout_validated,90,-0.93
JP,7259.T,2023-12-29,42.2,-100.1,ANOMALY,20,10.38
JP,7259.T,2024-05-31,54.5,-29.0,validated_decline,63,-16.29
JP,7259.T,2024-09-30,46.1,-7.9,ANOMALY,72,10.34
JP,7259.T,2026-01-30,39.4,-53.7,validated_decline,45,-16.32
JP,7259.T,2026-03-31,31.4,-199.6,ANOMALY,30,14.78
JP,7259.T,2026-06-30,40.1,-66.2,ageout_validated,90,6.13
JP,7261.T,2018-02-28,45.0,-34.2,ageout_validated,90,-5.1
JP,7261.T,2018-05-31,29.3,-44.2,ageout_validated,90,-4.85
JP,7261.T,2019-11-29,46.4,-17.3,validated_decline,89,-15.88
JP,7261.T,2021-04-30,42.4,-52.0,ANOMALY,28,14.66
JP,7261.T,2021-08-31,45.2,-89.8,ANOMALY,48,10.89
JP,7261.T,2022-10-31,48.7,-109.7,ANOMALY,21,10.17
JP,7261.T,2023-10-31,31.8,-103.5,ANOMALY,8,16.78
JP,7261.T,2023-12-29,46.0,-47.9,ANOMALY,13,12.47
JP,7261.T,2024-05-31,52.3,-67.6,validated_decline,52,-15.02
JP,7261.T,2024-07-31,39.1,-135.7,validated_decline,5,-23.58
JP,7261.T,2024-08-30,45.5,-110.7,validated_decline,18,-15.14
JP,7261.T,2024-09-30,42.9,-91.1,ageout_validated,90,1.87
JP,7261.T,2025-06-30,51.2,-18.5,ANOMALY,23,14.34
JP,7261.T,2026-03-31,35.5,-151.8,ANOMALY,59,10.54
JP,7267.T,2018-03-30,50.1,-44.7,ageout_validated,90,-11.05
JP,7267.T,2020-01-31,31.3,-71.5,validated_decline,42,-19.11
JP,7267.T,2021-01-29,39.5,-48.6,ANOMALY,12,13.22
JP,7267.T,2021-07-30,50.1,-5.2,ageout_validated,90,-2.09
JP,7267.T,2023-10-31,31.7,-50.9,ageout_validated,90,9.16
JP,7267.T,2024-04-30,52.2,-16.8,ageout_validated,90,-10.46
JP,7267.T,2024-07-31,45.0,-51.2,validated_decline,5,-24.01
JP,7267.T,2025-06-30,45.9,-16.6,ANOMALY,23,18.32
JP,7267.T,2025-09-30,35.3,-11.8,ageout_validated,90,0.65
JP,7267.T,2026-03-31,30.3,-170.1,ANOMALY,45,13.72
JP,7269.T,2018-01-31,37.7,-23.6,ageout_validated,90,-4.63
JP,7269.T,2018-09-28,32.5,-59.2,validated_decline,27,-17.15
JP,7269.T,2019-12-30,36.2,-53.3,ANOMALY,18,10.07
JP,7269.T,2020-12-30,32.9,-84.3,ANOMALY,13,11.17
JP,7269.T,2021-02-26,35.2,-37.8,ANOMALY,33,10.44
JP,7269.T,2021-04-30,25.7,-114.0,ANOMALY,21,11.96
JP,7269.T,2021-07-30,41.2,-49.9,ANOMALY,13,10.72
JP,7269.T,2023-04-28,52.5,-13.2,ANOMALY,62,10.94
JP,7269.T,2023-10-31,46.9,-11.5,ANOMALY,9,11.1
JP,7269.T,2024-07-31,43.7,-47.8,validated_decline,5,-23.47
JP,7269.T,2024-09-30,49.3,-24.1,ANOMALY,73,13.34
JP,7269.T,2025-06-30,52.6,-17.2,ANOMALY,49,12.79
JP,7269.T,2026-01-30,31.2,-89.9,ANOMALY,11,13.27
JP,7269.T,2026-03-31,36.8,-152.7,ageout_validated,90,5.12
JP,7270.T,2018-03-30,42.8,-40.3,ageout_validated,90,-7.28
JP,7270.T,2019-11-29,33.2,-45.7,ageout_validated,90,-5.13
JP,7270.T,2021-04-30,38.8,-28.9,ANOMALY,35,10.06
JP,7270.T,2021-07-30,49.3,-46.7,ANOMALY,80,11.01
JP,7270.T,2022-07-29,45.9,-10.4,ANOMALY,40,11.09
JP,7270.T,2023-03-31,54.0,-29.3,ANOMALY,52,10.95
JP,7270.T,2023-10-31,32.7,-83.3,ANOMALY,72,12.17
JP,7270.T,2024-07-31,34.1,-136.8,validated_decline,5,-27.09
JP,7270.T,2024-08-30,48.9,-89.7,validated_decline,18,-15.23
JP,7270.T,2024-09-30,46.7,-58.8,ANOMALY,28,10.17
JP,7270.T,2025-06-30,47.3,-39.5,ANOMALY,23,16.82
JP,7270.T,2026-02-27,35.5,-132.2,validated_decline,24,-15.84
JP,7270.T,2026-03-31,33.2,-170.8,ageout_validated,90,-3.3
JP,7272.T,2018-02-28,41.3,-76.0,ageout_validated,90,-5.58
JP,7272.T,2018-05-31,33.8,-53.3,ageout_validated,90,-7.31
JP,7272.T,2020-01-31,35.5,-62.6,validated_decline,28,-16.2
JP,7272.T,2021-07-30,39.0,-132.6,ANOMALY,41,10.5
JP,7272.T,2023-08-31,42.3,-62.5,ageout_validated,90,-1.06
JP,7272.T,2024-02-29,40.7,-0.1,ANOMALY,61,10.19
JP,7272.T,2024-07-31,38.5,-64.3,validated_decline,5,-24.56
JP,7272.T,2024-08-30,46.1,-104.0,ANOMALY,69,11.09
JP,7272.T,2025-01-31,45.5,-28.9,validated_decline,63,-19.75
JP,7272.T,2026-03-31,47.7,-49.0,ANOMALY,45,17.77
JP,7309.T,2018-04-30,45.9,-49.9,ANOMALY,39,10.11
JP,7309.T,2020-01-31,39.6,-42.6,validated_decline,42,-15.54
JP,7309.T,2021-02-26,38.1,-1.4,ANOMALY,32,11.47
JP,7309.T,2021-04-30,37.7,-1.3,ANOMALY,63,10.4
JP,7309.T,2021-10-29,53.4,-45.7,validated_decline,84,-16.71
JP,7309.T,2023-02-28,37.4,-45.1,ANOMALY,35,11.12
JP,7309.T,2023-04-28,38.8,-24.6,ANOMALY,38,10.42
JP,7309.T,2023-07-31,32.0,-29.0,ageout_validated,90,-0.14
JP,7309.T,2023-12-29,49.6,-19.4,ageout_validated,90,3.53
JP,7309.T,2024-06-28,40.9,-25.1,ANOMALY,47,10.91
JP,7309.T,2024-10-31,34.9,-125.1,ageout_validated,90,-0.67
JP,7309.T,2025-07-31,27.1,-63.4,ageout_validated,90,-1.96
JP,7309.T,2025-11-28,54.9,-64.6,ANOMALY,68,10.27
JP,7309.T,2026-02-27,43.4,-17.4,ageout_validated,90,-0.92
JP,7453.T,2018-05-31,45.1,-8.9,ANOMALY,13,11.08
JP,7453.T,2020-01-31,20.3,-281.6,validated_decline,27,-15.33
JP,7453.T,2020-12-30,54.4,-49.8,ANOMALY,7,10.45
JP,7453.T,2021-04-30,36.0,-134.8,ageout_validated,90,-4.26
JP,7453.T,2021-07-30,57.0,-0.1,ANOMALY,35,10.51
JP,7453.T,2021-10-29,41.3,-78.4,validated_decline,31,-15.24
JP,7453.T,2022-08-31,52.1,-3.2,ANOMALY,62,11.62
JP,7453.T,2023-01-31,50.0,-47.9,ageout_validated,90,-0.08
JP,7453.T,2023-05-31,38.0,-7.3,ANOMALY,40,22.17
JP,7453.T,2024-01-31,47.1,-6.7,ANOMALY,65,10.2
JP,7453.T,2024-10-31,47.0,-92.4,ANOMALY,13,11.46
JP,7453.T,2025-08-29,32.1,-49.5,validated_decline,35,-15.62
JP,7453.T,2025-12-30,34.6,-71.7,ANOMALY,16,16.25
JP,7453.T,2026-03-31,42.8,-7.4,ANOMALY,10,12.48
JP,7453.T,2026-06-30,48.1,-25.3,ANOMALY,13,19.61
JP,7532.T,2018-04-30,52.3,-33.9,ageout_validated,90,-9.87
JP,7532.T,2019-10-31,47.2,-11.3,ANOMALY,68,12.66
JP,7532.T,2020-01-31,41.8,-36.5,ANOMALY,6,17.94
JP,7532.T,2020-12-30,49.4,-31.6,ANOMALY,44,10.47
JP,7532.T,2021-04-30,34.4,-85.4,ageout_validated,90,-1.36
JP,7532.T,2021-08-31,34.0,-94.4,ANOMALY,30,10.54
JP,7532.T,2022-10-31,41.6,-65.8,ageout_validated,90,-1.03
JP,7532.T,2023-05-31,34.3,-35.9,ANOMALY,36,10.62
JP,7532.T,2023-10-31,47.6,-63.2,ANOMALY,13,10.82
JP,7532.T,2024-01-31,42.7,-30.5,ANOMALY,14,13.97
JP,7532.T,2024-04-30,45.2,-3.5,ageout_validated,90,5.7
JP,7532.T,2024-08-30,52.3,-29.5,ageout_validated,90,1.4
JP,7532.T,2025-09-30,32.5,-76.7,ageout_validated,90,-3.6
JP,7532.T,2026-01-30,46.7,-19.3,ANOMALY,25,11.75
JP,7532.T,2026-03-31,43.3,-8.2,validated_decline,56,-16.4
JP,7532.T,2026-05-29,48.4,-103.6,ageout_validated,90,-1.96
JP,7701.T,2018-02-28,54.3,-15.6,ANOMALY,37,10.31
JP,7701.T,2020-01-31,32.7,-59.3,validated_decline,28,-15.77
JP,7701.T,2021-04-30,36.7,-13.5,ANOMALY,54,10.98
JP,7701.T,2021-10-29,41.5,-74.1,validated_decline,90,-15.93
JP,7701.T,2022-08-31,33.0,-90.9,ageout_validated,90,3.77
JP,7701.T,2023-07-31,43.8,-28.5,validated_decline,87,-17.63
JP,7701.T,2023-10-31,30.0,-125.8,ANOMALY,8,10.52
JP,7701.T,2024-05-31,36.4,-20.6,ANOMALY,74,10.74
JP,7701.T,2024-10-31,42.6,-42.5,ageout_validated,90,-0.9
JP,7701.T,2025-05-30,46.0,-61.1,ageout_validated,90,4.98
JP,7701.T,2025-12-30,39.5,-23.9,ageout_validated,90,-8.99
JP,7701.T,2026-03-31,35.9,-91.5,ANOMALY,90,10.17
JP,7731.T,2018-01-31,33.0,-49.5,ageout_validated,90,-8.3
JP,7731.T,2018-05-31,29.7,-53.6,ANOMALY,63,11.27
JP,7731.T,2019-12-30,30.0,-84.8,validated_decline,60,-17.49
JP,7731.T,2021-07-30,37.9,-135.4,ANOMALY,7,12.83
JP,7731.T,2022-07-29,49.0,-20.0,ageout_validated,90,-6.53
JP,7731.T,2022-11-30,43.5,-53.4,ageout_validated,90,1.2
JP,7731.T,2023-08-31,39.0,-147.0,ageout_validated,90,-8.25
JP,7731.T,2023-12-29,47.6,-17.6,ANOMALY,41,10.39
JP,7731.T,2024-08-30,46.3,-33.7,ANOMALY,39,10.64
JP,7731.T,2024-12-30,39.4,-95.8,ageout_validated,90,-4.06
JP,7731.T,2025-05-30,54.2,-18.3,ANOMALY,89,19.71
JP,7731.T,2025-11-28,53.3,-9.8,ageout_validated,90,9.24
JP,7731.T,2026-03-31,44.4,-1.4,ANOMALY,42,14.38
JP,7733.T,2018-01-31,39.6,-26.9,ageout_validated,90,-2.3
JP,7733.T,2018-05-31,44.6,-47.7,ANOMALY,5,10.1
JP,7733.T,2021-01-29,31.2,-102.6,ANOMALY,17,22.47
JP,7733.T,2021-06-30,38.9,-13.1,ANOMALY,69,10.19
JP,7733.T,2022-11-30,43.8,-73.8,validated_decline,28,-15.16
JP,7733.T,2023-02-28,36.5,-55.9,ANOMALY,49,10.52
JP,7733.T,2023-05-31,37.3,-103.4,ANOMALY,16,10.3
JP,7733.T,2023-08-31,45.1,-160.0,ANOMALY,78,11.06
JP,7733.T,2023-12-29,42.6,-34.2,ANOMALY,21,10.51
JP,7733.T,2025-06-30,37.5,-78.2,ANOMALY,86,10.23
JP,7733.T,2025-12-30,45.2,-18.1,validated_decline,48,-18.67
JP,7733.T,2026-02-27,32.1,-265.4,ANOMALY,75,23.23
JP,7733.T,2026-06-30,49.4,-42.8,ageout_validated,90,1.38
JP,7735.T,2018-04-30,45.1,-84.8,ANOMALY,11,10.1
JP,7735.T,2018-09-28,33.3,-150.6,validated_decline,46,-15.36
JP,7735.T,2020-01-31,23.2,-73.7,ANOMALY,4,5.78
JP,7735.T,2021-07-30,46.5,-99.8,ANOMALY,46,10.05
JP,7735.T,2023-07-31,48.1,-1.8,ageout_validated,90,-4.83
JP,7735.T,2023-10-31,42.8,-3.3,ANOMALY,2,15.58
JP,7735.T,2024-04-30,40.6,-123.5,validated_decline,79,-18.26
JP,7735.T,2024-07-31,39.3,-193.2,validated_decline,2,-19.39
JP,7735.T,2024-08-30,42.7,-152.3,validated_decline,76,-15.97
JP,7735.T,2025-11-28,50.1,-60.9,ANOMALY,26,16.06
JP,7735.T,2026-03-31,39.0,-90.3,ANOMALY,8,12.14
JP,7741.T,2018-03-30,41.9,-20.6,ANOMALY,19,10.57
JP,7741.T,2021-01-29,44.5,-25.9,ageout_validated,90,-4.0
JP,7741.T,2021-04-30,36.5,-2.3,ANOMALY,18,11.5
JP,7741.T,2021-10-29,43.9,-31.7,ANOMALY,19,10.34
JP,7741.T,2023-02-28,46.5,-21.7,ANOMALY,34,10.09
JP,7741.T,2023-07-31,54.1,-59.4,ageout_validated,90,-12.05
JP,7741.T,2023-10-31,37.5,-74.5,ANOMALY,15,12.49
JP,7741.T,2026-05-29,46.5,-62.6,ageout_validated,90,-7.29
JP,7751.T,2018-02-28,50.5,-56.2,ageout_validated,90,-8.23
JP,7751.T,2018-05-31,33.8,-22.9,ageout_validated,90,-1.6
JP,7751.T,2020-01-31,29.5,-8.2,validated_decline,38,-15.31
JP,7751.T,2021-10-29,36.0,-6.8,ANOMALY,48,11.14
JP,7751.T,2023-08-31,46.8,-33.9,ageout_validated,90,5.02
JP,7751.T,2023-12-29,47.2,-10.6,ANOMALY,33,12.71
JP,7751.T,2024-04-30,44.3,-31.5,ANOMALY,90,13.54
JP,7751.T,2025-01-31,54.3,-2.1,validated_decline,66,-20.43
JP,7751.T,2025-06-30,46.5,-37.1,ageout_validated,90,5.59
JP,7751.T,2026-03-31,39.6,-70.5,ageout_validated,90,-3.28
JP,7751.T,2026-06-30,45.5,-3.5,ageout_validated,90,9.04
JP,7752.T,2018-03-30,40.3,-68.2,ageout_validated,90,-4.19
JP,7752.T,2020-12-30,43.3,-37.8,ANOMALY,16,13.44
JP,7752.T,2021-06-30,39.6,-11.6,ageout_validated,90,-7.78
JP,7752.T,2021-10-29,43.7,-15.5,ageout_validated,90,-12.93
JP,7752.T,2023-03-31,50.4,-44.6,ANOMALY,28,13.12
JP,7752.T,2023-08-31,47.1,-46.0,ANOMALY,14,10.9
JP,7752.T,2023-10-31,44.1,-39.4,ageout_validated,90,-3.92
JP,7752.T,2025-05-30,29.5,-68.8,ageout_validated,90,-1.63
JP,7752.T,2026-03-31,41.4,-52.8,ANOMALY,49,11.76
JP,7752.T,2026-06-30,42.5,-0.1,ANOMALY,22,10.35
JP,7832.T,2018-01-31,32.5,-39.6,ageout_validated,90,9.66
JP,7832.T,2020-12-30,44.1,-5.2,ageout_validated,90,-10.9
JP,7832.T,2021-03-31,43.2,-75.0,ageout_validated,90,-1.62
JP,7832.T,2021-07-30,31.5,-82.0,ANOMALY,33,10.86
JP,7832.T,2022-11-30,42.8,-78.2,ageout_validated,90,-6.98
JP,7832.T,2023-07-31,49.9,-51.2,ageout_validated,90,-3.67
JP,7832.T,2023-11-30,37.6,-39.6,ageout_validated,90,-1.46
JP,7832.T,2024-02-29,44.4,-31.1,ANOMALY,71,10.48
JP,7832.T,2025-05-30,43.8,-47.5,ANOMALY,26,10.05
JP,7832.T,2025-09-30,47.5,-54.3,ageout_validated,90,-14.13
JP,7832.T,2025-12-30,35.5,-70.3,ageout_validated,90,-7.26
JP,7832.T,2026-03-31,34.8,-25.4,ageout_validated,90,-0.85
JP,7936.T,2018-02-28,48.2,-57.7,ANOMALY,12,12.29
JP,7936.T,2018-05-31,38.2,-103.9,ageout_validated,90,-7.55
JP,7936.T,2019-11-29,60.1,-15.4,validated_decline,75,-19.06
JP,7936.T,2021-01-29,46.7,-73.5,ANOMALY,48,10.32
JP,7936.T,2021-07-30,40.7,-62.8,ANOMALY,14,10.84
JP,7936.T,2022-10-31,44.6,-89.7,ANOMALY,14,26.4
JP,7936.T,2023-10-31,44.5,-100.5,ANOMALY,17,13.13
JP,7936.T,2023-12-29,38.3,-115.3,ANOMALY,46,24.04
JP,7936.T,2024-04-30,49.7,-6.4,ANOMALY,13,29.44
JP,7936.T,2024-10-31,46.7,-46.3,ANOMALY,25,11.31
JP,7936.T,2025-09-30,44.7,-9.7,ageout_validated,90,-1.19
JP,7936.T,2026-01-30,37.3,-5.6,ANOMALY,14,18.33
JP,7936.T,2026-03-31,41.2,-26.1,ANOMALY,16,14.46
JP,7936.T,2026-06-30,47.7,-31.2,ANOMALY,13,11.68
JP,7951.T,2020-01-31,35.0,-56.2,validated_decline,38,-17.4
JP,7951.T,2021-06-30,40.2,-40.4,ANOMALY,63,12.6
JP,7951.T,2022-08-31,44.3,-14.8,ageout_validated,90,-0.24
JP,7951.T,2022-11-30,51.2,-7.5,ageout_validated,90,-4.44
JP,7951.T,2023-08-31,34.5,-141.5,validated_decline,63,-16.34
JP,7951.T,2023-11-30,36.0,-118.1,ageout_validated,90,-5.95
JP,7951.T,2024-07-31,50.7,-35.5,validated_decline,2,-18.22
JP,7951.T,2025-05-30,47.0,-39.9,ageout_validated,90,-2.09
JP,7951.T,2025-08-29,42.7,-40.0,ANOMALY,75,10.42
JP,7951.T,2026-03-31,45.8,-38.4,ANOMALY,9,10.2
JP,7974.T,2018-05-31,51.4,-56.8,validated_decline,14,-17.49
JP,7974.T,2019-10-31,44.6,-73.2,ANOMALY,5,10.64
JP,7974.T,2020-01-31,30.4,-31.6,validated_decline,42,-18.52
JP,7974.T,2021-01-29,36.8,-5.2,ANOMALY,18,12.81
JP,7974.T,2021-06-30,47.5,-9.8,validated_decline,37,-18.9
JP,7974.T,2021-08-31,40.0,-129.1,ageout_validated,90,-1.81
JP,7974.T,2022-08-31,40.7,-22.5,ANOMALY,69,10.39
JP,7974.T,2023-02-28,32.8,-50.7,ANOMALY,49,11.15
JP,7974.T,2023-08-31,52.5,-25.4,ANOMALY,70,15.59
JP,7974.T,2024-04-30,48.1,-73.2,ANOMALY,16,11.4
JP,7974.T,2024-07-31,42.0,-33.6,validated_decline,5,-21.23
JP,7974.T,2024-09-30,45.4,-25.7,ANOMALY,58,11.67
JP,7974.T,2025-09-30,41.6,-48.5,ANOMALY,37,10.15
JP,7974.T,2025-12-30,32.4,-201.6,validated_decline,36,-15.31
JP,7974.T,2026-02-27,45.6,-166.6,ANOMALY,12,10.42
JP,7974.T,2026-04-30,29.4,-110.4,ageout_validated,90,-9.86
JP,8001.T,2018-02-28,47.7,-46.5,ageout_validated,90,1.57
JP,8001.T,2018-05-31,42.1,-20.7,ageout_validated,90,-3.96
JP,8001.T,2021-04-30,45.9,-12.9,ageout_validated,90,-3.76
JP,8001.T,2023-02-28,45.0,-4.2,ANOMALY,45,13.34
JP,8001.T,2023-08-31,46.1,-25.1,ANOMALY,76,11.72
JP,8001.T,2025-01-31,39.8,-68.5,validated_decline,20,-15.02
JP,8001.T,2026-03-31,43.0,-44.9,ageout_validated,90,-6.33
JP,8002.T,2020-01-31,42.7,-22.1,validated_decline,35,-16.0
JP,8002.T,2021-07-30,40.9,-33.3,ageout_validated,90,5.74
JP,8002.T,2023-08-31,51.2,-37.9,ageout_validated,90,-2.1
JP,8002.T,2023-12-29,45.0,-34.9,ANOMALY,17,10.39
JP,8002.T,2024-06-28,51.1,-5.9,validated_decline,35,-19.11
JP,8002.T,2024-08-30,46.8,-118.5,ageout_validated,90,-6.76
JP,8002.T,2025-01-31,55.7,-0.9,ANOMALY,47,11.67
JP,8002.T,2026-05-29,36.0,-102.6,ageout_validated,90,2.41
JP,8015.T,2018-02-28,39.3,-110.1,ageout_validated,90,-3.95
JP,8015.T,2018-05-31,37.7,-7.2,ageout_validated,90,1.86
JP,8015.T,2020-01-31,48.9,-14.4,validated_decline,32,-15.78
JP,8015.T,2021-08-31,41.8,-103.1,ANOMALY,69,10.09
JP,8015.T,2023-10-31,38.4,-83.6,ANOMALY,6,13.33
JP,8015.T,2024-05-31,46.1,-29.8,validated_decline,63,-17.54
JP,8015.T,2024-08-30,53.6,-55.2,ageout_validated,90,-6.81
JP,8015.T,2025-01-31,47.2,-4.2,validated_decline,66,-17.98
JP,8015.T,2026-03-31,43.0,-52.6,ANOMALY,9,11.01
JP,8015.T,2026-06-30,37.4,-100.4,ageout_validated,90,9.13
JP,8031.T,2018-03-30,48.6,-41.8,ANOMALY,53,10.1
JP,8031.T,2022-07-29,47.3,-48.9,ANOMALY,26,10.17
JP,8031.T,2023-01-31,45.8,-4.4,ANOMALY,34,10.47
JP,8031.T,2023-08-31,52.5,-6.8,ageout_validated,90,-0.17
JP,8031.T,2024-06-28,38.2,-64.4,validated_decline,35,-16.74
JP,8031.T,2024-08-30,48.6,-111.9,ANOMALY,38,11.94
JP,8031.T,2025-01-31,45.9,-47.5,validated_decline,66,-18.62
JP,8031.T,2026-05-29,33.1,-95.8,validated_decline,27,-15.95
JP,8031.T,2026-06-30,23.3,-183.3,ageout_validated,90,9.52
JP,8035.T,2018-09-28,34.6,-144.4,validated_decline,82,-17.26
JP,8035.T,2021-07-30,41.3,-62.2,ANOMALY,38,11.71
JP,8035.T,2022-08-31,43.9,-20.4,validated_decline,30,-17.28
JP,8035.T,2023-04-28,50.3,-22.4,ANOMALY,19,12.42
JP,8035.T,2023-09-29,48.1,-28.0,ANOMALY,45,10.45
JP,8035.T,2024-04-30,45.4,-100.0,validated_decline,86,-17.4
JP,8035.T,2024-07-31,43.9,-182.9,validated_decline,5,-28.9
JP,8035.T,2024-08-30,38.6,-148.3,validated_decline,10,-16.68
JP,8035.T,2024-10-31,44.1,-43.3,ANOMALY,68,15.81
JP,8035.T,2025-08-29,33.1,-224.8,ANOMALY,18,11.37
JP,8035.T,2026-03-31,39.9,-73.6,ANOMALY,8,13.91
JP,8053.T,2018-03-30,54.5,-31.3,ANOMALY,32,10.33
JP,8053.T,2018-05-31,34.8,-19.8,ageout_validated,90,0.25
JP,8053.T,2019-11-29,44.3,-25.2,ageout_validated,90,-4.4
JP,8053.T,2021-04-30,38.1,-45.7,ageout_validated,90,0.4
JP,8053.T,2023-08-31,58.3,-15.4,ANOMALY,71,11.14
JP,8053.T,2024-07-31,36.1,-45.6,validated_decline,5,-26.89
JP,8053.T,2024-08-30,48.7,-89.3,ageout_validated,90,-4.68
JP,8053.T,2026-03-31,48.2,-65.6,ANOMALY,31,18.34
JP,8053.T,2026-06-30,39.1,-94.9,ageout_validated,90,4.45
JP,8058.T,2018-02-28,47.9,-39.4,ageout_validated,90,2.71
JP,8058.T,2020-01-31,39.8,-23.8,validated_decline,41,-16.77
JP,8058.T,2021-04-30,47.7,-27.1,ageout_validated,90,1.89
JP,8058.T,2022-07-29,45.1,-55.7,ANOMALY,19,10.18
JP,8058.T,2023-10-31,46.4,-33.7,ANOMALY,78,10.04
JP,8058.T,2024-05-31,40.4,-44.7,validated_decline,66,-26.17
JP,8058.T,2024-10-31,44.1,-38.8,ageout_validated,90,-12.73
JP,8058.T,2025-01-31,45.6,-30.3,ANOMALY,46,10.12
JP,8058.T,2025-12-30,45.4,-35.3,ANOMALY,14,10.96
JP,8058.T,2026-04-30,46.9,-81.7,ANOMALY,12,10.22
JP,8058.T,2026-06-30,27.8,-147.2,ANOMALY,22,12.45
JP,8113.T,2020-12-30,47.8,-10.7,ageout_validated,90,-4.21
JP,8113.T,2021-04-30,37.6,-64.8,ageout_validated,90,4.52
JP,8113.T,2021-10-29,47.3,-82.0,ANOMALY,60,10.63
JP,8113.T,2022-10-31,42.8,-46.5,ANOMALY,11,11.1
JP,8113.T,2023-01-31,52.0,-25.7,ANOMALY,57,11.29
JP,8113.T,2023-05-31,48.5,-24.0,ANOMALY,70,10.39
JP,8113.T,2023-09-29,30.2,-54.4,ageout_validated,90,-3.38
JP,8113.T,2024-02-29,38.4,-10.2,ageout_validated,90,-1.09
JP,8113.T,2024-07-31,39.6,-23.5,ageout_validated,90,-1.24
JP,8113.T,2024-10-31,43.5,-38.6,validated_decline,11,-16.51
JP,8113.T,2025-01-31,36.5,-50.3,ANOMALY,81,11.28
JP,8113.T,2025-05-30,38.1,-111.8,ageout_validated,90,-14.02
JP,8113.T,2025-08-29,39.8,-49.1,ageout_validated,90,-6.39
JP,8113.T,2025-11-28,38.5,-60.5,ANOMALY,70,10.29
JP,8113.T,2026-03-31,45.7,-61.7,ageout_validated,90,2.7
JP,8267.T,2018-01-31,39.5,-6.6,ANOMALY,75,10.43
JP,8267.T,2021-04-30,34.9,-83.3,ageout_validated,90,0.59
JP,8267.T,2021-10-29,36.5,-113.6,ageout_validated,90,-4.28
JP,8267.T,2023-01-31,48.9,-63.1,ageout_validated,90,6.06
JP,8267.T,2023-09-29,42.7,-15.5,ageout_validated,90,7.17
JP,8267.T,2024-04-30,40.5,-72.9,ageout_validated,90,1.94
JP,8267.T,2024-10-31,47.2,-22.4,ageout_validated,90,-0.48
JP,8267.T,2025-12-30,51.4,-21.5,validated_decline,63,-15.97
JP,8267.T,2026-03-31,32.6,-141.7,validated_decline,23,-15.92
JP,8267.T,2026-04-30,23.2,-229.5,ageout_validated,90,-11.19
JP,8306.T,2018-02-28,38.0,-93.1,ageout_validated,90,-8.95
JP,8306.T,2018-05-31,24.4,-51.5,ageout_validated,90,4.56
JP,8306.T,2020-01-31,39.0,-31.6,validated_decline,38,-23.94
JP,8306.T,2021-04-30,46.9,-25.9,ANOMALY,35,10.1
JP,8306.T,2021-06-30,44.7,-22.2,ANOMALY,86,11.36
JP,8306.T,2022-08-31,46.0,-2.8,ageout_validated,90,8.55
JP,8306.T,2023-03-31,45.0,-128.4,ANOMALY,48,11.53
JP,8306.T,2023-12-29,45.8,-44.5,ANOMALY,26,14.24
JP,8306.T,2024-08-30,47.8,-77.4,ANOMALY,68,14.2
JP,8306.T,2026-03-31,44.7,-63.1,ANOMALY,8,10.96
JP,8308.T,2018-02-28,36.9,-95.1,ageout_validated,90,2.22
JP,8308.T,2019-11-29,44.9,-4.3,ageout_validated,90,-9.57
JP,8308.T,2020-12-30,44.0,-38.2,ANOMALY,40,12.46
JP,8308.T,2021-04-30,50.0,-17.9,ageout_validated,90,-7.51
JP,8308.T,2021-07-30,35.8,-70.3,ANOMALY,45,10.34
JP,8308.T,2021-10-29,39.0,-8.8,ANOMALY,69,10.05
JP,8308.T,2023-03-31,45.2,-158.2,ageout_validated,90,7.85
JP,8308.T,2023-10-31,48.5,-35.0,ageout_validated,90,1.18
JP,8308.T,2024-12-30,44.4,-42.9,ANOMALY,73,11.75
JP,8308.T,2025-12-30,40.8,-18.4,ANOMALY,14,12.73
JP,8308.T,2026-03-31,45.0,-52.2,ANOMALY,8,11.61
JP,8309.T,2018-02-28,40.1,-54.5,ANOMALY,56,10.55
JP,8309.T,2020-01-31,39.1,-45.9,validated_decline,35,-17.51
JP,8309.T,2021-04-30,47.9,-18.3,ageout_validated,90,-3.44
JP,8309.T,2023-03-31,43.7,-72.8,ANOMALY,40,10.5
JP,8309.T,2023-12-29,50.0,-28.2,ANOMALY,26,10.05
JP,8309.T,2024-08-30,50.4,-2.2,ageout_validated,90,4.99
JP,8309.T,2026-03-31,45.8,-51.5,ANOMALY,15,10.93
JP,8316.T,2018-02-28,40.7,-65.1,ageout_validated,90,-0.87
JP,8316.T,2020-01-31,40.2,-36.8,validated_decline,35,-18.23
JP,8316.T,2021-04-30,44.9,-40.1,ageout_validated,90,-2.16
JP,8316.T,2021-07-30,40.0,-49.4,ANOMALY,59,11.39
JP,8316.T,2021-10-29,38.4,-18.6,ANOMALY,68,10.05
JP,8316.T,2023-03-31,46.8,-98.7,ANOMALY,75,10.97
JP,8316.T,2023-12-29,45.1,-66.9,ANOMALY,26,12.01
JP,8316.T,2024-08-30,45.2,-61.6,ANOMALY,68,11.28
JP,8316.T,2026-03-31,41.9,-91.4,ANOMALY,8,12.29
JP,8411.T,2018-02-28,43.9,-45.0,ageout_validated,90,-1.11
JP,8411.T,2018-05-31,27.4,-14.0,ageout_validated,90,3.85
JP,8411.T,2020-01-31,34.9,-35.9,validated_decline,35,-15.69
JP,8411.T,2020-12-30,42.8,-37.7,ANOMALY,14,10.1
JP,8411.T,2021-04-30,45.7,-35.4,ANOMALY,19,10.75
JP,8411.T,2021-06-30,41.2,-33.8,ageout_validated,90,5.13
JP,8411.T,2021-10-29,37.9,-28.2,ageout_validated,90,2.72
JP,8411.T,2023-03-31,44.7,-105.4,ANOMALY,47,10.86
JP,8411.T,2023-12-29,47.8,-52.3,ANOMALY,26,11.63
JP,8411.T,2024-08-30,46.9,-60.2,ANOMALY,67,10.32
JP,8411.T,2026-03-31,44.2,-94.1,ANOMALY,8,14.11
JP,8473.T,2018-02-28,52.0,-27.3,ANOMALY,44,12.99
JP,8473.T,2019-11-29,45.3,-30.2,ANOMALY,63,13.42
JP,8473.T,2020-12-30,32.3,-80.1,ANOMALY,8,11.07
JP,8473.T,2021-05-31,42.4,-98.5,ageout_validated,90,-6.66
JP,8473.T,2023-03-31,48.9,-52.0,ageout_validated,90,5.62
JP,8473.T,2024-04-30,53.2,-11.7,ageout_validated,90,0.55
JP,8473.T,2024-07-31,46.6,-41.6,validated_decline,5,-26.85
JP,8473.T,2024-08-30,47.7,-60.5,ageout_validated,90,5.68
JP,8473.T,2025-09-30,49.2,-1.9,ANOMALY,9,19.72
JP,8473.T,2026-02-27,45.5,-58.6,ageout_validated,90,-11.2
JP,8473.T,2026-05-29,38.2,-33.1,ageout_validated,90,-1.67
JP,8591.T,2018-02-28,44.5,-59.1,ageout_validated,90,-0.86
JP,8591.T,2018-05-31,30.9,-28.0,ageout_validated,90,-1.04
JP,8591.T,2021-04-30,41.8,-51.3,ANOMALY,28,11.01
JP,8591.T,2022-08-31,52.2,-2.4,ageout_validated,90,-1.08
JP,8591.T,2023-03-31,45.9,-81.7,ANOMALY,48,11.72
JP,8591.T,2023-10-31,49.2,-26.5,ageout_validated,90,5.38
JP,8591.T,2024-09-30,45.5,-18.7,ageout_validated,90,2.77
JP,8591.T,2025-01-31,49.8,-12.0,validated_decline,66,-18.92
JP,8591.T,2026-03-31,41.3,-85.0,ANOMALY,16,10.03
JP,8601.T,2018-02-28,42.1,-52.4,ageout_validated,90,-7.95
JP,8601.T,2018-05-31,28.2,-39.3,ageout_validated,90,6.85
JP,8601.T,2021-06-30,43.2,-16.6,ANOMALY,72,12.83
JP,8601.T,2023-03-31,54.3,-18.5,ANOMALY,70,11.84
JP,8601.T,2024-08-30,46.7,-95.0,ageout_validated,90,-3.03
JP,8601.T,2026-03-31,46.8,-20.6,ANOMALY,78,10.1
JP,8604.T,2018-02-28,43.5,-66.5,ageout_validated,90,-10.92
JP,8604.T,2018-05-31,18.0,-75.3,ageout_validated,90,-8.17
JP,8604.T,2021-06-30,42.3,-34.0,ageout_validated,90,2.77
JP,8604.T,2023-03-31,50.5,-71.1,ageout_validated,90,7.16
JP,8604.T,2023-10-31,46.4,-39.5,ANOMALY,50,11.3
JP,8604.T,2024-04-30,46.5,-14.5,ANOMALY,78,10.67
JP,8604.T,2024-08-30,50.6,-51.4,ANOMALY,70,10.19
JP,8604.T,2026-03-31,43.4,-95.1,ANOMALY,8,10.84
JP,8630.T,2018-02-28,43.1,-76.0,ANOMALY,57,11.15
JP,8630.T,2019-10-31,47.4,-41.5,ageout_validated,90,-3.35
JP,8630.T,2020-01-31,36.2,-40.0,validated_decline,38,-17.35
JP,8630.T,2021-02-26,40.5,-12.4,ANOMALY,81,10.53
JP,8630.T,2021-06-30,39.4,-37.7,ANOMALY,27,11.32
JP,8630.T,2023-01-31,40.2,-16.7,ageout_validated,90,4.91
JP,8630.T,2023-07-31,45.4,-11.3,ageout_validated,90,4.5
JP,8630.T,2024-09-30,48.2,-4.0,ANOMALY,50,11.34
JP,8630.T,2025-05-30,46.5,-46.6,ANOMALY,80,10.21
JP,8630.T,2025-09-30,47.6,-7.5,ANOMALY,63,11.04
JP,8630.T,2026-04-30,45.6,-20.6,ANOMALY,19,11.01
JP,8697.T,2018-02-28,42.4,-78.0,ANOMALY,54,10.05
JP,8697.T,2021-02-26,35.4,-90.5,ANOMALY,13,10.75
JP,8697.T,2021-05-31,44.4,-30.5,ageout_validated,90,3.68
JP,8697.T,2021-10-29,42.3,-17.6,validated_decline,88,-15.37
JP,8697.T,2022-08-31,41.7,-2.7,ageout_validated,90,-2.8
JP,8697.T,2023-07-31,60.5,-18.2,ANOMALY,57,11.51
JP,8697.T,2024-04-30,37.2,-53.3,ageout_validated,90,-1.65
JP,8697.T,2024-07-31,33.7,-35.9,validated_decline,5,-18.29
JP,8697.T,2024-08-30,44.2,-66.1,ANOMALY,27,12.83
JP,8697.T,2024-12-30,41.3,-34.6,ageout_validated,90,-9.14
JP,8697.T,2025-06-30,30.3,-58.2,ANOMALY,46,14.76
JP,8697.T,2025-12-30,44.1,-37.0,ANOMALY,48,10.5
JP,8697.T,2026-03-31,44.7,-9.5,ANOMALY,55,10.74
JP,8725.T,2018-02-28,31.2,-119.8,ANOMALY,51,10.22
JP,8725.T,2018-05-31,34.2,-17.2,ageout_validated,90,0.58
JP,8725.T,2021-01-29,34.9,-10.9,ANOMALY,48,12.42
JP,8725.T,2021-04-30,40.1,-23.4,ANOMALY,35,10.02
JP,8725.T,2021-06-30,43.2,-32.0,ANOMALY,43,10.1
JP,8725.T,2021-10-29,48.0,-4.1,ageout_validated,90,6.43
JP,8725.T,2022-08-31,48.9,-22.6,ageout_validated,90,1.25
JP,8725.T,2023-03-31,46.9,-51.8,ANOMALY,39,11.18
JP,8725.T,2024-08-30,51.4,-35.3,ANOMALY,69,11.83
JP,8725.T,2025-01-31,44.3,-49.8,ANOMALY,56,10.31
JP,8725.T,2025-06-30,46.5,-36.9,ANOMALY,46,11.42
JP,8725.T,2025-09-30,49.8,-10.5,ANOMALY,73,10.76
JP,8725.T,2026-03-31,50.8,-6.6,ANOMALY,49,11.68
JP,8750.T,2018-02-28,39.3,-94.1,ANOMALY,79,11.01
JP,8750.T,2018-05-31,35.0,-1.7,ageout_validated,90,5.05
JP,8750.T,2020-01-31,30.2,-83.1,validated_decline,33,-15.22
JP,8750.T,2020-12-30,41.6,-71.1,ANOMALY,8,11.37
JP,8750.T,2021-06-30,41.5,-64.2,ANOMALY,64,10.4
JP,8750.T,2022-07-29,39.4,-89.3,ageout_validated,90,0.89
JP,8750.T,2023-02-28,44.8,-24.1,validated_decline,14,-15.83
JP,8750.T,2023-03-31,44.7,-185.6,ANOMALY,82,10.16
JP,8750.T,2023-08-31,53.1,-27.8,ANOMALY,11,11.01
JP,8750.T,2023-12-29,46.2,-54.2,ANOMALY,49,13.07
JP,8750.T,2024-04-30,55.5,-21.1,ANOMALY,28,11.87
JP,8750.T,2024-08-30,51.4,-37.4,validated_decline,18,-16.59
JP,8750.T,2024-09-30,45.6,-105.8,ANOMALY,38,15.89
JP,8750.T,2025-09-30,45.0,-29.6,ANOMALY,76,11.02
JP,8750.T,2026-03-31,50.5,-32.4,ANOMALY,45,13.86
JP,8766.T,2018-02-28,44.9,-50.8,ANOMALY,79,12.4
JP,8766.T,2020-01-31,42.5,-14.4,validated_decline,38,-15.15
JP,8766.T,2021-02-26,43.1,-6.1,ageout_validated,90,-0.54
JP,8766.T,2021-06-30,45.5,-34.0,ANOMALY,69,10.88
JP,8766.T,2023-01-31,43.3,-23.8,ageout_validated,90,2.83
JP,8766.T,2023-07-31,54.6,-15.7,ANOMALY,50,10.0
JP,8766.T,2023-10-31,47.9,-20.2,ANOMALY,20,10.59
JP,8766.T,2023-12-29,48.6,-25.9,ANOMALY,33,11.36
JP,8766.T,2024-08-30,51.3,-44.1,ANOMALY,70,10.09
JP,8766.T,2025-01-31,37.7,-78.2,ANOMALY,45,10.64
JP,8766.T,2025-10-31,36.9,-66.5,ageout_validated,90,-2.27
JP,8795.T,2018-02-28,36.5,-100.4,ANOMALY,79,10.88
JP,8795.T,2020-01-31,22.9,-116.9,validated_decline,33,-17.3
JP,8795.T,2021-04-30,45.4,-69.6,ANOMALY,18,12.85
JP,8795.T,2021-06-30,47.3,-4.3,ANOMALY,79,10.38
JP,8795.T,2021-10-29,40.6,-2.5,ANOMALY,70,10.6
JP,8795.T,2022-07-29,40.9,-49.2,ageout_validated,90,-1.42
JP,8795.T,2023-03-31,42.2,-246.0,ANOMALY,46,14.81
JP,8795.T,2023-11-30,29.8,-136.0,ANOMALY,48,10.47
JP,8795.T,2024-08-30,47.4,-104.2,ANOMALY,90,17.19
JP,8795.T,2025-06-30,45.5,-1.9,ANOMALY,23,12.65
JP,8795.T,2025-09-30,43.7,-56.1,ageout_validated,90,1.57
JP,8795.T,2026-03-31,56.3,-9.5,ANOMALY,66,10.97
JP,8801.T,2018-02-28,41.8,-61.5,ANOMALY,58,10.01
JP,8801.T,2019-12-30,40.3,-15.2,ANOMALY,36,10.68
JP,8801.T,2021-04-30,42.8,-53.4,ANOMALY,28,10.36
JP,8801.T,2021-07-30,41.9,-22.0,ageout_validated,90,3.62
JP,8801.T,2022-08-31,44.7,-20.1,ageout_validated,90,-0.61
JP,8801.T,2022-11-30,51.6,-29.9,validated_decline,21,-15.43
JP,8801.T,2024-05-31,44.6,-113.5,ageout_validated,90,7.22
JP,8801.T,2024-09-30,40.9,-71.5,ageout_validated,90,-5.16
JP,8801.T,2025-05-30,49.6,-15.9,ANOMALY,70,12.16
JP,8801.T,2026-03-31,32.6,-148.0,ageout_validated,90,-8.15
JP,8802.T,2018-02-28,39.3,-85.5,ANOMALY,75,14.25
JP,8802.T,2019-11-29,41.3,-33.8,ANOMALY,59,12.76
JP,8802.T,2020-12-30,43.1,-69.1,ANOMALY,40,10.44
JP,8802.T,2021-04-30,35.0,-58.0,ageout_validated,90,-3.68
JP,8802.T,2021-07-30,35.7,-63.8,ageout_validated,90,2.72
JP,8802.T,2021-10-29,44.3,-2.6,ageout_validated,90,-5.79
JP,8802.T,2022-08-31,43.6,-30.1,ageout_validated,90,4.41
JP,8802.T,2023-01-31,44.7,-53.2,ageout_validated,90,0.68
JP,8802.T,2023-12-29,46.7,-8.4,ANOMALY,17,10.99
JP,8802.T,2024-05-31,44.7,-92.5,validated_decline,66,-21.48
JP,8802.T,2024-09-30,43.9,-28.8,ageout_validated,90,-2.04
JP,8802.T,2026-03-31,40.6,-65.2,ANOMALY,8,10.44
JP,8802.T,2026-05-29,39.4,-110.6,ageout_validated,90,1.36
JP,8830.T,2018-02-28,45.0,-35.2,ANOMALY,58,11.88
JP,8830.T,2018-05-31,39.9,-4.2,ageout_validated,90,-6.9
JP,8830.T,2019-10-31,45.3,-20.6,ageout_validated,90,0.41
JP,8830.T,2020-12-30,40.8,-49.8,ANOMALY,40,13.2
JP,8830.T,2021-04-30,44.2,-56.8,ANOMALY,40,13.49
JP,8830.T,2021-07-30,31.8,-88.9,ANOMALY,40,11.43
JP,8830.T,2022-08-31,42.2,-33.8,ANOMALY,85,10.63
JP,8830.T,2023-03-31,47.4,-66.5,ANOMALY,42,13.08
JP,8830.T,2023-08-31,58.2,-3.3,ANOMALY,7,10.91
JP,8830.T,2023-10-31,49.9,-35.2,ANOMALY,13,10.15
JP,8830.T,2024-05-31,38.9,-117.9,validated_decline,66,-24.19
JP,8830.T,2024-10-31,42.8,-40.1,ANOMALY,88,11.57
JP,8830.T,2026-03-31,39.5,-74.3,ANOMALY,8,12.82
JP,8830.T,2026-05-29,32.1,-230.2,ageout_validated,90,-0.32
JP,9020.T,2018-02-28,33.0,-92.7,ageout_validated,90,7.61
JP,9020.T,2019-10-31,35.1,-29.1,ageout_validated,90,1.33
JP,9020.T,2020-01-31,38.5,-3.2,validated_decline,32,-15.67
JP,9020.T,2021-04-30,47.0,-67.0,ANOMALY,34,12.6
JP,9020.T,2021-07-30,30.1,-77.1,ageout_validated,90,-0.4
JP,9020.T,2021-10-29,42.2,-6.3,ageout_validated,90,-9.55
JP,9020.T,2022-11-30,51.8,-4.5,ageout_validated,90,-11.59
JP,9020.T,2023-10-31,46.9,-74.5,ageout_validated,90,6.57
JP,9020.T,2024-05-31,35.0,-42.5,ageout_validated,90,2.47
JP,9020.T,2024-12-30,45.9,-48.8,ANOMALY,87,10.34
JP,9020.T,2025-05-30,41.6,-22.2,ANOMALY,63,10.36
JP,9020.T,2026-01-30,41.9,-42.4,ageout_validated,90,-12.04
JP,9021.T,2018-02-28,28.9,-105.1,ANOMALY,62,12.14
JP,9021.T,2019-12-30,41.3,-14.4,validated_decline,59,-16.14
JP,9021.T,2021-07-30,37.1,-79.0,ageout_validated,90,-8.53
JP,9021.T,2021-10-29,48.5,-9.0,ageout_validated,90,-11.71
JP,9021.T,2022-07-29,54.0,-10.6,ANOMALY,33,11.49
JP,9021.T,2023-01-31,43.0,-28.8,ANOMALY,83,10.92
JP,9021.T,2023-07-31,51.5,-34.0,ANOMALY,36,10.2
JP,9021.T,2023-10-31,46.0,-86.4,ageout_validated,90,6.47
JP,9021.T,2024-04-30,43.4,-39.3,ageout_validated,90,-2.64
JP,9021.T,2024-08-30,50.8,-19.5,ageout_validated,90,3.13
JP,9021.T,2025-09-30,40.3,-11.9,ageout_validated,90,-2.93
JP,9021.T,2026-03-31,42.6,-32.8,validated_decline,56,-15.92
JP,9021.T,2026-05-29,25.4,-133.1,ANOMALY,39,10.79
JP,9022.T,2018-02-28,44.1,-37.9,ANOMALY,58,10.51
JP,9022.T,2019-11-29,40.7,-4.7,validated_decline,90,-16.54
JP,9022.T,2021-04-30,48.7,-70.3,ANOMALY,34,10.04
JP,9022.T,2021-07-30,37.1,-69.2,ANOMALY,61,11.3
JP,9022.T,2022-11-30,50.0,-21.9,ageout_validated,90,-7.94
JP,9022.T,2023-10-31,45.8,-83.0,ANOMALY,77,10.25
JP,9022.T,2024-04-30,44.8,-49.3,ageout_validated,90,-3.29
JP,9022.T,2024-08-30,52.8,-9.7,ageout_validated,90,-7.57
JP,9022.T,2024-12-30,46.1,-66.0,ageout_validated,90,0.6
JP,9022.T,2025-10-31,24.9,-39.8,ANOMALY,25,11.44
JP,9022.T,2026-01-30,50.7,-21.1,ANOMALY,20,11.56
JP,9022.T,2026-03-31,37.0,-81.3,validated_decline,58,-15.01
JP,9022.T,2026-05-29,29.8,-145.2,ANOMALY,53,10.32
JP,9023.T,2024-12-30,45.4,-65.3,ANOMALY,45,11.82
JP,9023.T,2025-05-30,43.9,-31.6,ageout_validated,90,-5.42
JP,9023.T,2025-10-31,41.6,-42.8,ageout_validated,90,1.08
JP,9023.T,2026-03-31,48.8,-22.8,validated_decline,65,-15.35
JP,9064.T,2019-09-30,28.0,-87.0,ANOMALY,24,14.36
JP,9064.T,2020-01-31,43.3,-47.9,ANOMALY,7,10.99
JP,9064.T,2020-11-30,47.8,-22.8,ANOMALY,71,11.0
JP,9064.T,2021-08-31,30.6,-131.9,ageout_validated,90,-6.97
JP,9064.T,2022-08-31,40.2,-23.1,ageout_validated,90,7.33
JP,9064.T,2023-09-29,36.0,-62.5,ANOMALY,68,11.15
JP,9064.T,2024-01-31,43.6,-27.6,validated_decline,36,-15.02
JP,9064.T,2024-03-29,39.8,-74.9,validated_decline,41,-17.66
JP,9064.T,2024-05-31,44.1,-156.6,ageout_validated,90,-6.33
JP,9064.T,2024-08-30,51.0,-33.9,ageout_validated,90,4.51
JP,9064.T,2025-06-30,42.6,-37.4,ANOMALY,31,13.73
JP,9064.T,2025-10-31,41.7,-25.8,ageout_validated,90,-10.57
JP,9064.T,2026-01-30,31.5,-76.8,validated_decline,52,-15.81
JP,9064.T,2026-03-31,41.3,-74.4,ageout_validated,90,6.28
JP,9101.T,2018-02-28,30.1,-177.7,ageout_validated,90,-3.02
JP,9101.T,2018-05-31,32.7,-20.5,ageout_validated,90,-4.19
JP,9101.T,2019-11-29,41.3,-17.8,validated_decline,90,-15.38
JP,9101.T,2023-03-31,44.9,-21.6,ANOMALY,12,10.07
JP,9101.T,2023-05-31,39.0,-81.2,ANOMALY,34,10.51
JP,9101.T,2023-10-31,39.1,-51.2,ANOMALY,34,10.2
JP,9101.T,2024-02-29,49.1,-5.5,validated_decline,33,-15.4
JP,9101.T,2024-06-28,47.8,-32.1,ANOMALY,62,10.47
JP,9101.T,2025-01-31,48.4,-50.8,ageout_validated,90,-1.84
JP,9101.T,2025-09-30,35.5,-2.5,ageout_validated,90,0.49
JP,9101.T,2026-05-29,38.4,-90.5,ageout_validated,90,9.05
JP,9104.T,2018-02-28,35.2,-133.0,ageout_validated,90,-12.23
JP,9104.T,2018-05-31,23.9,-81.8,ageout_validated,90,5.8
JP,9104.T,2019-11-29,42.4,-16.2,validated_decline,88,-16.1
JP,9104.T,2021-01-29,39.1,-54.4,ANOMALY,19,12.01
JP,9104.T,2021-10-29,51.8,-157.5,ANOMALY,39,13.83
JP,9104.T,2023-01-31,45.7,-8.1,ANOMALY,24,12.95
JP,9104.T,2023-05-31,44.6,-53.1,ANOMALY,27,10.55
JP,9104.T,2023-10-31,39.5,-37.3,ANOMALY,48,13.13
JP,9104.T,2024-03-29,39.3,-85.3,ANOMALY,46,10.85
JP,9104.T,2024-06-28,45.9,-42.7,ANOMALY,6,10.0
JP,9104.T,2024-07-31,51.0,-66.6,validated_decline,5,-16.77
JP,9104.T,2025-06-30,44.7,-35.6,ageout_validated,90,-2.63
JP,9104.T,2025-09-30,31.0,-38.9,ageout_validated,90,4.49
JP,9104.T,2026-04-30,41.7,-51.4,validated_decline,62,-15.23
JP,9107.T,2018-02-28,30.2,-101.5,ageout_validated,90,-11.19
JP,9107.T,2018-05-31,27.4,-64.3,validated_decline,35,-15.49
JP,9107.T,2020-01-31,26.2,-174.9,validated_decline,28,-18.06
JP,9107.T,2021-01-29,39.0,-40.2,ANOMALY,24,12.78
JP,9107.T,2021-07-30,57.7,-2.5,ANOMALY,4,11.69
JP,9107.T,2021-10-29,50.4,-135.3,validated_decline,20,-16.51
JP,9107.T,2022-08-31,40.9,-5.2,validated_decline,20,-16.89
JP,9107.T,2024-03-29,37.2,-111.7,ANOMALY,42,13.63
JP,9107.T,2024-07-31,48.2,-52.4,validated_decline,5,-28.16
JP,9107.T,2024-08-30,50.1,-73.8,ageout_validated,90,-4.19
JP,9107.T,2025-01-31,40.5,-84.1,ANOMALY,13,10.14
JP,9107.T,2025-06-30,47.2,-21.1,ANOMALY,46,10.57
JP,9107.T,2025-09-30,34.9,-5.4,ageout_validated,90,3.28
JP,9107.T,2026-04-30,48.5,-32.1,ageout_validated,90,7.47
JP,9147.T,2023-08-31,42.4,-88.6,ageout_validated,90,4.76
JP,9147.T,2024-02-29,34.3,-66.3,ageout_validated,90,-3.9
JP,9147.T,2024-05-31,50.1,-34.6,validated_decline,66,-15.03
JP,9147.T,2024-12-30,43.0,-33.8,ANOMALY,49,13.33
JP,9147.T,2025-10-31,42.3,-19.1,ageout_validated,90,7.44
JP,9147.T,2026-03-31,42.7,-32.5,ANOMALY,28,18.57
JP,9201.T,2018-01-31,27.5,-35.4,ageout_validated,90,4.38
JP,9201.T,2020-01-31,28.4,-75.9,validated_decline,35,-18.53
JP,9201.T,2021-04-30,50.3,-88.2,ANOMALY,33,12.02
JP,9201.T,2021-07-30,38.3,-83.4,ANOMALY,56,11.83
JP,9201.T,2021-10-29,46.3,-18.1,validated_decline,31,-16.36
JP,9201.T,2022-07-29,53.8,-15.8,ANOMALY,33,11.24
JP,9201.T,2023-02-28,41.4,-42.6,ageout_validated,90,5.83
JP,9201.T,2023-08-31,47.7,-24.7,ageout_validated,90,-5.69
JP,9201.T,2023-12-29,45.0,-20.3,ageout_validated,90,5.08
JP,9201.T,2024-05-31,37.4,-58.5,validated_decline,66,-19.7
JP,9201.T,2025-09-30,37.0,-17.9,ageout_validated,90,-1.98
JP,9201.T,2026-03-31,39.5,-122.7,ANOMALY,76,10.31
JP,9202.T,2018-01-31,25.0,-25.8,ageout_validated,90,-2.49
JP,9202.T,2019-12-30,41.8,-23.6,validated_decline,58,-15.93
JP,9202.T,2020-12-30,47.1,-112.9,ANOMALY,50,10.63
JP,9202.T,2021-04-30,53.4,-48.1,ANOMALY,34,10.0
JP,9202.T,2021-07-30,42.6,-52.4,ANOMALY,59,12.17
JP,9202.T,2021-10-29,43.5,-21.7,validated_decline,32,-15.59
JP,9202.T,2022-07-29,52.4,-14.6,ANOMALY,46,11.52
JP,9202.T,2023-02-28,40.5,-20.3,ANOMALY,73,10.11
JP,9202.T,2023-08-31,47.2,-25.2,ageout_validated,90,-7.39
JP,9202.T,2024-04-30,40.6,-35.2,ageout_validated,90,-1.38
JP,9202.T,2024-07-31,37.9,-16.3,ageout_validated,90,3.84
JP,9202.T,2025-06-30,53.0,-9.9,ageout_validated,90,3.6
JP,9202.T,2025-09-30,37.3,-20.8,ageout_validated,90,4.58
JP,9202.T,2026-03-31,36.2,-87.9,ageout_validated,90,6.95
JP,9432.T,2018-01-31,38.5,-39.1,ageout_validated,90,2.51
JP,9432.T,2018-05-31,40.0,-2.4,ageout_validated,90,-2.13
JP,9432.T,2021-04-30,42.8,-19.4,ageout_validated,90,2.29
JP,9432.T,2021-07-30,37.3,-20.3,ANOMALY,35,10.87
JP,9432.T,2022-07-29,39.3,-8.3,ageout_validated,90,8.07
JP,9432.T,2022-11-30,41.7,-33.9,ageout_validated,90,3.32
JP,9432.T,2023-07-31,47.0,-23.0,ANOMALY,50,11.11
JP,9432.T,2024-04-30,41.8,-50.3,validated_decline,48,-15.16
JP,9432.T,2024-09-30,44.5,-21.6,ageout_validated,90,7.49
JP,9432.T,2025-01-31,47.0,-17.7,ageout_validated,90,-0.17
JP,9432.T,2025-06-30,52.3,-15.9,ageout_validated,90,3.31
JP,9432.T,2025-11-28,54.8,-13.6,ageout_validated,90,-2.37
JP,9432.T,2026-02-27,47.8,-29.6,ageout_validated,90,-0.43
JP,9432.T,2026-05-29,42.3,-13.0,ageout_validated,90,0.87
JP,9433.T,2018-01-31,37.2,-40.7,ageout_validated,90,8.17
JP,9433.T,2021-04-30,38.5,-28.2,ANOMALY,18,11.46
JP,9433.T,2021-06-30,42.9,-42.1,ANOMALY,76,10.97
JP,9433.T,2021-10-29,40.0,-4.3,ageout_validated,90,1.22
JP,9433.T,2022-11-30,42.5,-45.7,ageout_validated,90,-3.04
JP,9433.T,2023-07-31,34.6,-34.6,ANOMALY,45,10.68
JP,9433.T,2023-10-31,50.8,-4.0,ANOMALY,76,11.19
JP,9433.T,2024-02-29,41.2,-46.0,ageout_validated,90,-4.64
JP,9433.T,2024-06-28,49.3,-25.7,ANOMALY,52,10.06
JP,9433.T,2025-09-30,33.4,-50.7,ANOMALY,41,11.57
JP,9433.T,2026-01-30,40.3,-28.3,ageout_validated,90,0.56
JP,9434.T,2019-12-30,50.8,-31.1,ageout_validated,90,-1.3
JP,9434.T,2021-04-30,42.4,-0.5,ageout_validated,90,2.16
JP,9434.T,2023-05-31,37.0,-16.2,ANOMALY,85,10.47
JP,9434.T,2023-12-29,52.7,-13.5,ANOMALY,20,10.46
JP,9434.T,2024-04-30,57.3,-36.9,ageout_validated,90,2.64
JP,9434.T,2024-07-31,45.8,-6.8,ageout_validated,90,-0.74
JP,9434.T,2025-07-31,50.9,-13.4,ANOMALY,18,12.9
JP,9434.T,2025-09-30,37.1,-23.7,ageout_validated,90,-0.55
JP,9434.T,2025-12-30,43.1,-22.2,ageout_validated,90,1.11
JP,9434.T,2026-06-30,42.5,-57.7,ageout_validated,90,5.38
JP,9501.T,2018-02-28,44.1,-82.3,ANOMALY,50,10.92
JP,9501.T,2019-10-31,31.3,-28.7,ageout_validated,90,-14.14
JP,9501.T,2020-01-31,37.8,-90.2,validated_decline,39,-15.4
JP,9501.T,2020-11-30,38.5,-18.2,ANOMALY,39,10.66
JP,9501.T,2021-04-30,39.2,-141.7,ANOMALY,33,11.46
JP,9501.T,2021-07-30,26.1,-87.3,ANOMALY,41,10.27
JP,9501.T,2022-07-29,43.9,-20.9,ageout_validated,90,-7.46
JP,9501.T,2023-10-31,49.5,-17.4,ANOMALY,37,20.09
JP,9501.T,2024-05-31,46.8,-31.2,validated_decline,49,-15.22
JP,9501.T,2024-07-31,30.2,-156.3,validated_decline,5,-23.08
JP,9501.T,2024-08-30,47.9,-96.0,validated_decline,75,-17.53
JP,9501.T,2024-12-30,37.9,-192.0,validated_decline,35,-16.08
JP,9501.T,2025-05-30,43.8,-56.1,ANOMALY,18,11.25
JP,9501.T,2025-09-30,49.9,-31.5,ANOMALY,9,14.74
JP,9501.T,2025-12-30,44.0,-153.8,ANOMALY,7,15.62
JP,9501.T,2026-01-30,35.4,-122.3,ANOMALY,13,14.8
JP,9501.T,2026-03-31,49.2,-33.3,validated_decline,65,-15.32
JP,9501.T,2026-06-30,33.2,-198.2,ANOMALY,15,10.28
JP,9502.T,2018-01-31,39.4,-10.7,ANOMALY,56,11.24
JP,9502.T,2019-11-29,42.3,-54.9,ageout_validated,90,-4.91
JP,9502.T,2020-12-30,50.9,-22.0,ANOMALY,69,12.47
JP,9502.T,2021-04-30,46.0,-56.6,ageout_validated,90,-0.04
JP,9502.T,2021-07-30,40.4,-22.4,ageout_validated,90,-3.55
JP,9502.T,2021-10-29,17.2,-54.1,ageout_validated,90,5.43
JP,9502.T,2022-10-31,33.5,-95.6,ANOMALY,53,10.73
JP,9502.T,2023-10-31,47.1,-62.2,ANOMALY,41,13.31
JP,9502.T,2024-06-28,41.3,-69.0,ageout_validated,90,-7.02
JP,9502.T,2024-09-30,42.6,-30.0,ageout_validated,90,-1.67
JP,9502.T,2026-01-30,48.6,-43.5,ANOMALY,11,13.67
JP,9503.T,2018-01-31,35.6,-18.0,ANOMALY,62,10.1
JP,9503.T,2020-01-31,47.0,-30.0,validated_decline,42,-22.66
JP,9503.T,2020-11-30,34.5,-21.6,ANOMALY,43,10.65
JP,9503.T,2021-04-30,43.1,-54.7,ageout_validated,90,-2.82
JP,9503.T,2021-07-30,38.2,-20.3,ANOMALY,45,10.04
JP,9503.T,2021-10-29,40.3,-35.5,ageout_validated,90,2.0
JP,9503.T,2022-10-31,39.9,-95.5,ANOMALY,53,11.54
JP,9503.T,2023-10-31,39.9,-66.1,ageout_validated,90,1.97
JP,9503.T,2024-02-29,47.2,-4.3,ANOMALY,15,10.73
JP,9503.T,2024-07-31,41.7,-49.5,validated_decline,5,-17.05
JP,9503.T,2024-09-30,45.1,-23.0,ANOMALY,8,11.65
JP,9503.T,2024-12-30,41.3,-170.6,ageout_validated,90,5.23
JP,9503.T,2025-05-30,45.5,-34.8,ANOMALY,54,11.24
JP,9503.T,2025-12-30,47.2,-9.0,ANOMALY,44,11.75
JP,9503.T,2026-04-30,47.6,-41.2,ageout_validated,90,-6.07
JP,9531.T,2019-10-31,39.9,-0.3,ageout_validated,90,-7.9
JP,9531.T,2020-01-31,24.1,-79.5,ANOMALY,59,11.19
JP,9531.T,2021-01-29,42.5,-9.0,ANOMALY,56,11.09
JP,9531.T,2021-04-30,33.6,-60.7,ageout_validated,90,-4.11
JP,9531.T,2021-07-30,47.5,-26.7,ageout_validated,90,-4.7
JP,9531.T,2021-10-29,50.6,-89.5,ANOMALY,76,10.11
JP,9531.T,2022-07-29,51.8,-5.3,ageout_validated,90,-0.15
JP,9531.T,2023-03-31,46.7,-41.7,ANOMALY,28,11.82
JP,9531.T,2023-12-29,38.8,-44.0,ageout_validated,90,7.26
JP,9531.T,2024-07-31,39.6,-51.6,ANOMALY,23,10.27
JP,9531.T,2024-09-30,44.0,-25.9,ANOMALY,31,12.95
JP,9531.T,2025-09-30,37.6,-32.5,ANOMALY,41,10.56
JP,9531.T,2026-04-30,41.9,-117.0,ageout_validated,90,-7.81
JP,9532.T,2018-02-28,43.0,-29.8,ANOMALY,56,10.49
JP,9532.T,2019-11-29,47.2,-23.4,ageout_validated,90,-12.28
JP,9532.T,2021-01-29,35.2,-46.4,ANOMALY,46,10.55
JP,9532.T,2021-04-30,58.0,-19.7,ageout_validated,90,-2.66
JP,9532.T,2021-07-30,49.9,-16.3,ageout_validated,90,-8.26
JP,9532.T,2021-10-29,21.2,-102.6,ageout_validated,90,3.92
JP,9532.T,2022-07-29,47.2,-34.3,ageout_validated,90,-7.32
JP,9532.T,2022-11-30,50.7,-16.7,ageout_validated,90,4.29
JP,9532.T,2024-07-31,47.9,-26.8,ageout_validated,90,-4.65
JP,9532.T,2025-01-31,29.9,-70.5,ANOMALY,21,11.78
JP,9532.T,2026-04-30,32.4,-87.5,ageout_validated,90,-4.75
JP,9684.T,2018-01-31,26.9,-52.9,ageout_validated,90,-5.77
JP,9684.T,2020-01-31,45.9,-9.5,validated_decline,27,-16.54
JP,9684.T,2021-05-31,44.5,-63.4,ANOMALY,79,10.09
JP,9684.T,2021-09-30,35.8,-31.1,ANOMALY,26,10.25
JP,9684.T,2022-11-30,35.1,-28.9,ageout_validated,90,-1.94
JP,9684.T,2023-05-31,34.1,-4.0,ANOMALY,16,10.78
JP,9684.T,2023-07-31,53.2,-37.6,validated_decline,7,-15.54
JP,9684.T,2023-08-31,39.4,-150.0,ageout_validated,90,-6.18
JP,9684.T,2024-03-29,42.3,-46.3,validated_decline,48,-15.65
JP,9684.T,2024-05-31,34.2,-209.7,ANOMALY,83,11.02
JP,9684.T,2025-09-30,34.2,-87.6,ageout_validated,90,-8.97
JP,9684.T,2025-12-30,42.0,-59.4,ageout_validated,90,-13.42
JP,9684.T,2026-03-31,46.5,-35.5,ANOMALY,49,11.08
JP,9684.T,2026-06-30,43.2,-72.8,ageout_validated,90,3.05
JP,9697.T,2018-04-30,36.8,-92.1,ANOMALY,9,12.13
JP,9697.T,2019-10-31,34.0,-20.7,ANOMALY,42,13.32
JP,9697.T,2021-02-26,41.0,-22.4,ANOMALY,25,10.34
JP,9697.T,2021-06-30,46.8,-54.5,ageout_validated,90,0.46
JP,9697.T,2023-09-29,37.4,-111.1,validated_decline,76,-15.86
JP,9697.T,2023-12-29,39.2,-91.1,ANOMALY,11,10.1
JP,9697.T,2024-04-30,43.3,-117.1,ANOMALY,31,10.62
JP,9697.T,2024-10-31,39.3,-15.8,ANOMALY,13,12.34
JP,9697.T,2025-07-31,28.5,-73.6,ANOMALY,18,10.58
JP,9697.T,2025-08-29,42.0,-64.4,ageout_validated,90,-4.27
JP,9697.T,2025-11-28,40.9,-83.7,validated_decline,68,-16.56
JP,9697.T,2026-05-29,37.3,-101.6,ANOMALY,39,10.25
JP,9735.T,2018-01-31,38.6,-0.5,ageout_validated,90,-0.16
JP,9735.T,2018-05-31,46.8,-0.5,ANOMALY,85,12.13
JP,9735.T,2019-11-29,33.3,-34.8,ageout_validated,90,-4.56
JP,9735.T,2020-12-30,45.8,-42.0,ageout_validated,90,-0.02
JP,9735.T,2021-04-30,42.1,-29.3,ageout_validated,90,-8.65
JP,9735.T,2021-07-30,39.4,-24.2,ageout_validated,90,-4.24
JP,9735.T,2021-10-29,34.6,-49.3,ageout_validated,90,3.59
JP,9735.T,2023-07-31,57.2,-22.0,ANOMALY,73,10.43
JP,9735.T,2023-12-29,46.2,-28.0,ANOMALY,17,10.04
JP,9735.T,2024-05-31,31.1,-91.0,ageout_validated,90,8.88
JP,9735.T,2025-01-31,49.0,-4.7,ageout_validated,90,2.4
JP,9735.T,2025-06-30,39.3,-16.5,ANOMALY,37,10.69
JP,9735.T,2025-10-31,43.3,-52.4,ANOMALY,75,10.32
JP,9735.T,2026-04-30,35.8,-38.1,ANOMALY,19,10.99
JP,9766.T,2018-02-28,44.1,-76.7,ageout_validated,90,-8.37
JP,9766.T,2018-05-31,39.0,-55.1,ANOMALY,21,11.55
JP,9766.T,2018-09-28,51.3,-84.3,ANOMALY,40,10.34
JP,9766.T,2019-10-31,36.6,-26.1,ageout_validated,90,-5.97
JP,9766.T,2020-01-31,29.4,-30.9,validated_decline,38,-18.63
JP,9766.T,2021-03-31,42.3,-62.8,ANOMALY,69,11.68
JP,9766.T,2021-07-30,37.9,-102.6,ANOMALY,24,10.76
JP,9766.T,2021-10-29,42.1,-40.3,validated_decline,77,-15.5
JP,9766.T,2022-08-31,40.1,-41.8,ageout_validated,90,-5.09
JP,9766.T,2023-09-29,42.7,-36.2,ageout_validated,90,-6.75
JP,9766.T,2024-04-30,48.7,-67.5,ANOMALY,14,12.94
JP,9766.T,2025-01-31,51.0,-43.4,ANOMALY,3,14.14
JP,9766.T,2025-07-31,50.3,-28.6,ANOMALY,1,10.04
JP,9766.T,2025-09-30,42.7,-71.6,ANOMALY,31,20.56
JP,9766.T,2025-12-30,38.4,-84.3,validated_decline,38,-16.17
JP,9766.T,2026-03-31,45.7,-10.3,ANOMALY,20,10.16
JP,9766.T,2026-05-29,44.8,-31.7,ageout_validated,90,-4.7
JP,9843.T,2018-04-30,49.9,-13.8,ageout_validated,90,-8.06
JP,9843.T,2021-01-29,36.0,-14.0,ageout_validated,90,-4.45
JP,9843.T,2021-04-30,40.0,-30.0,ageout_validated,90,6.35
JP,9843.T,2021-10-29,51.5,-45.9,validated_decline,59,-18.65
JP,9843.T,2022-08-31,40.8,-26.0,ANOMALY,72,15.68
JP,9843.T,2023-02-28,29.7,-67.5,ANOMALY,49,12.16
JP,9843.T,2023-06-30,34.6,-86.2,ageout_validated,90,4.25
JP,9843.T,2023-10-31,57.4,-30.7,ANOMALY,36,11.15
JP,9843.T,2024-04-30,35.9,-73.9,validated_decline,15,-15.51
JP,9843.T,2024-05-31,29.3,-229.6,ANOMALY,69,14.68
JP,9843.T,2024-10-31,32.3,-97.9,ageout_validated,90,-5.17
JP,9843.T,2025-05-30,30.9,-109.2,validated_decline,67,-15.8
JP,9843.T,2025-10-31,41.8,-77.6,ANOMALY,26,10.46
JP,9843.T,2026-01-30,49.0,-29.3,ANOMALY,11,10.66
JP,9843.T,2026-03-31,33.2,-128.3,ageout_validated,90,-1.39
JP,9843.T,2026-06-30,44.0,-34.1,ageout_validated,90,-1.74
JP,9962.T,2018-02-28,44.8,-88.4,ageout_validated,90,6.05
JP,9962.T,2021-03-31,44.7,-28.8,ANOMALY,55,10.42
JP,9962.T,2023-05-31,31.7,-35.9,validated_decline,63,-16.05
JP,9962.T,2023-08-31,49.2,-67.5,ageout_validated,90,-7.75
JP,9962.T,2024-02-29,51.8,-110.8,ANOMALY,61,13.79
JP,9962.T,2024-09-30,48.3,-12.3,ageout_validated,90,-5.29
JP,9962.T,2025-05-30,35.4,-99.8,ANOMALY,56,10.55
JP,9962.T,2025-11-28,49.5,-53.9,ANOMALY,14,14.22
JP,9962.T,2026-03-31,40.9,-79.6,ANOMALY,8,12.45
JP,9983.T,2018-02-28,42.1,-99.6,ANOMALY,43,10.17
JP,9983.T,2019-12-30,42.0,-3.1,validated_decline,59,-15.02
JP,9983.T,2021-03-31,41.4,-123.7,ageout_validated,90,-5.05
JP,9983.T,2021-06-30,48.0,-44.1,ageout_validated,90,-5.62
JP,9983.T,2021-10-29,53.7,-17.5,validated_decline,68,-15.23
JP,9983.T,2022-11-30,45.3,-15.7,ageout_validated,90,0.33
JP,9983.T,2023-08-31,49.3,-45.8,ANOMALY,76,10.22
JP,9983.T,2023-12-29,43.2,-10.9,ANOMALY,14,11.29
JP,9983.T,2024-04-30,41.6,-76.3,ageout_validated,90,-0.94
JP,9983.T,2025-01-31,53.9,-38.9,validated_decline,66,-17.96
JP,9983.T,2025-09-30,38.2,-35.6,ANOMALY,10,14.34
JP,9983.T,2026-03-31,40.2,-46.5,ANOMALY,10,22.57
JP,9984.T,2018-03-30,34.6,-88.0,ageout_validated,90,-1.36
JP,9984.T,2019-09-30,28.9,-106.1,ANOMALY,80,10.92
JP,9984.T,2021-03-31,43.5,-55.8,validated_decline,78,-15.36
JP,9984.T,2021-06-30,37.7,-99.8,validated_decline,47,-16.33
JP,9984.T,2021-08-31,29.1,-154.3,ANOMALY,7,12.33
JP,9984.T,2021-10-29,43.9,-21.2,ANOMALY,11,10.45
JP,9984.T,2023-02-28,32.7,-76.0,ageout_validated,90,0.88
JP,9984.T,2023-08-31,43.2,-48.8,ageout_validated,90,-7.26
JP,9984.T,2024-04-30,42.5,-125.6,ANOMALY,23,10.3
JP,9984.T,2024-07-31,31.3,-68.7,validated_decline,5,-30.15
JP,9984.T,2024-08-30,46.6,-116.0,ANOMALY,46,12.95
JP,9984.T,2025-11-28,36.9,-287.9,ANOMALY,7,14.62
JP,9984.T,2026-03-31,43.1,-110.7,ANOMALY,14,19.32
JP,9984.T,2026-06-30,42.5,-14.3,ANOMALY,14,10.25
KR,000100.KS,2021-02-26,34.5,-120.4,ANOMALY,54,10.48
KR,000100.KS,2021-06-30,45.1,-16.8,ageout_validated,90,-3.01
KR,000100.KS,2025-05-30,39.4,-72.6,ANOMALY,48,30.2
KR,000100.KS,2025-08-29,46.3,-2.4,ANOMALY,77,10.13
KR,000100.KS,2025-12-30,38.2,-37.6,validated_decline,64,-17.36
KR,000100.KS,2026-03-31,40.1,-82.9,validated_decline,65,-15.51
KR,000150.KS,2021-02-26,31.9,-105.0,ANOMALY,48,10.61
KR,000150.KS,2025-12-30,42.7,-117.9,ANOMALY,23,15.24
KR,000250.KQ,2021-01-29,35.7,-111.7,validated_decline,61,-15.42
KR,000250.KQ,2023-05-31,39.6,-193.8,validated_decline,29,-16.45
KR,000250.KQ,2026-04-30,37.0,-552.9,validated_decline,20,-16.49
KR,000250.KQ,2026-05-29,32.9,-383.3,validated_decline,10,-29.5
KR,000270.KS,2021-04-30,33.3,-42.4,ANOMALY,28,10.0
KR,000270.KS,2021-07-30,34.5,-29.8,ageout_validated,90,2.87
KR,000270.KS,2025-09-30,40.1,-30.3,ANOMALY,16,10.53
KR,000270.KS,2026-03-31,40.7,-33.8,ANOMALY,21,10.19
KR,000660.KS,2021-03-31,45.9,-5.7,ageout_validated,90,-5.66
KR,000660.KS,2021-07-30,31.2,-80.7,validated_decline,70,-16.44
KR,000720.KS,2021-02-26,41.3,-20.9,ANOMALY,28,10.68
KR,000720.KS,2021-07-30,41.5,-28.6,ageout_validated,90,-8.23
KR,000720.KS,2023-05-31,40.1,-0.7,ageout_validated,90,-6.53
KR,000720.KS,2023-12-28,42.4,-29.9,ageout_validated,90,-3.02
KR,000720.KS,2025-07-31,45.4,-81.3,validated_decline,53,-16.59
KR,000720.KS,2025-09-30,31.6,-133.4,ANOMALY,15,13.05
KR,000720.KS,2026-05-29,44.6,-141.6,validated_decline,10,-20.75
KR,000810.KS,2021-01-29,27.7,-59.9,ANOMALY,38,11.9
KR,000810.KS,2025-10-31,41.9,-14.8,ANOMALY,6,11.78
KR,000810.KS,2026-03-31,41.9,-104.5,ANOMALY,14,11.12
KR,000880.KS,2021-02-26,37.3,-25.5,ANOMALY,53,10.56
KR,000880.KS,2021-06-30,49.2,-9.9,ANOMALY,57,10.24
KR,000880.KS,2025-08-29,47.7,-122.8,ANOMALY,17,10.98
KR,000880.KS,2025-11-28,38.7,-130.0,ANOMALY,42,15.11
KR,000880.KS,2026-03-31,40.7,-94.5,ANOMALY,8,15.59
KR,000990.KS,2021-05-31,40.3,-90.2,ANOMALY,4,11.43
KR,000990.KS,2026-03-31,40.2,-130.0,ANOMALY,3,15.41
KR,001040.KS,2021-02-26,39.8,-46.7,ANOMALY,73,14.35
KR,001040.KS,2021-06-30,47.3,-5.5,ageout_validated,90,-6.64
KR,001040.KS,2023-05-31,39.1,-108.4,validated_decline,21,-16.25
KR,001040.KS,2025-10-31,45.7,-40.6,ANOMALY,20,10.9
KR,001040.KS,2025-12-30,45.3,-37.6,ANOMALY,16,10.47
KR,001040.KS,2026-03-31,45.7,-14.0,ANOMALY,16,12.96
KR,001040.KS,2026-05-29,31.9,-217.8,ANOMALY,3,13.17
KR,001450.KS,2020-11-30,34.6,-24.1,ageout_validated,90,2.57
KR,001450.KS,2021-05-31,52.2,-3.8,ANOMALY,78,11.27
KR,001450.KS,2023-05-31,35.4,-53.8,validated_decline,56,-15.4
KR,001450.KS,2025-10-31,43.9,-17.5,ANOMALY,27,10.44
KR,001450.KS,2026-01-30,48.6,-60.0,ANOMALY,11,17.05
KR,001450.KS,2026-03-31,46.3,-21.3,ANOMALY,45,10.61
KR,002790.KS,2021-06-30,21.8,-129.3,validated_decline,51,-15.16
KR,002790.KS,2023-05-31,24.1,-194.8,validated_decline,56,-15.46
KR,002790.KS,2025-08-29,39.3,-135.3,ANOMALY,83,13.79
KR,002790.KS,2025-12-30,43.9,-20.6,ANOMALY,35,11.36
KR,002790.KS,2026-03-31,48.0,-56.8,ANOMALY,27,10.85
KR,002790.KS,2026-05-29,34.3,-175.7,ageout_validated,90,3.28
KR,003490.KS,2021-07-30,39.6,-58.6,ANOMALY,49,10.2
KR,003490.KS,2023-05-31,37.9,-35.6,ANOMALY,19,10.41
KR,003490.KS,2025-09-30,38.5,-51.7,ageout_validated,90,0.22
KR,003550.KS,2021-02-26,40.7,-31.5,ANOMALY,48,16.61
KR,003550.KS,2021-05-31,18.2,-16.5,ageout_validated,90,-7.62
KR,003550.KS,2025-08-29,46.8,-78.3,ANOMALY,59,13.0
KR,003550.KS,2026-03-31,41.2,-78.7,ANOMALY,8,10.87
KR,003670.KS,2021-05-31,40.6,-65.5,ANOMALY,42,11.38
KR,003670.KS,2025-05-30,50.9,-149.4,ANOMALY,13,10.64
KR,003670.KS,2025-12-30,37.0,-60.7,ANOMALY,23,16.04
KR,003670.KS,2026-03-31,48.3,-75.4,ANOMALY,17,15.23
KR,004020.KS,2021-02-26,46.0,-41.1,ANOMALY,10,11.76
KR,004020.KS,2023-05-31,32.3,-56.4,ANOMALY,61,10.89
KR,004020.KS,2025-08-29,42.1,-62.2,ANOMALY,10,10.44
KR,004020.KS,2025-10-31,42.9,-30.8,ageout_validated,90,-4.39
KR,004020.KS,2026-03-31,45.8,-8.4,ANOMALY,8,12.48
KR,004170.KS,2021-06-30,41.4,-82.6,ageout_validated,90,-7.18
KR,004170.KS,2023-05-31,33.4,-25.0,ageout_validated,90,2.93
KR,004170.KS,2025-07-31,35.2,-50.5,ANOMALY,48,11.35
KR,004170.KS,2025-10-31,41.6,-20.4,ANOMALY,7,10.54
KR,004170.KS,2026-03-31,40.9,-36.6,ANOMALY,9,15.31
KR,005070.KS,2021-03-31,44.9,-63.5,ANOMALY,7,11.35
KR,005070.KS,2023-12-28,42.0,-59.6,ANOMALY,48,11.61
KR,005070.KS,2025-05-30,40.9,-220.2,ANOMALY,6,10.99
KR,005070.KS,2025-09-30,36.5,-42.7,ANOMALY,14,19.87
KR,005070.KS,2025-11-28,49.6,-75.3,ANOMALY,10,10.37
KR,005070.KS,2025-12-30,33.6,-105.7,ANOMALY,23,10.62
KR,005070.KS,2026-03-31,51.8,-18.9,ANOMALY,17,10.66
KR,005070.KS,2026-05-29,44.9,-85.4,validated_decline,10,-22.13
KR,005290.KQ,2021-01-29,32.5,-24.2,ANOMALY,18,10.03
KR,005290.KQ,2021-02-26,41.8,-64.0,ANOMALY,27,11.73
KR,005290.KQ,2021-04-30,40.1,-28.3,ageout_validated,90,-2.76
KR,005290.KQ,2025-05-30,46.2,-24.9,ANOMALY,19,10.95
KR,005290.KQ,2025-08-29,44.2,-38.0,ANOMALY,12,10.68
KR,005290.KQ,2025-11-28,49.0,-181.9,ANOMALY,3,11.07
KR,005290.KQ,2026-03-31,42.0,-94.0,ANOMALY,10,11.86
KR,005380.KS,2021-03-31,37.7,-89.9,ANOMALY,65,10.78
KR,005380.KS,2021-07-30,27.6,-57.2,ageout_validated,90,-3.67
KR,005380.KS,2025-09-30,45.2,-2.7,ANOMALY,16,12.56
KR,005380.KS,2026-03-31,38.8,-70.5,ANOMALY,8,14.03
KR,005490.KS,2021-01-29,35.5,-37.5,ANOMALY,12,10.39
KR,005490.KS,2023-05-31,43.4,-37.9,ANOMALY,22,10.0
KR,005490.KS,2025-05-30,50.1,-64.4,ANOMALY,32,10.4
KR,005490.KS,2025-08-29,38.9,-34.0,ANOMALY,56,14.01
KR,005490.KS,2026-03-31,43.5,-71.7,ANOMALY,9,10.38
KR,005830.KS,2021-01-29,24.9,-101.1,ANOMALY,25,10.6
KR,005830.KS,2023-05-31,39.5,-21.7,ANOMALY,79,10.68
KR,005830.KS,2025-10-31,34.0,-61.1,ANOMALY,10,10.73
KR,005830.KS,2026-05-29,33.1,-138.9,ANOMALY,45,11.18
KR,005930.KS,2021-02-26,48.5,-8.3,ageout_validated,90,-3.09
KR,005930.KS,2021-05-31,47.3,-34.7,ageout_validated,90,-7.29
KR,006260.KS,2023-05-31,40.9,-54.4,ANOMALY,16,15.1
KR,006260.KS,2025-07-31,46.0,-32.3,ANOMALY,81,13.79
KR,006260.KS,2025-11-28,40.3,-85.6,ANOMALY,31,15.71
KR,006360.KS,2021-02-26,37.8,-79.7,ANOMALY,17,11.0
KR,006360.KS,2021-05-31,53.4,-12.0,ageout_validated,90,-8.6
KR,006360.KS,2023-12-28,41.5,-0.0,ageout_validated,90,0.33
KR,006360.KS,2025-07-31,36.6,-90.0,ageout_validated,90,-1.29
KR,006360.KS,2026-01-30,47.0,-25.5,ANOMALY,11,14.01
KR,006360.KS,2026-05-29,43.7,-159.9,validated_decline,10,-16.07
KR,006400.KS,2021-03-31,46.8,-103.2,ageout_validated,90,3.94
KR,006400.KS,2025-05-30,47.0,-77.3,ANOMALY,52,10.01
KR,006400.KS,2025-12-30,36.2,-89.6,ANOMALY,14,11.32
KR,006800.KS,2021-02-26,38.3,-17.7,ANOMALY,41,10.28
KR,006800.KS,2021-06-30,39.8,-53.1,ageout_validated,90,-7.64
KR,006800.KS,2025-07-31,42.4,-14.8,ANOMALY,40,15.24
KR,006800.KS,2025-11-28,44.8,-74.4,ANOMALY,35,12.81
KR,006800.KS,2026-05-29,39.5,-76.6,validated_decline,10,-18.97
KR,007390.KQ,2021-01-29,31.3,-54.4,ANOMALY,45,10.11
KR,007390.KQ,2023-05-31,39.6,-158.4,validated_decline,20,-24.66
KR,007390.KQ,2025-05-30,52.6,-60.4,ANOMALY,12,12.5
KR,007390.KQ,2025-08-29,41.0,-319.6,ANOMALY,14,15.68
KR,007390.KQ,2025-11-28,41.1,-50.3,ANOMALY,62,14.41
KR,007390.KQ,2026-03-31,39.2,-205.9,ANOMALY,13,17.27
KR,008770.KS,2021-02-26,45.5,-4.7,ANOMALY,67,10.78
KR,008770.KS,2021-07-30,46.6,-28.9,ageout_validated,90,-6.2
KR,008770.KS,2023-05-31,36.2,-16.9,ANOMALY,71,12.44
KR,008770.KS,2025-07-31,33.9,-42.1,ANOMALY,48,11.94
KR,008770.KS,2025-10-31,42.1,-28.1,ageout_validated,90,-5.85
KR,008770.KS,2026-03-31,48.9,-49.3,ANOMALY,9,11.25
KR,009150.KS,2021-02-26,40.2,-12.8,validated_decline,76,-15.3
KR,009150.KS,2021-05-31,44.9,-116.5,ANOMALY,35,10.26
KR,009420.KS,2021-01-29,35.9,-100.1,validated_decline,5,-24.07
KR,009420.KS,2021-02-26,22.6,-411.0,ANOMALY,46,10.43
KR,009420.KS,2021-05-31,46.4,-53.2,ANOMALY,72,11.79
KR,009420.KS,2025-05-30,44.4,-76.7,ANOMALY,48,15.44
KR,009420.KS,2026-04-30,42.3,-80.9,validated_decline,20,-17.3
KR,009540.KS,2021-01-29,29.7,-64.6,ANOMALY,17,13.83
KR,009540.KS,2021-06-30,42.0,-86.2,validated_decline,50,-17.54
KR,009540.KS,2025-11-28,43.1,-28.5,ANOMALY,46,12.8
KR,009540.KS,2026-03-31,33.5,-134.5,ANOMALY,8,13.23
KR,009540.KS,2026-05-29,47.9,-4.4,validated_decline,10,-15.25
KR,009830.KS,2021-02-26,34.3,-94.9,ANOMALY,33,11.21
KR,009830.KS,2021-05-31,43.7,-55.9,validated_decline,78,-17.0
KR,009830.KS,2023-05-31,39.0,-86.9,validated_decline,58,-18.1
KR,009830.KS,2025-08-29,36.1,-167.3,ANOMALY,56,13.23
KR,009830.KS,2025-11-28,47.8,-75.2,ANOMALY,68,30.41
KR,009830.KS,2026-03-31,38.6,-84.8,ANOMALY,10,10.23
KR,009830.KS,2026-05-29,47.3,-57.5,validated_decline,10,-21.0
KR,010060.KS,2021-06-30,45.9,-66.8,ANOMALY,68,18.3
KR,010060.KS,2023-05-31,20.7,-48.6,ANOMALY,8,11.48
KR,010060.KS,2025-08-29,42.6,-4.6,ANOMALY,10,11.54
KR,010060.KS,2025-11-28,46.5,-16.2,ANOMALY,21,10.28
KR,010130.KS,2021-06-30,44.1,-32.9,ANOMALY,14,10.66
KR,010130.KS,2023-05-31,35.3,-90.3,ANOMALY,55,14.33
KR,010130.KS,2026-03-31,38.3,-146.2,ANOMALY,8,11.46
KR,010130.KS,2026-05-29,39.0,-144.4,validated_decline,10,-16.31
KR,010140.KS,2021-01-29,30.8,-58.6,ANOMALY,54,10.14
KR,010140.KS,2021-05-31,40.7,-187.6,ANOMALY,4,16.2
KR,010140.KS,2021-07-30,45.9,-26.5,ageout_validated,90,3.4
KR,010140.KS,2023-12-28,51.1,-6.7,ANOMALY,77,16.26
KR,010140.KS,2026-03-31,36.0,-100.5,ANOMALY,1,10.22
KR,010140.KS,2026-05-29,41.9,-43.1,validated_decline,28,-17.71
KR,010950.KS,2021-03-31,48.3,-20.1,ANOMALY,33,10.71
KR,010950.KS,2025-08-29,45.8,-21.9,ANOMALY,42,10.78
KR,010950.KS,2026-05-29,41.1,-85.1,ANOMALY,39,18.62
KR,011070.KS,2021-04-30,36.4,-3.0,ANOMALY,46,11.44
KR,011070.KS,2026-01-30,32.7,-51.7,ANOMALY,24,10.61
KR,011170.KS,2021-05-31,42.3,-57.3,validated_decline,80,-15.41
KR,011170.KS,2025-08-29,48.7,-4.4,ANOMALY,48,13.39
KR,011170.KS,2026-05-29,41.6,-121.8,validated_decline,25,-18.71
KR,011200.KS,2021-06-30,50.4,-15.7,ageout_validated,90,-13.1
KR,011200.KS,2023-05-31,29.9,-128.1,ANOMALY,8,10.48
KR,011200.KS,2025-08-29,39.9,-75.7,validated_decline,81,-15.16
KR,011200.KS,2025-11-28,41.6,-86.2,ANOMALY,74,10.76
KR,011200.KS,2026-03-31,41.3,-57.4,ANOMALY,10,10.63
KR,011200.KS,2026-05-29,40.4,-44.0,ANOMALY,18,13.24
KR,011210.KS,2021-03-31,41.1,-85.5,ANOMALY,64,10.89
KR,011210.KS,2025-09-30,36.9,-33.7,ANOMALY,20,10.74
KR,011210.KS,2026-03-31,41.1,-80.7,ANOMALY,16,12.38
KR,011780.KS,2021-05-31,43.4,-126.7,validated_decline,74,-16.85
KR,011780.KS,2023-05-31,32.3,-65.5,ANOMALY,20,12.77
KR,011780.KS,2025-08-29,41.8,-78.2,ANOMALY,75,10.13
KR,011780.KS,2026-03-31,39.4,-98.8,ANOMALY,8,10.18
KR,011790.KS,2021-05-31,40.8,-51.2,ANOMALY,14,10.2
KR,011790.KS,2023-05-31,41.4,-90.6,ANOMALY,5,10.22
KR,011790.KS,2023-12-28,49.4,-8.3,validated_decline,25,-16.34
KR,011790.KS,2025-05-30,39.5,-118.7,ANOMALY,18,17.17
KR,011790.KS,2025-08-29,39.0,-64.4,ANOMALY,14,10.98
KR,011790.KS,2025-12-30,41.5,-66.4,ANOMALY,23,11.21
KR,011790.KS,2026-03-31,34.2,-141.3,ANOMALY,8,12.62
KR,012330.KS,2021-02-26,41.3,-4.5,ageout_validated,90,-10.4
KR,012330.KS,2021-07-30,31.6,-45.3,ageout_validated,90,-1.13
KR,012330.KS,2025-09-30,40.1,-12.6,ANOMALY,65,16.42
KR,012330.KS,2026-03-31,40.0,-111.4,ANOMALY,16,12.96
KR,012450.KS,2021-04-30,42.9,-34.9,ANOMALY,14,12.05
KR,012450.KS,2025-08-29,48.6,-16.9,ANOMALY,13,13.69
KR,012450.KS,2025-11-28,36.5,-137.2,ANOMALY,11,12.68
KR,012450.KS,2026-05-29,33.2,-151.5,validated_decline,32,-15.17
KR,014680.KS,2021-06-30,46.1,-7.6,ANOMALY,22,15.07
KR,014680.KS,2025-08-29,56.1,-1.4,ANOMALY,18,12.46
KR,014680.KS,2025-12-30,51.7,-21.5,ANOMALY,8,10.77
KR,014680.KS,2026-03-31,38.6,-76.2,ANOMALY,1,13.27
KR,015760.KS,2021-01-29,32.9,-18.2,ageout_validated,90,4.81
KR,015760.KS,2021-06-30,43.8,-3.4,ageout_validated,90,-5.23
KR,015760.KS,2025-08-29,43.1,-6.1,ANOMALY,48,10.59
KR,015760.KS,2026-03-31,32.1,-247.9,ANOMALY,17,10.2
KR,015760.KS,2026-05-29,39.5,-130.6,validated_decline,52,-15.17
KR,016360.KS,2021-01-29,34.7,-7.5,ANOMALY,68,10.73
KR,016360.KS,2021-06-30,50.0,-7.0,ANOMALY,61,10.46
KR,016360.KS,2025-08-29,48.3,-53.2,ANOMALY,24,10.9
KR,016360.KS,2026-03-31,45.3,-10.0,ANOMALY,8,12.99
KR,017670.KS,2021-07-30,37.1,-42.0,ageout_validated,90,4.03
KR,017670.KS,2023-12-28,58.6,-10.1,ageout_validated,90,7.98
KR,017670.KS,2025-05-30,46.0,-69.6,ANOMALY,25,10.29
KR,017670.KS,2025-08-29,43.4,-8.4,ageout_validated,90,-1.48
KR,018260.KS,2021-04-30,40.8,-15.1,ageout_validated,90,1.09
KR,018260.KS,2021-07-30,44.5,-10.7,validated_decline,74,-17.81
KR,018260.KS,2025-07-31,41.5,-0.1,ANOMALY,90,13.02
KR,018260.KS,2026-03-31,38.3,-104.4,ANOMALY,15,18.99
KR,018880.KS,2021-02-26,36.4,-69.4,ANOMALY,4,11.97
KR,018880.KS,2021-04-30,33.9,-58.3,ANOMALY,45,11.73
KR,018880.KS,2021-07-30,33.9,-71.4,ageout_validated,90,-5.61
KR,018880.KS,2025-05-30,34.0,-128.6,ANOMALY,34,11.59
KR,018880.KS,2025-09-30,32.2,-114.1,ANOMALY,16,11.8
KR,018880.KS,2025-11-28,49.6,-26.9,validated_decline,19,-16.47
KR,018880.KS,2025-12-30,28.7,-231.2,ANOMALY,23,14.67
KR,018880.KS,2026-03-31,43.0,-38.7,ANOMALY,17,11.23
KR,020150.KS,2021-05-31,43.3,-75.5,ANOMALY,28,10.35
KR,020150.KS,2023-05-31,40.4,-127.3,validated_decline,29,-16.49
KR,020150.KS,2023-12-28,50.9,-28.8,validated_decline,20,-17.24
KR,020150.KS,2025-05-30,52.6,-68.3,ANOMALY,52,19.95
KR,020150.KS,2025-09-30,33.1,-89.5,ANOMALY,16,14.82
KR,020150.KS,2025-12-30,35.3,-120.2,ANOMALY,15,11.29
KR,021240.KS,2021-02-26,29.2,-75.6,ANOMALY,76,18.39
KR,021240.KS,2025-09-30,40.7,-40.7,ageout_validated,90,-11.98
KR,021240.KS,2026-01-30,57.9,-80.7,ageout_validated,90,6.11
KR,024110.KS,2021-01-29,22.8,-81.1,ANOMALY,35,10.47
KR,024110.KS,2025-08-29,44.2,-20.0,ageout_validated,90,6.73
KR,024110.KS,2026-03-31,40.6,-38.3,ageout_validated,90,-5.62
KR,028050.KS,2021-01-29,32.8,-23.4,ANOMALY,39,10.12
KR,028050.KS,2023-05-31,38.9,-17.1,ANOMALY,42,13.25
KR,028050.KS,2025-09-30,38.6,-16.4,ANOMALY,23,13.06
KR,028050.KS,2025-10-31,37.4,-17.4,ANOMALY,87,14.9
KR,028260.KS,2021-02-26,35.5,-117.5,ANOMALY,46,11.52
KR,028260.KS,2021-06-30,48.2,-16.8,ageout_validated,90,-8.42
KR,028260.KS,2025-08-29,54.1,-19.4,ANOMALY,13,11.14
KR,028260.KS,2026-03-31,37.2,-131.1,ANOMALY,8,21.89
KR,028300.KQ,2021-02-26,37.3,-350.9,ANOMALY,7,16.62
KR,028300.KQ,2021-04-30,34.3,-130.2,ANOMALY,76,12.24
KR,028300.KQ,2025-06-30,39.5,-95.0,validated_decline,42,-16.9
KR,028300.KQ,2025-08-29,29.5,-259.6,ANOMALY,53,21.32
KR,028300.KQ,2026-02-27,45.8,-33.0,ANOMALY,45,12.55
KR,028300.KQ,2026-05-29,41.5,-147.5,validated_decline,42,-27.95
KR,028670.KS,2021-07-30,48.0,-8.2,ANOMALY,32,10.07
KR,028670.KS,2023-05-31,30.8,-134.6,ANOMALY,7,10.83
KR,028670.KS,2023-12-28,37.6,-132.8,ANOMALY,41,16.06
KR,028670.KS,2025-08-29,38.0,-33.8,ageout_validated,90,-3.59
KR,030200.KS,2025-09-30,39.8,-68.3,ageout_validated,90,6.25
KR,030200.KS,2026-05-29,31.8,-122.0,ANOMALY,13,13.64
KR,032640.KS,2021-07-30,42.8,-17.3,ageout_validated,90,-0.34
KR,032640.KS,2025-12-30,39.5,-17.6,ANOMALY,28,10.87
KR,032640.KS,2026-03-31,52.8,-14.0,ANOMALY,10,12.11
KR,032830.KS,2021-01-29,33.6,-5.0,ANOMALY,24,11.9
KR,032830.KS,2021-06-30,42.6,-45.6,ageout_validated,90,-7.27
KR,033780.KS,2021-01-29,39.5,-11.8,ageout_validated,90,2.87
KR,033780.KS,2021-07-30,39.3,-18.4,ageout_validated,90,-0.97
KR,033780.KS,2023-05-31,41.0,-19.9,ageout_validated,90,5.45
KR,034020.KS,2020-12-30,42.9,-127.3,validated_decline,51,-15.56
KR,034020.KS,2021-02-26,33.7,-187.8,ANOMALY,19,11.79
KR,034020.KS,2021-07-30,36.3,-48.9,validated_decline,68,-16.55
KR,034020.KS,2023-05-31,46.2,-52.8,ANOMALY,8,11.38
KR,034020.KS,2025-11-28,48.3,-28.9,ANOMALY,39,12.43
KR,034020.KS,2026-05-29,41.6,-49.2,validated_decline,10,-18.75
KR,034220.KS,2021-05-31,54.2,-60.0,validated_decline,80,-15.62
KR,034220.KS,2025-11-28,41.7,-122.8,ANOMALY,87,11.32
KR,034220.KS,2026-03-31,40.9,-89.0,ANOMALY,8,11.61
KR,034230.KS,2021-06-30,39.7,-22.6,validated_decline,50,-16.57
KR,034230.KS,2023-05-31,34.0,-65.5,ANOMALY,71,18.87
KR,034230.KS,2023-12-28,43.9,-39.5,ageout_validated,90,8.26
KR,034230.KS,2025-10-31,37.5,-119.3,validated_decline,11,-21.04
KR,034230.KS,2025-11-28,47.7,-112.3,ANOMALY,68,18.7
KR,034230.KS,2026-03-31,41.5,-90.5,validated_decline,63,-15.03
KR,034730.KS,2021-02-26,35.7,-81.9,ANOMALY,42,11.62
KR,034730.KS,2021-05-31,42.5,-63.9,ageout_validated,90,-0.99
KR,034730.KS,2025-12-30,51.6,-23.1,ANOMALY,7,12.09
KR,034730.KS,2026-03-31,40.2,-48.5,ANOMALY,8,13.62
KR,035250.KS,2021-07-30,44.6,-48.2,ANOMALY,61,11.0
KR,035250.KS,2023-05-31,35.7,-40.5,validated_decline,55,-15.14
KR,035250.KS,2025-08-29,40.7,-62.3,ageout_validated,90,-1.05
KR,035250.KS,2026-01-30,38.5,-36.2,ANOMALY,21,11.18
KR,035250.KS,2026-03-31,44.2,-16.3,validated_decline,86,-16.16
KR,035420.KS,2020-11-30,42.3,-42.6,ANOMALY,39,12.59
KR,035420.KS,2021-04-30,32.0,-30.3,ANOMALY,49,10.71
KR,035420.KS,2025-05-30,47.4,-30.8,ANOMALY,17,11.73
KR,035420.KS,2025-07-31,46.3,-16.8,ANOMALY,60,16.81
KR,035420.KS,2025-11-28,42.7,-10.7,ANOMALY,59,11.68
KR,035420.KS,2026-03-31,32.2,-155.8,ANOMALY,59,16.13
KR,035720.KS,2021-07-30,43.8,-6.8,validated_decline,45,-15.31
KR,035720.KS,2025-11-28,44.4,-45.7,ageout_validated,90,4.6
KR,035720.KS,2026-03-31,34.1,-171.3,ANOMALY,16,10.48
KR,035720.KS,2026-05-29,41.8,-150.8,validated_decline,25,-18.36
KR,035760.KQ,2021-02-26,37.4,-97.5,ANOMALY,69,12.0
KR,035760.KQ,2021-07-30,33.8,-38.1,ANOMALY,82,12.81
KR,035760.KQ,2023-05-31,39.7,-44.7,validated_decline,26,-15.13
KR,035760.KQ,2025-07-31,40.3,-94.5,ANOMALY,11,14.33
KR,035760.KQ,2025-10-31,49.6,-54.4,ageout_validated,90,5.27
KR,035760.KQ,2026-03-31,30.7,-174.3,validated_decline,41,-15.04
KR,035760.KQ,2026-05-29,21.2,-307.0,validated_decline,25,-16.43
KR,035900.KQ,2021-01-29,31.3,-67.1,ANOMALY,18,12.15
KR,035900.KQ,2021-03-31,50.4,-1.6,ANOMALY,61,11.24
KR,035900.KQ,2025-11-28,43.8,-149.8,ANOMALY,35,13.97
KR,035900.KQ,2026-02-27,46.8,-4.0,validated_decline,5,-16.76
KR,035900.KQ,2026-03-31,40.6,-73.8,validated_decline,69,-18.54
KR,036460.KS,2023-05-31,46.2,-35.6,ageout_validated,90,-4.57
KR,036460.KS,2025-08-29,40.1,-83.6,ageout_validated,90,5.69
KR,036460.KS,2025-12-30,40.5,-17.9,ANOMALY,52,16.03
KR,036460.KS,2026-03-31,37.8,-128.4,ANOMALY,28,11.73
KR,036460.KS,2026-05-29,37.6,-15.6,ageout_validated,90,-7.75
KR,036570.KS,2021-03-31,38.3,-91.6,ageout_validated,90,-5.84
KR,036570.KS,2021-06-30,41.7,-31.3,validated_decline,58,-19.63
KR,036570.KS,2023-05-31,28.4,-87.1,validated_decline,55,-16.04
KR,036570.KS,2023-12-28,48.6,-62.9,validated_decline,20,-19.5
KR,036570.KS,2025-11-28,47.7,-41.4,ANOMALY,46,17.38
KR,036930.KQ,2021-07-30,43.7,-7.0,validated_decline,21,-16.49
KR,036930.KQ,2025-05-30,37.8,-119.3,validated_decline,63,-16.08
KR,036930.KQ,2025-08-29,45.4,-82.7,ANOMALY,18,10.4
KR,036930.KQ,2025-11-28,39.5,-131.2,ANOMALY,4,10.97
KR,039030.KQ,2021-01-29,33.4,-23.8,ANOMALY,46,16.77
KR,039030.KQ,2021-05-31,45.8,-66.3,ageout_validated,90,7.33
KR,039030.KQ,2023-12-28,54.7,-26.1,ANOMALY,22,20.27
KR,041510.KQ,2021-02-26,45.7,-9.8,ANOMALY,77,11.31
KR,041510.KQ,2025-07-31,52.1,-55.8,ANOMALY,11,10.67
KR,041510.KQ,2025-09-30,35.2,-45.5,validated_decline,37,-18.46
KR,041510.KQ,2025-11-28,49.9,-164.1,ANOMALY,25,18.13
KR,041510.KQ,2026-03-31,33.6,-195.8,validated_decline,66,-16.22
KR,042660.KS,2021-01-29,31.3,-41.5,ANOMALY,17,10.84
KR,042660.KS,2021-02-26,42.6,-45.8,ANOMALY,28,11.79
KR,042660.KS,2021-07-30,40.6,-87.7,validated_decline,20,-19.08
KR,042660.KS,2025-11-28,33.8,-74.5,ANOMALY,25,14.47
KR,042660.KS,2026-03-31,41.9,-96.0,ANOMALY,22,12.31
KR,042660.KS,2026-05-29,48.4,-35.3,validated_decline,10,-16.38
KR,047050.KS,2021-03-31,44.5,-17.4,ANOMALY,27,10.67
KR,047050.KS,2025-08-29,44.2,-6.9,ANOMALY,49,10.21
KR,047050.KS,2025-12-30,36.2,-63.2,ANOMALY,15,11.29
KR,047050.KS,2026-05-29,31.9,-168.8,validated_decline,24,-16.61
KR,047810.KS,2021-04-30,30.9,-86.4,ageout_validated,90,3.07
KR,047810.KS,2023-05-31,45.5,-3.7,ANOMALY,19,11.26
KR,047810.KS,2026-04-30,39.9,-65.3,validated_decline,35,-16.27
KR,048410.KQ,2021-04-30,38.6,-49.4,validated_decline,33,-15.52
KR,048410.KQ,2021-07-30,28.6,-152.7,ANOMALY,18,10.05
KR,048410.KQ,2023-12-28,40.4,-192.2,validated_decline,41,-18.77
KR,048410.KQ,2025-06-30,28.9,-198.8,ANOMALY,7,21.06
KR,048410.KQ,2025-09-30,40.8,-26.2,ANOMALY,64,14.66
KR,048410.KQ,2026-05-29,43.1,-115.5,validated_decline,10,-23.42
KR,051900.KS,2021-02-26,37.1,-19.3,ageout_validated,90,0.33
KR,051900.KS,2021-07-30,23.9,-109.2,validated_decline,89,-16.31
KR,051900.KS,2023-05-31,28.3,-110.1,validated_decline,35,-15.65
KR,051900.KS,2025-07-31,35.5,-23.6,ageout_validated,90,-8.55
KR,051900.KS,2025-11-28,39.9,-12.1,ageout_validated,90,-2.71
KR,051900.KS,2026-03-31,47.8,-58.7,ANOMALY,34,13.16
KR,051910.KS,2021-02-26,34.5,-59.3,ANOMALY,13,13.0
KR,051910.KS,2021-03-31,40.5,-146.3,ANOMALY,14,11.43
KR,051910.KS,2021-05-31,39.6,-39.3,ageout_validated,90,-4.4
KR,051910.KS,2023-05-31,40.3,-54.8,validated_decline,77,-15.73
KR,051910.KS,2025-05-30,45.6,-146.1,ANOMALY,32,16.07
KR,051910.KS,2025-12-30,37.4,-118.2,ANOMALY,57,16.37
KR,051910.KS,2026-03-31,45.0,-66.7,ANOMALY,8,15.22
KR,055550.KS,2021-01-29,34.6,-5.0,ANOMALY,27,11.26
KR,055550.KS,2021-06-30,47.4,-6.7,ageout_validated,90,-1.11
KR,055550.KS,2025-08-29,42.3,-18.1,ANOMALY,42,10.26
KR,055550.KS,2026-03-31,42.1,-14.9,ANOMALY,8,10.26
KR,055550.KS,2026-05-29,43.8,-23.9,ANOMALY,7,14.85
KR,062040.KS,2025-12-30,42.1,-76.5,ANOMALY,15,11.22
KR,062040.KS,2026-03-31,42.2,-0.2,ANOMALY,10,13.79
KR,064350.KS,2021-02-26,46.6,-4.0,ageout_validated,90,7.91
KR,064350.KS,2025-08-29,56.4,-52.3,ANOMALY,13,10.62
KR,064350.KS,2025-11-28,33.5,-205.7,ANOMALY,35,10.07
KR,064350.KS,2026-03-31,37.2,-181.9,ANOMALY,1,11.45
KR,064350.KS,2026-05-29,42.2,-84.1,ANOMALY,18,12.97
KR,066570.KS,2021-05-31,47.7,-51.9,ANOMALY,36,11.84
KR,066570.KS,2023-12-28,58.4,-30.8,ageout_validated,90,-4.72
KR,066570.KS,2025-08-29,39.8,-11.0,ANOMALY,20,11.1
KR,066570.KS,2026-03-31,41.9,-39.7,ANOMALY,8,10.51
KR,066970.KS,2021-02-26,41.5,-40.8,ANOMALY,32,10.56
KR,066970.KS,2025-05-30,47.2,-169.4,validated_decline,17,-15.73
KR,066970.KS,2025-06-30,42.3,-116.8,ANOMALY,3,11.36
KR,066970.KS,2025-12-30,28.7,-184.7,ANOMALY,10,13.13
KR,066970.KS,2026-05-29,49.0,-111.1,validated_decline,7,-16.87
KR,067160.KQ,2020-11-30,43.0,-21.7,ANOMALY,43,14.9
KR,067160.KQ,2023-05-31,42.3,-22.8,ANOMALY,7,10.37
KR,067160.KQ,2025-07-31,26.6,-43.7,ageout_validated,90,-9.18
KR,067160.KQ,2025-10-31,44.9,-54.5,ageout_validated,90,9.09
KR,067160.KQ,2026-03-31,34.5,-128.9,validated_decline,51,-16.3
KR,067160.KQ,2026-05-29,38.3,-154.3,ageout_validated,90,-6.85
KR,067630.KQ,2021-01-29,26.4,-159.2,validated_decline,18,-25.39
KR,067630.KQ,2021-02-26,41.3,-430.6,ANOMALY,6,13.74
KR,067630.KQ,2021-04-30,45.0,-47.3,ageout_validated,90,-6.88
KR,067630.KQ,2025-06-30,24.8,-177.0,ANOMALY,17,12.32
KR,067630.KQ,2025-07-31,38.9,-113.5,validated_decline,18,-18.24
KR,067630.KQ,2025-08-29,21.5,-301.6,ANOMALY,53,12.22
KR,067630.KQ,2026-02-27,41.1,-79.5,ANOMALY,45,11.07
KR,067630.KQ,2026-05-29,32.0,-217.1,validated_decline,42,-32.01
KR,068270.KS,2021-01-29,45.1,-68.6,ANOMALY,3,14.51
KR,068270.KS,2021-02-26,40.4,-120.4,ANOMALY,31,11.09
KR,068270.KS,2021-04-30,25.9,-110.5,ageout_validated,90,-1.69
KR,068270.KS,2021-07-30,37.0,-27.6,ANOMALY,12,11.64
KR,068270.KS,2025-08-29,39.0,-23.1,ANOMALY,76,16.41
KR,068270.KS,2025-12-30,46.1,-4.5,ANOMALY,3,11.88
KR,068270.KS,2026-03-31,42.0,-102.2,validated_decline,69,-15.13
KR,068760.KQ,2021-01-29,37.1,-154.6,validated_decline,26,-16.11
KR,068760.KQ,2021-02-26,36.1,-240.8,validated_decline,66,-17.83
KR,068760.KQ,2021-07-30,31.5,-71.0,ANOMALY,12,12.37
KR,068760.KQ,2025-08-29,42.4,-5.9,ANOMALY,25,11.8
KR,068760.KQ,2025-12-30,38.3,-10.3,ANOMALY,6,10.34
KR,068760.KQ,2026-03-31,33.2,-176.0,validated_decline,63,-15.69
KR,071050.KS,2021-03-31,45.4,-23.4,ANOMALY,7,10.28
KR,071050.KS,2021-05-31,48.2,-0.6,ageout_validated,90,-9.52
KR,071050.KS,2025-08-29,48.9,-93.1,ANOMALY,12,11.76
KR,071050.KS,2025-11-28,47.7,-26.8,ANOMALY,48,10.35
KR,071050.KS,2026-03-31,41.6,-57.3,ANOMALY,1,10.62
KR,071050.KS,2026-05-29,44.3,-19.4,validated_decline,28,-15.79
KR,078600.KQ,2021-02-26,28.5,-133.9,ANOMALY,46,10.53
KR,078600.KQ,2021-05-31,45.5,-16.6,ANOMALY,21,11.52
KR,078600.KQ,2023-05-31,51.1,-127.0,ANOMALY,9,12.99
KR,078600.KQ,2025-05-30,43.2,-139.2,ageout_validated,90,-4.47
KR,078600.KQ,2025-08-29,38.8,-39.5,ANOMALY,56,18.18
KR,078600.KQ,2025-11-28,51.4,-33.8,validated_decline,35,-17.0
KR,079550.KS,2021-06-30,48.8,-7.4,ANOMALY,48,12.25
KR,079550.KS,2025-08-29,38.9,-150.6,ANOMALY,18,10.73
KR,079550.KS,2025-11-28,35.3,-199.6,ANOMALY,31,12.53
KR,079550.KS,2026-05-29,41.8,-22.5,ANOMALY,18,25.09
KR,086280.KS,2021-03-31,42.5,-49.8,ANOMALY,83,10.67
KR,086280.KS,2021-07-30,41.4,-12.4,validated_decline,63,-16.97
KR,086280.KS,2025-09-30,35.3,-4.6,ANOMALY,31,14.15
KR,086280.KS,2025-11-28,49.2,-42.6,ANOMALY,10,10.77
KR,086280.KS,2026-03-31,39.5,-122.6,ANOMALY,16,10.36
KR,086520.KQ,2021-03-31,44.1,-139.1,ANOMALY,9,11.01
KR,086520.KQ,2021-05-31,9.6,-137.5,ANOMALY,45,12.56
KR,086520.KQ,2023-05-31,48.8,-68.9,ANOMALY,7,17.58
KR,086520.KQ,2023-12-28,44.1,-59.1,validated_decline,25,-20.4
KR,086520.KQ,2025-05-30,42.3,-203.0,ANOMALY,25,14.25
KR,086520.KQ,2025-09-30,38.2,-69.6,ANOMALY,16,21.6
KR,086520.KQ,2026-03-31,42.8,-63.3,ANOMALY,20,11.54
KR,086520.KQ,2026-05-29,47.0,-94.2,validated_decline,10,-24.32
KR,086790.KS,2021-07-30,46.0,-23.2,ageout_validated,90,4.37
KR,086790.KS,2025-08-29,43.4,-52.4,ANOMALY,17,10.58
KR,086790.KS,2026-03-31,43.1,-52.6,ANOMALY,10,12.1
KR,086790.KS,2026-05-29,42.3,-17.2,ANOMALY,17,12.34
KR,086900.KQ,2020-12-30,38.3,-146.4,validated_decline,19,-20.86
KR,086900.KQ,2021-01-29,24.3,-369.7,ANOMALY,3,5.82
KR,086900.KQ,2021-04-30,35.3,-37.2,ANOMALY,48,10.78
KR,086900.KQ,2021-07-30,39.3,-1.1,validated_decline,40,-21.92
KR,086900.KQ,2025-07-31,33.0,-121.8,validated_decline,12,-18.08
KR,086900.KQ,2025-08-29,26.4,-256.1,ageout_validated,90,3.29
KR,086900.KQ,2025-12-30,46.6,-25.0,ANOMALY,29,14.24
KR,086900.KQ,2026-03-31,32.4,-213.0,validated_decline,65,-15.4
KR,090430.KS,2021-06-30,27.7,-90.8,validated_decline,50,-15.08
KR,090430.KS,2023-05-31,24.1,-132.4,ANOMALY,63,14.45
KR,090430.KS,2025-08-29,33.9,-97.1,ANOMALY,83,12.05
KR,090430.KS,2025-12-30,41.7,-40.5,ANOMALY,24,11.55
KR,090430.KS,2026-03-31,50.4,-20.7,validated_decline,50,-15.38
KR,090430.KS,2026-05-29,36.4,-139.1,validated_decline,25,-16.42
KR,090460.KS,2021-02-26,31.3,-183.9,ageout_validated,90,-7.76
KR,090460.KS,2025-12-30,34.7,-24.1,ANOMALY,29,10.81
KR,093370.KS,2021-02-26,29.6,-132.8,ANOMALY,48,10.4
KR,093370.KS,2021-05-31,44.1,-68.6,ANOMALY,38,10.45
KR,093370.KS,2025-05-30,49.0,-63.8,ANOMALY,11,13.9
KR,093370.KS,2025-12-30,43.6,-89.8,ANOMALY,29,12.22
KR,093370.KS,2026-03-31,45.3,-87.2,ANOMALY,3,27.07
KR,096770.KS,2021-03-31,42.7,-248.6,ANOMALY,1,10.27
KR,096770.KS,2021-07-30,35.7,-72.8,ageout_validated,90,-3.75
KR,096770.KS,2025-05-30,47.5,-133.3,ANOMALY,19,12.96
KR,096770.KS,2025-08-29,38.4,-71.7,ANOMALY,48,14.97
KR,096770.KS,2025-11-28,45.4,-31.9,ANOMALY,84,10.96
KR,096770.KS,2026-03-31,44.8,-60.9,ANOMALY,6,13.34
KR,096770.KS,2026-05-29,43.3,-78.3,validated_decline,24,-15.94
KR,097950.KS,2021-02-26,39.0,-14.4,ANOMALY,74,11.69
KR,097950.KS,2025-08-29,36.5,-88.6,ageout_validated,90,-7.2
KR,097950.KS,2025-11-28,30.2,-83.1,ANOMALY,76,10.02
KR,097950.KS,2026-05-29,35.5,-100.7,ageout_validated,90,-7.87
KR,105560.KS,2021-01-29,28.9,-45.4,ANOMALY,7,10.05
KR,105560.KS,2021-06-30,49.2,-10.4,ageout_validated,90,-2.33
KR,105560.KS,2025-08-29,44.7,-35.9,ANOMALY,14,10.26
KR,105560.KS,2026-03-31,41.5,-14.8,ANOMALY,10,11.56
KR,105560.KS,2026-05-29,43.4,-13.2,ANOMALY,7,13.94
KR,112610.KS,2021-02-26,36.5,-112.6,validated_decline,10,-19.06
KR,112610.KS,2025-07-31,43.4,-8.8,ageout_validated,90,-0.98
KR,112610.KS,2025-11-28,46.1,-70.2,ANOMALY,14,10.98
KR,112610.KS,2026-01-30,48.6,-36.0,ANOMALY,5,10.33
KR,112610.KS,2026-05-29,29.9,-289.0,validated_decline,11,-15.05
KR,122870.KQ,2021-02-26,45.7,-27.2,ANOMALY,7,10.07
KR,122870.KQ,2021-03-31,36.0,-43.5,ANOMALY,54,10.22
KR,122870.KQ,2025-07-31,50.0,-53.8,ANOMALY,11,22.56
KR,122870.KQ,2025-10-31,43.2,-73.7,validated_decline,7,-21.31
KR,122870.KQ,2025-11-28,36.5,-381.8,ANOMALY,52,10.07
KR,122870.KQ,2026-03-31,30.0,-244.4,validated_decline,59,-15.69
KR,128940.KS,2021-02-26,42.6,-68.5,ageout_validated,90,2.92
KR,128940.KS,2021-06-30,52.8,-39.5,ANOMALY,5,12.85
KR,128940.KS,2021-07-30,38.6,-34.6,validated_decline,63,-16.88
KR,128940.KS,2023-05-31,41.6,-31.5,ANOMALY,8,10.09
KR,128940.KS,2025-07-31,44.0,-37.1,ANOMALY,33,10.55
KR,128940.KS,2026-03-31,47.7,-15.2,validated_decline,36,-15.63
KR,137400.KQ,2021-02-26,52.6,-24.4,validated_decline,76,-18.22
KR,137400.KQ,2021-05-31,44.1,-112.9,ANOMALY,23,10.8
KR,137400.KQ,2023-05-31,51.0,-33.0,ANOMALY,12,10.69
KR,137400.KQ,2025-05-30,28.9,-250.1,ANOMALY,62,11.13
KR,137400.KQ,2025-09-30,31.5,-51.2,ANOMALY,15,10.4
KR,137400.KQ,2025-11-28,50.9,-38.2,ANOMALY,59,16.77
KR,137400.KQ,2026-03-31,46.8,-18.6,ANOMALY,16,12.05
KR,137400.KQ,2026-05-29,42.0,-142.6,validated_decline,10,-17.33
KR,139480.KS,2021-05-31,47.7,-75.5,ANOMALY,71,11.32
KR,139480.KS,2023-05-31,21.1,-154.6,validated_decline,79,-15.66
KR,139480.KS,2025-08-29,21.5,-214.9,ANOMALY,20,12.31
KR,139480.KS,2025-10-31,38.0,-38.6,ANOMALY,12,10.25
KR,139480.KS,2026-03-31,51.2,-14.1,ANOMALY,24,10.14
KR,139480.KS,2026-05-29,37.6,-124.3,ageout_validated,90,-4.07
KR,141080.KQ,2021-01-29,48.0,-59.5,validated_decline,25,-15.95
KR,141080.KQ,2021-02-26,40.9,-146.2,ANOMALY,28,13.22
KR,141080.KQ,2021-04-30,40.1,-43.9,ANOMALY,62,17.77
KR,141080.KQ,2025-09-30,41.3,-0.3,ANOMALY,35,12.03
KR,141080.KQ,2026-05-29,39.4,-222.1,validated_decline,10,-22.9
KR,145020.KQ,2020-12-30,48.5,-73.0,ANOMALY,15,15.5
KR,145020.KQ,2021-02-26,35.6,-112.0,ANOMALY,49,10.35
KR,145020.KQ,2023-05-31,39.9,-76.2,ANOMALY,83,13.6
KR,145020.KQ,2023-12-28,51.2,-6.4,ANOMALY,49,13.45
KR,145020.KQ,2025-05-30,43.2,-18.8,ANOMALY,12,11.45
KR,145020.KQ,2025-07-31,41.6,-74.0,validated_decline,63,-15.28
KR,145020.KQ,2025-10-31,34.5,-159.0,validated_decline,6,-16.98
KR,145020.KQ,2025-11-28,43.0,-167.1,ANOMALY,55,11.6
KR,145020.KQ,2026-03-31,43.8,-24.4,ANOMALY,17,12.06
KR,145020.KQ,2026-05-29,42.2,-15.3,ANOMALY,31,10.46
KR,160190.KQ,2025-07-31,37.3,-116.9,ANOMALY,25,12.13
KR,160190.KQ,2026-03-31,27.2,-545.2,ANOMALY,9,10.0
KR,160190.KQ,2026-05-29,30.5,-205.8,validated_decline,10,-15.49
KR,161390.KS,2021-05-31,50.0,-19.1,ANOMALY,8,11.66
KR,161390.KS,2021-07-30,39.5,-63.4,ageout_validated,90,-13.44
KR,161390.KS,2025-05-30,46.4,-29.8,ANOMALY,34,11.95
KR,161390.KS,2025-08-29,39.2,-93.8,ANOMALY,53,11.68
KR,161390.KS,2026-03-31,40.5,-161.3,ANOMALY,8,13.68
KR,161890.KS,2021-06-30,45.3,-8.3,validated_decline,49,-15.0
KR,161890.KS,2023-05-31,38.1,-66.8,ANOMALY,9,10.64
KR,161890.KS,2025-08-29,32.2,-210.5,validated_decline,73,-15.17
KR,161890.KS,2025-11-28,41.9,-130.7,ANOMALY,75,10.19
KR,178320.KQ,2021-01-29,29.6,-88.2,ANOMALY,20,11.96
KR,178320.KQ,2021-02-26,39.5,-91.2,ANOMALY,19,11.37
KR,178320.KQ,2021-07-30,42.6,-12.7,validated_decline,63,-17.01
KR,178320.KQ,2023-12-28,53.2,-30.1,ANOMALY,18,10.53
KR,178320.KQ,2025-06-30,46.8,-26.7,ageout_validated,90,1.89
KR,178320.KQ,2025-11-28,50.2,-47.5,ANOMALY,11,10.45
KR,180640.KS,2020-12-30,40.6,-205.2,ageout_validated,90,-8.87
KR,180640.KS,2021-03-31,39.1,-37.8,ANOMALY,47,14.98
KR,180640.KS,2025-07-31,33.9,-120.1,ANOMALY,8,11.36
KR,180640.KS,2025-09-30,34.3,-101.6,ANOMALY,28,11.94
KR,180640.KS,2025-11-28,51.0,-17.3,ANOMALY,14,30.47
KR,180640.KS,2026-03-31,39.8,-113.5,ANOMALY,21,10.39
KR,180640.KS,2026-05-29,45.3,-19.8,ANOMALY,17,16.35
KR,192820.KS,2020-11-30,32.8,-136.8,ANOMALY,53,15.95
KR,192820.KS,2021-07-30,36.4,-25.5,ageout_validated,90,1.21
KR,192820.KS,2025-07-31,53.3,-41.6,validated_decline,12,-22.03
KR,192820.KS,2025-08-29,44.9,-142.7,ANOMALY,24,12.47
KR,192820.KS,2025-10-31,44.1,-68.6,validated_decline,11,-23.86
KR,192820.KS,2025-11-28,40.7,-216.4,ANOMALY,49,12.83
KR,192820.KS,2026-05-29,36.5,-145.7,validated_decline,28,-16.58
KR,195940.KQ,2025-09-30,42.5,-18.5,ANOMALY,27,12.27
KR,195940.KQ,2025-12-30,40.2,-3.4,ANOMALY,8,11.16
KR,195940.KQ,2026-03-31,43.5,-27.9,ANOMALY,27,11.11
KR,195940.KQ,2026-05-29,37.7,-116.0,validated_decline,25,-15.56
KR,196170.KQ,2021-01-29,32.7,-146.7,ANOMALY,42,12.7
KR,196170.KQ,2021-04-30,34.4,-88.9,validated_decline,24,-16.85
KR,196170.KQ,2021-05-31,42.5,-196.1,ANOMALY,24,10.82
KR,196170.KQ,2025-05-30,43.5,-101.7,ANOMALY,5,15.45
KR,196170.KQ,2025-12-30,44.6,-147.1,ANOMALY,10,13.68
KR,196170.KQ,2026-01-30,43.2,-119.3,validated_decline,33,-19.61
KR,196170.KQ,2026-03-31,41.6,-92.5,ANOMALY,27,10.98
KR,204320.KS,2021-02-26,38.1,-71.8,ANOMALY,20,15.04
KR,204320.KS,2021-04-30,28.7,-93.5,ANOMALY,10,13.25
KR,204320.KS,2021-07-30,41.6,-54.5,ageout_validated,90,2.44
KR,204320.KS,2025-05-30,38.6,-88.2,ageout_validated,90,6.82
KR,204320.KS,2025-09-30,37.4,-26.5,ANOMALY,22,11.9
KR,204320.KS,2026-03-31,39.5,-139.0,ANOMALY,21,10.7
KR,207940.KS,2021-01-29,45.7,-0.7,ageout_validated,90,0.88
KR,207940.KS,2025-06-30,41.1,-35.5,ANOMALY,30,10.69
KR,207940.KS,2025-08-29,39.0,-29.2,ANOMALY,47,12.59
KR,207940.KS,2025-11-28,22.3,-36.2,ANOMALY,17,10.27
KR,207940.KS,2026-03-31,38.4,-95.4,validated_decline,69,-17.35
KR,222800.KQ,2021-03-31,41.6,-46.4,ANOMALY,19,18.72
KR,222800.KQ,2025-12-30,43.9,-86.9,ANOMALY,29,20.97
KR,237690.KQ,2021-01-29,47.0,-75.7,validated_decline,35,-16.59
KR,237690.KQ,2021-07-30,49.9,-14.6,ANOMALY,6,11.17
KR,237690.KQ,2025-09-30,43.7,-20.5,ANOMALY,20,18.1
KR,237690.KQ,2026-05-29,44.1,-101.3,validated_decline,10,-18.34
KR,240810.KQ,2021-05-31,46.5,-63.9,validated_decline,80,-17.66
KR,240810.KQ,2026-05-29,39.8,-72.2,ANOMALY,6,20.0
KR,241560.KS,2021-06-30,48.3,-43.1,validated_decline,50,-15.21
KR,241560.KS,2025-08-29,42.6,-14.2,ANOMALY,48,10.86
KR,241560.KS,2025-11-28,44.3,-48.7,ANOMALY,14,12.86
KR,241560.KS,2026-03-31,42.7,-38.5,ANOMALY,1,10.02
KR,241560.KS,2026-05-29,40.3,-32.1,ageout_validated,90,2.16
KR,247540.KQ,2021-02-26,30.6,-88.7,ANOMALY,45,11.21
KR,247540.KQ,2021-05-31,50.1,-8.4,ANOMALY,16,10.76
KR,247540.KQ,2023-05-31,54.3,-53.6,ANOMALY,13,13.65
KR,247540.KQ,2025-05-30,44.1,-142.8,ANOMALY,21,13.71
KR,247540.KQ,2025-09-30,39.7,-55.3,ANOMALY,15,10.8
KR,247540.KQ,2025-11-28,51.8,-11.3,ANOMALY,10,15.61
KR,247540.KQ,2026-03-31,47.7,-18.7,ANOMALY,21,14.72
KR,251270.KS,2021-06-30,48.9,-27.6,ageout_validated,90,-13.43
KR,251270.KS,2023-05-31,28.7,-149.8,validated_decline,35,-15.38
KR,251270.KS,2025-10-31,36.5,-119.2,ageout_validated,90,-0.92
KR,251270.KS,2026-03-31,42.3,-46.6,validated_decline,57,-16.16
KR,251270.KS,2026-05-29,39.9,-170.5,validated_decline,27,-15.29
KR,253450.KQ,2021-02-26,44.2,-20.9,ANOMALY,40,10.81
KR,253450.KQ,2021-06-30,45.7,-9.9,ageout_validated,90,-7.62
KR,253450.KQ,2023-05-31,44.0,-46.6,validated_decline,27,-16.2
KR,253450.KQ,2023-12-28,41.2,-37.9,validated_decline,69,-16.7
KR,253450.KQ,2025-07-31,40.0,-80.0,ageout_validated,90,-4.09
KR,253450.KQ,2025-11-28,44.2,-113.9,ANOMALY,35,17.25
KR,253450.KQ,2026-03-31,32.2,-178.1,validated_decline,42,-17.08
KR,253450.KQ,2026-05-29,26.3,-262.2,validated_decline,24,-15.69
KR,257720.KQ,2023-12-28,43.3,-80.6,ANOMALY,12,12.06
KR,257720.KQ,2025-07-31,49.9,-65.4,validated_decline,11,-15.28
KR,257720.KQ,2025-08-29,41.0,-119.3,ageout_validated,90,-2.9
KR,257720.KQ,2025-12-30,37.8,-119.2,ANOMALY,10,12.94
KR,257720.KQ,2026-02-27,48.0,-27.0,validated_decline,5,-18.02
KR,257720.KQ,2026-03-31,47.8,-114.1,ANOMALY,9,12.84
KR,257720.KQ,2026-05-29,33.1,-156.4,validated_decline,28,-15.91
KR,259960.KS,2023-12-28,44.7,-19.9,ANOMALY,33,12.86
KR,259960.KS,2025-06-30,47.4,-45.2,validated_decline,85,-15.29
KR,259960.KS,2025-09-30,23.5,-91.1,validated_decline,65,-16.75
KR,259960.KS,2025-12-30,44.8,-58.5,ageout_validated,90,2.69
KR,263750.KQ,2021-04-30,30.3,-60.7,ANOMALY,45,13.83
KR,263750.KQ,2025-07-31,48.8,-59.7,validated_decline,13,-24.07
KR,263750.KQ,2025-08-29,40.4,-205.7,ANOMALY,27,12.23
KR,263750.KQ,2026-05-29,30.7,-244.7,validated_decline,25,-16.72
KR,267250.KS,2021-01-29,28.7,-91.3,ANOMALY,10,12.55
KR,267250.KS,2021-07-30,47.4,-21.8,ageout_validated,90,-7.74
KR,267250.KS,2023-05-31,39.2,-7.7,ANOMALY,19,11.03
KR,267250.KS,2025-12-30,42.5,-66.2,ANOMALY,13,20.95
KR,267250.KS,2026-03-31,40.7,-41.5,ANOMALY,22,10.67
KR,267260.KS,2021-06-30,43.2,-75.2,ANOMALY,26,11.89
KR,267260.KS,2026-03-31,39.0,-50.0,ANOMALY,8,17.79
KR,267260.KS,2026-05-29,40.5,-12.6,validated_decline,10,-15.57
KR,267270.KS,2021-06-30,46.4,-26.2,validated_decline,79,-15.82
KR,267270.KS,2025-11-28,48.6,-49.7,ANOMALY,13,12.58
KR,267270.KS,2026-03-31,45.6,-1.2,ANOMALY,1,16.55
KR,267270.KS,2026-05-29,37.9,-57.8,validated_decline,25,-19.54
KR,271560.KS,2021-04-30,28.0,-93.5,ageout_validated,90,1.71
KR,271560.KS,2021-07-30,45.4,-10.2,ANOMALY,47,10.21
KR,271560.KS,2023-05-31,39.6,-79.4,ageout_validated,90,-5.34
KR,271560.KS,2025-05-30,32.7,-70.1,ANOMALY,40,10.14
KR,271560.KS,2025-07-31,41.8,-13.6,ageout_validated,90,-9.43
KR,271560.KS,2025-10-31,34.6,-55.9,ANOMALY,77,10.07
KR,271560.KS,2026-05-29,38.3,-17.5,ageout_validated,90,-1.23
KR,272210.KS,2021-06-30,42.6,-28.7,ANOMALY,49,14.08
KR,272210.KS,2025-08-29,42.7,-90.0,ANOMALY,18,17.09
KR,272210.KS,2025-11-28,31.7,-171.8,ANOMALY,14,14.94
KR,272210.KS,2026-04-30,38.8,-63.2,validated_decline,33,-16.97
KR,277810.KQ,2021-05-31,36.9,-134.7,ANOMALY,29,11.57
KR,277810.KQ,2021-07-30,47.7,-13.7,validated_decline,68,-17.41
KR,277810.KQ,2025-05-30,42.5,-42.1,ANOMALY,24,15.5
KR,277810.KQ,2026-03-31,32.1,-239.4,ANOMALY,8,16.31
KR,278280.KQ,2021-02-26,27.0,-93.9,ANOMALY,46,11.86
KR,278280.KQ,2021-05-31,46.4,-50.8,ANOMALY,11,12.07
KR,278280.KQ,2023-05-31,40.3,-173.2,validated_decline,77,-27.08
KR,278280.KQ,2025-09-30,41.5,-39.1,ANOMALY,16,18.67
KR,278280.KQ,2025-11-28,46.4,-62.2,ANOMALY,10,12.59
KR,278280.KQ,2025-12-30,35.4,-171.7,ANOMALY,27,14.34
KR,278280.KQ,2026-03-31,48.4,-49.9,ANOMALY,8,11.16
KR,278280.KQ,2026-05-29,38.8,-204.3,validated_decline,7,-16.85
KR,278470.KS,2025-12-30,42.0,-31.7,ANOMALY,22,11.04
KR,278470.KS,2026-05-29,48.3,-6.8,ageout_validated,90,-7.21
KR,293490.KQ,2020-12-30,50.2,-58.0,ANOMALY,33,10.43
KR,293490.KQ,2021-05-31,49.4,-53.4,ANOMALY,14,10.52
KR,293490.KQ,2023-05-31,42.4,-44.8,validated_decline,30,-15.44
KR,293490.KQ,2025-07-31,45.1,-43.7,ageout_validated,90,-4.89
KR,293490.KQ,2025-12-30,33.4,-59.5,ANOMALY,29,15.44
KR,293490.KQ,2026-02-27,39.1,-21.3,validated_decline,5,-17.22
KR,293490.KQ,2026-03-31,32.6,-125.8,validated_decline,50,-17.36
KR,293490.KQ,2026-05-29,29.6,-220.3,validated_decline,27,-19.47
KR,295310.KQ,2025-09-30,37.2,-141.0,ANOMALY,15,12.07
KR,295310.KQ,2025-10-31,37.5,-111.5,ANOMALY,38,12.07
KR,298040.KS,2021-04-30,37.1,-34.3,ANOMALY,42,10.98
KR,298040.KS,2023-12-28,38.1,-148.6,ANOMALY,15,11.8
KR,298040.KS,2025-12-30,42.1,-94.2,ANOMALY,13,13.03
KR,298380.KQ,2021-01-29,34.8,-115.3,validated_decline,25,-16.32
KR,298380.KQ,2021-02-26,30.0,-264.6,ANOMALY,19,10.34
KR,298380.KQ,2021-05-31,45.3,-104.3,ANOMALY,31,13.6
KR,298380.KQ,2021-07-30,39.1,-67.6,ANOMALY,34,12.44
KR,298380.KQ,2025-06-30,44.1,-23.0,ANOMALY,18,10.57
KR,298380.KQ,2026-02-27,50.1,-61.9,validated_decline,5,-21.19
KR,298380.KQ,2026-03-31,40.0,-91.2,validated_decline,28,-15.97
KR,298380.KQ,2026-04-30,36.4,-167.2,validated_decline,18,-16.77
KR,298380.KQ,2026-05-29,35.8,-294.6,validated_decline,10,-20.82
KR,302440.KS,2025-07-31,41.2,-15.8,ANOMALY,43,14.54
KR,302440.KS,2025-12-30,33.4,-70.0,validated_decline,83,-15.35
KR,302440.KS,2026-03-31,40.1,-122.8,ANOMALY,17,11.75
KR,302440.KS,2026-05-29,45.6,-54.2,validated_decline,52,-16.99
KR,307950.KS,2021-03-31,42.6,-54.6,ANOMALY,79,13.56
KR,307950.KS,2021-07-30,52.9,-13.0,validated_decline,45,-16.02
KR,307950.KS,2025-07-31,41.2,-30.7,ANOMALY,29,13.95
KR,307950.KS,2025-09-30,34.3,-23.5,ANOMALY,31,33.27
KR,307950.KS,2026-03-31,36.9,-122.5,ANOMALY,8,15.9
KR,310210.KQ,2023-05-31,49.0,-2.4,ANOMALY,50,19.54
KR,310210.KQ,2025-12-30,50.1,-23.4,validated_decline,22,-17.38
KR,310210.KQ,2026-04-30,44.9,-5.1,validated_decline,33,-17.96
KR,316140.KS,2021-01-29,28.5,-49.2,ANOMALY,27,11.59
KR,316140.KS,2021-07-30,41.6,-30.6,ANOMALY,77,10.14
KR,316140.KS,2025-10-31,46.4,-1.9,ANOMALY,32,15.04
KR,316140.KS,2026-03-31,44.9,-30.9,ANOMALY,15,10.3
KR,316140.KS,2026-05-29,34.4,-100.8,ANOMALY,18,11.28
KR,323410.KS,2025-07-31,43.7,-19.8,validated_decline,34,-15.12
KR,323410.KS,2025-09-30,39.4,-67.5,ageout_validated,90,-8.21
KR,323410.KS,2026-03-31,46.2,-31.4,validated_decline,84,-15.45
KR,326030.KS,2020-12-30,45.2,-3.0,validated_decline,56,-27.81
KR,326030.KS,2021-02-26,19.9,-158.1,ageout_validated,90,-3.39
KR,326030.KS,2021-07-30,39.5,-21.4,validated_decline,63,-15.13
KR,326030.KS,2025-05-30,45.6,-110.3,ANOMALY,48,10.86
KR,326030.KS,2025-12-30,38.7,-9.1,validated_decline,64,-21.75
KR,326030.KS,2026-03-31,41.3,-143.6,ANOMALY,15,11.5
KR,326030.KS,2026-05-29,36.7,-70.0,validated_decline,46,-16.83
KR,328130.KQ,2023-12-28,45.9,-47.7,validated_decline,21,-16.85
KR,328130.KQ,2025-05-30,42.2,-85.9,ANOMALY,24,10.81
KR,328130.KQ,2025-07-31,45.3,-60.7,validated_decline,18,-18.09
KR,328130.KQ,2025-08-29,30.1,-203.9,ANOMALY,7,13.25
KR,328130.KQ,2026-03-31,38.9,-84.1,ANOMALY,10,13.63
KR,328130.KQ,2026-05-29,41.9,-78.4,validated_decline,20,-18.79
KR,329180.KS,2025-12-30,42.7,-69.7,ANOMALY,9,14.34
KR,329180.KS,2026-03-31,30.9,-144.4,ANOMALY,17,10.54
KR,336260.KS,2021-02-26,34.5,-40.6,validated_decline,66,-19.7
KR,336260.KS,2021-05-31,53.3,-117.5,ANOMALY,7,11.38
KR,336260.KS,2025-11-28,44.2,-116.2,ANOMALY,47,16.04
KR,347850.KQ,2026-03-31,38.2,-154.5,ANOMALY,1,11.06
KR,348340.KQ,2025-05-30,37.2,-83.0,ANOMALY,25,11.26
KR,348340.KQ,2025-07-31,42.7,-36.1,ANOMALY,33,10.28
KR,348340.KQ,2026-03-31,38.4,-224.8,ANOMALY,16,11.85
KR,348340.KQ,2026-05-29,38.1,-109.0,validated_decline,12,-17.79
KR,348370.KQ,2025-05-30,48.5,-179.7,validated_decline,18,-16.59
KR,348370.KQ,2025-06-30,40.5,-139.2,ANOMALY,22,10.73
KR,348370.KQ,2025-11-28,52.7,-260.7,validated_decline,20,-18.95
KR,348370.KQ,2025-12-30,41.5,-108.0,ANOMALY,27,15.9
KR,348370.KQ,2026-03-31,36.6,-560.3,ANOMALY,21,20.27
KR,348370.KQ,2026-05-29,40.2,-203.1,validated_decline,25,-20.8
KR,352820.KS,2020-12-30,29.3,-104.0,ANOMALY,21,10.0
KR,352820.KS,2025-07-31,40.7,-128.8,ANOMALY,8,12.14
KR,352820.KS,2025-09-30,34.5,-35.5,ANOMALY,27,16.35
KR,352820.KS,2025-11-28,52.0,-15.2,ANOMALY,32,10.18
KR,352820.KS,2026-03-31,34.4,-195.5,validated_decline,10,-15.05
KR,352820.KS,2026-04-30,44.9,-204.0,validated_decline,28,-15.02
KR,352820.KS,2026-05-29,33.9,-141.3,validated_decline,28,-19.18
KR,353200.KS,2021-03-31,45.5,-63.2,ANOMALY,19,15.71
KR,357780.KQ,2021-03-31,43.4,-16.3,ANOMALY,19,13.67
KR,357780.KQ,2025-05-30,37.6,-113.6,ANOMALY,21,15.23
KR,357780.KQ,2025-11-28,51.0,-115.7,ANOMALY,3,12.79
KR,357780.KQ,2026-03-31,40.3,-45.3,ANOMALY,8,13.19
KR,357780.KQ,2026-05-29,40.1,-66.6,validated_decline,10,-15.29
KR,358570.KQ,2025-07-31,42.5,-57.1,validated_decline,32,-17.11
KR,358570.KQ,2025-10-31,35.7,-202.8,ANOMALY,12,12.78
KR,358570.KQ,2025-12-30,47.8,-3.3,validated_decline,14,-15.53
KR,358570.KQ,2026-01-30,49.8,-111.3,validated_decline,7,-16.82
KR,358570.KQ,2026-03-31,40.6,-74.2,ANOMALY,10,10.06
KR,358570.KQ,2026-05-29,52.7,-43.7,validated_decline,10,-25.28
KR,361610.KS,2025-05-30,46.5,-77.9,ANOMALY,19,13.11
KR,361610.KS,2025-09-30,37.6,-29.1,ANOMALY,14,10.57
KR,361610.KS,2025-11-28,45.0,-87.0,validated_decline,35,-15.26
KR,361610.KS,2026-03-31,42.6,-155.2,ANOMALY,16,11.29
KR,361610.KS,2026-05-29,36.1,-220.3,validated_decline,27,-21.08
KR,373220.KS,2025-05-30,40.6,-171.0,ANOMALY,34,11.36
KR,373220.KS,2025-11-28,39.4,-19.3,ANOMALY,10,10.66
KR,373220.KS,2025-12-30,32.0,-144.7,ANOMALY,23,13.16
KR,373220.KS,2026-03-31,52.3,-1.6,ANOMALY,21,21.17
KR,375500.KS,2021-02-26,39.6,-135.7,ANOMALY,19,10.81
KR,375500.KS,2023-12-28,45.4,-3.7,ANOMALY,13,13.04
KR,375500.KS,2025-07-31,42.8,-62.6,ageout_validated,90,-6.04
KR,375500.KS,2025-11-28,47.9,-48.9,ANOMALY,14,12.05
KR,375500.KS,2026-05-29,40.3,-117.7,ANOMALY,18,16.86
KR,377300.KS,2025-07-31,47.4,-51.7,validated_decline,34,-18.88
KR,377300.KS,2025-09-30,42.4,-106.4,validated_decline,77,-16.17
KR,377300.KS,2026-03-31,35.3,-162.7,ANOMALY,15,11.36
KR,377300.KS,2026-05-29,41.6,-162.4,validated_decline,25,-16.54
KR,383220.KS,2023-05-31,36.2,-53.8,validated_decline,49,-18.62
KR,383220.KS,2025-07-31,28.3,-94.4,ageout_validated,90,-9.3
KR,383220.KS,2025-10-31,34.6,-41.8,ANOMALY,11,18.43
KR,383220.KS,2026-03-31,43.0,-92.4,ANOMALY,21,10.44
KR,399720.KQ,2025-05-30,43.6,-50.9,ANOMALY,6,11.68
KR,399720.KQ,2025-08-29,56.9,-29.0,ANOMALY,20,10.31
KR,399720.KQ,2025-11-28,54.3,-150.3,ANOMALY,41,28.34
KR,399720.KQ,2026-03-31,39.7,-39.4,ANOMALY,1,10.23
KR,399720.KQ,2026-05-29,43.8,-129.1,validated_decline,10,-23.76
KR,402340.KS,2025-07-31,45.0,-27.6,ANOMALY,41,14.6
KR,402340.KS,2026-03-31,38.6,-23.5,ANOMALY,8,23.9
KR,403870.KQ,2025-11-28,45.3,-165.7,ANOMALY,31,11.55
KR,417200.KQ,2025-05-30,42.4,-58.4,ANOMALY,14,12.04
KR,417200.KQ,2025-07-31,45.3,-7.3,ANOMALY,90,13.41
KR,417200.KQ,2026-05-29,42.1,-59.3,validated_decline,7,-16.39
KR,437730.KQ,2025-07-31,29.7,-116.8,ANOMALY,25,11.34
KR,437730.KQ,2026-02-27,54.0,-110.1,validated_decline,5,-28.67
KR,437730.KQ,2026-03-31,38.6,-141.7,ANOMALY,2,11.33
KR,440110.KQ,2025-05-30,42.3,-33.7,ANOMALY,20,12.69
KR,440110.KQ,2025-12-30,36.5,-157.9,ANOMALY,35,29.88
KR,443060.KS,2025-11-28,35.0,-167.7,ageout_validated,90,-0.3
KR,450080.KS,2025-05-30,40.0,-229.9,ANOMALY,34,19.29
KR,450080.KS,2025-09-30,36.5,-49.9,ANOMALY,16,34.04
KR,450080.KS,2025-11-28,47.9,-52.8,ANOMALY,11,12.59
KR,450080.KS,2025-12-30,34.5,-88.3,ANOMALY,21,18.04
KR,450080.KS,2026-05-29,39.1,-172.2,validated_decline,10,-19.86
KR,454910.KS,2025-05-30,42.0,-52.2,ANOMALY,13,10.59
KR,454910.KS,2026-03-31,36.4,-185.5,ANOMALY,8,11.57
KR,457190.KS,2025-05-30,46.5,-67.9,ANOMALY,27,11.23
KR,457190.KS,2025-11-28,49.4,-47.3,ANOMALY,10,14.42
KR,457190.KS,2026-03-31,45.9,-74.6,ANOMALY,8,11.2
KR,457190.KS,2026-05-29,42.3,-111.8,validated_decline,10,-19.31
KR,466100.KQ,2025-05-30,37.5,-47.6,ANOMALY,24,12.38
KR,466100.KQ,2026-03-31,33.7,-265.0,validated_decline,6,-15.1
KR,466100.KQ,2026-05-29,46.2,-149.3,validated_decline,11,-17.73
KR,475150.KS,2025-08-29,31.7,-129.7,ANOMALY,13,20.29
KR,475150.KS,2025-10-31,40.6,-81.0,validated_decline,18,-15.58
KR,475150.KS,2026-05-29,35.0,-270.3,validated_decline,10,-19.83
KR,475960.KQ,2025-10-31,51.2,-82.1,ANOMALY,32,14.03
KR,475960.KQ,2026-01-30,44.1,-77.4,ANOMALY,4,10.5
KR,475960.KQ,2026-05-29,40.2,-199.7,validated_decline,10,-20.75
KR,489790.KS,2025-05-30,37.4,-33.4,ANOMALY,55,14.59
KR,489790.KS,2025-08-29,42.9,-48.2,ANOMALY,12,11.63
KR,489790.KS,2025-10-31,39.6,-84.7,validated_decline,34,-18.55
KR,489790.KS,2026-05-29,38.8,-163.0,ANOMALY,6,18.48
IN,ACC,2020-12-31,47.3,-33.3,ANOMALY,7,5.36
IN,ACC,2021-01-29,37.7,-2.5,ANOMALY,3,5.09
IN,ACC,2021-09-30,37.0,-26.0,ANOMALY,32,5.31
IN,ACC,2023-10-31,36.5,-55.4,ANOMALY,34,6.95
IN,ACC,2024-03-28,47.7,-55.1,ANOMALY,5,6.3
IN,ACC,2024-07-31,44.5,-6.0,ageout_validated,90,-10.11
IN,ADANIENSOL,2023-09-29,29.0,-42.3,ANOMALY,60,6.77
IN,ADANIENSOL,2024-03-28,47.5,-50.5,ANOMALY,4,8.31
IN,ADANIENSOL,2024-06-28,43.2,-44.3,ANOMALY,27,5.29
IN,ADANIENSOL,2024-08-30,37.8,-33.9,ANOMALY,68,6.84
IN,ADANIENT,2021-07-30,49.9,-49.5,ANOMALY,7,8.2
IN,ADANIENT,2021-09-30,46.8,-5.5,ANOMALY,8,5.44
IN,ADANIENT,2023-09-29,40.7,-18.2,ANOMALY,67,22.6
IN,ADANIENT,2024-03-28,54.6,-27.0,ANOMALY,56,5.95
IN,ADANIENT,2024-08-30,41.6,-21.0,ANOMALY,32,5.52
IN,ADANIENT,2025-11-28,33.9,-68.8,validated_decline,56,-18.24
IN,ADANIGREEN,2021-01-29,47.6,-26.7,ANOMALY,6,7.27
IN,ADANIGREEN,2021-04-30,35.7,-119.5,ANOMALY,6,7.92
IN,ADANIGREEN,2021-09-30,44.7,-43.5,ANOMALY,5,6.59
IN,ADANIGREEN,2023-08-31,37.8,-39.5,ANOMALY,6,8.34
IN,ADANIGREEN,2023-10-31,43.8,-100.9,ANOMALY,28,15.48
IN,ADANIGREEN,2024-03-28,47.7,-6.4,ANOMALY,60,5.14
IN,ADANIGREEN,2025-11-28,49.4,-19.8,validated_decline,53,-15.74
IN,ADANIPORTS,2021-06-30,41.0,-97.2,ANOMALY,62,6.34
IN,ADANIPORTS,2023-10-31,42.0,-54.5,ANOMALY,28,6.75
IN,ADANIPORTS,2024-08-30,46.9,-17.4,validated_decline,83,-24.78
IN,ADANIPOWER,2024-08-30,27.4,-88.5,ANOMALY,17,5.36
IN,ADANIPOWER,2025-11-28,28.9,-156.6,ANOMALY,68,5.29
IN,AMBUJACEM,2020-12-31,50.1,-39.0,ANOMALY,7,5.69
IN,AMBUJACEM,2021-01-29,38.4,-1.8,ANOMALY,3,7.17
IN,AMBUJACEM,2021-09-30,39.3,-5.1,ANOMALY,39,7.38
IN,AMBUJACEM,2023-08-31,39.7,-5.7,ANOMALY,11,5.25
IN,AMBUJACEM,2023-09-29,41.9,-47.7,ANOMALY,66,11.71
IN,AMBUJACEM,2024-08-30,38.2,-72.2,validated_decline,83,-21.54
IN,AMBUJACEM,2025-11-28,42.4,-30.9,ageout_validated,90,-6.92
IN,ANGELONE,2023-07-31,43.2,-9.5,ANOMALY,8,10.38
IN,ANGELONE,2024-01-31,49.9,-67.3,validated_decline,29,-15.3
IN,ANGELONE,2024-04-30,46.1,-11.1,validated_decline,35,-19.33
IN,ANGELONE,2024-07-31,39.4,-150.7,ANOMALY,19,8.08
IN,APOLLOHOSP,2021-03-31,48.8,-3.5,ANOMALY,7,6.72
IN,APOLLOHOSP,2023-08-31,38.3,-48.2,ANOMALY,11,5.85
IN,APOLLOHOSP,2023-10-31,37.5,-35.0,ANOMALY,3,6.92
IN,APOLLOHOSP,2024-03-28,55.8,-17.7,ageout_validated,90,-3.46
IN,APOLLOHOSP,2025-11-28,36.6,-51.9,ANOMALY,88,5.25
IN,ASHOKLEY,2021-03-31,40.4,-118.0,ANOMALY,8,8.15
IN,ASHOKLEY,2021-08-31,46.0,-57.8,ANOMALY,27,6.23
IN,ASHOKLEY,2023-09-29,41.8,-34.2,ageout_validated,90,-0.96
IN,ASHOKLEY,2024-01-31,52.8,-20.2,ANOMALY,86,5.17
IN,ASHOKLEY,2024-09-30,38.3,-55.9,ageout_validated,90,-6.33
IN,ASIANPAINT,2021-01-29,33.5,-33.0,ANOMALY,60,7.09
IN,ASIANPAINT,2023-08-31,47.1,-36.6,ageout_validated,90,-3.31
IN,ASIANPAINT,2024-01-31,22.8,-94.9,ageout_validated,90,-2.77
IN,ATGL,2023-09-29,32.6,-33.9,ANOMALY,61,19.45
IN,ATGL,2024-03-28,41.0,-90.4,ANOMALY,5,5.36
IN,ATGL,2024-08-30,33.7,-51.3,validated_decline,53,-16.68
IN,ATGL,2025-11-28,42.7,-34.9,validated_decline,89,-15.08
IN,AUBANK,2021-04-30,39.6,-108.9,ANOMALY,45,6.54
IN,AUBANK,2023-07-31,39.4,-35.6,ageout_validated,90,-5.45
IN,AUBANK,2023-10-31,30.8,-60.8,ANOMALY,13,9.06
IN,AUBANK,2024-01-31,27.7,-131.0,ageout_validated,90,-0.47
IN,AUBANK,2024-07-31,48.1,-18.4,ANOMALY,30,6.6
IN,AUROPHARMA,2021-02-26,34.8,-74.2,ANOMALY,40,5.82
IN,AUROPHARMA,2021-07-30,38.5,-48.0,validated_decline,14,-16.94
IN,AUROPHARMA,2021-08-31,29.5,-280.1,ageout_validated,90,-9.95
IN,AUROPHARMA,2023-10-31,39.8,-20.4,ANOMALY,7,6.24
IN,AUROPHARMA,2024-02-29,43.6,-49.4,ANOMALY,4,6.11
IN,AUROPHARMA,2024-09-30,38.8,-3.2,validated_decline,49,-15.42
IN,AXISBANK,2021-03-31,41.9,-42.9,ANOMALY,54,6.27
IN,AXISBANK,2021-07-30,32.8,-24.2,ANOMALY,5,6.33
IN,AXISBANK,2023-07-31,45.9,-2.1,ANOMALY,44,6.35
IN,AXISBANK,2023-10-31,46.0,-23.4,ANOMALY,15,6.06
IN,AXISBANK,2024-01-31,44.3,-31.1,ANOMALY,35,5.36
IN,AXISBANK,2024-03-28,43.3,-36.6,ANOMALY,28,7.62
IN,AXISBANK,2024-07-31,29.9,-37.8,ANOMALY,47,5.57
IN,BAJAJ-AUTO,2021-03-31,44.9,-90.8,ANOMALY,28,5.97
IN,BAJAJ-AUTO,2021-07-30,34.4,-84.7,ageout_validated,90,-3.37
IN,BAJAJ-AUTO,2023-08-31,42.8,-35.2,ANOMALY,14,5.0
IN,BAJAJFINSV,2023-08-31,43.2,-51.7,ANOMALY,25,5.94
IN,BAJAJFINSV,2024-01-31,47.4,-41.3,ANOMALY,69,5.11
IN,BAJAJFINSV,2024-05-31,34.7,-36.6,ANOMALY,46,5.3
IN,BAJFINANCE,2021-01-29,40.6,-31.0,ANOMALY,3,6.84
IN,BAJFINANCE,2021-03-31,40.5,-34.0,ANOMALY,29,6.51
IN,BAJFINANCE,2023-08-31,48.7,-19.3,ANOMALY,18,5.38
IN,BAJFINANCE,2023-10-31,39.4,-5.6,ageout_validated,90,-4.02
IN,BAJFINANCE,2024-01-31,32.8,-53.6,ANOMALY,57,5.57
IN,BAJFINANCE,2024-05-31,43.6,-29.5,ANOMALY,7,7.37
IN,BAJFINANCE,2024-07-31,43.2,-44.2,ANOMALY,30,5.78
IN,BANDHANBNK,2021-01-29,28.1,-223.1,ANOMALY,5,10.79
IN,BANDHANBNK,2021-04-30,49.3,-65.8,ANOMALY,59,5.14
IN,BANDHANBNK,2021-07-30,29.3,-83.6,ANOMALY,6,5.82
IN,BANDHANBNK,2023-06-30,45.7,-45.6,ageout_validated,90,3.02
IN,BANDHANBNK,2023-10-31,28.9,-121.1,ANOMALY,30,5.58
IN,BANDHANBNK,2024-01-31,47.3,-57.6,validated_decline,40,-16.24
IN,BANDHANBNK,2024-03-28,32.2,-138.9,ANOMALY,5,7.28
IN,BANDHANBNK,2024-08-30,51.0,-12.2,ANOMALY,19,6.41
IN,BANDHANBNK,2025-11-28,39.4,-82.4,ANOMALY,70,5.77
IN,BANKBARODA,2021-03-31,45.1,-126.0,validated_decline,23,-15.05
IN,BANKBARODA,2021-04-30,43.2,-153.7,ANOMALY,4,5.47
IN,BANKBARODA,2021-07-30,45.5,-44.4,ANOMALY,48,6.97
IN,BANKBARODA,2023-08-31,40.3,-35.3,ANOMALY,8,5.69
IN,BANKBARODA,2023-10-31,42.5,-52.5,ANOMALY,34,6.55
IN,BANKBARODA,2024-05-31,50.1,-0.5,ANOMALY,3,12.1
IN,BANKBARODA,2024-07-31,44.0,-76.4,ageout_validated,90,0.36
IN,BEL,2021-03-31,39.7,-115.6,ANOMALY,30,5.32
IN,BEL,2024-08-30,46.2,-30.6,ageout_validated,90,2.16
IN,BHARATFORG,2021-03-31,47.3,-54.6,ANOMALY,34,6.02
IN,BHARATFORG,2021-09-30,42.5,-31.7,ANOMALY,11,7.67
IN,BHARATFORG,2023-10-31,34.4,-47.8,ANOMALY,6,5.53
IN,BHARATFORG,2024-02-29,45.1,-70.1,ANOMALY,55,6.17
IN,BHARATFORG,2024-08-30,46.3,-28.5,validated_decline,75,-16.73
IN,BHARTIARTL,2021-03-31,39.5,-86.3,ANOMALY,9,5.4
IN,BHARTIARTL,2021-06-30,42.7,-14.6,ANOMALY,28,8.04
IN,BHARTIARTL,2023-08-31,41.2,-19.9,ANOMALY,13,6.86
IN,BHEL,2021-06-30,45.6,-33.5,validated_decline,41,-16.7
IN,BHEL,2021-08-31,37.4,-160.8,ANOMALY,14,10.37
IN,BHEL,2023-10-31,44.3,-49.6,ANOMALY,2,5.96
IN,BHEL,2024-08-30,42.0,-46.8,validated_decline,53,-19.88
IN,BIOCON,2021-01-29,21.9,-153.4,ANOMALY,6,10.25
IN,BIOCON,2021-04-30,34.6,-23.4,ANOMALY,39,6.01
IN,BIOCON,2021-07-30,42.7,-26.8,validated_decline,84,-16.19
IN,BIOCON,2023-10-31,18.9,-174.5,ANOMALY,20,6.99
IN,BPCL,2021-03-31,46.0,-9.3,ANOMALY,40,6.02
IN,BPCL,2021-07-30,34.7,-35.7,ANOMALY,28,5.79
IN,BPCL,2021-09-30,41.5,-92.0,ANOMALY,11,5.14
IN,BPCL,2023-08-31,31.8,-71.3,ANOMALY,8,6.28
IN,BPCL,2024-03-28,52.1,-6.3,ANOMALY,35,5.35
IN,BPCL,2024-06-28,18.4,-634.6,ANOMALY,31,11.17
IN,BRITANNIA,2021-01-29,34.0,-9.3,ANOMALY,66,5.69
IN,BRITANNIA,2021-07-30,38.0,-40.6,ANOMALY,6,5.48
IN,BRITANNIA,2023-07-31,37.3,-7.3,ageout_validated,90,-5.83
IN,BRITANNIA,2023-10-31,31.5,-11.9,ANOMALY,7,5.17
IN,BRITANNIA,2024-02-29,48.1,-37.6,ANOMALY,69,5.3
IN,BRITANNIA,2025-10-31,41.8,-10.9,ANOMALY,7,5.5
IN,CANBK,2021-03-31,49.5,-53.6,validated_decline,19,-15.05
IN,CANBK,2021-04-30,46.8,-108.2,ANOMALY,10,6.05
IN,CANBK,2023-06-30,48.2,-25.4,ANOMALY,3,5.52
IN,CANBK,2023-08-31,39.8,-14.9,ANOMALY,4,5.04
IN,CANBK,2024-05-31,11.2,-1637.5,ageout_validated,90,-6.54
IN,CANBK,2024-08-30,45.7,-12.8,validated_decline,56,-15.5
IN,CHOLAFIN,2021-05-31,49.1,-6.5,ANOMALY,7,5.61
IN,CHOLAFIN,2021-06-30,33.7,-60.0,ANOMALY,36,5.14
IN,CHOLAFIN,2023-10-31,39.0,-19.8,ANOMALY,44,8.05
IN,CHOLAFIN,2024-02-29,39.9,-104.0,ANOMALY,28,6.19
IN,CIPLA,2020-11-27,47.7,-36.1,ANOMALY,17,5.86
IN,CIPLA,2021-02-26,39.0,-34.4,ANOMALY,39,6.24
IN,CIPLA,2021-07-30,41.7,-46.0,ANOMALY,55,5.22
IN,CIPLA,2023-09-29,43.8,-29.0,ANOMALY,49,5.33
IN,CIPLA,2024-04-30,46.0,-52.6,ANOMALY,22,5.88
IN,CIPLA,2025-11-28,51.1,-15.9,ageout_validated,90,-11.31
IN,COALINDIA,2021-01-29,33.2,-34.6,ANOMALY,5,9.02
IN,COALINDIA,2021-03-31,36.1,-82.5,ANOMALY,40,12.81
IN,COALINDIA,2021-07-30,43.5,-41.0,ANOMALY,45,7.89
IN,COALINDIA,2023-06-30,52.8,-35.6,ANOMALY,66,7.27
IN,COALINDIA,2024-09-30,54.1,-18.6,validated_decline,39,-16.88
IN,COALINDIA,2025-11-28,43.8,-27.1,ANOMALY,25,6.45
IN,COFORGE,2021-01-29,37.3,-58.8,ANOMALY,10,8.85
IN,COFORGE,2023-10-31,41.6,-61.9,ANOMALY,15,7.2
IN,COFORGE,2024-03-28,27.1,-155.1,validated_decline,36,-18.54
IN,DABUR,2020-11-27,41.0,-20.2,ANOMALY,31,5.05
IN,DABUR,2021-02-26,37.2,-45.6,ANOMALY,10,5.08
IN,DABUR,2023-08-31,41.3,-27.8,ageout_validated,90,-3.34
IN,DABUR,2024-01-31,47.7,-17.5,ageout_validated,90,-5.9
IN,DABUR,2024-09-30,38.7,-2.0,validated_decline,42,-16.39
IN,DIVISLAB,2021-01-29,28.6,-66.3,ANOMALY,5,9.21
IN,DIVISLAB,2021-09-30,36.0,-12.9,ANOMALY,4,8.79
IN,DIVISLAB,2023-10-31,23.6,-81.0,ANOMALY,17,6.27
IN,DIVISLAB,2024-01-31,43.9,-50.1,ANOMALY,86,9.42
IN,DIXON,2021-03-31,15.7,-1601.2,ANOMALY,28,13.64
IN,DIXON,2021-05-31,35.3,-69.6,ANOMALY,17,6.71
IN,DIXON,2021-08-31,48.9,-93.8,ANOMALY,23,5.67
IN,DIXON,2023-07-31,46.3,-24.6,ANOMALY,3,7.8
IN,DIXON,2024-01-31,43.0,-44.1,ANOMALY,6,6.13
IN,DIXON,2025-10-31,33.5,-115.0,validated_decline,40,-20.29
IN,DLF,2021-03-31,44.6,-70.5,validated_decline,19,-17.51
IN,DLF,2021-04-30,40.1,-173.4,ANOMALY,10,7.6
IN,DLF,2021-08-31,49.1,-32.6,ANOMALY,2,5.72
IN,DLF,2024-05-31,38.6,-68.2,ANOMALY,3,6.56
IN,DLF,2025-11-28,36.8,-42.3,validated_decline,53,-15.3
IN,DMART,2021-03-31,41.9,-59.1,ANOMALY,48,6.9
IN,DMART,2023-07-31,51.7,-16.6,ageout_validated,90,-2.33
IN,DMART,2024-01-31,46.4,-61.4,ANOMALY,41,6.3
IN,DMART,2024-05-31,32.6,-23.8,ANOMALY,5,13.02
IN,DMART,2025-10-31,31.9,-81.1,ageout_validated,90,-11.71
IN,DRREDDY,2020-11-27,48.1,-36.0,ANOMALY,20,5.05
IN,DRREDDY,2021-01-29,24.2,-45.0,ANOMALY,73,8.57
IN,DRREDDY,2021-07-30,22.8,-91.2,ANOMALY,47,5.34
IN,DRREDDY,2024-03-28,46.7,-14.7,ageout_validated,90,-1.43
IN,DRREDDY,2024-09-30,53.1,-23.6,validated_decline,28,-80.57
IN,DRREDDY,2025-10-31,34.1,-23.2,ANOMALY,28,5.11
IN,EICHERMOT,2021-02-26,32.3,-94.7,ANOMALY,12,6.95
IN,EICHERMOT,2021-04-30,44.8,-78.6,ANOMALY,18,6.2
IN,EICHERMOT,2021-07-30,31.4,-57.7,ANOMALY,6,7.98
IN,EICHERMOT,2023-06-30,52.9,-2.2,ageout_validated,90,-3.91
IN,EICHERMOT,2023-10-31,36.1,-12.0,ANOMALY,6,6.54
IN,EICHERMOT,2024-01-31,52.8,-69.0,ANOMALY,68,9.54
IN,ESCORTS,2020-12-31,39.8,-74.2,ANOMALY,8,7.03
IN,ESCORTS,2021-01-29,35.7,-61.1,ANOMALY,4,10.65
IN,ESCORTS,2021-04-30,30.3,-142.0,ANOMALY,34,8.71
IN,ESCORTS,2021-07-30,52.8,-28.1,ANOMALY,11,7.23
IN,ESCORTS,2023-12-29,35.8,-67.6,ageout_validated,90,-6.9
IN,ESCORTS,2024-08-30,49.5,-41.4,ANOMALY,21,5.85
IN,FEDERALBNK,2021-03-31,37.8,-83.4,ANOMALY,30,5.67
IN,FEDERALBNK,2021-08-31,44.2,-80.7,ANOMALY,16,5.72
IN,FEDERALBNK,2023-10-31,40.9,-31.3,ANOMALY,10,6.54
IN,FEDERALBNK,2024-01-31,47.3,-56.9,ANOMALY,15,6.31
IN,GAIL,2021-03-31,46.8,-53.6,ANOMALY,34,6.09
IN,GAIL,2021-06-30,37.9,-8.7,ANOMALY,77,5.01
IN,GODREJCP,2021-02-26,33.7,-88.9,ANOMALY,32,5.84
IN,GODREJCP,2021-04-30,41.6,-0.6,ANOMALY,12,26.18
IN,GODREJCP,2021-09-30,40.8,-0.8,ageout_validated,90,-6.71
IN,GODREJCP,2023-07-31,44.9,-18.1,ageout_validated,90,-4.7
IN,GODREJCP,2024-09-30,37.3,-24.1,validated_decline,43,-15.59
IN,GODREJCP,2025-10-31,38.3,-71.6,ANOMALY,3,5.36
IN,GRASIM,2021-08-31,51.4,-45.6,ANOMALY,8,5.09
IN,GRASIM,2023-08-31,46.4,-6.5,ANOMALY,13,7.93
IN,GRASIM,2024-08-30,52.6,-3.0,ageout_validated,90,-4.76
IN,GRASIM,2025-11-28,44.1,-37.9,ANOMALY,73,6.82
IN,HAL,2021-03-31,42.6,-33.1,ANOMALY,64,5.44
IN,HAL,2023-09-29,9.9,-306.6,ANOMALY,49,10.26
IN,HAL,2024-07-31,43.7,-53.6,validated_decline,68,-15.38
IN,HAL,2025-11-28,41.8,-48.6,ageout_validated,90,-11.74
IN,HAVELLS,2021-03-31,43.7,-80.3,ageout_validated,90,-6.82
IN,HAVELLS,2021-06-30,38.5,-38.8,ANOMALY,12,6.36
IN,HAVELLS,2023-10-31,29.8,-89.6,ANOMALY,31,5.32
IN,HAVELLS,2024-01-31,35.8,-28.4,ANOMALY,13,5.27
IN,HAVELLS,2025-11-28,43.5,-39.4,ageout_validated,90,-1.96
IN,HCLTECH,2021-02-26,39.4,-43.3,ANOMALY,5,6.14
IN,HCLTECH,2021-04-30,32.0,-57.8,ANOMALY,26,5.21
IN,HCLTECH,2023-07-31,43.7,-29.9,ANOMALY,16,5.41
IN,HCLTECH,2024-03-28,35.4,-39.8,validated_decline,68,-15.55
IN,HDFC,2021-04-30,42.5,-19.4,ANOMALY,26,6.09
IN,HDFC,2021-06-30,42.9,-10.2,ANOMALY,35,8.11
IN,HDFCAMC,2021-04-30,40.7,-49.3,ANOMALY,28,6.97
IN,HDFCAMC,2021-07-30,42.0,-32.8,ANOMALY,28,6.17
IN,HDFCAMC,2025-10-31,38.5,-36.2,validated_decline,26,-50.2
IN,HDFCAMC,2025-11-28,5.8,-440.9,ANOMALY,74,5.38
IN,HDFCBANK,2021-03-31,46.5,-35.2,ageout_validated,90,0.56
IN,HDFCBANK,2021-07-30,37.5,-43.7,ANOMALY,10,5.43
IN,HDFCBANK,2023-08-31,35.6,-49.9,ANOMALY,15,5.75
IN,HDFCBANK,2023-09-29,33.2,-47.5,ANOMALY,74,7.1
IN,HDFCBANK,2024-01-31,33.6,-124.9,ANOMALY,65,5.95
IN,HDFCBANK,2024-07-31,47.8,-9.5,ANOMALY,50,5.74
IN,HDFCLIFE,2021-05-31,45.6,-26.9,ANOMALY,17,5.17
IN,HDFCLIFE,2021-07-30,39.8,-38.0,ANOMALY,27,5.24
IN,HDFCLIFE,2023-10-31,44.0,-38.1,ANOMALY,17,5.41
IN,HDFCLIFE,2023-12-29,43.6,-11.1,ageout_validated,90,-2.06
IN,HDFCLIFE,2024-04-30,34.8,-46.9,ANOMALY,69,6.38
IN,HDFCLIFE,2025-10-31,40.4,-32.5,ANOMALY,12,7.0
IN,HEROMOTOCO,2021-03-31,26.7,-138.5,ageout_validated,90,0.48
IN,HEROMOTOCO,2021-06-30,43.1,-4.7,ageout_validated,90,0.62
IN,HEROMOTOCO,2023-08-31,41.9,-39.4,ANOMALY,15,5.11
IN,HEROMOTOCO,2024-07-31,50.9,-9.0,ANOMALY,43,5.73
IN,HINDALCO,2021-01-29,36.6,-27.2,ANOMALY,4,12.84
IN,HINDALCO,2021-06-30,44.5,-38.7,ANOMALY,7,5.81
IN,HINDALCO,2024-02-29,34.2,-122.2,ANOMALY,7,6.52
IN,HINDALCO,2024-07-31,47.7,-33.3,ANOMALY,26,6.31
IN,HINDPETRO,2021-03-31,48.4,-18.3,ANOMALY,37,7.23
IN,HINDPETRO,2021-07-30,31.8,-95.3,ANOMALY,35,5.67
IN,HINDPETRO,2023-08-31,28.3,-91.9,ANOMALY,11,7.13
IN,HINDPETRO,2024-03-28,45.2,-91.8,ANOMALY,32,6.31
IN,HINDPETRO,2024-06-28,21.7,-387.8,ANOMALY,27,12.54
IN,HINDUNILVR,2021-02-26,33.0,-77.0,ANOMALY,18,5.25
IN,HINDUNILVR,2021-05-31,46.3,-18.8,ANOMALY,18,6.1
IN,HINDUNILVR,2021-07-30,34.7,-35.7,ANOMALY,18,6.45
IN,HINDUNILVR,2023-07-31,36.8,-36.3,ageout_validated,90,-3.08
IN,HINDUNILVR,2024-01-31,44.3,-42.7,ageout_validated,90,-10.12
IN,HINDUNILVR,2025-10-31,37.7,-26.5,ageout_validated,90,-4.58
IN,HYUNDAI,2025-10-31,52.3,-81.5,ageout_validated,90,-11.84
IN,IBREALEST,2021-03-31,37.7,-77.3,ANOMALY,40,5.36
IN,IBREALEST,2021-08-31,45.9,-27.8,ANOMALY,1,5.76
IN,IBREALEST,2023-06-30,44.1,-60.4,ANOMALY,17,13.27
IN,IBREALEST,2023-10-31,41.5,-70.8,ANOMALY,3,5.87
IN,IBREALEST,2024-03-28,53.1,-1.7,ANOMALY,5,9.27
IN,IBULHSGFIN,2021-01-29,35.6,-12.8,ANOMALY,4,11.92
IN,IBULHSGFIN,2021-03-31,34.5,-114.0,validated_decline,15,-16.06
IN,IBULHSGFIN,2021-04-30,44.3,-158.3,ANOMALY,18,5.97
IN,IBULHSGFIN,2021-08-31,35.8,-197.4,ANOMALY,14,6.83
IN,IBULHSGFIN,2023-10-31,40.4,-127.6,ANOMALY,7,6.73
IN,IBULHSGFIN,2024-02-29,47.1,-49.7,validated_decline,13,-15.41
IN,IBULHSGFIN,2024-03-28,43.3,-149.2,ANOMALY,4,6.83
IN,IBULHSGFIN,2024-05-31,39.6,-41.9,ANOMALY,12,8.31
IN,ICICIBANK,2021-03-31,45.5,-57.7,ANOMALY,28,6.74
IN,ICICIBANK,2023-06-30,51.6,-7.0,ANOMALY,24,6.14
IN,ICICIBANK,2023-08-31,45.3,-8.2,ageout_validated,90,-2.0
IN,ICICIGI,2021-01-29,24.2,-61.3,ANOMALY,6,11.76
IN,ICICIGI,2021-07-30,43.3,-30.3,ANOMALY,28,5.55
IN,ICICIGI,2023-08-31,41.3,-28.7,ANOMALY,50,5.67
IN,ICICIGI,2024-05-31,34.6,-46.0,ANOMALY,10,6.28
IN,ICICIPRULI,2021-02-26,36.3,-47.4,ANOMALY,5,6.21
IN,ICICIPRULI,2021-03-31,45.3,-107.1,ANOMALY,20,7.26
IN,ICICIPRULI,2023-08-31,54.8,-30.9,ANOMALY,15,5.52
IN,ICICIPRULI,2023-10-31,43.1,-78.5,ANOMALY,17,6.59
IN,ICICIPRULI,2023-12-29,50.7,-33.8,ANOMALY,73,12.24
IN,ICICIPRULI,2024-04-30,44.5,-9.0,ANOMALY,45,7.12
IN,IDEA,2021-03-31,35.1,-204.1,ANOMALY,65,5.41
IN,IDEA,2021-07-30,38.8,-116.9,validated_decline,5,-27.27
IN,IDEA,2021-08-31,39.7,-311.0,ANOMALY,2,17.21
IN,IDEA,2024-03-28,43.3,-137.7,ANOMALY,4,5.66
IN,IDEA,2024-07-31,50.8,-31.9,validated_decline,37,-17.95
IN,IDEA,2024-09-30,25.3,-381.8,validated_decline,21,-17.95
IN,IDFCFIRSTB,2021-04-30,49.1,-111.2,ANOMALY,24,8.32
IN,IDFCFIRSTB,2021-06-30,35.4,-18.3,validated_decline,41,-15.41
IN,IDFCFIRSTB,2021-08-31,35.5,-197.6,ANOMALY,7,8.03
IN,IDFCFIRSTB,2023-10-31,28.9,-93.4,ANOMALY,15,5.02
IN,IDFCFIRSTB,2024-01-31,47.9,-52.2,ageout_validated,90,-2.61
IN,IDFCFIRSTB,2024-05-31,39.3,-41.8,ANOMALY,18,6.62
IN,IDFCFIRSTB,2024-07-31,41.5,-56.3,ageout_validated,90,-11.04
IN,IGL,2021-02-26,36.2,-39.2,ANOMALY,10,7.55
IN,IGL,2021-08-31,58.6,-31.0,ANOMALY,14,7.54
IN,IGL,2021-09-30,44.4,-29.8,ageout_validated,90,-10.15
IN,IGL,2023-07-31,40.1,-17.7,ANOMALY,78,5.26
IN,IGL,2023-10-31,27.0,-160.4,ANOMALY,35,5.62
IN,IGL,2025-11-28,39.2,-62.1,validated_decline,77,-16.49
IN,INDIGO,2021-01-29,37.6,-44.6,ANOMALY,6,8.05
IN,INDIGO,2021-07-30,35.3,-38.8,ANOMALY,27,6.1
IN,INDIGO,2023-08-31,40.1,-51.2,ANOMALY,42,6.04
IN,INDUSINDBK,2021-01-29,41.6,-41.5,ANOMALY,3,14.71
IN,INDUSINDBK,2021-03-31,39.7,-65.5,ANOMALY,51,6.45
IN,INDUSINDBK,2021-07-30,40.2,-26.8,ANOMALY,10,6.3
IN,INDUSINDBK,2024-01-31,44.8,-26.0,ageout_validated,90,-1.2
IN,INDUSINDBK,2024-05-31,52.2,-26.2,ageout_validated,90,-3.04
IN,INDUSTOWER,2021-03-31,44.9,-27.5,ANOMALY,8,7.65
IN,INDUSTOWER,2021-05-31,42.5,-46.5,ANOMALY,8,6.23
IN,INDUSTOWER,2021-07-30,40.1,-81.5,ANOMALY,39,8.8
IN,INDUSTOWER,2023-10-31,40.0,-57.1,ANOMALY,2,10.3
IN,INDUSTOWER,2024-09-30,37.9,-83.6,validated_decline,39,-16.9
IN,INFY,2021-02-26,41.1,-17.1,ANOMALY,5,7.2
IN,INFY,2023-10-31,32.8,-59.0,ANOMALY,16,5.59
IN,INFY,2024-03-28,30.0,-91.8,ageout_validated,90,2.85
IN,IOC,2021-03-31,37.2,-60.6,ANOMALY,40,7.95
IN,IOC,2021-07-30,29.4,-59.4,ANOMALY,32,7.46
IN,IOC,2023-08-31,31.4,-48.5,ANOMALY,8,5.5
IN,IOC,2024-03-28,50.7,-39.4,ANOMALY,32,5.37
IN,IOC,2024-05-31,44.3,-17.1,ANOMALY,3,7.94
IN,IRCTC,2024-03-28,51.3,-19.1,ANOMALY,5,7.97
IN,IRCTC,2024-06-28,44.0,-33.4,ANOMALY,10,5.7
IN,IRCTC,2024-08-30,44.4,-56.2,ageout_validated,90,-12.7
IN,IRCTC,2025-11-28,38.6,-39.4,ageout_validated,90,-13.36
IN,IREDA,2024-03-28,44.9,-181.9,ANOMALY,5,10.19
IN,IREDA,2024-09-30,51.2,-65.4,validated_decline,22,-15.05
IN,IREDA,2025-11-28,37.7,-55.0,ageout_validated,90,-12.7
IN,IRFC,2021-03-31,29.2,-86.8,ANOMALY,68,7.86
IN,IRFC,2021-07-30,37.3,-53.1,ANOMALY,80,5.87
IN,IRFC,2024-03-28,50.4,-73.5,ANOMALY,28,5.55
IN,IRFC,2024-08-30,42.5,-52.9,validated_decline,34,-15.13
IN,IRFC,2025-11-28,35.8,-50.1,ANOMALY,28,13.67
IN,ITC,2021-04-30,38.2,-43.3,ANOMALY,28,5.08
IN,ITC,2021-06-30,38.6,-27.4,ANOMALY,36,6.19
IN,ITC,2023-08-31,38.5,-47.3,ageout_validated,90,-0.57
IN,ITC,2024-01-31,36.8,-15.2,ageout_validated,90,-1.34
IN,ITC,2024-05-31,45.0,-0.1,ANOMALY,39,6.13
IN,ITC,2025-11-28,46.0,-13.2,validated_decline,39,-15.29
IN,JINDALSTEL,2021-05-31,47.1,-33.1,ANOMALY,59,7.47
IN,JINDALSTEL,2021-08-31,41.1,-81.5,ANOMALY,7,6.08
IN,JINDALSTEL,2023-10-31,33.4,-66.3,ANOMALY,28,5.46
IN,JINDALSTEL,2024-07-31,47.9,-69.4,ANOMALY,47,5.55
IN,JINDALSTEL,2025-11-28,47.7,-2.0,ANOMALY,61,7.18
IN,JIOFIN,2023-10-31,45.8,-91.1,ANOMALY,34,5.07
IN,JIOFIN,2024-05-31,39.2,-36.7,ANOMALY,18,5.47
IN,JIOFIN,2024-07-31,34.1,-69.2,ANOMALY,34,6.61
IN,JSWSTEEL,2021-08-31,42.3,-44.2,ageout_validated,90,-9.02
IN,JSWSTEEL,2023-08-31,43.9,-20.8,ANOMALY,7,5.09
IN,JSWSTEEL,2023-10-31,34.6,-60.4,ANOMALY,21,5.36
IN,JSWSTEEL,2024-01-31,48.3,-31.5,ANOMALY,61,6.51
IN,JSWSTEEL,2025-11-28,50.7,-13.6,ANOMALY,60,5.32
IN,JUBLFOOD,2021-03-31,49.3,-13.6,ANOMALY,55,5.6
IN,JUBLFOOD,2023-07-31,49.9,-33.6,ANOMALY,4,8.08
IN,JUBLFOOD,2023-10-31,37.0,-37.6,ANOMALY,16,5.27
IN,JUBLFOOD,2024-01-31,42.2,-71.9,validated_decline,42,-17.04
IN,JUBLFOOD,2024-03-28,42.5,-72.8,ANOMALY,39,5.3
IN,KALYANKJIL,2021-04-30,10.6,-218.5,ANOMALY,25,13.27
IN,KALYANKJIL,2021-07-30,32.7,-80.9,ANOMALY,69,12.68
IN,KALYANKJIL,2024-05-31,41.3,-36.2,ANOMALY,10,5.35
IN,KAYNES,2024-04-30,49.9,-46.1,ANOMALY,17,15.61
IN,KAYNES,2025-10-31,41.9,-36.8,validated_decline,27,-16.87
IN,KAYNES,2025-11-28,21.9,-187.2,validated_decline,7,-20.7
IN,KOTAKBANK,2021-01-29,26.4,-84.0,ANOMALY,4,8.66
IN,KOTAKBANK,2021-06-30,34.7,-25.8,ANOMALY,41,6.3
IN,KOTAKBANK,2023-06-30,44.4,-48.8,ANOMALY,20,5.98
IN,KOTAKBANK,2023-08-31,34.9,-48.8,ageout_validated,90,-0.3
IN,KOTAKBANK,2024-01-31,51.5,-20.5,ageout_validated,90,-11.03
IN,KOTAKBANK,2025-11-28,56.3,-7.3,validated_decline,47,-80.18
IN,KPITTECH,2024-03-28,51.7,-103.9,ANOMALY,85,6.89
IN,KPITTECH,2024-09-30,35.3,-77.6,ANOMALY,9,6.97
IN,KPITTECH,2025-10-31,45.5,-30.1,ANOMALY,12,6.65
IN,L&TFH,2021-01-29,37.7,-11.7,ANOMALY,13,9.24
IN,L&TFH,2021-03-31,42.9,-39.6,ageout_validated,90,-2.24
IN,L&TFH,2021-07-30,41.0,-68.8,ANOMALY,76,6.85
IN,L&TFH,2023-08-31,50.2,-40.2,ANOMALY,29,6.61
IN,L&TFH,2024-03-28,48.4,-89.5,ANOMALY,5,5.43
IN,LICHSGFIN,2021-04-30,49.1,-55.2,ANOMALY,10,5.48
IN,LICHSGFIN,2021-07-30,24.0,-99.4,ANOMALY,55,7.41
IN,LICHSGFIN,2024-03-28,51.2,-66.9,ANOMALY,7,5.39
IN,LICHSGFIN,2024-05-31,44.5,-3.1,ANOMALY,3,7.63
IN,LICHSGFIN,2024-08-30,43.4,-100.6,ANOMALY,14,7.25
IN,LICHSGFIN,2025-11-28,37.0,-40.1,ageout_validated,90,-0.67
IN,LICI,2023-10-31,27.4,-67.5,ANOMALY,24,12.52
IN,LICI,2024-03-28,43.9,-117.7,ANOMALY,4,5.94
IN,LICI,2024-08-30,46.3,-26.7,validated_decline,56,-15.09
IN,LIQUIDBEES,2021-01-29,45.3,-0.0,ageout_validated,90,0.0
IN,LIQUIDBEES,2021-06-30,44.3,-0.0,ageout_validated,90,0.0
IN,LIQUIDBEES,2024-01-31,45.2,-0.0,ageout_validated,90,0.0
IN,LIQUIDBEES,2024-06-28,43.4,-0.0,ageout_validated,90,0.0
IN,LIQUIDBEES,2024-09-30,45.1,-0.0,ageout_validated,90,0.0
IN,LODHA,2023-08-31,43.1,-53.2,ANOMALY,5,9.64
IN,LODHA,2024-07-31,35.6,-80.1,ANOMALY,51,6.65
IN,LODHA,2025-11-28,37.4,-13.7,validated_decline,55,-17.65
IN,LT,2021-04-30,42.2,-65.7,ANOMALY,14,5.6
IN,LT,2024-04-30,46.7,-2.3,ANOMALY,34,8.43
IN,LTF,2024-05-31,30.3,-80.5,ANOMALY,7,10.13
IN,LTF,2024-08-30,47.6,-42.0,ANOMALY,14,5.05
IN,LTIM,2023-07-31,45.2,-27.2,ANOMALY,14,6.17
IN,LTIM,2023-10-31,39.4,-29.4,ANOMALY,15,6.74
IN,LTIM,2024-01-31,36.8,-74.2,ageout_validated,90,-13.62
IN,LUPIN,2020-11-27,41.4,-95.2,ANOMALY,10,8.48
IN,LUPIN,2021-02-26,45.6,-20.4,ANOMALY,42,6.0
IN,LUPIN,2021-06-30,41.3,-30.3,validated_decline,43,-15.07
IN,LUPIN,2021-08-31,31.8,-191.2,ageout_validated,90,-6.77
IN,LUPIN,2024-05-31,43.1,-7.8,ANOMALY,34,11.17
IN,M&M,2021-04-30,37.8,-65.0,ANOMALY,18,6.0
IN,M&M,2021-06-30,41.1,-14.6,ageout_validated,90,3.65
IN,M&M,2023-10-31,30.5,-36.1,ANOMALY,9,6.41
IN,M&M,2024-01-31,52.8,-13.6,ANOMALY,15,6.87
IN,M&M,2024-08-30,53.4,-7.3,ANOMALY,21,5.18
IN,M&MFIN,2021-01-29,33.2,-28.9,ANOMALY,4,11.18
IN,M&MFIN,2021-04-30,35.5,-203.5,ANOMALY,38,5.47
IN,M&MFIN,2021-07-30,43.4,-76.3,ANOMALY,31,5.48
IN,M&MFIN,2023-07-31,37.6,-13.2,ageout_validated,90,-6.77
IN,M&MFIN,2023-10-31,24.1,-121.4,ANOMALY,9,10.82
IN,M&MFIN,2024-03-28,52.6,-53.6,ANOMALY,5,6.19
IN,M&MFIN,2024-04-30,34.5,-68.9,ANOMALY,36,5.04
IN,MANAPPURAM,2020-12-31,45.5,-7.0,ANOMALY,6,5.11
IN,MANAPPURAM,2021-01-29,36.1,-70.5,ANOMALY,4,8.74
IN,MANAPPURAM,2021-03-31,31.9,-123.9,ANOMALY,48,7.41
IN,MANAPPURAM,2021-08-31,33.2,-171.2,ANOMALY,22,6.83
IN,MANAPPURAM,2023-10-31,45.6,-66.5,ANOMALY,15,9.49
IN,MANAPPURAM,2024-03-28,49.5,-46.0,ANOMALY,4,5.05
IN,MANAPPURAM,2024-05-31,36.1,-83.7,ANOMALY,6,5.4
IN,MANAPPURAM,2024-09-30,41.5,-30.5,validated_decline,18,-23.88
IN,MANAPPURAM,2025-10-31,35.2,-32.8,ANOMALY,26,6.79
IN,MANKIND,2024-05-31,45.4,-89.0,ANOMALY,77,7.53
IN,MANKIND,2025-10-31,35.7,-41.4,ageout_validated,90,-11.88
IN,MARICO,2021-02-26,37.3,-2.0,ANOMALY,42,5.8
IN,MARICO,2023-06-30,49.1,-4.4,ANOMALY,28,8.17
IN,MARICO,2023-10-31,39.9,-55.8,ageout_validated,90,-3.72
IN,MARICO,2024-01-31,48.3,-22.6,ageout_validated,90,-1.87
IN,MARUTI,2021-02-26,28.8,-97.8,ageout_validated,90,1.5
IN,MARUTI,2021-07-30,33.1,-25.4,ANOMALY,59,6.1
IN,MARUTI,2023-12-29,46.6,-26.3,ANOMALY,39,5.27
IN,MARUTI,2024-06-28,36.6,-40.7,ANOMALY,11,6.6
IN,MARUTI,2024-08-30,50.7,-12.2,ANOMALY,31,6.73
IN,MARUTI,2025-11-28,50.9,-4.7,ANOMALY,26,5.05
IN,MAXHEALTH,2024-05-31,36.2,-26.8,ANOMALY,5,9.37
IN,MAXHEALTH,2024-08-30,43.5,-52.5,ANOMALY,13,5.95
IN,MAZDOCK,2021-04-30,43.5,-74.6,ANOMALY,11,6.47
IN,MAZDOCK,2021-08-31,46.0,-80.0,ANOMALY,3,7.4
IN,MAZDOCK,2023-10-31,43.3,-65.4,ANOMALY,36,7.51
IN,MAZDOCK,2024-02-29,42.7,-69.5,ANOMALY,34,7.28
IN,MAZDOCK,2024-08-30,37.8,-145.7,ANOMALY,5,12.57
IN,MAZDOCK,2025-11-28,42.3,-35.6,validated_decline,88,-15.79
IN,MCDOWELL-N,2021-02-26,27.8,-98.5,ANOMALY,77,5.64
IN,MCDOWELL-N,2021-07-30,44.9,-2.0,ANOMALY,19,13.06
IN,MINDTREE,2021-02-26,39.0,-40.0,ANOMALY,4,8.44
IN,MOTHERSON,2023-10-31,39.7,-42.1,ANOMALY,41,5.44
IN,MOTHERSUMI,2021-01-29,32.5,-36.2,ANOMALY,4,7.83
IN,MOTHERSUMI,2021-07-30,46.1,-28.0,ANOMALY,75,8.26
IN,MRF,2021-03-31,39.4,-72.8,ageout_validated,90,-2.48
IN,MRF,2021-06-30,40.2,-5.8,ageout_validated,90,0.51
IN,MRF,2024-03-28,35.9,-89.2,ageout_validated,90,-5.59
IN,MRF,2025-11-28,40.8,-16.0,ageout_validated,90,-5.84
IN,MUTHOOTFIN,2020-11-27,46.6,-30.8,ANOMALY,19,5.69
IN,MUTHOOTFIN,2021-01-29,32.2,-56.8,ANOMALY,11,7.3
IN,MUTHOOTFIN,2021-03-31,41.5,-40.5,ANOMALY,48,5.17
IN,MUTHOOTFIN,2021-08-31,53.2,-31.2,ANOMALY,69,9.6
IN,MUTHOOTFIN,2023-08-31,42.9,-23.5,ANOMALY,15,5.17
IN,MUTHOOTFIN,2023-09-29,45.4,-30.4,ANOMALY,31,5.99
IN,MUTHOOTFIN,2024-01-31,44.0,-43.6,ANOMALY,55,6.32
IN,NATIONALUM,2023-06-30,43.1,-3.5,ANOMALY,14,8.84
IN,NATIONALUM,2024-08-30,53.1,-36.9,ANOMALY,26,6.9
IN,NAUKRI,2021-03-31,36.8,-126.6,ANOMALY,7,9.6
IN,NAUKRI,2021-05-31,40.4,-69.5,ANOMALY,3,5.39
IN,NAUKRI,2023-08-31,47.2,-71.5,ANOMALY,70,5.49
IN,NAUKRI,2025-11-28,45.5,-11.7,validated_decline,70,-15.02
IN,NESTLEIND,2021-01-29,32.7,-42.5,ageout_validated,90,-3.27
IN,NESTLEIND,2023-08-31,43.3,-24.7,ANOMALY,41,5.53
IN,NESTLEIND,2024-01-31,10.5,-2022.2,ageout_validated,90,0.06
IN,NESTLEIND,2024-05-31,30.7,-34.1,ANOMALY,5,6.58
IN,NESTLEIND,2024-07-31,33.1,-18.5,ANOMALY,49,5.73
IN,NMDC,2021-01-29,35.4,-25.4,ANOMALY,6,10.79
IN,NMDC,2021-08-31,39.2,-139.5,ageout_validated,90,-12.4
IN,NMDC,2023-06-30,37.4,-25.0,ANOMALY,12,6.64
IN,NMDC,2024-03-28,38.2,-140.6,ANOMALY,5,6.91
IN,NMDC,2024-06-28,41.9,-14.6,validated_decline,73,-15.6
IN,NMDC,2025-11-28,44.9,-23.9,ANOMALY,14,5.44
IN,NTPC,2021-01-29,30.8,-65.6,ANOMALY,5,8.99
IN,NTPC,2021-08-31,49.7,-31.3,ANOMALY,15,7.12
IN,NTPC,2025-11-28,42.4,-34.7,ANOMALY,40,6.86
IN,NYKAA,2023-08-31,40.3,-77.3,ANOMALY,6,6.78
IN,NYKAA,2023-10-31,39.9,-36.1,ANOMALY,6,5.74
IN,NYKAA,2024-01-31,42.6,-48.0,ANOMALY,68,9.83
IN,NYKAA,2024-05-31,41.4,-29.6,ANOMALY,18,6.57
IN,NYKAA,2024-09-30,41.7,-25.7,validated_decline,70,-15.12
IN,OLAELEC,2024-09-30,57.0,-146.9,validated_decline,21,-18.04
IN,ONGC,2021-01-29,37.9,-8.1,ANOMALY,6,10.59
IN,ONGC,2021-03-31,40.1,-21.6,ANOMALY,16,5.04
IN,ONGC,2021-07-30,44.4,-49.1,ANOMALY,35,6.76
IN,ONGC,2024-05-31,38.7,-12.0,ANOMALY,3,7.47
IN,ONGC,2024-09-30,45.3,-83.5,validated_decline,44,-15.14
IN,ONGC,2025-11-28,40.7,-10.5,ANOMALY,61,10.41
IN,PAGEIND,2021-06-30,43.1,-22.0,ANOMALY,9,6.22
IN,PAGEIND,2023-06-30,38.1,-56.5,ANOMALY,41,6.44
IN,PAGEIND,2023-09-29,42.3,-17.6,ageout_validated,90,-1.06
IN,PAGEIND,2024-01-31,48.5,-17.8,ageout_validated,90,-6.78
IN,PAGEIND,2025-11-28,33.4,-65.1,validated_decline,60,-15.14
IN,PATANJALI,2024-03-28,33.4,-161.5,ANOMALY,19,5.24
IN,PATANJALI,2024-09-30,29.8,-76.9,ANOMALY,21,5.47
IN,PATANJALI,2025-11-28,24.7,-59.3,ageout_validated,90,-9.01
IN,PAYTM,2023-07-31,46.5,-36.0,ANOMALY,7,6.28
IN,PAYTM,2023-11-30,43.2,-23.5,validated_decline,7,-24.49
IN,PAYTM,2023-12-29,29.5,-313.1,ANOMALY,17,12.39
IN,PAYTM,2024-02-29,37.2,-438.8,validated_decline,68,-17.22
IN,PEL,2021-01-29,31.7,-7.2,ANOMALY,4,14.45
IN,PEL,2021-04-30,44.6,-87.7,ANOMALY,27,7.63
IN,PEL,2023-10-31,38.8,-84.6,ageout_validated,90,-9.36
IN,PEL,2024-03-28,45.8,-71.7,ANOMALY,28,6.9
IN,PEL,2024-05-31,36.0,-77.4,ANOMALY,11,5.73
IN,PFC,2021-01-29,36.8,-14.2,ANOMALY,3,6.01
IN,PFC,2021-03-31,36.5,-93.3,ANOMALY,58,5.93
IN,PFC,2023-09-29,46.2,-75.7,ANOMALY,41,10.08
IN,PFC,2024-02-29,41.7,-37.1,ANOMALY,4,5.2
IN,PFC,2024-03-28,45.6,-95.7,ANOMALY,6,6.92
IN,PFC,2024-09-30,42.6,-76.8,ANOMALY,67,5.27
IN,PFC,2025-11-28,29.5,-89.2,ANOMALY,61,5.61
IN,PIDILITIND,2021-02-26,39.2,-10.4,ANOMALY,25,6.06
IN,PIDILITIND,2023-08-31,43.0,-33.0,ageout_validated,90,-0.45
IN,PIDILITIND,2024-01-31,36.5,-24.4,ANOMALY,7,6.43
IN,PIDILITIND,2024-08-30,53.4,-11.0,ANOMALY,14,5.98
IN,PIDILITIND,2025-10-31,16.9,-370.6,ageout_validated,90,-1.04
IN,PNB,2021-03-31,40.0,-89.1,ANOMALY,54,8.59
IN,PNB,2021-07-30,42.8,-57.2,ANOMALY,48,5.82
IN,PNB,2023-10-31,49.0,-18.0,ANOMALY,13,8.36
IN,PNB,2024-05-31,53.6,-18.4,ANOMALY,3,5.83
IN,PNB,2024-08-30,48.6,-31.5,validated_decline,53,-18.55
IN,POLICYBZR,2023-10-31,39.9,-88.6,ANOMALY,10,6.54
IN,POLYCAB,2021-07-30,45.5,-21.8,ANOMALY,31,9.88
IN,POLYCAB,2023-10-31,38.6,-37.1,ANOMALY,16,7.05
IN,POLYCAB,2024-01-31,37.8,-215.8,ANOMALY,15,5.11
IN,POLYCAB,2025-11-28,44.7,-9.8,ANOMALY,40,5.72
IN,POONAWALLA,2023-09-29,44.5,-88.5,ANOMALY,62,7.63
IN,POONAWALLA,2024-05-31,38.5,-68.8,validated_decline,54,-15.26
IN,POONAWALLA,2024-07-31,32.6,-128.9,ANOMALY,20,8.32
IN,POWERGRID,2021-01-29,35.9,-10.6,ANOMALY,4,5.29
IN,POWERGRID,2021-07-30,15.8,-138.9,ANOMALY,60,7.48
IN,POWERGRID,2023-08-31,47.4,-6.7,ANOMALY,7,5.09
IN,POWERGRID,2023-09-29,33.9,-216.9,ANOMALY,41,5.03
IN,POWERGRID,2024-03-28,52.6,-16.0,ANOMALY,28,5.92
IN,POWERGRID,2024-08-30,49.0,-16.5,ANOMALY,26,7.81
IN,POWERGRID,2025-11-28,38.0,-41.1,ANOMALY,68,7.21
IN,PREMIERENE,2025-11-28,38.9,-68.9,validated_decline,38,-19.26
IN,RBLBANK,2021-01-29,34.1,-35.2,ANOMALY,3,10.78
IN,RBLBANK,2021-03-31,30.8,-138.1,validated_decline,19,-15.39
IN,RBLBANK,2021-04-30,39.2,-195.7,ANOMALY,17,6.06
IN,RBLBANK,2021-07-30,31.4,-82.3,validated_decline,21,-15.65
IN,RBLBANK,2021-08-31,36.0,-195.7,ANOMALY,14,5.95
IN,RBLBANK,2023-10-31,38.5,-52.4,ANOMALY,7,5.53
IN,RBLBANK,2024-01-31,43.3,-43.3,ageout_validated,90,-0.1
IN,RBLBANK,2024-05-31,43.4,-18.9,ANOMALY,3,6.33
IN,RBLBANK,2024-07-31,39.7,-84.2,validated_decline,64,-15.29
IN,RECLTD,2021-03-31,37.7,-86.2,ANOMALY,41,7.82
IN,RECLTD,2024-02-29,43.4,-23.7,ANOMALY,4,5.18
IN,RECLTD,2024-09-30,43.9,-92.1,ageout_validated,90,-8.49
IN,RECLTD,2025-11-28,46.4,-41.1,ANOMALY,35,5.47
IN,RELCAPITAL,2021-02-26,48.8,-22.4,ANOMALY,3,8.91
IN,RELCAPITAL,2021-04-30,48.7,-120.8,ANOMALY,6,6.34
IN,RELCAPITAL,2021-07-30,40.9,-162.3,validated_decline,12,-16.53
IN,RELCAPITAL,2021-08-31,40.9,-269.1,ANOMALY,7,10.51
IN,RELIANCE,2020-11-27,40.4,-80.7,ANOMALY,12,5.03
IN,RELIANCE,2021-01-29,36.6,-20.0,ANOMALY,10,5.94
IN,RELIANCE,2021-03-31,42.9,-16.9,ANOMALY,61,7.85
IN,RELIANCE,2021-07-30,38.3,-38.3,ANOMALY,14,5.42
IN,RELIANCE,2023-08-31,31.8,-54.9,ageout_validated,90,-0.26
IN,RELIANCE,2024-04-30,51.3,-2.3,ANOMALY,59,6.71
IN,RELINFRA,2024-04-30,30.5,-283.7,validated_decline,36,-15.71
IN,SAIL,2021-01-29,38.0,-32.3,ANOMALY,3,10.32
IN,SAIL,2021-08-31,44.0,-95.1,ANOMALY,48,6.09
IN,SAIL,2023-08-31,56.5,-26.3,ANOMALY,1,6.89
IN,SAIL,2023-10-31,35.5,-98.7,ANOMALY,10,5.07
IN,SAIL,2024-06-28,46.5,-75.8,ANOMALY,10,5.27
IN,SAIL,2024-08-30,45.0,-79.9,ANOMALY,28,5.12
IN,SAMMAANCAP,2024-08-30,52.3,-4.7,ANOMALY,25,5.77
IN,SAMMAANCAP,2025-11-28,37.0,-87.9,ageout_validated,90,-0.06
IN,SBICARD,2021-03-31,35.6,-96.7,ANOMALY,28,7.0
IN,SBICARD,2021-06-30,40.6,-55.8,ANOMALY,30,6.84
IN,SBICARD,2021-09-30,43.4,-25.2,ANOMALY,5,6.52
IN,SBICARD,2023-06-30,34.7,-19.3,ageout_validated,90,-7.66
IN,SBICARD,2023-09-29,36.4,-64.8,ageout_validated,90,-3.9
IN,SBICARD,2024-01-31,34.8,-44.9,ANOMALY,69,5.14
IN,SBICARD,2024-05-31,33.5,-34.5,ANOMALY,13,5.05
IN,SBICARD,2025-11-28,49.5,-23.1,validated_decline,66,-16.4
IN,SBILIFE,2021-01-29,41.5,-2.5,ANOMALY,12,5.43
IN,SBILIFE,2024-01-31,47.1,-19.8,ANOMALY,16,7.66
IN,SBILIFE,2024-04-30,42.1,-37.2,ANOMALY,66,6.46
IN,SBIN,2021-03-31,45.6,-40.7,ANOMALY,47,5.16
IN,SBIN,2023-06-30,51.3,-23.0,ANOMALY,20,6.49
IN,SBIN,2023-08-31,37.4,-40.4,ANOMALY,11,5.41
IN,SBIN,2023-10-31,43.9,-48.8,ANOMALY,34,5.15
IN,SBIN,2024-08-30,45.2,-41.8,ANOMALY,69,5.39
IN,SHRIRAMFIN,2024-03-28,50.2,-18.2,ANOMALY,6,8.33
IN,SHRIRAMFIN,2024-05-31,45.5,-38.9,ANOMALY,3,6.59
IN,SONACOMS,2023-06-30,48.3,-13.2,ANOMALY,12,5.23
IN,SONACOMS,2023-10-31,43.4,-73.6,ANOMALY,15,8.63
IN,SONACOMS,2024-04-30,38.0,-24.3,ANOMALY,34,5.31
IN,SRF,2023-06-30,31.9,-72.8,ANOMALY,66,5.33
IN,SRF,2023-09-29,37.6,-29.2,ANOMALY,62,5.25
IN,SRF,2024-01-31,48.3,-64.3,ANOMALY,36,5.37
IN,SRF,2024-05-31,30.3,-118.6,ANOMALY,10,6.48
IN,SRF,2024-09-30,53.6,-27.8,ageout_validated,90,-9.34
IN,SRF,2025-11-28,54.0,-50.4,ANOMALY,21,5.57
IN,SRTRANSFIN,2021-04-30,46.9,-10.8,ANOMALY,18,7.82
IN,SRTRANSFIN,2021-06-30,37.3,-37.1,ANOMALY,6,5.29
IN,SRTRANSFIN,2021-08-31,57.0,-56.8,ANOMALY,49,5.53
IN,SUNPHARMA,2023-10-31,35.5,-20.6,ANOMALY,6,5.64
IN,SUNPHARMA,2024-04-30,40.5,-47.4,ANOMALY,70,5.55
IN,SWIGGY,2025-11-28,37.2,-80.4,ANOMALY,5,6.6
IN,TATACONSUM,2021-01-29,37.1,-10.6,ANOMALY,6,5.05
IN,TATACONSUM,2023-08-31,44.9,-12.4,ANOMALY,6,5.34
IN,TATACONSUM,2024-03-28,36.3,-41.0,ANOMALY,25,6.82
IN,TATACONSUM,2024-05-31,38.2,-37.4,ANOMALY,5,7.75
IN,TATAELXSI,2023-07-31,32.9,-46.0,ANOMALY,79,6.28
IN,TATAELXSI,2024-01-31,21.4,-108.8,ANOMALY,63,5.16
IN,TATAELXSI,2024-04-30,27.9,-78.2,ANOMALY,23,5.17
IN,TATAELXSI,2024-05-31,34.1,-24.0,ANOMALY,87,10.64
IN,TATAELXSI,2025-11-28,38.8,-38.8,ANOMALY,24,5.82
IN,TATAMOTORS,2021-03-31,46.9,-58.0,ANOMALY,9,5.43
IN,TATAMOTORS,2021-07-30,35.0,-129.3,ANOMALY,47,6.12
IN,TATAMOTORS,2023-08-31,41.9,-19.4,ANOMALY,11,5.63
IN,TATAMOTORS,2024-05-31,36.1,-61.5,ANOMALY,7,5.15
IN,TATAMOTORS,2024-09-30,39.6,-90.1,validated_decline,35,-15.45
IN,TATAPOWER,2021-04-30,50.7,-51.3,ANOMALY,10,11.23
IN,TATAPOWER,2023-10-31,36.8,-72.6,ANOMALY,8,6.52
IN,TATAPOWER,2024-08-30,55.3,-14.3,ANOMALY,25,7.85
IN,TATAPOWER,2025-11-28,48.5,-20.6,ageout_validated,90,-2.49
IN,TATASTEEL,2021-09-30,39.9,-94.1,ANOMALY,13,5.07
IN,TATASTEEL,2023-10-31,33.9,-53.1,ANOMALY,16,5.01
IN,TATASTEEL,2024-07-31,46.8,-74.7,ageout_validated,90,-9.24
IN,TATASTEEL,2025-11-28,39.6,-43.4,ANOMALY,33,7.22
IN,TATATECH,2024-01-31,11.5,-63.7,ageout_validated,90,-3.98
IN,TATATECH,2024-05-31,41.9,-8.8,ageout_validated,90,3.02
IN,TATATECH,2025-11-28,47.5,-22.8,validated_decline,88,-15.74
IN,TCS,2021-02-26,33.1,-55.7,ANOMALY,12,6.1
IN,TCS,2021-07-30,38.7,-22.4,ANOMALY,11,5.26
IN,TCS,2023-08-31,43.2,-4.5,ANOMALY,12,6.67
IN,TCS,2023-10-31,36.2,-44.2,ANOMALY,36,6.99
IN,TCS,2024-03-28,38.1,-30.4,ageout_validated,90,-0.53
IN,TCS,2024-09-30,37.0,-30.2,ageout_validated,90,-2.43
IN,TECHM,2021-02-26,37.6,-34.7,ANOMALY,5,6.22
IN,TECHM,2021-04-30,42.7,-25.8,ANOMALY,27,6.18
IN,TECHM,2023-10-31,32.6,-94.0,ANOMALY,16,6.53
IN,TECHM,2024-02-29,42.1,-12.5,ageout_validated,90,0.99
IN,TITAGARH,2023-10-31,48.7,-13.5,ANOMALY,13,7.39
IN,TITAGARH,2024-02-29,37.8,-85.1,ANOMALY,53,5.84
IN,TITAGARH,2024-08-30,44.2,-101.9,validated_decline,32,-16.52
IN,TITAGARH,2025-11-28,37.2,-52.9,ANOMALY,28,8.59
IN,TITAN,2021-01-29,37.1,-11.4,ANOMALY,3,5.72
IN,TITAN,2021-02-26,38.5,-55.4,ANOMALY,14,5.37
IN,TITAN,2024-02-29,47.8,-13.2,ANOMALY,6,5.14
IN,TITAN,2024-04-30,44.9,-28.1,ageout_validated,90,-4.95
IN,TVSMOTOR,2021-07-30,39.9,-70.2,ANOMALY,88,8.04
IN,TVSMOTOR,2024-04-30,52.6,-56.1,ANOMALY,17,6.04
IN,ULTRACEMCO,2021-04-30,43.6,-55.7,ANOMALY,18,5.96
IN,ULTRACEMCO,2021-09-30,37.5,-14.1,ANOMALY,32,5.12
IN,ULTRACEMCO,2024-02-29,48.4,-8.8,ageout_validated,90,1.32
IN,ULTRACEMCO,2024-08-30,48.3,-23.0,ANOMALY,24,5.84
IN,ULTRACEMCO,2025-11-28,39.4,-38.7,ANOMALY,39,5.21
IN,UNIONBANK,2021-01-29,48.9,-3.3,ANOMALY,4,6.44
IN,UNIONBANK,2021-03-31,39.7,-65.9,ANOMALY,7,8.08
IN,UNIONBANK,2021-07-30,49.5,-29.7,ANOMALY,74,7.6
IN,UNIONBANK,2024-06-28,38.1,-56.2,ageout_validated,90,-7.12
IN,UPL,2020-11-27,38.6,-101.2,ANOMALY,5,5.81
IN,UPL,2021-08-31,39.4,-98.2,ANOMALY,76,5.77
IN,UPL,2023-07-31,31.0,-75.1,ageout_validated,90,-10.57
IN,UPL,2023-10-31,23.6,-86.7,ANOMALY,29,5.47
IN,UPL,2024-01-31,37.1,-77.0,validated_decline,42,-15.96
IN,UPL,2024-03-28,39.6,-70.1,ANOMALY,7,8.1
IN,VEDL,2021-09-30,44.1,-27.3,ANOMALY,5,5.34
IN,VEDL,2023-08-31,31.7,-134.4,ANOMALY,71,5.57
IN,VEDL,2024-02-29,49.9,-3.2,ANOMALY,5,6.58
IN,VEDL,2024-07-31,51.4,-24.1,ANOMALY,56,6.46
IN,VOLTAS,2021-04-30,45.3,-53.9,ANOMALY,11,5.55
IN,VOLTAS,2021-08-31,48.7,-50.9,ANOMALY,1,5.02
IN,VOLTAS,2023-06-30,35.1,-60.2,ANOMALY,33,5.45
IN,VOLTAS,2023-10-31,45.7,-44.4,ANOMALY,49,7.12
IN,VOLTAS,2025-11-28,49.9,-4.3,ANOMALY,38,7.3
IN,WAAREEENER,2025-11-28,38.6,-63.7,validated_decline,39,-16.96
IN,WIPRO,2021-02-26,39.8,-8.2,ANOMALY,5,6.14
IN,WIPRO,2023-06-30,51.2,-23.2,ANOMALY,17,6.71
IN,WIPRO,2023-10-31,30.1,-88.6,ANOMALY,23,5.42
IN,WIPRO,2024-03-28,38.2,-48.9,ageout_validated,90,3.15
IN,YESBANK,2021-01-29,35.8,-73.8,ANOMALY,7,7.3
IN,YESBANK,2021-05-31,44.2,-71.3,ANOMALY,7,11.48
IN,YESBANK,2021-07-30,36.3,-54.2,validated_decline,24,-15.29
IN,YESBANK,2021-08-31,22.4,-175.3,ANOMALY,14,15.28
IN,YESBANK,2023-08-31,44.5,-12.4,ANOMALY,4,10.71
IN,YESBANK,2023-10-31,29.5,-81.8,ANOMALY,7,5.33
IN,YESBANK,2024-03-28,44.9,-101.7,ANOMALY,4,5.39
IN,YESBANK,2024-05-31,45.3,-66.3,ANOMALY,35,15.83
IN,YESBANK,2024-08-30,40.6,-37.5,validated_decline,53,-15.12
IN,ZEEL,2021-02-26,39.7,-90.9,ANOMALY,3,7.89
IN,ZEEL,2021-04-30,40.2,-106.2,ANOMALY,24,6.71
IN,ZEEL,2021-07-30,39.3,-68.8,validated_decline,21,-15.93
IN,ZEEL,2021-08-31,30.0,-184.9,ANOMALY,9,6.61
IN,ZEEL,2023-06-30,38.5,-76.3,ANOMALY,6,6.77
IN,ZEEL,2024-01-31,29.2,-441.0,ANOMALY,8,11.67
IN,ZEEL,2024-02-29,37.2,-230.2,validated_decline,67,-15.25
IN,ZEEL,2024-08-30,50.0,-14.6,validated_decline,56,-15.07
IN,ZEEL,2025-10-31,28.0,-111.1,validated_decline,81,-16.64
IN,ZOMATO,2024-05-31,40.5,-32.2,ANOMALY,18,5.28
IN,ZYDUSLIFE,2023-09-29,46.5,-46.1,ANOMALY,69,6.98
IN,ZYDUSLIFE,2024-04-30,48.9,-19.4,ANOMALY,6,7.05
IN,ZYDUSLIFE,2024-08-30,40.6,-42.0,validated_decline,74,-15.79
IN,ZYDUSLIFE,2025-10-31,39.9,-15.0,ageout_validated,90,-8.59
